event_id,market,bad_event_name,assumed_prior_bad_probability,assumed_good_bad_price_gap_pct,assumed_event_attributable_fraction,implied_posterior_bad_probability,feasible_0_to_1,note
war_resumption,UK_consol_3pct,British_defeat_stylized,0.1,20,0.25,0.216300,yes,binary-state stress only; unmatched war finance/inflation/credit risk; posterior not data-identified
war_resumption,UK_consol_3pct,British_defeat_stylized,0.2,20,0.25,0.316300,yes,binary-state stress only; unmatched war finance/inflation/credit risk; posterior not data-identified
war_resumption,UK_consol_3pct,British_defeat_stylized,0.3,20,0.25,0.416300,yes,binary-state stress only; unmatched war finance/inflation/credit risk; posterior not data-identified
war_resumption,UK_consol_3pct,British_defeat_stylized,0.1,20,0.5,0.332700,yes,binary-state stress only; unmatched war finance/inflation/credit risk; posterior not data-identified
war_resumption,UK_consol_3pct,British_defeat_stylized,0.2,20,0.5,0.432700,yes,binary-state stress only; unmatched war finance/inflation/credit risk; posterior not data-identified
war_resumption,UK_consol_3pct,British_defeat_stylized,0.3,20,0.5,0.532700,yes,binary-state stress only; unmatched war finance/inflation/credit risk; posterior not data-identified
war_resumption,UK_consol_3pct,British_defeat_stylized,0.1,20,1.0,0.565300,yes,binary-state stress only; unmatched war finance/inflation/credit risk; posterior not data-identified
war_resumption,UK_consol_3pct,British_defeat_stylized,0.2,20,1.0,0.665300,yes,binary-state stress only; unmatched war finance/inflation/credit risk; posterior not data-identified
war_resumption,UK_consol_3pct,British_defeat_stylized,0.3,20,1.0,0.765300,yes,binary-state stress only; unmatched war finance/inflation/credit risk; posterior not data-identified
war_resumption,UK_consol_3pct,British_defeat_stylized,0.1,40,0.25,0.158200,yes,binary-state stress only; unmatched war finance/inflation/credit risk; posterior not data-identified
war_resumption,UK_consol_3pct,British_defeat_stylized,0.2,40,0.25,0.258200,yes,binary-state stress only; unmatched war finance/inflation/credit risk; posterior not data-identified
war_resumption,UK_consol_3pct,British_defeat_stylized,0.3,40,0.25,0.358200,yes,binary-state stress only; unmatched war finance/inflation/credit risk; posterior not data-identified
war_resumption,UK_consol_3pct,British_defeat_stylized,0.1,40,0.5,0.216300,yes,binary-state stress only; unmatched war finance/inflation/credit risk; posterior not data-identified
war_resumption,UK_consol_3pct,British_defeat_stylized,0.2,40,0.5,0.316300,yes,binary-state stress only; unmatched war finance/inflation/credit risk; posterior not data-identified
war_resumption,UK_consol_3pct,British_defeat_stylized,0.3,40,0.5,0.416300,yes,binary-state stress only; unmatched war finance/inflation/credit risk; posterior not data-identified
war_resumption,UK_consol_3pct,British_defeat_stylized,0.1,40,1.0,0.332700,yes,binary-state stress only; unmatched war finance/inflation/credit risk; posterior not data-identified
war_resumption,UK_consol_3pct,British_defeat_stylized,0.2,40,1.0,0.432700,yes,binary-state stress only; unmatched war finance/inflation/credit risk; posterior not data-identified
war_resumption,UK_consol_3pct,British_defeat_stylized,0.3,40,1.0,0.532700,yes,binary-state stress only; unmatched war finance/inflation/credit risk; posterior not data-identified
war_resumption,UK_consol_3pct,British_defeat_stylized,0.1,60,0.25,0.138800,yes,binary-state stress only; unmatched war finance/inflation/credit risk; posterior not data-identified
war_resumption,UK_consol_3pct,British_defeat_stylized,0.2,60,0.25,0.238800,yes,binary-state stress only; unmatched war finance/inflation/credit risk; posterior not data-identified
war_resumption,UK_consol_3pct,British_defeat_stylized,0.3,60,0.25,0.338800,yes,binary-state stress only; unmatched war finance/inflation/credit risk; posterior not data-identified
war_resumption,UK_consol_3pct,British_defeat_stylized,0.1,60,0.5,0.177600,yes,binary-state stress only; unmatched war finance/inflation/credit risk; posterior not data-identified
war_resumption,UK_consol_3pct,British_defeat_stylized,0.2,60,0.5,0.277600,yes,binary-state stress only; unmatched war finance/inflation/credit risk; posterior not data-identified
war_resumption,UK_consol_3pct,British_defeat_stylized,0.3,60,0.5,0.377600,yes,binary-state stress only; unmatched war finance/inflation/credit risk; posterior not data-identified
war_resumption,UK_consol_3pct,British_defeat_stylized,0.1,60,1.0,0.255100,yes,binary-state stress only; unmatched war finance/inflation/credit risk; posterior not data-identified
war_resumption,UK_consol_3pct,British_defeat_stylized,0.2,60,1.0,0.355100,yes,binary-state stress only; unmatched war finance/inflation/credit risk; posterior not data-identified
war_resumption,UK_consol_3pct,British_defeat_stylized,0.3,60,1.0,0.455100,yes,binary-state stress only; unmatched war finance/inflation/credit risk; posterior not data-identified
war_resumption,FR_rente_5pct,French_debt_impairment_not_Napoleon_collapse,0.1,20,0.25,0.219000,yes,binary-state stress only; unmatched war finance/inflation/credit risk; posterior not data-identified
war_resumption,FR_rente_5pct,French_debt_impairment_not_Napoleon_collapse,0.2,20,0.25,0.319000,yes,binary-state stress only; unmatched war finance/inflation/credit risk; posterior not data-identified
war_resumption,FR_rente_5pct,French_debt_impairment_not_Napoleon_collapse,0.3,20,0.25,0.419000,yes,binary-state stress only; unmatched war finance/inflation/credit risk; posterior not data-identified
war_resumption,FR_rente_5pct,French_debt_impairment_not_Napoleon_collapse,0.1,20,0.5,0.338000,yes,binary-state stress only; unmatched war finance/inflation/credit risk; posterior not data-identified
war_resumption,FR_rente_5pct,French_debt_impairment_not_Napoleon_collapse,0.2,20,0.5,0.438000,yes,binary-state stress only; unmatched war finance/inflation/credit risk; posterior not data-identified
war_resumption,FR_rente_5pct,French_debt_impairment_not_Napoleon_collapse,0.3,20,0.5,0.538000,yes,binary-state stress only; unmatched war finance/inflation/credit risk; posterior not data-identified
war_resumption,FR_rente_5pct,French_debt_impairment_not_Napoleon_collapse,0.1,20,1.0,0.576000,yes,binary-state stress only; unmatched war finance/inflation/credit risk; posterior not data-identified
war_resumption,FR_rente_5pct,French_debt_impairment_not_Napoleon_collapse,0.2,20,1.0,0.676000,yes,binary-state stress only; unmatched war finance/inflation/credit risk; posterior not data-identified
war_resumption,FR_rente_5pct,French_debt_impairment_not_Napoleon_collapse,0.3,20,1.0,0.776000,yes,binary-state stress only; unmatched war finance/inflation/credit risk; posterior not data-identified
war_resumption,FR_rente_5pct,French_debt_impairment_not_Napoleon_collapse,0.1,40,0.25,0.159500,yes,binary-state stress only; unmatched war finance/inflation/credit risk; posterior not data-identified
war_resumption,FR_rente_5pct,French_debt_impairment_not_Napoleon_collapse,0.2,40,0.25,0.259500,yes,binary-state stress only; unmatched war finance/inflation/credit risk; posterior not data-identified
war_resumption,FR_rente_5pct,French_debt_impairment_not_Napoleon_collapse,0.3,40,0.25,0.359500,yes,binary-state stress only; unmatched war finance/inflation/credit risk; posterior not data-identified
war_resumption,FR_rente_5pct,French_debt_impairment_not_Napoleon_collapse,0.1,40,0.5,0.219000,yes,binary-state stress only; unmatched war finance/inflation/credit risk; posterior not data-identified
war_resumption,FR_rente_5pct,French_debt_impairment_not_Napoleon_collapse,0.2,40,0.5,0.319000,yes,binary-state stress only; unmatched war finance/inflation/credit risk; posterior not data-identified
war_resumption,FR_rente_5pct,French_debt_impairment_not_Napoleon_collapse,0.3,40,0.5,0.419000,yes,binary-state stress only; unmatched war finance/inflation/credit risk; posterior not data-identified
war_resumption,FR_rente_5pct,French_debt_impairment_not_Napoleon_collapse,0.1,40,1.0,0.338000,yes,binary-state stress only; unmatched war finance/inflation/credit risk; posterior not data-identified
war_resumption,FR_rente_5pct,French_debt_impairment_not_Napoleon_collapse,0.2,40,1.0,0.438000,yes,binary-state stress only; unmatched war finance/inflation/credit risk; posterior not data-identified
war_resumption,FR_rente_5pct,French_debt_impairment_not_Napoleon_collapse,0.3,40,1.0,0.538000,yes,binary-state stress only; unmatched war finance/inflation/credit risk; posterior not data-identified
war_resumption,FR_rente_5pct,French_debt_impairment_not_Napoleon_collapse,0.1,60,0.25,0.139700,yes,binary-state stress only; unmatched war finance/inflation/credit risk; posterior not data-identified
war_resumption,FR_rente_5pct,French_debt_impairment_not_Napoleon_collapse,0.2,60,0.25,0.239700,yes,binary-state stress only; unmatched war finance/inflation/credit risk; posterior not data-identified
war_resumption,FR_rente_5pct,French_debt_impairment_not_Napoleon_collapse,0.3,60,0.25,0.339700,yes,binary-state stress only; unmatched war finance/inflation/credit risk; posterior not data-identified
war_resumption,FR_rente_5pct,French_debt_impairment_not_Napoleon_collapse,0.1,60,0.5,0.179300,yes,binary-state stress only; unmatched war finance/inflation/credit risk; posterior not data-identified
war_resumption,FR_rente_5pct,French_debt_impairment_not_Napoleon_collapse,0.2,60,0.5,0.279300,yes,binary-state stress only; unmatched war finance/inflation/credit risk; posterior not data-identified
war_resumption,FR_rente_5pct,French_debt_impairment_not_Napoleon_collapse,0.3,60,0.5,0.379300,yes,binary-state stress only; unmatched war finance/inflation/credit risk; posterior not data-identified
war_resumption,FR_rente_5pct,French_debt_impairment_not_Napoleon_collapse,0.1,60,1.0,0.258700,yes,binary-state stress only; unmatched war finance/inflation/credit risk; posterior not data-identified
war_resumption,FR_rente_5pct,French_debt_impairment_not_Napoleon_collapse,0.2,60,1.0,0.358700,yes,binary-state stress only; unmatched war finance/inflation/credit risk; posterior not data-identified
war_resumption,FR_rente_5pct,French_debt_impairment_not_Napoleon_collapse,0.3,60,1.0,0.458700,yes,binary-state stress only; unmatched war finance/inflation/credit risk; posterior not data-identified
invasion_scare,UK_consol_3pct,British_defeat_stylized,0.1,20,0.25,0.091000,yes,binary-state stress only; unmatched war finance/inflation/credit risk; posterior not data-identified
invasion_scare,UK_consol_3pct,British_defeat_stylized,0.2,20,0.25,0.191000,yes,binary-state stress only; unmatched war finance/inflation/credit risk; posterior not data-identified
invasion_scare,UK_consol_3pct,British_defeat_stylized,0.3,20,0.25,0.291000,yes,binary-state stress only; unmatched war finance/inflation/credit risk; posterior not data-identified
invasion_scare,UK_consol_3pct,British_defeat_stylized,0.1,20,0.5,0.082000,yes,binary-state stress only; unmatched war finance/inflation/credit risk; posterior not data-identified
invasion_scare,UK_consol_3pct,British_defeat_stylized,0.2,20,0.5,0.182000,yes,binary-state stress only; unmatched war finance/inflation/credit risk; posterior not data-identified
invasion_scare,UK_consol_3pct,British_defeat_stylized,0.3,20,0.5,0.282000,yes,binary-state stress only; unmatched war finance/inflation/credit risk; posterior not data-identified
invasion_scare,UK_consol_3pct,British_defeat_stylized,0.1,20,1.0,0.064000,yes,binary-state stress only; unmatched war finance/inflation/credit risk; posterior not data-identified
invasion_scare,UK_consol_3pct,British_defeat_stylized,0.2,20,1.0,0.164000,yes,binary-state stress only; unmatched war finance/inflation/credit risk; posterior not data-identified
invasion_scare,UK_consol_3pct,British_defeat_stylized,0.3,20,1.0,0.264000,yes,binary-state stress only; unmatched war finance/inflation/credit risk; posterior not data-identified
invasion_scare,UK_consol_3pct,British_defeat_stylized,0.1,40,0.25,0.095500,yes,binary-state stress only; unmatched war finance/inflation/credit risk; posterior not data-identified
invasion_scare,UK_consol_3pct,British_defeat_stylized,0.2,40,0.25,0.195500,yes,binary-state stress only; unmatched war finance/inflation/credit risk; posterior not data-identified
invasion_scare,UK_consol_3pct,British_defeat_stylized,0.3,40,0.25,0.295500,yes,binary-state stress only; unmatched war finance/inflation/credit risk; posterior not data-identified
invasion_scare,UK_consol_3pct,British_defeat_stylized,0.1,40,0.5,0.091000,yes,binary-state stress only; unmatched war finance/inflation/credit risk; posterior not data-identified
invasion_scare,UK_consol_3pct,British_defeat_stylized,0.2,40,0.5,0.191000,yes,binary-state stress only; unmatched war finance/inflation/credit risk; posterior not data-identified
invasion_scare,UK_consol_3pct,British_defeat_stylized,0.3,40,0.5,0.291000,yes,binary-state stress only; unmatched war finance/inflation/credit risk; posterior not data-identified
invasion_scare,UK_consol_3pct,British_defeat_stylized,0.1,40,1.0,0.082000,yes,binary-state stress only; unmatched war finance/inflation/credit risk; posterior not data-identified
invasion_scare,UK_consol_3pct,British_defeat_stylized,0.2,40,1.0,0.182000,yes,binary-state stress only; unmatched war finance/inflation/credit risk; posterior not data-identified
invasion_scare,UK_consol_3pct,British_defeat_stylized,0.3,40,1.0,0.282000,yes,binary-state stress only; unmatched war finance/inflation/credit risk; posterior not data-identified
invasion_scare,UK_consol_3pct,British_defeat_stylized,0.1,60,0.25,0.097000,yes,binary-state stress only; unmatched war finance/inflation/credit risk; posterior not data-identified
invasion_scare,UK_consol_3pct,British_defeat_stylized,0.2,60,0.25,0.197000,yes,binary-state stress only; unmatched war finance/inflation/credit risk; posterior not data-identified
invasion_scare,UK_consol_3pct,British_defeat_stylized,0.3,60,0.25,0.297000,yes,binary-state stress only; unmatched war finance/inflation/credit risk; posterior not data-identified
invasion_scare,UK_consol_3pct,British_defeat_stylized,0.1,60,0.5,0.094000,yes,binary-state stress only; unmatched war finance/inflation/credit risk; posterior not data-identified
invasion_scare,UK_consol_3pct,British_defeat_stylized,0.2,60,0.5,0.194000,yes,binary-state stress only; unmatched war finance/inflation/credit risk; posterior not data-identified
invasion_scare,UK_consol_3pct,British_defeat_stylized,0.3,60,0.5,0.294000,yes,binary-state stress only; unmatched war finance/inflation/credit risk; posterior not data-identified
invasion_scare,UK_consol_3pct,British_defeat_stylized,0.1,60,1.0,0.088000,yes,binary-state stress only; unmatched war finance/inflation/credit risk; posterior not data-identified
invasion_scare,UK_consol_3pct,British_defeat_stylized,0.2,60,1.0,0.188000,yes,binary-state stress only; unmatched war finance/inflation/credit risk; posterior not data-identified
invasion_scare,UK_consol_3pct,British_defeat_stylized,0.3,60,1.0,0.288000,yes,binary-state stress only; unmatched war finance/inflation/credit risk; posterior not data-identified
invasion_scare,FR_rente_5pct,French_debt_impairment_not_Napoleon_collapse,0.1,20,0.25,0.098000,yes,binary-state stress only; unmatched war finance/inflation/credit risk; posterior not data-identified
invasion_scare,FR_rente_5pct,French_debt_impairment_not_Napoleon_collapse,0.2,20,0.25,0.198000,yes,binary-state stress only; unmatched war finance/inflation/credit risk; posterior not data-identified
invasion_scare,FR_rente_5pct,French_debt_impairment_not_Napoleon_collapse,0.3,20,0.25,0.298000,yes,binary-state stress only; unmatched war finance/inflation/credit risk; posterior not data-identified
invasion_scare,FR_rente_5pct,French_debt_impairment_not_Napoleon_collapse,0.1,20,0.5,0.096000,yes,binary-state stress only; unmatched war finance/inflation/credit risk; posterior not data-identified
invasion_scare,FR_rente_5pct,French_debt_impairment_not_Napoleon_collapse,0.2,20,0.5,0.196000,yes,binary-state stress only; unmatched war finance/inflation/credit risk; posterior not data-identified
invasion_scare,FR_rente_5pct,French_debt_impairment_not_Napoleon_collapse,0.3,20,0.5,0.296000,yes,binary-state stress only; unmatched war finance/inflation/credit risk; posterior not data-identified
invasion_scare,FR_rente_5pct,French_debt_impairment_not_Napoleon_collapse,0.1,20,1.0,0.091900,yes,binary-state stress only; unmatched war finance/inflation/credit risk; posterior not data-identified
invasion_scare,FR_rente_5pct,French_debt_impairment_not_Napoleon_collapse,0.2,20,1.0,0.191900,yes,binary-state stress only; unmatched war finance/inflation/credit risk; posterior not data-identified
invasion_scare,FR_rente_5pct,French_debt_impairment_not_Napoleon_collapse,0.3,20,1.0,0.291900,yes,binary-state stress only; unmatched war finance/inflation/credit risk; posterior not data-identified
invasion_scare,FR_rente_5pct,French_debt_impairment_not_Napoleon_collapse,0.1,40,0.25,0.099000,yes,binary-state stress only; unmatched war finance/inflation/credit risk; posterior not data-identified
invasion_scare,FR_rente_5pct,French_debt_impairment_not_Napoleon_collapse,0.2,40,0.25,0.199000,yes,binary-state stress only; unmatched war finance/inflation/credit risk; posterior not data-identified
invasion_scare,FR_rente_5pct,French_debt_impairment_not_Napoleon_collapse,0.3,40,0.25,0.299000,yes,binary-state stress only; unmatched war finance/inflation/credit risk; posterior not data-identified
invasion_scare,FR_rente_5pct,French_debt_impairment_not_Napoleon_collapse,0.1,40,0.5,0.098000,yes,binary-state stress only; unmatched war finance/inflation/credit risk; posterior not data-identified
invasion_scare,FR_rente_5pct,French_debt_impairment_not_Napoleon_collapse,0.2,40,0.5,0.198000,yes,binary-state stress only; unmatched war finance/inflation/credit risk; posterior not data-identified
invasion_scare,FR_rente_5pct,French_debt_impairment_not_Napoleon_collapse,0.3,40,0.5,0.298000,yes,binary-state stress only; unmatched war finance/inflation/credit risk; posterior not data-identified
invasion_scare,FR_rente_5pct,French_debt_impairment_not_Napoleon_collapse,0.1,40,1.0,0.096000,yes,binary-state stress only; unmatched war finance/inflation/credit risk; posterior not data-identified
invasion_scare,FR_rente_5pct,French_debt_impairment_not_Napoleon_collapse,0.2,40,1.0,0.196000,yes,binary-state stress only; unmatched war finance/inflation/credit risk; posterior not data-identified
invasion_scare,FR_rente_5pct,French_debt_impairment_not_Napoleon_collapse,0.3,40,1.0,0.296000,yes,binary-state stress only; unmatched war finance/inflation/credit risk; posterior not data-identified
invasion_scare,FR_rente_5pct,French_debt_impairment_not_Napoleon_collapse,0.1,60,0.25,0.099300,yes,binary-state stress only; unmatched war finance/inflation/credit risk; posterior not data-identified
invasion_scare,FR_rente_5pct,French_debt_impairment_not_Napoleon_collapse,0.2,60,0.25,0.199300,yes,binary-state stress only; unmatched war finance/inflation/credit risk; posterior not data-identified
invasion_scare,FR_rente_5pct,French_debt_impairment_not_Napoleon_collapse,0.3,60,0.25,0.299300,yes,binary-state stress only; unmatched war finance/inflation/credit risk; posterior not data-identified
invasion_scare,FR_rente_5pct,French_debt_impairment_not_Napoleon_collapse,0.1,60,0.5,0.098700,yes,binary-state stress only; unmatched war finance/inflation/credit risk; posterior not data-identified
invasion_scare,FR_rente_5pct,French_debt_impairment_not_Napoleon_collapse,0.2,60,0.5,0.198700,yes,binary-state stress only; unmatched war finance/inflation/credit risk; posterior not data-identified
invasion_scare,FR_rente_5pct,French_debt_impairment_not_Napoleon_collapse,0.3,60,0.5,0.298700,yes,binary-state stress only; unmatched war finance/inflation/credit risk; posterior not data-identified
invasion_scare,FR_rente_5pct,French_debt_impairment_not_Napoleon_collapse,0.1,60,1.0,0.097300,yes,binary-state stress only; unmatched war finance/inflation/credit risk; posterior not data-identified
invasion_scare,FR_rente_5pct,French_debt_impairment_not_Napoleon_collapse,0.2,60,1.0,0.197300,yes,binary-state stress only; unmatched war finance/inflation/credit risk; posterior not data-identified
invasion_scare,FR_rente_5pct,French_debt_impairment_not_Napoleon_collapse,0.3,60,1.0,0.297300,yes,binary-state stress only; unmatched war finance/inflation/credit risk; posterior not data-identified
trafalgar,UK_consol_3pct,British_defeat_stylized,0.1,20,0.25,0.078900,yes,binary-state stress only; unmatched war finance/inflation/credit risk; posterior not data-identified
trafalgar,UK_consol_3pct,British_defeat_stylized,0.2,20,0.25,0.178900,yes,binary-state stress only; unmatched war finance/inflation/credit risk; posterior not data-identified
trafalgar,UK_consol_3pct,British_defeat_stylized,0.3,20,0.25,0.278900,yes,binary-state stress only; unmatched war finance/inflation/credit risk; posterior not data-identified
trafalgar,UK_consol_3pct,British_defeat_stylized,0.1,20,0.5,0.057800,yes,binary-state stress only; unmatched war finance/inflation/credit risk; posterior not data-identified
trafalgar,UK_consol_3pct,British_defeat_stylized,0.2,20,0.5,0.157800,yes,binary-state stress only; unmatched war finance/inflation/credit risk; posterior not data-identified
trafalgar,UK_consol_3pct,British_defeat_stylized,0.3,20,0.5,0.257800,yes,binary-state stress only; unmatched war finance/inflation/credit risk; posterior not data-identified
trafalgar,UK_consol_3pct,British_defeat_stylized,0.1,20,1.0,0.015600,yes,binary-state stress only; unmatched war finance/inflation/credit risk; posterior not data-identified
trafalgar,UK_consol_3pct,British_defeat_stylized,0.2,20,1.0,0.115600,yes,binary-state stress only; unmatched war finance/inflation/credit risk; posterior not data-identified
trafalgar,UK_consol_3pct,British_defeat_stylized,0.3,20,1.0,0.215600,yes,binary-state stress only; unmatched war finance/inflation/credit risk; posterior not data-identified
trafalgar,UK_consol_3pct,British_defeat_stylized,0.1,40,0.25,0.089500,yes,binary-state stress only; unmatched war finance/inflation/credit risk; posterior not data-identified
trafalgar,UK_consol_3pct,British_defeat_stylized,0.2,40,0.25,0.189500,yes,binary-state stress only; unmatched war finance/inflation/credit risk; posterior not data-identified
trafalgar,UK_consol_3pct,British_defeat_stylized,0.3,40,0.25,0.289500,yes,binary-state stress only; unmatched war finance/inflation/credit risk; posterior not data-identified
trafalgar,UK_consol_3pct,British_defeat_stylized,0.1,40,0.5,0.078900,yes,binary-state stress only; unmatched war finance/inflation/credit risk; posterior not data-identified
trafalgar,UK_consol_3pct,British_defeat_stylized,0.2,40,0.5,0.178900,yes,binary-state stress only; unmatched war finance/inflation/credit risk; posterior not data-identified
trafalgar,UK_consol_3pct,British_defeat_stylized,0.3,40,0.5,0.278900,yes,binary-state stress only; unmatched war finance/inflation/credit risk; posterior not data-identified
trafalgar,UK_consol_3pct,British_defeat_stylized,0.1,40,1.0,0.057800,yes,binary-state stress only; unmatched war finance/inflation/credit risk; posterior not data-identified
trafalgar,UK_consol_3pct,British_defeat_stylized,0.2,40,1.0,0.157800,yes,binary-state stress only; unmatched war finance/inflation/credit risk; posterior not data-identified
trafalgar,UK_consol_3pct,British_defeat_stylized,0.3,40,1.0,0.257800,yes,binary-state stress only; unmatched war finance/inflation/credit risk; posterior not data-identified
trafalgar,UK_consol_3pct,British_defeat_stylized,0.1,60,0.25,0.093000,yes,binary-state stress only; unmatched war finance/inflation/credit risk; posterior not data-identified
trafalgar,UK_consol_3pct,British_defeat_stylized,0.2,60,0.25,0.193000,yes,binary-state stress only; unmatched war finance/inflation/credit risk; posterior not data-identified
trafalgar,UK_consol_3pct,British_defeat_stylized,0.3,60,0.25,0.293000,yes,binary-state stress only; unmatched war finance/inflation/credit risk; posterior not data-identified
trafalgar,UK_consol_3pct,British_defeat_stylized,0.1,60,0.5,0.085900,yes,binary-state stress only; unmatched war finance/inflation/credit risk; posterior not data-identified
trafalgar,UK_consol_3pct,British_defeat_stylized,0.2,60,0.5,0.185900,yes,binary-state stress only; unmatched war finance/inflation/credit risk; posterior not data-identified
trafalgar,UK_consol_3pct,British_defeat_stylized,0.3,60,0.5,0.285900,yes,binary-state stress only; unmatched war finance/inflation/credit risk; posterior not data-identified
trafalgar,UK_consol_3pct,British_defeat_stylized,0.1,60,1.0,0.071900,yes,binary-state stress only; unmatched war finance/inflation/credit risk; posterior not data-identified
trafalgar,UK_consol_3pct,British_defeat_stylized,0.2,60,1.0,0.171900,yes,binary-state stress only; unmatched war finance/inflation/credit risk; posterior not data-identified
trafalgar,UK_consol_3pct,British_defeat_stylized,0.3,60,1.0,0.271900,yes,binary-state stress only; unmatched war finance/inflation/credit risk; posterior not data-identified
trafalgar,FR_rente_5pct,French_debt_impairment_not_Napoleon_collapse,0.1,20,0.25,-0.001500,no,binary-state stress only; unmatched war finance/inflation/credit risk; posterior not data-identified
trafalgar,FR_rente_5pct,French_debt_impairment_not_Napoleon_collapse,0.2,20,0.25,0.098500,yes,binary-state stress only; unmatched war finance/inflation/credit risk; posterior not data-identified
trafalgar,FR_rente_5pct,French_debt_impairment_not_Napoleon_collapse,0.3,20,0.25,0.198500,yes,binary-state stress only; unmatched war finance/inflation/credit risk; posterior not data-identified
trafalgar,FR_rente_5pct,French_debt_impairment_not_Napoleon_collapse,0.1,20,0.5,-0.103000,no,binary-state stress only; unmatched war finance/inflation/credit risk; posterior not data-identified
trafalgar,FR_rente_5pct,French_debt_impairment_not_Napoleon_collapse,0.2,20,0.5,-0.003000,no,binary-state stress only; unmatched war finance/inflation/credit risk; posterior not data-identified
trafalgar,FR_rente_5pct,French_debt_impairment_not_Napoleon_collapse,0.3,20,0.5,0.097000,yes,binary-state stress only; unmatched war finance/inflation/credit risk; posterior not data-identified
trafalgar,FR_rente_5pct,French_debt_impairment_not_Napoleon_collapse,0.1,20,1.0,-0.306000,no,binary-state stress only; unmatched war finance/inflation/credit risk; posterior not data-identified
trafalgar,FR_rente_5pct,French_debt_impairment_not_Napoleon_collapse,0.2,20,1.0,-0.206000,no,binary-state stress only; unmatched war finance/inflation/credit risk; posterior not data-identified
trafalgar,FR_rente_5pct,French_debt_impairment_not_Napoleon_collapse,0.3,20,1.0,-0.106000,no,binary-state stress only; unmatched war finance/inflation/credit risk; posterior not data-identified
trafalgar,FR_rente_5pct,French_debt_impairment_not_Napoleon_collapse,0.1,40,0.25,0.049300,yes,binary-state stress only; unmatched war finance/inflation/credit risk; posterior not data-identified
trafalgar,FR_rente_5pct,French_debt_impairment_not_Napoleon_collapse,0.2,40,0.25,0.149300,yes,binary-state stress only; unmatched war finance/inflation/credit risk; posterior not data-identified
trafalgar,FR_rente_5pct,French_debt_impairment_not_Napoleon_collapse,0.3,40,0.25,0.249300,yes,binary-state stress only; unmatched war finance/inflation/credit risk; posterior not data-identified
trafalgar,FR_rente_5pct,French_debt_impairment_not_Napoleon_collapse,0.1,40,0.5,-0.001500,no,binary-state stress only; unmatched war finance/inflation/credit risk; posterior not data-identified
trafalgar,FR_rente_5pct,French_debt_impairment_not_Napoleon_collapse,0.2,40,0.5,0.098500,yes,binary-state stress only; unmatched war finance/inflation/credit risk; posterior not data-identified
trafalgar,FR_rente_5pct,French_debt_impairment_not_Napoleon_collapse,0.3,40,0.5,0.198500,yes,binary-state stress only; unmatched war finance/inflation/credit risk; posterior not data-identified
trafalgar,FR_rente_5pct,French_debt_impairment_not_Napoleon_collapse,0.1,40,1.0,-0.103000,no,binary-state stress only; unmatched war finance/inflation/credit risk; posterior not data-identified
trafalgar,FR_rente_5pct,French_debt_impairment_not_Napoleon_collapse,0.2,40,1.0,-0.003000,no,binary-state stress only; unmatched war finance/inflation/credit risk; posterior not data-identified
trafalgar,FR_rente_5pct,French_debt_impairment_not_Napoleon_collapse,0.3,40,1.0,0.097000,yes,binary-state stress only; unmatched war finance/inflation/credit risk; posterior not data-identified
trafalgar,FR_rente_5pct,French_debt_impairment_not_Napoleon_collapse,0.1,60,0.25,0.066200,yes,binary-state stress only; unmatched war finance/inflation/credit risk; posterior not data-identified
trafalgar,FR_rente_5pct,French_debt_impairment_not_Napoleon_collapse,0.2,60,0.25,0.166200,yes,binary-state stress only; unmatched war finance/inflation/credit risk; posterior not data-identified
trafalgar,FR_rente_5pct,French_debt_impairment_not_Napoleon_collapse,0.3,60,0.25,0.266200,yes,binary-state stress only; unmatched war finance/inflation/credit risk; posterior not data-identified
trafalgar,FR_rente_5pct,French_debt_impairment_not_Napoleon_collapse,0.1,60,0.5,0.032300,yes,binary-state stress only; unmatched war finance/inflation/credit risk; posterior not data-identified
trafalgar,FR_rente_5pct,French_debt_impairment_not_Napoleon_collapse,0.2,60,0.5,0.132300,yes,binary-state stress only; unmatched war finance/inflation/credit risk; posterior not data-identified
trafalgar,FR_rente_5pct,French_debt_impairment_not_Napoleon_collapse,0.3,60,0.5,0.232300,yes,binary-state stress only; unmatched war finance/inflation/credit risk; posterior not data-identified
trafalgar,FR_rente_5pct,French_debt_impairment_not_Napoleon_collapse,0.1,60,1.0,-0.035300,no,binary-state stress only; unmatched war finance/inflation/credit risk; posterior not data-identified
trafalgar,FR_rente_5pct,French_debt_impairment_not_Napoleon_collapse,0.2,60,1.0,0.064700,yes,binary-state stress only; unmatched war finance/inflation/credit risk; posterior not data-identified
trafalgar,FR_rente_5pct,French_debt_impairment_not_Napoleon_collapse,0.3,60,1.0,0.164700,yes,binary-state stress only; unmatched war finance/inflation/credit risk; posterior not data-identified
austerlitz,UK_consol_3pct,British_defeat_stylized,0.1,20,0.25,0.102600,yes,binary-state stress only; unmatched war finance/inflation/credit risk; posterior not data-identified
austerlitz,UK_consol_3pct,British_defeat_stylized,0.2,20,0.25,0.202600,yes,binary-state stress only; unmatched war finance/inflation/credit risk; posterior not data-identified
austerlitz,UK_consol_3pct,British_defeat_stylized,0.3,20,0.25,0.302600,yes,binary-state stress only; unmatched war finance/inflation/credit risk; posterior not data-identified
austerlitz,UK_consol_3pct,British_defeat_stylized,0.1,20,0.5,0.105100,yes,binary-state stress only; unmatched war finance/inflation/credit risk; posterior not data-identified
austerlitz,UK_consol_3pct,British_defeat_stylized,0.2,20,0.5,0.205100,yes,binary-state stress only; unmatched war finance/inflation/credit risk; posterior not data-identified
austerlitz,UK_consol_3pct,British_defeat_stylized,0.3,20,0.5,0.305100,yes,binary-state stress only; unmatched war finance/inflation/credit risk; posterior not data-identified
austerlitz,UK_consol_3pct,British_defeat_stylized,0.1,20,1.0,0.110200,yes,binary-state stress only; unmatched war finance/inflation/credit risk; posterior not data-identified
austerlitz,UK_consol_3pct,British_defeat_stylized,0.2,20,1.0,0.210200,yes,binary-state stress only; unmatched war finance/inflation/credit risk; posterior not data-identified
austerlitz,UK_consol_3pct,British_defeat_stylized,0.3,20,1.0,0.310200,yes,binary-state stress only; unmatched war finance/inflation/credit risk; posterior not data-identified
austerlitz,UK_consol_3pct,British_defeat_stylized,0.1,40,0.25,0.101300,yes,binary-state stress only; unmatched war finance/inflation/credit risk; posterior not data-identified
austerlitz,UK_consol_3pct,British_defeat_stylized,0.2,40,0.25,0.201300,yes,binary-state stress only; unmatched war finance/inflation/credit risk; posterior not data-identified
austerlitz,UK_consol_3pct,British_defeat_stylized,0.3,40,0.25,0.301300,yes,binary-state stress only; unmatched war finance/inflation/credit risk; posterior not data-identified
austerlitz,UK_consol_3pct,British_defeat_stylized,0.1,40,0.5,0.102600,yes,binary-state stress only; unmatched war finance/inflation/credit risk; posterior not data-identified
austerlitz,UK_consol_3pct,British_defeat_stylized,0.2,40,0.5,0.202600,yes,binary-state stress only; unmatched war finance/inflation/credit risk; posterior not data-identified
austerlitz,UK_consol_3pct,British_defeat_stylized,0.3,40,0.5,0.302600,yes,binary-state stress only; unmatched war finance/inflation/credit risk; posterior not data-identified
austerlitz,UK_consol_3pct,British_defeat_stylized,0.1,40,1.0,0.105100,yes,binary-state stress only; unmatched war finance/inflation/credit risk; posterior not data-identified
austerlitz,UK_consol_3pct,British_defeat_stylized,0.2,40,1.0,0.205100,yes,binary-state stress only; unmatched war finance/inflation/credit risk; posterior not data-identified
austerlitz,UK_consol_3pct,British_defeat_stylized,0.3,40,1.0,0.305100,yes,binary-state stress only; unmatched war finance/inflation/credit risk; posterior not data-identified
austerlitz,UK_consol_3pct,British_defeat_stylized,0.1,60,0.25,0.100900,yes,binary-state stress only; unmatched war finance/inflation/credit risk; posterior not data-identified
austerlitz,UK_consol_3pct,British_defeat_stylized,0.2,60,0.25,0.200900,yes,binary-state stress only; unmatched war finance/inflation/credit risk; posterior not data-identified
austerlitz,UK_consol_3pct,British_defeat_stylized,0.3,60,0.25,0.300900,yes,binary-state stress only; unmatched war finance/inflation/credit risk; posterior not data-identified
austerlitz,UK_consol_3pct,British_defeat_stylized,0.1,60,0.5,0.101700,yes,binary-state stress only; unmatched war finance/inflation/credit risk; posterior not data-identified
austerlitz,UK_consol_3pct,British_defeat_stylized,0.2,60,0.5,0.201700,yes,binary-state stress only; unmatched war finance/inflation/credit risk; posterior not data-identified
austerlitz,UK_consol_3pct,British_defeat_stylized,0.3,60,0.5,0.301700,yes,binary-state stress only; unmatched war finance/inflation/credit risk; posterior not data-identified
austerlitz,UK_consol_3pct,British_defeat_stylized,0.1,60,1.0,0.103400,yes,binary-state stress only; unmatched war finance/inflation/credit risk; posterior not data-identified
austerlitz,UK_consol_3pct,British_defeat_stylized,0.2,60,1.0,0.203400,yes,binary-state stress only; unmatched war finance/inflation/credit risk; posterior not data-identified
austerlitz,UK_consol_3pct,British_defeat_stylized,0.3,60,1.0,0.303400,yes,binary-state stress only; unmatched war finance/inflation/credit risk; posterior not data-identified
austerlitz,FR_rente_5pct,French_debt_impairment_not_Napoleon_collapse,0.1,20,0.25,0.118300,yes,binary-state stress only; unmatched war finance/inflation/credit risk; posterior not data-identified
austerlitz,FR_rente_5pct,French_debt_impairment_not_Napoleon_collapse,0.2,20,0.25,0.218300,yes,binary-state stress only; unmatched war finance/inflation/credit risk; posterior not data-identified
austerlitz,FR_rente_5pct,French_debt_impairment_not_Napoleon_collapse,0.3,20,0.25,0.318300,yes,binary-state stress only; unmatched war finance/inflation/credit risk; posterior not data-identified
austerlitz,FR_rente_5pct,French_debt_impairment_not_Napoleon_collapse,0.1,20,0.5,0.136600,yes,binary-state stress only; unmatched war finance/inflation/credit risk; posterior not data-identified
austerlitz,FR_rente_5pct,French_debt_impairment_not_Napoleon_collapse,0.2,20,0.5,0.236600,yes,binary-state stress only; unmatched war finance/inflation/credit risk; posterior not data-identified
austerlitz,FR_rente_5pct,French_debt_impairment_not_Napoleon_collapse,0.3,20,0.5,0.336600,yes,binary-state stress only; unmatched war finance/inflation/credit risk; posterior not data-identified
austerlitz,FR_rente_5pct,French_debt_impairment_not_Napoleon_collapse,0.1,20,1.0,0.173100,yes,binary-state stress only; unmatched war finance/inflation/credit risk; posterior not data-identified
austerlitz,FR_rente_5pct,French_debt_impairment_not_Napoleon_collapse,0.2,20,1.0,0.273100,yes,binary-state stress only; unmatched war finance/inflation/credit risk; posterior not data-identified
austerlitz,FR_rente_5pct,French_debt_impairment_not_Napoleon_collapse,0.3,20,1.0,0.373100,yes,binary-state stress only; unmatched war finance/inflation/credit risk; posterior not data-identified
austerlitz,FR_rente_5pct,French_debt_impairment_not_Napoleon_collapse,0.1,40,0.25,0.109100,yes,binary-state stress only; unmatched war finance/inflation/credit risk; posterior not data-identified
austerlitz,FR_rente_5pct,French_debt_impairment_not_Napoleon_collapse,0.2,40,0.25,0.209100,yes,binary-state stress only; unmatched war finance/inflation/credit risk; posterior not data-identified
austerlitz,FR_rente_5pct,French_debt_impairment_not_Napoleon_collapse,0.3,40,0.25,0.309100,yes,binary-state stress only; unmatched war finance/inflation/credit risk; posterior not data-identified
austerlitz,FR_rente_5pct,French_debt_impairment_not_Napoleon_collapse,0.1,40,0.5,0.118300,yes,binary-state stress only; unmatched war finance/inflation/credit risk; posterior not data-identified
austerlitz,FR_rente_5pct,French_debt_impairment_not_Napoleon_collapse,0.2,40,0.5,0.218300,yes,binary-state stress only; unmatched war finance/inflation/credit risk; posterior not data-identified
austerlitz,FR_rente_5pct,French_debt_impairment_not_Napoleon_collapse,0.3,40,0.5,0.318300,yes,binary-state stress only; unmatched war finance/inflation/credit risk; posterior not data-identified
austerlitz,FR_rente_5pct,French_debt_impairment_not_Napoleon_collapse,0.1,40,1.0,0.136600,yes,binary-state stress only; unmatched war finance/inflation/credit risk; posterior not data-identified
austerlitz,FR_rente_5pct,French_debt_impairment_not_Napoleon_collapse,0.2,40,1.0,0.236600,yes,binary-state stress only; unmatched war finance/inflation/credit risk; posterior not data-identified
austerlitz,FR_rente_5pct,French_debt_impairment_not_Napoleon_collapse,0.3,40,1.0,0.336600,yes,binary-state stress only; unmatched war finance/inflation/credit risk; posterior not data-identified
austerlitz,FR_rente_5pct,French_debt_impairment_not_Napoleon_collapse,0.1,60,0.25,0.106100,yes,binary-state stress only; unmatched war finance/inflation/credit risk; posterior not data-identified
austerlitz,FR_rente_5pct,French_debt_impairment_not_Napoleon_collapse,0.2,60,0.25,0.206100,yes,binary-state stress only; unmatched war finance/inflation/credit risk; posterior not data-identified
austerlitz,FR_rente_5pct,French_debt_impairment_not_Napoleon_collapse,0.3,60,0.25,0.306100,yes,binary-state stress only; unmatched war finance/inflation/credit risk; posterior not data-identified
austerlitz,FR_rente_5pct,French_debt_impairment_not_Napoleon_collapse,0.1,60,0.5,0.112200,yes,binary-state stress only; unmatched war finance/inflation/credit risk; posterior not data-identified
austerlitz,FR_rente_5pct,French_debt_impairment_not_Napoleon_collapse,0.2,60,0.5,0.212200,yes,binary-state stress only; unmatched war finance/inflation/credit risk; posterior not data-identified
austerlitz,FR_rente_5pct,French_debt_impairment_not_Napoleon_collapse,0.3,60,0.5,0.312200,yes,binary-state stress only; unmatched war finance/inflation/credit risk; posterior not data-identified
austerlitz,FR_rente_5pct,French_debt_impairment_not_Napoleon_collapse,0.1,60,1.0,0.124400,yes,binary-state stress only; unmatched war finance/inflation/credit risk; posterior not data-identified
austerlitz,FR_rente_5pct,French_debt_impairment_not_Napoleon_collapse,0.2,60,1.0,0.224400,yes,binary-state stress only; unmatched war finance/inflation/credit risk; posterior not data-identified
austerlitz,FR_rente_5pct,French_debt_impairment_not_Napoleon_collapse,0.3,60,1.0,0.324400,yes,binary-state stress only; unmatched war finance/inflation/credit risk; posterior not data-identified
tilsit,UK_consol_3pct,British_defeat_stylized,0.1,20,0.25,0.126900,yes,binary-state stress only; unmatched war finance/inflation/credit risk; posterior not data-identified
tilsit,UK_consol_3pct,British_defeat_stylized,0.2,20,0.25,0.226900,yes,binary-state stress only; unmatched war finance/inflation/credit risk; posterior not data-identified
tilsit,UK_consol_3pct,British_defeat_stylized,0.3,20,0.25,0.326900,yes,binary-state stress only; unmatched war finance/inflation/credit risk; posterior not data-identified
tilsit,UK_consol_3pct,British_defeat_stylized,0.1,20,0.5,0.153800,yes,binary-state stress only; unmatched war finance/inflation/credit risk; posterior not data-identified
tilsit,UK_consol_3pct,British_defeat_stylized,0.2,20,0.5,0.253800,yes,binary-state stress only; unmatched war finance/inflation/credit risk; posterior not data-identified
tilsit,UK_consol_3pct,British_defeat_stylized,0.3,20,0.5,0.353800,yes,binary-state stress only; unmatched war finance/inflation/credit risk; posterior not data-identified
tilsit,UK_consol_3pct,British_defeat_stylized,0.1,20,1.0,0.207600,yes,binary-state stress only; unmatched war finance/inflation/credit risk; posterior not data-identified
tilsit,UK_consol_3pct,British_defeat_stylized,0.2,20,1.0,0.307600,yes,binary-state stress only; unmatched war finance/inflation/credit risk; posterior not data-identified
tilsit,UK_consol_3pct,British_defeat_stylized,0.3,20,1.0,0.407600,yes,binary-state stress only; unmatched war finance/inflation/credit risk; posterior not data-identified
tilsit,UK_consol_3pct,British_defeat_stylized,0.1,40,0.25,0.113500,yes,binary-state stress only; unmatched war finance/inflation/credit risk; posterior not data-identified
tilsit,UK_consol_3pct,British_defeat_stylized,0.2,40,0.25,0.213500,yes,binary-state stress only; unmatched war finance/inflation/credit risk; posterior not data-identified
tilsit,UK_consol_3pct,British_defeat_stylized,0.3,40,0.25,0.313500,yes,binary-state stress only; unmatched war finance/inflation/credit risk; posterior not data-identified
tilsit,UK_consol_3pct,British_defeat_stylized,0.1,40,0.5,0.126900,yes,binary-state stress only; unmatched war finance/inflation/credit risk; posterior not data-identified
tilsit,UK_consol_3pct,British_defeat_stylized,0.2,40,0.5,0.226900,yes,binary-state stress only; unmatched war finance/inflation/credit risk; posterior not data-identified
tilsit,UK_consol_3pct,British_defeat_stylized,0.3,40,0.5,0.326900,yes,binary-state stress only; unmatched war finance/inflation/credit risk; posterior not data-identified
tilsit,UK_consol_3pct,British_defeat_stylized,0.1,40,1.0,0.153800,yes,binary-state stress only; unmatched war finance/inflation/credit risk; posterior not data-identified
tilsit,UK_consol_3pct,British_defeat_stylized,0.2,40,1.0,0.253800,yes,binary-state stress only; unmatched war finance/inflation/credit risk; posterior not data-identified
tilsit,UK_consol_3pct,British_defeat_stylized,0.3,40,1.0,0.353800,yes,binary-state stress only; unmatched war finance/inflation/credit risk; posterior not data-identified
tilsit,UK_consol_3pct,British_defeat_stylized,0.1,60,0.25,0.109000,yes,binary-state stress only; unmatched war finance/inflation/credit risk; posterior not data-identified
tilsit,UK_consol_3pct,British_defeat_stylized,0.2,60,0.25,0.209000,yes,binary-state stress only; unmatched war finance/inflation/credit risk; posterior not data-identified
tilsit,UK_consol_3pct,British_defeat_stylized,0.3,60,0.25,0.309000,yes,binary-state stress only; unmatched war finance/inflation/credit risk; posterior not data-identified
tilsit,UK_consol_3pct,British_defeat_stylized,0.1,60,0.5,0.117900,yes,binary-state stress only; unmatched war finance/inflation/credit risk; posterior not data-identified
tilsit,UK_consol_3pct,British_defeat_stylized,0.2,60,0.5,0.217900,yes,binary-state stress only; unmatched war finance/inflation/credit risk; posterior not data-identified
tilsit,UK_consol_3pct,British_defeat_stylized,0.3,60,0.5,0.317900,yes,binary-state stress only; unmatched war finance/inflation/credit risk; posterior not data-identified
tilsit,UK_consol_3pct,British_defeat_stylized,0.1,60,1.0,0.135900,yes,binary-state stress only; unmatched war finance/inflation/credit risk; posterior not data-identified
tilsit,UK_consol_3pct,British_defeat_stylized,0.2,60,1.0,0.235900,yes,binary-state stress only; unmatched war finance/inflation/credit risk; posterior not data-identified
tilsit,UK_consol_3pct,British_defeat_stylized,0.3,60,1.0,0.335900,yes,binary-state stress only; unmatched war finance/inflation/credit risk; posterior not data-identified
tilsit,FR_rente_5pct,French_debt_impairment_not_Napoleon_collapse,0.1,20,0.25,-0.054700,no,binary-state stress only; unmatched war finance/inflation/credit risk; posterior not data-identified
tilsit,FR_rente_5pct,French_debt_impairment_not_Napoleon_collapse,0.2,20,0.25,0.045300,yes,binary-state stress only; unmatched war finance/inflation/credit risk; posterior not data-identified
tilsit,FR_rente_5pct,French_debt_impairment_not_Napoleon_collapse,0.3,20,0.25,0.145300,yes,binary-state stress only; unmatched war finance/inflation/credit risk; posterior not data-identified
tilsit,FR_rente_5pct,French_debt_impairment_not_Napoleon_collapse,0.1,20,0.5,-0.209500,no,binary-state stress only; unmatched war finance/inflation/credit risk; posterior not data-identified
tilsit,FR_rente_5pct,French_debt_impairment_not_Napoleon_collapse,0.2,20,0.5,-0.109500,no,binary-state stress only; unmatched war finance/inflation/credit risk; posterior not data-identified
tilsit,FR_rente_5pct,French_debt_impairment_not_Napoleon_collapse,0.3,20,0.5,-0.009500,no,binary-state stress only; unmatched war finance/inflation/credit risk; posterior not data-identified
tilsit,FR_rente_5pct,French_debt_impairment_not_Napoleon_collapse,0.1,20,1.0,-0.518900,no,binary-state stress only; unmatched war finance/inflation/credit risk; posterior not data-identified
tilsit,FR_rente_5pct,French_debt_impairment_not_Napoleon_collapse,0.2,20,1.0,-0.418900,no,binary-state stress only; unmatched war finance/inflation/credit risk; posterior not data-identified
tilsit,FR_rente_5pct,French_debt_impairment_not_Napoleon_collapse,0.3,20,1.0,-0.318900,no,binary-state stress only; unmatched war finance/inflation/credit risk; posterior not data-identified
tilsit,FR_rente_5pct,French_debt_impairment_not_Napoleon_collapse,0.1,40,0.25,0.022600,yes,binary-state stress only; unmatched war finance/inflation/credit risk; posterior not data-identified
tilsit,FR_rente_5pct,French_debt_impairment_not_Napoleon_collapse,0.2,40,0.25,0.122600,yes,binary-state stress only; unmatched war finance/inflation/credit risk; posterior not data-identified
tilsit,FR_rente_5pct,French_debt_impairment_not_Napoleon_collapse,0.3,40,0.25,0.222600,yes,binary-state stress only; unmatched war finance/inflation/credit risk; posterior not data-identified
tilsit,FR_rente_5pct,French_debt_impairment_not_Napoleon_collapse,0.1,40,0.5,-0.054700,no,binary-state stress only; unmatched war finance/inflation/credit risk; posterior not data-identified
tilsit,FR_rente_5pct,French_debt_impairment_not_Napoleon_collapse,0.2,40,0.5,0.045300,yes,binary-state stress only; unmatched war finance/inflation/credit risk; posterior not data-identified
tilsit,FR_rente_5pct,French_debt_impairment_not_Napoleon_collapse,0.3,40,0.5,0.145300,yes,binary-state stress only; unmatched war finance/inflation/credit risk; posterior not data-identified
tilsit,FR_rente_5pct,French_debt_impairment_not_Napoleon_collapse,0.1,40,1.0,-0.209500,no,binary-state stress only; unmatched war finance/inflation/credit risk; posterior not data-identified
tilsit,FR_rente_5pct,French_debt_impairment_not_Napoleon_collapse,0.2,40,1.0,-0.109500,no,binary-state stress only; unmatched war finance/inflation/credit risk; posterior not data-identified
tilsit,FR_rente_5pct,French_debt_impairment_not_Napoleon_collapse,0.3,40,1.0,-0.009500,no,binary-state stress only; unmatched war finance/inflation/credit risk; posterior not data-identified
tilsit,FR_rente_5pct,French_debt_impairment_not_Napoleon_collapse,0.1,60,0.25,0.048400,yes,binary-state stress only; unmatched war finance/inflation/credit risk; posterior not data-identified
tilsit,FR_rente_5pct,French_debt_impairment_not_Napoleon_collapse,0.2,60,0.25,0.148400,yes,binary-state stress only; unmatched war finance/inflation/credit risk; posterior not data-identified
tilsit,FR_rente_5pct,French_debt_impairment_not_Napoleon_collapse,0.3,60,0.25,0.248400,yes,binary-state stress only; unmatched war finance/inflation/credit risk; posterior not data-identified
tilsit,FR_rente_5pct,French_debt_impairment_not_Napoleon_collapse,0.1,60,0.5,-0.003200,no,binary-state stress only; unmatched war finance/inflation/credit risk; posterior not data-identified
tilsit,FR_rente_5pct,French_debt_impairment_not_Napoleon_collapse,0.2,60,0.5,0.096800,yes,binary-state stress only; unmatched war finance/inflation/credit risk; posterior not data-identified
tilsit,FR_rente_5pct,French_debt_impairment_not_Napoleon_collapse,0.3,60,0.5,0.196800,yes,binary-state stress only; unmatched war finance/inflation/credit risk; posterior not data-identified
tilsit,FR_rente_5pct,French_debt_impairment_not_Napoleon_collapse,0.1,60,1.0,-0.106300,no,binary-state stress only; unmatched war finance/inflation/credit risk; posterior not data-identified
tilsit,FR_rente_5pct,French_debt_impairment_not_Napoleon_collapse,0.2,60,1.0,-0.006300,no,binary-state stress only; unmatched war finance/inflation/credit risk; posterior not data-identified
tilsit,FR_rente_5pct,French_debt_impairment_not_Napoleon_collapse,0.3,60,1.0,0.093700,yes,binary-state stress only; unmatched war finance/inflation/credit risk; posterior not data-identified
erfurt,UK_consol_3pct,British_defeat_stylized,0.1,20,0.25,0.092900,yes,binary-state stress only; unmatched war finance/inflation/credit risk; posterior not data-identified
erfurt,UK_consol_3pct,British_defeat_stylized,0.2,20,0.25,0.192900,yes,binary-state stress only; unmatched war finance/inflation/credit risk; posterior not data-identified
erfurt,UK_consol_3pct,British_defeat_stylized,0.3,20,0.25,0.292900,yes,binary-state stress only; unmatched war finance/inflation/credit risk; posterior not data-identified
erfurt,UK_consol_3pct,British_defeat_stylized,0.1,20,0.5,0.085800,yes,binary-state stress only; unmatched war finance/inflation/credit risk; posterior not data-identified
erfurt,UK_consol_3pct,British_defeat_stylized,0.2,20,0.5,0.185800,yes,binary-state stress only; unmatched war finance/inflation/credit risk; posterior not data-identified
erfurt,UK_consol_3pct,British_defeat_stylized,0.3,20,0.5,0.285800,yes,binary-state stress only; unmatched war finance/inflation/credit risk; posterior not data-identified
erfurt,UK_consol_3pct,British_defeat_stylized,0.1,20,1.0,0.071600,yes,binary-state stress only; unmatched war finance/inflation/credit risk; posterior not data-identified
erfurt,UK_consol_3pct,British_defeat_stylized,0.2,20,1.0,0.171600,yes,binary-state stress only; unmatched war finance/inflation/credit risk; posterior not data-identified
erfurt,UK_consol_3pct,British_defeat_stylized,0.3,20,1.0,0.271600,yes,binary-state stress only; unmatched war finance/inflation/credit risk; posterior not data-identified
erfurt,UK_consol_3pct,British_defeat_stylized,0.1,40,0.25,0.096400,yes,binary-state stress only; unmatched war finance/inflation/credit risk; posterior not data-identified
erfurt,UK_consol_3pct,British_defeat_stylized,0.2,40,0.25,0.196400,yes,binary-state stress only; unmatched war finance/inflation/credit risk; posterior not data-identified
erfurt,UK_consol_3pct,British_defeat_stylized,0.3,40,0.25,0.296400,yes,binary-state stress only; unmatched war finance/inflation/credit risk; posterior not data-identified
erfurt,UK_consol_3pct,British_defeat_stylized,0.1,40,0.5,0.092900,yes,binary-state stress only; unmatched war finance/inflation/credit risk; posterior not data-identified
erfurt,UK_consol_3pct,British_defeat_stylized,0.2,40,0.5,0.192900,yes,binary-state stress only; unmatched war finance/inflation/credit risk; posterior not data-identified
erfurt,UK_consol_3pct,British_defeat_stylized,0.3,40,0.5,0.292900,yes,binary-state stress only; unmatched war finance/inflation/credit risk; posterior not data-identified
erfurt,UK_consol_3pct,British_defeat_stylized,0.1,40,1.0,0.085800,yes,binary-state stress only; unmatched war finance/inflation/credit risk; posterior not data-identified
erfurt,UK_consol_3pct,British_defeat_stylized,0.2,40,1.0,0.185800,yes,binary-state stress only; unmatched war finance/inflation/credit risk; posterior not data-identified
erfurt,UK_consol_3pct,British_defeat_stylized,0.3,40,1.0,0.285800,yes,binary-state stress only; unmatched war finance/inflation/credit risk; posterior not data-identified
erfurt,UK_consol_3pct,British_defeat_stylized,0.1,60,0.25,0.097600,yes,binary-state stress only; unmatched war finance/inflation/credit risk; posterior not data-identified
erfurt,UK_consol_3pct,British_defeat_stylized,0.2,60,0.25,0.197600,yes,binary-state stress only; unmatched war finance/inflation/credit risk; posterior not data-identified
erfurt,UK_consol_3pct,British_defeat_stylized,0.3,60,0.25,0.297600,yes,binary-state stress only; unmatched war finance/inflation/credit risk; posterior not data-identified
erfurt,UK_consol_3pct,British_defeat_stylized,0.1,60,0.5,0.095300,yes,binary-state stress only; unmatched war finance/inflation/credit risk; posterior not data-identified
erfurt,UK_consol_3pct,British_defeat_stylized,0.2,60,0.5,0.195300,yes,binary-state stress only; unmatched war finance/inflation/credit risk; posterior not data-identified
erfurt,UK_consol_3pct,British_defeat_stylized,0.3,60,0.5,0.295300,yes,binary-state stress only; unmatched war finance/inflation/credit risk; posterior not data-identified
erfurt,UK_consol_3pct,British_defeat_stylized,0.1,60,1.0,0.090500,yes,binary-state stress only; unmatched war finance/inflation/credit risk; posterior not data-identified
erfurt,UK_consol_3pct,British_defeat_stylized,0.2,60,1.0,0.190500,yes,binary-state stress only; unmatched war finance/inflation/credit risk; posterior not data-identified
erfurt,UK_consol_3pct,British_defeat_stylized,0.3,60,1.0,0.290500,yes,binary-state stress only; unmatched war finance/inflation/credit risk; posterior not data-identified
erfurt,FR_rente_5pct,French_debt_impairment_not_Napoleon_collapse,0.1,20,0.25,0.092500,yes,binary-state stress only; unmatched war finance/inflation/credit risk; posterior not data-identified
erfurt,FR_rente_5pct,French_debt_impairment_not_Napoleon_collapse,0.2,20,0.25,0.192500,yes,binary-state stress only; unmatched war finance/inflation/credit risk; posterior not data-identified
erfurt,FR_rente_5pct,French_debt_impairment_not_Napoleon_collapse,0.3,20,0.25,0.292500,yes,binary-state stress only; unmatched war finance/inflation/credit risk; posterior not data-identified
erfurt,FR_rente_5pct,French_debt_impairment_not_Napoleon_collapse,0.1,20,0.5,0.084900,yes,binary-state stress only; unmatched war finance/inflation/credit risk; posterior not data-identified
erfurt,FR_rente_5pct,French_debt_impairment_not_Napoleon_collapse,0.2,20,0.5,0.184900,yes,binary-state stress only; unmatched war finance/inflation/credit risk; posterior not data-identified
erfurt,FR_rente_5pct,French_debt_impairment_not_Napoleon_collapse,0.3,20,0.5,0.284900,yes,binary-state stress only; unmatched war finance/inflation/credit risk; posterior not data-identified
erfurt,FR_rente_5pct,French_debt_impairment_not_Napoleon_collapse,0.1,20,1.0,0.069800,yes,binary-state stress only; unmatched war finance/inflation/credit risk; posterior not data-identified
erfurt,FR_rente_5pct,French_debt_impairment_not_Napoleon_collapse,0.2,20,1.0,0.169800,yes,binary-state stress only; unmatched war finance/inflation/credit risk; posterior not data-identified
erfurt,FR_rente_5pct,French_debt_impairment_not_Napoleon_collapse,0.3,20,1.0,0.269800,yes,binary-state stress only; unmatched war finance/inflation/credit risk; posterior not data-identified
erfurt,FR_rente_5pct,French_debt_impairment_not_Napoleon_collapse,0.1,40,0.25,0.096200,yes,binary-state stress only; unmatched war finance/inflation/credit risk; posterior not data-identified
erfurt,FR_rente_5pct,French_debt_impairment_not_Napoleon_collapse,0.2,40,0.25,0.196200,yes,binary-state stress only; unmatched war finance/inflation/credit risk; posterior not data-identified
erfurt,FR_rente_5pct,French_debt_impairment_not_Napoleon_collapse,0.3,40,0.25,0.296200,yes,binary-state stress only; unmatched war finance/inflation/credit risk; posterior not data-identified
erfurt,FR_rente_5pct,French_debt_impairment_not_Napoleon_collapse,0.1,40,0.5,0.092500,yes,binary-state stress only; unmatched war finance/inflation/credit risk; posterior not data-identified
erfurt,FR_rente_5pct,French_debt_impairment_not_Napoleon_collapse,0.2,40,0.5,0.192500,yes,binary-state stress only; unmatched war finance/inflation/credit risk; posterior not data-identified
erfurt,FR_rente_5pct,French_debt_impairment_not_Napoleon_collapse,0.3,40,0.5,0.292500,yes,binary-state stress only; unmatched war finance/inflation/credit risk; posterior not data-identified
erfurt,FR_rente_5pct,French_debt_impairment_not_Napoleon_collapse,0.1,40,1.0,0.084900,yes,binary-state stress only; unmatched war finance/inflation/credit risk; posterior not data-identified
erfurt,FR_rente_5pct,French_debt_impairment_not_Napoleon_collapse,0.2,40,1.0,0.184900,yes,binary-state stress only; unmatched war finance/inflation/credit risk; posterior not data-identified
erfurt,FR_rente_5pct,French_debt_impairment_not_Napoleon_collapse,0.3,40,1.0,0.284900,yes,binary-state stress only; unmatched war finance/inflation/credit risk; posterior not data-identified
erfurt,FR_rente_5pct,French_debt_impairment_not_Napoleon_collapse,0.1,60,0.25,0.097500,yes,binary-state stress only; unmatched war finance/inflation/credit risk; posterior not data-identified
erfurt,FR_rente_5pct,French_debt_impairment_not_Napoleon_collapse,0.2,60,0.25,0.197500,yes,binary-state stress only; unmatched war finance/inflation/credit risk; posterior not data-identified
erfurt,FR_rente_5pct,French_debt_impairment_not_Napoleon_collapse,0.3,60,0.25,0.297500,yes,binary-state stress only; unmatched war finance/inflation/credit risk; posterior not data-identified
erfurt,FR_rente_5pct,French_debt_impairment_not_Napoleon_collapse,0.1,60,0.5,0.095000,yes,binary-state stress only; unmatched war finance/inflation/credit risk; posterior not data-identified
erfurt,FR_rente_5pct,French_debt_impairment_not_Napoleon_collapse,0.2,60,0.5,0.195000,yes,binary-state stress only; unmatched war finance/inflation/credit risk; posterior not data-identified
erfurt,FR_rente_5pct,French_debt_impairment_not_Napoleon_collapse,0.3,60,0.5,0.295000,yes,binary-state stress only; unmatched war finance/inflation/credit risk; posterior not data-identified
erfurt,FR_rente_5pct,French_debt_impairment_not_Napoleon_collapse,0.1,60,1.0,0.089900,yes,binary-state stress only; unmatched war finance/inflation/credit risk; posterior not data-identified
erfurt,FR_rente_5pct,French_debt_impairment_not_Napoleon_collapse,0.2,60,1.0,0.189900,yes,binary-state stress only; unmatched war finance/inflation/credit risk; posterior not data-identified
erfurt,FR_rente_5pct,French_debt_impairment_not_Napoleon_collapse,0.3,60,1.0,0.289900,yes,binary-state stress only; unmatched war finance/inflation/credit risk; posterior not data-identified
wagram,UK_consol_3pct,British_defeat_stylized,0.1,20,0.25,0.118100,yes,binary-state stress only; unmatched war finance/inflation/credit risk; posterior not data-identified
wagram,UK_consol_3pct,British_defeat_stylized,0.2,20,0.25,0.218100,yes,binary-state stress only; unmatched war finance/inflation/credit risk; posterior not data-identified
wagram,UK_consol_3pct,British_defeat_stylized,0.3,20,0.25,0.318100,yes,binary-state stress only; unmatched war finance/inflation/credit risk; posterior not data-identified
wagram,UK_consol_3pct,British_defeat_stylized,0.1,20,0.5,0.136100,yes,binary-state stress only; unmatched war finance/inflation/credit risk; posterior not data-identified
wagram,UK_consol_3pct,British_defeat_stylized,0.2,20,0.5,0.236100,yes,binary-state stress only; unmatched war finance/inflation/credit risk; posterior not data-identified
wagram,UK_consol_3pct,British_defeat_stylized,0.3,20,0.5,0.336100,yes,binary-state stress only; unmatched war finance/inflation/credit risk; posterior not data-identified
wagram,UK_consol_3pct,British_defeat_stylized,0.1,20,1.0,0.172200,yes,binary-state stress only; unmatched war finance/inflation/credit risk; posterior not data-identified
wagram,UK_consol_3pct,British_defeat_stylized,0.2,20,1.0,0.272200,yes,binary-state stress only; unmatched war finance/inflation/credit risk; posterior not data-identified
wagram,UK_consol_3pct,British_defeat_stylized,0.3,20,1.0,0.372200,yes,binary-state stress only; unmatched war finance/inflation/credit risk; posterior not data-identified
wagram,UK_consol_3pct,British_defeat_stylized,0.1,40,0.25,0.109000,yes,binary-state stress only; unmatched war finance/inflation/credit risk; posterior not data-identified
wagram,UK_consol_3pct,British_defeat_stylized,0.2,40,0.25,0.209000,yes,binary-state stress only; unmatched war finance/inflation/credit risk; posterior not data-identified
wagram,UK_consol_3pct,British_defeat_stylized,0.3,40,0.25,0.309000,yes,binary-state stress only; unmatched war finance/inflation/credit risk; posterior not data-identified
wagram,UK_consol_3pct,British_defeat_stylized,0.1,40,0.5,0.118100,yes,binary-state stress only; unmatched war finance/inflation/credit risk; posterior not data-identified
wagram,UK_consol_3pct,British_defeat_stylized,0.2,40,0.5,0.218100,yes,binary-state stress only; unmatched war finance/inflation/credit risk; posterior not data-identified
wagram,UK_consol_3pct,British_defeat_stylized,0.3,40,0.5,0.318100,yes,binary-state stress only; unmatched war finance/inflation/credit risk; posterior not data-identified
wagram,UK_consol_3pct,British_defeat_stylized,0.1,40,1.0,0.136100,yes,binary-state stress only; unmatched war finance/inflation/credit risk; posterior not data-identified
wagram,UK_consol_3pct,British_defeat_stylized,0.2,40,1.0,0.236100,yes,binary-state stress only; unmatched war finance/inflation/credit risk; posterior not data-identified
wagram,UK_consol_3pct,British_defeat_stylized,0.3,40,1.0,0.336100,yes,binary-state stress only; unmatched war finance/inflation/credit risk; posterior not data-identified
wagram,UK_consol_3pct,British_defeat_stylized,0.1,60,0.25,0.106000,yes,binary-state stress only; unmatched war finance/inflation/credit risk; posterior not data-identified
wagram,UK_consol_3pct,British_defeat_stylized,0.2,60,0.25,0.206000,yes,binary-state stress only; unmatched war finance/inflation/credit risk; posterior not data-identified
wagram,UK_consol_3pct,British_defeat_stylized,0.3,60,0.25,0.306000,yes,binary-state stress only; unmatched war finance/inflation/credit risk; posterior not data-identified
wagram,UK_consol_3pct,British_defeat_stylized,0.1,60,0.5,0.112000,yes,binary-state stress only; unmatched war finance/inflation/credit risk; posterior not data-identified
wagram,UK_consol_3pct,British_defeat_stylized,0.2,60,0.5,0.212000,yes,binary-state stress only; unmatched war finance/inflation/credit risk; posterior not data-identified
wagram,UK_consol_3pct,British_defeat_stylized,0.3,60,0.5,0.312000,yes,binary-state stress only; unmatched war finance/inflation/credit risk; posterior not data-identified
wagram,UK_consol_3pct,British_defeat_stylized,0.1,60,1.0,0.124100,yes,binary-state stress only; unmatched war finance/inflation/credit risk; posterior not data-identified
wagram,UK_consol_3pct,British_defeat_stylized,0.2,60,1.0,0.224100,yes,binary-state stress only; unmatched war finance/inflation/credit risk; posterior not data-identified
wagram,UK_consol_3pct,British_defeat_stylized,0.3,60,1.0,0.324100,yes,binary-state stress only; unmatched war finance/inflation/credit risk; posterior not data-identified
wagram,FR_rente_5pct,French_debt_impairment_not_Napoleon_collapse,0.1,20,0.25,0.162900,yes,binary-state stress only; unmatched war finance/inflation/credit risk; posterior not data-identified
wagram,FR_rente_5pct,French_debt_impairment_not_Napoleon_collapse,0.2,20,0.25,0.262900,yes,binary-state stress only; unmatched war finance/inflation/credit risk; posterior not data-identified
wagram,FR_rente_5pct,French_debt_impairment_not_Napoleon_collapse,0.3,20,0.25,0.362900,yes,binary-state stress only; unmatched war finance/inflation/credit risk; posterior not data-identified
wagram,FR_rente_5pct,French_debt_impairment_not_Napoleon_collapse,0.1,20,0.5,0.225700,yes,binary-state stress only; unmatched war finance/inflation/credit risk; posterior not data-identified
wagram,FR_rente_5pct,French_debt_impairment_not_Napoleon_collapse,0.2,20,0.5,0.325700,yes,binary-state stress only; unmatched war finance/inflation/credit risk; posterior not data-identified
wagram,FR_rente_5pct,French_debt_impairment_not_Napoleon_collapse,0.3,20,0.5,0.425700,yes,binary-state stress only; unmatched war finance/inflation/credit risk; posterior not data-identified
wagram,FR_rente_5pct,French_debt_impairment_not_Napoleon_collapse,0.1,20,1.0,0.351400,yes,binary-state stress only; unmatched war finance/inflation/credit risk; posterior not data-identified
wagram,FR_rente_5pct,French_debt_impairment_not_Napoleon_collapse,0.2,20,1.0,0.451400,yes,binary-state stress only; unmatched war finance/inflation/credit risk; posterior not data-identified
wagram,FR_rente_5pct,French_debt_impairment_not_Napoleon_collapse,0.3,20,1.0,0.551400,yes,binary-state stress only; unmatched war finance/inflation/credit risk; posterior not data-identified
wagram,FR_rente_5pct,French_debt_impairment_not_Napoleon_collapse,0.1,40,0.25,0.131400,yes,binary-state stress only; unmatched war finance/inflation/credit risk; posterior not data-identified
wagram,FR_rente_5pct,French_debt_impairment_not_Napoleon_collapse,0.2,40,0.25,0.231400,yes,binary-state stress only; unmatched war finance/inflation/credit risk; posterior not data-identified
wagram,FR_rente_5pct,French_debt_impairment_not_Napoleon_collapse,0.3,40,0.25,0.331400,yes,binary-state stress only; unmatched war finance/inflation/credit risk; posterior not data-identified
wagram,FR_rente_5pct,French_debt_impairment_not_Napoleon_collapse,0.1,40,0.5,0.162900,yes,binary-state stress only; unmatched war finance/inflation/credit risk; posterior not data-identified
wagram,FR_rente_5pct,French_debt_impairment_not_Napoleon_collapse,0.2,40,0.5,0.262900,yes,binary-state stress only; unmatched war finance/inflation/credit risk; posterior not data-identified
wagram,FR_rente_5pct,French_debt_impairment_not_Napoleon_collapse,0.3,40,0.5,0.362900,yes,binary-state stress only; unmatched war finance/inflation/credit risk; posterior not data-identified
wagram,FR_rente_5pct,French_debt_impairment_not_Napoleon_collapse,0.1,40,1.0,0.225700,yes,binary-state stress only; unmatched war finance/inflation/credit risk; posterior not data-identified
wagram,FR_rente_5pct,French_debt_impairment_not_Napoleon_collapse,0.2,40,1.0,0.325700,yes,binary-state stress only; unmatched war finance/inflation/credit risk; posterior not data-identified
wagram,FR_rente_5pct,French_debt_impairment_not_Napoleon_collapse,0.3,40,1.0,0.425700,yes,binary-state stress only; unmatched war finance/inflation/credit risk; posterior not data-identified
wagram,FR_rente_5pct,French_debt_impairment_not_Napoleon_collapse,0.1,60,0.25,0.121000,yes,binary-state stress only; unmatched war finance/inflation/credit risk; posterior not data-identified
wagram,FR_rente_5pct,French_debt_impairment_not_Napoleon_collapse,0.2,60,0.25,0.221000,yes,binary-state stress only; unmatched war finance/inflation/credit risk; posterior not data-identified
wagram,FR_rente_5pct,French_debt_impairment_not_Napoleon_collapse,0.3,60,0.25,0.321000,yes,binary-state stress only; unmatched war finance/inflation/credit risk; posterior not data-identified
wagram,FR_rente_5pct,French_debt_impairment_not_Napoleon_collapse,0.1,60,0.5,0.141900,yes,binary-state stress only; unmatched war finance/inflation/credit risk; posterior not data-identified
wagram,FR_rente_5pct,French_debt_impairment_not_Napoleon_collapse,0.2,60,0.5,0.241900,yes,binary-state stress only; unmatched war finance/inflation/credit risk; posterior not data-identified
wagram,FR_rente_5pct,French_debt_impairment_not_Napoleon_collapse,0.3,60,0.5,0.341900,yes,binary-state stress only; unmatched war finance/inflation/credit risk; posterior not data-identified
wagram,FR_rente_5pct,French_debt_impairment_not_Napoleon_collapse,0.1,60,1.0,0.183800,yes,binary-state stress only; unmatched war finance/inflation/credit risk; posterior not data-identified
wagram,FR_rente_5pct,French_debt_impairment_not_Napoleon_collapse,0.2,60,1.0,0.283800,yes,binary-state stress only; unmatched war finance/inflation/credit risk; posterior not data-identified
wagram,FR_rente_5pct,French_debt_impairment_not_Napoleon_collapse,0.3,60,1.0,0.383800,yes,binary-state stress only; unmatched war finance/inflation/credit risk; posterior not data-identified
commercial_crisis,UK_consol_3pct,British_defeat_stylized,0.1,20,0.25,0.078700,yes,binary-state stress only; unmatched war finance/inflation/credit risk; posterior not data-identified
commercial_crisis,UK_consol_3pct,British_defeat_stylized,0.2,20,0.25,0.178700,yes,binary-state stress only; unmatched war finance/inflation/credit risk; posterior not data-identified
commercial_crisis,UK_consol_3pct,British_defeat_stylized,0.3,20,0.25,0.278700,yes,binary-state stress only; unmatched war finance/inflation/credit risk; posterior not data-identified
commercial_crisis,UK_consol_3pct,British_defeat_stylized,0.1,20,0.5,0.057400,yes,binary-state stress only; unmatched war finance/inflation/credit risk; posterior not data-identified
commercial_crisis,UK_consol_3pct,British_defeat_stylized,0.2,20,0.5,0.157400,yes,binary-state stress only; unmatched war finance/inflation/credit risk; posterior not data-identified
commercial_crisis,UK_consol_3pct,British_defeat_stylized,0.3,20,0.5,0.257400,yes,binary-state stress only; unmatched war finance/inflation/credit risk; posterior not data-identified
commercial_crisis,UK_consol_3pct,British_defeat_stylized,0.1,20,1.0,0.014800,yes,binary-state stress only; unmatched war finance/inflation/credit risk; posterior not data-identified
commercial_crisis,UK_consol_3pct,British_defeat_stylized,0.2,20,1.0,0.114800,yes,binary-state stress only; unmatched war finance/inflation/credit risk; posterior not data-identified
commercial_crisis,UK_consol_3pct,British_defeat_stylized,0.3,20,1.0,0.214800,yes,binary-state stress only; unmatched war finance/inflation/credit risk; posterior not data-identified
commercial_crisis,UK_consol_3pct,British_defeat_stylized,0.1,40,0.25,0.089300,yes,binary-state stress only; unmatched war finance/inflation/credit risk; posterior not data-identified
commercial_crisis,UK_consol_3pct,British_defeat_stylized,0.2,40,0.25,0.189300,yes,binary-state stress only; unmatched war finance/inflation/credit risk; posterior not data-identified
commercial_crisis,UK_consol_3pct,British_defeat_stylized,0.3,40,0.25,0.289300,yes,binary-state stress only; unmatched war finance/inflation/credit risk; posterior not data-identified
commercial_crisis,UK_consol_3pct,British_defeat_stylized,0.1,40,0.5,0.078700,yes,binary-state stress only; unmatched war finance/inflation/credit risk; posterior not data-identified
commercial_crisis,UK_consol_3pct,British_defeat_stylized,0.2,40,0.5,0.178700,yes,binary-state stress only; unmatched war finance/inflation/credit risk; posterior not data-identified
commercial_crisis,UK_consol_3pct,British_defeat_stylized,0.3,40,0.5,0.278700,yes,binary-state stress only; unmatched war finance/inflation/credit risk; posterior not data-identified
commercial_crisis,UK_consol_3pct,British_defeat_stylized,0.1,40,1.0,0.057400,yes,binary-state stress only; unmatched war finance/inflation/credit risk; posterior not data-identified
commercial_crisis,UK_consol_3pct,British_defeat_stylized,0.2,40,1.0,0.157400,yes,binary-state stress only; unmatched war finance/inflation/credit risk; posterior not data-identified
commercial_crisis,UK_consol_3pct,British_defeat_stylized,0.3,40,1.0,0.257400,yes,binary-state stress only; unmatched war finance/inflation/credit risk; posterior not data-identified
commercial_crisis,UK_consol_3pct,British_defeat_stylized,0.1,60,0.25,0.092900,yes,binary-state stress only; unmatched war finance/inflation/credit risk; posterior not data-identified
commercial_crisis,UK_consol_3pct,British_defeat_stylized,0.2,60,0.25,0.192900,yes,binary-state stress only; unmatched war finance/inflation/credit risk; posterior not data-identified
commercial_crisis,UK_consol_3pct,British_defeat_stylized,0.3,60,0.25,0.292900,yes,binary-state stress only; unmatched war finance/inflation/credit risk; posterior not data-identified
commercial_crisis,UK_consol_3pct,British_defeat_stylized,0.1,60,0.5,0.085800,yes,binary-state stress only; unmatched war finance/inflation/credit risk; posterior not data-identified
commercial_crisis,UK_consol_3pct,British_defeat_stylized,0.2,60,0.5,0.185800,yes,binary-state stress only; unmatched war finance/inflation/credit risk; posterior not data-identified
commercial_crisis,UK_consol_3pct,British_defeat_stylized,0.3,60,0.5,0.285800,yes,binary-state stress only; unmatched war finance/inflation/credit risk; posterior not data-identified
commercial_crisis,UK_consol_3pct,British_defeat_stylized,0.1,60,1.0,0.071600,yes,binary-state stress only; unmatched war finance/inflation/credit risk; posterior not data-identified
commercial_crisis,UK_consol_3pct,British_defeat_stylized,0.2,60,1.0,0.171600,yes,binary-state stress only; unmatched war finance/inflation/credit risk; posterior not data-identified
commercial_crisis,UK_consol_3pct,British_defeat_stylized,0.3,60,1.0,0.271600,yes,binary-state stress only; unmatched war finance/inflation/credit risk; posterior not data-identified
commercial_crisis,FR_rente_5pct,French_debt_impairment_not_Napoleon_collapse,0.1,20,0.25,0.126200,yes,binary-state stress only; unmatched war finance/inflation/credit risk; posterior not data-identified
commercial_crisis,FR_rente_5pct,French_debt_impairment_not_Napoleon_collapse,0.2,20,0.25,0.226200,yes,binary-state stress only; unmatched war finance/inflation/credit risk; posterior not data-identified
commercial_crisis,FR_rente_5pct,French_debt_impairment_not_Napoleon_collapse,0.3,20,0.25,0.326200,yes,binary-state stress only; unmatched war finance/inflation/credit risk; posterior not data-identified
commercial_crisis,FR_rente_5pct,French_debt_impairment_not_Napoleon_collapse,0.1,20,0.5,0.152300,yes,binary-state stress only; unmatched war finance/inflation/credit risk; posterior not data-identified
commercial_crisis,FR_rente_5pct,French_debt_impairment_not_Napoleon_collapse,0.2,20,0.5,0.252300,yes,binary-state stress only; unmatched war finance/inflation/credit risk; posterior not data-identified
commercial_crisis,FR_rente_5pct,French_debt_impairment_not_Napoleon_collapse,0.3,20,0.5,0.352300,yes,binary-state stress only; unmatched war finance/inflation/credit risk; posterior not data-identified
commercial_crisis,FR_rente_5pct,French_debt_impairment_not_Napoleon_collapse,0.1,20,1.0,0.204600,yes,binary-state stress only; unmatched war finance/inflation/credit risk; posterior not data-identified
commercial_crisis,FR_rente_5pct,French_debt_impairment_not_Napoleon_collapse,0.2,20,1.0,0.304600,yes,binary-state stress only; unmatched war finance/inflation/credit risk; posterior not data-identified
commercial_crisis,FR_rente_5pct,French_debt_impairment_not_Napoleon_collapse,0.3,20,1.0,0.404600,yes,binary-state stress only; unmatched war finance/inflation/credit risk; posterior not data-identified
commercial_crisis,FR_rente_5pct,French_debt_impairment_not_Napoleon_collapse,0.1,40,0.25,0.113100,yes,binary-state stress only; unmatched war finance/inflation/credit risk; posterior not data-identified
commercial_crisis,FR_rente_5pct,French_debt_impairment_not_Napoleon_collapse,0.2,40,0.25,0.213100,yes,binary-state stress only; unmatched war finance/inflation/credit risk; posterior not data-identified
commercial_crisis,FR_rente_5pct,French_debt_impairment_not_Napoleon_collapse,0.3,40,0.25,0.313100,yes,binary-state stress only; unmatched war finance/inflation/credit risk; posterior not data-identified
commercial_crisis,FR_rente_5pct,French_debt_impairment_not_Napoleon_collapse,0.1,40,0.5,0.126200,yes,binary-state stress only; unmatched war finance/inflation/credit risk; posterior not data-identified
commercial_crisis,FR_rente_5pct,French_debt_impairment_not_Napoleon_collapse,0.2,40,0.5,0.226200,yes,binary-state stress only; unmatched war finance/inflation/credit risk; posterior not data-identified
commercial_crisis,FR_rente_5pct,French_debt_impairment_not_Napoleon_collapse,0.3,40,0.5,0.326200,yes,binary-state stress only; unmatched war finance/inflation/credit risk; posterior not data-identified
commercial_crisis,FR_rente_5pct,French_debt_impairment_not_Napoleon_collapse,0.1,40,1.0,0.152300,yes,binary-state stress only; unmatched war finance/inflation/credit risk; posterior not data-identified
commercial_crisis,FR_rente_5pct,French_debt_impairment_not_Napoleon_collapse,0.2,40,1.0,0.252300,yes,binary-state stress only; unmatched war finance/inflation/credit risk; posterior not data-identified
commercial_crisis,FR_rente_5pct,French_debt_impairment_not_Napoleon_collapse,0.3,40,1.0,0.352300,yes,binary-state stress only; unmatched war finance/inflation/credit risk; posterior not data-identified
commercial_crisis,FR_rente_5pct,French_debt_impairment_not_Napoleon_collapse,0.1,60,0.25,0.108700,yes,binary-state stress only; unmatched war finance/inflation/credit risk; posterior not data-identified
commercial_crisis,FR_rente_5pct,French_debt_impairment_not_Napoleon_collapse,0.2,60,0.25,0.208700,yes,binary-state stress only; unmatched war finance/inflation/credit risk; posterior not data-identified
commercial_crisis,FR_rente_5pct,French_debt_impairment_not_Napoleon_collapse,0.3,60,0.25,0.308700,yes,binary-state stress only; unmatched war finance/inflation/credit risk; posterior not data-identified
commercial_crisis,FR_rente_5pct,French_debt_impairment_not_Napoleon_collapse,0.1,60,0.5,0.117400,yes,binary-state stress only; unmatched war finance/inflation/credit risk; posterior not data-identified
commercial_crisis,FR_rente_5pct,French_debt_impairment_not_Napoleon_collapse,0.2,60,0.5,0.217400,yes,binary-state stress only; unmatched war finance/inflation/credit risk; posterior not data-identified
commercial_crisis,FR_rente_5pct,French_debt_impairment_not_Napoleon_collapse,0.3,60,0.5,0.317400,yes,binary-state stress only; unmatched war finance/inflation/credit risk; posterior not data-identified
commercial_crisis,FR_rente_5pct,French_debt_impairment_not_Napoleon_collapse,0.1,60,1.0,0.134900,yes,binary-state stress only; unmatched war finance/inflation/credit risk; posterior not data-identified
commercial_crisis,FR_rente_5pct,French_debt_impairment_not_Napoleon_collapse,0.2,60,1.0,0.234900,yes,binary-state stress only; unmatched war finance/inflation/credit risk; posterior not data-identified
commercial_crisis,FR_rente_5pct,French_debt_impairment_not_Napoleon_collapse,0.3,60,1.0,0.334900,yes,binary-state stress only; unmatched war finance/inflation/credit risk; posterior not data-identified
gebora_badajoz,UK_consol_3pct,British_defeat_stylized,0.1,20,0.25,0.119000,yes,binary-state stress only; unmatched war finance/inflation/credit risk; posterior not data-identified
gebora_badajoz,UK_consol_3pct,British_defeat_stylized,0.2,20,0.25,0.219000,yes,binary-state stress only; unmatched war finance/inflation/credit risk; posterior not data-identified
gebora_badajoz,UK_consol_3pct,British_defeat_stylized,0.3,20,0.25,0.319000,yes,binary-state stress only; unmatched war finance/inflation/credit risk; posterior not data-identified
gebora_badajoz,UK_consol_3pct,British_defeat_stylized,0.1,20,0.5,0.138000,yes,binary-state stress only; unmatched war finance/inflation/credit risk; posterior not data-identified
gebora_badajoz,UK_consol_3pct,British_defeat_stylized,0.2,20,0.5,0.238000,yes,binary-state stress only; unmatched war finance/inflation/credit risk; posterior not data-identified
gebora_badajoz,UK_consol_3pct,British_defeat_stylized,0.3,20,0.5,0.338000,yes,binary-state stress only; unmatched war finance/inflation/credit risk; posterior not data-identified
gebora_badajoz,UK_consol_3pct,British_defeat_stylized,0.1,20,1.0,0.176000,yes,binary-state stress only; unmatched war finance/inflation/credit risk; posterior not data-identified
gebora_badajoz,UK_consol_3pct,British_defeat_stylized,0.2,20,1.0,0.276000,yes,binary-state stress only; unmatched war finance/inflation/credit risk; posterior not data-identified
gebora_badajoz,UK_consol_3pct,British_defeat_stylized,0.3,20,1.0,0.376000,yes,binary-state stress only; unmatched war finance/inflation/credit risk; posterior not data-identified
gebora_badajoz,UK_consol_3pct,British_defeat_stylized,0.1,40,0.25,0.109500,yes,binary-state stress only; unmatched war finance/inflation/credit risk; posterior not data-identified
gebora_badajoz,UK_consol_3pct,British_defeat_stylized,0.2,40,0.25,0.209500,yes,binary-state stress only; unmatched war finance/inflation/credit risk; posterior not data-identified
gebora_badajoz,UK_consol_3pct,British_defeat_stylized,0.3,40,0.25,0.309500,yes,binary-state stress only; unmatched war finance/inflation/credit risk; posterior not data-identified
gebora_badajoz,UK_consol_3pct,British_defeat_stylized,0.1,40,0.5,0.119000,yes,binary-state stress only; unmatched war finance/inflation/credit risk; posterior not data-identified
gebora_badajoz,UK_consol_3pct,British_defeat_stylized,0.2,40,0.5,0.219000,yes,binary-state stress only; unmatched war finance/inflation/credit risk; posterior not data-identified
gebora_badajoz,UK_consol_3pct,British_defeat_stylized,0.3,40,0.5,0.319000,yes,binary-state stress only; unmatched war finance/inflation/credit risk; posterior not data-identified
gebora_badajoz,UK_consol_3pct,British_defeat_stylized,0.1,40,1.0,0.138000,yes,binary-state stress only; unmatched war finance/inflation/credit risk; posterior not data-identified
gebora_badajoz,UK_consol_3pct,British_defeat_stylized,0.2,40,1.0,0.238000,yes,binary-state stress only; unmatched war finance/inflation/credit risk; posterior not data-identified
gebora_badajoz,UK_consol_3pct,British_defeat_stylized,0.3,40,1.0,0.338000,yes,binary-state stress only; unmatched war finance/inflation/credit risk; posterior not data-identified
gebora_badajoz,UK_consol_3pct,British_defeat_stylized,0.1,60,0.25,0.106300,yes,binary-state stress only; unmatched war finance/inflation/credit risk; posterior not data-identified
gebora_badajoz,UK_consol_3pct,British_defeat_stylized,0.2,60,0.25,0.206300,yes,binary-state stress only; unmatched war finance/inflation/credit risk; posterior not data-identified
gebora_badajoz,UK_consol_3pct,British_defeat_stylized,0.3,60,0.25,0.306300,yes,binary-state stress only; unmatched war finance/inflation/credit risk; posterior not data-identified
gebora_badajoz,UK_consol_3pct,British_defeat_stylized,0.1,60,0.5,0.112700,yes,binary-state stress only; unmatched war finance/inflation/credit risk; posterior not data-identified
gebora_badajoz,UK_consol_3pct,British_defeat_stylized,0.2,60,0.5,0.212700,yes,binary-state stress only; unmatched war finance/inflation/credit risk; posterior not data-identified
gebora_badajoz,UK_consol_3pct,British_defeat_stylized,0.3,60,0.5,0.312700,yes,binary-state stress only; unmatched war finance/inflation/credit risk; posterior not data-identified
gebora_badajoz,UK_consol_3pct,British_defeat_stylized,0.1,60,1.0,0.125300,yes,binary-state stress only; unmatched war finance/inflation/credit risk; posterior not data-identified
gebora_badajoz,UK_consol_3pct,British_defeat_stylized,0.2,60,1.0,0.225300,yes,binary-state stress only; unmatched war finance/inflation/credit risk; posterior not data-identified
gebora_badajoz,UK_consol_3pct,British_defeat_stylized,0.3,60,1.0,0.325300,yes,binary-state stress only; unmatched war finance/inflation/credit risk; posterior not data-identified
gebora_badajoz,FR_rente_5pct,French_debt_impairment_not_Napoleon_collapse,0.1,20,0.25,0.124700,yes,binary-state stress only; unmatched war finance/inflation/credit risk; posterior not data-identified
gebora_badajoz,FR_rente_5pct,French_debt_impairment_not_Napoleon_collapse,0.2,20,0.25,0.224700,yes,binary-state stress only; unmatched war finance/inflation/credit risk; posterior not data-identified
gebora_badajoz,FR_rente_5pct,French_debt_impairment_not_Napoleon_collapse,0.3,20,0.25,0.324700,yes,binary-state stress only; unmatched war finance/inflation/credit risk; posterior not data-identified
gebora_badajoz,FR_rente_5pct,French_debt_impairment_not_Napoleon_collapse,0.1,20,0.5,0.149300,yes,binary-state stress only; unmatched war finance/inflation/credit risk; posterior not data-identified
gebora_badajoz,FR_rente_5pct,French_debt_impairment_not_Napoleon_collapse,0.2,20,0.5,0.249300,yes,binary-state stress only; unmatched war finance/inflation/credit risk; posterior not data-identified
gebora_badajoz,FR_rente_5pct,French_debt_impairment_not_Napoleon_collapse,0.3,20,0.5,0.349300,yes,binary-state stress only; unmatched war finance/inflation/credit risk; posterior not data-identified
gebora_badajoz,FR_rente_5pct,French_debt_impairment_not_Napoleon_collapse,0.1,20,1.0,0.198600,yes,binary-state stress only; unmatched war finance/inflation/credit risk; posterior not data-identified
gebora_badajoz,FR_rente_5pct,French_debt_impairment_not_Napoleon_collapse,0.2,20,1.0,0.298600,yes,binary-state stress only; unmatched war finance/inflation/credit risk; posterior not data-identified
gebora_badajoz,FR_rente_5pct,French_debt_impairment_not_Napoleon_collapse,0.3,20,1.0,0.398600,yes,binary-state stress only; unmatched war finance/inflation/credit risk; posterior not data-identified
gebora_badajoz,FR_rente_5pct,French_debt_impairment_not_Napoleon_collapse,0.1,40,0.25,0.112300,yes,binary-state stress only; unmatched war finance/inflation/credit risk; posterior not data-identified
gebora_badajoz,FR_rente_5pct,French_debt_impairment_not_Napoleon_collapse,0.2,40,0.25,0.212300,yes,binary-state stress only; unmatched war finance/inflation/credit risk; posterior not data-identified
gebora_badajoz,FR_rente_5pct,French_debt_impairment_not_Napoleon_collapse,0.3,40,0.25,0.312300,yes,binary-state stress only; unmatched war finance/inflation/credit risk; posterior not data-identified
gebora_badajoz,FR_rente_5pct,French_debt_impairment_not_Napoleon_collapse,0.1,40,0.5,0.124700,yes,binary-state stress only; unmatched war finance/inflation/credit risk; posterior not data-identified
gebora_badajoz,FR_rente_5pct,French_debt_impairment_not_Napoleon_collapse,0.2,40,0.5,0.224700,yes,binary-state stress only; unmatched war finance/inflation/credit risk; posterior not data-identified
gebora_badajoz,FR_rente_5pct,French_debt_impairment_not_Napoleon_collapse,0.3,40,0.5,0.324700,yes,binary-state stress only; unmatched war finance/inflation/credit risk; posterior not data-identified
gebora_badajoz,FR_rente_5pct,French_debt_impairment_not_Napoleon_collapse,0.1,40,1.0,0.149300,yes,binary-state stress only; unmatched war finance/inflation/credit risk; posterior not data-identified
gebora_badajoz,FR_rente_5pct,French_debt_impairment_not_Napoleon_collapse,0.2,40,1.0,0.249300,yes,binary-state stress only; unmatched war finance/inflation/credit risk; posterior not data-identified
gebora_badajoz,FR_rente_5pct,French_debt_impairment_not_Napoleon_collapse,0.3,40,1.0,0.349300,yes,binary-state stress only; unmatched war finance/inflation/credit risk; posterior not data-identified
gebora_badajoz,FR_rente_5pct,French_debt_impairment_not_Napoleon_collapse,0.1,60,0.25,0.108200,yes,binary-state stress only; unmatched war finance/inflation/credit risk; posterior not data-identified
gebora_badajoz,FR_rente_5pct,French_debt_impairment_not_Napoleon_collapse,0.2,60,0.25,0.208200,yes,binary-state stress only; unmatched war finance/inflation/credit risk; posterior not data-identified
gebora_badajoz,FR_rente_5pct,French_debt_impairment_not_Napoleon_collapse,0.3,60,0.25,0.308200,yes,binary-state stress only; unmatched war finance/inflation/credit risk; posterior not data-identified
gebora_badajoz,FR_rente_5pct,French_debt_impairment_not_Napoleon_collapse,0.1,60,0.5,0.116400,yes,binary-state stress only; unmatched war finance/inflation/credit risk; posterior not data-identified
gebora_badajoz,FR_rente_5pct,French_debt_impairment_not_Napoleon_collapse,0.2,60,0.5,0.216400,yes,binary-state stress only; unmatched war finance/inflation/credit risk; posterior not data-identified
gebora_badajoz,FR_rente_5pct,French_debt_impairment_not_Napoleon_collapse,0.3,60,0.5,0.316400,yes,binary-state stress only; unmatched war finance/inflation/credit risk; posterior not data-identified
gebora_badajoz,FR_rente_5pct,French_debt_impairment_not_Napoleon_collapse,0.1,60,1.0,0.132900,yes,binary-state stress only; unmatched war finance/inflation/credit risk; posterior not data-identified
gebora_badajoz,FR_rente_5pct,French_debt_impairment_not_Napoleon_collapse,0.2,60,1.0,0.232900,yes,binary-state stress only; unmatched war finance/inflation/credit risk; posterior not data-identified
gebora_badajoz,FR_rente_5pct,French_debt_impairment_not_Napoleon_collapse,0.3,60,1.0,0.332900,yes,binary-state stress only; unmatched war finance/inflation/credit risk; posterior not data-identified
america_war,UK_consol_3pct,British_defeat_stylized,0.1,20,0.25,0.094500,yes,binary-state stress only; unmatched war finance/inflation/credit risk; posterior not data-identified
america_war,UK_consol_3pct,British_defeat_stylized,0.2,20,0.25,0.194500,yes,binary-state stress only; unmatched war finance/inflation/credit risk; posterior not data-identified
america_war,UK_consol_3pct,British_defeat_stylized,0.3,20,0.25,0.294500,yes,binary-state stress only; unmatched war finance/inflation/credit risk; posterior not data-identified
america_war,UK_consol_3pct,British_defeat_stylized,0.1,20,0.5,0.089000,yes,binary-state stress only; unmatched war finance/inflation/credit risk; posterior not data-identified
america_war,UK_consol_3pct,British_defeat_stylized,0.2,20,0.5,0.189000,yes,binary-state stress only; unmatched war finance/inflation/credit risk; posterior not data-identified
america_war,UK_consol_3pct,British_defeat_stylized,0.3,20,0.5,0.289000,yes,binary-state stress only; unmatched war finance/inflation/credit risk; posterior not data-identified
america_war,UK_consol_3pct,British_defeat_stylized,0.1,20,1.0,0.077900,yes,binary-state stress only; unmatched war finance/inflation/credit risk; posterior not data-identified
america_war,UK_consol_3pct,British_defeat_stylized,0.2,20,1.0,0.177900,yes,binary-state stress only; unmatched war finance/inflation/credit risk; posterior not data-identified
america_war,UK_consol_3pct,British_defeat_stylized,0.3,20,1.0,0.277900,yes,binary-state stress only; unmatched war finance/inflation/credit risk; posterior not data-identified
america_war,UK_consol_3pct,British_defeat_stylized,0.1,40,0.25,0.097200,yes,binary-state stress only; unmatched war finance/inflation/credit risk; posterior not data-identified
america_war,UK_consol_3pct,British_defeat_stylized,0.2,40,0.25,0.197200,yes,binary-state stress only; unmatched war finance/inflation/credit risk; posterior not data-identified
america_war,UK_consol_3pct,British_defeat_stylized,0.3,40,0.25,0.297200,yes,binary-state stress only; unmatched war finance/inflation/credit risk; posterior not data-identified
america_war,UK_consol_3pct,British_defeat_stylized,0.1,40,0.5,0.094500,yes,binary-state stress only; unmatched war finance/inflation/credit risk; posterior not data-identified
america_war,UK_consol_3pct,British_defeat_stylized,0.2,40,0.5,0.194500,yes,binary-state stress only; unmatched war finance/inflation/credit risk; posterior not data-identified
america_war,UK_consol_3pct,British_defeat_stylized,0.3,40,0.5,0.294500,yes,binary-state stress only; unmatched war finance/inflation/credit risk; posterior not data-identified
america_war,UK_consol_3pct,British_defeat_stylized,0.1,40,1.0,0.089000,yes,binary-state stress only; unmatched war finance/inflation/credit risk; posterior not data-identified
america_war,UK_consol_3pct,British_defeat_stylized,0.2,40,1.0,0.189000,yes,binary-state stress only; unmatched war finance/inflation/credit risk; posterior not data-identified
america_war,UK_consol_3pct,British_defeat_stylized,0.3,40,1.0,0.289000,yes,binary-state stress only; unmatched war finance/inflation/credit risk; posterior not data-identified
america_war,UK_consol_3pct,British_defeat_stylized,0.1,60,0.25,0.098200,yes,binary-state stress only; unmatched war finance/inflation/credit risk; posterior not data-identified
america_war,UK_consol_3pct,British_defeat_stylized,0.2,60,0.25,0.198200,yes,binary-state stress only; unmatched war finance/inflation/credit risk; posterior not data-identified
america_war,UK_consol_3pct,British_defeat_stylized,0.3,60,0.25,0.298200,yes,binary-state stress only; unmatched war finance/inflation/credit risk; posterior not data-identified
america_war,UK_consol_3pct,British_defeat_stylized,0.1,60,0.5,0.096300,yes,binary-state stress only; unmatched war finance/inflation/credit risk; posterior not data-identified
america_war,UK_consol_3pct,British_defeat_stylized,0.2,60,0.5,0.196300,yes,binary-state stress only; unmatched war finance/inflation/credit risk; posterior not data-identified
america_war,UK_consol_3pct,British_defeat_stylized,0.3,60,0.5,0.296300,yes,binary-state stress only; unmatched war finance/inflation/credit risk; posterior not data-identified
america_war,UK_consol_3pct,British_defeat_stylized,0.1,60,1.0,0.092600,yes,binary-state stress only; unmatched war finance/inflation/credit risk; posterior not data-identified
america_war,UK_consol_3pct,British_defeat_stylized,0.2,60,1.0,0.192600,yes,binary-state stress only; unmatched war finance/inflation/credit risk; posterior not data-identified
america_war,UK_consol_3pct,British_defeat_stylized,0.3,60,1.0,0.292600,yes,binary-state stress only; unmatched war finance/inflation/credit risk; posterior not data-identified
america_war,FR_rente_5pct,French_debt_impairment_not_Napoleon_collapse,0.1,20,0.25,0.099500,yes,binary-state stress only; unmatched war finance/inflation/credit risk; posterior not data-identified
america_war,FR_rente_5pct,French_debt_impairment_not_Napoleon_collapse,0.2,20,0.25,0.199500,yes,binary-state stress only; unmatched war finance/inflation/credit risk; posterior not data-identified
america_war,FR_rente_5pct,French_debt_impairment_not_Napoleon_collapse,0.3,20,0.25,0.299500,yes,binary-state stress only; unmatched war finance/inflation/credit risk; posterior not data-identified
america_war,FR_rente_5pct,French_debt_impairment_not_Napoleon_collapse,0.1,20,0.5,0.099000,yes,binary-state stress only; unmatched war finance/inflation/credit risk; posterior not data-identified
america_war,FR_rente_5pct,French_debt_impairment_not_Napoleon_collapse,0.2,20,0.5,0.199000,yes,binary-state stress only; unmatched war finance/inflation/credit risk; posterior not data-identified
america_war,FR_rente_5pct,French_debt_impairment_not_Napoleon_collapse,0.3,20,0.5,0.299000,yes,binary-state stress only; unmatched war finance/inflation/credit risk; posterior not data-identified
america_war,FR_rente_5pct,French_debt_impairment_not_Napoleon_collapse,0.1,20,1.0,0.098000,yes,binary-state stress only; unmatched war finance/inflation/credit risk; posterior not data-identified
america_war,FR_rente_5pct,French_debt_impairment_not_Napoleon_collapse,0.2,20,1.0,0.198000,yes,binary-state stress only; unmatched war finance/inflation/credit risk; posterior not data-identified
america_war,FR_rente_5pct,French_debt_impairment_not_Napoleon_collapse,0.3,20,1.0,0.298000,yes,binary-state stress only; unmatched war finance/inflation/credit risk; posterior not data-identified
america_war,FR_rente_5pct,French_debt_impairment_not_Napoleon_collapse,0.1,40,0.25,0.099800,yes,binary-state stress only; unmatched war finance/inflation/credit risk; posterior not data-identified
america_war,FR_rente_5pct,French_debt_impairment_not_Napoleon_collapse,0.2,40,0.25,0.199800,yes,binary-state stress only; unmatched war finance/inflation/credit risk; posterior not data-identified
america_war,FR_rente_5pct,French_debt_impairment_not_Napoleon_collapse,0.3,40,0.25,0.299800,yes,binary-state stress only; unmatched war finance/inflation/credit risk; posterior not data-identified
america_war,FR_rente_5pct,French_debt_impairment_not_Napoleon_collapse,0.1,40,0.5,0.099500,yes,binary-state stress only; unmatched war finance/inflation/credit risk; posterior not data-identified
america_war,FR_rente_5pct,French_debt_impairment_not_Napoleon_collapse,0.2,40,0.5,0.199500,yes,binary-state stress only; unmatched war finance/inflation/credit risk; posterior not data-identified
america_war,FR_rente_5pct,French_debt_impairment_not_Napoleon_collapse,0.3,40,0.5,0.299500,yes,binary-state stress only; unmatched war finance/inflation/credit risk; posterior not data-identified
america_war,FR_rente_5pct,French_debt_impairment_not_Napoleon_collapse,0.1,40,1.0,0.099000,yes,binary-state stress only; unmatched war finance/inflation/credit risk; posterior not data-identified
america_war,FR_rente_5pct,French_debt_impairment_not_Napoleon_collapse,0.2,40,1.0,0.199000,yes,binary-state stress only; unmatched war finance/inflation/credit risk; posterior not data-identified
america_war,FR_rente_5pct,French_debt_impairment_not_Napoleon_collapse,0.3,40,1.0,0.299000,yes,binary-state stress only; unmatched war finance/inflation/credit risk; posterior not data-identified
america_war,FR_rente_5pct,French_debt_impairment_not_Napoleon_collapse,0.1,60,0.25,0.099800,yes,binary-state stress only; unmatched war finance/inflation/credit risk; posterior not data-identified
america_war,FR_rente_5pct,French_debt_impairment_not_Napoleon_collapse,0.2,60,0.25,0.199800,yes,binary-state stress only; unmatched war finance/inflation/credit risk; posterior not data-identified
america_war,FR_rente_5pct,French_debt_impairment_not_Napoleon_collapse,0.3,60,0.25,0.299800,yes,binary-state stress only; unmatched war finance/inflation/credit risk; posterior not data-identified
america_war,FR_rente_5pct,French_debt_impairment_not_Napoleon_collapse,0.1,60,0.5,0.099700,yes,binary-state stress only; unmatched war finance/inflation/credit risk; posterior not data-identified
america_war,FR_rente_5pct,French_debt_impairment_not_Napoleon_collapse,0.2,60,0.5,0.199700,yes,binary-state stress only; unmatched war finance/inflation/credit risk; posterior not data-identified
america_war,FR_rente_5pct,French_debt_impairment_not_Napoleon_collapse,0.3,60,0.5,0.299700,yes,binary-state stress only; unmatched war finance/inflation/credit risk; posterior not data-identified
america_war,FR_rente_5pct,French_debt_impairment_not_Napoleon_collapse,0.1,60,1.0,0.099300,yes,binary-state stress only; unmatched war finance/inflation/credit risk; posterior not data-identified
america_war,FR_rente_5pct,French_debt_impairment_not_Napoleon_collapse,0.2,60,1.0,0.199300,yes,binary-state stress only; unmatched war finance/inflation/credit risk; posterior not data-identified
america_war,FR_rente_5pct,French_debt_impairment_not_Napoleon_collapse,0.3,60,1.0,0.299300,yes,binary-state stress only; unmatched war finance/inflation/credit risk; posterior not data-identified
russian_invasion,UK_consol_3pct,British_defeat_stylized,0.1,20,0.25,0.194400,yes,binary-state stress only; unmatched war finance/inflation/credit risk; posterior not data-identified
russian_invasion,UK_consol_3pct,British_defeat_stylized,0.2,20,0.25,0.294400,yes,binary-state stress only; unmatched war finance/inflation/credit risk; posterior not data-identified
russian_invasion,UK_consol_3pct,British_defeat_stylized,0.3,20,0.25,0.394400,yes,binary-state stress only; unmatched war finance/inflation/credit risk; posterior not data-identified
russian_invasion,UK_consol_3pct,British_defeat_stylized,0.1,20,0.5,0.288800,yes,binary-state stress only; unmatched war finance/inflation/credit risk; posterior not data-identified
russian_invasion,UK_consol_3pct,British_defeat_stylized,0.2,20,0.5,0.388800,yes,binary-state stress only; unmatched war finance/inflation/credit risk; posterior not data-identified
russian_invasion,UK_consol_3pct,British_defeat_stylized,0.3,20,0.5,0.488800,yes,binary-state stress only; unmatched war finance/inflation/credit risk; posterior not data-identified
russian_invasion,UK_consol_3pct,British_defeat_stylized,0.1,20,1.0,0.477600,yes,binary-state stress only; unmatched war finance/inflation/credit risk; posterior not data-identified
russian_invasion,UK_consol_3pct,British_defeat_stylized,0.2,20,1.0,0.577600,yes,binary-state stress only; unmatched war finance/inflation/credit risk; posterior not data-identified
russian_invasion,UK_consol_3pct,British_defeat_stylized,0.3,20,1.0,0.677600,yes,binary-state stress only; unmatched war finance/inflation/credit risk; posterior not data-identified
russian_invasion,UK_consol_3pct,British_defeat_stylized,0.1,40,0.25,0.147200,yes,binary-state stress only; unmatched war finance/inflation/credit risk; posterior not data-identified
russian_invasion,UK_consol_3pct,British_defeat_stylized,0.2,40,0.25,0.247200,yes,binary-state stress only; unmatched war finance/inflation/credit risk; posterior not data-identified
russian_invasion,UK_consol_3pct,British_defeat_stylized,0.3,40,0.25,0.347200,yes,binary-state stress only; unmatched war finance/inflation/credit risk; posterior not data-identified
russian_invasion,UK_consol_3pct,British_defeat_stylized,0.1,40,0.5,0.194400,yes,binary-state stress only; unmatched war finance/inflation/credit risk; posterior not data-identified
russian_invasion,UK_consol_3pct,British_defeat_stylized,0.2,40,0.5,0.294400,yes,binary-state stress only; unmatched war finance/inflation/credit risk; posterior not data-identified
russian_invasion,UK_consol_3pct,British_defeat_stylized,0.3,40,0.5,0.394400,yes,binary-state stress only; unmatched war finance/inflation/credit risk; posterior not data-identified
russian_invasion,UK_consol_3pct,British_defeat_stylized,0.1,40,1.0,0.288800,yes,binary-state stress only; unmatched war finance/inflation/credit risk; posterior not data-identified
russian_invasion,UK_consol_3pct,British_defeat_stylized,0.2,40,1.0,0.388800,yes,binary-state stress only; unmatched war finance/inflation/credit risk; posterior not data-identified
russian_invasion,UK_consol_3pct,British_defeat_stylized,0.3,40,1.0,0.488800,yes,binary-state stress only; unmatched war finance/inflation/credit risk; posterior not data-identified
russian_invasion,UK_consol_3pct,British_defeat_stylized,0.1,60,0.25,0.131500,yes,binary-state stress only; unmatched war finance/inflation/credit risk; posterior not data-identified
russian_invasion,UK_consol_3pct,British_defeat_stylized,0.2,60,0.25,0.231500,yes,binary-state stress only; unmatched war finance/inflation/credit risk; posterior not data-identified
russian_invasion,UK_consol_3pct,British_defeat_stylized,0.3,60,0.25,0.331500,yes,binary-state stress only; unmatched war finance/inflation/credit risk; posterior not data-identified
russian_invasion,UK_consol_3pct,British_defeat_stylized,0.1,60,0.5,0.162900,yes,binary-state stress only; unmatched war finance/inflation/credit risk; posterior not data-identified
russian_invasion,UK_consol_3pct,British_defeat_stylized,0.2,60,0.5,0.262900,yes,binary-state stress only; unmatched war finance/inflation/credit risk; posterior not data-identified
russian_invasion,UK_consol_3pct,British_defeat_stylized,0.3,60,0.5,0.362900,yes,binary-state stress only; unmatched war finance/inflation/credit risk; posterior not data-identified
russian_invasion,UK_consol_3pct,British_defeat_stylized,0.1,60,1.0,0.225900,yes,binary-state stress only; unmatched war finance/inflation/credit risk; posterior not data-identified
russian_invasion,UK_consol_3pct,British_defeat_stylized,0.2,60,1.0,0.325900,yes,binary-state stress only; unmatched war finance/inflation/credit risk; posterior not data-identified
russian_invasion,UK_consol_3pct,British_defeat_stylized,0.3,60,1.0,0.425900,yes,binary-state stress only; unmatched war finance/inflation/credit risk; posterior not data-identified
russian_invasion,FR_rente_5pct,French_debt_impairment_not_Napoleon_collapse,0.1,20,0.25,0.091400,yes,binary-state stress only; unmatched war finance/inflation/credit risk; posterior not data-identified
russian_invasion,FR_rente_5pct,French_debt_impairment_not_Napoleon_collapse,0.2,20,0.25,0.191400,yes,binary-state stress only; unmatched war finance/inflation/credit risk; posterior not data-identified
russian_invasion,FR_rente_5pct,French_debt_impairment_not_Napoleon_collapse,0.3,20,0.25,0.291400,yes,binary-state stress only; unmatched war finance/inflation/credit risk; posterior not data-identified
russian_invasion,FR_rente_5pct,French_debt_impairment_not_Napoleon_collapse,0.1,20,0.5,0.082800,yes,binary-state stress only; unmatched war finance/inflation/credit risk; posterior not data-identified
russian_invasion,FR_rente_5pct,French_debt_impairment_not_Napoleon_collapse,0.2,20,0.5,0.182800,yes,binary-state stress only; unmatched war finance/inflation/credit risk; posterior not data-identified
russian_invasion,FR_rente_5pct,French_debt_impairment_not_Napoleon_collapse,0.3,20,0.5,0.282800,yes,binary-state stress only; unmatched war finance/inflation/credit risk; posterior not data-identified
russian_invasion,FR_rente_5pct,French_debt_impairment_not_Napoleon_collapse,0.1,20,1.0,0.065700,yes,binary-state stress only; unmatched war finance/inflation/credit risk; posterior not data-identified
russian_invasion,FR_rente_5pct,French_debt_impairment_not_Napoleon_collapse,0.2,20,1.0,0.165700,yes,binary-state stress only; unmatched war finance/inflation/credit risk; posterior not data-identified
russian_invasion,FR_rente_5pct,French_debt_impairment_not_Napoleon_collapse,0.3,20,1.0,0.265700,yes,binary-state stress only; unmatched war finance/inflation/credit risk; posterior not data-identified
russian_invasion,FR_rente_5pct,French_debt_impairment_not_Napoleon_collapse,0.1,40,0.25,0.095700,yes,binary-state stress only; unmatched war finance/inflation/credit risk; posterior not data-identified
russian_invasion,FR_rente_5pct,French_debt_impairment_not_Napoleon_collapse,0.2,40,0.25,0.195700,yes,binary-state stress only; unmatched war finance/inflation/credit risk; posterior not data-identified
russian_invasion,FR_rente_5pct,French_debt_impairment_not_Napoleon_collapse,0.3,40,0.25,0.295700,yes,binary-state stress only; unmatched war finance/inflation/credit risk; posterior not data-identified
russian_invasion,FR_rente_5pct,French_debt_impairment_not_Napoleon_collapse,0.1,40,0.5,0.091400,yes,binary-state stress only; unmatched war finance/inflation/credit risk; posterior not data-identified
russian_invasion,FR_rente_5pct,French_debt_impairment_not_Napoleon_collapse,0.2,40,0.5,0.191400,yes,binary-state stress only; unmatched war finance/inflation/credit risk; posterior not data-identified
russian_invasion,FR_rente_5pct,French_debt_impairment_not_Napoleon_collapse,0.3,40,0.5,0.291400,yes,binary-state stress only; unmatched war finance/inflation/credit risk; posterior not data-identified
russian_invasion,FR_rente_5pct,French_debt_impairment_not_Napoleon_collapse,0.1,40,1.0,0.082800,yes,binary-state stress only; unmatched war finance/inflation/credit risk; posterior not data-identified
russian_invasion,FR_rente_5pct,French_debt_impairment_not_Napoleon_collapse,0.2,40,1.0,0.182800,yes,binary-state stress only; unmatched war finance/inflation/credit risk; posterior not data-identified
russian_invasion,FR_rente_5pct,French_debt_impairment_not_Napoleon_collapse,0.3,40,1.0,0.282800,yes,binary-state stress only; unmatched war finance/inflation/credit risk; posterior not data-identified
russian_invasion,FR_rente_5pct,French_debt_impairment_not_Napoleon_collapse,0.1,60,0.25,0.097100,yes,binary-state stress only; unmatched war finance/inflation/credit risk; posterior not data-identified
russian_invasion,FR_rente_5pct,French_debt_impairment_not_Napoleon_collapse,0.2,60,0.25,0.197100,yes,binary-state stress only; unmatched war finance/inflation/credit risk; posterior not data-identified
russian_invasion,FR_rente_5pct,French_debt_impairment_not_Napoleon_collapse,0.3,60,0.25,0.297100,yes,binary-state stress only; unmatched war finance/inflation/credit risk; posterior not data-identified
russian_invasion,FR_rente_5pct,French_debt_impairment_not_Napoleon_collapse,0.1,60,0.5,0.094300,yes,binary-state stress only; unmatched war finance/inflation/credit risk; posterior not data-identified
russian_invasion,FR_rente_5pct,French_debt_impairment_not_Napoleon_collapse,0.2,60,0.5,0.194300,yes,binary-state stress only; unmatched war finance/inflation/credit risk; posterior not data-identified
russian_invasion,FR_rente_5pct,French_debt_impairment_not_Napoleon_collapse,0.3,60,0.5,0.294300,yes,binary-state stress only; unmatched war finance/inflation/credit risk; posterior not data-identified
russian_invasion,FR_rente_5pct,French_debt_impairment_not_Napoleon_collapse,0.1,60,1.0,0.088600,yes,binary-state stress only; unmatched war finance/inflation/credit risk; posterior not data-identified
russian_invasion,FR_rente_5pct,French_debt_impairment_not_Napoleon_collapse,0.2,60,1.0,0.188600,yes,binary-state stress only; unmatched war finance/inflation/credit risk; posterior not data-identified
russian_invasion,FR_rente_5pct,French_debt_impairment_not_Napoleon_collapse,0.3,60,1.0,0.288600,yes,binary-state stress only; unmatched war finance/inflation/credit risk; posterior not data-identified
russia_retreat,UK_consol_3pct,British_defeat_stylized,0.1,20,0.25,0.081300,yes,binary-state stress only; unmatched war finance/inflation/credit risk; posterior not data-identified
russia_retreat,UK_consol_3pct,British_defeat_stylized,0.2,20,0.25,0.181300,yes,binary-state stress only; unmatched war finance/inflation/credit risk; posterior not data-identified
russia_retreat,UK_consol_3pct,British_defeat_stylized,0.3,20,0.25,0.281300,yes,binary-state stress only; unmatched war finance/inflation/credit risk; posterior not data-identified
russia_retreat,UK_consol_3pct,British_defeat_stylized,0.1,20,0.5,0.062500,yes,binary-state stress only; unmatched war finance/inflation/credit risk; posterior not data-identified
russia_retreat,UK_consol_3pct,British_defeat_stylized,0.2,20,0.5,0.162500,yes,binary-state stress only; unmatched war finance/inflation/credit risk; posterior not data-identified
russia_retreat,UK_consol_3pct,British_defeat_stylized,0.3,20,0.5,0.262500,yes,binary-state stress only; unmatched war finance/inflation/credit risk; posterior not data-identified
russia_retreat,UK_consol_3pct,British_defeat_stylized,0.1,20,1.0,0.025100,yes,binary-state stress only; unmatched war finance/inflation/credit risk; posterior not data-identified
russia_retreat,UK_consol_3pct,British_defeat_stylized,0.2,20,1.0,0.125100,yes,binary-state stress only; unmatched war finance/inflation/credit risk; posterior not data-identified
russia_retreat,UK_consol_3pct,British_defeat_stylized,0.3,20,1.0,0.225100,yes,binary-state stress only; unmatched war finance/inflation/credit risk; posterior not data-identified
russia_retreat,UK_consol_3pct,British_defeat_stylized,0.1,40,0.25,0.090600,yes,binary-state stress only; unmatched war finance/inflation/credit risk; posterior not data-identified
russia_retreat,UK_consol_3pct,British_defeat_stylized,0.2,40,0.25,0.190600,yes,binary-state stress only; unmatched war finance/inflation/credit risk; posterior not data-identified
russia_retreat,UK_consol_3pct,British_defeat_stylized,0.3,40,0.25,0.290600,yes,binary-state stress only; unmatched war finance/inflation/credit risk; posterior not data-identified
russia_retreat,UK_consol_3pct,British_defeat_stylized,0.1,40,0.5,0.081300,yes,binary-state stress only; unmatched war finance/inflation/credit risk; posterior not data-identified
russia_retreat,UK_consol_3pct,British_defeat_stylized,0.2,40,0.5,0.181300,yes,binary-state stress only; unmatched war finance/inflation/credit risk; posterior not data-identified
russia_retreat,UK_consol_3pct,British_defeat_stylized,0.3,40,0.5,0.281300,yes,binary-state stress only; unmatched war finance/inflation/credit risk; posterior not data-identified
russia_retreat,UK_consol_3pct,British_defeat_stylized,0.1,40,1.0,0.062500,yes,binary-state stress only; unmatched war finance/inflation/credit risk; posterior not data-identified
russia_retreat,UK_consol_3pct,British_defeat_stylized,0.2,40,1.0,0.162500,yes,binary-state stress only; unmatched war finance/inflation/credit risk; posterior not data-identified
russia_retreat,UK_consol_3pct,British_defeat_stylized,0.3,40,1.0,0.262500,yes,binary-state stress only; unmatched war finance/inflation/credit risk; posterior not data-identified
russia_retreat,UK_consol_3pct,British_defeat_stylized,0.1,60,0.25,0.093800,yes,binary-state stress only; unmatched war finance/inflation/credit risk; posterior not data-identified
russia_retreat,UK_consol_3pct,British_defeat_stylized,0.2,60,0.25,0.193800,yes,binary-state stress only; unmatched war finance/inflation/credit risk; posterior not data-identified
russia_retreat,UK_consol_3pct,British_defeat_stylized,0.3,60,0.25,0.293800,yes,binary-state stress only; unmatched war finance/inflation/credit risk; posterior not data-identified
russia_retreat,UK_consol_3pct,British_defeat_stylized,0.1,60,0.5,0.087500,yes,binary-state stress only; unmatched war finance/inflation/credit risk; posterior not data-identified
russia_retreat,UK_consol_3pct,British_defeat_stylized,0.2,60,0.5,0.187500,yes,binary-state stress only; unmatched war finance/inflation/credit risk; posterior not data-identified
russia_retreat,UK_consol_3pct,British_defeat_stylized,0.3,60,0.5,0.287500,yes,binary-state stress only; unmatched war finance/inflation/credit risk; posterior not data-identified
russia_retreat,UK_consol_3pct,British_defeat_stylized,0.1,60,1.0,0.075000,yes,binary-state stress only; unmatched war finance/inflation/credit risk; posterior not data-identified
russia_retreat,UK_consol_3pct,British_defeat_stylized,0.2,60,1.0,0.175000,yes,binary-state stress only; unmatched war finance/inflation/credit risk; posterior not data-identified
russia_retreat,UK_consol_3pct,British_defeat_stylized,0.3,60,1.0,0.275000,yes,binary-state stress only; unmatched war finance/inflation/credit risk; posterior not data-identified
russia_retreat,FR_rente_5pct,French_debt_impairment_not_Napoleon_collapse,0.1,20,0.25,0.124900,yes,binary-state stress only; unmatched war finance/inflation/credit risk; posterior not data-identified
russia_retreat,FR_rente_5pct,French_debt_impairment_not_Napoleon_collapse,0.2,20,0.25,0.224900,yes,binary-state stress only; unmatched war finance/inflation/credit risk; posterior not data-identified
russia_retreat,FR_rente_5pct,French_debt_impairment_not_Napoleon_collapse,0.3,20,0.25,0.324900,yes,binary-state stress only; unmatched war finance/inflation/credit risk; posterior not data-identified
russia_retreat,FR_rente_5pct,French_debt_impairment_not_Napoleon_collapse,0.1,20,0.5,0.149700,yes,binary-state stress only; unmatched war finance/inflation/credit risk; posterior not data-identified
russia_retreat,FR_rente_5pct,French_debt_impairment_not_Napoleon_collapse,0.2,20,0.5,0.249700,yes,binary-state stress only; unmatched war finance/inflation/credit risk; posterior not data-identified
russia_retreat,FR_rente_5pct,French_debt_impairment_not_Napoleon_collapse,0.3,20,0.5,0.349700,yes,binary-state stress only; unmatched war finance/inflation/credit risk; posterior not data-identified
russia_retreat,FR_rente_5pct,French_debt_impairment_not_Napoleon_collapse,0.1,20,1.0,0.199500,yes,binary-state stress only; unmatched war finance/inflation/credit risk; posterior not data-identified
russia_retreat,FR_rente_5pct,French_debt_impairment_not_Napoleon_collapse,0.2,20,1.0,0.299500,yes,binary-state stress only; unmatched war finance/inflation/credit risk; posterior not data-identified
russia_retreat,FR_rente_5pct,French_debt_impairment_not_Napoleon_collapse,0.3,20,1.0,0.399500,yes,binary-state stress only; unmatched war finance/inflation/credit risk; posterior not data-identified
russia_retreat,FR_rente_5pct,French_debt_impairment_not_Napoleon_collapse,0.1,40,0.25,0.112400,yes,binary-state stress only; unmatched war finance/inflation/credit risk; posterior not data-identified
russia_retreat,FR_rente_5pct,French_debt_impairment_not_Napoleon_collapse,0.2,40,0.25,0.212400,yes,binary-state stress only; unmatched war finance/inflation/credit risk; posterior not data-identified
russia_retreat,FR_rente_5pct,French_debt_impairment_not_Napoleon_collapse,0.3,40,0.25,0.312400,yes,binary-state stress only; unmatched war finance/inflation/credit risk; posterior not data-identified
russia_retreat,FR_rente_5pct,French_debt_impairment_not_Napoleon_collapse,0.1,40,0.5,0.124900,yes,binary-state stress only; unmatched war finance/inflation/credit risk; posterior not data-identified
russia_retreat,FR_rente_5pct,French_debt_impairment_not_Napoleon_collapse,0.2,40,0.5,0.224900,yes,binary-state stress only; unmatched war finance/inflation/credit risk; posterior not data-identified
russia_retreat,FR_rente_5pct,French_debt_impairment_not_Napoleon_collapse,0.3,40,0.5,0.324900,yes,binary-state stress only; unmatched war finance/inflation/credit risk; posterior not data-identified
russia_retreat,FR_rente_5pct,French_debt_impairment_not_Napoleon_collapse,0.1,40,1.0,0.149700,yes,binary-state stress only; unmatched war finance/inflation/credit risk; posterior not data-identified
russia_retreat,FR_rente_5pct,French_debt_impairment_not_Napoleon_collapse,0.2,40,1.0,0.249700,yes,binary-state stress only; unmatched war finance/inflation/credit risk; posterior not data-identified
russia_retreat,FR_rente_5pct,French_debt_impairment_not_Napoleon_collapse,0.3,40,1.0,0.349700,yes,binary-state stress only; unmatched war finance/inflation/credit risk; posterior not data-identified
russia_retreat,FR_rente_5pct,French_debt_impairment_not_Napoleon_collapse,0.1,60,0.25,0.108300,yes,binary-state stress only; unmatched war finance/inflation/credit risk; posterior not data-identified
russia_retreat,FR_rente_5pct,French_debt_impairment_not_Napoleon_collapse,0.2,60,0.25,0.208300,yes,binary-state stress only; unmatched war finance/inflation/credit risk; posterior not data-identified
russia_retreat,FR_rente_5pct,French_debt_impairment_not_Napoleon_collapse,0.3,60,0.25,0.308300,yes,binary-state stress only; unmatched war finance/inflation/credit risk; posterior not data-identified
russia_retreat,FR_rente_5pct,French_debt_impairment_not_Napoleon_collapse,0.1,60,0.5,0.116600,yes,binary-state stress only; unmatched war finance/inflation/credit risk; posterior not data-identified
russia_retreat,FR_rente_5pct,French_debt_impairment_not_Napoleon_collapse,0.2,60,0.5,0.216600,yes,binary-state stress only; unmatched war finance/inflation/credit risk; posterior not data-identified
russia_retreat,FR_rente_5pct,French_debt_impairment_not_Napoleon_collapse,0.3,60,0.5,0.316600,yes,binary-state stress only; unmatched war finance/inflation/credit risk; posterior not data-identified
russia_retreat,FR_rente_5pct,French_debt_impairment_not_Napoleon_collapse,0.1,60,1.0,0.133200,yes,binary-state stress only; unmatched war finance/inflation/credit risk; posterior not data-identified
russia_retreat,FR_rente_5pct,French_debt_impairment_not_Napoleon_collapse,0.2,60,1.0,0.233200,yes,binary-state stress only; unmatched war finance/inflation/credit risk; posterior not data-identified
russia_retreat,FR_rente_5pct,French_debt_impairment_not_Napoleon_collapse,0.3,60,1.0,0.333200,yes,binary-state stress only; unmatched war finance/inflation/credit risk; posterior not data-identified
leipzig,UK_consol_3pct,British_defeat_stylized,0.1,20,0.25,0.073400,yes,binary-state stress only; unmatched war finance/inflation/credit risk; posterior not data-identified
leipzig,UK_consol_3pct,British_defeat_stylized,0.2,20,0.25,0.173400,yes,binary-state stress only; unmatched war finance/inflation/credit risk; posterior not data-identified
leipzig,UK_consol_3pct,British_defeat_stylized,0.3,20,0.25,0.273400,yes,binary-state stress only; unmatched war finance/inflation/credit risk; posterior not data-identified
leipzig,UK_consol_3pct,British_defeat_stylized,0.1,20,0.5,0.046800,yes,binary-state stress only; unmatched war finance/inflation/credit risk; posterior not data-identified
leipzig,UK_consol_3pct,British_defeat_stylized,0.2,20,0.5,0.146800,yes,binary-state stress only; unmatched war finance/inflation/credit risk; posterior not data-identified
leipzig,UK_consol_3pct,British_defeat_stylized,0.3,20,0.5,0.246800,yes,binary-state stress only; unmatched war finance/inflation/credit risk; posterior not data-identified
leipzig,UK_consol_3pct,British_defeat_stylized,0.1,20,1.0,-0.006400,no,binary-state stress only; unmatched war finance/inflation/credit risk; posterior not data-identified
leipzig,UK_consol_3pct,British_defeat_stylized,0.2,20,1.0,0.093600,yes,binary-state stress only; unmatched war finance/inflation/credit risk; posterior not data-identified
leipzig,UK_consol_3pct,British_defeat_stylized,0.3,20,1.0,0.193600,yes,binary-state stress only; unmatched war finance/inflation/credit risk; posterior not data-identified
leipzig,UK_consol_3pct,British_defeat_stylized,0.1,40,0.25,0.086700,yes,binary-state stress only; unmatched war finance/inflation/credit risk; posterior not data-identified
leipzig,UK_consol_3pct,British_defeat_stylized,0.2,40,0.25,0.186700,yes,binary-state stress only; unmatched war finance/inflation/credit risk; posterior not data-identified
leipzig,UK_consol_3pct,British_defeat_stylized,0.3,40,0.25,0.286700,yes,binary-state stress only; unmatched war finance/inflation/credit risk; posterior not data-identified
leipzig,UK_consol_3pct,British_defeat_stylized,0.1,40,0.5,0.073400,yes,binary-state stress only; unmatched war finance/inflation/credit risk; posterior not data-identified
leipzig,UK_consol_3pct,British_defeat_stylized,0.2,40,0.5,0.173400,yes,binary-state stress only; unmatched war finance/inflation/credit risk; posterior not data-identified
leipzig,UK_consol_3pct,British_defeat_stylized,0.3,40,0.5,0.273400,yes,binary-state stress only; unmatched war finance/inflation/credit risk; posterior not data-identified
leipzig,UK_consol_3pct,British_defeat_stylized,0.1,40,1.0,0.046800,yes,binary-state stress only; unmatched war finance/inflation/credit risk; posterior not data-identified
leipzig,UK_consol_3pct,British_defeat_stylized,0.2,40,1.0,0.146800,yes,binary-state stress only; unmatched war finance/inflation/credit risk; posterior not data-identified
leipzig,UK_consol_3pct,British_defeat_stylized,0.3,40,1.0,0.246800,yes,binary-state stress only; unmatched war finance/inflation/credit risk; posterior not data-identified
leipzig,UK_consol_3pct,British_defeat_stylized,0.1,60,0.25,0.091100,yes,binary-state stress only; unmatched war finance/inflation/credit risk; posterior not data-identified
leipzig,UK_consol_3pct,British_defeat_stylized,0.2,60,0.25,0.191100,yes,binary-state stress only; unmatched war finance/inflation/credit risk; posterior not data-identified
leipzig,UK_consol_3pct,British_defeat_stylized,0.3,60,0.25,0.291100,yes,binary-state stress only; unmatched war finance/inflation/credit risk; posterior not data-identified
leipzig,UK_consol_3pct,British_defeat_stylized,0.1,60,0.5,0.082300,yes,binary-state stress only; unmatched war finance/inflation/credit risk; posterior not data-identified
leipzig,UK_consol_3pct,British_defeat_stylized,0.2,60,0.5,0.182300,yes,binary-state stress only; unmatched war finance/inflation/credit risk; posterior not data-identified
leipzig,UK_consol_3pct,British_defeat_stylized,0.3,60,0.5,0.282300,yes,binary-state stress only; unmatched war finance/inflation/credit risk; posterior not data-identified
leipzig,UK_consol_3pct,British_defeat_stylized,0.1,60,1.0,0.064500,yes,binary-state stress only; unmatched war finance/inflation/credit risk; posterior not data-identified
leipzig,UK_consol_3pct,British_defeat_stylized,0.2,60,1.0,0.164500,yes,binary-state stress only; unmatched war finance/inflation/credit risk; posterior not data-identified
leipzig,UK_consol_3pct,British_defeat_stylized,0.3,60,1.0,0.264500,yes,binary-state stress only; unmatched war finance/inflation/credit risk; posterior not data-identified
leipzig,FR_rente_5pct,French_debt_impairment_not_Napoleon_collapse,0.1,20,0.25,0.414500,yes,binary-state stress only; unmatched war finance/inflation/credit risk; posterior not data-identified
leipzig,FR_rente_5pct,French_debt_impairment_not_Napoleon_collapse,0.2,20,0.25,0.514500,yes,binary-state stress only; unmatched war finance/inflation/credit risk; posterior not data-identified
leipzig,FR_rente_5pct,French_debt_impairment_not_Napoleon_collapse,0.3,20,0.25,0.614500,yes,binary-state stress only; unmatched war finance/inflation/credit risk; posterior not data-identified
leipzig,FR_rente_5pct,French_debt_impairment_not_Napoleon_collapse,0.1,20,0.5,0.728900,yes,binary-state stress only; unmatched war finance/inflation/credit risk; posterior not data-identified
leipzig,FR_rente_5pct,French_debt_impairment_not_Napoleon_collapse,0.2,20,0.5,0.828900,yes,binary-state stress only; unmatched war finance/inflation/credit risk; posterior not data-identified
leipzig,FR_rente_5pct,French_debt_impairment_not_Napoleon_collapse,0.3,20,0.5,0.928900,yes,binary-state stress only; unmatched war finance/inflation/credit risk; posterior not data-identified
leipzig,FR_rente_5pct,French_debt_impairment_not_Napoleon_collapse,0.1,20,1.0,1.357800,no,binary-state stress only; unmatched war finance/inflation/credit risk; posterior not data-identified
leipzig,FR_rente_5pct,French_debt_impairment_not_Napoleon_collapse,0.2,20,1.0,1.457800,no,binary-state stress only; unmatched war finance/inflation/credit risk; posterior not data-identified
leipzig,FR_rente_5pct,French_debt_impairment_not_Napoleon_collapse,0.3,20,1.0,1.557800,no,binary-state stress only; unmatched war finance/inflation/credit risk; posterior not data-identified
leipzig,FR_rente_5pct,French_debt_impairment_not_Napoleon_collapse,0.1,40,0.25,0.257200,yes,binary-state stress only; unmatched war finance/inflation/credit risk; posterior not data-identified
leipzig,FR_rente_5pct,French_debt_impairment_not_Napoleon_collapse,0.2,40,0.25,0.357200,yes,binary-state stress only; unmatched war finance/inflation/credit risk; posterior not data-identified
leipzig,FR_rente_5pct,French_debt_impairment_not_Napoleon_collapse,0.3,40,0.25,0.457200,yes,binary-state stress only; unmatched war finance/inflation/credit risk; posterior not data-identified
leipzig,FR_rente_5pct,French_debt_impairment_not_Napoleon_collapse,0.1,40,0.5,0.414500,yes,binary-state stress only; unmatched war finance/inflation/credit risk; posterior not data-identified
leipzig,FR_rente_5pct,French_debt_impairment_not_Napoleon_collapse,0.2,40,0.5,0.514500,yes,binary-state stress only; unmatched war finance/inflation/credit risk; posterior not data-identified
leipzig,FR_rente_5pct,French_debt_impairment_not_Napoleon_collapse,0.3,40,0.5,0.614500,yes,binary-state stress only; unmatched war finance/inflation/credit risk; posterior not data-identified
leipzig,FR_rente_5pct,French_debt_impairment_not_Napoleon_collapse,0.1,40,1.0,0.728900,yes,binary-state stress only; unmatched war finance/inflation/credit risk; posterior not data-identified
leipzig,FR_rente_5pct,French_debt_impairment_not_Napoleon_collapse,0.2,40,1.0,0.828900,yes,binary-state stress only; unmatched war finance/inflation/credit risk; posterior not data-identified
leipzig,FR_rente_5pct,French_debt_impairment_not_Napoleon_collapse,0.3,40,1.0,0.928900,yes,binary-state stress only; unmatched war finance/inflation/credit risk; posterior not data-identified
leipzig,FR_rente_5pct,French_debt_impairment_not_Napoleon_collapse,0.1,60,0.25,0.204800,yes,binary-state stress only; unmatched war finance/inflation/credit risk; posterior not data-identified
leipzig,FR_rente_5pct,French_debt_impairment_not_Napoleon_collapse,0.2,60,0.25,0.304800,yes,binary-state stress only; unmatched war finance/inflation/credit risk; posterior not data-identified
leipzig,FR_rente_5pct,French_debt_impairment_not_Napoleon_collapse,0.3,60,0.25,0.404800,yes,binary-state stress only; unmatched war finance/inflation/credit risk; posterior not data-identified
leipzig,FR_rente_5pct,French_debt_impairment_not_Napoleon_collapse,0.1,60,0.5,0.309600,yes,binary-state stress only; unmatched war finance/inflation/credit risk; posterior not data-identified
leipzig,FR_rente_5pct,French_debt_impairment_not_Napoleon_collapse,0.2,60,0.5,0.409600,yes,binary-state stress only; unmatched war finance/inflation/credit risk; posterior not data-identified
leipzig,FR_rente_5pct,French_debt_impairment_not_Napoleon_collapse,0.3,60,0.5,0.509600,yes,binary-state stress only; unmatched war finance/inflation/credit risk; posterior not data-identified
leipzig,FR_rente_5pct,French_debt_impairment_not_Napoleon_collapse,0.1,60,1.0,0.519300,yes,binary-state stress only; unmatched war finance/inflation/credit risk; posterior not data-identified
leipzig,FR_rente_5pct,French_debt_impairment_not_Napoleon_collapse,0.2,60,1.0,0.619300,yes,binary-state stress only; unmatched war finance/inflation/credit risk; posterior not data-identified
leipzig,FR_rente_5pct,French_debt_impairment_not_Napoleon_collapse,0.3,60,1.0,0.719300,yes,binary-state stress only; unmatched war finance/inflation/credit risk; posterior not data-identified
paris_abdication,UK_consol_3pct,British_defeat_stylized,0.1,20,0.25,0.005400,yes,binary-state stress only; unmatched war finance/inflation/credit risk; posterior not data-identified
paris_abdication,UK_consol_3pct,British_defeat_stylized,0.2,20,0.25,0.105400,yes,binary-state stress only; unmatched war finance/inflation/credit risk; posterior not data-identified
paris_abdication,UK_consol_3pct,British_defeat_stylized,0.3,20,0.25,0.205400,yes,binary-state stress only; unmatched war finance/inflation/credit risk; posterior not data-identified
paris_abdication,UK_consol_3pct,British_defeat_stylized,0.1,20,0.5,-0.089200,no,binary-state stress only; unmatched war finance/inflation/credit risk; posterior not data-identified
paris_abdication,UK_consol_3pct,British_defeat_stylized,0.2,20,0.5,0.010800,yes,binary-state stress only; unmatched war finance/inflation/credit risk; posterior not data-identified
paris_abdication,UK_consol_3pct,British_defeat_stylized,0.3,20,0.5,0.110800,yes,binary-state stress only; unmatched war finance/inflation/credit risk; posterior not data-identified
paris_abdication,UK_consol_3pct,British_defeat_stylized,0.1,20,1.0,-0.278500,no,binary-state stress only; unmatched war finance/inflation/credit risk; posterior not data-identified
paris_abdication,UK_consol_3pct,British_defeat_stylized,0.2,20,1.0,-0.178500,no,binary-state stress only; unmatched war finance/inflation/credit risk; posterior not data-identified
paris_abdication,UK_consol_3pct,British_defeat_stylized,0.3,20,1.0,-0.078500,no,binary-state stress only; unmatched war finance/inflation/credit risk; posterior not data-identified
paris_abdication,UK_consol_3pct,British_defeat_stylized,0.1,40,0.25,0.052700,yes,binary-state stress only; unmatched war finance/inflation/credit risk; posterior not data-identified
paris_abdication,UK_consol_3pct,British_defeat_stylized,0.2,40,0.25,0.152700,yes,binary-state stress only; unmatched war finance/inflation/credit risk; posterior not data-identified
paris_abdication,UK_consol_3pct,British_defeat_stylized,0.3,40,0.25,0.252700,yes,binary-state stress only; unmatched war finance/inflation/credit risk; posterior not data-identified
paris_abdication,UK_consol_3pct,British_defeat_stylized,0.1,40,0.5,0.005400,yes,binary-state stress only; unmatched war finance/inflation/credit risk; posterior not data-identified
paris_abdication,UK_consol_3pct,British_defeat_stylized,0.2,40,0.5,0.105400,yes,binary-state stress only; unmatched war finance/inflation/credit risk; posterior not data-identified
paris_abdication,UK_consol_3pct,British_defeat_stylized,0.3,40,0.5,0.205400,yes,binary-state stress only; unmatched war finance/inflation/credit risk; posterior not data-identified
paris_abdication,UK_consol_3pct,British_defeat_stylized,0.1,40,1.0,-0.089200,no,binary-state stress only; unmatched war finance/inflation/credit risk; posterior not data-identified
paris_abdication,UK_consol_3pct,British_defeat_stylized,0.2,40,1.0,0.010800,yes,binary-state stress only; unmatched war finance/inflation/credit risk; posterior not data-identified
paris_abdication,UK_consol_3pct,British_defeat_stylized,0.3,40,1.0,0.110800,yes,binary-state stress only; unmatched war finance/inflation/credit risk; posterior not data-identified
paris_abdication,UK_consol_3pct,British_defeat_stylized,0.1,60,0.25,0.068500,yes,binary-state stress only; unmatched war finance/inflation/credit risk; posterior not data-identified
paris_abdication,UK_consol_3pct,British_defeat_stylized,0.2,60,0.25,0.168500,yes,binary-state stress only; unmatched war finance/inflation/credit risk; posterior not data-identified
paris_abdication,UK_consol_3pct,British_defeat_stylized,0.3,60,0.25,0.268500,yes,binary-state stress only; unmatched war finance/inflation/credit risk; posterior not data-identified
paris_abdication,UK_consol_3pct,British_defeat_stylized,0.1,60,0.5,0.036900,yes,binary-state stress only; unmatched war finance/inflation/credit risk; posterior not data-identified
paris_abdication,UK_consol_3pct,British_defeat_stylized,0.2,60,0.5,0.136900,yes,binary-state stress only; unmatched war finance/inflation/credit risk; posterior not data-identified
paris_abdication,UK_consol_3pct,British_defeat_stylized,0.3,60,0.5,0.236900,yes,binary-state stress only; unmatched war finance/inflation/credit risk; posterior not data-identified
paris_abdication,UK_consol_3pct,British_defeat_stylized,0.1,60,1.0,-0.026200,no,binary-state stress only; unmatched war finance/inflation/credit risk; posterior not data-identified
paris_abdication,UK_consol_3pct,British_defeat_stylized,0.2,60,1.0,0.073800,yes,binary-state stress only; unmatched war finance/inflation/credit risk; posterior not data-identified
paris_abdication,UK_consol_3pct,British_defeat_stylized,0.3,60,1.0,0.173800,yes,binary-state stress only; unmatched war finance/inflation/credit risk; posterior not data-identified
paris_abdication,FR_rente_5pct,French_debt_impairment_not_Napoleon_collapse,0.1,20,0.25,-0.121400,no,binary-state stress only; unmatched war finance/inflation/credit risk; posterior not data-identified
paris_abdication,FR_rente_5pct,French_debt_impairment_not_Napoleon_collapse,0.2,20,0.25,-0.021400,no,binary-state stress only; unmatched war finance/inflation/credit risk; posterior not data-identified
paris_abdication,FR_rente_5pct,French_debt_impairment_not_Napoleon_collapse,0.3,20,0.25,0.078600,yes,binary-state stress only; unmatched war finance/inflation/credit risk; posterior not data-identified
paris_abdication,FR_rente_5pct,French_debt_impairment_not_Napoleon_collapse,0.1,20,0.5,-0.342900,no,binary-state stress only; unmatched war finance/inflation/credit risk; posterior not data-identified
paris_abdication,FR_rente_5pct,French_debt_impairment_not_Napoleon_collapse,0.2,20,0.5,-0.242900,no,binary-state stress only; unmatched war finance/inflation/credit risk; posterior not data-identified
paris_abdication,FR_rente_5pct,French_debt_impairment_not_Napoleon_collapse,0.3,20,0.5,-0.142900,no,binary-state stress only; unmatched war finance/inflation/credit risk; posterior not data-identified
paris_abdication,FR_rente_5pct,French_debt_impairment_not_Napoleon_collapse,0.1,20,1.0,-0.785700,no,binary-state stress only; unmatched war finance/inflation/credit risk; posterior not data-identified
paris_abdication,FR_rente_5pct,French_debt_impairment_not_Napoleon_collapse,0.2,20,1.0,-0.685700,no,binary-state stress only; unmatched war finance/inflation/credit risk; posterior not data-identified
paris_abdication,FR_rente_5pct,French_debt_impairment_not_Napoleon_collapse,0.3,20,1.0,-0.585700,no,binary-state stress only; unmatched war finance/inflation/credit risk; posterior not data-identified
paris_abdication,FR_rente_5pct,French_debt_impairment_not_Napoleon_collapse,0.1,40,0.25,-0.010700,no,binary-state stress only; unmatched war finance/inflation/credit risk; posterior not data-identified
paris_abdication,FR_rente_5pct,French_debt_impairment_not_Napoleon_collapse,0.2,40,0.25,0.089300,yes,binary-state stress only; unmatched war finance/inflation/credit risk; posterior not data-identified
paris_abdication,FR_rente_5pct,French_debt_impairment_not_Napoleon_collapse,0.3,40,0.25,0.189300,yes,binary-state stress only; unmatched war finance/inflation/credit risk; posterior not data-identified
paris_abdication,FR_rente_5pct,French_debt_impairment_not_Napoleon_collapse,0.1,40,0.5,-0.121400,no,binary-state stress only; unmatched war finance/inflation/credit risk; posterior not data-identified
paris_abdication,FR_rente_5pct,French_debt_impairment_not_Napoleon_collapse,0.2,40,0.5,-0.021400,no,binary-state stress only; unmatched war finance/inflation/credit risk; posterior not data-identified
paris_abdication,FR_rente_5pct,French_debt_impairment_not_Napoleon_collapse,0.3,40,0.5,0.078600,yes,binary-state stress only; unmatched war finance/inflation/credit risk; posterior not data-identified
paris_abdication,FR_rente_5pct,French_debt_impairment_not_Napoleon_collapse,0.1,40,1.0,-0.342900,no,binary-state stress only; unmatched war finance/inflation/credit risk; posterior not data-identified
paris_abdication,FR_rente_5pct,French_debt_impairment_not_Napoleon_collapse,0.2,40,1.0,-0.242900,no,binary-state stress only; unmatched war finance/inflation/credit risk; posterior not data-identified
paris_abdication,FR_rente_5pct,French_debt_impairment_not_Napoleon_collapse,0.3,40,1.0,-0.142900,no,binary-state stress only; unmatched war finance/inflation/credit risk; posterior not data-identified
paris_abdication,FR_rente_5pct,French_debt_impairment_not_Napoleon_collapse,0.1,60,0.25,0.026200,yes,binary-state stress only; unmatched war finance/inflation/credit risk; posterior not data-identified
paris_abdication,FR_rente_5pct,French_debt_impairment_not_Napoleon_collapse,0.2,60,0.25,0.126200,yes,binary-state stress only; unmatched war finance/inflation/credit risk; posterior not data-identified
paris_abdication,FR_rente_5pct,French_debt_impairment_not_Napoleon_collapse,0.3,60,0.25,0.226200,yes,binary-state stress only; unmatched war finance/inflation/credit risk; posterior not data-identified
paris_abdication,FR_rente_5pct,French_debt_impairment_not_Napoleon_collapse,0.1,60,0.5,-0.047600,no,binary-state stress only; unmatched war finance/inflation/credit risk; posterior not data-identified
paris_abdication,FR_rente_5pct,French_debt_impairment_not_Napoleon_collapse,0.2,60,0.5,0.052400,yes,binary-state stress only; unmatched war finance/inflation/credit risk; posterior not data-identified
paris_abdication,FR_rente_5pct,French_debt_impairment_not_Napoleon_collapse,0.3,60,0.5,0.152400,yes,binary-state stress only; unmatched war finance/inflation/credit risk; posterior not data-identified
paris_abdication,FR_rente_5pct,French_debt_impairment_not_Napoleon_collapse,0.1,60,1.0,-0.195200,no,binary-state stress only; unmatched war finance/inflation/credit risk; posterior not data-identified
paris_abdication,FR_rente_5pct,French_debt_impairment_not_Napoleon_collapse,0.2,60,1.0,-0.095200,no,binary-state stress only; unmatched war finance/inflation/credit risk; posterior not data-identified
paris_abdication,FR_rente_5pct,French_debt_impairment_not_Napoleon_collapse,0.3,60,1.0,0.004800,yes,binary-state stress only; unmatched war finance/inflation/credit risk; posterior not data-identified
paris_treaty,UK_consol_3pct,British_defeat_stylized,0.1,20,0.25,0.104600,yes,binary-state stress only; unmatched war finance/inflation/credit risk; posterior not data-identified
paris_treaty,UK_consol_3pct,British_defeat_stylized,0.2,20,0.25,0.204600,yes,binary-state stress only; unmatched war finance/inflation/credit risk; posterior not data-identified
paris_treaty,UK_consol_3pct,British_defeat_stylized,0.3,20,0.25,0.304600,yes,binary-state stress only; unmatched war finance/inflation/credit risk; posterior not data-identified
paris_treaty,UK_consol_3pct,British_defeat_stylized,0.1,20,0.5,0.109300,yes,binary-state stress only; unmatched war finance/inflation/credit risk; posterior not data-identified
paris_treaty,UK_consol_3pct,British_defeat_stylized,0.2,20,0.5,0.209300,yes,binary-state stress only; unmatched war finance/inflation/credit risk; posterior not data-identified
paris_treaty,UK_consol_3pct,British_defeat_stylized,0.3,20,0.5,0.309300,yes,binary-state stress only; unmatched war finance/inflation/credit risk; posterior not data-identified
paris_treaty,UK_consol_3pct,British_defeat_stylized,0.1,20,1.0,0.118500,yes,binary-state stress only; unmatched war finance/inflation/credit risk; posterior not data-identified
paris_treaty,UK_consol_3pct,British_defeat_stylized,0.2,20,1.0,0.218500,yes,binary-state stress only; unmatched war finance/inflation/credit risk; posterior not data-identified
paris_treaty,UK_consol_3pct,British_defeat_stylized,0.3,20,1.0,0.318500,yes,binary-state stress only; unmatched war finance/inflation/credit risk; posterior not data-identified
paris_treaty,UK_consol_3pct,British_defeat_stylized,0.1,40,0.25,0.102300,yes,binary-state stress only; unmatched war finance/inflation/credit risk; posterior not data-identified
paris_treaty,UK_consol_3pct,British_defeat_stylized,0.2,40,0.25,0.202300,yes,binary-state stress only; unmatched war finance/inflation/credit risk; posterior not data-identified
paris_treaty,UK_consol_3pct,British_defeat_stylized,0.3,40,0.25,0.302300,yes,binary-state stress only; unmatched war finance/inflation/credit risk; posterior not data-identified
paris_treaty,UK_consol_3pct,British_defeat_stylized,0.1,40,0.5,0.104600,yes,binary-state stress only; unmatched war finance/inflation/credit risk; posterior not data-identified
paris_treaty,UK_consol_3pct,British_defeat_stylized,0.2,40,0.5,0.204600,yes,binary-state stress only; unmatched war finance/inflation/credit risk; posterior not data-identified
paris_treaty,UK_consol_3pct,British_defeat_stylized,0.3,40,0.5,0.304600,yes,binary-state stress only; unmatched war finance/inflation/credit risk; posterior not data-identified
paris_treaty,UK_consol_3pct,British_defeat_stylized,0.1,40,1.0,0.109300,yes,binary-state stress only; unmatched war finance/inflation/credit risk; posterior not data-identified
paris_treaty,UK_consol_3pct,British_defeat_stylized,0.2,40,1.0,0.209300,yes,binary-state stress only; unmatched war finance/inflation/credit risk; posterior not data-identified
paris_treaty,UK_consol_3pct,British_defeat_stylized,0.3,40,1.0,0.309300,yes,binary-state stress only; unmatched war finance/inflation/credit risk; posterior not data-identified
paris_treaty,UK_consol_3pct,British_defeat_stylized,0.1,60,0.25,0.101500,yes,binary-state stress only; unmatched war finance/inflation/credit risk; posterior not data-identified
paris_treaty,UK_consol_3pct,British_defeat_stylized,0.2,60,0.25,0.201500,yes,binary-state stress only; unmatched war finance/inflation/credit risk; posterior not data-identified
paris_treaty,UK_consol_3pct,British_defeat_stylized,0.3,60,0.25,0.301500,yes,binary-state stress only; unmatched war finance/inflation/credit risk; posterior not data-identified
paris_treaty,UK_consol_3pct,British_defeat_stylized,0.1,60,0.5,0.103100,yes,binary-state stress only; unmatched war finance/inflation/credit risk; posterior not data-identified
paris_treaty,UK_consol_3pct,British_defeat_stylized,0.2,60,0.5,0.203100,yes,binary-state stress only; unmatched war finance/inflation/credit risk; posterior not data-identified
paris_treaty,UK_consol_3pct,British_defeat_stylized,0.3,60,0.5,0.303100,yes,binary-state stress only; unmatched war finance/inflation/credit risk; posterior not data-identified
paris_treaty,UK_consol_3pct,British_defeat_stylized,0.1,60,1.0,0.106200,yes,binary-state stress only; unmatched war finance/inflation/credit risk; posterior not data-identified
paris_treaty,UK_consol_3pct,British_defeat_stylized,0.2,60,1.0,0.206200,yes,binary-state stress only; unmatched war finance/inflation/credit risk; posterior not data-identified
paris_treaty,UK_consol_3pct,British_defeat_stylized,0.3,60,1.0,0.306200,yes,binary-state stress only; unmatched war finance/inflation/credit risk; posterior not data-identified
paris_treaty,FR_rente_5pct,French_debt_impairment_not_Napoleon_collapse,0.1,20,0.25,0.012700,yes,binary-state stress only; unmatched war finance/inflation/credit risk; posterior not data-identified
paris_treaty,FR_rente_5pct,French_debt_impairment_not_Napoleon_collapse,0.2,20,0.25,0.112700,yes,binary-state stress only; unmatched war finance/inflation/credit risk; posterior not data-identified
paris_treaty,FR_rente_5pct,French_debt_impairment_not_Napoleon_collapse,0.3,20,0.25,0.212700,yes,binary-state stress only; unmatched war finance/inflation/credit risk; posterior not data-identified
paris_treaty,FR_rente_5pct,French_debt_impairment_not_Napoleon_collapse,0.1,20,0.5,-0.074600,no,binary-state stress only; unmatched war finance/inflation/credit risk; posterior not data-identified
paris_treaty,FR_rente_5pct,French_debt_impairment_not_Napoleon_collapse,0.2,20,0.5,0.025400,yes,binary-state stress only; unmatched war finance/inflation/credit risk; posterior not data-identified
paris_treaty,FR_rente_5pct,French_debt_impairment_not_Napoleon_collapse,0.3,20,0.5,0.125400,yes,binary-state stress only; unmatched war finance/inflation/credit risk; posterior not data-identified
paris_treaty,FR_rente_5pct,French_debt_impairment_not_Napoleon_collapse,0.1,20,1.0,-0.249200,no,binary-state stress only; unmatched war finance/inflation/credit risk; posterior not data-identified
paris_treaty,FR_rente_5pct,French_debt_impairment_not_Napoleon_collapse,0.2,20,1.0,-0.149200,no,binary-state stress only; unmatched war finance/inflation/credit risk; posterior not data-identified
paris_treaty,FR_rente_5pct,French_debt_impairment_not_Napoleon_collapse,0.3,20,1.0,-0.049200,no,binary-state stress only; unmatched war finance/inflation/credit risk; posterior not data-identified
paris_treaty,FR_rente_5pct,French_debt_impairment_not_Napoleon_collapse,0.1,40,0.25,0.056300,yes,binary-state stress only; unmatched war finance/inflation/credit risk; posterior not data-identified
paris_treaty,FR_rente_5pct,French_debt_impairment_not_Napoleon_collapse,0.2,40,0.25,0.156300,yes,binary-state stress only; unmatched war finance/inflation/credit risk; posterior not data-identified
paris_treaty,FR_rente_5pct,French_debt_impairment_not_Napoleon_collapse,0.3,40,0.25,0.256300,yes,binary-state stress only; unmatched war finance/inflation/credit risk; posterior not data-identified
paris_treaty,FR_rente_5pct,French_debt_impairment_not_Napoleon_collapse,0.1,40,0.5,0.012700,yes,binary-state stress only; unmatched war finance/inflation/credit risk; posterior not data-identified
paris_treaty,FR_rente_5pct,French_debt_impairment_not_Napoleon_collapse,0.2,40,0.5,0.112700,yes,binary-state stress only; unmatched war finance/inflation/credit risk; posterior not data-identified
paris_treaty,FR_rente_5pct,French_debt_impairment_not_Napoleon_collapse,0.3,40,0.5,0.212700,yes,binary-state stress only; unmatched war finance/inflation/credit risk; posterior not data-identified
paris_treaty,FR_rente_5pct,French_debt_impairment_not_Napoleon_collapse,0.1,40,1.0,-0.074600,no,binary-state stress only; unmatched war finance/inflation/credit risk; posterior not data-identified
paris_treaty,FR_rente_5pct,French_debt_impairment_not_Napoleon_collapse,0.2,40,1.0,0.025400,yes,binary-state stress only; unmatched war finance/inflation/credit risk; posterior not data-identified
paris_treaty,FR_rente_5pct,French_debt_impairment_not_Napoleon_collapse,0.3,40,1.0,0.125400,yes,binary-state stress only; unmatched war finance/inflation/credit risk; posterior not data-identified
paris_treaty,FR_rente_5pct,French_debt_impairment_not_Napoleon_collapse,0.1,60,0.25,0.070900,yes,binary-state stress only; unmatched war finance/inflation/credit risk; posterior not data-identified
paris_treaty,FR_rente_5pct,French_debt_impairment_not_Napoleon_collapse,0.2,60,0.25,0.170900,yes,binary-state stress only; unmatched war finance/inflation/credit risk; posterior not data-identified
paris_treaty,FR_rente_5pct,French_debt_impairment_not_Napoleon_collapse,0.3,60,0.25,0.270900,yes,binary-state stress only; unmatched war finance/inflation/credit risk; posterior not data-identified
paris_treaty,FR_rente_5pct,French_debt_impairment_not_Napoleon_collapse,0.1,60,0.5,0.041800,yes,binary-state stress only; unmatched war finance/inflation/credit risk; posterior not data-identified
paris_treaty,FR_rente_5pct,French_debt_impairment_not_Napoleon_collapse,0.2,60,0.5,0.141800,yes,binary-state stress only; unmatched war finance/inflation/credit risk; posterior not data-identified
paris_treaty,FR_rente_5pct,French_debt_impairment_not_Napoleon_collapse,0.3,60,0.5,0.241800,yes,binary-state stress only; unmatched war finance/inflation/credit risk; posterior not data-identified
paris_treaty,FR_rente_5pct,French_debt_impairment_not_Napoleon_collapse,0.1,60,1.0,-0.016400,no,binary-state stress only; unmatched war finance/inflation/credit risk; posterior not data-identified
paris_treaty,FR_rente_5pct,French_debt_impairment_not_Napoleon_collapse,0.2,60,1.0,0.083600,yes,binary-state stress only; unmatched war finance/inflation/credit risk; posterior not data-identified
paris_treaty,FR_rente_5pct,French_debt_impairment_not_Napoleon_collapse,0.3,60,1.0,0.183600,yes,binary-state stress only; unmatched war finance/inflation/credit risk; posterior not data-identified
elba_return,UK_consol_3pct,British_defeat_stylized,0.1,20,0.25,0.232100,yes,binary-state stress only; unmatched war finance/inflation/credit risk; posterior not data-identified
elba_return,UK_consol_3pct,British_defeat_stylized,0.2,20,0.25,0.332100,yes,binary-state stress only; unmatched war finance/inflation/credit risk; posterior not data-identified
elba_return,UK_consol_3pct,British_defeat_stylized,0.3,20,0.25,0.432100,yes,binary-state stress only; unmatched war finance/inflation/credit risk; posterior not data-identified
elba_return,UK_consol_3pct,British_defeat_stylized,0.1,20,0.5,0.364200,yes,binary-state stress only; unmatched war finance/inflation/credit risk; posterior not data-identified
elba_return,UK_consol_3pct,British_defeat_stylized,0.2,20,0.5,0.464200,yes,binary-state stress only; unmatched war finance/inflation/credit risk; posterior not data-identified
elba_return,UK_consol_3pct,British_defeat_stylized,0.3,20,0.5,0.564200,yes,binary-state stress only; unmatched war finance/inflation/credit risk; posterior not data-identified
elba_return,UK_consol_3pct,British_defeat_stylized,0.1,20,1.0,0.628400,yes,binary-state stress only; unmatched war finance/inflation/credit risk; posterior not data-identified
elba_return,UK_consol_3pct,British_defeat_stylized,0.2,20,1.0,0.728400,yes,binary-state stress only; unmatched war finance/inflation/credit risk; posterior not data-identified
elba_return,UK_consol_3pct,British_defeat_stylized,0.3,20,1.0,0.828400,yes,binary-state stress only; unmatched war finance/inflation/credit risk; posterior not data-identified
elba_return,UK_consol_3pct,British_defeat_stylized,0.1,40,0.25,0.166000,yes,binary-state stress only; unmatched war finance/inflation/credit risk; posterior not data-identified
elba_return,UK_consol_3pct,British_defeat_stylized,0.2,40,0.25,0.266000,yes,binary-state stress only; unmatched war finance/inflation/credit risk; posterior not data-identified
elba_return,UK_consol_3pct,British_defeat_stylized,0.3,40,0.25,0.366000,yes,binary-state stress only; unmatched war finance/inflation/credit risk; posterior not data-identified
elba_return,UK_consol_3pct,British_defeat_stylized,0.1,40,0.5,0.232100,yes,binary-state stress only; unmatched war finance/inflation/credit risk; posterior not data-identified
elba_return,UK_consol_3pct,British_defeat_stylized,0.2,40,0.5,0.332100,yes,binary-state stress only; unmatched war finance/inflation/credit risk; posterior not data-identified
elba_return,UK_consol_3pct,British_defeat_stylized,0.3,40,0.5,0.432100,yes,binary-state stress only; unmatched war finance/inflation/credit risk; posterior not data-identified
elba_return,UK_consol_3pct,British_defeat_stylized,0.1,40,1.0,0.364200,yes,binary-state stress only; unmatched war finance/inflation/credit risk; posterior not data-identified
elba_return,UK_consol_3pct,British_defeat_stylized,0.2,40,1.0,0.464200,yes,binary-state stress only; unmatched war finance/inflation/credit risk; posterior not data-identified
elba_return,UK_consol_3pct,British_defeat_stylized,0.3,40,1.0,0.564200,yes,binary-state stress only; unmatched war finance/inflation/credit risk; posterior not data-identified
elba_return,UK_consol_3pct,British_defeat_stylized,0.1,60,0.25,0.144000,yes,binary-state stress only; unmatched war finance/inflation/credit risk; posterior not data-identified
elba_return,UK_consol_3pct,British_defeat_stylized,0.2,60,0.25,0.244000,yes,binary-state stress only; unmatched war finance/inflation/credit risk; posterior not data-identified
elba_return,UK_consol_3pct,British_defeat_stylized,0.3,60,0.25,0.344000,yes,binary-state stress only; unmatched war finance/inflation/credit risk; posterior not data-identified
elba_return,UK_consol_3pct,British_defeat_stylized,0.1,60,0.5,0.188100,yes,binary-state stress only; unmatched war finance/inflation/credit risk; posterior not data-identified
elba_return,UK_consol_3pct,British_defeat_stylized,0.2,60,0.5,0.288100,yes,binary-state stress only; unmatched war finance/inflation/credit risk; posterior not data-identified
elba_return,UK_consol_3pct,British_defeat_stylized,0.3,60,0.5,0.388100,yes,binary-state stress only; unmatched war finance/inflation/credit risk; posterior not data-identified
elba_return,UK_consol_3pct,British_defeat_stylized,0.1,60,1.0,0.276100,yes,binary-state stress only; unmatched war finance/inflation/credit risk; posterior not data-identified
elba_return,UK_consol_3pct,British_defeat_stylized,0.2,60,1.0,0.376100,yes,binary-state stress only; unmatched war finance/inflation/credit risk; posterior not data-identified
elba_return,UK_consol_3pct,British_defeat_stylized,0.3,60,1.0,0.476100,yes,binary-state stress only; unmatched war finance/inflation/credit risk; posterior not data-identified
elba_return,FR_rente_5pct,French_debt_impairment_not_Napoleon_collapse,0.1,20,0.25,0.239000,yes,binary-state stress only; unmatched war finance/inflation/credit risk; posterior not data-identified
elba_return,FR_rente_5pct,French_debt_impairment_not_Napoleon_collapse,0.2,20,0.25,0.339000,yes,binary-state stress only; unmatched war finance/inflation/credit risk; posterior not data-identified
elba_return,FR_rente_5pct,French_debt_impairment_not_Napoleon_collapse,0.3,20,0.25,0.439000,yes,binary-state stress only; unmatched war finance/inflation/credit risk; posterior not data-identified
elba_return,FR_rente_5pct,French_debt_impairment_not_Napoleon_collapse,0.1,20,0.5,0.378100,yes,binary-state stress only; unmatched war finance/inflation/credit risk; posterior not data-identified
elba_return,FR_rente_5pct,French_debt_impairment_not_Napoleon_collapse,0.2,20,0.5,0.478100,yes,binary-state stress only; unmatched war finance/inflation/credit risk; posterior not data-identified
elba_return,FR_rente_5pct,French_debt_impairment_not_Napoleon_collapse,0.3,20,0.5,0.578100,yes,binary-state stress only; unmatched war finance/inflation/credit risk; posterior not data-identified
elba_return,FR_rente_5pct,French_debt_impairment_not_Napoleon_collapse,0.1,20,1.0,0.656100,yes,binary-state stress only; unmatched war finance/inflation/credit risk; posterior not data-identified
elba_return,FR_rente_5pct,French_debt_impairment_not_Napoleon_collapse,0.2,20,1.0,0.756100,yes,binary-state stress only; unmatched war finance/inflation/credit risk; posterior not data-identified
elba_return,FR_rente_5pct,French_debt_impairment_not_Napoleon_collapse,0.3,20,1.0,0.856100,yes,binary-state stress only; unmatched war finance/inflation/credit risk; posterior not data-identified
elba_return,FR_rente_5pct,French_debt_impairment_not_Napoleon_collapse,0.1,40,0.25,0.169500,yes,binary-state stress only; unmatched war finance/inflation/credit risk; posterior not data-identified
elba_return,FR_rente_5pct,French_debt_impairment_not_Napoleon_collapse,0.2,40,0.25,0.269500,yes,binary-state stress only; unmatched war finance/inflation/credit risk; posterior not data-identified
elba_return,FR_rente_5pct,French_debt_impairment_not_Napoleon_collapse,0.3,40,0.25,0.369500,yes,binary-state stress only; unmatched war finance/inflation/credit risk; posterior not data-identified
elba_return,FR_rente_5pct,French_debt_impairment_not_Napoleon_collapse,0.1,40,0.5,0.239000,yes,binary-state stress only; unmatched war finance/inflation/credit risk; posterior not data-identified
elba_return,FR_rente_5pct,French_debt_impairment_not_Napoleon_collapse,0.2,40,0.5,0.339000,yes,binary-state stress only; unmatched war finance/inflation/credit risk; posterior not data-identified
elba_return,FR_rente_5pct,French_debt_impairment_not_Napoleon_collapse,0.3,40,0.5,0.439000,yes,binary-state stress only; unmatched war finance/inflation/credit risk; posterior not data-identified
elba_return,FR_rente_5pct,French_debt_impairment_not_Napoleon_collapse,0.1,40,1.0,0.378100,yes,binary-state stress only; unmatched war finance/inflation/credit risk; posterior not data-identified
elba_return,FR_rente_5pct,French_debt_impairment_not_Napoleon_collapse,0.2,40,1.0,0.478100,yes,binary-state stress only; unmatched war finance/inflation/credit risk; posterior not data-identified
elba_return,FR_rente_5pct,French_debt_impairment_not_Napoleon_collapse,0.3,40,1.0,0.578100,yes,binary-state stress only; unmatched war finance/inflation/credit risk; posterior not data-identified
elba_return,FR_rente_5pct,French_debt_impairment_not_Napoleon_collapse,0.1,60,0.25,0.146300,yes,binary-state stress only; unmatched war finance/inflation/credit risk; posterior not data-identified
elba_return,FR_rente_5pct,French_debt_impairment_not_Napoleon_collapse,0.2,60,0.25,0.246300,yes,binary-state stress only; unmatched war finance/inflation/credit risk; posterior not data-identified
elba_return,FR_rente_5pct,French_debt_impairment_not_Napoleon_collapse,0.3,60,0.25,0.346300,yes,binary-state stress only; unmatched war finance/inflation/credit risk; posterior not data-identified
elba_return,FR_rente_5pct,French_debt_impairment_not_Napoleon_collapse,0.1,60,0.5,0.192700,yes,binary-state stress only; unmatched war finance/inflation/credit risk; posterior not data-identified
elba_return,FR_rente_5pct,French_debt_impairment_not_Napoleon_collapse,0.2,60,0.5,0.292700,yes,binary-state stress only; unmatched war finance/inflation/credit risk; posterior not data-identified
elba_return,FR_rente_5pct,French_debt_impairment_not_Napoleon_collapse,0.3,60,0.5,0.392700,yes,binary-state stress only; unmatched war finance/inflation/credit risk; posterior not data-identified
elba_return,FR_rente_5pct,French_debt_impairment_not_Napoleon_collapse,0.1,60,1.0,0.285400,yes,binary-state stress only; unmatched war finance/inflation/credit risk; posterior not data-identified
elba_return,FR_rente_5pct,French_debt_impairment_not_Napoleon_collapse,0.2,60,1.0,0.385400,yes,binary-state stress only; unmatched war finance/inflation/credit risk; posterior not data-identified
elba_return,FR_rente_5pct,French_debt_impairment_not_Napoleon_collapse,0.3,60,1.0,0.485400,yes,binary-state stress only; unmatched war finance/inflation/credit risk; posterior not data-identified
waterloo,UK_consol_3pct,British_defeat_stylized,0.1,20,0.25,0.155300,yes,binary-state stress only; unmatched war finance/inflation/credit risk; posterior not data-identified
waterloo,UK_consol_3pct,British_defeat_stylized,0.2,20,0.25,0.255300,yes,binary-state stress only; unmatched war finance/inflation/credit risk; posterior not data-identified
waterloo,UK_consol_3pct,British_defeat_stylized,0.3,20,0.25,0.355300,yes,binary-state stress only; unmatched war finance/inflation/credit risk; posterior not data-identified
waterloo,UK_consol_3pct,British_defeat_stylized,0.1,20,0.5,0.210500,yes,binary-state stress only; unmatched war finance/inflation/credit risk; posterior not data-identified
waterloo,UK_consol_3pct,British_defeat_stylized,0.2,20,0.5,0.310500,yes,binary-state stress only; unmatched war finance/inflation/credit risk; posterior not data-identified
waterloo,UK_consol_3pct,British_defeat_stylized,0.3,20,0.5,0.410500,yes,binary-state stress only; unmatched war finance/inflation/credit risk; posterior not data-identified
waterloo,UK_consol_3pct,British_defeat_stylized,0.1,20,1.0,0.321100,yes,binary-state stress only; unmatched war finance/inflation/credit risk; posterior not data-identified
waterloo,UK_consol_3pct,British_defeat_stylized,0.2,20,1.0,0.421100,yes,binary-state stress only; unmatched war finance/inflation/credit risk; posterior not data-identified
waterloo,UK_consol_3pct,British_defeat_stylized,0.3,20,1.0,0.521100,yes,binary-state stress only; unmatched war finance/inflation/credit risk; posterior not data-identified
waterloo,UK_consol_3pct,British_defeat_stylized,0.1,40,0.25,0.127600,yes,binary-state stress only; unmatched war finance/inflation/credit risk; posterior not data-identified
waterloo,UK_consol_3pct,British_defeat_stylized,0.2,40,0.25,0.227600,yes,binary-state stress only; unmatched war finance/inflation/credit risk; posterior not data-identified
waterloo,UK_consol_3pct,British_defeat_stylized,0.3,40,0.25,0.327600,yes,binary-state stress only; unmatched war finance/inflation/credit risk; posterior not data-identified
waterloo,UK_consol_3pct,British_defeat_stylized,0.1,40,0.5,0.155300,yes,binary-state stress only; unmatched war finance/inflation/credit risk; posterior not data-identified
waterloo,UK_consol_3pct,British_defeat_stylized,0.2,40,0.5,0.255300,yes,binary-state stress only; unmatched war finance/inflation/credit risk; posterior not data-identified
waterloo,UK_consol_3pct,British_defeat_stylized,0.3,40,0.5,0.355300,yes,binary-state stress only; unmatched war finance/inflation/credit risk; posterior not data-identified
waterloo,UK_consol_3pct,British_defeat_stylized,0.1,40,1.0,0.210500,yes,binary-state stress only; unmatched war finance/inflation/credit risk; posterior not data-identified
waterloo,UK_consol_3pct,British_defeat_stylized,0.2,40,1.0,0.310500,yes,binary-state stress only; unmatched war finance/inflation/credit risk; posterior not data-identified
waterloo,UK_consol_3pct,British_defeat_stylized,0.3,40,1.0,0.410500,yes,binary-state stress only; unmatched war finance/inflation/credit risk; posterior not data-identified
waterloo,UK_consol_3pct,British_defeat_stylized,0.1,60,0.25,0.118400,yes,binary-state stress only; unmatched war finance/inflation/credit risk; posterior not data-identified
waterloo,UK_consol_3pct,British_defeat_stylized,0.2,60,0.25,0.218400,yes,binary-state stress only; unmatched war finance/inflation/credit risk; posterior not data-identified
waterloo,UK_consol_3pct,British_defeat_stylized,0.3,60,0.25,0.318400,yes,binary-state stress only; unmatched war finance/inflation/credit risk; posterior not data-identified
waterloo,UK_consol_3pct,British_defeat_stylized,0.1,60,0.5,0.136800,yes,binary-state stress only; unmatched war finance/inflation/credit risk; posterior not data-identified
waterloo,UK_consol_3pct,British_defeat_stylized,0.2,60,0.5,0.236800,yes,binary-state stress only; unmatched war finance/inflation/credit risk; posterior not data-identified
waterloo,UK_consol_3pct,British_defeat_stylized,0.3,60,0.5,0.336800,yes,binary-state stress only; unmatched war finance/inflation/credit risk; posterior not data-identified
waterloo,UK_consol_3pct,British_defeat_stylized,0.1,60,1.0,0.173700,yes,binary-state stress only; unmatched war finance/inflation/credit risk; posterior not data-identified
waterloo,UK_consol_3pct,British_defeat_stylized,0.2,60,1.0,0.273700,yes,binary-state stress only; unmatched war finance/inflation/credit risk; posterior not data-identified
waterloo,UK_consol_3pct,British_defeat_stylized,0.3,60,1.0,0.373700,yes,binary-state stress only; unmatched war finance/inflation/credit risk; posterior not data-identified
waterloo,FR_rente_5pct,French_debt_impairment_not_Napoleon_collapse,0.1,20,0.25,-0.095100,no,binary-state stress only; unmatched war finance/inflation/credit risk; posterior not data-identified
waterloo,FR_rente_5pct,French_debt_impairment_not_Napoleon_collapse,0.2,20,0.25,0.004900,yes,binary-state stress only; unmatched war finance/inflation/credit risk; posterior not data-identified
waterloo,FR_rente_5pct,French_debt_impairment_not_Napoleon_collapse,0.3,20,0.25,0.104900,yes,binary-state stress only; unmatched war finance/inflation/credit risk; posterior not data-identified
waterloo,FR_rente_5pct,French_debt_impairment_not_Napoleon_collapse,0.1,20,0.5,-0.290300,no,binary-state stress only; unmatched war finance/inflation/credit risk; posterior not data-identified
waterloo,FR_rente_5pct,French_debt_impairment_not_Napoleon_collapse,0.2,20,0.5,-0.190300,no,binary-state stress only; unmatched war finance/inflation/credit risk; posterior not data-identified
waterloo,FR_rente_5pct,French_debt_impairment_not_Napoleon_collapse,0.3,20,0.5,-0.090300,no,binary-state stress only; unmatched war finance/inflation/credit risk; posterior not data-identified
waterloo,FR_rente_5pct,French_debt_impairment_not_Napoleon_collapse,0.1,20,1.0,-0.680500,no,binary-state stress only; unmatched war finance/inflation/credit risk; posterior not data-identified
waterloo,FR_rente_5pct,French_debt_impairment_not_Napoleon_collapse,0.2,20,1.0,-0.580500,no,binary-state stress only; unmatched war finance/inflation/credit risk; posterior not data-identified
waterloo,FR_rente_5pct,French_debt_impairment_not_Napoleon_collapse,0.3,20,1.0,-0.480500,no,binary-state stress only; unmatched war finance/inflation/credit risk; posterior not data-identified
waterloo,FR_rente_5pct,French_debt_impairment_not_Napoleon_collapse,0.1,40,0.25,0.002400,yes,binary-state stress only; unmatched war finance/inflation/credit risk; posterior not data-identified
waterloo,FR_rente_5pct,French_debt_impairment_not_Napoleon_collapse,0.2,40,0.25,0.102400,yes,binary-state stress only; unmatched war finance/inflation/credit risk; posterior not data-identified
waterloo,FR_rente_5pct,French_debt_impairment_not_Napoleon_collapse,0.3,40,0.25,0.202400,yes,binary-state stress only; unmatched war finance/inflation/credit risk; posterior not data-identified
waterloo,FR_rente_5pct,French_debt_impairment_not_Napoleon_collapse,0.1,40,0.5,-0.095100,no,binary-state stress only; unmatched war finance/inflation/credit risk; posterior not data-identified
waterloo,FR_rente_5pct,French_debt_impairment_not_Napoleon_collapse,0.2,40,0.5,0.004900,yes,binary-state stress only; unmatched war finance/inflation/credit risk; posterior not data-identified
waterloo,FR_rente_5pct,French_debt_impairment_not_Napoleon_collapse,0.3,40,0.5,0.104900,yes,binary-state stress only; unmatched war finance/inflation/credit risk; posterior not data-identified
waterloo,FR_rente_5pct,French_debt_impairment_not_Napoleon_collapse,0.1,40,1.0,-0.290300,no,binary-state stress only; unmatched war finance/inflation/credit risk; posterior not data-identified
waterloo,FR_rente_5pct,French_debt_impairment_not_Napoleon_collapse,0.2,40,1.0,-0.190300,no,binary-state stress only; unmatched war finance/inflation/credit risk; posterior not data-identified
waterloo,FR_rente_5pct,French_debt_impairment_not_Napoleon_collapse,0.3,40,1.0,-0.090300,no,binary-state stress only; unmatched war finance/inflation/credit risk; posterior not data-identified
waterloo,FR_rente_5pct,French_debt_impairment_not_Napoleon_collapse,0.1,60,0.25,0.035000,yes,binary-state stress only; unmatched war finance/inflation/credit risk; posterior not data-identified
waterloo,FR_rente_5pct,French_debt_impairment_not_Napoleon_collapse,0.2,60,0.25,0.135000,yes,binary-state stress only; unmatched war finance/inflation/credit risk; posterior not data-identified
waterloo,FR_rente_5pct,French_debt_impairment_not_Napoleon_collapse,0.3,60,0.25,0.235000,yes,binary-state stress only; unmatched war finance/inflation/credit risk; posterior not data-identified
waterloo,FR_rente_5pct,French_debt_impairment_not_Napoleon_collapse,0.1,60,0.5,-0.030100,no,binary-state stress only; unmatched war finance/inflation/credit risk; posterior not data-identified
waterloo,FR_rente_5pct,French_debt_impairment_not_Napoleon_collapse,0.2,60,0.5,0.069900,yes,binary-state stress only; unmatched war finance/inflation/credit risk; posterior not data-identified
waterloo,FR_rente_5pct,French_debt_impairment_not_Napoleon_collapse,0.3,60,0.5,0.169900,yes,binary-state stress only; unmatched war finance/inflation/credit risk; posterior not data-identified
waterloo,FR_rente_5pct,French_debt_impairment_not_Napoleon_collapse,0.1,60,1.0,-0.160200,no,binary-state stress only; unmatched war finance/inflation/credit risk; posterior not data-identified
waterloo,FR_rente_5pct,French_debt_impairment_not_Napoleon_collapse,0.2,60,1.0,-0.060200,no,binary-state stress only; unmatched war finance/inflation/credit risk; posterior not data-identified
waterloo,FR_rente_5pct,French_debt_impairment_not_Napoleon_collapse,0.3,60,1.0,0.039800,yes,binary-state stress only; unmatched war finance/inflation/credit risk; posterior not data-identified
