scenario,year,revenue,primary_spending,interest_paid,cash_deficit,new_issue_running_cost_pct,assumed_new_coupon_pct,nominal_face_increase,issue_discount_adjustment,end_debt_face_proxy,next_year_interest,interest_revenue_pct,automatic_tax_cut,transition_extra_primary_spending,stress60_year,stress70_year,financing30_year,label
S1_early_peace_1805,1806,48.0,24.0,22.3,-1.7000000000000028,4.25,3.0,-2.408333333333337,-0.7083333333333344,621.2053395768193,22.22775,46.458333333333336,0,0,,,,MODEL_NOT_OBSERVATION
S1_early_peace_1805,1807,48.52775,24.299999999999997,22.22775,-2,4.25,3.0,-2.8333333333333335,-0.8333333333333335,618.3720062434859,22.14275,45.80420481064958,0.07224999999999682,0,,,,MODEL_NOT_OBSERVATION
S1_early_peace_1805,1808,48.7465,24.603749999999998,22.14275,-2,4.25,3.0,-2.8333333333333335,-0.8333333333333335,615.5386729101525,22.05775,45.42428687187798,0.4609999999999985,0,,,,MODEL_NOT_OBSERVATION
S1_early_peace_1805,1809,48.969046875,24.911296874999998,22.05775,-2,4.25,3.0,-2.8333333333333335,-0.8333333333333335,612.7053395768191,21.972749999999998,45.04427063141608,0.8535468749999993,0,,,,MODEL_NOT_OBSERVATION
S1_early_peace_1805,1810,49.19543808593749,25.22268808593749,21.972749999999998,-2,4.25,3.0,-2.8333333333333335,-0.8333333333333335,609.8720062434858,21.887749999999997,44.664202322208624,1.2499380859374938,0,,,,MODEL_NOT_OBSERVATION
S1_early_peace_1805,1811,49.42572168701171,25.537971687011712,21.887749999999997,-2,4.25,3.0,-2.8333333333333335,-0.8333333333333335,607.0386729101524,21.802749999999996,44.28412828972763,1.6502216870117152,0,,,,MODEL_NOT_OBSERVATION
S1_early_peace_1805,1812,49.659946333099356,25.857196333099356,21.802749999999996,-2,4.25,3.0,-2.8333333333333335,-0.8333333333333335,604.205339576819,21.717749999999995,43.9040949697282,2.0544463330993565,0,,,,MODEL_NOT_OBSERVATION
S1_early_peace_1805,1813,49.89816128726309,26.180411287263098,21.717749999999995,-2,4.25,3.0,-2.8333333333333335,-0.8333333333333335,601.3720062434857,21.632749999999994,43.524148865869385,2.462661287263103,0,,,,MODEL_NOT_OBSERVATION
S1_early_peace_1805,1814,50.14041642835388,26.507666428353886,21.632749999999994,-2,4.25,3.0,-2.8333333333333335,-0.8333333333333335,598.5386729101523,21.547749999999994,43.144336527222976,2.8749164283538917,0,,,,MODEL_NOT_OBSERVATION
S1_early_peace_1805,1815,50.3867622587083,26.83901225870831,21.547749999999994,-2,4.25,3.0,-2.8333333333333335,-0.8333333333333335,595.7053395768189,21.462749999999993,42.764704525692984,3.291262258708315,0,,,,MODEL_NOT_OBSERVATION
S1_early_peace_1805,1816,50.637249911942156,27.174499911942164,21.462749999999993,-2,4.25,3.0,-2.8333333333333335,-0.8333333333333335,592.8720062434855,21.377749999999992,42.385299433368864,3.711749911942171,0,,,,MODEL_NOT_OBSERVATION
S1_early_peace_1805,1817,50.89193116084143,27.51418116084144,21.377749999999992,-2,4.25,3.0,-2.8333333333333335,-0.8333333333333335,590.0386729101522,21.29274999999999,42.006167799835836,4.136431160841447,0,,,,MODEL_NOT_OBSERVATION
S1_early_peace_1805,1818,51.15085842535194,27.858108425351954,21.29274999999999,-2,4.25,3.0,-2.8333333333333335,-0.8333333333333335,587.2053395768188,21.20774999999999,41.62735612946556,4.565358425351967,0,,,,MODEL_NOT_OBSERVATION
S1_early_peace_1805,1819,51.414084780668844,28.206334780668854,21.20774999999999,-2,4.25,3.0,-2.8333333333333335,-0.8333333333333335,584.3720062434854,21.12274999999999,41.24891085871061,4.998584780668864,0,,,,MODEL_NOT_OBSERVATION
S1_early_peace_1805,1820,51.681663965427205,28.558913965427216,21.12274999999999,-2,4.25,3.0,-2.8333333333333335,-0.8333333333333335,581.5386729101521,21.03774999999999,40.870878333426326,5.436163965427227,0,,,,MODEL_NOT_OBSERVATION
S1_early_peace_1805,1821,51.95365038999503,28.91590038999505,21.03774999999999,-2,4.25,3.0,-2.8333333333333335,-0.8333333333333335,578.7053395768187,20.952749999999988,40.493304786243336,5.878150389995064,0,,,,MODEL_NOT_OBSERVATION
S1_early_peace_1805,1822,52.230099144869975,29.277349144869987,20.952749999999988,-2,4.25,3.0,-2.8333333333333335,-0.8333333333333335,575.8720062434853,20.867749999999987,40.11623631401427,6.32459914487,0,,,,MODEL_NOT_OBSERVATION
S1_early_peace_1805,1823,52.51106600918085,29.64331600918086,20.867749999999987,-2,4.25,3.0,-2.8333333333333335,-0.8333333333333335,573.038672910152,20.782749999999986,39.73971885535811,6.775566009180871,0,,,,MODEL_NOT_OBSERVATION
S1_early_peace_1805,1824,52.79660745929561,30.01385745929562,20.782749999999986,-2,4.25,3.0,-2.8333333333333335,-0.8333333333333335,570.2053395768186,20.697749999999985,39.363798168325076,7.231107459295636,0,,,,MODEL_NOT_OBSERVATION
S1_early_peace_1805,1825,53.0867806775368,30.389030677536816,20.697749999999985,-2,4.25,3.0,-2.8333333333333335,-0.8333333333333335,567.3720062434852,20.612749999999984,38.98851980820538,7.691280677536831,0,,,,MODEL_NOT_OBSERVATION
S1_early_peace_1805,1826,53.38164356100601,30.768893561006024,20.612749999999984,-2,4.25,3.0,-2.8333333333333335,-0.8333333333333335,564.5386729101518,20.527749999999983,38.61392910550453,8.15614356100604,0,,,,MODEL_NOT_OBSERVATION
S1_early_peace_1805,1827,53.68125473051858,31.1535047305186,20.527749999999983,-2,4.25,3.0,-2.8333333333333335,-0.8333333333333335,561.7053395768185,20.442749999999982,38.240071144107695,8.625754730518615,0,,,,MODEL_NOT_OBSERVATION
S1_early_peace_1805,1828,53.985673539650065,31.542923539650083,20.442749999999982,-2,4.25,3.0,-2.8333333333333335,-0.8333333333333335,558.8720062434851,20.35774999999998,37.866990739655584,9.1001735396501,0,,,,MODEL_NOT_OBSERVATION
S1_early_peace_1805,1829,54.29496008389569,31.937210083895707,20.35774999999998,-2,4.25,3.0,-2.8333333333333335,-0.8333333333333335,556.0386729101517,20.27274999999998,37.494732418153575,9.579460083895725,0,,,,MODEL_NOT_OBSERVATION
S1_early_peace_1805,1830,54.60917520994438,32.3364252099444,20.27274999999998,-2,4.25,3.0,-2.8333333333333335,-0.8333333333333335,553.2053395768183,20.18774999999998,37.12334039483587,10.06367520994442,0,,,,MODEL_NOT_OBSERVATION
S1_early_peace_1805,1831,54.92838052506868,32.7406305250687,20.18774999999998,-2,4.25,3.0,-2.8333333333333335,-0.8333333333333335,550.372006243485,20.10274999999998,36.75285855330565,10.552880525068723,0,,,,MODEL_NOT_OBSERVATION
S1_early_peace_1805,1832,55.25263840663204,33.14988840663206,20.10274999999998,-2,4.25,3.0,-2.8333333333333335,-0.8333333333333335,547.5386729101516,20.017749999999978,36.38333042497211,11.04713840663208,0,,,,MODEL_NOT_OBSERVATION
S1_early_peace_1805,1833,55.58201201171494,33.56426201171496,20.017749999999978,-2,4.25,3.0,-2.8333333333333335,-0.8333333333333335,544.7053395768182,19.932749999999977,36.014799168804586,11.54651201171498,0,,,,MODEL_NOT_OBSERVATION
S1_early_peace_1805,1834,55.91656528686137,33.98381528686139,19.932749999999977,-2,4.25,3.0,-2.8333333333333335,-0.8333333333333335,541.8720062434849,19.847749999999976,35.64730755142349,12.051065286861416,0,,,,MODEL_NOT_OBSERVATION
S1_early_peace_1805,1835,56.256362977947134,34.40861297794716,19.847749999999976,-2,4.25,3.0,-2.8333333333333335,-0.8333333333333335,539.0386729101515,19.762749999999976,35.280897927547194,12.560862977947181,0,,,,MODEL_NOT_OBSERVATION
S1_early_peace_1805,1836,56.60147064017147,34.838720640171495,19.762749999999976,-2,4.25,3.0,-2.8333333333333335,-0.8333333333333335,536.2053395768181,19.677749999999975,34.91561222081368,13.07597064017152,0,,,,MODEL_NOT_OBSERVATION
S1_early_peace_1805,1837,56.95195464817362,35.274204648173644,19.677749999999975,-2,4.25,3.0,-2.8333333333333335,-0.8333333333333335,533.3720062434847,19.592749999999974,34.55149190499473,13.596454648173669,0,,,,MODEL_NOT_OBSERVATION
S1_early_peace_1805,1838,57.307882206275785,35.71513220627581,19.592749999999974,-2,4.25,3.0,-2.8333333333333335,-0.8333333333333335,530.5386729101514,19.507749999999973,34.18857798562023,14.122382206275837,0,,,,MODEL_NOT_OBSERVATION
S1_early_peace_1805,1839,57.669321358854226,36.16157135885425,19.507749999999973,-2,4.25,3.0,-2.8333333333333335,-0.8333333333333335,527.705339576818,19.422749999999972,33.826910982029204,14.65382135885428,0,,,,MODEL_NOT_OBSERVATION
S1_early_peace_1805,1840,58.036341000839904,36.61359100083993,19.422749999999972,-2,4.25,3.0,-2.8333333333333335,-0.8333333333333335,524.8720062434846,19.33774999999997,33.46653090986367,15.19084100083996,0,,,,MODEL_NOT_OBSERVATION
S1_early_peace_1805,1841,58.4090108883504,37.07126088835043,19.33774999999997,-2,4.25,3.0,-2.8333333333333335,-0.8333333333333335,522.0386729101513,19.25274999999997,33.10747726402068,15.733510888350459,0,,,,MODEL_NOT_OBSERVATION
S1_early_peace_1805,1842,58.78740164945478,37.53465164945481,19.25274999999997,-2,4.25,3.0,-2.8333333333333335,-0.8333333333333335,519.2053395768179,19.16774999999997,32.749789002076994,16.281901649454838,0,,,,MODEL_NOT_OBSERVATION
S1_early_peace_1805,1843,59.17158479507296,38.00383479507299,19.16774999999997,-2,4.25,3.0,-2.8333333333333335,-0.8333333333333335,516.3720062434845,19.08274999999997,32.393504528200516,16.83608479507302,0,,,,MODEL_NOT_OBSERVATION
S1_early_peace_1805,1844,59.561632730011375,38.47888273001141,19.08274999999997,-2,4.25,3.0,-2.8333333333333335,-0.8333333333333335,513.5386729101511,18.997749999999968,32.03866167756131,17.396132730011438,0,,,,MODEL_NOT_OBSERVATION
S1_early_peace_1805,1845,59.95761876413651,38.959868764136544,18.997749999999968,-2,4.25,3.0,-2.8333333333333335,-0.8333333333333335,510.70533957681783,18.912749999999967,31.68529770125464,17.962118764136576,0,,,,MODEL_NOT_OBSERVATION
S1_early_peace_1805,1846,60.35961712368822,39.44686712368825,18.912749999999967,-2,4.25,3.0,-2.8333333333333335,-0.8333333333333335,507.8720062434845,18.827749999999966,31.333449251747542,18.534117123688283,0,,,,MODEL_NOT_OBSERVATION
S1_early_peace_1805,1847,60.76770296273431,39.939952962734345,18.827749999999966,-2,4.25,3.0,-2.8333333333333335,-0.8333333333333335,505.0386729101512,18.742749999999965,30.983152368859574,19.11220296273438,0,,,,MODEL_NOT_OBSERVATION
S1_early_peace_1805,1848,61.18195237476849,40.43920237476853,18.742749999999965,-2,4.25,3.0,-2.8333333333333335,-0.8333333333333335,502.2053395768179,18.657749999999965,30.634442466287652,19.696452374768562,0,,,,MODEL_NOT_OBSERVATION
S2_armed_coexistence_disciplined,1811,66.0,42.0,24.4,0.4000000000000057,5.0,3.0,0.6666666666666762,0.2666666666666705,689.1318113478602,24.419999999999998,36.96969696969697,0,0,,,,MODEL_NOT_OBSERVATION
S2_armed_coexistence_disciplined,1812,66.66,42.42,24.419999999999998,0.18000000000000682,5.0,3.0,0.30000000000001137,0.12000000000000455,689.4318113478603,24.429,36.633663366336634,0,0,,,,MODEL_NOT_OBSERVATION
S2_armed_coexistence_disciplined,1813,67.3266,42.8442,24.429,-0.05339999999999634,5.0,3.0,-0.0889999999999939,-0.035599999999997564,689.3428113478603,24.42633,36.28432150145707,0,0,,,,MODEL_NOT_OBSERVATION
S2_armed_coexistence_disciplined,1814,67.99986600000001,43.272642000000005,24.42633,-0.30089400000001376,5.0,3.0,-0.501490000000023,-0.2005960000000092,688.8413213478603,24.4112853,35.921144315196145,0,0,,,,MODEL_NOT_OBSERVATION
S2_armed_coexistence_disciplined,1815,68.67986466,43.70536842,24.4112853,-0.5632109400000047,5.0,3.0,-0.9386849000000079,-0.3754739600000032,687.9026364478603,24.383124753,35.54358387403379,0,0,,,,MODEL_NOT_OBSERVATION
S2_armed_coexistence_disciplined,1816,69.3666633066,44.14242210420001,24.383124753,-0.8411164493999905,5.0,3.0,-1.4018607489999844,-0.5607442995999938,686.5007756988604,24.34106893053,35.15107054411254,0,0,,,,MODEL_NOT_OBSERVATION
S2_armed_coexistence_disciplined,1817,70.060329939666,44.58384632524201,24.34106893053,-1.1354146838939982,5.0,3.0,-1.892357806489997,-0.7569431225959988,684.6084178923704,24.2842981963353,34.743012131818176,0,0,,,,MODEL_NOT_OBSERVATION
S2_armed_coexistence_disciplined,1818,70.76093323906267,45.02968478849442,24.2842981963353,-1.446950254232945,5.0,3.0,-2.411583757054909,-0.9646335028219637,682.1968341353155,24.21195068362365,34.31879299032402,0,0,,,,MODEL_NOT_OBSERVATION
S2_armed_coexistence_disciplined,1819,71.19193232000302,45.47998163637937,24.21195068362365,-1.5,5.0,3.0,-2.5000000000000004,-1.0000000000000004,679.6968341353155,24.136950683623652,34.00940232215153,0.27661025145027907,0,,,,MODEL_NOT_OBSERVATION
S2_armed_coexistence_disciplined,1820,71.57173213636682,45.93478145274316,24.136950683623652,-1.5,5.0,3.0,-2.5000000000000004,-1.0000000000000004,677.1968341353155,24.061950683623653,33.724139353837515,0.6114958608009999,0,,,,MODEL_NOT_OBSERVATION
S2_armed_coexistence_disciplined,1821,71.95607995089425,46.39412926727059,24.061950683623653,-1.5,5.0,3.0,-2.5000000000000004,-1.0000000000000004,674.6968341353155,23.986950683623654,33.439774234567125,0.9489803262452483,0,,,,MODEL_NOT_OBSERVATION
S2_armed_coexistence_disciplined,1822,72.34502124356695,46.85807055994329,23.986950683623654,-1.5,5.0,3.0,-2.5000000000000004,-1.0000000000000004,672.1968341353155,23.911950683623655,33.15632544064892,1.2890896363439452,0,,,,MODEL_NOT_OBSERVATION
S2_armed_coexistence_disciplined,1823,72.73860194916638,47.32665126554273,23.911950683623655,-1.5,5.0,3.0,-2.5000000000000004,-1.0000000000000004,669.6968341353155,23.836950683623655,32.87381121283387,1.6318500395436217,0,,,,MODEL_NOT_OBSERVATION
S2_armed_coexistence_disciplined,1824,73.13686846182182,47.79991777819816,23.836950683623655,-1.5,5.0,3.0,-2.5000000000000004,-1.0000000000000004,667.1968341353155,23.761950683623656,32.59224955203925,1.9772880467752856,0,,,,MODEL_NOT_OBSERVATION
S2_armed_coexistence_disciplined,1825,73.5398676396038,48.277916955980146,23.761950683623656,-1.5,5.0,3.0,-2.5000000000000004,-1.0000000000000004,664.6968341353155,23.686950683623657,32.311658215205995,2.325430434079294,0,,,,MODEL_NOT_OBSERVATION
S2_armed_coexistence_disciplined,1826,73.9476468091636,48.760696125539944,23.686950683623657,-1.5,5.0,3.0,-2.5000000000000004,-1.0000000000000004,662.1968341353155,23.611950683623657,32.03205471129119,2.676304245256304,0,,,,MODEL_NOT_OBSERVATION
S2_armed_coexistence_disciplined,1827,74.360253770419,49.248303086795346,23.611950683623657,-1.5,5.0,3.0,-2.5000000000000004,-1.0000000000000004,659.6968341353155,23.536950683623658,31.753456297397204,3.029936794545108,0,,,,MODEL_NOT_OBSERVATION
S2_armed_coexistence_disciplined,1828,74.77773680128695,49.7407861176633,23.536950683623658,-1.5,5.0,3.0,-2.5000000000000004,-1.0000000000000004,657.1968341353155,23.46195068362366,31.47587997503901,3.3863556693268038,0,,,,MODEL_NOT_OBSERVATION
S2_armed_coexistence_disciplined,1829,75.20014466246359,50.23819397883993,23.46195068362366,-1.5,5.0,3.0,-2.5000000000000004,-1.0000000000000004,654.6968341353155,23.38695068362366,31.19934248655079,3.745588732856305,0,,,,MODEL_NOT_OBSERVATION
S2_armed_coexistence_disciplined,1830,75.62752660225199,50.74057591862833,23.38695068362366,-1.5,5.0,3.0,-2.5000000000000004,-1.0000000000000004,652.1968341353155,23.31195068362366,30.923860311633224,4.107664127021096,0,,,,MODEL_NOT_OBSERVATION
S2_armed_coexistence_disciplined,1831,76.05993236143827,51.247981677814614,23.31195068362366,-1.5,5.0,3.0,-2.5000000000000004,-1.0000000000000004,649.6968341353155,23.23695068362366,30.649449664042322,4.4726102751275505,0,,,,MODEL_NOT_OBSERVATION
S2_armed_coexistence_disciplined,1832,76.49741217821642,51.76046149459277,23.23695068362366,-1.5,5.0,3.0,-2.5000000000000004,-1.0000000000000004,647.1968341353155,23.16195068362366,30.37612648842083,4.84045588471507,0,,,,MODEL_NOT_OBSERVATION
S2_armed_coexistence_disciplined,1833,76.94001679316234,52.278066109538685,23.16195068362366,-1.5,5.0,3.0,-2.5000000000000004,-1.0000000000000004,644.6968341353155,23.086950683623662,30.10390645727291,5.211229950398447,0,,,,MODEL_NOT_OBSERVATION
S2_armed_coexistence_disciplined,1834,77.38779745425774,52.800846770634074,23.086950683623662,-1.5,5.0,3.0,-2.5000000000000004,-1.0000000000000004,642.1968341353155,23.011950683623663,29.83280496808281,5.5849617567386645,0,,,,MODEL_NOT_OBSERVATION
S2_armed_coexistence_disciplined,1835,77.84080592196408,53.32885523834042,23.011950683623663,-1.5,5.0,3.0,-2.5000000000000004,-1.0000000000000004,639.6968341353155,22.936950683623664,29.562837140578036,5.9616808811423,0,,,,MODEL_NOT_OBSERVATION
S2_armed_coexistence_disciplined,1836,78.29909447434748,53.86214379072382,22.936950683623664,-1.5,5.0,3.0,-2.5000000000000004,-1.0000000000000004,637.1968341353155,22.861950683623665,29.29401781413745,6.341417196789948,0,,,,MODEL_NOT_OBSERVATION
S2_armed_coexistence_disciplined,1837,78.76271591225473,54.400765228631066,22.861950683623665,-1.5,5.0,3.0,-2.5000000000000004,-1.0000000000000004,634.6968341353155,22.786950683623665,29.026361545344532,6.724200875594079,0,,,,MODEL_NOT_OBSERVATION
S2_armed_coexistence_disciplined,1838,79.23172356454104,54.94477288091738,22.786950683623665,-1.5,5.0,3.0,-2.5000000000000004,-1.0000000000000004,632.1968341353155,22.711950683623666,28.759882605686016,7.110062391186261,0,,,,MODEL_NOT_OBSERVATION
S2_armed_coexistence_disciplined,1839,79.70617129335021,55.49422060972655,22.711950683623666,-1.5,5.0,3.0,-2.5000000000000004,-1.0000000000000004,629.6968341353155,22.636950683623667,28.494594979395906,7.499032521934367,0,,,,MODEL_NOT_OBSERVATION
S2_armed_coexistence_disciplined,1840,80.18611349944749,56.04916281582381,22.636950683623667,-1.5,5.0,3.0,-2.5000000000000004,-1.0000000000000004,627.1968341353155,22.561950683623667,28.23051236144478,7.891142353989935,0,,,,MODEL_NOT_OBSERVATION
S2_armed_coexistence_disciplined,1841,80.67160512760572,56.60965444398205,22.561950683623667,-1.5,5.0,3.0,-2.5000000000000004,-1.0000000000000004,624.6968341353155,22.486950683623668,27.96764815567429,8.28642328436608,0,,,,MODEL_NOT_OBSERVATION
S2_armed_coexistence_disciplined,1842,81.16270167204554,57.175750988421875,22.486950683623668,-1.5,5.0,3.0,-2.5000000000000004,-1.0000000000000004,622.1968341353155,22.41195068362367,27.706015473076267,8.68490702404597,0,,,,MODEL_NOT_OBSERVATION
S2_armed_coexistence_disciplined,1843,81.65945918192976,57.74750849830609,22.41195068362367,-1.5,5.0,3.0,-2.5000000000000004,-1.0000000000000004,619.6968341353155,22.33695068362367,27.44562713021636,9.086625601122662,0,,,,MODEL_NOT_OBSERVATION
S2_armed_coexistence_disciplined,1844,82.16193426691282,58.32498358328915,22.33695068362367,-1.5,5.0,3.0,-2.5000000000000004,-1.0000000000000004,617.1968341353155,22.26195068362367,27.18649564780136,9.491611363970122,0,,,,MODEL_NOT_OBSERVATION
S2_armed_coexistence_disciplined,1845,82.67018410274571,58.90823341912204,22.26195068362367,-1.5,5.0,3.0,-2.5000000000000004,-1.0000000000000004,614.6968341353155,22.18695068362367,26.928633249389716,9.899896984446073,0,,,,MODEL_NOT_OBSERVATION
S2_armed_coexistence_disciplined,1846,83.18426643693694,59.497315753313266,22.18695068362367,-1.5,5.0,3.0,-2.5000000000000004,-1.0000000000000004,612.1968341353155,22.11195068362367,26.672051860244366,10.31151546112676,0,,,,MODEL_NOT_OBSERVATION
S2_armed_coexistence_disciplined,1847,83.70423959447007,60.0922889108464,22.11195068362367,-1.5,5.0,3.0,-2.5000000000000004,-1.0000000000000004,609.6968341353155,22.036950683623672,26.416763106327174,10.72650012257428,0,,,,MODEL_NOT_OBSERVATION
S2_armed_coexistence_disciplined,1848,84.23016248357854,60.69321179995487,22.036950683623672,-1.5,5.0,3.0,-2.5000000000000004,-1.0000000000000004,607.1968341353155,21.961950683623673,26.16277831343372,11.144884630636255,0,,,,MODEL_NOT_OBSERVATION
S2_armed_coexistence_costly,1811,64.0,43.0,24.4,3.4000000000000057,5.5,3.0,6.233333333333344,2.8333333333333384,694.6984780145269,24.587,38.125,0,0,,,,MODEL_NOT_OBSERVATION
S2_armed_coexistence_costly,1812,64.64,43.43,24.587,3.3769999999999953,5.5,3.0,6.191166666666658,2.8141666666666625,700.8896446811935,24.772735,38.03681930693069,0,0,,,,MODEL_NOT_OBSERVATION
S2_armed_coexistence_costly,1813,65.2864,43.8643,24.772735,3.350634999999997,5.5,3.0,6.142830833333328,2.7921958333333308,707.0324755145268,24.957019925,37.94470977110087,0,0,,,,MODEL_NOT_OBSERVATION
S2_armed_coexistence_costly,1814,65.93926400000001,44.302943000000006,24.957019925,3.320698925000002,5.5,3.0,6.087948029166671,2.7672491041666687,713.1204235436935,25.139658365875,37.84849634506081,0,0,,,,MODEL_NOT_OBSERVATION
S2_armed_coexistence_costly,1815,66.59865664,44.74597243,25.139658365875,3.2869741558750007,5.5,3.0,6.026119285770835,2.7391451298958343,719.1465428294644,25.320441944448124,37.74799618221699,0,0,,,,MODEL_NOT_OBSERVATION
S2_armed_coexistence_costly,1816,67.26464320640001,45.193432154300005,25.320441944448124,3.2492308923481232,5.5,3.0,5.956923302638226,2.707692410290103,725.1034661321025,25.49914964352727,37.643018289345456,0,0,,,,MODEL_NOT_OBSERVATION
S2_armed_coexistence_costly,1817,67.93728963846401,45.645366475843005,25.49914964352727,3.2072264809062716,5.5,3.0,5.879915214994832,2.6726887340885606,730.9833813470974,25.675547099977116,37.53336316362323,0,0,,,,MODEL_NOT_OBSERVATION
S2_armed_coexistence_costly,1818,68.61666253484864,46.10182014060143,25.675547099977116,3.1607047057298985,5.5,3.0,5.7946252938381475,2.633920588108249,736.7780066409356,25.84938585879226,37.41882241348763,0,0,,,,MODEL_NOT_OBSERVATION
S2_armed_coexistence_costly,1819,69.30282916019713,46.56283834200745,25.84938585879226,3.1093950406025783,5.5,3.0,5.7005575744380605,2.5911625338354822,742.4785642153737,26.0204025860254,37.29917836260341,0,0,,,,MODEL_NOT_OBSERVATION
S2_armed_coexistence_costly,1820,69.9958574517991,47.02846672542752,26.0204025860254,3.0530118596538216,5.5,3.0,5.59718840936534,2.5441765497115183,748.075752624739,26.188318238306362,37.174203636184764,0,0,,,,MODEL_NOT_OBSERVATION
S2_armed_coexistence_costly,1821,70.69581602631709,47.4987513926818,26.188318238306362,2.9912536046710727,5.5,3.0,5.483964941896967,2.492711337225894,753.559717566636,26.35283718656327,37.04366072888606,0,0,,,,MODEL_NOT_OBSERVATION
S2_armed_coexistence_costly,1822,71.40277418658026,47.97373890660861,26.35283718656327,2.9238019065916205,5.5,3.0,5.360303495417972,2.436501588826351,758.9200210620539,26.51364629142581,36.90730155344039,0,0,,,,MODEL_NOT_OBSERVATION
S2_armed_coexistence_costly,1823,72.11680192844607,48.4534762956747,26.51364629142581,2.8503206586544394,5.5,3.0,5.225587874199805,2.3752672155453656,764.1456089362538,26.670413927651804,36.764866969187736,0,0,,,,MODEL_NOT_OBSERVATION
S2_armed_coexistence_costly,1824,72.83796994773053,48.938011058631446,26.670413927651804,2.7704550385527256,5.5,3.0,5.0791675706799975,2.308712532127272,769.2247765069337,26.822788954772204,36.616086289597085,0,0,,,,MODEL_NOT_OBSERVATION
S2_armed_coexistence_costly,1825,73.56634964720784,49.42739116921777,26.822788954772204,2.683830476782134,5.5,3.0,4.920355874100579,2.236525397318445,774.1451323810343,26.97039963099522,36.46067676784646,0,0,,,,MODEL_NOT_OBSERVATION
S2_armed_coexistence_costly,1826,74.30201314367991,49.921665080909946,26.97039963099522,2.590051568225249,5.5,3.0,4.748427875079623,2.1583763068543744,778.8935602561139,27.11285246724761,36.29834305948319,0,0,,,,MODEL_NOT_OBSERVATION
S2_armed_coexistence_costly,1827,75.04503327511672,50.42088173171905,27.11285246724761,2.488700923849933,5.5,3.0,4.562618360391545,2.0739174365416115,783.4561786165054,27.249731018059357,36.12877666114332,0,0,,,,MODEL_NOT_OBSERVATION
S2_armed_coexistence_costly,1828,75.79548360786788,50.925090549036234,27.249731018059357,2.379337959227712,5.5,3.0,4.362119591917472,1.9827816326897603,787.8182982084229,27.38059460581688,35.95165532426358,0,0,,,,MODEL_NOT_OBSERVATION
S2_armed_coexistence_costly,1829,76.55343844394656,51.434341454526596,27.38059460581688,2.261497616396923,5.5,3.0,4.146078963394359,1.884581346997436,791.9643771718172,27.504976974718712,35.766642442671355,0,0,,,,MODEL_NOT_OBSERVATION
S2_armed_coexistence_costly,1830,77.31897282838602,51.94868486907186,27.504976974718712,2.134689015404547,5.5,3.0,3.913596528241669,1.7789075128371223,795.8779737000589,27.622384870565963,35.57338641288939,0,0,,,,MODEL_NOT_OBSERVATION
S2_armed_coexistence_costly,1831,78.09216255666989,52.46817171776258,27.622384870565963,1.9983940316586484,5.5,3.0,3.663722391374189,1.6653283597155406,799.5416960914331,27.73229654230719,35.371519965938916,0,0,,,,MODEL_NOT_OBSERVATION
S2_armed_coexistence_costly,1832,78.8730841822366,52.992853434940216,27.73229654230719,1.852065795010816,5.5,3.0,3.3954539575198295,1.5433881625090136,802.937150048953,27.834160161032784,35.160659469371836,0,0,,,,MODEL_NOT_OBSERVATION
S2_armed_coexistence_costly,1833,79.66181502405895,53.52278196928961,27.834160161032784,1.6951271062634419,5.5,3.0,3.1077330281496436,1.4126059218862017,806.0448830771026,27.927392151877275,34.940404198205236,0,0,,,,MODEL_NOT_OBSERVATION
S2_armed_coexistence_costly,1834,80.45843317429954,54.0580097889825,27.927392151877275,1.5269687665602305,5.5,3.0,2.799442738693756,1.2724739721335254,808.8443258157963,28.011375434038086,34.710335573372795,0,0,,,,MODEL_NOT_OBSERVATION
S2_armed_coexistence_costly,1835,81.26301750604254,54.59858988687233,28.011375434038086,1.3469478148678746,5.5,3.0,2.46940432725777,1.1224565123898955,811.313730143054,28.08545756385582,34.47001636624584,0,0,,,,MODEL_NOT_OBSERVATION
S2_armed_coexistence_costly,1836,82.07564768110296,55.144575785741054,28.08545756385582,1.1543856684939158,5.5,3.0,2.116373725572179,0.9619880570782633,813.4301038686262,28.148948775622983,34.21898986771224,0,0,,,,MODEL_NOT_OBSERVATION
S2_armed_coexistence_costly,1837,82.896404157914,55.69602154359847,28.148948775622983,0.9485661613074541,5.5,3.0,1.7390379623969991,0.7904718010895451,815.1691418310232,28.201119914494893,33.956779020234066,0,0,,,,MODEL_NOT_OBSERVATION
S2_armed_coexistence_costly,1838,83.72536819949315,56.252981759034455,28.201119914494893,0.7287334740362041,5.5,3.0,1.3360113690663744,0.6072778950301703,816.5051532000896,28.241200255566884,33.682885511234595,0,0,,,,MODEL_NOT_OBSERVATION
S2_armed_coexistence_costly,1839,84.56262188148807,56.8155115766248,28.241200255566884,0.4940899507036107,5.5,3.0,0.905831576289953,0.4117416255863423,817.4109847763796,28.268375202855584,33.39678882609158,0,0,,,,MODEL_NOT_OBSERVATION
S2_armed_coexistence_costly,1840,85.40824810030296,57.383666692391046,28.268375202855584,0.24379379494367015,5.5,3.0,0.44695529073006196,0.2031614957863918,817.8579400671097,28.281783861577484,33.097945258937244,0,0,,,,MODEL_NOT_OBSERVATION
S2_armed_coexistence_costly,1841,86.26233058130599,57.95750335931496,28.281783861577484,-0.023043360413538494,5.5,3.0,-0.042246160758153906,-0.01920280034461541,817.8156939063515,28.28051647675474,32.78578687938494,0,0,,,,MODEL_NOT_OBSERVATION
S2_armed_coexistence_costly,1842,87.12495388711905,58.53707839290811,28.28051647675474,-0.3073590174561929,5.5,3.0,-0.5634915320030203,-0.2561325145468274,817.2522023743485,28.26361173079465,32.45972045321893,0,0,,,,MODEL_NOT_OBSERVATION
S2_armed_coexistence_costly,1843,87.99620342599023,59.122449176837186,28.26361173079465,-0.6101425183583871,5.5,3.0,-1.1185946169903762,-0.5084520986319891,816.1336077573582,28.23005389228494,32.11912631499601,0,0,,,,MODEL_NOT_OBSERVATION
S2_armed_coexistence_costly,1844,88.87616546025014,59.71367366860556,28.23005389228494,-0.9324378993596412,5.5,3.0,-1.7094694821593421,-0.777031582799701,814.4241382751989,28.17876980782016,31.763357190416624,0,0,,,,MODEL_NOT_OBSERVATION
S2_armed_coexistence_costly,1845,89.48958021311178,60.31081040529162,28.17876980782016,-1,5.5,3.0,-1.8333333333333335,-0.8333333333333335,812.5908049418655,28.12376980782016,31.488324943211076,0.2753469017408605,0,,,,MODEL_NOT_OBSERVATION
S2_armed_coexistence_costly,1846,90.0376883171647,60.91391850934453,28.12376980782016,-1,5.5,3.0,-1.8333333333333335,-0.8333333333333335,810.7574716085321,28.06876980782016,31.23555294839647,0.6248880688364693,0,,,,MODEL_NOT_OBSERVATION
S2_armed_coexistence_costly,1847,90.59182750225814,61.52305769443798,28.06876980782016,-1,5.5,3.0,-1.8333333333333335,-0.8333333333333335,808.9241382751987,28.01376980782016,30.983776993703437,0.9773746476030425,0,,,,MODEL_NOT_OBSERVATION
S2_armed_coexistence_costly,1848,91.15205807920253,62.138288271382365,28.01376980782016,-1,5.5,3.0,-1.8333333333333335,-0.8333333333333335,807.0908049418654,27.95876980782016,30.733008555307485,1.3328360921572653,0,,,,MODEL_NOT_OBSERVATION
S3_adaptive_blockade,1811,60.0,39.0,24.4,3.3999999999999986,5.5,3.0,6.233333333333331,2.833333333333332,694.6984780145269,24.587,40.666666666666664,0,0,,,,MODEL_NOT_OBSERVATION
S3_adaptive_blockade,1812,60.3,39.19499999999999,24.587,3.4819999999999993,5.5,3.0,6.383666666666666,2.9016666666666664,701.0821446811935,24.77851,40.77446102819237,0,0,,,,MODEL_NOT_OBSERVATION
S3_adaptive_blockade,1813,60.60149999999999,39.39097499999999,24.77851,3.5679850000000073,5.5,3.0,6.541305833333347,2.9733208333333394,707.6234505145269,24.974749175,40.88761829327658,0,0,,,,MODEL_NOT_OBSERVATION
S3_adaptive_blockade,1814,60.90450749999998,39.587929874999986,24.974749175,3.658171550000006,5.5,3.0,6.706647841666677,3.0484762916666712,714.3300983561936,25.17594861025,41.00640527304159,0,0,,,,MODEL_NOT_OBSERVATION
S3_adaptive_blockade,1815,61.20903003749997,39.78586952437498,25.17594861025,3.7527880971250056,5.5,3.0,6.880111511395844,3.1273234142708386,721.2102098675895,25.382351955591876,41.1311020527949,0,0,,,,MODEL_NOT_OBSERVATION
S3_adaptive_blockade,1816,61.515075187687465,39.98479887199685,25.382351955591876,3.8520756399012654,5.5,3.0,7.062138673152321,3.210063033251055,728.2723485407417,25.594216115786445,41.26200265243645,0,0,,,,MODEL_NOT_OBSERVATION
S3_adaptive_blockade,1817,61.8226505636259,40.184722866356836,25.594216115786445,3.9562884185173743,5.5,3.0,7.2531954339485205,3.296907015431146,735.5255439746903,25.8118119788049,41.399415719721844,0,0,,,,MODEL_NOT_OBSERVATION
S3_adaptive_blockade,1818,62.13176381644403,40.385646480688614,25.8118119788049,4.06569464304949,5.5,3.0,7.453773512257398,3.3880788692079085,742.9793174869477,26.035425184172624,41.54366525801646,0,0,,,,MODEL_NOT_OBSERVATION
S3_adaptive_blockade,1819,62.44242263552624,40.58757471309205,26.035425184172624,4.180577261738435,5.5,3.0,7.664391646520464,3.483814384782029,750.6437091334682,26.26535693356824,41.695091390256096,0,0,,,,MODEL_NOT_OBSERVATION
S3_adaptive_blockade,1820,62.75463474870386,40.790512586657506,26.26535693356824,4.301234771521884,5.5,3.0,7.8855970811234535,3.5843623096015698,758.5293062145917,26.50192484600194,41.85405116091561,0,0,,,,MODEL_NOT_OBSERVATION
S3_adaptive_blockade,1821,63.06840792244738,40.994465149590795,26.50192484600194,4.427982073145358,5.5,3.0,8.117967134099825,3.6899850609544664,766.6472733486914,26.745463860024937,42.02091937787659,0,0,,,,MODEL_NOT_OBSERVATION
S3_adaptive_blockade,1822,63.38374996205961,41.19943747533875,26.745463860024937,4.561151373304071,5.5,3.0,8.362110851057464,3.800959477753393,775.0093841997489,26.996327185556662,42.19608949617891,0,0,,,,MODEL_NOT_OBSERVATION
S3_adaptive_blockade,1823,63.700668711869895,41.405434662715436,26.996327185556662,4.701093136402207,5.5,3.0,8.618670750070713,3.917577613668506,783.6280549498196,27.254887308058784,42.379974545740055,0,0,,,,MODEL_NOT_OBSERVATION
S3_adaptive_blockade,1824,64.01917205542924,41.612461836029006,27.254887308058784,4.848177088658559,5.5,3.0,8.888324662540692,4.040147573882132,792.5163796123602,27.521537047935006,42.57300810522962,0,0,,,,MODEL_NOT_OBSERVATION
S3_adaptive_blockade,1825,64.33926791570637,41.82052414520914,27.521537047935006,5.002793277437775,5.5,3.0,9.171787675302587,4.168994397864813,801.6881672876627,27.796690678194082,42.77564532439528,0,0,,,,MODEL_NOT_OBSERVATION
S3_adaptive_blockade,1826,64.66096425528491,42.02962676593519,27.796690678194082,5.165353188844364,5.5,3.0,9.469814179548,4.304460990703637,811.1579814672108,28.08078510358052,42.98836399725076,0,0,,,,MODEL_NOT_OBSERVATION
S3_adaptive_blockade,1827,64.98426907656132,42.23977489976486,28.08078510358052,5.336290926784059,5.5,3.0,9.783200032437444,4.4469091056533845,820.9411814996482,28.374281104553646,43.21166568865628,0,0,,,,MODEL_NOT_OBSERVATION
S3_adaptive_blockade,1828,65.30919042194411,42.45097377426367,28.374281104553646,5.51606445687321,5.5,3.0,10.112784837600884,4.596720380727675,831.0539663372491,28.677664649681674,43.44607691694765,0,0,,,,MODEL_NOT_OBSERVATION
S3_adaptive_blockade,1829,65.63573637405382,42.663228643134985,28.677664649681674,5.705156918762839,5.5,3.0,10.459454351065204,4.754297432302366,841.5134206883143,28.99144828021363,43.69215039540277,0,0,,,,MODEL_NOT_OBSERVATION
S3_adaptive_blockade,1830,65.96391505592409,42.87654478635066,28.99144828021363,5.904078010640191,5.5,3.0,10.824143019507018,4.9200650088668265,852.3375637078213,29.316172570798837,43.950466335472555,0,0,,,,MODEL_NOT_OBSERVATION
S3_adaptive_blockade,1831,66.2937346312037,43.090927510282405,29.316172570798837,6.113365449877534,5.5,3.0,11.207836658108812,5.094471208231278,863.5454003659302,29.6524076705421,44.2216338148493,0,0,,,,MODEL_NOT_OBSERVATION
S3_adaptive_blockade,1832,66.62520330435972,43.306382147833816,29.6524076705421,6.333586514016204,5.5,3.0,11.611575275696376,5.277988761680172,875.1569756416266,30.00075492881299,44.50629221359802,0,0,,,,MODEL_NOT_OBSERVATION
S3_adaptive_blockade,1833,66.9583293208815,43.52291405857298,30.00075492881299,6.565339666504471,5.5,3.0,12.036456055258197,5.471116388753726,887.1934316968848,30.361848610470737,44.80511272173723,0,0,,,,MODEL_NOT_OBSERVATION
S3_adaptive_blockade,1834,67.2931209674859,43.74052862886584,30.361848610470737,6.809256271850671,5.5,3.0,12.483636498392897,5.674380226542226,899.6770681952777,30.736357705422524,45.11879992182367,0,0,,,,MODEL_NOT_OBSERVATION
S3_adaptive_blockade,1835,67.62958657232333,43.959231272010165,30.736357705422524,7.066002405109359,5.5,3.0,12.954337742700492,5.888335337591133,912.6314059379782,31.12498783770354,45.44809345027261,0,0,,,,MODEL_NOT_OBSERVATION
S3_adaptive_blockade,1836,67.96773450518494,44.179027428370205,31.12498783770354,7.336280760888812,5.5,3.0,13.449848061629488,6.113567300740677,926.0812539996077,31.528483279552425,45.79376974133096,0,0,,,,MODEL_NOT_OBSERVATION
S3_adaptive_blockade,1837,68.30757317771086,44.399922565512064,31.528483279552425,7.620832667353625,5.5,3.0,13.971526556814979,6.350693889461354,940.0527805564227,31.947629076256874,46.156643857815084,0,0,,,,MODEL_NOT_OBSERVATION
S3_adaptive_blockade,1838,68.6491110435994,44.62192217833962,31.947629076256874,7.920440210997086,5.5,3.0,14.520807053494657,6.600366842497571,954.5735876099174,32.38325328786171,46.537571412930276,0,0,,,,MODEL_NOT_OBSERVATION
S3_adaptive_blockade,1839,68.9923565988174,44.84503178923131,32.38325328786171,8.235928478275625,5.5,3.0,15.09920221017198,6.863273731896355,969.6727898200893,32.836229354166875,46.93745058770292,0,0,,,,MODEL_NOT_OBSERVATION
S3_adaptive_blockade,1840,69.33731838181149,45.06925694817746,32.836229354166875,8.568167920532858,5.5,3.0,15.70830785431024,7.140139933777382,985.3810976743995,33.30747858979618,47.35722424878268,0,0,,,,MODEL_NOT_OBSERVATION
S3_adaptive_blockade,1841,69.68400497372053,45.29460323291834,33.30747858979618,8.91807684899399,5.5,3.0,16.349807556488983,7.431730707494992,1001.7309052308884,33.797972816490855,47.79788217160769,0,0,,,,MODEL_NOT_OBSERVATION
S3_adaptive_blockade,1842,70.03242499858912,45.52107624908293,33.797972816490855,9.286624066984658,5.5,3.0,17.02547745613854,7.738853389153881,1018.756382687027,34.30873714017501,48.26046337417525,0,0,,,,MODEL_NOT_OBSERVATION
S3_adaptive_blockade,1843,70.38258712358206,45.74868163032834,34.30873714017501,9.674831646921291,5.5,3.0,17.737191352689035,8.062359705767744,1036.4935740397161,34.84085288075568,48.7460585669203,0,0,,,,MODEL_NOT_OBSERVATION
S3_adaptive_blockade,1844,70.73450005919996,45.97742503847997,34.84085288075568,10.083777860035696,5.5,3.0,18.48692607673211,8.403148216696415,1054.9805001164482,35.39546066305765,49.255812724478524,0,0,,,,MODEL_NOT_OBSERVATION
S3_adaptive_blockade,1845,71.08817255949594,46.20731216367237,35.39546066305765,10.514600267234073,5.5,3.0,19.276767156595803,8.76216688936173,1074.257267273044,35.97376367775552,49.79092778539786,0,0,,,,MODEL_NOT_OBSERVATION
S3_adaptive_blockade,1846,71.44361342229342,46.43834872449073,35.97376367775552,10.968498979952827,5.5,3.0,20.108914796580184,9.140415816627357,1094.366182069624,36.57703112165293,50.35266548616393,0,0,,,,MODEL_NOT_OBSERVATION
S3_adaptive_blockade,1847,71.80083148940489,46.670540468113174,36.57703112165293,11.446740100361211,5.5,3.0,20.985690183995555,9.538950083634344,1115.3518722536196,37.2066018271728,50.94235033622184,0,0,,,,MODEL_NOT_OBSERVATION
S3_adaptive_blockade,1848,72.1598356468519,46.903893170453735,37.2066018271728,11.950659350774629,5.5,3.0,21.90954214308682,9.958882792312192,1137.2614143967064,37.8638880914654,51.561372741009,0,0,,,,MODEL_NOT_OBSERVATION
S3_stubborn_lower_stress,1811,60,48,24.4,12.400000000000006,6.0,3.0,24.80000000000001,12.400000000000006,713.2651446811935,25.144,40.666666666666664,0,0,,,,MODEL_NOT_OBSERVATION
S3_stubborn_lower_stress,1812,60,48,25.144,13.144000000000005,6.0,3.0,26.28800000000001,13.144000000000005,739.5531446811935,25.93264,41.906666666666666,0,0,,,,MODEL_NOT_OBSERVATION
S3_stubborn_lower_stress,1813,60,48,25.93264,13.932639999999992,6.0,3.0,27.865279999999984,13.932639999999992,767.4184246811935,26.7685984,43.221066666666665,0,0,,,,MODEL_NOT_OBSERVATION
S3_stubborn_lower_stress,1814,60,48,26.7685984,14.768598400000002,6.0,3.0,29.537196800000004,14.768598400000002,796.9556214811935,27.654714304,44.61433066666666,0,0,,,,MODEL_NOT_OBSERVATION
S3_stubborn_lower_stress,1815,60,48,27.654714304,15.654714303999995,6.0,3.0,31.30942860799999,15.654714303999995,828.2650500891934,28.593997162239997,46.09119050666666,0,0,,,,MODEL_NOT_OBSERVATION
S3_stubborn_lower_stress,1816,60,48,28.593997162239997,16.59399716224,6.0,3.0,33.18799432448,16.59399716224,861.4530444136734,29.5896369919744,47.656661937066666,0,0,,,,MODEL_NOT_OBSERVATION
S3_stubborn_lower_stress,1817,60,48,29.5896369919744,17.589636991974402,6.0,3.0,35.179273983948804,17.589636991974402,896.6323183976222,30.64501521149286,49.31606165329067,0,0,,,,MODEL_NOT_OBSERVATION
S3_stubborn_lower_stress,1818,60,48,30.64501521149286,18.64501521149286,6.0,3.0,37.29003042298572,18.64501521149286,933.9223488206079,31.763716124182434,51.075025352488105,0,0,,,,MODEL_NOT_OBSERVATION
S3_stubborn_lower_stress,1819,60,48,31.763716124182434,19.763716124182437,6.0,3.0,39.527432248364875,19.763716124182437,973.4497810689728,32.94953909163338,52.93952687363739,0,0,,,,MODEL_NOT_OBSERVATION
S3_stubborn_lower_stress,1820,60,48,32.94953909163338,20.949539091633383,6.0,3.0,41.89907818326677,20.949539091633383,1015.3488592522395,34.20651143713138,54.91589848605564,0,0,,,,MODEL_NOT_OBSERVATION
S3_stubborn_lower_stress,1821,60,48,34.20651143713138,22.206511437131383,6.0,3.0,44.413022874262765,22.206511437131383,1059.7618821265023,35.538902123359264,57.01085239521897,0,0,,,,MODEL_NOT_OBSERVATION
S3_stubborn_lower_stress,1822,60,48,35.538902123359264,23.538902123359264,6.0,3.0,47.07780424671853,23.538902123359264,1106.839686373221,36.95123625076082,59.23150353893211,0,0,,,,MODEL_NOT_OBSERVATION
S3_stubborn_lower_stress,1823,60,48,36.95123625076082,24.951236250760815,6.0,3.0,49.90247250152163,24.951236250760815,1156.7421588747425,38.44831042580647,61.585393751268036,0,0,1823,,,MODEL_NOT_OBSERVATION
S3_stubborn_lower_stress,1824,60,48,38.44831042580647,26.44831042580647,6.0,3.0,52.89662085161294,26.44831042580647,1209.6387797263553,40.035209051354855,64.08051737634412,0,0,1823,,,MODEL_NOT_OBSERVATION
S3_stubborn_lower_stress,1825,60,48,40.035209051354855,28.035209051354855,6.0,3.0,56.070418102709716,28.03520905135486,1265.709197829065,41.71732159443614,66.72534841892475,0,0,1823,,,MODEL_NOT_OBSERVATION
S3_stubborn_lower_stress,1826,60,48,41.71732159443614,29.717321594436143,6.0,3.0,59.434643188872286,29.717321594436143,1325.1438410179373,43.500360890102314,69.52886932406024,0,0,1823,,,MODEL_NOT_OBSERVATION
S3_stubborn_lower_stress,1827,60,48,43.500360890102314,31.500360890102314,6.0,3.0,63.00072178020463,31.500360890102314,1388.144562798142,45.39038254350845,72.50060148350386,0,0,1823,1827,1827,MODEL_NOT_OBSERVATION
S3_stubborn_lower_stress,1828,60,48,45.39038254350845,33.39038254350845,6.0,3.0,66.7807650870169,33.39038254350845,1454.9253278851588,47.39380549611896,75.65063757251409,0,0,1823,1827,1827,MODEL_NOT_OBSERVATION
S3_stubborn_lower_stress,1829,60,48,47.39380549611896,35.39380549611896,6.0,3.0,70.78761099223792,35.39380549611896,1525.7129388773967,49.517433825886094,78.98967582686493,0,0,1823,1827,1827,MODEL_NOT_OBSERVATION
S3_stubborn_lower_stress,1830,60,48,49.517433825886094,37.51743382588609,6.0,3.0,75.03486765177217,37.51743382588609,1600.7478065291689,51.76847985543926,82.52905637647683,0,0,1823,1827,1827,MODEL_NOT_OBSERVATION
S3_stubborn_lower_stress,1831,60,48,51.76847985543926,39.76847985543927,6.0,3.0,79.53695971087853,39.76847985543927,1680.2847662400475,54.15458864676562,86.28079975906543,0,0,1823,1827,1827,MODEL_NOT_OBSERVATION
S3_stubborn_lower_stress,1832,60,48,54.15458864676562,42.15458864676562,6.0,3.0,84.30917729353123,42.15458864676562,1764.5939435335788,56.683863965571554,90.25764774460936,0,0,1823,1827,1827,MODEL_NOT_OBSERVATION
S3_stubborn_lower_stress,1833,60,48,56.683863965571554,44.68386396557156,6.0,3.0,89.36772793114312,44.68386396557156,1853.9616714647218,59.364895803505846,94.47310660928594,0,0,1823,1827,1827,MODEL_NOT_OBSERVATION
S3_stubborn_lower_stress,1834,60,48,59.364895803505846,47.364895803505846,6.0,3.0,94.72979160701169,47.364895803505846,1948.6914630717336,62.2067895517162,98.94149300584307,0,0,1823,1827,1827,MODEL_NOT_OBSERVATION
S3_stubborn_lower_stress,1835,60,48,62.2067895517162,50.2067895517162,6.0,3.0,100.4135791034324,50.2067895517162,2049.105042175166,65.21919692481917,103.67798258619368,0,0,1823,1827,1827,MODEL_NOT_OBSERVATION
S3_stubborn_lower_stress,1836,60,48,65.21919692481917,53.21919692481917,6.0,3.0,106.43839384963835,53.21919692481917,2155.5434360248046,68.41234874030832,108.6986615413653,0,0,1823,1827,1827,MODEL_NOT_OBSERVATION
S3_stubborn_lower_stress,1837,60,48,68.41234874030832,56.41234874030832,6.0,3.0,112.82469748061663,56.41234874030832,2268.368133505421,71.79708966472681,114.0205812338472,0,0,1823,1827,1827,MODEL_NOT_OBSERVATION
S3_stubborn_lower_stress,1838,60,48,71.79708966472681,59.79708966472681,6.0,3.0,119.59417932945362,59.79708966472681,2387.962312834875,75.38491504461042,119.66181610787802,0,0,1823,1827,1827,MODEL_NOT_OBSERVATION
S3_stubborn_lower_stress,1839,60,48,75.38491504461042,63.38491504461042,6.0,3.0,126.76983008922085,63.38491504461042,2514.7321429240956,79.18800994728704,125.64152507435071,0,0,1823,1827,1827,MODEL_NOT_OBSERVATION
S3_stubborn_lower_stress,1840,60,48,79.18800994728704,67.18800994728704,6.0,3.0,134.37601989457409,67.18800994728704,2649.10816281867,83.21929054412426,131.98001657881173,0,0,1823,1827,1827,MODEL_NOT_OBSERVATION
S3_stubborn_lower_stress,1841,60,48,83.21929054412426,71.21929054412425,6.0,3.0,142.4385810882485,71.21929054412425,2791.5467439069184,87.49244797677171,138.69881757354042,0,0,1823,1827,1827,MODEL_NOT_OBSERVATION
S3_stubborn_lower_stress,1842,60,48,87.49244797677171,75.4924479767717,6.0,3.0,150.9848959535434,75.4924479767717,2942.531639860462,92.02199485537801,145.82074662795287,0,0,1823,1827,1827,MODEL_NOT_OBSERVATION
S3_stubborn_lower_stress,1843,60,48,92.02199485537801,80.02199485537801,6.0,3.0,160.04398971075602,80.02199485537801,3102.575629571218,96.82331454670069,153.36999142563002,0,0,1823,1827,1827,MODEL_NOT_OBSERVATION
S3_stubborn_lower_stress,1844,60,48,96.82331454670069,84.82331454670069,6.0,3.0,169.64662909340137,84.82331454670069,3272.2222586646194,101.91271341950272,161.37219091116782,0,0,1823,1827,1827,MODEL_NOT_OBSERVATION
S3_stubborn_lower_stress,1845,60,48,101.91271341950272,89.91271341950272,6.0,3.0,179.82542683900544,89.91271341950272,3452.047685503625,107.30747622467288,169.85452236583788,0,0,1823,1827,1827,MODEL_NOT_OBSERVATION
S3_stubborn_lower_stress,1846,60,48,107.30747622467288,95.30747622467288,6.0,3.0,190.61495244934576,95.30747622467288,3642.6626379529707,113.02592479815326,178.84579370778815,0,0,1823,1827,1827,MODEL_NOT_OBSERVATION
S3_stubborn_lower_stress,1847,60,48,113.02592479815326,101.02592479815326,6.0,3.0,202.0518495963065,101.02592479815326,3844.7144875492772,119.08748028604245,188.37654133025544,0,0,1823,1827,1827,MODEL_NOT_OBSERVATION
S3_stubborn_lower_stress,1848,60,48,119.08748028604245,107.08748028604245,6.0,3.0,214.1749605720849,107.08748028604245,4058.889448121362,125.51272910320499,198.47913381007075,0,0,1823,1827,1827,MODEL_NOT_OBSERVATION
S3_stubborn_upper_stress,1811,55,50,24.4,19.400000000000006,7.000000000000001,3.0,45.26666666666669,25.86666666666668,733.7318113478602,25.758,44.36363636363636,0,0,,,,MODEL_NOT_OBSERVATION
S3_stubborn_upper_stress,1812,55,50,25.758,20.757999999999996,7.000000000000001,3.0,48.435333333333325,27.67733333333333,782.1671446811936,27.21106,46.83272727272727,0,0,,,,MODEL_NOT_OBSERVATION
S3_stubborn_upper_stress,1813,55,50,27.21106,22.211060000000003,7.000000000000001,3.0,51.825806666666686,29.614746666666683,833.9929513478603,28.7658342,49.47465454545454,0,0,,,,MODEL_NOT_OBSERVATION
S3_stubborn_upper_stress,1814,55,50,28.7658342,23.7658342,7.000000000000001,3.0,55.45361313333334,31.68777893333334,889.4465644811936,30.429442594,52.30151672727273,0,0,,,,MODEL_NOT_OBSERVATION
S3_stubborn_upper_stress,1815,55,50,30.429442594,25.429442593999994,7.000000000000001,3.0,59.33536605266666,33.90592345866666,948.7819305338603,32.20950357558,55.32625926181819,0,0,,,,MODEL_NOT_OBSERVATION
S3_stubborn_upper_stress,1816,55,50,32.20950357558,27.20950357558,7.000000000000001,3.0,63.488841676353346,36.279338100773344,1012.2707722102136,34.1141688258706,58.562733773781815,0,0,,,,MODEL_NOT_OBSERVATION
S3_stubborn_upper_stress,1817,55,50,34.1141688258706,29.114168825870593,7.000000000000001,3.0,67.93306059369806,38.818891767827466,1080.2038328039116,36.15216064368154,62.02576150158291,0,0,1817,,,MODEL_NOT_OBSERVATION
S3_stubborn_upper_stress,1818,55,50,36.15216064368154,31.15216064368154,7.000000000000001,3.0,72.68837483525694,41.5362141915754,1152.8922076391686,38.33281188873925,65.73120117033008,0,0,1817,,1818,MODEL_NOT_OBSERVATION
S3_stubborn_upper_stress,1819,55,50,38.33281188873925,33.33281188873926,7.000000000000001,3.0,77.77656107372495,44.44374918498569,1230.6687687128936,40.666108720951,69.69602161588955,0,0,1817,,1818,MODEL_NOT_OBSERVATION
S3_stubborn_upper_stress,1820,55,50,40.666108720951,35.666108720951,7.000000000000001,3.0,83.22092034888568,47.55481162793468,1313.8896890617793,43.16273633141757,73.93837949263819,0,0,1817,1820,1818,MODEL_NOT_OBSERVATION
S3_stubborn_upper_stress,1821,55,50,43.16273633141757,38.16273633141756,7.000000000000001,3.0,89.04638477330765,50.88364844189009,1402.936073835087,45.8341278746168,78.47770242075921,0,0,1817,1820,1818,MODEL_NOT_OBSERVATION
S3_stubborn_upper_stress,1822,55,50,45.8341278746168,40.8341278746168,7.000000000000001,3.0,95.27963170743921,54.44550383282241,1498.2157055425262,48.692516825839974,83.33477795384873,0,0,1817,1820,1818,MODEL_NOT_OBSERVATION
S3_stubborn_upper_stress,1823,55,50,48.692516825839974,43.692516825839974,7.000000000000001,3.0,101.94920592695996,58.25668910111999,1600.164911469486,51.75099300364877,88.5318487742545,0,0,1817,1820,1818,MODEL_NOT_OBSERVATION
S3_stubborn_upper_stress,1824,55,50,51.75099300364877,46.75099300364877,7.000000000000001,3.0,109.08565034184716,62.33465733819838,1709.2505618113332,55.02356251390419,94.09271455208868,0,0,1817,1820,1818,MODEL_NOT_OBSERVATION
S3_stubborn_upper_stress,1825,55,50,55.02356251390419,50.02356251390418,7.000000000000001,3.0,116.72164586577644,66.69808335187226,1825.9722076771097,58.52521188987748,100.04284093437126,0,0,1817,1820,1818,MODEL_NOT_OBSERVATION
S3_stubborn_upper_stress,1826,55,50,58.52521188987748,53.52521188987748,7.000000000000001,3.0,124.8921610763808,71.36694918650332,1950.8643687534905,62.27197672216891,106.40947616341361,0,0,1817,1820,1818,MODEL_NOT_OBSERVATION
S3_stubborn_upper_stress,1827,55,50,62.27197672216891,57.271976722168915,7.000000000000001,3.0,133.63461235172747,76.36263562955855,2084.498981105218,66.28101509272074,113.22177585848891,0,0,1817,1820,1818,MODEL_NOT_OBSERVATION
S3_stubborn_upper_stress,1828,55,50,66.28101509272074,61.281015092720736,7.000000000000001,3.0,142.98903521634838,81.70802012362765,2227.488016321566,70.57068614921118,120.51093653221952,0,0,1817,1820,1818,MODEL_NOT_OBSERVATION
S3_stubborn_upper_stress,1829,55,50,70.57068614921118,65.57068614921118,7.000000000000001,3.0,152.9982676814928,87.42758153228161,2380.486284003059,75.16063417965597,128.31033845311123,0,0,1817,1820,1818,MODEL_NOT_OBSERVATION
S3_stubborn_upper_stress,1830,55,50,75.16063417965597,70.16063417965597,7.000000000000001,3.0,163.70814641919728,93.5475122395413,2544.1944304222566,80.0718785722319,136.6556985084654,0,0,1817,1820,1818,MODEL_NOT_OBSERVATION
S3_stubborn_upper_stress,1831,55,50,80.0718785722319,75.0718785722319,7.000000000000001,3.0,175.16771666854112,100.09583809630922,2719.362147090798,85.32691007228813,145.58523376769438,0,0,1817,1820,1818,MODEL_NOT_OBSERVATION
S3_stubborn_upper_stress,1832,55,50,85.32691007228813,80.32691007228811,7.000000000000001,3.0,187.42945683533895,107.10254676305084,2906.7916039261368,90.9497937773483,155.13983649506932,0,0,1817,1820,1818,MODEL_NOT_OBSERVATION
S3_stubborn_upper_stress,1833,55,50,90.9497937773483,85.9497937773483,7.000000000000001,3.0,200.54951881381274,114.59972503646443,3107.3411227399497,96.96627934176269,165.36326141336056,0,0,1817,1820,1818,MODEL_NOT_OBSERVATION
S3_stubborn_upper_stress,1834,55,50,96.96627934176269,91.96627934176269,7.000000000000001,3.0,214.58798513077963,122.62170578901694,3321.9291078707292,103.40391889568608,176.30232607593214,0,0,1817,1820,1818,MODEL_NOT_OBSERVATION
S3_stubborn_upper_stress,1835,55,50,103.40391889568608,98.40391889568608,7.000000000000001,3.0,229.6091440899342,131.20522519424813,3551.5382519606633,110.2921932183841,188.00712526488377,0,0,1817,1820,1818,MODEL_NOT_OBSERVATION
S3_stubborn_upper_stress,1836,55,50,110.2921932183841,105.29219321838411,7.000000000000001,3.0,245.68178417622966,140.38959095784554,3797.2200361368928,117.66264674367099,200.53126039706203,0,0,1817,1820,1818,MODEL_NOT_OBSERVATION
S3_stubborn_upper_stress,1837,55,50,117.66264674367099,112.66264674367099,7.000000000000001,3.0,262.8795090685657,150.21686232489472,4060.0995452054585,125.54903201572796,213.9320849884927,0,0,1817,1820,1818,MODEL_NOT_OBSERVATION
S3_stubborn_upper_stress,1838,55,50,125.54903201572796,120.54903201572796,7.000000000000001,3.0,281.2810747033653,160.73204268763732,4341.380619908824,133.98746425682893,228.27096730132354,0,0,1817,1820,1818,MODEL_NOT_OBSERVATION
S3_stubborn_upper_stress,1839,55,50,133.98746425682893,128.98746425682893,7.000000000000001,3.0,300.9707499326009,171.98328567577195,4642.3513698414245,143.01658675480695,243.6135713760526,0,0,1817,1820,1818,MODEL_NOT_OBSERVATION
S3_stubborn_upper_stress,1840,55,50,143.01658675480695,138.01658675480695,7.000000000000001,3.0,322.0387024278829,184.02211567307597,4964.390072269307,152.67774782764343,260.03015773601265,0,0,1817,1820,1818,MODEL_NOT_OBSERVATION
S3_stubborn_upper_stress,1841,55,50,152.67774782764343,147.67774782764343,7.000000000000001,3.0,344.58141159783474,196.90366377019132,5308.971483867142,163.01519017557848,277.59590514116985,0,0,1817,1820,1818,MODEL_NOT_OBSERVATION
S3_stubborn_upper_stress,1842,55,50,163.01519017557848,158.01519017557848,7.000000000000001,3.0,368.70211040968314,210.68692023410466,5677.673594276825,174.07625348786897,296.3912548646881,0,0,1817,1820,1818,MODEL_NOT_OBSERVATION
S3_stubborn_upper_stress,1843,55,50,174.07625348786897,169.07625348786897,7.000000000000001,3.0,394.511258138361,225.435004650492,6072.184852415186,185.9115912320198,316.50227906885266,0,0,1817,1820,1818,MODEL_NOT_OBSERVATION
S3_stubborn_upper_stress,1844,55,50,185.9115912320198,180.9115912320198,7.000000000000001,3.0,422.12704620804624,241.21545497602645,6494.311898623232,198.57540261826117,338.0210749673087,0,0,1817,1820,1818,MODEL_NOT_OBSERVATION
S3_stubborn_upper_stress,1845,55,50,198.57540261826117,193.57540261826117,7.000000000000001,3.0,451.6759394426095,258.1005368243483,6945.987838065842,212.12568080153946,361.04618657865666,0,0,1817,1820,1818,MODEL_NOT_OBSERVATION
S3_stubborn_upper_stress,1846,55,50,212.12568080153946,207.1256808015395,7.000000000000001,3.0,483.2932552035922,276.1675744020527,7429.281093269434,226.62447845764723,385.683056002799,0,0,1817,1820,1818,MODEL_NOT_OBSERVATION
S3_stubborn_upper_stress,1847,55,50,226.62447845764723,221.62447845764723,7.000000000000001,3.0,517.1237830678436,295.4993046101964,7946.4048763372775,242.13819194968255,412.0445062866313,0,0,1817,1820,1818,MODEL_NOT_OBSERVATION
S3_stubborn_upper_stress,1848,55,50,242.13819194968255,237.13819194968255,7.000000000000001,3.0,553.3224478825927,316.1842559329101,8499.72732421987,258.7378653861603,440.2512580903319,0,0,1817,1820,1818,MODEL_NOT_OBSERVATION
no_allies_no_spending_cut,1811,66.0,57.0,24.4,15.400000000000006,5.5,3.0,28.233333333333345,12.83333333333334,716.6984780145269,25.247,36.96969696969697,0,0,,,,MODEL_NOT_OBSERVATION
no_allies_no_spending_cut,1812,66.66,57.57,25.247,16.15700000000001,5.5,3.0,29.62116666666669,13.464166666666678,746.3196446811936,26.135635,37.874287428742875,0,0,,,,MODEL_NOT_OBSERVATION
no_allies_no_spending_cut,1813,67.3266,58.1457,26.135635,16.954735,5.5,3.0,31.083680833333332,14.128945833333333,777.403325514527,27.068145425,38.81918142309281,0,0,,,,MODEL_NOT_OBSERVATION
no_allies_no_spending_cut,1814,67.99986600000001,58.727157000000005,27.068145425,17.79543642499999,5.5,3.0,32.62496677916665,14.829530354166657,810.0282922936937,28.046894428375,39.80617465481476,0,0,,,,MODEL_NOT_OBSERVATION
no_allies_no_spending_cut,1815,68.67986466,59.314428570000004,28.046894428375,18.681458338374995,5.5,3.0,34.24934028702083,15.567881948645834,844.2776325807145,29.074374636985628,40.837142832504526,0,0,,,,MODEL_NOT_OBSERVATION
no_allies_no_spending_cut,1816,69.3666633066,59.90757285570001,29.074374636985628,19.61528418608563,5.5,3.0,35.96135434115699,16.34607015507136,880.2389869218714,30.153215267220336,41.91404523593295,0,0,,,,MODEL_NOT_OBSERVATION
no_allies_no_spending_cut,1817,70.060329939666,60.50664858425701,30.153215267220336,20.599533911811335,5.5,3.0,37.76581217165411,17.166278259842777,918.0047990935255,31.28618963236996,43.038928439514116,0,0,,,,MODEL_NOT_OBSERVATION
no_allies_no_spending_cut,1818,70.76093323906267,61.11171507009957,31.28618963236996,21.636971463406866,5.5,3.0,39.667781016245925,18.03080955283906,957.6725801097715,32.476223062857336,44.213930201670685,0,0,,,,MODEL_NOT_OBSERVATION
no_allies_no_spending_cut,1819,71.4685425714533,61.722832220800576,32.476223062857336,22.730512712204614,5.5,3.0,41.672606639041796,18.94209392683718,999.3451867488133,33.72640126202859,45.44128352748769,0,0,,,,MODEL_NOT_OBSERVATION
no_allies_no_spending_cut,1820,72.18322799716782,62.34006054300857,33.72640126202859,23.883233807869345,5.5,3.0,43.78592864776047,19.902694839891126,1043.1311153965737,35.0399791214614,46.72332091237577,0,0,,,,MODEL_NOT_OBSERVATION
no_allies_no_spending_cut,1821,72.9050602771395,62.96346114843866,35.0399791214614,25.09837999276057,5.5,3.0,46.01369665339438,20.915316660633813,1089.144812049968,36.420390021063234,48.06247877480834,0,0,,,,MODEL_NOT_OBSERVATION
no_allies_no_spending_cut,1822,73.63411087991089,63.593095759923045,36.420390021063234,26.379374901075394,5.5,3.0,48.36218731863823,21.982812417562833,1137.5069993686063,37.87125564062238,49.46130208655723,0,0,,,,MODEL_NOT_OBSERVATION
no_allies_no_spending_cut,1823,74.37045198871,64.22902671752227,37.87125564062238,27.72983036943465,5.5,3.0,50.83802234396353,23.10819197452888,1188.3450217125699,39.396396310941284,50.922449209225626,0,0,,,,MODEL_NOT_OBSERVATION
no_allies_no_spending_cut,1824,75.1141565085971,64.8713169846975,39.396396310941284,29.15355678704168,5.5,3.0,53.44818744290975,24.29463065586807,1241.7932091554796,40.99984193422858,52.448696946270324,0,0,,,,MODEL_NOT_OBSERVATION
no_allies_no_spending_cut,1825,75.86529807368309,65.52003015454449,40.99984193422858,30.654574015089977,5.5,3.0,56.20005236099829,25.545478345908315,1297.993261516478,42.68584350505853,54.04294582011404,0,0,,,1825,MODEL_NOT_OBSERVATION
no_allies_no_spending_cut,1826,76.6239510544199,66.17523045608992,42.68584350505853,32.237122906728544,5.5,3.0,59.101391995669,26.864269088940453,1357.094653512147,44.4588852649286,55.70822558437657,0,0,,,1825,MODEL_NOT_OBSERVATION
no_allies_no_spending_cut,1827,77.39019056496412,66.83698276065083,44.4588852649286,33.90567746061531,5.5,3.0,62.160408677794734,28.254731217179426,1419.2550621899418,46.32369752526244,57.447700981700265,0,0,,,1825,MODEL_NOT_OBSERVATION
no_allies_no_spending_cut,1828,78.16409247061375,67.50535258825732,46.32369752526244,35.66495764290602,5.5,3.0,65.38575567866104,29.720798035755024,1484.6408178686029,48.28527019562227,59.26467775811266,0,0,,,1825,MODEL_NOT_OBSERVATION
no_allies_no_spending_cut,1829,78.94573339531989,68.18040611413991,48.28527019562227,37.5199429144423,5.5,3.0,68.78656200981088,31.266619095368583,1553.4273798784138,50.34886705591659,61.1626089453553,0,0,1829,,1825,MODEL_NOT_OBSERVATION
no_allies_no_spending_cut,1830,79.73519072927309,68.8622101752813,50.34886705591659,39.475886501924805,5.5,3.0,72.37245858686215,32.89657208493735,1625.799838465276,52.520040813522456,63.14510142311865,0,0,1829,,1825,MODEL_NOT_OBSERVATION
no_allies_no_spending_cut,1831,80.53254263656582,69.55083227703412,52.520040813522456,41.53833045399075,5.5,3.0,76.15360583231637,34.61527537832562,1701.9534442975923,54.80464898849195,65.21592277365363,0,0,1829,,1825,MODEL_NOT_OBSERVATION
no_allies_no_spending_cut,1832,81.33786806293149,70.24634059980447,54.80464898849195,43.713121525364926,5.5,3.0,80.14072279650237,36.42760127113745,1782.0941670940947,57.20887067238702,67.37900844178671,0,0,1829,,1825,MODEL_NOT_OBSERVATION
no_allies_no_spending_cut,1833,82.15124674356079,70.9488040058025,57.20887067238702,46.00642793462873,5.5,3.0,84.34511788015267,38.33868994552394,1866.4392849742474,59.739224208791605,69.63846921394554,0,0,1829,,1825,MODEL_NOT_OBSERVATION
no_allies_no_spending_cut,1834,82.9727592109964,71.65829204586053,59.739224208791605,48.424757043655745,5.5,3.0,88.77872124670219,40.353964203046445,1955.2180062209495,62.40258584619267,71.99859903040846,0,0,1829,1834,1825,MODEL_NOT_OBSERVATION
no_allies_no_spending_cut,1835,83.80248680310638,72.37487496631914,62.40258584619267,50.97497400940543,5.5,3.0,93.4541190172433,42.47914500783787,2048.6721252381926,65.20620941670997,74.46388314562468,0,0,1829,1834,1825,MODEL_NOT_OBSERVATION
no_allies_no_spending_cut,1836,84.64051167113743,73.09862371598233,65.20620941670997,53.66432146155486,5.5,3.0,98.38458934618392,44.72026788462905,2147.0567145843766,68.15774709709548,77.0390066521129,0,0,1829,1834,1825,MODEL_NOT_OBSERVATION
no_allies_no_spending_cut,1837,85.48691678784881,73.82960995314217,68.15774709709548,56.500440262388835,5.5,3.0,103.5841404810462,47.08370021865737,2250.640855065423,71.26527131152687,79.72886338413772,0,0,1829,1834,1825,MODEL_NOT_OBSERVATION
no_allies_no_spending_cut,1838,86.3417859557273,74.56790605267358,71.26527131152687,59.49139140847315,5.5,3.0,109.06755091553411,49.576159507060964,2359.7084059809567,74.5372978389929,82.53856521808447,0,0,1829,1834,1825,MODEL_NOT_OBSERVATION
no_allies_no_spending_cut,1839,87.20520381528458,75.31358511320032,74.5372978389929,62.64567913690864,5.5,3.0,114.85041175099919,52.204732614090545,2474.558817731956,77.98281019152287,85.47345178720704,0,0,1829,1834,1825,MODEL_NOT_OBSERVATION
no_allies_no_spending_cut,1840,88.07725585343742,76.06672096433232,77.98281019152287,65.97227530241777,5.5,3.0,120.94917138776592,54.976896085348145,2595.507989119722,81.61128533315585,88.53910062921132,0,0,1829,1834,1825,MODEL_NOT_OBSERVATION
no_allies_no_spending_cut,1841,88.9580284119718,76.82738817397565,81.61128533315585,69.48064509515972,5.5,3.0,127.38118267445948,57.900537579299765,2722.8891717941815,85.43272081338964,91.74133778595835,0,0,1829,1834,1825,MODEL_NOT_OBSERVATION
no_allies_no_spending_cut,1842,89.84760869609151,77.59566205571541,85.43272081338964,73.18077417301352,5.5,3.0,134.16475265052478,60.98397847751126,2857.0539244447064,89.45766339290537,95.08624887543175,0,0,1829,1834,1825,MODEL_NOT_OBSERVATION
no_allies_no_spending_cut,1843,90.74608478305242,78.37161867627255,89.45766339290537,77.08319728612548,5.5,3.0,141.31919502456338,64.2359977384379,2998.3731194692696,93.69723924364227,98.58019065701039,0,0,1829,1834,1825,MODEL_NOT_OBSERVATION
no_allies_no_spending_cut,1844,91.65354563088295,79.15533486303528,93.69723924364227,81.19902847579459,5.5,3.0,148.86488553895677,67.66585706316218,3147.2380050082265,98.16318580981097,102.22980311202569,0,0,1829,1834,1825,MODEL_NOT_OBSERVATION
no_allies_no_spending_cut,1845,92.57008108719178,79.94688821166564,98.16318580981097,85.53999293428483,5.5,3.0,156.8233203795222,71.28332744523736,3304.0613253877486,102.86788542119663,106.04202206256149,0,0,1829,1834,1825,MODEL_NOT_OBSERVATION
no_allies_no_spending_cut,1846,93.4957818980637,80.74635709378228,102.86788542119663,90.11846061691521,5.5,3.0,165.21717779767792,75.0987171807627,3469.2785031854264,107.82440075512697,110.02409235247758,0,0,1829,1834,1825,MODEL_NOT_OBSERVATION
no_allies_no_spending_cut,1847,94.43073971704435,81.55382066472012,107.82440075512697,94.94748170280273,5.5,3.0,174.070383121805,79.12290141900228,3643.3488863072316,113.04651224878113,114.18358161570679,0,0,1829,1834,1825,MODEL_NOT_OBSERVATION
no_allies_no_spending_cut,1848,95.3750471142148,82.36935887136733,113.04651224878113,100.04082400593364,5.5,3.0,183.40817734421168,83.36735333827804,3826.7570636514433,118.54875756910748,118.52839465799075,0,0,1829,1834,1825,MODEL_NOT_OBSERVATION
S3_cumulative_catastrophe,1811,50,55,24.4,29.400000000000006,8.0,3.0,78.40000000000002,49.000000000000014,766.8651446811936,26.752,48.8,0,0,,,,MODEL_NOT_OBSERVATION
S3_cumulative_catastrophe,1812,50,55,26.752,31.751999999999995,8.0,3.0,84.672,52.92,851.5371446811936,29.29216,53.504,0,0,,,1812,MODEL_NOT_OBSERVATION
S3_cumulative_catastrophe,1813,50,55,29.29216,34.292159999999996,8.0,3.0,91.44575999999999,57.1536,942.9829046811935,32.0355328,58.58432,0,0,,,1812,MODEL_NOT_OBSERVATION
S3_cumulative_catastrophe,1814,50,55,32.0355328,37.0355328,8.0,3.0,98.7614208,61.725888,1041.7443254811935,34.998375423999995,64.0710656,0,0,1814,,1812,MODEL_NOT_OBSERVATION
S3_cumulative_catastrophe,1815,50,55,34.998375423999995,39.99837542399999,8.0,3.0,106.66233446399997,66.66395903999998,1148.4066599451935,38.198245457919995,69.99675084799999,0,0,1814,,1812,MODEL_NOT_OBSERVATION
S3_cumulative_catastrophe,1816,50,55,38.198245457919995,43.198245457919995,8.0,3.0,115.19532122112,71.9970757632,1263.6019811663134,41.65410509455359,76.39649091583999,0,0,1814,1816,1812,MODEL_NOT_OBSERVATION
S3_cumulative_catastrophe,1817,50,55,41.65410509455359,46.654105094553586,8.0,3.0,124.41094691880957,77.75684182425599,1388.012928085123,45.38643350211788,83.30821018910719,0,0,1814,1816,1812,MODEL_NOT_OBSERVATION
S3_cumulative_catastrophe,1818,50,55,45.38643350211788,50.38643350211788,8.0,3.0,134.36382267231434,83.97738917019646,1522.3767507574373,49.41734818228731,90.77286700423576,0,0,1814,1816,1812,MODEL_NOT_OBSERVATION
S3_cumulative_catastrophe,1819,50,55,49.41734818228731,54.41734818228731,8.0,3.0,145.11292848609952,90.6955803038122,1667.4896792435368,53.7707360368703,98.83469636457463,0,0,1814,1816,1812,MODEL_NOT_OBSERVATION
S3_cumulative_catastrophe,1820,50,55,53.7707360368703,58.77073603687029,8.0,3.0,156.72196276498744,97.95122672811715,1824.2116420085242,58.47239491981992,107.54147207374058,0,0,1814,1816,1812,MODEL_NOT_OBSERVATION
S3_cumulative_catastrophe,1821,50,55,58.47239491981992,63.47239491981992,8.0,3.0,169.25971978618645,105.78732486636653,1993.4713617947107,63.550186513405514,116.94478983963982,0,0,1814,1816,1812,MODEL_NOT_OBSERVATION
S3_cumulative_catastrophe,1822,50,55,63.550186513405514,68.55018651340552,8.0,3.0,182.8004973690814,114.25031085567588,2176.271859163792,69.03420143447795,127.10037302681103,0,0,1814,1816,1812,MODEL_NOT_OBSERVATION
S3_cumulative_catastrophe,1823,50,55,69.03420143447795,74.03420143447795,8.0,3.0,197.42453715860788,123.39033572412993,2373.6963963224002,74.95693754923619,138.0684028689559,0,0,1814,1816,1812,MODEL_NOT_OBSERVATION
S3_cumulative_catastrophe,1824,50,55,74.95693754923619,79.95693754923619,8.0,3.0,213.2185001312965,133.26156258206032,2586.9148964536967,81.35349255317509,149.91387509847237,0,0,1814,1816,1812,MODEL_NOT_OBSERVATION
S3_cumulative_catastrophe,1825,50,55,81.35349255317509,86.3534925531751,8.0,3.0,230.2759801418003,143.9224875886252,2817.190876595497,88.26177195742909,162.70698510635017,0,0,1814,1816,1812,MODEL_NOT_OBSERVATION
S3_cumulative_catastrophe,1826,50,55,88.26177195742909,93.26177195742909,8.0,3.0,248.69805855314428,155.4362865957152,3065.888935148641,95.72271371402341,176.52354391485818,0,0,1814,1816,1812,MODEL_NOT_OBSERVATION
S3_cumulative_catastrophe,1827,50,55,95.72271371402341,100.72271371402343,8.0,3.0,268.59390323739586,167.87118952337244,3334.4828383860367,103.78053081114528,191.44542742804683,0,0,1814,1816,1812,MODEL_NOT_OBSERVATION
S3_cumulative_catastrophe,1828,50,55,103.78053081114528,108.7805308111453,8.0,3.0,290.0814154963875,181.30088468524218,3624.564253882424,112.4829732760369,207.56106162229057,0,0,1814,1816,1812,MODEL_NOT_OBSERVATION
S3_cumulative_catastrophe,1829,50,55,112.4829732760369,117.48297327603689,8.0,3.0,313.2879287360984,195.80495546006154,3937.8521826185224,121.88161113811985,224.96594655207377,0,0,1814,1816,1812,MODEL_NOT_OBSERVATION
S3_cumulative_catastrophe,1830,50,55,121.88161113811985,126.88161113811987,8.0,3.0,338.3509630349863,211.46935189686644,4276.203145653509,132.03214002916945,243.76322227623973,0,0,1814,1816,1812,MODEL_NOT_OBSERVATION
S3_cumulative_catastrophe,1831,50,55,132.03214002916945,137.03214002916945,8.0,3.0,365.4190400777852,228.38690004861576,4641.622185731294,142.994711231503,264.0642800583389,0,0,1814,1816,1812,MODEL_NOT_OBSERVATION
S3_cumulative_catastrophe,1832,50,55,142.994711231503,147.994711231503,8.0,3.0,394.652563284008,246.657852052505,5036.2747490153015,154.83428813002325,285.989422463006,0,0,1814,1816,1812,MODEL_NOT_OBSERVATION
S3_cumulative_catastrophe,1833,50,55,154.83428813002325,159.83428813002325,8.0,3.0,426.2247683467287,266.39048021670544,5462.49951736203,167.62103118042512,309.6685762600465,0,0,1814,1816,1812,MODEL_NOT_OBSERVATION
S3_cumulative_catastrophe,1834,50,55,167.62103118042512,172.62103118042512,8.0,3.0,460.32274981446704,287.7017186340419,5922.822267176497,181.43071367485913,335.24206236085024,0,0,1814,1816,1812,MODEL_NOT_OBSERVATION
S3_cumulative_catastrophe,1835,50,55,181.43071367485913,186.43071367485913,8.0,3.0,497.14856979962434,310.7178561247652,6419.970836976121,196.34517076884788,362.86142734971827,0,0,1814,1816,1812,MODEL_NOT_OBSERVATION
S3_cumulative_catastrophe,1836,50,55,196.34517076884788,201.34517076884788,8.0,3.0,536.9204553835943,335.57528461474647,6956.891292359715,212.4527844303557,392.69034153769576,0,0,1814,1816,1812,MODEL_NOT_OBSERVATION
S3_cumulative_catastrophe,1837,50,55,212.4527844303557,217.45278443035568,8.0,3.0,579.8740918142818,362.4213073839261,7536.7653841739975,229.84900718478417,424.90556886071136,0,0,1814,1816,1812,MODEL_NOT_OBSERVATION
S3_cumulative_catastrophe,1838,50,55,229.84900718478417,234.84900718478417,8.0,3.0,626.2640191594245,391.4150119746403,8163.029403333422,248.6369277595669,459.69801436956834,0,0,1814,1816,1812,MODEL_NOT_OBSERVATION
S3_cumulative_catastrophe,1839,50,55,248.6369277595669,253.6369277595669,8.0,3.0,676.3651406921784,422.72821293261154,8839.394544025601,268.92788198033224,497.2738555191338,0,0,1814,1816,1812,MODEL_NOT_OBSERVATION
S3_cumulative_catastrophe,1840,50,55,268.92788198033224,273.92788198033224,8.0,3.0,730.4743519475527,456.54646996722045,9569.868895973153,290.84211253875884,537.8557639606645,0,0,1814,1816,1812,MODEL_NOT_OBSERVATION
S3_cumulative_catastrophe,1841,50,55,290.84211253875884,295.84211253875884,8.0,3.0,788.9123001033569,493.07018756459803,10358.78119607651,314.50948154185954,581.6842250775177,0,0,1814,1816,1812,MODEL_NOT_OBSERVATION
S3_cumulative_catastrophe,1842,50,55,314.50948154185954,319.50948154185954,8.0,3.0,852.0252841116255,532.515802569766,11210.806480188136,340.0702400652083,629.0189630837191,0,0,1814,1816,1812,MODEL_NOT_OBSERVATION
S3_cumulative_catastrophe,1843,50,55,340.0702400652083,345.0702400652083,8.0,3.0,920.1873068405555,575.1170667753472,12130.99378702869,367.67585927042495,680.1404801304166,0,0,1814,1816,1812,MODEL_NOT_OBSERVATION
S3_cumulative_catastrophe,1844,50,55,367.67585927042495,372.67585927042495,8.0,3.0,993.8022913877999,621.1264321173749,13124.79607841649,397.48992801205895,735.3517185408499,0,0,1814,1816,1812,MODEL_NOT_OBSERVATION
S3_cumulative_catastrophe,1845,50,55,397.48992801205895,402.48992801205895,8.0,3.0,1073.3064746988239,670.8165466867649,14198.102553115314,429.6891222530237,794.9798560241179,0,0,1814,1816,1812,MODEL_NOT_OBSERVATION
S3_cumulative_catastrophe,1846,50,55,429.6891222530237,434.6891222530237,8.0,3.0,1159.1709926747299,724.4818704217062,15357.273545790043,464.4642520332656,859.3782445060475,0,0,1814,1816,1812,MODEL_NOT_OBSERVATION
S3_cumulative_catastrophe,1847,50,55,464.4642520332656,469.46425203326567,8.0,3.0,1251.9046720887086,782.4404200554429,16609.17821787875,502.02139219592686,928.9285040665312,0,0,1814,1816,1812,MODEL_NOT_OBSERVATION
S3_cumulative_catastrophe,1848,50,55,502.02139219592686,507.02139219592686,8.0,3.0,1352.057045855805,845.0356536598781,17961.235263734554,542.583103571601,1004.0427843918538,0,0,1814,1816,1812,MODEL_NOT_OBSERVATION
grid_R55_G48_y0.06_Iadjust-2,1811,55,48,22.4,15.400000000000006,6.0,3.0,30.80000000000001,15.400000000000006,719.2651446811935,23.323999999999998,40.72727272727272,0,0,,,,MODEL_NOT_OBSERVATION
grid_R55_G48_y0.06_Iadjust-2,1812,55,48,23.323999999999998,16.323999999999998,6.0,3.0,32.647999999999996,16.323999999999998,751.9131446811936,24.30344,42.40727272727272,0,0,,,,MODEL_NOT_OBSERVATION
grid_R55_G48_y0.06_Iadjust-2,1813,55,48,24.30344,17.303439999999995,6.0,3.0,34.60687999999999,17.303439999999995,786.5200246811935,25.3416464,44.188072727272726,0,0,,,,MODEL_NOT_OBSERVATION
grid_R55_G48_y0.06_Iadjust-2,1814,55,48,25.3416464,18.341646400000002,6.0,3.0,36.683292800000004,18.341646400000002,823.2033174811935,26.442145183999997,46.075720727272724,0,0,,,,MODEL_NOT_OBSERVATION
grid_R55_G48_y0.06_Iadjust-2,1815,55,48,26.442145183999997,19.442145183999997,6.0,3.0,38.884290367999995,19.442145183999997,862.0876078491935,27.60867389504,48.07662760727272,0,0,,,,MODEL_NOT_OBSERVATION
grid_R55_G48_y0.06_Iadjust-2,1816,55,48,27.60867389504,20.60867389504,6.0,3.0,41.21734779008,20.60867389504,903.3049556392735,28.845194328742398,50.197588900072724,0,0,,,,MODEL_NOT_OBSERVATION
grid_R55_G48_y0.06_Iadjust-2,1817,55,48,28.845194328742398,21.845194328742394,6.0,3.0,43.69038865748479,21.845194328742394,946.9953442967583,30.15590598846694,52.44580787044072,0,0,,,,MODEL_NOT_OBSERVATION
grid_R55_G48_y0.06_Iadjust-2,1818,55,48,30.15590598846694,23.15590598846694,6.0,3.0,46.31181197693388,23.15590598846694,993.3071562736922,31.545260347774956,54.8289199790308,0,0,,,,MODEL_NOT_OBSERVATION
grid_R55_G48_y0.06_Iadjust-2,1819,55,48,31.545260347774956,24.545260347774956,6.0,3.0,49.09052069554991,24.545260347774956,1042.3976769692422,33.01797596864145,57.35501881413628,0,0,,,,MODEL_NOT_OBSERVATION
grid_R55_G48_y0.06_Iadjust-2,1820,55,48,33.01797596864145,26.01797596864145,6.0,3.0,52.0359519372829,26.01797596864145,1094.433628906525,34.57905452675994,60.03268357934809,0,0,1820,,,MODEL_NOT_OBSERVATION
grid_R55_G48_y0.06_Iadjust-2,1821,55,48,34.57905452675994,27.579054526759933,6.0,3.0,55.158109053519865,27.579054526759933,1149.5917379600448,36.233797798365536,62.87100823047261,0,0,1820,,,MODEL_NOT_OBSERVATION
grid_R55_G48_y0.06_Iadjust-2,1822,55,48,36.233797798365536,29.233797798365543,6.0,3.0,58.46759559673109,29.233797798365543,1208.059333556776,37.98782566626747,65.8796323606646,0,0,1820,,,MODEL_NOT_OBSERVATION
grid_R55_G48_y0.06_Iadjust-2,1823,55,48,37.98782566626747,30.98782566626747,6.0,3.0,61.97565133253494,30.98782566626747,1270.0349848893109,39.847095206243516,69.06877393866813,0,0,1820,,1823,MODEL_NOT_OBSERVATION
grid_R55_G48_y0.06_Iadjust-2,1824,55,48,39.847095206243516,32.84709520624352,6.0,3.0,65.69419041248705,32.84709520624352,1335.729175301798,41.81792091861813,72.44926401135184,0,0,1820,1824,1823,MODEL_NOT_OBSERVATION
grid_R55_G48_y0.06_Iadjust-2,1825,55,48,41.81792091861813,34.81792091861813,6.0,3.0,69.63584183723626,34.81792091861813,1405.3650171390343,43.906996173735216,76.0325834883966,0,0,1820,1824,1823,MODEL_NOT_OBSERVATION
grid_R55_G48_y0.06_Iadjust-2,1826,55,48,43.906996173735216,36.90699617373522,6.0,3.0,73.81399234747045,36.90699617373522,1479.1790094865048,46.12141594415933,79.83090213406403,0,0,1820,1824,1823,MODEL_NOT_OBSERVATION
grid_R55_G48_y0.06_Iadjust-2,1827,55,48,46.12141594415933,39.12141594415934,6.0,3.0,78.24283188831868,39.12141594415934,1557.4218413748235,48.46870090080889,83.85711989847151,0,0,1820,1824,1823,MODEL_NOT_OBSERVATION
grid_R55_G48_y0.06_Iadjust-2,1828,55,48,48.46870090080889,41.4687009008089,6.0,3.0,82.9374018016178,41.4687009008089,1640.3592431764414,50.95682295485742,88.12491072874343,0,0,1820,1824,1823,MODEL_NOT_OBSERVATION
grid_R55_G48_y0.06_Iadjust-2,1829,55,48,50.95682295485742,43.956822954857415,6.0,3.0,87.91364590971483,43.956822954857415,1728.2728890861563,53.59423233214887,92.64876900883168,0,0,1820,1824,1823,MODEL_NOT_OBSERVATION
grid_R55_G48_y0.06_Iadjust-2,1830,55,48,53.59423233214887,46.59423233214886,6.0,3.0,93.18846466429773,46.59423233214886,1821.461353750454,56.3898862720778,97.44405878572522,0,0,1820,1824,1823,MODEL_NOT_OBSERVATION
grid_R55_G48_y0.06_Iadjust-2,1831,55,48,56.3898862720778,49.3898862720778,6.0,3.0,98.7797725441556,49.3898862720778,1920.2411262946096,59.35327944840247,102.52706594923238,0,0,1820,1824,1823,MODEL_NOT_OBSERVATION
grid_R55_G48_y0.06_Iadjust-2,1832,55,48,59.35327944840247,52.353279448402475,6.0,3.0,104.70655889680495,52.353279448402475,2024.9476851914146,62.49447621530662,107.91505354254993,0,0,1820,1824,1823,MODEL_NOT_OBSERVATION
grid_R55_G48_y0.06_Iadjust-2,1833,55,48,62.49447621530662,55.49447621530662,6.0,3.0,110.98895243061324,55.49447621530662,2135.936637622028,65.82414478822501,113.62632039146658,0,0,1820,1824,1823,MODEL_NOT_OBSERVATION
grid_R55_G48_y0.06_Iadjust-2,1834,55,48,65.82414478822501,58.82414478822501,6.0,3.0,117.64828957645003,58.82414478822501,2253.584927198478,69.35359347551851,119.6802632513182,0,0,1820,1824,1823,MODEL_NOT_OBSERVATION
grid_R55_G48_y0.06_Iadjust-2,1835,55,48,69.35359347551851,62.35359347551851,6.0,3.0,124.70718695103702,62.35359347551851,2378.292114149515,73.09480908404961,126.09744268276093,0,0,1820,1824,1823,MODEL_NOT_OBSERVATION
grid_R55_G48_y0.06_Iadjust-2,1836,55,48,73.09480908404961,66.09480908404961,6.0,3.0,132.18961816809923,66.09480908404961,2510.481732317614,77.0604976290926,132.8996528800902,0,0,1820,1824,1823,MODEL_NOT_OBSERVATION
grid_R55_G48_y0.06_Iadjust-2,1837,55,48,77.0604976290926,70.0604976290926,6.0,3.0,140.1209952581852,70.0604976290926,2650.6027275757992,81.26412748683815,140.10999568925925,0,0,1820,1824,1823,MODEL_NOT_OBSERVATION
grid_R55_G48_y0.06_Iadjust-2,1838,55,48,81.26412748683815,74.26412748683816,6.0,3.0,148.52825497367633,74.26412748683816,2799.1309825494754,85.71997513604843,147.75295906697846,0,0,1820,1824,1823,MODEL_NOT_OBSERVATION
grid_R55_G48_y0.06_Iadjust-2,1839,55,48,85.71997513604843,78.71997513604845,6.0,3.0,157.4399502720969,78.71997513604845,2956.5709328215726,90.44317364421134,155.8545002473608,0,0,1820,1824,1823,MODEL_NOT_OBSERVATION
grid_R55_G48_y0.06_Iadjust-2,1840,55,48,90.44317364421134,83.44317364421136,6.0,3.0,166.8863472884227,83.44317364421136,3123.4572801099953,95.44976406286402,164.44213389856608,0,0,1820,1824,1823,MODEL_NOT_OBSERVATION
grid_R55_G48_y0.06_Iadjust-2,1841,55,48,95.44976406286402,88.449764062864,6.0,3.0,176.899528125728,88.449764062864,3300.3568082357233,100.75674990663586,173.54502556884367,0,0,1820,1824,1823,MODEL_NOT_OBSERVATION
grid_R55_G48_y0.06_Iadjust-2,1842,55,48,100.75674990663586,93.75674990663586,6.0,3.0,187.5134998132717,93.75674990663583,3487.870308048995,106.38215490103401,183.19409073933792,0,0,1820,1824,1823,MODEL_NOT_OBSERVATION
grid_R55_G48_y0.06_Iadjust-2,1843,55,48,106.38215490103401,99.38215490103403,6.0,3.0,198.76430980206806,99.38215490103403,3686.634617851063,112.34508419509605,193.42209982006185,0,0,1820,1824,1823,MODEL_NOT_OBSERVATION
grid_R55_G48_y0.06_Iadjust-2,1844,55,48,112.34508419509605,105.34508419509604,6.0,3.0,210.69016839019207,105.34508419509604,3897.324786241255,118.66578924680181,204.2637894456292,0,0,1820,1824,1823,MODEL_NOT_OBSERVATION
grid_R55_G48_y0.06_Iadjust-2,1845,55,48,118.66578924680181,111.66578924680181,6.0,3.0,223.33157849360362,111.66578924680181,4120.6563647348585,125.36573660160991,215.75598044873055,0,0,1820,1824,1823,MODEL_NOT_OBSERVATION
grid_R55_G48_y0.06_Iadjust-2,1846,55,48,125.36573660160991,118.36573660160991,6.0,3.0,236.73147320321982,118.36573660160991,4357.3878379380785,132.4676807977065,227.93770291201804,0,0,1820,1824,1823,MODEL_NOT_OBSERVATION
grid_R55_G48_y0.06_Iadjust-2,1847,55,48,132.4676807977065,125.46768079770649,6.0,3.0,250.93536159541299,125.46768079770649,4608.323199533492,139.99574164556887,240.8503287231027,0,0,1820,1824,1823,MODEL_NOT_OBSERVATION
grid_R55_G48_y0.06_Iadjust-2,1848,55,48,139.99574164556887,132.99574164556887,6.0,3.0,265.99148329113774,132.99574164556887,4874.31468282463,147.975486144303,254.53771208285247,0,0,1820,1824,1823,MODEL_NOT_OBSERVATION
grid_R55_G48_y0.06_Iadjust0,1811,55,48,24.4,17.400000000000006,6.0,3.0,34.80000000000001,17.400000000000006,723.2651446811935,25.444,44.36363636363636,0,0,,,,MODEL_NOT_OBSERVATION
grid_R55_G48_y0.06_Iadjust0,1812,55,48,25.444,18.444000000000003,6.0,3.0,36.888000000000005,18.444000000000003,760.1531446811936,26.550639999999998,46.261818181818185,0,0,,,,MODEL_NOT_OBSERVATION
grid_R55_G48_y0.06_Iadjust0,1813,55,48,26.550639999999998,19.55064,6.0,3.0,39.10128,19.55064,799.2544246811935,27.723678399999997,48.2738909090909,0,0,,,,MODEL_NOT_OBSERVATION
grid_R55_G48_y0.06_Iadjust0,1814,55,48,27.723678399999997,20.723678399999997,6.0,3.0,41.447356799999994,20.723678399999997,840.7017814811935,28.967099103999995,50.406688,0,0,,,,MODEL_NOT_OBSERVATION
grid_R55_G48_y0.06_Iadjust0,1815,55,48,28.967099103999995,21.967099104,6.0,3.0,43.934198208,21.967099104,884.6359796891935,30.285125050239994,52.66745291636363,0,0,,,,MODEL_NOT_OBSERVATION
grid_R55_G48_y0.06_Iadjust0,1816,55,48,30.285125050239994,23.285125050239998,6.0,3.0,46.570250100479996,23.285125050239998,931.2062297896734,31.682232553254394,55.063863727709084,0,0,,,,MODEL_NOT_OBSERVATION
grid_R55_G48_y0.06_Iadjust0,1817,55,48,31.682232553254394,24.682232553254394,6.0,3.0,49.36446510650879,24.682232553254394,980.5706948961822,33.163166506449656,57.60405918773526,0,0,,,,MODEL_NOT_OBSERVATION
grid_R55_G48_y0.06_Iadjust0,1818,55,48,33.163166506449656,26.163166506449656,6.0,3.0,52.32633301289931,26.163166506449656,1032.8970279090815,34.732956496836636,60.296666375363,0,0,1818,,,MODEL_NOT_OBSERVATION
grid_R55_G48_y0.06_Iadjust0,1819,55,48,34.732956496836636,27.732956496836636,6.0,3.0,55.46591299367327,27.732956496836636,1088.3629409027549,36.396933886646835,63.150829994248426,0,0,1818,,,MODEL_NOT_OBSERVATION
grid_R55_G48_y0.06_Iadjust0,1820,55,48,36.396933886646835,29.396933886646835,6.0,3.0,58.79386777329367,29.396933886646835,1147.1568086760485,38.16074991984564,66.17624343026696,0,0,1818,,,MODEL_NOT_OBSERVATION
grid_R55_G48_y0.06_Iadjust0,1821,55,48,38.16074991984564,31.160749919845642,6.0,3.0,62.321499839691285,31.160749919845642,1209.4783085157399,40.03039491503638,69.38318167244663,0,0,1818,,1821,MODEL_NOT_OBSERVATION
grid_R55_G48_y0.06_Iadjust0,1822,55,48,40.03039491503638,33.03039491503638,6.0,3.0,66.06078983007276,33.03039491503638,1275.5390983458126,42.012218609938564,72.78253620915706,0,0,1818,1822,1821,MODEL_NOT_OBSERVATION
grid_R55_G48_y0.06_Iadjust0,1823,55,48,42.012218609938564,35.01221860993857,6.0,3.0,70.02443721987714,35.01221860993857,1345.5635355656898,44.11295172653488,76.38585201807012,0,0,1818,1822,1821,MODEL_NOT_OBSERVATION
grid_R55_G48_y0.06_Iadjust0,1824,55,48,44.11295172653488,37.112951726534874,6.0,3.0,74.22590345306975,37.112951726534874,1419.7894390187596,46.33972883012697,80.20536677551796,0,0,1818,1822,1821,MODEL_NOT_OBSERVATION
grid_R55_G48_y0.06_Iadjust0,1825,55,48,46.33972883012697,39.33972883012697,6.0,3.0,78.67945766025395,39.33972883012697,1498.4688966790136,48.70011255993459,84.25405241841267,0,0,1818,1822,1821,MODEL_NOT_OBSERVATION
grid_R55_G48_y0.06_Iadjust0,1826,55,48,48.70011255993459,41.70011255993458,6.0,3.0,83.40022511986916,41.70011255993458,1581.8691217988828,51.202119313530666,88.54565919988107,0,0,1818,1822,1821,MODEL_NOT_OBSERVATION
grid_R55_G48_y0.06_Iadjust0,1827,55,48,51.202119313530666,44.20211931353066,6.0,3.0,88.40423862706132,44.20211931353066,1670.2733604259442,53.8542464723425,93.09476238823757,0,0,1818,1822,1821,MODEL_NOT_OBSERVATION
grid_R55_G48_y0.06_Iadjust0,1828,55,48,53.8542464723425,46.85424647234251,6.0,3.0,93.70849294468502,46.85424647234251,1763.9818533706293,56.66550126068305,97.91681176789547,0,0,1818,1822,1821,MODEL_NOT_OBSERVATION
grid_R55_G48_y0.06_Iadjust0,1829,55,48,56.66550126068305,49.665501260683044,6.0,3.0,99.33100252136609,49.665501260683044,1863.3128558919955,59.64543133632403,103.02818411033282,0,0,1818,1822,1821,MODEL_NOT_OBSERVATION
grid_R55_G48_y0.06_Iadjust0,1830,55,48,59.64543133632403,52.64543133632404,6.0,3.0,105.29086267264807,52.64543133632404,1968.6037185646435,62.80415721650347,108.44623879331643,0,0,1818,1822,1821,MODEL_NOT_OBSERVATION
grid_R55_G48_y0.06_Iadjust0,1831,55,48,62.80415721650347,55.80415721650347,6.0,3.0,111.60831443300694,55.80415721650347,2080.2120329976506,66.15240664949368,114.18937675727902,0,0,1818,1822,1821,MODEL_NOT_OBSERVATION
grid_R55_G48_y0.06_Iadjust0,1832,55,48,66.15240664949368,59.152406649493685,6.0,3.0,118.30481329898737,59.152406649493685,2198.516846296638,69.7015510484633,120.27710299907943,0,0,1818,1822,1821,MODEL_NOT_OBSERVATION
grid_R55_G48_y0.06_Iadjust0,1833,55,48,69.7015510484633,62.7015510484633,6.0,3.0,125.4031020969266,62.7015510484633,2323.9199483935645,73.4636441113711,126.73009281538783,0,0,1818,1822,1821,MODEL_NOT_OBSERVATION
grid_R55_G48_y0.06_Iadjust0,1834,55,48,73.4636441113711,66.4636441113711,6.0,3.0,132.9272882227422,66.4636441113711,2456.847236616307,77.45146275805337,133.57026202067473,0,0,1818,1822,1821,MODEL_NOT_OBSERVATION
grid_R55_G48_y0.06_Iadjust0,1835,55,48,77.45146275805337,70.45146275805337,6.0,3.0,140.90292551610673,70.45146275805337,2597.7501621324136,81.67855052353657,140.82084137827883,0,0,1818,1822,1821,MODEL_NOT_OBSERVATION
grid_R55_G48_y0.06_Iadjust0,1836,55,48,81.67855052353657,74.67855052353656,6.0,3.0,149.35710104707312,74.67855052353656,2747.107263179487,86.15926355494877,148.50645549733923,0,0,1818,1822,1821,MODEL_NOT_OBSERVATION
grid_R55_G48_y0.06_Iadjust0,1837,55,48,86.15926355494877,79.15926355494878,6.0,3.0,158.31852710989756,79.15926355494878,2905.425790289384,90.90881936824569,156.65320646354323,0,0,1818,1822,1821,MODEL_NOT_OBSERVATION
grid_R55_G48_y0.06_Iadjust0,1838,55,48,90.90881936824569,83.9088193682457,6.0,3.0,167.8176387364914,83.9088193682457,3073.2434290258757,95.94334853034043,165.28876248771945,0,0,1818,1822,1821,MODEL_NOT_OBSERVATION
grid_R55_G48_y0.06_Iadjust0,1839,55,48,95.94334853034043,88.94334853034042,6.0,3.0,177.8866970606808,88.94334853034039,3251.1301260865566,101.27994944216086,174.44245187334624,0,0,1818,1822,1821,MODEL_NOT_OBSERVATION
grid_R55_G48_y0.06_Iadjust0,1840,55,48,101.27994944216086,94.27994944216084,6.0,3.0,188.55989888432168,94.27994944216084,3439.6900249708783,106.93674640869051,184.14536262211067,0,0,1818,1822,1821,MODEL_NOT_OBSERVATION
grid_R55_G48_y0.06_Iadjust0,1841,55,48,106.93674640869051,99.93674640869051,6.0,3.0,199.87349281738102,99.93674640869051,3639.5635177882596,112.93295119321193,194.43044801580095,0,0,1818,1822,1821,MODEL_NOT_OBSERVATION
grid_R55_G48_y0.06_Iadjust0,1842,55,48,112.93295119321193,105.93295119321192,6.0,3.0,211.86590238642384,105.93295119321192,3851.4294201746834,119.28892826480465,205.3326385331126,0,0,1818,1822,1821,MODEL_NOT_OBSERVATION
grid_R55_G48_y0.06_Iadjust0,1843,55,48,119.28892826480465,112.28892826480467,6.0,3.0,224.57785652960933,112.28892826480467,4076.007276704293,126.02626396069293,216.888960481463,0,0,1818,1822,1821,MODEL_NOT_OBSERVATION
grid_R55_G48_y0.06_Iadjust0,1844,55,48,126.02626396069293,119.02626396069292,6.0,3.0,238.05252792138583,119.02626396069292,4314.059804625679,133.1678397983345,229.13866174671443,0,0,1818,1822,1821,MODEL_NOT_OBSERVATION
grid_R55_G48_y0.06_Iadjust0,1845,55,48,133.1678397983345,126.16783979833451,6.0,3.0,252.33567959666902,126.16783979833451,4566.395484222348,140.7379101862346,242.12334508788095,0,0,1818,1822,1821,MODEL_NOT_OBSERVATION
grid_R55_G48_y0.06_Iadjust0,1846,55,48,140.7379101862346,133.7379101862346,6.0,3.0,267.4758203724692,133.7379101862346,4833.871304594818,148.76218479740865,255.8871094295174,0,0,1818,1822,1821,MODEL_NOT_OBSERVATION
grid_R55_G48_y0.06_Iadjust0,1847,55,48,148.76218479740865,141.76218479740865,6.0,3.0,283.5243695948173,141.76218479740865,5117.395674189635,157.26791588525316,270.4766996316521,0,0,1818,1822,1821,MODEL_NOT_OBSERVATION
grid_R55_G48_y0.06_Iadjust0,1848,55,48,157.26791588525316,150.26791588525316,6.0,3.0,300.5358317705063,150.26791588525316,5417.931505960141,166.28399083836834,285.94166524591486,0,0,1818,1822,1821,MODEL_NOT_OBSERVATION
grid_R55_G48_y0.06_Iadjust2,1811,55,48,26.4,19.400000000000006,6.0,3.0,38.80000000000001,19.400000000000006,727.2651446811935,27.564,48.0,0,0,,,,MODEL_NOT_OBSERVATION
grid_R55_G48_y0.06_Iadjust2,1812,55,48,27.564,20.563999999999993,6.0,3.0,41.127999999999986,20.563999999999993,768.3931446811935,28.79784,50.11636363636364,0,0,,,,MODEL_NOT_OBSERVATION
grid_R55_G48_y0.06_Iadjust2,1813,55,48,28.79784,21.797840000000008,6.0,3.0,43.595680000000016,21.797840000000008,811.9888246811935,30.1057104,52.35970909090909,0,0,,,,MODEL_NOT_OBSERVATION
grid_R55_G48_y0.06_Iadjust2,1814,55,48,30.1057104,23.105710399999992,6.0,3.0,46.211420799999985,23.105710399999992,858.2002454811934,31.492053024,54.73765527272727,0,0,,,,MODEL_NOT_OBSERVATION
grid_R55_G48_y0.06_Iadjust2,1815,55,48,31.492053024,24.492053024,6.0,3.0,48.984106048,24.492053024,907.1843515291935,32.961576205440004,57.25827822545455,0,0,,,,MODEL_NOT_OBSERVATION
grid_R55_G48_y0.06_Iadjust2,1816,55,48,32.961576205440004,25.961576205439997,6.0,3.0,51.92315241087999,25.961576205439997,959.1075039400735,34.5192707777664,59.93013855534546,0,0,,,,MODEL_NOT_OBSERVATION
grid_R55_G48_y0.06_Iadjust2,1817,55,48,34.5192707777664,27.519270777766394,6.0,3.0,55.03854155553279,27.519270777766394,1014.1460454956062,36.170427024432385,62.76231050502982,0,0,1817,,,MODEL_NOT_OBSERVATION
grid_R55_G48_y0.06_Iadjust2,1818,55,48,36.170427024432385,29.170427024432385,6.0,3.0,58.34085404886477,29.170427024432385,1072.486899544471,37.92065264589833,65.76441277169525,0,0,1817,,,MODEL_NOT_OBSERVATION
grid_R55_G48_y0.06_Iadjust2,1819,55,48,37.92065264589833,30.92065264589833,6.0,3.0,61.84130529179666,30.92065264589833,1134.3282048362678,39.775891804652225,68.94664117436061,0,0,1817,,1819,MODEL_NOT_OBSERVATION
grid_R55_G48_y0.06_Iadjust2,1820,55,48,39.775891804652225,32.77589180465222,6.0,3.0,65.55178360930444,32.77589180465222,1199.8799884455723,41.74244531293136,72.31980328118587,0,0,1817,1820,1819,MODEL_NOT_OBSERVATION
grid_R55_G48_y0.06_Iadjust2,1821,55,48,41.74244531293136,34.74244531293135,6.0,3.0,69.4848906258627,34.74244531293135,1269.364879071435,43.82699203170724,75.89535511442065,0,0,1817,1820,1819,MODEL_NOT_OBSERVATION
grid_R55_G48_y0.06_Iadjust2,1822,55,48,43.82699203170724,36.82699203170725,6.0,3.0,73.6539840634145,36.82699203170725,1343.0188631348497,46.036611553609674,79.68544005764953,0,0,1817,1820,1819,MODEL_NOT_OBSERVATION
grid_R55_G48_y0.06_Iadjust2,1823,55,48,46.036611553609674,39.036611553609674,6.0,3.0,78.07322310721935,39.036611553609674,1421.092086242069,48.37880824682625,83.70293009747213,0,0,1817,1820,1819,MODEL_NOT_OBSERVATION
grid_R55_G48_y0.06_Iadjust2,1824,55,48,48.37880824682625,41.37880824682625,6.0,3.0,82.7576164936525,41.37880824682625,1503.8497027357214,50.86153674163583,87.9614695396841,0,0,1817,1820,1819,MODEL_NOT_OBSERVATION
grid_R55_G48_y0.06_Iadjust2,1825,55,48,50.86153674163583,43.86153674163583,6.0,3.0,87.72307348327166,43.86153674163583,1591.572776218993,53.49322894613398,92.47552134842879,0,0,1817,1820,1819,MODEL_NOT_OBSERVATION
grid_R55_G48_y0.06_Iadjust2,1826,55,48,53.49322894613398,46.49322894613398,6.0,3.0,92.98645789226796,46.49322894613398,1684.559234111261,56.28282268290202,97.26041626569814,0,0,1817,1820,1819,MODEL_NOT_OBSERVATION
grid_R55_G48_y0.06_Iadjust2,1827,55,48,56.28282268290202,49.28282268290202,6.0,3.0,98.56564536580404,49.28282268290202,1783.1248794770652,59.23979204387614,102.33240487800369,0,0,1817,1820,1819,MODEL_NOT_OBSERVATION
grid_R55_G48_y0.06_Iadjust2,1828,55,48,59.23979204387614,52.23979204387615,6.0,3.0,104.4795840877523,52.23979204387615,1887.6044635648175,62.374179566508715,107.70871280704752,0,0,1817,1820,1819,MODEL_NOT_OBSERVATION
grid_R55_G48_y0.06_Iadjust2,1829,55,48,62.374179566508715,55.374179566508715,6.0,3.0,110.74835913301743,55.374179566508715,1998.3528226978349,65.69663034049924,113.40759921183403,0,0,1817,1820,1819,MODEL_NOT_OBSERVATION
grid_R55_G48_y0.06_Iadjust2,1830,55,48,65.69663034049924,58.69663034049924,6.0,3.0,117.39326068099848,58.69663034049924,2115.746083378833,69.2184281609292,119.4484188009077,0,0,1817,1820,1819,MODEL_NOT_OBSERVATION
grid_R55_G48_y0.06_Iadjust2,1831,55,48,69.2184281609292,62.21842816092919,6.0,3.0,124.43685632185839,62.21842816092919,2240.1829397006913,72.95153385058495,125.8516875653258,0,0,1817,1820,1819,MODEL_NOT_OBSERVATION
grid_R55_G48_y0.06_Iadjust2,1832,55,48,72.95153385058495,65.95153385058495,6.0,3.0,131.9030677011699,65.95153385058495,2372.086007401861,76.90862588162005,132.639152455609,0,0,1817,1820,1819,MODEL_NOT_OBSERVATION
grid_R55_G48_y0.06_Iadjust2,1833,55,48,76.90862588162005,69.90862588162005,6.0,3.0,139.8172517632401,69.90862588162005,2511.903259165101,81.10314343451725,139.83386523930918,0,0,1817,1820,1819,MODEL_NOT_OBSERVATION
grid_R55_G48_y0.06_Iadjust2,1834,55,48,81.10314343451725,74.10314343451725,6.0,3.0,148.2062868690345,74.10314343451725,2660.1095460341357,85.54933204058828,147.46026079003136,0,0,1817,1820,1819,MODEL_NOT_OBSERVATION
grid_R55_G48_y0.06_Iadjust2,1835,55,48,85.54933204058828,78.5493320405883,6.0,3.0,157.0986640811766,78.5493320405883,2817.2082101153123,90.26229196302359,155.54424007379689,0,0,1817,1820,1819,MODEL_NOT_OBSERVATION
grid_R55_G48_y0.06_Iadjust2,1836,55,48,90.26229196302359,83.26229196302359,6.0,3.0,166.52458392604717,83.26229196302359,2983.7327940413597,95.258029480805,164.11325811458835,0,0,1817,1820,1819,MODEL_NOT_OBSERVATION
grid_R55_G48_y0.06_Iadjust2,1837,55,48,95.258029480805,88.25802948080502,6.0,3.0,176.51605896161004,88.25802948080502,3160.2488530029696,100.55351124965331,173.1964172378273,0,0,1817,1820,1819,MODEL_NOT_OBSERVATION
grid_R55_G48_y0.06_Iadjust2,1838,55,48,100.55351124965331,93.5535112496533,6.0,3.0,187.1070224993066,93.5535112496533,3347.355875502276,106.16672192463251,182.82456590846056,0,0,1817,1820,1819,MODEL_NOT_OBSERVATION
grid_R55_G48_y0.06_Iadjust2,1839,55,48,106.16672192463251,99.1667219246325,6.0,3.0,198.333443849265,99.1667219246325,3545.6893193515407,112.11672524011045,193.03040349933184,0,0,1817,1820,1819,MODEL_NOT_OBSERVATION
grid_R55_G48_y0.06_Iadjust2,1840,55,48,112.11672524011045,105.11672524011044,6.0,3.0,210.23345048022088,105.11672524011044,3755.922769831762,118.42372875451709,203.84859134565536,0,0,1817,1820,1819,MODEL_NOT_OBSERVATION
grid_R55_G48_y0.06_Iadjust2,1841,55,48,118.42372875451709,111.42372875451707,6.0,3.0,222.84745750903414,111.42372875451707,3978.770227340796,125.10915247978811,215.31587046275834,0,0,1817,1820,1819,MODEL_NOT_OBSERVATION
grid_R55_G48_y0.06_Iadjust2,1842,55,48,125.10915247978811,118.10915247978812,6.0,3.0,236.21830495957624,118.10915247978812,4214.988532300372,132.1957016285754,227.47118632688745,0,0,1817,1820,1819,MODEL_NOT_OBSERVATION
grid_R55_G48_y0.06_Iadjust2,1843,55,48,132.1957016285754,125.19570162857539,6.0,3.0,250.39140325715078,125.19570162857539,4465.379935557523,139.7074437262899,240.35582114286433,0,0,1817,1820,1819,MODEL_NOT_OBSERVATION
grid_R55_G48_y0.06_Iadjust2,1844,55,48,139.7074437262899,132.7074437262899,6.0,3.0,265.4148874525798,132.7074437262899,4730.794823010103,147.6698903498673,254.01353404779985,0,0,1817,1820,1819,MODEL_NOT_OBSERVATION
grid_R55_G48_y0.06_Iadjust2,1845,55,48,147.6698903498673,140.6698903498673,6.0,3.0,281.3397806997346,140.6698903498673,5012.134603709837,156.11008377085935,268.49070972703146,0,0,1817,1820,1819,MODEL_NOT_OBSERVATION
grid_R55_G48_y0.06_Iadjust2,1846,55,48,156.11008377085935,149.11008377085935,6.0,3.0,298.2201675417187,149.11008377085935,5310.3547712515565,165.0566887971109,283.836515947017,0,0,1817,1820,1819,MODEL_NOT_OBSERVATION
grid_R55_G48_y0.06_Iadjust2,1847,55,48,165.0566887971109,158.0566887971109,6.0,3.0,316.1133775942218,158.0566887971109,5626.468148845778,174.54009012493754,300.10307054020166,0,0,1817,1820,1819,MODEL_NOT_OBSERVATION
grid_R55_G48_y0.06_Iadjust2,1848,55,48,174.54009012493754,167.54009012493754,6.0,3.0,335.08018024987507,167.54009012493754,5961.548329095654,184.5924955324338,317.3456184089774,0,0,1817,1820,1819,MODEL_NOT_OBSERVATION
grid_R55_G48_y0.07_Iadjust-2,1811,55,48,22.4,15.400000000000006,7.000000000000001,3.0,35.93333333333335,20.533333333333346,724.398478014527,23.477999999999998,40.72727272727272,0,0,,,,MODEL_NOT_OBSERVATION
grid_R55_G48_y0.07_Iadjust-2,1812,55,48,23.477999999999998,16.477999999999994,7.000000000000001,3.0,38.44866666666666,21.970666666666666,762.8471446811936,24.631459999999997,42.68727272727272,0,0,,,,MODEL_NOT_OBSERVATION
grid_R55_G48_y0.07_Iadjust-2,1813,55,48,24.631459999999997,17.631460000000004,7.000000000000001,3.0,41.14007333333335,23.508613333333344,803.987218014527,25.865662199999996,44.78447272727272,0,0,,,,MODEL_NOT_OBSERVATION
grid_R55_G48_y0.07_Iadjust-2,1814,55,48,25.865662199999996,18.865662200000003,7.000000000000001,3.0,44.019878466666675,25.154216266666673,848.0070964811937,27.186258553999995,47.02847672727272,0,0,,,,MODEL_NOT_OBSERVATION
grid_R55_G48_y0.07_Iadjust-2,1815,55,48,27.186258553999995,20.18625855399999,7.000000000000001,3.0,47.10126995933332,26.91501140533333,895.108366440527,28.599296652779994,49.42956100727272,0,0,,,,MODEL_NOT_OBSERVATION
grid_R55_G48_y0.07_Iadjust-2,1816,55,48,28.599296652779994,21.599296652779998,7.000000000000001,3.0,50.398358856486674,28.799062203706676,945.5067252970136,30.111247418474594,51.99872118687272,0,0,,,,MODEL_NOT_OBSERVATION
grid_R55_G48_y0.07_Iadjust-2,1817,55,48,30.111247418474594,23.11124741847459,7.000000000000001,3.0,53.926243976440716,30.814996557966126,999.4329692734543,31.729034737767815,54.74772257904472,0,0,,,,MODEL_NOT_OBSERVATION
grid_R55_G48_y0.07_Iadjust-2,1818,55,48,31.729034737767815,24.72903473776782,7.000000000000001,3.0,57.70108105479159,32.97204631702377,1057.1340503282458,33.460067169411566,57.689154068668756,0,0,,,,MODEL_NOT_OBSERVATION
grid_R55_G48_y0.07_Iadjust-2,1819,55,48,33.460067169411566,26.46006716941156,7.000000000000001,3.0,61.74015672862698,35.28008955921542,1118.8742070568728,35.312271871270376,60.83648576256648,0,0,1819,,,MODEL_NOT_OBSERVATION
grid_R55_G48_y0.07_Iadjust-2,1820,55,48,35.312271871270376,28.312271871270383,7.000000000000001,3.0,66.0619676996309,37.749695828360515,1184.9361747565038,37.294130902259305,64.20413067503705,0,0,1819,,,MODEL_NOT_OBSERVATION
grid_R55_G48_y0.07_Iadjust-2,1821,55,48,37.294130902259305,30.294130902259297,7.000000000000001,3.0,70.68630543860503,40.392174536345735,1255.622480195109,39.414720065417455,67.80751073138055,0,0,1819,,1821,MODEL_NOT_OBSERVATION
grid_R55_G48_y0.07_Iadjust-2,1822,55,48,39.414720065417455,32.414720065417455,7.000000000000001,3.0,75.6343468193074,43.21962675388994,1331.2568270144163,41.683750469996674,71.6631273916681,0,0,1819,1822,1821,MODEL_NOT_OBSERVATION
grid_R55_G48_y0.07_Iadjust-2,1823,55,48,41.683750469996674,34.68375046999668,7.000000000000001,3.0,80.92875109665894,46.24500062666226,1412.1855781110753,44.11161300289644,75.78863721817577,0,0,1819,1822,1821,MODEL_NOT_OBSERVATION
grid_R55_G48_y0.07_Iadjust-2,1824,55,48,44.11161300289644,37.11161300289643,7.000000000000001,3.0,86.59376367342503,49.4821506705286,1498.7793417845003,46.70942591309919,80.20293273253898,0,0,1819,1822,1821,MODEL_NOT_OBSERVATION
grid_R55_G48_y0.07_Iadjust-2,1825,55,48,46.70942591309919,39.70942591309918,7.000000000000001,3.0,92.65532713056477,52.94590121746559,1591.434668915065,49.48908572701613,84.9262289329076,0,0,1819,1822,1821,MODEL_NOT_OBSERVATION
grid_R55_G48_y0.07_Iadjust-2,1826,55,48,49.48908572701613,42.48908572701613,7.000000000000001,3.0,99.14120002970432,56.65211430268819,1690.5758689447694,52.463321727907264,89.98015586730206,0,0,1819,1822,1821,MODEL_NOT_OBSERVATION
grid_R55_G48_y0.07_Iadjust-2,1827,55,48,52.463321727907264,45.46332172790727,7.000000000000001,3.0,106.08108403178365,60.617762303876376,1796.656952976553,55.645754248860776,95.38785768710412,0,0,1819,1822,1821,MODEL_NOT_OBSERVATION
grid_R55_G48_y0.07_Iadjust-2,1828,55,48,55.645754248860776,48.64575424886078,7.000000000000001,3.0,113.50675991400851,64.86100566514773,1910.1637128905613,59.05095704628103,101.17409863429232,0,0,1819,1822,1821,MODEL_NOT_OBSERVATION
grid_R55_G48_y0.07_Iadjust-2,1829,55,48,59.05095704628103,52.05095704628103,7.000000000000001,3.0,121.45223310798907,69.40127606170805,2031.6159459985504,62.6945240395207,107.36537644778367,0,0,1819,1822,1821,MODEL_NOT_OBSERVATION
grid_R55_G48_y0.07_Iadjust-2,1830,55,48,62.6945240395207,55.6945240395207,7.000000000000001,3.0,129.9538894255483,74.25936538602761,2161.5698354240985,66.59314072228715,113.99004370821946,0,0,1819,1822,1821,MODEL_NOT_OBSERVATION
grid_R55_G48_y0.07_Iadjust-2,1831,55,48,66.59314072228715,59.593140722287146,7.000000000000001,3.0,139.05066168533668,79.45752096304953,2300.6204971094353,70.76466057284725,121.07843767688571,0,0,1819,1822,1821,MODEL_NOT_OBSERVATION
grid_R55_G48_y0.07_Iadjust-2,1832,55,48,70.76466057284725,63.76466057284725,7.000000000000001,3.0,148.78420800331025,85.019547430463,2449.4047051127454,75.22818681294656,128.66301922335865,0,0,1819,1822,1821,MODEL_NOT_OBSERVATION
grid_R55_G48_y0.07_Iadjust-2,1833,55,48,75.22818681294656,68.22818681294656,7.000000000000001,3.0,159.199102563542,90.97091575059544,2608.6038076762875,80.00415988985282,136.77852147808466,0,0,1819,1822,1821,MODEL_NOT_OBSERVATION
grid_R55_G48_y0.07_Iadjust-2,1834,55,48,80.00415988985282,73.00415988985282,7.000000000000001,3.0,170.3430397429899,97.33887985313709,2778.946847419277,85.11445108214251,145.46210889064147,0,0,1819,1822,1821,MODEL_NOT_OBSERVATION
grid_R55_G48_y0.07_Iadjust-2,1835,55,48,85.11445108214251,78.11445108214252,7.000000000000001,3.0,182.26705252499926,104.15260144285674,2961.2138999442764,90.58246265789249,154.7535474220773,0,0,1819,1822,1821,MODEL_NOT_OBSERVATION
grid_R55_G48_y0.07_Iadjust-2,1836,55,48,90.58246265789249,83.5824626578925,7.000000000000001,3.0,195.02574620174923,111.44328354385672,3156.2396461460257,96.43323504394496,164.6953866507136,0,0,1819,1822,1821,MODEL_NOT_OBSERVATION
grid_R55_G48_y0.07_Iadjust-2,1837,55,48,96.43323504394496,89.43323504394496,7.000000000000001,3.0,208.6775484358716,119.24431339192665,3364.9171945818975,102.69356149702111,175.3331546253545,0,0,1819,1822,1821,MODEL_NOT_OBSERVATION
grid_R55_G48_y0.07_Iadjust-2,1838,55,48,102.69356149702111,95.69356149702111,7.000000000000001,3.0,223.2849768263826,127.5914153293615,3588.2021714082803,109.39211080181259,186.7155663582202,0,0,1819,1822,1821,MODEL_NOT_OBSERVATION
grid_R55_G48_y0.07_Iadjust-2,1839,55,48,109.39211080181259,102.39211080181258,7.000000000000001,3.0,238.91492520422938,136.5228144024168,3827.1170966125096,116.55955855793947,198.89474691238652,0,0,1819,1822,1821,MODEL_NOT_OBSERVATION
grid_R55_G48_y0.07_Iadjust-2,1840,55,48,116.55955855793947,109.55955855793945,7.000000000000001,3.0,255.63896996852543,146.07941141058598,4082.756066581035,124.22872765699523,211.9264701053445,0,0,1819,1822,1821,MODEL_NOT_OBSERVATION
grid_R55_G48_y0.07_Iadjust-2,1841,55,48,124.22872765699523,117.22872765699523,7.000000000000001,3.0,273.53369786632226,156.30497020932702,4356.289764447358,132.4347385929849,225.8704139218095,0,0,1819,1822,1821,MODEL_NOT_OBSERVATION
grid_R55_G48_y0.07_Iadjust-2,1842,55,48,132.4347385929849,125.4347385929849,7.000000000000001,3.0,292.6810567169648,167.2463181239799,4648.970821164323,141.21517029449384,240.7904338054271,0,0,1819,1822,1821,MODEL_NOT_OBSERVATION
grid_R55_G48_y0.07_Iadjust-2,1843,55,48,141.21517029449384,134.21517029449384,7.000000000000001,3.0,313.16873068715233,178.9535603926585,4962.1395518514755,150.61023221510843,256.75485508089787,0,0,1819,1822,1821,MODEL_NOT_OBSERVATION
grid_R55_G48_y0.07_Iadjust-2,1844,55,48,150.61023221510843,143.61023221510843,7.000000000000001,3.0,335.0905418352531,191.48030962014465,5297.230093686729,160.66294847016601,273.83678584565166,0,0,1819,1822,1821,MODEL_NOT_OBSERVATION
grid_R55_G48_y0.07_Iadjust-2,1845,55,48,160.66294847016601,153.66294847016601,7.000000000000001,3.0,358.5468797637207,204.8839312935547,5655.776973450449,171.41935486307764,292.1144517639382,0,0,1819,1822,1821,MODEL_NOT_OBSERVATION
grid_R55_G48_y0.07_Iadjust-2,1846,55,48,171.41935486307764,164.41935486307764,7.000000000000001,3.0,383.6451613471812,219.22580648410357,6039.42213479763,182.92870970349307,311.67155429650484,0,0,1819,1822,1821,MODEL_NOT_OBSERVATION
grid_R55_G48_y0.07_Iadjust-2,1847,55,48,182.92870970349307,175.92870970349307,7.000000000000001,3.0,410.5003226414839,234.5716129379908,6449.922457439114,195.2437193827376,332.59765400635104,0,0,1819,1822,1821,MODEL_NOT_OBSERVATION
grid_R55_G48_y0.07_Iadjust-2,1848,55,48,195.2437193827376,188.2437193827376,7.000000000000001,3.0,439.2353452263878,250.99162584365018,6889.157802665502,208.42077973952922,354.9885806958865,0,0,1819,1822,1821,MODEL_NOT_OBSERVATION
grid_R55_G48_y0.07_Iadjust0,1811,55,48,24.4,17.400000000000006,7.000000000000001,3.0,40.600000000000016,23.20000000000001,729.0651446811936,25.618,44.36363636363636,0,0,,,,MODEL_NOT_OBSERVATION
grid_R55_G48_y0.07_Iadjust0,1812,55,48,25.618,18.617999999999995,7.000000000000001,3.0,43.442,24.824000000000005,772.5071446811936,26.921259999999997,46.57818181818181,0,0,,,,MODEL_NOT_OBSERVATION
grid_R55_G48_y0.07_Iadjust0,1813,55,48,26.921259999999997,19.92125999999999,7.000000000000001,3.0,46.482939999999985,26.561679999999996,818.9900846811936,28.315748199999994,48.94774545454545,0,0,,,,MODEL_NOT_OBSERVATION
grid_R55_G48_y0.07_Iadjust0,1814,55,48,28.315748199999994,21.3157482,7.000000000000001,3.0,49.736745800000016,28.420997600000014,868.7268304811936,29.807850573999996,51.483178545454535,0,0,,,,MODEL_NOT_OBSERVATION
grid_R55_G48_y0.07_Iadjust0,1815,55,48,29.807850573999996,22.807850574,7.000000000000001,3.0,53.218318006000004,30.410467432000004,921.9451484871936,31.404400114179996,54.196091952727265,0,0,,,,MODEL_NOT_OBSERVATION
grid_R55_G48_y0.07_Iadjust0,1816,55,48,31.404400114179996,24.404400114179992,7.000000000000001,3.0,56.94360026641999,32.53920015224,978.8887487536135,33.1127081221726,57.098909298509085,0,0,,,,MODEL_NOT_OBSERVATION
grid_R55_G48_y0.07_Iadjust0,1817,55,48,33.1127081221726,26.11270812217259,7.000000000000001,3.0,60.92965228506939,34.816944162896796,1039.8184010386829,34.94059769072468,60.20492385849563,0,0,1817,,,MODEL_NOT_OBSERVATION
grid_R55_G48_y0.07_Iadjust0,1818,55,48,34.94059769072468,27.940597690724672,7.000000000000001,3.0,65.19472794502424,37.25413025429957,1105.013128983707,36.89643952907541,63.52835943768124,0,0,1817,,,MODEL_NOT_OBSERVATION
grid_R55_G48_y0.07_Iadjust0,1819,55,48,36.89643952907541,29.89643952907541,7.000000000000001,3.0,69.75835890117597,39.86191937210056,1174.771487884883,38.989190296110685,67.08443550740984,0,0,1817,,,MODEL_NOT_OBSERVATION
grid_R55_G48_y0.07_Iadjust0,1820,55,48,38.989190296110685,31.989190296110678,7.000000000000001,3.0,74.64144402425825,42.65225372814757,1249.4129319091412,41.22843361683843,70.88943690201943,0,0,1817,1820,1820,MODEL_NOT_OBSERVATION
grid_R55_G48_y0.07_Iadjust0,1821,55,48,41.22843361683843,34.22843361683843,7.000000000000001,3.0,79.86634510595634,45.63791148911791,1329.2792770150975,43.62442397001712,74.9607883942517,0,0,1817,1820,1820,MODEL_NOT_OBSERVATION
grid_R55_G48_y0.07_Iadjust0,1822,55,48,43.62442397001712,36.62442397001712,7.000000000000001,3.0,85.45698926337329,48.83256529335617,1414.7362662784708,46.18813364791832,79.31713449094022,0,0,1817,1820,1820,MODEL_NOT_OBSERVATION
grid_R55_G48_y0.07_Iadjust0,1823,55,48,46.18813364791832,39.18813364791832,7.000000000000001,3.0,91.43897851180944,52.25084486389112,1506.1752447902802,48.9313030032726,83.97842481439694,0,0,1817,1820,1820,MODEL_NOT_OBSERVATION
grid_R55_G48_y0.07_Iadjust0,1824,55,48,48.9313030032726,41.9313030032726,7.000000000000001,3.0,97.8397070076361,55.90840400436349,1604.0149517979162,51.86649421350169,88.96600546049565,0,0,1817,1820,1820,MODEL_NOT_OBSERVATION
grid_R55_G48_y0.07_Iadjust0,1825,55,48,51.86649421350169,44.86649421350168,7.000000000000001,3.0,104.6884864981706,59.82199228466892,1708.7034382960867,55.00714880844681,94.30271675182125,0,0,1817,1820,1820,MODEL_NOT_OBSERVATION
grid_R55_G48_y0.07_Iadjust0,1826,55,48,55.00714880844681,48.0071488084468,7.000000000000001,3.0,112.01668055304255,64.00953174459575,1820.7201188491292,58.367649225038086,100.01299783353966,0,0,1817,1820,1820,MODEL_NOT_OBSERVATION
grid_R55_G48_y0.07_Iadjust0,1827,55,48,58.367649225038086,51.36764922503809,7.000000000000001,3.0,119.85784819175556,68.49019896671747,1940.5779670408847,61.96338467079075,106.12299859097834,0,0,1817,1820,1820,MODEL_NOT_OBSERVATION
grid_R55_G48_y0.07_Iadjust0,1828,55,48,61.96338467079075,54.96338467079076,7.000000000000001,3.0,128.24789756517845,73.28451289438769,2068.825864606063,65.8108215977461,112.66069940143772,0,0,1817,1820,1820,MODEL_NOT_OBSERVATION
grid_R55_G48_y0.07_Iadjust0,1829,55,48,65.8108215977461,58.8108215977461,7.000000000000001,3.0,137.2252503947409,78.4144287969948,2206.051115000804,69.92757910958832,119.65603926862927,0,0,1817,1820,1820,MODEL_NOT_OBSERVATION
grid_R55_G48_y0.07_Iadjust0,1830,55,48,69.92757910958832,62.92757910958832,7.000000000000001,3.0,146.83101792237278,83.90343881278446,2352.882132923177,74.3325096472595,127.14105292652422,0,0,1817,1820,1820,MODEL_NOT_OBSERVATION
grid_R55_G48_y0.07_Iadjust0,1831,55,48,74.3325096472595,67.3325096472595,7.000000000000001,3.0,157.10918917693886,89.77667952967936,2509.9913221001157,79.04578532256767,135.15001754047182,0,0,1817,1820,1820,MODEL_NOT_OBSERVATION
grid_R55_G48_y0.07_Iadjust0,1832,55,48,79.04578532256767,72.04578532256767,7.000000000000001,3.0,168.10683241932458,96.06104709675691,2678.0981545194404,84.0889902951474,143.71960967739577,0,0,1817,1820,1820,MODEL_NOT_OBSERVATION
grid_R55_G48_y0.07_Iadjust0,1833,55,48,84.0889902951474,77.0889902951474,7.000000000000001,3.0,179.8743106886773,102.7853203935299,2857.9724652081177,89.48521961580772,152.88907326390435,0,0,1817,1820,1820,MODEL_NOT_OBSERVATION
grid_R55_G48_y0.07_Iadjust0,1834,55,48,89.48521961580772,82.48521961580772,7.000000000000001,3.0,192.4655124368847,109.98029282107697,3050.4379776450023,95.25918498891426,162.70039930146856,0,0,1817,1820,1820,MODEL_NOT_OBSERVATION
grid_R55_G48_y0.07_Iadjust0,1835,55,48,95.25918498891426,88.25918498891426,7.000000000000001,3.0,205.93809830746662,117.67891331855236,3256.376075952469,101.43732793813825,173.19851816166226,0,0,1817,1820,1820,MODEL_NOT_OBSERVATION
grid_R55_G48_y0.07_Iadjust0,1836,55,48,101.43732793813825,94.43732793813825,7.000000000000001,3.0,220.35376518898929,125.91643725085103,3476.729841141458,108.04794089380793,184.43150534206956,0,0,1817,1820,1820,MODEL_NOT_OBSERVATION
grid_R55_G48_y0.07_Iadjust0,1837,55,48,108.04794089380793,101.04794089380795,7.000000000000001,3.0,235.7785287522186,134.73058785841064,3712.508369893677,115.12129675637449,196.45080162510533,0,0,1817,1820,1820,MODEL_NOT_OBSERVATION
grid_R55_G48_y0.07_Iadjust0,1838,55,48,115.12129675637449,108.12129675637448,7.000000000000001,3.0,252.28302576487383,144.16172900849935,3964.7913956585508,122.68978752932071,209.31144864795363,0,0,1817,1820,1820,MODEL_NOT_OBSERVATION
grid_R55_G48_y0.07_Iadjust0,1839,55,48,122.68978752932071,115.68978752932071,7.000000000000001,3.0,269.94283756841503,154.25305003909432,4234.734233226965,130.78807265637317,223.07234096240128,0,0,1817,1820,1820,MODEL_NOT_OBSERVATION
grid_R55_G48_y0.07_Iadjust0,1840,55,48,130.78807265637317,123.78807265637317,7.000000000000001,3.0,288.8388361982041,165.05076354183092,4523.57306942517,139.4532377423193,237.7964957388603,0,0,1817,1820,1820,MODEL_NOT_OBSERVATION
grid_R55_G48_y0.07_Iadjust0,1841,55,48,139.4532377423193,132.4532377423193,7.000000000000001,3.0,309.05755473207836,176.60431698975907,4832.630624157248,148.72496438428163,253.55134134967145,0,0,1817,1820,1820,MODEL_NOT_OBSERVATION
grid_R55_G48_y0.07_Iadjust0,1842,55,48,148.72496438428163,141.72496438428163,7.000000000000001,3.0,330.6915835633239,188.96661917904225,5163.322207720572,158.64571189118135,270.4090261532393,0,0,1817,1820,1820,MODEL_NOT_OBSERVATION
grid_R55_G48_y0.07_Iadjust0,1843,55,48,158.64571189118135,151.64571189118135,7.000000000000001,3.0,353.8399944127565,202.19428252157513,5517.162202133329,169.26091172356405,288.446748893057,0,0,1817,1820,1820,MODEL_NOT_OBSERVATION
grid_R55_G48_y0.07_Iadjust0,1844,55,48,169.26091172356405,162.26091172356405,7.000000000000001,3.0,378.60879402164954,216.3478822980855,5895.770996154978,180.61917554421353,307.7471122246619,0,0,1817,1820,1820,MODEL_NOT_OBSERVATION
grid_R55_G48_y0.07_Iadjust0,1845,55,48,180.61917554421353,173.61917554421353,7.000000000000001,3.0,405.111409603165,231.49223405895145,6300.882405758143,192.7725178323085,328.39850098947915,0,0,1817,1820,1820,MODEL_NOT_OBSERVATION
grid_R55_G48_y0.07_Iadjust0,1846,55,48,192.7725178323085,185.7725178323085,7.000000000000001,3.0,433.46920827538656,247.69669044307807,6734.35161403353,205.77659408057008,350.4954869678336,0,0,1817,1820,1820,MODEL_NOT_OBSERVATION
grid_R55_G48_y0.07_Iadjust0,1847,55,48,205.77659408057008,198.77659408057008,7.000000000000001,3.0,463.8120528546636,265.0354587740935,7198.163666888193,219.69095566621,374.13926196467287,0,0,1817,1820,1820,MODEL_NOT_OBSERVATION
grid_R55_G48_y0.07_Iadjust0,1848,55,48,219.69095566621,212.69095566621002,7.000000000000001,3.0,496.2788965544901,283.58794088828006,7694.4425634426825,234.57932256284468,399.4381012112909,0,0,1817,1820,1820,MODEL_NOT_OBSERVATION
grid_R55_G48_y0.07_Iadjust2,1811,55,48,26.4,19.400000000000006,7.000000000000001,3.0,45.26666666666669,25.86666666666668,733.7318113478602,27.758,48.0,0,0,,,,MODEL_NOT_OBSERVATION
grid_R55_G48_y0.07_Iadjust2,1812,55,48,27.758,20.757999999999996,7.000000000000001,3.0,48.435333333333325,27.67733333333333,782.1671446811936,29.21106,50.46909090909091,0,0,,,,MODEL_NOT_OBSERVATION
grid_R55_G48_y0.07_Iadjust2,1813,55,48,29.21106,22.211060000000003,7.000000000000001,3.0,51.825806666666686,29.614746666666683,833.9929513478603,30.7658342,53.11101818181818,0,0,,,,MODEL_NOT_OBSERVATION
grid_R55_G48_y0.07_Iadjust2,1814,55,48,30.7658342,23.7658342,7.000000000000001,3.0,55.45361313333334,31.68777893333334,889.4465644811936,32.429442594,55.93788036363636,0,0,,,,MODEL_NOT_OBSERVATION
grid_R55_G48_y0.07_Iadjust2,1815,55,48,32.429442594,25.429442593999994,7.000000000000001,3.0,59.33536605266666,33.90592345866666,948.7819305338603,34.20950357558,58.96262289818181,0,0,,,,MODEL_NOT_OBSERVATION
grid_R55_G48_y0.07_Iadjust2,1816,55,48,34.20950357558,27.20950357558,7.000000000000001,3.0,63.488841676353346,36.279338100773344,1012.2707722102136,36.1141688258706,62.199097410145455,0,0,1816,,,MODEL_NOT_OBSERVATION
grid_R55_G48_y0.07_Iadjust2,1817,55,48,36.1141688258706,29.114168825870593,7.000000000000001,3.0,67.93306059369806,38.818891767827466,1080.2038328039116,38.15216064368154,65.66212513794655,0,0,1816,,,MODEL_NOT_OBSERVATION
grid_R55_G48_y0.07_Iadjust2,1818,55,48,38.15216064368154,31.15216064368154,7.000000000000001,3.0,72.68837483525694,41.5362141915754,1152.8922076391686,40.33281188873925,69.36756480669371,0,0,1816,,1818,MODEL_NOT_OBSERVATION
grid_R55_G48_y0.07_Iadjust2,1819,55,48,40.33281188873925,33.33281188873926,7.000000000000001,3.0,77.77656107372495,44.44374918498569,1230.6687687128936,42.666108720951,73.33238525225319,0,0,1816,1819,1818,MODEL_NOT_OBSERVATION
grid_R55_G48_y0.07_Iadjust2,1820,55,48,42.666108720951,35.666108720951,7.000000000000001,3.0,83.22092034888568,47.55481162793468,1313.8896890617793,45.16273633141757,77.57474312900182,0,0,1816,1819,1818,MODEL_NOT_OBSERVATION
grid_R55_G48_y0.07_Iadjust2,1821,55,48,45.16273633141757,38.16273633141756,7.000000000000001,3.0,89.04638477330765,50.88364844189009,1402.936073835087,47.8341278746168,82.11406605712286,0,0,1816,1819,1818,MODEL_NOT_OBSERVATION
grid_R55_G48_y0.07_Iadjust2,1822,55,48,47.8341278746168,40.8341278746168,7.000000000000001,3.0,95.27963170743921,54.44550383282241,1498.2157055425262,50.692516825839974,86.97114159021237,0,0,1816,1819,1818,MODEL_NOT_OBSERVATION
grid_R55_G48_y0.07_Iadjust2,1823,55,48,50.692516825839974,43.692516825839974,7.000000000000001,3.0,101.94920592695996,58.25668910111999,1600.164911469486,53.75099300364877,92.16821241061814,0,0,1816,1819,1818,MODEL_NOT_OBSERVATION
grid_R55_G48_y0.07_Iadjust2,1824,55,48,53.75099300364877,46.75099300364877,7.000000000000001,3.0,109.08565034184716,62.33465733819838,1709.2505618113332,57.02356251390419,97.7290781884523,0,0,1816,1819,1818,MODEL_NOT_OBSERVATION
grid_R55_G48_y0.07_Iadjust2,1825,55,48,57.02356251390419,50.02356251390418,7.000000000000001,3.0,116.72164586577644,66.69808335187226,1825.9722076771097,60.52521188987748,103.6792045707349,0,0,1816,1819,1818,MODEL_NOT_OBSERVATION
grid_R55_G48_y0.07_Iadjust2,1826,55,48,60.52521188987748,53.52521188987748,7.000000000000001,3.0,124.8921610763808,71.36694918650332,1950.8643687534905,64.2719767221689,110.04583979977724,0,0,1816,1819,1818,MODEL_NOT_OBSERVATION
grid_R55_G48_y0.07_Iadjust2,1827,55,48,64.2719767221689,57.2719767221689,7.000000000000001,3.0,133.63461235172744,76.36263562955854,2084.498981105218,68.28101509272072,116.85813949485255,0,0,1816,1819,1818,MODEL_NOT_OBSERVATION
grid_R55_G48_y0.07_Iadjust2,1828,55,48,68.28101509272072,61.28101509272072,7.000000000000001,3.0,142.98903521634836,81.70802012362763,2227.488016321566,72.57068614921117,124.14730016858313,0,0,1816,1819,1818,MODEL_NOT_OBSERVATION
grid_R55_G48_y0.07_Iadjust2,1829,55,48,72.57068614921117,65.57068614921117,7.000000000000001,3.0,152.99826768149276,87.4275815322816,2380.486284003059,77.16063417965596,131.94670208947485,0,0,1816,1819,1818,MODEL_NOT_OBSERVATION
grid_R55_G48_y0.07_Iadjust2,1830,55,48,77.16063417965596,70.16063417965596,7.000000000000001,3.0,163.70814641919725,93.54751223954129,2544.1944304222566,82.07187857223188,140.292062144829,0,0,1816,1819,1818,MODEL_NOT_OBSERVATION
grid_R55_G48_y0.07_Iadjust2,1831,55,48,82.07187857223188,75.07187857223187,7.000000000000001,3.0,175.16771666854103,100.09583809630917,2719.3621470907974,87.32691007228811,149.22159740405795,0,0,1816,1819,1818,MODEL_NOT_OBSERVATION
grid_R55_G48_y0.07_Iadjust2,1832,55,48,87.32691007228811,80.32691007228811,7.000000000000001,3.0,187.42945683533895,107.10254676305084,2906.7916039261363,92.94979377734828,158.77620013143294,0,0,1816,1819,1818,MODEL_NOT_OBSERVATION
grid_R55_G48_y0.07_Iadjust2,1833,55,48,92.94979377734828,85.94979377734828,7.000000000000001,3.0,200.54951881381265,114.59972503646438,3107.341122739949,98.96627934176266,168.99962504972416,0,0,1816,1819,1818,MODEL_NOT_OBSERVATION
grid_R55_G48_y0.07_Iadjust2,1834,55,48,98.96627934176266,91.96627934176266,7.000000000000001,3.0,214.58798513077957,122.62170578901691,3321.9291078707283,105.40391889568605,179.93868971229574,0,0,1816,1819,1818,MODEL_NOT_OBSERVATION
grid_R55_G48_y0.07_Iadjust2,1835,55,48,105.40391889568605,98.40391889568605,7.000000000000001,3.0,229.60914408993415,131.2052251942481,3551.5382519606624,112.29219321838407,191.64348890124737,0,0,1816,1819,1818,MODEL_NOT_OBSERVATION
grid_R55_G48_y0.07_Iadjust2,1836,55,48,112.29219321838407,105.29219321838406,7.000000000000001,3.0,245.68178417622948,140.38959095784543,3797.220036136892,119.66264674367096,204.1676240334256,0,0,1816,1819,1818,MODEL_NOT_OBSERVATION
grid_R55_G48_y0.07_Iadjust2,1837,55,48,119.66264674367096,112.66264674367096,7.000000000000001,3.0,262.8795090685656,150.21686232489463,4060.0995452054576,127.54903201572793,217.5684486248563,0,0,1816,1819,1818,MODEL_NOT_OBSERVATION
grid_R55_G48_y0.07_Iadjust2,1838,55,48,127.54903201572793,120.54903201572793,7.000000000000001,3.0,281.2810747033652,160.7320426876373,4341.380619908823,135.9874642568289,231.90733093768716,0,0,1816,1819,1818,MODEL_NOT_OBSERVATION
grid_R55_G48_y0.07_Iadjust2,1839,55,48,135.9874642568289,128.9874642568289,7.000000000000001,3.0,300.9707499326008,171.98328567577192,4642.351369841424,145.01658675480692,247.24993501241616,0,0,1816,1819,1818,MODEL_NOT_OBSERVATION
grid_R55_G48_y0.07_Iadjust2,1840,55,48,145.01658675480692,138.01658675480692,7.000000000000001,3.0,322.03870242788287,184.02211567307594,4964.390072269306,154.6777478276434,263.6665213723762,0,0,1816,1819,1818,MODEL_NOT_OBSERVATION
grid_R55_G48_y0.07_Iadjust2,1841,55,48,154.6777478276434,147.6777478276434,7.000000000000001,3.0,344.58141159783463,196.90366377019123,5308.971483867141,165.01519017557843,281.2322687775334,0,0,1816,1819,1818,MODEL_NOT_OBSERVATION
grid_R55_G48_y0.07_Iadjust2,1842,55,48,165.01519017557843,158.01519017557843,7.000000000000001,3.0,368.70211040968303,210.6869202341046,5677.673594276824,176.0762534878689,300.0276185010517,0,0,1816,1819,1818,MODEL_NOT_OBSERVATION
grid_R55_G48_y0.07_Iadjust2,1843,55,48,176.0762534878689,169.0762534878689,7.000000000000001,3.0,394.51125813836086,225.43500465049195,6072.184852415185,187.91159123201973,320.13864270521617,0,0,1816,1819,1818,MODEL_NOT_OBSERVATION
grid_R55_G48_y0.07_Iadjust2,1844,55,48,187.91159123201973,180.91159123201973,7.000000000000001,3.0,422.1270462080461,241.2154549760264,6494.311898623231,200.5754026182611,341.65743860367223,0,0,1816,1819,1818,MODEL_NOT_OBSERVATION
grid_R55_G48_y0.07_Iadjust2,1845,55,48,200.5754026182611,193.5754026182611,7.000000000000001,3.0,451.6759394426093,258.1005368243482,6945.98783806584,214.12568080153937,364.6825502150202,0,0,1816,1819,1818,MODEL_NOT_OBSERVATION
grid_R55_G48_y0.07_Iadjust2,1846,55,48,214.12568080153937,207.12568080153937,7.000000000000001,3.0,483.29325520359197,276.1675744020526,7429.281093269432,228.62447845764714,389.3194196391625,0,0,1816,1819,1818,MODEL_NOT_OBSERVATION
grid_R55_G48_y0.07_Iadjust2,1847,55,48,228.62447845764714,221.62447845764711,7.000000000000001,3.0,517.1237830678433,295.4993046101962,7946.404876337276,244.13819194968244,415.6808699229948,0,0,1816,1819,1818,MODEL_NOT_OBSERVATION
grid_R55_G48_y0.07_Iadjust2,1848,55,48,244.13819194968244,237.13819194968244,7.000000000000001,3.0,553.3224478825924,316.18425593291,8499.727324219868,260.7378653861602,443.88762172669533,0,0,1816,1819,1818,MODEL_NOT_OBSERVATION
grid_R55_G50_y0.06_Iadjust-2,1811,55,50,22.4,17.400000000000006,6.0,3.0,34.80000000000001,17.400000000000006,723.2651446811935,23.444,40.72727272727272,0,0,,,,MODEL_NOT_OBSERVATION
grid_R55_G50_y0.06_Iadjust-2,1812,55,50,23.444,18.444000000000003,6.0,3.0,36.888000000000005,18.444000000000003,760.1531446811936,24.550639999999998,42.625454545454545,0,0,,,,MODEL_NOT_OBSERVATION
grid_R55_G50_y0.06_Iadjust-2,1813,55,50,24.550639999999998,19.55064,6.0,3.0,39.10128,19.55064,799.2544246811935,25.723678399999997,44.63752727272727,0,0,,,,MODEL_NOT_OBSERVATION
grid_R55_G50_y0.06_Iadjust-2,1814,55,50,25.723678399999997,20.723678399999997,6.0,3.0,41.447356799999994,20.723678399999997,840.7017814811935,26.967099103999995,46.770324363636355,0,0,,,,MODEL_NOT_OBSERVATION
grid_R55_G50_y0.06_Iadjust-2,1815,55,50,26.967099103999995,21.967099104,6.0,3.0,43.934198208,21.967099104,884.6359796891935,28.285125050239994,49.03108927999999,0,0,,,,MODEL_NOT_OBSERVATION
grid_R55_G50_y0.06_Iadjust-2,1816,55,50,28.285125050239994,23.285125050239998,6.0,3.0,46.570250100479996,23.285125050239998,931.2062297896734,29.682232553254394,51.42750009134544,0,0,,,,MODEL_NOT_OBSERVATION
grid_R55_G50_y0.06_Iadjust-2,1817,55,50,29.682232553254394,24.682232553254394,6.0,3.0,49.36446510650879,24.682232553254394,980.5706948961822,31.16316650644966,53.967695551371634,0,0,,,,MODEL_NOT_OBSERVATION
grid_R55_G50_y0.06_Iadjust-2,1818,55,50,31.16316650644966,26.163166506449656,6.0,3.0,52.32633301289931,26.163166506449656,1032.8970279090815,32.732956496836636,56.66030273899938,0,0,,,,MODEL_NOT_OBSERVATION
grid_R55_G50_y0.06_Iadjust-2,1819,55,50,32.732956496836636,27.732956496836636,6.0,3.0,55.46591299367327,27.732956496836636,1088.3629409027549,34.396933886646835,59.514466357884785,0,0,,,,MODEL_NOT_OBSERVATION
grid_R55_G50_y0.06_Iadjust-2,1820,55,50,34.396933886646835,29.396933886646835,6.0,3.0,58.79386777329367,29.396933886646835,1147.1568086760485,36.16074991984564,62.53987979390334,0,0,1820,,,MODEL_NOT_OBSERVATION
grid_R55_G50_y0.06_Iadjust-2,1821,55,50,36.16074991984564,31.160749919845642,6.0,3.0,62.321499839691285,31.160749919845642,1209.4783085157399,38.03039491503638,65.74681803608298,0,0,1820,,1821,MODEL_NOT_OBSERVATION
grid_R55_G50_y0.06_Iadjust-2,1822,55,50,38.03039491503638,33.03039491503638,6.0,3.0,66.06078983007276,33.03039491503638,1275.5390983458126,40.012218609938564,69.14617257279342,0,0,1820,,1821,MODEL_NOT_OBSERVATION
grid_R55_G50_y0.06_Iadjust-2,1823,55,50,40.012218609938564,35.01221860993857,6.0,3.0,70.02443721987714,35.01221860993857,1345.5635355656898,42.11295172653488,72.74948838170648,0,0,1820,1823,1821,MODEL_NOT_OBSERVATION
grid_R55_G50_y0.06_Iadjust-2,1824,55,50,42.11295172653488,37.112951726534874,6.0,3.0,74.22590345306975,37.112951726534874,1419.7894390187596,44.33972883012697,76.56900313915432,0,0,1820,1823,1821,MODEL_NOT_OBSERVATION
grid_R55_G50_y0.06_Iadjust-2,1825,55,50,44.33972883012697,39.33972883012697,6.0,3.0,78.67945766025395,39.33972883012697,1498.4688966790136,46.70011255993459,80.61768878204904,0,0,1820,1823,1821,MODEL_NOT_OBSERVATION
grid_R55_G50_y0.06_Iadjust-2,1826,55,50,46.70011255993459,41.70011255993458,6.0,3.0,83.40022511986916,41.70011255993458,1581.8691217988828,49.202119313530666,84.90929556351743,0,0,1820,1823,1821,MODEL_NOT_OBSERVATION
grid_R55_G50_y0.06_Iadjust-2,1827,55,50,49.202119313530666,44.20211931353066,6.0,3.0,88.40423862706132,44.20211931353066,1670.2733604259442,51.8542464723425,89.45839875187393,0,0,1820,1823,1821,MODEL_NOT_OBSERVATION
grid_R55_G50_y0.06_Iadjust-2,1828,55,50,51.8542464723425,46.85424647234251,6.0,3.0,93.70849294468502,46.85424647234251,1763.9818533706293,54.66550126068305,94.28044813153183,0,0,1820,1823,1821,MODEL_NOT_OBSERVATION
grid_R55_G50_y0.06_Iadjust-2,1829,55,50,54.66550126068305,49.665501260683044,6.0,3.0,99.33100252136609,49.665501260683044,1863.3128558919955,57.64543133632403,99.39182047396919,0,0,1820,1823,1821,MODEL_NOT_OBSERVATION
grid_R55_G50_y0.06_Iadjust-2,1830,55,50,57.64543133632403,52.64543133632404,6.0,3.0,105.29086267264807,52.64543133632404,1968.6037185646435,60.80415721650347,104.80987515695278,0,0,1820,1823,1821,MODEL_NOT_OBSERVATION
grid_R55_G50_y0.06_Iadjust-2,1831,55,50,60.80415721650347,55.80415721650347,6.0,3.0,111.60831443300694,55.80415721650347,2080.2120329976506,64.15240664949368,110.5530131209154,0,0,1820,1823,1821,MODEL_NOT_OBSERVATION
grid_R55_G50_y0.06_Iadjust-2,1832,55,50,64.15240664949368,59.152406649493685,6.0,3.0,118.30481329898737,59.152406649493685,2198.516846296638,67.7015510484633,116.64073936271579,0,0,1820,1823,1821,MODEL_NOT_OBSERVATION
grid_R55_G50_y0.06_Iadjust-2,1833,55,50,67.7015510484633,62.7015510484633,6.0,3.0,125.4031020969266,62.7015510484633,2323.9199483935645,71.4636441113711,123.0937291790242,0,0,1820,1823,1821,MODEL_NOT_OBSERVATION
grid_R55_G50_y0.06_Iadjust-2,1834,55,50,71.4636441113711,66.4636441113711,6.0,3.0,132.9272882227422,66.4636441113711,2456.847236616307,75.45146275805337,129.93389838431108,0,0,1820,1823,1821,MODEL_NOT_OBSERVATION
grid_R55_G50_y0.06_Iadjust-2,1835,55,50,75.45146275805337,70.45146275805337,6.0,3.0,140.90292551610673,70.45146275805337,2597.7501621324136,79.67855052353657,137.18447774191523,0,0,1820,1823,1821,MODEL_NOT_OBSERVATION
grid_R55_G50_y0.06_Iadjust-2,1836,55,50,79.67855052353657,74.67855052353656,6.0,3.0,149.35710104707312,74.67855052353656,2747.107263179487,84.15926355494877,144.8700918609756,0,0,1820,1823,1821,MODEL_NOT_OBSERVATION
grid_R55_G50_y0.06_Iadjust-2,1837,55,50,84.15926355494877,79.15926355494878,6.0,3.0,158.31852710989756,79.15926355494878,2905.425790289384,88.90881936824569,153.01684282717957,0,0,1820,1823,1821,MODEL_NOT_OBSERVATION
grid_R55_G50_y0.06_Iadjust-2,1838,55,50,88.90881936824569,83.9088193682457,6.0,3.0,167.8176387364914,83.9088193682457,3073.2434290258757,93.94334853034043,161.6523988513558,0,0,1820,1823,1821,MODEL_NOT_OBSERVATION
grid_R55_G50_y0.06_Iadjust-2,1839,55,50,93.94334853034043,88.94334853034042,6.0,3.0,177.8866970606808,88.94334853034039,3251.1301260865566,99.27994944216086,170.8060882369826,0,0,1820,1823,1821,MODEL_NOT_OBSERVATION
grid_R55_G50_y0.06_Iadjust-2,1840,55,50,99.27994944216086,94.27994944216084,6.0,3.0,188.55989888432168,94.27994944216084,3439.6900249708783,104.93674640869051,180.508998985747,0,0,1820,1823,1821,MODEL_NOT_OBSERVATION
grid_R55_G50_y0.06_Iadjust-2,1841,55,50,104.93674640869051,99.93674640869051,6.0,3.0,199.87349281738102,99.93674640869051,3639.5635177882596,110.93295119321193,190.7940843794373,0,0,1820,1823,1821,MODEL_NOT_OBSERVATION
grid_R55_G50_y0.06_Iadjust-2,1842,55,50,110.93295119321193,105.93295119321192,6.0,3.0,211.86590238642384,105.93295119321192,3851.4294201746834,117.28892826480465,201.69627489674897,0,0,1820,1823,1821,MODEL_NOT_OBSERVATION
grid_R55_G50_y0.06_Iadjust-2,1843,55,50,117.28892826480465,112.28892826480467,6.0,3.0,224.57785652960933,112.28892826480467,4076.007276704293,124.02626396069293,213.2525968450994,0,0,1820,1823,1821,MODEL_NOT_OBSERVATION
grid_R55_G50_y0.06_Iadjust-2,1844,55,50,124.02626396069293,119.02626396069292,6.0,3.0,238.05252792138583,119.02626396069292,4314.059804625679,131.1678397983345,225.50229811035075,0,0,1820,1823,1821,MODEL_NOT_OBSERVATION
grid_R55_G50_y0.06_Iadjust-2,1845,55,50,131.1678397983345,126.16783979833451,6.0,3.0,252.33567959666902,126.16783979833451,4566.395484222348,138.7379101862346,238.48698145151727,0,0,1820,1823,1821,MODEL_NOT_OBSERVATION
grid_R55_G50_y0.06_Iadjust-2,1846,55,50,138.7379101862346,133.7379101862346,6.0,3.0,267.4758203724692,133.7379101862346,4833.871304594818,146.76218479740865,252.2507457931538,0,0,1820,1823,1821,MODEL_NOT_OBSERVATION
grid_R55_G50_y0.06_Iadjust-2,1847,55,50,146.76218479740865,141.76218479740865,6.0,3.0,283.5243695948173,141.76218479740865,5117.395674189635,155.26791588525316,266.84033599528846,0,0,1820,1823,1821,MODEL_NOT_OBSERVATION
grid_R55_G50_y0.06_Iadjust-2,1848,55,50,155.26791588525316,150.26791588525316,6.0,3.0,300.5358317705063,150.26791588525316,5417.931505960141,164.28399083836834,282.3053016095512,0,0,1820,1823,1821,MODEL_NOT_OBSERVATION
grid_R55_G50_y0.06_Iadjust0,1811,55,50,24.4,19.400000000000006,6.0,3.0,38.80000000000001,19.400000000000006,727.2651446811935,25.564,44.36363636363636,0,0,,,,MODEL_NOT_OBSERVATION
grid_R55_G50_y0.06_Iadjust0,1812,55,50,25.564,20.563999999999993,6.0,3.0,41.127999999999986,20.563999999999993,768.3931446811935,26.79784,46.48,0,0,,,,MODEL_NOT_OBSERVATION
grid_R55_G50_y0.06_Iadjust0,1813,55,50,26.79784,21.797840000000008,6.0,3.0,43.595680000000016,21.797840000000008,811.9888246811935,28.1057104,48.72334545454546,0,0,,,,MODEL_NOT_OBSERVATION
grid_R55_G50_y0.06_Iadjust0,1814,55,50,28.1057104,23.105710399999992,6.0,3.0,46.211420799999985,23.105710399999992,858.2002454811934,29.492053024,51.101291636363634,0,0,,,,MODEL_NOT_OBSERVATION
grid_R55_G50_y0.06_Iadjust0,1815,55,50,29.492053024,24.492053024,6.0,3.0,48.984106048,24.492053024,907.1843515291935,30.96157620544,53.62191458909091,0,0,,,,MODEL_NOT_OBSERVATION
grid_R55_G50_y0.06_Iadjust0,1816,55,50,30.96157620544,25.961576205439997,6.0,3.0,51.92315241087999,25.961576205439997,959.1075039400735,32.5192707777664,56.29377491898182,0,0,,,,MODEL_NOT_OBSERVATION
grid_R55_G50_y0.06_Iadjust0,1817,55,50,32.5192707777664,27.519270777766394,6.0,3.0,55.03854155553279,27.519270777766394,1014.1460454956062,34.170427024432385,59.125946868666176,0,0,,,,MODEL_NOT_OBSERVATION
grid_R55_G50_y0.06_Iadjust0,1818,55,50,34.170427024432385,29.170427024432385,6.0,3.0,58.34085404886477,29.170427024432385,1072.486899544471,35.92065264589833,62.12804913533161,0,0,1818,,,MODEL_NOT_OBSERVATION
grid_R55_G50_y0.06_Iadjust0,1819,55,50,35.92065264589833,30.92065264589833,6.0,3.0,61.84130529179666,30.92065264589833,1134.3282048362678,37.775891804652225,65.31027753799697,0,0,1818,,1819,MODEL_NOT_OBSERVATION
grid_R55_G50_y0.06_Iadjust0,1820,55,50,37.775891804652225,32.77589180465222,6.0,3.0,65.55178360930444,32.77589180465222,1199.8799884455723,39.74244531293136,68.68343964482223,0,0,1818,,1819,MODEL_NOT_OBSERVATION
grid_R55_G50_y0.06_Iadjust0,1821,55,50,39.74244531293136,34.74244531293135,6.0,3.0,69.4848906258627,34.74244531293135,1269.364879071435,41.82699203170724,72.25899147805703,0,0,1818,1821,1819,MODEL_NOT_OBSERVATION
grid_R55_G50_y0.06_Iadjust0,1822,55,50,41.82699203170724,36.82699203170725,6.0,3.0,73.6539840634145,36.82699203170725,1343.0188631348497,44.036611553609674,76.0490764212859,0,0,1818,1821,1819,MODEL_NOT_OBSERVATION
grid_R55_G50_y0.06_Iadjust0,1823,55,50,44.036611553609674,39.036611553609674,6.0,3.0,78.07322310721935,39.036611553609674,1421.092086242069,46.37880824682625,80.06656646110851,0,0,1818,1821,1819,MODEL_NOT_OBSERVATION
grid_R55_G50_y0.06_Iadjust0,1824,55,50,46.37880824682625,41.37880824682625,6.0,3.0,82.7576164936525,41.37880824682625,1503.8497027357214,48.86153674163583,84.32510590332046,0,0,1818,1821,1819,MODEL_NOT_OBSERVATION
grid_R55_G50_y0.06_Iadjust0,1825,55,50,48.86153674163583,43.86153674163583,6.0,3.0,87.72307348327166,43.86153674163583,1591.572776218993,51.49322894613398,88.83915771206514,0,0,1818,1821,1819,MODEL_NOT_OBSERVATION
grid_R55_G50_y0.06_Iadjust0,1826,55,50,51.49322894613398,46.49322894613398,6.0,3.0,92.98645789226796,46.49322894613398,1684.559234111261,54.28282268290202,93.62405262933451,0,0,1818,1821,1819,MODEL_NOT_OBSERVATION
grid_R55_G50_y0.06_Iadjust0,1827,55,50,54.28282268290202,49.28282268290202,6.0,3.0,98.56564536580404,49.28282268290202,1783.1248794770652,57.23979204387614,98.69604124164005,0,0,1818,1821,1819,MODEL_NOT_OBSERVATION
grid_R55_G50_y0.06_Iadjust0,1828,55,50,57.23979204387614,52.23979204387615,6.0,3.0,104.4795840877523,52.23979204387615,1887.6044635648175,60.374179566508715,104.07234917068389,0,0,1818,1821,1819,MODEL_NOT_OBSERVATION
grid_R55_G50_y0.06_Iadjust0,1829,55,50,60.374179566508715,55.374179566508715,6.0,3.0,110.74835913301743,55.374179566508715,1998.3528226978349,63.69663034049924,109.7712355754704,0,0,1818,1821,1819,MODEL_NOT_OBSERVATION
grid_R55_G50_y0.06_Iadjust0,1830,55,50,63.69663034049924,58.69663034049924,6.0,3.0,117.39326068099848,58.69663034049924,2115.746083378833,67.2184281609292,115.81205516454406,0,0,1818,1821,1819,MODEL_NOT_OBSERVATION
grid_R55_G50_y0.06_Iadjust0,1831,55,50,67.2184281609292,62.21842816092919,6.0,3.0,124.43685632185839,62.21842816092919,2240.1829397006913,70.95153385058495,122.21532392896218,0,0,1818,1821,1819,MODEL_NOT_OBSERVATION
grid_R55_G50_y0.06_Iadjust0,1832,55,50,70.95153385058495,65.95153385058495,6.0,3.0,131.9030677011699,65.95153385058495,2372.086007401861,74.90862588162005,129.00278881924535,0,0,1818,1821,1819,MODEL_NOT_OBSERVATION
grid_R55_G50_y0.06_Iadjust0,1833,55,50,74.90862588162005,69.90862588162005,6.0,3.0,139.8172517632401,69.90862588162005,2511.903259165101,79.10314343451725,136.19750160294555,0,0,1818,1821,1819,MODEL_NOT_OBSERVATION
grid_R55_G50_y0.06_Iadjust0,1834,55,50,79.10314343451725,74.10314343451725,6.0,3.0,148.2062868690345,74.10314343451725,2660.1095460341357,83.54933204058828,143.82389715366773,0,0,1818,1821,1819,MODEL_NOT_OBSERVATION
grid_R55_G50_y0.06_Iadjust0,1835,55,50,83.54933204058828,78.5493320405883,6.0,3.0,157.0986640811766,78.5493320405883,2817.2082101153123,88.26229196302359,151.90787643743323,0,0,1818,1821,1819,MODEL_NOT_OBSERVATION
grid_R55_G50_y0.06_Iadjust0,1836,55,50,88.26229196302359,83.26229196302359,6.0,3.0,166.52458392604717,83.26229196302359,2983.7327940413597,93.258029480805,160.47689447822472,0,0,1818,1821,1819,MODEL_NOT_OBSERVATION
grid_R55_G50_y0.06_Iadjust0,1837,55,50,93.258029480805,88.25802948080502,6.0,3.0,176.51605896161004,88.25802948080502,3160.2488530029696,98.55351124965331,169.56005360146364,0,0,1818,1821,1819,MODEL_NOT_OBSERVATION
grid_R55_G50_y0.06_Iadjust0,1838,55,50,98.55351124965331,93.5535112496533,6.0,3.0,187.1070224993066,93.5535112496533,3347.355875502276,104.16672192463251,179.18820227209693,0,0,1818,1821,1819,MODEL_NOT_OBSERVATION
grid_R55_G50_y0.06_Iadjust0,1839,55,50,104.16672192463251,99.1667219246325,6.0,3.0,198.333443849265,99.1667219246325,3545.6893193515407,110.11672524011045,189.3940398629682,0,0,1818,1821,1819,MODEL_NOT_OBSERVATION
grid_R55_G50_y0.06_Iadjust0,1840,55,50,110.11672524011045,105.11672524011044,6.0,3.0,210.23345048022088,105.11672524011044,3755.922769831762,116.42372875451709,200.21222770929174,0,0,1818,1821,1819,MODEL_NOT_OBSERVATION
grid_R55_G50_y0.06_Iadjust0,1841,55,50,116.42372875451709,111.42372875451707,6.0,3.0,222.84745750903414,111.42372875451707,3978.770227340796,123.10915247978811,211.67950682639471,0,0,1818,1821,1819,MODEL_NOT_OBSERVATION
grid_R55_G50_y0.06_Iadjust0,1842,55,50,123.10915247978811,118.10915247978812,6.0,3.0,236.21830495957624,118.10915247978812,4214.988532300372,130.1957016285754,223.83482269052385,0,0,1818,1821,1819,MODEL_NOT_OBSERVATION
grid_R55_G50_y0.06_Iadjust0,1843,55,50,130.1957016285754,125.19570162857539,6.0,3.0,250.39140325715078,125.19570162857539,4465.379935557523,137.7074437262899,236.71945750650073,0,0,1818,1821,1819,MODEL_NOT_OBSERVATION
grid_R55_G50_y0.06_Iadjust0,1844,55,50,137.7074437262899,132.7074437262899,6.0,3.0,265.4148874525798,132.7074437262899,4730.794823010103,145.6698903498673,250.3771704114362,0,0,1818,1821,1819,MODEL_NOT_OBSERVATION
grid_R55_G50_y0.06_Iadjust0,1845,55,50,145.6698903498673,140.6698903498673,6.0,3.0,281.3397806997346,140.6698903498673,5012.134603709837,154.11008377085935,264.85434609066783,0,0,1818,1821,1819,MODEL_NOT_OBSERVATION
grid_R55_G50_y0.06_Iadjust0,1846,55,50,154.11008377085935,149.11008377085935,6.0,3.0,298.2201675417187,149.11008377085935,5310.3547712515565,163.0566887971109,280.2001523106533,0,0,1818,1821,1819,MODEL_NOT_OBSERVATION
grid_R55_G50_y0.06_Iadjust0,1847,55,50,163.0566887971109,158.0566887971109,6.0,3.0,316.1133775942218,158.0566887971109,5626.468148845778,172.54009012493754,296.466706903838,0,0,1818,1821,1819,MODEL_NOT_OBSERVATION
grid_R55_G50_y0.06_Iadjust0,1848,55,50,172.54009012493754,167.54009012493754,6.0,3.0,335.08018024987507,167.54009012493754,5961.548329095654,182.5924955324338,313.7092547726137,0,0,1818,1821,1819,MODEL_NOT_OBSERVATION
grid_R55_G50_y0.06_Iadjust2,1811,55,50,26.4,21.400000000000006,6.0,3.0,42.80000000000001,21.400000000000006,731.2651446811935,27.683999999999997,48.0,0,0,,,,MODEL_NOT_OBSERVATION
grid_R55_G50_y0.06_Iadjust2,1812,55,50,27.683999999999997,22.683999999999997,6.0,3.0,45.367999999999995,22.683999999999997,776.6331446811935,29.045039999999997,50.334545454545456,0,0,,,,MODEL_NOT_OBSERVATION
grid_R55_G50_y0.06_Iadjust2,1813,55,50,29.045039999999997,24.04504,6.0,3.0,48.09008,24.04504,824.7232246811934,30.487742399999995,52.809163636363635,0,0,,,,MODEL_NOT_OBSERVATION
grid_R55_G50_y0.06_Iadjust2,1814,55,50,30.487742399999995,25.487742400000002,6.0,3.0,50.975484800000004,25.487742400000002,875.6987094811934,32.017006943999995,55.432258909090905,0,0,,,,MODEL_NOT_OBSERVATION
grid_R55_G50_y0.06_Iadjust2,1815,55,50,32.017006943999995,27.017006944000002,6.0,3.0,54.034013888000004,27.017006944000002,929.7327233691934,33.638027360639995,58.21273989818181,0,0,,,,MODEL_NOT_OBSERVATION
grid_R55_G50_y0.06_Iadjust2,1816,55,50,33.638027360639995,28.638027360639995,6.0,3.0,57.27605472127999,28.638027360639995,987.0087780904735,35.356309002278394,61.16004974661817,0,0,1816,,,MODEL_NOT_OBSERVATION
grid_R55_G50_y0.06_Iadjust2,1817,55,50,35.356309002278394,30.356309002278394,6.0,3.0,60.71261800455679,30.356309002278394,1047.7213960950303,37.1776875424151,64.28419818596072,0,0,1816,,1817,MODEL_NOT_OBSERVATION
grid_R55_G50_y0.06_Iadjust2,1818,55,50,37.1776875424151,32.1776875424151,6.0,3.0,64.3553750848302,32.1776875424151,1112.0767711798605,39.10834879496001,67.59579553166381,0,0,1816,,1817,MODEL_NOT_OBSERVATION
grid_R55_G50_y0.06_Iadjust2,1819,55,50,39.10834879496001,34.10834879496001,6.0,3.0,68.21669758992002,34.10834879496001,1180.2934687697805,41.15484972265761,71.1060887181091,0,0,1816,1819,1817,MODEL_NOT_OBSERVATION
grid_R55_G50_y0.06_Iadjust2,1820,55,50,41.15484972265761,36.154849722657616,6.0,3.0,72.30969944531523,36.154849722657616,1252.6031682150956,43.32414070601707,74.8269994957411,0,0,1816,1819,1817,MODEL_NOT_OBSERVATION
grid_R55_G50_y0.06_Iadjust2,1821,55,50,43.32414070601707,38.32414070601706,6.0,3.0,76.64828141203412,38.32414070601706,1329.2514496271297,45.623589148378095,78.77116492003104,0,0,1816,1819,1817,MODEL_NOT_OBSERVATION
grid_R55_G50_y0.06_Iadjust2,1822,55,50,45.623589148378095,40.6235891483781,6.0,3.0,81.2471782967562,40.6235891483781,1410.4986279238858,48.06100449728078,82.95198026977836,0,0,1816,1819,1817,MODEL_NOT_OBSERVATION
grid_R55_G50_y0.06_Iadjust2,1823,55,50,48.06100449728078,43.06100449728078,6.0,3.0,86.12200899456155,43.06100449728078,1496.6206369184474,50.644664767117625,87.3836445405105,0,0,1816,1819,1817,MODEL_NOT_OBSERVATION
grid_R55_G50_y0.06_Iadjust2,1824,55,50,50.644664767117625,45.64466476711763,6.0,3.0,91.28932953423526,45.64466476711763,1587.9099664526827,53.38334465314468,92.08120866748659,0,0,1816,1819,1817,MODEL_NOT_OBSERVATION
grid_R55_G50_y0.06_Iadjust2,1825,55,50,53.38334465314468,48.38334465314469,6.0,3.0,96.76668930628938,48.38334465314469,1684.6766557589722,56.28634533233336,97.06062664208123,0,0,1816,1819,1817,MODEL_NOT_OBSERVATION
grid_R55_G50_y0.06_Iadjust2,1826,55,50,56.28634533233336,51.286345332333354,6.0,3.0,102.57269066466671,51.286345332333354,1787.2493464236388,59.363526052273365,102.33880969515157,0,0,1816,1819,1817,MODEL_NOT_OBSERVATION
grid_R55_G50_y0.06_Iadjust2,1827,55,50,59.363526052273365,54.36352605227336,6.0,3.0,108.72705210454671,54.36352605227336,1895.9763985281857,62.62533761540976,107.93368373140612,0,0,1816,1819,1817,MODEL_NOT_OBSERVATION
grid_R55_G50_y0.06_Iadjust2,1828,55,50,62.62533761540976,57.62533761540976,6.0,3.0,115.25067523081952,57.62533761540976,2011.2270737590052,66.08285787233434,113.86425020983593,0,0,1816,1819,1817,MODEL_NOT_OBSERVATION
grid_R55_G50_y0.06_Iadjust2,1829,55,50,66.08285787233434,61.082857872334344,6.0,3.0,122.16571574466869,61.082857872334344,2133.392789503674,69.7478293446744,120.15065067697152,0,0,1816,1819,1817,MODEL_NOT_OBSERVATION
grid_R55_G50_y0.06_Iadjust2,1830,55,50,69.7478293446744,64.7478293446744,6.0,3.0,129.4956586893488,64.7478293446744,2262.8884481930227,73.63269910535486,126.81423517213528,0,0,1816,1819,1817,MODEL_NOT_OBSERVATION
grid_R55_G50_y0.06_Iadjust2,1831,55,50,73.63269910535486,68.63269910535486,6.0,3.0,137.26539821070972,68.63269910535486,2400.1538464037326,77.75066105167615,133.87763473700883,0,0,1816,1819,1817,MODEL_NOT_OBSERVATION
grid_R55_G50_y0.06_Iadjust2,1832,55,50,77.75066105167615,72.75066105167615,6.0,3.0,145.5013221033523,72.75066105167615,2545.655168507085,82.11570071477672,141.36483827577482,0,0,1816,1819,1817,MODEL_NOT_OBSERVATION
grid_R55_G50_y0.06_Iadjust2,1833,55,50,82.11570071477672,77.11570071477672,6.0,3.0,154.23140142955344,77.11570071477672,2699.8865699366384,86.74264275766332,149.30127402686676,0,0,1816,1819,1817,MODEL_NOT_OBSERVATION
grid_R55_G50_y0.06_Iadjust2,1834,55,50,86.74264275766332,81.7426427576633,6.0,3.0,163.4852855153266,81.7426427576633,2863.371855451965,91.64720132312311,157.7138959230242,0,0,1816,1819,1817,MODEL_NOT_OBSERVATION
grid_R55_G50_y0.06_Iadjust2,1835,55,50,91.64720132312311,86.64720132312311,6.0,3.0,173.29440264624623,86.64720132312311,3036.666258098211,96.8460334025105,166.63127513295112,0,0,1816,1819,1817,MODEL_NOT_OBSERVATION
grid_R55_G50_y0.06_Iadjust2,1836,55,50,96.8460334025105,91.8460334025105,6.0,3.0,183.692066805021,91.8460334025105,3220.358324903232,102.35679540666113,176.08369709547364,0,0,1816,1819,1817,MODEL_NOT_OBSERVATION
grid_R55_G50_y0.06_Iadjust2,1837,55,50,102.35679540666113,97.35679540666115,6.0,3.0,194.7135908133223,97.35679540666115,3415.0719157165545,108.19820313106081,186.1032643757475,0,0,1816,1819,1817,MODEL_NOT_OBSERVATION
grid_R55_G50_y0.06_Iadjust2,1838,55,50,108.19820313106081,103.19820313106081,6.0,3.0,206.39640626212162,103.19820313106081,3621.468321978676,114.39009531892445,196.72400569283784,0,0,1816,1819,1817,MODEL_NOT_OBSERVATION
grid_R55_G50_y0.06_Iadjust2,1839,55,50,114.39009531892445,109.39009531892447,6.0,3.0,218.78019063784893,109.39009531892447,3840.248512616525,120.95350103805993,207.98199148895353,0,0,1816,1819,1817,MODEL_NOT_OBSERVATION
grid_R55_G50_y0.06_Iadjust2,1840,55,50,120.95350103805993,115.95350103805993,6.0,3.0,231.90700207611985,115.95350103805993,4072.155514692645,127.91071110034352,219.91545643283624,0,0,1816,1819,1817,MODEL_NOT_OBSERVATION
grid_R55_G50_y0.06_Iadjust2,1841,55,50,127.91071110034352,122.91071110034352,6.0,3.0,245.82142220068704,122.91071110034352,4317.976936893332,135.28535376636412,232.56492927335185,0,0,1816,1819,1817,MODEL_NOT_OBSERVATION
grid_R55_G50_y0.06_Iadjust2,1842,55,50,135.28535376636412,130.28535376636412,6.0,3.0,260.57070753272825,130.28535376636412,4578.54764442606,143.10247499234598,245.97337048429839,0,0,1816,1819,1817,MODEL_NOT_OBSERVATION
grid_R55_G50_y0.06_Iadjust2,1843,55,50,143.10247499234598,138.10247499234598,6.0,3.0,276.20494998469195,138.10247499234598,4854.752594410752,151.38862349188673,260.1863181679018,0,0,1816,1819,1817,MODEL_NOT_OBSERVATION
grid_R55_G50_y0.06_Iadjust2,1844,55,50,151.38862349188673,146.38862349188673,6.0,3.0,292.77724698377347,146.38862349188673,5147.529841394526,160.17194090139995,275.25204271252136,0,0,1816,1819,1817,MODEL_NOT_OBSERVATION
grid_R55_G50_y0.06_Iadjust2,1845,55,50,160.17194090139995,155.17194090139995,6.0,3.0,310.3438818027999,155.17194090139995,5457.8737231973255,169.48225735548394,291.2217107298181,0,0,1816,1819,1817,MODEL_NOT_OBSERVATION
grid_R55_G50_y0.06_Iadjust2,1846,55,50,169.48225735548394,164.48225735548394,6.0,3.0,328.9645147109679,164.48225735548394,5786.838237908293,179.35119279681297,308.1495588281526,0,0,1816,1819,1817,MODEL_NOT_OBSERVATION
grid_R55_G50_y0.06_Iadjust2,1847,55,50,179.35119279681297,174.35119279681297,6.0,3.0,348.70238559362593,174.35119279681297,6135.540623501919,189.81226436462174,326.0930778123872,0,0,1816,1819,1817,MODEL_NOT_OBSERVATION
grid_R55_G50_y0.06_Iadjust2,1848,55,50,189.81226436462174,184.81226436462174,6.0,3.0,369.6245287292435,184.81226436462174,6505.165152231162,200.90100022649904,345.11320793567586,0,0,1816,1819,1817,MODEL_NOT_OBSERVATION
grid_R55_G50_y0.07_Iadjust-2,1811,55,50,22.4,17.400000000000006,7.000000000000001,3.0,40.600000000000016,23.20000000000001,729.0651446811936,23.618,40.72727272727272,0,0,,,,MODEL_NOT_OBSERVATION
grid_R55_G50_y0.07_Iadjust-2,1812,55,50,23.618,18.617999999999995,7.000000000000001,3.0,43.442,24.824000000000005,772.5071446811936,24.921259999999997,42.94181818181818,0,0,,,,MODEL_NOT_OBSERVATION
grid_R55_G50_y0.07_Iadjust-2,1813,55,50,24.921259999999997,19.92125999999999,7.000000000000001,3.0,46.482939999999985,26.561679999999996,818.9900846811936,26.315748199999994,45.311381818181815,0,0,,,,MODEL_NOT_OBSERVATION
grid_R55_G50_y0.07_Iadjust-2,1814,55,50,26.315748199999994,21.3157482,7.000000000000001,3.0,49.736745800000016,28.420997600000014,868.7268304811936,27.807850573999996,47.8468149090909,0,0,,,,MODEL_NOT_OBSERVATION
grid_R55_G50_y0.07_Iadjust-2,1815,55,50,27.807850573999996,22.807850574,7.000000000000001,3.0,53.218318006000004,30.410467432000004,921.9451484871936,29.404400114179996,50.559728316363625,0,0,,,,MODEL_NOT_OBSERVATION
grid_R55_G50_y0.07_Iadjust-2,1816,55,50,29.404400114179996,24.404400114179992,7.000000000000001,3.0,56.94360026641999,32.53920015224,978.8887487536135,31.112708122172595,53.462545662145445,0,0,,,,MODEL_NOT_OBSERVATION
grid_R55_G50_y0.07_Iadjust-2,1817,55,50,31.112708122172595,26.11270812217259,7.000000000000001,3.0,60.92965228506939,34.816944162896796,1039.8184010386829,32.94059769072468,56.56856022213199,0,0,,,,MODEL_NOT_OBSERVATION
grid_R55_G50_y0.07_Iadjust-2,1818,55,50,32.94059769072468,27.940597690724672,7.000000000000001,3.0,65.19472794502424,37.25413025429957,1105.013128983707,34.89643952907541,59.8919958013176,0,0,,,,MODEL_NOT_OBSERVATION
grid_R55_G50_y0.07_Iadjust-2,1819,55,50,34.89643952907541,29.89643952907541,7.000000000000001,3.0,69.75835890117597,39.86191937210056,1174.771487884883,36.989190296110685,63.448071871046196,0,0,1819,,,MODEL_NOT_OBSERVATION
grid_R55_G50_y0.07_Iadjust-2,1820,55,50,36.989190296110685,31.989190296110678,7.000000000000001,3.0,74.64144402425825,42.65225372814757,1249.4129319091412,39.22843361683843,67.2530732656558,0,0,1819,,1820,MODEL_NOT_OBSERVATION
grid_R55_G50_y0.07_Iadjust-2,1821,55,50,39.22843361683843,34.22843361683843,7.000000000000001,3.0,79.86634510595634,45.63791148911791,1329.2792770150975,41.62442397001712,71.32442475788805,0,0,1819,1821,1820,MODEL_NOT_OBSERVATION
grid_R55_G50_y0.07_Iadjust-2,1822,55,50,41.62442397001712,36.62442397001712,7.000000000000001,3.0,85.45698926337329,48.83256529335617,1414.7362662784708,44.18813364791832,75.68077085457658,0,0,1819,1821,1820,MODEL_NOT_OBSERVATION
grid_R55_G50_y0.07_Iadjust-2,1823,55,50,44.18813364791832,39.18813364791832,7.000000000000001,3.0,91.43897851180944,52.25084486389112,1506.1752447902802,46.9313030032726,80.3420611780333,0,0,1819,1821,1820,MODEL_NOT_OBSERVATION
grid_R55_G50_y0.07_Iadjust-2,1824,55,50,46.9313030032726,41.9313030032726,7.000000000000001,3.0,97.8397070076361,55.90840400436349,1604.0149517979162,49.86649421350169,85.32964182413201,0,0,1819,1821,1820,MODEL_NOT_OBSERVATION
grid_R55_G50_y0.07_Iadjust-2,1825,55,50,49.86649421350169,44.86649421350168,7.000000000000001,3.0,104.6884864981706,59.82199228466892,1708.7034382960867,53.00714880844681,90.66635311545762,0,0,1819,1821,1820,MODEL_NOT_OBSERVATION
grid_R55_G50_y0.07_Iadjust-2,1826,55,50,53.00714880844681,48.0071488084468,7.000000000000001,3.0,112.01668055304255,64.00953174459575,1820.7201188491292,56.367649225038086,96.37663419717602,0,0,1819,1821,1820,MODEL_NOT_OBSERVATION
grid_R55_G50_y0.07_Iadjust-2,1827,55,50,56.367649225038086,51.36764922503809,7.000000000000001,3.0,119.85784819175556,68.49019896671747,1940.5779670408847,59.96338467079075,102.4866349546147,0,0,1819,1821,1820,MODEL_NOT_OBSERVATION
grid_R55_G50_y0.07_Iadjust-2,1828,55,50,59.96338467079075,54.96338467079076,7.000000000000001,3.0,128.24789756517845,73.28451289438769,2068.825864606063,63.810821597746106,109.02433576507408,0,0,1819,1821,1820,MODEL_NOT_OBSERVATION
grid_R55_G50_y0.07_Iadjust-2,1829,55,50,63.810821597746106,58.8108215977461,7.000000000000001,3.0,137.2252503947409,78.4144287969948,2206.051115000804,67.92757910958834,116.01967563226565,0,0,1819,1821,1820,MODEL_NOT_OBSERVATION
grid_R55_G50_y0.07_Iadjust-2,1830,55,50,67.92757910958834,62.927579109588336,7.000000000000001,3.0,146.8310179223728,83.90343881278447,2352.882132923177,72.33250964725951,123.50468929016061,0,0,1819,1821,1820,MODEL_NOT_OBSERVATION
grid_R55_G50_y0.07_Iadjust-2,1831,55,50,72.33250964725951,67.33250964725951,7.000000000000001,3.0,157.10918917693888,89.77667952967937,2509.9913221001157,77.04578532256768,131.5136539041082,0,0,1819,1821,1820,MODEL_NOT_OBSERVATION
grid_R55_G50_y0.07_Iadjust-2,1832,55,50,77.04578532256768,72.04578532256768,7.000000000000001,3.0,168.1068324193246,96.06104709675692,2678.0981545194404,82.08899029514743,140.08324604103214,0,0,1819,1821,1820,MODEL_NOT_OBSERVATION
grid_R55_G50_y0.07_Iadjust-2,1833,55,50,82.08899029514743,77.08899029514743,7.000000000000001,3.0,179.87431068867735,102.78532039352993,2857.9724652081177,87.48521961580775,149.25270962754078,0,0,1819,1821,1820,MODEL_NOT_OBSERVATION
grid_R55_G50_y0.07_Iadjust-2,1834,55,50,87.48521961580775,82.48521961580775,7.000000000000001,3.0,192.46551243688478,109.98029282107703,3050.4379776450023,93.2591849889143,159.064035665105,0,0,1819,1821,1820,MODEL_NOT_OBSERVATION
grid_R55_G50_y0.07_Iadjust-2,1835,55,50,93.2591849889143,88.25918498891428,7.000000000000001,3.0,205.9380983074667,117.67891331855242,3256.376075952469,99.4373279381383,169.56215452529872,0,0,1819,1821,1820,MODEL_NOT_OBSERVATION
grid_R55_G50_y0.07_Iadjust-2,1836,55,50,99.4373279381383,94.43732793813831,7.000000000000001,3.0,220.35376518898943,125.91643725085112,3476.7298411414586,106.04794089380798,180.795141705706,0,0,1819,1821,1820,MODEL_NOT_OBSERVATION
grid_R55_G50_y0.07_Iadjust-2,1837,55,50,106.04794089380798,101.04794089380798,7.000000000000001,3.0,235.77852875221865,134.73058785841067,3712.5083698936774,113.12129675637453,192.8144379887418,0,0,1819,1821,1820,MODEL_NOT_OBSERVATION
grid_R55_G50_y0.07_Iadjust-2,1838,55,50,113.12129675637453,108.12129675637453,7.000000000000001,3.0,252.28302576487394,144.1617290084994,3964.791395658551,120.68978752932075,205.67508501159006,0,0,1819,1821,1820,MODEL_NOT_OBSERVATION
grid_R55_G50_y0.07_Iadjust-2,1839,55,50,120.68978752932075,115.68978752932077,7.000000000000001,3.0,269.94283756841514,154.25305003909438,4234.734233226966,128.7880726563732,219.43597732603774,0,0,1819,1821,1820,MODEL_NOT_OBSERVATION
grid_R55_G50_y0.07_Iadjust-2,1840,55,50,128.7880726563732,123.7880726563732,7.000000000000001,3.0,288.83883619820415,165.05076354183095,4523.573069425171,137.45323774231932,234.16013210249673,0,0,1819,1821,1820,MODEL_NOT_OBSERVATION
grid_R55_G50_y0.07_Iadjust-2,1841,55,50,137.45323774231932,132.45323774231932,7.000000000000001,3.0,309.0575547320784,176.6043169897591,4832.630624157249,146.72496438428166,249.91497771330785,0,0,1819,1821,1820,MODEL_NOT_OBSERVATION
grid_R55_G50_y0.07_Iadjust-2,1842,55,50,146.72496438428166,141.72496438428166,7.000000000000001,3.0,330.69158356332395,188.96661917904228,5163.322207720573,156.64571189118138,266.77266251687576,0,0,1819,1821,1820,MODEL_NOT_OBSERVATION
grid_R55_G50_y0.07_Iadjust-2,1843,55,50,156.64571189118138,151.64571189118138,7.000000000000001,3.0,353.83999441275654,202.19428252157516,5517.16220213333,167.26091172356408,284.8103852566934,0,0,1819,1821,1820,MODEL_NOT_OBSERVATION
grid_R55_G50_y0.07_Iadjust-2,1844,55,50,167.26091172356408,162.26091172356408,7.000000000000001,3.0,378.6087940216496,216.34788229808552,5895.770996154979,178.61917554421356,304.11074858829835,0,0,1819,1821,1820,MODEL_NOT_OBSERVATION
grid_R55_G50_y0.07_Iadjust-2,1845,55,50,178.61917554421356,173.61917554421356,7.000000000000001,3.0,405.11140960316504,231.49223405895148,6300.882405758144,190.77251783230852,324.7621373531156,0,0,1819,1821,1820,MODEL_NOT_OBSERVATION
grid_R55_G50_y0.07_Iadjust-2,1846,55,50,190.77251783230852,185.77251783230852,7.000000000000001,3.0,433.4692082753866,247.6966904430781,6734.3516140335305,203.77659408057013,346.85912333147,0,0,1819,1821,1820,MODEL_NOT_OBSERVATION
grid_R55_G50_y0.07_Iadjust-2,1847,55,50,203.77659408057013,198.77659408057013,7.000000000000001,3.0,463.8120528546637,265.03545877409357,7198.163666888194,217.69095566621004,370.5028983283093,0,0,1819,1821,1820,MODEL_NOT_OBSERVATION
grid_R55_G50_y0.07_Iadjust-2,1848,55,50,217.69095566621004,212.69095566621002,7.000000000000001,3.0,496.2788965544901,283.58794088828006,7694.442563442684,232.57932256284474,395.80173757492736,0,0,1819,1821,1820,MODEL_NOT_OBSERVATION
grid_R55_G50_y0.07_Iadjust0,1811,55,50,24.4,19.400000000000006,7.000000000000001,3.0,45.26666666666669,25.86666666666668,733.7318113478602,25.758,44.36363636363636,0,0,,,,MODEL_NOT_OBSERVATION
grid_R55_G50_y0.07_Iadjust0,1812,55,50,25.758,20.757999999999996,7.000000000000001,3.0,48.435333333333325,27.67733333333333,782.1671446811936,27.21106,46.83272727272727,0,0,,,,MODEL_NOT_OBSERVATION
grid_R55_G50_y0.07_Iadjust0,1813,55,50,27.21106,22.211060000000003,7.000000000000001,3.0,51.825806666666686,29.614746666666683,833.9929513478603,28.7658342,49.47465454545454,0,0,,,,MODEL_NOT_OBSERVATION
grid_R55_G50_y0.07_Iadjust0,1814,55,50,28.7658342,23.7658342,7.000000000000001,3.0,55.45361313333334,31.68777893333334,889.4465644811936,30.429442594,52.30151672727273,0,0,,,,MODEL_NOT_OBSERVATION
grid_R55_G50_y0.07_Iadjust0,1815,55,50,30.429442594,25.429442593999994,7.000000000000001,3.0,59.33536605266666,33.90592345866666,948.7819305338603,32.20950357558,55.32625926181819,0,0,,,,MODEL_NOT_OBSERVATION
grid_R55_G50_y0.07_Iadjust0,1816,55,50,32.20950357558,27.20950357558,7.000000000000001,3.0,63.488841676353346,36.279338100773344,1012.2707722102136,34.1141688258706,58.562733773781815,0,0,,,,MODEL_NOT_OBSERVATION
grid_R55_G50_y0.07_Iadjust0,1817,55,50,34.1141688258706,29.114168825870593,7.000000000000001,3.0,67.93306059369806,38.818891767827466,1080.2038328039116,36.15216064368154,62.02576150158291,0,0,1817,,,MODEL_NOT_OBSERVATION
grid_R55_G50_y0.07_Iadjust0,1818,55,50,36.15216064368154,31.15216064368154,7.000000000000001,3.0,72.68837483525694,41.5362141915754,1152.8922076391686,38.33281188873925,65.73120117033008,0,0,1817,,1818,MODEL_NOT_OBSERVATION
grid_R55_G50_y0.07_Iadjust0,1819,55,50,38.33281188873925,33.33281188873926,7.000000000000001,3.0,77.77656107372495,44.44374918498569,1230.6687687128936,40.666108720951,69.69602161588955,0,0,1817,,1818,MODEL_NOT_OBSERVATION
grid_R55_G50_y0.07_Iadjust0,1820,55,50,40.666108720951,35.666108720951,7.000000000000001,3.0,83.22092034888568,47.55481162793468,1313.8896890617793,43.16273633141757,73.93837949263819,0,0,1817,1820,1818,MODEL_NOT_OBSERVATION
grid_R55_G50_y0.07_Iadjust0,1821,55,50,43.16273633141757,38.16273633141756,7.000000000000001,3.0,89.04638477330765,50.88364844189009,1402.936073835087,45.8341278746168,78.47770242075921,0,0,1817,1820,1818,MODEL_NOT_OBSERVATION
grid_R55_G50_y0.07_Iadjust0,1822,55,50,45.8341278746168,40.8341278746168,7.000000000000001,3.0,95.27963170743921,54.44550383282241,1498.2157055425262,48.692516825839974,83.33477795384873,0,0,1817,1820,1818,MODEL_NOT_OBSERVATION
grid_R55_G50_y0.07_Iadjust0,1823,55,50,48.692516825839974,43.692516825839974,7.000000000000001,3.0,101.94920592695996,58.25668910111999,1600.164911469486,51.75099300364877,88.5318487742545,0,0,1817,1820,1818,MODEL_NOT_OBSERVATION
grid_R55_G50_y0.07_Iadjust0,1824,55,50,51.75099300364877,46.75099300364877,7.000000000000001,3.0,109.08565034184716,62.33465733819838,1709.2505618113332,55.02356251390419,94.09271455208868,0,0,1817,1820,1818,MODEL_NOT_OBSERVATION
grid_R55_G50_y0.07_Iadjust0,1825,55,50,55.02356251390419,50.02356251390418,7.000000000000001,3.0,116.72164586577644,66.69808335187226,1825.9722076771097,58.52521188987748,100.04284093437126,0,0,1817,1820,1818,MODEL_NOT_OBSERVATION
grid_R55_G50_y0.07_Iadjust0,1826,55,50,58.52521188987748,53.52521188987748,7.000000000000001,3.0,124.8921610763808,71.36694918650332,1950.8643687534905,62.27197672216891,106.40947616341361,0,0,1817,1820,1818,MODEL_NOT_OBSERVATION
grid_R55_G50_y0.07_Iadjust0,1827,55,50,62.27197672216891,57.271976722168915,7.000000000000001,3.0,133.63461235172747,76.36263562955855,2084.498981105218,66.28101509272074,113.22177585848891,0,0,1817,1820,1818,MODEL_NOT_OBSERVATION
grid_R55_G50_y0.07_Iadjust0,1828,55,50,66.28101509272074,61.281015092720736,7.000000000000001,3.0,142.98903521634838,81.70802012362765,2227.488016321566,70.57068614921118,120.51093653221952,0,0,1817,1820,1818,MODEL_NOT_OBSERVATION
grid_R55_G50_y0.07_Iadjust0,1829,55,50,70.57068614921118,65.57068614921118,7.000000000000001,3.0,152.9982676814928,87.42758153228161,2380.486284003059,75.16063417965597,128.31033845311123,0,0,1817,1820,1818,MODEL_NOT_OBSERVATION
grid_R55_G50_y0.07_Iadjust0,1830,55,50,75.16063417965597,70.16063417965597,7.000000000000001,3.0,163.70814641919728,93.5475122395413,2544.1944304222566,80.0718785722319,136.6556985084654,0,0,1817,1820,1818,MODEL_NOT_OBSERVATION
grid_R55_G50_y0.07_Iadjust0,1831,55,50,80.0718785722319,75.0718785722319,7.000000000000001,3.0,175.16771666854112,100.09583809630922,2719.362147090798,85.32691007228813,145.58523376769438,0,0,1817,1820,1818,MODEL_NOT_OBSERVATION
grid_R55_G50_y0.07_Iadjust0,1832,55,50,85.32691007228813,80.32691007228811,7.000000000000001,3.0,187.42945683533895,107.10254676305084,2906.7916039261368,90.9497937773483,155.13983649506932,0,0,1817,1820,1818,MODEL_NOT_OBSERVATION
grid_R55_G50_y0.07_Iadjust0,1833,55,50,90.9497937773483,85.9497937773483,7.000000000000001,3.0,200.54951881381274,114.59972503646443,3107.3411227399497,96.96627934176269,165.36326141336056,0,0,1817,1820,1818,MODEL_NOT_OBSERVATION
grid_R55_G50_y0.07_Iadjust0,1834,55,50,96.96627934176269,91.96627934176269,7.000000000000001,3.0,214.58798513077963,122.62170578901694,3321.9291078707292,103.40391889568608,176.30232607593214,0,0,1817,1820,1818,MODEL_NOT_OBSERVATION
grid_R55_G50_y0.07_Iadjust0,1835,55,50,103.40391889568608,98.40391889568608,7.000000000000001,3.0,229.6091440899342,131.20522519424813,3551.5382519606633,110.2921932183841,188.00712526488377,0,0,1817,1820,1818,MODEL_NOT_OBSERVATION
grid_R55_G50_y0.07_Iadjust0,1836,55,50,110.2921932183841,105.29219321838411,7.000000000000001,3.0,245.68178417622966,140.38959095784554,3797.2200361368928,117.66264674367099,200.53126039706203,0,0,1817,1820,1818,MODEL_NOT_OBSERVATION
grid_R55_G50_y0.07_Iadjust0,1837,55,50,117.66264674367099,112.66264674367099,7.000000000000001,3.0,262.8795090685657,150.21686232489472,4060.0995452054585,125.54903201572796,213.9320849884927,0,0,1817,1820,1818,MODEL_NOT_OBSERVATION
grid_R55_G50_y0.07_Iadjust0,1838,55,50,125.54903201572796,120.54903201572796,7.000000000000001,3.0,281.2810747033653,160.73204268763732,4341.380619908824,133.98746425682893,228.27096730132354,0,0,1817,1820,1818,MODEL_NOT_OBSERVATION
grid_R55_G50_y0.07_Iadjust0,1839,55,50,133.98746425682893,128.98746425682893,7.000000000000001,3.0,300.9707499326009,171.98328567577195,4642.3513698414245,143.01658675480695,243.6135713760526,0,0,1817,1820,1818,MODEL_NOT_OBSERVATION
grid_R55_G50_y0.07_Iadjust0,1840,55,50,143.01658675480695,138.01658675480695,7.000000000000001,3.0,322.0387024278829,184.02211567307597,4964.390072269307,152.67774782764343,260.03015773601265,0,0,1817,1820,1818,MODEL_NOT_OBSERVATION
grid_R55_G50_y0.07_Iadjust0,1841,55,50,152.67774782764343,147.67774782764343,7.000000000000001,3.0,344.58141159783474,196.90366377019132,5308.971483867142,163.01519017557848,277.59590514116985,0,0,1817,1820,1818,MODEL_NOT_OBSERVATION
grid_R55_G50_y0.07_Iadjust0,1842,55,50,163.01519017557848,158.01519017557848,7.000000000000001,3.0,368.70211040968314,210.68692023410466,5677.673594276825,174.07625348786897,296.3912548646881,0,0,1817,1820,1818,MODEL_NOT_OBSERVATION
grid_R55_G50_y0.07_Iadjust0,1843,55,50,174.07625348786897,169.07625348786897,7.000000000000001,3.0,394.511258138361,225.435004650492,6072.184852415186,185.9115912320198,316.50227906885266,0,0,1817,1820,1818,MODEL_NOT_OBSERVATION
grid_R55_G50_y0.07_Iadjust0,1844,55,50,185.9115912320198,180.9115912320198,7.000000000000001,3.0,422.12704620804624,241.21545497602645,6494.311898623232,198.57540261826117,338.0210749673087,0,0,1817,1820,1818,MODEL_NOT_OBSERVATION
grid_R55_G50_y0.07_Iadjust0,1845,55,50,198.57540261826117,193.57540261826117,7.000000000000001,3.0,451.6759394426095,258.1005368243483,6945.987838065842,212.12568080153946,361.04618657865666,0,0,1817,1820,1818,MODEL_NOT_OBSERVATION
grid_R55_G50_y0.07_Iadjust0,1846,55,50,212.12568080153946,207.1256808015395,7.000000000000001,3.0,483.2932552035922,276.1675744020527,7429.281093269434,226.62447845764723,385.683056002799,0,0,1817,1820,1818,MODEL_NOT_OBSERVATION
grid_R55_G50_y0.07_Iadjust0,1847,55,50,226.62447845764723,221.62447845764723,7.000000000000001,3.0,517.1237830678436,295.4993046101964,7946.4048763372775,242.13819194968255,412.0445062866313,0,0,1817,1820,1818,MODEL_NOT_OBSERVATION
grid_R55_G50_y0.07_Iadjust0,1848,55,50,242.13819194968255,237.13819194968255,7.000000000000001,3.0,553.3224478825927,316.1842559329101,8499.72732421987,258.7378653861603,440.2512580903319,0,0,1817,1820,1818,MODEL_NOT_OBSERVATION
grid_R55_G50_y0.07_Iadjust2,1811,55,50,26.4,21.400000000000006,7.000000000000001,3.0,49.93333333333335,28.533333333333346,738.398478014527,27.898,48.0,0,0,,,,MODEL_NOT_OBSERVATION
grid_R55_G50_y0.07_Iadjust2,1812,55,50,27.898,22.897999999999996,7.000000000000001,3.0,53.428666666666665,30.53066666666667,791.8271446811937,29.50086,50.72363636363636,0,0,,,,MODEL_NOT_OBSERVATION
grid_R55_G50_y0.07_Iadjust2,1813,55,50,29.50086,24.500860000000003,7.000000000000001,3.0,57.168673333333345,32.66781333333334,848.995818014527,31.2159202,53.63792727272727,0,0,,,,MODEL_NOT_OBSERVATION
grid_R55_G50_y0.07_Iadjust2,1814,55,50,31.2159202,26.2159202,7.000000000000001,3.0,61.170480466666675,34.954560266666675,910.1662984811937,33.051034614,56.75621854545454,0,0,,,,MODEL_NOT_OBSERVATION
grid_R55_G50_y0.07_Iadjust2,1815,55,50,33.051034614,28.051034614000002,7.000000000000001,3.0,65.45241409933335,37.40137948533335,975.6187125805271,35.01460703698,60.09279020727273,0,0,1815,,,MODEL_NOT_OBSERVATION
grid_R55_G50_y0.07_Iadjust2,1816,55,50,35.01460703698,30.01460703698001,7.000000000000001,3.0,70.0340830862867,40.01947604930669,1045.6527956668137,37.1156295295686,63.662921885418186,0,0,1815,,1816,MODEL_NOT_OBSERVATION
grid_R55_G50_y0.07_Iadjust2,1817,55,50,37.1156295295686,32.115629529568594,7.000000000000001,3.0,74.93646890232672,42.82083937275813,1120.5892645691404,39.3637235966384,67.48296278103382,0,0,1815,,1816,MODEL_NOT_OBSERVATION
grid_R55_G50_y0.07_Iadjust2,1818,55,50,39.3637235966384,34.36372359663841,7.000000000000001,3.0,80.18202172548962,45.81829812885121,1200.77128629463,41.76918424840309,71.57040653934254,0,0,1815,1818,1816,MODEL_NOT_OBSERVATION
grid_R55_G50_y0.07_Iadjust2,1819,55,50,41.76918424840309,36.76918424840309,7.000000000000001,3.0,85.79476324627389,49.025578997870795,1286.566049540904,44.34302714579131,75.9439713607329,0,0,1815,1818,1816,MODEL_NOT_OBSERVATION
grid_R55_G50_y0.07_Iadjust2,1820,55,50,44.34302714579131,39.34302714579131,7.000000000000001,3.0,91.80039667351308,52.45736952772177,1378.366446214417,47.0970390459967,80.62368571962057,0,0,1815,1818,1816,MODEL_NOT_OBSERVATION
grid_R55_G50_y0.07_Iadjust2,1821,55,50,47.0970390459967,42.097039045996695,7.000000000000001,3.0,98.22642444065896,56.129385394662265,1476.592870655076,50.04383177921647,85.63098008363038,0,0,1815,1818,1816,MODEL_NOT_OBSERVATION
grid_R55_G50_y0.07_Iadjust2,1822,55,50,50.04383177921647,45.043831779216475,7.000000000000001,3.0,105.10227415150513,60.05844237228865,1581.695144806581,53.19690000376162,90.98878505312085,0,0,1815,1818,1816,MODEL_NOT_OBSERVATION
grid_R55_G50_y0.07_Iadjust2,1823,55,50,53.19690000376162,48.19690000376161,7.000000000000001,3.0,112.45943334211044,64.26253333834883,1694.1545781486916,56.570683004024936,96.72163637047568,0,0,1815,1818,1816,MODEL_NOT_OBSERVATION
grid_R55_G50_y0.07_Iadjust2,1824,55,50,56.570683004024936,51.57068300402494,7.000000000000001,3.0,120.3315936760582,68.76091067203326,1814.4861718247498,60.18063081430668,102.85578728004535,0,0,1815,1818,1816,MODEL_NOT_OBSERVATION
grid_R55_G50_y0.07_Iadjust2,1825,55,50,60.18063081430668,55.18063081430668,7.000000000000001,3.0,128.75480523338229,73.5741744190756,1943.240977058132,64.04327497130815,109.41932875328489,0,0,1815,1818,1816,MODEL_NOT_OBSERVATION
grid_R55_G50_y0.07_Iadjust2,1826,55,50,64.04327497130815,59.04327497130815,7.000000000000001,3.0,137.76764159971904,78.72436662841089,2081.008618657851,68.17630421929972,116.44231812965118,0,0,1815,1818,1816,MODEL_NOT_OBSERVATION
grid_R55_G50_y0.07_Iadjust2,1827,55,50,68.17630421929972,63.17630421929972,7.000000000000001,3.0,147.4113765116994,84.23507229239966,2228.4199951695505,72.5986455146507,123.95691676236314,0,0,1815,1818,1816,MODEL_NOT_OBSERVATION
grid_R55_G50_y0.07_Iadjust2,1828,55,50,72.5986455146507,67.5986455146507,7.000000000000001,3.0,157.7301728675183,90.1315273528676,2386.150168037069,77.33055070067624,131.9975372993649,0,0,1815,1818,1816,MODEL_NOT_OBSERVATION
grid_R55_G50_y0.07_Iadjust2,1829,55,50,77.33055070067624,72.33055070067624,7.000000000000001,3.0,168.7712849682446,96.44073426756836,2554.9214530053137,82.39368924972358,140.6010012739568,0,0,1815,1818,1816,MODEL_NOT_OBSERVATION
grid_R55_G50_y0.07_Iadjust2,1830,55,50,82.39368924972358,77.3936892497236,7.000000000000001,3.0,180.58527491602172,103.19158566629812,2735.5067279213354,87.81124749720423,149.80670772677013,0,0,1815,1818,1816,MODEL_NOT_OBSERVATION
grid_R55_G50_y0.07_Iadjust2,1831,55,50,87.81124749720423,82.81124749720425,7.000000000000001,3.0,193.2262441601433,110.41499666293905,2928.7329720814787,93.60803482200853,159.65681363128044,0,0,1815,1818,1816,MODEL_NOT_OBSERVATION
grid_R55_G50_y0.07_Iadjust2,1832,55,50,93.60803482200853,88.60803482200853,7.000000000000001,3.0,206.75208125135327,118.14404642934474,3135.4850533328317,99.81059725954913,170.1964269491064,0,0,1815,1818,1816,MODEL_NOT_OBSERVATION
grid_R55_G50_y0.07_Iadjust2,1833,55,50,99.81059725954913,94.81059725954913,7.000000000000001,3.0,221.22472693894798,126.41412967939885,3356.70978027178,106.44733906771756,181.47381319918023,0,0,1815,1818,1816,MODEL_NOT_OBSERVATION
grid_R55_G50_y0.07_Iadjust2,1834,55,50,106.44733906771756,101.44733906771756,7.000000000000001,3.0,236.71045782467434,135.26311875695677,3593.4202380964543,113.5486528024578,193.5406164867592,0,0,1815,1818,1816,MODEL_NOT_OBSERVATION
grid_R55_G50_y0.07_Iadjust2,1835,55,50,113.5486528024578,108.54865280245781,7.000000000000001,3.0,253.2801898724016,144.73153706994378,3846.700427968856,121.14705849862985,206.45209600446873,0,0,1815,1818,1816,MODEL_NOT_OBSERVATION
grid_R55_G50_y0.07_Iadjust2,1836,55,50,121.14705849862985,116.14705849862986,7.000000000000001,3.0,271.0098031634697,154.86274466483985,4117.710231132325,129.27735259353395,220.2673790884179,0,0,1815,1818,1816,MODEL_NOT_OBSERVATION
grid_R55_G50_y0.07_Iadjust2,1837,55,50,129.27735259353395,124.27735259353395,7.000000000000001,3.0,289.9804893849126,165.70313679137863,4407.690720517237,137.97676727508133,235.04973198824354,0,0,1815,1818,1816,MODEL_NOT_OBSERVATION
grid_R55_G50_y0.07_Iadjust2,1838,55,50,137.97676727508133,132.97676727508133,7.000000000000001,3.0,310.2791236418565,177.30235636677514,4717.969844159094,147.28514098433703,250.86684959105696,0,0,1815,1818,1816,MODEL_NOT_OBSERVATION
grid_R55_G50_y0.07_Iadjust2,1839,55,50,147.28514098433703,142.28514098433703,7.000000000000001,3.0,331.9986622967865,189.71352131244947,5049.96850645588,157.24510085324061,267.7911654260673,0,0,1815,1818,1816,MODEL_NOT_OBSERVATION
grid_R55_G50_y0.07_Iadjust2,1840,55,50,157.24510085324061,152.24510085324061,7.000000000000001,3.0,355.2385686575615,202.99346780432086,5405.2070751134415,167.90225791296746,285.9001833695284,0,0,1815,1818,1816,MODEL_NOT_OBSERVATION
grid_R55_G50_y0.07_Iadjust2,1841,55,50,167.90225791296746,162.90225791296746,7.000000000000001,3.0,380.10526846359073,217.20301055062328,5785.312343577032,179.3054159668752,305.27683256903174,0,0,1815,1818,1816,MODEL_NOT_OBSERVATION
grid_R55_G50_y0.07_Iadjust2,1842,55,50,179.3054159668752,174.3054159668752,7.000000000000001,3.0,406.71263725604217,232.40722128916698,6192.024980833075,191.50679508455644,326.00984721250035,0,0,1815,1818,1816,MODEL_NOT_OBSERVATION
grid_R55_G50_y0.07_Iadjust2,1843,55,50,191.50679508455644,186.50679508455644,7.000000000000001,3.0,435.1825218639651,248.67572677940868,6627.20750269704,204.56227074047538,348.1941728810117,0,0,1815,1818,1816,MODEL_NOT_OBSERVATION
grid_R55_G50_y0.07_Iadjust2,1844,55,50,204.56227074047538,199.56227074047538,7.000000000000001,3.0,465.64529839444265,266.0830276539673,7092.852801091482,218.53162969230866,371.9314013463189,0,0,1815,1818,1816,MODEL_NOT_OBSERVATION
grid_R55_G50_y0.07_Iadjust2,1845,55,50,218.53162969230866,213.53162969230868,7.000000000000001,3.0,498.24046928205365,284.70883958974497,7591.093270373536,233.47884377077025,397.33023580419757,0,0,1815,1818,1816,MODEL_NOT_OBSERVATION
grid_R55_G50_y0.07_Iadjust2,1846,55,50,233.47884377077025,228.47884377077025,7.000000000000001,3.0,533.1173021317973,304.638458361027,8124.210572505333,249.47236283472418,424.5069886741278,0,0,1815,1818,1816,MODEL_NOT_OBSERVATION
grid_R55_G50_y0.07_Iadjust2,1847,55,50,249.47236283472418,244.4723628347242,7.000000000000001,3.0,570.4355132810232,325.963150446299,8694.646085786357,266.58542823315486,453.5861142449531,0,0,1815,1818,1816,MODEL_NOT_OBSERVATION
grid_R55_G50_y0.07_Iadjust2,1848,55,50,266.58542823315486,261.58542823315486,7.000000000000001,3.0,610.3659992106947,348.7805709775398,9305.012084997052,284.8964082094757,484.7007786057361,0,0,1815,1818,1816,MODEL_NOT_OBSERVATION
grid_R60_G48_y0.06_Iadjust-2,1811,60,48,22.4,10.400000000000006,6.0,3.0,20.80000000000001,10.400000000000006,709.2651446811935,23.023999999999997,37.33333333333333,0,0,,,,MODEL_NOT_OBSERVATION
grid_R60_G48_y0.06_Iadjust-2,1812,60,48,23.023999999999997,11.024000000000001,6.0,3.0,22.048000000000002,11.024000000000001,731.3131446811935,23.685439999999996,38.373333333333335,0,0,,,,MODEL_NOT_OBSERVATION
grid_R60_G48_y0.06_Iadjust-2,1813,60,48,23.685439999999996,11.68544,6.0,3.0,23.37088,11.68544,754.6840246811935,24.386566399999996,39.47573333333333,0,0,,,,MODEL_NOT_OBSERVATION
grid_R60_G48_y0.06_Iadjust-2,1814,60,48,24.386566399999996,12.386566399999992,6.0,3.0,24.773132799999985,12.386566399999992,779.4571574811935,25.129760383999994,40.64427733333333,0,0,,,,MODEL_NOT_OBSERVATION
grid_R60_G48_y0.06_Iadjust-2,1815,60,48,25.129760383999994,13.129760383999994,6.0,3.0,26.259520767999987,13.129760383999994,805.7166782491935,25.917546007039995,41.88293397333332,0,0,,,,MODEL_NOT_OBSERVATION
grid_R60_G48_y0.06_Iadjust-2,1816,60,48,25.917546007039995,13.917546007039988,6.0,3.0,27.835092014079976,13.917546007039988,833.5517702632735,26.752598767462395,43.195910011733325,0,0,,,,MODEL_NOT_OBSERVATION
grid_R60_G48_y0.06_Iadjust-2,1817,60,48,26.752598767462395,14.752598767462388,6.0,3.0,29.505197534924775,14.752598767462388,863.0569677981982,27.63775469351014,44.58766461243732,0,0,,,,MODEL_NOT_OBSERVATION
grid_R60_G48_y0.06_Iadjust-2,1818,60,48,27.63775469351014,15.637754693510146,6.0,3.0,31.275509387020293,15.637754693510146,894.3324771852185,28.576019975120747,46.062924489183565,0,0,,,,MODEL_NOT_OBSERVATION
grid_R60_G48_y0.06_Iadjust-2,1819,60,48,28.576019975120747,16.576019975120744,6.0,3.0,33.15203995024149,16.576019975120744,927.48451713546,29.570581173627993,47.62669995853458,0,0,,,,MODEL_NOT_OBSERVATION
grid_R60_G48_y0.06_Iadjust-2,1820,60,48,29.570581173627993,17.570581173628,6.0,3.0,35.141162347256,17.570581173628,962.625679482716,30.624816044045673,49.284301956046654,0,0,,,,MODEL_NOT_OBSERVATION
grid_R60_G48_y0.06_Iadjust-2,1821,60,48,30.624816044045673,18.624816044045673,6.0,3.0,37.24963208809134,18.624816044045666,999.8753115708073,31.74230500668841,51.04136007340946,0,0,,,,MODEL_NOT_OBSERVATION
grid_R60_G48_y0.06_Iadjust-2,1822,60,48,31.74230500668841,19.74230500668841,6.0,3.0,39.48461001337682,19.74230500668841,1039.3599215841841,32.92684330708972,52.90384167781402,0,0,,,,MODEL_NOT_OBSERVATION
grid_R60_G48_y0.06_Iadjust-2,1823,60,48,32.92684330708972,20.92684330708971,6.0,3.0,41.85368661417942,20.92684330708971,1081.2136081983635,34.1824539055151,54.87807217848286,0,0,,,,MODEL_NOT_OBSERVATION
grid_R60_G48_y0.06_Iadjust-2,1824,60,48,34.1824539055151,22.182453905515104,6.0,3.0,44.36490781103021,22.182453905515104,1125.5785160093938,35.51340113984601,56.970756509191844,0,0,,,,MODEL_NOT_OBSERVATION
grid_R60_G48_y0.06_Iadjust-2,1825,60,48,35.51340113984601,23.51340113984601,6.0,3.0,47.02680227969202,23.51340113984601,1172.6053182890857,36.92420520823677,59.18900189974335,0,0,,,,MODEL_NOT_OBSERVATION
grid_R60_G48_y0.06_Iadjust-2,1826,60,48,36.92420520823677,24.92420520823677,6.0,3.0,49.84841041647355,24.924205208236778,1222.4537287055593,38.41965752073098,61.54034201372796,0,0,1826,,,MODEL_NOT_OBSERVATION
grid_R60_G48_y0.06_Iadjust-2,1827,60,48,38.41965752073098,26.41965752073098,6.0,3.0,52.83931504146196,26.41965752073098,1275.2930437470213,40.00483697197484,64.03276253455164,0,0,1826,,,MODEL_NOT_OBSERVATION
grid_R60_G48_y0.06_Iadjust-2,1828,60,48,40.00483697197484,28.00483697197484,6.0,3.0,56.00967394394968,28.00483697197484,1331.302717690971,41.68512719029333,66.67472828662473,0,0,1826,,,MODEL_NOT_OBSERVATION
grid_R60_G48_y0.06_Iadjust-2,1829,60,48,41.68512719029333,29.68512719029333,6.0,3.0,59.37025438058666,29.68512719029333,1390.6729720715575,43.46623482171093,69.47521198382222,0,0,1826,,,MODEL_NOT_OBSERVATION
grid_R60_G48_y0.06_Iadjust-2,1830,60,48,43.46623482171093,31.466234821710927,6.0,3.0,62.932469643421854,31.466234821710927,1453.6054417149794,45.35420891101358,72.44372470285154,0,0,1826,1830,1830,MODEL_NOT_OBSERVATION
grid_R60_G48_y0.06_Iadjust-2,1831,60,48,45.35420891101358,33.354208911013586,6.0,3.0,66.70841782202717,33.354208911013586,1520.3138595370065,47.35546144567439,75.59034818502262,0,0,1826,1830,1830,MODEL_NOT_OBSERVATION
grid_R60_G48_y0.06_Iadjust-2,1832,60,48,47.35546144567439,35.35546144567439,6.0,3.0,70.71092289134879,35.35546144567439,1591.0247824283551,49.47678913241486,78.92576907612398,0,0,1826,1830,1830,MODEL_NOT_OBSERVATION
grid_R60_G48_y0.06_Iadjust-2,1833,60,48,49.47678913241486,37.476789132414865,6.0,3.0,74.95357826482973,37.476789132414865,1665.9783606931849,51.72539648035975,82.46131522069143,0,0,1826,1830,1830,MODEL_NOT_OBSERVATION
grid_R60_G48_y0.06_Iadjust-2,1834,60,48,51.72539648035975,39.72539648035975,6.0,3.0,79.4507929607195,39.72539648035975,1745.4291536539045,54.10892026918133,86.20899413393292,0,0,1826,1830,1830,MODEL_NOT_OBSERVATION
grid_R60_G48_y0.06_Iadjust-2,1835,60,48,54.10892026918133,42.10892026918134,6.0,3.0,84.21784053836268,42.10892026918134,1829.6469941922671,56.635455485332216,90.1815337819689,0,0,1826,1830,1830,MODEL_NOT_OBSERVATION
grid_R60_G48_y0.06_Iadjust-2,1836,60,48,56.635455485332216,44.635455485332216,6.0,3.0,89.27091097066443,44.635455485332216,1918.9179051629317,59.31358281445215,94.39242580888703,0,0,1826,1830,1830,MODEL_NOT_OBSERVATION
grid_R60_G48_y0.06_Iadjust-2,1837,60,48,59.31358281445215,47.31358281445215,6.0,3.0,94.6271656289043,47.31358281445215,2013.545070791836,62.15239778331927,98.85597135742024,0,0,1826,1830,1830,MODEL_NOT_OBSERVATION
grid_R60_G48_y0.06_Iadjust-2,1838,60,48,62.15239778331927,50.15239778331927,6.0,3.0,100.30479556663855,50.15239778331927,2113.8498663584746,65.16154165031843,103.58732963886546,0,0,1826,1830,1830,MODEL_NOT_OBSERVATION
grid_R60_G48_y0.06_Iadjust-2,1839,60,48,65.16154165031843,53.161541650318426,6.0,3.0,106.32308330063685,53.161541650318426,2220.1729496591115,68.35123414933753,108.60256941719737,0,0,1826,1830,1830,MODEL_NOT_OBSERVATION
grid_R60_G48_y0.06_Iadjust-2,1840,60,48,68.35123414933753,56.35123414933753,6.0,3.0,112.70246829867506,56.35123414933753,2332.8754179577863,71.73230819829779,113.9187235822292,0,0,1826,1830,1830,MODEL_NOT_OBSERVATION
grid_R60_G48_y0.06_Iadjust-2,1841,60,48,71.73230819829779,59.73230819829779,6.0,3.0,119.46461639659557,59.73230819829779,2452.3400343543817,75.31624669019565,119.55384699716298,0,0,1826,1830,1830,MODEL_NOT_OBSERVATION
grid_R60_G48_y0.06_Iadjust-2,1842,60,48,75.31624669019565,63.316246690195655,6.0,3.0,126.63249338039131,63.316246690195655,2578.972527734773,79.1152214916074,125.52707781699274,0,0,1826,1830,1830,MODEL_NOT_OBSERVATION
grid_R60_G48_y0.06_Iadjust-2,1843,60,48,79.1152214916074,67.1152214916074,6.0,3.0,134.2304429832148,67.1152214916074,2713.2029707179877,83.14213478110385,131.85870248601233,0,0,1826,1830,1830,MODEL_NOT_OBSERVATION
grid_R60_G48_y0.06_Iadjust-2,1844,60,48,83.14213478110385,71.14213478110383,6.0,3.0,142.28426956220767,71.14213478110383,2855.4872402801952,87.41066286797007,138.57022463517308,0,0,1826,1830,1830,MODEL_NOT_OBSERVATION
grid_R60_G48_y0.06_Iadjust-2,1845,60,48,87.41066286797007,75.41066286797007,6.0,3.0,150.82132573594015,75.41066286797007,3006.3085660161355,91.93530264004828,145.68443811328348,0,0,1826,1830,1830,MODEL_NOT_OBSERVATION
grid_R60_G48_y0.06_Iadjust-2,1846,60,48,91.93530264004828,79.93530264004829,6.0,3.0,159.87060528009656,79.93530264004826,3166.179171296232,96.73142079845117,153.22550440008047,0,0,1826,1830,1830,MODEL_NOT_OBSERVATION
grid_R60_G48_y0.06_Iadjust-2,1847,60,48,96.73142079845117,84.73142079845115,6.0,3.0,169.4628415969023,84.73142079845115,3335.6420128931345,101.81530604635823,161.21903466408526,0,0,1826,1830,1830,MODEL_NOT_OBSERVATION
grid_R60_G48_y0.06_Iadjust-2,1848,60,48,101.81530604635823,89.81530604635822,6.0,3.0,179.63061209271643,89.81530604635822,3515.272624985851,107.20422440913973,169.6921767439304,0,0,1826,1830,1830,MODEL_NOT_OBSERVATION
grid_R60_G48_y0.06_Iadjust0,1811,60,48,24.4,12.400000000000006,6.0,3.0,24.80000000000001,12.400000000000006,713.2651446811935,25.144,40.666666666666664,0,0,,,,MODEL_NOT_OBSERVATION
grid_R60_G48_y0.06_Iadjust0,1812,60,48,25.144,13.144000000000005,6.0,3.0,26.28800000000001,13.144000000000005,739.5531446811935,25.93264,41.906666666666666,0,0,,,,MODEL_NOT_OBSERVATION
grid_R60_G48_y0.06_Iadjust0,1813,60,48,25.93264,13.932639999999992,6.0,3.0,27.865279999999984,13.932639999999992,767.4184246811935,26.7685984,43.221066666666665,0,0,,,,MODEL_NOT_OBSERVATION
grid_R60_G48_y0.06_Iadjust0,1814,60,48,26.7685984,14.768598400000002,6.0,3.0,29.537196800000004,14.768598400000002,796.9556214811935,27.654714304,44.61433066666666,0,0,,,,MODEL_NOT_OBSERVATION
grid_R60_G48_y0.06_Iadjust0,1815,60,48,27.654714304,15.654714303999995,6.0,3.0,31.30942860799999,15.654714303999995,828.2650500891934,28.593997162239997,46.09119050666666,0,0,,,,MODEL_NOT_OBSERVATION
grid_R60_G48_y0.06_Iadjust0,1816,60,48,28.593997162239997,16.59399716224,6.0,3.0,33.18799432448,16.59399716224,861.4530444136734,29.5896369919744,47.656661937066666,0,0,,,,MODEL_NOT_OBSERVATION
grid_R60_G48_y0.06_Iadjust0,1817,60,48,29.5896369919744,17.589636991974402,6.0,3.0,35.179273983948804,17.589636991974402,896.6323183976222,30.64501521149286,49.31606165329067,0,0,,,,MODEL_NOT_OBSERVATION
grid_R60_G48_y0.06_Iadjust0,1818,60,48,30.64501521149286,18.64501521149286,6.0,3.0,37.29003042298572,18.64501521149286,933.9223488206079,31.763716124182434,51.075025352488105,0,0,,,,MODEL_NOT_OBSERVATION
grid_R60_G48_y0.06_Iadjust0,1819,60,48,31.763716124182434,19.763716124182437,6.0,3.0,39.527432248364875,19.763716124182437,973.4497810689728,32.94953909163338,52.93952687363739,0,0,,,,MODEL_NOT_OBSERVATION
grid_R60_G48_y0.06_Iadjust0,1820,60,48,32.94953909163338,20.949539091633383,6.0,3.0,41.89907818326677,20.949539091633383,1015.3488592522395,34.20651143713138,54.91589848605564,0,0,,,,MODEL_NOT_OBSERVATION
grid_R60_G48_y0.06_Iadjust0,1821,60,48,34.20651143713138,22.206511437131383,6.0,3.0,44.413022874262765,22.206511437131383,1059.7618821265023,35.538902123359264,57.01085239521897,0,0,,,,MODEL_NOT_OBSERVATION
grid_R60_G48_y0.06_Iadjust0,1822,60,48,35.538902123359264,23.538902123359264,6.0,3.0,47.07780424671853,23.538902123359264,1106.839686373221,36.95123625076082,59.23150353893211,0,0,,,,MODEL_NOT_OBSERVATION
grid_R60_G48_y0.06_Iadjust0,1823,60,48,36.95123625076082,24.951236250760815,6.0,3.0,49.90247250152163,24.951236250760815,1156.7421588747425,38.44831042580647,61.585393751268036,0,0,1823,,,MODEL_NOT_OBSERVATION
grid_R60_G48_y0.06_Iadjust0,1824,60,48,38.44831042580647,26.44831042580647,6.0,3.0,52.89662085161294,26.44831042580647,1209.6387797263553,40.035209051354855,64.08051737634412,0,0,1823,,,MODEL_NOT_OBSERVATION
grid_R60_G48_y0.06_Iadjust0,1825,60,48,40.035209051354855,28.035209051354855,6.0,3.0,56.070418102709716,28.03520905135486,1265.709197829065,41.71732159443614,66.72534841892475,0,0,1823,,,MODEL_NOT_OBSERVATION
grid_R60_G48_y0.06_Iadjust0,1826,60,48,41.71732159443614,29.717321594436143,6.0,3.0,59.434643188872286,29.717321594436143,1325.1438410179373,43.500360890102314,69.52886932406024,0,0,1823,,,MODEL_NOT_OBSERVATION
grid_R60_G48_y0.06_Iadjust0,1827,60,48,43.500360890102314,31.500360890102314,6.0,3.0,63.00072178020463,31.500360890102314,1388.144562798142,45.39038254350845,72.50060148350386,0,0,1823,1827,1827,MODEL_NOT_OBSERVATION
grid_R60_G48_y0.06_Iadjust0,1828,60,48,45.39038254350845,33.39038254350845,6.0,3.0,66.7807650870169,33.39038254350845,1454.9253278851588,47.39380549611896,75.65063757251409,0,0,1823,1827,1827,MODEL_NOT_OBSERVATION
grid_R60_G48_y0.06_Iadjust0,1829,60,48,47.39380549611896,35.39380549611896,6.0,3.0,70.78761099223792,35.39380549611896,1525.7129388773967,49.517433825886094,78.98967582686493,0,0,1823,1827,1827,MODEL_NOT_OBSERVATION
grid_R60_G48_y0.06_Iadjust0,1830,60,48,49.517433825886094,37.51743382588609,6.0,3.0,75.03486765177217,37.51743382588609,1600.7478065291689,51.76847985543926,82.52905637647683,0,0,1823,1827,1827,MODEL_NOT_OBSERVATION
grid_R60_G48_y0.06_Iadjust0,1831,60,48,51.76847985543926,39.76847985543927,6.0,3.0,79.53695971087853,39.76847985543927,1680.2847662400475,54.15458864676562,86.28079975906543,0,0,1823,1827,1827,MODEL_NOT_OBSERVATION
grid_R60_G48_y0.06_Iadjust0,1832,60,48,54.15458864676562,42.15458864676562,6.0,3.0,84.30917729353123,42.15458864676562,1764.5939435335788,56.683863965571554,90.25764774460936,0,0,1823,1827,1827,MODEL_NOT_OBSERVATION
grid_R60_G48_y0.06_Iadjust0,1833,60,48,56.683863965571554,44.68386396557156,6.0,3.0,89.36772793114312,44.68386396557156,1853.9616714647218,59.364895803505846,94.47310660928594,0,0,1823,1827,1827,MODEL_NOT_OBSERVATION
grid_R60_G48_y0.06_Iadjust0,1834,60,48,59.364895803505846,47.364895803505846,6.0,3.0,94.72979160701169,47.364895803505846,1948.6914630717336,62.2067895517162,98.94149300584307,0,0,1823,1827,1827,MODEL_NOT_OBSERVATION
grid_R60_G48_y0.06_Iadjust0,1835,60,48,62.2067895517162,50.2067895517162,6.0,3.0,100.4135791034324,50.2067895517162,2049.105042175166,65.21919692481917,103.67798258619368,0,0,1823,1827,1827,MODEL_NOT_OBSERVATION
grid_R60_G48_y0.06_Iadjust0,1836,60,48,65.21919692481917,53.21919692481917,6.0,3.0,106.43839384963835,53.21919692481917,2155.5434360248046,68.41234874030832,108.6986615413653,0,0,1823,1827,1827,MODEL_NOT_OBSERVATION
grid_R60_G48_y0.06_Iadjust0,1837,60,48,68.41234874030832,56.41234874030832,6.0,3.0,112.82469748061663,56.41234874030832,2268.368133505421,71.79708966472681,114.0205812338472,0,0,1823,1827,1827,MODEL_NOT_OBSERVATION
grid_R60_G48_y0.06_Iadjust0,1838,60,48,71.79708966472681,59.79708966472681,6.0,3.0,119.59417932945362,59.79708966472681,2387.962312834875,75.38491504461042,119.66181610787802,0,0,1823,1827,1827,MODEL_NOT_OBSERVATION
grid_R60_G48_y0.06_Iadjust0,1839,60,48,75.38491504461042,63.38491504461042,6.0,3.0,126.76983008922085,63.38491504461042,2514.7321429240956,79.18800994728704,125.64152507435071,0,0,1823,1827,1827,MODEL_NOT_OBSERVATION
grid_R60_G48_y0.06_Iadjust0,1840,60,48,79.18800994728704,67.18800994728704,6.0,3.0,134.37601989457409,67.18800994728704,2649.10816281867,83.21929054412426,131.98001657881173,0,0,1823,1827,1827,MODEL_NOT_OBSERVATION
grid_R60_G48_y0.06_Iadjust0,1841,60,48,83.21929054412426,71.21929054412425,6.0,3.0,142.4385810882485,71.21929054412425,2791.5467439069184,87.49244797677171,138.69881757354042,0,0,1823,1827,1827,MODEL_NOT_OBSERVATION
grid_R60_G48_y0.06_Iadjust0,1842,60,48,87.49244797677171,75.4924479767717,6.0,3.0,150.9848959535434,75.4924479767717,2942.531639860462,92.02199485537801,145.82074662795287,0,0,1823,1827,1827,MODEL_NOT_OBSERVATION
grid_R60_G48_y0.06_Iadjust0,1843,60,48,92.02199485537801,80.02199485537801,6.0,3.0,160.04398971075602,80.02199485537801,3102.575629571218,96.82331454670069,153.36999142563002,0,0,1823,1827,1827,MODEL_NOT_OBSERVATION
grid_R60_G48_y0.06_Iadjust0,1844,60,48,96.82331454670069,84.82331454670069,6.0,3.0,169.64662909340137,84.82331454670069,3272.2222586646194,101.91271341950272,161.37219091116782,0,0,1823,1827,1827,MODEL_NOT_OBSERVATION
grid_R60_G48_y0.06_Iadjust0,1845,60,48,101.91271341950272,89.91271341950272,6.0,3.0,179.82542683900544,89.91271341950272,3452.047685503625,107.30747622467288,169.85452236583788,0,0,1823,1827,1827,MODEL_NOT_OBSERVATION
grid_R60_G48_y0.06_Iadjust0,1846,60,48,107.30747622467288,95.30747622467288,6.0,3.0,190.61495244934576,95.30747622467288,3642.6626379529707,113.02592479815326,178.84579370778815,0,0,1823,1827,1827,MODEL_NOT_OBSERVATION
grid_R60_G48_y0.06_Iadjust0,1847,60,48,113.02592479815326,101.02592479815326,6.0,3.0,202.0518495963065,101.02592479815326,3844.7144875492772,119.08748028604245,188.37654133025544,0,0,1823,1827,1827,MODEL_NOT_OBSERVATION
grid_R60_G48_y0.06_Iadjust0,1848,60,48,119.08748028604245,107.08748028604245,6.0,3.0,214.1749605720849,107.08748028604245,4058.889448121362,125.51272910320499,198.47913381007075,0,0,1823,1827,1827,MODEL_NOT_OBSERVATION
grid_R60_G48_y0.06_Iadjust2,1811,60,48,26.4,14.400000000000006,6.0,3.0,28.80000000000001,14.400000000000006,717.2651446811935,27.264,44.0,0,0,,,,MODEL_NOT_OBSERVATION
grid_R60_G48_y0.06_Iadjust2,1812,60,48,27.264,15.263999999999996,6.0,3.0,30.52799999999999,15.263999999999996,747.7931446811936,28.17984,45.44,0,0,,,,MODEL_NOT_OBSERVATION
grid_R60_G48_y0.06_Iadjust2,1813,60,48,28.17984,16.17984,6.0,3.0,32.35968,16.17984,780.1528246811936,29.150630399999997,46.9664,0,0,,,,MODEL_NOT_OBSERVATION
grid_R60_G48_y0.06_Iadjust2,1814,60,48,29.150630399999997,17.150630399999997,6.0,3.0,34.301260799999994,17.150630399999997,814.4540854811936,30.179668223999997,48.584384,0,0,,,,MODEL_NOT_OBSERVATION
grid_R60_G48_y0.06_Iadjust2,1815,60,48,30.179668223999997,18.179668223999997,6.0,3.0,36.35933644799999,18.179668223999997,850.8134219291936,31.270448317439996,50.29944703999999,0,0,,,,MODEL_NOT_OBSERVATION
grid_R60_G48_y0.06_Iadjust2,1816,60,48,31.270448317439996,19.27044831744,6.0,3.0,38.54089663488,19.27044831744,889.3543185640737,32.426675216486395,52.1174138624,0,0,,,,MODEL_NOT_OBSERVATION
grid_R60_G48_y0.06_Iadjust2,1817,60,48,32.426675216486395,20.426675216486387,6.0,3.0,40.853350432972775,20.426675216486387,930.2076689970464,33.652275729475576,54.04445869414399,0,0,,,,MODEL_NOT_OBSERVATION
grid_R60_G48_y0.06_Iadjust2,1818,60,48,33.652275729475576,21.652275729475576,6.0,3.0,43.30455145895115,21.652275729475576,973.5122204559975,34.95141227324411,56.08712621579263,0,0,,,,MODEL_NOT_OBSERVATION
grid_R60_G48_y0.06_Iadjust2,1819,60,48,34.95141227324411,22.951412273244102,6.0,3.0,45.902824546488205,22.951412273244102,1019.4150450024857,36.32849700963875,58.25235378874019,0,0,,,,MODEL_NOT_OBSERVATION
grid_R60_G48_y0.06_Iadjust2,1820,60,48,36.32849700963875,24.328497009638753,6.0,3.0,48.656994019277505,24.328497009638753,1068.0720390217632,37.78820683021708,60.54749501606459,0,0,1820,,,MODEL_NOT_OBSERVATION
grid_R60_G48_y0.06_Iadjust2,1821,60,48,37.78820683021708,25.788206830217078,6.0,3.0,51.576413660434156,25.788206830217078,1119.6484526821973,39.3354992400301,62.98034471702846,0,0,1820,,,MODEL_NOT_OBSERVATION
grid_R60_G48_y0.06_Iadjust2,1822,60,48,39.3354992400301,27.335499240030103,6.0,3.0,54.670998480060206,27.335499240030103,1174.3194511622576,40.97562919443191,65.55916540005016,0,0,1820,,,MODEL_NOT_OBSERVATION
grid_R60_G48_y0.06_Iadjust2,1823,60,48,40.97562919443191,28.975629194431917,6.0,3.0,57.951258388863835,28.975629194431917,1232.2707095511214,42.714166946097826,68.29271532405319,0,0,1820,,,MODEL_NOT_OBSERVATION
grid_R60_G48_y0.06_Iadjust2,1824,60,48,42.714166946097826,30.714166946097833,6.0,3.0,61.42833389219567,30.714166946097833,1293.6990434433171,44.5570169628637,71.19027824349638,0,0,1820,1824,1824,MODEL_NOT_OBSERVATION
grid_R60_G48_y0.06_Iadjust2,1825,60,48,44.5570169628637,32.5570169628637,6.0,3.0,65.1140339257274,32.5570169628637,1358.8130773690445,46.51043798063552,74.26169493810616,0,0,1820,1824,1824,MODEL_NOT_OBSERVATION
grid_R60_G48_y0.06_Iadjust2,1826,60,48,46.51043798063552,34.510437980635515,6.0,3.0,69.02087596127103,34.510437980635515,1427.8339533303156,48.581064259473656,77.51739663439253,0,0,1820,1824,1824,MODEL_NOT_OBSERVATION
grid_R60_G48_y0.06_Iadjust2,1827,60,48,48.581064259473656,36.58106425947366,6.0,3.0,73.16212851894733,36.58106425947366,1500.996081849263,50.77592811504208,80.96844043245609,0,0,1820,1824,1824,MODEL_NOT_OBSERVATION
grid_R60_G48_y0.06_Iadjust2,1828,60,48,50.77592811504208,38.77592811504208,6.0,3.0,77.55185623008416,38.77592811504208,1578.5479380793472,53.1024838019446,84.62654685840346,0,0,1820,1824,1824,MODEL_NOT_OBSERVATION
grid_R60_G48_y0.06_Iadjust2,1829,60,48,53.1024838019446,41.1024838019446,6.0,3.0,82.2049676038892,41.1024838019446,1660.7529056832363,55.568632830061276,88.50413966990767,0,0,1820,1824,1824,MODEL_NOT_OBSERVATION
grid_R60_G48_y0.06_Iadjust2,1830,60,48,55.568632830061276,43.568632830061276,6.0,3.0,87.13726566012255,43.568632830061276,1747.8901713433588,58.182750799864955,92.61438805010212,0,0,1820,1824,1824,MODEL_NOT_OBSERVATION
grid_R60_G48_y0.06_Iadjust2,1831,60,48,58.182750799864955,46.18275079986495,6.0,3.0,92.3655015997299,46.18275079986495,1840.2556729430887,60.95371584785685,96.97125133310826,0,0,1820,1824,1824,MODEL_NOT_OBSERVATION
grid_R60_G48_y0.06_Iadjust2,1832,60,48,60.95371584785685,48.95371584785684,6.0,3.0,97.90743169571368,48.95371584785684,1938.1631046388025,63.89093879872826,101.58952641309476,0,0,1820,1824,1824,MODEL_NOT_OBSERVATION
grid_R60_G48_y0.06_Iadjust2,1833,60,48,63.89093879872826,51.89093879872826,6.0,3.0,103.78187759745653,51.89093879872827,2041.944982236259,67.00439512665196,106.48489799788044,0,0,1820,1824,1824,MODEL_NOT_OBSERVATION
grid_R60_G48_y0.06_Iadjust2,1834,60,48,67.00439512665196,55.00439512665196,6.0,3.0,110.00879025330391,55.00439512665196,2151.9537724895627,70.30465883425107,111.67399187775327,0,0,1820,1824,1824,MODEL_NOT_OBSERVATION
grid_R60_G48_y0.06_Iadjust2,1835,60,48,70.30465883425107,58.30465883425107,6.0,3.0,116.60931766850214,58.30465883425107,2268.563090158065,73.80293836430613,117.17443139041845,0,0,1820,1824,1824,MODEL_NOT_OBSERVATION
grid_R60_G48_y0.06_Iadjust2,1836,60,48,73.80293836430613,61.80293836430613,6.0,3.0,123.60587672861226,61.80293836430613,2392.168966886677,77.5111146661645,123.00489727384354,0,0,1820,1824,1824,MODEL_NOT_OBSERVATION
grid_R60_G48_y0.06_Iadjust2,1837,60,48,77.5111146661645,65.5111146661645,6.0,3.0,131.022229332329,65.5111146661645,2523.191196219006,81.44178154613437,129.1851911102742,0,0,1820,1824,1824,MODEL_NOT_OBSERVATION
grid_R60_G48_y0.06_Iadjust2,1838,60,48,81.44178154613437,69.44178154613437,6.0,3.0,138.88356309226876,69.4417815461344,2662.0747593112746,85.60828843890243,135.7363025768906,0,0,1820,1824,1824,MODEL_NOT_OBSERVATION
grid_R60_G48_y0.06_Iadjust2,1839,60,48,85.60828843890243,73.60828843890243,6.0,3.0,147.21657687780487,73.60828843890243,2809.2913361890796,90.02478574523658,142.68048073150405,0,0,1820,1824,1824,MODEL_NOT_OBSERVATION
grid_R60_G48_y0.06_Iadjust2,1840,60,48,90.02478574523658,78.02478574523658,6.0,3.0,156.04957149047317,78.02478574523658,2965.340907679553,94.70627288995078,150.0413095753943,0,0,1820,1824,1824,MODEL_NOT_OBSERVATION
grid_R60_G48_y0.06_Iadjust2,1841,60,48,94.70627288995078,82.70627288995078,6.0,3.0,165.41254577990156,82.70627288995078,3130.7534534594542,99.66864926334783,157.84378814991797,0,0,1820,1824,1824,MODEL_NOT_OBSERVATION
grid_R60_G48_y0.06_Iadjust2,1842,60,48,99.66864926334783,87.66864926334785,6.0,3.0,175.3372985266957,87.66864926334785,3306.09075198615,104.92876821914871,166.11441543891306,0,0,1820,1824,1824,MODEL_NOT_OBSERVATION
grid_R60_G48_y0.06_Iadjust2,1843,60,48,104.92876821914871,92.92876821914871,6.0,3.0,185.85753643829742,92.92876821914871,3491.948288424447,110.50449431229762,174.88128036524785,0,0,1820,1824,1824,MODEL_NOT_OBSERVATION
grid_R60_G48_y0.06_Iadjust2,1844,60,48,110.50449431229762,98.50449431229762,6.0,3.0,197.00898862459525,98.50449431229762,3688.957277049042,116.41476397103548,184.1741571871627,0,0,1820,1824,1824,MODEL_NOT_OBSERVATION
grid_R60_G48_y0.06_Iadjust2,1845,60,48,116.41476397103548,104.41476397103548,6.0,3.0,208.82952794207097,104.41476397103548,3897.786804991113,122.67964980929762,194.02460661839248,0,0,1820,1824,1824,MODEL_NOT_OBSERVATION
grid_R60_G48_y0.06_Iadjust2,1846,60,48,122.67964980929762,110.67964980929762,6.0,3.0,221.35929961859523,110.67964980929762,4119.146104609708,129.32042879785547,204.46608301549603,0,0,1820,1824,1824,MODEL_NOT_OBSERVATION
grid_R60_G48_y0.06_Iadjust2,1847,60,48,129.32042879785547,117.32042879785547,6.0,3.0,234.64085759571094,117.32042879785547,4353.7869622054195,136.3596545257268,215.53404799642578,0,0,1820,1824,1824,MODEL_NOT_OBSERVATION
grid_R60_G48_y0.06_Iadjust2,1848,60,48,136.3596545257268,124.3596545257268,6.0,3.0,248.7193090514536,124.3596545257268,4602.506271256873,143.8212337972704,227.26609087621134,0,0,1820,1824,1824,MODEL_NOT_OBSERVATION
grid_R60_G48_y0.07_Iadjust-2,1811,60,48,22.4,10.400000000000006,7.000000000000001,3.0,24.266666666666683,13.866666666666678,712.7318113478602,23.128,37.33333333333333,0,0,,,,MODEL_NOT_OBSERVATION
grid_R60_G48_y0.07_Iadjust-2,1812,60,48,23.128,11.128,7.000000000000001,3.0,25.965333333333337,14.837333333333337,738.6971446811935,23.90696,38.54666666666667,0,0,,,,MODEL_NOT_OBSERVATION
grid_R60_G48_y0.07_Iadjust-2,1813,60,48,23.90696,11.906959999999998,7.000000000000001,3.0,27.782906666666666,15.875946666666668,766.4800513478602,24.740447200000002,39.84493333333334,0,0,,,,MODEL_NOT_OBSERVATION
grid_R60_G48_y0.07_Iadjust-2,1814,60,48,24.740447200000002,12.740447200000006,7.000000000000001,3.0,29.72771013333335,16.987262933333344,796.2077614811936,25.632278504000002,41.23407866666667,0,0,,,,MODEL_NOT_OBSERVATION
grid_R60_G48_y0.07_Iadjust-2,1815,60,48,25.632278504000002,13.632278503999999,7.000000000000001,3.0,31.808649842666668,18.17637133866667,828.0164113238603,26.58653799928,42.72046417333334,0,0,,,,MODEL_NOT_OBSERVATION
grid_R60_G48_y0.07_Iadjust-2,1816,60,48,26.58653799928,14.586537999279997,7.000000000000001,3.0,34.03525533165333,19.448717332373334,862.0516666555136,27.607595659229602,44.31089666546667,0,0,,,,MODEL_NOT_OBSERVATION
grid_R60_G48_y0.07_Iadjust-2,1817,60,48,27.607595659229602,15.607595659229602,7.000000000000001,3.0,36.41772320486908,20.810127545639475,898.4693898603826,28.700127355375674,46.01265943204933,0,0,,,,MODEL_NOT_OBSERVATION
grid_R60_G48_y0.07_Iadjust-2,1818,60,48,28.700127355375674,16.70012735537567,7.000000000000001,3.0,38.9669638292099,22.266836473834232,937.4363536895926,29.86913627025197,47.83354559229279,0,0,,,,MODEL_NOT_OBSERVATION
grid_R60_G48_y0.07_Iadjust-2,1819,60,48,29.86913627025197,17.86913627025197,7.000000000000001,3.0,41.6946512972546,23.82551502700263,979.1310049868472,31.11997580916961,49.78189378375328,0,0,,,,MODEL_NOT_OBSERVATION
grid_R60_G48_y0.07_Iadjust-2,1820,60,48,31.11997580916961,19.119975809169603,7.000000000000001,3.0,44.613276888062416,25.493301078892813,1023.7442818749096,32.45837411581148,51.866626348616016,0,0,,,,MODEL_NOT_OBSERVATION
grid_R60_G48_y0.07_Iadjust-2,1821,60,48,32.45837411581148,20.45837411581148,7.000000000000001,3.0,47.73620627022679,27.277832154415307,1071.4804881451364,33.89046030391828,54.097290193019134,0,0,,,,MODEL_NOT_OBSERVATION
grid_R60_G48_y0.07_Iadjust-2,1822,60,48,33.89046030391828,21.890460303918275,7.000000000000001,3.0,51.077740709142645,29.18728040522437,1122.5582288542792,35.42279252519256,56.48410050653047,0,0,,,,MODEL_NOT_OBSERVATION
grid_R60_G48_y0.07_Iadjust-2,1823,60,48,35.42279252519256,23.422792525192563,7.000000000000001,3.0,54.65318255878265,31.23039003359009,1177.2114114130618,37.062388001956045,59.037987541987604,0,0,,,,MODEL_NOT_OBSERVATION
grid_R60_G48_y0.07_Iadjust-2,1824,60,48,37.062388001956045,25.062388001956037,7.000000000000001,3.0,58.47890533789743,33.41651733594139,1235.6903167509593,38.81675516209297,61.77064666992674,0,0,1824,,,MODEL_NOT_OBSERVATION
grid_R60_G48_y0.07_Iadjust-2,1825,60,48,38.81675516209297,26.81675516209296,7.000000000000001,3.0,62.572428711550245,35.755673549457285,1298.2627454625094,40.693928023439476,64.69459193682161,0,0,1824,,,MODEL_NOT_OBSERVATION
grid_R60_G48_y0.07_Iadjust-2,1826,60,48,40.693928023439476,28.69392802343947,7.000000000000001,3.0,66.95249872135877,38.258570697919296,1365.2152441838682,42.70250298508024,67.82321337239912,0,0,1824,,,MODEL_NOT_OBSERVATION
grid_R60_G48_y0.07_Iadjust-2,1827,60,48,42.70250298508024,30.70250298508023,7.000000000000001,3.0,71.63917363185388,40.93667064677365,1436.8544178157222,44.851678194035856,71.17083830846707,0,0,1824,1827,1827,MODEL_NOT_OBSERVATION
grid_R60_G48_y0.07_Iadjust-2,1828,60,48,44.851678194035856,32.851678194035856,7.000000000000001,3.0,76.65391578608367,43.80223759204782,1513.5083336018058,47.15129566761836,74.75279699005975,0,0,1824,1827,1827,MODEL_NOT_OBSERVATION
grid_R60_G48_y0.07_Iadjust-2,1829,60,48,47.15129566761836,35.15129566761837,7.000000000000001,3.0,82.01968989110954,46.868394223491165,1595.5280234929153,49.61188636435165,78.58549277936395,0,0,1824,1827,1827,MODEL_NOT_OBSERVATION
grid_R60_G48_y0.07_Iadjust-2,1830,60,48,49.61188636435165,37.61188636435165,7.000000000000001,3.0,87.7610681834872,50.14918181913555,1683.2890916764024,52.24471840985626,82.68647727391941,0,0,1824,1827,1827,MODEL_NOT_OBSERVATION
grid_R60_G48_y0.07_Iadjust-2,1831,60,48,52.24471840985626,40.24471840985626,7.000000000000001,3.0,93.90434295633129,53.65962454647503,1777.1934346327337,55.0618486985462,87.07453068309377,0,0,1824,1827,1827,MODEL_NOT_OBSERVATION
grid_R60_G48_y0.07_Iadjust-2,1832,60,48,55.0618486985462,43.0618486985462,7.000000000000001,3.0,100.47764696327448,57.41579826472828,1877.6710815960082,58.076178107444434,91.76974783091033,0,0,1824,1827,1827,MODEL_NOT_OBSERVATION
grid_R60_G48_y0.07_Iadjust-2,1833,60,48,58.076178107444434,46.076178107444434,7.000000000000001,3.0,107.5110822507037,61.43490414325926,1985.182163846712,61.30151057496555,96.79363017907406,0,0,1824,1827,1827,MODEL_NOT_OBSERVATION
grid_R60_G48_y0.07_Iadjust-2,1834,60,48,61.30151057496555,49.30151057496555,7.000000000000001,3.0,115.03685800825296,65.73534743328742,2100.219021854965,64.75261631521313,102.16918429160924,0,0,1824,1827,1827,MODEL_NOT_OBSERVATION
grid_R60_G48_y0.07_Iadjust-2,1835,60,48,64.75261631521313,52.75261631521313,7.000000000000001,3.0,123.08943806883066,70.33682175361753,2223.3084599237955,68.44529945727805,107.92102719202188,0,0,1824,1827,1827,MODEL_NOT_OBSERVATION
grid_R60_G48_y0.07_Iadjust-2,1836,60,48,68.44529945727805,56.445299457278054,7.000000000000001,3.0,131.7056987336488,75.26039927637075,2355.014158657444,72.39647041928752,114.07549909546341,0,0,1824,1827,1827,MODEL_NOT_OBSERVATION
grid_R60_G48_y0.07_Iadjust-2,1837,60,48,72.39647041928752,60.396470419287525,7.000000000000001,3.0,140.92509764500426,80.52862722571673,2495.9392563024485,76.62422334863766,120.66078403214588,0,0,1824,1827,1827,MODEL_NOT_OBSERVATION
grid_R60_G48_y0.07_Iadjust-2,1838,60,48,76.62422334863766,64.62422334863766,7.000000000000001,3.0,150.78985448015456,86.1656311315169,2646.729110782603,81.14791898304229,127.7070389143961,0,0,1824,1827,1827,MODEL_NOT_OBSERVATION
grid_R60_G48_y0.07_Iadjust-2,1839,60,48,81.14791898304229,69.1479189830423,7.000000000000001,3.0,161.34514429376537,92.19722531072307,2808.0742550763684,85.98827331185525,135.2465316384038,0,0,1824,1827,1827,MODEL_NOT_OBSERVATION
grid_R60_G48_y0.07_Iadjust-2,1840,60,48,85.98827331185525,73.98827331185527,7.000000000000001,3.0,172.63930439432897,98.65103108247371,2980.7135594706974,91.16745244368512,143.3137888530921,0,0,1824,1827,1827,MODEL_NOT_OBSERVATION
grid_R60_G48_y0.07_Iadjust-2,1841,60,48,91.16745244368512,79.16745244368514,7.000000000000001,3.0,184.724055701932,105.55660325824687,3165.437615172629,96.70917411474308,151.9457540728085,0,0,1824,1827,1827,MODEL_NOT_OBSERVATION
grid_R60_G48_y0.07_Iadjust-2,1842,60,48,96.70917411474308,84.70917411474306,7.000000000000001,3.0,197.65473960106718,112.94556548632411,3363.0923547736966,102.6388163027751,161.18195685790513,0,0,1824,1827,1827,MODEL_NOT_OBSERVATION
grid_R60_G48_y0.07_Iadjust-2,1843,60,48,102.6388163027751,90.6388163027751,7.000000000000001,3.0,211.49057137314193,120.85175507036683,3574.5829261468384,108.98353344396935,171.06469383795852,0,0,1824,1827,1827,MODEL_NOT_OBSERVATION
grid_R60_G48_y0.07_Iadjust-2,1844,60,48,108.98353344396935,96.98353344396935,7.000000000000001,3.0,226.29491136926185,129.3113779252925,3800.8778375161,115.7723807850472,181.63922240661557,0,0,1824,1827,1827,MODEL_NOT_OBSERVATION
grid_R60_G48_y0.07_Iadjust-2,1845,60,48,115.7723807850472,103.7723807850472,7.000000000000001,3.0,242.13555516511016,138.36317438006296,4043.01339268121,123.03644744000052,192.95396797507865,0,0,1824,1827,1827,MODEL_NOT_OBSERVATION
grid_R60_G48_y0.07_Iadjust-2,1846,60,48,123.03644744000052,111.03644744000053,7.000000000000001,3.0,259.08504402666796,148.04859658666743,4302.098436707878,130.80899876080056,205.06074573333416,0,0,1824,1827,1827,MODEL_NOT_OBSERVATION
grid_R60_G48_y0.07_Iadjust-2,1847,60,48,130.80899876080056,118.80899876080056,7.000000000000001,3.0,277.2209971085347,158.4119983477341,4579.319433816413,139.1256286740566,218.01499793466758,0,0,1824,1827,1827,MODEL_NOT_OBSERVATION
grid_R60_G48_y0.07_Iadjust-2,1848,60,48,139.1256286740566,127.1256286740566,7.000000000000001,3.0,296.62646690613207,169.50083823207547,4875.945900722545,148.02442268124057,231.87604779009433,0,0,1824,1827,1827,MODEL_NOT_OBSERVATION
grid_R60_G48_y0.07_Iadjust0,1811,60,48,24.4,12.400000000000006,7.000000000000001,3.0,28.933333333333348,16.533333333333342,717.398478014527,25.268,40.666666666666664,0,0,,,,MODEL_NOT_OBSERVATION
grid_R60_G48_y0.07_Iadjust0,1812,60,48,25.268,13.268,7.000000000000001,3.0,30.958666666666673,17.690666666666672,748.3571446811936,26.19676,42.11333333333334,0,0,,,,MODEL_NOT_OBSERVATION
grid_R60_G48_y0.07_Iadjust0,1813,60,48,26.19676,14.196759999999998,7.000000000000001,3.0,33.125773333333335,18.929013333333337,781.482918014527,27.1905332,43.66126666666667,0,0,,,,MODEL_NOT_OBSERVATION
grid_R60_G48_y0.07_Iadjust0,1814,60,48,27.1905332,15.190533200000004,7.000000000000001,3.0,35.44457746666668,20.254044266666675,816.9274954811937,28.253870524,45.31755533333334,0,0,,,,MODEL_NOT_OBSERVATION
grid_R60_G48_y0.07_Iadjust0,1815,60,48,28.253870524,16.253870524000007,7.000000000000001,3.0,37.92569788933336,21.67182736533335,854.853193370527,29.39164146068,47.08978420666667,0,0,,,,MODEL_NOT_OBSERVATION
grid_R60_G48_y0.07_Iadjust0,1816,60,48,29.39164146068,17.391641460680006,7.000000000000001,3.0,40.58049674158669,23.188855280906687,895.4336901121137,30.6090563629276,48.98606910113333,0,0,,,,MODEL_NOT_OBSERVATION
grid_R60_G48_y0.07_Iadjust0,1817,60,48,30.6090563629276,18.609056362927603,7.000000000000001,3.0,43.42113151349774,24.812075150570138,938.8548216256114,31.91169030833253,51.015093938212665,0,0,,,,MODEL_NOT_OBSERVATION
grid_R60_G48_y0.07_Iadjust0,1818,60,48,31.91169030833253,19.91169030833254,7.000000000000001,3.0,46.46061071944259,26.548920411110053,985.315432345054,33.305508629915806,53.186150513887554,0,0,,,,MODEL_NOT_OBSERVATION
grid_R60_G48_y0.07_Iadjust0,1819,60,48,33.305508629915806,21.305508629915806,7.000000000000001,3.0,49.71285346980355,28.40734483988774,1035.0282858148576,34.79689423400991,55.50918104985968,0,0,,,,MODEL_NOT_OBSERVATION
grid_R60_G48_y0.07_Iadjust0,1820,60,48,34.79689423400991,22.796894234009912,7.000000000000001,3.0,53.1927532126898,30.39585897867989,1088.2210390275472,36.392676830390606,57.99482372334985,0,0,,,,MODEL_NOT_OBSERVATION
grid_R60_G48_y0.07_Iadjust0,1821,60,48,36.392676830390606,24.3926768303906,7.000000000000001,3.0,56.91624593757807,32.52356910718747,1145.1372849651252,38.100164208517945,60.65446138398435,0,0,1821,,,MODEL_NOT_OBSERVATION
grid_R60_G48_y0.07_Iadjust0,1822,60,48,38.100164208517945,26.100164208517953,7.000000000000001,3.0,60.90038315320856,34.800218944690606,1206.0376681183338,39.9271757031142,63.50027368086324,0,0,1821,,,MODEL_NOT_OBSERVATION
grid_R60_G48_y0.07_Iadjust0,1823,60,48,39.9271757031142,27.9271757031142,7.000000000000001,3.0,65.16340997393314,37.23623427081894,1271.201078092267,41.88207800233219,66.54529283852368,0,0,1821,,,MODEL_NOT_OBSERVATION
grid_R60_G48_y0.07_Iadjust0,1824,60,48,41.88207800233219,29.882078002332193,7.000000000000001,3.0,69.72484867210846,39.84277066977627,1340.9259267643754,43.973823462495446,69.80346333722032,0,0,1821,,,MODEL_NOT_OBSERVATION
grid_R60_G48_y0.07_Iadjust0,1825,60,48,43.973823462495446,31.973823462495446,7.000000000000001,3.0,74.60558807915605,42.631764616660604,1415.5315148435313,46.21199110487013,73.28970577082575,0,0,1821,1825,1825,MODEL_NOT_OBSERVATION
grid_R60_G48_y0.07_Iadjust0,1826,60,48,46.21199110487013,34.21199110487012,7.000000000000001,3.0,79.82797924469696,45.61598813982684,1495.3594940882283,48.60683048221104,77.01998517478354,0,0,1821,1825,1825,MODEL_NOT_OBSERVATION
grid_R60_G48_y0.07_Iadjust0,1827,60,48,48.60683048221104,36.60683048221104,7.000000000000001,3.0,85.41593779182577,48.80910730961473,1580.7754318800542,51.16930861596581,81.0113841370184,0,0,1821,1825,1825,MODEL_NOT_OBSERVATION
grid_R60_G48_y0.07_Iadjust0,1828,60,48,51.16930861596581,39.169308615965804,7.000000000000001,3.0,91.39505343725355,52.22574482128775,1672.1704853173078,53.91116021908342,85.28218102660968,0,0,1821,1825,1825,MODEL_NOT_OBSERVATION
grid_R60_G48_y0.07_Iadjust0,1829,60,48,53.91116021908342,41.91116021908343,7.000000000000001,3.0,97.79270717786133,55.8815469587779,1769.963192495169,56.84494143441926,89.85193369847237,0,0,1821,1825,1825,MODEL_NOT_OBSERVATION
grid_R60_G48_y0.07_Iadjust0,1830,60,48,56.84494143441926,44.84494143441927,7.000000000000001,3.0,104.63819668031164,59.79325524589237,1874.6013891754808,59.98408733482861,94.74156905736544,0,0,1821,1825,1825,MODEL_NOT_OBSERVATION
grid_R60_G48_y0.07_Iadjust0,1831,60,48,59.98408733482861,47.984087334828615,7.000000000000001,3.0,111.96287044793345,63.97878311310484,1986.5642596234143,63.34297344826661,99.97347889138102,0,0,1821,1825,1825,MODEL_NOT_OBSERVATION
grid_R60_G48_y0.07_Iadjust0,1832,60,48,63.34297344826661,51.342973448266605,7.000000000000001,3.0,119.80027137928876,68.45729793102215,2106.364531002703,66.93698158964527,105.57162241377769,0,0,1821,1825,1825,MODEL_NOT_OBSERVATION
grid_R60_G48_y0.07_Iadjust0,1833,60,48,66.93698158964527,54.93698158964527,7.000000000000001,3.0,128.18629037583898,73.24930878619371,2234.550821378542,70.78257030092044,111.56163598274212,0,0,1821,1825,1825,MODEL_NOT_OBSERVATION
grid_R60_G48_y0.07_Iadjust0,1834,60,48,70.78257030092044,58.78257030092044,7.000000000000001,3.0,137.1593307021477,78.37676040122727,2371.7101520806896,74.89735022198487,117.97095050153408,0,0,1821,1825,1825,MODEL_NOT_OBSERVATION
grid_R60_G48_y0.07_Iadjust0,1835,60,48,74.89735022198487,62.897350221984865,7.000000000000001,3.0,146.76048385129803,83.86313362931317,2518.4706359319875,79.3001647375238,124.82891703664146,0,0,1821,1825,1825,MODEL_NOT_OBSERVATION
grid_R60_G48_y0.07_Iadjust0,1836,60,48,79.3001647375238,67.3001647375238,7.000000000000001,3.0,157.0337177208889,89.73355298336509,2675.5043536528765,84.01117626915047,132.16694122920634,0,0,1821,1825,1825,MODEL_NOT_OBSERVATION
grid_R60_G48_y0.07_Iadjust0,1837,60,48,84.01117626915047,72.01117626915047,7.000000000000001,3.0,168.02607796135112,96.01490169220065,2843.5304316142274,89.051958607991,140.01862711525078,0,0,1821,1825,1825,MODEL_NOT_OBSERVATION
grid_R60_G48_y0.07_Iadjust0,1838,60,48,89.051958607991,77.051958607991,7.000000000000001,3.0,179.78790341864567,102.73594481065467,3023.318335032873,94.44559571055036,148.41993101331832,0,0,1821,1825,1825,MODEL_NOT_OBSERVATION
grid_R60_G48_y0.07_Iadjust0,1839,60,48,94.44559571055036,82.44559571055038,7.000000000000001,3.0,192.37305665795088,109.9274609474005,3215.6913916908243,100.21678741028889,157.4093261842506,0,0,1821,1825,1825,MODEL_NOT_OBSERVATION
grid_R60_G48_y0.07_Iadjust0,1840,60,48,100.21678741028889,88.21678741028887,7.000000000000001,3.0,205.83917062400738,117.6223832137185,3421.5305623148315,106.3919625290091,167.02797901714814,0,0,1821,1825,1825,MODEL_NOT_OBSERVATION
grid_R60_G48_y0.07_Iadjust0,1841,60,48,106.3919625290091,94.3919625290091,7.000000000000001,3.0,220.24791256768793,125.85595003867883,3641.7784748825193,112.99939990603974,177.31993754834852,0,0,1821,1825,1825,MODEL_NOT_OBSERVATION
grid_R60_G48_y0.07_Iadjust0,1842,60,48,112.99939990603974,100.99939990603974,7.000000000000001,3.0,235.6652664474261,134.66586654138635,3877.443741329945,120.06935789946252,188.3323331767329,0,0,1821,1825,1825,MODEL_NOT_OBSERVATION
grid_R60_G48_y0.07_Iadjust0,1843,60,48,120.06935789946252,108.06935789946252,7.000000000000001,3.0,252.1618350987459,144.0924771992834,4129.605576428691,127.63421295242489,200.11559649910419,0,0,1821,1825,1825,MODEL_NOT_OBSERVATION
grid_R60_G48_y0.07_Iadjust0,1844,60,48,127.63421295242489,115.63421295242489,7.000000000000001,3.0,269.8131635556581,154.1789506032332,4399.4187399843495,135.72860785909464,212.7236882540415,0,0,1821,1825,1825,MODEL_NOT_OBSERVATION
grid_R60_G48_y0.07_Iadjust0,1845,60,48,135.72860785909464,123.72860785909464,7.000000000000001,3.0,288.7000850045542,164.97147714545954,4688.118824988904,144.38961040923127,226.2143464318244,0,0,1821,1825,1825,MODEL_NOT_OBSERVATION
grid_R60_G48_y0.07_Iadjust0,1846,60,48,144.38961040923127,132.38961040923127,7.000000000000001,3.0,308.90909095487297,176.5194805456417,4997.027915943777,153.65688313787746,240.64935068205213,0,0,1821,1825,1825,MODEL_NOT_OBSERVATION
grid_R60_G48_y0.07_Iadjust0,1847,60,48,153.65688313787746,141.65688313787746,7.000000000000001,3.0,330.5327273217141,188.87584418383665,5327.560643265491,163.57286495752888,256.0948052297958,0,0,1821,1825,1825,MODEL_NOT_OBSERVATION
grid_R60_G48_y0.07_Iadjust0,1848,60,48,163.57286495752888,151.57286495752888,7.000000000000001,3.0,353.6700182342341,202.0971532767052,5681.230661499725,174.1829655045559,272.6214415958815,0,0,1821,1825,1825,MODEL_NOT_OBSERVATION
grid_R60_G48_y0.07_Iadjust2,1811,60,48,26.4,14.400000000000006,7.000000000000001,3.0,33.600000000000016,19.20000000000001,722.0651446811936,27.407999999999998,44.0,0,0,,,,MODEL_NOT_OBSERVATION
grid_R60_G48_y0.07_Iadjust2,1812,60,48,27.407999999999998,15.408000000000001,7.000000000000001,3.0,35.952000000000005,20.544000000000004,758.0171446811936,28.486559999999997,45.68,0,0,,,,MODEL_NOT_OBSERVATION
grid_R60_G48_y0.07_Iadjust2,1813,60,48,28.486559999999997,16.486559999999997,7.000000000000001,3.0,38.46863999999999,21.982079999999996,796.4857846811935,29.640619199999996,47.477599999999995,0,0,,,,MODEL_NOT_OBSERVATION
grid_R60_G48_y0.07_Iadjust2,1814,60,48,29.640619199999996,17.640619200000003,7.000000000000001,3.0,41.16144480000001,23.52082560000001,837.6472294811936,30.875462543999998,49.401031999999994,0,0,,,,MODEL_NOT_OBSERVATION
grid_R60_G48_y0.07_Iadjust2,1815,60,48,30.875462543999998,18.875462544,7.000000000000001,3.0,44.04274593600001,25.16728339200001,881.6899754171935,32.19674492208,51.459104239999995,0,0,,,,MODEL_NOT_OBSERVATION
grid_R60_G48_y0.07_Iadjust2,1816,60,48,32.19674492208,20.19674492208,7.000000000000001,3.0,47.12573815152001,26.92899322944001,928.8157135687136,33.610517066625604,53.6612415368,0,0,,,,MODEL_NOT_OBSERVATION
grid_R60_G48_y0.07_Iadjust2,1817,60,48,33.610517066625604,21.610517066625604,7.000000000000001,3.0,50.42453982212642,28.814022755500815,979.24025339084,35.1232532612894,56.017528444376005,0,0,,,,MODEL_NOT_OBSERVATION
grid_R60_G48_y0.07_Iadjust2,1818,60,48,35.1232532612894,23.123253261289392,7.000000000000001,3.0,53.95425760967526,30.831004348385868,1033.1945110005154,36.741880989579656,58.53875543548234,0,0,,,,MODEL_NOT_OBSERVATION
grid_R60_G48_y0.07_Iadjust2,1819,60,48,36.741880989579656,24.741880989579656,7.000000000000001,3.0,57.73105564235254,32.98917465277288,1090.9255666428678,38.47381265885023,61.2364683159661,0,0,1819,,,MODEL_NOT_OBSERVATION
grid_R60_G48_y0.07_Iadjust2,1820,60,48,38.47381265885023,26.47381265885022,7.000000000000001,3.0,61.77222953731719,35.298416878466966,1152.697796180185,40.326979544969745,64.12302109808371,0,0,1819,,,MODEL_NOT_OBSERVATION
grid_R60_G48_y0.07_Iadjust2,1821,60,48,40.326979544969745,28.326979544969745,7.000000000000001,3.0,66.0962856049294,37.76930605995966,1218.7940817851143,42.30986811311763,67.21163257494958,0,0,1819,,,MODEL_NOT_OBSERVATION
grid_R60_G48_y0.07_Iadjust2,1822,60,48,42.30986811311763,30.30986811311763,7.000000000000001,3.0,70.72302559727449,40.413157484156855,1289.5171073823888,44.43155888103586,70.51644685519605,0,0,1819,1822,1822,MODEL_NOT_OBSERVATION
grid_R60_G48_y0.07_Iadjust2,1823,60,48,44.43155888103586,32.43155888103587,7.000000000000001,3.0,75.67363738908371,43.24207850804784,1365.1907447714725,46.70176800270837,74.05259813505977,0,0,1819,1822,1822,MODEL_NOT_OBSERVATION
grid_R60_G48_y0.07_Iadjust2,1824,60,48,46.70176800270837,34.70176800270838,7.000000000000001,3.0,80.97079200631956,46.26902400361118,1446.161536777792,49.13089176289796,77.83628000451395,0,0,1819,1822,1822,MODEL_NOT_OBSERVATION
grid_R60_G48_y0.07_Iadjust2,1825,60,48,49.13089176289796,37.13089176289796,7.000000000000001,3.0,86.63874744676191,49.50785568386395,1532.800284224554,51.73005418630082,81.88481960482993,0,0,1819,1822,1822,MODEL_NOT_OBSERVATION
grid_R60_G48_y0.07_Iadjust2,1826,60,48,51.73005418630082,39.73005418630082,7.000000000000001,3.0,92.70345976803526,52.97340558173444,1625.503743992589,54.511157979341874,86.21675697716803,0,0,1819,1822,1822,MODEL_NOT_OBSERVATION
grid_R60_G48_y0.07_Iadjust2,1827,60,48,54.511157979341874,42.511157979341874,7.000000000000001,3.0,99.19270195179772,56.68154397245584,1724.6964459443868,57.48693903789581,90.8519299655698,0,0,1819,1822,1822,MODEL_NOT_OBSERVATION
grid_R60_G48_y0.07_Iadjust2,1828,60,48,57.48693903789581,45.48693903789581,7.000000000000001,3.0,106.13619108842357,60.649252050527764,1830.8326370328105,60.67102477054851,95.81156506315968,0,0,1819,1822,1822,MODEL_NOT_OBSERVATION
grid_R60_G48_y0.07_Iadjust2,1829,60,48,60.67102477054851,48.67102477054851,7.000000000000001,3.0,113.56572446461321,64.8946996940647,1944.3983614974236,64.0779965044869,101.11837461758087,0,0,1819,1822,1822,MODEL_NOT_OBSERVATION
grid_R60_G48_y0.07_Iadjust2,1830,60,48,64.0779965044869,52.077996504486904,7.000000000000001,3.0,121.51532517713612,69.43732867264922,2065.91368667456,67.72345625980098,106.7966608408115,0,0,1819,1822,1822,MODEL_NOT_OBSERVATION
grid_R60_G48_y0.07_Iadjust2,1831,60,48,67.72345625980098,55.72345625980098,7.000000000000001,3.0,130.02139793953563,74.29794167973465,2195.9350846140956,71.62409819798705,112.87242709966831,0,0,1819,1822,1822,MODEL_NOT_OBSERVATION
grid_R60_G48_y0.07_Iadjust2,1832,60,48,71.62409819798705,59.62409819798705,7.000000000000001,3.0,139.12289579530315,79.4987975973161,2335.0579804093986,75.79778507184615,119.37349699664507,0,0,1819,1822,1822,MODEL_NOT_OBSERVATION
grid_R60_G48_y0.07_Iadjust2,1833,60,48,75.79778507184615,63.79778507184615,7.000000000000001,3.0,148.86149850097436,85.06371342912821,2483.919478910373,80.26363002687538,126.32964178641024,0,0,1819,1822,1822,MODEL_NOT_OBSERVATION
grid_R60_G48_y0.07_Iadjust2,1834,60,48,80.26363002687538,68.26363002687538,7.000000000000001,3.0,159.28180339604256,91.01817336916719,2643.2012823064156,85.04208412875666,133.77271671145897,0,0,1819,1822,1822,MODEL_NOT_OBSERVATION
grid_R60_G48_y0.07_Iadjust2,1835,60,48,85.04208412875666,73.04208412875664,7.000000000000001,3.0,170.4315296337655,97.38944550500887,2813.632811940181,90.15503001776962,141.7368068812611,0,0,1819,1822,1822,MODEL_NOT_OBSERVATION
grid_R60_G48_y0.07_Iadjust2,1836,60,48,90.15503001776962,78.1550300177696,7.000000000000001,3.0,182.3617367081291,104.20670669035948,2995.9945486483102,95.6258821190135,150.25838336294936,0,0,1819,1822,1822,MODEL_NOT_OBSERVATION
grid_R60_G48_y0.07_Iadjust2,1837,60,48,95.6258821190135,83.62588211901351,7.000000000000001,3.0,195.1270582776982,111.5011761586847,3191.1216069260086,101.47969386734444,159.37647019835583,0,0,1819,1822,1822,MODEL_NOT_OBSERVATION
grid_R60_G48_y0.07_Iadjust2,1838,60,48,101.47969386734444,89.47969386734445,7.000000000000001,3.0,208.7859523571371,119.30625848979264,3399.9075592831455,107.74327243805855,169.13282311224074,0,0,1819,1822,1822,MODEL_NOT_OBSERVATION
grid_R60_G48_y0.07_Iadjust2,1839,60,48,107.74327243805855,95.74327243805857,7.000000000000001,3.0,223.4009690221367,127.65769658407814,3623.3085283052824,114.44530150872265,179.5721207300976,0,0,1819,1822,1822,MODEL_NOT_OBSERVATION
grid_R60_G48_y0.07_Iadjust2,1840,60,48,114.44530150872265,102.44530150872265,7.000000000000001,3.0,239.0390368536862,136.59373534496356,3862.347565158969,121.61647261433323,190.74216918120442,0,0,1819,1822,1822,MODEL_NOT_OBSERVATION
grid_R60_G48_y0.07_Iadjust2,1841,60,48,121.61647261433323,109.61647261433325,7.000000000000001,3.0,255.77176943344426,146.15529681911102,4118.119334592413,129.28962569733656,202.6941210238887,0,0,1819,1822,1822,MODEL_NOT_OBSERVATION
grid_R60_G48_y0.07_Iadjust2,1842,60,48,129.28962569733656,117.28962569733656,7.000000000000001,3.0,273.6757932937854,156.38616759644881,4391.795127886198,137.49989949615014,215.48270949556093,0,0,1819,1822,1822,MODEL_NOT_OBSERVATION
grid_R60_G48_y0.07_Iadjust2,1843,60,48,137.49989949615014,125.49989949615014,7.000000000000001,3.0,292.8330988243503,167.33319932820018,4684.628226710549,146.28489246088066,229.16649916025023,0,0,1819,1822,1822,MODEL_NOT_OBSERVATION
grid_R60_G48_y0.07_Iadjust2,1844,60,48,146.28489246088066,134.28489246088066,7.000000000000001,3.0,313.3314157420549,179.04652328117425,4997.9596424526035,155.6848349331423,243.80815410146775,0,0,1819,1822,1822,MODEL_NOT_OBSERVATION
grid_R60_G48_y0.07_Iadjust2,1845,60,48,155.6848349331423,143.6848349331423,7.000000000000001,3.0,335.26461484399874,191.57977991085644,5333.224257296602,165.74277337846226,259.4747248885705,0,0,1819,1822,1822,MODEL_NOT_OBSERVATION
grid_R60_G48_y0.07_Iadjust2,1846,60,48,165.74277337846226,153.74277337846226,7.000000000000001,3.0,358.7331378830786,204.99036450461634,5691.957395179681,176.5047675149546,276.23795563077044,0,0,1819,1822,1822,MODEL_NOT_OBSERVATION
grid_R60_G48_y0.07_Iadjust2,1847,60,48,176.5047675149546,164.5047675149546,7.000000000000001,3.0,383.84445753489416,219.33969001993955,6075.801852714575,188.02010124100144,294.1746125249244,0,0,1819,1822,1822,MODEL_NOT_OBSERVATION
grid_R60_G48_y0.07_Iadjust2,1848,60,48,188.02010124100144,176.02010124100144,7.000000000000001,3.0,410.7135695623368,234.69346832133533,6486.5154222769115,200.34150832787154,313.36683540166905,0,0,1819,1822,1822,MODEL_NOT_OBSERVATION
grid_R60_G50_y0.06_Iadjust-2,1811,60,50,22.4,12.400000000000006,6.0,3.0,24.80000000000001,12.400000000000006,713.2651446811935,23.144,37.33333333333333,0,0,,,,MODEL_NOT_OBSERVATION
grid_R60_G50_y0.06_Iadjust-2,1812,60,50,23.144,13.144000000000005,6.0,3.0,26.28800000000001,13.144000000000005,739.5531446811935,23.93264,38.57333333333333,0,0,,,,MODEL_NOT_OBSERVATION
grid_R60_G50_y0.06_Iadjust-2,1813,60,50,23.93264,13.932639999999992,6.0,3.0,27.865279999999984,13.932639999999992,767.4184246811935,24.7685984,39.88773333333333,0,0,,,,MODEL_NOT_OBSERVATION
grid_R60_G50_y0.06_Iadjust-2,1814,60,50,24.7685984,14.768598400000002,6.0,3.0,29.537196800000004,14.768598400000002,796.9556214811935,25.654714304,41.28099733333333,0,0,,,,MODEL_NOT_OBSERVATION
grid_R60_G50_y0.06_Iadjust-2,1815,60,50,25.654714304,15.654714303999995,6.0,3.0,31.30942860799999,15.654714303999995,828.2650500891934,26.593997162239997,42.75785717333333,0,0,,,,MODEL_NOT_OBSERVATION
grid_R60_G50_y0.06_Iadjust-2,1816,60,50,26.593997162239997,16.59399716224,6.0,3.0,33.18799432448,16.59399716224,861.4530444136734,27.5896369919744,44.32332860373333,0,0,,,,MODEL_NOT_OBSERVATION
grid_R60_G50_y0.06_Iadjust-2,1817,60,50,27.5896369919744,17.589636991974402,6.0,3.0,35.179273983948804,17.589636991974402,896.6323183976222,28.64501521149286,45.982728319957324,0,0,,,,MODEL_NOT_OBSERVATION
grid_R60_G50_y0.06_Iadjust-2,1818,60,50,28.64501521149286,18.64501521149286,6.0,3.0,37.29003042298572,18.64501521149286,933.9223488206079,29.763716124182434,47.74169201915477,0,0,,,,MODEL_NOT_OBSERVATION
grid_R60_G50_y0.06_Iadjust-2,1819,60,50,29.763716124182434,19.763716124182437,6.0,3.0,39.527432248364875,19.763716124182437,973.4497810689728,30.94953909163338,49.606193540304055,0,0,,,,MODEL_NOT_OBSERVATION
grid_R60_G50_y0.06_Iadjust-2,1820,60,50,30.94953909163338,20.949539091633383,6.0,3.0,41.89907818326677,20.949539091633383,1015.3488592522395,32.20651143713138,51.5825651527223,0,0,,,,MODEL_NOT_OBSERVATION
grid_R60_G50_y0.06_Iadjust-2,1821,60,50,32.20651143713138,22.206511437131383,6.0,3.0,44.413022874262765,22.206511437131383,1059.7618821265023,33.538902123359264,53.67751906188564,0,0,,,,MODEL_NOT_OBSERVATION
grid_R60_G50_y0.06_Iadjust-2,1822,60,50,33.538902123359264,23.538902123359264,6.0,3.0,47.07780424671853,23.538902123359264,1106.839686373221,34.95123625076082,55.898170205598774,0,0,,,,MODEL_NOT_OBSERVATION
grid_R60_G50_y0.06_Iadjust-2,1823,60,50,34.95123625076082,24.951236250760815,6.0,3.0,49.90247250152163,24.951236250760815,1156.7421588747425,36.44831042580647,58.2520604179347,0,0,,,,MODEL_NOT_OBSERVATION
grid_R60_G50_y0.06_Iadjust-2,1824,60,50,36.44831042580647,26.44831042580647,6.0,3.0,52.89662085161294,26.44831042580647,1209.6387797263553,38.035209051354855,60.74718404301078,0,0,1824,,,MODEL_NOT_OBSERVATION
grid_R60_G50_y0.06_Iadjust-2,1825,60,50,38.035209051354855,28.035209051354855,6.0,3.0,56.070418102709716,28.03520905135486,1265.709197829065,39.71732159443614,63.392015085591424,0,0,1824,,,MODEL_NOT_OBSERVATION
grid_R60_G50_y0.06_Iadjust-2,1826,60,50,39.71732159443614,29.717321594436143,6.0,3.0,59.434643188872286,29.717321594436143,1325.1438410179373,41.500360890102314,66.19553599072691,0,0,1824,,,MODEL_NOT_OBSERVATION
grid_R60_G50_y0.06_Iadjust-2,1827,60,50,41.500360890102314,31.500360890102314,6.0,3.0,63.00072178020463,31.500360890102314,1388.144562798142,43.39038254350845,69.16726815017053,0,0,1824,,1827,MODEL_NOT_OBSERVATION
grid_R60_G50_y0.06_Iadjust-2,1828,60,50,43.39038254350845,33.39038254350845,6.0,3.0,66.7807650870169,33.39038254350845,1454.9253278851588,45.39380549611896,72.31730423918076,0,0,1824,1828,1827,MODEL_NOT_OBSERVATION
grid_R60_G50_y0.06_Iadjust-2,1829,60,50,45.39380549611896,35.39380549611896,6.0,3.0,70.78761099223792,35.39380549611896,1525.7129388773967,47.517433825886094,75.6563424935316,0,0,1824,1828,1827,MODEL_NOT_OBSERVATION
grid_R60_G50_y0.06_Iadjust-2,1830,60,50,47.517433825886094,37.51743382588609,6.0,3.0,75.03486765177217,37.51743382588609,1600.7478065291689,49.76847985543926,79.1957230431435,0,0,1824,1828,1827,MODEL_NOT_OBSERVATION
grid_R60_G50_y0.06_Iadjust-2,1831,60,50,49.76847985543926,39.76847985543927,6.0,3.0,79.53695971087853,39.76847985543927,1680.2847662400475,52.15458864676562,82.9474664257321,0,0,1824,1828,1827,MODEL_NOT_OBSERVATION
grid_R60_G50_y0.06_Iadjust-2,1832,60,50,52.15458864676562,42.15458864676562,6.0,3.0,84.30917729353123,42.15458864676562,1764.5939435335788,54.683863965571554,86.92431441127603,0,0,1824,1828,1827,MODEL_NOT_OBSERVATION
grid_R60_G50_y0.06_Iadjust-2,1833,60,50,54.683863965571554,44.68386396557156,6.0,3.0,89.36772793114312,44.68386396557156,1853.9616714647218,57.364895803505846,91.13977327595258,0,0,1824,1828,1827,MODEL_NOT_OBSERVATION
grid_R60_G50_y0.06_Iadjust-2,1834,60,50,57.364895803505846,47.364895803505846,6.0,3.0,94.72979160701169,47.364895803505846,1948.6914630717336,60.2067895517162,95.60815967250974,0,0,1824,1828,1827,MODEL_NOT_OBSERVATION
grid_R60_G50_y0.06_Iadjust-2,1835,60,50,60.2067895517162,50.2067895517162,6.0,3.0,100.4135791034324,50.2067895517162,2049.105042175166,63.21919692481917,100.34464925286034,0,0,1824,1828,1827,MODEL_NOT_OBSERVATION
grid_R60_G50_y0.06_Iadjust-2,1836,60,50,63.21919692481917,53.21919692481917,6.0,3.0,106.43839384963835,53.21919692481917,2155.5434360248046,66.41234874030832,105.36532820803195,0,0,1824,1828,1827,MODEL_NOT_OBSERVATION
grid_R60_G50_y0.06_Iadjust-2,1837,60,50,66.41234874030832,56.41234874030832,6.0,3.0,112.82469748061663,56.41234874030832,2268.368133505421,69.79708966472681,110.68724790051385,0,0,1824,1828,1827,MODEL_NOT_OBSERVATION
grid_R60_G50_y0.06_Iadjust-2,1838,60,50,69.79708966472681,59.79708966472681,6.0,3.0,119.59417932945362,59.79708966472681,2387.962312834875,73.38491504461042,116.32848277454468,0,0,1824,1828,1827,MODEL_NOT_OBSERVATION
grid_R60_G50_y0.06_Iadjust-2,1839,60,50,73.38491504461042,63.38491504461042,6.0,3.0,126.76983008922085,63.38491504461042,2514.7321429240956,77.18800994728704,122.30819174101737,0,0,1824,1828,1827,MODEL_NOT_OBSERVATION
grid_R60_G50_y0.06_Iadjust-2,1840,60,50,77.18800994728704,67.18800994728704,6.0,3.0,134.37601989457409,67.18800994728704,2649.10816281867,81.21929054412426,128.6466832454784,0,0,1824,1828,1827,MODEL_NOT_OBSERVATION
grid_R60_G50_y0.06_Iadjust-2,1841,60,50,81.21929054412426,71.21929054412425,6.0,3.0,142.4385810882485,71.21929054412425,2791.5467439069184,85.49244797677171,135.3654842402071,0,0,1824,1828,1827,MODEL_NOT_OBSERVATION
grid_R60_G50_y0.06_Iadjust-2,1842,60,50,85.49244797677171,75.4924479767717,6.0,3.0,150.9848959535434,75.4924479767717,2942.531639860462,90.02199485537801,142.4874132946195,0,0,1824,1828,1827,MODEL_NOT_OBSERVATION
grid_R60_G50_y0.06_Iadjust-2,1843,60,50,90.02199485537801,80.02199485537801,6.0,3.0,160.04398971075602,80.02199485537801,3102.575629571218,94.82331454670069,150.0366580922967,0,0,1824,1828,1827,MODEL_NOT_OBSERVATION
grid_R60_G50_y0.06_Iadjust-2,1844,60,50,94.82331454670069,84.82331454670069,6.0,3.0,169.64662909340137,84.82331454670069,3272.2222586646194,99.91271341950272,158.03885757783448,0,0,1824,1828,1827,MODEL_NOT_OBSERVATION
grid_R60_G50_y0.06_Iadjust-2,1845,60,50,99.91271341950272,89.91271341950272,6.0,3.0,179.82542683900544,89.91271341950272,3452.047685503625,105.30747622467288,166.52118903250454,0,0,1824,1828,1827,MODEL_NOT_OBSERVATION
grid_R60_G50_y0.06_Iadjust-2,1846,60,50,105.30747622467288,95.30747622467288,6.0,3.0,190.61495244934576,95.30747622467288,3642.6626379529707,111.02592479815326,175.5124603744548,0,0,1824,1828,1827,MODEL_NOT_OBSERVATION
grid_R60_G50_y0.06_Iadjust-2,1847,60,50,111.02592479815326,101.02592479815326,6.0,3.0,202.0518495963065,101.02592479815326,3844.7144875492772,117.08748028604245,185.0432079969221,0,0,1824,1828,1827,MODEL_NOT_OBSERVATION
grid_R60_G50_y0.06_Iadjust-2,1848,60,50,117.08748028604245,107.08748028604245,6.0,3.0,214.1749605720849,107.08748028604245,4058.889448121362,123.51272910320499,195.1458004767374,0,0,1824,1828,1827,MODEL_NOT_OBSERVATION
grid_R60_G50_y0.06_Iadjust0,1811,60,50,24.4,14.400000000000006,6.0,3.0,28.80000000000001,14.400000000000006,717.2651446811935,25.264,40.666666666666664,0,0,,,,MODEL_NOT_OBSERVATION
grid_R60_G50_y0.06_Iadjust0,1812,60,50,25.264,15.263999999999996,6.0,3.0,30.52799999999999,15.263999999999996,747.7931446811936,26.17984,42.10666666666666,0,0,,,,MODEL_NOT_OBSERVATION
grid_R60_G50_y0.06_Iadjust0,1813,60,50,26.17984,16.17984,6.0,3.0,32.35968,16.17984,780.1528246811936,27.150630399999997,43.633066666666664,0,0,,,,MODEL_NOT_OBSERVATION
grid_R60_G50_y0.06_Iadjust0,1814,60,50,27.150630399999997,17.150630399999997,6.0,3.0,34.301260799999994,17.150630399999997,814.4540854811936,28.179668223999997,45.251050666666664,0,0,,,,MODEL_NOT_OBSERVATION
grid_R60_G50_y0.06_Iadjust0,1815,60,50,28.179668223999997,18.179668223999997,6.0,3.0,36.35933644799999,18.179668223999997,850.8134219291936,29.270448317439996,46.96611370666666,0,0,,,,MODEL_NOT_OBSERVATION
grid_R60_G50_y0.06_Iadjust0,1816,60,50,29.270448317439996,19.27044831744,6.0,3.0,38.54089663488,19.27044831744,889.3543185640737,30.426675216486395,48.78408052906666,0,0,,,,MODEL_NOT_OBSERVATION
grid_R60_G50_y0.06_Iadjust0,1817,60,50,30.426675216486395,20.426675216486387,6.0,3.0,40.853350432972775,20.426675216486387,930.2076689970464,31.652275729475576,50.71112536081066,0,0,,,,MODEL_NOT_OBSERVATION
grid_R60_G50_y0.06_Iadjust0,1818,60,50,31.652275729475576,21.652275729475576,6.0,3.0,43.30455145895115,21.652275729475576,973.5122204559975,32.95141227324411,52.753792882459294,0,0,,,,MODEL_NOT_OBSERVATION
grid_R60_G50_y0.06_Iadjust0,1819,60,50,32.95141227324411,22.951412273244102,6.0,3.0,45.902824546488205,22.951412273244102,1019.4150450024857,34.32849700963875,54.91902045540685,0,0,,,,MODEL_NOT_OBSERVATION
grid_R60_G50_y0.06_Iadjust0,1820,60,50,34.32849700963875,24.328497009638753,6.0,3.0,48.656994019277505,24.328497009638753,1068.0720390217632,35.78820683021708,57.21416168273126,0,0,,,,MODEL_NOT_OBSERVATION
grid_R60_G50_y0.06_Iadjust0,1821,60,50,35.78820683021708,25.788206830217078,6.0,3.0,51.576413660434156,25.788206830217078,1119.6484526821973,37.3354992400301,59.64701138369512,0,0,,,,MODEL_NOT_OBSERVATION
grid_R60_G50_y0.06_Iadjust0,1822,60,50,37.3354992400301,27.335499240030103,6.0,3.0,54.670998480060206,27.335499240030103,1174.3194511622576,38.97562919443191,62.22583206671683,0,0,1822,,,MODEL_NOT_OBSERVATION
grid_R60_G50_y0.06_Iadjust0,1823,60,50,38.97562919443191,28.975629194431917,6.0,3.0,57.951258388863835,28.975629194431917,1232.2707095511214,40.714166946097826,64.95938199071986,0,0,1822,,,MODEL_NOT_OBSERVATION
grid_R60_G50_y0.06_Iadjust0,1824,60,50,40.714166946097826,30.714166946097833,6.0,3.0,61.42833389219567,30.714166946097833,1293.6990434433171,42.5570169628637,67.85694491016304,0,0,1822,,1824,MODEL_NOT_OBSERVATION
grid_R60_G50_y0.06_Iadjust0,1825,60,50,42.5570169628637,32.5570169628637,6.0,3.0,65.1140339257274,32.5570169628637,1358.8130773690445,44.51043798063552,70.92836160477283,0,0,1822,1825,1824,MODEL_NOT_OBSERVATION
grid_R60_G50_y0.06_Iadjust0,1826,60,50,44.51043798063552,34.510437980635515,6.0,3.0,69.02087596127103,34.510437980635515,1427.8339533303156,46.581064259473656,74.1840633010592,0,0,1822,1825,1824,MODEL_NOT_OBSERVATION
grid_R60_G50_y0.06_Iadjust0,1827,60,50,46.581064259473656,36.58106425947366,6.0,3.0,73.16212851894733,36.58106425947366,1500.996081849263,48.77592811504208,77.63510709912276,0,0,1822,1825,1824,MODEL_NOT_OBSERVATION
grid_R60_G50_y0.06_Iadjust0,1828,60,50,48.77592811504208,38.77592811504208,6.0,3.0,77.55185623008416,38.77592811504208,1578.5479380793472,51.1024838019446,81.29321352507013,0,0,1822,1825,1824,MODEL_NOT_OBSERVATION
grid_R60_G50_y0.06_Iadjust0,1829,60,50,51.1024838019446,41.1024838019446,6.0,3.0,82.2049676038892,41.1024838019446,1660.7529056832363,53.568632830061276,85.17080633657433,0,0,1822,1825,1824,MODEL_NOT_OBSERVATION
grid_R60_G50_y0.06_Iadjust0,1830,60,50,53.568632830061276,43.568632830061276,6.0,3.0,87.13726566012255,43.568632830061276,1747.8901713433588,56.182750799864955,89.2810547167688,0,0,1822,1825,1824,MODEL_NOT_OBSERVATION
grid_R60_G50_y0.06_Iadjust0,1831,60,50,56.182750799864955,46.18275079986495,6.0,3.0,92.3655015997299,46.18275079986495,1840.2556729430887,58.95371584785685,93.63791799977493,0,0,1822,1825,1824,MODEL_NOT_OBSERVATION
grid_R60_G50_y0.06_Iadjust0,1832,60,50,58.95371584785685,48.95371584785684,6.0,3.0,97.90743169571368,48.95371584785684,1938.1631046388025,61.89093879872826,98.25619307976142,0,0,1822,1825,1824,MODEL_NOT_OBSERVATION
grid_R60_G50_y0.06_Iadjust0,1833,60,50,61.89093879872826,51.89093879872826,6.0,3.0,103.78187759745653,51.89093879872827,2041.944982236259,65.00439512665196,103.1515646645471,0,0,1822,1825,1824,MODEL_NOT_OBSERVATION
grid_R60_G50_y0.06_Iadjust0,1834,60,50,65.00439512665196,55.00439512665196,6.0,3.0,110.00879025330391,55.00439512665196,2151.9537724895627,68.30465883425107,108.34065854441992,0,0,1822,1825,1824,MODEL_NOT_OBSERVATION
grid_R60_G50_y0.06_Iadjust0,1835,60,50,68.30465883425107,58.30465883425107,6.0,3.0,116.60931766850214,58.30465883425107,2268.563090158065,71.80293836430613,113.8410980570851,0,0,1822,1825,1824,MODEL_NOT_OBSERVATION
grid_R60_G50_y0.06_Iadjust0,1836,60,50,71.80293836430613,61.80293836430613,6.0,3.0,123.60587672861226,61.80293836430613,2392.168966886677,75.5111146661645,119.67156394051021,0,0,1822,1825,1824,MODEL_NOT_OBSERVATION
grid_R60_G50_y0.06_Iadjust0,1837,60,50,75.5111146661645,65.5111146661645,6.0,3.0,131.022229332329,65.5111146661645,2523.191196219006,79.44178154613437,125.85185777694083,0,0,1822,1825,1824,MODEL_NOT_OBSERVATION
grid_R60_G50_y0.06_Iadjust0,1838,60,50,79.44178154613437,69.44178154613437,6.0,3.0,138.88356309226876,69.4417815461344,2662.0747593112746,83.60828843890243,132.40296924355727,0,0,1822,1825,1824,MODEL_NOT_OBSERVATION
grid_R60_G50_y0.06_Iadjust0,1839,60,50,83.60828843890243,73.60828843890243,6.0,3.0,147.21657687780487,73.60828843890243,2809.2913361890796,88.02478574523658,139.34714739817073,0,0,1822,1825,1824,MODEL_NOT_OBSERVATION
grid_R60_G50_y0.06_Iadjust0,1840,60,50,88.02478574523658,78.02478574523658,6.0,3.0,156.04957149047317,78.02478574523658,2965.340907679553,92.70627288995078,146.70797624206097,0,0,1822,1825,1824,MODEL_NOT_OBSERVATION
grid_R60_G50_y0.06_Iadjust0,1841,60,50,92.70627288995078,82.70627288995078,6.0,3.0,165.41254577990156,82.70627288995078,3130.7534534594542,97.66864926334783,154.51045481658463,0,0,1822,1825,1824,MODEL_NOT_OBSERVATION
grid_R60_G50_y0.06_Iadjust0,1842,60,50,97.66864926334783,87.66864926334785,6.0,3.0,175.3372985266957,87.66864926334785,3306.09075198615,102.92876821914871,162.7810821055797,0,0,1822,1825,1824,MODEL_NOT_OBSERVATION
grid_R60_G50_y0.06_Iadjust0,1843,60,50,102.92876821914871,92.92876821914871,6.0,3.0,185.85753643829742,92.92876821914871,3491.948288424447,108.50449431229762,171.5479470319145,0,0,1822,1825,1824,MODEL_NOT_OBSERVATION
grid_R60_G50_y0.06_Iadjust0,1844,60,50,108.50449431229762,98.50449431229762,6.0,3.0,197.00898862459525,98.50449431229762,3688.957277049042,114.41476397103548,180.8408238538294,0,0,1822,1825,1824,MODEL_NOT_OBSERVATION
grid_R60_G50_y0.06_Iadjust0,1845,60,50,114.41476397103548,104.41476397103548,6.0,3.0,208.82952794207097,104.41476397103548,3897.786804991113,120.67964980929762,190.69127328505914,0,0,1822,1825,1824,MODEL_NOT_OBSERVATION
grid_R60_G50_y0.06_Iadjust0,1846,60,50,120.67964980929762,110.67964980929762,6.0,3.0,221.35929961859523,110.67964980929762,4119.146104609708,127.32042879785547,201.1327496821627,0,0,1822,1825,1824,MODEL_NOT_OBSERVATION
grid_R60_G50_y0.06_Iadjust0,1847,60,50,127.32042879785547,117.32042879785547,6.0,3.0,234.64085759571094,117.32042879785547,4353.7869622054195,134.3596545257268,212.20071466309247,0,0,1822,1825,1824,MODEL_NOT_OBSERVATION
grid_R60_G50_y0.06_Iadjust0,1848,60,50,134.3596545257268,124.3596545257268,6.0,3.0,248.7193090514536,124.3596545257268,4602.506271256873,141.8212337972704,223.932757542878,0,0,1822,1825,1824,MODEL_NOT_OBSERVATION
grid_R60_G50_y0.06_Iadjust2,1811,60,50,26.4,16.400000000000006,6.0,3.0,32.80000000000001,16.400000000000006,721.2651446811935,27.384,44.0,0,0,,,,MODEL_NOT_OBSERVATION
grid_R60_G50_y0.06_Iadjust2,1812,60,50,27.384,17.384,6.0,3.0,34.768,17.384,756.0331446811936,28.42704,45.64,0,0,,,,MODEL_NOT_OBSERVATION
grid_R60_G50_y0.06_Iadjust2,1813,60,50,28.42704,18.427040000000005,6.0,3.0,36.85408000000001,18.427040000000005,792.8872246811936,29.532662400000003,47.378400000000006,0,0,,,,MODEL_NOT_OBSERVATION
grid_R60_G50_y0.06_Iadjust2,1814,60,50,29.532662400000003,19.532662400000007,6.0,3.0,39.065324800000006,19.5326624,831.9525494811936,30.704622144000002,49.221104000000004,0,0,,,,MODEL_NOT_OBSERVATION
grid_R60_G50_y0.06_Iadjust2,1815,60,50,30.704622144000002,20.704622144,6.0,3.0,41.409244288000004,20.704622144000005,873.3617937691936,31.946899472640002,51.17437024,0,0,,,,MODEL_NOT_OBSERVATION
grid_R60_G50_y0.06_Iadjust2,1816,60,50,31.946899472640002,21.94689947264,6.0,3.0,43.89379894528,21.94689947264,917.2555927144736,33.2637134409984,53.244832454400004,0,0,,,,MODEL_NOT_OBSERVATION
grid_R60_G50_y0.06_Iadjust2,1817,60,50,33.2637134409984,23.2637134409984,6.0,3.0,46.5274268819968,23.2637134409984,963.7830195964704,34.659536247458306,55.439522401664,0,0,,,,MODEL_NOT_OBSERVATION
grid_R60_G50_y0.06_Iadjust2,1818,60,50,34.659536247458306,24.659536247458306,6.0,3.0,49.31907249491661,24.659536247458306,1013.102092091387,36.1391084223058,57.76589374576384,0,0,,,,MODEL_NOT_OBSERVATION
grid_R60_G50_y0.06_Iadjust2,1819,60,50,36.1391084223058,26.13910842230581,6.0,3.0,52.27821684461162,26.13910842230581,1065.3803089359985,37.70745492764415,60.23184737050967,0,0,1819,,,MODEL_NOT_OBSERVATION
grid_R60_G50_y0.06_Iadjust2,1820,60,50,37.70745492764415,27.70745492764415,6.0,3.0,55.4149098552883,27.70745492764415,1120.7952187912867,39.3699022233028,62.84575821274026,0,0,1819,,,MODEL_NOT_OBSERVATION
grid_R60_G50_y0.06_Iadjust2,1821,60,50,39.3699022233028,29.3699022233028,6.0,3.0,58.7398044466056,29.3699022233028,1179.5350232378923,41.13209635670097,65.61650370550467,0,0,1819,,,MODEL_NOT_OBSERVATION
grid_R60_G50_y0.06_Iadjust2,1822,60,50,41.13209635670097,31.13209635670097,6.0,3.0,62.26419271340194,31.13209635670097,1241.7992159512942,43.00002213810303,68.55349392783495,0,0,1819,,1822,MODEL_NOT_OBSERVATION
grid_R60_G50_y0.06_Iadjust2,1823,60,50,43.00002213810303,33.00002213810302,6.0,3.0,66.00004427620604,33.00002213810302,1307.7992602275003,44.980023466389206,71.66670356350504,0,0,1819,1823,1822,MODEL_NOT_OBSERVATION
grid_R60_G50_y0.06_Iadjust2,1824,60,50,44.980023466389206,34.98002346638921,6.0,3.0,69.96004693277843,34.98002346638921,1377.7593071602787,47.07882487437256,74.96670577731534,0,0,1819,1823,1822,MODEL_NOT_OBSERVATION
grid_R60_G50_y0.06_Iadjust2,1825,60,50,47.07882487437256,37.07882487437256,6.0,3.0,74.15764974874511,37.07882487437256,1451.9169569090238,49.30355436683491,78.46470812395427,0,0,1819,1823,1822,MODEL_NOT_OBSERVATION
grid_R60_G50_y0.06_Iadjust2,1826,60,50,49.30355436683491,39.3035543668349,6.0,3.0,78.6071087336698,39.3035543668349,1530.5240656426936,51.661767628845006,82.17259061139151,0,0,1819,1823,1822,MODEL_NOT_OBSERVATION
grid_R60_G50_y0.06_Iadjust2,1827,60,50,51.661767628845006,41.66176762884501,6.0,3.0,83.32353525769003,41.66176762884501,1613.8476009003837,54.161473686575704,86.10294604807501,0,0,1819,1823,1822,MODEL_NOT_OBSERVATION
grid_R60_G50_y0.06_Iadjust2,1828,60,50,54.161473686575704,44.161473686575704,6.0,3.0,88.32294737315141,44.161473686575704,1702.1705482735351,56.811162107770244,90.2691228109595,0,0,1819,1823,1822,MODEL_NOT_OBSERVATION
grid_R60_G50_y0.06_Iadjust2,1829,60,50,56.811162107770244,46.811162107770244,6.0,3.0,93.62232421554049,46.811162107770244,1795.7928724890755,59.61983183423646,94.68527017961708,0,0,1819,1823,1822,MODEL_NOT_OBSERVATION
grid_R60_G50_y0.06_Iadjust2,1830,60,50,59.61983183423646,49.619831834236464,6.0,3.0,99.23966366847293,49.619831834236464,1895.0325361575485,62.59702174429064,99.36638639039408,0,0,1819,1823,1822,MODEL_NOT_OBSERVATION
grid_R60_G50_y0.06_Iadjust2,1831,60,50,62.59702174429064,52.59702174429064,6.0,3.0,105.19404348858129,52.59702174429064,2000.2265796461297,65.75284304894808,104.32836957381775,0,0,1819,1823,1822,MODEL_NOT_OBSERVATION
grid_R60_G50_y0.06_Iadjust2,1832,60,50,65.75284304894808,55.75284304894808,6.0,3.0,111.50568609789616,55.75284304894808,2111.732265744026,69.09801363188497,109.5880717482468,0,0,1819,1823,1822,MODEL_NOT_OBSERVATION
grid_R60_G50_y0.06_Iadjust2,1833,60,50,69.09801363188497,59.09801363188497,6.0,3.0,118.19602726376993,59.09801363188497,2229.9282930077957,72.64389444979807,115.16335605314161,0,0,1819,1823,1822,MODEL_NOT_OBSERVATION
grid_R60_G50_y0.06_Iadjust2,1834,60,50,72.64389444979807,62.64389444979807,6.0,3.0,125.28778889959614,62.64389444979807,2355.216081907392,76.40252811678596,121.07315741633012,0,0,1819,1823,1822,MODEL_NOT_OBSERVATION
grid_R60_G50_y0.06_Iadjust2,1835,60,50,76.40252811678596,66.40252811678596,6.0,3.0,132.80505623357192,66.40252811678596,2488.021138140964,80.38667980379311,127.33754686130993,0,0,1819,1823,1822,MODEL_NOT_OBSERVATION
grid_R60_G50_y0.06_Iadjust2,1836,60,50,80.38667980379311,70.38667980379313,6.0,3.0,140.77335960758626,70.38667980379313,2628.7944977485504,84.6098805920207,133.97779967298854,0,0,1819,1823,1822,MODEL_NOT_OBSERVATION
grid_R60_G50_y0.06_Iadjust2,1837,60,50,84.6098805920207,74.60988059202072,6.0,3.0,149.21976118404143,74.60988059202072,2778.014258932592,89.08647342754195,141.01646765336784,0,0,1819,1823,1822,MODEL_NOT_OBSERVATION
grid_R60_G50_y0.06_Iadjust2,1838,60,50,89.08647342754195,79.08647342754193,6.0,3.0,158.17294685508386,79.08647342754193,2936.187205787676,93.83166183319446,148.4774557125699,0,0,1819,1823,1822,MODEL_NOT_OBSERVATION
grid_R60_G50_y0.06_Iadjust2,1839,60,50,93.83166183319446,83.83166183319446,6.0,3.0,167.66332366638892,83.83166183319446,3103.8505294540646,98.86156154318613,156.3861030553241,0,0,1819,1823,1822,MODEL_NOT_OBSERVATION
grid_R60_G50_y0.06_Iadjust2,1840,60,50,98.86156154318613,88.86156154318613,6.0,3.0,177.72312308637225,88.86156154318613,3281.573652540437,104.1932552357773,164.76926923864355,0,0,1819,1823,1822,MODEL_NOT_OBSERVATION
grid_R60_G50_y0.06_Iadjust2,1841,60,50,104.1932552357773,94.19325523577731,6.0,3.0,188.38651047155463,94.19325523577731,3469.9601630119914,109.84485054992393,173.65542539296217,0,0,1819,1823,1822,MODEL_NOT_OBSERVATION
grid_R60_G50_y0.06_Iadjust2,1842,60,50,109.84485054992393,99.84485054992393,6.0,3.0,199.68970109984787,99.84485054992393,3669.649864111839,115.83554158291938,183.0747509165399,0,0,1819,1823,1822,MODEL_NOT_OBSERVATION
grid_R60_G50_y0.06_Iadjust2,1843,60,50,115.83554158291938,105.83554158291938,6.0,3.0,211.67108316583875,105.83554158291938,3881.320947277678,122.18567407789453,193.0592359715323,0,0,1819,1823,1822,MODEL_NOT_OBSERVATION
grid_R60_G50_y0.06_Iadjust2,1844,60,50,122.18567407789453,112.18567407789453,6.0,3.0,224.37134815578906,112.18567407789453,4105.692295433467,128.91681452256822,203.6427901298242,0,0,1819,1823,1822,MODEL_NOT_OBSERVATION
grid_R60_G50_y0.06_Iadjust2,1845,60,50,128.91681452256822,118.91681452256822,6.0,3.0,237.83362904513643,118.91681452256822,4343.525924478603,136.05182339392232,214.8613575376137,0,0,1819,1823,1822,MODEL_NOT_OBSERVATION
grid_R60_G50_y0.06_Iadjust2,1846,60,50,136.05182339392232,126.05182339392232,6.0,3.0,252.10364678784464,126.05182339392232,4595.629571266448,143.61493279755766,226.7530389898705,0,0,1819,1823,1822,MODEL_NOT_OBSERVATION
grid_R60_G50_y0.06_Iadjust2,1847,60,50,143.61493279755766,133.61493279755766,6.0,3.0,267.2298655951153,133.61493279755766,4862.859436861563,151.63182876541111,239.35822132926273,0,0,1819,1823,1822,MODEL_NOT_OBSERVATION
grid_R60_G50_y0.06_Iadjust2,1848,60,50,151.63182876541111,141.63182876541111,6.0,3.0,283.26365753082223,141.63182876541111,5146.123094392386,160.1297384913358,252.71971460901855,0,0,1819,1823,1822,MODEL_NOT_OBSERVATION
grid_R60_G50_y0.07_Iadjust-2,1811,60,50,22.4,12.400000000000006,7.000000000000001,3.0,28.933333333333348,16.533333333333342,717.398478014527,23.268,37.33333333333333,0,0,,,,MODEL_NOT_OBSERVATION
grid_R60_G50_y0.07_Iadjust-2,1812,60,50,23.268,13.268,7.000000000000001,3.0,30.958666666666673,17.690666666666672,748.3571446811936,24.19676,38.78,0,0,,,,MODEL_NOT_OBSERVATION
grid_R60_G50_y0.07_Iadjust-2,1813,60,50,24.19676,14.196759999999998,7.000000000000001,3.0,33.125773333333335,18.929013333333337,781.482918014527,25.1905332,40.32793333333334,0,0,,,,MODEL_NOT_OBSERVATION
grid_R60_G50_y0.07_Iadjust-2,1814,60,50,25.1905332,15.190533200000004,7.000000000000001,3.0,35.44457746666668,20.254044266666675,816.9274954811937,26.253870524,41.984221999999995,0,0,,,,MODEL_NOT_OBSERVATION
grid_R60_G50_y0.07_Iadjust-2,1815,60,50,26.253870524,16.253870524000007,7.000000000000001,3.0,37.92569788933336,21.67182736533335,854.853193370527,27.39164146068,43.756450873333335,0,0,,,,MODEL_NOT_OBSERVATION
grid_R60_G50_y0.07_Iadjust-2,1816,60,50,27.39164146068,17.391641460680006,7.000000000000001,3.0,40.58049674158669,23.188855280906687,895.4336901121137,28.6090563629276,45.652735767799996,0,0,,,,MODEL_NOT_OBSERVATION
grid_R60_G50_y0.07_Iadjust-2,1817,60,50,28.6090563629276,18.609056362927603,7.000000000000001,3.0,43.42113151349774,24.812075150570138,938.8548216256114,29.91169030833253,47.68176060487933,0,0,,,,MODEL_NOT_OBSERVATION
grid_R60_G50_y0.07_Iadjust-2,1818,60,50,29.91169030833253,19.91169030833254,7.000000000000001,3.0,46.46061071944259,26.548920411110053,985.315432345054,31.30550862991581,49.85281718055422,0,0,,,,MODEL_NOT_OBSERVATION
grid_R60_G50_y0.07_Iadjust-2,1819,60,50,31.30550862991581,21.305508629915806,7.000000000000001,3.0,49.71285346980355,28.40734483988774,1035.0282858148576,32.79689423400992,52.17584771652635,0,0,,,,MODEL_NOT_OBSERVATION
grid_R60_G50_y0.07_Iadjust-2,1820,60,50,32.79689423400992,22.796894234009926,7.000000000000001,3.0,53.19275321268984,30.39585897867991,1088.2210390275475,34.39267683039061,54.66149039001653,0,0,,,,MODEL_NOT_OBSERVATION
grid_R60_G50_y0.07_Iadjust-2,1821,60,50,34.39267683039061,24.392676830390613,7.000000000000001,3.0,56.916245937578104,32.52356910718749,1145.1372849651257,36.10016420851795,57.321128050651026,0,0,,,,MODEL_NOT_OBSERVATION
grid_R60_G50_y0.07_Iadjust-2,1822,60,50,36.10016420851795,26.100164208517953,7.000000000000001,3.0,60.90038315320856,34.800218944690606,1206.0376681183343,37.92717570311421,60.166940347529916,0,0,1822,,,MODEL_NOT_OBSERVATION
grid_R60_G50_y0.07_Iadjust-2,1823,60,50,37.92717570311421,27.927175703114216,7.000000000000001,3.0,65.16340997393317,37.236234270818954,1271.2010780922674,39.88207800233221,63.21195950519035,0,0,1822,,,MODEL_NOT_OBSERVATION
grid_R60_G50_y0.07_Iadjust-2,1824,60,50,39.88207800233221,29.882078002332207,7.000000000000001,3.0,69.7248486721085,39.842770669776286,1340.9259267643758,41.97382346249546,66.47013000388701,0,0,1822,,,MODEL_NOT_OBSERVATION
grid_R60_G50_y0.07_Iadjust-2,1825,60,50,41.97382346249546,31.97382346249546,7.000000000000001,3.0,74.60558807915609,42.63176461666063,1415.531514843532,44.211991104870144,69.95637243749243,0,0,1822,,1825,MODEL_NOT_OBSERVATION
grid_R60_G50_y0.07_Iadjust-2,1826,60,50,44.211991104870144,34.21199110487015,7.000000000000001,3.0,79.82797924469702,45.61598813982687,1495.359494088229,46.60683048221105,73.68665184145023,0,0,1822,1826,1825,MODEL_NOT_OBSERVATION
grid_R60_G50_y0.07_Iadjust-2,1827,60,50,46.60683048221105,36.60683048221105,7.000000000000001,3.0,85.4159377918258,48.809107309614745,1580.7754318800548,49.169308615965825,77.67805080368508,0,0,1822,1826,1825,MODEL_NOT_OBSERVATION
grid_R60_G50_y0.07_Iadjust-2,1828,60,50,49.169308615965825,39.16930861596583,7.000000000000001,3.0,91.39505343725361,52.225744821287776,1672.1704853173085,51.911160219083435,81.94884769327638,0,0,1822,1826,1825,MODEL_NOT_OBSERVATION
grid_R60_G50_y0.07_Iadjust-2,1829,60,50,51.911160219083435,41.91116021908343,7.000000000000001,3.0,97.79270717786133,55.8815469587779,1769.9631924951698,54.844941434419276,86.51860036513905,0,0,1822,1826,1825,MODEL_NOT_OBSERVATION
grid_R60_G50_y0.07_Iadjust-2,1830,60,50,54.844941434419276,44.84494143441927,7.000000000000001,3.0,104.63819668031164,59.79325524589237,1874.6013891754815,57.98408733482862,91.40823572403212,0,0,1822,1826,1825,MODEL_NOT_OBSERVATION
grid_R60_G50_y0.07_Iadjust-2,1831,60,50,57.98408733482862,47.984087334828615,7.000000000000001,3.0,111.96287044793345,63.97878311310484,1986.564259623415,61.342973448266626,96.6401455580477,0,0,1822,1826,1825,MODEL_NOT_OBSERVATION
grid_R60_G50_y0.07_Iadjust-2,1832,60,50,61.342973448266626,51.34297344826663,7.000000000000001,3.0,119.80027137928883,68.4572979310222,2106.3645310027036,64.93698158964528,102.23828908044436,0,0,1822,1826,1825,MODEL_NOT_OBSERVATION
grid_R60_G50_y0.07_Iadjust-2,1833,60,50,64.93698158964528,54.936981589645285,7.000000000000001,3.0,128.186290375839,73.24930878619372,2234.5508213785424,68.78257030092045,108.22830264940882,0,0,1822,1826,1825,MODEL_NOT_OBSERVATION
grid_R60_G50_y0.07_Iadjust-2,1834,60,50,68.78257030092045,58.782570300920455,7.000000000000001,3.0,137.15933070214774,78.37676040122729,2371.71015208069,72.89735022198488,114.63761716820076,0,0,1822,1826,1825,MODEL_NOT_OBSERVATION
grid_R60_G50_y0.07_Iadjust-2,1835,60,50,72.89735022198488,62.89735022198488,7.000000000000001,3.0,146.7604838512981,83.86313362931321,2518.470635931988,77.30016473752383,121.49558370330813,0,0,1822,1826,1825,MODEL_NOT_OBSERVATION
grid_R60_G50_y0.07_Iadjust-2,1836,60,50,77.30016473752383,67.30016473752383,7.000000000000001,3.0,157.03371772088894,89.73355298336512,2675.504353652877,82.0111762691505,128.83360789587306,0,0,1822,1826,1825,MODEL_NOT_OBSERVATION
grid_R60_G50_y0.07_Iadjust-2,1837,60,50,82.0111762691505,72.0111762691505,7.000000000000001,3.0,168.02607796135118,96.01490169220068,2843.5304316142283,87.05195860799103,136.6852937819175,0,0,1822,1826,1825,MODEL_NOT_OBSERVATION
grid_R60_G50_y0.07_Iadjust-2,1838,60,50,87.05195860799103,77.05195860799103,7.000000000000001,3.0,179.78790341864575,102.73594481065473,3023.318335032874,92.44559571055039,145.08659767998503,0,0,1822,1826,1825,MODEL_NOT_OBSERVATION
grid_R60_G50_y0.07_Iadjust-2,1839,60,50,92.44559571055039,82.44559571055038,7.000000000000001,3.0,192.37305665795088,109.9274609474005,3215.691391690825,98.21678741028892,154.07599285091734,0,0,1822,1826,1825,MODEL_NOT_OBSERVATION
grid_R60_G50_y0.07_Iadjust-2,1840,60,50,98.21678741028892,88.21678741028893,7.000000000000001,3.0,205.83917062400755,117.62238321371862,3421.530562314833,104.39196252900913,163.69464568381485,0,0,1822,1826,1825,MODEL_NOT_OBSERVATION
grid_R60_G50_y0.07_Iadjust-2,1841,60,50,104.39196252900913,94.39196252900913,7.000000000000001,3.0,220.24791256768802,125.85595003867888,3641.778474882521,110.99939990603977,173.9866042150152,0,0,1822,1826,1825,MODEL_NOT_OBSERVATION
grid_R60_G50_y0.07_Iadjust-2,1842,60,50,110.99939990603977,100.99939990603977,7.000000000000001,3.0,235.66526644742615,134.66586654138638,3877.4437413299474,118.06935789946256,184.99899984339962,0,0,1822,1826,1825,MODEL_NOT_OBSERVATION
grid_R60_G50_y0.07_Iadjust-2,1843,60,50,118.06935789946256,108.06935789946255,7.000000000000001,3.0,252.16183509874597,144.09247719928342,4129.605576428693,125.63421295242495,196.78226316577096,0,0,1822,1826,1825,MODEL_NOT_OBSERVATION
grid_R60_G50_y0.07_Iadjust-2,1844,60,50,125.63421295242495,115.63421295242495,7.000000000000001,3.0,269.8131635556582,154.17895060323326,4399.418739984351,133.7286078590947,209.39035492070826,0,0,1822,1826,1825,MODEL_NOT_OBSERVATION
grid_R60_G50_y0.07_Iadjust-2,1845,60,50,133.7286078590947,123.7286078590947,7.000000000000001,3.0,288.70008500455435,164.97147714545966,4688.1188249889055,142.38961040923132,222.88101309849117,0,0,1822,1826,1825,MODEL_NOT_OBSERVATION
grid_R60_G50_y0.07_Iadjust-2,1846,60,50,142.38961040923132,132.38961040923132,7.000000000000001,3.0,308.90909095487314,176.5194805456418,4997.027915943779,151.65688313787751,237.31601734871884,0,0,1822,1826,1825,MODEL_NOT_OBSERVATION
grid_R60_G50_y0.07_Iadjust-2,1847,60,50,151.65688313787751,141.65688313787751,7.000000000000001,3.0,330.5327273217142,188.8758441838367,5327.560643265493,161.57286495752894,252.76147189646255,0,0,1822,1826,1825,MODEL_NOT_OBSERVATION
grid_R60_G50_y0.07_Iadjust-2,1848,60,50,161.57286495752894,151.57286495752894,7.000000000000001,3.0,353.67001823423425,202.0971532767053,5681.230661499727,172.18296550455597,269.28810826254823,0,0,1822,1826,1825,MODEL_NOT_OBSERVATION
grid_R60_G50_y0.07_Iadjust0,1811,60,50,24.4,14.400000000000006,7.000000000000001,3.0,33.600000000000016,19.20000000000001,722.0651446811936,25.407999999999998,40.666666666666664,0,0,,,,MODEL_NOT_OBSERVATION
grid_R60_G50_y0.07_Iadjust0,1812,60,50,25.407999999999998,15.408000000000001,7.000000000000001,3.0,35.952000000000005,20.544000000000004,758.0171446811936,26.486559999999997,42.34666666666666,0,0,,,,MODEL_NOT_OBSERVATION
grid_R60_G50_y0.07_Iadjust0,1813,60,50,26.486559999999997,16.486559999999997,7.000000000000001,3.0,38.46863999999999,21.982079999999996,796.4857846811935,27.640619199999996,44.14426666666666,0,0,,,,MODEL_NOT_OBSERVATION
grid_R60_G50_y0.07_Iadjust0,1814,60,50,27.640619199999996,17.640619200000003,7.000000000000001,3.0,41.16144480000001,23.52082560000001,837.6472294811936,28.875462543999998,46.067698666666665,0,0,,,,MODEL_NOT_OBSERVATION
grid_R60_G50_y0.07_Iadjust0,1815,60,50,28.875462543999998,18.875462544,7.000000000000001,3.0,44.04274593600001,25.16728339200001,881.6899754171935,30.196744922079997,48.125770906666666,0,0,,,,MODEL_NOT_OBSERVATION
grid_R60_G50_y0.07_Iadjust0,1816,60,50,30.196744922079997,20.19674492208,7.000000000000001,3.0,47.12573815152001,26.92899322944001,928.8157135687136,31.610517066625597,50.32790820346666,0,0,,,,MODEL_NOT_OBSERVATION
grid_R60_G50_y0.07_Iadjust0,1817,60,50,31.610517066625597,21.61051706662559,7.000000000000001,3.0,50.424539822126384,28.814022755500794,979.2402533908399,33.12325326128939,52.68419511104266,0,0,,,,MODEL_NOT_OBSERVATION
grid_R60_G50_y0.07_Iadjust0,1818,60,50,33.12325326128939,23.123253261289392,7.000000000000001,3.0,53.95425760967526,30.831004348385868,1033.1945110005151,34.74188098957965,55.20542210214898,0,0,,,,MODEL_NOT_OBSERVATION
grid_R60_G50_y0.07_Iadjust0,1819,60,50,34.74188098957965,24.74188098957964,7.000000000000001,3.0,57.7310556423525,32.98917465277286,1090.9255666428676,36.47381265885022,57.90313498263274,0,0,,,,MODEL_NOT_OBSERVATION
grid_R60_G50_y0.07_Iadjust0,1820,60,50,36.47381265885022,26.47381265885022,7.000000000000001,3.0,61.77222953731719,35.298416878466966,1152.6977961801847,38.32697954496974,60.78968776475037,0,0,1820,,,MODEL_NOT_OBSERVATION
grid_R60_G50_y0.07_Iadjust0,1821,60,50,38.32697954496974,28.32697954496973,7.000000000000001,3.0,66.09628560492938,37.769306059959646,1218.794081785114,40.309868113117616,63.87829924161623,0,0,1820,,,MODEL_NOT_OBSERVATION
grid_R60_G50_y0.07_Iadjust0,1822,60,50,40.309868113117616,30.309868113117616,7.000000000000001,3.0,70.72302559727446,40.41315748415684,1289.5171073823885,42.43155888103585,67.1831135218627,0,0,1820,,1822,MODEL_NOT_OBSERVATION
grid_R60_G50_y0.07_Iadjust0,1823,60,50,42.43155888103585,32.43155888103584,7.000000000000001,3.0,75.67363738908364,43.2420785080478,1365.190744771472,44.701768002708356,70.71926480172641,0,0,1820,1823,1822,MODEL_NOT_OBSERVATION
grid_R60_G50_y0.07_Iadjust0,1824,60,50,44.701768002708356,34.70176800270835,7.000000000000001,3.0,80.9707920063195,46.26902400361115,1446.1615367777915,47.13089176289794,74.5029466711806,0,0,1820,1823,1822,MODEL_NOT_OBSERVATION
grid_R60_G50_y0.07_Iadjust0,1825,60,50,47.13089176289794,37.13089176289793,7.000000000000001,3.0,86.63874744676185,49.50785568386392,1532.8002842245535,49.73005418630079,78.55148627149656,0,0,1820,1823,1822,MODEL_NOT_OBSERVATION
grid_R60_G50_y0.07_Iadjust0,1826,60,50,49.73005418630079,39.73005418630079,7.000000000000001,3.0,92.7034597680352,52.97340558173441,1625.5037439925886,52.511157979341846,82.88342364383465,0,0,1820,1823,1822,MODEL_NOT_OBSERVATION
grid_R60_G50_y0.07_Iadjust0,1827,60,50,52.511157979341846,42.511157979341846,7.000000000000001,3.0,99.19270195179764,56.6815439724558,1724.6964459443864,55.48693903789577,87.51859663223641,0,0,1820,1823,1822,MODEL_NOT_OBSERVATION
grid_R60_G50_y0.07_Iadjust0,1828,60,50,55.48693903789577,45.48693903789578,7.000000000000001,3.0,106.1361910884235,60.64925205052772,1830.8326370328098,58.67102477054848,92.47823172982629,0,0,1820,1823,1822,MODEL_NOT_OBSERVATION
grid_R60_G50_y0.07_Iadjust0,1829,60,50,58.67102477054848,48.671024770548485,7.000000000000001,3.0,113.56572446461314,64.89469969406466,1944.398361497423,62.07799650448687,97.78504128424747,0,0,1820,1823,1822,MODEL_NOT_OBSERVATION
grid_R60_G50_y0.07_Iadjust0,1830,60,50,62.07799650448687,52.07799650448686,7.000000000000001,3.0,121.51532517713603,69.43732867264917,2065.913686674559,65.72345625980095,103.46332750747811,0,0,1820,1823,1822,MODEL_NOT_OBSERVATION
grid_R60_G50_y0.07_Iadjust0,1831,60,50,65.72345625980095,55.723456259800955,7.000000000000001,3.0,130.02139793953558,74.29794167973462,2195.9350846140946,69.62409819798702,109.53909376633493,0,0,1820,1823,1822,MODEL_NOT_OBSERVATION
grid_R60_G50_y0.07_Iadjust0,1832,60,50,69.62409819798702,59.624098197987024,7.000000000000001,3.0,139.12289579530307,79.49879759731604,2335.0579804093977,73.79778507184612,116.04016366331172,0,0,1820,1823,1822,MODEL_NOT_OBSERVATION
grid_R60_G50_y0.07_Iadjust0,1833,60,50,73.79778507184612,63.79778507184612,7.000000000000001,3.0,148.8614985009743,85.06371342912819,2483.919478910372,78.26363002687535,122.99630845307688,0,0,1820,1823,1822,MODEL_NOT_OBSERVATION
grid_R60_G50_y0.07_Iadjust0,1834,60,50,78.26363002687535,68.26363002687535,7.000000000000001,3.0,159.2818033960425,91.01817336916716,2643.2012823064147,83.04208412875663,130.43938337812557,0,0,1820,1823,1822,MODEL_NOT_OBSERVATION
grid_R60_G50_y0.07_Iadjust0,1835,60,50,83.04208412875663,73.04208412875664,7.000000000000001,3.0,170.4315296337655,97.38944550500887,2813.63281194018,88.15503001776959,138.4034735479277,0,0,1820,1823,1822,MODEL_NOT_OBSERVATION
grid_R60_G50_y0.07_Iadjust0,1836,60,50,88.15503001776959,78.1550300177696,7.000000000000001,3.0,182.3617367081291,104.20670669035948,2995.9945486483093,93.62588211901347,146.925050029616,0,0,1820,1823,1822,MODEL_NOT_OBSERVATION
grid_R60_G50_y0.07_Iadjust0,1837,60,50,93.62588211901347,83.62588211901345,7.000000000000001,3.0,195.1270582776981,111.50117615868464,3191.121606926007,99.47969386734441,156.04313686502246,0,0,1820,1823,1822,MODEL_NOT_OBSERVATION
grid_R60_G50_y0.07_Iadjust0,1838,60,50,99.47969386734441,89.4796938673444,7.000000000000001,3.0,208.78595235713695,119.30625848979255,3399.907559283144,105.74327243805851,165.79948977890734,0,0,1820,1823,1822,MODEL_NOT_OBSERVATION
grid_R60_G50_y0.07_Iadjust0,1839,60,50,105.74327243805851,95.74327243805851,7.000000000000001,3.0,223.40096902213656,127.65769658407805,3623.3085283052806,112.44530150872261,176.2387873967642,0,0,1820,1823,1822,MODEL_NOT_OBSERVATION
grid_R60_G50_y0.07_Iadjust0,1840,60,50,112.44530150872261,102.4453015087226,7.000000000000001,3.0,239.03903685368607,136.59373534496348,3862.3475651589665,119.61647261433319,187.408835847871,0,0,1820,1823,1822,MODEL_NOT_OBSERVATION
grid_R60_G50_y0.07_Iadjust0,1841,60,50,119.61647261433319,109.61647261433319,7.000000000000001,3.0,255.77176943344415,146.15529681911096,4118.11933459241,127.28962569733652,199.36078769055533,0,0,1820,1823,1822,MODEL_NOT_OBSERVATION
grid_R60_G50_y0.07_Iadjust0,1842,60,50,127.28962569733652,117.28962569733653,7.000000000000001,3.0,273.67579329378526,156.38616759644873,4391.795127886196,135.49989949615008,212.1493761622275,0,0,1820,1823,1822,MODEL_NOT_OBSERVATION
grid_R60_G50_y0.07_Iadjust0,1843,60,50,135.49989949615008,125.49989949615008,7.000000000000001,3.0,292.8330988243502,167.33319932820012,4684.628226710546,144.2848924608806,225.83316582691683,0,0,1820,1823,1822,MODEL_NOT_OBSERVATION
grid_R60_G50_y0.07_Iadjust0,1844,60,50,144.2848924608806,134.2848924608806,7.000000000000001,3.0,313.3314157420548,179.0465232811742,4997.959642452601,153.68483493314224,240.47482076813432,0,0,1820,1823,1822,MODEL_NOT_OBSERVATION
grid_R60_G50_y0.07_Iadjust0,1845,60,50,153.68483493314224,143.68483493314224,7.000000000000001,3.0,335.2646148439986,191.57977991085633,5333.2242572966,163.7427733784622,256.1413915552371,0,0,1820,1823,1822,MODEL_NOT_OBSERVATION
grid_R60_G50_y0.07_Iadjust0,1846,60,50,163.7427733784622,153.7427733784622,7.000000000000001,3.0,358.7331378830785,204.99036450461628,5691.957395179678,174.50476751495455,272.904622297437,0,0,1820,1823,1822,MODEL_NOT_OBSERVATION
grid_R60_G50_y0.07_Iadjust0,1847,60,50,174.50476751495455,164.50476751495455,7.000000000000001,3.0,383.844457534894,219.33969001993944,6075.801852714572,186.02010124100138,290.8412791915909,0,0,1820,1823,1822,MODEL_NOT_OBSERVATION
grid_R60_G50_y0.07_Iadjust0,1848,60,50,186.02010124100138,176.02010124100138,7.000000000000001,3.0,410.7135695623366,234.69346832133522,6486.515422276909,198.34150832787148,310.0335020683356,0,0,1820,1823,1822,MODEL_NOT_OBSERVATION
grid_R60_G50_y0.07_Iadjust2,1811,60,50,26.4,16.400000000000006,7.000000000000001,3.0,38.26666666666669,21.86666666666668,726.7318113478602,27.548,44.0,0,0,,,,MODEL_NOT_OBSERVATION
grid_R60_G50_y0.07_Iadjust2,1812,60,50,27.548,17.548000000000002,7.000000000000001,3.0,40.945333333333345,23.397333333333343,767.6771446811936,28.776359999999997,45.91333333333333,0,0,,,,MODEL_NOT_OBSERVATION
grid_R60_G50_y0.07_Iadjust2,1813,60,50,28.776359999999997,18.776359999999997,7.000000000000001,3.0,43.811506666666666,25.03514666666667,811.4886513478602,30.090705199999995,47.96059999999999,0,0,,,,MODEL_NOT_OBSERVATION
grid_R60_G50_y0.07_Iadjust2,1814,60,50,30.090705199999995,20.090705200000002,7.000000000000001,3.0,46.878312133333345,26.787606933333343,858.3669634811936,31.497054563999995,50.15117533333332,0,0,,,,MODEL_NOT_OBSERVATION
grid_R60_G50_y0.07_Iadjust2,1815,60,50,31.497054563999995,21.497054563999995,7.000000000000001,3.0,50.15979398266666,28.662739418666668,908.5267574638602,33.001848383479995,52.49509093999999,0,0,,,,MODEL_NOT_OBSERVATION
grid_R60_G50_y0.07_Iadjust2,1816,60,50,33.001848383479995,23.001848383479995,7.000000000000001,3.0,53.67097956145333,30.669131177973334,962.1977370253136,34.6119777703236,55.00308063913333,0,0,,,,MODEL_NOT_OBSERVATION
grid_R60_G50_y0.07_Iadjust2,1817,60,50,34.6119777703236,24.61197777032359,7.000000000000001,3.0,57.427948130755055,32.815970360431464,1019.6256851560686,36.33481621424625,57.686629617205995,0,0,,,,MODEL_NOT_OBSERVATION
grid_R60_G50_y0.07_Iadjust2,1818,60,50,36.33481621424625,26.334816214246246,7.000000000000001,3.0,61.447904499907914,35.11308828566167,1081.0735896559765,38.17825334924349,60.558027023743755,0,0,1818,,,MODEL_NOT_OBSERVATION
grid_R60_G50_y0.07_Iadjust2,1819,60,50,38.17825334924349,28.17825334924349,7.000000000000001,3.0,65.74925781490148,37.57100446565799,1146.822847470878,40.15073108369054,63.63042224873915,0,0,1818,,,MODEL_NOT_OBSERVATION
grid_R60_G50_y0.07_Iadjust2,1820,60,50,40.15073108369054,30.150731083690545,7.000000000000001,3.0,70.35170586194461,40.200974778254064,1217.1745533328226,42.26128225954888,66.91788513948424,0,0,1818,,1820,MODEL_NOT_OBSERVATION
grid_R60_G50_y0.07_Iadjust2,1821,60,50,42.26128225954888,32.26128225954888,7.000000000000001,3.0,75.27632527228073,43.01504301273185,1292.4508786051033,44.5195720177173,70.43547043258145,0,0,1818,1821,1820,MODEL_NOT_OBSERVATION
grid_R60_G50_y0.07_Iadjust2,1822,60,50,44.5195720177173,34.51957201771731,7.000000000000001,3.0,80.54566804134039,46.02609602362308,1372.9965466464437,46.935942058957515,74.1992866961955,0,0,1818,1821,1820,MODEL_NOT_OBSERVATION
grid_R60_G50_y0.07_Iadjust2,1823,60,50,46.935942058957515,36.93594205895752,7.000000000000001,3.0,86.18386480423423,49.24792274527671,1459.1804114506779,49.52145800308454,78.22657009826253,0,0,1818,1821,1820,MODEL_NOT_OBSERVATION
grid_R60_G50_y0.07_Iadjust2,1824,60,50,49.52145800308454,39.52145800308455,7.000000000000001,3.0,92.21673534053062,52.69527733744607,1551.3971467912086,52.28796006330046,82.53576333847423,0,0,1818,1821,1820,MODEL_NOT_OBSERVATION
grid_R60_G50_y0.07_Iadjust2,1825,60,50,52.28796006330046,42.28796006330046,7.000000000000001,3.0,98.67190681436776,56.3839467510673,1650.0690536055763,55.248117267731494,87.14660010550077,0,0,1818,1821,1820,MODEL_NOT_OBSERVATION
grid_R60_G50_y0.07_Iadjust2,1826,60,50,55.248117267731494,45.24811726773149,7.000000000000001,3.0,105.57894029137348,60.330823023642,1755.6479938969499,58.415485476472696,92.08019544621916,0,0,1818,1821,1820,MODEL_NOT_OBSERVATION
grid_R60_G50_y0.07_Iadjust2,1827,60,50,58.415485476472696,48.415485476472696,7.000000000000001,3.0,112.96946611176963,64.55398063529694,1868.6174600087195,61.804569459825785,97.35914246078782,0,0,1818,1821,1820,MODEL_NOT_OBSERVATION
grid_R60_G50_y0.07_Iadjust2,1828,60,50,61.804569459825785,51.804569459825785,7.000000000000001,3.0,120.87732873959351,69.07275927976772,1989.494788748313,65.43088932201358,103.00761576637632,0,0,1818,1821,1820,MODEL_NOT_OBSERVATION
grid_R60_G50_y0.07_Iadjust2,1829,60,50,65.43088932201358,55.430889322013584,7.000000000000001,3.0,129.33874175136503,73.90785242935145,2118.833530499678,69.31105157455454,109.05148220335596,0,0,1818,1821,1820,MODEL_NOT_OBSERVATION
grid_R60_G50_y0.07_Iadjust2,1830,60,50,69.31105157455454,59.31105157455454,7.000000000000001,3.0,138.3924536739606,79.08140209940606,2257.2259841736386,73.46282518477335,115.51841929092423,0,0,1818,1821,1820,MODEL_NOT_OBSERVATION
grid_R60_G50_y0.07_Iadjust2,1831,60,50,73.46282518477335,63.46282518477335,7.000000000000001,3.0,148.07992543113784,84.61710024636449,2405.3059096047764,77.90522294770749,122.43804197462225,0,0,1818,1821,1820,MODEL_NOT_OBSERVATION
grid_R60_G50_y0.07_Iadjust2,1832,60,50,77.90522294770749,67.90522294770749,7.000000000000001,3.0,158.4455202113175,90.54029726361001,2563.751429816094,82.65858855404701,129.84203824617916,0,0,1818,1821,1820,MODEL_NOT_OBSERVATION
grid_R60_G50_y0.07_Iadjust2,1833,60,50,82.65858855404701,72.65858855404701,7.000000000000001,3.0,169.53670662610972,96.8781180720627,2733.2881364422037,87.74468975283031,137.76431425674502,0,0,1818,1821,1820,MODEL_NOT_OBSERVATION
grid_R60_G50_y0.07_Iadjust2,1834,60,50,87.74468975283031,77.74468975283031,7.000000000000001,3.0,181.4042760899374,103.6595863371071,2914.692412532141,93.18681803552843,146.24114958805052,0,0,1818,1821,1820,MODEL_NOT_OBSERVATION
grid_R60_G50_y0.07_Iadjust2,1835,60,50,93.18681803552843,83.18681803552843,7.000000000000001,3.0,194.10257541623304,110.9157573807046,3108.794987948374,99.00989529801542,155.31136339254738,0,0,1818,1821,1820,MODEL_NOT_OBSERVATION
grid_R60_G50_y0.07_Iadjust2,1836,60,50,99.00989529801542,89.00989529801541,7.000000000000001,3.0,207.6897556953693,118.6798603973539,3316.4847436437435,105.2405879688765,165.01649216335903,0,0,1818,1821,1820,MODEL_NOT_OBSERVATION
grid_R60_G50_y0.07_Iadjust2,1837,60,50,105.2405879688765,95.2405879688765,7.000000000000001,3.0,222.2280385940452,126.98745062516869,3538.712782237789,111.90742912669785,175.40097994812749,0,0,1818,1821,1820,MODEL_NOT_OBSERVATION
grid_R60_G50_y0.07_Iadjust2,1838,60,50,111.90742912669785,101.90742912669785,7.000000000000001,3.0,237.78400129562834,135.8765721689305,3776.4967835334173,119.0409491655667,186.51238187782974,0,0,1818,1821,1820,MODEL_NOT_OBSERVATION
grid_R60_G50_y0.07_Iadjust2,1839,60,50,119.0409491655667,109.0409491655667,7.000000000000001,3.0,254.42888138632233,145.38793222075563,4030.9256649197396,126.67381560715637,198.40158194261116,0,0,1818,1821,1820,MODEL_NOT_OBSERVATION
grid_R60_G50_y0.07_Iadjust2,1840,60,50,126.67381560715637,116.67381560715637,7.000000000000001,3.0,272.2389030833649,155.56508747620853,4303.164568003104,134.84098269965733,211.12302601192727,0,0,1818,1821,1820,MODEL_NOT_OBSERVATION
grid_R60_G50_y0.07_Iadjust2,1841,60,50,134.84098269965733,124.84098269965733,7.000000000000001,3.0,291.2956262992005,166.45464359954315,4594.460194302304,143.57985148863335,224.73497116609553,0,0,1818,1821,1820,MODEL_NOT_OBSERVATION
grid_R60_G50_y0.07_Iadjust2,1842,60,50,143.57985148863335,133.57985148863335,7.000000000000001,3.0,311.6863201401445,178.10646865151116,4906.146514442449,152.9304410928377,239.29975248105558,0,0,1818,1821,1820,MODEL_NOT_OBSERVATION
grid_R60_G50_y0.07_Iadjust2,1843,60,50,152.9304410928377,142.9304410928377,7.000000000000001,3.0,333.5043625499547,190.573921457117,5239.650876992404,162.93557196933634,254.88406848806284,0,0,1818,1821,1820,MODEL_NOT_OBSERVATION
grid_R60_G50_y0.07_Iadjust2,1844,60,50,162.93557196933634,152.93557196933634,7.000000000000001,3.0,356.84966792845154,203.9140959591152,5596.500544920856,173.64106200718987,271.55928661556055,0,0,1818,1821,1820,MODEL_NOT_OBSERVATION
grid_R60_G50_y0.07_Iadjust2,1845,60,50,173.64106200718987,163.64106200718987,7.000000000000001,3.0,381.8291446834431,218.1880826762532,5978.329689604298,185.09593634769317,289.4017700119831,0,0,1818,1821,1820,MODEL_NOT_OBSERVATION
grid_R60_G50_y0.07_Iadjust2,1846,60,50,185.09593634769317,175.09593634769317,7.000000000000001,3.0,408.5571848112841,233.46124846359095,6386.8868744155825,197.3526518920317,308.49322724615524,0,0,1818,1821,1820,MODEL_NOT_OBSERVATION
grid_R60_G50_y0.07_Iadjust2,1847,60,50,197.3526518920317,187.3526518920317,7.000000000000001,3.0,437.15618774807405,249.80353585604234,6824.043062163657,210.46733752447392,328.9210864867195,0,0,1818,1821,1820,MODEL_NOT_OBSERVATION
grid_R60_G50_y0.07_Iadjust2,1848,60,50,210.46733752447392,200.46733752447392,7.000000000000001,3.0,467.7571208904392,267.28978336596526,7291.800183054096,224.5000511511871,350.7788958741232,0,0,1818,1821,1820,MODEL_NOT_OBSERVATION
S1_early_peace_1805_transition1,1806,48.0,49.10000000000001,22.3,23.400000000000006,4.25,3.0,33.15000000000001,9.750000000000007,656.7636729101525,23.2945,46.458333333333336,0,25.10000000000001,,,,MODEL_NOT_OBSERVATION
S1_early_peace_1805_transition1,1807,48.599999999999994,24.299999999999997,23.2945,-1.0054999999999978,4.25,3.0,-1.4244583333333305,-0.41895833333333266,655.3392145768192,23.25176625,47.931069958847736,0,0.0,,,,MODEL_NOT_OBSERVATION
S1_early_peace_1805_transition1,1808,49.207499999999996,24.603749999999998,23.25176625,-1.3519837500000023,4.25,3.0,-1.9153103125000035,-0.5633265625000012,653.4239042643193,23.194306940624998,47.2524843773815,0,0.0,,,,MODEL_NOT_OBSERVATION
S1_early_peace_1805_transition1,1809,49.822593749999996,24.911296874999998,23.194306940624998,-1.7169899343750004,4.25,3.0,-2.4324024070312507,-0.7154124726562503,650.991501857288,23.12133486841406,46.5537925564644,0,0.0,,,,MODEL_NOT_OBSERVATION
S1_early_peace_1805_transition1,1810,50.34402295435155,25.22268808593749,23.12133486841406,-2,4.25,3.0,-2.8333333333333335,-0.8333333333333335,648.1581685239546,23.03633486841406,45.92667314127612,0.10135321752343174,0.0,,,,MODEL_NOT_OBSERVATION
S1_early_peace_1805_transition1,1811,50.57430655542577,25.537971687011712,23.03633486841406,-2,4.25,3.0,-2.8333333333333335,-0.8333333333333335,645.3248351906212,22.951334868414058,45.5494824099425,0.5016368185976532,0.0,,,,MODEL_NOT_OBSERVATION
S1_early_peace_1805_transition1,1812,50.80853120151342,25.857196333099356,22.951334868414058,-2,4.25,3.0,-2.8333333333333335,-0.8333333333333335,642.4915018572879,22.866334868414057,45.17220696143725,0.9058614646852945,0.0,,,,MODEL_NOT_OBSERVATION
S1_early_peace_1805_transition1,1813,51.046746155677155,26.180411287263098,22.866334868414057,-2,4.25,3.0,-2.8333333333333335,-0.8333333333333335,639.6581685239545,22.781334868414056,44.794892114530946,1.3140764188490408,0.0,,,,MODEL_NOT_OBSERVATION
S1_early_peace_1805_transition1,1814,51.28900129676794,26.507666428353886,22.781334868414056,-2,4.25,3.0,-2.8333333333333335,-0.8333333333333335,636.8248351906211,22.696334868414056,44.417583287685616,1.7263315599398297,0.0,,,,MODEL_NOT_OBSERVATION
S1_early_peace_1805_transition1,1815,51.535347127122364,26.83901225870831,22.696334868414056,-2,4.25,3.0,-2.8333333333333335,-0.8333333333333335,633.9915018572877,22.611334868414055,44.04032597748678,2.142677390294253,0.0,,,,MODEL_NOT_OBSERVATION
S1_early_peace_1805_transition1,1816,51.78583478035622,27.174499911942164,22.611334868414055,-2,4.25,3.0,-2.8333333333333335,-0.8333333333333335,631.1581685239544,22.526334868414054,43.663165736957765,2.563165043528109,0.0,,,,MODEL_NOT_OBSERVATION
S1_early_peace_1805_transition1,1817,52.04051602925549,27.51418116084144,22.526334868414054,-2,4.25,3.0,-2.8333333333333335,-0.8333333333333335,628.324835190621,22.441334868414053,43.28614815377787,2.9878462924273848,0.0,,,,MODEL_NOT_OBSERVATION
S1_early_peace_1805_transition1,1818,52.299443293766004,27.858108425351954,22.441334868414053,-2,4.25,3.0,-2.8333333333333335,-0.8333333333333335,625.4915018572876,22.356334868414052,42.909318828426265,3.4167735569379047,0.0,,,,MODEL_NOT_OBSERVATION
S1_early_peace_1805_transition1,1819,52.562669649082906,28.206334780668854,22.356334868414052,-2,4.25,3.0,-2.8333333333333335,-0.8333333333333335,622.6581685239543,22.27133486841405,42.53272335227386,3.849999912254802,0.0,,,,MODEL_NOT_OBSERVATION
S1_early_peace_1805_transition1,1820,52.83024883384127,28.558913965427216,22.27133486841405,-2,4.25,3.0,-2.8333333333333335,-0.8333333333333335,619.8248351906209,22.18633486841405,42.1564072856454,4.287579097013165,0.0,,,,MODEL_NOT_OBSERVATION
S1_early_peace_1805_transition1,1821,53.102235258409095,28.91590038999505,22.18633486841405,-2,4.25,3.0,-2.8333333333333335,-0.8333333333333335,616.9915018572875,22.10133486841405,41.78041613587386,4.7295655215810015,0.0,,,,MODEL_NOT_OBSERVATION
S1_early_peace_1805_transition1,1822,53.37868401328404,29.277349144869987,22.10133486841405,-2,4.25,3.0,-2.8333333333333335,-0.8333333333333335,614.1581685239541,22.01633486841405,41.40479533536986,5.176014276455938,0.0,,,,MODEL_NOT_OBSERVATION
S1_early_peace_1805_transition1,1823,53.65965087759491,29.64331600918086,22.01633486841405,-2,4.25,3.0,-2.8333333333333335,-0.8333333333333335,611.3248351906208,21.931334868414048,41.02959021972833,5.626981140766809,0.0,,,,MODEL_NOT_OBSERVATION
S1_early_peace_1805_transition1,1824,53.94519232770967,30.01385745929562,21.931334868414048,-2,4.25,3.0,-2.8333333333333335,-0.8333333333333335,608.4915018572874,21.846334868414047,40.654846005894626,6.082522590881574,0.0,,,,MODEL_NOT_OBSERVATION
S1_early_peace_1805_transition1,1825,54.23536554595086,30.389030677536816,21.846334868414047,-2,4.25,3.0,-2.8333333333333335,-0.8333333333333335,605.658168523954,21.761334868414046,40.28060777041276,6.542695809122769,0.0,,,,MODEL_NOT_OBSERVATION
S1_early_peace_1805_transition1,1826,54.53022842942007,30.768893561006024,21.761334868414046,-2,4.25,3.0,-2.8333333333333335,-0.8333333333333335,602.8248351906207,21.676334868414045,39.906920427777635,7.007558692591978,0.0,,,,MODEL_NOT_OBSERVATION
S1_early_peace_1805_transition1,1827,54.829839598932644,31.1535047305186,21.676334868414045,-2,4.25,3.0,-2.8333333333333335,-0.8333333333333335,599.9915018572873,21.591334868414044,39.53382870891348,7.477169862104553,0.0,,,,MODEL_NOT_OBSERVATION
S1_early_peace_1805_transition1,1828,55.13425840806413,31.542923539650083,21.591334868414044,-2,4.25,3.0,-2.8333333333333335,-0.8333333333333335,597.1581685239539,21.506334868414044,39.161377139800294,7.951588671236038,0.0,,,,MODEL_NOT_OBSERVATION
S1_early_peace_1805_transition1,1829,55.44354495230975,31.937210083895707,21.506334868414044,-2,4.25,3.0,-2.8333333333333335,-0.8333333333333335,594.3248351906205,21.421334868414043,38.78961002027,8.430875215481663,0.0,,,,MODEL_NOT_OBSERVATION
S1_early_peace_1805_transition1,1830,55.757760078358444,32.3364252099444,21.421334868414043,-2,4.25,3.0,-2.8333333333333335,-0.8333333333333335,591.4915018572872,21.336334868414042,38.41857140299368,8.915090341530359,0.0,,,,MODEL_NOT_OBSERVATION
S1_early_peace_1805_transition1,1831,56.076965393482745,32.7406305250687,21.336334868414042,-2,4.25,3.0,-2.8333333333333335,-0.8333333333333335,588.6581685239538,21.25133486841404,38.04830507268096,9.40429565665466,0.0,,,,MODEL_NOT_OBSERVATION
S1_early_peace_1805_transition1,1832,56.4012232750461,33.14988840663206,21.25133486841404,-2,4.25,3.0,-2.8333333333333335,-0.8333333333333335,585.8248351906204,21.16633486841404,37.67885452551237,9.898553538218017,0.0,,,,MODEL_NOT_OBSERVATION
S1_early_peace_1805_transition1,1833,56.730596880129,33.56426201171496,21.16633486841404,-2,4.25,3.0,-2.8333333333333335,-0.8333333333333335,582.9915018572871,21.08133486841404,37.310262948825,10.397927143300919,0.0,,,,MODEL_NOT_OBSERVATION
S1_early_peace_1805_transition1,1834,57.06515015527543,33.98381528686139,21.08133486841404,-2,4.25,3.0,-2.8333333333333335,-0.8333333333333335,580.1581685239537,20.99633486841404,36.94257320107158,10.902480418447354,0.0,,,,MODEL_NOT_OBSERVATION
S1_early_peace_1805_transition1,1835,57.404947846361196,34.40861297794716,20.99633486841404,-2,4.25,3.0,-2.8333333333333335,-0.8333333333333335,577.3248351906203,20.911334868414038,36.57582779207239,11.41227810953312,0.0,,,,MODEL_NOT_OBSERVATION
S1_early_peace_1805_transition1,1836,57.75005550858553,34.838720640171495,20.911334868414038,-2,4.25,3.0,-2.8333333333333335,-0.8333333333333335,574.491501857287,20.826334868414037,36.2100688635792,11.927385771757457,0.0,,,,MODEL_NOT_OBSERVATION
S1_early_peace_1805_transition1,1837,58.10053951658768,35.274204648173644,20.826334868414037,-2,4.25,3.0,-2.8333333333333335,-0.8333333333333335,571.6581685239536,20.741334868414036,35.845338170169875,12.447869779759607,0.0,,,,MODEL_NOT_OBSERVATION
S1_early_peace_1805_transition1,1838,58.45646707468985,35.71513220627581,20.741334868414036,-2,4.25,3.0,-2.8333333333333335,-0.8333333333333335,568.8248351906202,20.656334868414035,35.48167706049157,12.973797337861775,0.0,,,,MODEL_NOT_OBSERVATION
S1_early_peace_1805_transition1,1839,58.81790622726829,36.16157135885425,20.656334868414035,-2,4.25,3.0,-2.8333333333333335,-0.8333333333333335,565.9915018572868,20.571334868414034,35.11912645887019,13.505236490440218,0.0,,,,MODEL_NOT_OBSERVATION
S1_early_peace_1805_transition1,1840,59.184925869253966,36.61359100083993,20.571334868414034,-2,4.25,3.0,-2.8333333333333335,-0.8333333333333335,563.1581685239535,20.486334868414033,34.75772684730295,14.042256132425898,0.0,,,,MODEL_NOT_OBSERVATION
S1_early_peace_1805_transition1,1841,59.557595756764464,37.07126088835043,20.486334868414033,-2,4.25,3.0,-2.8333333333333335,-0.8333333333333335,560.3248351906201,20.401334868414033,34.3975182478504,14.584926019936397,0.0,,,,MODEL_NOT_OBSERVATION
S1_early_peace_1805_transition1,1842,59.93598651786884,37.53465164945481,20.401334868414033,-2,4.25,3.0,-2.8333333333333335,-0.8333333333333335,557.4915018572867,20.31633486841403,34.03854020544358,15.133316781040776,0.0,,,,MODEL_NOT_OBSERVATION
S1_early_peace_1805_transition1,1843,60.32016966348702,38.00383479507299,20.31633486841403,-2,4.25,3.0,-2.8333333333333335,-0.8333333333333335,554.6581685239533,20.23133486841403,33.68083177112134,15.687499926658958,0.0,,,,MODEL_NOT_OBSERVATION
S1_early_peace_1805_transition1,1844,60.71021759842544,38.47888273001141,20.23133486841403,-2,4.25,3.0,-2.8333333333333335,-0.8333333333333335,551.82483519062,20.14633486841403,33.324431485712125,16.247547861597376,0.0,,,,MODEL_NOT_OBSERVATION
S1_early_peace_1805_transition1,1845,61.106203632550574,38.959868764136544,20.14633486841403,-2,4.25,3.0,-2.8333333333333335,-0.8333333333333335,548.9915018572866,20.06133486841403,32.96937736397407,16.813533895722514,0.0,,,,MODEL_NOT_OBSERVATION
S1_early_peace_1805_transition1,1846,61.50820199210228,39.44686712368825,20.06133486841403,-2,4.25,3.0,-2.8333333333333335,-0.8333333333333335,546.1581685239532,19.97633486841403,32.61570687920601,17.38553225527422,0.0,,,,MODEL_NOT_OBSERVATION
S1_early_peace_1805_transition1,1847,61.916287831148374,39.939952962734345,19.97633486841403,-2,4.25,3.0,-2.8333333333333335,-0.8333333333333335,543.3248351906199,19.891334868414027,32.263456948341926,17.963618094320317,0.0,,,,MODEL_NOT_OBSERVATION
S1_early_peace_1805_transition1,1848,62.330537243182555,40.43920237476853,19.891334868414027,-2,4.25,3.0,-2.8333333333333335,-0.8333333333333335,540.4915018572865,19.806334868414027,31.912663917540122,18.5478675063545,0.0,,,,MODEL_NOT_OBSERVATION
S1_early_peace_1805_transition2,1806,48.0,49.10000000000001,22.3,23.400000000000006,4.25,3.0,33.15000000000001,9.750000000000007,656.7636729101525,23.2945,46.458333333333336,0,25.10000000000001,,,,MODEL_NOT_OBSERVATION
S1_early_peace_1805_transition2,1807,48.599999999999994,37.006875,23.2945,11.701375000000006,4.25,3.0,16.57694791666668,4.875572916666673,673.3406208268192,23.7918084375,47.931069958847736,0,12.706875000000004,,,,MODEL_NOT_OBSERVATION
S1_early_peace_1805_transition2,1808,49.207499999999996,24.603749999999998,23.7918084375,-0.8119415624999959,4.25,3.0,-1.1502505468749944,-0.33830898437499846,672.1903702799442,23.757300921093748,48.349963801249814,0,0.0,,,,MODEL_NOT_OBSERVATION
S1_early_peace_1805_transition2,1809,49.822593749999996,24.911296874999998,23.757300921093748,-1.1539959539062465,4.25,3.0,-1.6348276013671827,-0.4808316474609362,670.555542678577,23.708256093052732,47.68378988918808,0,0.0,,,,MODEL_NOT_OBSERVATION
S1_early_peace_1805_transition2,1810,50.44537617187498,25.22268808593749,23.708256093052732,-1.5144319928847594,4.25,3.0,-2.1454453232534094,-0.63101333036865,668.4100973553236,23.64389273335513,46.997877490843045,0,0.0,,,,MODEL_NOT_OBSERVATION
S1_early_peace_1805_transition2,1811,51.075943374023424,25.537971687011712,23.64389273335513,-1.8940789536565816,4.25,3.0,-2.683278517680158,-0.7891995640235763,665.7268188376435,23.563394377824725,46.29164176217666,0,0.0,,,,MODEL_NOT_OBSERVATION
S1_early_peace_1805_transition2,1812,51.42059071092408,25.857196333099356,23.563394377824725,-2,4.25,3.0,-2.8333333333333335,-0.8333333333333335,662.8934855043101,23.478394377824724,45.82482241461062,0.29380195527463115,0.0,,,,MODEL_NOT_OBSERVATION
S1_early_peace_1805_transition2,1813,51.658805665087826,26.180411287263098,23.478394377824724,-2,4.25,3.0,-2.8333333333333335,-0.8333333333333335,660.0601521709767,23.393394377824723,45.44896862315953,0.7020169094383704,0.0,,,,MODEL_NOT_OBSERVATION
S1_early_peace_1805_transition2,1814,51.901060806178606,26.507666428353886,23.393394377824723,-2,4.25,3.0,-2.8333333333333335,-0.8333333333333335,657.2268188376433,23.308394377824722,45.0730563392258,1.1142720505291663,0.0,,,,MODEL_NOT_OBSERVATION
S1_early_peace_1805_transition2,1815,52.147406636533034,26.83901225870831,23.308394377824722,-2,4.25,3.0,-2.8333333333333335,-0.8333333333333335,654.39348550431,23.22339437782472,44.697130463810076,1.5306178808835824,0.0,,,,MODEL_NOT_OBSERVATION
S1_early_peace_1805_transition2,1816,52.39789428976688,27.174499911942164,23.22339437782472,-2,4.25,3.0,-2.8333333333333335,-0.8333333333333335,651.5601521709766,23.13839437782472,44.32123598211115,1.9511055341174455,0.0,,,,MODEL_NOT_OBSERVATION
S1_early_peace_1805_transition2,1817,52.652575538666156,27.51418116084144,23.13839437782472,-2,4.25,3.0,-2.8333333333333335,-0.8333333333333335,648.7268188376432,23.05339437782472,43.945417942248085,2.3757867830167214,0.0,,,,MODEL_NOT_OBSERVATION
S1_early_peace_1805_transition2,1818,52.911502803176674,27.858108425351954,23.05339437782472,-2,4.25,3.0,-2.8333333333333335,-0.8333333333333335,645.8934855043099,22.96839437782472,43.56972143388196,2.8047140475272343,0.0,,,,MODEL_NOT_OBSERVATION
S1_early_peace_1805_transition2,1819,53.17472915849358,28.206334780668854,22.96839437782472,-2,4.25,3.0,-2.8333333333333335,-0.8333333333333335,643.0601521709765,22.883394377824718,43.194191566758526,3.2379404028441314,0.0,,,,MODEL_NOT_OBSERVATION
S1_early_peace_1805_transition2,1820,53.44230834325194,28.558913965427216,22.883394377824718,-2,4.25,3.0,-2.8333333333333335,-0.8333333333333335,640.2268188376431,22.798394377824717,42.8188734491933,3.675519587602494,0.0,,,,MODEL_NOT_OBSERVATION
S1_early_peace_1805_transition2,1821,53.714294767819766,28.91590038999505,22.798394377824717,-2,4.25,3.0,-2.8333333333333335,-0.8333333333333335,637.3934855043098,22.713394377824716,42.44381216652077,4.117506012170331,0.0,,,,MODEL_NOT_OBSERVATION
S1_early_peace_1805_transition2,1822,53.9907435226947,29.277349144869987,22.713394377824716,-2,4.25,3.0,-2.8333333333333335,-0.8333333333333335,634.5601521709764,22.628394377824716,42.069052759529555,4.563954767045274,0.0,,,,MODEL_NOT_OBSERVATION
S1_early_peace_1805_transition2,1823,54.27171038700558,29.64331600918086,22.628394377824716,-2,4.25,3.0,-2.8333333333333335,-0.8333333333333335,631.726818837643,22.543394377824715,41.69464020290522,5.014921631356145,0.0,,,,MODEL_NOT_OBSERVATION
S1_early_peace_1805_transition2,1824,54.55725183712033,30.01385745929562,22.543394377824715,-2,4.25,3.0,-2.8333333333333335,-0.8333333333333335,628.8934855043096,22.458394377824714,41.320619383702834,5.4704630814709105,0.0,,,,MODEL_NOT_OBSERVATION
S1_early_peace_1805_transition2,1825,54.847425055361526,30.389030677536816,22.458394377824714,-2,4.25,3.0,-2.8333333333333335,-0.8333333333333335,626.0601521709763,22.373394377824713,40.94703507987077,5.930636299712106,0.0,,,,MODEL_NOT_OBSERVATION
S1_early_peace_1805_transition2,1826,55.142287938830734,30.768893561006024,22.373394377824713,-2,4.25,3.0,-2.8333333333333335,-0.8333333333333335,623.2268188376429,22.288394377824712,40.5739319388479,6.395499183181315,0.0,,,,MODEL_NOT_OBSERVATION
S1_early_peace_1805_transition2,1827,55.44189910834331,31.1535047305186,22.288394377824712,-2,4.25,3.0,-2.8333333333333335,-0.8333333333333335,620.3934855043095,22.20339437782471,40.201354456255615,6.86511035269389,0.0,,,,MODEL_NOT_OBSERVATION
S1_early_peace_1805_transition2,1828,55.7463179174748,31.542923539650083,22.20339437782471,-2,4.25,3.0,-2.8333333333333335,-0.8333333333333335,617.5601521709762,22.11839437782471,39.82934695470642,7.339529161825368,0.0,,,,MODEL_NOT_OBSERVATION
S1_early_peace_1805_transition2,1829,56.05560446172042,31.937210083895707,22.11839437782471,-2,4.25,3.0,-2.8333333333333335,-0.8333333333333335,614.7268188376428,22.03339437782471,39.45795356275045,7.818815706070993,0.0,,,,MODEL_NOT_OBSERVATION
S1_early_peace_1805_transition2,1830,56.369819587769115,32.3364252099444,22.03339437782471,-2,4.25,3.0,-2.8333333333333335,-0.8333333333333335,611.8934855043094,21.94839437782471,39.087218193980924,8.303030832119688,0.0,,,,MODEL_NOT_OBSERVATION
S1_early_peace_1805_transition2,1831,56.68902490289341,32.7406305250687,21.94839437782471,-2,4.25,3.0,-2.8333333333333335,-0.8333333333333335,609.060152170976,21.863394377824708,38.71718452631995,8.792236147243997,0.0,,,,MODEL_NOT_OBSERVATION
S1_early_peace_1805_transition2,1832,57.01328278445676,33.14988840663206,21.863394377824708,-2,4.25,3.0,-2.8333333333333335,-0.8333333333333335,606.2268188376427,21.778394377824707,38.347895981504884,9.286494028807354,0.0,,,,MODEL_NOT_OBSERVATION
S1_early_peace_1805_transition2,1833,57.34265638953967,33.56426201171496,21.778394377824707,-2,4.25,3.0,-2.8333333333333335,-0.8333333333333335,603.3934855043093,21.693394377824706,37.97939570479591,9.785867633890248,0.0,,,,MODEL_NOT_OBSERVATION
S1_early_peace_1805_transition2,1834,57.6772096646861,33.98381528686139,21.693394377824706,-2,4.25,3.0,-2.8333333333333335,-0.8333333333333335,600.5601521709759,21.608394377824705,37.611726544924856,10.290420909036683,0.0,,,,MODEL_NOT_OBSERVATION
S1_early_peace_1805_transition2,1835,58.01700735577187,34.40861297794716,21.608394377824705,-2,4.25,3.0,-2.8333333333333335,-0.8333333333333335,597.7268188376426,21.523394377824705,37.24493103430468,10.800218600122449,0.0,,,,MODEL_NOT_OBSERVATION
S1_early_peace_1805_transition2,1836,58.3621150179962,34.838720640171495,21.523394377824705,-2,4.25,3.0,-2.8333333333333335,-0.8333333333333335,594.8934855043092,21.438394377824704,36.87905136951921,11.315326262346787,0.0,,,,MODEL_NOT_OBSERVATION
S1_early_peace_1805_transition2,1837,58.712599025998344,35.274204648173644,21.438394377824704,-2,4.25,3.0,-2.8333333333333335,-0.8333333333333335,592.0601521709758,21.353394377824703,36.51412939211162,11.835810270348944,0.0,,,,MODEL_NOT_OBSERVATION
S1_early_peace_1805_transition2,1838,59.06852658410051,35.71513220627581,21.353394377824703,-2,4.25,3.0,-2.8333333333333335,-0.8333333333333335,589.2268188376424,21.268394377824702,36.1502065696902,12.361737828451112,0.0,,,,MODEL_NOT_OBSERVATION
S1_early_peace_1805_transition2,1839,59.42996573667895,36.16157135885425,21.268394377824702,-2,4.25,3.0,-2.8333333333333335,-0.8333333333333335,586.3934855043091,21.1833943778247,35.78732397736902,12.893176981029555,0.0,,,,MODEL_NOT_OBSERVATION
S1_early_peace_1805_transition2,1840,59.79698537866463,36.61359100083993,21.1833943778247,-2,4.25,3.0,-2.8333333333333335,-0.8333333333333335,583.5601521709757,21.0983943778247,35.42552227956105,13.430196623015235,0.0,,,,MODEL_NOT_OBSERVATION
S1_early_peace_1805_transition2,1841,60.16965526617513,37.07126088835043,21.0983943778247,-2,4.25,3.0,-2.8333333333333335,-0.8333333333333335,580.7268188376423,21.0133943778247,35.06484171214014,13.972866510525733,0.0,,,,MODEL_NOT_OBSERVATION
S1_early_peace_1805_transition2,1842,60.54804602727951,37.53465164945481,21.0133943778247,-2,4.25,3.0,-2.8333333333333335,-0.8333333333333335,577.893485504309,20.9283943778247,34.70532206498829,14.521257271630105,0.0,,,,MODEL_NOT_OBSERVATION
S1_early_peace_1805_transition2,1843,60.93222917289769,38.00383479507299,20.9283943778247,-2,4.25,3.0,-2.8333333333333335,-0.8333333333333335,575.0601521709756,20.843394377824698,34.347002664943574,15.075440417248288,0.0,,,,MODEL_NOT_OBSERVATION
S1_early_peace_1805_transition2,1844,61.3222771078361,38.47888273001141,20.843394377824698,-2,4.25,3.0,-2.8333333333333335,-0.8333333333333335,572.2268188376422,20.758394377824697,33.989922359163685,15.635488352186712,0.0,,,,MODEL_NOT_OBSERVATION
S1_early_peace_1805_transition2,1845,61.718263141961245,38.959868764136544,20.758394377824697,-2,4.25,3.0,-2.8333333333333335,-0.8333333333333335,569.3934855043088,20.673394377824696,33.634119498919276,16.201474386311844,0.0,,,,MODEL_NOT_OBSERVATION
S1_early_peace_1805_transition2,1846,62.12026150151294,39.44686712368825,20.673394377824696,-2,4.25,3.0,-2.8333333333333335,-0.8333333333333335,566.5601521709755,20.588394377824695,33.279631923830834,16.773472745863558,0.0,,,,MODEL_NOT_OBSERVATION
S1_early_peace_1805_transition2,1847,62.52834734055904,39.939952962734345,20.588394377824695,-2,4.25,3.0,-2.8333333333333335,-0.8333333333333335,563.7268188376421,20.503394377824694,32.92649694656175,17.351558584909654,0.0,,,,MODEL_NOT_OBSERVATION
S1_early_peace_1805_transition2,1848,62.94259675259322,40.43920237476853,20.503394377824694,-2,4.25,3.0,-2.8333333333333335,-0.8333333333333335,560.8934855043087,20.418394377824693,32.57475133797997,17.935807996943836,0.0,,,,MODEL_NOT_OBSERVATION
S2_armed_coexistence_disciplined_transition1,1811,66.0,57.199999999999996,24.4,15.599999999999994,5.0,3.0,25.999999999999993,10.399999999999999,714.4651446811936,25.18,36.96969696969697,0,15.199999999999996,,,,MODEL_NOT_OBSERVATION
S2_armed_coexistence_disciplined_transition1,1812,66.66,42.42,25.18,0.9399999999999977,5.0,3.0,1.566666666666663,0.6266666666666654,716.0318113478603,25.227,37.77377737773778,0,0.0,,,,MODEL_NOT_OBSERVATION
S2_armed_coexistence_disciplined_transition1,1813,67.3266,42.8442,25.227,0.7446000000000055,5.0,3.0,1.2410000000000092,0.4964000000000037,717.2728113478603,25.26423,37.46958854301272,0,0.0,,,,MODEL_NOT_OBSERVATION
S2_armed_coexistence_disciplined_transition1,1814,67.99986600000001,43.272642000000005,25.26423,0.537005999999991,5.0,3.0,0.895009999999985,0.358003999999994,718.1678213478602,25.2910803,37.15335262572429,0,0.0,,,,MODEL_NOT_OBSERVATION
S2_armed_coexistence_disciplined_transition1,1815,68.67986466,43.70536842,25.2910803,0.3165840599999967,5.0,3.0,0.5276400999999946,0.2110560399999979,718.6954614478602,25.306909503,36.82459251369177,0,0.0,,,,MODEL_NOT_OBSERVATION
S2_armed_coexistence_disciplined_transition1,1816,69.3666633066,44.14242210420001,25.306909503,0.0826683006000053,5.0,3.0,0.13778050100000883,0.05511220040000353,718.8332419488602,25.31104291803,36.48281219920251,0,0.0,,,,MODEL_NOT_OBSERVATION
S2_armed_coexistence_disciplined_transition1,1817,70.060329939666,44.58384632524201,25.31104291803,-0.1654406963940005,5.0,3.0,-0.2757344939900009,-0.11029379759600039,718.5575074548701,25.3027708832103,36.12749603067408,0,0.0,,,,MODEL_NOT_OBSERVATION
S2_armed_coexistence_disciplined_transition1,1818,70.76093323906267,45.02968478849442,25.3027708832103,-0.4284775673579446,5.0,3.0,-0.7141292789299079,-0.28565171157196323,717.8433781759402,25.281347004842402,35.758107934679174,0,0.0,,,,MODEL_NOT_OBSERVATION
S2_armed_coexistence_disciplined_transition1,1819,71.4685425714533,45.47998163637937,25.281347004842402,-0.7072139302315179,5.0,3.0,-1.1786898837191966,-0.4714759534876787,716.664688292221,25.245986308330828,35.374090607159715,0,0.0,,,,MODEL_NOT_OBSERVATION
S2_armed_coexistence_disciplined_transition1,1820,72.18322799716782,45.93478145274316,25.245986308330828,-1.0024602360938388,5.0,3.0,-1.6707670601563982,-0.6683068240625594,714.9939212320645,25.195863296526134,34.97486467260979,0,0.0,,,,MODEL_NOT_OBSERVATION
S2_armed_coexistence_disciplined_transition1,1821,72.9050602771395,46.39412926727059,25.195863296526134,-1.3150677133427706,5.0,3.0,-2.1917795222379515,-0.8767118088951809,712.8021417098265,25.130109910858994,34.55982780995887,0,0.0,,,,MODEL_NOT_OBSERVATION
S2_armed_coexistence_disciplined_transition1,1822,73.48818047080229,46.85807055994329,25.130109910858994,-1.5,5.0,3.0,-2.5000000000000004,-1.0000000000000004,710.3021417098265,25.055109910858995,34.196124805190244,0.1459304091086011,0.0,,,,MODEL_NOT_OBSERVATION
S2_armed_coexistence_disciplined_transition1,1823,73.88176117640172,47.32665126554273,25.055109910858995,-1.5,5.0,3.0,-2.5000000000000004,-1.0000000000000004,707.8021417098265,24.980109910858996,33.91244268126861,0.4886908123082776,0.0,,,,MODEL_NOT_OBSERVATION
S2_armed_coexistence_disciplined_transition1,1824,74.28002768905715,47.79991777819816,24.980109910858996,-1.5,5.0,3.0,-2.5000000000000004,-1.0000000000000004,705.3021417098265,24.905109910858997,33.629645394624745,0.8341288195399557,0.0,,,,MODEL_NOT_OBSERVATION
S2_armed_coexistence_disciplined_transition1,1825,74.68302686683914,48.277916955980146,24.905109910858997,-1.5,5.0,3.0,-2.5000000000000004,-1.0000000000000004,702.8021417098265,24.830109910858997,33.34775109646419,1.18227120684395,0.0,,,,MODEL_NOT_OBSERVATION
S2_armed_coexistence_disciplined_transition1,1826,75.09080603639894,48.760696125539944,24.830109910858997,-1.5,5.0,3.0,-2.5000000000000004,-1.0000000000000004,700.3021417098265,24.755109910858998,33.066777707543906,1.53314501802096,0.0,,,,MODEL_NOT_OBSERVATION
S2_armed_coexistence_disciplined_transition1,1827,75.50341299765435,49.248303086795346,24.755109910858998,-1.5,5.0,3.0,-2.5000000000000004,-1.0000000000000004,697.8021417098265,24.680109910859,32.786742914029674,1.886777567309764,0.0,,,,MODEL_NOT_OBSERVATION
S2_armed_coexistence_disciplined_transition1,1828,75.9208960285223,49.7407861176633,24.680109910859,-1.5,5.0,3.0,-2.5000000000000004,-1.0000000000000004,695.3021417098265,24.605109910859,32.50766416348283,2.2431964420914596,0.0,,,,MODEL_NOT_OBSERVATION
S2_armed_coexistence_disciplined_transition1,1829,76.34330388969893,50.23819397883993,24.605109910859,-1.5,5.0,3.0,-2.5000000000000004,-1.0000000000000004,692.8021417098265,24.530109910859,32.229558660977716,2.602429505620961,0.0,,,,MODEL_NOT_OBSERVATION
S2_armed_coexistence_disciplined_transition1,1830,76.77068582948733,50.74057591862833,24.530109910859,-1.5,5.0,3.0,-2.5000000000000004,-1.0000000000000004,690.3021417098265,24.455109910859,31.95244336535167,2.9645048997857515,0.0,,,,MODEL_NOT_OBSERVATION
S2_armed_coexistence_disciplined_transition1,1831,77.20309158867362,51.247981677814614,24.455109910859,-1.5,5.0,3.0,-2.5000000000000004,-1.0000000000000004,687.8021417098265,24.380109910859,31.67633498558856,3.3294510478922064,0.0,,,,MODEL_NOT_OBSERVATION
S2_armed_coexistence_disciplined_transition1,1832,77.64057140545177,51.76046149459277,24.380109910859,-1.5,5.0,3.0,-2.5000000000000004,-1.0000000000000004,685.3021417098265,24.305109910859002,31.401249977337336,3.6972966574797255,0.0,,,,MODEL_NOT_OBSERVATION
S2_armed_coexistence_disciplined_transition1,1833,78.08317602039769,52.278066109538685,24.305109910859002,-1.5,5.0,3.0,-2.5000000000000004,-1.0000000000000004,682.8021417098265,24.230109910859003,31.127204539566595,4.068070723163103,0.0,,,,MODEL_NOT_OBSERVATION
S2_armed_coexistence_disciplined_transition1,1834,78.53095668149308,52.800846770634074,24.230109910859003,-1.5,5.0,3.0,-2.5000000000000004,-1.0000000000000004,680.3021417098265,24.155109910859004,30.854214611356145,4.44180252950332,0.0,,,,MODEL_NOT_OBSERVATION
S2_armed_coexistence_disciplined_transition1,1835,78.98396514919942,53.32885523834042,24.155109910859004,-1.5,5.0,3.0,-2.5000000000000004,-1.0000000000000004,677.8021417098265,24.080109910859004,30.582295868826538,4.818521653906956,0.0,,,,MODEL_NOT_OBSERVATION
S2_armed_coexistence_disciplined_transition1,1836,79.44225370158283,53.86214379072382,24.080109910859004,-1.5,5.0,3.0,-2.5000000000000004,-1.0000000000000004,675.3021417098265,24.005109910859005,30.3114637222071,5.198257969554604,0.0,,,,MODEL_NOT_OBSERVATION
S2_armed_coexistence_disciplined_transition1,1837,79.90587513949006,54.400765228631066,24.005109910859005,-1.5,5.0,3.0,-2.5000000000000004,-1.0000000000000004,672.8021417098265,23.930109910859006,30.041733313043345,5.581041648358749,0.0,,,,MODEL_NOT_OBSERVATION
S2_armed_coexistence_disciplined_transition1,1838,80.37488279177639,54.94477288091738,23.930109910859006,-1.5,5.0,3.0,-2.5000000000000004,-1.0000000000000004,670.3021417098265,23.855109910859007,29.77311951154401,5.966903163950917,0.0,,,,MODEL_NOT_OBSERVATION
S2_armed_coexistence_disciplined_transition1,1839,80.84933052058555,55.49422060972655,23.855109910859007,-1.5,5.0,3.0,-2.5000000000000004,-1.0000000000000004,667.8021417098265,23.780109910859007,29.505636914068333,6.355873294699023,0.0,,,,MODEL_NOT_OBSERVATION
S2_armed_coexistence_disciplined_transition1,1840,81.32927272668282,56.04916281582381,23.780109910859007,-1.5,5.0,3.0,-2.5000000000000004,-1.0000000000000004,665.3021417098265,23.705109910859008,29.239299840753574,6.747983126754605,0.0,,,,MODEL_NOT_OBSERVATION
S2_armed_coexistence_disciplined_transition1,1841,81.81476435484106,56.60965444398205,23.705109910859008,-1.5,5.0,3.0,-2.5000000000000004,-1.0000000000000004,662.8021417098265,23.63010991085901,28.974122333283177,7.143264057130736,0.0,,,,MODEL_NOT_OBSERVATION
S2_armed_coexistence_disciplined_transition1,1842,82.30586089928089,57.175750988421875,23.63010991085901,-1.5,5.0,3.0,-2.5000000000000004,-1.0000000000000004,660.3021417098265,23.55510991085901,28.710118152795445,7.5417477968106255,0.0,,,,MODEL_NOT_OBSERVATION
S2_armed_coexistence_disciplined_transition1,1843,82.80261840916509,57.74750849830609,23.55510991085901,-1.5,5.0,3.0,-2.5000000000000004,-1.0000000000000004,657.8021417098265,23.48010991085901,28.447300777932632,7.943466373887333,0.0,,,,MODEL_NOT_OBSERVATION
S2_armed_coexistence_disciplined_transition1,1844,83.30509349414817,58.32498358328915,23.48010991085901,-1.5,5.0,3.0,-2.5000000000000004,-1.0000000000000004,655.3021417098265,23.40510991085901,28.18568340303032,8.348452136734778,0.0,,,,MODEL_NOT_OBSERVATION
S2_armed_coexistence_disciplined_transition1,1845,83.81334332998105,58.90823341912204,23.40510991085901,-1.5,5.0,3.0,-2.5000000000000004,-1.0000000000000004,652.8021417098265,23.33010991085901,27.92527893644677,8.756737757210729,0.0,,,,MODEL_NOT_OBSERVATION
S2_armed_coexistence_disciplined_transition1,1846,84.32742566417228,59.497315753313266,23.33010991085901,-1.5,5.0,3.0,-2.5000000000000004,-1.0000000000000004,650.3021417098265,23.255109910859012,27.666099999031683,9.168356233891416,0.0,,,,MODEL_NOT_OBSERVATION
S2_armed_coexistence_disciplined_transition1,1847,84.84739882170541,60.0922889108464,23.255109910859012,-1.5,5.0,3.0,-2.5000000000000004,-1.0000000000000004,647.8021417098265,23.180109910859013,27.408158922734067,9.583340895338935,0.0,,,,MODEL_NOT_OBSERVATION
S2_armed_coexistence_disciplined_transition1,1848,85.37332171081388,60.69321179995487,23.180109910859013,-1.5,5.0,3.0,-2.5000000000000004,-1.0000000000000004,645.3021417098265,23.105109910859014,27.151467749348313,10.001725403400911,0.0,,,,MODEL_NOT_OBSERVATION
S2_armed_coexistence_disciplined_transition2,1811,66.0,57.199999999999996,24.4,15.599999999999994,5.0,3.0,25.999999999999993,10.399999999999999,714.4651446811936,25.18,36.96969696969697,0,15.199999999999996,,,,MODEL_NOT_OBSERVATION
S2_armed_coexistence_disciplined_transition2,1812,66.66,50.096,25.18,8.616,5.0,3.0,14.360000000000001,5.7440000000000015,728.8251446811936,25.6108,37.77377737773778,0,7.6759999999999975,,,,MODEL_NOT_OBSERVATION
S2_armed_coexistence_disciplined_transition2,1813,67.3266,42.8442,25.6108,1.1283999999999992,5.0,3.0,1.8806666666666656,0.7522666666666664,730.7058113478603,25.66722,38.03964554871329,0,0.0,,,,MODEL_NOT_OBSERVATION
S2_armed_coexistence_disciplined_transition2,1814,67.99986600000001,43.272642000000005,25.66722,0.9399959999999936,5.0,3.0,1.5666599999999895,0.6266639999999959,732.2724713478602,25.7142198,37.745986146502105,0,0.0,,,,MODEL_NOT_OBSERVATION
S2_armed_coexistence_disciplined_transition2,1815,68.67986466,43.70536842,25.7142198,0.7397235599999874,5.0,3.0,1.232872599999979,0.4931490399999916,733.5053439478602,25.751205977999998,37.44069666895584,0,0.0,,,,MODEL_NOT_OBSERVATION
S2_armed_coexistence_disciplined_transition2,1816,69.3666633066,44.14242210420001,25.751205977999998,0.5269647756000069,5.0,3.0,0.8782746260000115,0.3513098504000046,734.3836185738602,25.777554216779997,37.1233165190315,0,0.0,,,,MODEL_NOT_OBSERVATION
S2_armed_coexistence_disciplined_transition2,1817,70.060329939666,44.58384632524201,25.777554216779997,0.30107060235600613,5.0,3.0,0.5017843372600103,0.20071373490400413,734.8854029111202,25.792607746897797,36.79336685821906,0,0.0,,,,MODEL_NOT_OBSERVATION
S2_armed_coexistence_disciplined_transition2,1818,70.76093323906267,45.02968478849442,25.792607746897797,0.061359296329555946,5.0,3.0,0.10226549388259326,0.040906197553037316,734.9876684050028,25.795675711714274,36.450349884107126,0,0.0,,,,MODEL_NOT_OBSERVATION
S2_armed_coexistence_disciplined_transition2,1819,71.4685425714533,45.47998163637937,25.795675711714274,-0.19288522335965297,5.0,3.0,-0.32147537226608836,-0.1285901489064354,734.6661930327367,25.786031450546293,36.09374807933728,0,0.0,,,,MODEL_NOT_OBSERVATION
S2_armed_coexistence_disciplined_transition2,1820,72.18322799716782,45.93478145274316,25.786031450546293,-0.4624150938783629,5.0,3.0,-0.7706918231306049,-0.30827672925224203,733.8955012096061,25.762910695852376,35.7230234308142,0,0.0,,,,MODEL_NOT_OBSERVATION
S2_armed_coexistence_disciplined_transition2,1821,72.9050602771395,46.39412926727059,25.762910695852376,-0.7480203140165287,5.0,3.0,-1.2467005233608812,-0.49868020934435253,732.6488006862452,25.72550968015155,35.337616617993156,0,0.0,,,,MODEL_NOT_OBSERVATION
S2_armed_coexistence_disciplined_transition2,1822,73.63411087991089,46.85807055994329,25.72550968015155,-1.0505306398160457,5.0,3.0,-1.7508843996934096,-0.7003537598773639,730.8979162865518,25.672983148160746,34.936946169020786,0,0.0,,,,MODEL_NOT_OBSERVATION
S2_armed_coexistence_disciplined_transition2,1823,74.37045198871,47.32665126554273,25.672983148160746,-1.3708175750065266,5.0,3.0,-2.2846959583442112,-0.9138783833376847,728.6132203282076,25.60444226941042,34.52040758345545,0,0.0,,,,MODEL_NOT_OBSERVATION
S2_armed_coexistence_disciplined_transition2,1824,74.90436004760858,47.79991777819816,25.60444226941042,-1.5,5.0,3.0,-2.5000000000000004,-1.0000000000000004,726.1132203282076,25.52944226941042,34.18284630312101,0.2097964609885281,0.0,,,,MODEL_NOT_OBSERVATION
S2_armed_coexistence_disciplined_transition2,1825,75.30735922539057,48.277916955980146,25.52944226941042,-1.5,5.0,3.0,-2.5000000000000004,-1.0000000000000004,723.6132203282076,25.45444226941042,33.90032864251988,0.5579388482925225,0.0,,,,MODEL_NOT_OBSERVATION
S2_armed_coexistence_disciplined_transition2,1826,75.71513839495037,48.760696125539944,25.45444226941042,-1.5,5.0,3.0,-2.5000000000000004,-1.0000000000000004,721.1132203282076,25.379442269410422,33.61869608774041,0.9088126594695325,0.0,,,,MODEL_NOT_OBSERVATION
S2_armed_coexistence_disciplined_transition2,1827,76.12774535620576,49.248303086795346,25.379442269410422,-1.5,5.0,3.0,-2.5000000000000004,-1.0000000000000004,718.6132203282076,25.304442269410423,33.33796653330355,1.2624452087583506,0.0,,,,MODEL_NOT_OBSERVATION
S2_armed_coexistence_disciplined_transition2,1828,76.54522838707372,49.7407861176633,25.304442269410423,-1.5,5.0,3.0,-2.5000000000000004,-1.0000000000000004,716.1132203282076,25.229442269410423,33.058157644328894,1.618864083540032,0.0,,,,MODEL_NOT_OBSERVATION
S2_armed_coexistence_disciplined_transition2,1829,76.96763624825036,50.23819397883993,25.229442269410423,-1.5,5.0,3.0,-2.5000000000000004,-1.0000000000000004,713.6132203282076,25.154442269410424,32.77928685250996,1.9780971470695334,0.0,,,,MODEL_NOT_OBSERVATION
S2_armed_coexistence_disciplined_transition2,1830,77.39501818803876,50.74057591862833,25.154442269410424,-1.5,5.0,3.0,-2.5000000000000004,-1.0000000000000004,711.1132203282076,25.079442269410425,32.50137135221707,2.340172541234324,0.0,,,,MODEL_NOT_OBSERVATION
S2_armed_coexistence_disciplined_transition2,1831,77.82742394722504,51.247981677814614,25.079442269410425,-1.5,5.0,3.0,-2.5000000000000004,-1.0000000000000004,708.6132203282076,25.004442269410426,32.22442809672957,2.705118689340779,0.0,,,,MODEL_NOT_OBSERVATION
S2_armed_coexistence_disciplined_transition2,1832,78.2649037640032,51.76046149459277,25.004442269410426,-1.5,5.0,3.0,-2.5000000000000004,-1.0000000000000004,706.1132203282076,24.929442269410426,31.948473794598662,3.072964298928298,0.0,,,,MODEL_NOT_OBSERVATION
S2_armed_coexistence_disciplined_transition2,1833,78.70750837894911,52.278066109538685,24.929442269410426,-1.5,5.0,3.0,-2.5000000000000004,-1.0000000000000004,703.6132203282076,24.854442269410427,31.673524906142227,3.4437383646116757,0.0,,,,MODEL_NOT_OBSERVATION
S2_armed_coexistence_disciplined_transition2,1834,79.1552890400445,52.800846770634074,24.854442269410427,-1.5,5.0,3.0,-2.5000000000000004,-1.0000000000000004,701.1132203282076,24.779442269410428,31.399597640072564,3.817470170951907,0.0,,,,MODEL_NOT_OBSERVATION
S2_armed_coexistence_disciplined_transition2,1835,79.60829750775085,53.32885523834042,24.779442269410428,-1.5,5.0,3.0,-2.5000000000000004,-1.0000000000000004,698.6132203282076,24.70444226941043,31.126707950258382,4.194189295355528,0.0,,,,MODEL_NOT_OBSERVATION
S2_armed_coexistence_disciplined_transition2,1836,80.06658606013426,53.86214379072382,24.70444226941043,-1.5,5.0,3.0,-2.5000000000000004,-1.0000000000000004,696.1132203282076,24.62944226941043,30.854871532621715,4.573925611003176,0.0,,,,MODEL_NOT_OBSERVATION
S2_armed_coexistence_disciplined_transition2,1837,80.53020749804149,54.400765228631066,24.62944226941043,-1.5,5.0,3.0,-2.5000000000000004,-1.0000000000000004,693.6132203282076,24.55444226941043,30.584103822170604,4.956709289807321,0.0,,,,MODEL_NOT_OBSERVATION
S2_armed_coexistence_disciplined_transition2,1838,80.99921515032781,54.94477288091738,24.55444226941043,-1.5,5.0,3.0,-2.5000000000000004,-1.0000000000000004,691.1132203282076,24.47944226941043,30.31441999016833,5.34257080539949,0.0,,,,MODEL_NOT_OBSERVATION
S2_armed_coexistence_disciplined_transition2,1839,81.47366287913698,55.49422060972655,24.47944226941043,-1.5,5.0,3.0,-2.5000000000000004,-1.0000000000000004,688.6132203282076,24.40444226941043,30.04583494143958,5.731540936147596,0.0,,,,MODEL_NOT_OBSERVATION
S2_armed_coexistence_disciplined_transition2,1840,81.95360508523424,56.04916281582381,24.40444226941043,-1.5,5.0,3.0,-2.5000000000000004,-1.0000000000000004,686.1132203282076,24.329442269410432,29.778363311814125,6.123650768203177,0.0,,,,MODEL_NOT_OBSERVATION
S2_armed_coexistence_disciplined_transition2,1841,82.43909671339249,56.60965444398205,24.329442269410432,-1.5,5.0,3.0,-2.5000000000000004,-1.0000000000000004,683.6132203282076,24.254442269410433,29.51201946570824,6.518931698579308,0.0,,,,MODEL_NOT_OBSERVATION
S2_armed_coexistence_disciplined_transition2,1842,82.93019325783231,57.175750988421875,24.254442269410433,-1.5,5.0,3.0,-2.5000000000000004,-1.0000000000000004,681.1132203282076,24.179442269410433,29.246817493844112,6.917415438259198,0.0,,,,MODEL_NOT_OBSERVATION
S2_armed_coexistence_disciplined_transition2,1843,83.42695076771652,57.74750849830609,24.179442269410433,-1.5,5.0,3.0,-2.5000000000000004,-1.0000000000000004,678.6132203282076,24.104442269410434,28.982771211107334,7.319134015335905,0.0,,,,MODEL_NOT_OBSERVATION
S2_armed_coexistence_disciplined_transition2,1844,83.92942585269958,58.32498358328915,24.104442269410434,-1.5,5.0,3.0,-2.5000000000000004,-1.0000000000000004,676.1132203282076,24.029442269410435,28.719894154542363,7.724119778183365,0.0,,,,MODEL_NOT_OBSERVATION
S2_armed_coexistence_disciplined_transition2,1845,84.43767568853248,58.90823341912204,24.029442269410435,-1.5,5.0,3.0,-2.5000000000000004,-1.0000000000000004,673.6132203282076,23.954442269410436,28.458199581485978,8.132405398659301,0.0,,,,MODEL_NOT_OBSERVATION
S2_armed_coexistence_disciplined_transition2,1846,84.95175802272371,59.497315753313266,23.954442269410436,-1.5,5.0,3.0,-2.5000000000000004,-1.0000000000000004,671.1132203282076,23.879442269410436,28.197700467838317,8.544023875339988,0.0,,,,MODEL_NOT_OBSERVATION
S2_armed_coexistence_disciplined_transition2,1847,85.47173118025684,60.0922889108464,23.879442269410436,-1.5,5.0,3.0,-2.5000000000000004,-1.0000000000000004,668.6132203282076,23.804442269410437,27.938409506471256,8.959008536787508,0.0,,,,MODEL_NOT_OBSERVATION
S2_armed_coexistence_disciplined_transition2,1848,85.9976540693653,60.69321179995487,23.804442269410437,-1.5,5.0,3.0,-2.5000000000000004,-1.0000000000000004,666.1132203282076,23.729442269410438,27.680339105773616,9.377393044849498,0.0,,,,MODEL_NOT_OBSERVATION
S2_armed_coexistence_costly_transition1,1811,64.0,57.199999999999996,24.4,17.599999999999994,5.5,3.0,32.26666666666666,14.666666666666664,720.7318113478602,25.368,38.125,0,14.199999999999996,,,,MODEL_NOT_OBSERVATION
S2_armed_coexistence_costly_transition1,1812,64.64,43.43,25.368,4.158000000000001,5.5,3.0,7.623000000000002,3.4650000000000007,728.3548113478603,25.59669,39.245049504950494,0,0.0,,,,MODEL_NOT_OBSERVATION
S2_armed_coexistence_costly_transition1,1813,65.2864,43.8643,25.59669,4.174589999999995,5.5,3.0,7.653414999999991,3.478824999999996,736.0082263478603,25.826292449999997,39.20677200764631,0,0.0,,,,MODEL_NOT_OBSERVATION
S2_armed_coexistence_costly_transition1,1814,65.93926400000001,44.302943000000006,25.826292449999997,4.189971450000002,5.5,3.0,7.6816143250000035,3.491642875000002,743.6898406728603,26.05674087975,39.166789077293906,0,0.0,,,,MODEL_NOT_OBSERVATION
S2_armed_coexistence_costly_transition1,1815,66.59865664,44.74597243,26.05674087975,4.204056669750003,5.5,3.0,7.707437227875005,3.503380558125002,751.3972779007354,26.28796399658625,39.12502472925256,0,0.0,,,,MODEL_NOT_OBSERVATION
S2_armed_coexistence_costly_transition1,1816,67.26464320640001,45.193432154300005,26.28796399658625,4.216752944486245,5.5,3.0,7.730713731558116,3.5139607870718708,759.1279916322935,26.519885408532993,39.08139959342717,0,0.0,,,,MODEL_NOT_OBSERVATION
S2_armed_coexistence_costly_transition1,1817,67.93728963846401,45.645366475843005,26.519885408532993,4.227962245911996,5.5,3.0,7.751264117505327,3.523301871593331,766.8792557497989,26.752423332058154,39.03583076343135,0,0.0,,,,MODEL_NOT_OBSERVATION
S2_armed_coexistence_costly_transition1,1818,68.61666253484864,46.10182014060143,26.752423332058154,4.237580937810947,5.5,3.0,7.768898385986735,3.5313174481757885,774.6481541357856,26.985490283637755,38.98823163902978,0,0.0,,,,MODEL_NOT_OBSERVATION
S2_armed_coexistence_costly_transition1,1819,69.30282916019713,46.56283834200745,26.985490283637755,4.245499465448077,5.5,3.0,7.783415686654808,3.537916221206731,782.4315698224405,27.218992754237398,38.938511761560804,0,0.0,,,,MODEL_NOT_OBSERVATION
S2_armed_coexistence_costly_transition1,1820,69.9958574517991,47.02846672542752,27.218992754237398,4.251602027865815,5.5,3.0,7.7946037177539935,3.543001689888179,790.2261735401944,27.452830865770018,38.88657664202639,0,0.0,,,,MODEL_NOT_OBSERVATION
S2_armed_coexistence_costly_transition1,1821,70.69581602631709,47.4987513926818,27.452830865770018,4.255766232134732,5.5,3.0,7.80223809224701,3.5464718601122778,798.0284116324414,27.68689800853743,38.83232758152262,0,0.0,,,,MODEL_NOT_OBSERVATION
S2_armed_coexistence_costly_transition1,1822,71.40277418658026,47.97373890660861,27.68689800853743,4.257862728565783,5.5,3.0,7.806081669037269,3.548218940471486,805.8344933014787,27.921080458608547,38.775661483669666,0,0.0,,,,MODEL_NOT_OBSERVATION
S2_armed_coexistence_costly_transition1,1823,72.11680192844607,48.4534762956747,27.921080458608547,4.257754825837182,5.5,3.0,7.805883847368167,3.5481290215309853,813.6403771488468,28.15525697402959,38.71647065868465,0,0.0,,,,MODEL_NOT_OBSERVATION
S2_armed_coexistence_costly_transition1,1824,72.83796994773053,48.938011058631446,28.15525697402959,4.2552980849305015,5.5,3.0,7.801379822372587,3.546081737442085,821.4417569712194,28.389298368700768,38.654642618725056,0,0.0,,,,MODEL_NOT_OBSERVATION
S2_armed_coexistence_costly_transition1,1825,73.56634964720784,49.42739116921777,28.389298368700768,4.250339890710691,5.5,3.0,7.792289799636268,3.5419499089255764,829.2340467708557,28.623067062689856,38.59005986411378,0,0.0,,,,MODEL_NOT_OBSERVATION
S2_armed_coexistence_costly_transition1,1826,74.30201314367991,49.921665080909946,28.623067062689856,4.242718999919887,5.5,3.0,7.778318166519793,3.535599166599906,837.0123649373754,28.85641660768545,38.52259966003965,0,0.0,,,,MODEL_NOT_OBSERVATION
S2_armed_coexistence_costly_transition1,1827,75.04503327511672,50.42088173171905,28.85641660768545,4.232265064287773,5.5,3.0,7.759152617860918,3.526887553573145,844.7715175552363,29.089191186221278,38.45213380330874,0,0.0,,,,MODEL_NOT_OBSERVATION
S2_armed_coexistence_costly_transition1,1828,75.79548360786788,50.925090549036234,29.089191186221278,4.218798127389633,5.5,3.0,7.73446323354766,3.5156651061580275,852.505980788784,29.32122508322771,38.37852837870369,0,0.0,,,,MODEL_NOT_OBSERVATION
S2_armed_coexistence_costly_transition1,1829,76.55343844394656,51.434341454526596,29.32122508322771,4.202128093807744,5.5,3.0,7.703901505314198,3.501773411506454,860.2098822940982,29.552342128387135,38.30164350448752,0,0.0,,,,MODEL_NOT_OBSERVATION
S2_armed_coexistence_costly_transition1,1830,77.31897282838602,51.94868486907186,29.552342128387135,4.18205416907297,5.5,3.0,7.667099309967112,3.485045140894142,867.8769816040652,29.782355107686147,38.22133306656865,0,0.0,,,,MODEL_NOT_OBSERVATION
S2_armed_coexistence_costly_transition1,1831,78.09216255666989,52.46817171776258,29.782355107686147,4.15836426877884,5.5,3.0,7.62366782609454,3.4653035573157,875.5006494301598,30.011065142468983,38.137444440821696,0,0.0,,,,MODEL_NOT_OBSERVATION
S2_armed_coexistence_costly_transition1,1832,78.8730841822366,52.992853434940216,30.011065142468983,4.130834395172599,5.5,3.0,7.573196391149764,3.4423619959771656,883.0738458213095,30.238261034203475,38.04981820303652,0,0.0,,,,MODEL_NOT_OBSERVATION
S2_armed_coexistence_costly_transition1,1833,79.66181502405895,53.52278196928961,30.238261034203475,4.099227979434133,5.5,3.0,7.515251295629244,3.416023316195111,890.5890971169388,30.463718573072352,37.9582878259441,0,0.0,,,,MODEL_NOT_OBSERVATION
S2_armed_coexistence_costly_transition1,1834,80.45843317429954,54.0580097889825,30.463718573072352,4.063295187755315,5.5,3.0,7.449374510884745,3.3860793231294295,898.0384716278235,30.687199808398894,37.862679362743584,0,0.0,,,,MODEL_NOT_OBSERVATION
S2_armed_coexistence_costly_transition1,1835,81.26301750604254,54.59858988687233,30.687199808398894,4.022772189228689,5.5,3.0,7.375082346919265,3.3523101576905754,905.4135539747427,30.90845227880647,37.762811116529186,0,0.0,,,,MODEL_NOT_OBSERVATION
S2_armed_coexistence_costly_transition1,1836,82.07564768110296,55.144575785741054,30.90845227880647,3.9773803834445687,5.5,3.0,7.291864036315043,3.314483652870474,912.7054180110578,31.12720819989592,37.65849329498841,0,0.0,,,,MODEL_NOT_OBSERVATION
S2_armed_coexistence_costly_transition1,1837,82.896404157914,55.69602154359847,31.12720819989592,3.9268255855803886,5.5,3.0,7.199180240230713,3.272354654650324,919.9045982512885,31.343183607102844,37.549527649715614,0,0.0,,,,MODEL_NOT_OBSERVATION
S2_armed_coexistence_costly_transition1,1838,83.72536819949315,56.252981759034455,31.343183607102844,3.8707971666441523,5.5,3.0,7.096461472180946,3.2256643055367933,927.0010597234694,31.556077451268273,37.43570709945542,0,0.0,,,,MODEL_NOT_OBSERVATION
S2_armed_coexistence_costly_transition1,1839,84.56262188148807,56.8155115766248,31.556077451268273,3.8089671464049957,5.5,3.0,6.983106435075825,3.1741392886708297,933.9841661585452,31.765570644320547,37.31681533655987,0,0.0,,,,MODEL_NOT_OBSERVATION
S2_armed_coexistence_costly_transition1,1840,85.40824810030296,57.383666692391046,31.765570644320547,3.7409892364086375,5.5,3.0,6.858480266749169,3.117491030340531,940.8426464252944,31.97132505232302,37.19262641591155,0,0.0,,,,MODEL_NOT_OBSERVATION
S2_armed_coexistence_costly_transition1,1841,86.26233058130599,57.95750335931496,31.97132505232302,3.6664978303319913,5.5,3.0,6.721912688941985,3.0554148586099936,947.5645591142364,32.17298243299128,37.06290432553136,0,0.0,,,,MODEL_NOT_OBSERVATION
S2_armed_coexistence_costly_transition1,1842,87.12495388711905,58.53707839290811,32.17298243299128,3.585106938780342,5.5,3.0,6.572696054430627,2.9875891156502847,954.137255168667,32.3701633146242,36.92740253805504,0,0.0,,,,MODEL_NOT_OBSERVATION
S2_armed_coexistence_costly_transition1,1843,87.99620342599023,59.122449176837186,32.3701633146242,3.4964090654711555,5.5,3.0,6.410083286697119,2.913674221225963,960.5473384553642,32.56246581322512,36.78586354222581,0,0.0,,,,MODEL_NOT_OBSERVATION
S2_armed_coexistence_costly_transition1,1844,88.87616546025014,59.71367366860556,32.56246581322512,3.3999740215805474,5.5,3.0,6.233285706231004,2.8333116846504565,966.7806241615951,32.74946438441205,36.638018353513104,0,0.0,,,,MODEL_NOT_OBSERVATION
S2_armed_coexistence_costly_transition1,1845,89.76492711485264,60.31081040529162,32.74946438441205,3.2953476748510298,5.5,3.0,6.041470737226888,2.746123062375858,972.822094898822,32.93070850652886,36.483586002927055,0,0.0,,,,MODEL_NOT_OBSERVATION
S2_armed_coexistence_costly_transition1,1846,90.66257638600116,60.91391850934453,32.93070850652886,3.182050629872222,5.5,3.0,5.833759488099075,2.6517088582268524,978.6558543869211,33.10572129117183,36.32227300305747,0,0.0,,,,MODEL_NOT_OBSERVATION
S2_armed_coexistence_costly_transition1,1847,91.56920214986118,61.52305769443798,33.10572129117183,3.0595768357486293,5.5,3.0,5.609224198872487,2.5496473631238574,984.2650785857936,33.273998017138005,36.15377279032241,0,0.0,,,,MODEL_NOT_OBSERVATION
S2_armed_coexistence_costly_transition1,1848,92.4848941713598,62.138288271382365,33.273998017138005,2.927392117160565,5.5,3.0,5.366885548127702,2.439493430967137,989.6319641339213,33.435004583581836,35.97776514236647,0,0.0,,,,MODEL_NOT_OBSERVATION
S2_armed_coexistence_costly_transition2,1811,64.0,57.199999999999996,24.4,17.599999999999994,5.5,3.0,32.26666666666666,14.666666666666664,720.7318113478602,25.368,38.125,0,14.199999999999996,,,,MODEL_NOT_OBSERVATION
S2_armed_coexistence_costly_transition2,1812,64.64,50.601,25.368,11.328999999999994,5.5,3.0,20.76983333333332,9.440833333333327,741.5016446811935,25.991094999999998,39.245049504950494,0,7.170999999999998,,,,MODEL_NOT_OBSERVATION
S2_armed_coexistence_costly_transition2,1813,65.2864,43.8643,25.991094999999998,4.568995000000001,5.5,3.0,8.376490833333335,3.807495833333334,749.8781355145269,26.242389725,39.8108871066562,0,0.0,,,,MODEL_NOT_OBSERVATION
S2_armed_coexistence_costly_transition2,1814,65.93926400000001,44.302943000000006,26.242389725,4.606068725,5.5,3.0,8.444459329166667,3.8383906041666673,758.3225948436935,26.495723504875,39.79782019556663,0,0.0,,,,MODEL_NOT_OBSERVATION
S2_armed_coexistence_costly_transition2,1815,66.59865664,44.74597243,26.495723504875,4.6430392948749954,5.5,3.0,8.512238707270825,3.8691994123958295,766.8348335509644,26.751090666093123,39.78417109536911,0,0.0,,,,MODEL_NOT_OBSERVATION
S2_armed_coexistence_costly_transition2,1816,67.26464320640001,45.193432154300005,26.751090666093123,4.679879613993123,5.5,3.0,8.579779292320726,3.8998996783276034,775.4146128432851,27.008484044862744,39.76991386694495,0,0.0,,,,MODEL_NOT_OBSERVATION
S2_armed_coexistence_costly_transition2,1817,67.93728963846401,45.645366475843005,27.008484044862744,4.716560882241737,5.5,3.0,8.647028284109853,3.930467401868116,784.061641127395,27.26789489338604,39.7550214154722,0,0.0,,,,MODEL_NOT_OBSERVATION
S2_armed_coexistence_costly_transition2,1818,68.61666253484864,46.10182014060143,27.26789489338604,4.753052499138832,5.5,3.0,8.713929581754526,3.960877082615694,792.7755707091495,27.529312780838676,39.739465438933834,0,0.0,,,,MODEL_NOT_OBSERVATION
S2_armed_coexistence_costly_transition2,1819,69.30282916019713,46.56283834200745,27.529312780838676,4.789321962648998,5.5,3.0,8.780423598189829,3.991101635540831,801.5559943073393,27.79272548878437,39.72321637433188,0,0.0,,,,MODEL_NOT_OBSERVATION
S2_armed_coexistence_costly_transition2,1820,69.9958574517991,47.02846672542752,27.79272548878437,4.825334762412794,5.5,3.0,8.846447064423456,4.021112302010662,810.4024413717628,28.058118900717073,39.706243341505086,0,0.0,,,,MODEL_NOT_OBSERVATION
S2_armed_coexistence_costly_transition2,1821,70.69581602631709,47.4987513926818,28.058118900717073,4.861054267081784,5.5,3.0,8.911932822983271,4.0508785559014875,819.3143741947462,28.32547688540657,39.688514084443426,0,0.0,,,,MODEL_NOT_OBSERVATION
S2_armed_coexistence_costly_transition2,1822,71.40277418658026,47.97373890660861,28.32547688540657,4.896441605434916,5.5,3.0,8.976809609964013,4.080368004529097,828.2911838047102,28.59478117370549,39.669994909987935,0,0.0,,,,MODEL_NOT_OBSERVATION
S2_armed_coexistence_costly_transition2,1823,72.11680192844607,48.4534762956747,28.59478117370549,4.931455540934124,5.5,3.0,9.041001825045893,4.109546284111769,837.332185629756,28.866011228456866,39.65065062379928,0,0.0,,,,MODEL_NOT_OBSERVATION
S2_armed_coexistence_costly_transition2,1824,72.83796994773053,48.938011058631446,28.866011228456866,4.966052339357788,5.5,3.0,9.104429288822612,4.138376949464824,846.4366149185787,29.139144107121545,39.6304444634735,0,0.0,,,,MODEL_NOT_OBSERVATION
S2_armed_coexistence_costly_transition2,1825,73.56634964720784,49.42739116921777,29.139144107121545,5.0001856291314795,5.5,3.0,9.167006986741047,4.166821357609567,855.6036219053198,29.414154316723778,39.60933802867777,0,0.0,,,,MODEL_NOT_OBSERVATION
S2_armed_coexistence_costly_transition2,1826,74.30201314367991,49.921665080909946,29.414154316723778,5.033806253953813,5.5,3.0,9.228644798915324,4.194838544961511,864.832266704235,29.691013660691237,39.58729120817331,0,0.0,,,,MODEL_NOT_OBSERVATION
S2_armed_coexistence_costly_transition2,1827,75.04503327511672,50.42088173171905,29.691013660691237,5.066862117293567,5.5,3.0,9.289247215038207,4.22238509774464,874.1215139192733,29.969691077142382,39.56426210358697,0,0.0,,,,MODEL_NOT_OBSERVATION
S2_armed_coexistence_costly_transition2,1828,75.79548360786788,50.925090549036234,29.969691077142382,5.0992980183107335,5.5,3.0,9.348713033569679,4.249415015258945,883.470226952843,30.250152468149473,39.540206949786395,0,0.0,,,,MODEL_NOT_OBSERVATION
S2_armed_coexistence_costly_transition2,1829,76.55343844394656,51.434341454526596,30.250152468149473,5.1310554787295075,5.5,3.0,9.40693504433743,4.275879565607923,892.8771619971803,30.532360519479596,39.51508003170757,0,0.0,,,,MODEL_NOT_OBSERVATION
S2_armed_coexistence_costly_transition2,1830,77.31897282838602,51.94868486907186,30.532360519479596,5.162072560165427,5.5,3.0,9.463799693636618,4.301727133471191,902.3409616908169,30.816274510288693,39.48883359747672,0,0.0,,,,MODEL_NOT_OBSERVATION
S2_armed_coexistence_costly_transition2,1831,78.09216255666989,52.46817171776258,30.816274510288693,5.192283671381389,5.5,3.0,9.519186730865881,4.326903059484492,911.8601484216828,31.10185011221467,39.461417767661324,0,0.0,,,,MODEL_NOT_OBSERVATION
S2_armed_coexistence_costly_transition2,1832,78.8730841822366,52.992853434940216,31.10185011221467,5.221619364918297,5.5,3.0,9.572968835683545,4.351349470765248,921.4331172573663,31.389039177285177,39.43278044047791,0,0.0,,,,MODEL_NOT_OBSERVATION
S2_armed_coexistence_costly_transition2,1833,79.66181502405895,53.52278196928961,31.389039177285177,5.250006122515842,5.5,3.0,9.625011224612377,4.3750051020965355,931.0581284819788,31.677789514023548,39.402867192776434,0,0.0,,,,MODEL_NOT_OBSERVATION
S2_armed_coexistence_costly_transition2,1834,80.45843317429954,54.0580097889825,31.677789514023548,5.277366128706504,5.5,3.0,9.675171235961923,4.397805107255419,940.7332997179407,31.968044651102407,39.37162117661301,0,0.0,,,,MODEL_NOT_OBSERVATION
S2_armed_coexistence_costly_transition2,1835,81.26301750604254,54.59858988687233,31.968044651102407,5.303617031932191,5.5,3.0,9.723297891875683,4.419680859943492,950.4565976098163,32.25974358785868,39.33898301121458,0,0.0,,,,MODEL_NOT_OBSERVATION
S2_armed_coexistence_costly_transition2,1836,82.07564768110296,55.144575785741054,32.25974358785868,5.328671692496769,5.5,3.0,9.769231436244077,4.440559743747308,960.2258290460604,32.552820530946,39.304890670130085,0,0.0,,,,MODEL_NOT_OBSERVATION
S2_armed_coexistence_costly_transition2,1837,82.896404157914,55.69602154359847,32.552820530946,5.352437916630464,5.5,3.0,9.81280284715585,4.460364930525387,970.0386318932162,32.84720461636068,39.2692793633537,0,0.0,,,,MODEL_NOT_OBSERVATION
S2_armed_coexistence_costly_transition2,1838,83.72536819949315,56.252981759034455,32.84720461636068,5.374818175901993,5.5,3.0,9.853833322486988,4.479015146584995,979.8924652157032,33.14281961603529,39.23208141419619,0,0.0,,,,MODEL_NOT_OBSERVATION
S2_armed_coexistence_costly_transition2,1839,84.56262188148807,56.8155115766248,33.14281961603529,5.395709311172027,5.5,3.0,9.892133737148717,4.49642442597669,989.7845989528519,33.43958362814975,39.19322613067028,0,0.0,,,,MODEL_NOT_OBSERVATION
S2_armed_coexistence_costly_transition2,1840,85.40824810030296,57.383666692391046,33.43958362814975,5.415002220237838,5.5,3.0,9.927504070436036,4.512501850198198,999.7121030232879,33.73740875026283,39.15263967114569,0,0.0,,,,MODEL_NOT_OBSERVATION
S2_armed_coexistence_costly_transition2,1841,86.26233058130599,57.95750335931496,33.73740875026283,5.432581528271797,5.5,3.0,9.959732801831628,4.527151273559831,1009.6718358251195,34.03620073431778,39.110244904018515,0,0.0,,,,MODEL_NOT_OBSERVATION
S2_armed_coexistence_costly_transition2,1842,87.12495388711905,58.53707839290811,34.03620073431778,5.44832524010684,5.5,3.0,9.988596273529206,4.540271033422366,1019.6604320986487,34.33585862252366,39.06596126112825,0,0.0,,,,MODEL_NOT_OBSERVATION
S2_armed_coexistence_costly_transition2,1843,87.99620342599023,59.122449176837186,34.33585862252366,5.462104373370622,5.5,3.0,10.01385801784614,4.551753644475518,1029.6742901164948,34.636274363059044,39.01970458464387,0,0.0,,,,MODEL_NOT_OBSERVATION
S2_armed_coexistence_costly_transition2,1844,88.87616546025014,59.71367366860556,34.636274363059044,5.473782571414475,5.5,3.0,10.035268047593204,4.56148547617873,1039.709558164088,34.93733240448684,38.971386967128005,0,0.0,,,,MODEL_NOT_OBSERVATION
S2_armed_coexistence_costly_transition2,1845,89.76492711485264,60.31081040529162,34.93733240448684,5.483215694925818,5.5,3.0,10.052562107364,4.569346412438183,1049.7621202714522,35.23890926770776,38.92091658447529,0,0.0,,,,MODEL_NOT_OBSERVATION
S2_armed_coexistence_costly_transition2,1846,90.66257638600116,60.91391850934453,35.23890926770776,5.490251391051132,5.5,3.0,10.065460883593742,4.57520949254261,1059.827581155046,35.54087309421558,38.86819752140736,0,0.0,,,,MODEL_NOT_OBSERVATION
S2_armed_coexistence_costly_transition2,1847,91.56920214986118,61.52305769443798,35.54087309421558,5.494728638792367,5.5,3.0,10.07366917111934,4.578940532326973,1069.9012503261652,35.84308316934916,38.81312958919284,0,0.0,,,,MODEL_NOT_OBSERVATION
S2_armed_coexistence_costly_transition2,1848,92.4848941713598,62.138288271382365,35.84308316934916,5.496477269371724,5.5,3.0,10.07687499384816,4.580397724476436,1079.9781253200133,36.1453894191646,38.755608135245986,0,0.0,,,,MODEL_NOT_OBSERVATION
S3_adaptive_blockade_transition1,1811,60.0,57.199999999999996,24.4,21.599999999999994,5.5,3.0,39.599999999999994,18.0,728.0651446811936,25.587999999999997,40.666666666666664,0,18.199999999999996,,,,MODEL_NOT_OBSERVATION
S3_adaptive_blockade_transition1,1812,60.3,39.19499999999999,25.587999999999997,4.48299999999999,5.5,3.0,8.218833333333315,3.735833333333325,736.283978014527,25.834564999999998,42.434494195688224,0,0.0,,,,MODEL_NOT_OBSERVATION
S3_adaptive_blockade_transition1,1813,60.60149999999999,39.39097499999999,25.834564999999998,4.624040000000008,5.5,3.0,8.477406666666681,3.8533666666666733,744.7613846811936,26.0888872,42.63024017557322,0,0.0,,,,MODEL_NOT_OBSERVATION
S3_adaptive_blockade_transition1,1814,60.90450749999998,39.587929874999986,26.0888872,4.772309575000008,5.5,3.0,8.749234220833348,3.976924645833339,753.510618902027,26.351364226624998,42.83572476142264,0,0.0,,,,MODEL_NOT_OBSERVATION
S3_adaptive_blockade_transition1,1815,61.20903003749997,39.78586952437498,26.351364226624998,4.928203713500011,5.5,3.0,9.035040141416689,4.106836427916678,762.5456590434437,26.6224154308675,43.05143246099591,0,0.0,,,,MODEL_NOT_OBSERVATION
S3_adaptive_blockade_transition1,1816,61.515075187687465,39.98479887199685,26.6224154308675,5.0921391151768844,5.5,3.0,9.335588377824289,4.243449262647404,771.881247421268,26.902483082202227,43.27787188691611,0,0.0,,,,MODEL_NOT_OBSERVATION
S3_adaptive_blockade_transition1,1817,61.8226505636259,40.184722866356836,26.902483082202227,5.2645553849331606,5.5,3.0,9.65168487237746,4.3871294874443,781.5329322936454,27.19203362837355,43.51557695591691,0,0.0,,,,MODEL_NOT_OBSERVATION
S3_adaptive_blockade_transition1,1818,62.13176381644403,40.385646480688614,27.19203362837355,5.445916292618129,5.5,3.0,9.984179869799902,4.538263577181773,791.5171121634453,27.49155902446755,43.76510814775357,0,0.0,,,,MODEL_NOT_OBSERVATION
S3_adaptive_blockade_transition1,1819,62.44242263552624,40.58757471309205,27.49155902446755,5.63671110203336,5.5,3.0,10.333970353727826,4.697259251694467,801.8510825171732,27.80157813507938,44.02705382674629,0,0.0,,,,MODEL_NOT_OBSERVATION
S3_adaptive_blockade_transition1,1820,62.75463474870386,40.790512586657506,27.80157813507938,5.8374559730330375,5.5,3.0,10.702002617227235,4.864546644194197,812.5530851344004,28.122638213596197,44.30203162907198,0,0.0,,,,MODEL_NOT_OBSERVATION
S3_adaptive_blockade_transition1,1821,63.06840792244738,40.994465149590795,28.122638213596197,6.048695440739621,5.5,3.0,11.089274974689307,5.0405795339496855,823.6423601090896,28.455316462836876,44.590689919075565,0,0.0,,,,MODEL_NOT_OBSERVATION
S3_adaptive_blockade_transition1,1822,63.38374996205961,41.19943747533875,28.455316462836876,6.271003976116006,5.5,3.0,11.496840622879345,5.225836646763339,835.1392007319689,28.800221681523258,44.89370931803455,0,0.0,,,,MODEL_NOT_OBSERVATION
S3_adaptive_blockade_transition1,1823,63.700668711869895,41.405434662715436,28.800221681523258,6.504987632368795,5.5,3.0,11.925810659342792,5.420823026973997,847.0650113913117,29.15799600130354,45.211804308981556,0,0.0,,,,MODEL_NOT_OBSERVATION
S3_adaptive_blockade_transition1,1824,64.01917205542924,41.612461836029006,29.15799600130354,6.751285781903306,5.5,3.0,12.377357266822727,5.6260714849194216,859.4423686581345,29.529316719308223,45.5457249213687,0,0.0,,,,MODEL_NOT_OBSERVATION
S3_adaptive_blockade_transition1,1825,64.33926791570637,41.82052414520914,29.529316719308223,7.010572948810989,5.5,3.0,12.852717072820147,5.842144124009158,872.2950857309546,29.914898231492828,45.896258499546256,0,0.0,,,,MODEL_NOT_OBSERVATION
S3_adaptive_blockade_transition1,1826,64.66096425528491,42.02962676593519,29.914898231492828,7.283560742143109,5.5,3.0,13.353194693929035,6.069633951785926,885.6482804248836,30.3154940723107,46.26423155922517,0,0.0,,,,MODEL_NOT_OBSERVATION
S3_adaptive_blockade_transition1,1827,64.98426907656132,42.23977489976486,30.3154940723107,7.570999895514248,5.5,3.0,13.880166475109455,6.309166579595207,899.5284468999931,30.731899066563983,46.650511736301056,0,0.0,,,,MODEL_NOT_OBSERVATION
S3_adaptive_blockade_transition1,1828,65.30919042194411,42.45097377426367,30.731899066563983,7.873682418883547,5.5,3.0,14.435084434619837,6.56140201573629,913.963531334613,31.164951599602578,47.05600983263446,0,0.0,,,,MODEL_NOT_OBSERVATION
S3_adaptive_blockade_transition1,1829,65.63573637405382,42.663228643134985,31.164951599602578,8.192443868683739,5.5,3.0,15.019480425920188,6.827036557236449,928.9830117605331,31.615536012380183,47.48168196361131,0,0.0,,,,MODEL_NOT_OBSERVATION
S3_adaptive_blockade_transition1,1830,65.96391505592409,42.87654478635066,31.615536012380183,8.528165742806749,5.5,3.0,15.634970528479041,7.106804785672292,944.6179822890122,32.08458512823455,47.928531812547185,0,0.0,,,,MODEL_NOT_OBSERVATION
S3_adaptive_blockade_transition1,1831,66.2937346312037,43.090927510282405,32.08458512823455,8.881778007313244,5.5,3.0,16.28325968007428,7.401481672761037,960.9012419690864,32.57308291863678,48.39761299725103,0,0.0,,,,MODEL_NOT_OBSERVATION
S3_adaptive_blockade_transition1,1832,66.62520330435972,43.306382147833816,32.57308291863678,9.254261762110886,5.5,3.0,16.96614656386996,7.711884801759073,977.8673885329564,33.08206731555288,48.8900315543282,0,0.0,,,,MODEL_NOT_OBSERVATION
S3_adaptive_blockade_transition1,1833,66.9583293208815,43.52291405857298,33.08206731555288,9.646652053244352,5.5,3.0,17.685528764281315,8.038876711036963,995.5529172972377,33.61263317848132,49.40694854708085,0,0.0,,,,MODEL_NOT_OBSERVATION
S3_adaptive_blockade_transition1,1834,67.2931209674859,43.74052862886584,33.61263317848132,10.060040839861259,5.5,3.0,18.443408206412307,8.383367366551049,1013.99632550365,34.165935424673684,49.949582803154534,0,0.0,,,,MODEL_NOT_OBSERVATION
S3_adaptive_blockade_transition1,1835,67.62958657232333,43.959231272010165,34.165935424673684,10.495580124360515,5.5,3.0,19.241896894660947,8.746316770300432,1033.2382223983109,34.74319233151351,50.5192137883861,0,0.0,,,,MODEL_NOT_OBSERVATION
S3_adaptive_blockade_transition1,1836,67.96773450518494,44.179027428370205,34.74319233151351,10.954485254698781,5.5,3.0,20.08322296694777,9.128737712248988,1053.3214453652586,35.345689020521945,51.1171846236292,0,0.0,,,,MODEL_NOT_OBSERVATION
S3_adaptive_blockade_transition1,1837,68.30757317771086,44.399922565512064,35.345689020521945,11.438038408323152,5.5,3.0,20.969737081925782,9.53169867360263,1074.2911824471844,35.97478113297972,51.744905251670446,0,0.0,,,,MODEL_NOT_OBSERVATION
S3_adaptive_blockade_transition1,1838,68.6491110435994,44.62192217833962,35.97478113297972,11.94759226771994,5.5,3.0,21.90391915748656,9.956326889766618,1096.195101604671,36.631898707704316,52.403855761703824,0,0.0,,,,MODEL_NOT_OBSERVATION
S3_adaptive_blockade_transition1,1839,68.9923565988174,44.84503178923131,36.631898707704316,12.484573898118228,5.5,3.0,22.888385479883418,10.40381158176519,1119.0834870845545,37.31855027210082,53.09558987920153,0,0.0,,,,MODEL_NOT_OBSERVATION
S3_adaptive_blockade_transition1,1840,69.33731838181149,45.06925694817746,37.31855027210082,13.050488838466805,5.5,3.0,23.92589620385581,10.875407365389005,1143.0093832884102,38.036327158216494,53.82173862941057,0,0.0,,,,MODEL_NOT_OBSERVATION
S3_adaptive_blockade_transition1,1841,69.68400497372053,45.29460323291834,38.036327158216494,13.646925417414309,5.5,3.0,25.019363265259567,11.372437847845259,1168.0287465536696,38.78690805617428,54.584014183112586,0,0.0,,,,MODEL_NOT_OBSERVATION
S3_adaptive_blockade_transition1,1842,70.03242499858912,45.52107624908293,38.78690805617428,14.275559306668086,5.5,3.0,26.171858728891493,11.896299422223407,1194.2006052825611,39.57206381804103,55.38421389371522,0,0.0,,,,MODEL_NOT_OBSERVATION
S3_adaptive_blockade_transition1,1843,70.38258712358206,45.74868163032834,39.57206381804103,14.93815832478731,5.5,3.0,27.386623595443403,12.448465270656094,1221.5872288780045,40.39366252590433,56.2242245351936,0,0.0,,,,MODEL_NOT_OBSERVATION
S3_adaptive_blockade_transition1,1844,70.73450005919996,45.97742503847997,40.39366252590433,15.636587505184352,5.5,3.0,28.667077092837978,13.030489587653626,1250.2543059708423,41.25367483868947,57.106026750874875,0,0.0,,,,MODEL_NOT_OBSERVATION
S3_adaptive_blockade_transition1,1845,71.08817255949594,46.20731216367237,41.25367483868947,16.372814442865888,5.5,3.0,30.016826478587465,13.644012035721577,1280.2711324494298,42.15417963304709,58.03169972355523,0,0.0,,,,MODEL_NOT_OBSERVATION
S3_adaptive_blockade_transition1,1846,71.44361342229342,46.43834872449073,42.15417963304709,17.14891493524439,5.5,3.0,31.439677381281385,14.290762446036993,1311.7108098307112,43.097369954485536,59.00342607796095,0,0.0,,,,MODEL_NOT_OBSERVATION
S3_adaptive_blockade_transition1,1847,71.80083148940489,46.670540468113174,43.097369954485536,17.967078933193818,5.5,3.0,32.93964471085533,14.972565777661515,1344.6504545415667,44.085559295811194,60.02349702711325,0,0.0,1847,,,MODEL_NOT_OBSERVATION
S3_adaptive_blockade_transition1,1848,72.1598356468519,46.903893170453735,44.085559295811194,18.829616819413033,5.5,3.0,34.520964168923896,15.691347349510863,1379.1714187104906,45.12118822087891,61.09431777473083,0,0.0,1847,,,MODEL_NOT_OBSERVATION
S3_adaptive_blockade_transition2,1811,60.0,57.199999999999996,24.4,21.599999999999994,5.5,3.0,39.599999999999994,18.0,728.0651446811936,25.587999999999997,40.666666666666664,0,18.199999999999996,,,,MODEL_NOT_OBSERVATION
S3_adaptive_blockade_transition2,1812,60.3,48.34049999999999,25.587999999999997,13.628499999999988,5.5,3.0,24.985583333333313,11.357083333333325,753.050728014527,26.337567499999995,42.434494195688224,0,9.145499999999997,,,,MODEL_NOT_OBSERVATION
S3_adaptive_blockade_transition2,1813,60.60149999999999,39.39097499999999,26.337567499999995,5.127042500000002,5.5,3.0,9.39957791666667,4.272535416666669,762.4503059311936,26.619554837499994,43.46025675932114,0,0.0,,,,MODEL_NOT_OBSERVATION
S3_adaptive_blockade_transition2,1814,60.90450749999998,39.587929874999986,26.619554837499994,5.3029772124999965,5.5,3.0,9.722124889583329,4.419147677083332,772.172430820777,26.911218584187495,43.70703570257095,0,0.0,,,,MODEL_NOT_OBSERVATION
S3_adaptive_blockade_transition2,1815,61.20903003749997,39.78586952437498,26.911218584187495,5.488058071062497,5.5,3.0,10.061439796947912,4.573381725885415,782.2338706177248,27.21306177809593,43.96609220518643,0,0.0,,,,MODEL_NOT_OBSERVATION
S3_adaptive_blockade_transition2,1816,61.515075187687465,39.98479887199685,27.21306177809593,5.682785462405313,5.5,3.0,10.418440014409741,4.735654552004428,792.6523106321346,27.52561497852822,44.2380370910166,0,0.0,,,,MODEL_NOT_OBSERVATION
S3_adaptive_blockade_transition2,1817,61.8226505636259,40.184722866356836,27.52561497852822,5.887687281259161,5.5,3.0,10.79409334897513,4.906406067715968,803.4464039811097,27.849437778997476,44.523511573156725,0,0.0,,,,MODEL_NOT_OBSERVATION
S3_adaptive_blockade_transition2,1818,62.13176381644403,40.385646480688614,27.849437778997476,6.103320443242062,5.5,3.0,11.189420812610448,5.086100369368387,814.6358247937202,28.18512040337579,44.8231887658511,0,0.0,,,,MODEL_NOT_OBSERVATION
S3_adaptive_blockade_transition2,1819,62.44242263552624,40.58757471309205,28.18512040337579,6.330272480941602,5.5,3.0,11.605499548392938,5.275227067451336,826.2413243421131,28.53328538982758,45.137775271614835,0,0.0,,,,MODEL_NOT_OBSERVATION
S3_adaptive_blockade_transition2,1820,62.75463474870386,40.790512586657506,28.53328538982758,6.569163227781225,5.5,3.0,12.043465917598912,5.474302689817687,838.284790259712,28.894589367355547,45.46801284731708,0,0.0,,,,MODEL_NOT_OBSERVATION
S3_adaptive_blockade_transition2,1821,63.06840792244738,40.994465149590795,28.894589367355547,6.820646594498967,5.5,3.0,12.50451875658144,5.683872162082473,850.7893090162935,29.26972493005299,45.81468015315375,0,0.0,,,,MODEL_NOT_OBSERVATION
S3_adaptive_blockade_transition2,1822,63.38374996205961,41.19943747533875,29.26972493005299,7.085412443332132,5.5,3.0,12.989922812775575,5.904510369443443,863.7792318290691,29.65942261443626,46.17859458863404,0,0.0,,,,MODEL_NOT_OBSERVATION
S3_adaptive_blockade_transition2,1823,63.700668711869895,41.405434662715436,29.65942261443626,7.3641885652818075,5.5,3.0,13.501012369683314,6.136823804401507,877.2802441987524,30.06445298552676,46.56061421990938,0,0.0,,,,MODEL_NOT_OBSERVATION
S3_adaptive_blockade_transition2,1824,64.01917205542924,41.612461836029006,30.06445298552676,7.657742766126532,5.5,3.0,14.039195071231974,6.381452305105443,891.3194392699844,30.485628837663718,46.96163980298946,0,0.0,,,,MODEL_NOT_OBSERVATION
S3_adaptive_blockade_transition2,1825,64.33926791570637,41.82052414520914,30.485628837663718,7.966885067166487,5.5,3.0,14.605955956471893,6.6390708893054065,905.9253952264563,30.923807516357876,47.382616907615805,0,0.0,,,,MODEL_NOT_OBSERVATION
S3_adaptive_blockade_transition2,1826,64.66096425528491,42.02962676593519,30.923807516357876,8.292470027008164,5.5,3.0,15.202861716181635,6.910391689173471,921.1282569426379,31.379893367843323,47.82453814680066,0,0.0,,,,MODEL_NOT_OBSERVATION
S3_adaptive_blockade_transition2,1827,64.98426907656132,42.23977489976486,31.379893367843323,8.635399191046858,5.5,3.0,15.831565183585907,7.196165992539049,936.9598221262238,31.8548403233509,48.28844551728827,0,0.0,,,,MODEL_NOT_OBSERVATION
S3_adaptive_blockade_transition2,1828,65.30919042194411,42.45097377426367,31.8548403233509,8.996623675670463,5.5,3.0,16.493810072062516,7.497186396392053,953.4536321982863,32.34965462551278,48.77543285645685,0,0.0,,,,MODEL_NOT_OBSERVATION
S3_adaptive_blockade_transition2,1829,65.63573637405382,42.663228643134985,32.34965462551278,9.377146894593935,5.5,3.0,17.191435973422212,7.814289078828278,970.6450681717085,32.86539770471544,49.286648421454714,0,0.0,,,,MODEL_NOT_OBSERVATION
S3_adaptive_blockade_transition2,1830,65.96391505592409,42.87654478635066,32.86539770471544,9.778027435142008,5.5,3.0,17.92638363109368,8.148356195951674,988.5714518028022,33.403189213648254,49.823297596651464,0,0.0,,,,MODEL_NOT_OBSERVATION
S3_adaptive_blockade_transition2,1831,66.2937346312037,43.090927510282405,33.403189213648254,10.200382092726954,5.5,3.0,18.70070050333275,8.500318410605797,1007.272152306135,33.964210228748236,50.38664573578836,0,0.0,,,,MODEL_NOT_OBSERVATION
S3_adaptive_blockade_transition2,1832,66.62520330435972,43.306382147833816,33.964210228748236,10.64538907222233,5.5,3.0,19.516546632407607,8.871157560185278,1026.7886989385427,34.54970662772046,50.978021145529084,0,0.0,,,,MODEL_NOT_OBSERVATION
S3_adaptive_blockade_transition2,1833,66.9583293208815,43.52291405857298,34.54970662772046,11.114291365411944,5.5,3.0,20.376200836588566,9.261909471176622,1047.1648997751313,35.160992652818116,51.59881821744595,0,0.0,,,,MODEL_NOT_OBSERVATION
S3_adaptive_blockade_transition2,1834,67.2931209674859,43.74052862886584,35.160992652818116,11.60840031419805,5.5,3.0,21.282067242696428,9.673666928498378,1068.4469670178278,35.79945467009901,52.250500715826355,0,0.0,,,,MODEL_NOT_OBSERVATION
S3_adaptive_blockade_transition2,1835,67.62958657232333,43.959231272010165,35.79945467009901,12.129099369785834,5.5,3.0,22.236682177940697,10.107582808154863,1090.6836491957686,36.46655513543723,52.93460522905155,0,0.0,,,,MODEL_NOT_OBSERVATION
S3_adaptive_blockade_transition2,1836,67.96773450518494,44.179027428370205,36.46655513543723,12.677848058622502,5.5,3.0,23.24272144080792,10.564873382185418,1113.9263706365764,37.16383677866147,53.65274479268597,0,0.0,,,,MODEL_NOT_OBSERVATION
S3_adaptive_blockade_transition2,1837,68.30757317771086,44.399922565512064,37.16383677866147,13.256186166462669,5.5,3.0,24.303007971848228,11.046821805385559,1138.2293786084247,37.892927017816916,54.40661269281959,0,0.0,,,,MODEL_NOT_OBSERVATION
S3_adaptive_blockade_transition2,1838,68.6491110435994,44.62192217833962,37.892927017816916,13.865738152557128,5.5,3.0,25.420519946354737,11.55478179379761,1163.6498985547794,38.655542616207555,55.19798645863152,0,0.0,,,,MODEL_NOT_OBSERVATION
S3_adaptive_blockade_transition2,1839,68.9923565988174,44.84503178923131,38.655542616207555,14.508217806621474,5.5,3.0,26.59839931213937,12.090181505517897,1190.2482978669188,39.45349459557173,56.028732053588314,0,0.0,,,,MODEL_NOT_OBSERVATION
S3_adaptive_blockade_transition2,1840,69.33731838181149,45.06925694817746,39.45349459557173,15.18543316193771,5.5,3.0,27.8399607968858,12.654527634948092,1218.0882586638047,40.28869341947831,56.90080827515986,0,0.0,,,,MODEL_NOT_OBSERVATION
S3_adaptive_blockade_transition2,1841,69.68400497372053,45.29460323291834,40.28869341947831,15.899291678676121,5.5,3.0,29.148701410906224,13.249409732230102,1247.2369600747109,41.16315446180549,57.81627137342653,0,0.0,,,,MODEL_NOT_OBSERVATION
S3_adaptive_blockade_transition2,1842,70.03242499858912,45.52107624908293,41.16315446180549,16.651805712299293,5.5,3.0,30.528310472548704,13.87650476024941,1277.7652705472597,42.07900377598195,58.77727989946766,0,0.0,,,,MODEL_NOT_OBSERVATION
S3_adaptive_blockade_transition2,1843,70.38258712358206,45.74868163032834,42.07900377598195,17.44509828272824,5.5,3.0,31.982680185001772,14.537581902273534,1309.7479507322614,43.038484181532006,59.786099794963576,0,0.0,,,,MODEL_NOT_OBSERVATION
S3_adaptive_blockade_transition2,1844,70.73450005919996,45.97742503847997,43.038484181532006,18.281409160812018,5.5,3.0,33.51591679482204,15.234507634010022,1343.2638675270834,44.043961685376665,60.845109735011526,0,0.0,1844,,,MODEL_NOT_OBSERVATION
S3_adaptive_blockade_transition2,1845,71.08817255949594,46.20731216367237,44.043961685376665,19.163101289553083,5.5,3.0,35.132352364180655,15.969251074627572,1378.396219891264,45.09793225630209,61.9568067367534,0,0.0,1844,,,MODEL_NOT_OBSERVATION
S3_adaptive_blockade_transition2,1846,71.44361342229342,46.43834872449073,45.09793225630209,20.092667558499386,5.5,3.0,36.83655719058221,16.743889632082826,1415.2327770818463,46.20302897201955,63.12381204703964,0,0.0,1844,,,MODEL_NOT_OBSERVATION
S3_adaptive_blockade_transition2,1847,71.80083148940489,46.670540468113174,46.20302897201955,21.07273795072784,5.5,3.0,38.633352909667714,17.560614958939873,1453.866129991514,47.36202955930958,64.34887732301176,0,0.0,1844,,,MODEL_NOT_OBSERVATION
S3_adaptive_blockade_transition2,1848,72.1598356468519,46.903893170453735,47.36202955930958,22.106087082911415,5.5,3.0,40.527826318670925,18.42173923575951,1494.393956310185,48.57786434886971,65.63489112017655,0,0.0,1844,,,MODEL_NOT_OBSERVATION
