profile,corner,year_since_annexation,annual_arrivals,deployable_stock,security_frontier_requirement,net_stock,status
L,1,1,1080.0,0.0,4666.666666666667,-4666.666666666667,CONDITIONAL_MODEL_NOT_OBSERVATION
L,1,2,1260.0,864.0,3333.3333333333335,-2469.3333333333335,CONDITIONAL_MODEL_NOT_OBSERVATION
L,1,3,1440.0,1785.6000000000001,2000.0,-214.39999999999986,CONDITIONAL_MODEL_NOT_OBSERVATION
L,1,4,1440.0,2759.0400000000004,2000,759.0400000000004,CONDITIONAL_MODEL_NOT_OBSERVATION
L,1,5,1440.0,3635.1360000000004,2000,1635.1360000000004,CONDITIONAL_MODEL_NOT_OBSERVATION
L,1,6,1440.0,3856.7520000000004,2000,1856.7520000000004,CONDITIONAL_MODEL_NOT_OBSERVATION
L,1,7,1440.0,3961.728,2000,1961.728,CONDITIONAL_MODEL_NOT_OBSERVATION
L,1,8,1440.0,3961.728,2000,1961.728,CONDITIONAL_MODEL_NOT_OBSERVATION
L,1,9,1440.0,3961.728,2000,1961.728,CONDITIONAL_MODEL_NOT_OBSERVATION
L,1,10,1440.0,3961.728,2000,1961.728,CONDITIONAL_MODEL_NOT_OBSERVATION
L,1,11,1440.0,3961.728,2000,1961.728,CONDITIONAL_MODEL_NOT_OBSERVATION
L,1,12,1440.0,3961.728,2000,1961.728,CONDITIONAL_MODEL_NOT_OBSERVATION
L,1,13,1440.0,3961.728,2000,1961.728,CONDITIONAL_MODEL_NOT_OBSERVATION
L,1,14,1440.0,3961.728,2000,1961.728,CONDITIONAL_MODEL_NOT_OBSERVATION
L,1,15,1440.0,3961.728,2000,1961.728,CONDITIONAL_MODEL_NOT_OBSERVATION
L,1,16,1440.0,3961.728,2000,1961.728,CONDITIONAL_MODEL_NOT_OBSERVATION
L,1,17,1440.0,3961.728,2000,1961.728,CONDITIONAL_MODEL_NOT_OBSERVATION
L,1,18,1440.0,3961.728,2000,1961.728,CONDITIONAL_MODEL_NOT_OBSERVATION
L,1,19,1440.0,3961.728,2000,1961.728,CONDITIONAL_MODEL_NOT_OBSERVATION
L,1,20,1440.0,3961.728,2000,1961.728,CONDITIONAL_MODEL_NOT_OBSERVATION
L,2,1,1080.0,0.0,5333.333333333334,-5333.333333333334,CONDITIONAL_MODEL_NOT_OBSERVATION
L,2,2,1260.0,864.0,4666.666666666667,-3802.666666666667,CONDITIONAL_MODEL_NOT_OBSERVATION
L,2,3,1440.0,1785.6000000000001,4000.0,-2214.3999999999996,CONDITIONAL_MODEL_NOT_OBSERVATION
L,2,4,1440.0,2759.0400000000004,4000,-1240.9599999999996,CONDITIONAL_MODEL_NOT_OBSERVATION
L,2,5,1440.0,3635.1360000000004,4000,-364.8639999999996,CONDITIONAL_MODEL_NOT_OBSERVATION
L,2,6,1440.0,3856.7520000000004,4000,-143.2479999999996,CONDITIONAL_MODEL_NOT_OBSERVATION
L,2,7,1440.0,3961.728,4000,-38.271999999999935,CONDITIONAL_MODEL_NOT_OBSERVATION
L,2,8,1440.0,3961.728,4000,-38.271999999999935,CONDITIONAL_MODEL_NOT_OBSERVATION
L,2,9,1440.0,3961.728,4000,-38.271999999999935,CONDITIONAL_MODEL_NOT_OBSERVATION
L,2,10,1440.0,3961.728,4000,-38.271999999999935,CONDITIONAL_MODEL_NOT_OBSERVATION
L,2,11,1440.0,3961.728,4000,-38.271999999999935,CONDITIONAL_MODEL_NOT_OBSERVATION
L,2,12,1440.0,3961.728,4000,-38.271999999999935,CONDITIONAL_MODEL_NOT_OBSERVATION
L,2,13,1440.0,3961.728,4000,-38.271999999999935,CONDITIONAL_MODEL_NOT_OBSERVATION
L,2,14,1440.0,3961.728,4000,-38.271999999999935,CONDITIONAL_MODEL_NOT_OBSERVATION
L,2,15,1440.0,3961.728,4000,-38.271999999999935,CONDITIONAL_MODEL_NOT_OBSERVATION
L,2,16,1440.0,3961.728,4000,-38.271999999999935,CONDITIONAL_MODEL_NOT_OBSERVATION
L,2,17,1440.0,3961.728,4000,-38.271999999999935,CONDITIONAL_MODEL_NOT_OBSERVATION
L,2,18,1440.0,3961.728,4000,-38.271999999999935,CONDITIONAL_MODEL_NOT_OBSERVATION
L,2,19,1440.0,3961.728,4000,-38.271999999999935,CONDITIONAL_MODEL_NOT_OBSERVATION
L,2,20,1440.0,3961.728,4000,-38.271999999999935,CONDITIONAL_MODEL_NOT_OBSERVATION
L,3,1,1080.0,0.0,7333.333333333334,-7333.333333333334,CONDITIONAL_MODEL_NOT_OBSERVATION
L,3,2,1260.0,864.0,4666.666666666667,-3802.666666666667,CONDITIONAL_MODEL_NOT_OBSERVATION
L,3,3,1440.0,1785.6000000000001,2000.0,-214.39999999999986,CONDITIONAL_MODEL_NOT_OBSERVATION
L,3,4,1440.0,2759.0400000000004,2000,759.0400000000004,CONDITIONAL_MODEL_NOT_OBSERVATION
L,3,5,1440.0,3635.1360000000004,2000,1635.1360000000004,CONDITIONAL_MODEL_NOT_OBSERVATION
L,3,6,1440.0,3856.7520000000004,2000,1856.7520000000004,CONDITIONAL_MODEL_NOT_OBSERVATION
L,3,7,1440.0,3961.728,2000,1961.728,CONDITIONAL_MODEL_NOT_OBSERVATION
L,3,8,1440.0,3961.728,2000,1961.728,CONDITIONAL_MODEL_NOT_OBSERVATION
L,3,9,1440.0,3961.728,2000,1961.728,CONDITIONAL_MODEL_NOT_OBSERVATION
L,3,10,1440.0,3961.728,2000,1961.728,CONDITIONAL_MODEL_NOT_OBSERVATION
L,3,11,1440.0,3961.728,2000,1961.728,CONDITIONAL_MODEL_NOT_OBSERVATION
L,3,12,1440.0,3961.728,2000,1961.728,CONDITIONAL_MODEL_NOT_OBSERVATION
L,3,13,1440.0,3961.728,2000,1961.728,CONDITIONAL_MODEL_NOT_OBSERVATION
L,3,14,1440.0,3961.728,2000,1961.728,CONDITIONAL_MODEL_NOT_OBSERVATION
L,3,15,1440.0,3961.728,2000,1961.728,CONDITIONAL_MODEL_NOT_OBSERVATION
L,3,16,1440.0,3961.728,2000,1961.728,CONDITIONAL_MODEL_NOT_OBSERVATION
L,3,17,1440.0,3961.728,2000,1961.728,CONDITIONAL_MODEL_NOT_OBSERVATION
L,3,18,1440.0,3961.728,2000,1961.728,CONDITIONAL_MODEL_NOT_OBSERVATION
L,3,19,1440.0,3961.728,2000,1961.728,CONDITIONAL_MODEL_NOT_OBSERVATION
L,3,20,1440.0,3961.728,2000,1961.728,CONDITIONAL_MODEL_NOT_OBSERVATION
L,4,1,1080.0,0.0,8000.0,-8000.0,CONDITIONAL_MODEL_NOT_OBSERVATION
L,4,2,1260.0,864.0,6000.0,-5136.0,CONDITIONAL_MODEL_NOT_OBSERVATION
L,4,3,1440.0,1785.6000000000001,4000.0,-2214.3999999999996,CONDITIONAL_MODEL_NOT_OBSERVATION
L,4,4,1440.0,2759.0400000000004,4000,-1240.9599999999996,CONDITIONAL_MODEL_NOT_OBSERVATION
L,4,5,1440.0,3635.1360000000004,4000,-364.8639999999996,CONDITIONAL_MODEL_NOT_OBSERVATION
L,4,6,1440.0,3856.7520000000004,4000,-143.2479999999996,CONDITIONAL_MODEL_NOT_OBSERVATION
L,4,7,1440.0,3961.728,4000,-38.271999999999935,CONDITIONAL_MODEL_NOT_OBSERVATION
L,4,8,1440.0,3961.728,4000,-38.271999999999935,CONDITIONAL_MODEL_NOT_OBSERVATION
L,4,9,1440.0,3961.728,4000,-38.271999999999935,CONDITIONAL_MODEL_NOT_OBSERVATION
L,4,10,1440.0,3961.728,4000,-38.271999999999935,CONDITIONAL_MODEL_NOT_OBSERVATION
L,4,11,1440.0,3961.728,4000,-38.271999999999935,CONDITIONAL_MODEL_NOT_OBSERVATION
L,4,12,1440.0,3961.728,4000,-38.271999999999935,CONDITIONAL_MODEL_NOT_OBSERVATION
L,4,13,1440.0,3961.728,4000,-38.271999999999935,CONDITIONAL_MODEL_NOT_OBSERVATION
L,4,14,1440.0,3961.728,4000,-38.271999999999935,CONDITIONAL_MODEL_NOT_OBSERVATION
L,4,15,1440.0,3961.728,4000,-38.271999999999935,CONDITIONAL_MODEL_NOT_OBSERVATION
L,4,16,1440.0,3961.728,4000,-38.271999999999935,CONDITIONAL_MODEL_NOT_OBSERVATION
L,4,17,1440.0,3961.728,4000,-38.271999999999935,CONDITIONAL_MODEL_NOT_OBSERVATION
L,4,18,1440.0,3961.728,4000,-38.271999999999935,CONDITIONAL_MODEL_NOT_OBSERVATION
L,4,19,1440.0,3961.728,4000,-38.271999999999935,CONDITIONAL_MODEL_NOT_OBSERVATION
L,4,20,1440.0,3961.728,4000,-38.271999999999935,CONDITIONAL_MODEL_NOT_OBSERVATION
L,5,1,990.0000000000001,0.0,5333.333333333334,-5333.333333333334,CONDITIONAL_MODEL_NOT_OBSERVATION
L,5,2,1080.0,792.0000000000001,4666.666666666667,-3874.666666666667,CONDITIONAL_MODEL_NOT_OBSERVATION
L,5,3,1170.0,1576.8000000000002,4000.0,-2423.2,CONDITIONAL_MODEL_NOT_OBSERVATION
L,5,4,1260.0,2355.1200000000003,3333.3333333333335,-978.2133333333331,CONDITIONAL_MODEL_NOT_OBSERVATION
L,5,5,1350.0,3127.608,2666.6666666666665,460.94133333333366,CONDITIONAL_MODEL_NOT_OBSERVATION
L,5,6,1440.0,3375.216,2000.0,1375.216,CONDITIONAL_MODEL_NOT_OBSERVATION
L,5,7,1440.0,3622.824,2000,1622.824,CONDITIONAL_MODEL_NOT_OBSERVATION
L,5,8,1440.0,3798.4320000000002,2000,1798.4320000000002,CONDITIONAL_MODEL_NOT_OBSERVATION
L,5,9,1440.0,3909.2400000000002,2000,1909.2400000000002,CONDITIONAL_MODEL_NOT_OBSERVATION
L,5,10,1440.0,3961.728,2000,1961.728,CONDITIONAL_MODEL_NOT_OBSERVATION
L,5,11,1440.0,3961.728,2000,1961.728,CONDITIONAL_MODEL_NOT_OBSERVATION
L,5,12,1440.0,3961.728,2000,1961.728,CONDITIONAL_MODEL_NOT_OBSERVATION
L,5,13,1440.0,3961.728,2000,1961.728,CONDITIONAL_MODEL_NOT_OBSERVATION
L,5,14,1440.0,3961.728,2000,1961.728,CONDITIONAL_MODEL_NOT_OBSERVATION
L,5,15,1440.0,3961.728,2000,1961.728,CONDITIONAL_MODEL_NOT_OBSERVATION
L,5,16,1440.0,3961.728,2000,1961.728,CONDITIONAL_MODEL_NOT_OBSERVATION
L,5,17,1440.0,3961.728,2000,1961.728,CONDITIONAL_MODEL_NOT_OBSERVATION
L,5,18,1440.0,3961.728,2000,1961.728,CONDITIONAL_MODEL_NOT_OBSERVATION
L,5,19,1440.0,3961.728,2000,1961.728,CONDITIONAL_MODEL_NOT_OBSERVATION
L,5,20,1440.0,3961.728,2000,1961.728,CONDITIONAL_MODEL_NOT_OBSERVATION
L,6,1,990.0000000000001,0.0,5666.666666666667,-5666.666666666667,CONDITIONAL_MODEL_NOT_OBSERVATION
L,6,2,1080.0,792.0000000000001,5333.333333333334,-4541.333333333334,CONDITIONAL_MODEL_NOT_OBSERVATION
L,6,3,1170.0,1576.8000000000002,5000.0,-3423.2,CONDITIONAL_MODEL_NOT_OBSERVATION
L,6,4,1260.0,2355.1200000000003,4666.666666666667,-2311.5466666666666,CONDITIONAL_MODEL_NOT_OBSERVATION
L,6,5,1350.0,3127.608,4333.333333333333,-1205.7253333333329,CONDITIONAL_MODEL_NOT_OBSERVATION
L,6,6,1440.0,3375.216,4000.0,-624.7840000000001,CONDITIONAL_MODEL_NOT_OBSERVATION
L,6,7,1440.0,3622.824,4000,-377.17599999999993,CONDITIONAL_MODEL_NOT_OBSERVATION
L,6,8,1440.0,3798.4320000000002,4000,-201.56799999999976,CONDITIONAL_MODEL_NOT_OBSERVATION
L,6,9,1440.0,3909.2400000000002,4000,-90.75999999999976,CONDITIONAL_MODEL_NOT_OBSERVATION
L,6,10,1440.0,3961.728,4000,-38.271999999999935,CONDITIONAL_MODEL_NOT_OBSERVATION
L,6,11,1440.0,3961.728,4000,-38.271999999999935,CONDITIONAL_MODEL_NOT_OBSERVATION
L,6,12,1440.0,3961.728,4000,-38.271999999999935,CONDITIONAL_MODEL_NOT_OBSERVATION
L,6,13,1440.0,3961.728,4000,-38.271999999999935,CONDITIONAL_MODEL_NOT_OBSERVATION
L,6,14,1440.0,3961.728,4000,-38.271999999999935,CONDITIONAL_MODEL_NOT_OBSERVATION
L,6,15,1440.0,3961.728,4000,-38.271999999999935,CONDITIONAL_MODEL_NOT_OBSERVATION
L,6,16,1440.0,3961.728,4000,-38.271999999999935,CONDITIONAL_MODEL_NOT_OBSERVATION
L,6,17,1440.0,3961.728,4000,-38.271999999999935,CONDITIONAL_MODEL_NOT_OBSERVATION
L,6,18,1440.0,3961.728,4000,-38.271999999999935,CONDITIONAL_MODEL_NOT_OBSERVATION
L,6,19,1440.0,3961.728,4000,-38.271999999999935,CONDITIONAL_MODEL_NOT_OBSERVATION
L,6,20,1440.0,3961.728,4000,-38.271999999999935,CONDITIONAL_MODEL_NOT_OBSERVATION
L,7,1,990.0000000000001,0.0,8666.666666666668,-8666.666666666668,CONDITIONAL_MODEL_NOT_OBSERVATION
L,7,2,1080.0,792.0000000000001,7333.333333333334,-6541.333333333334,CONDITIONAL_MODEL_NOT_OBSERVATION
L,7,3,1170.0,1576.8000000000002,6000.0,-4423.2,CONDITIONAL_MODEL_NOT_OBSERVATION
L,7,4,1260.0,2355.1200000000003,4666.666666666667,-2311.5466666666666,CONDITIONAL_MODEL_NOT_OBSERVATION
L,7,5,1350.0,3127.608,3333.333333333333,-205.72533333333286,CONDITIONAL_MODEL_NOT_OBSERVATION
L,7,6,1440.0,3375.216,2000.0,1375.216,CONDITIONAL_MODEL_NOT_OBSERVATION
L,7,7,1440.0,3622.824,2000,1622.824,CONDITIONAL_MODEL_NOT_OBSERVATION
L,7,8,1440.0,3798.4320000000002,2000,1798.4320000000002,CONDITIONAL_MODEL_NOT_OBSERVATION
L,7,9,1440.0,3909.2400000000002,2000,1909.2400000000002,CONDITIONAL_MODEL_NOT_OBSERVATION
L,7,10,1440.0,3961.728,2000,1961.728,CONDITIONAL_MODEL_NOT_OBSERVATION
L,7,11,1440.0,3961.728,2000,1961.728,CONDITIONAL_MODEL_NOT_OBSERVATION
L,7,12,1440.0,3961.728,2000,1961.728,CONDITIONAL_MODEL_NOT_OBSERVATION
L,7,13,1440.0,3961.728,2000,1961.728,CONDITIONAL_MODEL_NOT_OBSERVATION
L,7,14,1440.0,3961.728,2000,1961.728,CONDITIONAL_MODEL_NOT_OBSERVATION
L,7,15,1440.0,3961.728,2000,1961.728,CONDITIONAL_MODEL_NOT_OBSERVATION
L,7,16,1440.0,3961.728,2000,1961.728,CONDITIONAL_MODEL_NOT_OBSERVATION
L,7,17,1440.0,3961.728,2000,1961.728,CONDITIONAL_MODEL_NOT_OBSERVATION
L,7,18,1440.0,3961.728,2000,1961.728,CONDITIONAL_MODEL_NOT_OBSERVATION
L,7,19,1440.0,3961.728,2000,1961.728,CONDITIONAL_MODEL_NOT_OBSERVATION
L,7,20,1440.0,3961.728,2000,1961.728,CONDITIONAL_MODEL_NOT_OBSERVATION
L,8,1,990.0000000000001,0.0,9000.0,-9000.0,CONDITIONAL_MODEL_NOT_OBSERVATION
L,8,2,1080.0,792.0000000000001,8000.0,-7208.0,CONDITIONAL_MODEL_NOT_OBSERVATION
L,8,3,1170.0,1576.8000000000002,7000.0,-5423.2,CONDITIONAL_MODEL_NOT_OBSERVATION
L,8,4,1260.0,2355.1200000000003,6000.0,-3644.8799999999997,CONDITIONAL_MODEL_NOT_OBSERVATION
L,8,5,1350.0,3127.608,5000.0,-1872.3919999999998,CONDITIONAL_MODEL_NOT_OBSERVATION
L,8,6,1440.0,3375.216,4000.0,-624.7840000000001,CONDITIONAL_MODEL_NOT_OBSERVATION
L,8,7,1440.0,3622.824,4000,-377.17599999999993,CONDITIONAL_MODEL_NOT_OBSERVATION
L,8,8,1440.0,3798.4320000000002,4000,-201.56799999999976,CONDITIONAL_MODEL_NOT_OBSERVATION
L,8,9,1440.0,3909.2400000000002,4000,-90.75999999999976,CONDITIONAL_MODEL_NOT_OBSERVATION
L,8,10,1440.0,3961.728,4000,-38.271999999999935,CONDITIONAL_MODEL_NOT_OBSERVATION
L,8,11,1440.0,3961.728,4000,-38.271999999999935,CONDITIONAL_MODEL_NOT_OBSERVATION
L,8,12,1440.0,3961.728,4000,-38.271999999999935,CONDITIONAL_MODEL_NOT_OBSERVATION
L,8,13,1440.0,3961.728,4000,-38.271999999999935,CONDITIONAL_MODEL_NOT_OBSERVATION
L,8,14,1440.0,3961.728,4000,-38.271999999999935,CONDITIONAL_MODEL_NOT_OBSERVATION
L,8,15,1440.0,3961.728,4000,-38.271999999999935,CONDITIONAL_MODEL_NOT_OBSERVATION
L,8,16,1440.0,3961.728,4000,-38.271999999999935,CONDITIONAL_MODEL_NOT_OBSERVATION
L,8,17,1440.0,3961.728,4000,-38.271999999999935,CONDITIONAL_MODEL_NOT_OBSERVATION
L,8,18,1440.0,3961.728,4000,-38.271999999999935,CONDITIONAL_MODEL_NOT_OBSERVATION
L,8,19,1440.0,3961.728,4000,-38.271999999999935,CONDITIONAL_MODEL_NOT_OBSERVATION
L,8,20,1440.0,3961.728,4000,-38.271999999999935,CONDITIONAL_MODEL_NOT_OBSERVATION
L,9,1,1169.9999999999998,0.0,4666.666666666667,-4666.666666666667,CONDITIONAL_MODEL_NOT_OBSERVATION
L,9,2,1439.9999999999998,935.9999999999999,3333.3333333333335,-2397.3333333333335,CONDITIONAL_MODEL_NOT_OBSERVATION
L,9,3,1710.0,1994.3999999999996,2000.0,-5.600000000000364,CONDITIONAL_MODEL_NOT_OBSERVATION
L,9,4,1710.0,3162.96,2000,1162.96,CONDITIONAL_MODEL_NOT_OBSERVATION
L,9,5,1710.0,4214.664,2000,2214.6639999999998,CONDITIONAL_MODEL_NOT_OBSERVATION
L,9,6,1710.0,4547.088000000001,2000,2547.0880000000006,CONDITIONAL_MODEL_NOT_OBSERVATION
L,9,7,1710.0,4704.552000000001,2000,2704.5520000000006,CONDITIONAL_MODEL_NOT_OBSERVATION
L,9,8,1710.0,4704.552000000001,2000,2704.5520000000006,CONDITIONAL_MODEL_NOT_OBSERVATION
L,9,9,1710.0,4704.552000000001,2000,2704.5520000000006,CONDITIONAL_MODEL_NOT_OBSERVATION
L,9,10,1710.0,4704.552000000001,2000,2704.5520000000006,CONDITIONAL_MODEL_NOT_OBSERVATION
L,9,11,1710.0,4704.552000000001,2000,2704.5520000000006,CONDITIONAL_MODEL_NOT_OBSERVATION
L,9,12,1710.0,4704.552000000001,2000,2704.5520000000006,CONDITIONAL_MODEL_NOT_OBSERVATION
L,9,13,1710.0,4704.552000000001,2000,2704.5520000000006,CONDITIONAL_MODEL_NOT_OBSERVATION
L,9,14,1710.0,4704.552000000001,2000,2704.5520000000006,CONDITIONAL_MODEL_NOT_OBSERVATION
L,9,15,1710.0,4704.552000000001,2000,2704.5520000000006,CONDITIONAL_MODEL_NOT_OBSERVATION
L,9,16,1710.0,4704.552000000001,2000,2704.5520000000006,CONDITIONAL_MODEL_NOT_OBSERVATION
L,9,17,1710.0,4704.552000000001,2000,2704.5520000000006,CONDITIONAL_MODEL_NOT_OBSERVATION
L,9,18,1710.0,4704.552000000001,2000,2704.5520000000006,CONDITIONAL_MODEL_NOT_OBSERVATION
L,9,19,1710.0,4704.552000000001,2000,2704.5520000000006,CONDITIONAL_MODEL_NOT_OBSERVATION
L,9,20,1710.0,4704.552000000001,2000,2704.5520000000006,CONDITIONAL_MODEL_NOT_OBSERVATION
L,10,1,1169.9999999999998,0.0,5333.333333333334,-5333.333333333334,CONDITIONAL_MODEL_NOT_OBSERVATION
L,10,2,1439.9999999999998,935.9999999999999,4666.666666666667,-3730.666666666667,CONDITIONAL_MODEL_NOT_OBSERVATION
L,10,3,1710.0,1994.3999999999996,4000.0,-2005.6000000000004,CONDITIONAL_MODEL_NOT_OBSERVATION
L,10,4,1710.0,3162.96,4000,-837.04,CONDITIONAL_MODEL_NOT_OBSERVATION
L,10,5,1710.0,4214.664,4000,214.66399999999976,CONDITIONAL_MODEL_NOT_OBSERVATION
L,10,6,1710.0,4547.088000000001,4000,547.0880000000006,CONDITIONAL_MODEL_NOT_OBSERVATION
L,10,7,1710.0,4704.552000000001,4000,704.5520000000006,CONDITIONAL_MODEL_NOT_OBSERVATION
L,10,8,1710.0,4704.552000000001,4000,704.5520000000006,CONDITIONAL_MODEL_NOT_OBSERVATION
L,10,9,1710.0,4704.552000000001,4000,704.5520000000006,CONDITIONAL_MODEL_NOT_OBSERVATION
L,10,10,1710.0,4704.552000000001,4000,704.5520000000006,CONDITIONAL_MODEL_NOT_OBSERVATION
L,10,11,1710.0,4704.552000000001,4000,704.5520000000006,CONDITIONAL_MODEL_NOT_OBSERVATION
L,10,12,1710.0,4704.552000000001,4000,704.5520000000006,CONDITIONAL_MODEL_NOT_OBSERVATION
L,10,13,1710.0,4704.552000000001,4000,704.5520000000006,CONDITIONAL_MODEL_NOT_OBSERVATION
L,10,14,1710.0,4704.552000000001,4000,704.5520000000006,CONDITIONAL_MODEL_NOT_OBSERVATION
L,10,15,1710.0,4704.552000000001,4000,704.5520000000006,CONDITIONAL_MODEL_NOT_OBSERVATION
L,10,16,1710.0,4704.552000000001,4000,704.5520000000006,CONDITIONAL_MODEL_NOT_OBSERVATION
L,10,17,1710.0,4704.552000000001,4000,704.5520000000006,CONDITIONAL_MODEL_NOT_OBSERVATION
L,10,18,1710.0,4704.552000000001,4000,704.5520000000006,CONDITIONAL_MODEL_NOT_OBSERVATION
L,10,19,1710.0,4704.552000000001,4000,704.5520000000006,CONDITIONAL_MODEL_NOT_OBSERVATION
L,10,20,1710.0,4704.552000000001,4000,704.5520000000006,CONDITIONAL_MODEL_NOT_OBSERVATION
L,11,1,1169.9999999999998,0.0,7333.333333333334,-7333.333333333334,CONDITIONAL_MODEL_NOT_OBSERVATION
L,11,2,1439.9999999999998,935.9999999999999,4666.666666666667,-3730.666666666667,CONDITIONAL_MODEL_NOT_OBSERVATION
L,11,3,1710.0,1994.3999999999996,2000.0,-5.600000000000364,CONDITIONAL_MODEL_NOT_OBSERVATION
L,11,4,1710.0,3162.96,2000,1162.96,CONDITIONAL_MODEL_NOT_OBSERVATION
L,11,5,1710.0,4214.664,2000,2214.6639999999998,CONDITIONAL_MODEL_NOT_OBSERVATION
L,11,6,1710.0,4547.088000000001,2000,2547.0880000000006,CONDITIONAL_MODEL_NOT_OBSERVATION
L,11,7,1710.0,4704.552000000001,2000,2704.5520000000006,CONDITIONAL_MODEL_NOT_OBSERVATION
L,11,8,1710.0,4704.552000000001,2000,2704.5520000000006,CONDITIONAL_MODEL_NOT_OBSERVATION
L,11,9,1710.0,4704.552000000001,2000,2704.5520000000006,CONDITIONAL_MODEL_NOT_OBSERVATION
L,11,10,1710.0,4704.552000000001,2000,2704.5520000000006,CONDITIONAL_MODEL_NOT_OBSERVATION
L,11,11,1710.0,4704.552000000001,2000,2704.5520000000006,CONDITIONAL_MODEL_NOT_OBSERVATION
L,11,12,1710.0,4704.552000000001,2000,2704.5520000000006,CONDITIONAL_MODEL_NOT_OBSERVATION
L,11,13,1710.0,4704.552000000001,2000,2704.5520000000006,CONDITIONAL_MODEL_NOT_OBSERVATION
L,11,14,1710.0,4704.552000000001,2000,2704.5520000000006,CONDITIONAL_MODEL_NOT_OBSERVATION
L,11,15,1710.0,4704.552000000001,2000,2704.5520000000006,CONDITIONAL_MODEL_NOT_OBSERVATION
L,11,16,1710.0,4704.552000000001,2000,2704.5520000000006,CONDITIONAL_MODEL_NOT_OBSERVATION
L,11,17,1710.0,4704.552000000001,2000,2704.5520000000006,CONDITIONAL_MODEL_NOT_OBSERVATION
L,11,18,1710.0,4704.552000000001,2000,2704.5520000000006,CONDITIONAL_MODEL_NOT_OBSERVATION
L,11,19,1710.0,4704.552000000001,2000,2704.5520000000006,CONDITIONAL_MODEL_NOT_OBSERVATION
L,11,20,1710.0,4704.552000000001,2000,2704.5520000000006,CONDITIONAL_MODEL_NOT_OBSERVATION
L,12,1,1169.9999999999998,0.0,8000.0,-8000.0,CONDITIONAL_MODEL_NOT_OBSERVATION
L,12,2,1439.9999999999998,935.9999999999999,6000.0,-5064.0,CONDITIONAL_MODEL_NOT_OBSERVATION
L,12,3,1710.0,1994.3999999999996,4000.0,-2005.6000000000004,CONDITIONAL_MODEL_NOT_OBSERVATION
L,12,4,1710.0,3162.96,4000,-837.04,CONDITIONAL_MODEL_NOT_OBSERVATION
L,12,5,1710.0,4214.664,4000,214.66399999999976,CONDITIONAL_MODEL_NOT_OBSERVATION
L,12,6,1710.0,4547.088000000001,4000,547.0880000000006,CONDITIONAL_MODEL_NOT_OBSERVATION
L,12,7,1710.0,4704.552000000001,4000,704.5520000000006,CONDITIONAL_MODEL_NOT_OBSERVATION
L,12,8,1710.0,4704.552000000001,4000,704.5520000000006,CONDITIONAL_MODEL_NOT_OBSERVATION
L,12,9,1710.0,4704.552000000001,4000,704.5520000000006,CONDITIONAL_MODEL_NOT_OBSERVATION
L,12,10,1710.0,4704.552000000001,4000,704.5520000000006,CONDITIONAL_MODEL_NOT_OBSERVATION
L,12,11,1710.0,4704.552000000001,4000,704.5520000000006,CONDITIONAL_MODEL_NOT_OBSERVATION
L,12,12,1710.0,4704.552000000001,4000,704.5520000000006,CONDITIONAL_MODEL_NOT_OBSERVATION
L,12,13,1710.0,4704.552000000001,4000,704.5520000000006,CONDITIONAL_MODEL_NOT_OBSERVATION
L,12,14,1710.0,4704.552000000001,4000,704.5520000000006,CONDITIONAL_MODEL_NOT_OBSERVATION
L,12,15,1710.0,4704.552000000001,4000,704.5520000000006,CONDITIONAL_MODEL_NOT_OBSERVATION
L,12,16,1710.0,4704.552000000001,4000,704.5520000000006,CONDITIONAL_MODEL_NOT_OBSERVATION
L,12,17,1710.0,4704.552000000001,4000,704.5520000000006,CONDITIONAL_MODEL_NOT_OBSERVATION
L,12,18,1710.0,4704.552000000001,4000,704.5520000000006,CONDITIONAL_MODEL_NOT_OBSERVATION
L,12,19,1710.0,4704.552000000001,4000,704.5520000000006,CONDITIONAL_MODEL_NOT_OBSERVATION
L,12,20,1710.0,4704.552000000001,4000,704.5520000000006,CONDITIONAL_MODEL_NOT_OBSERVATION
L,13,1,1035.0,0.0,5333.333333333334,-5333.333333333334,CONDITIONAL_MODEL_NOT_OBSERVATION
L,13,2,1169.9999999999998,828.0,4666.666666666667,-3838.666666666667,CONDITIONAL_MODEL_NOT_OBSERVATION
L,13,3,1305.0,1681.2,4000.0,-2318.8,CONDITIONAL_MODEL_NOT_OBSERVATION
L,13,4,1439.9999999999998,2557.08,3333.3333333333335,-776.2533333333336,CONDITIONAL_MODEL_NOT_OBSERVATION
L,13,5,1575.0,3453.3720000000003,2666.6666666666665,786.7053333333338,CONDITIONAL_MODEL_NOT_OBSERVATION
L,13,6,1710.0,3824.7840000000006,2000.0,1824.7840000000006,CONDITIONAL_MODEL_NOT_OBSERVATION
L,13,7,1710.0,4196.196,2000,2196.196,CONDITIONAL_MODEL_NOT_OBSERVATION
L,13,8,1710.0,4459.608,2000,2459.608,CONDITIONAL_MODEL_NOT_OBSERVATION
L,13,9,1710.0,4625.820000000001,2000,2625.8200000000006,CONDITIONAL_MODEL_NOT_OBSERVATION
L,13,10,1710.0,4704.552000000001,2000,2704.5520000000006,CONDITIONAL_MODEL_NOT_OBSERVATION
L,13,11,1710.0,4704.552000000001,2000,2704.5520000000006,CONDITIONAL_MODEL_NOT_OBSERVATION
L,13,12,1710.0,4704.552000000001,2000,2704.5520000000006,CONDITIONAL_MODEL_NOT_OBSERVATION
L,13,13,1710.0,4704.552000000001,2000,2704.5520000000006,CONDITIONAL_MODEL_NOT_OBSERVATION
L,13,14,1710.0,4704.552000000001,2000,2704.5520000000006,CONDITIONAL_MODEL_NOT_OBSERVATION
L,13,15,1710.0,4704.552000000001,2000,2704.5520000000006,CONDITIONAL_MODEL_NOT_OBSERVATION
L,13,16,1710.0,4704.552000000001,2000,2704.5520000000006,CONDITIONAL_MODEL_NOT_OBSERVATION
L,13,17,1710.0,4704.552000000001,2000,2704.5520000000006,CONDITIONAL_MODEL_NOT_OBSERVATION
L,13,18,1710.0,4704.552000000001,2000,2704.5520000000006,CONDITIONAL_MODEL_NOT_OBSERVATION
L,13,19,1710.0,4704.552000000001,2000,2704.5520000000006,CONDITIONAL_MODEL_NOT_OBSERVATION
L,13,20,1710.0,4704.552000000001,2000,2704.5520000000006,CONDITIONAL_MODEL_NOT_OBSERVATION
L,14,1,1035.0,0.0,5666.666666666667,-5666.666666666667,CONDITIONAL_MODEL_NOT_OBSERVATION
L,14,2,1169.9999999999998,828.0,5333.333333333334,-4505.333333333334,CONDITIONAL_MODEL_NOT_OBSERVATION
L,14,3,1305.0,1681.2,5000.0,-3318.8,CONDITIONAL_MODEL_NOT_OBSERVATION
L,14,4,1439.9999999999998,2557.08,4666.666666666667,-2109.586666666667,CONDITIONAL_MODEL_NOT_OBSERVATION
L,14,5,1575.0,3453.3720000000003,4333.333333333333,-879.9613333333327,CONDITIONAL_MODEL_NOT_OBSERVATION
L,14,6,1710.0,3824.7840000000006,4000.0,-175.21599999999944,CONDITIONAL_MODEL_NOT_OBSERVATION
L,14,7,1710.0,4196.196,4000,196.1959999999999,CONDITIONAL_MODEL_NOT_OBSERVATION
L,14,8,1710.0,4459.608,4000,459.6080000000002,CONDITIONAL_MODEL_NOT_OBSERVATION
L,14,9,1710.0,4625.820000000001,4000,625.8200000000006,CONDITIONAL_MODEL_NOT_OBSERVATION
L,14,10,1710.0,4704.552000000001,4000,704.5520000000006,CONDITIONAL_MODEL_NOT_OBSERVATION
L,14,11,1710.0,4704.552000000001,4000,704.5520000000006,CONDITIONAL_MODEL_NOT_OBSERVATION
L,14,12,1710.0,4704.552000000001,4000,704.5520000000006,CONDITIONAL_MODEL_NOT_OBSERVATION
L,14,13,1710.0,4704.552000000001,4000,704.5520000000006,CONDITIONAL_MODEL_NOT_OBSERVATION
L,14,14,1710.0,4704.552000000001,4000,704.5520000000006,CONDITIONAL_MODEL_NOT_OBSERVATION
L,14,15,1710.0,4704.552000000001,4000,704.5520000000006,CONDITIONAL_MODEL_NOT_OBSERVATION
L,14,16,1710.0,4704.552000000001,4000,704.5520000000006,CONDITIONAL_MODEL_NOT_OBSERVATION
L,14,17,1710.0,4704.552000000001,4000,704.5520000000006,CONDITIONAL_MODEL_NOT_OBSERVATION
L,14,18,1710.0,4704.552000000001,4000,704.5520000000006,CONDITIONAL_MODEL_NOT_OBSERVATION
L,14,19,1710.0,4704.552000000001,4000,704.5520000000006,CONDITIONAL_MODEL_NOT_OBSERVATION
L,14,20,1710.0,4704.552000000001,4000,704.5520000000006,CONDITIONAL_MODEL_NOT_OBSERVATION
L,15,1,1035.0,0.0,8666.666666666668,-8666.666666666668,CONDITIONAL_MODEL_NOT_OBSERVATION
L,15,2,1169.9999999999998,828.0,7333.333333333334,-6505.333333333334,CONDITIONAL_MODEL_NOT_OBSERVATION
L,15,3,1305.0,1681.2,6000.0,-4318.8,CONDITIONAL_MODEL_NOT_OBSERVATION
L,15,4,1439.9999999999998,2557.08,4666.666666666667,-2109.586666666667,CONDITIONAL_MODEL_NOT_OBSERVATION
L,15,5,1575.0,3453.3720000000003,3333.333333333333,120.03866666666727,CONDITIONAL_MODEL_NOT_OBSERVATION
L,15,6,1710.0,3824.7840000000006,2000.0,1824.7840000000006,CONDITIONAL_MODEL_NOT_OBSERVATION
L,15,7,1710.0,4196.196,2000,2196.196,CONDITIONAL_MODEL_NOT_OBSERVATION
L,15,8,1710.0,4459.608,2000,2459.608,CONDITIONAL_MODEL_NOT_OBSERVATION
L,15,9,1710.0,4625.820000000001,2000,2625.8200000000006,CONDITIONAL_MODEL_NOT_OBSERVATION
L,15,10,1710.0,4704.552000000001,2000,2704.5520000000006,CONDITIONAL_MODEL_NOT_OBSERVATION
L,15,11,1710.0,4704.552000000001,2000,2704.5520000000006,CONDITIONAL_MODEL_NOT_OBSERVATION
L,15,12,1710.0,4704.552000000001,2000,2704.5520000000006,CONDITIONAL_MODEL_NOT_OBSERVATION
L,15,13,1710.0,4704.552000000001,2000,2704.5520000000006,CONDITIONAL_MODEL_NOT_OBSERVATION
L,15,14,1710.0,4704.552000000001,2000,2704.5520000000006,CONDITIONAL_MODEL_NOT_OBSERVATION
L,15,15,1710.0,4704.552000000001,2000,2704.5520000000006,CONDITIONAL_MODEL_NOT_OBSERVATION
L,15,16,1710.0,4704.552000000001,2000,2704.5520000000006,CONDITIONAL_MODEL_NOT_OBSERVATION
L,15,17,1710.0,4704.552000000001,2000,2704.5520000000006,CONDITIONAL_MODEL_NOT_OBSERVATION
L,15,18,1710.0,4704.552000000001,2000,2704.5520000000006,CONDITIONAL_MODEL_NOT_OBSERVATION
L,15,19,1710.0,4704.552000000001,2000,2704.5520000000006,CONDITIONAL_MODEL_NOT_OBSERVATION
L,15,20,1710.0,4704.552000000001,2000,2704.5520000000006,CONDITIONAL_MODEL_NOT_OBSERVATION
L,16,1,1035.0,0.0,9000.0,-9000.0,CONDITIONAL_MODEL_NOT_OBSERVATION
L,16,2,1169.9999999999998,828.0,8000.0,-7172.0,CONDITIONAL_MODEL_NOT_OBSERVATION
L,16,3,1305.0,1681.2,7000.0,-5318.8,CONDITIONAL_MODEL_NOT_OBSERVATION
L,16,4,1439.9999999999998,2557.08,6000.0,-3442.92,CONDITIONAL_MODEL_NOT_OBSERVATION
L,16,5,1575.0,3453.3720000000003,5000.0,-1546.6279999999997,CONDITIONAL_MODEL_NOT_OBSERVATION
L,16,6,1710.0,3824.7840000000006,4000.0,-175.21599999999944,CONDITIONAL_MODEL_NOT_OBSERVATION
L,16,7,1710.0,4196.196,4000,196.1959999999999,CONDITIONAL_MODEL_NOT_OBSERVATION
L,16,8,1710.0,4459.608,4000,459.6080000000002,CONDITIONAL_MODEL_NOT_OBSERVATION
L,16,9,1710.0,4625.820000000001,4000,625.8200000000006,CONDITIONAL_MODEL_NOT_OBSERVATION
L,16,10,1710.0,4704.552000000001,4000,704.5520000000006,CONDITIONAL_MODEL_NOT_OBSERVATION
L,16,11,1710.0,4704.552000000001,4000,704.5520000000006,CONDITIONAL_MODEL_NOT_OBSERVATION
L,16,12,1710.0,4704.552000000001,4000,704.5520000000006,CONDITIONAL_MODEL_NOT_OBSERVATION
L,16,13,1710.0,4704.552000000001,4000,704.5520000000006,CONDITIONAL_MODEL_NOT_OBSERVATION
L,16,14,1710.0,4704.552000000001,4000,704.5520000000006,CONDITIONAL_MODEL_NOT_OBSERVATION
L,16,15,1710.0,4704.552000000001,4000,704.5520000000006,CONDITIONAL_MODEL_NOT_OBSERVATION
L,16,16,1710.0,4704.552000000001,4000,704.5520000000006,CONDITIONAL_MODEL_NOT_OBSERVATION
L,16,17,1710.0,4704.552000000001,4000,704.5520000000006,CONDITIONAL_MODEL_NOT_OBSERVATION
L,16,18,1710.0,4704.552000000001,4000,704.5520000000006,CONDITIONAL_MODEL_NOT_OBSERVATION
L,16,19,1710.0,4704.552000000001,4000,704.5520000000006,CONDITIONAL_MODEL_NOT_OBSERVATION
L,16,20,1710.0,4704.552000000001,4000,704.5520000000006,CONDITIONAL_MODEL_NOT_OBSERVATION
L,17,1,1320.0,0.0,4666.666666666667,-4666.666666666667,CONDITIONAL_MODEL_NOT_OBSERVATION
L,17,2,1380.0,1056.0,3333.3333333333335,-2277.3333333333335,CONDITIONAL_MODEL_NOT_OBSERVATION
L,17,3,1440.0,2054.4,2000.0,54.40000000000009,CONDITIONAL_MODEL_NOT_OBSERVATION
L,17,4,1440.0,3000.96,2000,1000.96,CONDITIONAL_MODEL_NOT_OBSERVATION
L,17,5,1440.0,3852.864,2000,1852.864,CONDITIONAL_MODEL_NOT_OBSERVATION
L,17,6,1440.0,3926.7360000000003,2000,1926.7360000000003,CONDITIONAL_MODEL_NOT_OBSERVATION
L,17,7,1440.0,3961.728,2000,1961.728,CONDITIONAL_MODEL_NOT_OBSERVATION
L,17,8,1440.0,3961.728,2000,1961.728,CONDITIONAL_MODEL_NOT_OBSERVATION
L,17,9,1440.0,3961.728,2000,1961.728,CONDITIONAL_MODEL_NOT_OBSERVATION
L,17,10,1440.0,3961.728,2000,1961.728,CONDITIONAL_MODEL_NOT_OBSERVATION
L,17,11,1440.0,3961.728,2000,1961.728,CONDITIONAL_MODEL_NOT_OBSERVATION
L,17,12,1440.0,3961.728,2000,1961.728,CONDITIONAL_MODEL_NOT_OBSERVATION
L,17,13,1440.0,3961.728,2000,1961.728,CONDITIONAL_MODEL_NOT_OBSERVATION
L,17,14,1440.0,3961.728,2000,1961.728,CONDITIONAL_MODEL_NOT_OBSERVATION
L,17,15,1440.0,3961.728,2000,1961.728,CONDITIONAL_MODEL_NOT_OBSERVATION
L,17,16,1440.0,3961.728,2000,1961.728,CONDITIONAL_MODEL_NOT_OBSERVATION
L,17,17,1440.0,3961.728,2000,1961.728,CONDITIONAL_MODEL_NOT_OBSERVATION
L,17,18,1440.0,3961.728,2000,1961.728,CONDITIONAL_MODEL_NOT_OBSERVATION
L,17,19,1440.0,3961.728,2000,1961.728,CONDITIONAL_MODEL_NOT_OBSERVATION
L,17,20,1440.0,3961.728,2000,1961.728,CONDITIONAL_MODEL_NOT_OBSERVATION
L,18,1,1320.0,0.0,5333.333333333334,-5333.333333333334,CONDITIONAL_MODEL_NOT_OBSERVATION
L,18,2,1380.0,1056.0,4666.666666666667,-3610.666666666667,CONDITIONAL_MODEL_NOT_OBSERVATION
L,18,3,1440.0,2054.4,4000.0,-1945.6,CONDITIONAL_MODEL_NOT_OBSERVATION
L,18,4,1440.0,3000.96,4000,-999.04,CONDITIONAL_MODEL_NOT_OBSERVATION
L,18,5,1440.0,3852.864,4000,-147.13599999999997,CONDITIONAL_MODEL_NOT_OBSERVATION
L,18,6,1440.0,3926.7360000000003,4000,-73.26399999999967,CONDITIONAL_MODEL_NOT_OBSERVATION
L,18,7,1440.0,3961.728,4000,-38.271999999999935,CONDITIONAL_MODEL_NOT_OBSERVATION
L,18,8,1440.0,3961.728,4000,-38.271999999999935,CONDITIONAL_MODEL_NOT_OBSERVATION
L,18,9,1440.0,3961.728,4000,-38.271999999999935,CONDITIONAL_MODEL_NOT_OBSERVATION
L,18,10,1440.0,3961.728,4000,-38.271999999999935,CONDITIONAL_MODEL_NOT_OBSERVATION
L,18,11,1440.0,3961.728,4000,-38.271999999999935,CONDITIONAL_MODEL_NOT_OBSERVATION
L,18,12,1440.0,3961.728,4000,-38.271999999999935,CONDITIONAL_MODEL_NOT_OBSERVATION
L,18,13,1440.0,3961.728,4000,-38.271999999999935,CONDITIONAL_MODEL_NOT_OBSERVATION
L,18,14,1440.0,3961.728,4000,-38.271999999999935,CONDITIONAL_MODEL_NOT_OBSERVATION
L,18,15,1440.0,3961.728,4000,-38.271999999999935,CONDITIONAL_MODEL_NOT_OBSERVATION
L,18,16,1440.0,3961.728,4000,-38.271999999999935,CONDITIONAL_MODEL_NOT_OBSERVATION
L,18,17,1440.0,3961.728,4000,-38.271999999999935,CONDITIONAL_MODEL_NOT_OBSERVATION
L,18,18,1440.0,3961.728,4000,-38.271999999999935,CONDITIONAL_MODEL_NOT_OBSERVATION
L,18,19,1440.0,3961.728,4000,-38.271999999999935,CONDITIONAL_MODEL_NOT_OBSERVATION
L,18,20,1440.0,3961.728,4000,-38.271999999999935,CONDITIONAL_MODEL_NOT_OBSERVATION
L,19,1,1320.0,0.0,7333.333333333334,-7333.333333333334,CONDITIONAL_MODEL_NOT_OBSERVATION
L,19,2,1380.0,1056.0,4666.666666666667,-3610.666666666667,CONDITIONAL_MODEL_NOT_OBSERVATION
L,19,3,1440.0,2054.4,2000.0,54.40000000000009,CONDITIONAL_MODEL_NOT_OBSERVATION
L,19,4,1440.0,3000.96,2000,1000.96,CONDITIONAL_MODEL_NOT_OBSERVATION
L,19,5,1440.0,3852.864,2000,1852.864,CONDITIONAL_MODEL_NOT_OBSERVATION
L,19,6,1440.0,3926.7360000000003,2000,1926.7360000000003,CONDITIONAL_MODEL_NOT_OBSERVATION
L,19,7,1440.0,3961.728,2000,1961.728,CONDITIONAL_MODEL_NOT_OBSERVATION
L,19,8,1440.0,3961.728,2000,1961.728,CONDITIONAL_MODEL_NOT_OBSERVATION
L,19,9,1440.0,3961.728,2000,1961.728,CONDITIONAL_MODEL_NOT_OBSERVATION
L,19,10,1440.0,3961.728,2000,1961.728,CONDITIONAL_MODEL_NOT_OBSERVATION
L,19,11,1440.0,3961.728,2000,1961.728,CONDITIONAL_MODEL_NOT_OBSERVATION
L,19,12,1440.0,3961.728,2000,1961.728,CONDITIONAL_MODEL_NOT_OBSERVATION
L,19,13,1440.0,3961.728,2000,1961.728,CONDITIONAL_MODEL_NOT_OBSERVATION
L,19,14,1440.0,3961.728,2000,1961.728,CONDITIONAL_MODEL_NOT_OBSERVATION
L,19,15,1440.0,3961.728,2000,1961.728,CONDITIONAL_MODEL_NOT_OBSERVATION
L,19,16,1440.0,3961.728,2000,1961.728,CONDITIONAL_MODEL_NOT_OBSERVATION
L,19,17,1440.0,3961.728,2000,1961.728,CONDITIONAL_MODEL_NOT_OBSERVATION
L,19,18,1440.0,3961.728,2000,1961.728,CONDITIONAL_MODEL_NOT_OBSERVATION
L,19,19,1440.0,3961.728,2000,1961.728,CONDITIONAL_MODEL_NOT_OBSERVATION
L,19,20,1440.0,3961.728,2000,1961.728,CONDITIONAL_MODEL_NOT_OBSERVATION
L,20,1,1320.0,0.0,8000.0,-8000.0,CONDITIONAL_MODEL_NOT_OBSERVATION
L,20,2,1380.0,1056.0,6000.0,-4944.0,CONDITIONAL_MODEL_NOT_OBSERVATION
L,20,3,1440.0,2054.4,4000.0,-1945.6,CONDITIONAL_MODEL_NOT_OBSERVATION
L,20,4,1440.0,3000.96,4000,-999.04,CONDITIONAL_MODEL_NOT_OBSERVATION
L,20,5,1440.0,3852.864,4000,-147.13599999999997,CONDITIONAL_MODEL_NOT_OBSERVATION
L,20,6,1440.0,3926.7360000000003,4000,-73.26399999999967,CONDITIONAL_MODEL_NOT_OBSERVATION
L,20,7,1440.0,3961.728,4000,-38.271999999999935,CONDITIONAL_MODEL_NOT_OBSERVATION
L,20,8,1440.0,3961.728,4000,-38.271999999999935,CONDITIONAL_MODEL_NOT_OBSERVATION
L,20,9,1440.0,3961.728,4000,-38.271999999999935,CONDITIONAL_MODEL_NOT_OBSERVATION
L,20,10,1440.0,3961.728,4000,-38.271999999999935,CONDITIONAL_MODEL_NOT_OBSERVATION
L,20,11,1440.0,3961.728,4000,-38.271999999999935,CONDITIONAL_MODEL_NOT_OBSERVATION
L,20,12,1440.0,3961.728,4000,-38.271999999999935,CONDITIONAL_MODEL_NOT_OBSERVATION
L,20,13,1440.0,3961.728,4000,-38.271999999999935,CONDITIONAL_MODEL_NOT_OBSERVATION
L,20,14,1440.0,3961.728,4000,-38.271999999999935,CONDITIONAL_MODEL_NOT_OBSERVATION
L,20,15,1440.0,3961.728,4000,-38.271999999999935,CONDITIONAL_MODEL_NOT_OBSERVATION
L,20,16,1440.0,3961.728,4000,-38.271999999999935,CONDITIONAL_MODEL_NOT_OBSERVATION
L,20,17,1440.0,3961.728,4000,-38.271999999999935,CONDITIONAL_MODEL_NOT_OBSERVATION
L,20,18,1440.0,3961.728,4000,-38.271999999999935,CONDITIONAL_MODEL_NOT_OBSERVATION
L,20,19,1440.0,3961.728,4000,-38.271999999999935,CONDITIONAL_MODEL_NOT_OBSERVATION
L,20,20,1440.0,3961.728,4000,-38.271999999999935,CONDITIONAL_MODEL_NOT_OBSERVATION
L,21,1,1290.0,0.0,5333.333333333334,-5333.333333333334,CONDITIONAL_MODEL_NOT_OBSERVATION
L,21,2,1320.0,1032.0,4666.666666666667,-3634.666666666667,CONDITIONAL_MODEL_NOT_OBSERVATION
L,21,3,1350.0,1984.8000000000002,4000.0,-2015.1999999999998,CONDITIONAL_MODEL_NOT_OBSERVATION
L,21,4,1380.0,2866.32,3333.3333333333335,-467.0133333333333,CONDITIONAL_MODEL_NOT_OBSERVATION
L,21,5,1410.0,3683.688,2666.6666666666665,1017.0213333333336,CONDITIONAL_MODEL_NOT_OBSERVATION
L,21,6,1440.0,3766.224,2000.0,1766.2240000000002,CONDITIONAL_MODEL_NOT_OBSERVATION
L,21,7,1440.0,3848.7600000000007,2000,1848.7600000000007,CONDITIONAL_MODEL_NOT_OBSERVATION
L,21,8,1440.0,3907.2960000000007,2000,1907.2960000000007,CONDITIONAL_MODEL_NOT_OBSERVATION
L,21,9,1440.0,3944.232,2000,1944.232,CONDITIONAL_MODEL_NOT_OBSERVATION
L,21,10,1440.0,3961.728,2000,1961.728,CONDITIONAL_MODEL_NOT_OBSERVATION
L,21,11,1440.0,3961.728,2000,1961.728,CONDITIONAL_MODEL_NOT_OBSERVATION
L,21,12,1440.0,3961.728,2000,1961.728,CONDITIONAL_MODEL_NOT_OBSERVATION
L,21,13,1440.0,3961.728,2000,1961.728,CONDITIONAL_MODEL_NOT_OBSERVATION
L,21,14,1440.0,3961.728,2000,1961.728,CONDITIONAL_MODEL_NOT_OBSERVATION
L,21,15,1440.0,3961.728,2000,1961.728,CONDITIONAL_MODEL_NOT_OBSERVATION
L,21,16,1440.0,3961.728,2000,1961.728,CONDITIONAL_MODEL_NOT_OBSERVATION
L,21,17,1440.0,3961.728,2000,1961.728,CONDITIONAL_MODEL_NOT_OBSERVATION
L,21,18,1440.0,3961.728,2000,1961.728,CONDITIONAL_MODEL_NOT_OBSERVATION
L,21,19,1440.0,3961.728,2000,1961.728,CONDITIONAL_MODEL_NOT_OBSERVATION
L,21,20,1440.0,3961.728,2000,1961.728,CONDITIONAL_MODEL_NOT_OBSERVATION
L,22,1,1290.0,0.0,5666.666666666667,-5666.666666666667,CONDITIONAL_MODEL_NOT_OBSERVATION
L,22,2,1320.0,1032.0,5333.333333333334,-4301.333333333334,CONDITIONAL_MODEL_NOT_OBSERVATION
L,22,3,1350.0,1984.8000000000002,5000.0,-3015.2,CONDITIONAL_MODEL_NOT_OBSERVATION
L,22,4,1380.0,2866.32,4666.666666666667,-1800.3466666666668,CONDITIONAL_MODEL_NOT_OBSERVATION
L,22,5,1410.0,3683.688,4333.333333333333,-649.6453333333329,CONDITIONAL_MODEL_NOT_OBSERVATION
L,22,6,1440.0,3766.224,4000.0,-233.77599999999984,CONDITIONAL_MODEL_NOT_OBSERVATION
L,22,7,1440.0,3848.7600000000007,4000,-151.23999999999933,CONDITIONAL_MODEL_NOT_OBSERVATION
L,22,8,1440.0,3907.2960000000007,4000,-92.70399999999927,CONDITIONAL_MODEL_NOT_OBSERVATION
L,22,9,1440.0,3944.232,4000,-55.76800000000003,CONDITIONAL_MODEL_NOT_OBSERVATION
L,22,10,1440.0,3961.728,4000,-38.271999999999935,CONDITIONAL_MODEL_NOT_OBSERVATION
L,22,11,1440.0,3961.728,4000,-38.271999999999935,CONDITIONAL_MODEL_NOT_OBSERVATION
L,22,12,1440.0,3961.728,4000,-38.271999999999935,CONDITIONAL_MODEL_NOT_OBSERVATION
L,22,13,1440.0,3961.728,4000,-38.271999999999935,CONDITIONAL_MODEL_NOT_OBSERVATION
L,22,14,1440.0,3961.728,4000,-38.271999999999935,CONDITIONAL_MODEL_NOT_OBSERVATION
L,22,15,1440.0,3961.728,4000,-38.271999999999935,CONDITIONAL_MODEL_NOT_OBSERVATION
L,22,16,1440.0,3961.728,4000,-38.271999999999935,CONDITIONAL_MODEL_NOT_OBSERVATION
L,22,17,1440.0,3961.728,4000,-38.271999999999935,CONDITIONAL_MODEL_NOT_OBSERVATION
L,22,18,1440.0,3961.728,4000,-38.271999999999935,CONDITIONAL_MODEL_NOT_OBSERVATION
L,22,19,1440.0,3961.728,4000,-38.271999999999935,CONDITIONAL_MODEL_NOT_OBSERVATION
L,22,20,1440.0,3961.728,4000,-38.271999999999935,CONDITIONAL_MODEL_NOT_OBSERVATION
L,23,1,1290.0,0.0,8666.666666666668,-8666.666666666668,CONDITIONAL_MODEL_NOT_OBSERVATION
L,23,2,1320.0,1032.0,7333.333333333334,-6301.333333333334,CONDITIONAL_MODEL_NOT_OBSERVATION
L,23,3,1350.0,1984.8000000000002,6000.0,-4015.2,CONDITIONAL_MODEL_NOT_OBSERVATION
L,23,4,1380.0,2866.32,4666.666666666667,-1800.3466666666668,CONDITIONAL_MODEL_NOT_OBSERVATION
L,23,5,1410.0,3683.688,3333.333333333333,350.3546666666671,CONDITIONAL_MODEL_NOT_OBSERVATION
L,23,6,1440.0,3766.224,2000.0,1766.2240000000002,CONDITIONAL_MODEL_NOT_OBSERVATION
L,23,7,1440.0,3848.7600000000007,2000,1848.7600000000007,CONDITIONAL_MODEL_NOT_OBSERVATION
L,23,8,1440.0,3907.2960000000007,2000,1907.2960000000007,CONDITIONAL_MODEL_NOT_OBSERVATION
L,23,9,1440.0,3944.232,2000,1944.232,CONDITIONAL_MODEL_NOT_OBSERVATION
L,23,10,1440.0,3961.728,2000,1961.728,CONDITIONAL_MODEL_NOT_OBSERVATION
L,23,11,1440.0,3961.728,2000,1961.728,CONDITIONAL_MODEL_NOT_OBSERVATION
L,23,12,1440.0,3961.728,2000,1961.728,CONDITIONAL_MODEL_NOT_OBSERVATION
L,23,13,1440.0,3961.728,2000,1961.728,CONDITIONAL_MODEL_NOT_OBSERVATION
L,23,14,1440.0,3961.728,2000,1961.728,CONDITIONAL_MODEL_NOT_OBSERVATION
L,23,15,1440.0,3961.728,2000,1961.728,CONDITIONAL_MODEL_NOT_OBSERVATION
L,23,16,1440.0,3961.728,2000,1961.728,CONDITIONAL_MODEL_NOT_OBSERVATION
L,23,17,1440.0,3961.728,2000,1961.728,CONDITIONAL_MODEL_NOT_OBSERVATION
L,23,18,1440.0,3961.728,2000,1961.728,CONDITIONAL_MODEL_NOT_OBSERVATION
L,23,19,1440.0,3961.728,2000,1961.728,CONDITIONAL_MODEL_NOT_OBSERVATION
L,23,20,1440.0,3961.728,2000,1961.728,CONDITIONAL_MODEL_NOT_OBSERVATION
L,24,1,1290.0,0.0,9000.0,-9000.0,CONDITIONAL_MODEL_NOT_OBSERVATION
L,24,2,1320.0,1032.0,8000.0,-6968.0,CONDITIONAL_MODEL_NOT_OBSERVATION
L,24,3,1350.0,1984.8000000000002,7000.0,-5015.2,CONDITIONAL_MODEL_NOT_OBSERVATION
L,24,4,1380.0,2866.32,6000.0,-3133.68,CONDITIONAL_MODEL_NOT_OBSERVATION
L,24,5,1410.0,3683.688,5000.0,-1316.312,CONDITIONAL_MODEL_NOT_OBSERVATION
L,24,6,1440.0,3766.224,4000.0,-233.77599999999984,CONDITIONAL_MODEL_NOT_OBSERVATION
L,24,7,1440.0,3848.7600000000007,4000,-151.23999999999933,CONDITIONAL_MODEL_NOT_OBSERVATION
L,24,8,1440.0,3907.2960000000007,4000,-92.70399999999927,CONDITIONAL_MODEL_NOT_OBSERVATION
L,24,9,1440.0,3944.232,4000,-55.76800000000003,CONDITIONAL_MODEL_NOT_OBSERVATION
L,24,10,1440.0,3961.728,4000,-38.271999999999935,CONDITIONAL_MODEL_NOT_OBSERVATION
L,24,11,1440.0,3961.728,4000,-38.271999999999935,CONDITIONAL_MODEL_NOT_OBSERVATION
L,24,12,1440.0,3961.728,4000,-38.271999999999935,CONDITIONAL_MODEL_NOT_OBSERVATION
L,24,13,1440.0,3961.728,4000,-38.271999999999935,CONDITIONAL_MODEL_NOT_OBSERVATION
L,24,14,1440.0,3961.728,4000,-38.271999999999935,CONDITIONAL_MODEL_NOT_OBSERVATION
L,24,15,1440.0,3961.728,4000,-38.271999999999935,CONDITIONAL_MODEL_NOT_OBSERVATION
L,24,16,1440.0,3961.728,4000,-38.271999999999935,CONDITIONAL_MODEL_NOT_OBSERVATION
L,24,17,1440.0,3961.728,4000,-38.271999999999935,CONDITIONAL_MODEL_NOT_OBSERVATION
L,24,18,1440.0,3961.728,4000,-38.271999999999935,CONDITIONAL_MODEL_NOT_OBSERVATION
L,24,19,1440.0,3961.728,4000,-38.271999999999935,CONDITIONAL_MODEL_NOT_OBSERVATION
L,24,20,1440.0,3961.728,4000,-38.271999999999935,CONDITIONAL_MODEL_NOT_OBSERVATION
L,25,1,1410.0,0.0,4666.666666666667,-4666.666666666667,CONDITIONAL_MODEL_NOT_OBSERVATION
L,25,2,1559.9999999999998,1128.0,3333.3333333333335,-2205.3333333333335,CONDITIONAL_MODEL_NOT_OBSERVATION
L,25,3,1710.0,2263.2000000000003,2000.0,263.2000000000003,CONDITIONAL_MODEL_NOT_OBSERVATION
L,25,4,1710.0,3404.8800000000006,2000,1404.8800000000006,CONDITIONAL_MODEL_NOT_OBSERVATION
L,25,5,1710.0,4432.392000000001,2000,2432.3920000000007,CONDITIONAL_MODEL_NOT_OBSERVATION
L,25,6,1710.0,4617.072,2000,2617.072,CONDITIONAL_MODEL_NOT_OBSERVATION
L,25,7,1710.0,4704.552000000001,2000,2704.5520000000006,CONDITIONAL_MODEL_NOT_OBSERVATION
L,25,8,1710.0,4704.552000000001,2000,2704.5520000000006,CONDITIONAL_MODEL_NOT_OBSERVATION
L,25,9,1710.0,4704.552000000001,2000,2704.5520000000006,CONDITIONAL_MODEL_NOT_OBSERVATION
L,25,10,1710.0,4704.552000000001,2000,2704.5520000000006,CONDITIONAL_MODEL_NOT_OBSERVATION
L,25,11,1710.0,4704.552000000001,2000,2704.5520000000006,CONDITIONAL_MODEL_NOT_OBSERVATION
L,25,12,1710.0,4704.552000000001,2000,2704.5520000000006,CONDITIONAL_MODEL_NOT_OBSERVATION
L,25,13,1710.0,4704.552000000001,2000,2704.5520000000006,CONDITIONAL_MODEL_NOT_OBSERVATION
L,25,14,1710.0,4704.552000000001,2000,2704.5520000000006,CONDITIONAL_MODEL_NOT_OBSERVATION
L,25,15,1710.0,4704.552000000001,2000,2704.5520000000006,CONDITIONAL_MODEL_NOT_OBSERVATION
L,25,16,1710.0,4704.552000000001,2000,2704.5520000000006,CONDITIONAL_MODEL_NOT_OBSERVATION
L,25,17,1710.0,4704.552000000001,2000,2704.5520000000006,CONDITIONAL_MODEL_NOT_OBSERVATION
L,25,18,1710.0,4704.552000000001,2000,2704.5520000000006,CONDITIONAL_MODEL_NOT_OBSERVATION
L,25,19,1710.0,4704.552000000001,2000,2704.5520000000006,CONDITIONAL_MODEL_NOT_OBSERVATION
L,25,20,1710.0,4704.552000000001,2000,2704.5520000000006,CONDITIONAL_MODEL_NOT_OBSERVATION
L,26,1,1410.0,0.0,5333.333333333334,-5333.333333333334,CONDITIONAL_MODEL_NOT_OBSERVATION
L,26,2,1559.9999999999998,1128.0,4666.666666666667,-3538.666666666667,CONDITIONAL_MODEL_NOT_OBSERVATION
L,26,3,1710.0,2263.2000000000003,4000.0,-1736.7999999999997,CONDITIONAL_MODEL_NOT_OBSERVATION
L,26,4,1710.0,3404.8800000000006,4000,-595.1199999999994,CONDITIONAL_MODEL_NOT_OBSERVATION
L,26,5,1710.0,4432.392000000001,4000,432.39200000000073,CONDITIONAL_MODEL_NOT_OBSERVATION
L,26,6,1710.0,4617.072,4000,617.0720000000001,CONDITIONAL_MODEL_NOT_OBSERVATION
L,26,7,1710.0,4704.552000000001,4000,704.5520000000006,CONDITIONAL_MODEL_NOT_OBSERVATION
L,26,8,1710.0,4704.552000000001,4000,704.5520000000006,CONDITIONAL_MODEL_NOT_OBSERVATION
L,26,9,1710.0,4704.552000000001,4000,704.5520000000006,CONDITIONAL_MODEL_NOT_OBSERVATION
L,26,10,1710.0,4704.552000000001,4000,704.5520000000006,CONDITIONAL_MODEL_NOT_OBSERVATION
L,26,11,1710.0,4704.552000000001,4000,704.5520000000006,CONDITIONAL_MODEL_NOT_OBSERVATION
L,26,12,1710.0,4704.552000000001,4000,704.5520000000006,CONDITIONAL_MODEL_NOT_OBSERVATION
L,26,13,1710.0,4704.552000000001,4000,704.5520000000006,CONDITIONAL_MODEL_NOT_OBSERVATION
L,26,14,1710.0,4704.552000000001,4000,704.5520000000006,CONDITIONAL_MODEL_NOT_OBSERVATION
L,26,15,1710.0,4704.552000000001,4000,704.5520000000006,CONDITIONAL_MODEL_NOT_OBSERVATION
L,26,16,1710.0,4704.552000000001,4000,704.5520000000006,CONDITIONAL_MODEL_NOT_OBSERVATION
L,26,17,1710.0,4704.552000000001,4000,704.5520000000006,CONDITIONAL_MODEL_NOT_OBSERVATION
L,26,18,1710.0,4704.552000000001,4000,704.5520000000006,CONDITIONAL_MODEL_NOT_OBSERVATION
L,26,19,1710.0,4704.552000000001,4000,704.5520000000006,CONDITIONAL_MODEL_NOT_OBSERVATION
L,26,20,1710.0,4704.552000000001,4000,704.5520000000006,CONDITIONAL_MODEL_NOT_OBSERVATION
L,27,1,1410.0,0.0,7333.333333333334,-7333.333333333334,CONDITIONAL_MODEL_NOT_OBSERVATION
L,27,2,1559.9999999999998,1128.0,4666.666666666667,-3538.666666666667,CONDITIONAL_MODEL_NOT_OBSERVATION
L,27,3,1710.0,2263.2000000000003,2000.0,263.2000000000003,CONDITIONAL_MODEL_NOT_OBSERVATION
L,27,4,1710.0,3404.8800000000006,2000,1404.8800000000006,CONDITIONAL_MODEL_NOT_OBSERVATION
L,27,5,1710.0,4432.392000000001,2000,2432.3920000000007,CONDITIONAL_MODEL_NOT_OBSERVATION
L,27,6,1710.0,4617.072,2000,2617.072,CONDITIONAL_MODEL_NOT_OBSERVATION
L,27,7,1710.0,4704.552000000001,2000,2704.5520000000006,CONDITIONAL_MODEL_NOT_OBSERVATION
L,27,8,1710.0,4704.552000000001,2000,2704.5520000000006,CONDITIONAL_MODEL_NOT_OBSERVATION
L,27,9,1710.0,4704.552000000001,2000,2704.5520000000006,CONDITIONAL_MODEL_NOT_OBSERVATION
L,27,10,1710.0,4704.552000000001,2000,2704.5520000000006,CONDITIONAL_MODEL_NOT_OBSERVATION
L,27,11,1710.0,4704.552000000001,2000,2704.5520000000006,CONDITIONAL_MODEL_NOT_OBSERVATION
L,27,12,1710.0,4704.552000000001,2000,2704.5520000000006,CONDITIONAL_MODEL_NOT_OBSERVATION
L,27,13,1710.0,4704.552000000001,2000,2704.5520000000006,CONDITIONAL_MODEL_NOT_OBSERVATION
L,27,14,1710.0,4704.552000000001,2000,2704.5520000000006,CONDITIONAL_MODEL_NOT_OBSERVATION
L,27,15,1710.0,4704.552000000001,2000,2704.5520000000006,CONDITIONAL_MODEL_NOT_OBSERVATION
L,27,16,1710.0,4704.552000000001,2000,2704.5520000000006,CONDITIONAL_MODEL_NOT_OBSERVATION
L,27,17,1710.0,4704.552000000001,2000,2704.5520000000006,CONDITIONAL_MODEL_NOT_OBSERVATION
L,27,18,1710.0,4704.552000000001,2000,2704.5520000000006,CONDITIONAL_MODEL_NOT_OBSERVATION
L,27,19,1710.0,4704.552000000001,2000,2704.5520000000006,CONDITIONAL_MODEL_NOT_OBSERVATION
L,27,20,1710.0,4704.552000000001,2000,2704.5520000000006,CONDITIONAL_MODEL_NOT_OBSERVATION
L,28,1,1410.0,0.0,8000.0,-8000.0,CONDITIONAL_MODEL_NOT_OBSERVATION
L,28,2,1559.9999999999998,1128.0,6000.0,-4872.0,CONDITIONAL_MODEL_NOT_OBSERVATION
L,28,3,1710.0,2263.2000000000003,4000.0,-1736.7999999999997,CONDITIONAL_MODEL_NOT_OBSERVATION
L,28,4,1710.0,3404.8800000000006,4000,-595.1199999999994,CONDITIONAL_MODEL_NOT_OBSERVATION
L,28,5,1710.0,4432.392000000001,4000,432.39200000000073,CONDITIONAL_MODEL_NOT_OBSERVATION
L,28,6,1710.0,4617.072,4000,617.0720000000001,CONDITIONAL_MODEL_NOT_OBSERVATION
L,28,7,1710.0,4704.552000000001,4000,704.5520000000006,CONDITIONAL_MODEL_NOT_OBSERVATION
L,28,8,1710.0,4704.552000000001,4000,704.5520000000006,CONDITIONAL_MODEL_NOT_OBSERVATION
L,28,9,1710.0,4704.552000000001,4000,704.5520000000006,CONDITIONAL_MODEL_NOT_OBSERVATION
L,28,10,1710.0,4704.552000000001,4000,704.5520000000006,CONDITIONAL_MODEL_NOT_OBSERVATION
L,28,11,1710.0,4704.552000000001,4000,704.5520000000006,CONDITIONAL_MODEL_NOT_OBSERVATION
L,28,12,1710.0,4704.552000000001,4000,704.5520000000006,CONDITIONAL_MODEL_NOT_OBSERVATION
L,28,13,1710.0,4704.552000000001,4000,704.5520000000006,CONDITIONAL_MODEL_NOT_OBSERVATION
L,28,14,1710.0,4704.552000000001,4000,704.5520000000006,CONDITIONAL_MODEL_NOT_OBSERVATION
L,28,15,1710.0,4704.552000000001,4000,704.5520000000006,CONDITIONAL_MODEL_NOT_OBSERVATION
L,28,16,1710.0,4704.552000000001,4000,704.5520000000006,CONDITIONAL_MODEL_NOT_OBSERVATION
L,28,17,1710.0,4704.552000000001,4000,704.5520000000006,CONDITIONAL_MODEL_NOT_OBSERVATION
L,28,18,1710.0,4704.552000000001,4000,704.5520000000006,CONDITIONAL_MODEL_NOT_OBSERVATION
L,28,19,1710.0,4704.552000000001,4000,704.5520000000006,CONDITIONAL_MODEL_NOT_OBSERVATION
L,28,20,1710.0,4704.552000000001,4000,704.5520000000006,CONDITIONAL_MODEL_NOT_OBSERVATION
L,29,1,1334.9999999999998,0.0,5333.333333333334,-5333.333333333334,CONDITIONAL_MODEL_NOT_OBSERVATION
L,29,2,1410.0,1067.9999999999998,4666.666666666667,-3598.666666666667,CONDITIONAL_MODEL_NOT_OBSERVATION
L,29,3,1485.0,2089.2000000000003,4000.0,-1910.7999999999997,CONDITIONAL_MODEL_NOT_OBSERVATION
L,29,4,1559.9999999999998,3068.28,3333.3333333333335,-265.0533333333333,CONDITIONAL_MODEL_NOT_OBSERVATION
L,29,5,1635.0,4009.4520000000007,2666.6666666666665,1342.7853333333342,CONDITIONAL_MODEL_NOT_OBSERVATION
L,29,6,1710.0,4215.792,2000.0,2215.7920000000004,CONDITIONAL_MODEL_NOT_OBSERVATION
L,29,7,1710.0,4422.1320000000005,2000,2422.1320000000005,CONDITIONAL_MODEL_NOT_OBSERVATION
L,29,8,1710.0,4568.472000000001,2000,2568.4720000000007,CONDITIONAL_MODEL_NOT_OBSERVATION
L,29,9,1710.0,4660.812000000001,2000,2660.812000000001,CONDITIONAL_MODEL_NOT_OBSERVATION
L,29,10,1710.0,4704.552000000001,2000,2704.5520000000006,CONDITIONAL_MODEL_NOT_OBSERVATION
L,29,11,1710.0,4704.552000000001,2000,2704.5520000000006,CONDITIONAL_MODEL_NOT_OBSERVATION
L,29,12,1710.0,4704.552000000001,2000,2704.5520000000006,CONDITIONAL_MODEL_NOT_OBSERVATION
L,29,13,1710.0,4704.552000000001,2000,2704.5520000000006,CONDITIONAL_MODEL_NOT_OBSERVATION
L,29,14,1710.0,4704.552000000001,2000,2704.5520000000006,CONDITIONAL_MODEL_NOT_OBSERVATION
L,29,15,1710.0,4704.552000000001,2000,2704.5520000000006,CONDITIONAL_MODEL_NOT_OBSERVATION
L,29,16,1710.0,4704.552000000001,2000,2704.5520000000006,CONDITIONAL_MODEL_NOT_OBSERVATION
L,29,17,1710.0,4704.552000000001,2000,2704.5520000000006,CONDITIONAL_MODEL_NOT_OBSERVATION
L,29,18,1710.0,4704.552000000001,2000,2704.5520000000006,CONDITIONAL_MODEL_NOT_OBSERVATION
L,29,19,1710.0,4704.552000000001,2000,2704.5520000000006,CONDITIONAL_MODEL_NOT_OBSERVATION
L,29,20,1710.0,4704.552000000001,2000,2704.5520000000006,CONDITIONAL_MODEL_NOT_OBSERVATION
L,30,1,1334.9999999999998,0.0,5666.666666666667,-5666.666666666667,CONDITIONAL_MODEL_NOT_OBSERVATION
L,30,2,1410.0,1067.9999999999998,5333.333333333334,-4265.333333333334,CONDITIONAL_MODEL_NOT_OBSERVATION
L,30,3,1485.0,2089.2000000000003,5000.0,-2910.7999999999997,CONDITIONAL_MODEL_NOT_OBSERVATION
L,30,4,1559.9999999999998,3068.28,4666.666666666667,-1598.3866666666668,CONDITIONAL_MODEL_NOT_OBSERVATION
L,30,5,1635.0,4009.4520000000007,4333.333333333333,-323.88133333333235,CONDITIONAL_MODEL_NOT_OBSERVATION
L,30,6,1710.0,4215.792,4000.0,215.79200000000037,CONDITIONAL_MODEL_NOT_OBSERVATION
L,30,7,1710.0,4422.1320000000005,4000,422.1320000000005,CONDITIONAL_MODEL_NOT_OBSERVATION
L,30,8,1710.0,4568.472000000001,4000,568.4720000000007,CONDITIONAL_MODEL_NOT_OBSERVATION
L,30,9,1710.0,4660.812000000001,4000,660.8120000000008,CONDITIONAL_MODEL_NOT_OBSERVATION
L,30,10,1710.0,4704.552000000001,4000,704.5520000000006,CONDITIONAL_MODEL_NOT_OBSERVATION
L,30,11,1710.0,4704.552000000001,4000,704.5520000000006,CONDITIONAL_MODEL_NOT_OBSERVATION
L,30,12,1710.0,4704.552000000001,4000,704.5520000000006,CONDITIONAL_MODEL_NOT_OBSERVATION
L,30,13,1710.0,4704.552000000001,4000,704.5520000000006,CONDITIONAL_MODEL_NOT_OBSERVATION
L,30,14,1710.0,4704.552000000001,4000,704.5520000000006,CONDITIONAL_MODEL_NOT_OBSERVATION
L,30,15,1710.0,4704.552000000001,4000,704.5520000000006,CONDITIONAL_MODEL_NOT_OBSERVATION
L,30,16,1710.0,4704.552000000001,4000,704.5520000000006,CONDITIONAL_MODEL_NOT_OBSERVATION
L,30,17,1710.0,4704.552000000001,4000,704.5520000000006,CONDITIONAL_MODEL_NOT_OBSERVATION
L,30,18,1710.0,4704.552000000001,4000,704.5520000000006,CONDITIONAL_MODEL_NOT_OBSERVATION
L,30,19,1710.0,4704.552000000001,4000,704.5520000000006,CONDITIONAL_MODEL_NOT_OBSERVATION
L,30,20,1710.0,4704.552000000001,4000,704.5520000000006,CONDITIONAL_MODEL_NOT_OBSERVATION
L,31,1,1334.9999999999998,0.0,8666.666666666668,-8666.666666666668,CONDITIONAL_MODEL_NOT_OBSERVATION
L,31,2,1410.0,1067.9999999999998,7333.333333333334,-6265.333333333334,CONDITIONAL_MODEL_NOT_OBSERVATION
L,31,3,1485.0,2089.2000000000003,6000.0,-3910.7999999999997,CONDITIONAL_MODEL_NOT_OBSERVATION
L,31,4,1559.9999999999998,3068.28,4666.666666666667,-1598.3866666666668,CONDITIONAL_MODEL_NOT_OBSERVATION
L,31,5,1635.0,4009.4520000000007,3333.333333333333,676.1186666666677,CONDITIONAL_MODEL_NOT_OBSERVATION
L,31,6,1710.0,4215.792,2000.0,2215.7920000000004,CONDITIONAL_MODEL_NOT_OBSERVATION
L,31,7,1710.0,4422.1320000000005,2000,2422.1320000000005,CONDITIONAL_MODEL_NOT_OBSERVATION
L,31,8,1710.0,4568.472000000001,2000,2568.4720000000007,CONDITIONAL_MODEL_NOT_OBSERVATION
L,31,9,1710.0,4660.812000000001,2000,2660.812000000001,CONDITIONAL_MODEL_NOT_OBSERVATION
L,31,10,1710.0,4704.552000000001,2000,2704.5520000000006,CONDITIONAL_MODEL_NOT_OBSERVATION
L,31,11,1710.0,4704.552000000001,2000,2704.5520000000006,CONDITIONAL_MODEL_NOT_OBSERVATION
L,31,12,1710.0,4704.552000000001,2000,2704.5520000000006,CONDITIONAL_MODEL_NOT_OBSERVATION
L,31,13,1710.0,4704.552000000001,2000,2704.5520000000006,CONDITIONAL_MODEL_NOT_OBSERVATION
L,31,14,1710.0,4704.552000000001,2000,2704.5520000000006,CONDITIONAL_MODEL_NOT_OBSERVATION
L,31,15,1710.0,4704.552000000001,2000,2704.5520000000006,CONDITIONAL_MODEL_NOT_OBSERVATION
L,31,16,1710.0,4704.552000000001,2000,2704.5520000000006,CONDITIONAL_MODEL_NOT_OBSERVATION
L,31,17,1710.0,4704.552000000001,2000,2704.5520000000006,CONDITIONAL_MODEL_NOT_OBSERVATION
L,31,18,1710.0,4704.552000000001,2000,2704.5520000000006,CONDITIONAL_MODEL_NOT_OBSERVATION
L,31,19,1710.0,4704.552000000001,2000,2704.5520000000006,CONDITIONAL_MODEL_NOT_OBSERVATION
L,31,20,1710.0,4704.552000000001,2000,2704.5520000000006,CONDITIONAL_MODEL_NOT_OBSERVATION
L,32,1,1334.9999999999998,0.0,9000.0,-9000.0,CONDITIONAL_MODEL_NOT_OBSERVATION
L,32,2,1410.0,1067.9999999999998,8000.0,-6932.0,CONDITIONAL_MODEL_NOT_OBSERVATION
L,32,3,1485.0,2089.2000000000003,7000.0,-4910.799999999999,CONDITIONAL_MODEL_NOT_OBSERVATION
L,32,4,1559.9999999999998,3068.28,6000.0,-2931.72,CONDITIONAL_MODEL_NOT_OBSERVATION
L,32,5,1635.0,4009.4520000000007,5000.0,-990.5479999999993,CONDITIONAL_MODEL_NOT_OBSERVATION
L,32,6,1710.0,4215.792,4000.0,215.79200000000037,CONDITIONAL_MODEL_NOT_OBSERVATION
L,32,7,1710.0,4422.1320000000005,4000,422.1320000000005,CONDITIONAL_MODEL_NOT_OBSERVATION
L,32,8,1710.0,4568.472000000001,4000,568.4720000000007,CONDITIONAL_MODEL_NOT_OBSERVATION
L,32,9,1710.0,4660.812000000001,4000,660.8120000000008,CONDITIONAL_MODEL_NOT_OBSERVATION
L,32,10,1710.0,4704.552000000001,4000,704.5520000000006,CONDITIONAL_MODEL_NOT_OBSERVATION
L,32,11,1710.0,4704.552000000001,4000,704.5520000000006,CONDITIONAL_MODEL_NOT_OBSERVATION
L,32,12,1710.0,4704.552000000001,4000,704.5520000000006,CONDITIONAL_MODEL_NOT_OBSERVATION
L,32,13,1710.0,4704.552000000001,4000,704.5520000000006,CONDITIONAL_MODEL_NOT_OBSERVATION
L,32,14,1710.0,4704.552000000001,4000,704.5520000000006,CONDITIONAL_MODEL_NOT_OBSERVATION
L,32,15,1710.0,4704.552000000001,4000,704.5520000000006,CONDITIONAL_MODEL_NOT_OBSERVATION
L,32,16,1710.0,4704.552000000001,4000,704.5520000000006,CONDITIONAL_MODEL_NOT_OBSERVATION
L,32,17,1710.0,4704.552000000001,4000,704.5520000000006,CONDITIONAL_MODEL_NOT_OBSERVATION
L,32,18,1710.0,4704.552000000001,4000,704.5520000000006,CONDITIONAL_MODEL_NOT_OBSERVATION
L,32,19,1710.0,4704.552000000001,4000,704.5520000000006,CONDITIONAL_MODEL_NOT_OBSERVATION
L,32,20,1710.0,4704.552000000001,4000,704.5520000000006,CONDITIONAL_MODEL_NOT_OBSERVATION
L,33,1,1680.0,0.0,4666.666666666667,-4666.666666666667,CONDITIONAL_MODEL_NOT_OBSERVATION
L,33,2,1959.9999999999998,1344.0,3333.3333333333335,-1989.3333333333335,CONDITIONAL_MODEL_NOT_OBSERVATION
L,33,3,2240.0,2777.6000000000004,2000.0,777.6000000000004,CONDITIONAL_MODEL_NOT_OBSERVATION
L,33,4,2240.0,4291.84,2000,2291.84,CONDITIONAL_MODEL_NOT_OBSERVATION
L,33,5,2240.0,5654.656000000001,2000,3654.656000000001,CONDITIONAL_MODEL_NOT_OBSERVATION
L,33,6,2240.0,5999.392,2000,3999.392,CONDITIONAL_MODEL_NOT_OBSERVATION
L,33,7,2240.0,6162.688,2000,4162.688,CONDITIONAL_MODEL_NOT_OBSERVATION
L,33,8,2240.0,6162.688,2000,4162.688,CONDITIONAL_MODEL_NOT_OBSERVATION
L,33,9,2240.0,6162.688,2000,4162.688,CONDITIONAL_MODEL_NOT_OBSERVATION
L,33,10,2240.0,6162.688,2000,4162.688,CONDITIONAL_MODEL_NOT_OBSERVATION
L,33,11,2240.0,6162.688,2000,4162.688,CONDITIONAL_MODEL_NOT_OBSERVATION
L,33,12,2240.0,6162.688,2000,4162.688,CONDITIONAL_MODEL_NOT_OBSERVATION
L,33,13,2240.0,6162.688,2000,4162.688,CONDITIONAL_MODEL_NOT_OBSERVATION
L,33,14,2240.0,6162.688,2000,4162.688,CONDITIONAL_MODEL_NOT_OBSERVATION
L,33,15,2240.0,6162.688,2000,4162.688,CONDITIONAL_MODEL_NOT_OBSERVATION
L,33,16,2240.0,6162.688,2000,4162.688,CONDITIONAL_MODEL_NOT_OBSERVATION
L,33,17,2240.0,6162.688,2000,4162.688,CONDITIONAL_MODEL_NOT_OBSERVATION
L,33,18,2240.0,6162.688,2000,4162.688,CONDITIONAL_MODEL_NOT_OBSERVATION
L,33,19,2240.0,6162.688,2000,4162.688,CONDITIONAL_MODEL_NOT_OBSERVATION
L,33,20,2240.0,6162.688,2000,4162.688,CONDITIONAL_MODEL_NOT_OBSERVATION
L,34,1,1680.0,0.0,5333.333333333334,-5333.333333333334,CONDITIONAL_MODEL_NOT_OBSERVATION
L,34,2,1959.9999999999998,1344.0,4666.666666666667,-3322.666666666667,CONDITIONAL_MODEL_NOT_OBSERVATION
L,34,3,2240.0,2777.6000000000004,4000.0,-1222.3999999999996,CONDITIONAL_MODEL_NOT_OBSERVATION
L,34,4,2240.0,4291.84,4000,291.84000000000015,CONDITIONAL_MODEL_NOT_OBSERVATION
L,34,5,2240.0,5654.656000000001,4000,1654.6560000000009,CONDITIONAL_MODEL_NOT_OBSERVATION
L,34,6,2240.0,5999.392,4000,1999.3919999999998,CONDITIONAL_MODEL_NOT_OBSERVATION
L,34,7,2240.0,6162.688,4000,2162.688,CONDITIONAL_MODEL_NOT_OBSERVATION
L,34,8,2240.0,6162.688,4000,2162.688,CONDITIONAL_MODEL_NOT_OBSERVATION
L,34,9,2240.0,6162.688,4000,2162.688,CONDITIONAL_MODEL_NOT_OBSERVATION
L,34,10,2240.0,6162.688,4000,2162.688,CONDITIONAL_MODEL_NOT_OBSERVATION
L,34,11,2240.0,6162.688,4000,2162.688,CONDITIONAL_MODEL_NOT_OBSERVATION
L,34,12,2240.0,6162.688,4000,2162.688,CONDITIONAL_MODEL_NOT_OBSERVATION
L,34,13,2240.0,6162.688,4000,2162.688,CONDITIONAL_MODEL_NOT_OBSERVATION
L,34,14,2240.0,6162.688,4000,2162.688,CONDITIONAL_MODEL_NOT_OBSERVATION
L,34,15,2240.0,6162.688,4000,2162.688,CONDITIONAL_MODEL_NOT_OBSERVATION
L,34,16,2240.0,6162.688,4000,2162.688,CONDITIONAL_MODEL_NOT_OBSERVATION
L,34,17,2240.0,6162.688,4000,2162.688,CONDITIONAL_MODEL_NOT_OBSERVATION
L,34,18,2240.0,6162.688,4000,2162.688,CONDITIONAL_MODEL_NOT_OBSERVATION
L,34,19,2240.0,6162.688,4000,2162.688,CONDITIONAL_MODEL_NOT_OBSERVATION
L,34,20,2240.0,6162.688,4000,2162.688,CONDITIONAL_MODEL_NOT_OBSERVATION
L,35,1,1680.0,0.0,7333.333333333334,-7333.333333333334,CONDITIONAL_MODEL_NOT_OBSERVATION
L,35,2,1959.9999999999998,1344.0,4666.666666666667,-3322.666666666667,CONDITIONAL_MODEL_NOT_OBSERVATION
L,35,3,2240.0,2777.6000000000004,2000.0,777.6000000000004,CONDITIONAL_MODEL_NOT_OBSERVATION
L,35,4,2240.0,4291.84,2000,2291.84,CONDITIONAL_MODEL_NOT_OBSERVATION
L,35,5,2240.0,5654.656000000001,2000,3654.656000000001,CONDITIONAL_MODEL_NOT_OBSERVATION
L,35,6,2240.0,5999.392,2000,3999.392,CONDITIONAL_MODEL_NOT_OBSERVATION
L,35,7,2240.0,6162.688,2000,4162.688,CONDITIONAL_MODEL_NOT_OBSERVATION
L,35,8,2240.0,6162.688,2000,4162.688,CONDITIONAL_MODEL_NOT_OBSERVATION
L,35,9,2240.0,6162.688,2000,4162.688,CONDITIONAL_MODEL_NOT_OBSERVATION
L,35,10,2240.0,6162.688,2000,4162.688,CONDITIONAL_MODEL_NOT_OBSERVATION
L,35,11,2240.0,6162.688,2000,4162.688,CONDITIONAL_MODEL_NOT_OBSERVATION
L,35,12,2240.0,6162.688,2000,4162.688,CONDITIONAL_MODEL_NOT_OBSERVATION
L,35,13,2240.0,6162.688,2000,4162.688,CONDITIONAL_MODEL_NOT_OBSERVATION
L,35,14,2240.0,6162.688,2000,4162.688,CONDITIONAL_MODEL_NOT_OBSERVATION
L,35,15,2240.0,6162.688,2000,4162.688,CONDITIONAL_MODEL_NOT_OBSERVATION
L,35,16,2240.0,6162.688,2000,4162.688,CONDITIONAL_MODEL_NOT_OBSERVATION
L,35,17,2240.0,6162.688,2000,4162.688,CONDITIONAL_MODEL_NOT_OBSERVATION
L,35,18,2240.0,6162.688,2000,4162.688,CONDITIONAL_MODEL_NOT_OBSERVATION
L,35,19,2240.0,6162.688,2000,4162.688,CONDITIONAL_MODEL_NOT_OBSERVATION
L,35,20,2240.0,6162.688,2000,4162.688,CONDITIONAL_MODEL_NOT_OBSERVATION
L,36,1,1680.0,0.0,8000.0,-8000.0,CONDITIONAL_MODEL_NOT_OBSERVATION
L,36,2,1959.9999999999998,1344.0,6000.0,-4656.0,CONDITIONAL_MODEL_NOT_OBSERVATION
L,36,3,2240.0,2777.6000000000004,4000.0,-1222.3999999999996,CONDITIONAL_MODEL_NOT_OBSERVATION
L,36,4,2240.0,4291.84,4000,291.84000000000015,CONDITIONAL_MODEL_NOT_OBSERVATION
L,36,5,2240.0,5654.656000000001,4000,1654.6560000000009,CONDITIONAL_MODEL_NOT_OBSERVATION
L,36,6,2240.0,5999.392,4000,1999.3919999999998,CONDITIONAL_MODEL_NOT_OBSERVATION
L,36,7,2240.0,6162.688,4000,2162.688,CONDITIONAL_MODEL_NOT_OBSERVATION
L,36,8,2240.0,6162.688,4000,2162.688,CONDITIONAL_MODEL_NOT_OBSERVATION
L,36,9,2240.0,6162.688,4000,2162.688,CONDITIONAL_MODEL_NOT_OBSERVATION
L,36,10,2240.0,6162.688,4000,2162.688,CONDITIONAL_MODEL_NOT_OBSERVATION
L,36,11,2240.0,6162.688,4000,2162.688,CONDITIONAL_MODEL_NOT_OBSERVATION
L,36,12,2240.0,6162.688,4000,2162.688,CONDITIONAL_MODEL_NOT_OBSERVATION
L,36,13,2240.0,6162.688,4000,2162.688,CONDITIONAL_MODEL_NOT_OBSERVATION
L,36,14,2240.0,6162.688,4000,2162.688,CONDITIONAL_MODEL_NOT_OBSERVATION
L,36,15,2240.0,6162.688,4000,2162.688,CONDITIONAL_MODEL_NOT_OBSERVATION
L,36,16,2240.0,6162.688,4000,2162.688,CONDITIONAL_MODEL_NOT_OBSERVATION
L,36,17,2240.0,6162.688,4000,2162.688,CONDITIONAL_MODEL_NOT_OBSERVATION
L,36,18,2240.0,6162.688,4000,2162.688,CONDITIONAL_MODEL_NOT_OBSERVATION
L,36,19,2240.0,6162.688,4000,2162.688,CONDITIONAL_MODEL_NOT_OBSERVATION
L,36,20,2240.0,6162.688,4000,2162.688,CONDITIONAL_MODEL_NOT_OBSERVATION
L,37,1,1540.0000000000002,0.0,5333.333333333334,-5333.333333333334,CONDITIONAL_MODEL_NOT_OBSERVATION
L,37,2,1680.0,1232.0000000000002,4666.666666666667,-3434.666666666667,CONDITIONAL_MODEL_NOT_OBSERVATION
L,37,3,1820.0,2452.8,4000.0,-1547.1999999999998,CONDITIONAL_MODEL_NOT_OBSERVATION
L,37,4,1959.9999999999998,3663.5200000000004,3333.3333333333335,330.18666666666695,CONDITIONAL_MODEL_NOT_OBSERVATION
L,37,5,2100.0,4865.168000000001,2666.6666666666665,2198.501333333334,CONDITIONAL_MODEL_NOT_OBSERVATION
L,37,6,2240.0,5250.336,2000.0,3250.3360000000002,CONDITIONAL_MODEL_NOT_OBSERVATION
L,37,7,2240.0,5635.504000000001,2000,3635.504000000001,CONDITIONAL_MODEL_NOT_OBSERVATION
L,37,8,2240.0,5908.6720000000005,2000,3908.6720000000005,CONDITIONAL_MODEL_NOT_OBSERVATION
L,37,9,2240.0,6081.04,2000,4081.04,CONDITIONAL_MODEL_NOT_OBSERVATION
L,37,10,2240.0,6162.688,2000,4162.688,CONDITIONAL_MODEL_NOT_OBSERVATION
L,37,11,2240.0,6162.688,2000,4162.688,CONDITIONAL_MODEL_NOT_OBSERVATION
L,37,12,2240.0,6162.688,2000,4162.688,CONDITIONAL_MODEL_NOT_OBSERVATION
L,37,13,2240.0,6162.688,2000,4162.688,CONDITIONAL_MODEL_NOT_OBSERVATION
L,37,14,2240.0,6162.688,2000,4162.688,CONDITIONAL_MODEL_NOT_OBSERVATION
L,37,15,2240.0,6162.688,2000,4162.688,CONDITIONAL_MODEL_NOT_OBSERVATION
L,37,16,2240.0,6162.688,2000,4162.688,CONDITIONAL_MODEL_NOT_OBSERVATION
L,37,17,2240.0,6162.688,2000,4162.688,CONDITIONAL_MODEL_NOT_OBSERVATION
L,37,18,2240.0,6162.688,2000,4162.688,CONDITIONAL_MODEL_NOT_OBSERVATION
L,37,19,2240.0,6162.688,2000,4162.688,CONDITIONAL_MODEL_NOT_OBSERVATION
L,37,20,2240.0,6162.688,2000,4162.688,CONDITIONAL_MODEL_NOT_OBSERVATION
L,38,1,1540.0000000000002,0.0,5666.666666666667,-5666.666666666667,CONDITIONAL_MODEL_NOT_OBSERVATION
L,38,2,1680.0,1232.0000000000002,5333.333333333334,-4101.333333333334,CONDITIONAL_MODEL_NOT_OBSERVATION
L,38,3,1820.0,2452.8,5000.0,-2547.2,CONDITIONAL_MODEL_NOT_OBSERVATION
L,38,4,1959.9999999999998,3663.5200000000004,4666.666666666667,-1003.1466666666665,CONDITIONAL_MODEL_NOT_OBSERVATION
L,38,5,2100.0,4865.168000000001,4333.333333333333,531.8346666666675,CONDITIONAL_MODEL_NOT_OBSERVATION
L,38,6,2240.0,5250.336,4000.0,1250.3360000000002,CONDITIONAL_MODEL_NOT_OBSERVATION
L,38,7,2240.0,5635.504000000001,4000,1635.5040000000008,CONDITIONAL_MODEL_NOT_OBSERVATION
L,38,8,2240.0,5908.6720000000005,4000,1908.6720000000005,CONDITIONAL_MODEL_NOT_OBSERVATION
L,38,9,2240.0,6081.04,4000,2081.04,CONDITIONAL_MODEL_NOT_OBSERVATION
L,38,10,2240.0,6162.688,4000,2162.688,CONDITIONAL_MODEL_NOT_OBSERVATION
L,38,11,2240.0,6162.688,4000,2162.688,CONDITIONAL_MODEL_NOT_OBSERVATION
L,38,12,2240.0,6162.688,4000,2162.688,CONDITIONAL_MODEL_NOT_OBSERVATION
L,38,13,2240.0,6162.688,4000,2162.688,CONDITIONAL_MODEL_NOT_OBSERVATION
L,38,14,2240.0,6162.688,4000,2162.688,CONDITIONAL_MODEL_NOT_OBSERVATION
L,38,15,2240.0,6162.688,4000,2162.688,CONDITIONAL_MODEL_NOT_OBSERVATION
L,38,16,2240.0,6162.688,4000,2162.688,CONDITIONAL_MODEL_NOT_OBSERVATION
L,38,17,2240.0,6162.688,4000,2162.688,CONDITIONAL_MODEL_NOT_OBSERVATION
L,38,18,2240.0,6162.688,4000,2162.688,CONDITIONAL_MODEL_NOT_OBSERVATION
L,38,19,2240.0,6162.688,4000,2162.688,CONDITIONAL_MODEL_NOT_OBSERVATION
L,38,20,2240.0,6162.688,4000,2162.688,CONDITIONAL_MODEL_NOT_OBSERVATION
L,39,1,1540.0000000000002,0.0,8666.666666666668,-8666.666666666668,CONDITIONAL_MODEL_NOT_OBSERVATION
L,39,2,1680.0,1232.0000000000002,7333.333333333334,-6101.333333333334,CONDITIONAL_MODEL_NOT_OBSERVATION
L,39,3,1820.0,2452.8,6000.0,-3547.2,CONDITIONAL_MODEL_NOT_OBSERVATION
L,39,4,1959.9999999999998,3663.5200000000004,4666.666666666667,-1003.1466666666665,CONDITIONAL_MODEL_NOT_OBSERVATION
L,39,5,2100.0,4865.168000000001,3333.333333333333,1531.8346666666675,CONDITIONAL_MODEL_NOT_OBSERVATION
L,39,6,2240.0,5250.336,2000.0,3250.3360000000002,CONDITIONAL_MODEL_NOT_OBSERVATION
L,39,7,2240.0,5635.504000000001,2000,3635.504000000001,CONDITIONAL_MODEL_NOT_OBSERVATION
L,39,8,2240.0,5908.6720000000005,2000,3908.6720000000005,CONDITIONAL_MODEL_NOT_OBSERVATION
L,39,9,2240.0,6081.04,2000,4081.04,CONDITIONAL_MODEL_NOT_OBSERVATION
L,39,10,2240.0,6162.688,2000,4162.688,CONDITIONAL_MODEL_NOT_OBSERVATION
L,39,11,2240.0,6162.688,2000,4162.688,CONDITIONAL_MODEL_NOT_OBSERVATION
L,39,12,2240.0,6162.688,2000,4162.688,CONDITIONAL_MODEL_NOT_OBSERVATION
L,39,13,2240.0,6162.688,2000,4162.688,CONDITIONAL_MODEL_NOT_OBSERVATION
L,39,14,2240.0,6162.688,2000,4162.688,CONDITIONAL_MODEL_NOT_OBSERVATION
L,39,15,2240.0,6162.688,2000,4162.688,CONDITIONAL_MODEL_NOT_OBSERVATION
L,39,16,2240.0,6162.688,2000,4162.688,CONDITIONAL_MODEL_NOT_OBSERVATION
L,39,17,2240.0,6162.688,2000,4162.688,CONDITIONAL_MODEL_NOT_OBSERVATION
L,39,18,2240.0,6162.688,2000,4162.688,CONDITIONAL_MODEL_NOT_OBSERVATION
L,39,19,2240.0,6162.688,2000,4162.688,CONDITIONAL_MODEL_NOT_OBSERVATION
L,39,20,2240.0,6162.688,2000,4162.688,CONDITIONAL_MODEL_NOT_OBSERVATION
L,40,1,1540.0000000000002,0.0,9000.0,-9000.0,CONDITIONAL_MODEL_NOT_OBSERVATION
L,40,2,1680.0,1232.0000000000002,8000.0,-6768.0,CONDITIONAL_MODEL_NOT_OBSERVATION
L,40,3,1820.0,2452.8,7000.0,-4547.2,CONDITIONAL_MODEL_NOT_OBSERVATION
L,40,4,1959.9999999999998,3663.5200000000004,6000.0,-2336.4799999999996,CONDITIONAL_MODEL_NOT_OBSERVATION
L,40,5,2100.0,4865.168000000001,5000.0,-134.83199999999943,CONDITIONAL_MODEL_NOT_OBSERVATION
L,40,6,2240.0,5250.336,4000.0,1250.3360000000002,CONDITIONAL_MODEL_NOT_OBSERVATION
L,40,7,2240.0,5635.504000000001,4000,1635.5040000000008,CONDITIONAL_MODEL_NOT_OBSERVATION
L,40,8,2240.0,5908.6720000000005,4000,1908.6720000000005,CONDITIONAL_MODEL_NOT_OBSERVATION
L,40,9,2240.0,6081.04,4000,2081.04,CONDITIONAL_MODEL_NOT_OBSERVATION
L,40,10,2240.0,6162.688,4000,2162.688,CONDITIONAL_MODEL_NOT_OBSERVATION
L,40,11,2240.0,6162.688,4000,2162.688,CONDITIONAL_MODEL_NOT_OBSERVATION
L,40,12,2240.0,6162.688,4000,2162.688,CONDITIONAL_MODEL_NOT_OBSERVATION
L,40,13,2240.0,6162.688,4000,2162.688,CONDITIONAL_MODEL_NOT_OBSERVATION
L,40,14,2240.0,6162.688,4000,2162.688,CONDITIONAL_MODEL_NOT_OBSERVATION
L,40,15,2240.0,6162.688,4000,2162.688,CONDITIONAL_MODEL_NOT_OBSERVATION
L,40,16,2240.0,6162.688,4000,2162.688,CONDITIONAL_MODEL_NOT_OBSERVATION
L,40,17,2240.0,6162.688,4000,2162.688,CONDITIONAL_MODEL_NOT_OBSERVATION
L,40,18,2240.0,6162.688,4000,2162.688,CONDITIONAL_MODEL_NOT_OBSERVATION
L,40,19,2240.0,6162.688,4000,2162.688,CONDITIONAL_MODEL_NOT_OBSERVATION
L,40,20,2240.0,6162.688,4000,2162.688,CONDITIONAL_MODEL_NOT_OBSERVATION
L,41,1,1819.9999999999998,0.0,4666.666666666667,-4666.666666666667,CONDITIONAL_MODEL_NOT_OBSERVATION
L,41,2,2240.0,1456.0,3333.3333333333335,-1877.3333333333335,CONDITIONAL_MODEL_NOT_OBSERVATION
L,41,3,2660.0,3102.4,2000.0,1102.4,CONDITIONAL_MODEL_NOT_OBSERVATION
L,41,4,2660.0,4920.16,2000,2920.16,CONDITIONAL_MODEL_NOT_OBSERVATION
L,41,5,2660.0,6556.144,2000,4556.144,CONDITIONAL_MODEL_NOT_OBSERVATION
L,41,6,2660.0,7073.248000000001,2000,5073.248000000001,CONDITIONAL_MODEL_NOT_OBSERVATION
L,41,7,2660.0,7318.192000000002,2000,5318.192000000002,CONDITIONAL_MODEL_NOT_OBSERVATION
L,41,8,2660.0,7318.192000000002,2000,5318.192000000002,CONDITIONAL_MODEL_NOT_OBSERVATION
L,41,9,2660.0,7318.192000000002,2000,5318.192000000002,CONDITIONAL_MODEL_NOT_OBSERVATION
L,41,10,2660.0,7318.192000000002,2000,5318.192000000002,CONDITIONAL_MODEL_NOT_OBSERVATION
L,41,11,2660.0,7318.192000000002,2000,5318.192000000002,CONDITIONAL_MODEL_NOT_OBSERVATION
L,41,12,2660.0,7318.192000000002,2000,5318.192000000002,CONDITIONAL_MODEL_NOT_OBSERVATION
L,41,13,2660.0,7318.192000000002,2000,5318.192000000002,CONDITIONAL_MODEL_NOT_OBSERVATION
L,41,14,2660.0,7318.192000000002,2000,5318.192000000002,CONDITIONAL_MODEL_NOT_OBSERVATION
L,41,15,2660.0,7318.192000000002,2000,5318.192000000002,CONDITIONAL_MODEL_NOT_OBSERVATION
L,41,16,2660.0,7318.192000000002,2000,5318.192000000002,CONDITIONAL_MODEL_NOT_OBSERVATION
L,41,17,2660.0,7318.192000000002,2000,5318.192000000002,CONDITIONAL_MODEL_NOT_OBSERVATION
L,41,18,2660.0,7318.192000000002,2000,5318.192000000002,CONDITIONAL_MODEL_NOT_OBSERVATION
L,41,19,2660.0,7318.192000000002,2000,5318.192000000002,CONDITIONAL_MODEL_NOT_OBSERVATION
L,41,20,2660.0,7318.192000000002,2000,5318.192000000002,CONDITIONAL_MODEL_NOT_OBSERVATION
L,42,1,1819.9999999999998,0.0,5333.333333333334,-5333.333333333334,CONDITIONAL_MODEL_NOT_OBSERVATION
L,42,2,2240.0,1456.0,4666.666666666667,-3210.666666666667,CONDITIONAL_MODEL_NOT_OBSERVATION
L,42,3,2660.0,3102.4,4000.0,-897.5999999999999,CONDITIONAL_MODEL_NOT_OBSERVATION
L,42,4,2660.0,4920.16,4000,920.1599999999999,CONDITIONAL_MODEL_NOT_OBSERVATION
L,42,5,2660.0,6556.144,4000,2556.1440000000002,CONDITIONAL_MODEL_NOT_OBSERVATION
L,42,6,2660.0,7073.248000000001,4000,3073.2480000000014,CONDITIONAL_MODEL_NOT_OBSERVATION
L,42,7,2660.0,7318.192000000002,4000,3318.192000000002,CONDITIONAL_MODEL_NOT_OBSERVATION
L,42,8,2660.0,7318.192000000002,4000,3318.192000000002,CONDITIONAL_MODEL_NOT_OBSERVATION
L,42,9,2660.0,7318.192000000002,4000,3318.192000000002,CONDITIONAL_MODEL_NOT_OBSERVATION
L,42,10,2660.0,7318.192000000002,4000,3318.192000000002,CONDITIONAL_MODEL_NOT_OBSERVATION
L,42,11,2660.0,7318.192000000002,4000,3318.192000000002,CONDITIONAL_MODEL_NOT_OBSERVATION
L,42,12,2660.0,7318.192000000002,4000,3318.192000000002,CONDITIONAL_MODEL_NOT_OBSERVATION
L,42,13,2660.0,7318.192000000002,4000,3318.192000000002,CONDITIONAL_MODEL_NOT_OBSERVATION
L,42,14,2660.0,7318.192000000002,4000,3318.192000000002,CONDITIONAL_MODEL_NOT_OBSERVATION
L,42,15,2660.0,7318.192000000002,4000,3318.192000000002,CONDITIONAL_MODEL_NOT_OBSERVATION
L,42,16,2660.0,7318.192000000002,4000,3318.192000000002,CONDITIONAL_MODEL_NOT_OBSERVATION
L,42,17,2660.0,7318.192000000002,4000,3318.192000000002,CONDITIONAL_MODEL_NOT_OBSERVATION
L,42,18,2660.0,7318.192000000002,4000,3318.192000000002,CONDITIONAL_MODEL_NOT_OBSERVATION
L,42,19,2660.0,7318.192000000002,4000,3318.192000000002,CONDITIONAL_MODEL_NOT_OBSERVATION
L,42,20,2660.0,7318.192000000002,4000,3318.192000000002,CONDITIONAL_MODEL_NOT_OBSERVATION
L,43,1,1819.9999999999998,0.0,7333.333333333334,-7333.333333333334,CONDITIONAL_MODEL_NOT_OBSERVATION
L,43,2,2240.0,1456.0,4666.666666666667,-3210.666666666667,CONDITIONAL_MODEL_NOT_OBSERVATION
L,43,3,2660.0,3102.4,2000.0,1102.4,CONDITIONAL_MODEL_NOT_OBSERVATION
L,43,4,2660.0,4920.16,2000,2920.16,CONDITIONAL_MODEL_NOT_OBSERVATION
L,43,5,2660.0,6556.144,2000,4556.144,CONDITIONAL_MODEL_NOT_OBSERVATION
L,43,6,2660.0,7073.248000000001,2000,5073.248000000001,CONDITIONAL_MODEL_NOT_OBSERVATION
L,43,7,2660.0,7318.192000000002,2000,5318.192000000002,CONDITIONAL_MODEL_NOT_OBSERVATION
L,43,8,2660.0,7318.192000000002,2000,5318.192000000002,CONDITIONAL_MODEL_NOT_OBSERVATION
L,43,9,2660.0,7318.192000000002,2000,5318.192000000002,CONDITIONAL_MODEL_NOT_OBSERVATION
L,43,10,2660.0,7318.192000000002,2000,5318.192000000002,CONDITIONAL_MODEL_NOT_OBSERVATION
L,43,11,2660.0,7318.192000000002,2000,5318.192000000002,CONDITIONAL_MODEL_NOT_OBSERVATION
L,43,12,2660.0,7318.192000000002,2000,5318.192000000002,CONDITIONAL_MODEL_NOT_OBSERVATION
L,43,13,2660.0,7318.192000000002,2000,5318.192000000002,CONDITIONAL_MODEL_NOT_OBSERVATION
L,43,14,2660.0,7318.192000000002,2000,5318.192000000002,CONDITIONAL_MODEL_NOT_OBSERVATION
L,43,15,2660.0,7318.192000000002,2000,5318.192000000002,CONDITIONAL_MODEL_NOT_OBSERVATION
L,43,16,2660.0,7318.192000000002,2000,5318.192000000002,CONDITIONAL_MODEL_NOT_OBSERVATION
L,43,17,2660.0,7318.192000000002,2000,5318.192000000002,CONDITIONAL_MODEL_NOT_OBSERVATION
L,43,18,2660.0,7318.192000000002,2000,5318.192000000002,CONDITIONAL_MODEL_NOT_OBSERVATION
L,43,19,2660.0,7318.192000000002,2000,5318.192000000002,CONDITIONAL_MODEL_NOT_OBSERVATION
L,43,20,2660.0,7318.192000000002,2000,5318.192000000002,CONDITIONAL_MODEL_NOT_OBSERVATION
L,44,1,1819.9999999999998,0.0,8000.0,-8000.0,CONDITIONAL_MODEL_NOT_OBSERVATION
L,44,2,2240.0,1456.0,6000.0,-4544.0,CONDITIONAL_MODEL_NOT_OBSERVATION
L,44,3,2660.0,3102.4,4000.0,-897.5999999999999,CONDITIONAL_MODEL_NOT_OBSERVATION
L,44,4,2660.0,4920.16,4000,920.1599999999999,CONDITIONAL_MODEL_NOT_OBSERVATION
L,44,5,2660.0,6556.144,4000,2556.1440000000002,CONDITIONAL_MODEL_NOT_OBSERVATION
L,44,6,2660.0,7073.248000000001,4000,3073.2480000000014,CONDITIONAL_MODEL_NOT_OBSERVATION
L,44,7,2660.0,7318.192000000002,4000,3318.192000000002,CONDITIONAL_MODEL_NOT_OBSERVATION
L,44,8,2660.0,7318.192000000002,4000,3318.192000000002,CONDITIONAL_MODEL_NOT_OBSERVATION
L,44,9,2660.0,7318.192000000002,4000,3318.192000000002,CONDITIONAL_MODEL_NOT_OBSERVATION
L,44,10,2660.0,7318.192000000002,4000,3318.192000000002,CONDITIONAL_MODEL_NOT_OBSERVATION
L,44,11,2660.0,7318.192000000002,4000,3318.192000000002,CONDITIONAL_MODEL_NOT_OBSERVATION
L,44,12,2660.0,7318.192000000002,4000,3318.192000000002,CONDITIONAL_MODEL_NOT_OBSERVATION
L,44,13,2660.0,7318.192000000002,4000,3318.192000000002,CONDITIONAL_MODEL_NOT_OBSERVATION
L,44,14,2660.0,7318.192000000002,4000,3318.192000000002,CONDITIONAL_MODEL_NOT_OBSERVATION
L,44,15,2660.0,7318.192000000002,4000,3318.192000000002,CONDITIONAL_MODEL_NOT_OBSERVATION
L,44,16,2660.0,7318.192000000002,4000,3318.192000000002,CONDITIONAL_MODEL_NOT_OBSERVATION
L,44,17,2660.0,7318.192000000002,4000,3318.192000000002,CONDITIONAL_MODEL_NOT_OBSERVATION
L,44,18,2660.0,7318.192000000002,4000,3318.192000000002,CONDITIONAL_MODEL_NOT_OBSERVATION
L,44,19,2660.0,7318.192000000002,4000,3318.192000000002,CONDITIONAL_MODEL_NOT_OBSERVATION
L,44,20,2660.0,7318.192000000002,4000,3318.192000000002,CONDITIONAL_MODEL_NOT_OBSERVATION
L,45,1,1609.9999999999998,0.0,5333.333333333334,-5333.333333333334,CONDITIONAL_MODEL_NOT_OBSERVATION
L,45,2,1819.9999999999998,1288.0,4666.666666666667,-3378.666666666667,CONDITIONAL_MODEL_NOT_OBSERVATION
L,45,3,2030.0,2615.2,4000.0,-1384.8000000000002,CONDITIONAL_MODEL_NOT_OBSERVATION
L,45,4,2240.0,3977.6800000000003,3333.3333333333335,644.3466666666668,CONDITIONAL_MODEL_NOT_OBSERVATION
L,45,5,2450.0,5371.912,2666.6666666666665,2705.2453333333337,CONDITIONAL_MODEL_NOT_OBSERVATION
L,45,6,2660.0,5949.664000000001,2000.0,3949.6640000000007,CONDITIONAL_MODEL_NOT_OBSERVATION
L,45,7,2660.0,6527.416,2000,4527.416,CONDITIONAL_MODEL_NOT_OBSERVATION
L,45,8,2660.0,6937.1680000000015,2000,4937.1680000000015,CONDITIONAL_MODEL_NOT_OBSERVATION
L,45,9,2660.0,7195.720000000001,2000,5195.720000000001,CONDITIONAL_MODEL_NOT_OBSERVATION
L,45,10,2660.0,7318.192000000002,2000,5318.192000000002,CONDITIONAL_MODEL_NOT_OBSERVATION
L,45,11,2660.0,7318.192000000002,2000,5318.192000000002,CONDITIONAL_MODEL_NOT_OBSERVATION
L,45,12,2660.0,7318.192000000002,2000,5318.192000000002,CONDITIONAL_MODEL_NOT_OBSERVATION
L,45,13,2660.0,7318.192000000002,2000,5318.192000000002,CONDITIONAL_MODEL_NOT_OBSERVATION
L,45,14,2660.0,7318.192000000002,2000,5318.192000000002,CONDITIONAL_MODEL_NOT_OBSERVATION
L,45,15,2660.0,7318.192000000002,2000,5318.192000000002,CONDITIONAL_MODEL_NOT_OBSERVATION
L,45,16,2660.0,7318.192000000002,2000,5318.192000000002,CONDITIONAL_MODEL_NOT_OBSERVATION
L,45,17,2660.0,7318.192000000002,2000,5318.192000000002,CONDITIONAL_MODEL_NOT_OBSERVATION
L,45,18,2660.0,7318.192000000002,2000,5318.192000000002,CONDITIONAL_MODEL_NOT_OBSERVATION
L,45,19,2660.0,7318.192000000002,2000,5318.192000000002,CONDITIONAL_MODEL_NOT_OBSERVATION
L,45,20,2660.0,7318.192000000002,2000,5318.192000000002,CONDITIONAL_MODEL_NOT_OBSERVATION
L,46,1,1609.9999999999998,0.0,5666.666666666667,-5666.666666666667,CONDITIONAL_MODEL_NOT_OBSERVATION
L,46,2,1819.9999999999998,1288.0,5333.333333333334,-4045.333333333334,CONDITIONAL_MODEL_NOT_OBSERVATION
L,46,3,2030.0,2615.2,5000.0,-2384.8,CONDITIONAL_MODEL_NOT_OBSERVATION
L,46,4,2240.0,3977.6800000000003,4666.666666666667,-688.9866666666667,CONDITIONAL_MODEL_NOT_OBSERVATION
L,46,5,2450.0,5371.912,4333.333333333333,1038.5786666666672,CONDITIONAL_MODEL_NOT_OBSERVATION
L,46,6,2660.0,5949.664000000001,4000.0,1949.6640000000007,CONDITIONAL_MODEL_NOT_OBSERVATION
L,46,7,2660.0,6527.416,4000,2527.416,CONDITIONAL_MODEL_NOT_OBSERVATION
L,46,8,2660.0,6937.1680000000015,4000,2937.1680000000015,CONDITIONAL_MODEL_NOT_OBSERVATION
L,46,9,2660.0,7195.720000000001,4000,3195.720000000001,CONDITIONAL_MODEL_NOT_OBSERVATION
L,46,10,2660.0,7318.192000000002,4000,3318.192000000002,CONDITIONAL_MODEL_NOT_OBSERVATION
L,46,11,2660.0,7318.192000000002,4000,3318.192000000002,CONDITIONAL_MODEL_NOT_OBSERVATION
L,46,12,2660.0,7318.192000000002,4000,3318.192000000002,CONDITIONAL_MODEL_NOT_OBSERVATION
L,46,13,2660.0,7318.192000000002,4000,3318.192000000002,CONDITIONAL_MODEL_NOT_OBSERVATION
L,46,14,2660.0,7318.192000000002,4000,3318.192000000002,CONDITIONAL_MODEL_NOT_OBSERVATION
L,46,15,2660.0,7318.192000000002,4000,3318.192000000002,CONDITIONAL_MODEL_NOT_OBSERVATION
L,46,16,2660.0,7318.192000000002,4000,3318.192000000002,CONDITIONAL_MODEL_NOT_OBSERVATION
L,46,17,2660.0,7318.192000000002,4000,3318.192000000002,CONDITIONAL_MODEL_NOT_OBSERVATION
L,46,18,2660.0,7318.192000000002,4000,3318.192000000002,CONDITIONAL_MODEL_NOT_OBSERVATION
L,46,19,2660.0,7318.192000000002,4000,3318.192000000002,CONDITIONAL_MODEL_NOT_OBSERVATION
L,46,20,2660.0,7318.192000000002,4000,3318.192000000002,CONDITIONAL_MODEL_NOT_OBSERVATION
L,47,1,1609.9999999999998,0.0,8666.666666666668,-8666.666666666668,CONDITIONAL_MODEL_NOT_OBSERVATION
L,47,2,1819.9999999999998,1288.0,7333.333333333334,-6045.333333333334,CONDITIONAL_MODEL_NOT_OBSERVATION
L,47,3,2030.0,2615.2,6000.0,-3384.8,CONDITIONAL_MODEL_NOT_OBSERVATION
L,47,4,2240.0,3977.6800000000003,4666.666666666667,-688.9866666666667,CONDITIONAL_MODEL_NOT_OBSERVATION
L,47,5,2450.0,5371.912,3333.333333333333,2038.5786666666672,CONDITIONAL_MODEL_NOT_OBSERVATION
L,47,6,2660.0,5949.664000000001,2000.0,3949.6640000000007,CONDITIONAL_MODEL_NOT_OBSERVATION
L,47,7,2660.0,6527.416,2000,4527.416,CONDITIONAL_MODEL_NOT_OBSERVATION
L,47,8,2660.0,6937.1680000000015,2000,4937.1680000000015,CONDITIONAL_MODEL_NOT_OBSERVATION
L,47,9,2660.0,7195.720000000001,2000,5195.720000000001,CONDITIONAL_MODEL_NOT_OBSERVATION
L,47,10,2660.0,7318.192000000002,2000,5318.192000000002,CONDITIONAL_MODEL_NOT_OBSERVATION
L,47,11,2660.0,7318.192000000002,2000,5318.192000000002,CONDITIONAL_MODEL_NOT_OBSERVATION
L,47,12,2660.0,7318.192000000002,2000,5318.192000000002,CONDITIONAL_MODEL_NOT_OBSERVATION
L,47,13,2660.0,7318.192000000002,2000,5318.192000000002,CONDITIONAL_MODEL_NOT_OBSERVATION
L,47,14,2660.0,7318.192000000002,2000,5318.192000000002,CONDITIONAL_MODEL_NOT_OBSERVATION
L,47,15,2660.0,7318.192000000002,2000,5318.192000000002,CONDITIONAL_MODEL_NOT_OBSERVATION
L,47,16,2660.0,7318.192000000002,2000,5318.192000000002,CONDITIONAL_MODEL_NOT_OBSERVATION
L,47,17,2660.0,7318.192000000002,2000,5318.192000000002,CONDITIONAL_MODEL_NOT_OBSERVATION
L,47,18,2660.0,7318.192000000002,2000,5318.192000000002,CONDITIONAL_MODEL_NOT_OBSERVATION
L,47,19,2660.0,7318.192000000002,2000,5318.192000000002,CONDITIONAL_MODEL_NOT_OBSERVATION
L,47,20,2660.0,7318.192000000002,2000,5318.192000000002,CONDITIONAL_MODEL_NOT_OBSERVATION
L,48,1,1609.9999999999998,0.0,9000.0,-9000.0,CONDITIONAL_MODEL_NOT_OBSERVATION
L,48,2,1819.9999999999998,1288.0,8000.0,-6712.0,CONDITIONAL_MODEL_NOT_OBSERVATION
L,48,3,2030.0,2615.2,7000.0,-4384.8,CONDITIONAL_MODEL_NOT_OBSERVATION
L,48,4,2240.0,3977.6800000000003,6000.0,-2022.3199999999997,CONDITIONAL_MODEL_NOT_OBSERVATION
L,48,5,2450.0,5371.912,5000.0,371.91200000000026,CONDITIONAL_MODEL_NOT_OBSERVATION
L,48,6,2660.0,5949.664000000001,4000.0,1949.6640000000007,CONDITIONAL_MODEL_NOT_OBSERVATION
L,48,7,2660.0,6527.416,4000,2527.416,CONDITIONAL_MODEL_NOT_OBSERVATION
L,48,8,2660.0,6937.1680000000015,4000,2937.1680000000015,CONDITIONAL_MODEL_NOT_OBSERVATION
L,48,9,2660.0,7195.720000000001,4000,3195.720000000001,CONDITIONAL_MODEL_NOT_OBSERVATION
L,48,10,2660.0,7318.192000000002,4000,3318.192000000002,CONDITIONAL_MODEL_NOT_OBSERVATION
L,48,11,2660.0,7318.192000000002,4000,3318.192000000002,CONDITIONAL_MODEL_NOT_OBSERVATION
L,48,12,2660.0,7318.192000000002,4000,3318.192000000002,CONDITIONAL_MODEL_NOT_OBSERVATION
L,48,13,2660.0,7318.192000000002,4000,3318.192000000002,CONDITIONAL_MODEL_NOT_OBSERVATION
L,48,14,2660.0,7318.192000000002,4000,3318.192000000002,CONDITIONAL_MODEL_NOT_OBSERVATION
L,48,15,2660.0,7318.192000000002,4000,3318.192000000002,CONDITIONAL_MODEL_NOT_OBSERVATION
L,48,16,2660.0,7318.192000000002,4000,3318.192000000002,CONDITIONAL_MODEL_NOT_OBSERVATION
L,48,17,2660.0,7318.192000000002,4000,3318.192000000002,CONDITIONAL_MODEL_NOT_OBSERVATION
L,48,18,2660.0,7318.192000000002,4000,3318.192000000002,CONDITIONAL_MODEL_NOT_OBSERVATION
L,48,19,2660.0,7318.192000000002,4000,3318.192000000002,CONDITIONAL_MODEL_NOT_OBSERVATION
L,48,20,2660.0,7318.192000000002,4000,3318.192000000002,CONDITIONAL_MODEL_NOT_OBSERVATION
L,49,1,2053.333333333333,0.0,4666.666666666667,-4666.666666666667,CONDITIONAL_MODEL_NOT_OBSERVATION
L,49,2,2146.666666666667,1642.6666666666665,3333.3333333333335,-1690.666666666667,CONDITIONAL_MODEL_NOT_OBSERVATION
L,49,3,2240.0,3195.7333333333336,2000.0,1195.7333333333336,CONDITIONAL_MODEL_NOT_OBSERVATION
L,49,4,2240.0,4668.16,2000,2668.16,CONDITIONAL_MODEL_NOT_OBSERVATION
L,49,5,2240.0,5993.344000000001,2000,3993.344000000001,CONDITIONAL_MODEL_NOT_OBSERVATION
L,49,6,2240.0,6108.256,2000,4108.256,CONDITIONAL_MODEL_NOT_OBSERVATION
L,49,7,2240.0,6162.688,2000,4162.688,CONDITIONAL_MODEL_NOT_OBSERVATION
L,49,8,2240.0,6162.688,2000,4162.688,CONDITIONAL_MODEL_NOT_OBSERVATION
L,49,9,2240.0,6162.688,2000,4162.688,CONDITIONAL_MODEL_NOT_OBSERVATION
L,49,10,2240.0,6162.688,2000,4162.688,CONDITIONAL_MODEL_NOT_OBSERVATION
L,49,11,2240.0,6162.688,2000,4162.688,CONDITIONAL_MODEL_NOT_OBSERVATION
L,49,12,2240.0,6162.688,2000,4162.688,CONDITIONAL_MODEL_NOT_OBSERVATION
L,49,13,2240.0,6162.688,2000,4162.688,CONDITIONAL_MODEL_NOT_OBSERVATION
L,49,14,2240.0,6162.688,2000,4162.688,CONDITIONAL_MODEL_NOT_OBSERVATION
L,49,15,2240.0,6162.688,2000,4162.688,CONDITIONAL_MODEL_NOT_OBSERVATION
L,49,16,2240.0,6162.688,2000,4162.688,CONDITIONAL_MODEL_NOT_OBSERVATION
L,49,17,2240.0,6162.688,2000,4162.688,CONDITIONAL_MODEL_NOT_OBSERVATION
L,49,18,2240.0,6162.688,2000,4162.688,CONDITIONAL_MODEL_NOT_OBSERVATION
L,49,19,2240.0,6162.688,2000,4162.688,CONDITIONAL_MODEL_NOT_OBSERVATION
L,49,20,2240.0,6162.688,2000,4162.688,CONDITIONAL_MODEL_NOT_OBSERVATION
L,50,1,2053.333333333333,0.0,5333.333333333334,-5333.333333333334,CONDITIONAL_MODEL_NOT_OBSERVATION
L,50,2,2146.666666666667,1642.6666666666665,4666.666666666667,-3024.0000000000005,CONDITIONAL_MODEL_NOT_OBSERVATION
L,50,3,2240.0,3195.7333333333336,4000.0,-804.2666666666664,CONDITIONAL_MODEL_NOT_OBSERVATION
L,50,4,2240.0,4668.16,4000,668.1599999999999,CONDITIONAL_MODEL_NOT_OBSERVATION
L,50,5,2240.0,5993.344000000001,4000,1993.344000000001,CONDITIONAL_MODEL_NOT_OBSERVATION
L,50,6,2240.0,6108.256,4000,2108.2560000000003,CONDITIONAL_MODEL_NOT_OBSERVATION
L,50,7,2240.0,6162.688,4000,2162.688,CONDITIONAL_MODEL_NOT_OBSERVATION
L,50,8,2240.0,6162.688,4000,2162.688,CONDITIONAL_MODEL_NOT_OBSERVATION
L,50,9,2240.0,6162.688,4000,2162.688,CONDITIONAL_MODEL_NOT_OBSERVATION
L,50,10,2240.0,6162.688,4000,2162.688,CONDITIONAL_MODEL_NOT_OBSERVATION
L,50,11,2240.0,6162.688,4000,2162.688,CONDITIONAL_MODEL_NOT_OBSERVATION
L,50,12,2240.0,6162.688,4000,2162.688,CONDITIONAL_MODEL_NOT_OBSERVATION
L,50,13,2240.0,6162.688,4000,2162.688,CONDITIONAL_MODEL_NOT_OBSERVATION
L,50,14,2240.0,6162.688,4000,2162.688,CONDITIONAL_MODEL_NOT_OBSERVATION
L,50,15,2240.0,6162.688,4000,2162.688,CONDITIONAL_MODEL_NOT_OBSERVATION
L,50,16,2240.0,6162.688,4000,2162.688,CONDITIONAL_MODEL_NOT_OBSERVATION
L,50,17,2240.0,6162.688,4000,2162.688,CONDITIONAL_MODEL_NOT_OBSERVATION
L,50,18,2240.0,6162.688,4000,2162.688,CONDITIONAL_MODEL_NOT_OBSERVATION
L,50,19,2240.0,6162.688,4000,2162.688,CONDITIONAL_MODEL_NOT_OBSERVATION
L,50,20,2240.0,6162.688,4000,2162.688,CONDITIONAL_MODEL_NOT_OBSERVATION
L,51,1,2053.333333333333,0.0,7333.333333333334,-7333.333333333334,CONDITIONAL_MODEL_NOT_OBSERVATION
L,51,2,2146.666666666667,1642.6666666666665,4666.666666666667,-3024.0000000000005,CONDITIONAL_MODEL_NOT_OBSERVATION
L,51,3,2240.0,3195.7333333333336,2000.0,1195.7333333333336,CONDITIONAL_MODEL_NOT_OBSERVATION
L,51,4,2240.0,4668.16,2000,2668.16,CONDITIONAL_MODEL_NOT_OBSERVATION
L,51,5,2240.0,5993.344000000001,2000,3993.344000000001,CONDITIONAL_MODEL_NOT_OBSERVATION
L,51,6,2240.0,6108.256,2000,4108.256,CONDITIONAL_MODEL_NOT_OBSERVATION
L,51,7,2240.0,6162.688,2000,4162.688,CONDITIONAL_MODEL_NOT_OBSERVATION
L,51,8,2240.0,6162.688,2000,4162.688,CONDITIONAL_MODEL_NOT_OBSERVATION
L,51,9,2240.0,6162.688,2000,4162.688,CONDITIONAL_MODEL_NOT_OBSERVATION
L,51,10,2240.0,6162.688,2000,4162.688,CONDITIONAL_MODEL_NOT_OBSERVATION
L,51,11,2240.0,6162.688,2000,4162.688,CONDITIONAL_MODEL_NOT_OBSERVATION
L,51,12,2240.0,6162.688,2000,4162.688,CONDITIONAL_MODEL_NOT_OBSERVATION
L,51,13,2240.0,6162.688,2000,4162.688,CONDITIONAL_MODEL_NOT_OBSERVATION
L,51,14,2240.0,6162.688,2000,4162.688,CONDITIONAL_MODEL_NOT_OBSERVATION
L,51,15,2240.0,6162.688,2000,4162.688,CONDITIONAL_MODEL_NOT_OBSERVATION
L,51,16,2240.0,6162.688,2000,4162.688,CONDITIONAL_MODEL_NOT_OBSERVATION
L,51,17,2240.0,6162.688,2000,4162.688,CONDITIONAL_MODEL_NOT_OBSERVATION
L,51,18,2240.0,6162.688,2000,4162.688,CONDITIONAL_MODEL_NOT_OBSERVATION
L,51,19,2240.0,6162.688,2000,4162.688,CONDITIONAL_MODEL_NOT_OBSERVATION
L,51,20,2240.0,6162.688,2000,4162.688,CONDITIONAL_MODEL_NOT_OBSERVATION
L,52,1,2053.333333333333,0.0,8000.0,-8000.0,CONDITIONAL_MODEL_NOT_OBSERVATION
L,52,2,2146.666666666667,1642.6666666666665,6000.0,-4357.333333333334,CONDITIONAL_MODEL_NOT_OBSERVATION
L,52,3,2240.0,3195.7333333333336,4000.0,-804.2666666666664,CONDITIONAL_MODEL_NOT_OBSERVATION
L,52,4,2240.0,4668.16,4000,668.1599999999999,CONDITIONAL_MODEL_NOT_OBSERVATION
L,52,5,2240.0,5993.344000000001,4000,1993.344000000001,CONDITIONAL_MODEL_NOT_OBSERVATION
L,52,6,2240.0,6108.256,4000,2108.2560000000003,CONDITIONAL_MODEL_NOT_OBSERVATION
L,52,7,2240.0,6162.688,4000,2162.688,CONDITIONAL_MODEL_NOT_OBSERVATION
L,52,8,2240.0,6162.688,4000,2162.688,CONDITIONAL_MODEL_NOT_OBSERVATION
L,52,9,2240.0,6162.688,4000,2162.688,CONDITIONAL_MODEL_NOT_OBSERVATION
L,52,10,2240.0,6162.688,4000,2162.688,CONDITIONAL_MODEL_NOT_OBSERVATION
L,52,11,2240.0,6162.688,4000,2162.688,CONDITIONAL_MODEL_NOT_OBSERVATION
L,52,12,2240.0,6162.688,4000,2162.688,CONDITIONAL_MODEL_NOT_OBSERVATION
L,52,13,2240.0,6162.688,4000,2162.688,CONDITIONAL_MODEL_NOT_OBSERVATION
L,52,14,2240.0,6162.688,4000,2162.688,CONDITIONAL_MODEL_NOT_OBSERVATION
L,52,15,2240.0,6162.688,4000,2162.688,CONDITIONAL_MODEL_NOT_OBSERVATION
L,52,16,2240.0,6162.688,4000,2162.688,CONDITIONAL_MODEL_NOT_OBSERVATION
L,52,17,2240.0,6162.688,4000,2162.688,CONDITIONAL_MODEL_NOT_OBSERVATION
L,52,18,2240.0,6162.688,4000,2162.688,CONDITIONAL_MODEL_NOT_OBSERVATION
L,52,19,2240.0,6162.688,4000,2162.688,CONDITIONAL_MODEL_NOT_OBSERVATION
L,52,20,2240.0,6162.688,4000,2162.688,CONDITIONAL_MODEL_NOT_OBSERVATION
L,53,1,2006.6666666666667,0.0,5333.333333333334,-5333.333333333334,CONDITIONAL_MODEL_NOT_OBSERVATION
L,53,2,2053.333333333333,1605.3333333333335,4666.666666666667,-3061.3333333333335,CONDITIONAL_MODEL_NOT_OBSERVATION
L,53,3,2100.0,3087.4666666666667,4000.0,-912.5333333333333,CONDITIONAL_MODEL_NOT_OBSERVATION
L,53,4,2146.666666666667,4458.72,3333.3333333333335,1125.3866666666668,CONDITIONAL_MODEL_NOT_OBSERVATION
L,53,5,2193.3333333333335,5730.181333333334,2666.6666666666665,3063.5146666666674,CONDITIONAL_MODEL_NOT_OBSERVATION
L,53,6,2240.0,5858.570666666667,2000.0,3858.5706666666674,CONDITIONAL_MODEL_NOT_OBSERVATION
L,53,7,2240.0,5986.960000000001,2000,3986.960000000001,CONDITIONAL_MODEL_NOT_OBSERVATION
L,53,8,2240.0,6078.0160000000005,2000,4078.0160000000005,CONDITIONAL_MODEL_NOT_OBSERVATION
L,53,9,2240.0,6135.472000000001,2000,4135.472000000001,CONDITIONAL_MODEL_NOT_OBSERVATION
L,53,10,2240.0,6162.688,2000,4162.688,CONDITIONAL_MODEL_NOT_OBSERVATION
L,53,11,2240.0,6162.688,2000,4162.688,CONDITIONAL_MODEL_NOT_OBSERVATION
L,53,12,2240.0,6162.688,2000,4162.688,CONDITIONAL_MODEL_NOT_OBSERVATION
L,53,13,2240.0,6162.688,2000,4162.688,CONDITIONAL_MODEL_NOT_OBSERVATION
L,53,14,2240.0,6162.688,2000,4162.688,CONDITIONAL_MODEL_NOT_OBSERVATION
L,53,15,2240.0,6162.688,2000,4162.688,CONDITIONAL_MODEL_NOT_OBSERVATION
L,53,16,2240.0,6162.688,2000,4162.688,CONDITIONAL_MODEL_NOT_OBSERVATION
L,53,17,2240.0,6162.688,2000,4162.688,CONDITIONAL_MODEL_NOT_OBSERVATION
L,53,18,2240.0,6162.688,2000,4162.688,CONDITIONAL_MODEL_NOT_OBSERVATION
L,53,19,2240.0,6162.688,2000,4162.688,CONDITIONAL_MODEL_NOT_OBSERVATION
L,53,20,2240.0,6162.688,2000,4162.688,CONDITIONAL_MODEL_NOT_OBSERVATION
L,54,1,2006.6666666666667,0.0,5666.666666666667,-5666.666666666667,CONDITIONAL_MODEL_NOT_OBSERVATION
L,54,2,2053.333333333333,1605.3333333333335,5333.333333333334,-3728.0000000000005,CONDITIONAL_MODEL_NOT_OBSERVATION
L,54,3,2100.0,3087.4666666666667,5000.0,-1912.5333333333333,CONDITIONAL_MODEL_NOT_OBSERVATION
L,54,4,2146.666666666667,4458.72,4666.666666666667,-207.94666666666672,CONDITIONAL_MODEL_NOT_OBSERVATION
L,54,5,2193.3333333333335,5730.181333333334,4333.333333333333,1396.8480000000009,CONDITIONAL_MODEL_NOT_OBSERVATION
L,54,6,2240.0,5858.570666666667,4000.0,1858.5706666666674,CONDITIONAL_MODEL_NOT_OBSERVATION
L,54,7,2240.0,5986.960000000001,4000,1986.960000000001,CONDITIONAL_MODEL_NOT_OBSERVATION
L,54,8,2240.0,6078.0160000000005,4000,2078.0160000000005,CONDITIONAL_MODEL_NOT_OBSERVATION
L,54,9,2240.0,6135.472000000001,4000,2135.4720000000007,CONDITIONAL_MODEL_NOT_OBSERVATION
L,54,10,2240.0,6162.688,4000,2162.688,CONDITIONAL_MODEL_NOT_OBSERVATION
L,54,11,2240.0,6162.688,4000,2162.688,CONDITIONAL_MODEL_NOT_OBSERVATION
L,54,12,2240.0,6162.688,4000,2162.688,CONDITIONAL_MODEL_NOT_OBSERVATION
L,54,13,2240.0,6162.688,4000,2162.688,CONDITIONAL_MODEL_NOT_OBSERVATION
L,54,14,2240.0,6162.688,4000,2162.688,CONDITIONAL_MODEL_NOT_OBSERVATION
L,54,15,2240.0,6162.688,4000,2162.688,CONDITIONAL_MODEL_NOT_OBSERVATION
L,54,16,2240.0,6162.688,4000,2162.688,CONDITIONAL_MODEL_NOT_OBSERVATION
L,54,17,2240.0,6162.688,4000,2162.688,CONDITIONAL_MODEL_NOT_OBSERVATION
L,54,18,2240.0,6162.688,4000,2162.688,CONDITIONAL_MODEL_NOT_OBSERVATION
L,54,19,2240.0,6162.688,4000,2162.688,CONDITIONAL_MODEL_NOT_OBSERVATION
L,54,20,2240.0,6162.688,4000,2162.688,CONDITIONAL_MODEL_NOT_OBSERVATION
L,55,1,2006.6666666666667,0.0,8666.666666666668,-8666.666666666668,CONDITIONAL_MODEL_NOT_OBSERVATION
L,55,2,2053.333333333333,1605.3333333333335,7333.333333333334,-5728.0,CONDITIONAL_MODEL_NOT_OBSERVATION
L,55,3,2100.0,3087.4666666666667,6000.0,-2912.5333333333333,CONDITIONAL_MODEL_NOT_OBSERVATION
L,55,4,2146.666666666667,4458.72,4666.666666666667,-207.94666666666672,CONDITIONAL_MODEL_NOT_OBSERVATION
L,55,5,2193.3333333333335,5730.181333333334,3333.333333333333,2396.848000000001,CONDITIONAL_MODEL_NOT_OBSERVATION
L,55,6,2240.0,5858.570666666667,2000.0,3858.5706666666674,CONDITIONAL_MODEL_NOT_OBSERVATION
L,55,7,2240.0,5986.960000000001,2000,3986.960000000001,CONDITIONAL_MODEL_NOT_OBSERVATION
L,55,8,2240.0,6078.0160000000005,2000,4078.0160000000005,CONDITIONAL_MODEL_NOT_OBSERVATION
L,55,9,2240.0,6135.472000000001,2000,4135.472000000001,CONDITIONAL_MODEL_NOT_OBSERVATION
L,55,10,2240.0,6162.688,2000,4162.688,CONDITIONAL_MODEL_NOT_OBSERVATION
L,55,11,2240.0,6162.688,2000,4162.688,CONDITIONAL_MODEL_NOT_OBSERVATION
L,55,12,2240.0,6162.688,2000,4162.688,CONDITIONAL_MODEL_NOT_OBSERVATION
L,55,13,2240.0,6162.688,2000,4162.688,CONDITIONAL_MODEL_NOT_OBSERVATION
L,55,14,2240.0,6162.688,2000,4162.688,CONDITIONAL_MODEL_NOT_OBSERVATION
L,55,15,2240.0,6162.688,2000,4162.688,CONDITIONAL_MODEL_NOT_OBSERVATION
L,55,16,2240.0,6162.688,2000,4162.688,CONDITIONAL_MODEL_NOT_OBSERVATION
L,55,17,2240.0,6162.688,2000,4162.688,CONDITIONAL_MODEL_NOT_OBSERVATION
L,55,18,2240.0,6162.688,2000,4162.688,CONDITIONAL_MODEL_NOT_OBSERVATION
L,55,19,2240.0,6162.688,2000,4162.688,CONDITIONAL_MODEL_NOT_OBSERVATION
L,55,20,2240.0,6162.688,2000,4162.688,CONDITIONAL_MODEL_NOT_OBSERVATION
L,56,1,2006.6666666666667,0.0,9000.0,-9000.0,CONDITIONAL_MODEL_NOT_OBSERVATION
L,56,2,2053.333333333333,1605.3333333333335,8000.0,-6394.666666666666,CONDITIONAL_MODEL_NOT_OBSERVATION
L,56,3,2100.0,3087.4666666666667,7000.0,-3912.5333333333333,CONDITIONAL_MODEL_NOT_OBSERVATION
L,56,4,2146.666666666667,4458.72,6000.0,-1541.2799999999997,CONDITIONAL_MODEL_NOT_OBSERVATION
L,56,5,2193.3333333333335,5730.181333333334,5000.0,730.1813333333339,CONDITIONAL_MODEL_NOT_OBSERVATION
L,56,6,2240.0,5858.570666666667,4000.0,1858.5706666666674,CONDITIONAL_MODEL_NOT_OBSERVATION
L,56,7,2240.0,5986.960000000001,4000,1986.960000000001,CONDITIONAL_MODEL_NOT_OBSERVATION
L,56,8,2240.0,6078.0160000000005,4000,2078.0160000000005,CONDITIONAL_MODEL_NOT_OBSERVATION
L,56,9,2240.0,6135.472000000001,4000,2135.4720000000007,CONDITIONAL_MODEL_NOT_OBSERVATION
L,56,10,2240.0,6162.688,4000,2162.688,CONDITIONAL_MODEL_NOT_OBSERVATION
L,56,11,2240.0,6162.688,4000,2162.688,CONDITIONAL_MODEL_NOT_OBSERVATION
L,56,12,2240.0,6162.688,4000,2162.688,CONDITIONAL_MODEL_NOT_OBSERVATION
L,56,13,2240.0,6162.688,4000,2162.688,CONDITIONAL_MODEL_NOT_OBSERVATION
L,56,14,2240.0,6162.688,4000,2162.688,CONDITIONAL_MODEL_NOT_OBSERVATION
L,56,15,2240.0,6162.688,4000,2162.688,CONDITIONAL_MODEL_NOT_OBSERVATION
L,56,16,2240.0,6162.688,4000,2162.688,CONDITIONAL_MODEL_NOT_OBSERVATION
L,56,17,2240.0,6162.688,4000,2162.688,CONDITIONAL_MODEL_NOT_OBSERVATION
L,56,18,2240.0,6162.688,4000,2162.688,CONDITIONAL_MODEL_NOT_OBSERVATION
L,56,19,2240.0,6162.688,4000,2162.688,CONDITIONAL_MODEL_NOT_OBSERVATION
L,56,20,2240.0,6162.688,4000,2162.688,CONDITIONAL_MODEL_NOT_OBSERVATION
L,57,1,2193.3333333333335,0.0,4666.666666666667,-4666.666666666667,CONDITIONAL_MODEL_NOT_OBSERVATION
L,57,2,2426.6666666666665,1754.666666666667,3333.3333333333335,-1578.6666666666665,CONDITIONAL_MODEL_NOT_OBSERVATION
L,57,3,2660.0,3520.5333333333338,2000.0,1520.5333333333338,CONDITIONAL_MODEL_NOT_OBSERVATION
L,57,4,2660.0,5296.4800000000005,2000,3296.4800000000005,CONDITIONAL_MODEL_NOT_OBSERVATION
L,57,5,2660.0,6894.832000000001,2000,4894.832000000001,CONDITIONAL_MODEL_NOT_OBSERVATION
L,57,6,2660.0,7182.112000000001,2000,5182.112000000001,CONDITIONAL_MODEL_NOT_OBSERVATION
L,57,7,2660.0,7318.192000000002,2000,5318.192000000002,CONDITIONAL_MODEL_NOT_OBSERVATION
L,57,8,2660.0,7318.192000000002,2000,5318.192000000002,CONDITIONAL_MODEL_NOT_OBSERVATION
L,57,9,2660.0,7318.192000000002,2000,5318.192000000002,CONDITIONAL_MODEL_NOT_OBSERVATION
L,57,10,2660.0,7318.192000000002,2000,5318.192000000002,CONDITIONAL_MODEL_NOT_OBSERVATION
L,57,11,2660.0,7318.192000000002,2000,5318.192000000002,CONDITIONAL_MODEL_NOT_OBSERVATION
L,57,12,2660.0,7318.192000000002,2000,5318.192000000002,CONDITIONAL_MODEL_NOT_OBSERVATION
L,57,13,2660.0,7318.192000000002,2000,5318.192000000002,CONDITIONAL_MODEL_NOT_OBSERVATION
L,57,14,2660.0,7318.192000000002,2000,5318.192000000002,CONDITIONAL_MODEL_NOT_OBSERVATION
L,57,15,2660.0,7318.192000000002,2000,5318.192000000002,CONDITIONAL_MODEL_NOT_OBSERVATION
L,57,16,2660.0,7318.192000000002,2000,5318.192000000002,CONDITIONAL_MODEL_NOT_OBSERVATION
L,57,17,2660.0,7318.192000000002,2000,5318.192000000002,CONDITIONAL_MODEL_NOT_OBSERVATION
L,57,18,2660.0,7318.192000000002,2000,5318.192000000002,CONDITIONAL_MODEL_NOT_OBSERVATION
L,57,19,2660.0,7318.192000000002,2000,5318.192000000002,CONDITIONAL_MODEL_NOT_OBSERVATION
L,57,20,2660.0,7318.192000000002,2000,5318.192000000002,CONDITIONAL_MODEL_NOT_OBSERVATION
L,58,1,2193.3333333333335,0.0,5333.333333333334,-5333.333333333334,CONDITIONAL_MODEL_NOT_OBSERVATION
L,58,2,2426.6666666666665,1754.666666666667,4666.666666666667,-2912.0,CONDITIONAL_MODEL_NOT_OBSERVATION
L,58,3,2660.0,3520.5333333333338,4000.0,-479.46666666666624,CONDITIONAL_MODEL_NOT_OBSERVATION
L,58,4,2660.0,5296.4800000000005,4000,1296.4800000000005,CONDITIONAL_MODEL_NOT_OBSERVATION
L,58,5,2660.0,6894.832000000001,4000,2894.8320000000012,CONDITIONAL_MODEL_NOT_OBSERVATION
L,58,6,2660.0,7182.112000000001,4000,3182.112000000001,CONDITIONAL_MODEL_NOT_OBSERVATION
L,58,7,2660.0,7318.192000000002,4000,3318.192000000002,CONDITIONAL_MODEL_NOT_OBSERVATION
L,58,8,2660.0,7318.192000000002,4000,3318.192000000002,CONDITIONAL_MODEL_NOT_OBSERVATION
L,58,9,2660.0,7318.192000000002,4000,3318.192000000002,CONDITIONAL_MODEL_NOT_OBSERVATION
L,58,10,2660.0,7318.192000000002,4000,3318.192000000002,CONDITIONAL_MODEL_NOT_OBSERVATION
L,58,11,2660.0,7318.192000000002,4000,3318.192000000002,CONDITIONAL_MODEL_NOT_OBSERVATION
L,58,12,2660.0,7318.192000000002,4000,3318.192000000002,CONDITIONAL_MODEL_NOT_OBSERVATION
L,58,13,2660.0,7318.192000000002,4000,3318.192000000002,CONDITIONAL_MODEL_NOT_OBSERVATION
L,58,14,2660.0,7318.192000000002,4000,3318.192000000002,CONDITIONAL_MODEL_NOT_OBSERVATION
L,58,15,2660.0,7318.192000000002,4000,3318.192000000002,CONDITIONAL_MODEL_NOT_OBSERVATION
L,58,16,2660.0,7318.192000000002,4000,3318.192000000002,CONDITIONAL_MODEL_NOT_OBSERVATION
L,58,17,2660.0,7318.192000000002,4000,3318.192000000002,CONDITIONAL_MODEL_NOT_OBSERVATION
L,58,18,2660.0,7318.192000000002,4000,3318.192000000002,CONDITIONAL_MODEL_NOT_OBSERVATION
L,58,19,2660.0,7318.192000000002,4000,3318.192000000002,CONDITIONAL_MODEL_NOT_OBSERVATION
L,58,20,2660.0,7318.192000000002,4000,3318.192000000002,CONDITIONAL_MODEL_NOT_OBSERVATION
L,59,1,2193.3333333333335,0.0,7333.333333333334,-7333.333333333334,CONDITIONAL_MODEL_NOT_OBSERVATION
L,59,2,2426.6666666666665,1754.666666666667,4666.666666666667,-2912.0,CONDITIONAL_MODEL_NOT_OBSERVATION
L,59,3,2660.0,3520.5333333333338,2000.0,1520.5333333333338,CONDITIONAL_MODEL_NOT_OBSERVATION
L,59,4,2660.0,5296.4800000000005,2000,3296.4800000000005,CONDITIONAL_MODEL_NOT_OBSERVATION
L,59,5,2660.0,6894.832000000001,2000,4894.832000000001,CONDITIONAL_MODEL_NOT_OBSERVATION
L,59,6,2660.0,7182.112000000001,2000,5182.112000000001,CONDITIONAL_MODEL_NOT_OBSERVATION
L,59,7,2660.0,7318.192000000002,2000,5318.192000000002,CONDITIONAL_MODEL_NOT_OBSERVATION
L,59,8,2660.0,7318.192000000002,2000,5318.192000000002,CONDITIONAL_MODEL_NOT_OBSERVATION
L,59,9,2660.0,7318.192000000002,2000,5318.192000000002,CONDITIONAL_MODEL_NOT_OBSERVATION
L,59,10,2660.0,7318.192000000002,2000,5318.192000000002,CONDITIONAL_MODEL_NOT_OBSERVATION
L,59,11,2660.0,7318.192000000002,2000,5318.192000000002,CONDITIONAL_MODEL_NOT_OBSERVATION
L,59,12,2660.0,7318.192000000002,2000,5318.192000000002,CONDITIONAL_MODEL_NOT_OBSERVATION
L,59,13,2660.0,7318.192000000002,2000,5318.192000000002,CONDITIONAL_MODEL_NOT_OBSERVATION
L,59,14,2660.0,7318.192000000002,2000,5318.192000000002,CONDITIONAL_MODEL_NOT_OBSERVATION
L,59,15,2660.0,7318.192000000002,2000,5318.192000000002,CONDITIONAL_MODEL_NOT_OBSERVATION
L,59,16,2660.0,7318.192000000002,2000,5318.192000000002,CONDITIONAL_MODEL_NOT_OBSERVATION
L,59,17,2660.0,7318.192000000002,2000,5318.192000000002,CONDITIONAL_MODEL_NOT_OBSERVATION
L,59,18,2660.0,7318.192000000002,2000,5318.192000000002,CONDITIONAL_MODEL_NOT_OBSERVATION
L,59,19,2660.0,7318.192000000002,2000,5318.192000000002,CONDITIONAL_MODEL_NOT_OBSERVATION
L,59,20,2660.0,7318.192000000002,2000,5318.192000000002,CONDITIONAL_MODEL_NOT_OBSERVATION
L,60,1,2193.3333333333335,0.0,8000.0,-8000.0,CONDITIONAL_MODEL_NOT_OBSERVATION
L,60,2,2426.6666666666665,1754.666666666667,6000.0,-4245.333333333333,CONDITIONAL_MODEL_NOT_OBSERVATION
L,60,3,2660.0,3520.5333333333338,4000.0,-479.46666666666624,CONDITIONAL_MODEL_NOT_OBSERVATION
L,60,4,2660.0,5296.4800000000005,4000,1296.4800000000005,CONDITIONAL_MODEL_NOT_OBSERVATION
L,60,5,2660.0,6894.832000000001,4000,2894.8320000000012,CONDITIONAL_MODEL_NOT_OBSERVATION
L,60,6,2660.0,7182.112000000001,4000,3182.112000000001,CONDITIONAL_MODEL_NOT_OBSERVATION
L,60,7,2660.0,7318.192000000002,4000,3318.192000000002,CONDITIONAL_MODEL_NOT_OBSERVATION
L,60,8,2660.0,7318.192000000002,4000,3318.192000000002,CONDITIONAL_MODEL_NOT_OBSERVATION
L,60,9,2660.0,7318.192000000002,4000,3318.192000000002,CONDITIONAL_MODEL_NOT_OBSERVATION
L,60,10,2660.0,7318.192000000002,4000,3318.192000000002,CONDITIONAL_MODEL_NOT_OBSERVATION
L,60,11,2660.0,7318.192000000002,4000,3318.192000000002,CONDITIONAL_MODEL_NOT_OBSERVATION
L,60,12,2660.0,7318.192000000002,4000,3318.192000000002,CONDITIONAL_MODEL_NOT_OBSERVATION
L,60,13,2660.0,7318.192000000002,4000,3318.192000000002,CONDITIONAL_MODEL_NOT_OBSERVATION
L,60,14,2660.0,7318.192000000002,4000,3318.192000000002,CONDITIONAL_MODEL_NOT_OBSERVATION
L,60,15,2660.0,7318.192000000002,4000,3318.192000000002,CONDITIONAL_MODEL_NOT_OBSERVATION
L,60,16,2660.0,7318.192000000002,4000,3318.192000000002,CONDITIONAL_MODEL_NOT_OBSERVATION
L,60,17,2660.0,7318.192000000002,4000,3318.192000000002,CONDITIONAL_MODEL_NOT_OBSERVATION
L,60,18,2660.0,7318.192000000002,4000,3318.192000000002,CONDITIONAL_MODEL_NOT_OBSERVATION
L,60,19,2660.0,7318.192000000002,4000,3318.192000000002,CONDITIONAL_MODEL_NOT_OBSERVATION
L,60,20,2660.0,7318.192000000002,4000,3318.192000000002,CONDITIONAL_MODEL_NOT_OBSERVATION
L,61,1,2076.6666666666665,0.0,5333.333333333334,-5333.333333333334,CONDITIONAL_MODEL_NOT_OBSERVATION
L,61,2,2193.3333333333335,1661.3333333333333,4666.666666666667,-3005.333333333334,CONDITIONAL_MODEL_NOT_OBSERVATION
L,61,3,2310.0,3249.866666666667,4000.0,-750.1333333333332,CONDITIONAL_MODEL_NOT_OBSERVATION
L,61,4,2426.6666666666665,4772.88,3333.3333333333335,1439.5466666666666,CONDITIONAL_MODEL_NOT_OBSERVATION
L,61,5,2543.3333333333335,6236.925333333334,2666.6666666666665,3570.258666666667,CONDITIONAL_MODEL_NOT_OBSERVATION
L,61,6,2660.0,6557.898666666668,2000.0,4557.898666666668,CONDITIONAL_MODEL_NOT_OBSERVATION
L,61,7,2660.0,6878.872,2000,4878.872,CONDITIONAL_MODEL_NOT_OBSERVATION
L,61,8,2660.0,7106.5120000000015,2000,5106.5120000000015,CONDITIONAL_MODEL_NOT_OBSERVATION
L,61,9,2660.0,7250.152000000001,2000,5250.152000000001,CONDITIONAL_MODEL_NOT_OBSERVATION
L,61,10,2660.0,7318.192000000002,2000,5318.192000000002,CONDITIONAL_MODEL_NOT_OBSERVATION
L,61,11,2660.0,7318.192000000002,2000,5318.192000000002,CONDITIONAL_MODEL_NOT_OBSERVATION
L,61,12,2660.0,7318.192000000002,2000,5318.192000000002,CONDITIONAL_MODEL_NOT_OBSERVATION
L,61,13,2660.0,7318.192000000002,2000,5318.192000000002,CONDITIONAL_MODEL_NOT_OBSERVATION
L,61,14,2660.0,7318.192000000002,2000,5318.192000000002,CONDITIONAL_MODEL_NOT_OBSERVATION
L,61,15,2660.0,7318.192000000002,2000,5318.192000000002,CONDITIONAL_MODEL_NOT_OBSERVATION
L,61,16,2660.0,7318.192000000002,2000,5318.192000000002,CONDITIONAL_MODEL_NOT_OBSERVATION
L,61,17,2660.0,7318.192000000002,2000,5318.192000000002,CONDITIONAL_MODEL_NOT_OBSERVATION
L,61,18,2660.0,7318.192000000002,2000,5318.192000000002,CONDITIONAL_MODEL_NOT_OBSERVATION
L,61,19,2660.0,7318.192000000002,2000,5318.192000000002,CONDITIONAL_MODEL_NOT_OBSERVATION
L,61,20,2660.0,7318.192000000002,2000,5318.192000000002,CONDITIONAL_MODEL_NOT_OBSERVATION
L,62,1,2076.6666666666665,0.0,5666.666666666667,-5666.666666666667,CONDITIONAL_MODEL_NOT_OBSERVATION
L,62,2,2193.3333333333335,1661.3333333333333,5333.333333333334,-3672.000000000001,CONDITIONAL_MODEL_NOT_OBSERVATION
L,62,3,2310.0,3249.866666666667,5000.0,-1750.1333333333332,CONDITIONAL_MODEL_NOT_OBSERVATION
L,62,4,2426.6666666666665,4772.88,4666.666666666667,106.21333333333314,CONDITIONAL_MODEL_NOT_OBSERVATION
L,62,5,2543.3333333333335,6236.925333333334,4333.333333333333,1903.5920000000006,CONDITIONAL_MODEL_NOT_OBSERVATION
L,62,6,2660.0,6557.898666666668,4000.0,2557.898666666668,CONDITIONAL_MODEL_NOT_OBSERVATION
L,62,7,2660.0,6878.872,4000,2878.8720000000003,CONDITIONAL_MODEL_NOT_OBSERVATION
L,62,8,2660.0,7106.5120000000015,4000,3106.5120000000015,CONDITIONAL_MODEL_NOT_OBSERVATION
L,62,9,2660.0,7250.152000000001,4000,3250.152000000001,CONDITIONAL_MODEL_NOT_OBSERVATION
L,62,10,2660.0,7318.192000000002,4000,3318.192000000002,CONDITIONAL_MODEL_NOT_OBSERVATION
L,62,11,2660.0,7318.192000000002,4000,3318.192000000002,CONDITIONAL_MODEL_NOT_OBSERVATION
L,62,12,2660.0,7318.192000000002,4000,3318.192000000002,CONDITIONAL_MODEL_NOT_OBSERVATION
L,62,13,2660.0,7318.192000000002,4000,3318.192000000002,CONDITIONAL_MODEL_NOT_OBSERVATION
L,62,14,2660.0,7318.192000000002,4000,3318.192000000002,CONDITIONAL_MODEL_NOT_OBSERVATION
L,62,15,2660.0,7318.192000000002,4000,3318.192000000002,CONDITIONAL_MODEL_NOT_OBSERVATION
L,62,16,2660.0,7318.192000000002,4000,3318.192000000002,CONDITIONAL_MODEL_NOT_OBSERVATION
L,62,17,2660.0,7318.192000000002,4000,3318.192000000002,CONDITIONAL_MODEL_NOT_OBSERVATION
L,62,18,2660.0,7318.192000000002,4000,3318.192000000002,CONDITIONAL_MODEL_NOT_OBSERVATION
L,62,19,2660.0,7318.192000000002,4000,3318.192000000002,CONDITIONAL_MODEL_NOT_OBSERVATION
L,62,20,2660.0,7318.192000000002,4000,3318.192000000002,CONDITIONAL_MODEL_NOT_OBSERVATION
L,63,1,2076.6666666666665,0.0,8666.666666666668,-8666.666666666668,CONDITIONAL_MODEL_NOT_OBSERVATION
L,63,2,2193.3333333333335,1661.3333333333333,7333.333333333334,-5672.000000000001,CONDITIONAL_MODEL_NOT_OBSERVATION
L,63,3,2310.0,3249.866666666667,6000.0,-2750.133333333333,CONDITIONAL_MODEL_NOT_OBSERVATION
L,63,4,2426.6666666666665,4772.88,4666.666666666667,106.21333333333314,CONDITIONAL_MODEL_NOT_OBSERVATION
L,63,5,2543.3333333333335,6236.925333333334,3333.333333333333,2903.5920000000006,CONDITIONAL_MODEL_NOT_OBSERVATION
L,63,6,2660.0,6557.898666666668,2000.0,4557.898666666668,CONDITIONAL_MODEL_NOT_OBSERVATION
L,63,7,2660.0,6878.872,2000,4878.872,CONDITIONAL_MODEL_NOT_OBSERVATION
L,63,8,2660.0,7106.5120000000015,2000,5106.5120000000015,CONDITIONAL_MODEL_NOT_OBSERVATION
L,63,9,2660.0,7250.152000000001,2000,5250.152000000001,CONDITIONAL_MODEL_NOT_OBSERVATION
L,63,10,2660.0,7318.192000000002,2000,5318.192000000002,CONDITIONAL_MODEL_NOT_OBSERVATION
L,63,11,2660.0,7318.192000000002,2000,5318.192000000002,CONDITIONAL_MODEL_NOT_OBSERVATION
L,63,12,2660.0,7318.192000000002,2000,5318.192000000002,CONDITIONAL_MODEL_NOT_OBSERVATION
L,63,13,2660.0,7318.192000000002,2000,5318.192000000002,CONDITIONAL_MODEL_NOT_OBSERVATION
L,63,14,2660.0,7318.192000000002,2000,5318.192000000002,CONDITIONAL_MODEL_NOT_OBSERVATION
L,63,15,2660.0,7318.192000000002,2000,5318.192000000002,CONDITIONAL_MODEL_NOT_OBSERVATION
L,63,16,2660.0,7318.192000000002,2000,5318.192000000002,CONDITIONAL_MODEL_NOT_OBSERVATION
L,63,17,2660.0,7318.192000000002,2000,5318.192000000002,CONDITIONAL_MODEL_NOT_OBSERVATION
L,63,18,2660.0,7318.192000000002,2000,5318.192000000002,CONDITIONAL_MODEL_NOT_OBSERVATION
L,63,19,2660.0,7318.192000000002,2000,5318.192000000002,CONDITIONAL_MODEL_NOT_OBSERVATION
L,63,20,2660.0,7318.192000000002,2000,5318.192000000002,CONDITIONAL_MODEL_NOT_OBSERVATION
L,64,1,2076.6666666666665,0.0,9000.0,-9000.0,CONDITIONAL_MODEL_NOT_OBSERVATION
L,64,2,2193.3333333333335,1661.3333333333333,8000.0,-6338.666666666667,CONDITIONAL_MODEL_NOT_OBSERVATION
L,64,3,2310.0,3249.866666666667,7000.0,-3750.133333333333,CONDITIONAL_MODEL_NOT_OBSERVATION
L,64,4,2426.6666666666665,4772.88,6000.0,-1227.12,CONDITIONAL_MODEL_NOT_OBSERVATION
L,64,5,2543.3333333333335,6236.925333333334,5000.0,1236.9253333333336,CONDITIONAL_MODEL_NOT_OBSERVATION
L,64,6,2660.0,6557.898666666668,4000.0,2557.898666666668,CONDITIONAL_MODEL_NOT_OBSERVATION
L,64,7,2660.0,6878.872,4000,2878.8720000000003,CONDITIONAL_MODEL_NOT_OBSERVATION
L,64,8,2660.0,7106.5120000000015,4000,3106.5120000000015,CONDITIONAL_MODEL_NOT_OBSERVATION
L,64,9,2660.0,7250.152000000001,4000,3250.152000000001,CONDITIONAL_MODEL_NOT_OBSERVATION
L,64,10,2660.0,7318.192000000002,4000,3318.192000000002,CONDITIONAL_MODEL_NOT_OBSERVATION
L,64,11,2660.0,7318.192000000002,4000,3318.192000000002,CONDITIONAL_MODEL_NOT_OBSERVATION
L,64,12,2660.0,7318.192000000002,4000,3318.192000000002,CONDITIONAL_MODEL_NOT_OBSERVATION
L,64,13,2660.0,7318.192000000002,4000,3318.192000000002,CONDITIONAL_MODEL_NOT_OBSERVATION
L,64,14,2660.0,7318.192000000002,4000,3318.192000000002,CONDITIONAL_MODEL_NOT_OBSERVATION
L,64,15,2660.0,7318.192000000002,4000,3318.192000000002,CONDITIONAL_MODEL_NOT_OBSERVATION
L,64,16,2660.0,7318.192000000002,4000,3318.192000000002,CONDITIONAL_MODEL_NOT_OBSERVATION
L,64,17,2660.0,7318.192000000002,4000,3318.192000000002,CONDITIONAL_MODEL_NOT_OBSERVATION
L,64,18,2660.0,7318.192000000002,4000,3318.192000000002,CONDITIONAL_MODEL_NOT_OBSERVATION
L,64,19,2660.0,7318.192000000002,4000,3318.192000000002,CONDITIONAL_MODEL_NOT_OBSERVATION
L,64,20,2660.0,7318.192000000002,4000,3318.192000000002,CONDITIONAL_MODEL_NOT_OBSERVATION
M,1,1,600.0,0.0,9000.0,-9000.0,CONDITIONAL_MODEL_NOT_OBSERVATION
M,1,2,674.9999999999999,480.0,8000.0,-7520.0,CONDITIONAL_MODEL_NOT_OBSERVATION
M,1,3,750.0,972.0,7000.0,-6028.0,CONDITIONAL_MODEL_NOT_OBSERVATION
M,1,4,825.0000000000001,1474.8000000000002,6000.0,-4525.2,CONDITIONAL_MODEL_NOT_OBSERVATION
M,1,5,900.0000000000001,1987.3200000000002,5000.0,-3012.68,CONDITIONAL_MODEL_NOT_OBSERVATION
M,1,6,975.0,2193.66,4000.0,-1806.3400000000001,CONDITIONAL_MODEL_NOT_OBSERVATION
M,1,7,975.0,2400.0,4000,-1600.0,CONDITIONAL_MODEL_NOT_OBSERVATION
M,1,8,975.0,2546.34,4000,-1453.6599999999999,CONDITIONAL_MODEL_NOT_OBSERVATION
M,1,9,975.0,2638.6800000000003,4000,-1361.3199999999997,CONDITIONAL_MODEL_NOT_OBSERVATION
M,1,10,975.0,2682.42,4000,-1317.58,CONDITIONAL_MODEL_NOT_OBSERVATION
M,1,11,975.0,2682.42,4000,-1317.58,CONDITIONAL_MODEL_NOT_OBSERVATION
M,1,12,975.0,2682.42,4000,-1317.58,CONDITIONAL_MODEL_NOT_OBSERVATION
M,1,13,975.0,2682.42,4000,-1317.58,CONDITIONAL_MODEL_NOT_OBSERVATION
M,1,14,975.0,2682.42,4000,-1317.58,CONDITIONAL_MODEL_NOT_OBSERVATION
M,1,15,975.0,2682.42,4000,-1317.58,CONDITIONAL_MODEL_NOT_OBSERVATION
M,1,16,975.0,2682.42,4000,-1317.58,CONDITIONAL_MODEL_NOT_OBSERVATION
M,1,17,975.0,2682.42,4000,-1317.58,CONDITIONAL_MODEL_NOT_OBSERVATION
M,1,18,975.0,2682.42,4000,-1317.58,CONDITIONAL_MODEL_NOT_OBSERVATION
M,1,19,975.0,2682.42,4000,-1317.58,CONDITIONAL_MODEL_NOT_OBSERVATION
M,1,20,975.0,2682.42,4000,-1317.58,CONDITIONAL_MODEL_NOT_OBSERVATION
M,2,1,600.0,0.0,9666.666666666666,-9666.666666666666,CONDITIONAL_MODEL_NOT_OBSERVATION
M,2,2,674.9999999999999,480.0,9333.333333333334,-8853.333333333334,CONDITIONAL_MODEL_NOT_OBSERVATION
M,2,3,750.0,972.0,9000.0,-8028.0,CONDITIONAL_MODEL_NOT_OBSERVATION
M,2,4,825.0000000000001,1474.8000000000002,8666.666666666666,-7191.866666666666,CONDITIONAL_MODEL_NOT_OBSERVATION
M,2,5,900.0000000000001,1987.3200000000002,8333.333333333334,-6346.013333333334,CONDITIONAL_MODEL_NOT_OBSERVATION
M,2,6,975.0,2193.66,8000.0,-5806.34,CONDITIONAL_MODEL_NOT_OBSERVATION
M,2,7,975.0,2400.0,8000,-5600.0,CONDITIONAL_MODEL_NOT_OBSERVATION
M,2,8,975.0,2546.34,8000,-5453.66,CONDITIONAL_MODEL_NOT_OBSERVATION
M,2,9,975.0,2638.6800000000003,8000,-5361.32,CONDITIONAL_MODEL_NOT_OBSERVATION
M,2,10,975.0,2682.42,8000,-5317.58,CONDITIONAL_MODEL_NOT_OBSERVATION
M,2,11,975.0,2682.42,8000,-5317.58,CONDITIONAL_MODEL_NOT_OBSERVATION
M,2,12,975.0,2682.42,8000,-5317.58,CONDITIONAL_MODEL_NOT_OBSERVATION
M,2,13,975.0,2682.42,8000,-5317.58,CONDITIONAL_MODEL_NOT_OBSERVATION
M,2,14,975.0,2682.42,8000,-5317.58,CONDITIONAL_MODEL_NOT_OBSERVATION
M,2,15,975.0,2682.42,8000,-5317.58,CONDITIONAL_MODEL_NOT_OBSERVATION
M,2,16,975.0,2682.42,8000,-5317.58,CONDITIONAL_MODEL_NOT_OBSERVATION
M,2,17,975.0,2682.42,8000,-5317.58,CONDITIONAL_MODEL_NOT_OBSERVATION
M,2,18,975.0,2682.42,8000,-5317.58,CONDITIONAL_MODEL_NOT_OBSERVATION
M,2,19,975.0,2682.42,8000,-5317.58,CONDITIONAL_MODEL_NOT_OBSERVATION
M,2,20,975.0,2682.42,8000,-5317.58,CONDITIONAL_MODEL_NOT_OBSERVATION
M,3,1,600.0,0.0,14000.0,-14000.0,CONDITIONAL_MODEL_NOT_OBSERVATION
M,3,2,674.9999999999999,480.0,12000.0,-11520.0,CONDITIONAL_MODEL_NOT_OBSERVATION
M,3,3,750.0,972.0,10000.0,-9028.0,CONDITIONAL_MODEL_NOT_OBSERVATION
M,3,4,825.0000000000001,1474.8000000000002,8000.0,-6525.2,CONDITIONAL_MODEL_NOT_OBSERVATION
M,3,5,900.0000000000001,1987.3200000000002,6000.0,-4012.68,CONDITIONAL_MODEL_NOT_OBSERVATION
M,3,6,975.0,2193.66,4000.0,-1806.3400000000001,CONDITIONAL_MODEL_NOT_OBSERVATION
M,3,7,975.0,2400.0,4000,-1600.0,CONDITIONAL_MODEL_NOT_OBSERVATION
M,3,8,975.0,2546.34,4000,-1453.6599999999999,CONDITIONAL_MODEL_NOT_OBSERVATION
M,3,9,975.0,2638.6800000000003,4000,-1361.3199999999997,CONDITIONAL_MODEL_NOT_OBSERVATION
M,3,10,975.0,2682.42,4000,-1317.58,CONDITIONAL_MODEL_NOT_OBSERVATION
M,3,11,975.0,2682.42,4000,-1317.58,CONDITIONAL_MODEL_NOT_OBSERVATION
M,3,12,975.0,2682.42,4000,-1317.58,CONDITIONAL_MODEL_NOT_OBSERVATION
M,3,13,975.0,2682.42,4000,-1317.58,CONDITIONAL_MODEL_NOT_OBSERVATION
M,3,14,975.0,2682.42,4000,-1317.58,CONDITIONAL_MODEL_NOT_OBSERVATION
M,3,15,975.0,2682.42,4000,-1317.58,CONDITIONAL_MODEL_NOT_OBSERVATION
M,3,16,975.0,2682.42,4000,-1317.58,CONDITIONAL_MODEL_NOT_OBSERVATION
M,3,17,975.0,2682.42,4000,-1317.58,CONDITIONAL_MODEL_NOT_OBSERVATION
M,3,18,975.0,2682.42,4000,-1317.58,CONDITIONAL_MODEL_NOT_OBSERVATION
M,3,19,975.0,2682.42,4000,-1317.58,CONDITIONAL_MODEL_NOT_OBSERVATION
M,3,20,975.0,2682.42,4000,-1317.58,CONDITIONAL_MODEL_NOT_OBSERVATION
M,4,1,600.0,0.0,14666.666666666668,-14666.666666666668,CONDITIONAL_MODEL_NOT_OBSERVATION
M,4,2,674.9999999999999,480.0,13333.333333333334,-12853.333333333334,CONDITIONAL_MODEL_NOT_OBSERVATION
M,4,3,750.0,972.0,12000.0,-11028.0,CONDITIONAL_MODEL_NOT_OBSERVATION
M,4,4,825.0000000000001,1474.8000000000002,10666.666666666668,-9191.866666666669,CONDITIONAL_MODEL_NOT_OBSERVATION
M,4,5,900.0000000000001,1987.3200000000002,9333.333333333332,-7346.013333333332,CONDITIONAL_MODEL_NOT_OBSERVATION
M,4,6,975.0,2193.66,8000.0,-5806.34,CONDITIONAL_MODEL_NOT_OBSERVATION
M,4,7,975.0,2400.0,8000,-5600.0,CONDITIONAL_MODEL_NOT_OBSERVATION
M,4,8,975.0,2546.34,8000,-5453.66,CONDITIONAL_MODEL_NOT_OBSERVATION
M,4,9,975.0,2638.6800000000003,8000,-5361.32,CONDITIONAL_MODEL_NOT_OBSERVATION
M,4,10,975.0,2682.42,8000,-5317.58,CONDITIONAL_MODEL_NOT_OBSERVATION
M,4,11,975.0,2682.42,8000,-5317.58,CONDITIONAL_MODEL_NOT_OBSERVATION
M,4,12,975.0,2682.42,8000,-5317.58,CONDITIONAL_MODEL_NOT_OBSERVATION
M,4,13,975.0,2682.42,8000,-5317.58,CONDITIONAL_MODEL_NOT_OBSERVATION
M,4,14,975.0,2682.42,8000,-5317.58,CONDITIONAL_MODEL_NOT_OBSERVATION
M,4,15,975.0,2682.42,8000,-5317.58,CONDITIONAL_MODEL_NOT_OBSERVATION
M,4,16,975.0,2682.42,8000,-5317.58,CONDITIONAL_MODEL_NOT_OBSERVATION
M,4,17,975.0,2682.42,8000,-5317.58,CONDITIONAL_MODEL_NOT_OBSERVATION
M,4,18,975.0,2682.42,8000,-5317.58,CONDITIONAL_MODEL_NOT_OBSERVATION
M,4,19,975.0,2682.42,8000,-5317.58,CONDITIONAL_MODEL_NOT_OBSERVATION
M,4,20,975.0,2682.42,8000,-5317.58,CONDITIONAL_MODEL_NOT_OBSERVATION
M,5,1,562.5,0.0,9500.0,-9500.0,CONDITIONAL_MODEL_NOT_OBSERVATION
M,5,2,600.0,450.0,9000.0,-8550.0,CONDITIONAL_MODEL_NOT_OBSERVATION
M,5,3,637.5,885.0,8500.0,-7615.0,CONDITIONAL_MODEL_NOT_OBSERVATION
M,5,4,674.9999999999999,1306.5,8000.0,-6693.5,CONDITIONAL_MODEL_NOT_OBSERVATION
M,5,5,712.5,1715.8500000000001,7500.0,-5784.15,CONDITIONAL_MODEL_NOT_OBSERVATION
M,5,6,750.0,1819.0200000000002,7000.0,-5180.98,CONDITIONAL_MODEL_NOT_OBSERVATION
M,5,7,787.5,1922.1900000000003,6500.0,-4577.8099999999995,CONDITIONAL_MODEL_NOT_OBSERVATION
M,5,8,825.0000000000001,2025.36,6000.0,-3974.6400000000003,CONDITIONAL_MODEL_NOT_OBSERVATION
M,5,9,862.4999999999999,2128.53,5500.0,-3371.47,CONDITIONAL_MODEL_NOT_OBSERVATION
M,5,10,900.0000000000001,2231.7000000000003,5000.0,-2768.2999999999997,CONDITIONAL_MODEL_NOT_OBSERVATION
M,5,11,937.5,2334.8700000000003,4500.0,-2165.1299999999997,CONDITIONAL_MODEL_NOT_OBSERVATION
M,5,12,975.0,2438.0400000000004,4000.0,-1561.9599999999996,CONDITIONAL_MODEL_NOT_OBSERVATION
M,5,13,975.0,2541.21,4000,-1458.79,CONDITIONAL_MODEL_NOT_OBSERVATION
M,5,14,975.0,2614.3800000000006,4000,-1385.6199999999994,CONDITIONAL_MODEL_NOT_OBSERVATION
M,5,15,975.0,2660.55,4000,-1339.4499999999998,CONDITIONAL_MODEL_NOT_OBSERVATION
M,5,16,975.0,2682.42,4000,-1317.58,CONDITIONAL_MODEL_NOT_OBSERVATION
M,5,17,975.0,2682.42,4000,-1317.58,CONDITIONAL_MODEL_NOT_OBSERVATION
M,5,18,975.0,2682.42,4000,-1317.58,CONDITIONAL_MODEL_NOT_OBSERVATION
M,5,19,975.0,2682.42,4000,-1317.58,CONDITIONAL_MODEL_NOT_OBSERVATION
M,5,20,975.0,2682.42,4000,-1317.58,CONDITIONAL_MODEL_NOT_OBSERVATION
M,6,1,562.5,0.0,9833.333333333334,-9833.333333333334,CONDITIONAL_MODEL_NOT_OBSERVATION
M,6,2,600.0,450.0,9666.666666666666,-9216.666666666666,CONDITIONAL_MODEL_NOT_OBSERVATION
M,6,3,637.5,885.0,9500.0,-8615.0,CONDITIONAL_MODEL_NOT_OBSERVATION
M,6,4,674.9999999999999,1306.5,9333.333333333334,-8026.833333333334,CONDITIONAL_MODEL_NOT_OBSERVATION
M,6,5,712.5,1715.8500000000001,9166.666666666666,-7450.816666666666,CONDITIONAL_MODEL_NOT_OBSERVATION
M,6,6,750.0,1819.0200000000002,9000.0,-7180.98,CONDITIONAL_MODEL_NOT_OBSERVATION
M,6,7,787.5,1922.1900000000003,8833.333333333334,-6911.143333333333,CONDITIONAL_MODEL_NOT_OBSERVATION
M,6,8,825.0000000000001,2025.36,8666.666666666666,-6641.306666666666,CONDITIONAL_MODEL_NOT_OBSERVATION
M,6,9,862.4999999999999,2128.53,8500.0,-6371.469999999999,CONDITIONAL_MODEL_NOT_OBSERVATION
M,6,10,900.0000000000001,2231.7000000000003,8333.333333333334,-6101.633333333333,CONDITIONAL_MODEL_NOT_OBSERVATION
M,6,11,937.5,2334.8700000000003,8166.666666666666,-5831.796666666665,CONDITIONAL_MODEL_NOT_OBSERVATION
M,6,12,975.0,2438.0400000000004,8000.0,-5561.959999999999,CONDITIONAL_MODEL_NOT_OBSERVATION
M,6,13,975.0,2541.21,8000,-5458.79,CONDITIONAL_MODEL_NOT_OBSERVATION
M,6,14,975.0,2614.3800000000006,8000,-5385.619999999999,CONDITIONAL_MODEL_NOT_OBSERVATION
M,6,15,975.0,2660.55,8000,-5339.45,CONDITIONAL_MODEL_NOT_OBSERVATION
M,6,16,975.0,2682.42,8000,-5317.58,CONDITIONAL_MODEL_NOT_OBSERVATION
M,6,17,975.0,2682.42,8000,-5317.58,CONDITIONAL_MODEL_NOT_OBSERVATION
M,6,18,975.0,2682.42,8000,-5317.58,CONDITIONAL_MODEL_NOT_OBSERVATION
M,6,19,975.0,2682.42,8000,-5317.58,CONDITIONAL_MODEL_NOT_OBSERVATION
M,6,20,975.0,2682.42,8000,-5317.58,CONDITIONAL_MODEL_NOT_OBSERVATION
M,7,1,562.5,0.0,15000.0,-15000.0,CONDITIONAL_MODEL_NOT_OBSERVATION
M,7,2,600.0,450.0,14000.0,-13550.0,CONDITIONAL_MODEL_NOT_OBSERVATION
M,7,3,637.5,885.0,13000.0,-12115.0,CONDITIONAL_MODEL_NOT_OBSERVATION
M,7,4,674.9999999999999,1306.5,12000.0,-10693.5,CONDITIONAL_MODEL_NOT_OBSERVATION
M,7,5,712.5,1715.8500000000001,11000.0,-9284.15,CONDITIONAL_MODEL_NOT_OBSERVATION
M,7,6,750.0,1819.0200000000002,10000.0,-8180.98,CONDITIONAL_MODEL_NOT_OBSERVATION
M,7,7,787.5,1922.1900000000003,9000.0,-7077.8099999999995,CONDITIONAL_MODEL_NOT_OBSERVATION
M,7,8,825.0000000000001,2025.36,8000.0,-5974.64,CONDITIONAL_MODEL_NOT_OBSERVATION
M,7,9,862.4999999999999,2128.53,7000.0,-4871.469999999999,CONDITIONAL_MODEL_NOT_OBSERVATION
M,7,10,900.0000000000001,2231.7000000000003,6000.0,-3768.2999999999997,CONDITIONAL_MODEL_NOT_OBSERVATION
M,7,11,937.5,2334.8700000000003,5000.0,-2665.1299999999997,CONDITIONAL_MODEL_NOT_OBSERVATION
M,7,12,975.0,2438.0400000000004,4000.0,-1561.9599999999996,CONDITIONAL_MODEL_NOT_OBSERVATION
M,7,13,975.0,2541.21,4000,-1458.79,CONDITIONAL_MODEL_NOT_OBSERVATION
M,7,14,975.0,2614.3800000000006,4000,-1385.6199999999994,CONDITIONAL_MODEL_NOT_OBSERVATION
M,7,15,975.0,2660.55,4000,-1339.4499999999998,CONDITIONAL_MODEL_NOT_OBSERVATION
M,7,16,975.0,2682.42,4000,-1317.58,CONDITIONAL_MODEL_NOT_OBSERVATION
M,7,17,975.0,2682.42,4000,-1317.58,CONDITIONAL_MODEL_NOT_OBSERVATION
M,7,18,975.0,2682.42,4000,-1317.58,CONDITIONAL_MODEL_NOT_OBSERVATION
M,7,19,975.0,2682.42,4000,-1317.58,CONDITIONAL_MODEL_NOT_OBSERVATION
M,7,20,975.0,2682.42,4000,-1317.58,CONDITIONAL_MODEL_NOT_OBSERVATION
M,8,1,562.5,0.0,15333.333333333332,-15333.333333333332,CONDITIONAL_MODEL_NOT_OBSERVATION
M,8,2,600.0,450.0,14666.666666666668,-14216.666666666668,CONDITIONAL_MODEL_NOT_OBSERVATION
M,8,3,637.5,885.0,14000.0,-13115.0,CONDITIONAL_MODEL_NOT_OBSERVATION
M,8,4,674.9999999999999,1306.5,13333.333333333334,-12026.833333333334,CONDITIONAL_MODEL_NOT_OBSERVATION
M,8,5,712.5,1715.8500000000001,12666.666666666666,-10950.816666666666,CONDITIONAL_MODEL_NOT_OBSERVATION
M,8,6,750.0,1819.0200000000002,12000.0,-10180.98,CONDITIONAL_MODEL_NOT_OBSERVATION
M,8,7,787.5,1922.1900000000003,11333.333333333332,-9411.143333333332,CONDITIONAL_MODEL_NOT_OBSERVATION
M,8,8,825.0000000000001,2025.36,10666.666666666668,-8641.306666666667,CONDITIONAL_MODEL_NOT_OBSERVATION
M,8,9,862.4999999999999,2128.53,10000.0,-7871.469999999999,CONDITIONAL_MODEL_NOT_OBSERVATION
M,8,10,900.0000000000001,2231.7000000000003,9333.333333333332,-7101.633333333331,CONDITIONAL_MODEL_NOT_OBSERVATION
M,8,11,937.5,2334.8700000000003,8666.666666666668,-6331.796666666667,CONDITIONAL_MODEL_NOT_OBSERVATION
M,8,12,975.0,2438.0400000000004,8000.0,-5561.959999999999,CONDITIONAL_MODEL_NOT_OBSERVATION
M,8,13,975.0,2541.21,8000,-5458.79,CONDITIONAL_MODEL_NOT_OBSERVATION
M,8,14,975.0,2614.3800000000006,8000,-5385.619999999999,CONDITIONAL_MODEL_NOT_OBSERVATION
M,8,15,975.0,2660.55,8000,-5339.45,CONDITIONAL_MODEL_NOT_OBSERVATION
M,8,16,975.0,2682.42,8000,-5317.58,CONDITIONAL_MODEL_NOT_OBSERVATION
M,8,17,975.0,2682.42,8000,-5317.58,CONDITIONAL_MODEL_NOT_OBSERVATION
M,8,18,975.0,2682.42,8000,-5317.58,CONDITIONAL_MODEL_NOT_OBSERVATION
M,8,19,975.0,2682.42,8000,-5317.58,CONDITIONAL_MODEL_NOT_OBSERVATION
M,8,20,975.0,2682.42,8000,-5317.58,CONDITIONAL_MODEL_NOT_OBSERVATION
M,9,1,662.5,0.0,9000.0,-9000.0,CONDITIONAL_MODEL_NOT_OBSERVATION
M,9,2,800.0,530.0,8000.0,-7470.0,CONDITIONAL_MODEL_NOT_OBSERVATION
M,9,3,937.5,1117.0,7000.0,-5883.0,CONDITIONAL_MODEL_NOT_OBSERVATION
M,9,4,1075.0,1755.3000000000002,6000.0,-4244.7,CONDITIONAL_MODEL_NOT_OBSERVATION
M,9,5,1212.5,2439.77,5000.0,-2560.23,CONDITIONAL_MODEL_NOT_OBSERVATION
M,9,6,1350.0,2818.06,4000.0,-1181.94,CONDITIONAL_MODEL_NOT_OBSERVATION
M,9,7,1350.0,3196.3500000000004,4000,-803.6499999999996,CONDITIONAL_MODEL_NOT_OBSERVATION
M,9,8,1350.0,3464.6400000000003,4000,-535.3599999999997,CONDITIONAL_MODEL_NOT_OBSERVATION
M,9,9,1350.0,3633.9300000000003,4000,-366.0699999999997,CONDITIONAL_MODEL_NOT_OBSERVATION
M,9,10,1350.0,3714.12,4000,-285.8800000000001,CONDITIONAL_MODEL_NOT_OBSERVATION
M,9,11,1350.0,3714.12,4000,-285.8800000000001,CONDITIONAL_MODEL_NOT_OBSERVATION
M,9,12,1350.0,3714.12,4000,-285.8800000000001,CONDITIONAL_MODEL_NOT_OBSERVATION
M,9,13,1350.0,3714.12,4000,-285.8800000000001,CONDITIONAL_MODEL_NOT_OBSERVATION
M,9,14,1350.0,3714.12,4000,-285.8800000000001,CONDITIONAL_MODEL_NOT_OBSERVATION
M,9,15,1350.0,3714.12,4000,-285.8800000000001,CONDITIONAL_MODEL_NOT_OBSERVATION
M,9,16,1350.0,3714.12,4000,-285.8800000000001,CONDITIONAL_MODEL_NOT_OBSERVATION
M,9,17,1350.0,3714.12,4000,-285.8800000000001,CONDITIONAL_MODEL_NOT_OBSERVATION
M,9,18,1350.0,3714.12,4000,-285.8800000000001,CONDITIONAL_MODEL_NOT_OBSERVATION
M,9,19,1350.0,3714.12,4000,-285.8800000000001,CONDITIONAL_MODEL_NOT_OBSERVATION
M,9,20,1350.0,3714.12,4000,-285.8800000000001,CONDITIONAL_MODEL_NOT_OBSERVATION
M,10,1,662.5,0.0,9666.666666666666,-9666.666666666666,CONDITIONAL_MODEL_NOT_OBSERVATION
M,10,2,800.0,530.0,9333.333333333334,-8803.333333333334,CONDITIONAL_MODEL_NOT_OBSERVATION
M,10,3,937.5,1117.0,9000.0,-7883.0,CONDITIONAL_MODEL_NOT_OBSERVATION
M,10,4,1075.0,1755.3000000000002,8666.666666666666,-6911.366666666666,CONDITIONAL_MODEL_NOT_OBSERVATION
M,10,5,1212.5,2439.77,8333.333333333334,-5893.5633333333335,CONDITIONAL_MODEL_NOT_OBSERVATION
M,10,6,1350.0,2818.06,8000.0,-5181.9400000000005,CONDITIONAL_MODEL_NOT_OBSERVATION
M,10,7,1350.0,3196.3500000000004,8000,-4803.65,CONDITIONAL_MODEL_NOT_OBSERVATION
M,10,8,1350.0,3464.6400000000003,8000,-4535.36,CONDITIONAL_MODEL_NOT_OBSERVATION
M,10,9,1350.0,3633.9300000000003,8000,-4366.07,CONDITIONAL_MODEL_NOT_OBSERVATION
M,10,10,1350.0,3714.12,8000,-4285.88,CONDITIONAL_MODEL_NOT_OBSERVATION
M,10,11,1350.0,3714.12,8000,-4285.88,CONDITIONAL_MODEL_NOT_OBSERVATION
M,10,12,1350.0,3714.12,8000,-4285.88,CONDITIONAL_MODEL_NOT_OBSERVATION
M,10,13,1350.0,3714.12,8000,-4285.88,CONDITIONAL_MODEL_NOT_OBSERVATION
M,10,14,1350.0,3714.12,8000,-4285.88,CONDITIONAL_MODEL_NOT_OBSERVATION
M,10,15,1350.0,3714.12,8000,-4285.88,CONDITIONAL_MODEL_NOT_OBSERVATION
M,10,16,1350.0,3714.12,8000,-4285.88,CONDITIONAL_MODEL_NOT_OBSERVATION
M,10,17,1350.0,3714.12,8000,-4285.88,CONDITIONAL_MODEL_NOT_OBSERVATION
M,10,18,1350.0,3714.12,8000,-4285.88,CONDITIONAL_MODEL_NOT_OBSERVATION
M,10,19,1350.0,3714.12,8000,-4285.88,CONDITIONAL_MODEL_NOT_OBSERVATION
M,10,20,1350.0,3714.12,8000,-4285.88,CONDITIONAL_MODEL_NOT_OBSERVATION
M,11,1,662.5,0.0,14000.0,-14000.0,CONDITIONAL_MODEL_NOT_OBSERVATION
M,11,2,800.0,530.0,12000.0,-11470.0,CONDITIONAL_MODEL_NOT_OBSERVATION
M,11,3,937.5,1117.0,10000.0,-8883.0,CONDITIONAL_MODEL_NOT_OBSERVATION
M,11,4,1075.0,1755.3000000000002,8000.0,-6244.7,CONDITIONAL_MODEL_NOT_OBSERVATION
M,11,5,1212.5,2439.77,6000.0,-3560.23,CONDITIONAL_MODEL_NOT_OBSERVATION
M,11,6,1350.0,2818.06,4000.0,-1181.94,CONDITIONAL_MODEL_NOT_OBSERVATION
M,11,7,1350.0,3196.3500000000004,4000,-803.6499999999996,CONDITIONAL_MODEL_NOT_OBSERVATION
M,11,8,1350.0,3464.6400000000003,4000,-535.3599999999997,CONDITIONAL_MODEL_NOT_OBSERVATION
M,11,9,1350.0,3633.9300000000003,4000,-366.0699999999997,CONDITIONAL_MODEL_NOT_OBSERVATION
M,11,10,1350.0,3714.12,4000,-285.8800000000001,CONDITIONAL_MODEL_NOT_OBSERVATION
M,11,11,1350.0,3714.12,4000,-285.8800000000001,CONDITIONAL_MODEL_NOT_OBSERVATION
M,11,12,1350.0,3714.12,4000,-285.8800000000001,CONDITIONAL_MODEL_NOT_OBSERVATION
M,11,13,1350.0,3714.12,4000,-285.8800000000001,CONDITIONAL_MODEL_NOT_OBSERVATION
M,11,14,1350.0,3714.12,4000,-285.8800000000001,CONDITIONAL_MODEL_NOT_OBSERVATION
M,11,15,1350.0,3714.12,4000,-285.8800000000001,CONDITIONAL_MODEL_NOT_OBSERVATION
M,11,16,1350.0,3714.12,4000,-285.8800000000001,CONDITIONAL_MODEL_NOT_OBSERVATION
M,11,17,1350.0,3714.12,4000,-285.8800000000001,CONDITIONAL_MODEL_NOT_OBSERVATION
M,11,18,1350.0,3714.12,4000,-285.8800000000001,CONDITIONAL_MODEL_NOT_OBSERVATION
M,11,19,1350.0,3714.12,4000,-285.8800000000001,CONDITIONAL_MODEL_NOT_OBSERVATION
M,11,20,1350.0,3714.12,4000,-285.8800000000001,CONDITIONAL_MODEL_NOT_OBSERVATION
M,12,1,662.5,0.0,14666.666666666668,-14666.666666666668,CONDITIONAL_MODEL_NOT_OBSERVATION
M,12,2,800.0,530.0,13333.333333333334,-12803.333333333334,CONDITIONAL_MODEL_NOT_OBSERVATION
M,12,3,937.5,1117.0,12000.0,-10883.0,CONDITIONAL_MODEL_NOT_OBSERVATION
M,12,4,1075.0,1755.3000000000002,10666.666666666668,-8911.366666666669,CONDITIONAL_MODEL_NOT_OBSERVATION
M,12,5,1212.5,2439.77,9333.333333333332,-6893.563333333332,CONDITIONAL_MODEL_NOT_OBSERVATION
M,12,6,1350.0,2818.06,8000.0,-5181.9400000000005,CONDITIONAL_MODEL_NOT_OBSERVATION
M,12,7,1350.0,3196.3500000000004,8000,-4803.65,CONDITIONAL_MODEL_NOT_OBSERVATION
M,12,8,1350.0,3464.6400000000003,8000,-4535.36,CONDITIONAL_MODEL_NOT_OBSERVATION
M,12,9,1350.0,3633.9300000000003,8000,-4366.07,CONDITIONAL_MODEL_NOT_OBSERVATION
M,12,10,1350.0,3714.12,8000,-4285.88,CONDITIONAL_MODEL_NOT_OBSERVATION
M,12,11,1350.0,3714.12,8000,-4285.88,CONDITIONAL_MODEL_NOT_OBSERVATION
M,12,12,1350.0,3714.12,8000,-4285.88,CONDITIONAL_MODEL_NOT_OBSERVATION
M,12,13,1350.0,3714.12,8000,-4285.88,CONDITIONAL_MODEL_NOT_OBSERVATION
M,12,14,1350.0,3714.12,8000,-4285.88,CONDITIONAL_MODEL_NOT_OBSERVATION
M,12,15,1350.0,3714.12,8000,-4285.88,CONDITIONAL_MODEL_NOT_OBSERVATION
M,12,16,1350.0,3714.12,8000,-4285.88,CONDITIONAL_MODEL_NOT_OBSERVATION
M,12,17,1350.0,3714.12,8000,-4285.88,CONDITIONAL_MODEL_NOT_OBSERVATION
M,12,18,1350.0,3714.12,8000,-4285.88,CONDITIONAL_MODEL_NOT_OBSERVATION
M,12,19,1350.0,3714.12,8000,-4285.88,CONDITIONAL_MODEL_NOT_OBSERVATION
M,12,20,1350.0,3714.12,8000,-4285.88,CONDITIONAL_MODEL_NOT_OBSERVATION
M,13,1,593.75,0.0,9500.0,-9500.0,CONDITIONAL_MODEL_NOT_OBSERVATION
M,13,2,662.5,475.0,9000.0,-8525.0,CONDITIONAL_MODEL_NOT_OBSERVATION
M,13,3,731.25,957.5,8500.0,-7542.5,CONDITIONAL_MODEL_NOT_OBSERVATION
M,13,4,800.0,1446.75,8000.0,-6553.25,CONDITIONAL_MODEL_NOT_OBSERVATION
M,13,5,868.7499999999999,1942.075,7500.0,-5557.925,CONDITIONAL_MODEL_NOT_OBSERVATION
M,13,6,937.5,2131.2200000000003,7000.0,-4868.78,CONDITIONAL_MODEL_NOT_OBSERVATION
M,13,7,1006.2500000000001,2320.3650000000002,6500.0,-4179.635,CONDITIONAL_MODEL_NOT_OBSERVATION
M,13,8,1075.0,2509.51,6000.0,-3490.49,CONDITIONAL_MODEL_NOT_OBSERVATION
M,13,9,1143.75,2698.655,5500.0,-2801.345,CONDITIONAL_MODEL_NOT_OBSERVATION
M,13,10,1212.5,2887.8,5000.0,-2112.2,CONDITIONAL_MODEL_NOT_OBSERVATION
M,13,11,1281.25,3076.945,4500.0,-1423.0549999999998,CONDITIONAL_MODEL_NOT_OBSERVATION
M,13,12,1350.0,3266.09,4000.0,-733.9099999999999,CONDITIONAL_MODEL_NOT_OBSERVATION
M,13,13,1350.0,3455.235,4000,-544.7649999999999,CONDITIONAL_MODEL_NOT_OBSERVATION
M,13,14,1350.0,3589.3800000000006,4000,-410.61999999999944,CONDITIONAL_MODEL_NOT_OBSERVATION
M,13,15,1350.0,3674.025,4000,-325.9749999999999,CONDITIONAL_MODEL_NOT_OBSERVATION
M,13,16,1350.0,3714.12,4000,-285.8800000000001,CONDITIONAL_MODEL_NOT_OBSERVATION
M,13,17,1350.0,3714.12,4000,-285.8800000000001,CONDITIONAL_MODEL_NOT_OBSERVATION
M,13,18,1350.0,3714.12,4000,-285.8800000000001,CONDITIONAL_MODEL_NOT_OBSERVATION
M,13,19,1350.0,3714.12,4000,-285.8800000000001,CONDITIONAL_MODEL_NOT_OBSERVATION
M,13,20,1350.0,3714.12,4000,-285.8800000000001,CONDITIONAL_MODEL_NOT_OBSERVATION
M,14,1,593.75,0.0,9833.333333333334,-9833.333333333334,CONDITIONAL_MODEL_NOT_OBSERVATION
M,14,2,662.5,475.0,9666.666666666666,-9191.666666666666,CONDITIONAL_MODEL_NOT_OBSERVATION
M,14,3,731.25,957.5,9500.0,-8542.5,CONDITIONAL_MODEL_NOT_OBSERVATION
M,14,4,800.0,1446.75,9333.333333333334,-7886.583333333334,CONDITIONAL_MODEL_NOT_OBSERVATION
M,14,5,868.7499999999999,1942.075,9166.666666666666,-7224.591666666666,CONDITIONAL_MODEL_NOT_OBSERVATION
M,14,6,937.5,2131.2200000000003,9000.0,-6868.78,CONDITIONAL_MODEL_NOT_OBSERVATION
M,14,7,1006.2500000000001,2320.3650000000002,8833.333333333334,-6512.968333333334,CONDITIONAL_MODEL_NOT_OBSERVATION
M,14,8,1075.0,2509.51,8666.666666666666,-6157.156666666666,CONDITIONAL_MODEL_NOT_OBSERVATION
M,14,9,1143.75,2698.655,8500.0,-5801.344999999999,CONDITIONAL_MODEL_NOT_OBSERVATION
M,14,10,1212.5,2887.8,8333.333333333334,-5445.533333333334,CONDITIONAL_MODEL_NOT_OBSERVATION
M,14,11,1281.25,3076.945,8166.666666666666,-5089.721666666666,CONDITIONAL_MODEL_NOT_OBSERVATION
M,14,12,1350.0,3266.09,8000.0,-4733.91,CONDITIONAL_MODEL_NOT_OBSERVATION
M,14,13,1350.0,3455.235,8000,-4544.764999999999,CONDITIONAL_MODEL_NOT_OBSERVATION
M,14,14,1350.0,3589.3800000000006,8000,-4410.619999999999,CONDITIONAL_MODEL_NOT_OBSERVATION
M,14,15,1350.0,3674.025,8000,-4325.975,CONDITIONAL_MODEL_NOT_OBSERVATION
M,14,16,1350.0,3714.12,8000,-4285.88,CONDITIONAL_MODEL_NOT_OBSERVATION
M,14,17,1350.0,3714.12,8000,-4285.88,CONDITIONAL_MODEL_NOT_OBSERVATION
M,14,18,1350.0,3714.12,8000,-4285.88,CONDITIONAL_MODEL_NOT_OBSERVATION
M,14,19,1350.0,3714.12,8000,-4285.88,CONDITIONAL_MODEL_NOT_OBSERVATION
M,14,20,1350.0,3714.12,8000,-4285.88,CONDITIONAL_MODEL_NOT_OBSERVATION
M,15,1,593.75,0.0,15000.0,-15000.0,CONDITIONAL_MODEL_NOT_OBSERVATION
M,15,2,662.5,475.0,14000.0,-13525.0,CONDITIONAL_MODEL_NOT_OBSERVATION
M,15,3,731.25,957.5,13000.0,-12042.5,CONDITIONAL_MODEL_NOT_OBSERVATION
M,15,4,800.0,1446.75,12000.0,-10553.25,CONDITIONAL_MODEL_NOT_OBSERVATION
M,15,5,868.7499999999999,1942.075,11000.0,-9057.925,CONDITIONAL_MODEL_NOT_OBSERVATION
M,15,6,937.5,2131.2200000000003,10000.0,-7868.78,CONDITIONAL_MODEL_NOT_OBSERVATION
M,15,7,1006.2500000000001,2320.3650000000002,9000.0,-6679.635,CONDITIONAL_MODEL_NOT_OBSERVATION
M,15,8,1075.0,2509.51,8000.0,-5490.49,CONDITIONAL_MODEL_NOT_OBSERVATION
M,15,9,1143.75,2698.655,7000.0,-4301.344999999999,CONDITIONAL_MODEL_NOT_OBSERVATION
M,15,10,1212.5,2887.8,6000.0,-3112.2,CONDITIONAL_MODEL_NOT_OBSERVATION
M,15,11,1281.25,3076.945,5000.0,-1923.0549999999998,CONDITIONAL_MODEL_NOT_OBSERVATION
M,15,12,1350.0,3266.09,4000.0,-733.9099999999999,CONDITIONAL_MODEL_NOT_OBSERVATION
M,15,13,1350.0,3455.235,4000,-544.7649999999999,CONDITIONAL_MODEL_NOT_OBSERVATION
M,15,14,1350.0,3589.3800000000006,4000,-410.61999999999944,CONDITIONAL_MODEL_NOT_OBSERVATION
M,15,15,1350.0,3674.025,4000,-325.9749999999999,CONDITIONAL_MODEL_NOT_OBSERVATION
M,15,16,1350.0,3714.12,4000,-285.8800000000001,CONDITIONAL_MODEL_NOT_OBSERVATION
M,15,17,1350.0,3714.12,4000,-285.8800000000001,CONDITIONAL_MODEL_NOT_OBSERVATION
M,15,18,1350.0,3714.12,4000,-285.8800000000001,CONDITIONAL_MODEL_NOT_OBSERVATION
M,15,19,1350.0,3714.12,4000,-285.8800000000001,CONDITIONAL_MODEL_NOT_OBSERVATION
M,15,20,1350.0,3714.12,4000,-285.8800000000001,CONDITIONAL_MODEL_NOT_OBSERVATION
M,16,1,593.75,0.0,15333.333333333332,-15333.333333333332,CONDITIONAL_MODEL_NOT_OBSERVATION
M,16,2,662.5,475.0,14666.666666666668,-14191.666666666668,CONDITIONAL_MODEL_NOT_OBSERVATION
M,16,3,731.25,957.5,14000.0,-13042.5,CONDITIONAL_MODEL_NOT_OBSERVATION
M,16,4,800.0,1446.75,13333.333333333334,-11886.583333333334,CONDITIONAL_MODEL_NOT_OBSERVATION
M,16,5,868.7499999999999,1942.075,12666.666666666666,-10724.591666666665,CONDITIONAL_MODEL_NOT_OBSERVATION
M,16,6,937.5,2131.2200000000003,12000.0,-9868.779999999999,CONDITIONAL_MODEL_NOT_OBSERVATION
M,16,7,1006.2500000000001,2320.3650000000002,11333.333333333332,-9012.968333333332,CONDITIONAL_MODEL_NOT_OBSERVATION
M,16,8,1075.0,2509.51,10666.666666666668,-8157.156666666668,CONDITIONAL_MODEL_NOT_OBSERVATION
M,16,9,1143.75,2698.655,10000.0,-7301.344999999999,CONDITIONAL_MODEL_NOT_OBSERVATION
M,16,10,1212.5,2887.8,9333.333333333332,-6445.533333333332,CONDITIONAL_MODEL_NOT_OBSERVATION
M,16,11,1281.25,3076.945,8666.666666666668,-5589.721666666668,CONDITIONAL_MODEL_NOT_OBSERVATION
M,16,12,1350.0,3266.09,8000.0,-4733.91,CONDITIONAL_MODEL_NOT_OBSERVATION
M,16,13,1350.0,3455.235,8000,-4544.764999999999,CONDITIONAL_MODEL_NOT_OBSERVATION
M,16,14,1350.0,3589.3800000000006,8000,-4410.619999999999,CONDITIONAL_MODEL_NOT_OBSERVATION
M,16,15,1350.0,3674.025,8000,-4325.975,CONDITIONAL_MODEL_NOT_OBSERVATION
M,16,16,1350.0,3714.12,8000,-4285.88,CONDITIONAL_MODEL_NOT_OBSERVATION
M,16,17,1350.0,3714.12,8000,-4285.88,CONDITIONAL_MODEL_NOT_OBSERVATION
M,16,18,1350.0,3714.12,8000,-4285.88,CONDITIONAL_MODEL_NOT_OBSERVATION
M,16,19,1350.0,3714.12,8000,-4285.88,CONDITIONAL_MODEL_NOT_OBSERVATION
M,16,20,1350.0,3714.12,8000,-4285.88,CONDITIONAL_MODEL_NOT_OBSERVATION
M,17,1,912.4999999999999,0.0,9000.0,-9000.0,CONDITIONAL_MODEL_NOT_OBSERVATION
M,17,2,925.0,730.0,8000.0,-7270.0,CONDITIONAL_MODEL_NOT_OBSERVATION
M,17,3,937.5,1397.0,7000.0,-5603.0,CONDITIONAL_MODEL_NOT_OBSERVATION
M,17,4,950.0,2007.3000000000002,6000.0,-3992.7,CONDITIONAL_MODEL_NOT_OBSERVATION
M,17,5,962.5000000000001,2566.57,5000.0,-2433.43,CONDITIONAL_MODEL_NOT_OBSERVATION
M,17,6,975.0,2600.96,4000.0,-1399.04,CONDITIONAL_MODEL_NOT_OBSERVATION
M,17,7,975.0,2635.3500000000004,4000,-1364.6499999999996,CONDITIONAL_MODEL_NOT_OBSERVATION
M,17,8,975.0,2659.7400000000002,4000,-1340.2599999999998,CONDITIONAL_MODEL_NOT_OBSERVATION
M,17,9,975.0,2675.1300000000006,4000,-1324.8699999999994,CONDITIONAL_MODEL_NOT_OBSERVATION
M,17,10,975.0,2682.42,4000,-1317.58,CONDITIONAL_MODEL_NOT_OBSERVATION
M,17,11,975.0,2682.42,4000,-1317.58,CONDITIONAL_MODEL_NOT_OBSERVATION
M,17,12,975.0,2682.42,4000,-1317.58,CONDITIONAL_MODEL_NOT_OBSERVATION
M,17,13,975.0,2682.42,4000,-1317.58,CONDITIONAL_MODEL_NOT_OBSERVATION
M,17,14,975.0,2682.42,4000,-1317.58,CONDITIONAL_MODEL_NOT_OBSERVATION
M,17,15,975.0,2682.42,4000,-1317.58,CONDITIONAL_MODEL_NOT_OBSERVATION
M,17,16,975.0,2682.42,4000,-1317.58,CONDITIONAL_MODEL_NOT_OBSERVATION
M,17,17,975.0,2682.42,4000,-1317.58,CONDITIONAL_MODEL_NOT_OBSERVATION
M,17,18,975.0,2682.42,4000,-1317.58,CONDITIONAL_MODEL_NOT_OBSERVATION
M,17,19,975.0,2682.42,4000,-1317.58,CONDITIONAL_MODEL_NOT_OBSERVATION
M,17,20,975.0,2682.42,4000,-1317.58,CONDITIONAL_MODEL_NOT_OBSERVATION
M,18,1,912.4999999999999,0.0,9666.666666666666,-9666.666666666666,CONDITIONAL_MODEL_NOT_OBSERVATION
M,18,2,925.0,730.0,9333.333333333334,-8603.333333333334,CONDITIONAL_MODEL_NOT_OBSERVATION
M,18,3,937.5,1397.0,9000.0,-7603.0,CONDITIONAL_MODEL_NOT_OBSERVATION
M,18,4,950.0,2007.3000000000002,8666.666666666666,-6659.366666666666,CONDITIONAL_MODEL_NOT_OBSERVATION
M,18,5,962.5000000000001,2566.57,8333.333333333334,-5766.763333333334,CONDITIONAL_MODEL_NOT_OBSERVATION
M,18,6,975.0,2600.96,8000.0,-5399.04,CONDITIONAL_MODEL_NOT_OBSERVATION
M,18,7,975.0,2635.3500000000004,8000,-5364.65,CONDITIONAL_MODEL_NOT_OBSERVATION
M,18,8,975.0,2659.7400000000002,8000,-5340.26,CONDITIONAL_MODEL_NOT_OBSERVATION
M,18,9,975.0,2675.1300000000006,8000,-5324.869999999999,CONDITIONAL_MODEL_NOT_OBSERVATION
M,18,10,975.0,2682.42,8000,-5317.58,CONDITIONAL_MODEL_NOT_OBSERVATION
M,18,11,975.0,2682.42,8000,-5317.58,CONDITIONAL_MODEL_NOT_OBSERVATION
M,18,12,975.0,2682.42,8000,-5317.58,CONDITIONAL_MODEL_NOT_OBSERVATION
M,18,13,975.0,2682.42,8000,-5317.58,CONDITIONAL_MODEL_NOT_OBSERVATION
M,18,14,975.0,2682.42,8000,-5317.58,CONDITIONAL_MODEL_NOT_OBSERVATION
M,18,15,975.0,2682.42,8000,-5317.58,CONDITIONAL_MODEL_NOT_OBSERVATION
M,18,16,975.0,2682.42,8000,-5317.58,CONDITIONAL_MODEL_NOT_OBSERVATION
M,18,17,975.0,2682.42,8000,-5317.58,CONDITIONAL_MODEL_NOT_OBSERVATION
M,18,18,975.0,2682.42,8000,-5317.58,CONDITIONAL_MODEL_NOT_OBSERVATION
M,18,19,975.0,2682.42,8000,-5317.58,CONDITIONAL_MODEL_NOT_OBSERVATION
M,18,20,975.0,2682.42,8000,-5317.58,CONDITIONAL_MODEL_NOT_OBSERVATION
M,19,1,912.4999999999999,0.0,14000.0,-14000.0,CONDITIONAL_MODEL_NOT_OBSERVATION
M,19,2,925.0,730.0,12000.0,-11270.0,CONDITIONAL_MODEL_NOT_OBSERVATION
M,19,3,937.5,1397.0,10000.0,-8603.0,CONDITIONAL_MODEL_NOT_OBSERVATION
M,19,4,950.0,2007.3000000000002,8000.0,-5992.7,CONDITIONAL_MODEL_NOT_OBSERVATION
M,19,5,962.5000000000001,2566.57,6000.0,-3433.43,CONDITIONAL_MODEL_NOT_OBSERVATION
M,19,6,975.0,2600.96,4000.0,-1399.04,CONDITIONAL_MODEL_NOT_OBSERVATION
M,19,7,975.0,2635.3500000000004,4000,-1364.6499999999996,CONDITIONAL_MODEL_NOT_OBSERVATION
M,19,8,975.0,2659.7400000000002,4000,-1340.2599999999998,CONDITIONAL_MODEL_NOT_OBSERVATION
M,19,9,975.0,2675.1300000000006,4000,-1324.8699999999994,CONDITIONAL_MODEL_NOT_OBSERVATION
M,19,10,975.0,2682.42,4000,-1317.58,CONDITIONAL_MODEL_NOT_OBSERVATION
M,19,11,975.0,2682.42,4000,-1317.58,CONDITIONAL_MODEL_NOT_OBSERVATION
M,19,12,975.0,2682.42,4000,-1317.58,CONDITIONAL_MODEL_NOT_OBSERVATION
M,19,13,975.0,2682.42,4000,-1317.58,CONDITIONAL_MODEL_NOT_OBSERVATION
M,19,14,975.0,2682.42,4000,-1317.58,CONDITIONAL_MODEL_NOT_OBSERVATION
M,19,15,975.0,2682.42,4000,-1317.58,CONDITIONAL_MODEL_NOT_OBSERVATION
M,19,16,975.0,2682.42,4000,-1317.58,CONDITIONAL_MODEL_NOT_OBSERVATION
M,19,17,975.0,2682.42,4000,-1317.58,CONDITIONAL_MODEL_NOT_OBSERVATION
M,19,18,975.0,2682.42,4000,-1317.58,CONDITIONAL_MODEL_NOT_OBSERVATION
M,19,19,975.0,2682.42,4000,-1317.58,CONDITIONAL_MODEL_NOT_OBSERVATION
M,19,20,975.0,2682.42,4000,-1317.58,CONDITIONAL_MODEL_NOT_OBSERVATION
M,20,1,912.4999999999999,0.0,14666.666666666668,-14666.666666666668,CONDITIONAL_MODEL_NOT_OBSERVATION
M,20,2,925.0,730.0,13333.333333333334,-12603.333333333334,CONDITIONAL_MODEL_NOT_OBSERVATION
M,20,3,937.5,1397.0,12000.0,-10603.0,CONDITIONAL_MODEL_NOT_OBSERVATION
M,20,4,950.0,2007.3000000000002,10666.666666666668,-8659.366666666669,CONDITIONAL_MODEL_NOT_OBSERVATION
M,20,5,962.5000000000001,2566.57,9333.333333333332,-6766.763333333332,CONDITIONAL_MODEL_NOT_OBSERVATION
M,20,6,975.0,2600.96,8000.0,-5399.04,CONDITIONAL_MODEL_NOT_OBSERVATION
M,20,7,975.0,2635.3500000000004,8000,-5364.65,CONDITIONAL_MODEL_NOT_OBSERVATION
M,20,8,975.0,2659.7400000000002,8000,-5340.26,CONDITIONAL_MODEL_NOT_OBSERVATION
M,20,9,975.0,2675.1300000000006,8000,-5324.869999999999,CONDITIONAL_MODEL_NOT_OBSERVATION
M,20,10,975.0,2682.42,8000,-5317.58,CONDITIONAL_MODEL_NOT_OBSERVATION
M,20,11,975.0,2682.42,8000,-5317.58,CONDITIONAL_MODEL_NOT_OBSERVATION
M,20,12,975.0,2682.42,8000,-5317.58,CONDITIONAL_MODEL_NOT_OBSERVATION
M,20,13,975.0,2682.42,8000,-5317.58,CONDITIONAL_MODEL_NOT_OBSERVATION
M,20,14,975.0,2682.42,8000,-5317.58,CONDITIONAL_MODEL_NOT_OBSERVATION
M,20,15,975.0,2682.42,8000,-5317.58,CONDITIONAL_MODEL_NOT_OBSERVATION
M,20,16,975.0,2682.42,8000,-5317.58,CONDITIONAL_MODEL_NOT_OBSERVATION
M,20,17,975.0,2682.42,8000,-5317.58,CONDITIONAL_MODEL_NOT_OBSERVATION
M,20,18,975.0,2682.42,8000,-5317.58,CONDITIONAL_MODEL_NOT_OBSERVATION
M,20,19,975.0,2682.42,8000,-5317.58,CONDITIONAL_MODEL_NOT_OBSERVATION
M,20,20,975.0,2682.42,8000,-5317.58,CONDITIONAL_MODEL_NOT_OBSERVATION
M,21,1,906.25,0.0,9500.0,-9500.0,CONDITIONAL_MODEL_NOT_OBSERVATION
M,21,2,912.4999999999999,725.0,9000.0,-8275.0,CONDITIONAL_MODEL_NOT_OBSERVATION
M,21,3,918.7500000000001,1382.5,8500.0,-7117.5,CONDITIONAL_MODEL_NOT_OBSERVATION
M,21,4,925.0,1979.25,8000.0,-6020.75,CONDITIONAL_MODEL_NOT_OBSERVATION
M,21,5,931.25,2521.3250000000003,7500.0,-4978.674999999999,CONDITIONAL_MODEL_NOT_OBSERVATION
M,21,6,937.5,2538.5200000000004,7000.0,-4461.48,CONDITIONAL_MODEL_NOT_OBSERVATION
M,21,7,943.75,2555.715,6500.0,-3944.285,CONDITIONAL_MODEL_NOT_OBSERVATION
M,21,8,950.0,2572.91,6000.0,-3427.09,CONDITIONAL_MODEL_NOT_OBSERVATION
M,21,9,956.2499999999999,2590.1050000000005,5500.0,-2909.8949999999995,CONDITIONAL_MODEL_NOT_OBSERVATION
M,21,10,962.5000000000001,2607.3,5000.0,-2392.7,CONDITIONAL_MODEL_NOT_OBSERVATION
M,21,11,968.75,2624.4950000000003,4500.0,-1875.5049999999997,CONDITIONAL_MODEL_NOT_OBSERVATION
M,21,12,975.0,2641.6900000000005,4000.0,-1358.3099999999995,CONDITIONAL_MODEL_NOT_OBSERVATION
M,21,13,975.0,2658.885,4000,-1341.1149999999998,CONDITIONAL_MODEL_NOT_OBSERVATION
M,21,14,975.0,2671.0800000000004,4000,-1328.9199999999996,CONDITIONAL_MODEL_NOT_OBSERVATION
M,21,15,975.0,2678.775,4000,-1321.225,CONDITIONAL_MODEL_NOT_OBSERVATION
M,21,16,975.0,2682.42,4000,-1317.58,CONDITIONAL_MODEL_NOT_OBSERVATION
M,21,17,975.0,2682.42,4000,-1317.58,CONDITIONAL_MODEL_NOT_OBSERVATION
M,21,18,975.0,2682.42,4000,-1317.58,CONDITIONAL_MODEL_NOT_OBSERVATION
M,21,19,975.0,2682.42,4000,-1317.58,CONDITIONAL_MODEL_NOT_OBSERVATION
M,21,20,975.0,2682.42,4000,-1317.58,CONDITIONAL_MODEL_NOT_OBSERVATION
M,22,1,906.25,0.0,9833.333333333334,-9833.333333333334,CONDITIONAL_MODEL_NOT_OBSERVATION
M,22,2,912.4999999999999,725.0,9666.666666666666,-8941.666666666666,CONDITIONAL_MODEL_NOT_OBSERVATION
M,22,3,918.7500000000001,1382.5,9500.0,-8117.5,CONDITIONAL_MODEL_NOT_OBSERVATION
M,22,4,925.0,1979.25,9333.333333333334,-7354.083333333334,CONDITIONAL_MODEL_NOT_OBSERVATION
M,22,5,931.25,2521.3250000000003,9166.666666666666,-6645.341666666665,CONDITIONAL_MODEL_NOT_OBSERVATION
M,22,6,937.5,2538.5200000000004,9000.0,-6461.48,CONDITIONAL_MODEL_NOT_OBSERVATION
M,22,7,943.75,2555.715,8833.333333333334,-6277.618333333334,CONDITIONAL_MODEL_NOT_OBSERVATION
M,22,8,950.0,2572.91,8666.666666666666,-6093.756666666666,CONDITIONAL_MODEL_NOT_OBSERVATION
M,22,9,956.2499999999999,2590.1050000000005,8500.0,-5909.8949999999995,CONDITIONAL_MODEL_NOT_OBSERVATION
M,22,10,962.5000000000001,2607.3,8333.333333333334,-5726.033333333334,CONDITIONAL_MODEL_NOT_OBSERVATION
M,22,11,968.75,2624.4950000000003,8166.666666666666,-5542.171666666665,CONDITIONAL_MODEL_NOT_OBSERVATION
M,22,12,975.0,2641.6900000000005,8000.0,-5358.3099999999995,CONDITIONAL_MODEL_NOT_OBSERVATION
M,22,13,975.0,2658.885,8000,-5341.115,CONDITIONAL_MODEL_NOT_OBSERVATION
M,22,14,975.0,2671.0800000000004,8000,-5328.92,CONDITIONAL_MODEL_NOT_OBSERVATION
M,22,15,975.0,2678.775,8000,-5321.225,CONDITIONAL_MODEL_NOT_OBSERVATION
M,22,16,975.0,2682.42,8000,-5317.58,CONDITIONAL_MODEL_NOT_OBSERVATION
M,22,17,975.0,2682.42,8000,-5317.58,CONDITIONAL_MODEL_NOT_OBSERVATION
M,22,18,975.0,2682.42,8000,-5317.58,CONDITIONAL_MODEL_NOT_OBSERVATION
M,22,19,975.0,2682.42,8000,-5317.58,CONDITIONAL_MODEL_NOT_OBSERVATION
M,22,20,975.0,2682.42,8000,-5317.58,CONDITIONAL_MODEL_NOT_OBSERVATION
M,23,1,906.25,0.0,15000.0,-15000.0,CONDITIONAL_MODEL_NOT_OBSERVATION
M,23,2,912.4999999999999,725.0,14000.0,-13275.0,CONDITIONAL_MODEL_NOT_OBSERVATION
M,23,3,918.7500000000001,1382.5,13000.0,-11617.5,CONDITIONAL_MODEL_NOT_OBSERVATION
M,23,4,925.0,1979.25,12000.0,-10020.75,CONDITIONAL_MODEL_NOT_OBSERVATION
M,23,5,931.25,2521.3250000000003,11000.0,-8478.675,CONDITIONAL_MODEL_NOT_OBSERVATION
M,23,6,937.5,2538.5200000000004,10000.0,-7461.48,CONDITIONAL_MODEL_NOT_OBSERVATION
M,23,7,943.75,2555.715,9000.0,-6444.285,CONDITIONAL_MODEL_NOT_OBSERVATION
M,23,8,950.0,2572.91,8000.0,-5427.09,CONDITIONAL_MODEL_NOT_OBSERVATION
M,23,9,956.2499999999999,2590.1050000000005,7000.0,-4409.8949999999995,CONDITIONAL_MODEL_NOT_OBSERVATION
M,23,10,962.5000000000001,2607.3,6000.0,-3392.7,CONDITIONAL_MODEL_NOT_OBSERVATION
M,23,11,968.75,2624.4950000000003,5000.0,-2375.5049999999997,CONDITIONAL_MODEL_NOT_OBSERVATION
M,23,12,975.0,2641.6900000000005,4000.0,-1358.3099999999995,CONDITIONAL_MODEL_NOT_OBSERVATION
M,23,13,975.0,2658.885,4000,-1341.1149999999998,CONDITIONAL_MODEL_NOT_OBSERVATION
M,23,14,975.0,2671.0800000000004,4000,-1328.9199999999996,CONDITIONAL_MODEL_NOT_OBSERVATION
M,23,15,975.0,2678.775,4000,-1321.225,CONDITIONAL_MODEL_NOT_OBSERVATION
M,23,16,975.0,2682.42,4000,-1317.58,CONDITIONAL_MODEL_NOT_OBSERVATION
M,23,17,975.0,2682.42,4000,-1317.58,CONDITIONAL_MODEL_NOT_OBSERVATION
M,23,18,975.0,2682.42,4000,-1317.58,CONDITIONAL_MODEL_NOT_OBSERVATION
M,23,19,975.0,2682.42,4000,-1317.58,CONDITIONAL_MODEL_NOT_OBSERVATION
M,23,20,975.0,2682.42,4000,-1317.58,CONDITIONAL_MODEL_NOT_OBSERVATION
M,24,1,906.25,0.0,15333.333333333332,-15333.333333333332,CONDITIONAL_MODEL_NOT_OBSERVATION
M,24,2,912.4999999999999,725.0,14666.666666666668,-13941.666666666668,CONDITIONAL_MODEL_NOT_OBSERVATION
M,24,3,918.7500000000001,1382.5,14000.0,-12617.5,CONDITIONAL_MODEL_NOT_OBSERVATION
M,24,4,925.0,1979.25,13333.333333333334,-11354.083333333334,CONDITIONAL_MODEL_NOT_OBSERVATION
M,24,5,931.25,2521.3250000000003,12666.666666666666,-10145.341666666665,CONDITIONAL_MODEL_NOT_OBSERVATION
M,24,6,937.5,2538.5200000000004,12000.0,-9461.48,CONDITIONAL_MODEL_NOT_OBSERVATION
M,24,7,943.75,2555.715,11333.333333333332,-8777.618333333332,CONDITIONAL_MODEL_NOT_OBSERVATION
M,24,8,950.0,2572.91,10666.666666666668,-8093.756666666668,CONDITIONAL_MODEL_NOT_OBSERVATION
M,24,9,956.2499999999999,2590.1050000000005,10000.0,-7409.8949999999995,CONDITIONAL_MODEL_NOT_OBSERVATION
M,24,10,962.5000000000001,2607.3,9333.333333333332,-6726.033333333332,CONDITIONAL_MODEL_NOT_OBSERVATION
M,24,11,968.75,2624.4950000000003,8666.666666666668,-6042.171666666667,CONDITIONAL_MODEL_NOT_OBSERVATION
M,24,12,975.0,2641.6900000000005,8000.0,-5358.3099999999995,CONDITIONAL_MODEL_NOT_OBSERVATION
M,24,13,975.0,2658.885,8000,-5341.115,CONDITIONAL_MODEL_NOT_OBSERVATION
M,24,14,975.0,2671.0800000000004,8000,-5328.92,CONDITIONAL_MODEL_NOT_OBSERVATION
M,24,15,975.0,2678.775,8000,-5321.225,CONDITIONAL_MODEL_NOT_OBSERVATION
M,24,16,975.0,2682.42,8000,-5317.58,CONDITIONAL_MODEL_NOT_OBSERVATION
M,24,17,975.0,2682.42,8000,-5317.58,CONDITIONAL_MODEL_NOT_OBSERVATION
M,24,18,975.0,2682.42,8000,-5317.58,CONDITIONAL_MODEL_NOT_OBSERVATION
M,24,19,975.0,2682.42,8000,-5317.58,CONDITIONAL_MODEL_NOT_OBSERVATION
M,24,20,975.0,2682.42,8000,-5317.58,CONDITIONAL_MODEL_NOT_OBSERVATION
M,25,1,975.0,0.0,9000.0,-9000.0,CONDITIONAL_MODEL_NOT_OBSERVATION
M,25,2,1050.0,780.0,8000.0,-7220.0,CONDITIONAL_MODEL_NOT_OBSERVATION
M,25,3,1125.0,1542.0,7000.0,-5458.0,CONDITIONAL_MODEL_NOT_OBSERVATION
M,25,4,1200.0,2287.8,6000.0,-3712.2,CONDITIONAL_MODEL_NOT_OBSERVATION
M,25,5,1275.0000000000002,3019.0200000000004,5000.0,-1980.9799999999996,CONDITIONAL_MODEL_NOT_OBSERVATION
M,25,6,1350.0,3225.36,4000.0,-774.6399999999999,CONDITIONAL_MODEL_NOT_OBSERVATION
M,25,7,1350.0,3431.7000000000003,4000,-568.2999999999997,CONDITIONAL_MODEL_NOT_OBSERVATION
M,25,8,1350.0,3578.0400000000004,4000,-421.9599999999996,CONDITIONAL_MODEL_NOT_OBSERVATION
M,25,9,1350.0,3670.3800000000006,4000,-329.61999999999944,CONDITIONAL_MODEL_NOT_OBSERVATION
M,25,10,1350.0,3714.12,4000,-285.8800000000001,CONDITIONAL_MODEL_NOT_OBSERVATION
M,25,11,1350.0,3714.12,4000,-285.8800000000001,CONDITIONAL_MODEL_NOT_OBSERVATION
M,25,12,1350.0,3714.12,4000,-285.8800000000001,CONDITIONAL_MODEL_NOT_OBSERVATION
M,25,13,1350.0,3714.12,4000,-285.8800000000001,CONDITIONAL_MODEL_NOT_OBSERVATION
M,25,14,1350.0,3714.12,4000,-285.8800000000001,CONDITIONAL_MODEL_NOT_OBSERVATION
M,25,15,1350.0,3714.12,4000,-285.8800000000001,CONDITIONAL_MODEL_NOT_OBSERVATION
M,25,16,1350.0,3714.12,4000,-285.8800000000001,CONDITIONAL_MODEL_NOT_OBSERVATION
M,25,17,1350.0,3714.12,4000,-285.8800000000001,CONDITIONAL_MODEL_NOT_OBSERVATION
M,25,18,1350.0,3714.12,4000,-285.8800000000001,CONDITIONAL_MODEL_NOT_OBSERVATION
M,25,19,1350.0,3714.12,4000,-285.8800000000001,CONDITIONAL_MODEL_NOT_OBSERVATION
M,25,20,1350.0,3714.12,4000,-285.8800000000001,CONDITIONAL_MODEL_NOT_OBSERVATION
M,26,1,975.0,0.0,9666.666666666666,-9666.666666666666,CONDITIONAL_MODEL_NOT_OBSERVATION
M,26,2,1050.0,780.0,9333.333333333334,-8553.333333333334,CONDITIONAL_MODEL_NOT_OBSERVATION
M,26,3,1125.0,1542.0,9000.0,-7458.0,CONDITIONAL_MODEL_NOT_OBSERVATION
M,26,4,1200.0,2287.8,8666.666666666666,-6378.866666666666,CONDITIONAL_MODEL_NOT_OBSERVATION
M,26,5,1275.0000000000002,3019.0200000000004,8333.333333333334,-5314.3133333333335,CONDITIONAL_MODEL_NOT_OBSERVATION
M,26,6,1350.0,3225.36,8000.0,-4774.639999999999,CONDITIONAL_MODEL_NOT_OBSERVATION
M,26,7,1350.0,3431.7000000000003,8000,-4568.299999999999,CONDITIONAL_MODEL_NOT_OBSERVATION
M,26,8,1350.0,3578.0400000000004,8000,-4421.959999999999,CONDITIONAL_MODEL_NOT_OBSERVATION
M,26,9,1350.0,3670.3800000000006,8000,-4329.619999999999,CONDITIONAL_MODEL_NOT_OBSERVATION
M,26,10,1350.0,3714.12,8000,-4285.88,CONDITIONAL_MODEL_NOT_OBSERVATION
M,26,11,1350.0,3714.12,8000,-4285.88,CONDITIONAL_MODEL_NOT_OBSERVATION
M,26,12,1350.0,3714.12,8000,-4285.88,CONDITIONAL_MODEL_NOT_OBSERVATION
M,26,13,1350.0,3714.12,8000,-4285.88,CONDITIONAL_MODEL_NOT_OBSERVATION
M,26,14,1350.0,3714.12,8000,-4285.88,CONDITIONAL_MODEL_NOT_OBSERVATION
M,26,15,1350.0,3714.12,8000,-4285.88,CONDITIONAL_MODEL_NOT_OBSERVATION
M,26,16,1350.0,3714.12,8000,-4285.88,CONDITIONAL_MODEL_NOT_OBSERVATION
M,26,17,1350.0,3714.12,8000,-4285.88,CONDITIONAL_MODEL_NOT_OBSERVATION
M,26,18,1350.0,3714.12,8000,-4285.88,CONDITIONAL_MODEL_NOT_OBSERVATION
M,26,19,1350.0,3714.12,8000,-4285.88,CONDITIONAL_MODEL_NOT_OBSERVATION
M,26,20,1350.0,3714.12,8000,-4285.88,CONDITIONAL_MODEL_NOT_OBSERVATION
M,27,1,975.0,0.0,14000.0,-14000.0,CONDITIONAL_MODEL_NOT_OBSERVATION
M,27,2,1050.0,780.0,12000.0,-11220.0,CONDITIONAL_MODEL_NOT_OBSERVATION
M,27,3,1125.0,1542.0,10000.0,-8458.0,CONDITIONAL_MODEL_NOT_OBSERVATION
M,27,4,1200.0,2287.8,8000.0,-5712.2,CONDITIONAL_MODEL_NOT_OBSERVATION
M,27,5,1275.0000000000002,3019.0200000000004,6000.0,-2980.9799999999996,CONDITIONAL_MODEL_NOT_OBSERVATION
M,27,6,1350.0,3225.36,4000.0,-774.6399999999999,CONDITIONAL_MODEL_NOT_OBSERVATION
M,27,7,1350.0,3431.7000000000003,4000,-568.2999999999997,CONDITIONAL_MODEL_NOT_OBSERVATION
M,27,8,1350.0,3578.0400000000004,4000,-421.9599999999996,CONDITIONAL_MODEL_NOT_OBSERVATION
M,27,9,1350.0,3670.3800000000006,4000,-329.61999999999944,CONDITIONAL_MODEL_NOT_OBSERVATION
M,27,10,1350.0,3714.12,4000,-285.8800000000001,CONDITIONAL_MODEL_NOT_OBSERVATION
M,27,11,1350.0,3714.12,4000,-285.8800000000001,CONDITIONAL_MODEL_NOT_OBSERVATION
M,27,12,1350.0,3714.12,4000,-285.8800000000001,CONDITIONAL_MODEL_NOT_OBSERVATION
M,27,13,1350.0,3714.12,4000,-285.8800000000001,CONDITIONAL_MODEL_NOT_OBSERVATION
M,27,14,1350.0,3714.12,4000,-285.8800000000001,CONDITIONAL_MODEL_NOT_OBSERVATION
M,27,15,1350.0,3714.12,4000,-285.8800000000001,CONDITIONAL_MODEL_NOT_OBSERVATION
M,27,16,1350.0,3714.12,4000,-285.8800000000001,CONDITIONAL_MODEL_NOT_OBSERVATION
M,27,17,1350.0,3714.12,4000,-285.8800000000001,CONDITIONAL_MODEL_NOT_OBSERVATION
M,27,18,1350.0,3714.12,4000,-285.8800000000001,CONDITIONAL_MODEL_NOT_OBSERVATION
M,27,19,1350.0,3714.12,4000,-285.8800000000001,CONDITIONAL_MODEL_NOT_OBSERVATION
M,27,20,1350.0,3714.12,4000,-285.8800000000001,CONDITIONAL_MODEL_NOT_OBSERVATION
M,28,1,975.0,0.0,14666.666666666668,-14666.666666666668,CONDITIONAL_MODEL_NOT_OBSERVATION
M,28,2,1050.0,780.0,13333.333333333334,-12553.333333333334,CONDITIONAL_MODEL_NOT_OBSERVATION
M,28,3,1125.0,1542.0,12000.0,-10458.0,CONDITIONAL_MODEL_NOT_OBSERVATION
M,28,4,1200.0,2287.8,10666.666666666668,-8378.866666666669,CONDITIONAL_MODEL_NOT_OBSERVATION
M,28,5,1275.0000000000002,3019.0200000000004,9333.333333333332,-6314.313333333332,CONDITIONAL_MODEL_NOT_OBSERVATION
M,28,6,1350.0,3225.36,8000.0,-4774.639999999999,CONDITIONAL_MODEL_NOT_OBSERVATION
M,28,7,1350.0,3431.7000000000003,8000,-4568.299999999999,CONDITIONAL_MODEL_NOT_OBSERVATION
M,28,8,1350.0,3578.0400000000004,8000,-4421.959999999999,CONDITIONAL_MODEL_NOT_OBSERVATION
M,28,9,1350.0,3670.3800000000006,8000,-4329.619999999999,CONDITIONAL_MODEL_NOT_OBSERVATION
M,28,10,1350.0,3714.12,8000,-4285.88,CONDITIONAL_MODEL_NOT_OBSERVATION
M,28,11,1350.0,3714.12,8000,-4285.88,CONDITIONAL_MODEL_NOT_OBSERVATION
M,28,12,1350.0,3714.12,8000,-4285.88,CONDITIONAL_MODEL_NOT_OBSERVATION
M,28,13,1350.0,3714.12,8000,-4285.88,CONDITIONAL_MODEL_NOT_OBSERVATION
M,28,14,1350.0,3714.12,8000,-4285.88,CONDITIONAL_MODEL_NOT_OBSERVATION
M,28,15,1350.0,3714.12,8000,-4285.88,CONDITIONAL_MODEL_NOT_OBSERVATION
M,28,16,1350.0,3714.12,8000,-4285.88,CONDITIONAL_MODEL_NOT_OBSERVATION
M,28,17,1350.0,3714.12,8000,-4285.88,CONDITIONAL_MODEL_NOT_OBSERVATION
M,28,18,1350.0,3714.12,8000,-4285.88,CONDITIONAL_MODEL_NOT_OBSERVATION
M,28,19,1350.0,3714.12,8000,-4285.88,CONDITIONAL_MODEL_NOT_OBSERVATION
M,28,20,1350.0,3714.12,8000,-4285.88,CONDITIONAL_MODEL_NOT_OBSERVATION
M,29,1,937.5,0.0,9500.0,-9500.0,CONDITIONAL_MODEL_NOT_OBSERVATION
M,29,2,975.0,750.0,9000.0,-8250.0,CONDITIONAL_MODEL_NOT_OBSERVATION
M,29,3,1012.5000000000001,1455.0,8500.0,-7045.0,CONDITIONAL_MODEL_NOT_OBSERVATION
M,29,4,1050.0,2119.5,8000.0,-5880.5,CONDITIONAL_MODEL_NOT_OBSERVATION
M,29,5,1087.5,2747.55,7500.0,-4752.45,CONDITIONAL_MODEL_NOT_OBSERVATION
M,29,6,1125.0,2850.7200000000003,7000.0,-4149.28,CONDITIONAL_MODEL_NOT_OBSERVATION
M,29,7,1162.5,2953.8900000000003,6500.0,-3546.1099999999997,CONDITIONAL_MODEL_NOT_OBSERVATION
M,29,8,1200.0,3057.06,6000.0,-2942.94,CONDITIONAL_MODEL_NOT_OBSERVATION
M,29,9,1237.5,3160.2300000000005,5500.0,-2339.7699999999995,CONDITIONAL_MODEL_NOT_OBSERVATION
M,29,10,1275.0000000000002,3263.4,5000.0,-1736.6,CONDITIONAL_MODEL_NOT_OBSERVATION
M,29,11,1312.5,3366.5699999999997,4500.0,-1133.4300000000003,CONDITIONAL_MODEL_NOT_OBSERVATION
M,29,12,1350.0,3469.7400000000002,4000.0,-530.2599999999998,CONDITIONAL_MODEL_NOT_OBSERVATION
M,29,13,1350.0,3572.91,4000,-427.09000000000015,CONDITIONAL_MODEL_NOT_OBSERVATION
M,29,14,1350.0,3646.0800000000004,4000,-353.9199999999996,CONDITIONAL_MODEL_NOT_OBSERVATION
M,29,15,1350.0,3692.25,4000,-307.75,CONDITIONAL_MODEL_NOT_OBSERVATION
M,29,16,1350.0,3714.12,4000,-285.8800000000001,CONDITIONAL_MODEL_NOT_OBSERVATION
M,29,17,1350.0,3714.12,4000,-285.8800000000001,CONDITIONAL_MODEL_NOT_OBSERVATION
M,29,18,1350.0,3714.12,4000,-285.8800000000001,CONDITIONAL_MODEL_NOT_OBSERVATION
M,29,19,1350.0,3714.12,4000,-285.8800000000001,CONDITIONAL_MODEL_NOT_OBSERVATION
M,29,20,1350.0,3714.12,4000,-285.8800000000001,CONDITIONAL_MODEL_NOT_OBSERVATION
M,30,1,937.5,0.0,9833.333333333334,-9833.333333333334,CONDITIONAL_MODEL_NOT_OBSERVATION
M,30,2,975.0,750.0,9666.666666666666,-8916.666666666666,CONDITIONAL_MODEL_NOT_OBSERVATION
M,30,3,1012.5000000000001,1455.0,9500.0,-8045.0,CONDITIONAL_MODEL_NOT_OBSERVATION
M,30,4,1050.0,2119.5,9333.333333333334,-7213.833333333334,CONDITIONAL_MODEL_NOT_OBSERVATION
M,30,5,1087.5,2747.55,9166.666666666666,-6419.116666666666,CONDITIONAL_MODEL_NOT_OBSERVATION
M,30,6,1125.0,2850.7200000000003,9000.0,-6149.28,CONDITIONAL_MODEL_NOT_OBSERVATION
M,30,7,1162.5,2953.8900000000003,8833.333333333334,-5879.443333333334,CONDITIONAL_MODEL_NOT_OBSERVATION
M,30,8,1200.0,3057.06,8666.666666666666,-5609.606666666667,CONDITIONAL_MODEL_NOT_OBSERVATION
M,30,9,1237.5,3160.2300000000005,8500.0,-5339.7699999999995,CONDITIONAL_MODEL_NOT_OBSERVATION
M,30,10,1275.0000000000002,3263.4,8333.333333333334,-5069.933333333334,CONDITIONAL_MODEL_NOT_OBSERVATION
M,30,11,1312.5,3366.5699999999997,8166.666666666666,-4800.096666666666,CONDITIONAL_MODEL_NOT_OBSERVATION
M,30,12,1350.0,3469.7400000000002,8000.0,-4530.26,CONDITIONAL_MODEL_NOT_OBSERVATION
M,30,13,1350.0,3572.91,8000,-4427.09,CONDITIONAL_MODEL_NOT_OBSERVATION
M,30,14,1350.0,3646.0800000000004,8000,-4353.92,CONDITIONAL_MODEL_NOT_OBSERVATION
M,30,15,1350.0,3692.25,8000,-4307.75,CONDITIONAL_MODEL_NOT_OBSERVATION
M,30,16,1350.0,3714.12,8000,-4285.88,CONDITIONAL_MODEL_NOT_OBSERVATION
M,30,17,1350.0,3714.12,8000,-4285.88,CONDITIONAL_MODEL_NOT_OBSERVATION
M,30,18,1350.0,3714.12,8000,-4285.88,CONDITIONAL_MODEL_NOT_OBSERVATION
M,30,19,1350.0,3714.12,8000,-4285.88,CONDITIONAL_MODEL_NOT_OBSERVATION
M,30,20,1350.0,3714.12,8000,-4285.88,CONDITIONAL_MODEL_NOT_OBSERVATION
M,31,1,937.5,0.0,15000.0,-15000.0,CONDITIONAL_MODEL_NOT_OBSERVATION
M,31,2,975.0,750.0,14000.0,-13250.0,CONDITIONAL_MODEL_NOT_OBSERVATION
M,31,3,1012.5000000000001,1455.0,13000.0,-11545.0,CONDITIONAL_MODEL_NOT_OBSERVATION
M,31,4,1050.0,2119.5,12000.0,-9880.5,CONDITIONAL_MODEL_NOT_OBSERVATION
M,31,5,1087.5,2747.55,11000.0,-8252.45,CONDITIONAL_MODEL_NOT_OBSERVATION
M,31,6,1125.0,2850.7200000000003,10000.0,-7149.28,CONDITIONAL_MODEL_NOT_OBSERVATION
M,31,7,1162.5,2953.8900000000003,9000.0,-6046.11,CONDITIONAL_MODEL_NOT_OBSERVATION
M,31,8,1200.0,3057.06,8000.0,-4942.9400000000005,CONDITIONAL_MODEL_NOT_OBSERVATION
M,31,9,1237.5,3160.2300000000005,7000.0,-3839.7699999999995,CONDITIONAL_MODEL_NOT_OBSERVATION
M,31,10,1275.0000000000002,3263.4,6000.0,-2736.6,CONDITIONAL_MODEL_NOT_OBSERVATION
M,31,11,1312.5,3366.5699999999997,5000.0,-1633.4300000000003,CONDITIONAL_MODEL_NOT_OBSERVATION
M,31,12,1350.0,3469.7400000000002,4000.0,-530.2599999999998,CONDITIONAL_MODEL_NOT_OBSERVATION
M,31,13,1350.0,3572.91,4000,-427.09000000000015,CONDITIONAL_MODEL_NOT_OBSERVATION
M,31,14,1350.0,3646.0800000000004,4000,-353.9199999999996,CONDITIONAL_MODEL_NOT_OBSERVATION
M,31,15,1350.0,3692.25,4000,-307.75,CONDITIONAL_MODEL_NOT_OBSERVATION
M,31,16,1350.0,3714.12,4000,-285.8800000000001,CONDITIONAL_MODEL_NOT_OBSERVATION
M,31,17,1350.0,3714.12,4000,-285.8800000000001,CONDITIONAL_MODEL_NOT_OBSERVATION
M,31,18,1350.0,3714.12,4000,-285.8800000000001,CONDITIONAL_MODEL_NOT_OBSERVATION
M,31,19,1350.0,3714.12,4000,-285.8800000000001,CONDITIONAL_MODEL_NOT_OBSERVATION
M,31,20,1350.0,3714.12,4000,-285.8800000000001,CONDITIONAL_MODEL_NOT_OBSERVATION
M,32,1,937.5,0.0,15333.333333333332,-15333.333333333332,CONDITIONAL_MODEL_NOT_OBSERVATION
M,32,2,975.0,750.0,14666.666666666668,-13916.666666666668,CONDITIONAL_MODEL_NOT_OBSERVATION
M,32,3,1012.5000000000001,1455.0,14000.0,-12545.0,CONDITIONAL_MODEL_NOT_OBSERVATION
M,32,4,1050.0,2119.5,13333.333333333334,-11213.833333333334,CONDITIONAL_MODEL_NOT_OBSERVATION
M,32,5,1087.5,2747.55,12666.666666666666,-9919.116666666665,CONDITIONAL_MODEL_NOT_OBSERVATION
M,32,6,1125.0,2850.7200000000003,12000.0,-9149.279999999999,CONDITIONAL_MODEL_NOT_OBSERVATION
M,32,7,1162.5,2953.8900000000003,11333.333333333332,-8379.443333333333,CONDITIONAL_MODEL_NOT_OBSERVATION
M,32,8,1200.0,3057.06,10666.666666666668,-7609.606666666668,CONDITIONAL_MODEL_NOT_OBSERVATION
M,32,9,1237.5,3160.2300000000005,10000.0,-6839.7699999999995,CONDITIONAL_MODEL_NOT_OBSERVATION
M,32,10,1275.0000000000002,3263.4,9333.333333333332,-6069.9333333333325,CONDITIONAL_MODEL_NOT_OBSERVATION
M,32,11,1312.5,3366.5699999999997,8666.666666666668,-5300.096666666668,CONDITIONAL_MODEL_NOT_OBSERVATION
M,32,12,1350.0,3469.7400000000002,8000.0,-4530.26,CONDITIONAL_MODEL_NOT_OBSERVATION
M,32,13,1350.0,3572.91,8000,-4427.09,CONDITIONAL_MODEL_NOT_OBSERVATION
M,32,14,1350.0,3646.0800000000004,8000,-4353.92,CONDITIONAL_MODEL_NOT_OBSERVATION
M,32,15,1350.0,3692.25,8000,-4307.75,CONDITIONAL_MODEL_NOT_OBSERVATION
M,32,16,1350.0,3714.12,8000,-4285.88,CONDITIONAL_MODEL_NOT_OBSERVATION
M,32,17,1350.0,3714.12,8000,-4285.88,CONDITIONAL_MODEL_NOT_OBSERVATION
M,32,18,1350.0,3714.12,8000,-4285.88,CONDITIONAL_MODEL_NOT_OBSERVATION
M,32,19,1350.0,3714.12,8000,-4285.88,CONDITIONAL_MODEL_NOT_OBSERVATION
M,32,20,1350.0,3714.12,8000,-4285.88,CONDITIONAL_MODEL_NOT_OBSERVATION
M,33,1,999.9999999999999,0.0,9000.0,-9000.0,CONDITIONAL_MODEL_NOT_OBSERVATION
M,33,2,1125.0,800.0,8000.0,-7200.0,CONDITIONAL_MODEL_NOT_OBSERVATION
M,33,3,1250.0,1620.0,7000.0,-5380.0,CONDITIONAL_MODEL_NOT_OBSERVATION
M,33,4,1375.0,2458.0,6000.0,-3542.0,CONDITIONAL_MODEL_NOT_OBSERVATION
M,33,5,1500.0000000000002,3312.2000000000003,5000.0,-1687.7999999999997,CONDITIONAL_MODEL_NOT_OBSERVATION
M,33,6,1625.0,3656.1000000000004,4000.0,-343.89999999999964,CONDITIONAL_MODEL_NOT_OBSERVATION
M,33,7,1625.0,4000.0,4000,0.0,CONDITIONAL_MODEL_NOT_OBSERVATION
M,33,8,1625.0,4243.900000000001,4000,243.90000000000055,CONDITIONAL_MODEL_NOT_OBSERVATION
M,33,9,1625.0,4397.8,4000,397.8000000000002,CONDITIONAL_MODEL_NOT_OBSERVATION
M,33,10,1625.0,4470.7,4000,470.6999999999998,CONDITIONAL_MODEL_NOT_OBSERVATION
M,33,11,1625.0,4470.7,4000,470.6999999999998,CONDITIONAL_MODEL_NOT_OBSERVATION
M,33,12,1625.0,4470.7,4000,470.6999999999998,CONDITIONAL_MODEL_NOT_OBSERVATION
M,33,13,1625.0,4470.7,4000,470.6999999999998,CONDITIONAL_MODEL_NOT_OBSERVATION
M,33,14,1625.0,4470.7,4000,470.6999999999998,CONDITIONAL_MODEL_NOT_OBSERVATION
M,33,15,1625.0,4470.7,4000,470.6999999999998,CONDITIONAL_MODEL_NOT_OBSERVATION
M,33,16,1625.0,4470.7,4000,470.6999999999998,CONDITIONAL_MODEL_NOT_OBSERVATION
M,33,17,1625.0,4470.7,4000,470.6999999999998,CONDITIONAL_MODEL_NOT_OBSERVATION
M,33,18,1625.0,4470.7,4000,470.6999999999998,CONDITIONAL_MODEL_NOT_OBSERVATION
M,33,19,1625.0,4470.7,4000,470.6999999999998,CONDITIONAL_MODEL_NOT_OBSERVATION
M,33,20,1625.0,4470.7,4000,470.6999999999998,CONDITIONAL_MODEL_NOT_OBSERVATION
M,34,1,999.9999999999999,0.0,9666.666666666666,-9666.666666666666,CONDITIONAL_MODEL_NOT_OBSERVATION
M,34,2,1125.0,800.0,9333.333333333334,-8533.333333333334,CONDITIONAL_MODEL_NOT_OBSERVATION
M,34,3,1250.0,1620.0,9000.0,-7380.0,CONDITIONAL_MODEL_NOT_OBSERVATION
M,34,4,1375.0,2458.0,8666.666666666666,-6208.666666666666,CONDITIONAL_MODEL_NOT_OBSERVATION
M,34,5,1500.0000000000002,3312.2000000000003,8333.333333333334,-5021.133333333333,CONDITIONAL_MODEL_NOT_OBSERVATION
M,34,6,1625.0,3656.1000000000004,8000.0,-4343.9,CONDITIONAL_MODEL_NOT_OBSERVATION
M,34,7,1625.0,4000.0,8000,-4000.0,CONDITIONAL_MODEL_NOT_OBSERVATION
M,34,8,1625.0,4243.900000000001,8000,-3756.0999999999995,CONDITIONAL_MODEL_NOT_OBSERVATION
M,34,9,1625.0,4397.8,8000,-3602.2,CONDITIONAL_MODEL_NOT_OBSERVATION
M,34,10,1625.0,4470.7,8000,-3529.3,CONDITIONAL_MODEL_NOT_OBSERVATION
M,34,11,1625.0,4470.7,8000,-3529.3,CONDITIONAL_MODEL_NOT_OBSERVATION
M,34,12,1625.0,4470.7,8000,-3529.3,CONDITIONAL_MODEL_NOT_OBSERVATION
M,34,13,1625.0,4470.7,8000,-3529.3,CONDITIONAL_MODEL_NOT_OBSERVATION
M,34,14,1625.0,4470.7,8000,-3529.3,CONDITIONAL_MODEL_NOT_OBSERVATION
M,34,15,1625.0,4470.7,8000,-3529.3,CONDITIONAL_MODEL_NOT_OBSERVATION
M,34,16,1625.0,4470.7,8000,-3529.3,CONDITIONAL_MODEL_NOT_OBSERVATION
M,34,17,1625.0,4470.7,8000,-3529.3,CONDITIONAL_MODEL_NOT_OBSERVATION
M,34,18,1625.0,4470.7,8000,-3529.3,CONDITIONAL_MODEL_NOT_OBSERVATION
M,34,19,1625.0,4470.7,8000,-3529.3,CONDITIONAL_MODEL_NOT_OBSERVATION
M,34,20,1625.0,4470.7,8000,-3529.3,CONDITIONAL_MODEL_NOT_OBSERVATION
M,35,1,999.9999999999999,0.0,14000.0,-14000.0,CONDITIONAL_MODEL_NOT_OBSERVATION
M,35,2,1125.0,800.0,12000.0,-11200.0,CONDITIONAL_MODEL_NOT_OBSERVATION
M,35,3,1250.0,1620.0,10000.0,-8380.0,CONDITIONAL_MODEL_NOT_OBSERVATION
M,35,4,1375.0,2458.0,8000.0,-5542.0,CONDITIONAL_MODEL_NOT_OBSERVATION
M,35,5,1500.0000000000002,3312.2000000000003,6000.0,-2687.7999999999997,CONDITIONAL_MODEL_NOT_OBSERVATION
M,35,6,1625.0,3656.1000000000004,4000.0,-343.89999999999964,CONDITIONAL_MODEL_NOT_OBSERVATION
M,35,7,1625.0,4000.0,4000,0.0,CONDITIONAL_MODEL_NOT_OBSERVATION
M,35,8,1625.0,4243.900000000001,4000,243.90000000000055,CONDITIONAL_MODEL_NOT_OBSERVATION
M,35,9,1625.0,4397.8,4000,397.8000000000002,CONDITIONAL_MODEL_NOT_OBSERVATION
M,35,10,1625.0,4470.7,4000,470.6999999999998,CONDITIONAL_MODEL_NOT_OBSERVATION
M,35,11,1625.0,4470.7,4000,470.6999999999998,CONDITIONAL_MODEL_NOT_OBSERVATION
M,35,12,1625.0,4470.7,4000,470.6999999999998,CONDITIONAL_MODEL_NOT_OBSERVATION
M,35,13,1625.0,4470.7,4000,470.6999999999998,CONDITIONAL_MODEL_NOT_OBSERVATION
M,35,14,1625.0,4470.7,4000,470.6999999999998,CONDITIONAL_MODEL_NOT_OBSERVATION
M,35,15,1625.0,4470.7,4000,470.6999999999998,CONDITIONAL_MODEL_NOT_OBSERVATION
M,35,16,1625.0,4470.7,4000,470.6999999999998,CONDITIONAL_MODEL_NOT_OBSERVATION
M,35,17,1625.0,4470.7,4000,470.6999999999998,CONDITIONAL_MODEL_NOT_OBSERVATION
M,35,18,1625.0,4470.7,4000,470.6999999999998,CONDITIONAL_MODEL_NOT_OBSERVATION
M,35,19,1625.0,4470.7,4000,470.6999999999998,CONDITIONAL_MODEL_NOT_OBSERVATION
M,35,20,1625.0,4470.7,4000,470.6999999999998,CONDITIONAL_MODEL_NOT_OBSERVATION
M,36,1,999.9999999999999,0.0,14666.666666666668,-14666.666666666668,CONDITIONAL_MODEL_NOT_OBSERVATION
M,36,2,1125.0,800.0,13333.333333333334,-12533.333333333334,CONDITIONAL_MODEL_NOT_OBSERVATION
M,36,3,1250.0,1620.0,12000.0,-10380.0,CONDITIONAL_MODEL_NOT_OBSERVATION
M,36,4,1375.0,2458.0,10666.666666666668,-8208.666666666668,CONDITIONAL_MODEL_NOT_OBSERVATION
M,36,5,1500.0000000000002,3312.2000000000003,9333.333333333332,-6021.133333333331,CONDITIONAL_MODEL_NOT_OBSERVATION
M,36,6,1625.0,3656.1000000000004,8000.0,-4343.9,CONDITIONAL_MODEL_NOT_OBSERVATION
M,36,7,1625.0,4000.0,8000,-4000.0,CONDITIONAL_MODEL_NOT_OBSERVATION
M,36,8,1625.0,4243.900000000001,8000,-3756.0999999999995,CONDITIONAL_MODEL_NOT_OBSERVATION
M,36,9,1625.0,4397.8,8000,-3602.2,CONDITIONAL_MODEL_NOT_OBSERVATION
M,36,10,1625.0,4470.7,8000,-3529.3,CONDITIONAL_MODEL_NOT_OBSERVATION
M,36,11,1625.0,4470.7,8000,-3529.3,CONDITIONAL_MODEL_NOT_OBSERVATION
M,36,12,1625.0,4470.7,8000,-3529.3,CONDITIONAL_MODEL_NOT_OBSERVATION
M,36,13,1625.0,4470.7,8000,-3529.3,CONDITIONAL_MODEL_NOT_OBSERVATION
M,36,14,1625.0,4470.7,8000,-3529.3,CONDITIONAL_MODEL_NOT_OBSERVATION
M,36,15,1625.0,4470.7,8000,-3529.3,CONDITIONAL_MODEL_NOT_OBSERVATION
M,36,16,1625.0,4470.7,8000,-3529.3,CONDITIONAL_MODEL_NOT_OBSERVATION
M,36,17,1625.0,4470.7,8000,-3529.3,CONDITIONAL_MODEL_NOT_OBSERVATION
M,36,18,1625.0,4470.7,8000,-3529.3,CONDITIONAL_MODEL_NOT_OBSERVATION
M,36,19,1625.0,4470.7,8000,-3529.3,CONDITIONAL_MODEL_NOT_OBSERVATION
M,36,20,1625.0,4470.7,8000,-3529.3,CONDITIONAL_MODEL_NOT_OBSERVATION
M,37,1,937.5,0.0,9500.0,-9500.0,CONDITIONAL_MODEL_NOT_OBSERVATION
M,37,2,999.9999999999999,750.0,9000.0,-8250.0,CONDITIONAL_MODEL_NOT_OBSERVATION
M,37,3,1062.5,1475.0,8500.0,-7025.0,CONDITIONAL_MODEL_NOT_OBSERVATION
M,37,4,1125.0,2177.5,8000.0,-5822.5,CONDITIONAL_MODEL_NOT_OBSERVATION
M,37,5,1187.5,2859.75,7500.0,-4640.25,CONDITIONAL_MODEL_NOT_OBSERVATION
M,37,6,1250.0,3031.7000000000003,7000.0,-3968.2999999999997,CONDITIONAL_MODEL_NOT_OBSERVATION
M,37,7,1312.5,3203.65,6500.0,-3296.35,CONDITIONAL_MODEL_NOT_OBSERVATION
M,37,8,1375.0,3375.6000000000004,6000.0,-2624.3999999999996,CONDITIONAL_MODEL_NOT_OBSERVATION
M,37,9,1437.5,3547.55,5500.0,-1952.4499999999998,CONDITIONAL_MODEL_NOT_OBSERVATION
M,37,10,1500.0000000000002,3719.5,5000.0,-1280.5,CONDITIONAL_MODEL_NOT_OBSERVATION
M,37,11,1562.5,3891.4500000000003,4500.0,-608.5499999999997,CONDITIONAL_MODEL_NOT_OBSERVATION
M,37,12,1625.0,4063.4,4000.0,63.40000000000009,CONDITIONAL_MODEL_NOT_OBSERVATION
M,37,13,1625.0,4235.35,4000,235.35000000000036,CONDITIONAL_MODEL_NOT_OBSERVATION
M,37,14,1625.0,4357.3,4000,357.3000000000002,CONDITIONAL_MODEL_NOT_OBSERVATION
M,37,15,1625.0,4434.25,4000,434.25,CONDITIONAL_MODEL_NOT_OBSERVATION
M,37,16,1625.0,4470.7,4000,470.6999999999998,CONDITIONAL_MODEL_NOT_OBSERVATION
M,37,17,1625.0,4470.7,4000,470.6999999999998,CONDITIONAL_MODEL_NOT_OBSERVATION
M,37,18,1625.0,4470.7,4000,470.6999999999998,CONDITIONAL_MODEL_NOT_OBSERVATION
M,37,19,1625.0,4470.7,4000,470.6999999999998,CONDITIONAL_MODEL_NOT_OBSERVATION
M,37,20,1625.0,4470.7,4000,470.6999999999998,CONDITIONAL_MODEL_NOT_OBSERVATION
M,38,1,937.5,0.0,9833.333333333334,-9833.333333333334,CONDITIONAL_MODEL_NOT_OBSERVATION
M,38,2,999.9999999999999,750.0,9666.666666666666,-8916.666666666666,CONDITIONAL_MODEL_NOT_OBSERVATION
M,38,3,1062.5,1475.0,9500.0,-8025.0,CONDITIONAL_MODEL_NOT_OBSERVATION
M,38,4,1125.0,2177.5,9333.333333333334,-7155.833333333334,CONDITIONAL_MODEL_NOT_OBSERVATION
M,38,5,1187.5,2859.75,9166.666666666666,-6306.916666666666,CONDITIONAL_MODEL_NOT_OBSERVATION
M,38,6,1250.0,3031.7000000000003,9000.0,-5968.299999999999,CONDITIONAL_MODEL_NOT_OBSERVATION
M,38,7,1312.5,3203.65,8833.333333333334,-5629.683333333334,CONDITIONAL_MODEL_NOT_OBSERVATION
M,38,8,1375.0,3375.6000000000004,8666.666666666666,-5291.066666666666,CONDITIONAL_MODEL_NOT_OBSERVATION
M,38,9,1437.5,3547.55,8500.0,-4952.45,CONDITIONAL_MODEL_NOT_OBSERVATION
M,38,10,1500.0000000000002,3719.5,8333.333333333334,-4613.833333333334,CONDITIONAL_MODEL_NOT_OBSERVATION
M,38,11,1562.5,3891.4500000000003,8166.666666666666,-4275.216666666665,CONDITIONAL_MODEL_NOT_OBSERVATION
M,38,12,1625.0,4063.4,8000.0,-3936.6,CONDITIONAL_MODEL_NOT_OBSERVATION
M,38,13,1625.0,4235.35,8000,-3764.6499999999996,CONDITIONAL_MODEL_NOT_OBSERVATION
M,38,14,1625.0,4357.3,8000,-3642.7,CONDITIONAL_MODEL_NOT_OBSERVATION
M,38,15,1625.0,4434.25,8000,-3565.75,CONDITIONAL_MODEL_NOT_OBSERVATION
M,38,16,1625.0,4470.7,8000,-3529.3,CONDITIONAL_MODEL_NOT_OBSERVATION
M,38,17,1625.0,4470.7,8000,-3529.3,CONDITIONAL_MODEL_NOT_OBSERVATION
M,38,18,1625.0,4470.7,8000,-3529.3,CONDITIONAL_MODEL_NOT_OBSERVATION
M,38,19,1625.0,4470.7,8000,-3529.3,CONDITIONAL_MODEL_NOT_OBSERVATION
M,38,20,1625.0,4470.7,8000,-3529.3,CONDITIONAL_MODEL_NOT_OBSERVATION
M,39,1,937.5,0.0,15000.0,-15000.0,CONDITIONAL_MODEL_NOT_OBSERVATION
M,39,2,999.9999999999999,750.0,14000.0,-13250.0,CONDITIONAL_MODEL_NOT_OBSERVATION
M,39,3,1062.5,1475.0,13000.0,-11525.0,CONDITIONAL_MODEL_NOT_OBSERVATION
M,39,4,1125.0,2177.5,12000.0,-9822.5,CONDITIONAL_MODEL_NOT_OBSERVATION
M,39,5,1187.5,2859.75,11000.0,-8140.25,CONDITIONAL_MODEL_NOT_OBSERVATION
M,39,6,1250.0,3031.7000000000003,10000.0,-6968.299999999999,CONDITIONAL_MODEL_NOT_OBSERVATION
M,39,7,1312.5,3203.65,9000.0,-5796.35,CONDITIONAL_MODEL_NOT_OBSERVATION
M,39,8,1375.0,3375.6000000000004,8000.0,-4624.4,CONDITIONAL_MODEL_NOT_OBSERVATION
M,39,9,1437.5,3547.55,7000.0,-3452.45,CONDITIONAL_MODEL_NOT_OBSERVATION
M,39,10,1500.0000000000002,3719.5,6000.0,-2280.5,CONDITIONAL_MODEL_NOT_OBSERVATION
M,39,11,1562.5,3891.4500000000003,5000.0,-1108.5499999999997,CONDITIONAL_MODEL_NOT_OBSERVATION
M,39,12,1625.0,4063.4,4000.0,63.40000000000009,CONDITIONAL_MODEL_NOT_OBSERVATION
M,39,13,1625.0,4235.35,4000,235.35000000000036,CONDITIONAL_MODEL_NOT_OBSERVATION
M,39,14,1625.0,4357.3,4000,357.3000000000002,CONDITIONAL_MODEL_NOT_OBSERVATION
M,39,15,1625.0,4434.25,4000,434.25,CONDITIONAL_MODEL_NOT_OBSERVATION
M,39,16,1625.0,4470.7,4000,470.6999999999998,CONDITIONAL_MODEL_NOT_OBSERVATION
M,39,17,1625.0,4470.7,4000,470.6999999999998,CONDITIONAL_MODEL_NOT_OBSERVATION
M,39,18,1625.0,4470.7,4000,470.6999999999998,CONDITIONAL_MODEL_NOT_OBSERVATION
M,39,19,1625.0,4470.7,4000,470.6999999999998,CONDITIONAL_MODEL_NOT_OBSERVATION
M,39,20,1625.0,4470.7,4000,470.6999999999998,CONDITIONAL_MODEL_NOT_OBSERVATION
M,40,1,937.5,0.0,15333.333333333332,-15333.333333333332,CONDITIONAL_MODEL_NOT_OBSERVATION
M,40,2,999.9999999999999,750.0,14666.666666666668,-13916.666666666668,CONDITIONAL_MODEL_NOT_OBSERVATION
M,40,3,1062.5,1475.0,14000.0,-12525.0,CONDITIONAL_MODEL_NOT_OBSERVATION
M,40,4,1125.0,2177.5,13333.333333333334,-11155.833333333334,CONDITIONAL_MODEL_NOT_OBSERVATION
M,40,5,1187.5,2859.75,12666.666666666666,-9806.916666666666,CONDITIONAL_MODEL_NOT_OBSERVATION
M,40,6,1250.0,3031.7000000000003,12000.0,-8968.3,CONDITIONAL_MODEL_NOT_OBSERVATION
M,40,7,1312.5,3203.65,11333.333333333332,-8129.6833333333325,CONDITIONAL_MODEL_NOT_OBSERVATION
M,40,8,1375.0,3375.6000000000004,10666.666666666668,-7291.0666666666675,CONDITIONAL_MODEL_NOT_OBSERVATION
M,40,9,1437.5,3547.55,10000.0,-6452.45,CONDITIONAL_MODEL_NOT_OBSERVATION
M,40,10,1500.0000000000002,3719.5,9333.333333333332,-5613.833333333332,CONDITIONAL_MODEL_NOT_OBSERVATION
M,40,11,1562.5,3891.4500000000003,8666.666666666668,-4775.216666666667,CONDITIONAL_MODEL_NOT_OBSERVATION
M,40,12,1625.0,4063.4,8000.0,-3936.6,CONDITIONAL_MODEL_NOT_OBSERVATION
M,40,13,1625.0,4235.35,8000,-3764.6499999999996,CONDITIONAL_MODEL_NOT_OBSERVATION
M,40,14,1625.0,4357.3,8000,-3642.7,CONDITIONAL_MODEL_NOT_OBSERVATION
M,40,15,1625.0,4434.25,8000,-3565.75,CONDITIONAL_MODEL_NOT_OBSERVATION
M,40,16,1625.0,4470.7,8000,-3529.3,CONDITIONAL_MODEL_NOT_OBSERVATION
M,40,17,1625.0,4470.7,8000,-3529.3,CONDITIONAL_MODEL_NOT_OBSERVATION
M,40,18,1625.0,4470.7,8000,-3529.3,CONDITIONAL_MODEL_NOT_OBSERVATION
M,40,19,1625.0,4470.7,8000,-3529.3,CONDITIONAL_MODEL_NOT_OBSERVATION
M,40,20,1625.0,4470.7,8000,-3529.3,CONDITIONAL_MODEL_NOT_OBSERVATION
M,41,1,1104.1666666666667,0.0,9000.0,-9000.0,CONDITIONAL_MODEL_NOT_OBSERVATION
M,41,2,1333.3333333333333,883.3333333333335,8000.0,-7116.666666666666,CONDITIONAL_MODEL_NOT_OBSERVATION
M,41,3,1562.5,1861.666666666667,7000.0,-5138.333333333333,CONDITIONAL_MODEL_NOT_OBSERVATION
M,41,4,1791.6666666666667,2925.5,6000.0,-3074.5,CONDITIONAL_MODEL_NOT_OBSERVATION
M,41,5,2020.8333333333333,4066.2833333333338,5000.0,-933.7166666666662,CONDITIONAL_MODEL_NOT_OBSERVATION
M,41,6,2250.0,4696.766666666666,4000.0,696.7666666666664,CONDITIONAL_MODEL_NOT_OBSERVATION
M,41,7,2250.0,5327.25,4000,1327.25,CONDITIONAL_MODEL_NOT_OBSERVATION
M,41,8,2250.0,5774.400000000001,4000,1774.4000000000005,CONDITIONAL_MODEL_NOT_OBSERVATION
M,41,9,2250.0,6056.55,4000,2056.55,CONDITIONAL_MODEL_NOT_OBSERVATION
M,41,10,2250.0,6190.200000000001,4000,2190.2000000000007,CONDITIONAL_MODEL_NOT_OBSERVATION
M,41,11,2250.0,6190.200000000001,4000,2190.2000000000007,CONDITIONAL_MODEL_NOT_OBSERVATION
M,41,12,2250.0,6190.200000000001,4000,2190.2000000000007,CONDITIONAL_MODEL_NOT_OBSERVATION
M,41,13,2250.0,6190.200000000001,4000,2190.2000000000007,CONDITIONAL_MODEL_NOT_OBSERVATION
M,41,14,2250.0,6190.200000000001,4000,2190.2000000000007,CONDITIONAL_MODEL_NOT_OBSERVATION
M,41,15,2250.0,6190.200000000001,4000,2190.2000000000007,CONDITIONAL_MODEL_NOT_OBSERVATION
M,41,16,2250.0,6190.200000000001,4000,2190.2000000000007,CONDITIONAL_MODEL_NOT_OBSERVATION
M,41,17,2250.0,6190.200000000001,4000,2190.2000000000007,CONDITIONAL_MODEL_NOT_OBSERVATION
M,41,18,2250.0,6190.200000000001,4000,2190.2000000000007,CONDITIONAL_MODEL_NOT_OBSERVATION
M,41,19,2250.0,6190.200000000001,4000,2190.2000000000007,CONDITIONAL_MODEL_NOT_OBSERVATION
M,41,20,2250.0,6190.200000000001,4000,2190.2000000000007,CONDITIONAL_MODEL_NOT_OBSERVATION
M,42,1,1104.1666666666667,0.0,9666.666666666666,-9666.666666666666,CONDITIONAL_MODEL_NOT_OBSERVATION
M,42,2,1333.3333333333333,883.3333333333335,9333.333333333334,-8450.0,CONDITIONAL_MODEL_NOT_OBSERVATION
M,42,3,1562.5,1861.666666666667,9000.0,-7138.333333333333,CONDITIONAL_MODEL_NOT_OBSERVATION
M,42,4,1791.6666666666667,2925.5,8666.666666666666,-5741.166666666666,CONDITIONAL_MODEL_NOT_OBSERVATION
M,42,5,2020.8333333333333,4066.2833333333338,8333.333333333334,-4267.05,CONDITIONAL_MODEL_NOT_OBSERVATION
M,42,6,2250.0,4696.766666666666,8000.0,-3303.2333333333336,CONDITIONAL_MODEL_NOT_OBSERVATION
M,42,7,2250.0,5327.25,8000,-2672.75,CONDITIONAL_MODEL_NOT_OBSERVATION
M,42,8,2250.0,5774.400000000001,8000,-2225.5999999999995,CONDITIONAL_MODEL_NOT_OBSERVATION
M,42,9,2250.0,6056.55,8000,-1943.4499999999998,CONDITIONAL_MODEL_NOT_OBSERVATION
M,42,10,2250.0,6190.200000000001,8000,-1809.7999999999993,CONDITIONAL_MODEL_NOT_OBSERVATION
M,42,11,2250.0,6190.200000000001,8000,-1809.7999999999993,CONDITIONAL_MODEL_NOT_OBSERVATION
M,42,12,2250.0,6190.200000000001,8000,-1809.7999999999993,CONDITIONAL_MODEL_NOT_OBSERVATION
M,42,13,2250.0,6190.200000000001,8000,-1809.7999999999993,CONDITIONAL_MODEL_NOT_OBSERVATION
M,42,14,2250.0,6190.200000000001,8000,-1809.7999999999993,CONDITIONAL_MODEL_NOT_OBSERVATION
M,42,15,2250.0,6190.200000000001,8000,-1809.7999999999993,CONDITIONAL_MODEL_NOT_OBSERVATION
M,42,16,2250.0,6190.200000000001,8000,-1809.7999999999993,CONDITIONAL_MODEL_NOT_OBSERVATION
M,42,17,2250.0,6190.200000000001,8000,-1809.7999999999993,CONDITIONAL_MODEL_NOT_OBSERVATION
M,42,18,2250.0,6190.200000000001,8000,-1809.7999999999993,CONDITIONAL_MODEL_NOT_OBSERVATION
M,42,19,2250.0,6190.200000000001,8000,-1809.7999999999993,CONDITIONAL_MODEL_NOT_OBSERVATION
M,42,20,2250.0,6190.200000000001,8000,-1809.7999999999993,CONDITIONAL_MODEL_NOT_OBSERVATION
M,43,1,1104.1666666666667,0.0,14000.0,-14000.0,CONDITIONAL_MODEL_NOT_OBSERVATION
M,43,2,1333.3333333333333,883.3333333333335,12000.0,-11116.666666666666,CONDITIONAL_MODEL_NOT_OBSERVATION
M,43,3,1562.5,1861.666666666667,10000.0,-8138.333333333333,CONDITIONAL_MODEL_NOT_OBSERVATION
M,43,4,1791.6666666666667,2925.5,8000.0,-5074.5,CONDITIONAL_MODEL_NOT_OBSERVATION
M,43,5,2020.8333333333333,4066.2833333333338,6000.0,-1933.7166666666662,CONDITIONAL_MODEL_NOT_OBSERVATION
M,43,6,2250.0,4696.766666666666,4000.0,696.7666666666664,CONDITIONAL_MODEL_NOT_OBSERVATION
M,43,7,2250.0,5327.25,4000,1327.25,CONDITIONAL_MODEL_NOT_OBSERVATION
M,43,8,2250.0,5774.400000000001,4000,1774.4000000000005,CONDITIONAL_MODEL_NOT_OBSERVATION
M,43,9,2250.0,6056.55,4000,2056.55,CONDITIONAL_MODEL_NOT_OBSERVATION
M,43,10,2250.0,6190.200000000001,4000,2190.2000000000007,CONDITIONAL_MODEL_NOT_OBSERVATION
M,43,11,2250.0,6190.200000000001,4000,2190.2000000000007,CONDITIONAL_MODEL_NOT_OBSERVATION
M,43,12,2250.0,6190.200000000001,4000,2190.2000000000007,CONDITIONAL_MODEL_NOT_OBSERVATION
M,43,13,2250.0,6190.200000000001,4000,2190.2000000000007,CONDITIONAL_MODEL_NOT_OBSERVATION
M,43,14,2250.0,6190.200000000001,4000,2190.2000000000007,CONDITIONAL_MODEL_NOT_OBSERVATION
M,43,15,2250.0,6190.200000000001,4000,2190.2000000000007,CONDITIONAL_MODEL_NOT_OBSERVATION
M,43,16,2250.0,6190.200000000001,4000,2190.2000000000007,CONDITIONAL_MODEL_NOT_OBSERVATION
M,43,17,2250.0,6190.200000000001,4000,2190.2000000000007,CONDITIONAL_MODEL_NOT_OBSERVATION
M,43,18,2250.0,6190.200000000001,4000,2190.2000000000007,CONDITIONAL_MODEL_NOT_OBSERVATION
M,43,19,2250.0,6190.200000000001,4000,2190.2000000000007,CONDITIONAL_MODEL_NOT_OBSERVATION
M,43,20,2250.0,6190.200000000001,4000,2190.2000000000007,CONDITIONAL_MODEL_NOT_OBSERVATION
M,44,1,1104.1666666666667,0.0,14666.666666666668,-14666.666666666668,CONDITIONAL_MODEL_NOT_OBSERVATION
M,44,2,1333.3333333333333,883.3333333333335,13333.333333333334,-12450.0,CONDITIONAL_MODEL_NOT_OBSERVATION
M,44,3,1562.5,1861.666666666667,12000.0,-10138.333333333332,CONDITIONAL_MODEL_NOT_OBSERVATION
M,44,4,1791.6666666666667,2925.5,10666.666666666668,-7741.166666666668,CONDITIONAL_MODEL_NOT_OBSERVATION
M,44,5,2020.8333333333333,4066.2833333333338,9333.333333333332,-5267.049999999998,CONDITIONAL_MODEL_NOT_OBSERVATION
M,44,6,2250.0,4696.766666666666,8000.0,-3303.2333333333336,CONDITIONAL_MODEL_NOT_OBSERVATION
M,44,7,2250.0,5327.25,8000,-2672.75,CONDITIONAL_MODEL_NOT_OBSERVATION
M,44,8,2250.0,5774.400000000001,8000,-2225.5999999999995,CONDITIONAL_MODEL_NOT_OBSERVATION
M,44,9,2250.0,6056.55,8000,-1943.4499999999998,CONDITIONAL_MODEL_NOT_OBSERVATION
M,44,10,2250.0,6190.200000000001,8000,-1809.7999999999993,CONDITIONAL_MODEL_NOT_OBSERVATION
M,44,11,2250.0,6190.200000000001,8000,-1809.7999999999993,CONDITIONAL_MODEL_NOT_OBSERVATION
M,44,12,2250.0,6190.200000000001,8000,-1809.7999999999993,CONDITIONAL_MODEL_NOT_OBSERVATION
M,44,13,2250.0,6190.200000000001,8000,-1809.7999999999993,CONDITIONAL_MODEL_NOT_OBSERVATION
M,44,14,2250.0,6190.200000000001,8000,-1809.7999999999993,CONDITIONAL_MODEL_NOT_OBSERVATION
M,44,15,2250.0,6190.200000000001,8000,-1809.7999999999993,CONDITIONAL_MODEL_NOT_OBSERVATION
M,44,16,2250.0,6190.200000000001,8000,-1809.7999999999993,CONDITIONAL_MODEL_NOT_OBSERVATION
M,44,17,2250.0,6190.200000000001,8000,-1809.7999999999993,CONDITIONAL_MODEL_NOT_OBSERVATION
M,44,18,2250.0,6190.200000000001,8000,-1809.7999999999993,CONDITIONAL_MODEL_NOT_OBSERVATION
M,44,19,2250.0,6190.200000000001,8000,-1809.7999999999993,CONDITIONAL_MODEL_NOT_OBSERVATION
M,44,20,2250.0,6190.200000000001,8000,-1809.7999999999993,CONDITIONAL_MODEL_NOT_OBSERVATION
M,45,1,989.5833333333333,0.0,9500.0,-9500.0,CONDITIONAL_MODEL_NOT_OBSERVATION
M,45,2,1104.1666666666667,791.6666666666666,9000.0,-8208.333333333334,CONDITIONAL_MODEL_NOT_OBSERVATION
M,45,3,1218.75,1595.8333333333335,8500.0,-6904.166666666666,CONDITIONAL_MODEL_NOT_OBSERVATION
M,45,4,1333.3333333333333,2411.25,8000.0,-5588.75,CONDITIONAL_MODEL_NOT_OBSERVATION
M,45,5,1447.9166666666665,3236.7916666666665,7500.0,-4263.208333333334,CONDITIONAL_MODEL_NOT_OBSERVATION
M,45,6,1562.5,3552.0333333333338,7000.0,-3447.9666666666662,CONDITIONAL_MODEL_NOT_OBSERVATION
M,45,7,1677.0833333333335,3867.275,6500.0,-2632.725,CONDITIONAL_MODEL_NOT_OBSERVATION
M,45,8,1791.6666666666667,4182.516666666667,6000.0,-1817.4833333333327,CONDITIONAL_MODEL_NOT_OBSERVATION
M,45,9,1906.25,4497.758333333334,5500.0,-1002.2416666666659,CONDITIONAL_MODEL_NOT_OBSERVATION
M,45,10,2020.8333333333333,4813.0,5000.0,-187.0,CONDITIONAL_MODEL_NOT_OBSERVATION
M,45,11,2135.4166666666665,5128.241666666667,4500.0,628.2416666666668,CONDITIONAL_MODEL_NOT_OBSERVATION
M,45,12,2250.0,5443.483333333334,4000.0,1443.4833333333336,CONDITIONAL_MODEL_NOT_OBSERVATION
M,45,13,2250.0,5758.725,4000,1758.7250000000004,CONDITIONAL_MODEL_NOT_OBSERVATION
M,45,14,2250.0,5982.3,4000,1982.3000000000002,CONDITIONAL_MODEL_NOT_OBSERVATION
M,45,15,2250.0,6123.375,4000,2123.375,CONDITIONAL_MODEL_NOT_OBSERVATION
M,45,16,2250.0,6190.200000000001,4000,2190.2000000000007,CONDITIONAL_MODEL_NOT_OBSERVATION
M,45,17,2250.0,6190.200000000001,4000,2190.2000000000007,CONDITIONAL_MODEL_NOT_OBSERVATION
M,45,18,2250.0,6190.200000000001,4000,2190.2000000000007,CONDITIONAL_MODEL_NOT_OBSERVATION
M,45,19,2250.0,6190.200000000001,4000,2190.2000000000007,CONDITIONAL_MODEL_NOT_OBSERVATION
M,45,20,2250.0,6190.200000000001,4000,2190.2000000000007,CONDITIONAL_MODEL_NOT_OBSERVATION
M,46,1,989.5833333333333,0.0,9833.333333333334,-9833.333333333334,CONDITIONAL_MODEL_NOT_OBSERVATION
M,46,2,1104.1666666666667,791.6666666666666,9666.666666666666,-8875.0,CONDITIONAL_MODEL_NOT_OBSERVATION
M,46,3,1218.75,1595.8333333333335,9500.0,-7904.166666666666,CONDITIONAL_MODEL_NOT_OBSERVATION
M,46,4,1333.3333333333333,2411.25,9333.333333333334,-6922.083333333334,CONDITIONAL_MODEL_NOT_OBSERVATION
M,46,5,1447.9166666666665,3236.7916666666665,9166.666666666666,-5929.875,CONDITIONAL_MODEL_NOT_OBSERVATION
M,46,6,1562.5,3552.0333333333338,9000.0,-5447.966666666666,CONDITIONAL_MODEL_NOT_OBSERVATION
M,46,7,1677.0833333333335,3867.275,8833.333333333334,-4966.058333333334,CONDITIONAL_MODEL_NOT_OBSERVATION
M,46,8,1791.6666666666667,4182.516666666667,8666.666666666666,-4484.149999999999,CONDITIONAL_MODEL_NOT_OBSERVATION
M,46,9,1906.25,4497.758333333334,8500.0,-4002.241666666666,CONDITIONAL_MODEL_NOT_OBSERVATION
M,46,10,2020.8333333333333,4813.0,8333.333333333334,-3520.333333333334,CONDITIONAL_MODEL_NOT_OBSERVATION
M,46,11,2135.4166666666665,5128.241666666667,8166.666666666666,-3038.4249999999993,CONDITIONAL_MODEL_NOT_OBSERVATION
M,46,12,2250.0,5443.483333333334,8000.0,-2556.5166666666664,CONDITIONAL_MODEL_NOT_OBSERVATION
M,46,13,2250.0,5758.725,8000,-2241.2749999999996,CONDITIONAL_MODEL_NOT_OBSERVATION
M,46,14,2250.0,5982.3,8000,-2017.6999999999998,CONDITIONAL_MODEL_NOT_OBSERVATION
M,46,15,2250.0,6123.375,8000,-1876.625,CONDITIONAL_MODEL_NOT_OBSERVATION
M,46,16,2250.0,6190.200000000001,8000,-1809.7999999999993,CONDITIONAL_MODEL_NOT_OBSERVATION
M,46,17,2250.0,6190.200000000001,8000,-1809.7999999999993,CONDITIONAL_MODEL_NOT_OBSERVATION
M,46,18,2250.0,6190.200000000001,8000,-1809.7999999999993,CONDITIONAL_MODEL_NOT_OBSERVATION
M,46,19,2250.0,6190.200000000001,8000,-1809.7999999999993,CONDITIONAL_MODEL_NOT_OBSERVATION
M,46,20,2250.0,6190.200000000001,8000,-1809.7999999999993,CONDITIONAL_MODEL_NOT_OBSERVATION
M,47,1,989.5833333333333,0.0,15000.0,-15000.0,CONDITIONAL_MODEL_NOT_OBSERVATION
M,47,2,1104.1666666666667,791.6666666666666,14000.0,-13208.333333333334,CONDITIONAL_MODEL_NOT_OBSERVATION
M,47,3,1218.75,1595.8333333333335,13000.0,-11404.166666666666,CONDITIONAL_MODEL_NOT_OBSERVATION
M,47,4,1333.3333333333333,2411.25,12000.0,-9588.75,CONDITIONAL_MODEL_NOT_OBSERVATION
M,47,5,1447.9166666666665,3236.7916666666665,11000.0,-7763.208333333334,CONDITIONAL_MODEL_NOT_OBSERVATION
M,47,6,1562.5,3552.0333333333338,10000.0,-6447.966666666666,CONDITIONAL_MODEL_NOT_OBSERVATION
M,47,7,1677.0833333333335,3867.275,9000.0,-5132.725,CONDITIONAL_MODEL_NOT_OBSERVATION
M,47,8,1791.6666666666667,4182.516666666667,8000.0,-3817.4833333333327,CONDITIONAL_MODEL_NOT_OBSERVATION
M,47,9,1906.25,4497.758333333334,7000.0,-2502.241666666666,CONDITIONAL_MODEL_NOT_OBSERVATION
M,47,10,2020.8333333333333,4813.0,6000.0,-1187.0,CONDITIONAL_MODEL_NOT_OBSERVATION
M,47,11,2135.4166666666665,5128.241666666667,5000.0,128.2416666666668,CONDITIONAL_MODEL_NOT_OBSERVATION
M,47,12,2250.0,5443.483333333334,4000.0,1443.4833333333336,CONDITIONAL_MODEL_NOT_OBSERVATION
M,47,13,2250.0,5758.725,4000,1758.7250000000004,CONDITIONAL_MODEL_NOT_OBSERVATION
M,47,14,2250.0,5982.3,4000,1982.3000000000002,CONDITIONAL_MODEL_NOT_OBSERVATION
M,47,15,2250.0,6123.375,4000,2123.375,CONDITIONAL_MODEL_NOT_OBSERVATION
M,47,16,2250.0,6190.200000000001,4000,2190.2000000000007,CONDITIONAL_MODEL_NOT_OBSERVATION
M,47,17,2250.0,6190.200000000001,4000,2190.2000000000007,CONDITIONAL_MODEL_NOT_OBSERVATION
M,47,18,2250.0,6190.200000000001,4000,2190.2000000000007,CONDITIONAL_MODEL_NOT_OBSERVATION
M,47,19,2250.0,6190.200000000001,4000,2190.2000000000007,CONDITIONAL_MODEL_NOT_OBSERVATION
M,47,20,2250.0,6190.200000000001,4000,2190.2000000000007,CONDITIONAL_MODEL_NOT_OBSERVATION
M,48,1,989.5833333333333,0.0,15333.333333333332,-15333.333333333332,CONDITIONAL_MODEL_NOT_OBSERVATION
M,48,2,1104.1666666666667,791.6666666666666,14666.666666666668,-13875.000000000002,CONDITIONAL_MODEL_NOT_OBSERVATION
M,48,3,1218.75,1595.8333333333335,14000.0,-12404.166666666666,CONDITIONAL_MODEL_NOT_OBSERVATION
M,48,4,1333.3333333333333,2411.25,13333.333333333334,-10922.083333333334,CONDITIONAL_MODEL_NOT_OBSERVATION
M,48,5,1447.9166666666665,3236.7916666666665,12666.666666666666,-9429.875,CONDITIONAL_MODEL_NOT_OBSERVATION
M,48,6,1562.5,3552.0333333333338,12000.0,-8447.966666666667,CONDITIONAL_MODEL_NOT_OBSERVATION
M,48,7,1677.0833333333335,3867.275,11333.333333333332,-7466.0583333333325,CONDITIONAL_MODEL_NOT_OBSERVATION
M,48,8,1791.6666666666667,4182.516666666667,10666.666666666668,-6484.150000000001,CONDITIONAL_MODEL_NOT_OBSERVATION
M,48,9,1906.25,4497.758333333334,10000.0,-5502.241666666666,CONDITIONAL_MODEL_NOT_OBSERVATION
M,48,10,2020.8333333333333,4813.0,9333.333333333332,-4520.333333333332,CONDITIONAL_MODEL_NOT_OBSERVATION
M,48,11,2135.4166666666665,5128.241666666667,8666.666666666668,-3538.425000000001,CONDITIONAL_MODEL_NOT_OBSERVATION
M,48,12,2250.0,5443.483333333334,8000.0,-2556.5166666666664,CONDITIONAL_MODEL_NOT_OBSERVATION
M,48,13,2250.0,5758.725,8000,-2241.2749999999996,CONDITIONAL_MODEL_NOT_OBSERVATION
M,48,14,2250.0,5982.3,8000,-2017.6999999999998,CONDITIONAL_MODEL_NOT_OBSERVATION
M,48,15,2250.0,6123.375,8000,-1876.625,CONDITIONAL_MODEL_NOT_OBSERVATION
M,48,16,2250.0,6190.200000000001,8000,-1809.7999999999993,CONDITIONAL_MODEL_NOT_OBSERVATION
M,48,17,2250.0,6190.200000000001,8000,-1809.7999999999993,CONDITIONAL_MODEL_NOT_OBSERVATION
M,48,18,2250.0,6190.200000000001,8000,-1809.7999999999993,CONDITIONAL_MODEL_NOT_OBSERVATION
M,48,19,2250.0,6190.200000000001,8000,-1809.7999999999993,CONDITIONAL_MODEL_NOT_OBSERVATION
M,48,20,2250.0,6190.200000000001,8000,-1809.7999999999993,CONDITIONAL_MODEL_NOT_OBSERVATION
M,49,1,1520.8333333333333,0.0,9000.0,-9000.0,CONDITIONAL_MODEL_NOT_OBSERVATION
M,49,2,1541.6666666666667,1216.6666666666667,8000.0,-6783.333333333333,CONDITIONAL_MODEL_NOT_OBSERVATION
M,49,3,1562.5,2328.3333333333335,7000.0,-4671.666666666666,CONDITIONAL_MODEL_NOT_OBSERVATION
M,49,4,1583.3333333333333,3345.5,6000.0,-2654.5,CONDITIONAL_MODEL_NOT_OBSERVATION
M,49,5,1604.1666666666667,4277.616666666667,5000.0,-722.3833333333332,CONDITIONAL_MODEL_NOT_OBSERVATION
M,49,6,1625.0,4334.933333333333,4000.0,334.9333333333334,CONDITIONAL_MODEL_NOT_OBSERVATION
M,49,7,1625.0,4392.25,4000,392.25,CONDITIONAL_MODEL_NOT_OBSERVATION
M,49,8,1625.0,4432.900000000001,4000,432.90000000000055,CONDITIONAL_MODEL_NOT_OBSERVATION
M,49,9,1625.0,4458.55,4000,458.5500000000002,CONDITIONAL_MODEL_NOT_OBSERVATION
M,49,10,1625.0,4470.7,4000,470.6999999999998,CONDITIONAL_MODEL_NOT_OBSERVATION
M,49,11,1625.0,4470.7,4000,470.6999999999998,CONDITIONAL_MODEL_NOT_OBSERVATION
M,49,12,1625.0,4470.7,4000,470.6999999999998,CONDITIONAL_MODEL_NOT_OBSERVATION
M,49,13,1625.0,4470.7,4000,470.6999999999998,CONDITIONAL_MODEL_NOT_OBSERVATION
M,49,14,1625.0,4470.7,4000,470.6999999999998,CONDITIONAL_MODEL_NOT_OBSERVATION
M,49,15,1625.0,4470.7,4000,470.6999999999998,CONDITIONAL_MODEL_NOT_OBSERVATION
M,49,16,1625.0,4470.7,4000,470.6999999999998,CONDITIONAL_MODEL_NOT_OBSERVATION
M,49,17,1625.0,4470.7,4000,470.6999999999998,CONDITIONAL_MODEL_NOT_OBSERVATION
M,49,18,1625.0,4470.7,4000,470.6999999999998,CONDITIONAL_MODEL_NOT_OBSERVATION
M,49,19,1625.0,4470.7,4000,470.6999999999998,CONDITIONAL_MODEL_NOT_OBSERVATION
M,49,20,1625.0,4470.7,4000,470.6999999999998,CONDITIONAL_MODEL_NOT_OBSERVATION
M,50,1,1520.8333333333333,0.0,9666.666666666666,-9666.666666666666,CONDITIONAL_MODEL_NOT_OBSERVATION
M,50,2,1541.6666666666667,1216.6666666666667,9333.333333333334,-8116.666666666667,CONDITIONAL_MODEL_NOT_OBSERVATION
M,50,3,1562.5,2328.3333333333335,9000.0,-6671.666666666666,CONDITIONAL_MODEL_NOT_OBSERVATION
M,50,4,1583.3333333333333,3345.5,8666.666666666666,-5321.166666666666,CONDITIONAL_MODEL_NOT_OBSERVATION
M,50,5,1604.1666666666667,4277.616666666667,8333.333333333334,-4055.716666666667,CONDITIONAL_MODEL_NOT_OBSERVATION
M,50,6,1625.0,4334.933333333333,8000.0,-3665.0666666666666,CONDITIONAL_MODEL_NOT_OBSERVATION
M,50,7,1625.0,4392.25,8000,-3607.75,CONDITIONAL_MODEL_NOT_OBSERVATION
M,50,8,1625.0,4432.900000000001,8000,-3567.0999999999995,CONDITIONAL_MODEL_NOT_OBSERVATION
M,50,9,1625.0,4458.55,8000,-3541.45,CONDITIONAL_MODEL_NOT_OBSERVATION
M,50,10,1625.0,4470.7,8000,-3529.3,CONDITIONAL_MODEL_NOT_OBSERVATION
M,50,11,1625.0,4470.7,8000,-3529.3,CONDITIONAL_MODEL_NOT_OBSERVATION
M,50,12,1625.0,4470.7,8000,-3529.3,CONDITIONAL_MODEL_NOT_OBSERVATION
M,50,13,1625.0,4470.7,8000,-3529.3,CONDITIONAL_MODEL_NOT_OBSERVATION
M,50,14,1625.0,4470.7,8000,-3529.3,CONDITIONAL_MODEL_NOT_OBSERVATION
M,50,15,1625.0,4470.7,8000,-3529.3,CONDITIONAL_MODEL_NOT_OBSERVATION
M,50,16,1625.0,4470.7,8000,-3529.3,CONDITIONAL_MODEL_NOT_OBSERVATION
M,50,17,1625.0,4470.7,8000,-3529.3,CONDITIONAL_MODEL_NOT_OBSERVATION
M,50,18,1625.0,4470.7,8000,-3529.3,CONDITIONAL_MODEL_NOT_OBSERVATION
M,50,19,1625.0,4470.7,8000,-3529.3,CONDITIONAL_MODEL_NOT_OBSERVATION
M,50,20,1625.0,4470.7,8000,-3529.3,CONDITIONAL_MODEL_NOT_OBSERVATION
M,51,1,1520.8333333333333,0.0,14000.0,-14000.0,CONDITIONAL_MODEL_NOT_OBSERVATION
M,51,2,1541.6666666666667,1216.6666666666667,12000.0,-10783.333333333334,CONDITIONAL_MODEL_NOT_OBSERVATION
M,51,3,1562.5,2328.3333333333335,10000.0,-7671.666666666666,CONDITIONAL_MODEL_NOT_OBSERVATION
M,51,4,1583.3333333333333,3345.5,8000.0,-4654.5,CONDITIONAL_MODEL_NOT_OBSERVATION
M,51,5,1604.1666666666667,4277.616666666667,6000.0,-1722.3833333333332,CONDITIONAL_MODEL_NOT_OBSERVATION
M,51,6,1625.0,4334.933333333333,4000.0,334.9333333333334,CONDITIONAL_MODEL_NOT_OBSERVATION
M,51,7,1625.0,4392.25,4000,392.25,CONDITIONAL_MODEL_NOT_OBSERVATION
M,51,8,1625.0,4432.900000000001,4000,432.90000000000055,CONDITIONAL_MODEL_NOT_OBSERVATION
M,51,9,1625.0,4458.55,4000,458.5500000000002,CONDITIONAL_MODEL_NOT_OBSERVATION
M,51,10,1625.0,4470.7,4000,470.6999999999998,CONDITIONAL_MODEL_NOT_OBSERVATION
M,51,11,1625.0,4470.7,4000,470.6999999999998,CONDITIONAL_MODEL_NOT_OBSERVATION
M,51,12,1625.0,4470.7,4000,470.6999999999998,CONDITIONAL_MODEL_NOT_OBSERVATION
M,51,13,1625.0,4470.7,4000,470.6999999999998,CONDITIONAL_MODEL_NOT_OBSERVATION
M,51,14,1625.0,4470.7,4000,470.6999999999998,CONDITIONAL_MODEL_NOT_OBSERVATION
M,51,15,1625.0,4470.7,4000,470.6999999999998,CONDITIONAL_MODEL_NOT_OBSERVATION
M,51,16,1625.0,4470.7,4000,470.6999999999998,CONDITIONAL_MODEL_NOT_OBSERVATION
M,51,17,1625.0,4470.7,4000,470.6999999999998,CONDITIONAL_MODEL_NOT_OBSERVATION
M,51,18,1625.0,4470.7,4000,470.6999999999998,CONDITIONAL_MODEL_NOT_OBSERVATION
M,51,19,1625.0,4470.7,4000,470.6999999999998,CONDITIONAL_MODEL_NOT_OBSERVATION
M,51,20,1625.0,4470.7,4000,470.6999999999998,CONDITIONAL_MODEL_NOT_OBSERVATION
M,52,1,1520.8333333333333,0.0,14666.666666666668,-14666.666666666668,CONDITIONAL_MODEL_NOT_OBSERVATION
M,52,2,1541.6666666666667,1216.6666666666667,13333.333333333334,-12116.666666666668,CONDITIONAL_MODEL_NOT_OBSERVATION
M,52,3,1562.5,2328.3333333333335,12000.0,-9671.666666666666,CONDITIONAL_MODEL_NOT_OBSERVATION
M,52,4,1583.3333333333333,3345.5,10666.666666666668,-7321.166666666668,CONDITIONAL_MODEL_NOT_OBSERVATION
M,52,5,1604.1666666666667,4277.616666666667,9333.333333333332,-5055.716666666665,CONDITIONAL_MODEL_NOT_OBSERVATION
M,52,6,1625.0,4334.933333333333,8000.0,-3665.0666666666666,CONDITIONAL_MODEL_NOT_OBSERVATION
M,52,7,1625.0,4392.25,8000,-3607.75,CONDITIONAL_MODEL_NOT_OBSERVATION
M,52,8,1625.0,4432.900000000001,8000,-3567.0999999999995,CONDITIONAL_MODEL_NOT_OBSERVATION
M,52,9,1625.0,4458.55,8000,-3541.45,CONDITIONAL_MODEL_NOT_OBSERVATION
M,52,10,1625.0,4470.7,8000,-3529.3,CONDITIONAL_MODEL_NOT_OBSERVATION
M,52,11,1625.0,4470.7,8000,-3529.3,CONDITIONAL_MODEL_NOT_OBSERVATION
M,52,12,1625.0,4470.7,8000,-3529.3,CONDITIONAL_MODEL_NOT_OBSERVATION
M,52,13,1625.0,4470.7,8000,-3529.3,CONDITIONAL_MODEL_NOT_OBSERVATION
M,52,14,1625.0,4470.7,8000,-3529.3,CONDITIONAL_MODEL_NOT_OBSERVATION
M,52,15,1625.0,4470.7,8000,-3529.3,CONDITIONAL_MODEL_NOT_OBSERVATION
M,52,16,1625.0,4470.7,8000,-3529.3,CONDITIONAL_MODEL_NOT_OBSERVATION
M,52,17,1625.0,4470.7,8000,-3529.3,CONDITIONAL_MODEL_NOT_OBSERVATION
M,52,18,1625.0,4470.7,8000,-3529.3,CONDITIONAL_MODEL_NOT_OBSERVATION
M,52,19,1625.0,4470.7,8000,-3529.3,CONDITIONAL_MODEL_NOT_OBSERVATION
M,52,20,1625.0,4470.7,8000,-3529.3,CONDITIONAL_MODEL_NOT_OBSERVATION
M,53,1,1510.4166666666665,0.0,9500.0,-9500.0,CONDITIONAL_MODEL_NOT_OBSERVATION
M,53,2,1520.8333333333333,1208.3333333333333,9000.0,-7791.666666666667,CONDITIONAL_MODEL_NOT_OBSERVATION
M,53,3,1531.25,2304.1666666666665,8500.0,-6195.833333333334,CONDITIONAL_MODEL_NOT_OBSERVATION
M,53,4,1541.6666666666667,3298.75,8000.0,-4701.25,CONDITIONAL_MODEL_NOT_OBSERVATION
M,53,5,1552.0833333333333,4202.208333333334,7500.0,-3297.791666666666,CONDITIONAL_MODEL_NOT_OBSERVATION
M,53,6,1562.5,4230.866666666667,7000.0,-2769.133333333333,CONDITIONAL_MODEL_NOT_OBSERVATION
M,53,7,1572.9166666666667,4259.525000000001,6500.0,-2240.4749999999995,CONDITIONAL_MODEL_NOT_OBSERVATION
M,53,8,1583.3333333333333,4288.183333333333,6000.0,-1711.8166666666666,CONDITIONAL_MODEL_NOT_OBSERVATION
M,53,9,1593.75,4316.841666666666,5500.0,-1183.1583333333338,CONDITIONAL_MODEL_NOT_OBSERVATION
M,53,10,1604.1666666666667,4345.5,5000.0,-654.5,CONDITIONAL_MODEL_NOT_OBSERVATION
M,53,11,1614.5833333333335,4374.158333333334,4500.0,-125.84166666666624,CONDITIONAL_MODEL_NOT_OBSERVATION
M,53,12,1625.0,4402.8166666666675,4000.0,402.8166666666675,CONDITIONAL_MODEL_NOT_OBSERVATION
M,53,13,1625.0,4431.475,4000,431.47500000000036,CONDITIONAL_MODEL_NOT_OBSERVATION
M,53,14,1625.0,4451.8,4000,451.8000000000002,CONDITIONAL_MODEL_NOT_OBSERVATION
M,53,15,1625.0,4464.625,4000,464.625,CONDITIONAL_MODEL_NOT_OBSERVATION
M,53,16,1625.0,4470.7,4000,470.6999999999998,CONDITIONAL_MODEL_NOT_OBSERVATION
M,53,17,1625.0,4470.7,4000,470.6999999999998,CONDITIONAL_MODEL_NOT_OBSERVATION
M,53,18,1625.0,4470.7,4000,470.6999999999998,CONDITIONAL_MODEL_NOT_OBSERVATION
M,53,19,1625.0,4470.7,4000,470.6999999999998,CONDITIONAL_MODEL_NOT_OBSERVATION
M,53,20,1625.0,4470.7,4000,470.6999999999998,CONDITIONAL_MODEL_NOT_OBSERVATION
M,54,1,1510.4166666666665,0.0,9833.333333333334,-9833.333333333334,CONDITIONAL_MODEL_NOT_OBSERVATION
M,54,2,1520.8333333333333,1208.3333333333333,9666.666666666666,-8458.333333333332,CONDITIONAL_MODEL_NOT_OBSERVATION
M,54,3,1531.25,2304.1666666666665,9500.0,-7195.833333333334,CONDITIONAL_MODEL_NOT_OBSERVATION
M,54,4,1541.6666666666667,3298.75,9333.333333333334,-6034.583333333334,CONDITIONAL_MODEL_NOT_OBSERVATION
M,54,5,1552.0833333333333,4202.208333333334,9166.666666666666,-4964.458333333332,CONDITIONAL_MODEL_NOT_OBSERVATION
M,54,6,1562.5,4230.866666666667,9000.0,-4769.133333333333,CONDITIONAL_MODEL_NOT_OBSERVATION
M,54,7,1572.9166666666667,4259.525000000001,8833.333333333334,-4573.808333333333,CONDITIONAL_MODEL_NOT_OBSERVATION
M,54,8,1583.3333333333333,4288.183333333333,8666.666666666666,-4378.483333333333,CONDITIONAL_MODEL_NOT_OBSERVATION
M,54,9,1593.75,4316.841666666666,8500.0,-4183.158333333334,CONDITIONAL_MODEL_NOT_OBSERVATION
M,54,10,1604.1666666666667,4345.5,8333.333333333334,-3987.833333333334,CONDITIONAL_MODEL_NOT_OBSERVATION
M,54,11,1614.5833333333335,4374.158333333334,8166.666666666666,-3792.5083333333323,CONDITIONAL_MODEL_NOT_OBSERVATION
M,54,12,1625.0,4402.8166666666675,8000.0,-3597.1833333333325,CONDITIONAL_MODEL_NOT_OBSERVATION
M,54,13,1625.0,4431.475,8000,-3568.5249999999996,CONDITIONAL_MODEL_NOT_OBSERVATION
M,54,14,1625.0,4451.8,8000,-3548.2,CONDITIONAL_MODEL_NOT_OBSERVATION
M,54,15,1625.0,4464.625,8000,-3535.375,CONDITIONAL_MODEL_NOT_OBSERVATION
M,54,16,1625.0,4470.7,8000,-3529.3,CONDITIONAL_MODEL_NOT_OBSERVATION
M,54,17,1625.0,4470.7,8000,-3529.3,CONDITIONAL_MODEL_NOT_OBSERVATION
M,54,18,1625.0,4470.7,8000,-3529.3,CONDITIONAL_MODEL_NOT_OBSERVATION
M,54,19,1625.0,4470.7,8000,-3529.3,CONDITIONAL_MODEL_NOT_OBSERVATION
M,54,20,1625.0,4470.7,8000,-3529.3,CONDITIONAL_MODEL_NOT_OBSERVATION
M,55,1,1510.4166666666665,0.0,15000.0,-15000.0,CONDITIONAL_MODEL_NOT_OBSERVATION
M,55,2,1520.8333333333333,1208.3333333333333,14000.0,-12791.666666666666,CONDITIONAL_MODEL_NOT_OBSERVATION
M,55,3,1531.25,2304.1666666666665,13000.0,-10695.833333333334,CONDITIONAL_MODEL_NOT_OBSERVATION
M,55,4,1541.6666666666667,3298.75,12000.0,-8701.25,CONDITIONAL_MODEL_NOT_OBSERVATION
M,55,5,1552.0833333333333,4202.208333333334,11000.0,-6797.791666666666,CONDITIONAL_MODEL_NOT_OBSERVATION
M,55,6,1562.5,4230.866666666667,10000.0,-5769.133333333333,CONDITIONAL_MODEL_NOT_OBSERVATION
M,55,7,1572.9166666666667,4259.525000000001,9000.0,-4740.474999999999,CONDITIONAL_MODEL_NOT_OBSERVATION
M,55,8,1583.3333333333333,4288.183333333333,8000.0,-3711.8166666666666,CONDITIONAL_MODEL_NOT_OBSERVATION
M,55,9,1593.75,4316.841666666666,7000.0,-2683.1583333333338,CONDITIONAL_MODEL_NOT_OBSERVATION
M,55,10,1604.1666666666667,4345.5,6000.0,-1654.5,CONDITIONAL_MODEL_NOT_OBSERVATION
M,55,11,1614.5833333333335,4374.158333333334,5000.0,-625.8416666666662,CONDITIONAL_MODEL_NOT_OBSERVATION
M,55,12,1625.0,4402.8166666666675,4000.0,402.8166666666675,CONDITIONAL_MODEL_NOT_OBSERVATION
M,55,13,1625.0,4431.475,4000,431.47500000000036,CONDITIONAL_MODEL_NOT_OBSERVATION
M,55,14,1625.0,4451.8,4000,451.8000000000002,CONDITIONAL_MODEL_NOT_OBSERVATION
M,55,15,1625.0,4464.625,4000,464.625,CONDITIONAL_MODEL_NOT_OBSERVATION
M,55,16,1625.0,4470.7,4000,470.6999999999998,CONDITIONAL_MODEL_NOT_OBSERVATION
M,55,17,1625.0,4470.7,4000,470.6999999999998,CONDITIONAL_MODEL_NOT_OBSERVATION
M,55,18,1625.0,4470.7,4000,470.6999999999998,CONDITIONAL_MODEL_NOT_OBSERVATION
M,55,19,1625.0,4470.7,4000,470.6999999999998,CONDITIONAL_MODEL_NOT_OBSERVATION
M,55,20,1625.0,4470.7,4000,470.6999999999998,CONDITIONAL_MODEL_NOT_OBSERVATION
M,56,1,1510.4166666666665,0.0,15333.333333333332,-15333.333333333332,CONDITIONAL_MODEL_NOT_OBSERVATION
M,56,2,1520.8333333333333,1208.3333333333333,14666.666666666668,-13458.333333333334,CONDITIONAL_MODEL_NOT_OBSERVATION
M,56,3,1531.25,2304.1666666666665,14000.0,-11695.833333333334,CONDITIONAL_MODEL_NOT_OBSERVATION
M,56,4,1541.6666666666667,3298.75,13333.333333333334,-10034.583333333334,CONDITIONAL_MODEL_NOT_OBSERVATION
M,56,5,1552.0833333333333,4202.208333333334,12666.666666666666,-8464.458333333332,CONDITIONAL_MODEL_NOT_OBSERVATION
M,56,6,1562.5,4230.866666666667,12000.0,-7769.133333333333,CONDITIONAL_MODEL_NOT_OBSERVATION
M,56,7,1572.9166666666667,4259.525000000001,11333.333333333332,-7073.808333333332,CONDITIONAL_MODEL_NOT_OBSERVATION
M,56,8,1583.3333333333333,4288.183333333333,10666.666666666668,-6378.4833333333345,CONDITIONAL_MODEL_NOT_OBSERVATION
M,56,9,1593.75,4316.841666666666,10000.0,-5683.158333333334,CONDITIONAL_MODEL_NOT_OBSERVATION
M,56,10,1604.1666666666667,4345.5,9333.333333333332,-4987.833333333332,CONDITIONAL_MODEL_NOT_OBSERVATION
M,56,11,1614.5833333333335,4374.158333333334,8666.666666666668,-4292.508333333334,CONDITIONAL_MODEL_NOT_OBSERVATION
M,56,12,1625.0,4402.8166666666675,8000.0,-3597.1833333333325,CONDITIONAL_MODEL_NOT_OBSERVATION
M,56,13,1625.0,4431.475,8000,-3568.5249999999996,CONDITIONAL_MODEL_NOT_OBSERVATION
M,56,14,1625.0,4451.8,8000,-3548.2,CONDITIONAL_MODEL_NOT_OBSERVATION
M,56,15,1625.0,4464.625,8000,-3535.375,CONDITIONAL_MODEL_NOT_OBSERVATION
M,56,16,1625.0,4470.7,8000,-3529.3,CONDITIONAL_MODEL_NOT_OBSERVATION
M,56,17,1625.0,4470.7,8000,-3529.3,CONDITIONAL_MODEL_NOT_OBSERVATION
M,56,18,1625.0,4470.7,8000,-3529.3,CONDITIONAL_MODEL_NOT_OBSERVATION
M,56,19,1625.0,4470.7,8000,-3529.3,CONDITIONAL_MODEL_NOT_OBSERVATION
M,56,20,1625.0,4470.7,8000,-3529.3,CONDITIONAL_MODEL_NOT_OBSERVATION
M,57,1,1625.0,0.0,9000.0,-9000.0,CONDITIONAL_MODEL_NOT_OBSERVATION
M,57,2,1750.0,1300.0,8000.0,-6700.0,CONDITIONAL_MODEL_NOT_OBSERVATION
M,57,3,1875.0,2570.0,7000.0,-4430.0,CONDITIONAL_MODEL_NOT_OBSERVATION
M,57,4,2000.0,3813.0,6000.0,-2187.0,CONDITIONAL_MODEL_NOT_OBSERVATION
M,57,5,2125.0,5031.700000000001,5000.0,31.700000000000728,CONDITIONAL_MODEL_NOT_OBSERVATION
M,57,6,2250.0,5375.6,4000.0,1375.6000000000004,CONDITIONAL_MODEL_NOT_OBSERVATION
M,57,7,2250.0,5719.5,4000,1719.5,CONDITIONAL_MODEL_NOT_OBSERVATION
M,57,8,2250.0,5963.400000000001,4000,1963.4000000000005,CONDITIONAL_MODEL_NOT_OBSERVATION
M,57,9,2250.0,6117.3,4000,2117.3,CONDITIONAL_MODEL_NOT_OBSERVATION
M,57,10,2250.0,6190.200000000001,4000,2190.2000000000007,CONDITIONAL_MODEL_NOT_OBSERVATION
M,57,11,2250.0,6190.200000000001,4000,2190.2000000000007,CONDITIONAL_MODEL_NOT_OBSERVATION
M,57,12,2250.0,6190.200000000001,4000,2190.2000000000007,CONDITIONAL_MODEL_NOT_OBSERVATION
M,57,13,2250.0,6190.200000000001,4000,2190.2000000000007,CONDITIONAL_MODEL_NOT_OBSERVATION
M,57,14,2250.0,6190.200000000001,4000,2190.2000000000007,CONDITIONAL_MODEL_NOT_OBSERVATION
M,57,15,2250.0,6190.200000000001,4000,2190.2000000000007,CONDITIONAL_MODEL_NOT_OBSERVATION
M,57,16,2250.0,6190.200000000001,4000,2190.2000000000007,CONDITIONAL_MODEL_NOT_OBSERVATION
M,57,17,2250.0,6190.200000000001,4000,2190.2000000000007,CONDITIONAL_MODEL_NOT_OBSERVATION
M,57,18,2250.0,6190.200000000001,4000,2190.2000000000007,CONDITIONAL_MODEL_NOT_OBSERVATION
M,57,19,2250.0,6190.200000000001,4000,2190.2000000000007,CONDITIONAL_MODEL_NOT_OBSERVATION
M,57,20,2250.0,6190.200000000001,4000,2190.2000000000007,CONDITIONAL_MODEL_NOT_OBSERVATION
M,58,1,1625.0,0.0,9666.666666666666,-9666.666666666666,CONDITIONAL_MODEL_NOT_OBSERVATION
M,58,2,1750.0,1300.0,9333.333333333334,-8033.333333333334,CONDITIONAL_MODEL_NOT_OBSERVATION
M,58,3,1875.0,2570.0,9000.0,-6430.0,CONDITIONAL_MODEL_NOT_OBSERVATION
M,58,4,2000.0,3813.0,8666.666666666666,-4853.666666666666,CONDITIONAL_MODEL_NOT_OBSERVATION
M,58,5,2125.0,5031.700000000001,8333.333333333334,-3301.633333333333,CONDITIONAL_MODEL_NOT_OBSERVATION
M,58,6,2250.0,5375.6,8000.0,-2624.3999999999996,CONDITIONAL_MODEL_NOT_OBSERVATION
M,58,7,2250.0,5719.5,8000,-2280.5,CONDITIONAL_MODEL_NOT_OBSERVATION
M,58,8,2250.0,5963.400000000001,8000,-2036.5999999999995,CONDITIONAL_MODEL_NOT_OBSERVATION
M,58,9,2250.0,6117.3,8000,-1882.6999999999998,CONDITIONAL_MODEL_NOT_OBSERVATION
M,58,10,2250.0,6190.200000000001,8000,-1809.7999999999993,CONDITIONAL_MODEL_NOT_OBSERVATION
M,58,11,2250.0,6190.200000000001,8000,-1809.7999999999993,CONDITIONAL_MODEL_NOT_OBSERVATION
M,58,12,2250.0,6190.200000000001,8000,-1809.7999999999993,CONDITIONAL_MODEL_NOT_OBSERVATION
M,58,13,2250.0,6190.200000000001,8000,-1809.7999999999993,CONDITIONAL_MODEL_NOT_OBSERVATION
M,58,14,2250.0,6190.200000000001,8000,-1809.7999999999993,CONDITIONAL_MODEL_NOT_OBSERVATION
M,58,15,2250.0,6190.200000000001,8000,-1809.7999999999993,CONDITIONAL_MODEL_NOT_OBSERVATION
M,58,16,2250.0,6190.200000000001,8000,-1809.7999999999993,CONDITIONAL_MODEL_NOT_OBSERVATION
M,58,17,2250.0,6190.200000000001,8000,-1809.7999999999993,CONDITIONAL_MODEL_NOT_OBSERVATION
M,58,18,2250.0,6190.200000000001,8000,-1809.7999999999993,CONDITIONAL_MODEL_NOT_OBSERVATION
M,58,19,2250.0,6190.200000000001,8000,-1809.7999999999993,CONDITIONAL_MODEL_NOT_OBSERVATION
M,58,20,2250.0,6190.200000000001,8000,-1809.7999999999993,CONDITIONAL_MODEL_NOT_OBSERVATION
M,59,1,1625.0,0.0,14000.0,-14000.0,CONDITIONAL_MODEL_NOT_OBSERVATION
M,59,2,1750.0,1300.0,12000.0,-10700.0,CONDITIONAL_MODEL_NOT_OBSERVATION
M,59,3,1875.0,2570.0,10000.0,-7430.0,CONDITIONAL_MODEL_NOT_OBSERVATION
M,59,4,2000.0,3813.0,8000.0,-4187.0,CONDITIONAL_MODEL_NOT_OBSERVATION
M,59,5,2125.0,5031.700000000001,6000.0,-968.2999999999993,CONDITIONAL_MODEL_NOT_OBSERVATION
M,59,6,2250.0,5375.6,4000.0,1375.6000000000004,CONDITIONAL_MODEL_NOT_OBSERVATION
M,59,7,2250.0,5719.5,4000,1719.5,CONDITIONAL_MODEL_NOT_OBSERVATION
M,59,8,2250.0,5963.400000000001,4000,1963.4000000000005,CONDITIONAL_MODEL_NOT_OBSERVATION
M,59,9,2250.0,6117.3,4000,2117.3,CONDITIONAL_MODEL_NOT_OBSERVATION
M,59,10,2250.0,6190.200000000001,4000,2190.2000000000007,CONDITIONAL_MODEL_NOT_OBSERVATION
M,59,11,2250.0,6190.200000000001,4000,2190.2000000000007,CONDITIONAL_MODEL_NOT_OBSERVATION
M,59,12,2250.0,6190.200000000001,4000,2190.2000000000007,CONDITIONAL_MODEL_NOT_OBSERVATION
M,59,13,2250.0,6190.200000000001,4000,2190.2000000000007,CONDITIONAL_MODEL_NOT_OBSERVATION
M,59,14,2250.0,6190.200000000001,4000,2190.2000000000007,CONDITIONAL_MODEL_NOT_OBSERVATION
M,59,15,2250.0,6190.200000000001,4000,2190.2000000000007,CONDITIONAL_MODEL_NOT_OBSERVATION
M,59,16,2250.0,6190.200000000001,4000,2190.2000000000007,CONDITIONAL_MODEL_NOT_OBSERVATION
M,59,17,2250.0,6190.200000000001,4000,2190.2000000000007,CONDITIONAL_MODEL_NOT_OBSERVATION
M,59,18,2250.0,6190.200000000001,4000,2190.2000000000007,CONDITIONAL_MODEL_NOT_OBSERVATION
M,59,19,2250.0,6190.200000000001,4000,2190.2000000000007,CONDITIONAL_MODEL_NOT_OBSERVATION
M,59,20,2250.0,6190.200000000001,4000,2190.2000000000007,CONDITIONAL_MODEL_NOT_OBSERVATION
M,60,1,1625.0,0.0,14666.666666666668,-14666.666666666668,CONDITIONAL_MODEL_NOT_OBSERVATION
M,60,2,1750.0,1300.0,13333.333333333334,-12033.333333333334,CONDITIONAL_MODEL_NOT_OBSERVATION
M,60,3,1875.0,2570.0,12000.0,-9430.0,CONDITIONAL_MODEL_NOT_OBSERVATION
M,60,4,2000.0,3813.0,10666.666666666668,-6853.666666666668,CONDITIONAL_MODEL_NOT_OBSERVATION
M,60,5,2125.0,5031.700000000001,9333.333333333332,-4301.633333333331,CONDITIONAL_MODEL_NOT_OBSERVATION
M,60,6,2250.0,5375.6,8000.0,-2624.3999999999996,CONDITIONAL_MODEL_NOT_OBSERVATION
M,60,7,2250.0,5719.5,8000,-2280.5,CONDITIONAL_MODEL_NOT_OBSERVATION
M,60,8,2250.0,5963.400000000001,8000,-2036.5999999999995,CONDITIONAL_MODEL_NOT_OBSERVATION
M,60,9,2250.0,6117.3,8000,-1882.6999999999998,CONDITIONAL_MODEL_NOT_OBSERVATION
M,60,10,2250.0,6190.200000000001,8000,-1809.7999999999993,CONDITIONAL_MODEL_NOT_OBSERVATION
M,60,11,2250.0,6190.200000000001,8000,-1809.7999999999993,CONDITIONAL_MODEL_NOT_OBSERVATION
M,60,12,2250.0,6190.200000000001,8000,-1809.7999999999993,CONDITIONAL_MODEL_NOT_OBSERVATION
M,60,13,2250.0,6190.200000000001,8000,-1809.7999999999993,CONDITIONAL_MODEL_NOT_OBSERVATION
M,60,14,2250.0,6190.200000000001,8000,-1809.7999999999993,CONDITIONAL_MODEL_NOT_OBSERVATION
M,60,15,2250.0,6190.200000000001,8000,-1809.7999999999993,CONDITIONAL_MODEL_NOT_OBSERVATION
M,60,16,2250.0,6190.200000000001,8000,-1809.7999999999993,CONDITIONAL_MODEL_NOT_OBSERVATION
M,60,17,2250.0,6190.200000000001,8000,-1809.7999999999993,CONDITIONAL_MODEL_NOT_OBSERVATION
M,60,18,2250.0,6190.200000000001,8000,-1809.7999999999993,CONDITIONAL_MODEL_NOT_OBSERVATION
M,60,19,2250.0,6190.200000000001,8000,-1809.7999999999993,CONDITIONAL_MODEL_NOT_OBSERVATION
M,60,20,2250.0,6190.200000000001,8000,-1809.7999999999993,CONDITIONAL_MODEL_NOT_OBSERVATION
M,61,1,1562.5,0.0,9500.0,-9500.0,CONDITIONAL_MODEL_NOT_OBSERVATION
M,61,2,1625.0,1250.0,9000.0,-7750.0,CONDITIONAL_MODEL_NOT_OBSERVATION
M,61,3,1687.5,2425.0,8500.0,-6075.0,CONDITIONAL_MODEL_NOT_OBSERVATION
M,61,4,1750.0,3532.5,8000.0,-4467.5,CONDITIONAL_MODEL_NOT_OBSERVATION
M,61,5,1812.5,4579.25,7500.0,-2920.75,CONDITIONAL_MODEL_NOT_OBSERVATION
M,61,6,1875.0,4751.2,7000.0,-2248.8,CONDITIONAL_MODEL_NOT_OBSERVATION
M,61,7,1937.5,4923.150000000001,6500.0,-1576.8499999999995,CONDITIONAL_MODEL_NOT_OBSERVATION
M,61,8,2000.0,5095.1,6000.0,-904.8999999999996,CONDITIONAL_MODEL_NOT_OBSERVATION
M,61,9,2062.5,5267.05,5500.0,-232.94999999999982,CONDITIONAL_MODEL_NOT_OBSERVATION
M,61,10,2125.0,5439.0,5000.0,439.0,CONDITIONAL_MODEL_NOT_OBSERVATION
M,61,11,2187.5,5610.950000000001,4500.0,1110.9500000000007,CONDITIONAL_MODEL_NOT_OBSERVATION
M,61,12,2250.0,5782.900000000001,4000.0,1782.9000000000005,CONDITIONAL_MODEL_NOT_OBSERVATION
M,61,13,2250.0,5954.85,4000,1954.8500000000004,CONDITIONAL_MODEL_NOT_OBSERVATION
M,61,14,2250.0,6076.8,4000,2076.8,CONDITIONAL_MODEL_NOT_OBSERVATION
M,61,15,2250.0,6153.75,4000,2153.75,CONDITIONAL_MODEL_NOT_OBSERVATION
M,61,16,2250.0,6190.200000000001,4000,2190.2000000000007,CONDITIONAL_MODEL_NOT_OBSERVATION
M,61,17,2250.0,6190.200000000001,4000,2190.2000000000007,CONDITIONAL_MODEL_NOT_OBSERVATION
M,61,18,2250.0,6190.200000000001,4000,2190.2000000000007,CONDITIONAL_MODEL_NOT_OBSERVATION
M,61,19,2250.0,6190.200000000001,4000,2190.2000000000007,CONDITIONAL_MODEL_NOT_OBSERVATION
M,61,20,2250.0,6190.200000000001,4000,2190.2000000000007,CONDITIONAL_MODEL_NOT_OBSERVATION
M,62,1,1562.5,0.0,9833.333333333334,-9833.333333333334,CONDITIONAL_MODEL_NOT_OBSERVATION
M,62,2,1625.0,1250.0,9666.666666666666,-8416.666666666666,CONDITIONAL_MODEL_NOT_OBSERVATION
M,62,3,1687.5,2425.0,9500.0,-7075.0,CONDITIONAL_MODEL_NOT_OBSERVATION
M,62,4,1750.0,3532.5,9333.333333333334,-5800.833333333334,CONDITIONAL_MODEL_NOT_OBSERVATION
M,62,5,1812.5,4579.25,9166.666666666666,-4587.416666666666,CONDITIONAL_MODEL_NOT_OBSERVATION
M,62,6,1875.0,4751.2,9000.0,-4248.8,CONDITIONAL_MODEL_NOT_OBSERVATION
M,62,7,1937.5,4923.150000000001,8833.333333333334,-3910.1833333333334,CONDITIONAL_MODEL_NOT_OBSERVATION
M,62,8,2000.0,5095.1,8666.666666666666,-3571.5666666666657,CONDITIONAL_MODEL_NOT_OBSERVATION
M,62,9,2062.5,5267.05,8500.0,-3232.95,CONDITIONAL_MODEL_NOT_OBSERVATION
M,62,10,2125.0,5439.0,8333.333333333334,-2894.333333333334,CONDITIONAL_MODEL_NOT_OBSERVATION
M,62,11,2187.5,5610.950000000001,8166.666666666666,-2555.7166666666653,CONDITIONAL_MODEL_NOT_OBSERVATION
M,62,12,2250.0,5782.900000000001,8000.0,-2217.0999999999995,CONDITIONAL_MODEL_NOT_OBSERVATION
M,62,13,2250.0,5954.85,8000,-2045.1499999999996,CONDITIONAL_MODEL_NOT_OBSERVATION
M,62,14,2250.0,6076.8,8000,-1923.1999999999998,CONDITIONAL_MODEL_NOT_OBSERVATION
M,62,15,2250.0,6153.75,8000,-1846.25,CONDITIONAL_MODEL_NOT_OBSERVATION
M,62,16,2250.0,6190.200000000001,8000,-1809.7999999999993,CONDITIONAL_MODEL_NOT_OBSERVATION
M,62,17,2250.0,6190.200000000001,8000,-1809.7999999999993,CONDITIONAL_MODEL_NOT_OBSERVATION
M,62,18,2250.0,6190.200000000001,8000,-1809.7999999999993,CONDITIONAL_MODEL_NOT_OBSERVATION
M,62,19,2250.0,6190.200000000001,8000,-1809.7999999999993,CONDITIONAL_MODEL_NOT_OBSERVATION
M,62,20,2250.0,6190.200000000001,8000,-1809.7999999999993,CONDITIONAL_MODEL_NOT_OBSERVATION
M,63,1,1562.5,0.0,15000.0,-15000.0,CONDITIONAL_MODEL_NOT_OBSERVATION
M,63,2,1625.0,1250.0,14000.0,-12750.0,CONDITIONAL_MODEL_NOT_OBSERVATION
M,63,3,1687.5,2425.0,13000.0,-10575.0,CONDITIONAL_MODEL_NOT_OBSERVATION
M,63,4,1750.0,3532.5,12000.0,-8467.5,CONDITIONAL_MODEL_NOT_OBSERVATION
M,63,5,1812.5,4579.25,11000.0,-6420.75,CONDITIONAL_MODEL_NOT_OBSERVATION
M,63,6,1875.0,4751.2,10000.0,-5248.8,CONDITIONAL_MODEL_NOT_OBSERVATION
M,63,7,1937.5,4923.150000000001,9000.0,-4076.8499999999995,CONDITIONAL_MODEL_NOT_OBSERVATION
M,63,8,2000.0,5095.1,8000.0,-2904.8999999999996,CONDITIONAL_MODEL_NOT_OBSERVATION
M,63,9,2062.5,5267.05,7000.0,-1732.9499999999998,CONDITIONAL_MODEL_NOT_OBSERVATION
M,63,10,2125.0,5439.0,6000.0,-561.0,CONDITIONAL_MODEL_NOT_OBSERVATION
M,63,11,2187.5,5610.950000000001,5000.0,610.9500000000007,CONDITIONAL_MODEL_NOT_OBSERVATION
M,63,12,2250.0,5782.900000000001,4000.0,1782.9000000000005,CONDITIONAL_MODEL_NOT_OBSERVATION
M,63,13,2250.0,5954.85,4000,1954.8500000000004,CONDITIONAL_MODEL_NOT_OBSERVATION
M,63,14,2250.0,6076.8,4000,2076.8,CONDITIONAL_MODEL_NOT_OBSERVATION
M,63,15,2250.0,6153.75,4000,2153.75,CONDITIONAL_MODEL_NOT_OBSERVATION
M,63,16,2250.0,6190.200000000001,4000,2190.2000000000007,CONDITIONAL_MODEL_NOT_OBSERVATION
M,63,17,2250.0,6190.200000000001,4000,2190.2000000000007,CONDITIONAL_MODEL_NOT_OBSERVATION
M,63,18,2250.0,6190.200000000001,4000,2190.2000000000007,CONDITIONAL_MODEL_NOT_OBSERVATION
M,63,19,2250.0,6190.200000000001,4000,2190.2000000000007,CONDITIONAL_MODEL_NOT_OBSERVATION
M,63,20,2250.0,6190.200000000001,4000,2190.2000000000007,CONDITIONAL_MODEL_NOT_OBSERVATION
M,64,1,1562.5,0.0,15333.333333333332,-15333.333333333332,CONDITIONAL_MODEL_NOT_OBSERVATION
M,64,2,1625.0,1250.0,14666.666666666668,-13416.666666666668,CONDITIONAL_MODEL_NOT_OBSERVATION
M,64,3,1687.5,2425.0,14000.0,-11575.0,CONDITIONAL_MODEL_NOT_OBSERVATION
M,64,4,1750.0,3532.5,13333.333333333334,-9800.833333333334,CONDITIONAL_MODEL_NOT_OBSERVATION
M,64,5,1812.5,4579.25,12666.666666666666,-8087.416666666666,CONDITIONAL_MODEL_NOT_OBSERVATION
M,64,6,1875.0,4751.2,12000.0,-7248.8,CONDITIONAL_MODEL_NOT_OBSERVATION
M,64,7,1937.5,4923.150000000001,11333.333333333332,-6410.183333333332,CONDITIONAL_MODEL_NOT_OBSERVATION
M,64,8,2000.0,5095.1,10666.666666666668,-5571.5666666666675,CONDITIONAL_MODEL_NOT_OBSERVATION
M,64,9,2062.5,5267.05,10000.0,-4732.95,CONDITIONAL_MODEL_NOT_OBSERVATION
M,64,10,2125.0,5439.0,9333.333333333332,-3894.333333333332,CONDITIONAL_MODEL_NOT_OBSERVATION
M,64,11,2187.5,5610.950000000001,8666.666666666668,-3055.716666666667,CONDITIONAL_MODEL_NOT_OBSERVATION
M,64,12,2250.0,5782.900000000001,8000.0,-2217.0999999999995,CONDITIONAL_MODEL_NOT_OBSERVATION
M,64,13,2250.0,5954.85,8000,-2045.1499999999996,CONDITIONAL_MODEL_NOT_OBSERVATION
M,64,14,2250.0,6076.8,8000,-1923.1999999999998,CONDITIONAL_MODEL_NOT_OBSERVATION
M,64,15,2250.0,6153.75,8000,-1846.25,CONDITIONAL_MODEL_NOT_OBSERVATION
M,64,16,2250.0,6190.200000000001,8000,-1809.7999999999993,CONDITIONAL_MODEL_NOT_OBSERVATION
M,64,17,2250.0,6190.200000000001,8000,-1809.7999999999993,CONDITIONAL_MODEL_NOT_OBSERVATION
M,64,18,2250.0,6190.200000000001,8000,-1809.7999999999993,CONDITIONAL_MODEL_NOT_OBSERVATION
M,64,19,2250.0,6190.200000000001,8000,-1809.7999999999993,CONDITIONAL_MODEL_NOT_OBSERVATION
M,64,20,2250.0,6190.200000000001,8000,-1809.7999999999993,CONDITIONAL_MODEL_NOT_OBSERVATION
H,1,1,162.0,0.0,19000.0,-19000.0,CONDITIONAL_MODEL_NOT_OBSERVATION
H,1,2,203.99999999999997,129.6,18000.0,-17870.4,CONDITIONAL_MODEL_NOT_OBSERVATION
H,1,3,246.00000000000003,279.84,17000.0,-16720.16,CONDITIONAL_MODEL_NOT_OBSERVATION
H,1,4,288.0,448.65600000000006,16000.0,-15551.344,CONDITIONAL_MODEL_NOT_OBSERVATION
H,1,5,330.0,634.1904000000001,15000.0,-14365.8096,CONDITIONAL_MODEL_NOT_OBSERVATION
H,1,6,372.0,749.7408,14000.0,-13250.2592,CONDITIONAL_MODEL_NOT_OBSERVATION
H,1,7,413.99999999999994,865.2912000000001,13000.0,-12134.7088,CONDITIONAL_MODEL_NOT_OBSERVATION
H,1,8,456.0,980.8416,12000.0,-11019.1584,CONDITIONAL_MODEL_NOT_OBSERVATION
H,1,9,498.00000000000006,1096.3919999999998,11000.0,-9903.608,CONDITIONAL_MODEL_NOT_OBSERVATION
H,1,10,540.0,1211.9424000000001,10000.0,-8788.0576,CONDITIONAL_MODEL_NOT_OBSERVATION
H,1,11,540.0,1327.4928,10000,-8672.5072,CONDITIONAL_MODEL_NOT_OBSERVATION
H,1,12,540.0,1409.4432000000002,10000,-8590.5568,CONDITIONAL_MODEL_NOT_OBSERVATION
H,1,13,540.0,1461.1536000000003,10000,-8538.8464,CONDITIONAL_MODEL_NOT_OBSERVATION
H,1,14,540.0,1485.6480000000001,10000,-8514.351999999999,CONDITIONAL_MODEL_NOT_OBSERVATION
H,1,15,540.0,1485.6480000000001,10000,-8514.351999999999,CONDITIONAL_MODEL_NOT_OBSERVATION
H,1,16,540.0,1485.6480000000001,10000,-8514.351999999999,CONDITIONAL_MODEL_NOT_OBSERVATION
H,1,17,540.0,1485.6480000000001,10000,-8514.351999999999,CONDITIONAL_MODEL_NOT_OBSERVATION
H,1,18,540.0,1485.6480000000001,10000,-8514.351999999999,CONDITIONAL_MODEL_NOT_OBSERVATION
H,1,19,540.0,1485.6480000000001,10000,-8514.351999999999,CONDITIONAL_MODEL_NOT_OBSERVATION
H,1,20,540.0,1485.6480000000001,10000,-8514.351999999999,CONDITIONAL_MODEL_NOT_OBSERVATION
H,2,1,162.0,0.0,20000.0,-20000.0,CONDITIONAL_MODEL_NOT_OBSERVATION
H,2,2,203.99999999999997,129.6,20000.0,-19870.4,CONDITIONAL_MODEL_NOT_OBSERVATION
H,2,3,246.00000000000003,279.84,20000.0,-19720.16,CONDITIONAL_MODEL_NOT_OBSERVATION
H,2,4,288.0,448.65600000000006,20000.0,-19551.344,CONDITIONAL_MODEL_NOT_OBSERVATION
H,2,5,330.0,634.1904000000001,20000.0,-19365.8096,CONDITIONAL_MODEL_NOT_OBSERVATION
H,2,6,372.0,749.7408,20000.0,-19250.2592,CONDITIONAL_MODEL_NOT_OBSERVATION
H,2,7,413.99999999999994,865.2912000000001,20000.0,-19134.7088,CONDITIONAL_MODEL_NOT_OBSERVATION
H,2,8,456.0,980.8416,20000.0,-19019.1584,CONDITIONAL_MODEL_NOT_OBSERVATION
H,2,9,498.00000000000006,1096.3919999999998,20000.0,-18903.608,CONDITIONAL_MODEL_NOT_OBSERVATION
H,2,10,540.0,1211.9424000000001,20000.0,-18788.0576,CONDITIONAL_MODEL_NOT_OBSERVATION
H,2,11,540.0,1327.4928,20000,-18672.5072,CONDITIONAL_MODEL_NOT_OBSERVATION
H,2,12,540.0,1409.4432000000002,20000,-18590.5568,CONDITIONAL_MODEL_NOT_OBSERVATION
H,2,13,540.0,1461.1536000000003,20000,-18538.8464,CONDITIONAL_MODEL_NOT_OBSERVATION
H,2,14,540.0,1485.6480000000001,20000,-18514.352,CONDITIONAL_MODEL_NOT_OBSERVATION
H,2,15,540.0,1485.6480000000001,20000,-18514.352,CONDITIONAL_MODEL_NOT_OBSERVATION
H,2,16,540.0,1485.6480000000001,20000,-18514.352,CONDITIONAL_MODEL_NOT_OBSERVATION
H,2,17,540.0,1485.6480000000001,20000,-18514.352,CONDITIONAL_MODEL_NOT_OBSERVATION
H,2,18,540.0,1485.6480000000001,20000,-18514.352,CONDITIONAL_MODEL_NOT_OBSERVATION
H,2,19,540.0,1485.6480000000001,20000,-18514.352,CONDITIONAL_MODEL_NOT_OBSERVATION
H,2,20,540.0,1485.6480000000001,20000,-18514.352,CONDITIONAL_MODEL_NOT_OBSERVATION
H,3,1,162.0,0.0,32500.0,-32500.0,CONDITIONAL_MODEL_NOT_OBSERVATION
H,3,2,203.99999999999997,129.6,30000.0,-29870.4,CONDITIONAL_MODEL_NOT_OBSERVATION
H,3,3,246.00000000000003,279.84,27500.0,-27220.16,CONDITIONAL_MODEL_NOT_OBSERVATION
H,3,4,288.0,448.65600000000006,25000.0,-24551.344,CONDITIONAL_MODEL_NOT_OBSERVATION
H,3,5,330.0,634.1904000000001,22500.0,-21865.8096,CONDITIONAL_MODEL_NOT_OBSERVATION
H,3,6,372.0,749.7408,20000.0,-19250.2592,CONDITIONAL_MODEL_NOT_OBSERVATION
H,3,7,413.99999999999994,865.2912000000001,17500.0,-16634.7088,CONDITIONAL_MODEL_NOT_OBSERVATION
H,3,8,456.0,980.8416,15000.0,-14019.1584,CONDITIONAL_MODEL_NOT_OBSERVATION
H,3,9,498.00000000000006,1096.3919999999998,12500.0,-11403.608,CONDITIONAL_MODEL_NOT_OBSERVATION
H,3,10,540.0,1211.9424000000001,10000.0,-8788.0576,CONDITIONAL_MODEL_NOT_OBSERVATION
H,3,11,540.0,1327.4928,10000,-8672.5072,CONDITIONAL_MODEL_NOT_OBSERVATION
H,3,12,540.0,1409.4432000000002,10000,-8590.5568,CONDITIONAL_MODEL_NOT_OBSERVATION
H,3,13,540.0,1461.1536000000003,10000,-8538.8464,CONDITIONAL_MODEL_NOT_OBSERVATION
H,3,14,540.0,1485.6480000000001,10000,-8514.351999999999,CONDITIONAL_MODEL_NOT_OBSERVATION
H,3,15,540.0,1485.6480000000001,10000,-8514.351999999999,CONDITIONAL_MODEL_NOT_OBSERVATION
H,3,16,540.0,1485.6480000000001,10000,-8514.351999999999,CONDITIONAL_MODEL_NOT_OBSERVATION
H,3,17,540.0,1485.6480000000001,10000,-8514.351999999999,CONDITIONAL_MODEL_NOT_OBSERVATION
H,3,18,540.0,1485.6480000000001,10000,-8514.351999999999,CONDITIONAL_MODEL_NOT_OBSERVATION
H,3,19,540.0,1485.6480000000001,10000,-8514.351999999999,CONDITIONAL_MODEL_NOT_OBSERVATION
H,3,20,540.0,1485.6480000000001,10000,-8514.351999999999,CONDITIONAL_MODEL_NOT_OBSERVATION
H,4,1,162.0,0.0,33500.0,-33500.0,CONDITIONAL_MODEL_NOT_OBSERVATION
H,4,2,203.99999999999997,129.6,32000.0,-31870.4,CONDITIONAL_MODEL_NOT_OBSERVATION
H,4,3,246.00000000000003,279.84,30500.0,-30220.16,CONDITIONAL_MODEL_NOT_OBSERVATION
H,4,4,288.0,448.65600000000006,29000.0,-28551.344,CONDITIONAL_MODEL_NOT_OBSERVATION
H,4,5,330.0,634.1904000000001,27500.0,-26865.8096,CONDITIONAL_MODEL_NOT_OBSERVATION
H,4,6,372.0,749.7408,26000.0,-25250.2592,CONDITIONAL_MODEL_NOT_OBSERVATION
H,4,7,413.99999999999994,865.2912000000001,24500.0,-23634.7088,CONDITIONAL_MODEL_NOT_OBSERVATION
H,4,8,456.0,980.8416,23000.0,-22019.1584,CONDITIONAL_MODEL_NOT_OBSERVATION
H,4,9,498.00000000000006,1096.3919999999998,21500.0,-20403.608,CONDITIONAL_MODEL_NOT_OBSERVATION
H,4,10,540.0,1211.9424000000001,20000.0,-18788.0576,CONDITIONAL_MODEL_NOT_OBSERVATION
H,4,11,540.0,1327.4928,20000,-18672.5072,CONDITIONAL_MODEL_NOT_OBSERVATION
H,4,12,540.0,1409.4432000000002,20000,-18590.5568,CONDITIONAL_MODEL_NOT_OBSERVATION
H,4,13,540.0,1461.1536000000003,20000,-18538.8464,CONDITIONAL_MODEL_NOT_OBSERVATION
H,4,14,540.0,1485.6480000000001,20000,-18514.352,CONDITIONAL_MODEL_NOT_OBSERVATION
H,4,15,540.0,1485.6480000000001,20000,-18514.352,CONDITIONAL_MODEL_NOT_OBSERVATION
H,4,16,540.0,1485.6480000000001,20000,-18514.352,CONDITIONAL_MODEL_NOT_OBSERVATION
H,4,17,540.0,1485.6480000000001,20000,-18514.352,CONDITIONAL_MODEL_NOT_OBSERVATION
H,4,18,540.0,1485.6480000000001,20000,-18514.352,CONDITIONAL_MODEL_NOT_OBSERVATION
H,4,19,540.0,1485.6480000000001,20000,-18514.352,CONDITIONAL_MODEL_NOT_OBSERVATION
H,4,20,540.0,1485.6480000000001,20000,-18514.352,CONDITIONAL_MODEL_NOT_OBSERVATION
H,5,1,141.0,0.0,19500.0,-19500.0,CONDITIONAL_MODEL_NOT_OBSERVATION
H,5,2,162.0,112.80000000000001,19000.0,-18887.2,CONDITIONAL_MODEL_NOT_OBSERVATION
H,5,3,183.0,231.12,18500.0,-18268.88,CONDITIONAL_MODEL_NOT_OBSERVATION
H,5,4,203.99999999999997,354.408,18000.0,-17645.592,CONDITIONAL_MODEL_NOT_OBSERVATION
H,5,5,225.0,482.1672,17500.0,-17017.8328,CONDITIONAL_MODEL_NOT_OBSERVATION
H,5,6,246.00000000000003,539.9423999999999,17000.0,-16460.0576,CONDITIONAL_MODEL_NOT_OBSERVATION
H,5,7,266.99999999999994,597.7176000000001,16500.0,-15902.2824,CONDITIONAL_MODEL_NOT_OBSERVATION
H,5,8,288.0,655.4928,16000.0,-15344.5072,CONDITIONAL_MODEL_NOT_OBSERVATION
H,5,9,309.0,713.268,15500.0,-14786.732,CONDITIONAL_MODEL_NOT_OBSERVATION
H,5,10,330.0,771.0432000000001,15000.0,-14228.9568,CONDITIONAL_MODEL_NOT_OBSERVATION
H,5,11,351.0,828.8184000000001,14500.0,-13671.1816,CONDITIONAL_MODEL_NOT_OBSERVATION
H,5,12,372.0,886.5936,14000.0,-13113.4064,CONDITIONAL_MODEL_NOT_OBSERVATION
H,5,13,393.0,944.3688000000001,13500.0,-12555.6312,CONDITIONAL_MODEL_NOT_OBSERVATION
H,5,14,413.99999999999994,1002.1439999999999,13000.0,-11997.856,CONDITIONAL_MODEL_NOT_OBSERVATION
H,5,15,434.99999999999994,1059.9192,12500.0,-11440.0808,CONDITIONAL_MODEL_NOT_OBSERVATION
H,5,16,456.0,1117.6944,12000.0,-10882.3056,CONDITIONAL_MODEL_NOT_OBSERVATION
H,5,17,476.99999999999994,1175.4696000000001,11500.0,-10324.5304,CONDITIONAL_MODEL_NOT_OBSERVATION
H,5,18,498.00000000000006,1233.2448000000002,11000.0,-9766.7552,CONDITIONAL_MODEL_NOT_OBSERVATION
H,5,19,519.0,1291.02,10500.0,-9208.98,CONDITIONAL_MODEL_NOT_OBSERVATION
H,5,20,540.0,1348.7952000000002,10000.0,-8651.2048,CONDITIONAL_MODEL_NOT_OBSERVATION
H,6,1,141.0,0.0,20000.0,-20000.0,CONDITIONAL_MODEL_NOT_OBSERVATION
H,6,2,162.0,112.80000000000001,20000.0,-19887.2,CONDITIONAL_MODEL_NOT_OBSERVATION
H,6,3,183.0,231.12,20000.0,-19768.88,CONDITIONAL_MODEL_NOT_OBSERVATION
H,6,4,203.99999999999997,354.408,20000.0,-19645.592,CONDITIONAL_MODEL_NOT_OBSERVATION
H,6,5,225.0,482.1672,20000.0,-19517.8328,CONDITIONAL_MODEL_NOT_OBSERVATION
H,6,6,246.00000000000003,539.9423999999999,20000.0,-19460.0576,CONDITIONAL_MODEL_NOT_OBSERVATION
H,6,7,266.99999999999994,597.7176000000001,20000.0,-19402.2824,CONDITIONAL_MODEL_NOT_OBSERVATION
H,6,8,288.0,655.4928,20000.0,-19344.5072,CONDITIONAL_MODEL_NOT_OBSERVATION
H,6,9,309.0,713.268,20000.0,-19286.732,CONDITIONAL_MODEL_NOT_OBSERVATION
H,6,10,330.0,771.0432000000001,20000.0,-19228.9568,CONDITIONAL_MODEL_NOT_OBSERVATION
H,6,11,351.0,828.8184000000001,20000.0,-19171.1816,CONDITIONAL_MODEL_NOT_OBSERVATION
H,6,12,372.0,886.5936,20000.0,-19113.4064,CONDITIONAL_MODEL_NOT_OBSERVATION
H,6,13,393.0,944.3688000000001,20000.0,-19055.6312,CONDITIONAL_MODEL_NOT_OBSERVATION
H,6,14,413.99999999999994,1002.1439999999999,20000.0,-18997.856,CONDITIONAL_MODEL_NOT_OBSERVATION
H,6,15,434.99999999999994,1059.9192,20000.0,-18940.0808,CONDITIONAL_MODEL_NOT_OBSERVATION
H,6,16,456.0,1117.6944,20000.0,-18882.3056,CONDITIONAL_MODEL_NOT_OBSERVATION
H,6,17,476.99999999999994,1175.4696000000001,20000.0,-18824.5304,CONDITIONAL_MODEL_NOT_OBSERVATION
H,6,18,498.00000000000006,1233.2448000000002,20000.0,-18766.7552,CONDITIONAL_MODEL_NOT_OBSERVATION
H,6,19,519.0,1291.02,20000.0,-18708.98,CONDITIONAL_MODEL_NOT_OBSERVATION
H,6,20,540.0,1348.7952000000002,20000.0,-18651.2048,CONDITIONAL_MODEL_NOT_OBSERVATION
H,7,1,141.0,0.0,33750.0,-33750.0,CONDITIONAL_MODEL_NOT_OBSERVATION
H,7,2,162.0,112.80000000000001,32500.0,-32387.2,CONDITIONAL_MODEL_NOT_OBSERVATION
H,7,3,183.0,231.12,31250.0,-31018.88,CONDITIONAL_MODEL_NOT_OBSERVATION
H,7,4,203.99999999999997,354.408,30000.0,-29645.592,CONDITIONAL_MODEL_NOT_OBSERVATION
H,7,5,225.0,482.1672,28750.0,-28267.8328,CONDITIONAL_MODEL_NOT_OBSERVATION
H,7,6,246.00000000000003,539.9423999999999,27500.0,-26960.0576,CONDITIONAL_MODEL_NOT_OBSERVATION
H,7,7,266.99999999999994,597.7176000000001,26250.0,-25652.2824,CONDITIONAL_MODEL_NOT_OBSERVATION
H,7,8,288.0,655.4928,25000.0,-24344.5072,CONDITIONAL_MODEL_NOT_OBSERVATION
H,7,9,309.0,713.268,23750.0,-23036.732,CONDITIONAL_MODEL_NOT_OBSERVATION
H,7,10,330.0,771.0432000000001,22500.0,-21728.9568,CONDITIONAL_MODEL_NOT_OBSERVATION
H,7,11,351.0,828.8184000000001,21250.0,-20421.1816,CONDITIONAL_MODEL_NOT_OBSERVATION
H,7,12,372.0,886.5936,20000.0,-19113.4064,CONDITIONAL_MODEL_NOT_OBSERVATION
H,7,13,393.0,944.3688000000001,18750.0,-17805.6312,CONDITIONAL_MODEL_NOT_OBSERVATION
H,7,14,413.99999999999994,1002.1439999999999,17500.0,-16497.856,CONDITIONAL_MODEL_NOT_OBSERVATION
H,7,15,434.99999999999994,1059.9192,16250.0,-15190.0808,CONDITIONAL_MODEL_NOT_OBSERVATION
H,7,16,456.0,1117.6944,15000.0,-13882.3056,CONDITIONAL_MODEL_NOT_OBSERVATION
H,7,17,476.99999999999994,1175.4696000000001,13750.0,-12574.5304,CONDITIONAL_MODEL_NOT_OBSERVATION
H,7,18,498.00000000000006,1233.2448000000002,12500.0,-11266.7552,CONDITIONAL_MODEL_NOT_OBSERVATION
H,7,19,519.0,1291.02,11250.000000000002,-9958.980000000001,CONDITIONAL_MODEL_NOT_OBSERVATION
H,7,20,540.0,1348.7952000000002,10000.0,-8651.2048,CONDITIONAL_MODEL_NOT_OBSERVATION
H,8,1,141.0,0.0,34250.0,-34250.0,CONDITIONAL_MODEL_NOT_OBSERVATION
H,8,2,162.0,112.80000000000001,33500.0,-33387.2,CONDITIONAL_MODEL_NOT_OBSERVATION
H,8,3,183.0,231.12,32750.0,-32518.88,CONDITIONAL_MODEL_NOT_OBSERVATION
H,8,4,203.99999999999997,354.408,32000.0,-31645.592,CONDITIONAL_MODEL_NOT_OBSERVATION
H,8,5,225.0,482.1672,31250.0,-30767.8328,CONDITIONAL_MODEL_NOT_OBSERVATION
H,8,6,246.00000000000003,539.9423999999999,30500.0,-29960.0576,CONDITIONAL_MODEL_NOT_OBSERVATION
H,8,7,266.99999999999994,597.7176000000001,29750.0,-29152.2824,CONDITIONAL_MODEL_NOT_OBSERVATION
H,8,8,288.0,655.4928,29000.0,-28344.5072,CONDITIONAL_MODEL_NOT_OBSERVATION
H,8,9,309.0,713.268,28250.0,-27536.732,CONDITIONAL_MODEL_NOT_OBSERVATION
H,8,10,330.0,771.0432000000001,27500.0,-26728.9568,CONDITIONAL_MODEL_NOT_OBSERVATION
H,8,11,351.0,828.8184000000001,26750.0,-25921.1816,CONDITIONAL_MODEL_NOT_OBSERVATION
H,8,12,372.0,886.5936,26000.0,-25113.4064,CONDITIONAL_MODEL_NOT_OBSERVATION
H,8,13,393.0,944.3688000000001,25250.0,-24305.6312,CONDITIONAL_MODEL_NOT_OBSERVATION
H,8,14,413.99999999999994,1002.1439999999999,24500.0,-23497.856,CONDITIONAL_MODEL_NOT_OBSERVATION
H,8,15,434.99999999999994,1059.9192,23750.0,-22690.0808,CONDITIONAL_MODEL_NOT_OBSERVATION
H,8,16,456.0,1117.6944,23000.0,-21882.3056,CONDITIONAL_MODEL_NOT_OBSERVATION
H,8,17,476.99999999999994,1175.4696000000001,22250.0,-21074.5304,CONDITIONAL_MODEL_NOT_OBSERVATION
H,8,18,498.00000000000006,1233.2448000000002,21500.0,-20266.7552,CONDITIONAL_MODEL_NOT_OBSERVATION
H,8,19,519.0,1291.02,20750.0,-19458.98,CONDITIONAL_MODEL_NOT_OBSERVATION
H,8,20,540.0,1348.7952000000002,20000.0,-18651.2048,CONDITIONAL_MODEL_NOT_OBSERVATION
H,9,1,198.0,0.0,19000.0,-19000.0,CONDITIONAL_MODEL_NOT_OBSERVATION
H,9,2,276.0,158.4,18000.0,-17841.6,CONDITIONAL_MODEL_NOT_OBSERVATION
H,9,3,354.00000000000006,363.36000000000007,17000.0,-16636.64,CONDITIONAL_MODEL_NOT_OBSERVATION
H,9,4,432.0,610.224,16000.0,-15389.776,CONDITIONAL_MODEL_NOT_OBSERVATION
H,9,5,510.00000000000006,894.8016000000002,15000.0,-14105.1984,CONDITIONAL_MODEL_NOT_OBSERVATION
H,9,6,588.0,1109.3952000000002,14000.0,-12890.6048,CONDITIONAL_MODEL_NOT_OBSERVATION
H,9,7,665.9999999999999,1323.9888,13000.0,-11676.0112,CONDITIONAL_MODEL_NOT_OBSERVATION
H,9,8,744.0,1538.5824000000002,12000.0,-10461.4176,CONDITIONAL_MODEL_NOT_OBSERVATION
H,9,9,822.0000000000001,1753.176,11000.0,-9246.824,CONDITIONAL_MODEL_NOT_OBSERVATION
H,9,10,900.0,1967.7696,10000.0,-8032.2304,CONDITIONAL_MODEL_NOT_OBSERVATION
H,9,11,900.0,2182.3632000000002,10000,-7817.6368,CONDITIONAL_MODEL_NOT_OBSERVATION
H,9,12,900.0,2334.5568000000003,10000,-7665.4432,CONDITIONAL_MODEL_NOT_OBSERVATION
H,9,13,900.0,2430.5904000000005,10000,-7569.409599999999,CONDITIONAL_MODEL_NOT_OBSERVATION
H,9,14,900.0,2476.0800000000004,10000,-7523.92,CONDITIONAL_MODEL_NOT_OBSERVATION
H,9,15,900.0,2476.0800000000004,10000,-7523.92,CONDITIONAL_MODEL_NOT_OBSERVATION
H,9,16,900.0,2476.0800000000004,10000,-7523.92,CONDITIONAL_MODEL_NOT_OBSERVATION
H,9,17,900.0,2476.0800000000004,10000,-7523.92,CONDITIONAL_MODEL_NOT_OBSERVATION
H,9,18,900.0,2476.0800000000004,10000,-7523.92,CONDITIONAL_MODEL_NOT_OBSERVATION
H,9,19,900.0,2476.0800000000004,10000,-7523.92,CONDITIONAL_MODEL_NOT_OBSERVATION
H,9,20,900.0,2476.0800000000004,10000,-7523.92,CONDITIONAL_MODEL_NOT_OBSERVATION
H,10,1,198.0,0.0,20000.0,-20000.0,CONDITIONAL_MODEL_NOT_OBSERVATION
H,10,2,276.0,158.4,20000.0,-19841.6,CONDITIONAL_MODEL_NOT_OBSERVATION
H,10,3,354.00000000000006,363.36000000000007,20000.0,-19636.64,CONDITIONAL_MODEL_NOT_OBSERVATION
H,10,4,432.0,610.224,20000.0,-19389.776,CONDITIONAL_MODEL_NOT_OBSERVATION
H,10,5,510.00000000000006,894.8016000000002,20000.0,-19105.1984,CONDITIONAL_MODEL_NOT_OBSERVATION
H,10,6,588.0,1109.3952000000002,20000.0,-18890.6048,CONDITIONAL_MODEL_NOT_OBSERVATION
H,10,7,665.9999999999999,1323.9888,20000.0,-18676.0112,CONDITIONAL_MODEL_NOT_OBSERVATION
H,10,8,744.0,1538.5824000000002,20000.0,-18461.4176,CONDITIONAL_MODEL_NOT_OBSERVATION
H,10,9,822.0000000000001,1753.176,20000.0,-18246.824,CONDITIONAL_MODEL_NOT_OBSERVATION
H,10,10,900.0,1967.7696,20000.0,-18032.2304,CONDITIONAL_MODEL_NOT_OBSERVATION
H,10,11,900.0,2182.3632000000002,20000,-17817.6368,CONDITIONAL_MODEL_NOT_OBSERVATION
H,10,12,900.0,2334.5568000000003,20000,-17665.4432,CONDITIONAL_MODEL_NOT_OBSERVATION
H,10,13,900.0,2430.5904000000005,20000,-17569.4096,CONDITIONAL_MODEL_NOT_OBSERVATION
H,10,14,900.0,2476.0800000000004,20000,-17523.92,CONDITIONAL_MODEL_NOT_OBSERVATION
H,10,15,900.0,2476.0800000000004,20000,-17523.92,CONDITIONAL_MODEL_NOT_OBSERVATION
H,10,16,900.0,2476.0800000000004,20000,-17523.92,CONDITIONAL_MODEL_NOT_OBSERVATION
H,10,17,900.0,2476.0800000000004,20000,-17523.92,CONDITIONAL_MODEL_NOT_OBSERVATION
H,10,18,900.0,2476.0800000000004,20000,-17523.92,CONDITIONAL_MODEL_NOT_OBSERVATION
H,10,19,900.0,2476.0800000000004,20000,-17523.92,CONDITIONAL_MODEL_NOT_OBSERVATION
H,10,20,900.0,2476.0800000000004,20000,-17523.92,CONDITIONAL_MODEL_NOT_OBSERVATION
H,11,1,198.0,0.0,32500.0,-32500.0,CONDITIONAL_MODEL_NOT_OBSERVATION
H,11,2,276.0,158.4,30000.0,-29841.6,CONDITIONAL_MODEL_NOT_OBSERVATION
H,11,3,354.00000000000006,363.36000000000007,27500.0,-27136.64,CONDITIONAL_MODEL_NOT_OBSERVATION
H,11,4,432.0,610.224,25000.0,-24389.776,CONDITIONAL_MODEL_NOT_OBSERVATION
H,11,5,510.00000000000006,894.8016000000002,22500.0,-21605.1984,CONDITIONAL_MODEL_NOT_OBSERVATION
H,11,6,588.0,1109.3952000000002,20000.0,-18890.6048,CONDITIONAL_MODEL_NOT_OBSERVATION
H,11,7,665.9999999999999,1323.9888,17500.0,-16176.0112,CONDITIONAL_MODEL_NOT_OBSERVATION
H,11,8,744.0,1538.5824000000002,15000.0,-13461.4176,CONDITIONAL_MODEL_NOT_OBSERVATION
H,11,9,822.0000000000001,1753.176,12500.0,-10746.824,CONDITIONAL_MODEL_NOT_OBSERVATION
H,11,10,900.0,1967.7696,10000.0,-8032.2304,CONDITIONAL_MODEL_NOT_OBSERVATION
H,11,11,900.0,2182.3632000000002,10000,-7817.6368,CONDITIONAL_MODEL_NOT_OBSERVATION
H,11,12,900.0,2334.5568000000003,10000,-7665.4432,CONDITIONAL_MODEL_NOT_OBSERVATION
H,11,13,900.0,2430.5904000000005,10000,-7569.409599999999,CONDITIONAL_MODEL_NOT_OBSERVATION
H,11,14,900.0,2476.0800000000004,10000,-7523.92,CONDITIONAL_MODEL_NOT_OBSERVATION
H,11,15,900.0,2476.0800000000004,10000,-7523.92,CONDITIONAL_MODEL_NOT_OBSERVATION
H,11,16,900.0,2476.0800000000004,10000,-7523.92,CONDITIONAL_MODEL_NOT_OBSERVATION
H,11,17,900.0,2476.0800000000004,10000,-7523.92,CONDITIONAL_MODEL_NOT_OBSERVATION
H,11,18,900.0,2476.0800000000004,10000,-7523.92,CONDITIONAL_MODEL_NOT_OBSERVATION
H,11,19,900.0,2476.0800000000004,10000,-7523.92,CONDITIONAL_MODEL_NOT_OBSERVATION
H,11,20,900.0,2476.0800000000004,10000,-7523.92,CONDITIONAL_MODEL_NOT_OBSERVATION
H,12,1,198.0,0.0,33500.0,-33500.0,CONDITIONAL_MODEL_NOT_OBSERVATION
H,12,2,276.0,158.4,32000.0,-31841.6,CONDITIONAL_MODEL_NOT_OBSERVATION
H,12,3,354.00000000000006,363.36000000000007,30500.0,-30136.64,CONDITIONAL_MODEL_NOT_OBSERVATION
H,12,4,432.0,610.224,29000.0,-28389.776,CONDITIONAL_MODEL_NOT_OBSERVATION
H,12,5,510.00000000000006,894.8016000000002,27500.0,-26605.1984,CONDITIONAL_MODEL_NOT_OBSERVATION
H,12,6,588.0,1109.3952000000002,26000.0,-24890.6048,CONDITIONAL_MODEL_NOT_OBSERVATION
H,12,7,665.9999999999999,1323.9888,24500.0,-23176.0112,CONDITIONAL_MODEL_NOT_OBSERVATION
H,12,8,744.0,1538.5824000000002,23000.0,-21461.4176,CONDITIONAL_MODEL_NOT_OBSERVATION
H,12,9,822.0000000000001,1753.176,21500.0,-19746.824,CONDITIONAL_MODEL_NOT_OBSERVATION
H,12,10,900.0,1967.7696,20000.0,-18032.2304,CONDITIONAL_MODEL_NOT_OBSERVATION
H,12,11,900.0,2182.3632000000002,20000,-17817.6368,CONDITIONAL_MODEL_NOT_OBSERVATION
H,12,12,900.0,2334.5568000000003,20000,-17665.4432,CONDITIONAL_MODEL_NOT_OBSERVATION
H,12,13,900.0,2430.5904000000005,20000,-17569.4096,CONDITIONAL_MODEL_NOT_OBSERVATION
H,12,14,900.0,2476.0800000000004,20000,-17523.92,CONDITIONAL_MODEL_NOT_OBSERVATION
H,12,15,900.0,2476.0800000000004,20000,-17523.92,CONDITIONAL_MODEL_NOT_OBSERVATION
H,12,16,900.0,2476.0800000000004,20000,-17523.92,CONDITIONAL_MODEL_NOT_OBSERVATION
H,12,17,900.0,2476.0800000000004,20000,-17523.92,CONDITIONAL_MODEL_NOT_OBSERVATION
H,12,18,900.0,2476.0800000000004,20000,-17523.92,CONDITIONAL_MODEL_NOT_OBSERVATION
H,12,19,900.0,2476.0800000000004,20000,-17523.92,CONDITIONAL_MODEL_NOT_OBSERVATION
H,12,20,900.0,2476.0800000000004,20000,-17523.92,CONDITIONAL_MODEL_NOT_OBSERVATION
H,13,1,159.0,0.0,19500.0,-19500.0,CONDITIONAL_MODEL_NOT_OBSERVATION
H,13,2,198.0,127.2,19000.0,-18872.8,CONDITIONAL_MODEL_NOT_OBSERVATION
H,13,3,237.0,272.88000000000005,18500.0,-18227.12,CONDITIONAL_MODEL_NOT_OBSERVATION
H,13,4,276.0,435.192,18000.0,-17564.808,CONDITIONAL_MODEL_NOT_OBSERVATION
H,13,5,315.0,612.4728000000001,17500.0,-16887.5272,CONDITIONAL_MODEL_NOT_OBSERVATION
H,13,6,354.00000000000006,719.7696000000001,17000.0,-16280.2304,CONDITIONAL_MODEL_NOT_OBSERVATION
H,13,7,393.0,827.0664000000002,16500.0,-15672.9336,CONDITIONAL_MODEL_NOT_OBSERVATION
H,13,8,432.0,934.3632000000002,16000.0,-15065.6368,CONDITIONAL_MODEL_NOT_OBSERVATION
H,13,9,471.0000000000001,1041.66,15500.0,-14458.34,CONDITIONAL_MODEL_NOT_OBSERVATION
H,13,10,510.00000000000006,1148.9568000000002,15000.0,-13851.0432,CONDITIONAL_MODEL_NOT_OBSERVATION
H,13,11,549.0,1256.2536000000002,14500.0,-13243.7464,CONDITIONAL_MODEL_NOT_OBSERVATION
H,13,12,588.0,1363.5504000000003,14000.0,-12636.4496,CONDITIONAL_MODEL_NOT_OBSERVATION
H,13,13,627.0000000000001,1470.8472000000002,13500.0,-12029.1528,CONDITIONAL_MODEL_NOT_OBSERVATION
H,13,14,665.9999999999999,1578.1440000000002,13000.0,-11421.856,CONDITIONAL_MODEL_NOT_OBSERVATION
H,13,15,705.0,1685.4408,12500.0,-10814.5592,CONDITIONAL_MODEL_NOT_OBSERVATION
H,13,16,744.0,1792.7376000000002,12000.0,-10207.2624,CONDITIONAL_MODEL_NOT_OBSERVATION
H,13,17,783.0,1900.0344000000002,11500.0,-9599.9656,CONDITIONAL_MODEL_NOT_OBSERVATION
H,13,18,822.0000000000001,2007.3312000000003,11000.0,-8992.6688,CONDITIONAL_MODEL_NOT_OBSERVATION
H,13,19,860.9999999999999,2114.628,10500.0,-8385.372,CONDITIONAL_MODEL_NOT_OBSERVATION
H,13,20,900.0,2221.9248000000002,10000.0,-7778.075199999999,CONDITIONAL_MODEL_NOT_OBSERVATION
H,14,1,159.0,0.0,20000.0,-20000.0,CONDITIONAL_MODEL_NOT_OBSERVATION
H,14,2,198.0,127.2,20000.0,-19872.8,CONDITIONAL_MODEL_NOT_OBSERVATION
H,14,3,237.0,272.88000000000005,20000.0,-19727.12,CONDITIONAL_MODEL_NOT_OBSERVATION
H,14,4,276.0,435.192,20000.0,-19564.808,CONDITIONAL_MODEL_NOT_OBSERVATION
H,14,5,315.0,612.4728000000001,20000.0,-19387.5272,CONDITIONAL_MODEL_NOT_OBSERVATION
H,14,6,354.00000000000006,719.7696000000001,20000.0,-19280.2304,CONDITIONAL_MODEL_NOT_OBSERVATION
H,14,7,393.0,827.0664000000002,20000.0,-19172.9336,CONDITIONAL_MODEL_NOT_OBSERVATION
H,14,8,432.0,934.3632000000002,20000.0,-19065.6368,CONDITIONAL_MODEL_NOT_OBSERVATION
H,14,9,471.0000000000001,1041.66,20000.0,-18958.34,CONDITIONAL_MODEL_NOT_OBSERVATION
H,14,10,510.00000000000006,1148.9568000000002,20000.0,-18851.0432,CONDITIONAL_MODEL_NOT_OBSERVATION
H,14,11,549.0,1256.2536000000002,20000.0,-18743.7464,CONDITIONAL_MODEL_NOT_OBSERVATION
H,14,12,588.0,1363.5504000000003,20000.0,-18636.4496,CONDITIONAL_MODEL_NOT_OBSERVATION
H,14,13,627.0000000000001,1470.8472000000002,20000.0,-18529.1528,CONDITIONAL_MODEL_NOT_OBSERVATION
H,14,14,665.9999999999999,1578.1440000000002,20000.0,-18421.856,CONDITIONAL_MODEL_NOT_OBSERVATION
H,14,15,705.0,1685.4408,20000.0,-18314.5592,CONDITIONAL_MODEL_NOT_OBSERVATION
H,14,16,744.0,1792.7376000000002,20000.0,-18207.2624,CONDITIONAL_MODEL_NOT_OBSERVATION
H,14,17,783.0,1900.0344000000002,20000.0,-18099.9656,CONDITIONAL_MODEL_NOT_OBSERVATION
H,14,18,822.0000000000001,2007.3312000000003,20000.0,-17992.6688,CONDITIONAL_MODEL_NOT_OBSERVATION
H,14,19,860.9999999999999,2114.628,20000.0,-17885.372,CONDITIONAL_MODEL_NOT_OBSERVATION
H,14,20,900.0,2221.9248000000002,20000.0,-17778.0752,CONDITIONAL_MODEL_NOT_OBSERVATION
H,15,1,159.0,0.0,33750.0,-33750.0,CONDITIONAL_MODEL_NOT_OBSERVATION
H,15,2,198.0,127.2,32500.0,-32372.8,CONDITIONAL_MODEL_NOT_OBSERVATION
H,15,3,237.0,272.88000000000005,31250.0,-30977.12,CONDITIONAL_MODEL_NOT_OBSERVATION
H,15,4,276.0,435.192,30000.0,-29564.808,CONDITIONAL_MODEL_NOT_OBSERVATION
H,15,5,315.0,612.4728000000001,28750.0,-28137.5272,CONDITIONAL_MODEL_NOT_OBSERVATION
H,15,6,354.00000000000006,719.7696000000001,27500.0,-26780.2304,CONDITIONAL_MODEL_NOT_OBSERVATION
H,15,7,393.0,827.0664000000002,26250.0,-25422.9336,CONDITIONAL_MODEL_NOT_OBSERVATION
H,15,8,432.0,934.3632000000002,25000.0,-24065.6368,CONDITIONAL_MODEL_NOT_OBSERVATION
H,15,9,471.0000000000001,1041.66,23750.0,-22708.34,CONDITIONAL_MODEL_NOT_OBSERVATION
H,15,10,510.00000000000006,1148.9568000000002,22500.0,-21351.0432,CONDITIONAL_MODEL_NOT_OBSERVATION
H,15,11,549.0,1256.2536000000002,21250.0,-19993.7464,CONDITIONAL_MODEL_NOT_OBSERVATION
H,15,12,588.0,1363.5504000000003,20000.0,-18636.4496,CONDITIONAL_MODEL_NOT_OBSERVATION
H,15,13,627.0000000000001,1470.8472000000002,18750.0,-17279.1528,CONDITIONAL_MODEL_NOT_OBSERVATION
H,15,14,665.9999999999999,1578.1440000000002,17500.0,-15921.856,CONDITIONAL_MODEL_NOT_OBSERVATION
H,15,15,705.0,1685.4408,16250.0,-14564.5592,CONDITIONAL_MODEL_NOT_OBSERVATION
H,15,16,744.0,1792.7376000000002,15000.0,-13207.2624,CONDITIONAL_MODEL_NOT_OBSERVATION
H,15,17,783.0,1900.0344000000002,13750.0,-11849.9656,CONDITIONAL_MODEL_NOT_OBSERVATION
H,15,18,822.0000000000001,2007.3312000000003,12500.0,-10492.6688,CONDITIONAL_MODEL_NOT_OBSERVATION
H,15,19,860.9999999999999,2114.628,11250.000000000002,-9135.372000000001,CONDITIONAL_MODEL_NOT_OBSERVATION
H,15,20,900.0,2221.9248000000002,10000.0,-7778.075199999999,CONDITIONAL_MODEL_NOT_OBSERVATION
H,16,1,159.0,0.0,34250.0,-34250.0,CONDITIONAL_MODEL_NOT_OBSERVATION
H,16,2,198.0,127.2,33500.0,-33372.8,CONDITIONAL_MODEL_NOT_OBSERVATION
H,16,3,237.0,272.88000000000005,32750.0,-32477.12,CONDITIONAL_MODEL_NOT_OBSERVATION
H,16,4,276.0,435.192,32000.0,-31564.808,CONDITIONAL_MODEL_NOT_OBSERVATION
H,16,5,315.0,612.4728000000001,31250.0,-30637.5272,CONDITIONAL_MODEL_NOT_OBSERVATION
H,16,6,354.00000000000006,719.7696000000001,30500.0,-29780.2304,CONDITIONAL_MODEL_NOT_OBSERVATION
H,16,7,393.0,827.0664000000002,29750.0,-28922.9336,CONDITIONAL_MODEL_NOT_OBSERVATION
H,16,8,432.0,934.3632000000002,29000.0,-28065.6368,CONDITIONAL_MODEL_NOT_OBSERVATION
H,16,9,471.0000000000001,1041.66,28250.0,-27208.34,CONDITIONAL_MODEL_NOT_OBSERVATION
H,16,10,510.00000000000006,1148.9568000000002,27500.0,-26351.0432,CONDITIONAL_MODEL_NOT_OBSERVATION
H,16,11,549.0,1256.2536000000002,26750.0,-25493.7464,CONDITIONAL_MODEL_NOT_OBSERVATION
H,16,12,588.0,1363.5504000000003,26000.0,-24636.4496,CONDITIONAL_MODEL_NOT_OBSERVATION
H,16,13,627.0000000000001,1470.8472000000002,25250.0,-23779.1528,CONDITIONAL_MODEL_NOT_OBSERVATION
H,16,14,665.9999999999999,1578.1440000000002,24500.0,-22921.856,CONDITIONAL_MODEL_NOT_OBSERVATION
H,16,15,705.0,1685.4408,23750.0,-22064.5592,CONDITIONAL_MODEL_NOT_OBSERVATION
H,16,16,744.0,1792.7376000000002,23000.0,-21207.2624,CONDITIONAL_MODEL_NOT_OBSERVATION
H,16,17,783.0,1900.0344000000002,22250.0,-20349.9656,CONDITIONAL_MODEL_NOT_OBSERVATION
H,16,18,822.0000000000001,2007.3312000000003,21500.0,-19492.6688,CONDITIONAL_MODEL_NOT_OBSERVATION
H,16,19,860.9999999999999,2114.628,20750.0,-18635.372,CONDITIONAL_MODEL_NOT_OBSERVATION
H,16,20,900.0,2221.9248000000002,20000.0,-17778.0752,CONDITIONAL_MODEL_NOT_OBSERVATION
H,17,1,432.0,0.0,19000.0,-19000.0,CONDITIONAL_MODEL_NOT_OBSERVATION
H,17,2,444.0,345.6,18000.0,-17654.4,CONDITIONAL_MODEL_NOT_OBSERVATION
H,17,3,456.0,666.24,17000.0,-16333.76,CONDITIONAL_MODEL_NOT_OBSERVATION
H,17,4,468.0,964.416,16000.0,-15035.584,CONDITIONAL_MODEL_NOT_OBSERVATION
H,17,5,480.0,1242.3744000000004,15000.0,-13757.6256,CONDITIONAL_MODEL_NOT_OBSERVATION
H,17,6,491.99999999999994,1275.3888,14000.0,-12724.6112,CONDITIONAL_MODEL_NOT_OBSERVATION
H,17,7,504.0,1308.4032,13000.0,-11691.5968,CONDITIONAL_MODEL_NOT_OBSERVATION
H,17,8,516.0,1341.4176,12000.0,-10658.5824,CONDITIONAL_MODEL_NOT_OBSERVATION
H,17,9,528.0,1374.432,11000.0,-9625.568,CONDITIONAL_MODEL_NOT_OBSERVATION
H,17,10,540.0,1407.4464,10000.0,-8592.5536,CONDITIONAL_MODEL_NOT_OBSERVATION
H,17,11,540.0,1440.4608,10000,-8559.5392,CONDITIONAL_MODEL_NOT_OBSERVATION
H,17,12,540.0,1463.8752000000002,10000,-8536.1248,CONDITIONAL_MODEL_NOT_OBSERVATION
H,17,13,540.0,1478.6496000000002,10000,-8521.3504,CONDITIONAL_MODEL_NOT_OBSERVATION
H,17,14,540.0,1485.6480000000001,10000,-8514.351999999999,CONDITIONAL_MODEL_NOT_OBSERVATION
H,17,15,540.0,1485.6480000000001,10000,-8514.351999999999,CONDITIONAL_MODEL_NOT_OBSERVATION
H,17,16,540.0,1485.6480000000001,10000,-8514.351999999999,CONDITIONAL_MODEL_NOT_OBSERVATION
H,17,17,540.0,1485.6480000000001,10000,-8514.351999999999,CONDITIONAL_MODEL_NOT_OBSERVATION
H,17,18,540.0,1485.6480000000001,10000,-8514.351999999999,CONDITIONAL_MODEL_NOT_OBSERVATION
H,17,19,540.0,1485.6480000000001,10000,-8514.351999999999,CONDITIONAL_MODEL_NOT_OBSERVATION
H,17,20,540.0,1485.6480000000001,10000,-8514.351999999999,CONDITIONAL_MODEL_NOT_OBSERVATION
H,18,1,432.0,0.0,20000.0,-20000.0,CONDITIONAL_MODEL_NOT_OBSERVATION
H,18,2,444.0,345.6,20000.0,-19654.4,CONDITIONAL_MODEL_NOT_OBSERVATION
H,18,3,456.0,666.24,20000.0,-19333.76,CONDITIONAL_MODEL_NOT_OBSERVATION
H,18,4,468.0,964.416,20000.0,-19035.584,CONDITIONAL_MODEL_NOT_OBSERVATION
H,18,5,480.0,1242.3744000000004,20000.0,-18757.6256,CONDITIONAL_MODEL_NOT_OBSERVATION
H,18,6,491.99999999999994,1275.3888,20000.0,-18724.6112,CONDITIONAL_MODEL_NOT_OBSERVATION
H,18,7,504.0,1308.4032,20000.0,-18691.5968,CONDITIONAL_MODEL_NOT_OBSERVATION
H,18,8,516.0,1341.4176,20000.0,-18658.5824,CONDITIONAL_MODEL_NOT_OBSERVATION
H,18,9,528.0,1374.432,20000.0,-18625.568,CONDITIONAL_MODEL_NOT_OBSERVATION
H,18,10,540.0,1407.4464,20000.0,-18592.5536,CONDITIONAL_MODEL_NOT_OBSERVATION
H,18,11,540.0,1440.4608,20000,-18559.5392,CONDITIONAL_MODEL_NOT_OBSERVATION
H,18,12,540.0,1463.8752000000002,20000,-18536.1248,CONDITIONAL_MODEL_NOT_OBSERVATION
H,18,13,540.0,1478.6496000000002,20000,-18521.3504,CONDITIONAL_MODEL_NOT_OBSERVATION
H,18,14,540.0,1485.6480000000001,20000,-18514.352,CONDITIONAL_MODEL_NOT_OBSERVATION
H,18,15,540.0,1485.6480000000001,20000,-18514.352,CONDITIONAL_MODEL_NOT_OBSERVATION
H,18,16,540.0,1485.6480000000001,20000,-18514.352,CONDITIONAL_MODEL_NOT_OBSERVATION
H,18,17,540.0,1485.6480000000001,20000,-18514.352,CONDITIONAL_MODEL_NOT_OBSERVATION
H,18,18,540.0,1485.6480000000001,20000,-18514.352,CONDITIONAL_MODEL_NOT_OBSERVATION
H,18,19,540.0,1485.6480000000001,20000,-18514.352,CONDITIONAL_MODEL_NOT_OBSERVATION
H,18,20,540.0,1485.6480000000001,20000,-18514.352,CONDITIONAL_MODEL_NOT_OBSERVATION
H,19,1,432.0,0.0,32500.0,-32500.0,CONDITIONAL_MODEL_NOT_OBSERVATION
H,19,2,444.0,345.6,30000.0,-29654.4,CONDITIONAL_MODEL_NOT_OBSERVATION
H,19,3,456.0,666.24,27500.0,-26833.76,CONDITIONAL_MODEL_NOT_OBSERVATION
H,19,4,468.0,964.416,25000.0,-24035.584,CONDITIONAL_MODEL_NOT_OBSERVATION
H,19,5,480.0,1242.3744000000004,22500.0,-21257.6256,CONDITIONAL_MODEL_NOT_OBSERVATION
H,19,6,491.99999999999994,1275.3888,20000.0,-18724.6112,CONDITIONAL_MODEL_NOT_OBSERVATION
H,19,7,504.0,1308.4032,17500.0,-16191.5968,CONDITIONAL_MODEL_NOT_OBSERVATION
H,19,8,516.0,1341.4176,15000.0,-13658.5824,CONDITIONAL_MODEL_NOT_OBSERVATION
H,19,9,528.0,1374.432,12500.0,-11125.568,CONDITIONAL_MODEL_NOT_OBSERVATION
H,19,10,540.0,1407.4464,10000.0,-8592.5536,CONDITIONAL_MODEL_NOT_OBSERVATION
H,19,11,540.0,1440.4608,10000,-8559.5392,CONDITIONAL_MODEL_NOT_OBSERVATION
H,19,12,540.0,1463.8752000000002,10000,-8536.1248,CONDITIONAL_MODEL_NOT_OBSERVATION
H,19,13,540.0,1478.6496000000002,10000,-8521.3504,CONDITIONAL_MODEL_NOT_OBSERVATION
H,19,14,540.0,1485.6480000000001,10000,-8514.351999999999,CONDITIONAL_MODEL_NOT_OBSERVATION
H,19,15,540.0,1485.6480000000001,10000,-8514.351999999999,CONDITIONAL_MODEL_NOT_OBSERVATION
H,19,16,540.0,1485.6480000000001,10000,-8514.351999999999,CONDITIONAL_MODEL_NOT_OBSERVATION
H,19,17,540.0,1485.6480000000001,10000,-8514.351999999999,CONDITIONAL_MODEL_NOT_OBSERVATION
H,19,18,540.0,1485.6480000000001,10000,-8514.351999999999,CONDITIONAL_MODEL_NOT_OBSERVATION
H,19,19,540.0,1485.6480000000001,10000,-8514.351999999999,CONDITIONAL_MODEL_NOT_OBSERVATION
H,19,20,540.0,1485.6480000000001,10000,-8514.351999999999,CONDITIONAL_MODEL_NOT_OBSERVATION
H,20,1,432.0,0.0,33500.0,-33500.0,CONDITIONAL_MODEL_NOT_OBSERVATION
H,20,2,444.0,345.6,32000.0,-31654.4,CONDITIONAL_MODEL_NOT_OBSERVATION
H,20,3,456.0,666.24,30500.0,-29833.76,CONDITIONAL_MODEL_NOT_OBSERVATION
H,20,4,468.0,964.416,29000.0,-28035.584,CONDITIONAL_MODEL_NOT_OBSERVATION
H,20,5,480.0,1242.3744000000004,27500.0,-26257.6256,CONDITIONAL_MODEL_NOT_OBSERVATION
H,20,6,491.99999999999994,1275.3888,26000.0,-24724.6112,CONDITIONAL_MODEL_NOT_OBSERVATION
H,20,7,504.0,1308.4032,24500.0,-23191.5968,CONDITIONAL_MODEL_NOT_OBSERVATION
H,20,8,516.0,1341.4176,23000.0,-21658.5824,CONDITIONAL_MODEL_NOT_OBSERVATION
H,20,9,528.0,1374.432,21500.0,-20125.568,CONDITIONAL_MODEL_NOT_OBSERVATION
H,20,10,540.0,1407.4464,20000.0,-18592.5536,CONDITIONAL_MODEL_NOT_OBSERVATION
H,20,11,540.0,1440.4608,20000,-18559.5392,CONDITIONAL_MODEL_NOT_OBSERVATION
H,20,12,540.0,1463.8752000000002,20000,-18536.1248,CONDITIONAL_MODEL_NOT_OBSERVATION
H,20,13,540.0,1478.6496000000002,20000,-18521.3504,CONDITIONAL_MODEL_NOT_OBSERVATION
H,20,14,540.0,1485.6480000000001,20000,-18514.352,CONDITIONAL_MODEL_NOT_OBSERVATION
H,20,15,540.0,1485.6480000000001,20000,-18514.352,CONDITIONAL_MODEL_NOT_OBSERVATION
H,20,16,540.0,1485.6480000000001,20000,-18514.352,CONDITIONAL_MODEL_NOT_OBSERVATION
H,20,17,540.0,1485.6480000000001,20000,-18514.352,CONDITIONAL_MODEL_NOT_OBSERVATION
H,20,18,540.0,1485.6480000000001,20000,-18514.352,CONDITIONAL_MODEL_NOT_OBSERVATION
H,20,19,540.0,1485.6480000000001,20000,-18514.352,CONDITIONAL_MODEL_NOT_OBSERVATION
H,20,20,540.0,1485.6480000000001,20000,-18514.352,CONDITIONAL_MODEL_NOT_OBSERVATION
H,21,1,426.0,0.0,19500.0,-19500.0,CONDITIONAL_MODEL_NOT_OBSERVATION
H,21,2,432.0,340.8,19000.0,-18659.2,CONDITIONAL_MODEL_NOT_OBSERVATION
H,21,3,438.0,652.3200000000002,18500.0,-17847.68,CONDITIONAL_MODEL_NOT_OBSERVATION
H,21,4,444.0,937.4879999999999,18000.0,-17062.512,CONDITIONAL_MODEL_NOT_OBSERVATION
H,21,5,450.0,1198.9392000000003,17500.0,-16301.0608,CONDITIONAL_MODEL_NOT_OBSERVATION
H,21,6,456.0,1215.4464000000003,17000.0,-15784.5536,CONDITIONAL_MODEL_NOT_OBSERVATION
H,21,7,462.0,1231.9536,16500.0,-15268.0464,CONDITIONAL_MODEL_NOT_OBSERVATION
H,21,8,468.0,1248.4608,16000.0,-14751.5392,CONDITIONAL_MODEL_NOT_OBSERVATION
H,21,9,474.0,1264.968,15500.0,-14235.032,CONDITIONAL_MODEL_NOT_OBSERVATION
H,21,10,480.0,1281.4752,15000.0,-13718.5248,CONDITIONAL_MODEL_NOT_OBSERVATION
H,21,11,486.00000000000006,1297.9824,14500.0,-13202.0176,CONDITIONAL_MODEL_NOT_OBSERVATION
H,21,12,491.99999999999994,1314.4896,14000.0,-12685.5104,CONDITIONAL_MODEL_NOT_OBSERVATION
H,21,13,498.00000000000006,1330.9968000000001,13500.0,-12169.0032,CONDITIONAL_MODEL_NOT_OBSERVATION
H,21,14,504.0,1347.5040000000001,13000.0,-11652.496,CONDITIONAL_MODEL_NOT_OBSERVATION
H,21,15,510.0,1364.0112000000001,12500.0,-11135.9888,CONDITIONAL_MODEL_NOT_OBSERVATION
H,21,16,516.0,1380.5184000000002,12000.0,-10619.4816,CONDITIONAL_MODEL_NOT_OBSERVATION
H,21,17,522.0,1397.0256000000002,11500.0,-10102.9744,CONDITIONAL_MODEL_NOT_OBSERVATION
H,21,18,528.0,1413.5328000000002,11000.0,-9586.4672,CONDITIONAL_MODEL_NOT_OBSERVATION
H,21,19,534.0,1430.04,10500.0,-9069.96,CONDITIONAL_MODEL_NOT_OBSERVATION
H,21,20,540.0,1446.5472,10000.0,-8553.4528,CONDITIONAL_MODEL_NOT_OBSERVATION
H,22,1,426.0,0.0,20000.0,-20000.0,CONDITIONAL_MODEL_NOT_OBSERVATION
H,22,2,432.0,340.8,20000.0,-19659.2,CONDITIONAL_MODEL_NOT_OBSERVATION
H,22,3,438.0,652.3200000000002,20000.0,-19347.68,CONDITIONAL_MODEL_NOT_OBSERVATION
H,22,4,444.0,937.4879999999999,20000.0,-19062.512,CONDITIONAL_MODEL_NOT_OBSERVATION
H,22,5,450.0,1198.9392000000003,20000.0,-18801.0608,CONDITIONAL_MODEL_NOT_OBSERVATION
H,22,6,456.0,1215.4464000000003,20000.0,-18784.5536,CONDITIONAL_MODEL_NOT_OBSERVATION
H,22,7,462.0,1231.9536,20000.0,-18768.0464,CONDITIONAL_MODEL_NOT_OBSERVATION
H,22,8,468.0,1248.4608,20000.0,-18751.5392,CONDITIONAL_MODEL_NOT_OBSERVATION
H,22,9,474.0,1264.968,20000.0,-18735.032,CONDITIONAL_MODEL_NOT_OBSERVATION
H,22,10,480.0,1281.4752,20000.0,-18718.5248,CONDITIONAL_MODEL_NOT_OBSERVATION
H,22,11,486.00000000000006,1297.9824,20000.0,-18702.0176,CONDITIONAL_MODEL_NOT_OBSERVATION
H,22,12,491.99999999999994,1314.4896,20000.0,-18685.5104,CONDITIONAL_MODEL_NOT_OBSERVATION
H,22,13,498.00000000000006,1330.9968000000001,20000.0,-18669.0032,CONDITIONAL_MODEL_NOT_OBSERVATION
H,22,14,504.0,1347.5040000000001,20000.0,-18652.496,CONDITIONAL_MODEL_NOT_OBSERVATION
H,22,15,510.0,1364.0112000000001,20000.0,-18635.9888,CONDITIONAL_MODEL_NOT_OBSERVATION
H,22,16,516.0,1380.5184000000002,20000.0,-18619.4816,CONDITIONAL_MODEL_NOT_OBSERVATION
H,22,17,522.0,1397.0256000000002,20000.0,-18602.9744,CONDITIONAL_MODEL_NOT_OBSERVATION
H,22,18,528.0,1413.5328000000002,20000.0,-18586.4672,CONDITIONAL_MODEL_NOT_OBSERVATION
H,22,19,534.0,1430.04,20000.0,-18569.96,CONDITIONAL_MODEL_NOT_OBSERVATION
H,22,20,540.0,1446.5472,20000.0,-18553.4528,CONDITIONAL_MODEL_NOT_OBSERVATION
H,23,1,426.0,0.0,33750.0,-33750.0,CONDITIONAL_MODEL_NOT_OBSERVATION
H,23,2,432.0,340.8,32500.0,-32159.2,CONDITIONAL_MODEL_NOT_OBSERVATION
H,23,3,438.0,652.3200000000002,31250.0,-30597.68,CONDITIONAL_MODEL_NOT_OBSERVATION
H,23,4,444.0,937.4879999999999,30000.0,-29062.512,CONDITIONAL_MODEL_NOT_OBSERVATION
H,23,5,450.0,1198.9392000000003,28750.0,-27551.0608,CONDITIONAL_MODEL_NOT_OBSERVATION
H,23,6,456.0,1215.4464000000003,27500.0,-26284.5536,CONDITIONAL_MODEL_NOT_OBSERVATION
H,23,7,462.0,1231.9536,26250.0,-25018.0464,CONDITIONAL_MODEL_NOT_OBSERVATION
H,23,8,468.0,1248.4608,25000.0,-23751.5392,CONDITIONAL_MODEL_NOT_OBSERVATION
H,23,9,474.0,1264.968,23750.0,-22485.032,CONDITIONAL_MODEL_NOT_OBSERVATION
H,23,10,480.0,1281.4752,22500.0,-21218.5248,CONDITIONAL_MODEL_NOT_OBSERVATION
H,23,11,486.00000000000006,1297.9824,21250.0,-19952.0176,CONDITIONAL_MODEL_NOT_OBSERVATION
H,23,12,491.99999999999994,1314.4896,20000.0,-18685.5104,CONDITIONAL_MODEL_NOT_OBSERVATION
H,23,13,498.00000000000006,1330.9968000000001,18750.0,-17419.0032,CONDITIONAL_MODEL_NOT_OBSERVATION
H,23,14,504.0,1347.5040000000001,17500.0,-16152.496,CONDITIONAL_MODEL_NOT_OBSERVATION
H,23,15,510.0,1364.0112000000001,16250.0,-14885.9888,CONDITIONAL_MODEL_NOT_OBSERVATION
H,23,16,516.0,1380.5184000000002,15000.0,-13619.4816,CONDITIONAL_MODEL_NOT_OBSERVATION
H,23,17,522.0,1397.0256000000002,13750.0,-12352.9744,CONDITIONAL_MODEL_NOT_OBSERVATION
H,23,18,528.0,1413.5328000000002,12500.0,-11086.4672,CONDITIONAL_MODEL_NOT_OBSERVATION
H,23,19,534.0,1430.04,11250.000000000002,-9819.960000000003,CONDITIONAL_MODEL_NOT_OBSERVATION
H,23,20,540.0,1446.5472,10000.0,-8553.4528,CONDITIONAL_MODEL_NOT_OBSERVATION
H,24,1,426.0,0.0,34250.0,-34250.0,CONDITIONAL_MODEL_NOT_OBSERVATION
H,24,2,432.0,340.8,33500.0,-33159.2,CONDITIONAL_MODEL_NOT_OBSERVATION
H,24,3,438.0,652.3200000000002,32750.0,-32097.68,CONDITIONAL_MODEL_NOT_OBSERVATION
H,24,4,444.0,937.4879999999999,32000.0,-31062.512,CONDITIONAL_MODEL_NOT_OBSERVATION
H,24,5,450.0,1198.9392000000003,31250.0,-30051.0608,CONDITIONAL_MODEL_NOT_OBSERVATION
H,24,6,456.0,1215.4464000000003,30500.0,-29284.5536,CONDITIONAL_MODEL_NOT_OBSERVATION
H,24,7,462.0,1231.9536,29750.0,-28518.0464,CONDITIONAL_MODEL_NOT_OBSERVATION
H,24,8,468.0,1248.4608,29000.0,-27751.5392,CONDITIONAL_MODEL_NOT_OBSERVATION
H,24,9,474.0,1264.968,28250.0,-26985.032,CONDITIONAL_MODEL_NOT_OBSERVATION
H,24,10,480.0,1281.4752,27500.0,-26218.5248,CONDITIONAL_MODEL_NOT_OBSERVATION
H,24,11,486.00000000000006,1297.9824,26750.0,-25452.0176,CONDITIONAL_MODEL_NOT_OBSERVATION
H,24,12,491.99999999999994,1314.4896,26000.0,-24685.5104,CONDITIONAL_MODEL_NOT_OBSERVATION
H,24,13,498.00000000000006,1330.9968000000001,25250.0,-23919.0032,CONDITIONAL_MODEL_NOT_OBSERVATION
H,24,14,504.0,1347.5040000000001,24500.0,-23152.496,CONDITIONAL_MODEL_NOT_OBSERVATION
H,24,15,510.0,1364.0112000000001,23750.0,-22385.9888,CONDITIONAL_MODEL_NOT_OBSERVATION
H,24,16,516.0,1380.5184000000002,23000.0,-21619.4816,CONDITIONAL_MODEL_NOT_OBSERVATION
H,24,17,522.0,1397.0256000000002,22250.0,-20852.9744,CONDITIONAL_MODEL_NOT_OBSERVATION
H,24,18,528.0,1413.5328000000002,21500.0,-20086.4672,CONDITIONAL_MODEL_NOT_OBSERVATION
H,24,19,534.0,1430.04,20750.0,-19319.96,CONDITIONAL_MODEL_NOT_OBSERVATION
H,24,20,540.0,1446.5472,20000.0,-18553.4528,CONDITIONAL_MODEL_NOT_OBSERVATION
H,25,1,468.0,0.0,19000.0,-19000.0,CONDITIONAL_MODEL_NOT_OBSERVATION
H,25,2,516.0,374.40000000000003,18000.0,-17625.6,CONDITIONAL_MODEL_NOT_OBSERVATION
H,25,3,564.0,749.7600000000001,17000.0,-16250.24,CONDITIONAL_MODEL_NOT_OBSERVATION
H,25,4,612.0,1125.9840000000002,16000.0,-14874.016,CONDITIONAL_MODEL_NOT_OBSERVATION
H,25,5,660.0,1502.9856,15000.0,-13497.0144,CONDITIONAL_MODEL_NOT_OBSERVATION
H,25,6,708.0,1635.0432000000003,14000.0,-12364.9568,CONDITIONAL_MODEL_NOT_OBSERVATION
H,25,7,755.9999999999999,1767.1008000000002,13000.0,-11232.8992,CONDITIONAL_MODEL_NOT_OBSERVATION
H,25,8,804.0,1899.1584,12000.0,-10100.8416,CONDITIONAL_MODEL_NOT_OBSERVATION
H,25,9,852.0,2031.2160000000001,11000.0,-8968.784,CONDITIONAL_MODEL_NOT_OBSERVATION
H,25,10,900.0,2163.2736,10000.0,-7836.7264,CONDITIONAL_MODEL_NOT_OBSERVATION
H,25,11,900.0,2295.3312,10000,-7704.6687999999995,CONDITIONAL_MODEL_NOT_OBSERVATION
H,25,12,900.0,2388.9888,10000,-7611.0112,CONDITIONAL_MODEL_NOT_OBSERVATION
H,25,13,900.0,2448.0864,10000,-7551.9136,CONDITIONAL_MODEL_NOT_OBSERVATION
H,25,14,900.0,2476.0800000000004,10000,-7523.92,CONDITIONAL_MODEL_NOT_OBSERVATION
H,25,15,900.0,2476.0800000000004,10000,-7523.92,CONDITIONAL_MODEL_NOT_OBSERVATION
H,25,16,900.0,2476.0800000000004,10000,-7523.92,CONDITIONAL_MODEL_NOT_OBSERVATION
H,25,17,900.0,2476.0800000000004,10000,-7523.92,CONDITIONAL_MODEL_NOT_OBSERVATION
H,25,18,900.0,2476.0800000000004,10000,-7523.92,CONDITIONAL_MODEL_NOT_OBSERVATION
H,25,19,900.0,2476.0800000000004,10000,-7523.92,CONDITIONAL_MODEL_NOT_OBSERVATION
H,25,20,900.0,2476.0800000000004,10000,-7523.92,CONDITIONAL_MODEL_NOT_OBSERVATION
H,26,1,468.0,0.0,20000.0,-20000.0,CONDITIONAL_MODEL_NOT_OBSERVATION
H,26,2,516.0,374.40000000000003,20000.0,-19625.6,CONDITIONAL_MODEL_NOT_OBSERVATION
H,26,3,564.0,749.7600000000001,20000.0,-19250.24,CONDITIONAL_MODEL_NOT_OBSERVATION
H,26,4,612.0,1125.9840000000002,20000.0,-18874.016,CONDITIONAL_MODEL_NOT_OBSERVATION
H,26,5,660.0,1502.9856,20000.0,-18497.0144,CONDITIONAL_MODEL_NOT_OBSERVATION
H,26,6,708.0,1635.0432000000003,20000.0,-18364.9568,CONDITIONAL_MODEL_NOT_OBSERVATION
H,26,7,755.9999999999999,1767.1008000000002,20000.0,-18232.8992,CONDITIONAL_MODEL_NOT_OBSERVATION
H,26,8,804.0,1899.1584,20000.0,-18100.8416,CONDITIONAL_MODEL_NOT_OBSERVATION
H,26,9,852.0,2031.2160000000001,20000.0,-17968.784,CONDITIONAL_MODEL_NOT_OBSERVATION
H,26,10,900.0,2163.2736,20000.0,-17836.7264,CONDITIONAL_MODEL_NOT_OBSERVATION
H,26,11,900.0,2295.3312,20000,-17704.6688,CONDITIONAL_MODEL_NOT_OBSERVATION
H,26,12,900.0,2388.9888,20000,-17611.0112,CONDITIONAL_MODEL_NOT_OBSERVATION
H,26,13,900.0,2448.0864,20000,-17551.9136,CONDITIONAL_MODEL_NOT_OBSERVATION
H,26,14,900.0,2476.0800000000004,20000,-17523.92,CONDITIONAL_MODEL_NOT_OBSERVATION
H,26,15,900.0,2476.0800000000004,20000,-17523.92,CONDITIONAL_MODEL_NOT_OBSERVATION
H,26,16,900.0,2476.0800000000004,20000,-17523.92,CONDITIONAL_MODEL_NOT_OBSERVATION
H,26,17,900.0,2476.0800000000004,20000,-17523.92,CONDITIONAL_MODEL_NOT_OBSERVATION
H,26,18,900.0,2476.0800000000004,20000,-17523.92,CONDITIONAL_MODEL_NOT_OBSERVATION
H,26,19,900.0,2476.0800000000004,20000,-17523.92,CONDITIONAL_MODEL_NOT_OBSERVATION
H,26,20,900.0,2476.0800000000004,20000,-17523.92,CONDITIONAL_MODEL_NOT_OBSERVATION
H,27,1,468.0,0.0,32500.0,-32500.0,CONDITIONAL_MODEL_NOT_OBSERVATION
H,27,2,516.0,374.40000000000003,30000.0,-29625.6,CONDITIONAL_MODEL_NOT_OBSERVATION
H,27,3,564.0,749.7600000000001,27500.0,-26750.24,CONDITIONAL_MODEL_NOT_OBSERVATION
H,27,4,612.0,1125.9840000000002,25000.0,-23874.016,CONDITIONAL_MODEL_NOT_OBSERVATION
H,27,5,660.0,1502.9856,22500.0,-20997.0144,CONDITIONAL_MODEL_NOT_OBSERVATION
H,27,6,708.0,1635.0432000000003,20000.0,-18364.9568,CONDITIONAL_MODEL_NOT_OBSERVATION
H,27,7,755.9999999999999,1767.1008000000002,17500.0,-15732.8992,CONDITIONAL_MODEL_NOT_OBSERVATION
H,27,8,804.0,1899.1584,15000.0,-13100.8416,CONDITIONAL_MODEL_NOT_OBSERVATION
H,27,9,852.0,2031.2160000000001,12500.0,-10468.784,CONDITIONAL_MODEL_NOT_OBSERVATION
H,27,10,900.0,2163.2736,10000.0,-7836.7264,CONDITIONAL_MODEL_NOT_OBSERVATION
H,27,11,900.0,2295.3312,10000,-7704.6687999999995,CONDITIONAL_MODEL_NOT_OBSERVATION
H,27,12,900.0,2388.9888,10000,-7611.0112,CONDITIONAL_MODEL_NOT_OBSERVATION
H,27,13,900.0,2448.0864,10000,-7551.9136,CONDITIONAL_MODEL_NOT_OBSERVATION
H,27,14,900.0,2476.0800000000004,10000,-7523.92,CONDITIONAL_MODEL_NOT_OBSERVATION
H,27,15,900.0,2476.0800000000004,10000,-7523.92,CONDITIONAL_MODEL_NOT_OBSERVATION
H,27,16,900.0,2476.0800000000004,10000,-7523.92,CONDITIONAL_MODEL_NOT_OBSERVATION
H,27,17,900.0,2476.0800000000004,10000,-7523.92,CONDITIONAL_MODEL_NOT_OBSERVATION
H,27,18,900.0,2476.0800000000004,10000,-7523.92,CONDITIONAL_MODEL_NOT_OBSERVATION
H,27,19,900.0,2476.0800000000004,10000,-7523.92,CONDITIONAL_MODEL_NOT_OBSERVATION
H,27,20,900.0,2476.0800000000004,10000,-7523.92,CONDITIONAL_MODEL_NOT_OBSERVATION
H,28,1,468.0,0.0,33500.0,-33500.0,CONDITIONAL_MODEL_NOT_OBSERVATION
H,28,2,516.0,374.40000000000003,32000.0,-31625.6,CONDITIONAL_MODEL_NOT_OBSERVATION
H,28,3,564.0,749.7600000000001,30500.0,-29750.24,CONDITIONAL_MODEL_NOT_OBSERVATION
H,28,4,612.0,1125.9840000000002,29000.0,-27874.016,CONDITIONAL_MODEL_NOT_OBSERVATION
H,28,5,660.0,1502.9856,27500.0,-25997.0144,CONDITIONAL_MODEL_NOT_OBSERVATION
H,28,6,708.0,1635.0432000000003,26000.0,-24364.9568,CONDITIONAL_MODEL_NOT_OBSERVATION
H,28,7,755.9999999999999,1767.1008000000002,24500.0,-22732.8992,CONDITIONAL_MODEL_NOT_OBSERVATION
H,28,8,804.0,1899.1584,23000.0,-21100.8416,CONDITIONAL_MODEL_NOT_OBSERVATION
H,28,9,852.0,2031.2160000000001,21500.0,-19468.784,CONDITIONAL_MODEL_NOT_OBSERVATION
H,28,10,900.0,2163.2736,20000.0,-17836.7264,CONDITIONAL_MODEL_NOT_OBSERVATION
H,28,11,900.0,2295.3312,20000,-17704.6688,CONDITIONAL_MODEL_NOT_OBSERVATION
H,28,12,900.0,2388.9888,20000,-17611.0112,CONDITIONAL_MODEL_NOT_OBSERVATION
H,28,13,900.0,2448.0864,20000,-17551.9136,CONDITIONAL_MODEL_NOT_OBSERVATION
H,28,14,900.0,2476.0800000000004,20000,-17523.92,CONDITIONAL_MODEL_NOT_OBSERVATION
H,28,15,900.0,2476.0800000000004,20000,-17523.92,CONDITIONAL_MODEL_NOT_OBSERVATION
H,28,16,900.0,2476.0800000000004,20000,-17523.92,CONDITIONAL_MODEL_NOT_OBSERVATION
H,28,17,900.0,2476.0800000000004,20000,-17523.92,CONDITIONAL_MODEL_NOT_OBSERVATION
H,28,18,900.0,2476.0800000000004,20000,-17523.92,CONDITIONAL_MODEL_NOT_OBSERVATION
H,28,19,900.0,2476.0800000000004,20000,-17523.92,CONDITIONAL_MODEL_NOT_OBSERVATION
H,28,20,900.0,2476.0800000000004,20000,-17523.92,CONDITIONAL_MODEL_NOT_OBSERVATION
H,29,1,444.0,0.0,19500.0,-19500.0,CONDITIONAL_MODEL_NOT_OBSERVATION
H,29,2,468.0,355.20000000000005,19000.0,-18644.8,CONDITIONAL_MODEL_NOT_OBSERVATION
H,29,3,491.99999999999994,694.08,18500.0,-17805.92,CONDITIONAL_MODEL_NOT_OBSERVATION
H,29,4,516.0,1018.2719999999999,18000.0,-16981.728,CONDITIONAL_MODEL_NOT_OBSERVATION
H,29,5,540.0,1329.2448000000002,17500.0,-16170.7552,CONDITIONAL_MODEL_NOT_OBSERVATION
H,29,6,564.0,1395.2736000000002,17000.0,-15604.7264,CONDITIONAL_MODEL_NOT_OBSERVATION
H,29,7,588.0,1461.3024000000003,16500.0,-15038.6976,CONDITIONAL_MODEL_NOT_OBSERVATION
H,29,8,612.0,1527.3312,16000.0,-14472.6688,CONDITIONAL_MODEL_NOT_OBSERVATION
H,29,9,636.0,1593.3600000000001,15500.0,-13906.64,CONDITIONAL_MODEL_NOT_OBSERVATION
H,29,10,660.0,1659.3888000000004,15000.0,-13340.6112,CONDITIONAL_MODEL_NOT_OBSERVATION
H,29,11,684.0000000000001,1725.4176,14500.0,-12774.5824,CONDITIONAL_MODEL_NOT_OBSERVATION
H,29,12,708.0,1791.4464,14000.0,-12208.5536,CONDITIONAL_MODEL_NOT_OBSERVATION
H,29,13,732.0,1857.4752000000005,13500.0,-11642.5248,CONDITIONAL_MODEL_NOT_OBSERVATION
H,29,14,755.9999999999999,1923.5040000000001,13000.0,-11076.496,CONDITIONAL_MODEL_NOT_OBSERVATION
H,29,15,780.0,1989.5328000000002,12500.0,-10510.4672,CONDITIONAL_MODEL_NOT_OBSERVATION
H,29,16,804.0,2055.5616,12000.0,-9944.4384,CONDITIONAL_MODEL_NOT_OBSERVATION
H,29,17,827.9999999999999,2121.5904,11500.0,-9378.409599999999,CONDITIONAL_MODEL_NOT_OBSERVATION
H,29,18,852.0,2187.6192000000005,11000.0,-8812.380799999999,CONDITIONAL_MODEL_NOT_OBSERVATION
H,29,19,876.0,2253.6479999999997,10500.0,-8246.352,CONDITIONAL_MODEL_NOT_OBSERVATION
H,29,20,900.0,2319.6768,10000.0,-7680.3232,CONDITIONAL_MODEL_NOT_OBSERVATION
H,30,1,444.0,0.0,20000.0,-20000.0,CONDITIONAL_MODEL_NOT_OBSERVATION
H,30,2,468.0,355.20000000000005,20000.0,-19644.8,CONDITIONAL_MODEL_NOT_OBSERVATION
H,30,3,491.99999999999994,694.08,20000.0,-19305.92,CONDITIONAL_MODEL_NOT_OBSERVATION
H,30,4,516.0,1018.2719999999999,20000.0,-18981.728,CONDITIONAL_MODEL_NOT_OBSERVATION
H,30,5,540.0,1329.2448000000002,20000.0,-18670.7552,CONDITIONAL_MODEL_NOT_OBSERVATION
H,30,6,564.0,1395.2736000000002,20000.0,-18604.7264,CONDITIONAL_MODEL_NOT_OBSERVATION
H,30,7,588.0,1461.3024000000003,20000.0,-18538.6976,CONDITIONAL_MODEL_NOT_OBSERVATION
H,30,8,612.0,1527.3312,20000.0,-18472.6688,CONDITIONAL_MODEL_NOT_OBSERVATION
H,30,9,636.0,1593.3600000000001,20000.0,-18406.64,CONDITIONAL_MODEL_NOT_OBSERVATION
H,30,10,660.0,1659.3888000000004,20000.0,-18340.6112,CONDITIONAL_MODEL_NOT_OBSERVATION
H,30,11,684.0000000000001,1725.4176,20000.0,-18274.5824,CONDITIONAL_MODEL_NOT_OBSERVATION
H,30,12,708.0,1791.4464,20000.0,-18208.5536,CONDITIONAL_MODEL_NOT_OBSERVATION
H,30,13,732.0,1857.4752000000005,20000.0,-18142.5248,CONDITIONAL_MODEL_NOT_OBSERVATION
H,30,14,755.9999999999999,1923.5040000000001,20000.0,-18076.496,CONDITIONAL_MODEL_NOT_OBSERVATION
H,30,15,780.0,1989.5328000000002,20000.0,-18010.4672,CONDITIONAL_MODEL_NOT_OBSERVATION
H,30,16,804.0,2055.5616,20000.0,-17944.4384,CONDITIONAL_MODEL_NOT_OBSERVATION
H,30,17,827.9999999999999,2121.5904,20000.0,-17878.4096,CONDITIONAL_MODEL_NOT_OBSERVATION
H,30,18,852.0,2187.6192000000005,20000.0,-17812.3808,CONDITIONAL_MODEL_NOT_OBSERVATION
H,30,19,876.0,2253.6479999999997,20000.0,-17746.352,CONDITIONAL_MODEL_NOT_OBSERVATION
H,30,20,900.0,2319.6768,20000.0,-17680.3232,CONDITIONAL_MODEL_NOT_OBSERVATION
H,31,1,444.0,0.0,33750.0,-33750.0,CONDITIONAL_MODEL_NOT_OBSERVATION
H,31,2,468.0,355.20000000000005,32500.0,-32144.8,CONDITIONAL_MODEL_NOT_OBSERVATION
H,31,3,491.99999999999994,694.08,31250.0,-30555.92,CONDITIONAL_MODEL_NOT_OBSERVATION
H,31,4,516.0,1018.2719999999999,30000.0,-28981.728,CONDITIONAL_MODEL_NOT_OBSERVATION
H,31,5,540.0,1329.2448000000002,28750.0,-27420.7552,CONDITIONAL_MODEL_NOT_OBSERVATION
H,31,6,564.0,1395.2736000000002,27500.0,-26104.7264,CONDITIONAL_MODEL_NOT_OBSERVATION
H,31,7,588.0,1461.3024000000003,26250.0,-24788.6976,CONDITIONAL_MODEL_NOT_OBSERVATION
H,31,8,612.0,1527.3312,25000.0,-23472.6688,CONDITIONAL_MODEL_NOT_OBSERVATION
H,31,9,636.0,1593.3600000000001,23750.0,-22156.64,CONDITIONAL_MODEL_NOT_OBSERVATION
H,31,10,660.0,1659.3888000000004,22500.0,-20840.6112,CONDITIONAL_MODEL_NOT_OBSERVATION
H,31,11,684.0000000000001,1725.4176,21250.0,-19524.5824,CONDITIONAL_MODEL_NOT_OBSERVATION
H,31,12,708.0,1791.4464,20000.0,-18208.5536,CONDITIONAL_MODEL_NOT_OBSERVATION
H,31,13,732.0,1857.4752000000005,18750.0,-16892.5248,CONDITIONAL_MODEL_NOT_OBSERVATION
H,31,14,755.9999999999999,1923.5040000000001,17500.0,-15576.496,CONDITIONAL_MODEL_NOT_OBSERVATION
H,31,15,780.0,1989.5328000000002,16250.0,-14260.4672,CONDITIONAL_MODEL_NOT_OBSERVATION
H,31,16,804.0,2055.5616,15000.0,-12944.4384,CONDITIONAL_MODEL_NOT_OBSERVATION
H,31,17,827.9999999999999,2121.5904,13750.0,-11628.409599999999,CONDITIONAL_MODEL_NOT_OBSERVATION
H,31,18,852.0,2187.6192000000005,12500.0,-10312.380799999999,CONDITIONAL_MODEL_NOT_OBSERVATION
H,31,19,876.0,2253.6479999999997,11250.000000000002,-8996.352000000003,CONDITIONAL_MODEL_NOT_OBSERVATION
H,31,20,900.0,2319.6768,10000.0,-7680.3232,CONDITIONAL_MODEL_NOT_OBSERVATION
H,32,1,444.0,0.0,34250.0,-34250.0,CONDITIONAL_MODEL_NOT_OBSERVATION
H,32,2,468.0,355.20000000000005,33500.0,-33144.8,CONDITIONAL_MODEL_NOT_OBSERVATION
H,32,3,491.99999999999994,694.08,32750.0,-32055.92,CONDITIONAL_MODEL_NOT_OBSERVATION
H,32,4,516.0,1018.2719999999999,32000.0,-30981.728,CONDITIONAL_MODEL_NOT_OBSERVATION
H,32,5,540.0,1329.2448000000002,31250.0,-29920.7552,CONDITIONAL_MODEL_NOT_OBSERVATION
H,32,6,564.0,1395.2736000000002,30500.0,-29104.7264,CONDITIONAL_MODEL_NOT_OBSERVATION
H,32,7,588.0,1461.3024000000003,29750.0,-28288.6976,CONDITIONAL_MODEL_NOT_OBSERVATION
H,32,8,612.0,1527.3312,29000.0,-27472.6688,CONDITIONAL_MODEL_NOT_OBSERVATION
H,32,9,636.0,1593.3600000000001,28250.0,-26656.64,CONDITIONAL_MODEL_NOT_OBSERVATION
H,32,10,660.0,1659.3888000000004,27500.0,-25840.6112,CONDITIONAL_MODEL_NOT_OBSERVATION
H,32,11,684.0000000000001,1725.4176,26750.0,-25024.5824,CONDITIONAL_MODEL_NOT_OBSERVATION
H,32,12,708.0,1791.4464,26000.0,-24208.5536,CONDITIONAL_MODEL_NOT_OBSERVATION
H,32,13,732.0,1857.4752000000005,25250.0,-23392.5248,CONDITIONAL_MODEL_NOT_OBSERVATION
H,32,14,755.9999999999999,1923.5040000000001,24500.0,-22576.496,CONDITIONAL_MODEL_NOT_OBSERVATION
H,32,15,780.0,1989.5328000000002,23750.0,-21760.4672,CONDITIONAL_MODEL_NOT_OBSERVATION
H,32,16,804.0,2055.5616,23000.0,-20944.4384,CONDITIONAL_MODEL_NOT_OBSERVATION
H,32,17,827.9999999999999,2121.5904,22250.0,-20128.4096,CONDITIONAL_MODEL_NOT_OBSERVATION
H,32,18,852.0,2187.6192000000005,21500.0,-19312.3808,CONDITIONAL_MODEL_NOT_OBSERVATION
H,32,19,876.0,2253.6479999999997,20750.0,-18496.352,CONDITIONAL_MODEL_NOT_OBSERVATION
H,32,20,900.0,2319.6768,20000.0,-17680.3232,CONDITIONAL_MODEL_NOT_OBSERVATION
H,33,1,297.0,0.0,19000.0,-19000.0,CONDITIONAL_MODEL_NOT_OBSERVATION
H,33,2,373.99999999999994,237.60000000000002,18000.0,-17762.4,CONDITIONAL_MODEL_NOT_OBSERVATION
H,33,3,451.00000000000006,513.04,17000.0,-16486.96,CONDITIONAL_MODEL_NOT_OBSERVATION
H,33,4,528.0,822.5360000000001,16000.0,-15177.464,CONDITIONAL_MODEL_NOT_OBSERVATION
H,33,5,605.0,1162.6824000000001,15000.0,-13837.3176,CONDITIONAL_MODEL_NOT_OBSERVATION
H,33,6,682.0,1374.5248000000001,14000.0,-12625.4752,CONDITIONAL_MODEL_NOT_OBSERVATION
H,33,7,758.9999999999999,1586.3672000000004,13000.0,-11413.6328,CONDITIONAL_MODEL_NOT_OBSERVATION
H,33,8,836.0,1798.2096,12000.0,-10201.7904,CONDITIONAL_MODEL_NOT_OBSERVATION
H,33,9,913.0000000000001,2010.0520000000001,11000.0,-8989.948,CONDITIONAL_MODEL_NOT_OBSERVATION
H,33,10,989.9999999999999,2221.8944,10000.0,-7778.1056,CONDITIONAL_MODEL_NOT_OBSERVATION
H,33,11,989.9999999999999,2433.7368,10000,-7566.263199999999,CONDITIONAL_MODEL_NOT_OBSERVATION
H,33,12,989.9999999999999,2583.9791999999998,10000,-7416.0208,CONDITIONAL_MODEL_NOT_OBSERVATION
H,33,13,989.9999999999999,2678.7816000000003,10000,-7321.2184,CONDITIONAL_MODEL_NOT_OBSERVATION
H,33,14,989.9999999999999,2723.688,10000,-7276.312,CONDITIONAL_MODEL_NOT_OBSERVATION
H,33,15,989.9999999999999,2723.688,10000,-7276.312,CONDITIONAL_MODEL_NOT_OBSERVATION
H,33,16,989.9999999999999,2723.688,10000,-7276.312,CONDITIONAL_MODEL_NOT_OBSERVATION
H,33,17,989.9999999999999,2723.688,10000,-7276.312,CONDITIONAL_MODEL_NOT_OBSERVATION
H,33,18,989.9999999999999,2723.688,10000,-7276.312,CONDITIONAL_MODEL_NOT_OBSERVATION
H,33,19,989.9999999999999,2723.688,10000,-7276.312,CONDITIONAL_MODEL_NOT_OBSERVATION
H,33,20,989.9999999999999,2723.688,10000,-7276.312,CONDITIONAL_MODEL_NOT_OBSERVATION
H,34,1,297.0,0.0,20000.0,-20000.0,CONDITIONAL_MODEL_NOT_OBSERVATION
H,34,2,373.99999999999994,237.60000000000002,20000.0,-19762.4,CONDITIONAL_MODEL_NOT_OBSERVATION
H,34,3,451.00000000000006,513.04,20000.0,-19486.96,CONDITIONAL_MODEL_NOT_OBSERVATION
H,34,4,528.0,822.5360000000001,20000.0,-19177.464,CONDITIONAL_MODEL_NOT_OBSERVATION
H,34,5,605.0,1162.6824000000001,20000.0,-18837.3176,CONDITIONAL_MODEL_NOT_OBSERVATION
H,34,6,682.0,1374.5248000000001,20000.0,-18625.4752,CONDITIONAL_MODEL_NOT_OBSERVATION
H,34,7,758.9999999999999,1586.3672000000004,20000.0,-18413.6328,CONDITIONAL_MODEL_NOT_OBSERVATION
H,34,8,836.0,1798.2096,20000.0,-18201.7904,CONDITIONAL_MODEL_NOT_OBSERVATION
H,34,9,913.0000000000001,2010.0520000000001,20000.0,-17989.948,CONDITIONAL_MODEL_NOT_OBSERVATION
H,34,10,989.9999999999999,2221.8944,20000.0,-17778.1056,CONDITIONAL_MODEL_NOT_OBSERVATION
H,34,11,989.9999999999999,2433.7368,20000,-17566.2632,CONDITIONAL_MODEL_NOT_OBSERVATION
H,34,12,989.9999999999999,2583.9791999999998,20000,-17416.0208,CONDITIONAL_MODEL_NOT_OBSERVATION
H,34,13,989.9999999999999,2678.7816000000003,20000,-17321.218399999998,CONDITIONAL_MODEL_NOT_OBSERVATION
H,34,14,989.9999999999999,2723.688,20000,-17276.311999999998,CONDITIONAL_MODEL_NOT_OBSERVATION
H,34,15,989.9999999999999,2723.688,20000,-17276.311999999998,CONDITIONAL_MODEL_NOT_OBSERVATION
H,34,16,989.9999999999999,2723.688,20000,-17276.311999999998,CONDITIONAL_MODEL_NOT_OBSERVATION
H,34,17,989.9999999999999,2723.688,20000,-17276.311999999998,CONDITIONAL_MODEL_NOT_OBSERVATION
H,34,18,989.9999999999999,2723.688,20000,-17276.311999999998,CONDITIONAL_MODEL_NOT_OBSERVATION
H,34,19,989.9999999999999,2723.688,20000,-17276.311999999998,CONDITIONAL_MODEL_NOT_OBSERVATION
H,34,20,989.9999999999999,2723.688,20000,-17276.311999999998,CONDITIONAL_MODEL_NOT_OBSERVATION
H,35,1,297.0,0.0,32500.0,-32500.0,CONDITIONAL_MODEL_NOT_OBSERVATION
H,35,2,373.99999999999994,237.60000000000002,30000.0,-29762.4,CONDITIONAL_MODEL_NOT_OBSERVATION
H,35,3,451.00000000000006,513.04,27500.0,-26986.96,CONDITIONAL_MODEL_NOT_OBSERVATION
H,35,4,528.0,822.5360000000001,25000.0,-24177.464,CONDITIONAL_MODEL_NOT_OBSERVATION
H,35,5,605.0,1162.6824000000001,22500.0,-21337.3176,CONDITIONAL_MODEL_NOT_OBSERVATION
H,35,6,682.0,1374.5248000000001,20000.0,-18625.4752,CONDITIONAL_MODEL_NOT_OBSERVATION
H,35,7,758.9999999999999,1586.3672000000004,17500.0,-15913.6328,CONDITIONAL_MODEL_NOT_OBSERVATION
H,35,8,836.0,1798.2096,15000.0,-13201.7904,CONDITIONAL_MODEL_NOT_OBSERVATION
H,35,9,913.0000000000001,2010.0520000000001,12500.0,-10489.948,CONDITIONAL_MODEL_NOT_OBSERVATION
H,35,10,989.9999999999999,2221.8944,10000.0,-7778.1056,CONDITIONAL_MODEL_NOT_OBSERVATION
H,35,11,989.9999999999999,2433.7368,10000,-7566.263199999999,CONDITIONAL_MODEL_NOT_OBSERVATION
H,35,12,989.9999999999999,2583.9791999999998,10000,-7416.0208,CONDITIONAL_MODEL_NOT_OBSERVATION
H,35,13,989.9999999999999,2678.7816000000003,10000,-7321.2184,CONDITIONAL_MODEL_NOT_OBSERVATION
H,35,14,989.9999999999999,2723.688,10000,-7276.312,CONDITIONAL_MODEL_NOT_OBSERVATION
H,35,15,989.9999999999999,2723.688,10000,-7276.312,CONDITIONAL_MODEL_NOT_OBSERVATION
H,35,16,989.9999999999999,2723.688,10000,-7276.312,CONDITIONAL_MODEL_NOT_OBSERVATION
H,35,17,989.9999999999999,2723.688,10000,-7276.312,CONDITIONAL_MODEL_NOT_OBSERVATION
H,35,18,989.9999999999999,2723.688,10000,-7276.312,CONDITIONAL_MODEL_NOT_OBSERVATION
H,35,19,989.9999999999999,2723.688,10000,-7276.312,CONDITIONAL_MODEL_NOT_OBSERVATION
H,35,20,989.9999999999999,2723.688,10000,-7276.312,CONDITIONAL_MODEL_NOT_OBSERVATION
H,36,1,297.0,0.0,33500.0,-33500.0,CONDITIONAL_MODEL_NOT_OBSERVATION
H,36,2,373.99999999999994,237.60000000000002,32000.0,-31762.4,CONDITIONAL_MODEL_NOT_OBSERVATION
H,36,3,451.00000000000006,513.04,30500.0,-29986.96,CONDITIONAL_MODEL_NOT_OBSERVATION
H,36,4,528.0,822.5360000000001,29000.0,-28177.464,CONDITIONAL_MODEL_NOT_OBSERVATION
H,36,5,605.0,1162.6824000000001,27500.0,-26337.3176,CONDITIONAL_MODEL_NOT_OBSERVATION
H,36,6,682.0,1374.5248000000001,26000.0,-24625.4752,CONDITIONAL_MODEL_NOT_OBSERVATION
H,36,7,758.9999999999999,1586.3672000000004,24500.0,-22913.6328,CONDITIONAL_MODEL_NOT_OBSERVATION
H,36,8,836.0,1798.2096,23000.0,-21201.7904,CONDITIONAL_MODEL_NOT_OBSERVATION
H,36,9,913.0000000000001,2010.0520000000001,21500.0,-19489.948,CONDITIONAL_MODEL_NOT_OBSERVATION
H,36,10,989.9999999999999,2221.8944,20000.0,-17778.1056,CONDITIONAL_MODEL_NOT_OBSERVATION
H,36,11,989.9999999999999,2433.7368,20000,-17566.2632,CONDITIONAL_MODEL_NOT_OBSERVATION
H,36,12,989.9999999999999,2583.9791999999998,20000,-17416.0208,CONDITIONAL_MODEL_NOT_OBSERVATION
H,36,13,989.9999999999999,2678.7816000000003,20000,-17321.218399999998,CONDITIONAL_MODEL_NOT_OBSERVATION
H,36,14,989.9999999999999,2723.688,20000,-17276.311999999998,CONDITIONAL_MODEL_NOT_OBSERVATION
H,36,15,989.9999999999999,2723.688,20000,-17276.311999999998,CONDITIONAL_MODEL_NOT_OBSERVATION
H,36,16,989.9999999999999,2723.688,20000,-17276.311999999998,CONDITIONAL_MODEL_NOT_OBSERVATION
H,36,17,989.9999999999999,2723.688,20000,-17276.311999999998,CONDITIONAL_MODEL_NOT_OBSERVATION
H,36,18,989.9999999999999,2723.688,20000,-17276.311999999998,CONDITIONAL_MODEL_NOT_OBSERVATION
H,36,19,989.9999999999999,2723.688,20000,-17276.311999999998,CONDITIONAL_MODEL_NOT_OBSERVATION
H,36,20,989.9999999999999,2723.688,20000,-17276.311999999998,CONDITIONAL_MODEL_NOT_OBSERVATION
H,37,1,258.5,0.0,19500.0,-19500.0,CONDITIONAL_MODEL_NOT_OBSERVATION
H,37,2,297.0,206.8,19000.0,-18793.2,CONDITIONAL_MODEL_NOT_OBSERVATION
H,37,3,335.5,423.72,18500.0,-18076.28,CONDITIONAL_MODEL_NOT_OBSERVATION
H,37,4,373.99999999999994,649.748,18000.0,-17350.252,CONDITIONAL_MODEL_NOT_OBSERVATION
H,37,5,412.5,883.9732,17500.0,-16616.0268,CONDITIONAL_MODEL_NOT_OBSERVATION
H,37,6,451.00000000000006,989.8944,17000.0,-16010.1056,CONDITIONAL_MODEL_NOT_OBSERVATION
H,37,7,489.49999999999994,1095.8156000000001,16500.0,-15404.1844,CONDITIONAL_MODEL_NOT_OBSERVATION
H,37,8,528.0,1201.7368000000001,16000.0,-14798.2632,CONDITIONAL_MODEL_NOT_OBSERVATION
H,37,9,566.5,1307.6580000000004,15500.0,-14192.342,CONDITIONAL_MODEL_NOT_OBSERVATION
H,37,10,605.0,1413.5792000000001,15000.0,-13586.4208,CONDITIONAL_MODEL_NOT_OBSERVATION
H,37,11,643.5,1519.5004000000001,14500.0,-12980.4996,CONDITIONAL_MODEL_NOT_OBSERVATION
H,37,12,682.0,1625.4216000000001,14000.0,-12374.5784,CONDITIONAL_MODEL_NOT_OBSERVATION
H,37,13,720.5,1731.3428000000001,13500.0,-11768.6572,CONDITIONAL_MODEL_NOT_OBSERVATION
H,37,14,758.9999999999999,1837.2640000000004,13000.0,-11162.735999999999,CONDITIONAL_MODEL_NOT_OBSERVATION
H,37,15,797.4999999999999,1943.1852,12500.0,-10556.8148,CONDITIONAL_MODEL_NOT_OBSERVATION
H,37,16,836.0,2049.1064,12000.0,-9950.8936,CONDITIONAL_MODEL_NOT_OBSERVATION
H,37,17,874.4999999999999,2155.0276,11500.0,-9344.9724,CONDITIONAL_MODEL_NOT_OBSERVATION
H,37,18,913.0000000000001,2260.9488,11000.0,-8739.0512,CONDITIONAL_MODEL_NOT_OBSERVATION
H,37,19,951.5,2366.8700000000003,10500.0,-8133.129999999999,CONDITIONAL_MODEL_NOT_OBSERVATION
H,37,20,989.9999999999999,2472.7912,10000.0,-7527.2088,CONDITIONAL_MODEL_NOT_OBSERVATION
H,38,1,258.5,0.0,20000.0,-20000.0,CONDITIONAL_MODEL_NOT_OBSERVATION
H,38,2,297.0,206.8,20000.0,-19793.2,CONDITIONAL_MODEL_NOT_OBSERVATION
H,38,3,335.5,423.72,20000.0,-19576.28,CONDITIONAL_MODEL_NOT_OBSERVATION
H,38,4,373.99999999999994,649.748,20000.0,-19350.252,CONDITIONAL_MODEL_NOT_OBSERVATION
H,38,5,412.5,883.9732,20000.0,-19116.0268,CONDITIONAL_MODEL_NOT_OBSERVATION
H,38,6,451.00000000000006,989.8944,20000.0,-19010.1056,CONDITIONAL_MODEL_NOT_OBSERVATION
H,38,7,489.49999999999994,1095.8156000000001,20000.0,-18904.1844,CONDITIONAL_MODEL_NOT_OBSERVATION
H,38,8,528.0,1201.7368000000001,20000.0,-18798.2632,CONDITIONAL_MODEL_NOT_OBSERVATION
H,38,9,566.5,1307.6580000000004,20000.0,-18692.342,CONDITIONAL_MODEL_NOT_OBSERVATION
H,38,10,605.0,1413.5792000000001,20000.0,-18586.4208,CONDITIONAL_MODEL_NOT_OBSERVATION
H,38,11,643.5,1519.5004000000001,20000.0,-18480.4996,CONDITIONAL_MODEL_NOT_OBSERVATION
H,38,12,682.0,1625.4216000000001,20000.0,-18374.5784,CONDITIONAL_MODEL_NOT_OBSERVATION
H,38,13,720.5,1731.3428000000001,20000.0,-18268.6572,CONDITIONAL_MODEL_NOT_OBSERVATION
H,38,14,758.9999999999999,1837.2640000000004,20000.0,-18162.736,CONDITIONAL_MODEL_NOT_OBSERVATION
H,38,15,797.4999999999999,1943.1852,20000.0,-18056.8148,CONDITIONAL_MODEL_NOT_OBSERVATION
H,38,16,836.0,2049.1064,20000.0,-17950.8936,CONDITIONAL_MODEL_NOT_OBSERVATION
H,38,17,874.4999999999999,2155.0276,20000.0,-17844.9724,CONDITIONAL_MODEL_NOT_OBSERVATION
H,38,18,913.0000000000001,2260.9488,20000.0,-17739.0512,CONDITIONAL_MODEL_NOT_OBSERVATION
H,38,19,951.5,2366.8700000000003,20000.0,-17633.13,CONDITIONAL_MODEL_NOT_OBSERVATION
H,38,20,989.9999999999999,2472.7912,20000.0,-17527.2088,CONDITIONAL_MODEL_NOT_OBSERVATION
H,39,1,258.5,0.0,33750.0,-33750.0,CONDITIONAL_MODEL_NOT_OBSERVATION
H,39,2,297.0,206.8,32500.0,-32293.2,CONDITIONAL_MODEL_NOT_OBSERVATION
H,39,3,335.5,423.72,31250.0,-30826.28,CONDITIONAL_MODEL_NOT_OBSERVATION
H,39,4,373.99999999999994,649.748,30000.0,-29350.252,CONDITIONAL_MODEL_NOT_OBSERVATION
H,39,5,412.5,883.9732,28750.0,-27866.0268,CONDITIONAL_MODEL_NOT_OBSERVATION
H,39,6,451.00000000000006,989.8944,27500.0,-26510.1056,CONDITIONAL_MODEL_NOT_OBSERVATION
H,39,7,489.49999999999994,1095.8156000000001,26250.0,-25154.1844,CONDITIONAL_MODEL_NOT_OBSERVATION
H,39,8,528.0,1201.7368000000001,25000.0,-23798.2632,CONDITIONAL_MODEL_NOT_OBSERVATION
H,39,9,566.5,1307.6580000000004,23750.0,-22442.342,CONDITIONAL_MODEL_NOT_OBSERVATION
H,39,10,605.0,1413.5792000000001,22500.0,-21086.4208,CONDITIONAL_MODEL_NOT_OBSERVATION
H,39,11,643.5,1519.5004000000001,21250.0,-19730.4996,CONDITIONAL_MODEL_NOT_OBSERVATION
H,39,12,682.0,1625.4216000000001,20000.0,-18374.5784,CONDITIONAL_MODEL_NOT_OBSERVATION
H,39,13,720.5,1731.3428000000001,18750.0,-17018.6572,CONDITIONAL_MODEL_NOT_OBSERVATION
H,39,14,758.9999999999999,1837.2640000000004,17500.0,-15662.735999999999,CONDITIONAL_MODEL_NOT_OBSERVATION
H,39,15,797.4999999999999,1943.1852,16250.0,-14306.8148,CONDITIONAL_MODEL_NOT_OBSERVATION
H,39,16,836.0,2049.1064,15000.0,-12950.8936,CONDITIONAL_MODEL_NOT_OBSERVATION
H,39,17,874.4999999999999,2155.0276,13750.0,-11594.9724,CONDITIONAL_MODEL_NOT_OBSERVATION
H,39,18,913.0000000000001,2260.9488,12500.0,-10239.0512,CONDITIONAL_MODEL_NOT_OBSERVATION
H,39,19,951.5,2366.8700000000003,11250.000000000002,-8883.130000000001,CONDITIONAL_MODEL_NOT_OBSERVATION
H,39,20,989.9999999999999,2472.7912,10000.0,-7527.2088,CONDITIONAL_MODEL_NOT_OBSERVATION
H,40,1,258.5,0.0,34250.0,-34250.0,CONDITIONAL_MODEL_NOT_OBSERVATION
H,40,2,297.0,206.8,33500.0,-33293.2,CONDITIONAL_MODEL_NOT_OBSERVATION
H,40,3,335.5,423.72,32750.0,-32326.28,CONDITIONAL_MODEL_NOT_OBSERVATION
H,40,4,373.99999999999994,649.748,32000.0,-31350.252,CONDITIONAL_MODEL_NOT_OBSERVATION
H,40,5,412.5,883.9732,31250.0,-30366.0268,CONDITIONAL_MODEL_NOT_OBSERVATION
H,40,6,451.00000000000006,989.8944,30500.0,-29510.1056,CONDITIONAL_MODEL_NOT_OBSERVATION
H,40,7,489.49999999999994,1095.8156000000001,29750.0,-28654.1844,CONDITIONAL_MODEL_NOT_OBSERVATION
H,40,8,528.0,1201.7368000000001,29000.0,-27798.2632,CONDITIONAL_MODEL_NOT_OBSERVATION
H,40,9,566.5,1307.6580000000004,28250.0,-26942.342,CONDITIONAL_MODEL_NOT_OBSERVATION
H,40,10,605.0,1413.5792000000001,27500.0,-26086.4208,CONDITIONAL_MODEL_NOT_OBSERVATION
H,40,11,643.5,1519.5004000000001,26750.0,-25230.4996,CONDITIONAL_MODEL_NOT_OBSERVATION
H,40,12,682.0,1625.4216000000001,26000.0,-24374.5784,CONDITIONAL_MODEL_NOT_OBSERVATION
H,40,13,720.5,1731.3428000000001,25250.0,-23518.6572,CONDITIONAL_MODEL_NOT_OBSERVATION
H,40,14,758.9999999999999,1837.2640000000004,24500.0,-22662.736,CONDITIONAL_MODEL_NOT_OBSERVATION
H,40,15,797.4999999999999,1943.1852,23750.0,-21806.8148,CONDITIONAL_MODEL_NOT_OBSERVATION
H,40,16,836.0,2049.1064,23000.0,-20950.8936,CONDITIONAL_MODEL_NOT_OBSERVATION
H,40,17,874.4999999999999,2155.0276,22250.0,-20094.9724,CONDITIONAL_MODEL_NOT_OBSERVATION
H,40,18,913.0000000000001,2260.9488,21500.0,-19239.0512,CONDITIONAL_MODEL_NOT_OBSERVATION
H,40,19,951.5,2366.8700000000003,20750.0,-18383.13,CONDITIONAL_MODEL_NOT_OBSERVATION
H,40,20,989.9999999999999,2472.7912,20000.0,-17527.2088,CONDITIONAL_MODEL_NOT_OBSERVATION
H,41,1,363.0,0.0,19000.0,-19000.0,CONDITIONAL_MODEL_NOT_OBSERVATION
H,41,2,506.0,290.40000000000003,18000.0,-17709.6,CONDITIONAL_MODEL_NOT_OBSERVATION
H,41,3,649.0000000000001,666.1600000000001,17000.0,-16333.84,CONDITIONAL_MODEL_NOT_OBSERVATION
H,41,4,792.0,1118.7440000000001,16000.0,-14881.256,CONDITIONAL_MODEL_NOT_OBSERVATION
H,41,5,935.0000000000001,1640.4696000000001,15000.0,-13359.5304,CONDITIONAL_MODEL_NOT_OBSERVATION
H,41,6,1078.0,2033.8912000000005,14000.0,-11966.1088,CONDITIONAL_MODEL_NOT_OBSERVATION
H,41,7,1220.9999999999998,2427.3128,13000.0,-10572.6872,CONDITIONAL_MODEL_NOT_OBSERVATION
H,41,8,1364.0,2820.7344000000003,12000.0,-9179.265599999999,CONDITIONAL_MODEL_NOT_OBSERVATION
H,41,9,1507.0000000000002,3214.1560000000004,11000.0,-7785.843999999999,CONDITIONAL_MODEL_NOT_OBSERVATION
H,41,10,1650.0,3607.5776,10000.0,-6392.4223999999995,CONDITIONAL_MODEL_NOT_OBSERVATION
H,41,11,1650.0,4000.9992,10000,-5999.0008,CONDITIONAL_MODEL_NOT_OBSERVATION
H,41,12,1650.0,4280.0208,10000,-5719.9792,CONDITIONAL_MODEL_NOT_OBSERVATION
H,41,13,1650.0,4456.0824,10000,-5543.9176,CONDITIONAL_MODEL_NOT_OBSERVATION
H,41,14,1650.0,4539.4800000000005,10000,-5460.5199999999995,CONDITIONAL_MODEL_NOT_OBSERVATION
H,41,15,1650.0,4539.4800000000005,10000,-5460.5199999999995,CONDITIONAL_MODEL_NOT_OBSERVATION
H,41,16,1650.0,4539.4800000000005,10000,-5460.5199999999995,CONDITIONAL_MODEL_NOT_OBSERVATION
H,41,17,1650.0,4539.4800000000005,10000,-5460.5199999999995,CONDITIONAL_MODEL_NOT_OBSERVATION
H,41,18,1650.0,4539.4800000000005,10000,-5460.5199999999995,CONDITIONAL_MODEL_NOT_OBSERVATION
H,41,19,1650.0,4539.4800000000005,10000,-5460.5199999999995,CONDITIONAL_MODEL_NOT_OBSERVATION
H,41,20,1650.0,4539.4800000000005,10000,-5460.5199999999995,CONDITIONAL_MODEL_NOT_OBSERVATION
H,42,1,363.0,0.0,20000.0,-20000.0,CONDITIONAL_MODEL_NOT_OBSERVATION
H,42,2,506.0,290.40000000000003,20000.0,-19709.6,CONDITIONAL_MODEL_NOT_OBSERVATION
H,42,3,649.0000000000001,666.1600000000001,20000.0,-19333.84,CONDITIONAL_MODEL_NOT_OBSERVATION
H,42,4,792.0,1118.7440000000001,20000.0,-18881.256,CONDITIONAL_MODEL_NOT_OBSERVATION
H,42,5,935.0000000000001,1640.4696000000001,20000.0,-18359.5304,CONDITIONAL_MODEL_NOT_OBSERVATION
H,42,6,1078.0,2033.8912000000005,20000.0,-17966.108799999998,CONDITIONAL_MODEL_NOT_OBSERVATION
H,42,7,1220.9999999999998,2427.3128,20000.0,-17572.6872,CONDITIONAL_MODEL_NOT_OBSERVATION
H,42,8,1364.0,2820.7344000000003,20000.0,-17179.2656,CONDITIONAL_MODEL_NOT_OBSERVATION
H,42,9,1507.0000000000002,3214.1560000000004,20000.0,-16785.844,CONDITIONAL_MODEL_NOT_OBSERVATION
H,42,10,1650.0,3607.5776,20000.0,-16392.4224,CONDITIONAL_MODEL_NOT_OBSERVATION
H,42,11,1650.0,4000.9992,20000,-15999.0008,CONDITIONAL_MODEL_NOT_OBSERVATION
H,42,12,1650.0,4280.0208,20000,-15719.9792,CONDITIONAL_MODEL_NOT_OBSERVATION
H,42,13,1650.0,4456.0824,20000,-15543.9176,CONDITIONAL_MODEL_NOT_OBSERVATION
H,42,14,1650.0,4539.4800000000005,20000,-15460.52,CONDITIONAL_MODEL_NOT_OBSERVATION
H,42,15,1650.0,4539.4800000000005,20000,-15460.52,CONDITIONAL_MODEL_NOT_OBSERVATION
H,42,16,1650.0,4539.4800000000005,20000,-15460.52,CONDITIONAL_MODEL_NOT_OBSERVATION
H,42,17,1650.0,4539.4800000000005,20000,-15460.52,CONDITIONAL_MODEL_NOT_OBSERVATION
H,42,18,1650.0,4539.4800000000005,20000,-15460.52,CONDITIONAL_MODEL_NOT_OBSERVATION
H,42,19,1650.0,4539.4800000000005,20000,-15460.52,CONDITIONAL_MODEL_NOT_OBSERVATION
H,42,20,1650.0,4539.4800000000005,20000,-15460.52,CONDITIONAL_MODEL_NOT_OBSERVATION
H,43,1,363.0,0.0,32500.0,-32500.0,CONDITIONAL_MODEL_NOT_OBSERVATION
H,43,2,506.0,290.40000000000003,30000.0,-29709.6,CONDITIONAL_MODEL_NOT_OBSERVATION
H,43,3,649.0000000000001,666.1600000000001,27500.0,-26833.84,CONDITIONAL_MODEL_NOT_OBSERVATION
H,43,4,792.0,1118.7440000000001,25000.0,-23881.256,CONDITIONAL_MODEL_NOT_OBSERVATION
H,43,5,935.0000000000001,1640.4696000000001,22500.0,-20859.5304,CONDITIONAL_MODEL_NOT_OBSERVATION
H,43,6,1078.0,2033.8912000000005,20000.0,-17966.108799999998,CONDITIONAL_MODEL_NOT_OBSERVATION
H,43,7,1220.9999999999998,2427.3128,17500.0,-15072.6872,CONDITIONAL_MODEL_NOT_OBSERVATION
H,43,8,1364.0,2820.7344000000003,15000.0,-12179.265599999999,CONDITIONAL_MODEL_NOT_OBSERVATION
H,43,9,1507.0000000000002,3214.1560000000004,12500.0,-9285.844,CONDITIONAL_MODEL_NOT_OBSERVATION
H,43,10,1650.0,3607.5776,10000.0,-6392.4223999999995,CONDITIONAL_MODEL_NOT_OBSERVATION
H,43,11,1650.0,4000.9992,10000,-5999.0008,CONDITIONAL_MODEL_NOT_OBSERVATION
H,43,12,1650.0,4280.0208,10000,-5719.9792,CONDITIONAL_MODEL_NOT_OBSERVATION
H,43,13,1650.0,4456.0824,10000,-5543.9176,CONDITIONAL_MODEL_NOT_OBSERVATION
H,43,14,1650.0,4539.4800000000005,10000,-5460.5199999999995,CONDITIONAL_MODEL_NOT_OBSERVATION
H,43,15,1650.0,4539.4800000000005,10000,-5460.5199999999995,CONDITIONAL_MODEL_NOT_OBSERVATION
H,43,16,1650.0,4539.4800000000005,10000,-5460.5199999999995,CONDITIONAL_MODEL_NOT_OBSERVATION
H,43,17,1650.0,4539.4800000000005,10000,-5460.5199999999995,CONDITIONAL_MODEL_NOT_OBSERVATION
H,43,18,1650.0,4539.4800000000005,10000,-5460.5199999999995,CONDITIONAL_MODEL_NOT_OBSERVATION
H,43,19,1650.0,4539.4800000000005,10000,-5460.5199999999995,CONDITIONAL_MODEL_NOT_OBSERVATION
H,43,20,1650.0,4539.4800000000005,10000,-5460.5199999999995,CONDITIONAL_MODEL_NOT_OBSERVATION
H,44,1,363.0,0.0,33500.0,-33500.0,CONDITIONAL_MODEL_NOT_OBSERVATION
H,44,2,506.0,290.40000000000003,32000.0,-31709.6,CONDITIONAL_MODEL_NOT_OBSERVATION
H,44,3,649.0000000000001,666.1600000000001,30500.0,-29833.84,CONDITIONAL_MODEL_NOT_OBSERVATION
H,44,4,792.0,1118.7440000000001,29000.0,-27881.256,CONDITIONAL_MODEL_NOT_OBSERVATION
H,44,5,935.0000000000001,1640.4696000000001,27500.0,-25859.5304,CONDITIONAL_MODEL_NOT_OBSERVATION
H,44,6,1078.0,2033.8912000000005,26000.0,-23966.108799999998,CONDITIONAL_MODEL_NOT_OBSERVATION
H,44,7,1220.9999999999998,2427.3128,24500.0,-22072.6872,CONDITIONAL_MODEL_NOT_OBSERVATION
H,44,8,1364.0,2820.7344000000003,23000.0,-20179.2656,CONDITIONAL_MODEL_NOT_OBSERVATION
H,44,9,1507.0000000000002,3214.1560000000004,21500.0,-18285.844,CONDITIONAL_MODEL_NOT_OBSERVATION
H,44,10,1650.0,3607.5776,20000.0,-16392.4224,CONDITIONAL_MODEL_NOT_OBSERVATION
H,44,11,1650.0,4000.9992,20000,-15999.0008,CONDITIONAL_MODEL_NOT_OBSERVATION
H,44,12,1650.0,4280.0208,20000,-15719.9792,CONDITIONAL_MODEL_NOT_OBSERVATION
H,44,13,1650.0,4456.0824,20000,-15543.9176,CONDITIONAL_MODEL_NOT_OBSERVATION
H,44,14,1650.0,4539.4800000000005,20000,-15460.52,CONDITIONAL_MODEL_NOT_OBSERVATION
H,44,15,1650.0,4539.4800000000005,20000,-15460.52,CONDITIONAL_MODEL_NOT_OBSERVATION
H,44,16,1650.0,4539.4800000000005,20000,-15460.52,CONDITIONAL_MODEL_NOT_OBSERVATION
H,44,17,1650.0,4539.4800000000005,20000,-15460.52,CONDITIONAL_MODEL_NOT_OBSERVATION
H,44,18,1650.0,4539.4800000000005,20000,-15460.52,CONDITIONAL_MODEL_NOT_OBSERVATION
H,44,19,1650.0,4539.4800000000005,20000,-15460.52,CONDITIONAL_MODEL_NOT_OBSERVATION
H,44,20,1650.0,4539.4800000000005,20000,-15460.52,CONDITIONAL_MODEL_NOT_OBSERVATION
H,45,1,291.5,0.0,19500.0,-19500.0,CONDITIONAL_MODEL_NOT_OBSERVATION
H,45,2,363.0,233.20000000000002,19000.0,-18766.8,CONDITIONAL_MODEL_NOT_OBSERVATION
H,45,3,434.5,500.28000000000003,18500.0,-17999.72,CONDITIONAL_MODEL_NOT_OBSERVATION
H,45,4,506.0,797.8520000000001,18000.0,-17202.148,CONDITIONAL_MODEL_NOT_OBSERVATION
H,45,5,577.5,1122.8668,17500.0,-16377.1332,CONDITIONAL_MODEL_NOT_OBSERVATION
H,45,6,649.0000000000001,1319.5776000000003,17000.0,-15680.4224,CONDITIONAL_MODEL_NOT_OBSERVATION
H,45,7,720.5,1516.2884000000004,16500.0,-14983.711599999999,CONDITIONAL_MODEL_NOT_OBSERVATION
H,45,8,792.0,1712.9992000000002,16000.0,-14287.0008,CONDITIONAL_MODEL_NOT_OBSERVATION
H,45,9,863.5000000000001,1909.7100000000003,15500.0,-13590.289999999999,CONDITIONAL_MODEL_NOT_OBSERVATION
H,45,10,935.0000000000001,2106.4208000000003,15000.0,-12893.5792,CONDITIONAL_MODEL_NOT_OBSERVATION
H,45,11,1006.5,2303.1316,14500.0,-12196.8684,CONDITIONAL_MODEL_NOT_OBSERVATION
H,45,12,1078.0,2499.8424000000005,14000.0,-11500.157599999999,CONDITIONAL_MODEL_NOT_OBSERVATION
H,45,13,1149.5000000000002,2696.5532000000003,13500.0,-10803.4468,CONDITIONAL_MODEL_NOT_OBSERVATION
H,45,14,1220.9999999999998,2893.2640000000006,13000.0,-10106.735999999999,CONDITIONAL_MODEL_NOT_OBSERVATION
H,45,15,1292.5,3089.9748000000004,12500.0,-9410.0252,CONDITIONAL_MODEL_NOT_OBSERVATION
H,45,16,1364.0,3286.6856000000002,12000.0,-8713.3144,CONDITIONAL_MODEL_NOT_OBSERVATION
H,45,17,1435.5,3483.3964,11500.0,-8016.6036,CONDITIONAL_MODEL_NOT_OBSERVATION
H,45,18,1507.0000000000002,3680.1072000000004,11000.0,-7319.8928,CONDITIONAL_MODEL_NOT_OBSERVATION
H,45,19,1578.4999999999998,3876.818000000001,10500.0,-6623.181999999999,CONDITIONAL_MODEL_NOT_OBSERVATION
H,45,20,1650.0,4073.5288,10000.0,-5926.4712,CONDITIONAL_MODEL_NOT_OBSERVATION
H,46,1,291.5,0.0,20000.0,-20000.0,CONDITIONAL_MODEL_NOT_OBSERVATION
H,46,2,363.0,233.20000000000002,20000.0,-19766.8,CONDITIONAL_MODEL_NOT_OBSERVATION
H,46,3,434.5,500.28000000000003,20000.0,-19499.72,CONDITIONAL_MODEL_NOT_OBSERVATION
H,46,4,506.0,797.8520000000001,20000.0,-19202.148,CONDITIONAL_MODEL_NOT_OBSERVATION
H,46,5,577.5,1122.8668,20000.0,-18877.1332,CONDITIONAL_MODEL_NOT_OBSERVATION
H,46,6,649.0000000000001,1319.5776000000003,20000.0,-18680.4224,CONDITIONAL_MODEL_NOT_OBSERVATION
H,46,7,720.5,1516.2884000000004,20000.0,-18483.7116,CONDITIONAL_MODEL_NOT_OBSERVATION
H,46,8,792.0,1712.9992000000002,20000.0,-18287.0008,CONDITIONAL_MODEL_NOT_OBSERVATION
H,46,9,863.5000000000001,1909.7100000000003,20000.0,-18090.29,CONDITIONAL_MODEL_NOT_OBSERVATION
H,46,10,935.0000000000001,2106.4208000000003,20000.0,-17893.5792,CONDITIONAL_MODEL_NOT_OBSERVATION
H,46,11,1006.5,2303.1316,20000.0,-17696.8684,CONDITIONAL_MODEL_NOT_OBSERVATION
H,46,12,1078.0,2499.8424000000005,20000.0,-17500.1576,CONDITIONAL_MODEL_NOT_OBSERVATION
H,46,13,1149.5000000000002,2696.5532000000003,20000.0,-17303.446799999998,CONDITIONAL_MODEL_NOT_OBSERVATION
H,46,14,1220.9999999999998,2893.2640000000006,20000.0,-17106.736,CONDITIONAL_MODEL_NOT_OBSERVATION
H,46,15,1292.5,3089.9748000000004,20000.0,-16910.0252,CONDITIONAL_MODEL_NOT_OBSERVATION
H,46,16,1364.0,3286.6856000000002,20000.0,-16713.3144,CONDITIONAL_MODEL_NOT_OBSERVATION
H,46,17,1435.5,3483.3964,20000.0,-16516.6036,CONDITIONAL_MODEL_NOT_OBSERVATION
H,46,18,1507.0000000000002,3680.1072000000004,20000.0,-16319.8928,CONDITIONAL_MODEL_NOT_OBSERVATION
H,46,19,1578.4999999999998,3876.818000000001,20000.0,-16123.181999999999,CONDITIONAL_MODEL_NOT_OBSERVATION
H,46,20,1650.0,4073.5288,20000.0,-15926.4712,CONDITIONAL_MODEL_NOT_OBSERVATION
H,47,1,291.5,0.0,33750.0,-33750.0,CONDITIONAL_MODEL_NOT_OBSERVATION
H,47,2,363.0,233.20000000000002,32500.0,-32266.8,CONDITIONAL_MODEL_NOT_OBSERVATION
H,47,3,434.5,500.28000000000003,31250.0,-30749.72,CONDITIONAL_MODEL_NOT_OBSERVATION
H,47,4,506.0,797.8520000000001,30000.0,-29202.148,CONDITIONAL_MODEL_NOT_OBSERVATION
H,47,5,577.5,1122.8668,28750.0,-27627.1332,CONDITIONAL_MODEL_NOT_OBSERVATION
H,47,6,649.0000000000001,1319.5776000000003,27500.0,-26180.4224,CONDITIONAL_MODEL_NOT_OBSERVATION
H,47,7,720.5,1516.2884000000004,26250.0,-24733.7116,CONDITIONAL_MODEL_NOT_OBSERVATION
H,47,8,792.0,1712.9992000000002,25000.0,-23287.0008,CONDITIONAL_MODEL_NOT_OBSERVATION
H,47,9,863.5000000000001,1909.7100000000003,23750.0,-21840.29,CONDITIONAL_MODEL_NOT_OBSERVATION
H,47,10,935.0000000000001,2106.4208000000003,22500.0,-20393.5792,CONDITIONAL_MODEL_NOT_OBSERVATION
H,47,11,1006.5,2303.1316,21250.0,-18946.8684,CONDITIONAL_MODEL_NOT_OBSERVATION
H,47,12,1078.0,2499.8424000000005,20000.0,-17500.1576,CONDITIONAL_MODEL_NOT_OBSERVATION
H,47,13,1149.5000000000002,2696.5532000000003,18750.0,-16053.4468,CONDITIONAL_MODEL_NOT_OBSERVATION
H,47,14,1220.9999999999998,2893.2640000000006,17500.0,-14606.735999999999,CONDITIONAL_MODEL_NOT_OBSERVATION
H,47,15,1292.5,3089.9748000000004,16250.0,-13160.0252,CONDITIONAL_MODEL_NOT_OBSERVATION
H,47,16,1364.0,3286.6856000000002,15000.0,-11713.3144,CONDITIONAL_MODEL_NOT_OBSERVATION
H,47,17,1435.5,3483.3964,13750.0,-10266.6036,CONDITIONAL_MODEL_NOT_OBSERVATION
H,47,18,1507.0000000000002,3680.1072000000004,12500.0,-8819.8928,CONDITIONAL_MODEL_NOT_OBSERVATION
H,47,19,1578.4999999999998,3876.818000000001,11250.000000000002,-7373.182000000001,CONDITIONAL_MODEL_NOT_OBSERVATION
H,47,20,1650.0,4073.5288,10000.0,-5926.4712,CONDITIONAL_MODEL_NOT_OBSERVATION
H,48,1,291.5,0.0,34250.0,-34250.0,CONDITIONAL_MODEL_NOT_OBSERVATION
H,48,2,363.0,233.20000000000002,33500.0,-33266.8,CONDITIONAL_MODEL_NOT_OBSERVATION
H,48,3,434.5,500.28000000000003,32750.0,-32249.72,CONDITIONAL_MODEL_NOT_OBSERVATION
H,48,4,506.0,797.8520000000001,32000.0,-31202.148,CONDITIONAL_MODEL_NOT_OBSERVATION
H,48,5,577.5,1122.8668,31250.0,-30127.1332,CONDITIONAL_MODEL_NOT_OBSERVATION
H,48,6,649.0000000000001,1319.5776000000003,30500.0,-29180.4224,CONDITIONAL_MODEL_NOT_OBSERVATION
H,48,7,720.5,1516.2884000000004,29750.0,-28233.7116,CONDITIONAL_MODEL_NOT_OBSERVATION
H,48,8,792.0,1712.9992000000002,29000.0,-27287.0008,CONDITIONAL_MODEL_NOT_OBSERVATION
H,48,9,863.5000000000001,1909.7100000000003,28250.0,-26340.29,CONDITIONAL_MODEL_NOT_OBSERVATION
H,48,10,935.0000000000001,2106.4208000000003,27500.0,-25393.5792,CONDITIONAL_MODEL_NOT_OBSERVATION
H,48,11,1006.5,2303.1316,26750.0,-24446.8684,CONDITIONAL_MODEL_NOT_OBSERVATION
H,48,12,1078.0,2499.8424000000005,26000.0,-23500.1576,CONDITIONAL_MODEL_NOT_OBSERVATION
H,48,13,1149.5000000000002,2696.5532000000003,25250.0,-22553.446799999998,CONDITIONAL_MODEL_NOT_OBSERVATION
H,48,14,1220.9999999999998,2893.2640000000006,24500.0,-21606.736,CONDITIONAL_MODEL_NOT_OBSERVATION
H,48,15,1292.5,3089.9748000000004,23750.0,-20660.0252,CONDITIONAL_MODEL_NOT_OBSERVATION
H,48,16,1364.0,3286.6856000000002,23000.0,-19713.3144,CONDITIONAL_MODEL_NOT_OBSERVATION
H,48,17,1435.5,3483.3964,22250.0,-18766.6036,CONDITIONAL_MODEL_NOT_OBSERVATION
H,48,18,1507.0000000000002,3680.1072000000004,21500.0,-17819.8928,CONDITIONAL_MODEL_NOT_OBSERVATION
H,48,19,1578.4999999999998,3876.818000000001,20750.0,-16873.182,CONDITIONAL_MODEL_NOT_OBSERVATION
H,48,20,1650.0,4073.5288,20000.0,-15926.4712,CONDITIONAL_MODEL_NOT_OBSERVATION
H,49,1,792.0,0.0,19000.0,-19000.0,CONDITIONAL_MODEL_NOT_OBSERVATION
H,49,2,814.0,633.6,18000.0,-17366.4,CONDITIONAL_MODEL_NOT_OBSERVATION
H,49,3,836.0,1221.4400000000003,17000.0,-15778.56,CONDITIONAL_MODEL_NOT_OBSERVATION
H,49,4,858.0,1768.096,16000.0,-14231.904,CONDITIONAL_MODEL_NOT_OBSERVATION
H,49,5,880.0,2277.6864,15000.0,-12722.3136,CONDITIONAL_MODEL_NOT_OBSERVATION
H,49,6,902.0,2338.2128000000002,14000.0,-11661.787199999999,CONDITIONAL_MODEL_NOT_OBSERVATION
H,49,7,924.0,2398.7392,13000.0,-10601.2608,CONDITIONAL_MODEL_NOT_OBSERVATION
H,49,8,946.0,2459.2656000000006,12000.0,-9540.7344,CONDITIONAL_MODEL_NOT_OBSERVATION
H,49,9,968.0,2519.792,11000.0,-8480.208,CONDITIONAL_MODEL_NOT_OBSERVATION
H,49,10,990.0,2580.3184,10000.0,-7419.6816,CONDITIONAL_MODEL_NOT_OBSERVATION
H,49,11,990.0,2640.8448000000003,10000,-7359.155199999999,CONDITIONAL_MODEL_NOT_OBSERVATION
H,49,12,990.0,2683.7712,10000,-7316.2288,CONDITIONAL_MODEL_NOT_OBSERVATION
H,49,13,990.0,2710.8576000000003,10000,-7289.1424,CONDITIONAL_MODEL_NOT_OBSERVATION
H,49,14,990.0,2723.688,10000,-7276.312,CONDITIONAL_MODEL_NOT_OBSERVATION
H,49,15,990.0,2723.688,10000,-7276.312,CONDITIONAL_MODEL_NOT_OBSERVATION
H,49,16,990.0,2723.688,10000,-7276.312,CONDITIONAL_MODEL_NOT_OBSERVATION
H,49,17,990.0,2723.688,10000,-7276.312,CONDITIONAL_MODEL_NOT_OBSERVATION
H,49,18,990.0,2723.688,10000,-7276.312,CONDITIONAL_MODEL_NOT_OBSERVATION
H,49,19,990.0,2723.688,10000,-7276.312,CONDITIONAL_MODEL_NOT_OBSERVATION
H,49,20,990.0,2723.688,10000,-7276.312,CONDITIONAL_MODEL_NOT_OBSERVATION
H,50,1,792.0,0.0,20000.0,-20000.0,CONDITIONAL_MODEL_NOT_OBSERVATION
H,50,2,814.0,633.6,20000.0,-19366.4,CONDITIONAL_MODEL_NOT_OBSERVATION
H,50,3,836.0,1221.4400000000003,20000.0,-18778.56,CONDITIONAL_MODEL_NOT_OBSERVATION
H,50,4,858.0,1768.096,20000.0,-18231.904,CONDITIONAL_MODEL_NOT_OBSERVATION
H,50,5,880.0,2277.6864,20000.0,-17722.3136,CONDITIONAL_MODEL_NOT_OBSERVATION
H,50,6,902.0,2338.2128000000002,20000.0,-17661.7872,CONDITIONAL_MODEL_NOT_OBSERVATION
H,50,7,924.0,2398.7392,20000.0,-17601.2608,CONDITIONAL_MODEL_NOT_OBSERVATION
H,50,8,946.0,2459.2656000000006,20000.0,-17540.7344,CONDITIONAL_MODEL_NOT_OBSERVATION
H,50,9,968.0,2519.792,20000.0,-17480.208,CONDITIONAL_MODEL_NOT_OBSERVATION
H,50,10,990.0,2580.3184,20000.0,-17419.6816,CONDITIONAL_MODEL_NOT_OBSERVATION
H,50,11,990.0,2640.8448000000003,20000,-17359.1552,CONDITIONAL_MODEL_NOT_OBSERVATION
H,50,12,990.0,2683.7712,20000,-17316.2288,CONDITIONAL_MODEL_NOT_OBSERVATION
H,50,13,990.0,2710.8576000000003,20000,-17289.1424,CONDITIONAL_MODEL_NOT_OBSERVATION
H,50,14,990.0,2723.688,20000,-17276.311999999998,CONDITIONAL_MODEL_NOT_OBSERVATION
H,50,15,990.0,2723.688,20000,-17276.311999999998,CONDITIONAL_MODEL_NOT_OBSERVATION
H,50,16,990.0,2723.688,20000,-17276.311999999998,CONDITIONAL_MODEL_NOT_OBSERVATION
H,50,17,990.0,2723.688,20000,-17276.311999999998,CONDITIONAL_MODEL_NOT_OBSERVATION
H,50,18,990.0,2723.688,20000,-17276.311999999998,CONDITIONAL_MODEL_NOT_OBSERVATION
H,50,19,990.0,2723.688,20000,-17276.311999999998,CONDITIONAL_MODEL_NOT_OBSERVATION
H,50,20,990.0,2723.688,20000,-17276.311999999998,CONDITIONAL_MODEL_NOT_OBSERVATION
H,51,1,792.0,0.0,32500.0,-32500.0,CONDITIONAL_MODEL_NOT_OBSERVATION
H,51,2,814.0,633.6,30000.0,-29366.4,CONDITIONAL_MODEL_NOT_OBSERVATION
H,51,3,836.0,1221.4400000000003,27500.0,-26278.56,CONDITIONAL_MODEL_NOT_OBSERVATION
H,51,4,858.0,1768.096,25000.0,-23231.904,CONDITIONAL_MODEL_NOT_OBSERVATION
H,51,5,880.0,2277.6864,22500.0,-20222.3136,CONDITIONAL_MODEL_NOT_OBSERVATION
H,51,6,902.0,2338.2128000000002,20000.0,-17661.7872,CONDITIONAL_MODEL_NOT_OBSERVATION
H,51,7,924.0,2398.7392,17500.0,-15101.2608,CONDITIONAL_MODEL_NOT_OBSERVATION
H,51,8,946.0,2459.2656000000006,15000.0,-12540.7344,CONDITIONAL_MODEL_NOT_OBSERVATION
H,51,9,968.0,2519.792,12500.0,-9980.208,CONDITIONAL_MODEL_NOT_OBSERVATION
H,51,10,990.0,2580.3184,10000.0,-7419.6816,CONDITIONAL_MODEL_NOT_OBSERVATION
H,51,11,990.0,2640.8448000000003,10000,-7359.155199999999,CONDITIONAL_MODEL_NOT_OBSERVATION
H,51,12,990.0,2683.7712,10000,-7316.2288,CONDITIONAL_MODEL_NOT_OBSERVATION
H,51,13,990.0,2710.8576000000003,10000,-7289.1424,CONDITIONAL_MODEL_NOT_OBSERVATION
H,51,14,990.0,2723.688,10000,-7276.312,CONDITIONAL_MODEL_NOT_OBSERVATION
H,51,15,990.0,2723.688,10000,-7276.312,CONDITIONAL_MODEL_NOT_OBSERVATION
H,51,16,990.0,2723.688,10000,-7276.312,CONDITIONAL_MODEL_NOT_OBSERVATION
H,51,17,990.0,2723.688,10000,-7276.312,CONDITIONAL_MODEL_NOT_OBSERVATION
H,51,18,990.0,2723.688,10000,-7276.312,CONDITIONAL_MODEL_NOT_OBSERVATION
H,51,19,990.0,2723.688,10000,-7276.312,CONDITIONAL_MODEL_NOT_OBSERVATION
H,51,20,990.0,2723.688,10000,-7276.312,CONDITIONAL_MODEL_NOT_OBSERVATION
H,52,1,792.0,0.0,33500.0,-33500.0,CONDITIONAL_MODEL_NOT_OBSERVATION
H,52,2,814.0,633.6,32000.0,-31366.4,CONDITIONAL_MODEL_NOT_OBSERVATION
H,52,3,836.0,1221.4400000000003,30500.0,-29278.56,CONDITIONAL_MODEL_NOT_OBSERVATION
H,52,4,858.0,1768.096,29000.0,-27231.904,CONDITIONAL_MODEL_NOT_OBSERVATION
H,52,5,880.0,2277.6864,27500.0,-25222.3136,CONDITIONAL_MODEL_NOT_OBSERVATION
H,52,6,902.0,2338.2128000000002,26000.0,-23661.7872,CONDITIONAL_MODEL_NOT_OBSERVATION
H,52,7,924.0,2398.7392,24500.0,-22101.2608,CONDITIONAL_MODEL_NOT_OBSERVATION
H,52,8,946.0,2459.2656000000006,23000.0,-20540.7344,CONDITIONAL_MODEL_NOT_OBSERVATION
H,52,9,968.0,2519.792,21500.0,-18980.208,CONDITIONAL_MODEL_NOT_OBSERVATION
H,52,10,990.0,2580.3184,20000.0,-17419.6816,CONDITIONAL_MODEL_NOT_OBSERVATION
H,52,11,990.0,2640.8448000000003,20000,-17359.1552,CONDITIONAL_MODEL_NOT_OBSERVATION
H,52,12,990.0,2683.7712,20000,-17316.2288,CONDITIONAL_MODEL_NOT_OBSERVATION
H,52,13,990.0,2710.8576000000003,20000,-17289.1424,CONDITIONAL_MODEL_NOT_OBSERVATION
H,52,14,990.0,2723.688,20000,-17276.311999999998,CONDITIONAL_MODEL_NOT_OBSERVATION
H,52,15,990.0,2723.688,20000,-17276.311999999998,CONDITIONAL_MODEL_NOT_OBSERVATION
H,52,16,990.0,2723.688,20000,-17276.311999999998,CONDITIONAL_MODEL_NOT_OBSERVATION
H,52,17,990.0,2723.688,20000,-17276.311999999998,CONDITIONAL_MODEL_NOT_OBSERVATION
H,52,18,990.0,2723.688,20000,-17276.311999999998,CONDITIONAL_MODEL_NOT_OBSERVATION
H,52,19,990.0,2723.688,20000,-17276.311999999998,CONDITIONAL_MODEL_NOT_OBSERVATION
H,52,20,990.0,2723.688,20000,-17276.311999999998,CONDITIONAL_MODEL_NOT_OBSERVATION
H,53,1,781.0,0.0,19500.0,-19500.0,CONDITIONAL_MODEL_NOT_OBSERVATION
H,53,2,792.0,624.8000000000001,19000.0,-18375.2,CONDITIONAL_MODEL_NOT_OBSERVATION
H,53,3,803.0,1195.92,18500.0,-17304.08,CONDITIONAL_MODEL_NOT_OBSERVATION
H,53,4,814.0,1718.7280000000003,18000.0,-16281.271999999999,CONDITIONAL_MODEL_NOT_OBSERVATION
H,53,5,825.0,2198.0552000000002,17500.0,-15301.9448,CONDITIONAL_MODEL_NOT_OBSERVATION
H,53,6,836.0,2228.3183999999997,17000.0,-14771.6816,CONDITIONAL_MODEL_NOT_OBSERVATION
H,53,7,847.0,2258.5816000000004,16500.0,-14241.418399999999,CONDITIONAL_MODEL_NOT_OBSERVATION
H,53,8,858.0,2288.8448000000003,16000.0,-13711.1552,CONDITIONAL_MODEL_NOT_OBSERVATION
H,53,9,869.0,2319.108,15500.0,-13180.892,CONDITIONAL_MODEL_NOT_OBSERVATION
H,53,10,880.0,2349.3712,15000.0,-12650.6288,CONDITIONAL_MODEL_NOT_OBSERVATION
H,53,11,891.0000000000001,2379.6344000000004,14500.0,-12120.3656,CONDITIONAL_MODEL_NOT_OBSERVATION
H,53,12,902.0,2409.8976000000002,14000.0,-11590.1024,CONDITIONAL_MODEL_NOT_OBSERVATION
H,53,13,913.0000000000001,2440.1608000000006,13500.0,-11059.839199999999,CONDITIONAL_MODEL_NOT_OBSERVATION
H,53,14,924.0,2470.4240000000004,13000.0,-10529.576,CONDITIONAL_MODEL_NOT_OBSERVATION
H,53,15,935.0,2500.6872000000003,12500.0,-9999.3128,CONDITIONAL_MODEL_NOT_OBSERVATION
H,53,16,946.0,2530.9504,12000.0,-9469.0496,CONDITIONAL_MODEL_NOT_OBSERVATION
H,53,17,957.0,2561.2136000000005,11500.0,-8938.786399999999,CONDITIONAL_MODEL_NOT_OBSERVATION
H,53,18,968.0,2591.4768000000004,11000.0,-8408.5232,CONDITIONAL_MODEL_NOT_OBSERVATION
H,53,19,979.0,2621.7400000000007,10500.0,-7878.259999999999,CONDITIONAL_MODEL_NOT_OBSERVATION
H,53,20,990.0,2652.0032,10000.0,-7347.9968,CONDITIONAL_MODEL_NOT_OBSERVATION
H,54,1,781.0,0.0,20000.0,-20000.0,CONDITIONAL_MODEL_NOT_OBSERVATION
H,54,2,792.0,624.8000000000001,20000.0,-19375.2,CONDITIONAL_MODEL_NOT_OBSERVATION
H,54,3,803.0,1195.92,20000.0,-18804.08,CONDITIONAL_MODEL_NOT_OBSERVATION
H,54,4,814.0,1718.7280000000003,20000.0,-18281.272,CONDITIONAL_MODEL_NOT_OBSERVATION
H,54,5,825.0,2198.0552000000002,20000.0,-17801.9448,CONDITIONAL_MODEL_NOT_OBSERVATION
H,54,6,836.0,2228.3183999999997,20000.0,-17771.6816,CONDITIONAL_MODEL_NOT_OBSERVATION
H,54,7,847.0,2258.5816000000004,20000.0,-17741.4184,CONDITIONAL_MODEL_NOT_OBSERVATION
H,54,8,858.0,2288.8448000000003,20000.0,-17711.1552,CONDITIONAL_MODEL_NOT_OBSERVATION
H,54,9,869.0,2319.108,20000.0,-17680.892,CONDITIONAL_MODEL_NOT_OBSERVATION
H,54,10,880.0,2349.3712,20000.0,-17650.6288,CONDITIONAL_MODEL_NOT_OBSERVATION
H,54,11,891.0000000000001,2379.6344000000004,20000.0,-17620.3656,CONDITIONAL_MODEL_NOT_OBSERVATION
H,54,12,902.0,2409.8976000000002,20000.0,-17590.1024,CONDITIONAL_MODEL_NOT_OBSERVATION
H,54,13,913.0000000000001,2440.1608000000006,20000.0,-17559.8392,CONDITIONAL_MODEL_NOT_OBSERVATION
H,54,14,924.0,2470.4240000000004,20000.0,-17529.576,CONDITIONAL_MODEL_NOT_OBSERVATION
H,54,15,935.0,2500.6872000000003,20000.0,-17499.3128,CONDITIONAL_MODEL_NOT_OBSERVATION
H,54,16,946.0,2530.9504,20000.0,-17469.0496,CONDITIONAL_MODEL_NOT_OBSERVATION
H,54,17,957.0,2561.2136000000005,20000.0,-17438.7864,CONDITIONAL_MODEL_NOT_OBSERVATION
H,54,18,968.0,2591.4768000000004,20000.0,-17408.5232,CONDITIONAL_MODEL_NOT_OBSERVATION
H,54,19,979.0,2621.7400000000007,20000.0,-17378.26,CONDITIONAL_MODEL_NOT_OBSERVATION
H,54,20,990.0,2652.0032,20000.0,-17347.9968,CONDITIONAL_MODEL_NOT_OBSERVATION
H,55,1,781.0,0.0,33750.0,-33750.0,CONDITIONAL_MODEL_NOT_OBSERVATION
H,55,2,792.0,624.8000000000001,32500.0,-31875.2,CONDITIONAL_MODEL_NOT_OBSERVATION
H,55,3,803.0,1195.92,31250.0,-30054.08,CONDITIONAL_MODEL_NOT_OBSERVATION
H,55,4,814.0,1718.7280000000003,30000.0,-28281.272,CONDITIONAL_MODEL_NOT_OBSERVATION
H,55,5,825.0,2198.0552000000002,28750.0,-26551.9448,CONDITIONAL_MODEL_NOT_OBSERVATION
H,55,6,836.0,2228.3183999999997,27500.0,-25271.6816,CONDITIONAL_MODEL_NOT_OBSERVATION
H,55,7,847.0,2258.5816000000004,26250.0,-23991.4184,CONDITIONAL_MODEL_NOT_OBSERVATION
H,55,8,858.0,2288.8448000000003,25000.0,-22711.1552,CONDITIONAL_MODEL_NOT_OBSERVATION
H,55,9,869.0,2319.108,23750.0,-21430.892,CONDITIONAL_MODEL_NOT_OBSERVATION
H,55,10,880.0,2349.3712,22500.0,-20150.6288,CONDITIONAL_MODEL_NOT_OBSERVATION
H,55,11,891.0000000000001,2379.6344000000004,21250.0,-18870.3656,CONDITIONAL_MODEL_NOT_OBSERVATION
H,55,12,902.0,2409.8976000000002,20000.0,-17590.1024,CONDITIONAL_MODEL_NOT_OBSERVATION
H,55,13,913.0000000000001,2440.1608000000006,18750.0,-16309.839199999999,CONDITIONAL_MODEL_NOT_OBSERVATION
H,55,14,924.0,2470.4240000000004,17500.0,-15029.576,CONDITIONAL_MODEL_NOT_OBSERVATION
H,55,15,935.0,2500.6872000000003,16250.0,-13749.3128,CONDITIONAL_MODEL_NOT_OBSERVATION
H,55,16,946.0,2530.9504,15000.0,-12469.0496,CONDITIONAL_MODEL_NOT_OBSERVATION
H,55,17,957.0,2561.2136000000005,13750.0,-11188.786399999999,CONDITIONAL_MODEL_NOT_OBSERVATION
H,55,18,968.0,2591.4768000000004,12500.0,-9908.5232,CONDITIONAL_MODEL_NOT_OBSERVATION
H,55,19,979.0,2621.7400000000007,11250.000000000002,-8628.260000000002,CONDITIONAL_MODEL_NOT_OBSERVATION
H,55,20,990.0,2652.0032,10000.0,-7347.9968,CONDITIONAL_MODEL_NOT_OBSERVATION
H,56,1,781.0,0.0,34250.0,-34250.0,CONDITIONAL_MODEL_NOT_OBSERVATION
H,56,2,792.0,624.8000000000001,33500.0,-32875.2,CONDITIONAL_MODEL_NOT_OBSERVATION
H,56,3,803.0,1195.92,32750.0,-31554.08,CONDITIONAL_MODEL_NOT_OBSERVATION
H,56,4,814.0,1718.7280000000003,32000.0,-30281.272,CONDITIONAL_MODEL_NOT_OBSERVATION
H,56,5,825.0,2198.0552000000002,31250.0,-29051.9448,CONDITIONAL_MODEL_NOT_OBSERVATION
H,56,6,836.0,2228.3183999999997,30500.0,-28271.6816,CONDITIONAL_MODEL_NOT_OBSERVATION
H,56,7,847.0,2258.5816000000004,29750.0,-27491.4184,CONDITIONAL_MODEL_NOT_OBSERVATION
H,56,8,858.0,2288.8448000000003,29000.0,-26711.1552,CONDITIONAL_MODEL_NOT_OBSERVATION
H,56,9,869.0,2319.108,28250.0,-25930.892,CONDITIONAL_MODEL_NOT_OBSERVATION
H,56,10,880.0,2349.3712,27500.0,-25150.6288,CONDITIONAL_MODEL_NOT_OBSERVATION
H,56,11,891.0000000000001,2379.6344000000004,26750.0,-24370.3656,CONDITIONAL_MODEL_NOT_OBSERVATION
H,56,12,902.0,2409.8976000000002,26000.0,-23590.1024,CONDITIONAL_MODEL_NOT_OBSERVATION
H,56,13,913.0000000000001,2440.1608000000006,25250.0,-22809.8392,CONDITIONAL_MODEL_NOT_OBSERVATION
H,56,14,924.0,2470.4240000000004,24500.0,-22029.576,CONDITIONAL_MODEL_NOT_OBSERVATION
H,56,15,935.0,2500.6872000000003,23750.0,-21249.3128,CONDITIONAL_MODEL_NOT_OBSERVATION
H,56,16,946.0,2530.9504,23000.0,-20469.0496,CONDITIONAL_MODEL_NOT_OBSERVATION
H,56,17,957.0,2561.2136000000005,22250.0,-19688.7864,CONDITIONAL_MODEL_NOT_OBSERVATION
H,56,18,968.0,2591.4768000000004,21500.0,-18908.5232,CONDITIONAL_MODEL_NOT_OBSERVATION
H,56,19,979.0,2621.7400000000007,20750.0,-18128.26,CONDITIONAL_MODEL_NOT_OBSERVATION
H,56,20,990.0,2652.0032,20000.0,-17347.9968,CONDITIONAL_MODEL_NOT_OBSERVATION
H,57,1,858.0,0.0,19000.0,-19000.0,CONDITIONAL_MODEL_NOT_OBSERVATION
H,57,2,946.0,686.4000000000001,18000.0,-17313.6,CONDITIONAL_MODEL_NOT_OBSERVATION
H,57,3,1034.0,1374.5600000000002,17000.0,-15625.44,CONDITIONAL_MODEL_NOT_OBSERVATION
H,57,4,1122.0,2064.304,16000.0,-13935.696,CONDITIONAL_MODEL_NOT_OBSERVATION
H,57,5,1210.0,2755.4736000000003,15000.0,-12244.526399999999,CONDITIONAL_MODEL_NOT_OBSERVATION
H,57,6,1298.0,2997.5792,14000.0,-11002.4208,CONDITIONAL_MODEL_NOT_OBSERVATION
H,57,7,1385.9999999999998,3239.6848000000005,13000.0,-9760.3152,CONDITIONAL_MODEL_NOT_OBSERVATION
H,57,8,1474.0,3481.7904,12000.0,-8518.2096,CONDITIONAL_MODEL_NOT_OBSERVATION
H,57,9,1562.0,3723.896,11000.0,-7276.103999999999,CONDITIONAL_MODEL_NOT_OBSERVATION
H,57,10,1650.0,3966.0016000000005,10000.0,-6033.9983999999995,CONDITIONAL_MODEL_NOT_OBSERVATION
H,57,11,1650.0,4208.1072,10000,-5791.8928,CONDITIONAL_MODEL_NOT_OBSERVATION
H,57,12,1650.0,4379.812800000001,10000,-5620.187199999999,CONDITIONAL_MODEL_NOT_OBSERVATION
H,57,13,1650.0,4488.1584,10000,-5511.8416,CONDITIONAL_MODEL_NOT_OBSERVATION
H,57,14,1650.0,4539.4800000000005,10000,-5460.5199999999995,CONDITIONAL_MODEL_NOT_OBSERVATION
H,57,15,1650.0,4539.4800000000005,10000,-5460.5199999999995,CONDITIONAL_MODEL_NOT_OBSERVATION
H,57,16,1650.0,4539.4800000000005,10000,-5460.5199999999995,CONDITIONAL_MODEL_NOT_OBSERVATION
H,57,17,1650.0,4539.4800000000005,10000,-5460.5199999999995,CONDITIONAL_MODEL_NOT_OBSERVATION
H,57,18,1650.0,4539.4800000000005,10000,-5460.5199999999995,CONDITIONAL_MODEL_NOT_OBSERVATION
H,57,19,1650.0,4539.4800000000005,10000,-5460.5199999999995,CONDITIONAL_MODEL_NOT_OBSERVATION
H,57,20,1650.0,4539.4800000000005,10000,-5460.5199999999995,CONDITIONAL_MODEL_NOT_OBSERVATION
H,58,1,858.0,0.0,20000.0,-20000.0,CONDITIONAL_MODEL_NOT_OBSERVATION
H,58,2,946.0,686.4000000000001,20000.0,-19313.6,CONDITIONAL_MODEL_NOT_OBSERVATION
H,58,3,1034.0,1374.5600000000002,20000.0,-18625.44,CONDITIONAL_MODEL_NOT_OBSERVATION
H,58,4,1122.0,2064.304,20000.0,-17935.696,CONDITIONAL_MODEL_NOT_OBSERVATION
H,58,5,1210.0,2755.4736000000003,20000.0,-17244.5264,CONDITIONAL_MODEL_NOT_OBSERVATION
H,58,6,1298.0,2997.5792,20000.0,-17002.4208,CONDITIONAL_MODEL_NOT_OBSERVATION
H,58,7,1385.9999999999998,3239.6848000000005,20000.0,-16760.3152,CONDITIONAL_MODEL_NOT_OBSERVATION
H,58,8,1474.0,3481.7904,20000.0,-16518.209600000002,CONDITIONAL_MODEL_NOT_OBSERVATION
H,58,9,1562.0,3723.896,20000.0,-16276.104,CONDITIONAL_MODEL_NOT_OBSERVATION
H,58,10,1650.0,3966.0016000000005,20000.0,-16033.9984,CONDITIONAL_MODEL_NOT_OBSERVATION
H,58,11,1650.0,4208.1072,20000,-15791.8928,CONDITIONAL_MODEL_NOT_OBSERVATION
H,58,12,1650.0,4379.812800000001,20000,-15620.1872,CONDITIONAL_MODEL_NOT_OBSERVATION
H,58,13,1650.0,4488.1584,20000,-15511.8416,CONDITIONAL_MODEL_NOT_OBSERVATION
H,58,14,1650.0,4539.4800000000005,20000,-15460.52,CONDITIONAL_MODEL_NOT_OBSERVATION
H,58,15,1650.0,4539.4800000000005,20000,-15460.52,CONDITIONAL_MODEL_NOT_OBSERVATION
H,58,16,1650.0,4539.4800000000005,20000,-15460.52,CONDITIONAL_MODEL_NOT_OBSERVATION
H,58,17,1650.0,4539.4800000000005,20000,-15460.52,CONDITIONAL_MODEL_NOT_OBSERVATION
H,58,18,1650.0,4539.4800000000005,20000,-15460.52,CONDITIONAL_MODEL_NOT_OBSERVATION
H,58,19,1650.0,4539.4800000000005,20000,-15460.52,CONDITIONAL_MODEL_NOT_OBSERVATION
H,58,20,1650.0,4539.4800000000005,20000,-15460.52,CONDITIONAL_MODEL_NOT_OBSERVATION
H,59,1,858.0,0.0,32500.0,-32500.0,CONDITIONAL_MODEL_NOT_OBSERVATION
H,59,2,946.0,686.4000000000001,30000.0,-29313.6,CONDITIONAL_MODEL_NOT_OBSERVATION
H,59,3,1034.0,1374.5600000000002,27500.0,-26125.44,CONDITIONAL_MODEL_NOT_OBSERVATION
H,59,4,1122.0,2064.304,25000.0,-22935.696,CONDITIONAL_MODEL_NOT_OBSERVATION
H,59,5,1210.0,2755.4736000000003,22500.0,-19744.5264,CONDITIONAL_MODEL_NOT_OBSERVATION
H,59,6,1298.0,2997.5792,20000.0,-17002.4208,CONDITIONAL_MODEL_NOT_OBSERVATION
H,59,7,1385.9999999999998,3239.6848000000005,17500.0,-14260.3152,CONDITIONAL_MODEL_NOT_OBSERVATION
H,59,8,1474.0,3481.7904,15000.0,-11518.2096,CONDITIONAL_MODEL_NOT_OBSERVATION
H,59,9,1562.0,3723.896,12500.0,-8776.104,CONDITIONAL_MODEL_NOT_OBSERVATION
H,59,10,1650.0,3966.0016000000005,10000.0,-6033.9983999999995,CONDITIONAL_MODEL_NOT_OBSERVATION
H,59,11,1650.0,4208.1072,10000,-5791.8928,CONDITIONAL_MODEL_NOT_OBSERVATION
H,59,12,1650.0,4379.812800000001,10000,-5620.187199999999,CONDITIONAL_MODEL_NOT_OBSERVATION
H,59,13,1650.0,4488.1584,10000,-5511.8416,CONDITIONAL_MODEL_NOT_OBSERVATION
H,59,14,1650.0,4539.4800000000005,10000,-5460.5199999999995,CONDITIONAL_MODEL_NOT_OBSERVATION
H,59,15,1650.0,4539.4800000000005,10000,-5460.5199999999995,CONDITIONAL_MODEL_NOT_OBSERVATION
H,59,16,1650.0,4539.4800000000005,10000,-5460.5199999999995,CONDITIONAL_MODEL_NOT_OBSERVATION
H,59,17,1650.0,4539.4800000000005,10000,-5460.5199999999995,CONDITIONAL_MODEL_NOT_OBSERVATION
H,59,18,1650.0,4539.4800000000005,10000,-5460.5199999999995,CONDITIONAL_MODEL_NOT_OBSERVATION
H,59,19,1650.0,4539.4800000000005,10000,-5460.5199999999995,CONDITIONAL_MODEL_NOT_OBSERVATION
H,59,20,1650.0,4539.4800000000005,10000,-5460.5199999999995,CONDITIONAL_MODEL_NOT_OBSERVATION
H,60,1,858.0,0.0,33500.0,-33500.0,CONDITIONAL_MODEL_NOT_OBSERVATION
H,60,2,946.0,686.4000000000001,32000.0,-31313.6,CONDITIONAL_MODEL_NOT_OBSERVATION
H,60,3,1034.0,1374.5600000000002,30500.0,-29125.44,CONDITIONAL_MODEL_NOT_OBSERVATION
H,60,4,1122.0,2064.304,29000.0,-26935.696,CONDITIONAL_MODEL_NOT_OBSERVATION
H,60,5,1210.0,2755.4736000000003,27500.0,-24744.5264,CONDITIONAL_MODEL_NOT_OBSERVATION
H,60,6,1298.0,2997.5792,26000.0,-23002.4208,CONDITIONAL_MODEL_NOT_OBSERVATION
H,60,7,1385.9999999999998,3239.6848000000005,24500.0,-21260.3152,CONDITIONAL_MODEL_NOT_OBSERVATION
H,60,8,1474.0,3481.7904,23000.0,-19518.209600000002,CONDITIONAL_MODEL_NOT_OBSERVATION
H,60,9,1562.0,3723.896,21500.0,-17776.104,CONDITIONAL_MODEL_NOT_OBSERVATION
H,60,10,1650.0,3966.0016000000005,20000.0,-16033.9984,CONDITIONAL_MODEL_NOT_OBSERVATION
H,60,11,1650.0,4208.1072,20000,-15791.8928,CONDITIONAL_MODEL_NOT_OBSERVATION
H,60,12,1650.0,4379.812800000001,20000,-15620.1872,CONDITIONAL_MODEL_NOT_OBSERVATION
H,60,13,1650.0,4488.1584,20000,-15511.8416,CONDITIONAL_MODEL_NOT_OBSERVATION
H,60,14,1650.0,4539.4800000000005,20000,-15460.52,CONDITIONAL_MODEL_NOT_OBSERVATION
H,60,15,1650.0,4539.4800000000005,20000,-15460.52,CONDITIONAL_MODEL_NOT_OBSERVATION
H,60,16,1650.0,4539.4800000000005,20000,-15460.52,CONDITIONAL_MODEL_NOT_OBSERVATION
H,60,17,1650.0,4539.4800000000005,20000,-15460.52,CONDITIONAL_MODEL_NOT_OBSERVATION
H,60,18,1650.0,4539.4800000000005,20000,-15460.52,CONDITIONAL_MODEL_NOT_OBSERVATION
H,60,19,1650.0,4539.4800000000005,20000,-15460.52,CONDITIONAL_MODEL_NOT_OBSERVATION
H,60,20,1650.0,4539.4800000000005,20000,-15460.52,CONDITIONAL_MODEL_NOT_OBSERVATION
H,61,1,814.0,0.0,19500.0,-19500.0,CONDITIONAL_MODEL_NOT_OBSERVATION
H,61,2,858.0,651.2,19000.0,-18348.8,CONDITIONAL_MODEL_NOT_OBSERVATION
H,61,3,902.0,1272.48,18500.0,-17227.52,CONDITIONAL_MODEL_NOT_OBSERVATION
H,61,4,946.0,1866.832,18000.0,-16133.168,CONDITIONAL_MODEL_NOT_OBSERVATION
H,61,5,989.9999999999999,2436.9488,17500.0,-15063.0512,CONDITIONAL_MODEL_NOT_OBSERVATION
H,61,6,1034.0,2558.0016,17000.0,-14441.9984,CONDITIONAL_MODEL_NOT_OBSERVATION
H,61,7,1078.0,2679.0544000000004,16500.0,-13820.9456,CONDITIONAL_MODEL_NOT_OBSERVATION
H,61,8,1122.0,2800.1072000000004,16000.0,-13199.8928,CONDITIONAL_MODEL_NOT_OBSERVATION
H,61,9,1166.0,2921.16,15500.0,-12578.84,CONDITIONAL_MODEL_NOT_OBSERVATION
H,61,10,1210.0,3042.2128000000007,15000.0,-11957.787199999999,CONDITIONAL_MODEL_NOT_OBSERVATION
H,61,11,1254.0000000000002,3163.2656000000006,14500.0,-11336.7344,CONDITIONAL_MODEL_NOT_OBSERVATION
H,61,12,1298.0,3284.3184,14000.0,-10715.6816,CONDITIONAL_MODEL_NOT_OBSERVATION
H,61,13,1342.0,3405.3712,13500.0,-10094.6288,CONDITIONAL_MODEL_NOT_OBSERVATION
H,61,14,1385.9999999999998,3526.424000000001,13000.0,-9473.576,CONDITIONAL_MODEL_NOT_OBSERVATION
H,61,15,1430.0,3647.4768000000004,12500.0,-8852.5232,CONDITIONAL_MODEL_NOT_OBSERVATION
H,61,16,1474.0,3768.5296,12000.0,-8231.4704,CONDITIONAL_MODEL_NOT_OBSERVATION
H,61,17,1517.9999999999998,3889.5824000000002,11500.0,-7610.4176,CONDITIONAL_MODEL_NOT_OBSERVATION
H,61,18,1562.0,4010.6352,11000.0,-6989.364799999999,CONDITIONAL_MODEL_NOT_OBSERVATION
H,61,19,1606.0,4131.688,10500.0,-6368.312,CONDITIONAL_MODEL_NOT_OBSERVATION
H,61,20,1650.0,4252.7408000000005,10000.0,-5747.2591999999995,CONDITIONAL_MODEL_NOT_OBSERVATION
H,62,1,814.0,0.0,20000.0,-20000.0,CONDITIONAL_MODEL_NOT_OBSERVATION
H,62,2,858.0,651.2,20000.0,-19348.8,CONDITIONAL_MODEL_NOT_OBSERVATION
H,62,3,902.0,1272.48,20000.0,-18727.52,CONDITIONAL_MODEL_NOT_OBSERVATION
H,62,4,946.0,1866.832,20000.0,-18133.168,CONDITIONAL_MODEL_NOT_OBSERVATION
H,62,5,989.9999999999999,2436.9488,20000.0,-17563.0512,CONDITIONAL_MODEL_NOT_OBSERVATION
H,62,6,1034.0,2558.0016,20000.0,-17441.9984,CONDITIONAL_MODEL_NOT_OBSERVATION
H,62,7,1078.0,2679.0544000000004,20000.0,-17320.9456,CONDITIONAL_MODEL_NOT_OBSERVATION
H,62,8,1122.0,2800.1072000000004,20000.0,-17199.8928,CONDITIONAL_MODEL_NOT_OBSERVATION
H,62,9,1166.0,2921.16,20000.0,-17078.84,CONDITIONAL_MODEL_NOT_OBSERVATION
H,62,10,1210.0,3042.2128000000007,20000.0,-16957.7872,CONDITIONAL_MODEL_NOT_OBSERVATION
H,62,11,1254.0000000000002,3163.2656000000006,20000.0,-16836.7344,CONDITIONAL_MODEL_NOT_OBSERVATION
H,62,12,1298.0,3284.3184,20000.0,-16715.6816,CONDITIONAL_MODEL_NOT_OBSERVATION
H,62,13,1342.0,3405.3712,20000.0,-16594.6288,CONDITIONAL_MODEL_NOT_OBSERVATION
H,62,14,1385.9999999999998,3526.424000000001,20000.0,-16473.576,CONDITIONAL_MODEL_NOT_OBSERVATION
H,62,15,1430.0,3647.4768000000004,20000.0,-16352.5232,CONDITIONAL_MODEL_NOT_OBSERVATION
H,62,16,1474.0,3768.5296,20000.0,-16231.4704,CONDITIONAL_MODEL_NOT_OBSERVATION
H,62,17,1517.9999999999998,3889.5824000000002,20000.0,-16110.4176,CONDITIONAL_MODEL_NOT_OBSERVATION
H,62,18,1562.0,4010.6352,20000.0,-15989.3648,CONDITIONAL_MODEL_NOT_OBSERVATION
H,62,19,1606.0,4131.688,20000.0,-15868.312,CONDITIONAL_MODEL_NOT_OBSERVATION
H,62,20,1650.0,4252.7408000000005,20000.0,-15747.2592,CONDITIONAL_MODEL_NOT_OBSERVATION
H,63,1,814.0,0.0,33750.0,-33750.0,CONDITIONAL_MODEL_NOT_OBSERVATION
H,63,2,858.0,651.2,32500.0,-31848.8,CONDITIONAL_MODEL_NOT_OBSERVATION
H,63,3,902.0,1272.48,31250.0,-29977.52,CONDITIONAL_MODEL_NOT_OBSERVATION
H,63,4,946.0,1866.832,30000.0,-28133.168,CONDITIONAL_MODEL_NOT_OBSERVATION
H,63,5,989.9999999999999,2436.9488,28750.0,-26313.0512,CONDITIONAL_MODEL_NOT_OBSERVATION
H,63,6,1034.0,2558.0016,27500.0,-24941.9984,CONDITIONAL_MODEL_NOT_OBSERVATION
H,63,7,1078.0,2679.0544000000004,26250.0,-23570.9456,CONDITIONAL_MODEL_NOT_OBSERVATION
H,63,8,1122.0,2800.1072000000004,25000.0,-22199.8928,CONDITIONAL_MODEL_NOT_OBSERVATION
H,63,9,1166.0,2921.16,23750.0,-20828.84,CONDITIONAL_MODEL_NOT_OBSERVATION
H,63,10,1210.0,3042.2128000000007,22500.0,-19457.7872,CONDITIONAL_MODEL_NOT_OBSERVATION
H,63,11,1254.0000000000002,3163.2656000000006,21250.0,-18086.7344,CONDITIONAL_MODEL_NOT_OBSERVATION
H,63,12,1298.0,3284.3184,20000.0,-16715.6816,CONDITIONAL_MODEL_NOT_OBSERVATION
H,63,13,1342.0,3405.3712,18750.0,-15344.6288,CONDITIONAL_MODEL_NOT_OBSERVATION
H,63,14,1385.9999999999998,3526.424000000001,17500.0,-13973.576,CONDITIONAL_MODEL_NOT_OBSERVATION
H,63,15,1430.0,3647.4768000000004,16250.0,-12602.5232,CONDITIONAL_MODEL_NOT_OBSERVATION
H,63,16,1474.0,3768.5296,15000.0,-11231.4704,CONDITIONAL_MODEL_NOT_OBSERVATION
H,63,17,1517.9999999999998,3889.5824000000002,13750.0,-9860.4176,CONDITIONAL_MODEL_NOT_OBSERVATION
H,63,18,1562.0,4010.6352,12500.0,-8489.3648,CONDITIONAL_MODEL_NOT_OBSERVATION
H,63,19,1606.0,4131.688,11250.000000000002,-7118.312000000002,CONDITIONAL_MODEL_NOT_OBSERVATION
H,63,20,1650.0,4252.7408000000005,10000.0,-5747.2591999999995,CONDITIONAL_MODEL_NOT_OBSERVATION
H,64,1,814.0,0.0,34250.0,-34250.0,CONDITIONAL_MODEL_NOT_OBSERVATION
H,64,2,858.0,651.2,33500.0,-32848.8,CONDITIONAL_MODEL_NOT_OBSERVATION
H,64,3,902.0,1272.48,32750.0,-31477.52,CONDITIONAL_MODEL_NOT_OBSERVATION
H,64,4,946.0,1866.832,32000.0,-30133.168,CONDITIONAL_MODEL_NOT_OBSERVATION
H,64,5,989.9999999999999,2436.9488,31250.0,-28813.0512,CONDITIONAL_MODEL_NOT_OBSERVATION
H,64,6,1034.0,2558.0016,30500.0,-27941.9984,CONDITIONAL_MODEL_NOT_OBSERVATION
H,64,7,1078.0,2679.0544000000004,29750.0,-27070.9456,CONDITIONAL_MODEL_NOT_OBSERVATION
H,64,8,1122.0,2800.1072000000004,29000.0,-26199.8928,CONDITIONAL_MODEL_NOT_OBSERVATION
H,64,9,1166.0,2921.16,28250.0,-25328.84,CONDITIONAL_MODEL_NOT_OBSERVATION
H,64,10,1210.0,3042.2128000000007,27500.0,-24457.7872,CONDITIONAL_MODEL_NOT_OBSERVATION
H,64,11,1254.0000000000002,3163.2656000000006,26750.0,-23586.7344,CONDITIONAL_MODEL_NOT_OBSERVATION
H,64,12,1298.0,3284.3184,26000.0,-22715.6816,CONDITIONAL_MODEL_NOT_OBSERVATION
H,64,13,1342.0,3405.3712,25250.0,-21844.6288,CONDITIONAL_MODEL_NOT_OBSERVATION
H,64,14,1385.9999999999998,3526.424000000001,24500.0,-20973.576,CONDITIONAL_MODEL_NOT_OBSERVATION
H,64,15,1430.0,3647.4768000000004,23750.0,-20102.5232,CONDITIONAL_MODEL_NOT_OBSERVATION
H,64,16,1474.0,3768.5296,23000.0,-19231.4704,CONDITIONAL_MODEL_NOT_OBSERVATION
H,64,17,1517.9999999999998,3889.5824000000002,22250.0,-18360.4176,CONDITIONAL_MODEL_NOT_OBSERVATION
H,64,18,1562.0,4010.6352,21500.0,-17489.3648,CONDITIONAL_MODEL_NOT_OBSERVATION
H,64,19,1606.0,4131.688,20750.0,-16618.311999999998,CONDITIONAL_MODEL_NOT_OBSERVATION
H,64,20,1650.0,4252.7408000000005,20000.0,-15747.2592,CONDITIONAL_MODEL_NOT_OBSERVATION
