track,year,region,layer,stage,R,O,garrison_need,fr_in_B
hist,1803,old_france,A,3,0.03,0.0,45236,0
hist,1803,d1_inner,A,2,0.203,0.05,18803,0
hist,1803,parma,B,0,0.356,0.0,0,0
hist,1803,tuscany,C,0,0.15,0.05,0,0
hist,1803,valais,C,0,0.21,0.0,0,0
hist,1803,berg,N,0,0.26,0.05,0,0
hist,1803,westphalia,N,0,0.368,0.1,0,0
hist,1803,west_rest,N,0,0.306,0.1,0,0
hist,1803,holland,B,0,0.219,0.05,0,0
hist,1803,hanseatic,N,0,0.138,0.05,0,0
hist,1803,rome,N,0,0.361,0.05,0,0
hist,1803,illyria,N,0,0.366,0.3,0,0
hist,1803,catalonia,C,0,0.787,1.0,0,0
hist,1803,spain_ebro,C,0,0.745,1.0,0,0
hist,1803,north_italy,B,0,0.381,0.3,0,22025
hist,1803,south_germany,N,0,0.431,0.3,0,0
hist,1803,naples,N,0,0.581,0.8,0,0
hist,1803,spain_rest,C,0,0.703,1.0,0,0
hist,1803,switzerland,C,0,0.361,0.2,0,0
hist,1803,warsaw,N,0,0.319,0.3,0,0
hist,1803,saxony,N,0,0.319,0.2,0,0
hist,1804,old_france,A,3,0.018,0.0,45085,0
hist,1804,d1_inner,A,2,0.193,0.05,18505,0
hist,1804,parma,B,0,0.36,0.0,0,0
hist,1804,tuscany,C,0,0.167,0.05,0,0
hist,1804,valais,C,0,0.215,0.0,0,0
hist,1804,berg,N,0,0.265,0.05,0,0
hist,1804,westphalia,N,0,0.382,0.1,0,0
hist,1804,west_rest,N,0,0.31,0.1,0,0
hist,1804,holland,B,0,0.232,0.05,0,0
hist,1804,hanseatic,N,0,0.152,0.05,0,0
hist,1804,rome,N,0,0.371,0.05,0,0
hist,1804,illyria,N,0,0.401,0.3,0,0
hist,1804,catalonia,C,0,0.819,1.0,0,0
hist,1804,spain_ebro,C,0,0.783,1.0,0,0
hist,1804,north_italy,B,0,0.442,0.3,0,23544
hist,1804,south_germany,N,0,0.492,0.3,0,0
hist,1804,naples,N,0,0.679,0.8,0,0
hist,1804,spain_rest,C,0,0.747,1.0,0,0
hist,1804,switzerland,C,0,0.371,0.2,0,0
hist,1804,warsaw,N,0,0.37,0.3,0,0
hist,1804,saxony,N,0,0.332,0.2,0,0
hist,1805,old_france,A,3,0.011,0.0,45031,0
hist,1805,d1_inner,A,2,0.187,0.05,18333,0
hist,1805,parma,A,1,0.364,0.0,1063,0
hist,1805,tuscany,C,0,0.178,0.05,0,0
hist,1805,valais,C,0,0.219,0.0,0,0
hist,1805,berg,N,0,0.269,0.05,0,0
hist,1805,westphalia,N,0,0.393,0.1,0,0
hist,1805,west_rest,N,0,0.314,0.1,0,0
hist,1805,holland,B,0,0.243,0.05,0,0
hist,1805,hanseatic,N,0,0.163,0.05,0,0
hist,1805,rome,N,0,0.379,0.05,0,0
hist,1805,illyria,N,0,0.431,0.3,0,0
hist,1805,catalonia,C,0,0.846,1.0,0,0
hist,1805,spain_ebro,C,0,0.816,1.0,0,0
hist,1805,north_italy,B,0,0.487,0.3,0,24683
hist,1805,south_germany,C,0,0.537,0.3,0,0
hist,1805,naples,N,0,0.753,0.8,0,0
hist,1805,spain_rest,C,0,0.785,1.0,0,0
hist,1805,switzerland,C,0,0.379,0.2,0,0
hist,1805,warsaw,N,0,0.408,0.3,0,0
hist,1805,saxony,N,0,0.343,0.2,0,0
hist,1806,old_france,A,3,0.006,0.0,45011,0
hist,1806,d1_inner,A,2,0.208,0.05,18938,0
hist,1806,parma,A,1,0.366,0.0,1068,0
hist,1806,tuscany,C,0,0.204,0.05,0,0
hist,1806,valais,C,0,0.221,0.0,0,0
hist,1806,berg,B,0,0.331,0.05,0,0
hist,1806,westphalia,N,0,0.416,0.1,0,0
hist,1806,west_rest,C,0,0.331,0.1,0,0
hist,1806,holland,B,0,0.281,0.05,0,0
hist,1806,hanseatic,N,0,0.216,0.05,0,0
hist,1806,rome,N,0,0.39,0.05,0,0
hist,1806,illyria,N,0,0.469,0.3,0,0
hist,1806,catalonia,C,0,0.869,1.0,0,0
hist,1806,spain_ebro,C,0,0.843,1.0,0,0
hist,1806,north_italy,B,0,0.544,0.3,0,26100
hist,1806,south_germany,C,0,0.579,0.3,0,0
hist,1806,naples,B,0,0.815,0.8,0,26294
hist,1806,spain_rest,C,0,0.817,1.0,0,0
hist,1806,switzerland,C,0,0.394,0.2,0,0
hist,1806,warsaw,N,0,0.452,0.3,0,0
hist,1806,saxony,C,0,0.366,0.2,0,0
hist,1807,old_france,A,3,0.004,0.0,45004,0
hist,1807,d1_inner,A,2,0.22,0.05,19331,0
hist,1807,parma,A,1,0.364,0.0,1063,0
hist,1807,tuscany,C,0,0.219,0.05,0,0
hist,1807,valais,C,0,0.222,0.0,0,0
hist,1807,berg,B,0,0.368,0.05,0,0
hist,1807,westphalia,B,0,0.433,0.1,0,11659
hist,1807,west_rest,C,0,0.345,0.1,0,0
hist,1807,holland,B,0,0.309,0.05,0,0
hist,1807,hanseatic,N,0,0.255,0.05,0,0
hist,1807,rome,N,0,0.399,0.05,0,0
hist,1807,illyria,N,0,0.502,0.3,0,0
hist,1807,catalonia,C,0,0.889,1.0,0,0
hist,1807,spain_ebro,C,0,0.867,1.0,0,0
hist,1807,north_italy,B,0,0.586,0.3,0,27162
hist,1807,south_germany,C,0,0.61,0.3,0,0
hist,1807,naples,B,0,0.861,0.8,0,27221
hist,1807,spain_rest,C,0,0.845,1.0,0,0
hist,1807,switzerland,C,0,0.408,0.2,0,0
hist,1807,warsaw,B,0,0.485,0.3,0,7882
hist,1807,saxony,C,0,0.383,0.2,0,0
hist,1808,old_france,A,3,0.002,0.0,45001,0
hist,1808,d1_inner,A,2,0.227,0.05,19577,0
hist,1808,parma,A,1,0.359,0.0,1052,0
hist,1808,tuscany,A,1,0.24,0.05,2807,0
hist,1808,valais,C,0,0.223,0.0,0,0
hist,1808,berg,B,0,0.39,0.05,0,0
hist,1808,westphalia,B,0,0.446,0.1,0,11819
hist,1808,west_rest,C,0,0.354,0.1,0,0
hist,1808,holland,B,0,0.33,0.05,0,0
hist,1808,hanseatic,N,0,0.285,0.05,0,0
hist,1808,rome,N,0,0.408,0.05,0,0
hist,1808,illyria,N,0,0.53,0.3,0,0
hist,1808,catalonia,W,0,0.906,1.0,22507,0
hist,1808,spain_ebro,W,0,0.887,1.0,30112,0
hist,1808,north_italy,B,0,0.618,0.3,0,27959
hist,1808,south_germany,C,0,0.634,0.3,0,0
hist,1808,naples,B,0,0.896,0.8,0,27915
hist,1808,spain_rest,W,0,0.868,1.0,185385,0
hist,1808,switzerland,C,0,0.419,0.2,0,0
hist,1808,warsaw,B,0,0.51,0.3,0,8079
hist,1808,saxony,C,0,0.396,0.2,0,0
hist,1809,old_france,A,3,0.005,0.0,45006,0
hist,1809,d1_inner,A,2,0.298,0.05,22351,0
hist,1809,parma,A,1,0.374,0.0,1089,0
hist,1809,tuscany,A,1,0.287,0.05,3068,0
hist,1809,valais,C,0,0.243,0.0,0,0
hist,1809,berg,B,0,0.424,0.05,0,0
hist,1809,westphalia,B,0,0.468,0.1,0,12095
hist,1809,west_rest,C,0,0.374,0.1,0,0
hist,1809,holland,B,0,0.354,0.5,0,0
hist,1809,hanseatic,N,0,0.312,0.05,0,0
hist,1809,rome,A,1,0.497,0.05,6286,0
hist,1809,illyria,A,1,0.584,1.0,25543,0
hist,1809,catalonia,W,0,0.92,1.0,23088,0
hist,1809,spain_ebro,W,0,0.904,1.0,31099,0
hist,1809,north_italy,B,0,0.692,1.0,0,29807
hist,1809,south_germany,C,0,0.689,1.0,0,0
hist,1809,naples,B,0,0.922,0.8,0,28437
hist,1809,spain_rest,W,0,0.888,1.0,192598,0
hist,1809,switzerland,C,0,0.444,0.2,0,0
hist,1809,warsaw,B,0,0.541,0.3,0,8328
hist,1809,saxony,C,0,0.41,0.2,0,0
hist,1810,old_france,A,3,0.006,0.0,45010,0
hist,1810,d1_inner,A,2,0.356,0.05,25209,0
hist,1810,parma,A,1,0.385,0.0,1118,0
hist,1810,tuscany,A,1,0.319,0.05,3268,0
hist,1810,valais,A,1,0.268,0.0,898,0
hist,1810,berg,B,0,0.484,0.05,0,0
hist,1810,westphalia,B,0,0.494,0.1,0,12428
hist,1810,west_rest,C,0,0.399,0.1,0,0
hist,1810,holland,A,1,0.515,0.05,11077,0
hist,1810,hanseatic,N,0,0.363,0.05,0,0
hist,1810,rome,A,1,0.572,0.05,6903,0
hist,1810,illyria,A,1,0.638,0.3,21076,0
hist,1810,catalonia,W,0,0.932,1.0,23589,0
hist,1810,spain_ebro,W,0,0.918,1.0,31954,0
hist,1810,north_italy,B,0,0.763,0.3,0,31568
hist,1810,south_germany,C,0,0.735,0.3,0,0
hist,1810,naples,B,0,0.941,0.8,0,28827
hist,1810,spain_rest,W,0,0.905,1.0,198858,0
hist,1810,switzerland,C,0,0.471,0.2,0,0
hist,1810,warsaw,B,0,0.574,0.3,0,8594
hist,1810,saxony,C,0,0.431,0.2,0,0
hist,1811,old_france,A,3,0.007,0.0,45013,0
hist,1811,d1_inner,A,2,0.391,0.05,27168,0
hist,1811,parma,A,1,0.391,0.0,1136,0
hist,1811,tuscany,A,1,0.33,0.05,3349,0
hist,1811,valais,A,1,0.269,0.0,899,0
hist,1811,berg,B,0,0.52,0.05,0,0
hist,1811,westphalia,B,0,0.514,0.1,0,12677
hist,1811,west_rest,C,0,0.418,0.1,0,0
hist,1811,holland,A,1,0.636,0.05,13746,0
hist,1811,hanseatic,A,1,0.425,0.05,6148,0
hist,1811,rome,A,1,0.636,0.05,7497,0
hist,1811,illyria,A,1,0.684,0.3,22308,0
hist,1811,catalonia,W,0,0.942,1.0,24020,0
hist,1811,spain_ebro,W,0,0.931,1.0,32690,0
hist,1811,north_italy,B,0,0.816,0.3,0,32888
hist,1811,south_germany,C,0,0.77,0.3,0,0
hist,1811,naples,B,0,0.956,0.8,0,29121
hist,1811,spain_rest,W,0,0.919,1.0,204271,0
hist,1811,switzerland,C,0,0.494,0.2,0,0
hist,1811,warsaw,B,0,0.599,0.3,0,8793
hist,1811,saxony,C,0,0.447,0.2,0,0
hist,1812,old_france,A,3,0.038,0.0,45369,0
hist,1812,d1_inner,A,2,0.442,0.05,30354,0
hist,1812,parma,A,1,0.438,0.0,1271,0
hist,1812,tuscany,A,1,0.384,0.05,3747,0
hist,1812,valais,A,2,0.289,0.0,911,0
hist,1812,berg,B,0,0.572,0.05,0,0
hist,1812,westphalia,B,0,0.559,0.1,0,13239
hist,1812,west_rest,C,0,0.462,0.1,0,0
hist,1812,holland,A,1,0.757,0.05,16969,0
hist,1812,hanseatic,A,1,0.515,0.05,7192,0
hist,1812,rome,A,1,0.721,0.05,8375,0
hist,1812,illyria,A,1,0.761,0.3,24594,0
hist,1812,catalonia,X,1,0.981,1.0,0,0
hist,1812,spain_ebro,W,0,0.971,1.0,35188,0
hist,1812,north_italy,B,0,0.885,0.3,0,34629
hist,1812,south_germany,C,0,0.826,0.3,0,0
hist,1812,naples,B,0,0.997,0.8,0,29940
hist,1812,spain_rest,W,0,0.961,1.0,220718,0
hist,1812,switzerland,C,0,0.543,0.2,0,0
hist,1812,warsaw,B,0,0.648,0.3,0,9183
hist,1812,saxony,C,0,0.489,0.2,0,0
hist,1813,old_france,A,3,0.026,0.0,45175,0
hist,1813,d1_inner,A,2,0.442,0.05,30392,0
hist,1813,parma,A,1,0.461,0.0,1345,0
hist,1813,tuscany,A,1,0.413,0.05,3997,0
hist,1813,valais,A,2,0.285,0.0,908,0
hist,1813,berg,B,0,0.573,1.0,0,0
hist,1813,westphalia,B,0,0.563,1.0,0,13286
hist,1813,west_rest,C,0,0.465,0.1,0,0
hist,1813,holland,A,1,0.818,1.0,39456,0
hist,1813,hanseatic,A,1,0.571,1.0,14500,0
hist,1813,rome,A,1,0.763,0.05,8850,0
hist,1813,illyria,A,1,0.797,1.0,36575,0
hist,1813,catalonia,X,1,0.984,1.0,0,0
hist,1813,spain_ebro,W,0,0.975,1.0,35464,0
hist,1813,north_italy,B,0,0.907,1.0,0,35184
hist,1813,south_germany,C,0,0.838,1.0,0,0
hist,1813,naples,B,0,0.998,0.8,0,29955
hist,1813,spain_rest,W,0,0.967,1.0,223053,0
hist,1813,switzerland,C,0,0.556,0.2,0,0
hist,1813,warsaw,B,0,0.654,1.0,0,9235
hist,1813,saxony,C,0,0.49,1.0,0,0
flash,1803,old_france,A,3,0.03,0.0,45236,0
flash,1803,d1_inner,A,2,0.203,0.05,18803,0
flash,1803,parma,B,0,0.356,0.0,0,0
flash,1803,tuscany,C,0,0.15,0.05,0,0
flash,1803,valais,C,0,0.21,0.0,0,0
flash,1803,berg,N,0,0.26,0.05,0,0
flash,1803,westphalia,N,0,0.368,0.1,0,0
flash,1803,west_rest,N,0,0.306,0.1,0,0
flash,1803,holland,B,0,0.219,0.05,0,0
flash,1803,hanseatic,N,0,0.138,0.05,0,0
flash,1803,rome,N,0,0.361,0.05,0,0
flash,1803,illyria,N,0,0.366,0.3,0,0
flash,1803,catalonia,C,0,0.787,1.0,0,0
flash,1803,spain_ebro,C,0,0.745,1.0,0,0
flash,1803,north_italy,B,0,0.381,0.3,0,22025
flash,1803,south_germany,N,0,0.431,0.3,0,0
flash,1803,naples,N,0,0.581,0.8,0,0
flash,1803,spain_rest,C,0,0.703,1.0,0,0
flash,1803,switzerland,C,0,0.361,0.2,0,0
flash,1803,warsaw,N,0,0.319,0.3,0,0
flash,1803,saxony,N,0,0.319,0.2,0,0
flash,1804,old_france,A,3,0.018,0.0,45085,0
flash,1804,d1_inner,A,2,0.193,0.05,18505,0
flash,1804,parma,B,0,0.36,0.0,0,0
flash,1804,tuscany,C,0,0.167,0.05,0,0
flash,1804,valais,C,0,0.215,0.0,0,0
flash,1804,berg,N,0,0.265,0.05,0,0
flash,1804,westphalia,N,0,0.382,0.1,0,0
flash,1804,west_rest,N,0,0.31,0.1,0,0
flash,1804,holland,B,0,0.232,0.05,0,0
flash,1804,hanseatic,N,0,0.152,0.05,0,0
flash,1804,rome,N,0,0.371,0.05,0,0
flash,1804,illyria,N,0,0.401,0.3,0,0
flash,1804,catalonia,C,0,0.819,1.0,0,0
flash,1804,spain_ebro,C,0,0.783,1.0,0,0
flash,1804,north_italy,B,0,0.442,0.3,0,23544
flash,1804,south_germany,N,0,0.492,0.3,0,0
flash,1804,naples,N,0,0.679,0.8,0,0
flash,1804,spain_rest,C,0,0.747,1.0,0,0
flash,1804,switzerland,C,0,0.371,0.2,0,0
flash,1804,warsaw,N,0,0.37,0.3,0,0
flash,1804,saxony,N,0,0.332,0.2,0,0
flash,1805,old_france,A,3,0.011,0.0,45031,0
flash,1805,d1_inner,A,2,0.187,0.05,18333,0
flash,1805,parma,A,1,0.364,0.0,1063,0
flash,1805,tuscany,C,0,0.178,0.05,0,0
flash,1805,valais,C,0,0.219,0.0,0,0
flash,1805,berg,N,0,0.269,0.05,0,0
flash,1805,westphalia,N,0,0.393,0.1,0,0
flash,1805,west_rest,N,0,0.314,0.1,0,0
flash,1805,holland,B,0,0.243,0.05,0,0
flash,1805,hanseatic,N,0,0.163,0.05,0,0
flash,1805,rome,N,0,0.379,0.05,0,0
flash,1805,illyria,N,0,0.431,0.3,0,0
flash,1805,catalonia,C,0,0.846,1.0,0,0
flash,1805,spain_ebro,C,0,0.816,1.0,0,0
flash,1805,north_italy,B,0,0.487,0.3,0,24683
flash,1805,south_germany,C,0,0.537,0.3,0,0
flash,1805,naples,N,0,0.753,0.8,0,0
flash,1805,spain_rest,C,0,0.785,1.0,0,0
flash,1805,switzerland,C,0,0.379,0.2,0,0
flash,1805,warsaw,N,0,0.408,0.3,0,0
flash,1805,saxony,N,0,0.343,0.2,0,0
flash,1806,old_france,A,3,0.006,0.0,45011,0
flash,1806,d1_inner,A,2,0.208,0.05,18938,0
flash,1806,parma,A,1,0.366,0.0,1068,0
flash,1806,tuscany,C,0,0.204,0.05,0,0
flash,1806,valais,C,0,0.221,0.0,0,0
flash,1806,berg,B,0,0.331,0.05,0,0
flash,1806,westphalia,N,0,0.416,0.1,0,0
flash,1806,west_rest,C,0,0.331,0.1,0,0
flash,1806,holland,B,0,0.281,0.05,0,0
flash,1806,hanseatic,N,0,0.216,0.05,0,0
flash,1806,rome,N,0,0.39,0.05,0,0
flash,1806,illyria,N,0,0.469,0.3,0,0
flash,1806,catalonia,C,0,0.869,1.0,0,0
flash,1806,spain_ebro,C,0,0.843,1.0,0,0
flash,1806,north_italy,B,0,0.544,0.3,0,26100
flash,1806,south_germany,C,0,0.579,0.3,0,0
flash,1806,naples,B,0,0.815,0.8,0,26294
flash,1806,spain_rest,C,0,0.817,1.0,0,0
flash,1806,switzerland,C,0,0.394,0.2,0,0
flash,1806,warsaw,N,0,0.452,0.3,0,0
flash,1806,saxony,C,0,0.366,0.2,0,0
flash,1807,old_france,A,3,0.004,0.0,45004,0
flash,1807,d1_inner,A,2,0.22,0.05,19331,0
flash,1807,parma,A,1,0.364,0.0,1063,0
flash,1807,tuscany,C,0,0.219,0.05,0,0
flash,1807,valais,C,0,0.222,0.0,0,0
flash,1807,berg,B,0,0.368,0.05,0,0
flash,1807,westphalia,B,0,0.433,0.1,0,11659
flash,1807,west_rest,C,0,0.345,0.1,0,0
flash,1807,holland,B,0,0.309,0.05,0,0
flash,1807,hanseatic,N,0,0.255,0.05,0,0
flash,1807,rome,N,0,0.399,0.05,0,0
flash,1807,illyria,N,0,0.502,0.3,0,0
flash,1807,catalonia,C,0,0.889,1.0,0,0
flash,1807,spain_ebro,C,0,0.867,1.0,0,0
flash,1807,north_italy,B,0,0.586,0.3,0,27162
flash,1807,south_germany,C,0,0.61,0.3,0,0
flash,1807,naples,B,0,0.861,0.8,0,27221
flash,1807,spain_rest,C,0,0.845,1.0,0,0
flash,1807,switzerland,C,0,0.408,0.2,0,0
flash,1807,warsaw,B,0,0.485,0.3,0,7882
flash,1807,saxony,C,0,0.383,0.2,0,0
flash,1808,old_france,A,3,0.002,0.0,45001,0
flash,1808,d1_inner,A,2,0.227,0.05,19577,0
flash,1808,parma,A,1,0.359,0.0,1052,0
flash,1808,tuscany,A,1,0.24,0.05,2807,0
flash,1808,valais,C,0,0.223,0.0,0,0
flash,1808,berg,B,0,0.39,0.05,0,0
flash,1808,westphalia,B,0,0.446,0.1,0,11819
flash,1808,west_rest,C,0,0.354,0.1,0,0
flash,1808,holland,B,0,0.33,0.05,0,0
flash,1808,hanseatic,N,0,0.285,0.05,0,0
flash,1808,rome,N,0,0.408,0.05,0,0
flash,1808,illyria,N,0,0.53,0.3,0,0
flash,1808,catalonia,W,0,0.906,1.0,22507,0
flash,1808,spain_ebro,W,0,0.887,1.0,30112,0
flash,1808,north_italy,B,0,0.618,0.3,0,27959
flash,1808,south_germany,C,0,0.634,0.3,0,0
flash,1808,naples,B,0,0.896,0.8,0,27915
flash,1808,spain_rest,W,0,0.868,1.0,185385,0
flash,1808,switzerland,C,0,0.419,0.2,0,0
flash,1808,warsaw,B,0,0.51,0.3,0,8079
flash,1808,saxony,C,0,0.396,0.2,0,0
flash,1809,old_france,A,3,0.005,0.0,45006,0
flash,1809,d1_inner,A,2,0.298,0.05,22351,0
flash,1809,parma,A,1,0.374,0.0,1089,0
flash,1809,tuscany,A,1,0.287,0.05,3068,0
flash,1809,valais,C,0,0.243,0.0,0,0
flash,1809,berg,B,0,0.424,0.05,0,0
flash,1809,westphalia,B,0,0.468,0.1,0,12095
flash,1809,west_rest,C,0,0.374,0.1,0,0
flash,1809,holland,B,0,0.354,0.5,0,0
flash,1809,hanseatic,N,0,0.312,0.05,0,0
flash,1809,rome,A,1,0.497,0.05,6286,0
flash,1809,illyria,A,1,0.584,1.0,25543,0
flash,1809,catalonia,W,0,0.92,1.0,23088,0
flash,1809,spain_ebro,W,0,0.904,1.0,31099,0
flash,1809,north_italy,B,0,0.692,1.0,0,29807
flash,1809,south_germany,C,0,0.689,1.0,0,0
flash,1809,naples,B,0,0.922,0.8,0,28437
flash,1809,spain_rest,W,0,0.888,1.0,192598,0
flash,1809,switzerland,C,0,0.444,0.2,0,0
flash,1809,warsaw,B,0,0.541,0.3,0,8328
flash,1809,saxony,C,0,0.41,0.2,0,0
flash,1810,old_france,A,3,0.006,0.0,45010,0
flash,1810,d1_inner,A,2,0.356,0.05,25209,0
flash,1810,parma,A,1,0.385,0.0,1118,0
flash,1810,tuscany,A,1,0.319,0.05,3268,0
flash,1810,valais,A,1,0.268,0.0,898,0
flash,1810,berg,B,0,0.484,0.05,0,0
flash,1810,westphalia,B,0,0.494,0.1,0,12428
flash,1810,west_rest,C,0,0.399,0.1,0,0
flash,1810,holland,A,1,0.515,0.05,11077,0
flash,1810,hanseatic,N,0,0.363,0.05,0,0
flash,1810,rome,A,1,0.572,0.05,6903,0
flash,1810,illyria,A,1,0.638,0.3,21076,0
flash,1810,catalonia,W,0,0.932,1.0,23589,0
flash,1810,spain_ebro,W,0,0.918,1.0,31954,0
flash,1810,north_italy,B,0,0.763,0.3,0,31568
flash,1810,south_germany,C,0,0.735,0.3,0,0
flash,1810,naples,B,0,0.941,0.8,0,28827
flash,1810,spain_rest,W,0,0.905,1.0,198858,0
flash,1810,switzerland,C,0,0.471,0.2,0,0
flash,1810,warsaw,B,0,0.574,0.3,0,8594
flash,1810,saxony,C,0,0.431,0.2,0,0
flash,1811,old_france,A,3,0.007,0.0,45013,0
flash,1811,d1_inner,A,2,0.391,0.05,27168,0
flash,1811,parma,A,1,0.391,0.0,1136,0
flash,1811,tuscany,A,1,0.33,0.05,3349,0
flash,1811,valais,A,1,0.269,0.0,899,0
flash,1811,berg,B,0,0.52,0.05,0,0
flash,1811,westphalia,B,0,0.514,0.1,0,12677
flash,1811,west_rest,C,0,0.418,0.1,0,0
flash,1811,holland,A,1,0.636,0.05,13746,0
flash,1811,hanseatic,A,1,0.425,0.05,6148,0
flash,1811,rome,A,1,0.636,0.05,7497,0
flash,1811,illyria,A,1,0.684,0.3,22308,0
flash,1811,catalonia,W,0,0.942,1.0,24020,0
flash,1811,spain_ebro,W,0,0.931,1.0,32690,0
flash,1811,north_italy,B,0,0.816,0.3,0,32888
flash,1811,south_germany,C,0,0.77,0.3,0,0
flash,1811,naples,B,0,0.956,0.8,0,29121
flash,1811,spain_rest,W,0,0.919,1.0,204271,0
flash,1811,switzerland,C,0,0.494,0.2,0,0
flash,1811,warsaw,B,0,0.599,0.3,0,8793
flash,1811,saxony,C,0,0.447,0.2,0,0
flash,1812,old_france,A,3,0.038,0.0,45369,0
flash,1812,d1_inner,A,2,0.442,0.05,30354,0
flash,1812,parma,A,1,0.432,0.0,1254,0
flash,1812,tuscany,A,1,0.375,0.05,3675,0
flash,1812,valais,A,2,0.289,0.0,911,0
flash,1812,berg,B,0,0.572,0.05,0,0
flash,1812,westphalia,B,0,0.559,0.1,0,13239
flash,1812,west_rest,C,0,0.462,0.1,0,0
flash,1812,holland,A,1,0.757,0.05,16969,0
flash,1812,hanseatic,A,1,0.508,0.05,7109,0
flash,1812,rome,A,1,0.721,0.05,8375,0
flash,1812,illyria,A,1,0.76,0.3,24548,0
flash,1812,catalonia,X,1,0.981,1.0,0,0
flash,1812,spain_ebro,W,0,0.971,1.0,35188,0
flash,1812,north_italy,B,0,0.885,0.3,0,34629
flash,1812,south_germany,C,0,0.826,0.3,0,0
flash,1812,naples,B,0,0.997,0.8,0,29940
flash,1812,spain_rest,W,0,0.961,1.0,220718,0
flash,1812,switzerland,C,0,0.543,0.2,0,0
flash,1812,warsaw,B,0,0.648,0.3,0,9183
flash,1812,saxony,C,0,0.489,0.2,0,0
flash,1813,old_france,A,3,0.026,0.0,45175,0
flash,1813,d1_inner,A,2,0.442,0.05,30392,0
flash,1813,parma,A,1,0.432,0.0,1252,0
flash,1813,tuscany,A,1,0.367,0.05,3620,0
flash,1813,valais,A,2,0.265,0.0,896,0
flash,1813,berg,A,1,0.607,0.05,5523,0
flash,1813,westphalia,B,0,0.563,0.1,0,13286
flash,1813,west_rest,C,0,0.465,0.1,0,0
flash,1813,holland,A,1,0.818,0.05,18797,0
flash,1813,hanseatic,A,1,0.537,0.05,7484,0
flash,1813,rome,A,1,0.763,0.05,8850,0
flash,1813,illyria,A,1,0.794,0.3,25634,0
flash,1813,catalonia,X,1,0.984,1.0,0,0
flash,1813,spain_ebro,A,1,0.975,1.0,35464,0
flash,1813,north_italy,B,0,0.907,0.3,0,35184
flash,1813,south_germany,C,0,0.838,0.3,0,0
flash,1813,naples,B,0,0.998,0.8,0,29955
flash,1813,spain_rest,W,0,0.967,1.0,223053,0
flash,1813,switzerland,C,0,0.556,0.2,0,0
flash,1813,warsaw,B,0,0.654,0.3,0,9235
flash,1813,saxony,C,0,0.49,0.2,0,0
flash,1814,old_france,A,3,0.019,0.0,45093,0
flash,1814,d1_inner,A,2,0.443,0.05,30415,0
flash,1814,parma,A,1,0.428,0.0,1240,0
flash,1814,tuscany,A,1,0.356,0.05,3533,0
flash,1814,valais,A,2,0.245,0.0,885,0
flash,1814,berg,A,1,0.609,0.05,5548,0
flash,1814,westphalia,A,1,0.579,0.1,10956,0
flash,1814,west_rest,C,0,0.467,0.1,0,0
flash,1814,holland,A,1,0.863,0.05,20260,0
flash,1814,hanseatic,A,1,0.553,0.05,7697,0
flash,1814,rome,A,1,0.798,0.05,9275,0
flash,1814,illyria,A,1,0.82,0.3,26497,0
flash,1814,catalonia,X,1,0.986,1.0,0,0
flash,1814,spain_ebro,A,1,0.979,1.0,35699,0
flash,1814,north_italy,B,0,0.924,0.3,0,35601
flash,1814,south_germany,C,0,0.847,0.3,0,0
flash,1814,naples,B,0,0.998,0.8,0,29966
flash,1814,spain_rest,W,0,0.972,1.0,225048,0
flash,1814,switzerland,C,0,0.566,0.2,0,0
flash,1814,warsaw,B,0,0.659,0.3,0,9274
flash,1814,saxony,C,0,0.491,0.2,0,0
flash,1815,old_france,A,3,0.015,0.0,45056,0
flash,1815,d1_inner,A,2,0.443,0.05,30429,0
flash,1815,parma,A,1,0.421,0.0,1220,0
flash,1815,tuscany,A,1,0.343,0.05,3437,0
flash,1815,valais,A,2,0.23,0.0,877,0
flash,1815,berg,A,1,0.595,0.05,5389,0
flash,1815,westphalia,A,1,0.586,0.1,11135,0
flash,1815,west_rest,C,0,0.469,0.1,0,0
flash,1815,holland,A,1,0.898,0.05,21409,0
flash,1815,hanseatic,A,1,0.559,0.05,7782,0
flash,1815,rome,A,1,0.829,0.05,9652,0
flash,1815,illyria,A,1,0.84,0.3,27155,0
flash,1815,catalonia,X,1,0.988,1.0,0,0
flash,1815,spain_ebro,A,1,0.982,1.0,35900,0
flash,1815,north_italy,B,0,0.937,0.3,0,35913
flash,1815,south_germany,C,0,0.854,0.3,0,0
flash,1815,naples,B,0,0.999,0.8,0,29975
flash,1815,spain_rest,W,0,0.976,1.0,226753,0
flash,1815,switzerland,C,0,0.575,0.2,0,0
flash,1815,warsaw,B,0,0.663,0.3,0,9304
flash,1815,saxony,C,0,0.492,0.2,0,0
flash,1816,old_france,A,3,0.072,0.0,46363,0
flash,1816,d1_inner,A,2,0.504,0.05,34736,0
flash,1816,parma,A,1,0.476,0.0,1393,0
flash,1816,tuscany,A,1,0.395,0.05,3843,0
flash,1816,valais,A,2,0.278,0.0,904,0
flash,1816,berg,A,1,0.642,0.05,5937,0
flash,1816,westphalia,A,1,0.65,0.1,12759,0
flash,1816,west_rest,C,0,0.53,0.1,0,0
flash,1816,holland,A,1,0.983,0.05,24488,0
flash,1816,hanseatic,A,1,0.622,0.05,8717,0
flash,1816,rome,A,1,0.914,0.05,10794,0
flash,1816,illyria,A,1,0.916,0.3,29898,0
flash,1816,catalonia,X,1,1.0,1.0,0,0
flash,1816,spain_ebro,A,1,1.0,1.0,37050,0
flash,1816,north_italy,B,0,1.0,0.3,0,37500
flash,1816,south_germany,C,0,0.919,0.3,0,0
flash,1816,naples,B,0,1.0,0.8,0,30000
flash,1816,spain_rest,W,0,1.0,1.0,236550,0
flash,1816,switzerland,C,0,0.642,0.2,0,0
flash,1816,warsaw,B,0,0.726,0.3,0,9811
flash,1816,saxony,C,0,0.552,0.2,0,0
flash,1817,old_france,A,3,0.077,0.0,46538,0
flash,1817,d1_inner,A,2,0.51,0.05,35256,0
flash,1817,parma,A,1,0.488,0.0,1433,0
flash,1817,tuscany,A,1,0.397,0.05,3861,0
flash,1817,valais,A,2,0.276,0.0,903,0
flash,1817,berg,A,1,0.636,0.05,5869,0
flash,1817,westphalia,A,1,0.665,0.1,13189,0
flash,1817,west_rest,C,0,0.546,0.1,0,0
flash,1817,holland,X,1,1.0,0.05,0,0
flash,1817,hanseatic,A,1,0.64,0.05,8985,0
flash,1817,rome,X,1,0.957,0.05,0,0
flash,1817,illyria,X,1,0.951,0.3,0,0
flash,1817,catalonia,X,1,1.0,1.0,0,0
flash,1817,spain_ebro,X,1,1.0,1.0,0,0
flash,1817,north_italy,B,0,1.0,0.3,0,37500
flash,1817,south_germany,C,0,0.938,0.3,0,0
flash,1817,naples,B,0,1.0,0.8,0,30000
flash,1817,spain_rest,W,0,1.0,1.0,236550,0
flash,1817,switzerland,C,0,0.669,0.2,0,0
flash,1817,warsaw,B,0,0.744,0.3,0,9956
flash,1817,saxony,C,0,0.568,0.2,0,0
flash,1818,old_france,A,3,0.049,0.0,45637,0
flash,1818,d1_inner,A,2,0.485,0.05,33357,0
flash,1818,parma,A,1,0.467,0.0,1363,0
flash,1818,tuscany,A,1,0.37,0.05,3636,0
flash,1818,valais,A,2,0.243,0.0,884,0
flash,1818,berg,A,1,0.601,0.05,5450,0
flash,1818,westphalia,A,1,0.646,0.1,12657,0
flash,1818,west_rest,C,0,0.528,0.1,0,0
flash,1818,holland,X,1,0.913,0.05,0,0
flash,1818,hanseatic,A,1,0.622,0.05,8709,0
flash,1818,rome,X,1,0.946,0.05,0,0
flash,1818,illyria,X,1,0.936,0.3,0,0
flash,1818,catalonia,X,1,1.0,1.0,0,0
flash,1818,spain_ebro,X,1,1.0,1.0,0,0
flash,1818,north_italy,B,0,0.995,0.3,0,37375
flash,1818,south_germany,C,0,0.922,0.3,0,0
flash,1818,naples,B,0,1.0,0.8,0,30000
flash,1818,spain_rest,W,0,1.0,1.0,236550,0
flash,1818,switzerland,C,0,0.662,0.2,0,0
flash,1818,warsaw,B,0,0.729,0.3,0,9829
flash,1818,saxony,C,0,0.549,0.2,0,0
flash,1819,old_france,A,3,0.033,0.0,45283,0
flash,1819,d1_inner,A,2,0.47,0.05,32298,0
flash,1819,parma,A,1,0.452,0.0,1315,0
flash,1819,tuscany,A,1,0.354,0.05,3518,0
flash,1819,valais,A,2,0.223,0.0,874,0
flash,1819,berg,A,1,0.579,0.05,5200,0
flash,1819,westphalia,A,1,0.63,0.1,12244,0
flash,1819,west_rest,C,0,0.515,0.1,0,0
flash,1819,holland,X,1,0.849,0.05,0,0
flash,1819,hanseatic,A,1,0.609,0.05,8504,0
flash,1819,rome,X,1,0.937,0.05,0,0
flash,1819,illyria,X,1,0.923,0.3,0,0
flash,1819,catalonia,X,1,1.0,1.0,0,0
flash,1819,spain_ebro,X,1,1.0,1.0,0,0
flash,1819,north_italy,B,0,0.992,0.3,0,37294
flash,1819,south_germany,C,0,0.91,0.3,0,0
flash,1819,naples,B,0,1.0,0.8,0,30000
flash,1819,spain_rest,W,0,1.0,1.0,236550,0
flash,1819,switzerland,C,0,0.657,0.2,0,0
flash,1819,warsaw,B,0,0.717,0.3,0,9739
flash,1819,saxony,C,0,0.535,0.2,0,0
flash,1820,old_france,A,3,0.053,0.0,45738,0
flash,1820,d1_inner,A,2,0.492,0.05,33860,0
flash,1820,parma,A,1,0.471,0.0,1378,0
flash,1820,tuscany,A,1,0.376,0.05,3686,0
flash,1820,valais,A,2,0.241,0.0,883,0
flash,1820,berg,A,1,0.595,0.05,5385,0
flash,1820,westphalia,A,1,0.648,0.1,12711,0
flash,1820,west_rest,C,0,0.534,0.1,0,0
flash,1820,holland,X,1,0.83,0.05,0,0
flash,1820,hanseatic,A,1,0.628,0.05,8810,0
flash,1820,rome,X,1,0.959,0.05,0,0
flash,1820,illyria,X,1,0.942,0.3,0,0
flash,1820,catalonia,X,1,1.0,1.0,0,0
flash,1820,spain_ebro,X,1,1.0,1.0,0,0
flash,1820,north_italy,B,0,1.0,0.3,0,37500
flash,1820,south_germany,C,0,0.931,0.3,0,0
flash,1820,naples,B,0,1.0,0.8,0,30000
flash,1820,spain_rest,W,0,1.0,1.0,236550,0
flash,1820,switzerland,C,0,0.682,0.2,0,0
flash,1820,warsaw,B,0,0.74,0.3,0,9916
flash,1820,saxony,C,0,0.555,0.2,0,0
flash,1821,old_france,A,3,0.035,0.0,45324,0
flash,1821,d1_inner,A,2,0.495,0.05,34116,0
flash,1821,parma,A,1,0.482,0.0,1412,0
flash,1821,tuscany,A,1,0.4,0.05,3886,0
flash,1821,valais,A,2,0.261,0.0,894,0
flash,1821,berg,A,1,0.615,0.05,5618,0
flash,1821,westphalia,A,1,0.656,0.1,12922,0
flash,1821,west_rest,C,0,0.544,0.1,0,0
flash,1821,holland,X,1,0.811,0.05,0,0
flash,1821,hanseatic,A,1,0.639,0.05,8969,0
flash,1821,rome,X,1,0.963,0.05,0,0
flash,1821,illyria,X,1,0.943,0.3,0,0
flash,1821,catalonia,X,1,1.0,1.0,0,0
flash,1821,spain_ebro,X,1,1.0,1.0,0,0
flash,1821,north_italy,B,0,1.0,0.3,0,37500
flash,1821,south_germany,C,0,0.942,0.3,0,0
flash,1821,naples,B,0,1.0,0.8,0,30000
flash,1821,spain_rest,W,0,1.0,1.0,236550,0
flash,1821,switzerland,C,0,0.688,0.2,0,0
flash,1821,warsaw,B,0,0.752,0.3,0,10014
flash,1821,saxony,C,0,0.565,0.2,0,0
flash,1822,old_france,A,3,0.021,0.0,45117,0
flash,1822,d1_inner,A,2,0.465,0.05,31921,0
flash,1822,parma,A,1,0.48,0.0,1407,0
flash,1822,tuscany,A,1,0.392,0.05,3820,0
flash,1822,valais,A,2,0.263,0.0,896,0
flash,1822,berg,A,1,0.618,0.05,5650,0
flash,1822,westphalia,A,1,0.655,0.1,12906,0
flash,1822,west_rest,C,0,0.545,0.1,0,0
flash,1822,holland,X,1,0.793,0.05,0,0
flash,1822,hanseatic,A,1,0.644,0.05,9055,0
flash,1822,rome,X,1,0.935,0.05,0,0
flash,1822,illyria,X,1,0.936,0.3,0,0
flash,1822,catalonia,X,1,1.0,1.0,0,0
flash,1822,spain_ebro,X,1,1.0,1.0,0,0
flash,1822,north_italy,X,0,0.994,0.3,0,0
flash,1822,south_germany,X,0,0.931,0.3,0,0
flash,1822,naples,X,0,1.0,0.8,0,0
flash,1822,spain_rest,X,0,1.0,1.0,0,0
flash,1822,switzerland,X,0,0.686,0.2,0,0
flash,1822,warsaw,X,0,0.751,0.3,0,0
flash,1822,saxony,C,0,0.57,0.2,0,0
flash,1823,old_france,A,3,0.013,0.0,45042,0
flash,1823,d1_inner,A,2,0.447,0.05,30703,0
flash,1823,parma,A,1,0.48,0.0,1405,0
flash,1823,tuscany,A,1,0.389,0.05,3793,0
flash,1823,valais,A,2,0.265,0.0,896,0
flash,1823,berg,A,1,0.62,0.05,5681,0
flash,1823,westphalia,A,1,0.655,0.1,12894,0
flash,1823,west_rest,C,0,0.546,0.1,0,0
flash,1823,holland,X,1,0.779,0.05,0,0
flash,1823,hanseatic,A,1,0.648,0.05,9125,0
flash,1823,rome,X,1,0.912,0.05,0,0
flash,1823,illyria,X,1,0.931,0.3,0,0
flash,1823,catalonia,X,1,1.0,1.0,0,0
flash,1823,spain_ebro,X,1,1.0,1.0,0,0
flash,1823,north_italy,X,0,0.989,0.3,0,0
flash,1823,south_germany,X,0,0.923,0.3,0,0
flash,1823,naples,X,0,1.0,0.8,0,0
flash,1823,spain_rest,X,0,1.0,1.0,0,0
flash,1823,switzerland,X,0,0.684,0.2,0,0
flash,1823,warsaw,X,0,0.751,0.3,0,0
flash,1823,saxony,C,0,0.573,0.2,0,0
flash,1824,old_france,A,3,0.008,0.0,45015,0
flash,1824,d1_inner,A,2,0.437,0.05,30027,0
flash,1824,parma,A,1,0.48,0.0,1407,0
flash,1824,tuscany,A,1,0.389,0.05,3790,0
flash,1824,valais,A,2,0.266,0.0,897,0
flash,1824,berg,A,1,0.623,0.05,5712,0
flash,1824,westphalia,A,1,0.654,0.1,12888,0
flash,1824,west_rest,C,0,0.547,0.1,0,0
flash,1824,holland,X,1,0.769,0.05,0,0
flash,1824,hanseatic,A,1,0.652,0.05,9186,0
flash,1824,rome,X,1,0.892,0.05,0,0
flash,1824,illyria,X,1,0.926,0.3,0,0
flash,1824,catalonia,X,1,1.0,1.0,0,0
flash,1824,spain_ebro,X,1,1.0,1.0,0,0
flash,1824,north_italy,X,0,0.985,0.3,0,0
flash,1824,south_germany,X,0,0.917,0.3,0,0
flash,1824,naples,X,0,1.0,0.8,0,0
flash,1824,spain_rest,X,0,1.0,1.0,0,0
flash,1824,switzerland,X,0,0.683,0.2,0,0
flash,1824,warsaw,X,0,0.75,0.3,0,0
flash,1824,saxony,C,0,0.576,0.2,0,0
flash,1825,old_france,A,3,0.005,0.0,45005,0
flash,1825,d1_inner,A,2,0.411,0.05,28395,0
flash,1825,parma,A,1,0.456,0.0,1329,0
flash,1825,tuscany,A,1,0.35,0.05,3489,0
flash,1825,valais,A,2,0.227,0.0,876,0
flash,1825,berg,A,1,0.586,0.05,5283,0
flash,1825,westphalia,A,1,0.63,0.1,12225,0
flash,1825,west_rest,C,0,0.523,0.1,0,0
flash,1825,holland,X,1,0.737,0.05,0,0
flash,1825,hanseatic,A,1,0.631,0.05,8842,0
flash,1825,rome,X,1,0.86,0.05,0,0
flash,1825,illyria,X,1,0.907,0.3,0,0
flash,1825,catalonia,X,1,1.0,1.0,0,0
flash,1825,spain_ebro,X,1,1.0,1.0,0,0
flash,1825,north_italy,X,0,0.957,0.3,0,0
flash,1825,south_germany,X,0,0.887,0.3,0,0
flash,1825,naples,X,0,1.0,0.8,0,0
flash,1825,spain_rest,X,0,1.0,1.0,0,0
flash,1825,switzerland,X,0,0.666,0.2,0,0
flash,1825,warsaw,X,0,0.725,0.3,0,0
flash,1825,saxony,C,0,0.553,0.2,0,0
flash,1826,old_france,A,3,0.003,0.0,45002,0
flash,1826,d1_inner,A,2,0.396,0.05,27491,0
flash,1826,parma,A,1,0.439,0.0,1276,0
flash,1826,tuscany,A,1,0.328,0.05,3334,0
flash,1826,valais,A,2,0.203,0.0,865,0
flash,1826,berg,A,1,0.565,0.05,5052,0
flash,1826,westphalia,A,1,0.611,0.1,11755,0
flash,1826,west_rest,C,0,0.504,0.1,0,0
flash,1826,holland,X,1,0.712,0.05,0,0
flash,1826,hanseatic,A,1,0.615,0.05,8601,0
flash,1826,rome,X,1,0.833,0.05,0,0
flash,1826,illyria,X,1,0.891,0.3,0,0
flash,1826,catalonia,X,1,1.0,1.0,0,0
flash,1826,spain_ebro,X,1,1.0,1.0,0,0
flash,1826,north_italy,X,0,0.936,0.3,0,0
flash,1826,south_germany,X,0,0.865,0.3,0,0
flash,1826,naples,X,0,1.0,0.8,0,0
flash,1826,spain_rest,X,0,1.0,1.0,0,0
flash,1826,switzerland,X,0,0.653,0.2,0,0
flash,1826,warsaw,X,0,0.706,0.3,0,0
flash,1826,saxony,C,0,0.536,0.2,0,0
flash,1827,old_france,A,3,0.002,0.0,45001,0
flash,1827,d1_inner,A,2,0.388,0.05,26993,0
flash,1827,parma,A,1,0.428,0.0,1240,0
flash,1827,tuscany,A,1,0.317,0.05,3256,0
flash,1827,valais,A,2,0.19,0.0,859,0
flash,1827,berg,A,1,0.554,0.05,4933,0
flash,1827,westphalia,A,1,0.598,0.1,11423,0
flash,1827,west_rest,C,0,0.49,0.1,0,0
flash,1827,holland,X,1,0.694,0.05,0,0
flash,1827,hanseatic,A,1,0.604,0.05,8434,0
flash,1827,rome,X,1,0.81,0.05,0,0
flash,1827,illyria,X,1,0.877,0.3,0,0
flash,1827,catalonia,X,1,1.0,1.0,0,0
flash,1827,spain_ebro,X,1,1.0,1.0,0,0
flash,1827,north_italy,X,0,0.921,0.3,0,0
flash,1827,south_germany,X,0,0.849,0.3,0,0
flash,1827,naples,X,0,1.0,0.8,0,0
flash,1827,spain_rest,X,0,1.0,1.0,0,0
flash,1827,switzerland,X,0,0.641,0.2,0,0
flash,1827,warsaw,X,0,0.692,0.3,0,0
flash,1827,saxony,C,0,0.523,0.2,0,0
flash,1828,old_france,A,3,0.001,0.0,45000,0
flash,1828,d1_inner,A,2,0.383,0.05,26727,0
flash,1828,parma,A,1,0.42,0.0,1216,0
flash,1828,tuscany,A,1,0.312,0.05,3221,0
flash,1828,valais,A,2,0.182,0.0,855,0
flash,1828,berg,A,1,0.549,0.05,4878,0
flash,1828,westphalia,A,1,0.589,0.1,11193,0
flash,1828,west_rest,C,0,0.48,0.1,0,0
flash,1828,holland,X,1,0.68,0.05,0,0
flash,1828,hanseatic,A,1,0.596,0.05,8322,0
flash,1828,rome,X,1,0.79,0.05,0,0
flash,1828,illyria,X,1,0.865,0.3,0,0
flash,1828,catalonia,X,1,1.0,1.0,0,0
flash,1828,spain_ebro,X,1,1.0,1.0,0,0
flash,1828,north_italy,X,0,0.909,0.3,0,0
flash,1828,south_germany,X,0,0.836,0.3,0,0
flash,1828,naples,X,0,1.0,0.8,0,0
flash,1828,spain_rest,X,0,1.0,1.0,0,0
flash,1828,switzerland,X,0,0.631,0.2,0,0
flash,1828,warsaw,X,0,0.681,0.3,0,0
flash,1828,saxony,C,0,0.513,0.2,0,0
flash,1829,old_france,A,3,0.001,0.0,45000,0
flash,1829,d1_inner,A,2,0.381,0.05,26596,0
flash,1829,parma,A,1,0.415,0.0,1201,0
flash,1829,tuscany,A,1,0.31,0.05,3211,0
flash,1829,valais,A,2,0.177,0.0,854,0
flash,1829,berg,A,1,0.547,0.05,4861,0
flash,1829,westphalia,A,1,0.582,0.1,11038,0
flash,1829,west_rest,C,0,0.472,0.1,0,0
flash,1829,holland,X,1,0.67,0.05,0,0
flash,1829,hanseatic,A,1,0.592,0.05,8250,0
flash,1829,rome,X,1,0.773,0.05,0,0
flash,1829,illyria,X,1,0.855,0.3,0,0
flash,1829,catalonia,X,1,1.0,1.0,0,0
flash,1829,spain_ebro,X,1,1.0,1.0,0,0
flash,1829,north_italy,X,0,0.9,0.3,0,0
flash,1829,south_germany,X,0,0.827,0.3,0,0
flash,1829,naples,X,0,1.0,0.8,0,0
flash,1829,spain_rest,X,0,1.0,1.0,0,0
flash,1829,switzerland,X,0,0.622,0.2,0,0
flash,1829,warsaw,X,0,0.673,0.3,0,0
flash,1829,saxony,C,0,0.506,0.2,0,0
flash,1830,old_france,A,3,0.06,0.0,45956,0
flash,1830,d1_inner,A,2,0.44,0.05,30240,0
flash,1830,parma,A,1,0.472,0.0,1379,0
flash,1830,tuscany,A,1,0.371,0.05,3645,0
flash,1830,valais,A,2,0.235,0.0,880,0
flash,1830,berg,A,1,0.608,0.05,5530,0
flash,1830,westphalia,A,1,0.638,0.1,12453,0
flash,1830,west_rest,C,0,0.526,0.1,0,0
flash,1830,holland,X,1,0.722,0.05,0,0
flash,1830,hanseatic,A,1,0.649,0.05,9132,0
flash,1830,rome,X,1,0.819,0.05,0,0
flash,1830,illyria,X,1,0.907,0.3,0,0
flash,1830,catalonia,X,1,1.0,1.0,0,0
flash,1830,spain_ebro,X,1,1.0,1.0,0,0
flash,1830,north_italy,X,0,0.954,0.3,0,0
flash,1830,south_germany,X,0,0.88,0.3,0,0
flash,1830,naples,X,0,1.0,0.8,0,0
flash,1830,spain_rest,X,0,1.0,1.0,0,0
flash,1830,switzerland,X,0,0.675,0.2,0,0
flash,1830,warsaw,X,0,0.727,0.3,0,0
flash,1830,saxony,C,0,0.56,0.2,0,0
flash,1831,old_france,A,3,0.036,0.0,45344,0
flash,1831,d1_inner,A,2,0.416,0.05,28694,0
flash,1831,parma,A,1,0.455,0.0,1326,0
flash,1831,tuscany,A,1,0.349,0.05,3478,0
flash,1831,valais,A,2,0.21,0.0,867,0
flash,1831,berg,A,1,0.585,0.05,5278,0
flash,1831,westphalia,A,1,0.621,0.1,12000,0
flash,1831,west_rest,C,0,0.507,0.1,0,0
flash,1831,holland,X,1,0.701,0.05,0,0
flash,1831,hanseatic,A,1,0.632,0.05,8872,0
flash,1831,rome,X,1,0.798,0.05,0,0
flash,1831,illyria,X,1,0.891,0.3,0,0
flash,1831,catalonia,X,1,1.0,1.0,0,0
flash,1831,spain_ebro,X,1,1.0,1.0,0,0
flash,1831,north_italy,X,0,0.934,0.3,0,0
flash,1831,south_germany,X,0,0.86,0.3,0,0
flash,1831,naples,X,0,1.0,0.8,0,0
flash,1831,spain_rest,X,0,1.0,1.0,0,0
flash,1831,switzerland,X,0,0.66,0.2,0,0
flash,1831,warsaw,X,0,0.708,0.3,0,0
flash,1831,saxony,C,0,0.541,0.2,0,0
flash,1832,old_france,A,3,0.022,0.0,45124,0
flash,1832,d1_inner,A,2,0.402,0.05,27837,0
flash,1832,parma,A,1,0.444,0.0,1291,0
flash,1832,tuscany,A,1,0.337,0.05,3394,0
flash,1832,valais,A,2,0.195,0.0,861,0
flash,1832,berg,A,1,0.574,0.05,5148,0
flash,1832,westphalia,A,1,0.609,0.1,11688,0
flash,1832,west_rest,C,0,0.493,0.1,0,0
flash,1832,holland,X,1,0.686,0.05,0,0
flash,1832,hanseatic,A,1,0.621,0.05,8695,0
flash,1832,rome,X,1,0.78,0.05,0,0
flash,1832,illyria,X,1,0.877,0.3,0,0
flash,1832,catalonia,X,1,1.0,1.0,0,0
flash,1832,spain_ebro,X,1,1.0,1.0,0,0
flash,1832,north_italy,X,0,0.919,0.3,0,0
flash,1832,south_germany,X,0,0.845,0.3,0,0
flash,1832,naples,X,0,1.0,0.8,0,0
flash,1832,spain_rest,X,0,1.0,1.0,0,0
flash,1832,switzerland,X,0,0.647,0.2,0,0
flash,1832,warsaw,X,0,0.693,0.3,0,0
flash,1832,saxony,C,0,0.527,0.2,0,0
flash,1833,old_france,A,3,0.013,0.0,45045,0
flash,1833,d1_inner,A,2,0.394,0.05,27366,0
flash,1833,parma,A,1,0.437,0.0,1268,0
flash,1833,tuscany,A,1,0.332,0.05,3357,0
flash,1833,valais,A,2,0.186,0.0,857,0
flash,1833,berg,A,1,0.568,0.05,5089,0
flash,1833,westphalia,A,1,0.6,0.1,11478,0
flash,1833,west_rest,C,0,0.482,0.1,0,0
flash,1833,holland,X,1,0.674,0.05,0,0
flash,1833,hanseatic,A,1,0.613,0.05,8578,0
flash,1833,rome,X,1,0.765,0.05,0,0
flash,1833,illyria,X,1,0.865,0.3,0,0
flash,1833,catalonia,X,1,1.0,1.0,0,0
flash,1833,spain_ebro,X,1,1.0,1.0,0,0
flash,1833,north_italy,X,0,0.908,0.3,0,0
flash,1833,south_germany,X,0,0.833,0.3,0,0
flash,1833,naples,X,0,1.0,0.8,0,0
flash,1833,spain_rest,X,0,1.0,1.0,0,0
flash,1833,switzerland,X,0,0.636,0.2,0,0
flash,1833,warsaw,X,0,0.682,0.3,0,0
flash,1833,saxony,C,0,0.516,0.2,0,0
flash,1834,old_france,A,3,0.008,0.0,45016,0
flash,1834,d1_inner,A,2,0.39,0.05,27115,0
flash,1834,parma,A,1,0.432,0.0,1254,0
flash,1834,tuscany,A,1,0.33,0.05,3345,0
flash,1834,valais,A,2,0.181,0.0,855,0
flash,1834,berg,A,1,0.567,0.05,5070,0
flash,1834,westphalia,A,1,0.595,0.1,11343,0
flash,1834,west_rest,C,0,0.474,0.1,0,0
flash,1834,holland,X,1,0.665,0.05,0,0
flash,1834,hanseatic,A,1,0.609,0.05,8505,0
flash,1834,rome,X,1,0.752,0.05,0,0
flash,1834,illyria,X,1,0.855,0.3,0,0
flash,1834,catalonia,X,1,1.0,1.0,0,0
flash,1834,spain_ebro,X,1,1.0,1.0,0,0
flash,1834,north_italy,X,0,0.899,0.3,0,0
flash,1834,south_germany,X,0,0.825,0.3,0,0
flash,1834,naples,X,0,1.0,0.8,0,0
flash,1834,spain_rest,X,0,1.0,1.0,0,0
flash,1834,switzerland,X,0,0.627,0.2,0,0
flash,1834,warsaw,X,0,0.674,0.3,0,0
flash,1834,saxony,C,0,0.508,0.2,0,0
flash,1835,old_france,A,3,0.005,0.0,45006,0
flash,1835,d1_inner,A,2,0.388,0.05,26994,0
flash,1835,parma,A,1,0.43,0.0,1246,0
flash,1835,tuscany,A,1,0.331,0.05,3350,0
flash,1835,valais,A,2,0.179,0.0,854,0
flash,1835,berg,A,1,0.567,0.05,5077,0
flash,1835,westphalia,A,1,0.592,0.1,11264,0
flash,1835,west_rest,C,0,0.467,0.1,0,0
flash,1835,holland,X,1,0.659,0.05,0,0
flash,1835,hanseatic,A,1,0.606,0.05,8464,0
flash,1835,rome,X,1,0.741,0.05,0,0
flash,1835,illyria,X,1,0.847,0.3,0,0
flash,1835,catalonia,X,1,1.0,1.0,0,0
flash,1835,spain_ebro,X,1,1.0,1.0,0,0
flash,1835,north_italy,X,0,0.893,0.3,0,0
flash,1835,south_germany,X,0,0.818,0.3,0,0
flash,1835,naples,X,0,1.0,0.8,0,0
flash,1835,spain_rest,X,0,1.0,1.0,0,0
flash,1835,switzerland,X,0,0.619,0.2,0,0
flash,1835,warsaw,X,0,0.668,0.3,0,0
flash,1835,saxony,C,0,0.502,0.2,0,0
flash,1836,old_france,A,3,0.003,0.0,45002,0
flash,1836,d1_inner,A,2,0.387,0.05,26950,0
flash,1836,parma,A,1,0.429,0.0,1243,0
flash,1836,tuscany,A,1,0.333,0.05,3363,0
flash,1836,valais,A,3,0.178,0.0,854,0
flash,1836,berg,A,1,0.569,0.05,5098,0
flash,1836,westphalia,A,1,0.59,0.1,11226,0
flash,1836,west_rest,C,0,0.463,0.1,0,0
flash,1836,holland,X,1,0.654,0.05,0,0
flash,1836,hanseatic,A,1,0.605,0.05,8448,0
flash,1836,rome,X,1,0.732,0.05,0,0
flash,1836,illyria,X,1,0.84,0.3,0,0
flash,1836,catalonia,X,1,1.0,1.0,0,0
flash,1836,spain_ebro,X,1,1.0,1.0,0,0
flash,1836,north_italy,X,0,0.888,0.3,0,0
flash,1836,south_germany,X,0,0.813,0.3,0,0
flash,1836,naples,X,0,1.0,0.8,0,0
flash,1836,spain_rest,X,0,1.0,1.0,0,0
flash,1836,switzerland,X,0,0.612,0.2,0,0
flash,1836,warsaw,X,0,0.663,0.3,0,0
flash,1836,saxony,C,0,0.498,0.2,0,0
flash,1837,old_france,A,3,0.002,0.0,45001,0
flash,1837,d1_inner,A,2,0.387,0.05,26951,0
flash,1837,parma,A,1,0.429,0.0,1244,0
flash,1837,tuscany,A,1,0.335,0.05,3383,0
flash,1837,valais,A,3,0.177,0.0,854,0
flash,1837,berg,A,1,0.572,0.05,5128,0
flash,1837,westphalia,A,1,0.59,0.1,11220,0
flash,1837,west_rest,C,0,0.459,0.1,0,0
flash,1837,holland,X,1,0.65,0.05,0,0
flash,1837,hanseatic,A,1,0.605,0.05,8449,0
flash,1837,rome,X,1,0.724,0.05,0,0
flash,1837,illyria,X,1,0.834,0.3,0,0
flash,1837,catalonia,X,1,1.0,1.0,0,0
flash,1837,spain_ebro,X,1,1.0,1.0,0,0
flash,1837,north_italy,X,0,0.885,0.3,0,0
flash,1837,south_germany,X,0,0.81,0.3,0,0
flash,1837,naples,X,0,1.0,0.8,0,0
flash,1837,spain_rest,X,0,1.0,1.0,0,0
flash,1837,switzerland,X,0,0.606,0.2,0,0
flash,1837,warsaw,X,0,0.659,0.3,0,0
flash,1837,saxony,C,0,0.494,0.2,0,0
flash,1838,old_france,A,3,0.001,0.0,45000,0
flash,1838,d1_inner,A,2,0.388,0.05,26980,0
flash,1838,parma,A,1,0.43,0.0,1248,0
flash,1838,tuscany,A,1,0.339,0.05,3406,0
flash,1838,valais,A,3,0.177,0.0,854,0
flash,1838,berg,A,1,0.575,0.05,5163,0
flash,1838,westphalia,A,1,0.591,0.1,11238,0
flash,1838,west_rest,C,0,0.457,0.1,0,0
flash,1838,holland,X,1,0.647,0.05,0,0
flash,1838,hanseatic,A,1,0.606,0.05,8465,0
flash,1838,rome,X,1,0.717,0.05,0,0
flash,1838,illyria,X,1,0.828,0.3,0,0
flash,1838,catalonia,X,1,1.0,1.0,0,0
flash,1838,spain_ebro,X,1,1.0,1.0,0,0
flash,1838,north_italy,X,0,0.882,0.3,0,0
flash,1838,south_germany,X,0,0.807,0.3,0,0
flash,1838,naples,X,0,1.0,0.8,0,0
flash,1838,spain_rest,X,0,1.0,1.0,0,0
flash,1838,switzerland,X,0,0.602,0.2,0,0
flash,1838,warsaw,X,0,0.657,0.3,0,0
flash,1838,saxony,C,0,0.492,0.2,0,0
flash,1839,old_france,A,3,0.001,0.0,45000,0
flash,1839,d1_inner,A,2,0.388,0.05,27025,0
flash,1839,parma,A,1,0.432,0.0,1254,0
flash,1839,tuscany,A,1,0.342,0.05,3431,0
flash,1839,valais,A,3,0.178,0.0,854,0
flash,1839,berg,A,1,0.579,0.05,5202,0
flash,1839,westphalia,A,1,0.592,0.1,11275,0
flash,1839,west_rest,C,0,0.455,0.1,0,0
flash,1839,holland,X,1,0.645,0.05,0,0
flash,1839,hanseatic,A,1,0.608,0.05,8491,0
flash,1839,rome,X,1,0.711,0.05,0,0
flash,1839,illyria,X,1,0.824,0.3,0,0
flash,1839,catalonia,X,1,1.0,1.0,0,0
flash,1839,spain_ebro,X,1,1.0,1.0,0,0
flash,1839,north_italy,X,0,0.88,0.3,0,0
flash,1839,south_germany,X,0,0.805,0.3,0,0
flash,1839,naples,X,0,1.0,0.8,0,0
flash,1839,spain_rest,X,0,1.0,1.0,0,0
flash,1839,switzerland,X,0,0.597,0.2,0,0
flash,1839,warsaw,X,0,0.655,0.3,0,0
flash,1839,saxony,C,0,0.49,0.2,0,0
flash,1840,old_france,A,3,0.0,0.0,45000,0
flash,1840,d1_inner,A,2,0.389,0.05,27080,0
flash,1840,parma,A,1,0.435,0.0,1261,0
flash,1840,tuscany,A,1,0.346,0.05,3459,0
flash,1840,valais,A,3,0.178,0.0,854,0
flash,1840,berg,A,1,0.582,0.05,5244,0
flash,1840,westphalia,A,1,0.594,0.1,11325,0
flash,1840,west_rest,C,0,0.453,0.1,0,0
flash,1840,holland,X,1,0.644,0.05,0,0
flash,1840,hanseatic,A,1,0.61,0.05,8526,0
flash,1840,rome,X,1,0.707,0.05,0,0
flash,1840,illyria,X,1,0.82,0.3,0,0
flash,1840,catalonia,X,1,1.0,1.0,0,0
flash,1840,spain_ebro,X,1,1.0,1.0,0,0
flash,1840,north_italy,X,0,0.878,0.3,0,0
flash,1840,south_germany,X,0,0.804,0.3,0,0
flash,1840,naples,X,0,1.0,0.8,0,0
flash,1840,spain_rest,X,0,1.0,1.0,0,0
flash,1840,switzerland,X,0,0.594,0.2,0,0
flash,1840,warsaw,X,0,0.653,0.3,0,0
flash,1840,saxony,C,0,0.488,0.2,0,0
flash,1841,old_france,A,3,0.0,0.0,45000,0
flash,1841,d1_inner,A,2,0.39,0.05,27141,0
flash,1841,parma,A,1,0.437,0.0,1270,0
flash,1841,tuscany,A,1,0.35,0.05,3487,0
flash,1841,valais,A,3,0.179,0.0,854,0
flash,1841,berg,A,1,0.586,0.05,5287,0
flash,1841,westphalia,A,1,0.597,0.1,11387,0
flash,1841,west_rest,C,0,0.452,0.1,0,0
flash,1841,holland,X,1,0.643,0.05,0,0
flash,1841,hanseatic,A,1,0.613,0.05,8566,0
flash,1841,rome,X,1,0.702,0.05,0,0
flash,1841,illyria,X,1,0.817,0.3,0,0
flash,1841,catalonia,X,1,1.0,1.0,0,0
flash,1841,spain_ebro,X,1,1.0,1.0,0,0
flash,1841,north_italy,X,0,0.877,0.3,0,0
flash,1841,south_germany,X,0,0.802,0.3,0,0
flash,1841,naples,X,0,1.0,0.8,0,0
flash,1841,spain_rest,X,0,1.0,1.0,0,0
flash,1841,switzerland,X,0,0.591,0.2,0,0
flash,1841,warsaw,X,0,0.652,0.3,0,0
flash,1841,saxony,C,0,0.487,0.2,0,0
flash,1842,old_france,A,3,0.0,0.0,45000,0
flash,1842,d1_inner,A,2,0.392,0.05,27207,0
flash,1842,parma,A,1,0.44,0.0,1279,0
flash,1842,tuscany,A,1,0.354,0.05,3516,0
flash,1842,valais,A,3,0.18,0.0,855,0
flash,1842,berg,A,1,0.59,0.05,5331,0
flash,1842,westphalia,A,1,0.599,0.1,11457,0
flash,1842,west_rest,C,0,0.451,0.1,0,0
flash,1842,holland,X,1,0.642,0.05,0,0
flash,1842,hanseatic,A,1,0.616,0.05,8612,0
flash,1842,rome,X,1,0.699,0.05,0,0
flash,1842,illyria,X,1,0.814,0.3,0,0
flash,1842,catalonia,X,1,1.0,1.0,0,0
flash,1842,spain_ebro,X,1,1.0,1.0,0,0
flash,1842,north_italy,X,0,0.877,0.3,0,0
flash,1842,south_germany,X,0,0.802,0.3,0,0
flash,1842,naples,X,0,1.0,0.8,0,0
flash,1842,spain_rest,X,0,1.0,1.0,0,0
flash,1842,switzerland,X,0,0.588,0.2,0,0
flash,1842,warsaw,X,0,0.651,0.3,0,0
flash,1842,saxony,C,0,0.486,0.2,0,0
flash,1843,old_france,A,3,0.0,0.0,45000,0
flash,1843,d1_inner,A,2,0.393,0.05,27274,0
flash,1843,parma,A,1,0.444,0.0,1289,0
flash,1843,tuscany,A,1,0.358,0.05,3545,0
flash,1843,valais,A,3,0.18,0.0,855,0
flash,1843,berg,A,1,0.594,0.05,5375,0
flash,1843,westphalia,A,1,0.603,0.1,11534,0
flash,1843,west_rest,C,0,0.451,0.1,0,0
flash,1843,holland,X,1,0.641,0.05,0,0
flash,1843,hanseatic,A,1,0.619,0.05,8661,0
flash,1843,rome,X,1,0.696,0.05,0,0
flash,1843,illyria,X,1,0.812,0.3,0,0
flash,1843,catalonia,X,1,1.0,1.0,0,0
flash,1843,spain_ebro,X,1,1.0,1.0,0,0
flash,1843,north_italy,X,0,0.876,0.3,0,0
flash,1843,south_germany,X,0,0.801,0.3,0,0
flash,1843,naples,X,0,1.0,0.8,0,0
flash,1843,spain_rest,X,0,1.0,1.0,0,0
flash,1843,switzerland,X,0,0.586,0.2,0,0
flash,1843,warsaw,X,0,0.651,0.3,0,0
flash,1843,saxony,C,0,0.486,0.2,0,0
flash,1844,old_france,A,3,0.0,0.0,45000,0
flash,1844,d1_inner,A,2,0.394,0.05,27343,0
flash,1844,parma,A,1,0.447,0.0,1300,0
flash,1844,tuscany,A,1,0.362,0.05,3575,0
flash,1844,valais,A,3,0.181,0.0,855,0
flash,1844,berg,A,1,0.598,0.05,5420,0
flash,1844,westphalia,A,1,0.606,0.1,11616,0
flash,1844,west_rest,C,0,0.45,0.1,0,0
flash,1844,holland,X,1,0.64,0.05,0,0
flash,1844,hanseatic,A,1,0.622,0.05,8713,0
flash,1844,rome,X,1,0.693,0.05,0,0
flash,1844,illyria,X,1,0.81,0.3,0,0
flash,1844,catalonia,X,1,1.0,1.0,0,0
flash,1844,spain_ebro,X,1,1.0,1.0,0,0
flash,1844,north_italy,X,0,0.875,0.3,0,0
flash,1844,south_germany,X,0,0.8,0.3,0,0
flash,1844,naples,X,0,1.0,0.8,0,0
flash,1844,spain_rest,X,0,1.0,1.0,0,0
flash,1844,switzerland,X,0,0.584,0.2,0,0
flash,1844,warsaw,X,0,0.65,0.3,0,0
flash,1844,saxony,C,0,0.485,0.2,0,0
flash,1845,old_france,A,3,0.0,0.0,45000,0
flash,1845,d1_inner,A,2,0.395,0.05,27413,0
flash,1845,parma,A,1,0.451,0.0,1311,0
flash,1845,tuscany,A,1,0.366,0.05,3605,0
flash,1845,valais,A,3,0.182,0.0,855,0
flash,1845,berg,A,1,0.602,0.05,5466,0
flash,1845,westphalia,A,1,0.609,0.1,11703,0
flash,1845,west_rest,C,0,0.45,0.1,0,0
flash,1845,holland,X,1,0.64,0.05,0,0
flash,1845,hanseatic,A,1,0.626,0.05,8768,0
flash,1845,rome,X,1,0.691,0.05,0,0
flash,1845,illyria,X,1,0.808,0.3,0,0
flash,1845,catalonia,X,1,1.0,1.0,0,0
flash,1845,spain_ebro,X,1,1.0,1.0,0,0
flash,1845,north_italy,X,0,0.875,0.3,0,0
flash,1845,south_germany,X,0,0.8,0.3,0,0
flash,1845,naples,X,0,1.0,0.8,0,0
flash,1845,spain_rest,X,0,1.0,1.0,0,0
flash,1845,switzerland,X,0,0.583,0.2,0,0
flash,1845,warsaw,X,0,0.65,0.3,0,0
flash,1845,saxony,C,0,0.485,0.2,0,0
flash,1846,old_france,A,3,0.0,0.0,45000,0
flash,1846,d1_inner,A,2,0.396,0.05,27483,0
flash,1846,parma,A,1,0.455,0.0,1323,0
flash,1846,tuscany,A,1,0.37,0.05,3636,0
flash,1846,valais,A,3,0.183,0.0,856,0
flash,1846,berg,A,1,0.606,0.05,5512,0
flash,1846,westphalia,A,1,0.613,0.1,11793,0
flash,1846,west_rest,C,0,0.45,0.1,0,0
flash,1846,holland,X,1,0.64,0.05,0,0
flash,1846,hanseatic,A,1,0.629,0.05,8825,0
flash,1846,rome,X,1,0.689,0.05,0,0
flash,1846,illyria,X,1,0.807,0.3,0,0
flash,1846,catalonia,X,1,1.0,1.0,0,0
flash,1846,spain_ebro,X,1,1.0,1.0,0,0
flash,1846,north_italy,X,0,0.875,0.3,0,0
flash,1846,south_germany,X,0,0.8,0.3,0,0
flash,1846,naples,X,0,1.0,0.8,0,0
flash,1846,spain_rest,X,0,1.0,1.0,0,0
flash,1846,switzerland,X,0,0.581,0.2,0,0
flash,1846,warsaw,X,0,0.65,0.3,0,0
flash,1846,saxony,C,0,0.485,0.2,0,0
flash,1847,old_france,A,3,0.0,0.0,45000,0
flash,1847,d1_inner,A,2,0.397,0.05,27554,0
flash,1847,parma,A,1,0.458,0.0,1335,0
flash,1847,tuscany,A,1,0.374,0.05,3667,0
flash,1847,valais,A,3,0.183,0.0,856,0
flash,1847,berg,A,1,0.61,0.05,5558,0
flash,1847,westphalia,A,1,0.616,0.1,11886,0
flash,1847,west_rest,C,0,0.45,0.1,0,0
flash,1847,holland,X,1,0.64,0.05,0,0
flash,1847,hanseatic,A,1,0.633,0.05,8883,0
flash,1847,rome,X,1,0.688,0.05,0,0
flash,1847,illyria,X,1,0.806,0.3,0,0
flash,1847,catalonia,X,1,1.0,1.0,0,0
flash,1847,spain_ebro,X,1,1.0,1.0,0,0
flash,1847,north_italy,X,0,0.875,0.3,0,0
flash,1847,south_germany,X,0,0.8,0.3,0,0
flash,1847,naples,X,0,1.0,0.8,0,0
flash,1847,spain_rest,X,0,1.0,1.0,0,0
flash,1847,switzerland,X,0,0.58,0.2,0,0
flash,1847,warsaw,X,0,0.65,0.3,0,0
flash,1847,saxony,C,0,0.485,0.2,0,0
flash,1848,old_france,A,3,0.08,0.0,46680,0
flash,1848,d1_inner,A,2,0.479,0.05,32893,0
flash,1848,parma,A,1,0.542,0.0,1629,0
flash,1848,tuscany,A,1,0.458,0.05,4402,0
flash,1848,valais,A,3,0.264,0.0,896,0
flash,1848,berg,A,1,0.694,0.05,6606,0
flash,1848,westphalia,A,1,0.7,0.1,14173,0
flash,1848,west_rest,C,0,0.529,0.1,0,0
flash,1848,holland,X,1,0.719,0.05,0,0
flash,1848,hanseatic,A,1,0.717,0.05,10289,0
flash,1848,rome,X,1,0.767,0.05,0,0
flash,1848,illyria,X,1,0.885,0.3,0,0
flash,1848,catalonia,X,1,1.0,1.0,0,0
flash,1848,spain_ebro,X,1,1.0,1.0,0,0
flash,1848,north_italy,X,0,0.954,0.3,0,0
flash,1848,south_germany,X,0,0.879,0.3,0,0
flash,1848,naples,X,0,1.0,0.8,0,0
flash,1848,spain_rest,X,0,1.0,1.0,0,0
flash,1848,switzerland,X,0,0.659,0.2,0,0
flash,1848,warsaw,X,0,0.729,0.3,0,0
flash,1848,saxony,C,0,0.564,0.2,0,0
trackA,1803,old_france,A,3,0.03,0.0,45236,0
trackA,1803,d1_inner,A,2,0.194,0.05,18517,0
trackA,1803,parma,B,0,0.35,0.0,0,0
trackA,1803,tuscany,C,0,0.14,0.05,0,0
trackA,1803,valais,C,0,0.2,0.0,0,0
trackA,1803,berg,N,0,0.25,0.05,0,0
trackA,1803,westphalia,N,0,0.362,0.1,0,0
trackA,1803,west_rest,N,0,0.3,0.1,0,0
trackA,1803,holland,B,0,0.213,0.05,0,0
trackA,1803,hanseatic,N,0,0.133,0.05,0,0
trackA,1803,rome,N,0,0.357,0.05,0,0
trackA,1803,illyria,N,0,0.362,0.3,0,0
trackA,1803,catalonia,C,0,0.787,1.0,0,0
trackA,1803,spain_ebro,C,0,0.745,1.0,0,0
trackA,1803,north_italy,B,0,0.375,0.3,0,21875
trackA,1803,south_germany,N,0,0.425,0.3,0,0
trackA,1803,naples,N,0,0.575,0.8,0,0
trackA,1803,spain_rest,C,0,0.703,1.0,0,0
trackA,1803,switzerland,C,0,0.357,0.2,0,0
trackA,1803,warsaw,N,0,0.312,0.3,0,0
trackA,1803,saxony,N,0,0.312,0.2,0,0
trackA,1804,old_france,A,3,0.018,0.0,45085,0
trackA,1804,d1_inner,A,2,0.178,0.05,18077,0
trackA,1804,parma,B,0,0.35,0.0,0,0
trackA,1804,tuscany,C,0,0.152,0.05,0,0
trackA,1804,valais,C,0,0.2,0.0,0,0
trackA,1804,berg,N,0,0.25,0.05,0,0
trackA,1804,westphalia,N,0,0.372,0.1,0,0
trackA,1804,west_rest,N,0,0.3,0.1,0,0
trackA,1804,holland,B,0,0.222,0.05,0,0
trackA,1804,hanseatic,N,0,0.142,0.05,0,0
trackA,1804,rome,N,0,0.364,0.05,0,0
trackA,1804,illyria,N,0,0.394,0.3,0,0
trackA,1804,catalonia,C,0,0.819,1.0,0,0
trackA,1804,spain_ebro,C,0,0.783,1.0,0,0
trackA,1804,north_italy,B,0,0.431,0.3,0,23281
trackA,1804,south_germany,N,0,0.481,0.3,0,0
trackA,1804,naples,N,0,0.669,0.8,0,0
trackA,1804,spain_rest,C,0,0.747,1.0,0,0
trackA,1804,switzerland,C,0,0.364,0.2,0,0
trackA,1804,warsaw,N,0,0.359,0.3,0,0
trackA,1804,saxony,N,0,0.322,0.2,0,0
trackA,1805,old_france,A,3,0.011,0.0,45031,0
trackA,1805,d1_inner,A,2,0.168,0.05,17831,0
trackA,1805,parma,A,1,0.35,0.0,1029,0
trackA,1805,tuscany,C,0,0.159,0.05,0,0
trackA,1805,valais,C,0,0.2,0.0,0,0
trackA,1805,berg,N,0,0.25,0.05,0,0
trackA,1805,westphalia,N,0,0.379,0.1,0,0
trackA,1805,west_rest,N,0,0.3,0.1,0,0
trackA,1805,holland,B,0,0.229,0.05,0,0
trackA,1805,hanseatic,N,0,0.149,0.05,0,0
trackA,1805,rome,N,0,0.369,0.05,0,0
trackA,1805,illyria,N,0,0.421,0.3,0,0
trackA,1805,catalonia,C,0,0.846,1.0,0,0
trackA,1805,spain_ebro,C,0,0.816,1.0,0,0
trackA,1805,north_italy,B,0,0.473,0.3,0,24336
trackA,1805,south_germany,C,0,0.523,0.3,0,0
trackA,1805,naples,N,0,0.739,0.8,0,0
trackA,1805,spain_rest,C,0,0.785,1.0,0,0
trackA,1805,switzerland,C,0,0.369,0.2,0,0
trackA,1805,warsaw,N,0,0.395,0.3,0,0
trackA,1805,saxony,N,0,0.329,0.2,0,0
trackA,1806,old_france,A,3,0.006,0.0,45011,0
trackA,1806,d1_inner,A,2,0.187,0.05,18319,0
trackA,1806,parma,A,1,0.349,0.0,1027,0
trackA,1806,tuscany,C,0,0.183,0.05,0,0
trackA,1806,valais,C,0,0.2,0.0,0,0
trackA,1806,berg,B,0,0.31,0.05,0,0
trackA,1806,westphalia,N,0,0.399,0.1,0,0
trackA,1806,west_rest,C,0,0.315,0.1,0,0
trackA,1806,holland,B,0,0.264,0.05,0,0
trackA,1806,hanseatic,C,0,0.199,0.05,0,0
trackA,1806,rome,N,0,0.378,0.05,0,0
trackA,1806,illyria,N,0,0.458,0.3,0,0
trackA,1806,catalonia,C,0,0.869,1.0,0,0
trackA,1806,spain_ebro,C,0,0.843,1.0,0,0
trackA,1806,north_italy,B,0,0.528,0.3,0,25689
trackA,1806,south_germany,C,0,0.563,0.3,0,0
trackA,1806,naples,B,0,0.804,0.8,0,26086
trackA,1806,spain_rest,C,0,0.817,1.0,0,0
trackA,1806,switzerland,C,0,0.383,0.2,0,0
trackA,1806,warsaw,N,0,0.436,0.3,0,0
trackA,1806,saxony,C,0,0.349,0.2,0,0
trackA,1807,old_france,A,3,0.004,0.0,45004,0
trackA,1807,d1_inner,A,2,0.198,0.05,18637,0
trackA,1807,parma,A,1,0.345,0.0,1017,0
trackA,1807,tuscany,C,0,0.197,0.05,0,0
trackA,1807,valais,C,0,0.2,0.0,0,0
trackA,1807,berg,B,0,0.346,0.05,0,0
trackA,1807,westphalia,B,0,0.414,0.1,0,11430
trackA,1807,west_rest,C,0,0.326,0.1,0,0
trackA,1807,holland,B,0,0.291,0.05,0,0
trackA,1807,hanseatic,C,0,0.237,0.05,0,0
trackA,1807,rome,N,0,0.386,0.05,0,0
trackA,1807,illyria,N,0,0.489,0.3,0,0
trackA,1807,catalonia,C,0,0.889,1.0,0,0
trackA,1807,spain_ebro,C,0,0.867,1.0,0,0
trackA,1807,north_italy,B,0,0.568,0.3,0,26705
trackA,1807,south_germany,C,0,0.592,0.3,0,0
trackA,1807,naples,B,0,0.853,0.8,0,27064
trackA,1807,spain_rest,C,0,0.845,1.0,0,0
trackA,1807,switzerland,C,0,0.394,0.2,0,0
trackA,1807,warsaw,B,0,0.467,0.3,0,7735
trackA,1807,saxony,C,0,0.364,0.2,0,0
trackA,1808,old_france,A,3,0.002,0.0,45001,0
trackA,1808,d1_inner,A,2,0.196,0.05,18595,0
trackA,1808,parma,A,1,0.339,0.0,1001,0
trackA,1808,tuscany,C,0,0.199,0.05,0,0
trackA,1808,valais,C,0,0.2,0.0,0,0
trackA,1808,berg,B,0,0.348,0.05,0,0
trackA,1808,westphalia,B,0,0.421,0.1,0,11510
trackA,1808,west_rest,C,0,0.33,0.1,0,0
trackA,1808,holland,B,0,0.3,0.05,0,0
trackA,1808,hanseatic,C,0,0.25,0.05,0,0
trackA,1808,rome,C,0,0.391,0.05,0,0
trackA,1808,illyria,N,0,0.511,0.3,0,0
trackA,1808,catalonia,C,0,0.906,1.0,0,0
trackA,1808,spain_ebro,C,0,0.887,1.0,0,0
trackA,1808,north_italy,B,0,0.591,0.3,0,27278
trackA,1808,south_germany,C,0,0.611,0.3,0,0
trackA,1808,naples,B,0,0.887,0.8,0,27748
trackA,1808,spain_rest,C,0,0.868,1.0,0,0
trackA,1808,switzerland,C,0,0.401,0.2,0,0
trackA,1808,warsaw,B,0,0.485,0.3,0,7882
trackA,1808,saxony,C,0,0.371,0.2,0,0
trackA,1809,old_france,A,3,0.001,0.0,45001,0
trackA,1809,d1_inner,A,2,0.196,0.05,18570,0
trackA,1809,parma,A,1,0.331,0.0,984,0
trackA,1809,tuscany,C,0,0.2,0.05,0,0
trackA,1809,valais,C,0,0.2,0.0,0,0
trackA,1809,berg,B,0,0.349,0.05,0,0
trackA,1809,westphalia,B,0,0.426,0.1,0,11570
trackA,1809,west_rest,C,0,0.332,0.1,0,0
trackA,1809,holland,B,0,0.308,0.05,0,0
trackA,1809,hanseatic,C,0,0.26,0.05,0,0
trackA,1809,rome,C,0,0.396,0.05,0,0
trackA,1809,illyria,N,0,0.53,0.3,0,0
trackA,1809,catalonia,C,0,0.92,1.0,0,0
trackA,1809,spain_ebro,C,0,0.904,1.0,0,0
trackA,1809,north_italy,B,0,0.608,0.3,0,27709
trackA,1809,south_germany,C,0,0.626,0.3,0,0
trackA,1809,naples,B,0,0.913,0.8,0,28261
trackA,1809,spain_rest,C,0,0.888,1.0,0,0
trackA,1809,switzerland,C,0,0.407,0.2,0,0
trackA,1809,warsaw,B,0,0.499,0.3,0,7991
trackA,1809,saxony,C,0,0.376,0.2,0,0
trackA,1810,old_france,A,3,0.001,0.0,45000,0
trackA,1810,d1_inner,A,2,0.195,0.05,18556,0
trackA,1810,parma,A,1,0.324,0.0,967,0
trackA,1810,tuscany,C,0,0.201,0.05,0,0
trackA,1810,valais,A,1,0.212,0.0,869,0
trackA,1810,berg,B,0,0.349,0.05,0,0
trackA,1810,westphalia,B,0,0.429,0.1,0,11615
trackA,1810,west_rest,C,0,0.334,0.1,0,0
trackA,1810,holland,B,0,0.313,0.05,0,0
trackA,1810,hanseatic,C,0,0.268,0.05,0,0
trackA,1810,rome,C,0,0.399,0.05,0,0
trackA,1810,illyria,N,0,0.545,0.3,0,0
trackA,1810,catalonia,C,0,0.932,1.0,0,0
trackA,1810,spain_ebro,C,0,0.918,1.0,0,0
trackA,1810,north_italy,B,0,0.621,0.3,0,28032
trackA,1810,south_germany,C,0,0.637,0.3,0,0
trackA,1810,naples,B,0,0.932,0.8,0,28646
trackA,1810,spain_rest,C,0,0.905,1.0,0,0
trackA,1810,switzerland,C,0,0.412,0.2,0,0
trackA,1810,warsaw,B,0,0.509,0.3,0,8073
trackA,1810,saxony,C,0,0.379,0.2,0,0
trackA,1811,old_france,A,3,0.001,0.0,45000,0
trackA,1811,d1_inner,A,2,0.195,0.05,18547,0
trackA,1811,parma,A,1,0.317,0.0,951,0
trackA,1811,tuscany,C,0,0.201,0.05,0,0
trackA,1811,valais,A,1,0.206,0.0,866,0
trackA,1811,berg,B,0,0.349,0.05,0,0
trackA,1811,westphalia,B,0,0.432,0.1,0,11649
trackA,1811,west_rest,C,0,0.336,0.1,0,0
trackA,1811,holland,B,0,0.318,0.05,0,0
trackA,1811,hanseatic,C,0,0.273,0.05,0,0
trackA,1811,rome,C,0,0.402,0.05,0,0
trackA,1811,illyria,N,0,0.559,0.3,0,0
trackA,1811,catalonia,C,0,0.942,1.0,0,0
trackA,1811,spain_ebro,C,0,0.931,1.0,0,0
trackA,1811,north_italy,B,0,0.631,0.3,0,28274
trackA,1811,south_germany,C,0,0.645,0.3,0,0
trackA,1811,naples,B,0,0.947,0.8,0,28934
trackA,1811,spain_rest,C,0,0.919,1.0,0,0
trackA,1811,switzerland,C,0,0.416,0.2,0,0
trackA,1811,warsaw,B,0,0.517,0.3,0,8135
trackA,1811,saxony,C,0,0.382,0.2,0,0
trackA,1812,old_france,A,3,0.03,0.0,45241,0
trackA,1812,d1_inner,A,2,0.225,0.05,19485,0
trackA,1812,parma,A,1,0.34,0.0,1004,0
trackA,1812,tuscany,C,0,0.232,0.05,0,0
trackA,1812,valais,A,2,0.222,0.0,873,0
trackA,1812,berg,B,0,0.38,0.05,0,0
trackA,1812,westphalia,B,0,0.464,0.1,0,12049
trackA,1812,west_rest,C,0,0.367,0.1,0,0
trackA,1812,holland,B,0,0.351,0.05,0,0
trackA,1812,hanseatic,C,0,0.307,0.05,0,0
trackA,1812,rome,C,0,0.435,0.05,0,0
trackA,1812,illyria,N,0,0.6,0.3,0,0
trackA,1812,catalonia,C,0,0.981,1.0,0,0
trackA,1812,spain_ebro,C,0,0.971,1.0,0,0
trackA,1812,north_italy,B,0,0.668,0.3,0,29205
trackA,1812,south_germany,C,0,0.681,0.3,0,0
trackA,1812,naples,B,0,0.988,0.8,0,29751
trackA,1812,spain_rest,C,0,0.961,1.0,0,0
trackA,1812,switzerland,C,0,0.45,0.2,0,0
trackA,1812,warsaw,B,0,0.553,0.3,0,8421
trackA,1812,saxony,C,0,0.414,0.2,0,0
trackA,1813,old_france,A,3,0.018,0.0,45087,0
trackA,1813,d1_inner,A,2,0.198,0.05,18656,0
trackA,1813,parma,A,1,0.326,0.0,972,0
trackA,1813,tuscany,C,0,0.206,0.05,0,0
trackA,1813,valais,A,2,0.195,0.0,861,0
trackA,1813,berg,B,0,0.368,0.05,0,0
trackA,1813,westphalia,B,0,0.449,0.1,0,11865
trackA,1813,west_rest,C,0,0.36,0.1,0,0
trackA,1813,holland,B,0,0.337,0.05,0,0
trackA,1813,hanseatic,C,0,0.294,0.05,0,0
trackA,1813,rome,C,0,0.427,0.05,0,0
trackA,1813,illyria,N,0,0.579,0.3,0,0
trackA,1813,catalonia,C,0,0.968,1.0,0,0
trackA,1813,spain_ebro,C,0,0.949,1.0,0,0
trackA,1813,north_italy,B,0,0.614,0.3,0,27841
trackA,1813,south_germany,C,0,0.626,0.3,0,0
trackA,1813,naples,B,0,0.901,0.8,0,28013
trackA,1813,spain_rest,C,0,0.944,1.0,0,0
trackA,1813,switzerland,C,0,0.443,0.2,0,0
trackA,1813,warsaw,B,0,0.506,0.3,0,8046
trackA,1813,saxony,C,0,0.399,0.2,0,0
trackA,1814,old_france,A,3,0.011,0.0,45031,0
trackA,1814,d1_inner,A,2,0.183,0.05,18208,0
trackA,1814,parma,A,1,0.314,0.0,946,0
trackA,1814,tuscany,C,0,0.19,0.05,0,0
trackA,1814,valais,A,2,0.174,0.0,852,0
trackA,1814,berg,B,0,0.361,0.05,0,0
trackA,1814,westphalia,B,0,0.438,0.1,0,11727
trackA,1814,west_rest,C,0,0.355,0.1,0,0
trackA,1814,holland,B,0,0.326,0.05,0,0
trackA,1814,hanseatic,C,0,0.284,0.05,0,0
trackA,1814,rome,C,0,0.421,0.05,0,0
trackA,1814,illyria,N,0,0.561,0.3,0,0
trackA,1814,catalonia,C,0,0.957,1.0,0,0
trackA,1814,spain_ebro,C,0,0.93,1.0,0,0
trackA,1814,north_italy,B,0,0.573,0.3,0,26819
trackA,1814,south_germany,C,0,0.585,0.3,0,0
trackA,1814,naples,B,0,0.835,0.8,0,26710
trackA,1814,spain_rest,C,0,0.93,1.0,0,0
trackA,1814,switzerland,C,0,0.437,0.2,0,0
trackA,1814,warsaw,B,0,0.471,0.3,0,7764
trackA,1814,saxony,C,0,0.388,0.2,0,0
trackA,1815,old_france,A,3,0.007,0.0,45011,0
trackA,1815,d1_inner,A,2,0.167,0.05,17803,0
trackA,1815,parma,A,1,0.304,0.0,924,0
trackA,1815,tuscany,C,0,0.176,0.05,0,0
trackA,1815,valais,A,2,0.157,0.0,846,0
trackA,1815,berg,B,0,0.341,0.05,0,0
trackA,1815,westphalia,B,0,0.426,0.1,0,11576
trackA,1815,west_rest,C,0,0.348,0.1,0,0
trackA,1815,holland,B,0,0.311,0.05,0,0
trackA,1815,hanseatic,C,0,0.266,0.05,0,0
trackA,1815,rome,C,0,0.415,0.05,0,0
trackA,1815,illyria,N,0,0.543,0.3,0,0
trackA,1815,catalonia,C,0,0.945,1.0,0,0
trackA,1815,spain_ebro,C,0,0.913,1.0,0,0
trackA,1815,north_italy,B,0,0.536,0.3,0,25911
trackA,1815,south_germany,C,0,0.552,0.3,0,0
trackA,1815,naples,B,0,0.783,0.8,0,25657
trackA,1815,spain_rest,C,0,0.917,1.0,0,0
trackA,1815,switzerland,C,0,0.43,0.2,0,0
trackA,1815,warsaw,B,0,0.44,0.3,0,7523
trackA,1815,saxony,C,0,0.376,0.2,0,0
trackA,1816,old_france,A,3,0.04,0.0,45418,0
trackA,1816,d1_inner,A,2,0.195,0.05,18543,0
trackA,1816,parma,A,1,0.333,0.0,988,0
trackA,1816,tuscany,C,0,0.204,0.05,0,0
trackA,1816,valais,A,2,0.181,0.0,855,0
trackA,1816,berg,B,0,0.367,0.05,0,0
trackA,1816,westphalia,B,0,0.454,0.1,0,11920
trackA,1816,west_rest,C,0,0.378,0.1,0,0
trackA,1816,holland,B,0,0.336,0.05,0,0
trackA,1816,hanseatic,C,0,0.288,0.05,0,0
trackA,1816,rome,C,0,0.445,0.05,0,0
trackA,1816,illyria,N,0,0.563,0.3,0,0
trackA,1816,catalonia,C,0,0.972,1.0,0,0
trackA,1816,spain_ebro,C,0,0.935,1.0,0,0
trackA,1816,north_italy,B,0,0.546,0.3,0,26142
trackA,1816,south_germany,C,0,0.563,0.3,0,0
trackA,1816,naples,B,0,0.78,0.8,0,25598
trackA,1816,spain_rest,C,0,0.942,1.0,0,0
trackA,1816,switzerland,C,0,0.46,0.2,0,0
trackA,1816,warsaw,B,0,0.454,0.3,0,7635
trackA,1816,saxony,C,0,0.403,0.2,0,0
trackA,1817,old_france,A,3,0.042,0.0,45462,0
trackA,1817,d1_inner,A,2,0.193,0.05,18509,0
trackA,1817,parma,A,1,0.337,0.0,997,0
trackA,1817,tuscany,C,0,0.202,0.05,0,0
trackA,1817,valais,A,3,0.176,0.0,853,0
trackA,1817,berg,B,0,0.365,0.05,0,0
trackA,1817,westphalia,B,0,0.457,0.1,0,11959
trackA,1817,west_rest,C,0,0.383,0.1,0,0
trackA,1817,holland,B,0,0.337,0.05,0,0
trackA,1817,hanseatic,C,0,0.286,0.05,0,0
trackA,1817,rome,C,0,0.453,0.05,0,0
trackA,1817,illyria,N,0,0.562,0.3,0,0
trackA,1817,catalonia,C,0,0.976,1.0,0,0
trackA,1817,spain_ebro,C,0,0.935,1.0,0,0
trackA,1817,north_italy,B,0,0.535,0.3,0,25879
trackA,1817,south_germany,C,0,0.553,0.3,0,0
trackA,1817,naples,B,0,0.76,0.8,0,25204
trackA,1817,spain_rest,C,0,0.945,1.0,0,0
trackA,1817,switzerland,C,0,0.468,0.2,0,0
trackA,1817,warsaw,B,0,0.448,0.3,0,7580
trackA,1817,saxony,C,0,0.405,0.2,0,0
trackA,1818,old_france,A,3,0.025,0.0,45166,0
trackA,1818,d1_inner,A,2,0.175,0.05,18005,0
trackA,1818,parma,A,1,0.322,0.0,964,0
trackA,1818,tuscany,C,0,0.183,0.05,0,0
trackA,1818,valais,A,3,0.154,0.0,845,0
trackA,1818,berg,B,0,0.346,0.05,0,0
trackA,1818,westphalia,B,0,0.442,0.1,0,11769
trackA,1818,west_rest,C,0,0.368,0.1,0,0
trackA,1818,holland,B,0,0.32,0.05,0,0
trackA,1818,hanseatic,C,0,0.267,0.05,0,0
trackA,1818,rome,C,0,0.442,0.05,0,0
trackA,1818,illyria,N,0,0.543,0.3,0,0
trackA,1818,catalonia,C,0,0.961,1.0,0,0
trackA,1818,spain_ebro,C,0,0.918,1.0,0,0
trackA,1818,north_italy,B,0,0.51,0.3,0,25243
trackA,1818,south_germany,C,0,0.528,0.3,0,0
trackA,1818,naples,B,0,0.728,0.8,0,24558
trackA,1818,spain_rest,C,0,0.93,1.0,0,0
trackA,1818,switzerland,C,0,0.456,0.2,0,0
trackA,1818,warsaw,B,0,0.425,0.3,0,7399
trackA,1818,saxony,C,0,0.389,0.2,0,0
trackA,1819,old_france,A,3,0.015,0.0,45060,0
trackA,1819,d1_inner,A,2,0.165,0.05,17738,0
trackA,1819,parma,A,1,0.312,0.0,940,0
trackA,1819,tuscany,C,0,0.172,0.05,0,0
trackA,1819,valais,A,3,0.14,0.0,841,0
trackA,1819,berg,B,0,0.336,0.05,0,0
trackA,1819,westphalia,B,0,0.431,0.1,0,11633
trackA,1819,west_rest,C,0,0.357,0.1,0,0
trackA,1819,holland,B,0,0.307,0.05,0,0
trackA,1819,hanseatic,C,0,0.253,0.05,0,0
trackA,1819,rome,C,0,0.432,0.05,0,0
trackA,1819,illyria,N,0,0.528,0.3,0,0
trackA,1819,catalonia,C,0,0.949,1.0,0,0
trackA,1819,spain_ebro,C,0,0.903,1.0,0,0
trackA,1819,north_italy,B,0,0.491,0.3,0,24779
trackA,1819,south_germany,C,0,0.509,0.3,0,0
trackA,1819,naples,B,0,0.704,0.8,0,24083
trackA,1819,spain_rest,C,0,0.917,1.0,0,0
trackA,1819,switzerland,C,0,0.446,0.2,0,0
trackA,1819,warsaw,B,0,0.409,0.3,0,7269
trackA,1819,saxony,C,0,0.377,0.2,0,0
trackA,1820,old_france,A,3,0.029,0.0,45222,0
trackA,1820,d1_inner,A,2,0.179,0.05,18104,0
trackA,1820,parma,A,1,0.325,0.0,969,0
trackA,1820,tuscany,C,0,0.185,0.05,0,0
trackA,1820,valais,A,3,0.151,0.0,844,0
trackA,1820,berg,B,0,0.351,0.05,0,0
trackA,1820,westphalia,B,0,0.443,0.1,0,11787
trackA,1820,west_rest,C,0,0.369,0.1,0,0
trackA,1820,holland,B,0,0.318,0.05,0,0
trackA,1820,hanseatic,C,0,0.262,0.05,0,0
trackA,1820,rome,C,0,0.444,0.05,0,0
trackA,1820,illyria,N,0,0.534,0.3,0,0
trackA,1820,catalonia,C,0,0.959,1.0,0,0
trackA,1820,spain_ebro,C,0,0.91,1.0,0,0
trackA,1820,north_italy,B,0,0.498,0.3,0,24944
trackA,1820,south_germany,C,0,0.515,0.3,0,0
trackA,1820,naples,B,0,0.707,0.8,0,24137
trackA,1820,spain_rest,C,0,0.925,1.0,0,0
trackA,1820,switzerland,C,0,0.458,0.2,0,0
trackA,1820,warsaw,B,0,0.417,0.3,0,7336
trackA,1820,saxony,C,0,0.388,0.2,0,0
trackA,1821,old_france,A,3,0.017,0.0,45080,0
trackA,1821,d1_inner,A,2,0.178,0.05,18078,0
trackA,1821,parma,A,1,0.328,0.0,975,0
trackA,1821,tuscany,C,0,0.193,0.05,0,0
trackA,1821,valais,A,3,0.158,0.0,846,0
trackA,1821,berg,B,0,0.36,0.05,0,0
trackA,1821,westphalia,B,0,0.445,0.1,0,11815
trackA,1821,west_rest,C,0,0.371,0.1,0,0
trackA,1821,holland,B,0,0.319,0.05,0,0
trackA,1821,hanseatic,C,0,0.262,0.05,0,0
trackA,1821,rome,C,0,0.441,0.05,0,0
trackA,1821,illyria,N,0,0.527,0.3,0,0
trackA,1821,catalonia,C,0,0.955,1.0,0,0
trackA,1821,spain_ebro,C,0,0.904,1.0,0,0
trackA,1821,north_italy,B,0,0.496,0.3,0,24892
trackA,1821,south_germany,C,0,0.512,0.3,0,0
trackA,1821,naples,B,0,0.702,0.8,0,24038
trackA,1821,spain_rest,C,0,0.921,1.0,0,0
trackA,1821,switzerland,C,0,0.455,0.2,0,0
trackA,1821,warsaw,B,0,0.416,0.3,0,7330
trackA,1821,saxony,C,0,0.388,0.2,0,0
trackA,1822,old_france,A,3,0.01,0.0,45029,0
trackA,1822,d1_inner,A,2,0.178,0.05,18075,0
trackA,1822,parma,A,1,0.33,0.0,982,0
trackA,1822,tuscany,C,0,0.198,0.05,0,0
trackA,1822,valais,A,3,0.162,0.0,848,0
trackA,1822,berg,B,0,0.367,0.05,0,0
trackA,1822,westphalia,B,0,0.447,0.1,0,11843
trackA,1822,west_rest,C,0,0.372,0.1,0,0
trackA,1822,holland,B,0,0.32,0.05,0,0
trackA,1822,hanseatic,C,0,0.261,0.05,0,0
trackA,1822,rome,C,0,0.439,0.05,0,0
trackA,1822,illyria,N,0,0.521,0.3,0,0
trackA,1822,catalonia,C,0,0.951,1.0,0,0
trackA,1822,spain_ebro,C,0,0.898,1.0,0,0
trackA,1822,north_italy,B,0,0.495,0.3,0,24866
trackA,1822,south_germany,C,0,0.51,0.3,0,0
trackA,1822,naples,B,0,0.699,0.8,0,23974
trackA,1822,spain_rest,C,0,0.916,1.0,0,0
trackA,1822,switzerland,C,0,0.453,0.2,0,0
trackA,1822,warsaw,B,0,0.416,0.3,0,7331
trackA,1822,saxony,C,0,0.389,0.2,0,0
trackA,1823,old_france,A,3,0.006,0.0,45010,0
trackA,1823,d1_inner,A,2,0.178,0.05,18086,0
trackA,1823,parma,A,1,0.333,0.0,989,0
trackA,1823,tuscany,C,0,0.201,0.05,0,0
trackA,1823,valais,A,3,0.164,0.0,849,0
trackA,1823,berg,B,0,0.371,0.05,0,0
trackA,1823,westphalia,B,0,0.45,0.1,0,11870
trackA,1823,west_rest,C,0,0.373,0.1,0,0
trackA,1823,holland,B,0,0.321,0.05,0,0
trackA,1823,hanseatic,C,0,0.261,0.05,0,0
trackA,1823,rome,C,0,0.438,0.05,0,0
trackA,1823,illyria,N,0,0.516,0.3,0,0
trackA,1823,catalonia,C,0,0.948,1.0,0,0
trackA,1823,spain_ebro,C,0,0.894,1.0,0,0
trackA,1823,north_italy,B,0,0.494,0.3,0,24859
trackA,1823,south_germany,C,0,0.508,0.3,0,0
trackA,1823,naples,B,0,0.697,0.8,0,23935
trackA,1823,spain_rest,C,0,0.913,1.0,0,0
trackA,1823,switzerland,C,0,0.451,0.2,0,0
trackA,1823,warsaw,B,0,0.417,0.3,0,7337
trackA,1823,saxony,C,0,0.389,0.2,0,0
trackA,1824,old_france,A,3,0.004,0.0,45004,0
trackA,1824,d1_inner,A,2,0.179,0.05,18105,0
trackA,1824,parma,A,1,0.336,0.0,996,0
trackA,1824,tuscany,C,0,0.202,0.05,0,0
trackA,1824,valais,A,3,0.166,0.0,849,0
trackA,1824,berg,B,0,0.375,0.05,0,0
trackA,1824,westphalia,B,0,0.452,0.1,0,11896
trackA,1824,west_rest,C,0,0.373,0.1,0,0
trackA,1824,holland,B,0,0.322,0.05,0,0
trackA,1824,hanseatic,C,0,0.261,0.05,0,0
trackA,1824,rome,C,0,0.436,0.05,0,0
trackA,1824,illyria,N,0,0.512,0.3,0,0
trackA,1824,catalonia,C,0,0.945,1.0,0,0
trackA,1824,spain_ebro,C,0,0.89,1.0,0,0
trackA,1824,north_italy,B,0,0.495,0.3,0,24866
trackA,1824,south_germany,C,0,0.506,0.3,0,0
trackA,1824,naples,B,0,0.696,0.8,0,23916
trackA,1824,spain_rest,C,0,0.91,1.0,0,0
trackA,1824,switzerland,C,0,0.449,0.2,0,0
trackA,1824,warsaw,B,0,0.418,0.3,0,7346
trackA,1824,saxony,C,0,0.389,0.2,0,0
trackA,1825,old_france,A,3,0.002,0.0,45001,0
trackA,1825,d1_inner,A,2,0.17,0.05,17867,0
trackA,1825,parma,A,1,0.327,0.0,974,0
trackA,1825,tuscany,C,0,0.183,0.05,0,0
trackA,1825,valais,A,3,0.147,0.0,843,0
trackA,1825,berg,B,0,0.358,0.05,0,0
trackA,1825,westphalia,B,0,0.441,0.1,0,11766
trackA,1825,west_rest,C,0,0.361,0.1,0,0
trackA,1825,holland,B,0,0.311,0.05,0,0
trackA,1825,hanseatic,C,0,0.248,0.05,0,0
trackA,1825,rome,C,0,0.427,0.05,0,0
trackA,1825,illyria,N,0,0.501,0.3,0,0
trackA,1825,catalonia,C,0,0.935,1.0,0,0
trackA,1825,spain_ebro,C,0,0.879,1.0,0,0
trackA,1825,north_italy,B,0,0.483,0.3,0,24571
trackA,1825,south_germany,C,0,0.493,0.3,0,0
trackA,1825,naples,B,0,0.683,0.8,0,23662
trackA,1825,spain_rest,C,0,0.9,1.0,0,0
trackA,1825,switzerland,C,0,0.44,0.2,0,0
trackA,1825,warsaw,B,0,0.407,0.3,0,7257
trackA,1825,saxony,C,0,0.377,0.2,0,0
trackA,1826,old_france,A,3,0.001,0.0,45000,0
trackA,1826,d1_inner,A,2,0.165,0.05,17742,0
trackA,1826,parma,A,1,0.321,0.0,960,0
trackA,1826,tuscany,C,0,0.172,0.05,0,0
trackA,1826,valais,A,3,0.136,0.0,839,0
trackA,1826,berg,B,0,0.349,0.05,0,0
trackA,1826,westphalia,B,0,0.434,0.1,0,11674
trackA,1826,west_rest,C,0,0.352,0.1,0,0
trackA,1826,holland,B,0,0.303,0.05,0,0
trackA,1826,hanseatic,C,0,0.239,0.05,0,0
trackA,1826,rome,C,0,0.42,0.05,0,0
trackA,1826,illyria,N,0,0.491,0.3,0,0
trackA,1826,catalonia,C,0,0.927,1.0,0,0
trackA,1826,spain_ebro,C,0,0.87,1.0,0,0
trackA,1826,north_italy,B,0,0.475,0.3,0,24363
trackA,1826,south_germany,C,0,0.483,0.3,0,0
trackA,1826,naples,B,0,0.674,0.8,0,23482
trackA,1826,spain_rest,C,0,0.891,1.0,0,0
trackA,1826,switzerland,C,0,0.433,0.2,0,0
trackA,1826,warsaw,B,0,0.399,0.3,0,7196
trackA,1826,saxony,C,0,0.368,0.2,0,0
trackA,1827,old_france,A,3,0.001,0.0,45000,0
trackA,1827,d1_inner,A,2,0.162,0.05,17681,0
trackA,1827,parma,A,1,0.317,0.0,951,0
trackA,1827,tuscany,C,0,0.165,0.05,0,0
trackA,1827,valais,A,3,0.13,0.0,838,0
trackA,1827,berg,B,0,0.344,0.05,0,0
trackA,1827,westphalia,B,0,0.429,0.1,0,11612
trackA,1827,west_rest,C,0,0.345,0.1,0,0
trackA,1827,holland,B,0,0.297,0.05,0,0
trackA,1827,hanseatic,C,0,0.231,0.05,0,0
trackA,1827,rome,C,0,0.413,0.05,0,0
trackA,1827,illyria,N,0,0.483,0.3,0,0
trackA,1827,catalonia,C,0,0.92,1.0,0,0
trackA,1827,spain_ebro,C,0,0.862,1.0,0,0
trackA,1827,north_italy,B,0,0.469,0.3,0,24219
trackA,1827,south_germany,C,0,0.475,0.3,0,0
trackA,1827,naples,B,0,0.668,0.8,0,23356
trackA,1827,spain_rest,C,0,0.884,1.0,0,0
trackA,1827,switzerland,C,0,0.426,0.2,0,0
trackA,1827,warsaw,B,0,0.394,0.3,0,7155
trackA,1827,saxony,C,0,0.361,0.2,0,0
trackA,1828,old_france,A,3,0.0,0.0,45000,0
trackA,1828,d1_inner,A,2,0.161,0.05,17656,0
trackA,1828,parma,A,1,0.315,0.0,947,0
trackA,1828,tuscany,C,0,0.161,0.05,0,0
trackA,1828,valais,A,3,0.126,0.0,837,0
trackA,1828,berg,B,0,0.342,0.05,0,0
trackA,1828,westphalia,B,0,0.426,0.1,0,11571
trackA,1828,west_rest,C,0,0.34,0.1,0,0
trackA,1828,holland,B,0,0.293,0.05,0,0
trackA,1828,hanseatic,C,0,0.226,0.05,0,0
trackA,1828,rome,C,0,0.408,0.05,0,0
trackA,1828,illyria,N,0,0.476,0.3,0,0
trackA,1828,catalonia,C,0,0.914,1.0,0,0
trackA,1828,spain_ebro,C,0,0.855,1.0,0,0
trackA,1828,north_italy,B,0,0.465,0.3,0,24124
trackA,1828,south_germany,C,0,0.47,0.3,0,0
trackA,1828,naples,B,0,0.664,0.8,0,23272
trackA,1828,spain_rest,C,0,0.878,1.0,0,0
trackA,1828,switzerland,C,0,0.421,0.2,0,0
trackA,1828,warsaw,B,0,0.391,0.3,0,7128
trackA,1828,saxony,C,0,0.356,0.2,0,0
trackA,1829,old_france,A,3,0.0,0.0,45000,0
trackA,1829,d1_inner,A,2,0.161,0.05,17653,0
trackA,1829,parma,A,1,0.314,0.0,946,0
trackA,1829,tuscany,C,0,0.159,0.05,0,0
trackA,1829,valais,A,3,0.124,0.0,836,0
trackA,1829,berg,B,0,0.341,0.05,0,0
trackA,1829,westphalia,B,0,0.424,0.1,0,11547
trackA,1829,west_rest,C,0,0.336,0.1,0,0
trackA,1829,holland,B,0,0.29,0.05,0,0
trackA,1829,hanseatic,C,0,0.222,0.05,0,0
trackA,1829,rome,C,0,0.403,0.05,0,0
trackA,1829,illyria,N,0,0.47,0.3,0,0
trackA,1829,catalonia,C,0,0.909,1.0,0,0
trackA,1829,spain_ebro,C,0,0.85,1.0,0,0
trackA,1829,north_italy,B,0,0.463,0.3,0,24065
trackA,1829,south_germany,C,0,0.465,0.3,0,0
trackA,1829,naples,B,0,0.661,0.8,0,23219
trackA,1829,spain_rest,C,0,0.872,1.0,0,0
trackA,1829,switzerland,C,0,0.416,0.2,0,0
trackA,1829,warsaw,B,0,0.389,0.3,0,7113
trackA,1829,saxony,C,0,0.352,0.2,0,0
trackA,1830,old_france,A,3,0.05,0.0,45661,0
trackA,1830,d1_inner,A,2,0.212,0.05,19064,0
trackA,1830,parma,A,1,0.365,0.0,1066,0
trackA,1830,tuscany,C,0,0.207,0.05,0,0
trackA,1830,valais,A,3,0.173,0.0,852,0
trackA,1830,berg,B,0,0.392,0.05,0,0
trackA,1830,westphalia,B,0,0.473,0.1,0,12161
trackA,1830,west_rest,C,0,0.384,0.1,0,0
trackA,1830,holland,B,0,0.338,0.05,0,0
trackA,1830,hanseatic,C,0,0.269,0.05,0,0
trackA,1830,rome,C,0,0.45,0.05,0,0
trackA,1830,illyria,N,0,0.516,0.3,0,0
trackA,1830,catalonia,C,0,0.955,1.0,0,0
trackA,1830,spain_ebro,C,0,0.895,1.0,0,0
trackA,1830,north_italy,B,0,0.511,0.3,0,25283
trackA,1830,south_germany,C,0,0.512,0.3,0,0
trackA,1830,naples,B,0,0.709,0.8,0,24189
trackA,1830,spain_rest,C,0,0.918,1.0,0,0
trackA,1830,switzerland,C,0,0.462,0.2,0,0
trackA,1830,warsaw,B,0,0.438,0.3,0,7507
trackA,1830,saxony,C,0,0.399,0.2,0,0
trackA,1831,old_france,A,3,0.03,0.0,45238,0
trackA,1831,d1_inner,A,2,0.192,0.05,18479,0
trackA,1831,parma,A,1,0.354,0.0,1038,0
trackA,1831,tuscany,C,0,0.186,0.05,0,0
trackA,1831,valais,A,3,0.153,0.0,845,0
trackA,1831,berg,B,0,0.373,0.05,0,0
trackA,1831,westphalia,B,0,0.46,0.1,0,12002
trackA,1831,west_rest,C,0,0.369,0.1,0,0
trackA,1831,holland,B,0,0.325,0.05,0,0
trackA,1831,hanseatic,C,0,0.254,0.05,0,0
trackA,1831,rome,C,0,0.439,0.05,0,0
trackA,1831,illyria,N,0,0.504,0.3,0,0
trackA,1831,catalonia,C,0,0.943,1.0,0,0
trackA,1831,spain_ebro,C,0,0.883,1.0,0,0
trackA,1831,north_italy,B,0,0.498,0.3,0,24959
trackA,1831,south_germany,C,0,0.497,0.3,0,0
trackA,1831,naples,B,0,0.696,0.8,0,23927
trackA,1831,spain_rest,C,0,0.907,1.0,0,0
trackA,1831,switzerland,C,0,0.451,0.2,0,0
trackA,1831,warsaw,B,0,0.426,0.3,0,7407
trackA,1831,saxony,C,0,0.384,0.2,0,0
trackA,1832,old_france,A,3,0.018,0.0,45086,0
trackA,1832,d1_inner,A,2,0.181,0.05,18168,0
trackA,1832,parma,A,1,0.346,0.0,1020,0
trackA,1832,tuscany,C,0,0.174,0.05,0,0
trackA,1832,valais,A,3,0.141,0.0,841,0
trackA,1832,berg,B,0,0.362,0.05,0,0
trackA,1832,westphalia,B,0,0.451,0.1,0,11889
trackA,1832,west_rest,C,0,0.358,0.1,0,0
trackA,1832,holland,B,0,0.315,0.05,0,0
trackA,1832,hanseatic,C,0,0.243,0.05,0,0
trackA,1832,rome,C,0,0.43,0.05,0,0
trackA,1832,illyria,N,0,0.494,0.3,0,0
trackA,1832,catalonia,C,0,0.934,1.0,0,0
trackA,1832,spain_ebro,C,0,0.873,1.0,0,0
trackA,1832,north_italy,B,0,0.489,0.3,0,24729
trackA,1832,south_germany,C,0,0.486,0.3,0,0
trackA,1832,naples,B,0,0.687,0.8,0,23740
trackA,1832,spain_rest,C,0,0.897,1.0,0,0
trackA,1832,switzerland,C,0,0.442,0.2,0,0
trackA,1832,warsaw,B,0,0.417,0.3,0,7337
trackA,1832,saxony,C,0,0.373,0.2,0,0
trackA,1833,old_france,A,3,0.011,0.0,45031,0
trackA,1833,d1_inner,A,2,0.175,0.05,18003,0
trackA,1833,parma,A,1,0.342,0.0,1009,0
trackA,1833,tuscany,C,0,0.166,0.05,0,0
trackA,1833,valais,A,3,0.135,0.0,839,0
trackA,1833,berg,B,0,0.357,0.05,0,0
trackA,1833,westphalia,B,0,0.445,0.1,0,11810
trackA,1833,west_rest,C,0,0.35,0.1,0,0
trackA,1833,holland,B,0,0.308,0.05,0,0
trackA,1833,hanseatic,C,0,0.235,0.05,0,0
trackA,1833,rome,C,0,0.422,0.05,0,0
trackA,1833,illyria,N,0,0.485,0.3,0,0
trackA,1833,catalonia,C,0,0.926,1.0,0,0
trackA,1833,spain_ebro,C,0,0.865,1.0,0,0
trackA,1833,north_italy,B,0,0.483,0.3,0,24568
trackA,1833,south_germany,C,0,0.478,0.3,0,0
trackA,1833,naples,B,0,0.681,0.8,0,23610
trackA,1833,spain_rest,C,0,0.889,1.0,0,0
trackA,1833,switzerland,C,0,0.434,0.2,0,0
trackA,1833,warsaw,B,0,0.411,0.3,0,7289
trackA,1833,saxony,C,0,0.365,0.2,0,0
trackA,1834,old_france,A,3,0.007,0.0,45011,0
trackA,1834,d1_inner,A,2,0.172,0.05,17919,0
trackA,1834,parma,A,1,0.339,0.0,1003,0
trackA,1834,tuscany,C,0,0.162,0.05,0,0
trackA,1834,valais,A,3,0.131,0.0,838,0
trackA,1834,berg,B,0,0.354,0.05,0,0
trackA,1834,westphalia,B,0,0.441,0.1,0,11758
trackA,1834,west_rest,C,0,0.344,0.1,0,0
trackA,1834,holland,B,0,0.303,0.05,0,0
trackA,1834,hanseatic,C,0,0.229,0.05,0,0
trackA,1834,rome,C,0,0.415,0.05,0,0
trackA,1834,illyria,N,0,0.478,0.3,0,0
trackA,1834,catalonia,C,0,0.919,1.0,0,0
trackA,1834,spain_ebro,C,0,0.858,1.0,0,0
trackA,1834,north_italy,B,0,0.478,0.3,0,24461
trackA,1834,south_germany,C,0,0.471,0.3,0,0
trackA,1834,naples,B,0,0.676,0.8,0,23523
trackA,1834,spain_rest,C,0,0.882,1.0,0,0
trackA,1834,switzerland,C,0,0.428,0.2,0,0
trackA,1834,warsaw,B,0,0.407,0.3,0,7258
trackA,1834,saxony,C,0,0.359,0.2,0,0
trackA,1835,old_france,A,3,0.004,0.0,45004,0
trackA,1835,d1_inner,A,2,0.17,0.05,17881,0
trackA,1835,parma,A,1,0.338,0.0,1001,0
trackA,1835,tuscany,C,0,0.159,0.05,0,0
trackA,1835,valais,A,3,0.129,0.0,837,0
trackA,1835,berg,B,0,0.354,0.05,0,0
trackA,1835,westphalia,B,0,0.438,0.1,0,11725
trackA,1835,west_rest,C,0,0.339,0.1,0,0
trackA,1835,holland,B,0,0.299,0.05,0,0
trackA,1835,hanseatic,C,0,0.224,0.05,0,0
trackA,1835,rome,C,0,0.409,0.05,0,0
trackA,1835,illyria,N,0,0.472,0.3,0,0
trackA,1835,catalonia,C,0,0.913,1.0,0,0
trackA,1835,spain_ebro,C,0,0.852,1.0,0,0
trackA,1835,north_italy,B,0,0.476,0.3,0,24392
trackA,1835,south_germany,C,0,0.467,0.3,0,0
trackA,1835,naples,B,0,0.673,0.8,0,23467
trackA,1835,spain_rest,C,0,0.876,1.0,0,0
trackA,1835,switzerland,C,0,0.422,0.2,0,0
trackA,1835,warsaw,B,0,0.405,0.3,0,7240
trackA,1835,saxony,C,0,0.354,0.2,0,0
trackA,1836,old_france,A,3,0.002,0.0,45001,0
trackA,1836,d1_inner,A,2,0.17,0.05,17871,0
trackA,1836,parma,A,1,0.339,0.0,1001,0
trackA,1836,tuscany,C,0,0.157,0.05,0,0
trackA,1836,valais,A,3,0.128,0.0,837,0
trackA,1836,berg,B,0,0.354,0.05,0,0
trackA,1836,westphalia,B,0,0.436,0.1,0,11706
trackA,1836,west_rest,C,0,0.335,0.1,0,0
trackA,1836,holland,B,0,0.297,0.05,0,0
trackA,1836,hanseatic,C,0,0.221,0.05,0,0
trackA,1836,rome,C,0,0.405,0.05,0,0
trackA,1836,illyria,N,0,0.467,0.3,0,0
trackA,1836,catalonia,C,0,0.908,1.0,0,0
trackA,1836,spain_ebro,C,0,0.847,1.0,0,0
trackA,1836,north_italy,B,0,0.474,0.3,0,24354
trackA,1836,south_germany,C,0,0.463,0.3,0,0
trackA,1836,naples,B,0,0.672,0.8,0,23435
trackA,1836,spain_rest,C,0,0.871,1.0,0,0
trackA,1836,switzerland,C,0,0.417,0.2,0,0
trackA,1836,warsaw,B,0,0.404,0.3,0,7230
trackA,1836,saxony,C,0,0.35,0.2,0,0
trackA,1837,old_france,A,3,0.001,0.0,45001,0
trackA,1837,d1_inner,A,2,0.17,0.05,17877,0
trackA,1837,parma,A,1,0.34,0.0,1004,0
trackA,1837,tuscany,C,0,0.156,0.05,0,0
trackA,1837,valais,A,3,0.128,0.0,837,0
trackA,1837,berg,B,0,0.355,0.05,0,0
trackA,1837,westphalia,B,0,0.436,0.1,0,11698
trackA,1837,west_rest,C,0,0.333,0.1,0,0
trackA,1837,holland,B,0,0.296,0.05,0,0
trackA,1837,hanseatic,C,0,0.218,0.05,0,0
trackA,1837,rome,C,0,0.401,0.05,0,0
trackA,1837,illyria,N,0,0.463,0.3,0,0
trackA,1837,catalonia,C,0,0.904,1.0,0,0
trackA,1837,spain_ebro,C,0,0.842,1.0,0,0
trackA,1837,north_italy,B,0,0.473,0.3,0,24337
trackA,1837,south_germany,C,0,0.46,0.3,0,0
trackA,1837,naples,B,0,0.671,0.8,0,23421
trackA,1837,spain_rest,C,0,0.867,1.0,0,0
trackA,1837,switzerland,C,0,0.413,0.2,0,0
trackA,1837,warsaw,B,0,0.404,0.3,0,7228
trackA,1837,saxony,C,0,0.348,0.2,0,0
trackA,1838,old_france,A,3,0.001,0.0,45000,0
trackA,1838,d1_inner,A,2,0.171,0.05,17893,0
trackA,1838,parma,A,1,0.342,0.0,1009,0
trackA,1838,tuscany,C,0,0.156,0.05,0,0
trackA,1838,valais,A,3,0.128,0.0,837,0
trackA,1838,berg,B,0,0.356,0.05,0,0
trackA,1838,westphalia,B,0,0.436,0.1,0,11699
trackA,1838,west_rest,C,0,0.331,0.1,0,0
trackA,1838,holland,B,0,0.295,0.05,0,0
trackA,1838,hanseatic,C,0,0.216,0.05,0,0
trackA,1838,rome,C,0,0.397,0.05,0,0
trackA,1838,illyria,N,0,0.459,0.3,0,0
trackA,1838,catalonia,C,0,0.9,1.0,0,0
trackA,1838,spain_ebro,C,0,0.839,1.0,0,0
trackA,1838,north_italy,B,0,0.473,0.3,0,24337
trackA,1838,south_germany,C,0,0.458,0.3,0,0
trackA,1838,naples,B,0,0.671,0.8,0,23421
trackA,1838,spain_rest,C,0,0.863,1.0,0,0
trackA,1838,switzerland,C,0,0.41,0.2,0,0
trackA,1838,warsaw,B,0,0.404,0.3,0,7232
trackA,1838,saxony,C,0,0.346,0.2,0,0
trackA,1839,old_france,A,3,0.001,0.0,45000,0
trackA,1839,d1_inner,A,2,0.172,0.05,17915,0
trackA,1839,parma,A,1,0.344,0.0,1015,0
trackA,1839,tuscany,C,0,0.156,0.05,0,0
trackA,1839,valais,A,3,0.129,0.0,837,0
trackA,1839,berg,B,0,0.358,0.05,0,0
trackA,1839,westphalia,B,0,0.436,0.1,0,11705
trackA,1839,west_rest,C,0,0.329,0.1,0,0
trackA,1839,holland,B,0,0.295,0.05,0,0
trackA,1839,hanseatic,C,0,0.214,0.05,0,0
trackA,1839,rome,C,0,0.394,0.05,0,0
trackA,1839,illyria,N,0,0.456,0.3,0,0
trackA,1839,catalonia,C,0,0.897,1.0,0,0
trackA,1839,spain_ebro,C,0,0.835,1.0,0,0
trackA,1839,north_italy,B,0,0.474,0.3,0,24350
trackA,1839,south_germany,C,0,0.457,0.3,0,0
trackA,1839,naples,B,0,0.672,0.8,0,23431
trackA,1839,spain_rest,C,0,0.86,1.0,0,0
trackA,1839,switzerland,C,0,0.407,0.2,0,0
trackA,1839,warsaw,B,0,0.405,0.3,0,7239
trackA,1839,saxony,C,0,0.344,0.2,0,0
trackA,1840,old_france,A,3,0.0,0.0,45000,0
trackA,1840,d1_inner,A,2,0.173,0.05,17941,0
trackA,1840,parma,A,1,0.347,0.0,1021,0
trackA,1840,tuscany,C,0,0.155,0.05,0,0
trackA,1840,valais,A,3,0.129,0.0,837,0
trackA,1840,berg,B,0,0.36,0.05,0,0
trackA,1840,westphalia,B,0,0.437,0.1,0,11716
trackA,1840,west_rest,C,0,0.328,0.1,0,0
trackA,1840,holland,B,0,0.295,0.05,0,0
trackA,1840,hanseatic,C,0,0.213,0.05,0,0
trackA,1840,rome,C,0,0.392,0.05,0,0
trackA,1840,illyria,N,0,0.453,0.3,0,0
trackA,1840,catalonia,C,0,0.895,1.0,0,0
trackA,1840,spain_ebro,C,0,0.833,1.0,0,0
trackA,1840,north_italy,B,0,0.475,0.3,0,24372
trackA,1840,south_germany,C,0,0.456,0.3,0,0
trackA,1840,naples,B,0,0.672,0.8,0,23448
trackA,1840,spain_rest,C,0,0.857,1.0,0,0
trackA,1840,switzerland,C,0,0.404,0.2,0,0
trackA,1840,warsaw,B,0,0.406,0.3,0,7249
trackA,1840,saxony,C,0,0.343,0.2,0,0
trackA,1841,old_france,A,3,0.0,0.0,45000,0
trackA,1841,d1_inner,A,2,0.174,0.05,17969,0
trackA,1841,parma,A,1,0.35,0.0,1029,0
trackA,1841,tuscany,C,0,0.155,0.05,0,0
trackA,1841,valais,A,3,0.13,0.0,838,0
trackA,1841,berg,B,0,0.362,0.05,0,0
trackA,1841,westphalia,B,0,0.438,0.1,0,11731
trackA,1841,west_rest,C,0,0.327,0.1,0,0
trackA,1841,holland,B,0,0.295,0.05,0,0
trackA,1841,hanseatic,C,0,0.212,0.05,0,0
trackA,1841,rome,C,0,0.39,0.05,0,0
trackA,1841,illyria,N,0,0.451,0.3,0,0
trackA,1841,catalonia,C,0,0.892,1.0,0,0
trackA,1841,spain_ebro,C,0,0.83,1.0,0,0
trackA,1841,north_italy,B,0,0.476,0.3,0,24401
trackA,1841,south_germany,C,0,0.455,0.3,0,0
trackA,1841,naples,B,0,0.674,0.8,0,23471
trackA,1841,spain_rest,C,0,0.855,1.0,0,0
trackA,1841,switzerland,C,0,0.402,0.2,0,0
trackA,1841,warsaw,B,0,0.408,0.3,0,7262
trackA,1841,saxony,C,0,0.342,0.2,0,0
trackA,1842,old_france,A,3,0.0,0.0,45000,0
trackA,1842,d1_inner,A,2,0.175,0.05,17999,0
trackA,1842,parma,A,1,0.353,0.0,1037,0
trackA,1842,tuscany,C,0,0.155,0.05,0,0
trackA,1842,valais,A,3,0.131,0.0,838,0
trackA,1842,berg,B,0,0.364,0.05,0,0
trackA,1842,westphalia,B,0,0.44,0.1,0,11748
trackA,1842,west_rest,C,0,0.327,0.1,0,0
trackA,1842,holland,B,0,0.296,0.05,0,0
trackA,1842,hanseatic,C,0,0.212,0.05,0,0
trackA,1842,rome,C,0,0.388,0.05,0,0
trackA,1842,illyria,N,0,0.449,0.3,0,0
trackA,1842,catalonia,C,0,0.891,1.0,0,0
trackA,1842,spain_ebro,C,0,0.828,1.0,0,0
trackA,1842,north_italy,B,0,0.477,0.3,0,24435
trackA,1842,south_germany,C,0,0.454,0.3,0,0
trackA,1842,naples,B,0,0.675,0.8,0,23498
trackA,1842,spain_rest,C,0,0.853,1.0,0,0
trackA,1842,switzerland,C,0,0.4,0.2,0,0
trackA,1842,warsaw,B,0,0.409,0.3,0,7276
trackA,1842,saxony,C,0,0.342,0.2,0,0
trackA,1843,old_france,A,3,0.0,0.0,45000,0
trackA,1843,d1_inner,A,2,0.176,0.05,18029,0
trackA,1843,parma,A,1,0.357,0.0,1046,0
trackA,1843,tuscany,C,0,0.155,0.05,0,0
trackA,1843,valais,A,3,0.131,0.0,838,0
trackA,1843,berg,B,0,0.366,0.05,0,0
trackA,1843,westphalia,B,0,0.441,0.1,0,11767
trackA,1843,west_rest,C,0,0.326,0.1,0,0
trackA,1843,holland,B,0,0.296,0.05,0,0
trackA,1843,hanseatic,C,0,0.211,0.05,0,0
trackA,1843,rome,C,0,0.386,0.05,0,0
trackA,1843,illyria,N,0,0.447,0.3,0,0
trackA,1843,catalonia,C,0,0.889,1.0,0,0
trackA,1843,spain_ebro,C,0,0.827,1.0,0,0
trackA,1843,north_italy,B,0,0.479,0.3,0,24473
trackA,1843,south_germany,C,0,0.454,0.3,0,0
trackA,1843,naples,B,0,0.676,0.8,0,23529
trackA,1843,spain_rest,C,0,0.852,1.0,0,0
trackA,1843,switzerland,C,0,0.399,0.2,0,0
trackA,1843,warsaw,B,0,0.411,0.3,0,7291
trackA,1843,saxony,C,0,0.341,0.2,0,0
trackA,1844,old_france,A,3,0.0,0.0,45000,0
trackA,1844,d1_inner,A,2,0.177,0.05,18060,0
trackA,1844,parma,A,1,0.36,0.0,1055,0
trackA,1844,tuscany,C,0,0.155,0.05,0,0
trackA,1844,valais,A,3,0.132,0.0,838,0
trackA,1844,berg,B,0,0.368,0.05,0,0
trackA,1844,westphalia,B,0,0.443,0.1,0,11788
trackA,1844,west_rest,C,0,0.326,0.1,0,0
trackA,1844,holland,B,0,0.297,0.05,0,0
trackA,1844,hanseatic,C,0,0.211,0.05,0,0
trackA,1844,rome,C,0,0.385,0.05,0,0
trackA,1844,illyria,N,0,0.446,0.3,0,0
trackA,1844,catalonia,C,0,0.888,1.0,0,0
trackA,1844,spain_ebro,C,0,0.825,1.0,0,0
trackA,1844,north_italy,B,0,0.481,0.3,0,24514
trackA,1844,south_germany,C,0,0.454,0.3,0,0
trackA,1844,naples,B,0,0.678,0.8,0,23562
trackA,1844,spain_rest,C,0,0.85,1.0,0,0
trackA,1844,switzerland,C,0,0.397,0.2,0,0
trackA,1844,warsaw,B,0,0.413,0.3,0,7308
trackA,1844,saxony,C,0,0.341,0.2,0,0
trackA,1845,old_france,A,3,0.0,0.0,45000,0
trackA,1845,d1_inner,A,2,0.179,0.05,18092,0
trackA,1845,parma,A,1,0.364,0.0,1064,0
trackA,1845,tuscany,C,0,0.155,0.05,0,0
trackA,1845,valais,A,3,0.133,0.0,838,0
trackA,1845,berg,B,0,0.37,0.05,0,0
trackA,1845,westphalia,B,0,0.445,0.1,0,11810
trackA,1845,west_rest,C,0,0.326,0.1,0,0
trackA,1845,holland,B,0,0.298,0.05,0,0
trackA,1845,hanseatic,C,0,0.211,0.05,0,0
trackA,1845,rome,C,0,0.384,0.05,0,0
trackA,1845,illyria,N,0,0.444,0.3,0,0
trackA,1845,catalonia,C,0,0.887,1.0,0,0
trackA,1845,spain_ebro,C,0,0.824,1.0,0,0
trackA,1845,north_italy,B,0,0.482,0.3,0,24557
trackA,1845,south_germany,C,0,0.453,0.3,0,0
trackA,1845,naples,B,0,0.68,0.8,0,23596
trackA,1845,spain_rest,C,0,0.849,1.0,0,0
trackA,1845,switzerland,C,0,0.396,0.2,0,0
trackA,1845,warsaw,B,0,0.416,0.3,0,7325
trackA,1845,saxony,C,0,0.341,0.2,0,0
trackA,1846,old_france,A,3,0.0,0.0,45000,0
trackA,1846,d1_inner,A,2,0.18,0.05,18124,0
trackA,1846,parma,A,1,0.368,0.0,1074,0
trackA,1846,tuscany,C,0,0.155,0.05,0,0
trackA,1846,valais,A,3,0.134,0.0,839,0
trackA,1846,berg,B,0,0.372,0.05,0,0
trackA,1846,westphalia,B,0,0.447,0.1,0,11832
trackA,1846,west_rest,C,0,0.326,0.1,0,0
trackA,1846,holland,B,0,0.299,0.05,0,0
trackA,1846,hanseatic,C,0,0.211,0.05,0,0
trackA,1846,rome,C,0,0.383,0.05,0,0
trackA,1846,illyria,N,0,0.443,0.3,0,0
trackA,1846,catalonia,C,0,0.886,1.0,0,0
trackA,1846,spain_ebro,C,0,0.823,1.0,0,0
trackA,1846,north_italy,B,0,0.484,0.3,0,24602
trackA,1846,south_germany,C,0,0.453,0.3,0,0
trackA,1846,naples,B,0,0.682,0.8,0,23632
trackA,1846,spain_rest,C,0,0.848,1.0,0,0
trackA,1846,switzerland,C,0,0.395,0.2,0,0
trackA,1846,warsaw,B,0,0.418,0.3,0,7342
trackA,1846,saxony,C,0,0.341,0.2,0,0
trackA,1847,old_france,A,3,0.0,0.0,45000,0
trackA,1847,d1_inner,A,2,0.181,0.05,18156,0
trackA,1847,parma,A,1,0.372,0.0,1083,0
trackA,1847,tuscany,C,0,0.155,0.05,0,0
trackA,1847,valais,A,3,0.134,0.0,839,0
trackA,1847,berg,B,0,0.374,0.05,0,0
trackA,1847,westphalia,B,0,0.448,0.1,0,11856
trackA,1847,west_rest,C,0,0.325,0.1,0,0
trackA,1847,holland,B,0,0.3,0.05,0,0
trackA,1847,hanseatic,C,0,0.21,0.05,0,0
trackA,1847,rome,C,0,0.382,0.05,0,0
trackA,1847,illyria,N,0,0.442,0.3,0,0
trackA,1847,catalonia,C,0,0.885,1.0,0,0
trackA,1847,spain_ebro,C,0,0.822,1.0,0,0
trackA,1847,north_italy,B,0,0.486,0.3,0,24649
trackA,1847,south_germany,C,0,0.453,0.3,0,0
trackA,1847,naples,B,0,0.683,0.8,0,23669
trackA,1847,spain_rest,C,0,0.847,1.0,0,0
trackA,1847,switzerland,C,0,0.395,0.2,0,0
trackA,1847,warsaw,B,0,0.42,0.3,0,7360
trackA,1847,saxony,C,0,0.34,0.2,0,0
trackA,1848,old_france,A,3,0.07,0.0,46286,0
trackA,1848,d1_inner,A,2,0.252,0.05,20470,0
trackA,1848,parma,A,1,0.445,0.0,1295,0
trackA,1848,tuscany,C,0,0.225,0.05,0,0
trackA,1848,valais,A,3,0.205,0.0,865,0
trackA,1848,berg,B,0,0.446,0.05,0,0
trackA,1848,westphalia,B,0,0.52,0.1,0,12754
trackA,1848,west_rest,C,0,0.395,0.1,0,0
trackA,1848,holland,B,0,0.371,0.05,0,0
trackA,1848,hanseatic,C,0,0.28,0.05,0,0
trackA,1848,rome,C,0,0.451,0.05,0,0
trackA,1848,illyria,N,0,0.512,0.3,0,0
trackA,1848,catalonia,C,0,0.954,1.0,0,0
trackA,1848,spain_ebro,C,0,0.892,1.0,0,0
trackA,1848,north_italy,B,0,0.558,0.3,0,26446
trackA,1848,south_germany,C,0,0.523,0.3,0,0
trackA,1848,naples,B,0,0.755,0.8,0,25107
trackA,1848,spain_rest,C,0,0.917,1.0,0,0
trackA,1848,switzerland,C,0,0.464,0.2,0,0
trackA,1848,warsaw,B,0,0.492,0.3,0,7939
trackA,1848,saxony,C,0,0.41,0.2,0,0
trackB,1803,old_france,A,3,0.03,0.0,45236,0
trackB,1803,d1_inner,A,2,0.179,0.05,18114,0
trackB,1803,parma,B,0,0.341,0.0,0,0
trackB,1803,tuscany,C,0,0.126,0.05,0,0
trackB,1803,valais,C,0,0.186,0.0,0,0
trackB,1803,berg,N,0,0.236,0.05,0,0
trackB,1803,westphalia,N,0,0.353,0.1,0,0
trackB,1803,west_rest,N,0,0.291,0.1,0,0
trackB,1803,holland,B,0,0.204,0.05,0,0
trackB,1803,hanseatic,N,0,0.123,0.05,0,0
trackB,1803,rome,N,0,0.352,0.05,0,0
trackB,1803,illyria,N,0,0.357,0.3,0,0
trackB,1803,catalonia,C,0,0.787,1.0,0,0
trackB,1803,spain_ebro,C,0,0.745,1.0,0,0
trackB,1803,north_italy,B,0,0.366,0.3,0,21650
trackB,1803,south_germany,N,0,0.416,0.3,0,0
trackB,1803,naples,N,0,0.566,0.8,0,0
trackB,1803,spain_rest,C,0,0.703,1.0,0,0
trackB,1803,switzerland,C,0,0.352,0.2,0,0
trackB,1803,warsaw,N,0,0.303,0.3,0,0
trackB,1803,saxony,N,0,0.303,0.2,0,0
trackB,1804,old_france,A,3,0.018,0.0,45085,0
trackB,1804,d1_inner,A,2,0.155,0.05,17501,0
trackB,1804,parma,B,0,0.334,0.0,0,0
trackB,1804,tuscany,C,0,0.129,0.05,0,0
trackB,1804,valais,C,0,0.177,0.0,0,0
trackB,1804,berg,N,0,0.227,0.05,0,0
trackB,1804,westphalia,N,0,0.356,0.1,0,0
trackB,1804,west_rest,N,0,0.284,0.1,0,0
trackB,1804,holland,B,0,0.206,0.05,0,0
trackB,1804,hanseatic,N,0,0.126,0.05,0,0
trackB,1804,rome,N,0,0.354,0.05,0,0
trackB,1804,illyria,N,0,0.384,0.3,0,0
trackB,1804,catalonia,C,0,0.819,1.0,0,0
trackB,1804,spain_ebro,C,0,0.783,1.0,0,0
trackB,1804,north_italy,B,0,0.415,0.3,0,22888
trackB,1804,south_germany,N,0,0.465,0.3,0,0
trackB,1804,naples,N,0,0.653,0.8,0,0
trackB,1804,spain_rest,C,0,0.747,1.0,0,0
trackB,1804,switzerland,C,0,0.354,0.2,0,0
trackB,1804,warsaw,N,0,0.344,0.3,0,0
trackB,1804,saxony,N,0,0.306,0.2,0,0
trackB,1805,old_france,A,3,0.011,0.0,45031,0
trackB,1805,d1_inner,A,2,0.14,0.05,17177,0
trackB,1805,parma,A,1,0.329,0.0,979,0
trackB,1805,tuscany,C,0,0.131,0.05,0,0
trackB,1805,valais,C,0,0.172,0.0,0,0
trackB,1805,berg,N,0,0.222,0.05,0,0
trackB,1805,westphalia,N,0,0.358,0.1,0,0
trackB,1805,west_rest,N,0,0.279,0.1,0,0
trackB,1805,holland,B,0,0.208,0.05,0,0
trackB,1805,hanseatic,N,0,0.128,0.05,0,0
trackB,1805,rome,N,0,0.355,0.05,0,0
trackB,1805,illyria,N,0,0.408,0.3,0,0
trackB,1805,catalonia,C,0,0.846,1.0,0,0
trackB,1805,spain_ebro,C,0,0.816,1.0,0,0
trackB,1805,north_italy,B,0,0.453,0.3,0,23816
trackB,1805,south_germany,C,0,0.503,0.3,0,0
trackB,1805,naples,N,0,0.718,0.8,0,0
trackB,1805,spain_rest,C,0,0.785,1.0,0,0
trackB,1805,switzerland,C,0,0.355,0.2,0,0
trackB,1805,warsaw,N,0,0.374,0.3,0,0
trackB,1805,saxony,N,0,0.308,0.2,0,0
trackB,1806,old_france,A,3,0.006,0.0,45011,0
trackB,1806,d1_inner,A,2,0.155,0.05,17514,0
trackB,1806,parma,A,1,0.325,0.0,969,0
trackB,1806,tuscany,C,0,0.151,0.05,0,0
trackB,1806,valais,C,0,0.169,0.0,0,0
trackB,1806,berg,B,0,0.279,0.05,0,0
trackB,1806,westphalia,N,0,0.375,0.1,0,0
trackB,1806,west_rest,C,0,0.29,0.1,0,0
trackB,1806,holland,B,0,0.24,0.05,0,0
trackB,1806,hanseatic,C,0,0.175,0.05,0,0
trackB,1806,rome,N,0,0.361,0.05,0,0
trackB,1806,illyria,N,0,0.441,0.3,0,0
trackB,1806,catalonia,C,0,0.869,1.0,0,0
trackB,1806,spain_ebro,C,0,0.843,1.0,0,0
trackB,1806,north_italy,B,0,0.503,0.3,0,25074
trackB,1806,south_germany,C,0,0.538,0.3,0,0
trackB,1806,naples,B,0,0.782,0.8,0,25644
trackB,1806,spain_rest,C,0,0.817,1.0,0,0
trackB,1806,switzerland,C,0,0.366,0.2,0,0
trackB,1806,warsaw,N,0,0.411,0.3,0,0
trackB,1806,saxony,C,0,0.325,0.2,0,0
trackB,1807,old_france,A,3,0.004,0.0,45004,0
trackB,1807,d1_inner,A,2,0.165,0.05,17734,0
trackB,1807,parma,A,1,0.318,0.0,954,0
trackB,1807,tuscany,C,0,0.164,0.05,0,0
trackB,1807,valais,C,0,0.167,0.0,0,0
trackB,1807,berg,B,0,0.313,0.05,0,0
trackB,1807,westphalia,B,0,0.387,0.1,0,11087
trackB,1807,west_rest,C,0,0.299,0.1,0,0
trackB,1807,holland,B,0,0.263,0.05,0,0
trackB,1807,hanseatic,C,0,0.209,0.05,0,0
trackB,1807,rome,N,0,0.366,0.05,0,0
trackB,1807,illyria,N,0,0.469,0.3,0,0
trackB,1807,catalonia,C,0,0.889,1.0,0,0
trackB,1807,spain_ebro,C,0,0.867,1.0,0,0
trackB,1807,north_italy,B,0,0.541,0.3,0,26018
trackB,1807,south_germany,C,0,0.564,0.3,0,0
trackB,1807,naples,B,0,0.83,0.8,0,26603
trackB,1807,spain_rest,C,0,0.845,1.0,0,0
trackB,1807,switzerland,C,0,0.374,0.2,0,0
trackB,1807,warsaw,B,0,0.439,0.3,0,7516
trackB,1807,saxony,C,0,0.337,0.2,0,0
trackB,1808,old_france,A,3,0.002,0.0,45001,0
trackB,1808,d1_inner,A,2,0.158,0.05,17576,0
trackB,1808,parma,A,1,0.309,0.0,933,0
trackB,1808,tuscany,C,0,0.161,0.05,0,0
trackB,1808,valais,C,0,0.166,0.0,0,0
trackB,1808,berg,B,0,0.303,0.05,0,0
trackB,1808,westphalia,B,0,0.389,0.1,0,11109
trackB,1808,west_rest,C,0,0.298,0.1,0,0
trackB,1808,holland,B,0,0.266,0.05,0,0
trackB,1808,hanseatic,C,0,0.213,0.05,0,0
trackB,1808,rome,C,0,0.368,0.05,0,0
trackB,1808,illyria,N,0,0.486,0.3,0,0
trackB,1808,catalonia,C,0,0.906,1.0,0,0
trackB,1808,spain_ebro,C,0,0.887,1.0,0,0
trackB,1808,north_italy,B,0,0.558,0.3,0,26445
trackB,1808,south_germany,C,0,0.581,0.3,0,0
trackB,1808,naples,B,0,0.859,0.8,0,27172
trackB,1808,spain_rest,C,0,0.868,1.0,0,0
trackB,1808,switzerland,C,0,0.377,0.2,0,0
trackB,1808,warsaw,B,0,0.453,0.3,0,7625
trackB,1808,saxony,C,0,0.339,0.2,0,0
trackB,1809,old_france,A,3,0.001,0.0,45001,0
trackB,1809,d1_inner,A,2,0.154,0.05,17484,0
trackB,1809,parma,A,1,0.299,0.0,913,0
trackB,1809,tuscany,C,0,0.16,0.05,0,0
trackB,1809,valais,C,0,0.165,0.0,0,0
trackB,1809,berg,B,0,0.298,0.05,0,0
trackB,1809,westphalia,B,0,0.39,0.1,0,11125
trackB,1809,west_rest,C,0,0.297,0.1,0,0
trackB,1809,holland,B,0,0.268,0.05,0,0
trackB,1809,hanseatic,C,0,0.216,0.05,0,0
trackB,1809,rome,C,0,0.37,0.05,0,0
trackB,1809,illyria,N,0,0.501,0.3,0,0
trackB,1809,catalonia,C,0,0.92,1.0,0,0
trackB,1809,spain_ebro,C,0,0.904,1.0,0,0
trackB,1809,north_italy,B,0,0.571,0.3,0,26765
trackB,1809,south_germany,C,0,0.593,0.3,0,0
trackB,1809,naples,B,0,0.88,0.8,0,27599
trackB,1809,spain_rest,C,0,0.888,1.0,0,0
trackB,1809,switzerland,C,0,0.38,0.2,0,0
trackB,1809,warsaw,B,0,0.463,0.3,0,7707
trackB,1809,saxony,C,0,0.34,0.2,0,0
trackB,1810,old_france,A,3,0.001,0.0,45000,0
trackB,1810,d1_inner,A,2,0.144,0.05,17252,0
trackB,1810,parma,A,1,0.289,0.0,893,0
trackB,1810,tuscany,C,0,0.153,0.05,0,0
trackB,1810,valais,A,1,0.177,0.0,853,0
trackB,1810,berg,B,0,0.274,0.05,0,0
trackB,1810,westphalia,B,0,0.386,0.1,0,11075
trackB,1810,west_rest,C,0,0.291,0.1,0,0
trackB,1810,holland,B,0,0.259,0.05,0,0
trackB,1810,hanseatic,C,0,0.203,0.05,0,0
trackB,1810,rome,C,0,0.37,0.05,0,0
trackB,1810,illyria,N,0,0.509,0.3,0,0
trackB,1810,catalonia,C,0,0.932,1.0,0,0
trackB,1810,spain_ebro,C,0,0.918,1.0,0,0
trackB,1810,north_italy,B,0,0.573,0.3,0,26817
trackB,1810,south_germany,C,0,0.599,0.3,0,0
trackB,1810,naples,B,0,0.891,0.8,0,27819
trackB,1810,spain_rest,C,0,0.905,1.0,0,0
trackB,1810,switzerland,C,0,0.379,0.2,0,0
trackB,1810,warsaw,B,0,0.466,0.3,0,7728
trackB,1810,saxony,C,0,0.336,0.2,0,0
trackB,1811,old_france,A,3,0.001,0.0,45000,0
trackB,1811,d1_inner,A,2,0.138,0.05,17121,0
trackB,1811,parma,A,2,0.28,0.0,875,0
trackB,1811,tuscany,C,0,0.148,0.05,0,0
trackB,1811,valais,A,1,0.17,0.0,851,0
trackB,1811,berg,B,0,0.26,0.05,0,0
trackB,1811,westphalia,B,0,0.383,0.1,0,11038
trackB,1811,west_rest,C,0,0.287,0.1,0,0
trackB,1811,holland,B,0,0.253,0.05,0,0
trackB,1811,hanseatic,C,0,0.193,0.05,0,0
trackB,1811,rome,C,0,0.369,0.05,0,0
trackB,1811,illyria,N,0,0.516,0.3,0,0
trackB,1811,catalonia,C,0,0.942,1.0,0,0
trackB,1811,spain_ebro,C,0,0.931,1.0,0,0
trackB,1811,north_italy,B,0,0.574,0.3,0,26857
trackB,1811,south_germany,C,0,0.604,0.3,0,0
trackB,1811,naples,B,0,0.899,0.8,0,27984
trackB,1811,spain_rest,C,0,0.919,1.0,0,0
trackB,1811,switzerland,C,0,0.378,0.2,0,0
trackB,1811,warsaw,B,0,0.468,0.3,0,7744
trackB,1811,saxony,C,0,0.333,0.2,0,0
trackB,1812,old_france,A,3,0.03,0.0,45241,0
trackB,1812,d1_inner,A,2,0.164,0.05,17716,0
trackB,1812,parma,A,2,0.302,0.0,919,0
trackB,1812,tuscany,C,0,0.176,0.05,0,0
trackB,1812,valais,A,2,0.186,0.0,857,0
trackB,1812,berg,B,0,0.282,0.05,0,0
trackB,1812,westphalia,B,0,0.411,0.1,0,11384
trackB,1812,west_rest,C,0,0.314,0.1,0,0
trackB,1812,holland,B,0,0.278,0.05,0,0
trackB,1812,hanseatic,C,0,0.216,0.05,0,0
trackB,1812,rome,C,0,0.399,0.05,0,0
trackB,1812,illyria,N,0,0.551,0.3,0,0
trackB,1812,catalonia,C,0,0.981,1.0,0,0
trackB,1812,spain_ebro,C,0,0.971,1.0,0,0
trackB,1812,north_italy,B,0,0.605,0.3,0,27636
trackB,1812,south_germany,C,0,0.638,0.3,0,0
trackB,1812,naples,B,0,0.935,0.8,0,28708
trackB,1812,spain_rest,C,0,0.961,1.0,0,0
trackB,1812,switzerland,C,0,0.408,0.2,0,0
trackB,1812,warsaw,B,0,0.499,0.3,0,7996
trackB,1812,saxony,C,0,0.361,0.2,0,0
trackB,1813,old_france,A,3,0.018,0.0,45087,0
trackB,1813,d1_inner,A,2,0.136,0.05,17081,0
trackB,1813,parma,A,2,0.287,0.0,888,0
trackB,1813,tuscany,C,0,0.148,0.05,0,0
trackB,1813,valais,A,2,0.159,0.0,847,0
trackB,1813,berg,B,0,0.265,0.05,0,0
trackB,1813,westphalia,B,0,0.393,0.1,0,11160
trackB,1813,west_rest,C,0,0.304,0.1,0,0
trackB,1813,holland,B,0,0.258,0.05,0,0
trackB,1813,hanseatic,C,0,0.194,0.05,0,0
trackB,1813,rome,C,0,0.39,0.05,0,0
trackB,1813,illyria,N,0,0.526,0.3,0,0
trackB,1813,catalonia,C,0,0.958,1.0,0,0
trackB,1813,spain_ebro,C,0,0.941,1.0,0,0
trackB,1813,north_italy,B,0,0.546,0.3,0,26159
trackB,1813,south_germany,C,0,0.581,0.3,0,0
trackB,1813,naples,B,0,0.845,0.8,0,26901
trackB,1813,spain_rest,C,0,0.937,1.0,0,0
trackB,1813,switzerland,C,0,0.397,0.2,0,0
trackB,1813,warsaw,B,0,0.449,0.3,0,7595
trackB,1813,saxony,C,0,0.343,0.2,0,0
trackB,1814,old_france,A,3,0.011,0.0,45031,0
trackB,1814,d1_inner,A,2,0.119,0.05,16758,0
trackB,1814,parma,A,2,0.275,0.0,864,0
trackB,1814,tuscany,C,0,0.132,0.05,0,0
trackB,1814,valais,A,3,0.138,0.0,840,0
trackB,1814,berg,B,0,0.254,0.05,0,0
trackB,1814,westphalia,B,0,0.379,0.1,0,10992
trackB,1814,west_rest,C,0,0.296,0.1,0,0
trackB,1814,holland,B,0,0.244,0.05,0,0
trackB,1814,hanseatic,C,0,0.178,0.05,0,0
trackB,1814,rome,C,0,0.381,0.05,0,0
trackB,1814,illyria,N,0,0.504,0.3,0,0
trackB,1814,catalonia,C,0,0.939,1.0,0,0
trackB,1814,spain_ebro,C,0,0.916,1.0,0,0
trackB,1814,north_italy,B,0,0.502,0.3,0,25050
trackB,1814,south_germany,C,0,0.538,0.3,0,0
trackB,1814,naples,B,0,0.777,0.8,0,25546
trackB,1814,spain_rest,C,0,0.916,1.0,0,0
trackB,1814,switzerland,C,0,0.389,0.2,0,0
trackB,1814,warsaw,B,0,0.412,0.3,0,7294
trackB,1814,saxony,C,0,0.329,0.2,0,0
trackB,1815,old_france,A,3,0.007,0.0,45011,0
trackB,1815,d1_inner,A,2,0.109,0.05,16584,0
trackB,1815,parma,A,2,0.265,0.0,846,0
trackB,1815,tuscany,C,0,0.122,0.05,0,0
trackB,1815,valais,A,3,0.121,0.0,835,0
trackB,1815,berg,B,0,0.248,0.05,0,0
trackB,1815,westphalia,B,0,0.369,0.1,0,10866
trackB,1815,west_rest,C,0,0.291,0.1,0,0
trackB,1815,holland,B,0,0.232,0.05,0,0
trackB,1815,hanseatic,C,0,0.166,0.05,0,0
trackB,1815,rome,C,0,0.374,0.05,0,0
trackB,1815,illyria,N,0,0.485,0.3,0,0
trackB,1815,catalonia,C,0,0.922,1.0,0,0
trackB,1815,spain_ebro,C,0,0.895,1.0,0,0
trackB,1815,north_italy,B,0,0.469,0.3,0,24219
trackB,1815,south_germany,C,0,0.506,0.3,0,0
trackB,1815,naples,B,0,0.726,0.8,0,24529
trackB,1815,spain_rest,C,0,0.899,1.0,0,0
trackB,1815,switzerland,C,0,0.381,0.2,0,0
trackB,1815,warsaw,B,0,0.384,0.3,0,7069
trackB,1815,saxony,C,0,0.319,0.2,0,0
trackB,1816,old_france,A,3,0.028,0.0,45205,0
trackB,1816,d1_inner,A,2,0.127,0.05,16909,0
trackB,1816,parma,A,2,0.282,0.0,878,0
trackB,1816,tuscany,C,0,0.14,0.05,0,0
trackB,1816,valais,A,3,0.133,0.0,839,0
trackB,1816,berg,B,0,0.269,0.05,0,0
trackB,1816,westphalia,B,0,0.386,0.1,0,11078
trackB,1816,west_rest,C,0,0.311,0.1,0,0
trackB,1816,holland,B,0,0.248,0.05,0,0
trackB,1816,hanseatic,C,0,0.18,0.05,0,0
trackB,1816,rome,C,0,0.392,0.05,0,0
trackB,1816,illyria,N,0,0.493,0.3,0,0
trackB,1816,catalonia,C,0,0.932,1.0,0,0
trackB,1816,spain_ebro,C,0,0.901,1.0,0,0
trackB,1816,north_italy,B,0,0.468,0.3,0,24208
trackB,1816,south_germany,C,0,0.505,0.3,0,0
trackB,1816,naples,B,0,0.713,0.8,0,24257
trackB,1816,spain_rest,C,0,0.908,1.0,0,0
trackB,1816,switzerland,C,0,0.399,0.2,0,0
trackB,1816,warsaw,B,0,0.387,0.3,0,7096
trackB,1816,saxony,C,0,0.336,0.2,0,0
trackB,1817,old_france,A,3,0.029,0.0,45217,0
trackB,1817,d1_inner,A,2,0.126,0.05,16900,0
trackB,1817,parma,A,2,0.283,0.0,880,0
trackB,1817,tuscany,C,0,0.139,0.05,0,0
trackB,1817,valais,A,3,0.127,0.0,837,0
trackB,1817,berg,B,0,0.271,0.05,0,0
trackB,1817,westphalia,B,0,0.387,0.1,0,11093
trackB,1817,west_rest,C,0,0.313,0.1,0,0
trackB,1817,holland,B,0,0.249,0.05,0,0
trackB,1817,hanseatic,C,0,0.18,0.05,0,0
trackB,1817,rome,C,0,0.395,0.05,0,0
trackB,1817,illyria,N,0,0.488,0.3,0,0
trackB,1817,catalonia,C,0,0.929,1.0,0,0
trackB,1817,spain_ebro,C,0,0.894,1.0,0,0
trackB,1817,north_italy,B,0,0.456,0.3,0,23912
trackB,1817,south_germany,C,0,0.493,0.3,0,0
trackB,1817,naples,B,0,0.691,0.8,0,23823
trackB,1817,spain_rest,C,0,0.903,1.0,0,0
trackB,1817,switzerland,C,0,0.402,0.2,0,0
trackB,1817,warsaw,B,0,0.378,0.3,0,7026
trackB,1817,saxony,C,0,0.336,0.2,0,0
trackB,1818,old_france,A,3,0.017,0.0,45078,0
trackB,1818,d1_inner,A,2,0.115,0.05,16686,0
trackB,1818,parma,A,2,0.272,0.0,859,0
trackB,1818,tuscany,C,0,0.126,0.05,0,0
trackB,1818,valais,A,3,0.11,0.0,832,0
trackB,1818,berg,B,0,0.26,0.05,0,0
trackB,1818,westphalia,B,0,0.377,0.1,0,10960
trackB,1818,west_rest,C,0,0.304,0.1,0,0
trackB,1818,holland,B,0,0.237,0.05,0,0
trackB,1818,hanseatic,C,0,0.167,0.05,0,0
trackB,1818,rome,C,0,0.386,0.05,0,0
trackB,1818,illyria,N,0,0.472,0.3,0,0
trackB,1818,catalonia,C,0,0.914,1.0,0,0
trackB,1818,spain_ebro,C,0,0.876,1.0,0,0
trackB,1818,north_italy,B,0,0.436,0.3,0,23403
trackB,1818,south_germany,C,0,0.472,0.3,0,0
trackB,1818,naples,B,0,0.663,0.8,0,23267
trackB,1818,spain_rest,C,0,0.888,1.0,0,0
trackB,1818,switzerland,C,0,0.392,0.2,0,0
trackB,1818,warsaw,B,0,0.36,0.3,0,6882
trackB,1818,saxony,C,0,0.324,0.2,0,0
trackB,1819,old_france,A,3,0.01,0.0,45028,0
trackB,1819,d1_inner,A,2,0.108,0.05,16575,0
trackB,1819,parma,A,2,0.264,0.0,844,0
trackB,1819,tuscany,C,0,0.118,0.05,0,0
trackB,1819,valais,A,3,0.099,0.0,830,0
trackB,1819,berg,B,0,0.255,0.05,0,0
trackB,1819,westphalia,B,0,0.369,0.1,0,10867
trackB,1819,west_rest,C,0,0.296,0.1,0,0
trackB,1819,holland,B,0,0.229,0.05,0,0
trackB,1819,hanseatic,C,0,0.157,0.05,0,0
trackB,1819,rome,C,0,0.378,0.05,0,0
trackB,1819,illyria,N,0,0.458,0.3,0,0
trackB,1819,catalonia,C,0,0.901,1.0,0,0
trackB,1819,spain_ebro,C,0,0.861,1.0,0,0
trackB,1819,north_italy,B,0,0.421,0.3,0,23033
trackB,1819,south_germany,C,0,0.456,0.3,0,0
trackB,1819,naples,B,0,0.643,0.8,0,22860
trackB,1819,spain_rest,C,0,0.874,1.0,0,0
trackB,1819,switzerland,C,0,0.384,0.2,0,0
trackB,1819,warsaw,B,0,0.347,0.3,0,6779
trackB,1819,saxony,C,0,0.315,0.2,0,0
trackB,1820,old_france,A,3,0.026,0.0,45180,0
trackB,1820,d1_inner,A,2,0.125,0.05,16864,0
trackB,1820,parma,A,2,0.279,0.0,873,0
trackB,1820,tuscany,C,0,0.134,0.05,0,0
trackB,1820,valais,A,3,0.112,0.0,833,0
trackB,1820,berg,B,0,0.273,0.05,0,0
trackB,1820,westphalia,B,0,0.384,0.1,0,11053
trackB,1820,west_rest,C,0,0.311,0.1,0,0
trackB,1820,holland,B,0,0.243,0.05,0,0
trackB,1820,hanseatic,C,0,0.17,0.05,0,0
trackB,1820,rome,C,0,0.392,0.05,0,0
trackB,1820,illyria,N,0,0.466,0.3,0,0
trackB,1820,catalonia,C,0,0.91,1.0,0,0
trackB,1820,spain_ebro,C,0,0.868,1.0,0,0
trackB,1820,north_italy,B,0,0.431,0.3,0,23269
trackB,1820,south_germany,C,0,0.465,0.3,0,0
trackB,1820,naples,B,0,0.648,0.8,0,22965
trackB,1820,spain_rest,C,0,0.883,1.0,0,0
trackB,1820,switzerland,C,0,0.398,0.2,0,0
trackB,1820,warsaw,B,0,0.358,0.3,0,6866
trackB,1820,saxony,C,0,0.329,0.2,0,0
trackB,1821,old_france,A,3,0.016,0.0,45065,0
trackB,1821,d1_inner,A,2,0.123,0.05,16834,0
trackB,1821,parma,A,2,0.281,0.0,877,0
trackB,1821,tuscany,C,0,0.139,0.05,0,0
trackB,1821,valais,A,3,0.116,0.0,834,0
trackB,1821,berg,B,0,0.28,0.05,0,0
trackB,1821,westphalia,B,0,0.386,0.1,0,11074
trackB,1821,west_rest,C,0,0.311,0.1,0,0
trackB,1821,holland,B,0,0.244,0.05,0,0
trackB,1821,hanseatic,C,0,0.17,0.05,0,0
trackB,1821,rome,C,0,0.389,0.05,0,0
trackB,1821,illyria,N,0,0.459,0.3,0,0
trackB,1821,catalonia,C,0,0.904,1.0,0,0
trackB,1821,spain_ebro,C,0,0.86,1.0,0,0
trackB,1821,north_italy,B,0,0.428,0.3,0,23208
trackB,1821,south_germany,C,0,0.461,0.3,0,0
trackB,1821,naples,B,0,0.643,0.8,0,22854
trackB,1821,spain_rest,C,0,0.876,1.0,0,0
trackB,1821,switzerland,C,0,0.395,0.2,0,0
trackB,1821,warsaw,B,0,0.357,0.3,0,6856
trackB,1821,saxony,C,0,0.329,0.2,0,0
trackB,1822,old_france,A,3,0.009,0.0,45023,0
trackB,1822,d1_inner,A,2,0.122,0.05,16825,0
trackB,1822,parma,A,2,0.283,0.0,881,0
trackB,1822,tuscany,C,0,0.142,0.05,0,0
trackB,1822,valais,A,3,0.118,0.0,834,0
trackB,1822,berg,B,0,0.285,0.05,0,0
trackB,1822,westphalia,B,0,0.388,0.1,0,11096
trackB,1822,west_rest,C,0,0.312,0.1,0,0
trackB,1822,holland,B,0,0.245,0.05,0,0
trackB,1822,hanseatic,C,0,0.17,0.05,0,0
trackB,1822,rome,C,0,0.387,0.05,0,0
trackB,1822,illyria,N,0,0.453,0.3,0,0
trackB,1822,catalonia,C,0,0.899,1.0,0,0
trackB,1822,spain_ebro,C,0,0.853,1.0,0,0
trackB,1822,north_italy,B,0,0.427,0.3,0,23175
trackB,1822,south_germany,C,0,0.458,0.3,0,0
trackB,1822,naples,B,0,0.639,0.8,0,22780
trackB,1822,spain_rest,C,0,0.871,1.0,0,0
trackB,1822,switzerland,C,0,0.392,0.2,0,0
trackB,1822,warsaw,B,0,0.357,0.3,0,6854
trackB,1822,saxony,C,0,0.329,0.2,0,0
trackB,1823,old_france,A,3,0.006,0.0,45008,0
trackB,1823,d1_inner,A,2,0.123,0.05,16828,0
trackB,1823,parma,A,2,0.286,0.0,886,0
trackB,1823,tuscany,C,0,0.144,0.05,0,0
trackB,1823,valais,A,3,0.12,0.0,835,0
trackB,1823,berg,B,0,0.289,0.05,0,0
trackB,1823,westphalia,B,0,0.39,0.1,0,11119
trackB,1823,west_rest,C,0,0.313,0.1,0,0
trackB,1823,holland,B,0,0.246,0.05,0,0
trackB,1823,hanseatic,C,0,0.17,0.05,0,0
trackB,1823,rome,C,0,0.385,0.05,0,0
trackB,1823,illyria,N,0,0.448,0.3,0,0
trackB,1823,catalonia,C,0,0.894,1.0,0,0
trackB,1823,spain_ebro,C,0,0.847,1.0,0,0
trackB,1823,north_italy,B,0,0.426,0.3,0,23162
trackB,1823,south_germany,C,0,0.456,0.3,0,0
trackB,1823,naples,B,0,0.637,0.8,0,22735
trackB,1823,spain_rest,C,0,0.866,1.0,0,0
trackB,1823,switzerland,C,0,0.39,0.2,0,0
trackB,1823,warsaw,B,0,0.357,0.3,0,6857
trackB,1823,saxony,C,0,0.329,0.2,0,0
trackB,1824,old_france,A,3,0.003,0.0,45003,0
trackB,1824,d1_inner,A,2,0.123,0.05,16839,0
trackB,1824,parma,A,2,0.288,0.0,891,0
trackB,1824,tuscany,C,0,0.145,0.05,0,0
trackB,1824,valais,A,3,0.121,0.0,835,0
trackB,1824,berg,B,0,0.292,0.05,0,0
trackB,1824,westphalia,B,0,0.391,0.1,0,11142
trackB,1824,west_rest,C,0,0.313,0.1,0,0
trackB,1824,holland,B,0,0.247,0.05,0,0
trackB,1824,hanseatic,C,0,0.169,0.05,0,0
trackB,1824,rome,C,0,0.383,0.05,0,0
trackB,1824,illyria,N,0,0.443,0.3,0,0
trackB,1824,catalonia,C,0,0.891,1.0,0,0
trackB,1824,spain_ebro,C,0,0.842,1.0,0,0
trackB,1824,north_italy,B,0,0.427,0.3,0,23165
trackB,1824,south_germany,C,0,0.454,0.3,0,0
trackB,1824,naples,B,0,0.636,0.8,0,22712
trackB,1824,spain_rest,C,0,0.862,1.0,0,0
trackB,1824,switzerland,C,0,0.389,0.2,0,0
trackB,1824,warsaw,B,0,0.358,0.3,0,6864
trackB,1824,saxony,C,0,0.329,0.2,0,0
trackB,1825,old_france,A,3,0.002,0.0,45001,0
trackB,1825,d1_inner,A,2,0.116,0.05,16711,0
trackB,1825,parma,A,2,0.281,0.0,877,0
trackB,1825,tuscany,C,0,0.13,0.05,0,0
trackB,1825,valais,A,3,0.106,0.0,831,0
trackB,1825,berg,B,0,0.279,0.05,0,0
trackB,1825,westphalia,B,0,0.383,0.1,0,11041
trackB,1825,west_rest,C,0,0.303,0.1,0,0
trackB,1825,holland,B,0,0.238,0.05,0,0
trackB,1825,hanseatic,C,0,0.159,0.05,0,0
trackB,1825,rome,C,0,0.376,0.05,0,0
trackB,1825,illyria,N,0,0.434,0.3,0,0
trackB,1825,catalonia,C,0,0.881,1.0,0,0
trackB,1825,spain_ebro,C,0,0.832,1.0,0,0
trackB,1825,north_italy,B,0,0.417,0.3,0,22930
trackB,1825,south_germany,C,0,0.443,0.3,0,0
trackB,1825,naples,B,0,0.625,0.8,0,22504
trackB,1825,spain_rest,C,0,0.853,1.0,0,0
trackB,1825,switzerland,C,0,0.381,0.2,0,0
trackB,1825,warsaw,B,0,0.349,0.3,0,6794
trackB,1825,saxony,C,0,0.319,0.2,0,0
trackB,1826,old_france,A,3,0.001,0.0,45000,0
trackB,1826,d1_inner,A,2,0.112,0.05,16645,0
trackB,1826,parma,A,2,0.277,0.0,868,0
trackB,1826,tuscany,C,0,0.121,0.05,0,0
trackB,1826,valais,A,3,0.097,0.0,829,0
trackB,1826,berg,B,0,0.272,0.05,0,0
trackB,1826,westphalia,B,0,0.378,0.1,0,10972
trackB,1826,west_rest,C,0,0.296,0.1,0,0
trackB,1826,holland,B,0,0.231,0.05,0,0
trackB,1826,hanseatic,C,0,0.152,0.05,0,0
trackB,1826,rome,C,0,0.37,0.05,0,0
trackB,1826,illyria,N,0,0.426,0.3,0,0
trackB,1826,catalonia,C,0,0.873,1.0,0,0
trackB,1826,spain_ebro,C,0,0.823,1.0,0,0
trackB,1826,north_italy,B,0,0.411,0.3,0,22766
trackB,1826,south_germany,C,0,0.434,0.3,0,0
trackB,1826,naples,B,0,0.618,0.8,0,22358
trackB,1826,spain_rest,C,0,0.845,1.0,0,0
trackB,1826,switzerland,C,0,0.375,0.2,0,0
trackB,1826,warsaw,B,0,0.343,0.3,0,6746
trackB,1826,saxony,C,0,0.311,0.2,0,0
trackB,1827,old_france,A,3,0.001,0.0,45000,0
trackB,1827,d1_inner,A,2,0.11,0.05,16615,0
trackB,1827,parma,A,2,0.274,0.0,863,0
trackB,1827,tuscany,C,0,0.115,0.05,0,0
trackB,1827,valais,A,3,0.092,0.0,828,0
trackB,1827,berg,B,0,0.268,0.05,0,0
trackB,1827,westphalia,B,0,0.374,0.1,0,10926
trackB,1827,west_rest,C,0,0.29,0.1,0,0
trackB,1827,holland,B,0,0.227,0.05,0,0
trackB,1827,hanseatic,C,0,0.146,0.05,0,0
trackB,1827,rome,C,0,0.364,0.05,0,0
trackB,1827,illyria,N,0,0.419,0.3,0,0
trackB,1827,catalonia,C,0,0.867,1.0,0,0
trackB,1827,spain_ebro,C,0,0.816,1.0,0,0
trackB,1827,north_italy,B,0,0.406,0.3,0,22656
trackB,1827,south_germany,C,0,0.428,0.3,0,0
trackB,1827,naples,B,0,0.613,0.8,0,22258
trackB,1827,spain_rest,C,0,0.838,1.0,0,0
trackB,1827,switzerland,C,0,0.37,0.2,0,0
trackB,1827,warsaw,B,0,0.339,0.3,0,6715
trackB,1827,saxony,C,0,0.306,0.2,0,0
trackB,1828,old_france,A,3,0.0,0.0,45000,0
trackB,1828,d1_inner,A,2,0.11,0.05,16605,0
trackB,1828,parma,A,2,0.273,0.0,861,0
trackB,1828,tuscany,C,0,0.112,0.05,0,0
trackB,1828,valais,A,3,0.089,0.0,828,0
trackB,1828,berg,B,0,0.267,0.05,0,0
trackB,1828,westphalia,B,0,0.372,0.1,0,10897
trackB,1828,west_rest,C,0,0.286,0.1,0,0
trackB,1828,holland,B,0,0.224,0.05,0,0
trackB,1828,hanseatic,C,0,0.142,0.05,0,0
trackB,1828,rome,C,0,0.36,0.05,0,0
trackB,1828,illyria,N,0,0.413,0.3,0,0
trackB,1828,catalonia,C,0,0.861,1.0,0,0
trackB,1828,spain_ebro,C,0,0.809,1.0,0,0
trackB,1828,north_italy,B,0,0.403,0.3,0,22586
trackB,1828,south_germany,C,0,0.423,0.3,0,0
trackB,1828,naples,B,0,0.61,0.8,0,22194
trackB,1828,spain_rest,C,0,0.832,1.0,0,0
trackB,1828,switzerland,C,0,0.365,0.2,0,0
trackB,1828,warsaw,B,0,0.337,0.3,0,6697
trackB,1828,saxony,C,0,0.302,0.2,0,0
trackB,1829,old_france,A,3,0.0,0.0,45000,0
trackB,1829,d1_inner,A,2,0.11,0.05,16607,0
trackB,1829,parma,A,2,0.273,0.0,861,0
trackB,1829,tuscany,C,0,0.11,0.05,0,0
trackB,1829,valais,A,3,0.087,0.0,827,0
trackB,1829,berg,B,0,0.267,0.05,0,0
trackB,1829,westphalia,B,0,0.371,0.1,0,10882
trackB,1829,west_rest,C,0,0.283,0.1,0,0
trackB,1829,holland,B,0,0.222,0.05,0,0
trackB,1829,hanseatic,C,0,0.139,0.05,0,0
trackB,1829,rome,C,0,0.356,0.05,0,0
trackB,1829,illyria,N,0,0.408,0.3,0,0
trackB,1829,catalonia,C,0,0.856,1.0,0,0
trackB,1829,spain_ebro,C,0,0.804,1.0,0,0
trackB,1829,north_italy,B,0,0.402,0.3,0,22546
trackB,1829,south_germany,C,0,0.42,0.3,0,0
trackB,1829,naples,B,0,0.608,0.8,0,22155
trackB,1829,spain_rest,C,0,0.827,1.0,0,0
trackB,1829,switzerland,C,0,0.361,0.2,0,0
trackB,1829,warsaw,B,0,0.336,0.3,0,6688
trackB,1829,saxony,C,0,0.298,0.2,0,0
trackB,1830,old_france,A,3,0.05,0.0,45660,0
trackB,1830,d1_inner,A,2,0.157,0.05,17547,0
trackB,1830,parma,A,2,0.317,0.0,951,0
trackB,1830,tuscany,C,0,0.159,0.05,0,0
trackB,1830,valais,A,3,0.132,0.0,838,0
trackB,1830,berg,B,0,0.312,0.05,0,0
trackB,1830,westphalia,B,0,0.416,0.1,0,11456
trackB,1830,west_rest,C,0,0.331,0.1,0,0
trackB,1830,holland,B,0,0.268,0.05,0,0
trackB,1830,hanseatic,C,0,0.186,0.05,0,0
trackB,1830,rome,C,0,0.403,0.05,0,0
trackB,1830,illyria,N,0,0.453,0.3,0,0
trackB,1830,catalonia,C,0,0.902,1.0,0,0
trackB,1830,spain_ebro,C,0,0.85,1.0,0,0
trackB,1830,north_italy,B,0,0.447,0.3,0,23684
trackB,1830,south_germany,C,0,0.467,0.3,0,0
trackB,1830,naples,B,0,0.653,0.8,0,23061
trackB,1830,spain_rest,C,0,0.873,1.0,0,0
trackB,1830,switzerland,C,0,0.408,0.2,0,0
trackB,1830,warsaw,B,0,0.381,0.3,0,7050
trackB,1830,saxony,C,0,0.346,0.2,0,0
trackB,1831,old_france,A,3,0.03,0.0,45238,0
trackB,1831,d1_inner,A,2,0.135,0.05,17073,0
trackB,1831,parma,A,2,0.3,0.0,915,0
trackB,1831,tuscany,C,0,0.138,0.05,0,0
trackB,1831,valais,A,3,0.108,0.0,832,0
trackB,1831,berg,B,0,0.289,0.05,0,0
trackB,1831,westphalia,B,0,0.401,0.1,0,11264
trackB,1831,west_rest,C,0,0.317,0.1,0,0
trackB,1831,holland,B,0,0.253,0.05,0,0
trackB,1831,hanseatic,C,0,0.172,0.05,0,0
trackB,1831,rome,C,0,0.392,0.05,0,0
trackB,1831,illyria,N,0,0.442,0.3,0,0
trackB,1831,catalonia,C,0,0.891,1.0,0,0
trackB,1831,spain_ebro,C,0,0.838,1.0,0,0
trackB,1831,north_italy,B,0,0.432,0.3,0,23294
trackB,1831,south_germany,C,0,0.452,0.3,0,0
trackB,1831,naples,B,0,0.637,0.8,0,22746
trackB,1831,spain_rest,C,0,0.862,1.0,0,0
trackB,1831,switzerland,C,0,0.397,0.2,0,0
trackB,1831,warsaw,B,0,0.365,0.3,0,6924
trackB,1831,saxony,C,0,0.332,0.2,0,0
trackB,1832,old_france,A,3,0.018,0.0,45086,0
trackB,1832,d1_inner,A,2,0.123,0.05,16827,0
trackB,1832,parma,A,2,0.288,0.0,890,0
trackB,1832,tuscany,C,0,0.126,0.05,0,0
trackB,1832,valais,A,3,0.094,0.0,829,0
trackB,1832,berg,B,0,0.276,0.05,0,0
trackB,1832,westphalia,B,0,0.39,0.1,0,11123
trackB,1832,west_rest,C,0,0.306,0.1,0,0
trackB,1832,holland,B,0,0.242,0.05,0,0
trackB,1832,hanseatic,C,0,0.161,0.05,0,0
trackB,1832,rome,C,0,0.384,0.05,0,0
trackB,1832,illyria,N,0,0.433,0.3,0,0
trackB,1832,catalonia,C,0,0.882,1.0,0,0
trackB,1832,spain_ebro,C,0,0.829,1.0,0,0
trackB,1832,north_italy,B,0,0.42,0.3,0,23008
trackB,1832,south_germany,C,0,0.442,0.3,0,0
trackB,1832,naples,B,0,0.626,0.8,0,22515
trackB,1832,spain_rest,C,0,0.852,1.0,0,0
trackB,1832,switzerland,C,0,0.389,0.2,0,0
trackB,1832,warsaw,B,0,0.354,0.3,0,6832
trackB,1832,saxony,C,0,0.321,0.2,0,0
trackB,1833,old_france,A,3,0.011,0.0,45031,0
trackB,1833,d1_inner,A,2,0.115,0.05,16696,0
trackB,1833,parma,A,2,0.279,0.0,873,0
trackB,1833,tuscany,C,0,0.118,0.05,0,0
trackB,1833,valais,A,3,0.086,0.0,827,0
trackB,1833,berg,B,0,0.268,0.05,0,0
trackB,1833,westphalia,B,0,0.382,0.1,0,11020
trackB,1833,west_rest,C,0,0.298,0.1,0,0
trackB,1833,holland,B,0,0.234,0.05,0,0
trackB,1833,hanseatic,C,0,0.153,0.05,0,0
trackB,1833,rome,C,0,0.376,0.05,0,0
trackB,1833,illyria,N,0,0.425,0.3,0,0
trackB,1833,catalonia,C,0,0.874,1.0,0,0
trackB,1833,spain_ebro,C,0,0.82,1.0,0,0
trackB,1833,north_italy,B,0,0.412,0.3,0,22800
trackB,1833,south_germany,C,0,0.433,0.3,0,0
trackB,1833,naples,B,0,0.617,0.8,0,22346
trackB,1833,spain_rest,C,0,0.844,1.0,0,0
trackB,1833,switzerland,C,0,0.381,0.2,0,0
trackB,1833,warsaw,B,0,0.346,0.3,0,6765
trackB,1833,saxony,C,0,0.313,0.2,0,0
trackB,1834,old_france,A,3,0.007,0.0,45011,0
trackB,1834,d1_inner,A,2,0.111,0.05,16624,0
trackB,1834,parma,A,2,0.273,0.0,861,0
trackB,1834,tuscany,C,0,0.114,0.05,0,0
trackB,1834,valais,A,3,0.081,0.0,826,0
trackB,1834,berg,B,0,0.264,0.05,0,0
trackB,1834,westphalia,B,0,0.376,0.1,0,10946
trackB,1834,west_rest,C,0,0.292,0.1,0,0
trackB,1834,holland,B,0,0.228,0.05,0,0
trackB,1834,hanseatic,C,0,0.147,0.05,0,0
trackB,1834,rome,C,0,0.37,0.05,0,0
trackB,1834,illyria,N,0,0.418,0.3,0,0
trackB,1834,catalonia,C,0,0.867,1.0,0,0
trackB,1834,spain_ebro,C,0,0.813,1.0,0,0
trackB,1834,north_italy,B,0,0.406,0.3,0,22650
trackB,1834,south_germany,C,0,0.427,0.3,0,0
trackB,1834,naples,B,0,0.611,0.8,0,22224
trackB,1834,spain_rest,C,0,0.838,1.0,0,0
trackB,1834,switzerland,C,0,0.375,0.2,0,0
trackB,1834,warsaw,B,0,0.34,0.3,0,6717
trackB,1834,saxony,C,0,0.307,0.2,0,0
trackB,1835,old_france,A,3,0.004,0.0,45004,0
trackB,1835,d1_inner,A,2,0.109,0.05,16587,0
trackB,1835,parma,A,2,0.269,0.0,853,0
trackB,1835,tuscany,C,0,0.111,0.05,0,0
trackB,1835,valais,A,3,0.079,0.0,826,0
trackB,1835,berg,B,0,0.262,0.05,0,0
trackB,1835,westphalia,B,0,0.372,0.1,0,10894
trackB,1835,west_rest,C,0,0.288,0.1,0,0
trackB,1835,holland,B,0,0.224,0.05,0,0
trackB,1835,hanseatic,C,0,0.143,0.05,0,0
trackB,1835,rome,C,0,0.364,0.05,0,0
trackB,1835,illyria,N,0,0.412,0.3,0,0
trackB,1835,catalonia,C,0,0.861,1.0,0,0
trackB,1835,spain_ebro,C,0,0.808,1.0,0,0
trackB,1835,north_italy,B,0,0.402,0.3,0,22544
trackB,1835,south_germany,C,0,0.423,0.3,0,0
trackB,1835,naples,B,0,0.607,0.8,0,22138
trackB,1835,spain_rest,C,0,0.832,1.0,0,0
trackB,1835,switzerland,C,0,0.37,0.2,0,0
trackB,1835,warsaw,B,0,0.335,0.3,0,6684
trackB,1835,saxony,C,0,0.303,0.2,0,0
trackB,1836,old_france,A,3,0.002,0.0,45001,0
trackB,1836,d1_inner,A,2,0.108,0.05,16569,0
trackB,1836,parma,A,2,0.266,0.0,848,0
trackB,1836,tuscany,C,0,0.109,0.05,0,0
trackB,1836,valais,A,3,0.077,0.0,826,0
trackB,1836,berg,B,0,0.261,0.05,0,0
trackB,1836,westphalia,B,0,0.369,0.1,0,10858
trackB,1836,west_rest,C,0,0.284,0.1,0,0
trackB,1836,holland,B,0,0.221,0.05,0,0
trackB,1836,hanseatic,C,0,0.139,0.05,0,0
trackB,1836,rome,C,0,0.36,0.05,0,0
trackB,1836,illyria,N,0,0.407,0.3,0,0
trackB,1836,catalonia,C,0,0.857,1.0,0,0
trackB,1836,spain_ebro,C,0,0.803,1.0,0,0
trackB,1836,north_italy,B,0,0.399,0.3,0,22470
trackB,1836,south_germany,C,0,0.419,0.3,0,0
trackB,1836,naples,B,0,0.604,0.8,0,22079
trackB,1836,spain_rest,C,0,0.827,1.0,0,0
trackB,1836,switzerland,C,0,0.365,0.2,0,0
trackB,1836,warsaw,B,0,0.333,0.3,0,6661
trackB,1836,saxony,C,0,0.299,0.2,0,0
trackB,1837,old_france,A,3,0.001,0.0,45001,0
trackB,1837,d1_inner,A,2,0.107,0.05,16562,0
trackB,1837,parma,A,2,0.265,0.0,846,0
trackB,1837,tuscany,C,0,0.108,0.05,0,0
trackB,1837,valais,A,3,0.076,0.0,825,0
trackB,1837,berg,B,0,0.261,0.05,0,0
trackB,1837,westphalia,B,0,0.367,0.1,0,10834
trackB,1837,west_rest,C,0,0.282,0.1,0,0
trackB,1837,holland,B,0,0.219,0.05,0,0
trackB,1837,hanseatic,C,0,0.137,0.05,0,0
trackB,1837,rome,C,0,0.356,0.05,0,0
trackB,1837,illyria,N,0,0.403,0.3,0,0
trackB,1837,catalonia,C,0,0.852,1.0,0,0
trackB,1837,spain_ebro,C,0,0.798,1.0,0,0
trackB,1837,north_italy,B,0,0.397,0.3,0,22421
trackB,1837,south_germany,C,0,0.417,0.3,0,0
trackB,1837,naples,B,0,0.602,0.8,0,22039
trackB,1837,spain_rest,C,0,0.823,1.0,0,0
trackB,1837,switzerland,C,0,0.361,0.2,0,0
trackB,1837,warsaw,B,0,0.331,0.3,0,6647
trackB,1837,saxony,C,0,0.297,0.2,0,0
trackB,1838,old_france,A,3,0.001,0.0,45000,0
trackB,1838,d1_inner,A,2,0.107,0.05,16561,0
trackB,1838,parma,A,2,0.264,0.0,844,0
trackB,1838,tuscany,C,0,0.108,0.05,0,0
trackB,1838,valais,A,3,0.076,0.0,825,0
trackB,1838,berg,B,0,0.261,0.05,0,0
trackB,1838,westphalia,B,0,0.366,0.1,0,10819
trackB,1838,west_rest,C,0,0.28,0.1,0,0
trackB,1838,holland,B,0,0.217,0.05,0,0
trackB,1838,hanseatic,C,0,0.135,0.05,0,0
trackB,1838,rome,C,0,0.353,0.05,0,0
trackB,1838,illyria,N,0,0.399,0.3,0,0
trackB,1838,catalonia,C,0,0.849,1.0,0,0
trackB,1838,spain_ebro,C,0,0.795,1.0,0,0
trackB,1838,north_italy,B,0,0.396,0.3,0,22391
trackB,1838,south_germany,C,0,0.415,0.3,0,0
trackB,1838,naples,B,0,0.601,0.8,0,22014
trackB,1838,spain_rest,C,0,0.819,1.0,0,0
trackB,1838,switzerland,C,0,0.358,0.2,0,0
trackB,1838,warsaw,B,0,0.33,0.3,0,6638
trackB,1838,saxony,C,0,0.295,0.2,0,0
trackB,1839,old_france,A,3,0.001,0.0,45000,0
trackB,1839,d1_inner,A,2,0.107,0.05,16565,0
trackB,1839,parma,A,2,0.264,0.0,844,0
trackB,1839,tuscany,C,0,0.108,0.05,0,0
trackB,1839,valais,A,3,0.076,0.0,825,0
trackB,1839,berg,B,0,0.262,0.05,0,0
trackB,1839,westphalia,B,0,0.365,0.1,0,10811
trackB,1839,west_rest,C,0,0.278,0.1,0,0
trackB,1839,holland,B,0,0.216,0.05,0,0
trackB,1839,hanseatic,C,0,0.133,0.05,0,0
trackB,1839,rome,C,0,0.35,0.05,0,0
trackB,1839,illyria,N,0,0.396,0.3,0,0
trackB,1839,catalonia,C,0,0.846,1.0,0,0
trackB,1839,spain_ebro,C,0,0.792,1.0,0,0
trackB,1839,north_italy,B,0,0.395,0.3,0,22375
trackB,1839,south_germany,C,0,0.413,0.3,0,0
trackB,1839,naples,B,0,0.6,0.8,0,22001
trackB,1839,spain_rest,C,0,0.816,1.0,0,0
trackB,1839,switzerland,C,0,0.355,0.2,0,0
trackB,1839,warsaw,B,0,0.329,0.3,0,6634
trackB,1839,saxony,C,0,0.293,0.2,0,0
trackB,1840,old_france,A,3,0.0,0.0,45000,0
trackB,1840,d1_inner,A,2,0.108,0.05,16571,0
trackB,1840,parma,A,2,0.265,0.0,845,0
trackB,1840,tuscany,C,0,0.107,0.05,0,0
trackB,1840,valais,A,3,0.076,0.0,825,0
trackB,1840,berg,B,0,0.263,0.05,0,0
trackB,1840,westphalia,B,0,0.365,0.1,0,10809
trackB,1840,west_rest,C,0,0.277,0.1,0,0
trackB,1840,holland,B,0,0.216,0.05,0,0
trackB,1840,hanseatic,C,0,0.132,0.05,0,0
trackB,1840,rome,C,0,0.348,0.05,0,0
trackB,1840,illyria,N,0,0.394,0.3,0,0
trackB,1840,catalonia,C,0,0.843,1.0,0,0
trackB,1840,spain_ebro,C,0,0.789,1.0,0,0
trackB,1840,north_italy,B,0,0.395,0.3,0,22368
trackB,1840,south_germany,C,0,0.412,0.3,0,0
trackB,1840,naples,B,0,0.6,0.8,0,21996
trackB,1840,spain_rest,C,0,0.814,1.0,0,0
trackB,1840,switzerland,C,0,0.353,0.2,0,0
trackB,1840,warsaw,B,0,0.329,0.3,0,6634
trackB,1840,saxony,C,0,0.292,0.2,0,0
trackB,1841,old_france,A,3,0.0,0.0,45000,0
trackB,1841,d1_inner,A,2,0.108,0.05,16579,0
trackB,1841,parma,A,2,0.266,0.0,847,0
trackB,1841,tuscany,C,0,0.107,0.05,0,0
trackB,1841,valais,A,3,0.077,0.0,825,0
trackB,1841,berg,B,0,0.264,0.05,0,0
trackB,1841,westphalia,B,0,0.365,0.1,0,10810
trackB,1841,west_rest,C,0,0.276,0.1,0,0
trackB,1841,holland,B,0,0.215,0.05,0,0
trackB,1841,hanseatic,C,0,0.131,0.05,0,0
trackB,1841,rome,C,0,0.345,0.05,0,0
trackB,1841,illyria,N,0,0.391,0.3,0,0
trackB,1841,catalonia,C,0,0.841,1.0,0,0
trackB,1841,spain_ebro,C,0,0.787,1.0,0,0
trackB,1841,north_italy,B,0,0.395,0.3,0,22370
trackB,1841,south_germany,C,0,0.411,0.3,0,0
trackB,1841,naples,B,0,0.6,0.8,0,21997
trackB,1841,spain_rest,C,0,0.811,1.0,0,0
trackB,1841,switzerland,C,0,0.351,0.2,0,0
trackB,1841,warsaw,B,0,0.329,0.3,0,6636
trackB,1841,saxony,C,0,0.291,0.2,0,0
trackB,1842,old_france,A,3,0.0,0.0,45000,0
trackB,1842,d1_inner,A,2,0.109,0.05,16587,0
trackB,1842,parma,A,2,0.267,0.0,849,0
trackB,1842,tuscany,C,0,0.107,0.05,0,0
trackB,1842,valais,A,3,0.077,0.0,826,0
trackB,1842,berg,B,0,0.265,0.05,0,0
trackB,1842,westphalia,B,0,0.365,0.1,0,10813
trackB,1842,west_rest,C,0,0.276,0.1,0,0
trackB,1842,holland,B,0,0.215,0.05,0,0
trackB,1842,hanseatic,C,0,0.131,0.05,0,0
trackB,1842,rome,C,0,0.344,0.05,0,0
trackB,1842,illyria,N,0,0.39,0.3,0,0
trackB,1842,catalonia,C,0,0.839,1.0,0,0
trackB,1842,spain_ebro,C,0,0.785,1.0,0,0
trackB,1842,north_italy,B,0,0.395,0.3,0,22378
trackB,1842,south_germany,C,0,0.411,0.3,0,0
trackB,1842,naples,B,0,0.6,0.8,0,22002
trackB,1842,spain_rest,C,0,0.809,1.0,0,0
trackB,1842,switzerland,C,0,0.349,0.2,0,0
trackB,1842,warsaw,B,0,0.33,0.3,0,6640
trackB,1842,saxony,C,0,0.291,0.2,0,0
trackB,1843,old_france,A,3,0.0,0.0,45000,0
trackB,1843,d1_inner,A,2,0.109,0.05,16596,0
trackB,1843,parma,A,2,0.268,0.0,852,0
trackB,1843,tuscany,C,0,0.107,0.05,0,0
trackB,1843,valais,A,3,0.077,0.0,826,0
trackB,1843,berg,B,0,0.266,0.05,0,0
trackB,1843,westphalia,B,0,0.366,0.1,0,10819
trackB,1843,west_rest,C,0,0.275,0.1,0,0
trackB,1843,holland,B,0,0.215,0.05,0,0
trackB,1843,hanseatic,C,0,0.13,0.05,0,0
trackB,1843,rome,C,0,0.342,0.05,0,0
trackB,1843,illyria,N,0,0.388,0.3,0,0
trackB,1843,catalonia,C,0,0.838,1.0,0,0
trackB,1843,spain_ebro,C,0,0.783,1.0,0,0
trackB,1843,north_italy,B,0,0.396,0.3,0,22389
trackB,1843,south_germany,C,0,0.41,0.3,0,0
trackB,1843,naples,B,0,0.601,0.8,0,22012
trackB,1843,spain_rest,C,0,0.808,1.0,0,0
trackB,1843,switzerland,C,0,0.347,0.2,0,0
trackB,1843,warsaw,B,0,0.331,0.3,0,6645
trackB,1843,saxony,C,0,0.29,0.2,0,0
trackB,1844,old_france,A,3,0.0,0.0,45000,0
trackB,1844,d1_inner,A,2,0.11,0.05,16605,0
trackB,1844,parma,A,2,0.27,0.0,854,0
trackB,1844,tuscany,C,0,0.107,0.05,0,0
trackB,1844,valais,A,3,0.078,0.0,826,0
trackB,1844,berg,B,0,0.267,0.05,0,0
trackB,1844,westphalia,B,0,0.366,0.1,0,10827
trackB,1844,west_rest,C,0,0.275,0.1,0,0
trackB,1844,holland,B,0,0.216,0.05,0,0
trackB,1844,hanseatic,C,0,0.13,0.05,0,0
trackB,1844,rome,C,0,0.341,0.05,0,0
trackB,1844,illyria,N,0,0.387,0.3,0,0
trackB,1844,catalonia,C,0,0.837,1.0,0,0
trackB,1844,spain_ebro,C,0,0.782,1.0,0,0
trackB,1844,north_italy,B,0,0.396,0.3,0,22405
trackB,1844,south_germany,C,0,0.41,0.3,0,0
trackB,1844,naples,B,0,0.601,0.8,0,22024
trackB,1844,spain_rest,C,0,0.807,1.0,0,0
trackB,1844,switzerland,C,0,0.346,0.2,0,0
trackB,1844,warsaw,B,0,0.331,0.3,0,6651
trackB,1844,saxony,C,0,0.29,0.2,0,0
trackB,1845,old_france,A,3,0.0,0.0,45000,0
trackB,1845,d1_inner,A,2,0.11,0.05,16615,0
trackB,1845,parma,A,2,0.271,0.0,858,0
trackB,1845,tuscany,C,0,0.107,0.05,0,0
trackB,1845,valais,A,3,0.078,0.0,826,0
trackB,1845,berg,B,0,0.268,0.05,0,0
trackB,1845,westphalia,B,0,0.367,0.1,0,10836
trackB,1845,west_rest,C,0,0.275,0.1,0,0
trackB,1845,holland,B,0,0.216,0.05,0,0
trackB,1845,hanseatic,C,0,0.13,0.05,0,0
trackB,1845,rome,C,0,0.34,0.05,0,0
trackB,1845,illyria,N,0,0.385,0.3,0,0
trackB,1845,catalonia,C,0,0.835,1.0,0,0
trackB,1845,spain_ebro,C,0,0.781,1.0,0,0
trackB,1845,north_italy,B,0,0.397,0.3,0,22422
trackB,1845,south_germany,C,0,0.41,0.3,0,0
trackB,1845,naples,B,0,0.602,0.8,0,22038
trackB,1845,spain_rest,C,0,0.805,1.0,0,0
trackB,1845,switzerland,C,0,0.345,0.2,0,0
trackB,1845,warsaw,B,0,0.332,0.3,0,6658
trackB,1845,saxony,C,0,0.29,0.2,0,0
trackB,1846,old_france,A,3,0.0,0.0,45000,0
trackB,1846,d1_inner,A,2,0.111,0.05,16625,0
trackB,1846,parma,A,2,0.273,0.0,861,0
trackB,1846,tuscany,C,0,0.107,0.05,0,0
trackB,1846,valais,A,3,0.078,0.0,826,0
trackB,1846,berg,B,0,0.269,0.05,0,0
trackB,1846,westphalia,B,0,0.368,0.1,0,10846
trackB,1846,west_rest,C,0,0.275,0.1,0,0
trackB,1846,holland,B,0,0.216,0.05,0,0
trackB,1846,hanseatic,C,0,0.13,0.05,0,0
trackB,1846,rome,C,0,0.339,0.05,0,0
trackB,1846,illyria,N,0,0.385,0.3,0,0
trackB,1846,catalonia,C,0,0.834,1.0,0,0
trackB,1846,spain_ebro,C,0,0.78,1.0,0,0
trackB,1846,north_italy,B,0,0.398,0.3,0,22442
trackB,1846,south_germany,C,0,0.41,0.3,0,0
trackB,1846,naples,B,0,0.603,0.8,0,22053
trackB,1846,spain_rest,C,0,0.804,1.0,0,0
trackB,1846,switzerland,C,0,0.344,0.2,0,0
trackB,1846,warsaw,B,0,0.333,0.3,0,6666
trackB,1846,saxony,C,0,0.29,0.2,0,0
trackB,1847,old_france,A,3,0.0,0.0,45000,0
trackB,1847,d1_inner,A,2,0.112,0.05,16635,0
trackB,1847,parma,A,2,0.275,0.0,864,0
trackB,1847,tuscany,C,0,0.107,0.05,0,0
trackB,1847,valais,A,3,0.079,0.0,826,0
trackB,1847,berg,B,0,0.27,0.05,0,0
trackB,1847,westphalia,B,0,0.368,0.1,0,10856
trackB,1847,west_rest,C,0,0.274,0.1,0,0
trackB,1847,holland,B,0,0.217,0.05,0,0
trackB,1847,hanseatic,C,0,0.129,0.05,0,0
trackB,1847,rome,C,0,0.338,0.05,0,0
trackB,1847,illyria,N,0,0.384,0.3,0,0
trackB,1847,catalonia,C,0,0.834,1.0,0,0
trackB,1847,spain_ebro,C,0,0.779,1.0,0,0
trackB,1847,north_italy,B,0,0.398,0.3,0,22462
trackB,1847,south_germany,C,0,0.409,0.3,0,0
trackB,1847,naples,B,0,0.604,0.8,0,22070
trackB,1847,spain_rest,C,0,0.804,1.0,0,0
trackB,1847,switzerland,C,0,0.343,0.2,0,0
trackB,1847,warsaw,B,0,0.334,0.3,0,6674
trackB,1847,saxony,C,0,0.289,0.2,0,0
trackB,1848,old_france,A,3,0.07,0.0,46286,0
trackB,1848,d1_inner,A,2,0.182,0.05,18192,0
trackB,1848,parma,A,2,0.347,0.0,1020,0
trackB,1848,tuscany,C,0,0.177,0.05,0,0
trackB,1848,valais,A,3,0.149,0.0,844,0
trackB,1848,berg,B,0,0.341,0.05,0,0
trackB,1848,westphalia,B,0,0.439,0.1,0,11742
trackB,1848,west_rest,C,0,0.344,0.1,0,0
trackB,1848,holland,B,0,0.287,0.05,0,0
trackB,1848,hanseatic,C,0,0.199,0.05,0,0
trackB,1848,rome,C,0,0.408,0.05,0,0
trackB,1848,illyria,N,0,0.453,0.3,0,0
trackB,1848,catalonia,C,0,0.903,1.0,0,0
trackB,1848,spain_ebro,C,0,0.848,1.0,0,0
trackB,1848,north_italy,B,0,0.469,0.3,0,24234
trackB,1848,south_germany,C,0,0.479,0.3,0,0
trackB,1848,naples,B,0,0.674,0.8,0,23488
trackB,1848,spain_rest,C,0,0.873,1.0,0,0
trackB,1848,switzerland,C,0,0.413,0.2,0,0
trackB,1848,warsaw,B,0,0.405,0.3,0,7243
trackB,1848,saxony,C,0,0.359,0.2,0,0
trackC,1803,old_france,A,3,0.03,0.0,45236,0
trackC,1803,d1_inner,A,2,0.179,0.05,18114,0
trackC,1803,parma,B,0,0.341,0.0,0,0
trackC,1803,tuscany,C,0,0.126,0.05,0,0
trackC,1803,valais,C,0,0.186,0.0,0,0
trackC,1803,berg,N,0,0.236,0.05,0,0
trackC,1803,westphalia,N,0,0.353,0.1,0,0
trackC,1803,west_rest,N,0,0.291,0.1,0,0
trackC,1803,holland,B,0,0.204,0.05,0,0
trackC,1803,hanseatic,N,0,0.123,0.05,0,0
trackC,1803,rome,N,0,0.352,0.05,0,0
trackC,1803,illyria,N,0,0.357,0.3,0,0
trackC,1803,catalonia,C,0,0.787,1.0,0,0
trackC,1803,spain_ebro,C,0,0.745,1.0,0,0
trackC,1803,north_italy,B,0,0.366,0.3,0,21650
trackC,1803,south_germany,N,0,0.416,0.3,0,0
trackC,1803,naples,N,0,0.566,0.8,0,0
trackC,1803,spain_rest,C,0,0.703,1.0,0,0
trackC,1803,switzerland,C,0,0.352,0.2,0,0
trackC,1803,warsaw,N,0,0.303,0.3,0,0
trackC,1803,saxony,N,0,0.303,0.2,0,0
trackC,1804,old_france,A,3,0.018,0.0,45085,0
trackC,1804,d1_inner,A,2,0.155,0.05,17501,0
trackC,1804,parma,B,0,0.334,0.0,0,0
trackC,1804,tuscany,C,0,0.129,0.05,0,0
trackC,1804,valais,C,0,0.177,0.0,0,0
trackC,1804,berg,N,0,0.227,0.05,0,0
trackC,1804,westphalia,N,0,0.356,0.1,0,0
trackC,1804,west_rest,N,0,0.284,0.1,0,0
trackC,1804,holland,B,0,0.206,0.05,0,0
trackC,1804,hanseatic,N,0,0.126,0.05,0,0
trackC,1804,rome,N,0,0.354,0.05,0,0
trackC,1804,illyria,N,0,0.384,0.3,0,0
trackC,1804,catalonia,C,0,0.819,1.0,0,0
trackC,1804,spain_ebro,C,0,0.783,1.0,0,0
trackC,1804,north_italy,B,0,0.415,0.3,0,22888
trackC,1804,south_germany,N,0,0.465,0.3,0,0
trackC,1804,naples,N,0,0.653,0.8,0,0
trackC,1804,spain_rest,C,0,0.747,1.0,0,0
trackC,1804,switzerland,C,0,0.354,0.2,0,0
trackC,1804,warsaw,N,0,0.344,0.3,0,0
trackC,1804,saxony,N,0,0.306,0.2,0,0
trackC,1805,old_france,A,3,0.011,0.0,45031,0
trackC,1805,d1_inner,A,2,0.14,0.05,17177,0
trackC,1805,parma,A,1,0.329,0.0,979,0
trackC,1805,tuscany,C,0,0.131,0.05,0,0
trackC,1805,valais,C,0,0.172,0.0,0,0
trackC,1805,berg,N,0,0.222,0.05,0,0
trackC,1805,westphalia,N,0,0.358,0.1,0,0
trackC,1805,west_rest,N,0,0.279,0.1,0,0
trackC,1805,holland,B,0,0.208,0.05,0,0
trackC,1805,hanseatic,N,0,0.128,0.05,0,0
trackC,1805,rome,N,0,0.355,0.05,0,0
trackC,1805,illyria,N,0,0.408,0.3,0,0
trackC,1805,catalonia,C,0,0.846,1.0,0,0
trackC,1805,spain_ebro,C,0,0.816,1.0,0,0
trackC,1805,north_italy,B,0,0.453,0.3,0,23816
trackC,1805,south_germany,C,0,0.503,0.3,0,0
trackC,1805,naples,N,0,0.718,0.8,0,0
trackC,1805,spain_rest,C,0,0.785,1.0,0,0
trackC,1805,switzerland,C,0,0.355,0.2,0,0
trackC,1805,warsaw,N,0,0.374,0.3,0,0
trackC,1805,saxony,N,0,0.308,0.2,0,0
trackC,1806,old_france,A,3,0.006,0.0,45011,0
trackC,1806,d1_inner,A,2,0.155,0.05,17514,0
trackC,1806,parma,A,1,0.325,0.0,969,0
trackC,1806,tuscany,C,0,0.151,0.05,0,0
trackC,1806,valais,C,0,0.169,0.0,0,0
trackC,1806,berg,B,0,0.279,0.05,0,0
trackC,1806,westphalia,N,0,0.375,0.1,0,0
trackC,1806,west_rest,C,0,0.29,0.1,0,0
trackC,1806,holland,B,0,0.24,0.05,0,0
trackC,1806,hanseatic,C,0,0.175,0.05,0,0
trackC,1806,rome,N,0,0.361,0.05,0,0
trackC,1806,illyria,N,0,0.441,0.3,0,0
trackC,1806,catalonia,C,0,0.869,1.0,0,0
trackC,1806,spain_ebro,C,0,0.843,1.0,0,0
trackC,1806,north_italy,B,0,0.503,0.3,0,25074
trackC,1806,south_germany,C,0,0.538,0.3,0,0
trackC,1806,naples,B,0,0.782,0.8,0,25644
trackC,1806,spain_rest,C,0,0.817,1.0,0,0
trackC,1806,switzerland,C,0,0.366,0.2,0,0
trackC,1806,warsaw,N,0,0.411,0.3,0,0
trackC,1806,saxony,C,0,0.325,0.2,0,0
trackC,1807,old_france,A,3,0.004,0.0,45004,0
trackC,1807,d1_inner,A,2,0.165,0.05,17734,0
trackC,1807,parma,A,1,0.318,0.0,954,0
trackC,1807,tuscany,C,0,0.164,0.05,0,0
trackC,1807,valais,C,0,0.167,0.0,0,0
trackC,1807,berg,B,0,0.313,0.05,0,0
trackC,1807,westphalia,B,0,0.387,0.1,0,11087
trackC,1807,west_rest,C,0,0.299,0.1,0,0
trackC,1807,holland,B,0,0.263,0.05,0,0
trackC,1807,hanseatic,C,0,0.209,0.05,0,0
trackC,1807,rome,N,0,0.366,0.05,0,0
trackC,1807,illyria,N,0,0.469,0.3,0,0
trackC,1807,catalonia,C,0,0.889,1.0,0,0
trackC,1807,spain_ebro,C,0,0.867,1.0,0,0
trackC,1807,north_italy,B,0,0.541,0.3,0,26018
trackC,1807,south_germany,C,0,0.564,0.3,0,0
trackC,1807,naples,B,0,0.83,0.8,0,26603
trackC,1807,spain_rest,C,0,0.845,1.0,0,0
trackC,1807,switzerland,C,0,0.374,0.2,0,0
trackC,1807,warsaw,B,0,0.439,0.3,0,7516
trackC,1807,saxony,C,0,0.337,0.2,0,0
trackC,1808,old_france,A,3,0.002,0.0,45001,0
trackC,1808,d1_inner,A,2,0.158,0.05,17576,0
trackC,1808,parma,A,1,0.309,0.0,933,0
trackC,1808,tuscany,C,0,0.161,0.05,0,0
trackC,1808,valais,C,0,0.166,0.0,0,0
trackC,1808,berg,B,0,0.303,0.05,0,0
trackC,1808,westphalia,B,0,0.389,0.1,0,11109
trackC,1808,west_rest,C,0,0.298,0.1,0,0
trackC,1808,holland,B,0,0.266,0.05,0,0
trackC,1808,hanseatic,C,0,0.213,0.05,0,0
trackC,1808,rome,C,0,0.368,0.05,0,0
trackC,1808,illyria,N,0,0.486,0.3,0,0
trackC,1808,catalonia,C,0,0.906,1.0,0,0
trackC,1808,spain_ebro,C,0,0.887,1.0,0,0
trackC,1808,north_italy,B,0,0.558,0.3,0,26445
trackC,1808,south_germany,C,0,0.581,0.3,0,0
trackC,1808,naples,B,0,0.859,0.8,0,27172
trackC,1808,spain_rest,C,0,0.868,1.0,0,0
trackC,1808,switzerland,C,0,0.377,0.2,0,0
trackC,1808,warsaw,B,0,0.453,0.3,0,7625
trackC,1808,saxony,C,0,0.339,0.2,0,0
trackC,1809,old_france,A,3,0.001,0.0,45001,0
trackC,1809,d1_inner,A,2,0.154,0.05,17484,0
trackC,1809,parma,A,1,0.299,0.0,913,0
trackC,1809,tuscany,C,0,0.16,0.05,0,0
trackC,1809,valais,C,0,0.165,0.0,0,0
trackC,1809,berg,B,0,0.298,0.05,0,0
trackC,1809,westphalia,B,0,0.39,0.1,0,11125
trackC,1809,west_rest,C,0,0.297,0.1,0,0
trackC,1809,holland,B,0,0.268,0.05,0,0
trackC,1809,hanseatic,C,0,0.216,0.05,0,0
trackC,1809,rome,C,0,0.37,0.05,0,0
trackC,1809,illyria,N,0,0.501,0.3,0,0
trackC,1809,catalonia,C,0,0.92,1.0,0,0
trackC,1809,spain_ebro,C,0,0.904,1.0,0,0
trackC,1809,north_italy,B,0,0.571,0.3,0,26765
trackC,1809,south_germany,C,0,0.593,0.3,0,0
trackC,1809,naples,B,0,0.88,0.8,0,27599
trackC,1809,spain_rest,C,0,0.888,1.0,0,0
trackC,1809,switzerland,C,0,0.38,0.2,0,0
trackC,1809,warsaw,B,0,0.463,0.3,0,7707
trackC,1809,saxony,C,0,0.34,0.2,0,0
trackC,1810,old_france,A,3,0.001,0.0,45000,0
trackC,1810,d1_inner,A,2,0.152,0.05,17430,0
trackC,1810,parma,A,1,0.29,0.0,895,0
trackC,1810,tuscany,C,0,0.159,0.05,0,0
trackC,1810,valais,A,1,0.177,0.0,853,0
trackC,1810,berg,B,0,0.294,0.05,0,0
trackC,1810,westphalia,B,0,0.391,0.1,0,11138
trackC,1810,west_rest,C,0,0.296,0.1,0,0
trackC,1810,holland,A,1,0.346,0.05,8294,0
trackC,1810,hanseatic,C,0,0.218,0.05,0,0
trackC,1810,rome,C,0,0.371,0.05,0,0
trackC,1810,illyria,A,1,0.518,0.3,18237,0
trackC,1810,catalonia,C,0,0.932,1.0,0,0
trackC,1810,spain_ebro,C,0,0.918,1.0,0,0
trackC,1810,north_italy,B,0,0.58,0.3,0,27005
trackC,1810,south_germany,C,0,0.602,0.3,0,0
trackC,1810,naples,B,0,0.896,0.8,0,27919
trackC,1810,spain_rest,C,0,0.905,1.0,0,0
trackC,1810,switzerland,C,0,0.382,0.2,0,0
trackC,1810,warsaw,B,0,0.471,0.3,0,7768
trackC,1810,saxony,C,0,0.341,0.2,0,0
trackC,1811,old_france,A,3,0.001,0.0,45000,0
trackC,1811,d1_inner,A,2,0.142,0.05,17222,0
trackC,1811,parma,A,2,0.281,0.0,876,0
trackC,1811,tuscany,C,0,0.152,0.05,0,0
trackC,1811,valais,A,1,0.17,0.0,851,0
trackC,1811,berg,A,1,0.21,0.05,2422,0
trackC,1811,westphalia,B,0,0.387,0.1,0,11085
trackC,1811,west_rest,C,0,0.291,0.1,0,0
trackC,1811,holland,A,1,0.391,0.05,8928,0
trackC,1811,hanseatic,A,1,0.224,0.05,4526,0
trackC,1811,rome,C,0,0.371,0.05,0,0
trackC,1811,illyria,A,1,0.528,0.3,18444,0
trackC,1811,catalonia,C,0,0.942,1.0,0,0
trackC,1811,spain_ebro,C,0,0.931,1.0,0,0
trackC,1811,north_italy,B,0,0.58,0.3,0,26997
trackC,1811,south_germany,C,0,0.606,0.3,0,0
trackC,1811,naples,B,0,0.903,0.8,0,28059
trackC,1811,spain_rest,C,0,0.919,1.0,0,0
trackC,1811,switzerland,C,0,0.381,0.2,0,0
trackC,1811,warsaw,B,0,0.472,0.3,0,7774
trackC,1811,saxony,C,0,0.337,0.2,0,0
trackC,1812,old_france,A,3,0.02,0.0,45108,0
trackC,1812,d1_inner,A,2,0.157,0.05,17544,0
trackC,1812,parma,A,2,0.292,0.0,899,0
trackC,1812,tuscany,C,0,0.168,0.05,0,0
trackC,1812,valais,A,2,0.176,0.0,853,0
trackC,1812,berg,A,1,0.166,0.05,2264,0
trackC,1812,westphalia,B,0,0.404,0.1,0,11295
trackC,1812,west_rest,C,0,0.306,0.1,0,0
trackC,1812,holland,A,1,0.442,0.05,9732,0
trackC,1812,hanseatic,A,1,0.245,0.05,4649,0
trackC,1812,rome,C,0,0.391,0.05,0,0
trackC,1812,illyria,A,1,0.556,0.3,19060,0
trackC,1812,catalonia,C,0,0.971,1.0,0,0
trackC,1812,spain_ebro,C,0,0.961,1.0,0,0
trackC,1812,north_italy,B,0,0.6,0.3,0,27492
trackC,1812,south_germany,C,0,0.629,0.3,0,0
trackC,1812,naples,B,0,0.928,0.8,0,28565
trackC,1812,spain_rest,C,0,0.951,1.0,0,0
trackC,1812,switzerland,C,0,0.4,0.2,0,0
trackC,1812,warsaw,B,0,0.492,0.3,0,7938
trackC,1812,saxony,C,0,0.354,0.2,0,0
trackC,1813,old_france,A,3,0.012,0.0,45039,0
trackC,1813,d1_inner,A,2,0.131,0.05,16995,0
trackC,1813,parma,A,2,0.28,0.0,874,0
trackC,1813,tuscany,C,0,0.144,0.05,0,0
trackC,1813,valais,A,2,0.153,0.0,845,0
trackC,1813,berg,A,2,0.11,0.05,2115,0
trackC,1813,westphalia,A,1,0.4,0.1,7319,0
trackC,1813,west_rest,C,0,0.298,0.1,0,0
trackC,1813,holland,A,1,0.448,0.05,9840,0
trackC,1813,hanseatic,A,2,0.229,0.05,4553,0
trackC,1813,rome,C,0,0.382,0.05,0,0
trackC,1813,illyria,A,1,0.533,0.3,18547,0
trackC,1813,catalonia,C,0,0.95,1.0,0,0
trackC,1813,spain_ebro,C,0,0.933,1.0,0,0
trackC,1813,north_italy,B,0,0.542,0.3,0,26050
trackC,1813,south_germany,C,0,0.574,0.3,0,0
trackC,1813,naples,B,0,0.84,0.8,0,26793
trackC,1813,spain_rest,C,0,0.928,1.0,0,0
trackC,1813,switzerland,C,0,0.391,0.2,0,0
trackC,1813,warsaw,B,0,0.444,0.3,0,7552
trackC,1813,saxony,C,0,0.337,0.2,0,0
trackC,1814,old_france,A,3,0.007,0.0,45014,0
trackC,1814,d1_inner,A,2,0.116,0.05,16712,0
trackC,1814,parma,A,2,0.27,0.0,854,0
trackC,1814,tuscany,C,0,0.129,0.05,0,0
trackC,1814,valais,A,3,0.134,0.0,839,0
trackC,1814,berg,A,2,0.069,0.05,2046,0
trackC,1814,westphalia,A,1,0.393,0.1,7211,0
trackC,1814,west_rest,C,0,0.292,0.1,0,0
trackC,1814,holland,A,1,0.451,0.05,9882,0
trackC,1814,hanseatic,A,2,0.214,0.05,4471,0
trackC,1814,rome,C,0,0.375,0.05,0,0
trackC,1814,illyria,A,1,0.513,0.3,18121,0
trackC,1814,catalonia,C,0,0.931,1.0,0,0
trackC,1814,spain_ebro,C,0,0.909,1.0,0,0
trackC,1814,north_italy,B,0,0.499,0.3,0,24969
trackC,1814,south_germany,C,0,0.533,0.3,0,0
trackC,1814,naples,B,0,0.773,0.8,0,25465
trackC,1814,spain_rest,C,0,0.909,1.0,0,0
trackC,1814,switzerland,C,0,0.383,0.2,0,0
trackC,1814,warsaw,B,0,0.408,0.3,0,7262
trackC,1814,saxony,C,0,0.325,0.2,0,0
trackC,1815,old_france,A,3,0.004,0.0,45005,0
trackC,1815,d1_inner,A,2,0.107,0.05,16559,0
trackC,1815,parma,A,2,0.261,0.0,838,0
trackC,1815,tuscany,C,0,0.12,0.05,0,0
trackC,1815,valais,A,3,0.119,0.0,835,0
trackC,1815,berg,A,2,0.042,0.05,2016,0
trackC,1815,westphalia,A,1,0.385,0.1,7079,0
trackC,1815,west_rest,A,1,0.3,0.1,2735,0
trackC,1815,holland,A,1,0.45,0.05,9879,0
trackC,1815,hanseatic,A,2,0.201,0.05,4401,0
trackC,1815,rome,C,0,0.369,0.05,0,0
trackC,1815,illyria,A,1,0.495,0.3,17764,0
trackC,1815,catalonia,C,0,0.916,1.0,0,0
trackC,1815,spain_ebro,C,0,0.889,1.0,0,0
trackC,1815,north_italy,A,1,0.529,0.3,40938,0
trackC,1815,south_germany,C,0,0.502,0.3,0,0
trackC,1815,naples,B,0,0.723,0.8,0,24469
trackC,1815,spain_rest,C,0,0.892,1.0,0,0
trackC,1815,switzerland,A,1,0.421,0.2,6195,0
trackC,1815,warsaw,B,0,0.381,0.3,0,7044
trackC,1815,saxony,C,0,0.316,0.2,0,0
trackC,1816,old_france,A,3,0.027,0.0,45186,0
trackC,1816,d1_inner,A,2,0.126,0.05,16891,0
trackC,1816,parma,A,2,0.279,0.0,872,0
trackC,1816,tuscany,C,0,0.139,0.05,0,0
trackC,1816,valais,A,3,0.132,0.0,838,0
trackC,1816,berg,A,3,0.049,0.05,2023,0
trackC,1816,westphalia,A,1,0.401,0.1,7342,0
trackC,1816,west_rest,A,1,0.327,0.1,2911,0
trackC,1816,holland,A,1,0.473,0.05,10283,0
trackC,1816,hanseatic,A,2,0.214,0.05,4468,0
trackC,1816,rome,C,0,0.387,0.05,0,0
trackC,1816,illyria,A,1,0.505,0.3,17952,0
trackC,1816,catalonia,C,0,0.927,1.0,0,0
trackC,1816,spain_ebro,C,0,0.896,1.0,0,0
trackC,1816,north_italy,A,1,0.573,0.3,45333,0
trackC,1816,south_germany,C,0,0.503,0.3,0,0
trackC,1816,naples,B,0,0.711,0.8,0,24212
trackC,1816,spain_rest,C,0,0.902,1.0,0,0
trackC,1816,switzerland,A,1,0.478,0.2,7109,0
trackC,1816,warsaw,B,0,0.385,0.3,0,7078
trackC,1816,saxony,C,0,0.333,0.2,0,0
trackC,1817,old_france,A,3,0.028,0.0,45205,0
trackC,1817,d1_inner,A,2,0.126,0.05,16889,0
trackC,1817,parma,A,2,0.28,0.0,875,0
trackC,1817,tuscany,C,0,0.138,0.05,0,0
trackC,1817,valais,A,3,0.126,0.0,837,0
trackC,1817,berg,A,3,0.041,0.05,2016,0
trackC,1817,westphalia,A,1,0.4,0.1,7321,0
trackC,1817,west_rest,A,1,0.333,0.1,2953,0
trackC,1817,holland,A,1,0.478,0.05,10361,0
trackC,1817,hanseatic,A,2,0.211,0.05,4452,0
trackC,1817,rome,C,0,0.391,0.05,0,0
trackC,1817,illyria,A,1,0.5,0.3,17866,0
trackC,1817,catalonia,C,0,0.924,1.0,0,0
trackC,1817,spain_ebro,C,0,0.889,1.0,0,0
trackC,1817,north_italy,A,1,0.591,0.3,47301,0
trackC,1817,south_germany,C,0,0.491,0.3,0,0
trackC,1817,naples,B,0,0.689,0.8,0,23789
trackC,1817,spain_rest,C,0,0.899,1.0,0,0
trackC,1817,switzerland,A,1,0.514,0.2,7749,0
trackC,1817,warsaw,B,0,0.377,0.3,0,7012
trackC,1817,saxony,C,0,0.334,0.2,0,0
trackC,1818,old_france,A,3,0.017,0.0,45074,0
trackC,1818,d1_inner,A,2,0.114,0.05,16680,0
trackC,1818,parma,A,2,0.27,0.0,855,0
trackC,1818,tuscany,C,0,0.126,0.05,0,0
trackC,1818,valais,A,3,0.11,0.0,832,0
trackC,1818,berg,A,3,0.025,0.05,2006,0
trackC,1818,westphalia,A,1,0.386,0.1,7094,0
trackC,1818,west_rest,A,1,0.324,0.1,2890,0
trackC,1818,holland,A,1,0.468,0.05,10192,0
trackC,1818,hanseatic,A,2,0.196,0.05,4378,0
trackC,1818,rome,C,0,0.383,0.05,0,0
trackC,1818,illyria,A,1,0.485,0.3,17551,0
trackC,1818,catalonia,C,0,0.91,1.0,0,0
trackC,1818,spain_ebro,C,0,0.872,1.0,0,0
trackC,1818,north_italy,A,1,0.591,0.3,47317,0
trackC,1818,south_germany,C,0,0.471,0.3,0,0
trackC,1818,naples,B,0,0.662,0.8,0,23242
trackC,1818,spain_rest,C,0,0.884,1.0,0,0
trackC,1818,switzerland,A,1,0.532,0.2,8095,0
trackC,1818,warsaw,B,0,0.359,0.3,0,6872
trackC,1818,saxony,C,0,0.323,0.2,0,0
trackC,1819,old_france,A,3,0.01,0.0,45027,0
trackC,1819,d1_inner,A,2,0.108,0.05,16572,0
trackC,1819,parma,A,2,0.263,0.0,842,0
trackC,1819,tuscany,C,0,0.118,0.05,0,0
trackC,1819,valais,A,3,0.099,0.0,830,0
trackC,1819,berg,A,3,0.015,0.05,2002,0
trackC,1819,westphalia,A,1,0.375,0.1,6919,0
trackC,1819,west_rest,A,1,0.316,0.1,2836,0
trackC,1819,holland,A,1,0.461,0.05,10060,0
trackC,1819,hanseatic,A,2,0.185,0.05,4325,0
trackC,1819,rome,C,0,0.376,0.05,0,0
trackC,1819,illyria,A,1,0.471,0.3,17292,0
trackC,1819,catalonia,C,0,0.898,1.0,0,0
trackC,1819,spain_ebro,C,0,0.857,1.0,0,0
trackC,1819,north_italy,A,1,0.59,0.3,47186,0
trackC,1819,south_germany,C,0,0.455,0.3,0,0
trackC,1819,naples,B,0,0.642,0.8,0,22841
trackC,1819,spain_rest,C,0,0.871,1.0,0,0
trackC,1819,switzerland,A,1,0.548,0.2,8397,0
trackC,1819,warsaw,B,0,0.346,0.3,0,6771
trackC,1819,saxony,C,0,0.314,0.2,0,0
trackC,1820,old_france,A,3,0.026,0.0,45178,0
trackC,1820,d1_inner,A,2,0.124,0.05,16861,0
trackC,1820,parma,A,2,0.278,0.0,871,0
trackC,1820,tuscany,C,0,0.134,0.05,0,0
trackC,1820,valais,A,3,0.112,0.0,833,0
trackC,1820,berg,A,3,0.029,0.05,2008,0
trackC,1820,westphalia,A,1,0.386,0.1,7097,0
trackC,1820,west_rest,A,1,0.329,0.1,2922,0
trackC,1820,holland,A,1,0.475,0.05,10313,0
trackC,1820,hanseatic,A,2,0.197,0.05,4380,0
trackC,1820,rome,C,0,0.389,0.05,0,0
trackC,1820,illyria,A,1,0.48,0.3,17462,0
trackC,1820,catalonia,C,0,0.908,1.0,0,0
trackC,1820,spain_ebro,C,0,0.865,1.0,0,0
trackC,1820,north_italy,A,1,0.608,0.3,49168,0
trackC,1820,south_germany,C,0,0.464,0.3,0,0
trackC,1820,naples,B,0,0.648,0.8,0,22951
trackC,1820,spain_rest,C,0,0.88,1.0,0,0
trackC,1820,switzerland,A,1,0.581,0.2,9071,0
trackC,1820,warsaw,B,0,0.358,0.3,0,6860
trackC,1820,saxony,C,0,0.328,0.2,0,0
trackC,1821,old_france,A,3,0.016,0.0,45064,0
trackC,1821,d1_inner,A,2,0.127,0.05,16907,0
trackC,1821,parma,A,2,0.285,0.0,885,0
trackC,1821,tuscany,C,0,0.147,0.05,0,0
trackC,1821,valais,A,3,0.124,0.0,836,0
trackC,1821,berg,A,3,0.038,0.05,2014,0
trackC,1821,westphalia,A,1,0.39,0.1,7149,0
trackC,1821,west_rest,A,1,0.333,0.1,2949,0
trackC,1821,holland,A,1,0.48,0.05,10414,0
trackC,1821,hanseatic,A,2,0.2,0.05,4399,0
trackC,1821,rome,C,0,0.39,0.05,0,0
trackC,1821,illyria,A,1,0.477,0.3,17392,0
trackC,1821,catalonia,C,0,0.905,1.0,0,0
trackC,1821,spain_ebro,C,0,0.86,1.0,0,0
trackC,1821,north_italy,A,1,0.616,0.3,50053,0
trackC,1821,south_germany,C,0,0.465,0.3,0,0
trackC,1821,naples,B,0,0.647,0.8,0,22943
trackC,1821,spain_rest,C,0,0.877,1.0,0,0
trackC,1821,switzerland,A,1,0.598,0.2,9435,0
trackC,1821,warsaw,B,0,0.361,0.3,0,6892
trackC,1821,saxony,C,0,0.333,0.2,0,0
trackC,1822,old_france,A,3,0.009,0.0,45023,0
trackC,1822,d1_inner,A,2,0.129,0.05,16945,0
trackC,1822,parma,A,2,0.292,0.0,898,0
trackC,1822,tuscany,C,0,0.155,0.05,0,0
trackC,1822,valais,A,3,0.131,0.0,838,0
trackC,1822,berg,A,3,0.045,0.05,2019,0
trackC,1822,westphalia,A,1,0.392,0.1,7189,0
trackC,1822,west_rest,A,1,0.335,0.1,2967,0
trackC,1822,holland,A,1,0.484,0.05,10489,0
trackC,1822,hanseatic,A,2,0.204,0.05,4415,0
trackC,1822,rome,C,0,0.391,0.05,0,0
trackC,1822,illyria,A,1,0.474,0.3,17335,0
trackC,1822,catalonia,C,0,0.902,1.0,0,0
trackC,1822,spain_ebro,C,0,0.856,1.0,0,0
trackC,1822,north_italy,A,1,0.622,0.3,50677,0
trackC,1822,south_germany,C,0,0.466,0.3,0,0
trackC,1822,naples,B,0,0.647,0.8,0,22947
trackC,1822,spain_rest,C,0,0.874,1.0,0,0
trackC,1822,switzerland,A,1,0.613,0.2,9753,0
trackC,1822,warsaw,B,0,0.365,0.3,0,6921
trackC,1822,saxony,C,0,0.337,0.2,0,0
trackC,1823,old_france,A,3,0.006,0.0,45008,0
trackC,1823,d1_inner,A,2,0.117,0.05,16727,0
trackC,1823,parma,A,2,0.283,0.0,880,0
trackC,1823,tuscany,C,0,0.15,0.05,0,0
trackC,1823,valais,A,3,0.117,0.0,834,0
trackC,1823,berg,A,3,0.027,0.05,2007,0
trackC,1823,westphalia,A,1,0.374,0.1,6898,0
trackC,1823,west_rest,A,1,0.317,0.1,2842,0
trackC,1823,holland,A,1,0.462,0.05,10080,0
trackC,1823,hanseatic,A,2,0.182,0.05,4313,0
trackC,1823,rome,C,0,0.388,0.05,0,0
trackC,1823,illyria,A,1,0.463,0.3,17139,0
trackC,1823,catalonia,C,0,0.897,1.0,0,0
trackC,1823,spain_ebro,C,0,0.849,1.0,0,0
trackC,1823,north_italy,A,1,0.58,0.3,46146,0
trackC,1823,south_germany,C,0,0.461,0.3,0,0
trackC,1823,naples,B,0,0.638,0.8,0,22761
trackC,1823,spain_rest,C,0,0.869,1.0,0,0
trackC,1823,switzerland,A,1,0.596,0.2,9404,0
trackC,1823,warsaw,B,0,0.358,0.3,0,6860
trackC,1823,saxony,C,0,0.334,0.2,0,0
trackC,1824,old_france,A,3,0.003,0.0,45003,0
trackC,1824,d1_inner,A,2,0.11,0.05,16607,0
trackC,1824,parma,A,2,0.276,0.0,867,0
trackC,1824,tuscany,C,0,0.147,0.05,0,0
trackC,1824,valais,A,3,0.109,0.0,832,0
trackC,1824,berg,A,3,0.016,0.05,2003,0
trackC,1824,westphalia,A,1,0.359,0.1,6679,0
trackC,1824,west_rest,A,1,0.302,0.1,2746,0
trackC,1824,holland,A,1,0.444,0.05,9778,0
trackC,1824,hanseatic,A,2,0.166,0.05,4242,0
trackC,1824,rome,C,0,0.385,0.05,0,0
trackC,1824,illyria,A,1,0.455,0.3,16972,0
trackC,1824,catalonia,C,0,0.892,1.0,0,0
trackC,1824,spain_ebro,C,0,0.843,1.0,0,0
trackC,1824,north_italy,A,1,0.548,0.3,42851,0
trackC,1824,south_germany,C,0,0.457,0.3,0,0
trackC,1824,naples,B,0,0.631,0.8,0,22620
trackC,1824,spain_rest,C,0,0.863,1.0,0,0
trackC,1824,switzerland,A,1,0.583,0.2,9109,0
trackC,1824,warsaw,B,0,0.352,0.3,0,6815
trackC,1824,saxony,C,0,0.332,0.2,0,0
trackC,1825,old_france,A,3,0.002,0.0,45001,0
trackC,1825,d1_inner,A,2,0.094,0.05,16358,0
trackC,1825,parma,A,2,0.256,0.0,830,0
trackC,1825,tuscany,C,0,0.122,0.05,0,0
trackC,1825,valais,A,3,0.08,0.0,826,0
trackC,1825,berg,A,3,0.01,0.05,2001,0
trackC,1825,westphalia,A,1,0.333,0.1,6299,0
trackC,1825,west_rest,A,1,0.275,0.1,2584,0
trackC,1825,holland,A,1,0.397,0.05,9018,0
trackC,1825,hanseatic,A,2,0.138,0.05,4137,0
trackC,1825,rome,C,0,0.374,0.05,0,0
trackC,1825,illyria,A,1,0.438,0.3,16663,0
trackC,1825,catalonia,C,0,0.879,1.0,0,0
trackC,1825,spain_ebro,C,0,0.829,1.0,0,0
trackC,1825,north_italy,A,1,0.508,0.3,39007,0
trackC,1825,south_germany,C,0,0.439,0.3,0,0
trackC,1825,naples,B,0,0.611,0.8,0,22215
trackC,1825,spain_rest,C,0,0.85,1.0,0,0
trackC,1825,switzerland,A,1,0.562,0.2,8676,0
trackC,1825,warsaw,B,0,0.333,0.3,0,6661
trackC,1825,saxony,C,0,0.315,0.2,0,0
trackC,1826,old_france,A,3,0.001,0.0,45000,0
trackC,1826,d1_inner,A,2,0.084,0.05,16228,0
trackC,1826,parma,A,2,0.241,0.0,803,0
trackC,1826,tuscany,C,0,0.106,0.05,0,0
trackC,1826,valais,A,3,0.062,0.0,823,0
trackC,1826,berg,A,3,0.006,0.05,2000,0
trackC,1826,westphalia,A,1,0.313,0.1,6026,0
trackC,1826,west_rest,A,1,0.254,0.1,2469,0
trackC,1826,holland,A,1,0.362,0.05,8500,0
trackC,1826,hanseatic,A,2,0.117,0.05,4070,0
trackC,1826,rome,C,0,0.364,0.05,0,0
trackC,1826,illyria,A,1,0.423,0.3,16407,0
trackC,1826,catalonia,C,0,0.868,1.0,0,0
trackC,1826,spain_ebro,C,0,0.818,1.0,0,0
trackC,1826,north_italy,A,1,0.478,0.3,36252,0
trackC,1826,south_germany,C,0,0.425,0.3,0,0
trackC,1826,naples,B,0,0.596,0.8,0,21911
trackC,1826,spain_rest,C,0,0.839,1.0,0,0
trackC,1826,switzerland,A,1,0.543,0.2,8317,0
trackC,1826,warsaw,B,0,0.318,0.3,0,6546
trackC,1826,saxony,C,0,0.303,0.2,0,0
trackC,1827,old_france,A,3,0.001,0.0,45000,0
trackC,1827,d1_inner,A,2,0.078,0.05,16157,0
trackC,1827,parma,A,2,0.229,0.0,784,0
trackC,1827,tuscany,C,0,0.097,0.05,0,0
trackC,1827,valais,A,3,0.051,0.0,822,0
trackC,1827,berg,A,3,0.003,0.05,2000,0
trackC,1827,westphalia,A,1,0.297,0.1,5828,0
trackC,1827,west_rest,A,2,0.238,0.1,2386,0
trackC,1827,holland,A,1,0.335,0.05,8140,0
trackC,1827,hanseatic,A,3,0.101,0.05,4026,0
trackC,1827,rome,C,0,0.356,0.05,0,0
trackC,1827,illyria,A,1,0.411,0.3,16194,0
trackC,1827,catalonia,C,0,0.858,1.0,0,0
trackC,1827,spain_ebro,C,0,0.807,1.0,0,0
trackC,1827,north_italy,A,1,0.454,0.3,34246,0
trackC,1827,south_germany,C,0,0.415,0.3,0,0
trackC,1827,naples,B,0,0.584,0.8,0,21684
trackC,1827,spain_rest,C,0,0.829,1.0,0,0
trackC,1827,switzerland,A,1,0.528,0.2,8016,0
trackC,1827,warsaw,B,0,0.307,0.3,0,6460
trackC,1827,saxony,C,0,0.293,0.2,0,0
trackC,1828,old_france,A,3,0.0,0.0,45000,0
trackC,1828,d1_inner,A,2,0.075,0.05,16117,0
trackC,1828,parma,A,2,0.22,0.0,770,0
trackC,1828,tuscany,C,0,0.091,0.05,0,0
trackC,1828,valais,A,3,0.045,0.0,821,0
trackC,1828,berg,A,3,0.002,0.05,2000,0
trackC,1828,westphalia,A,1,0.285,0.1,5681,0
trackC,1828,west_rest,A,2,0.225,0.1,2324,0
trackC,1828,holland,A,1,0.314,0.05,7886,0
trackC,1828,hanseatic,A,3,0.088,0.05,3997,0
trackC,1828,rome,C,0,0.349,0.05,0,0
trackC,1828,illyria,A,1,0.4,0.3,16016,0
trackC,1828,catalonia,C,0,0.85,1.0,0,0
trackC,1828,spain_ebro,C,0,0.799,1.0,0,0
trackC,1828,north_italy,A,1,0.436,0.3,32767,0
trackC,1828,south_germany,C,0,0.408,0.3,0,0
trackC,1828,naples,B,0,0.576,0.8,0,21513
trackC,1828,spain_rest,C,0,0.821,1.0,0,0
trackC,1828,switzerland,A,1,0.515,0.2,7765,0
trackC,1828,warsaw,B,0,0.299,0.3,0,6395
trackC,1828,saxony,C,0,0.286,0.2,0,0
trackC,1829,old_france,A,3,0.0,0.0,45000,0
trackC,1829,d1_inner,A,2,0.072,0.05,16094,0
trackC,1829,parma,A,2,0.214,0.0,760,0
trackC,1829,tuscany,C,0,0.088,0.05,0,0
trackC,1829,valais,A,3,0.041,0.0,821,0
trackC,1829,berg,A,3,0.001,0.05,2000,0
trackC,1829,westphalia,A,2,0.275,0.1,5572,0
trackC,1829,west_rest,A,2,0.215,0.1,2279,0
trackC,1829,holland,A,1,0.298,0.05,7703,0
trackC,1829,hanseatic,A,3,0.079,0.05,3977,0
trackC,1829,rome,C,0,0.343,0.05,0,0
trackC,1829,illyria,A,1,0.391,0.3,15867,0
trackC,1829,catalonia,C,0,0.844,1.0,0,0
trackC,1829,spain_ebro,C,0,0.791,1.0,0,0
trackC,1829,north_italy,A,1,0.422,0.3,31664,0
trackC,1829,south_germany,C,0,0.402,0.3,0,0
trackC,1829,naples,B,0,0.569,0.8,0,21385
trackC,1829,spain_rest,C,0,0.814,1.0,0,0
trackC,1829,switzerland,A,1,0.503,0.2,7553,0
trackC,1829,warsaw,B,0,0.293,0.3,0,6346
trackC,1829,saxony,C,0,0.281,0.2,0,0
trackC,1830,old_france,A,3,0.05,0.0,45660,0
trackC,1830,d1_inner,A,2,0.121,0.05,16802,0
trackC,1830,parma,A,2,0.259,0.0,834,0
trackC,1830,tuscany,C,0,0.136,0.05,0,0
trackC,1830,valais,A,3,0.089,0.0,828,0
trackC,1830,berg,A,3,0.051,0.05,2025,0
trackC,1830,westphalia,A,2,0.318,0.1,6097,0
trackC,1830,west_rest,A,2,0.257,0.1,2485,0
trackC,1830,holland,A,1,0.337,0.05,8167,0
trackC,1830,hanseatic,A,3,0.121,0.05,4083,0
trackC,1830,rome,C,0,0.388,0.05,0,0
trackC,1830,illyria,A,1,0.433,0.3,16575,0
trackC,1830,catalonia,C,0,0.888,1.0,0,0
trackC,1830,spain_ebro,C,0,0.835,1.0,0,0
trackC,1830,north_italy,A,1,0.461,0.3,34812,0
trackC,1830,south_germany,C,0,0.448,0.3,0,0
trackC,1830,naples,B,0,0.614,0.8,0,22288
trackC,1830,spain_rest,C,0,0.858,1.0,0,0
trackC,1830,switzerland,A,1,0.543,0.2,8307,0
trackC,1830,warsaw,B,0,0.339,0.3,0,6710
trackC,1830,saxony,C,0,0.327,0.2,0,0
trackC,1831,old_france,A,3,0.03,0.0,45238,0
trackC,1831,d1_inner,A,2,0.1,0.05,16457,0
trackC,1831,parma,A,2,0.242,0.0,806,0
trackC,1831,tuscany,C,0,0.115,0.05,0,0
trackC,1831,valais,A,3,0.067,0.0,824,0
trackC,1831,berg,A,3,0.03,0.05,2009,0
trackC,1831,westphalia,A,2,0.3,0.1,5863,0
trackC,1831,west_rest,A,2,0.238,0.1,2388,0
trackC,1831,holland,A,1,0.315,0.05,7899,0
trackC,1831,hanseatic,A,3,0.103,0.05,4032,0
trackC,1831,rome,C,0,0.377,0.05,0,0
trackC,1831,illyria,A,1,0.418,0.3,16325,0
trackC,1831,catalonia,C,0,0.875,1.0,0,0
trackC,1831,spain_ebro,C,0,0.822,1.0,0,0
trackC,1831,north_italy,A,1,0.44,0.3,33084,0
trackC,1831,south_germany,C,0,0.432,0.3,0,0
trackC,1831,naples,B,0,0.598,0.8,0,21966
trackC,1831,spain_rest,C,0,0.846,1.0,0,0
trackC,1831,switzerland,A,1,0.527,0.2,7996,0
trackC,1831,warsaw,B,0,0.323,0.3,0,6582
trackC,1831,saxony,C,0,0.311,0.2,0,0
trackC,1832,old_france,A,3,0.018,0.0,45086,0
trackC,1832,d1_inner,A,2,0.088,0.05,16281,0
trackC,1832,parma,A,2,0.23,0.0,785,0
trackC,1832,tuscany,C,0,0.102,0.05,0,0
trackC,1832,valais,A,3,0.054,0.0,822,0
trackC,1832,berg,A,3,0.018,0.05,2003,0
trackC,1832,westphalia,A,2,0.286,0.1,5695,0
trackC,1832,west_rest,A,2,0.224,0.1,2320,0
trackC,1832,holland,A,1,0.299,0.05,7708,0
trackC,1832,hanseatic,A,3,0.089,0.05,3999,0
trackC,1832,rome,C,0,0.367,0.05,0,0
trackC,1832,illyria,A,1,0.406,0.3,16118,0
trackC,1832,catalonia,C,0,0.865,1.0,0,0
trackC,1832,spain_ebro,C,0,0.812,1.0,0,0
trackC,1832,north_italy,A,1,0.424,0.3,31819,0
trackC,1832,south_germany,C,0,0.42,0.3,0,0
trackC,1832,naples,B,0,0.586,0.8,0,21725
trackC,1832,spain_rest,C,0,0.835,1.0,0,0
trackC,1832,switzerland,A,1,0.513,0.2,7738,0
trackC,1832,warsaw,B,0,0.311,0.3,0,6487
trackC,1832,saxony,C,0,0.3,0.2,0,0
trackC,1833,old_france,A,3,0.011,0.0,45031,0
trackC,1833,d1_inner,A,2,0.08,0.05,16186,0
trackC,1833,parma,A,2,0.221,0.0,771,0
trackC,1833,tuscany,C,0,0.094,0.05,0,0
trackC,1833,valais,A,3,0.047,0.0,821,0
trackC,1833,berg,A,3,0.011,0.05,2001,0
trackC,1833,westphalia,A,2,0.275,0.1,5572,0
trackC,1833,west_rest,A,2,0.213,0.1,2270,0
trackC,1833,holland,A,1,0.287,0.05,7570,0
trackC,1833,hanseatic,A,3,0.079,0.05,3977,0
trackC,1833,rome,C,0,0.358,0.05,0,0
trackC,1833,illyria,A,1,0.395,0.3,15946,0
trackC,1833,catalonia,C,0,0.856,1.0,0,0
trackC,1833,spain_ebro,C,0,0.802,1.0,0,0
trackC,1833,north_italy,A,1,0.412,0.3,30885,0
trackC,1833,south_germany,C,0,0.411,0.3,0,0
trackC,1833,naples,B,0,0.577,0.8,0,21544
trackC,1833,spain_rest,C,0,0.826,1.0,0,0
trackC,1833,switzerland,A,1,0.501,0.2,7521,0
trackC,1833,warsaw,B,0,0.302,0.3,0,6415
trackC,1833,saxony,C,0,0.291,0.2,0,0
trackC,1834,old_france,A,3,0.007,0.0,45011,0
trackC,1834,d1_inner,A,2,0.076,0.05,16134,0
trackC,1834,parma,A,2,0.214,0.0,760,0
trackC,1834,tuscany,C,0,0.09,0.05,0,0
trackC,1834,valais,A,3,0.042,0.0,821,0
trackC,1834,berg,A,3,0.007,0.05,2000,0
trackC,1834,westphalia,A,2,0.267,0.1,5481,0
trackC,1834,west_rest,A,2,0.204,0.1,2234,0
trackC,1834,holland,A,2,0.277,0.05,7470,0
trackC,1834,hanseatic,A,3,0.071,0.05,3963,0
trackC,1834,rome,C,0,0.351,0.05,0,0
trackC,1834,illyria,A,1,0.386,0.3,15802,0
trackC,1834,catalonia,C,0,0.848,1.0,0,0
trackC,1834,spain_ebro,C,0,0.794,1.0,0,0
trackC,1834,north_italy,A,1,0.402,0.3,30188,0
trackC,1834,south_germany,C,0,0.405,0.3,0,0
trackC,1834,naples,B,0,0.57,0.8,0,21408
trackC,1834,spain_rest,C,0,0.819,1.0,0,0
trackC,1834,switzerland,A,1,0.491,0.2,7339,0
trackC,1834,warsaw,B,0,0.295,0.3,0,6361
trackC,1834,saxony,C,0,0.285,0.2,0,0
trackC,1835,old_france,A,3,0.004,0.0,45004,0
trackC,1835,d1_inner,A,2,0.073,0.05,16103,0
trackC,1835,parma,A,2,0.209,0.0,752,0
trackC,1835,tuscany,C,0,0.087,0.05,0,0
trackC,1835,valais,A,3,0.039,0.0,821,0
trackC,1835,berg,A,3,0.004,0.05,2000,0
trackC,1835,westphalia,A,2,0.261,0.1,5414,0
trackC,1835,west_rest,A,2,0.198,0.1,2207,0
trackC,1835,holland,A,2,0.27,0.05,7396,0
trackC,1835,hanseatic,A,3,0.065,0.05,3952,0
trackC,1835,rome,C,0,0.345,0.05,0,0
trackC,1835,illyria,A,1,0.379,0.3,15681,0
trackC,1835,catalonia,C,0,0.842,1.0,0,0
trackC,1835,spain_ebro,C,0,0.788,1.0,0,0
trackC,1835,north_italy,A,1,0.395,0.3,29664,0
trackC,1835,south_germany,C,0,0.4,0.3,0,0
trackC,1835,naples,B,0,0.565,0.8,0,21306
trackC,1835,spain_rest,C,0,0.812,1.0,0,0
trackC,1835,switzerland,A,1,0.482,0.2,7186,0
trackC,1835,warsaw,B,0,0.29,0.3,0,6321
trackC,1835,saxony,C,0,0.28,0.2,0,0
trackC,1836,old_france,A,3,0.002,0.0,45001,0
trackC,1836,d1_inner,A,2,0.072,0.05,16086,0
trackC,1836,parma,A,2,0.205,0.0,746,0
trackC,1836,tuscany,C,0,0.085,0.05,0,0
trackC,1836,valais,A,3,0.038,0.0,821,0
trackC,1836,berg,A,3,0.002,0.05,2000,0
trackC,1836,westphalia,A,2,0.256,0.1,5363,0
trackC,1836,west_rest,A,2,0.193,0.1,2186,0
trackC,1836,holland,A,2,0.265,0.05,7341,0
trackC,1836,hanseatic,A,3,0.06,0.05,3945,0
trackC,1836,rome,C,0,0.34,0.05,0,0
trackC,1836,illyria,A,1,0.372,0.3,15580,0
trackC,1836,catalonia,C,0,0.836,1.0,0,0
trackC,1836,spain_ebro,C,0,0.782,1.0,0,0
trackC,1836,north_italy,A,1,0.39,0.3,29268,0
trackC,1836,south_germany,C,0,0.396,0.3,0,0
trackC,1836,naples,B,0,0.561,0.8,0,21229
trackC,1836,spain_rest,C,0,0.806,1.0,0,0
trackC,1836,switzerland,A,1,0.475,0.2,7056,0
trackC,1836,warsaw,B,0,0.286,0.3,0,6291
trackC,1836,saxony,C,0,0.276,0.2,0,0
trackC,1837,old_france,A,3,0.001,0.0,45001,0
trackC,1837,d1_inner,A,2,0.071,0.05,16076,0
trackC,1837,parma,A,2,0.202,0.0,742,0
trackC,1837,tuscany,C,0,0.084,0.05,0,0
trackC,1837,valais,A,3,0.037,0.0,820,0
trackC,1837,berg,A,3,0.001,0.05,2000,0
trackC,1837,westphalia,A,2,0.253,0.1,5325,0
trackC,1837,west_rest,A,2,0.189,0.1,2171,0
trackC,1837,holland,A,2,0.261,0.05,7301,0
trackC,1837,hanseatic,A,3,0.057,0.05,3940,0
trackC,1837,rome,C,0,0.335,0.05,0,0
trackC,1837,illyria,A,1,0.366,0.3,15494,0
trackC,1837,catalonia,C,0,0.832,1.0,0,0
trackC,1837,spain_ebro,C,0,0.777,1.0,0,0
trackC,1837,north_italy,A,1,0.385,0.3,28966,0
trackC,1837,south_germany,C,0,0.393,0.3,0,0
trackC,1837,naples,B,0,0.559,0.8,0,21172
trackC,1837,spain_rest,C,0,0.802,1.0,0,0
trackC,1837,switzerland,A,1,0.468,0.2,6945,0
trackC,1837,warsaw,B,0,0.284,0.3,0,6268
trackC,1837,saxony,C,0,0.273,0.2,0,0
trackC,1838,old_france,A,3,0.001,0.0,45000,0
trackC,1838,d1_inner,A,2,0.07,0.05,16069,0
trackC,1838,parma,A,2,0.199,0.0,739,0
trackC,1838,tuscany,C,0,0.084,0.05,0,0
trackC,1838,valais,A,3,0.036,0.0,820,0
trackC,1838,berg,A,3,0.001,0.05,2000,0
trackC,1838,westphalia,A,2,0.25,0.1,5296,0
trackC,1838,west_rest,A,2,0.186,0.1,2159,0
trackC,1838,holland,A,2,0.258,0.05,7270,0
trackC,1838,hanseatic,A,3,0.054,0.05,3936,0
trackC,1838,rome,C,0,0.331,0.05,0,0
trackC,1838,illyria,A,1,0.362,0.3,15421,0
trackC,1838,catalonia,C,0,0.828,1.0,0,0
trackC,1838,spain_ebro,C,0,0.773,1.0,0,0
trackC,1838,north_italy,A,1,0.382,0.3,28735,0
trackC,1838,south_germany,C,0,0.391,0.3,0,0
trackC,1838,naples,B,0,0.556,0.8,0,21129
trackC,1838,spain_rest,C,0,0.798,1.0,0,0
trackC,1838,switzerland,A,1,0.463,0.2,6852,0
trackC,1838,warsaw,B,0,0.281,0.3,0,6251
trackC,1838,saxony,C,0,0.271,0.2,0,0
trackC,1839,old_france,A,3,0.001,0.0,45000,0
trackC,1839,d1_inner,A,2,0.07,0.05,16066,0
trackC,1839,parma,A,2,0.198,0.0,737,0
trackC,1839,tuscany,C,0,0.084,0.05,0,0
trackC,1839,valais,A,3,0.036,0.0,820,0
trackC,1839,berg,A,3,0.001,0.05,2000,0
trackC,1839,westphalia,A,2,0.248,0.1,5274,0
trackC,1839,west_rest,A,3,0.184,0.1,2151,0
trackC,1839,holland,A,2,0.255,0.05,7247,0
trackC,1839,hanseatic,A,3,0.052,0.05,3934,0
trackC,1839,rome,C,0,0.328,0.05,0,0
trackC,1839,illyria,A,1,0.357,0.3,15360,0
trackC,1839,catalonia,C,0,0.824,1.0,0,0
trackC,1839,spain_ebro,C,0,0.77,1.0,0,0
trackC,1839,north_italy,A,1,0.379,0.3,28557,0
trackC,1839,south_germany,C,0,0.39,0.3,0,0
trackC,1839,naples,B,0,0.555,0.8,0,21097
trackC,1839,spain_rest,C,0,0.794,1.0,0,0
trackC,1839,switzerland,A,1,0.458,0.2,6772,0
trackC,1839,warsaw,B,0,0.28,0.3,0,6238
trackC,1839,saxony,C,0,0.27,0.2,0,0
trackC,1840,old_france,A,3,0.0,0.0,45000,0
trackC,1840,d1_inner,A,2,0.07,0.05,16064,0
trackC,1840,parma,A,2,0.196,0.0,735,0
trackC,1840,tuscany,C,0,0.083,0.05,0,0
trackC,1840,valais,A,3,0.035,0.0,820,0
trackC,1840,berg,A,3,0.0,0.05,2000,0
trackC,1840,westphalia,A,2,0.246,0.1,5257,0
trackC,1840,west_rest,A,3,0.182,0.1,2144,0
trackC,1840,holland,A,2,0.254,0.05,7230,0
trackC,1840,hanseatic,A,3,0.051,0.05,3932,0
trackC,1840,rome,C,0,0.325,0.05,0,0
trackC,1840,illyria,A,1,0.354,0.3,15307,0
trackC,1840,catalonia,C,0,0.821,1.0,0,0
trackC,1840,spain_ebro,C,0,0.767,1.0,0,0
trackC,1840,north_italy,A,1,0.378,0.3,28420,0
trackC,1840,south_germany,C,0,0.389,0.3,0,0
trackC,1840,naples,B,0,0.554,0.8,0,21073
trackC,1840,spain_rest,C,0,0.791,1.0,0,0
trackC,1840,switzerland,A,1,0.454,0.2,6703,0
trackC,1840,warsaw,B,0,0.279,0.3,0,6229
trackC,1840,saxony,C,0,0.268,0.2,0,0
trackC,1841,old_france,A,3,0.0,0.0,45000,0
trackC,1841,d1_inner,A,2,0.069,0.05,16062,0
trackC,1841,parma,A,2,0.195,0.0,733,0
trackC,1841,tuscany,C,0,0.083,0.05,0,0
trackC,1841,valais,A,3,0.035,0.0,820,0
trackC,1841,berg,A,3,0.0,0.05,2000,0
trackC,1841,westphalia,A,2,0.245,0.1,5244,0
trackC,1841,west_rest,A,3,0.181,0.1,2138,0
trackC,1841,holland,A,2,0.252,0.05,7216,0
trackC,1841,hanseatic,A,3,0.049,0.05,3930,0
trackC,1841,rome,C,0,0.323,0.05,0,0
trackC,1841,illyria,A,1,0.351,0.3,15263,0
trackC,1841,catalonia,C,0,0.819,1.0,0,0
trackC,1841,spain_ebro,C,0,0.764,1.0,0,0
trackC,1841,north_italy,A,1,0.376,0.3,28313,0
trackC,1841,south_germany,C,0,0.388,0.3,0,0
trackC,1841,naples,B,0,0.553,0.8,0,21054
trackC,1841,spain_rest,C,0,0.789,1.0,0,0
trackC,1841,switzerland,A,1,0.45,0.2,6645,0
trackC,1841,warsaw,B,0,0.278,0.3,0,6222
trackC,1841,saxony,C,0,0.268,0.2,0,0
trackC,1842,old_france,A,3,0.0,0.0,45000,0
trackC,1842,d1_inner,A,2,0.069,0.05,16061,0
trackC,1842,parma,A,3,0.194,0.0,732,0
trackC,1842,tuscany,C,0,0.083,0.05,0,0
trackC,1842,valais,A,3,0.035,0.0,820,0
trackC,1842,berg,A,3,0.0,0.05,2000,0
trackC,1842,westphalia,A,2,0.244,0.1,5233,0
trackC,1842,west_rest,A,3,0.179,0.1,2134,0
trackC,1842,holland,A,2,0.251,0.05,7206,0
trackC,1842,hanseatic,A,3,0.048,0.05,3929,0
trackC,1842,rome,C,0,0.321,0.05,0,0
trackC,1842,illyria,A,1,0.348,0.3,15224,0
trackC,1842,catalonia,C,0,0.817,1.0,0,0
trackC,1842,spain_ebro,C,0,0.762,1.0,0,0
trackC,1842,north_italy,A,1,0.375,0.3,28230,0
trackC,1842,south_germany,C,0,0.387,0.3,0,0
trackC,1842,naples,B,0,0.552,0.8,0,21041
trackC,1842,spain_rest,C,0,0.787,1.0,0,0
trackC,1842,switzerland,A,1,0.447,0.2,6595,0
trackC,1842,warsaw,B,0,0.277,0.3,0,6216
trackC,1842,saxony,C,0,0.267,0.2,0,0
trackC,1843,old_france,A,3,0.0,0.0,45000,0
trackC,1843,d1_inner,A,2,0.069,0.05,16061,0
trackC,1843,parma,A,3,0.194,0.0,732,0
trackC,1843,tuscany,C,0,0.083,0.05,0,0
trackC,1843,valais,A,3,0.035,0.0,820,0
trackC,1843,berg,A,3,0.0,0.05,2000,0
trackC,1843,westphalia,A,2,0.243,0.1,5225,0
trackC,1843,west_rest,A,3,0.179,0.1,2131,0
trackC,1843,holland,A,2,0.25,0.05,7198,0
trackC,1843,hanseatic,A,3,0.048,0.05,3928,0
trackC,1843,rome,C,0,0.319,0.05,0,0
trackC,1843,illyria,A,1,0.346,0.3,15192,0
trackC,1843,catalonia,C,0,0.815,1.0,0,0
trackC,1843,spain_ebro,C,0,0.76,1.0,0,0
trackC,1843,north_italy,A,1,0.374,0.3,28165,0
trackC,1843,south_germany,C,0,0.386,0.3,0,0
trackC,1843,naples,B,0,0.552,0.8,0,21031
trackC,1843,spain_rest,C,0,0.785,1.0,0,0
trackC,1843,switzerland,A,1,0.444,0.2,6551,0
trackC,1843,warsaw,B,0,0.277,0.3,0,6212
trackC,1843,saxony,C,0,0.266,0.2,0,0
trackC,1844,old_france,A,3,0.0,0.0,45000,0
trackC,1844,d1_inner,A,2,0.069,0.05,16061,0
trackC,1844,parma,A,3,0.193,0.0,731,0
trackC,1844,tuscany,C,0,0.083,0.05,0,0
trackC,1844,valais,A,3,0.035,0.0,820,0
trackC,1844,berg,A,3,0.0,0.05,2000,0
trackC,1844,westphalia,A,2,0.242,0.1,5219,0
trackC,1844,west_rest,A,3,0.178,0.1,2128,0
trackC,1844,holland,A,2,0.25,0.05,7193,0
trackC,1844,hanseatic,A,3,0.047,0.05,3928,0
trackC,1844,rome,C,0,0.318,0.05,0,0
trackC,1844,illyria,A,1,0.344,0.3,15164,0
trackC,1844,catalonia,C,0,0.814,1.0,0,0
trackC,1844,spain_ebro,C,0,0.759,1.0,0,0
trackC,1844,north_italy,A,1,0.373,0.3,28114,0
trackC,1844,south_germany,C,0,0.386,0.3,0,0
trackC,1844,naples,B,0,0.551,0.8,0,21023
trackC,1844,spain_rest,C,0,0.784,1.0,0,0
trackC,1844,switzerland,A,1,0.442,0.2,6514,0
trackC,1844,warsaw,B,0,0.276,0.3,0,6209
trackC,1844,saxony,C,0,0.266,0.2,0,0
trackC,1845,old_france,A,3,0.0,0.0,45000,0
trackC,1845,d1_inner,A,2,0.069,0.05,16061,0
trackC,1845,parma,A,3,0.193,0.0,731,0
trackC,1845,tuscany,C,0,0.083,0.05,0,0
trackC,1845,valais,A,3,0.035,0.0,820,0
trackC,1845,berg,A,3,0.0,0.05,2000,0
trackC,1845,westphalia,A,2,0.242,0.1,5214,0
trackC,1845,west_rest,A,3,0.177,0.1,2126,0
trackC,1845,holland,A,2,0.249,0.05,7188,0
trackC,1845,hanseatic,A,3,0.047,0.05,3927,0
trackC,1845,rome,C,0,0.317,0.05,0,0
trackC,1845,illyria,A,1,0.342,0.3,15139,0
trackC,1845,catalonia,C,0,0.812,1.0,0,0
trackC,1845,spain_ebro,C,0,0.757,1.0,0,0
trackC,1845,north_italy,A,1,0.372,0.3,28074,0
trackC,1845,south_germany,C,0,0.386,0.3,0,0
trackC,1845,naples,B,0,0.551,0.8,0,21017
trackC,1845,spain_rest,C,0,0.782,1.0,0,0
trackC,1845,switzerland,A,1,0.44,0.2,6482,0
trackC,1845,warsaw,B,0,0.276,0.3,0,6207
trackC,1845,saxony,C,0,0.266,0.2,0,0
trackC,1846,old_france,A,3,0.0,0.0,45000,0
trackC,1846,d1_inner,A,2,0.069,0.05,16060,0
trackC,1846,parma,A,3,0.193,0.0,730,0
trackC,1846,tuscany,C,0,0.083,0.05,0,0
trackC,1846,valais,A,3,0.035,0.0,820,0
trackC,1846,berg,A,3,0.0,0.05,2000,0
trackC,1846,westphalia,A,2,0.242,0.1,5211,0
trackC,1846,west_rest,A,3,0.177,0.1,2125,0
trackC,1846,holland,A,2,0.249,0.05,7184,0
trackC,1846,hanseatic,A,3,0.046,0.05,3927,0
trackC,1846,rome,C,0,0.316,0.05,0,0
trackC,1846,illyria,A,1,0.34,0.3,15119,0
trackC,1846,catalonia,C,0,0.811,1.0,0,0
trackC,1846,spain_ebro,C,0,0.756,1.0,0,0
trackC,1846,north_italy,A,1,0.372,0.3,28042,0
trackC,1846,south_germany,C,0,0.386,0.3,0,0
trackC,1846,naples,B,0,0.551,0.8,0,21013
trackC,1846,spain_rest,C,0,0.781,1.0,0,0
trackC,1846,switzerland,A,1,0.438,0.2,6454,0
trackC,1846,warsaw,B,0,0.276,0.3,0,6205
trackC,1846,saxony,C,0,0.266,0.2,0,0
trackC,1847,old_france,A,3,0.0,0.0,45000,0
trackC,1847,d1_inner,A,2,0.069,0.05,16060,0
trackC,1847,parma,A,3,0.193,0.0,730,0
trackC,1847,tuscany,C,0,0.083,0.05,0,0
trackC,1847,valais,A,3,0.035,0.0,820,0
trackC,1847,berg,A,3,0.0,0.05,2000,0
trackC,1847,westphalia,A,2,0.241,0.1,5208,0
trackC,1847,west_rest,A,3,0.177,0.1,2123,0
trackC,1847,holland,A,2,0.249,0.05,7182,0
trackC,1847,hanseatic,A,3,0.046,0.05,3926,0
trackC,1847,rome,C,0,0.315,0.05,0,0
trackC,1847,illyria,A,1,0.339,0.3,15101,0
trackC,1847,catalonia,C,0,0.81,1.0,0,0
trackC,1847,spain_ebro,C,0,0.755,1.0,0,0
trackC,1847,north_italy,A,1,0.372,0.3,28016,0
trackC,1847,south_germany,C,0,0.385,0.3,0,0
trackC,1847,naples,B,0,0.55,0.8,0,21010
trackC,1847,spain_rest,C,0,0.78,1.0,0,0
trackC,1847,switzerland,A,1,0.436,0.2,6430,0
trackC,1847,warsaw,B,0,0.275,0.3,0,6204
trackC,1847,saxony,C,0,0.265,0.2,0,0
trackC,1848,old_france,A,3,0.07,0.0,46286,0
trackC,1848,d1_inner,A,2,0.139,0.05,17156,0
trackC,1848,parma,A,3,0.263,0.0,841,0
trackC,1848,tuscany,C,0,0.153,0.05,0,0
trackC,1848,valais,A,3,0.105,0.0,831,0
trackC,1848,berg,A,3,0.07,0.05,2047,0
trackC,1848,westphalia,A,2,0.311,0.1,6007,0
trackC,1848,west_rest,A,3,0.246,0.1,2429,0
trackC,1848,holland,A,2,0.318,0.05,7938,0
trackC,1848,hanseatic,A,3,0.116,0.05,4067,0
trackC,1848,rome,C,0,0.384,0.05,0,0
trackC,1848,illyria,A,1,0.408,0.3,16153,0
trackC,1848,catalonia,C,0,0.879,1.0,0,0
trackC,1848,spain_ebro,C,0,0.825,1.0,0,0
trackC,1848,north_italy,A,1,0.441,0.3,33188,0
trackC,1848,south_germany,C,0,0.455,0.3,0,0
trackC,1848,naples,B,0,0.62,0.8,0,22407
trackC,1848,spain_rest,C,0,0.849,1.0,0,0
trackC,1848,switzerland,A,1,0.505,0.2,7593,0
trackC,1848,warsaw,B,0,0.345,0.3,0,6763
trackC,1848,saxony,C,0,0.335,0.2,0,0
