file,line,section,text
00_导论.md,7,### 引言：征服一片大陆，然后呢？,1810年7月9日，拿破仑给即将主持荷兰事务的勒布伦写下了一句毫不含糊的话：“我的意图，是亲自治理这个国家。”他要这位代理人观察、调查、报告，然后执行巴黎直接发来的命令。荷兰才刚刚由皇帝的弟弟路易统治过。王朝亲缘没有保住它的独立政府，一份数月前签订的条约，也没有挡住兼并。〔导1〕
00_导论.md,9,### 引言：征服一片大陆，然后呢？,这封信指出了拿破仑帝国最深的矛盾。法国有能力击败一支军队、改变一个王朝、建立新的法院和税务机关；它却没有因此获得一种同样可靠的能力：让被统治者相信，今天交出的税与兵，能够换来明天不再加码的承诺。
00_导论.md,11,### 引言：征服一片大陆，然后呢？,如果把时间拨回1803年，法国面前确实还有另一条路。但问题不是替皇帝挑选几场必胜的战役。真正需要重写的，是胜利的用途：**法国应当拿什么去交换欧洲的服从，又应当保留哪些别国权利，使这种服从越过战争、歉收和皇帝本人的死亡？**
00_导论.md,13,### 引言：征服一片大陆，然后呢？,最雄心勃勃的答案，是把欧洲变成一个扩大的法国：王国改为省，君主改为行政长官，军队、税收和法律全部归巴黎指挥。这也是最需要认真检验的答案。若它成立，有限霸权便只是拿破仑缺乏耐心的遗憾；若它不成立，限制直辖范围就不是失败者的安慰，而是胜利者维持优势的必要条件。
00_导论.md,15,### 引言：征服一片大陆，然后呢？,本书的核心判断是：**法国存在保住较大的大陆优势、避免1812—1814年崩溃并建立持久主导秩序的可信路径；把整个欧洲长期改造成法国直辖省，则不是这一时期可执行的主线。**可行的帝国会有一个较大的直辖核心，外围保留本国财政、军队和王朝，俄罗斯仍是独立强国，英国仍拥有主要海上优势。巴黎可以成为欧洲大陆最重要的政治中心，却不会成为所有欧洲政府的上级机关。
00_导论.md,17,### 引言：征服一片大陆，然后呢？,这不是把“控制整个欧洲”换个名字后宣告成功。若“控制”要求英国服从法国的海上规则、俄罗斯接受法国支配其外交军备、所有大陆王国都失去最终决定权，那么答案是否定的。若目标是阻止反法同盟摧毁法国优势，使邻国在大多数重大问题上不得不与巴黎议价，那么答案是有条件的肯定。**这两种胜利，必须从第一页起就分开。**
00_导论.md,21,### 一条主线，两个不同的出口,最值得推演的主线，把1803年至1807年7月的已发生历史作为起点：法国赢得乌尔姆、奥斯特里茨、耶拿—奥尔施泰特和弗里德兰，取得莱茵左岸及意大利既有地位，建立莱茵邦联、威斯特法利亚王国和华沙公国，与俄国签订提尔西特条约。特拉法加的损失也随之保留，胜利的果实和取得果实的代价一起进入推演。
00_导论.md,23,### 一条主线，两个不同的出口,分岔发生在提尔西特之后。法国不再为了把海岸封死而接连吞并沿海国家；不启动瓜分葡萄牙、借道西班牙并最终废黜西班牙波旁王朝的升级链；逐步将对英经济战争改为可公布、可谈判的关税和有限禁运；在波兰、俄国通商和教廷主权上作出能执行的妥协。法国仍然准备战争，但不再把每一个逃避巴黎命令的港口都当作必须吞并的领土。
00_导论.md,25,### 一条主线，两个不同的出口,这里另保留两条支线。其一是1803年即维持亚眠和平：它可能少死人、少负债，却也没有后来战胜奥普所得的王冠与疆土。其二是1808年春才止损：法军已经进入伊比利亚、葡萄牙王室已经出走，此时仍可不废西班牙国王，但撤军、修复信任和处理英国介入的成本都更高。两条支线不能借用主线里没有付出代价的战果，主线也不能同时拥有“没有入侵葡萄牙”与“葡萄牙王室已迁巴西”两套互相排斥的前提。
00_导论.md,27,### 一条主线，两个不同的出口,在这一主线里，拿破仑不需要突然变成自由主义者。他需要的是把已经拥有的能力用于不同目的：以贸易准入换同盟，以可预期的兵额换稳定兵源，以保留地方王冠换减少驻军，以承认有限边界换取借款和继承的可信度。上述工具并非全由后人发明；专约、附庸宪法、联姻、配额、商业许可证、补贴中立和限制驻军，都有当时的实践。**新的，是把它们组成一套持续执行的政策，而不是一次危机中的临时退让。**
00_导论.md,31,### 怎样读这部反事实史,叙述中的史实，是已经发生、并有文书、统计或研究支持的事件。推演则回答：改变某项法国政策之后，其他行动者为了自身利益，更可能采取什么行动。对有明确争议的地方，本书给出有顺序的结论群：最有根据的结果、能够改变结果的条件，以及条件不满足时的退路。资料尚未证明、但从已知利益与制度可以推出的判断，也明确写入正文；反事实史的任务不只核实已经发生过什么，还要判断没有发生的道路会通向哪里。证据约束推演的起点，不替作者免除作出判断的责任。
00_导论.md,33,### 怎样读这部反事实史,数量承担两种不同任务。人口、税额、船数、征募人数和货物重量，是重建历史能力的材料；假设驻军密度、军费分配或服役年限所得的数字，是压力测试。后一类数字可以揭示“这一安排靠什么才能成立”，不能变成“历史有多少概率按此发生”。以小数点后两位表示拿破仑的克制、英国的议和意愿或1848年的革命机会，并不会使主观判断更可靠。
00_导论.md,35,### 怎样读这部反事实史,因此，本书不编造一个精确的“法国胜率”。它给出比胜率更可用的结论：哪些组合已有现实先例，哪些组合在同一预算内互相挤占，哪些安排虽可画在地图上，却要求盟友先失去合作的理由。
00_导论.md,37,### 怎样读这部反事实史,材料也不是越堆越多越有说服力。一本书、一份档案和三个研究笔记，若都追溯到同一张征兵表，仍只有一组原始证据。来源没有读到正文，就不能用书名填补论证；模型没有观测数据，就不能把设定重述成发现。相反，一份原来因网页障碍没有读到的研究，若说明兼并地区存在大量协商和逐渐适应，就必须纳入，即使它削弱“外圈必然反抗”的整齐论断。
00_导论.md,39,### 怎样读这部反事实史,全书先考察法国能够持续支付多少权力，再转向海峡两岸、大陆诸国、美洲和印度；随后把材料收回最重要的行省化问题，最后推演1815—1848年的经济、社会与继承。读者若先看结论，可读“行省化的边界”与末章；若要判断结论是否站得住，则应特别留意那些改变叙事方向的细节：到营而非征令上的人数，汇到巴黎而非在当地吃掉的税款，真正可出海而非船厂账上的战舰，以及一项条约究竟赋予了什么权利。
01_法国的能力与代价.md,5,## 一、皇帝的桌上，已经摆着另一种欧洲,1805年10月17日，塔列朗在斯特拉斯堡向拿破仑提出一种与继续削弱奥地利不同的安排。他警告皇帝：哈布斯堡君主国可以被打碎，但一旦碎裂，连胜利者自己也未必有能力把它重新拼起。保留一个能够合作的奥地利，通过补偿与保证把它拉向法国，比使它永远等待复仇，更有利于建立秩序。〔法1〕
01_法国的能力与代价.md,7,## 一、皇帝的桌上，已经摆着另一种欧洲,这个方案没有成为帝国的政策。它的重要性，不在于证明拿破仑只须听取一位聪明大臣便能统治欧洲，而在于证明：**以强国妥协代替不断惩罚，在当时就是一个真实选项。**持久霸权所需的思想工具并未完全缺席，缺的是赋予这些工具稳定效力的政治安排。
01_法国的能力与代价.md,9,## 一、皇帝的桌上，已经摆着另一种欧洲,拿破仑并非始终拒绝退让。他与教廷达成1801年专约，签订1802年亚眠和约，允许封锁体系出现许可证通道，也在1810年选择与哈布斯堡联姻。但这些退让通常保留着皇帝的单方面裁量：专约旁边附上教皇未同意的《组织条款》；许可证由皇帝批准、附加条件并随时改变；荷兰得到保留王国的条约之后，又被兼并。
01_法国的能力与代价.md,11,## 一、皇帝的桌上，已经摆着另一种欧洲,从这些经历最稳妥地得出的，不是某个“克制概率”，而是一条政治判断：拿破仑能够改变手段，却很少愿意承认一种自己不能单方面重开谈判的边界。未来秩序最难购买的，并非一次妥协，而是妥协之后不再加价。
01_法国的能力与代价.md,15,### 好情报为什么没有阻止坏决策,帝国并不缺少收集消息的机关。警务报告、外交使馆、截信和军队侦察，为巴黎提供了大量信息。困难发生在汇总与判断：报告人知道皇帝期待什么，代理人有自己的野心，皇帝又常把对手的政治决心还原为一张可以击败的兵力表。
01_法国的能力与代价.md,17,### 好情报为什么没有阻止坏决策,科兰古记述，1811年6月5日，他长时间向拿破仑说明俄国皇帝不愿因首都失守而屈服的态度。俄国可以后退，把空间和时间变成武器。这份回忆不能当作当日的逐字速记，却与1812年实际暴露的战略分歧相符：法国寻求一次决定性会战，俄国并无义务接受这种决定胜负的方法。〔法2〕
01_法国的能力与代价.md,19,### 好情报为什么没有阻止坏决策,西班牙的误判也不是单纯少了一份正确报告。缪拉对王位的期待、使者的奉承、巴黎对波旁宫廷的轻蔑，与把宫廷危机误当成整个国家无主的判断叠加在一起。占领首都与取得社会服从之间的距离，被决策中枢压缩掉了。
01_法国的能力与代价.md,21,### 好情报为什么没有阻止坏决策,政策改变因而需要改变信息的作用方式。省长报告完成征额时，还应同时报告多少人真正到营、多少人需要武装押送；财政大臣报告新省税额时，还应说明征收成本、地方开支和旧债；舰队报告有多少战列舰时，还应说明船员、修理和出海训练。若只把对胜利有利的数字送到皇帝桌上，较好的报表反而可能帮助他更快地作出过度扩张的决定。
01_法国的能力与代价.md,25,### 一个人并不等于一个欧洲政府,拿破仑的通信数量足以显示工作强度，却不能直接测出治理能力。现存《通信集》的选编、版本与保留范围不同，用信件总数算出“欧洲还能扩大几倍”，会把出版史误当行政产能。
01_法国的能力与代价.md,27,### 一个人并不等于一个欧洲政府,较可信的证据在权力结构本身。勒布伦、欧仁以及各地总督能够处理许多行政事务，但军事、外交和重要经济决定仍不断回到皇帝。地方首脑的职责可以很繁重，最终的政治裁量却很狭窄。这样一个系统在战争胜利时迅速而有力，在长期和平中则会反复遇到同一问题：**规则是否有用，要看它能否在皇帝不同意某次具体结果时继续存在。**
01_法国的能力与代价.md,29,### 一个人并不等于一个欧洲政府,行政分工早已存在，政治授权并非一张白纸。莱茵邦联成员保有主权，意大利王国有自己的财政和军队，瑞士调停制也不等同法国省制。因此，另一条道路不是从零发明“分权”，而是承认这些已有机构的边界，把临时容忍变成更可信的权利。
01_法国的能力与代价.md,33,## 二、兵力的真正边界：征到、养住、送到,拿破仑的陆军优势是真实的。它来自军团组织、征兵、训练、干部经验、参谋工作和战场指挥的结合，而非法国拥有一个可以无限提取的男性人口库。长期霸权需要维持的不是1812年出征时的一张名册，而是下一年仍能补足损耗、支付费用并守住其他边界的军队。
01_法国的能力与代价.md,37,### 征召令不是已经到营的人,1813年的征兵高潮显示了帝国的动员能力，也显示了它的边界。皮加尔汇集的法令数字中，1812年9月至1813年11月的十五个月征召总量达到约152.7万人；这是命令总额，包含不同年级和不同批次，并非新增的同龄青年，更不是全部已投入战场的兵员。现存明细与聚合数之间仍有约21万人的覆盖差。〔法3〕
01_法国的能力与代价.md,39,### 征召令不是已经到营的人,"另一个更具体的切片是1813年10月9日的一批征召：127,433人的名义数，对应截至12月底抵达部队的72,265人，到营约56.7%。这个比例说明末期补兵十分困难，却只属于这一批次、这一截止日；将它推广成整个帝国的常年到营率，会制造另一种错误。〔法4〕"
01_法国的能力与代价.md,41,### 征召令不是已经到营的人,"内圈并合地的情况更加复杂。莱茵四省1806—1810年统计的动员24,186人中，征前逃避8,138人，约33.65%；入伍后逃亡725人，约3%。阿尔萨斯对应的两项比例约17.12%和13.23%。同一个莱茵地区，若看征前逃避，显得比老法国更难征；若看入伍后逃亡，又显得格外可靠。〔法5〕"
01_法国的能力与代价.md,43,### 征召令不是已经到营的人,这组反差不是细枝末节。它说明地方社会可能拒绝让某些青年入伍，同时让已经进入军队的人形成稳定服役关系。替身市场、逃往河对岸的机会、家庭财产和地方官员的处置，都参与了筛选。由此得出的结论是：法国能够在异语地区建立有效兵源，但这种能力依赖地方合作与执法，不能只用“民族忠诚”解释。
01_法国的能力与代价.md,47,### 有归期的军队，需要另一种补兵账,战争死亡也须先确定统计人口。Houdaille依据军籍登记研究的是法国陆军中的法国人与外国人，不包括所有保留本国军籍的盟国部队。他将约119万死亡与失踪总量按返乡者作修正，得到约87万；另以不同返乡估计得到约89万。这是同一重建中的修正差别，不是统计置信区间，更不是约90万全由旧法国出生人口组成的结论。海军与某些未进入军籍的损失亦不在其中。〔法14〕
01_法国的能力与代价.md,49,### 有归期的军队，需要另一种补兵账,该文另估，按1815年法国边界出生者约191.5万人曾服役；1804年以前并合地区出生的约38.9万人，包括莱茵、弗拉芒、瓦隆和意大利等不同来源。兵籍范围、出生地与国家疆界是三种分类。弄清这些分类，比把一个总死亡数平均分摊成年年相同的和平损耗更有用。
01_法国的能力与代价.md,51,### 有归期的军队，需要另一种补兵账,和平能降低战死与失踪，却也让士兵更有理由要求退伍。战争时期不断留营形成的庞大存量，不能与和平时期低征额、短役期和低社会不满同时免费获得。
01_法国的能力与代价.md,53,### 有归期的军队，需要另一种补兵账,以一组明确的计算假设为例：新征人员中90%进入可持续服役队列，服役六年，每年另有2.5%永久退出。采用固定役期的稳态公式，维持50万在册人员需要约9.97万人的年度补充；用较粗的“六分之一退伍加退出率”近似，则得到约10.65万。两者相差约6.8%。它们都不是历史观测，但这个差异足以提醒我们，不能仅凭后一数字就宣布50万军队越过一个精确的政治阈值。〔法6〕
01_法国的能力与代价.md,55,### 有归期的军队，需要另一种补兵账,同样条件下，40万至45万在册军的年度补充约为8万至9万人。还须另计海军从商船、渔业和沿海人口取得的人员，以及战争、瘟疫或盟军退出带来的额外需求。据此可把每年8万至10万和平征额作为规划参考；它仍须随死亡率、役期和家庭负担调整。
01_法国的能力与代价.md,57,### 有归期的军队，需要另一种补兵账,较有根据的战略配置因而是：法国维持约40万至45万人的常备军规模，辅以有本国税源、保有建制的盟军，并保留扩军余地。这里的规模是方案，不是预测。它的优点是避免把整个体系建立在永久追征旧年级与不兑现退伍之上；它的弱点则是，法国必须允许那些替它养兵的政府真正存在。
01_法国的能力与代价.md,61,### 一支军队不能同时驻在两个地方,"西班牙战争最深的军事损失，不仅是伤亡，而是把大量兵力固定在交通、要塞、征发与治安任务上。奥曼整理的1810年1月15日切片，列出伊比利亚境内总数324,996、在伍262,051。两数之差已经说明，医院、仓库和名册中的人员不能全部成为战役机动兵。〔法7〕"
01_法国的能力与代价.md,63,### 一支军队不能同时驻在两个地方,避免这场战争，可以释放一大部分任务和资源，但不等于把26万人直接加到某年法国的进攻军团。部队还要轮换、复员、补员，法国海岸、意大利、德意志和对俄边界仍需守备。正确的收益是让法国不必常年支付这样一个战区，而不是凭空获得一支完整、永不退伍的第二大军团。
01_法国的能力与代价.md,65,### 一支军队不能同时驻在两个地方,战区任务模型进一步显示扩张的代价：其较小一档已包括并合内圈、北意大利、德意志西部和伊利里亚，中心需求约56.6万在场兵；继续并入南德、那不勒斯和西班牙，中心需求上升到约92.2万；再扩展到哈布斯堡余部及北欧，达到约110.2万。后两档即使宽给100万在册、按80%在场计算，仍出现12.2万和30.2万的缺口。〔法6〕
01_法国的能力与代价.md,67,### 一支军队不能同时驻在两个地方,这组战区筛查与后文行省化章的逐地区模型，地图和算法都不同，不应将名称相近的档位逐项等同。它们不是从档案直接加总得到的欧洲驻军数。地区人口、驻军密度和边防任务包含情景设定，而且所谓最广方案还没有全面纳入英国、欧洲俄国、奥斯曼腹地、葡萄牙和西西里。它们应被读成一道压力题：**法国在尚未吞下整个欧洲之前，就已经要解释为何它能长期支付超过通常可用军力的任务。**
01_法国的能力与代价.md,73,### 库存可以救急，不能年年重来,法国军工能够大量生产成熟制式武器，却仍带有强烈的工场和手工业特征。让更多青年披上军装，比让他们同时得到合格枪械、炮车、挽马和训练更容易。
01_法国的能力与代价.md,75,### 库存可以救急，不能年年重来,"让—弗朗索瓦·布兰的研究列出一组尤其重要的枪械账：1812年4月1日，仓库有约811,000支步枪；此后至1813年7月1日制造约159,000支，同期耗用约880,000支。后三者若属于同一库存边界，算术余额只有90,000支；但修复、缴获与调拨项目未全部列明，90,000只能作为残差，不能冒充实查库存。较稳固的结论是，帝国在十五个月中动用了多年积累，新增生产只覆盖同期耗用的一小部分。〔法8〕"
01_法国的能力与代价.md,77,### 库存可以救急，不能年年重来,"同一研究给出的常见月产量约8,000至10,000支，强力动员时仍难超过18,000件肩射武器。这里的肩射武器与全部步枪必须分开；产出、验收和交付也必须分开。梅斯在1804年9月至1808年1月制造279门炮、验收211门的例子，表明铸出炮管并不自动获得可部署火炮。"
01_法国的能力与代价.md,79,### 库存可以救急，不能年年重来,"武器没有因此成为唯一瓶颈。火药、马匹和炮兵训练各有自己的约束。全国约3,000吨年火药生产的文献估值，不等于埃松一家工厂的产量，也不保证某个战区及时收到弹药。勒里波火药厂四座磨坊“每日可制800公斤”说的是特定设备的能力，不宜乘以365便当全年实际产量。"
01_法国的能力与代价.md,83,### 互换性是一项真实机会，不是一把魔法钥匙,奥诺雷·布朗曾演示互换枪机。法国不是不知道标准化的好处，也并非完全缺乏机械制造人才。然而，从试验台上任意装配，到让许多工场以稳定成本生产大量相同零件，中间隔着量具、工序控制、验收标准、工匠利益和采购制度。
01_法国的能力与代价.md,85,### 互换性是一项真实机会，不是一把魔法钥匙,因此，和平时期恢复互换性试验、改进量具和集中验收，是有根据的政策机会；宣称只要拿破仑作出决定，法国便能提前拥有成熟的十九世纪中叶军工体系，则越过了证据。制造业的制度选择可以改变扩散速度，不能取消持续投资与试错。〔法9〕
01_法国的能力与代价.md,89,### 马匹损耗也是人力损耗,1812年俄国远征的军马损失，并非仅由冬季造成。饲料、水、长途行军、蹄铁、疾病以及骑兵和运输人员的养护经验，早已在冬季到来之前消耗马群。以不同口径估计的十余万匹损失，既包括骑兵乘马，也包括炮兵和运输挽马，不能全部计为骑兵损失。
01_法国的能力与代价.md,91,### 马匹损耗也是人力损耗,1813年可以继续买到马，却未必同时买到足够的熟练骑手、车夫和兽医。道森研究中的累计采购与配装数，反映一段时期的重建流量，不是某日同在战场上的存量。这正是避免1812年灾难比事后再多征几十万人更有价值的地方：它保存了人员、动物和组织之间已经形成的配合。〔法10〕
01_法国的能力与代价.md,93,### 马匹损耗也是人力损耗,"粮秣也要求同样的诚实。假设50万人每日各需1.5公斤粮食、12.5万匹马每日各需10公斤饲料，合计就是2,000吨。若马减为10万匹，则是1,750吨。这个250吨差额完全来自假设中的马数，而非两个史料互相冲突；饲料也并非全是需要远程运输的谷物。它们的用途，是说明远征规模扩大后为什么需要河运、地方采购、仓储和季节安排共同支撑，而不是宣布任何一支军队每日必由巴黎运来相同吨位。〔法6〕"
01_法国的能力与代价.md,97,## 四、战争是否真的养得起战争,“停止征服就会破产”是一个诱人的解释。它把帝国写成只能靠吞食新国家维持生命的机器。然而，战争收入和战争支出必须放在同一张账上。
01_法国的能力与代价.md,99,## 四、战争是否真的养得起战争,布兰达对1803—1814年战争附加成本的重建，总额为42.84亿法郎。其中本国国库筹措18.59亿，战争所得及盟友提供的节省17.99亿，未付支出5.03亿，金融机构贷款1.23亿。所谓战争所得17.99亿，既有征发、贡赋与条约收入，也包括约3.83亿的避免成本。后者不是送进巴黎金库的现金，而是盟军作战和盟国供养法国驻军，使法国少花的钱。〔法11〕
01_法国的能力与代价.md,101,## 四、战争是否真的养得起战争,这张表足以否定一种说法：拿破仑全部战争都由敌人付款。它却不能反过来证明和平必然带来财政危机。停止一次占领，可能同时失去贡赋和省去占领开支；让盟军复员，也同时减少一项避免成本和一项军事任务。
01_法国的能力与代价.md,105,### 荷兰的账，为什么与巴黎不同,"马克·海利用荷兰方面的账目，指出以法国中央账为中心会漏掉由盟国直接支付的资源。1795—1806年荷兰为法国驻军支付约9,598万盾；他据其中拿破仑时期的款项，提出在布兰达核算中补入逾1.12亿法郎，使境外资源占战争成本的估计由约42%上调至44.6%。该修订是特定支出渠道的补正，不是已经穷尽所有盟国的新总账。〔法12〕"
01_法国的能力与代价.md,107,### 荷兰的账，为什么与巴黎不同,这一研究强化了两层判断。第一，法国确实依赖其政治优势取得资源，不能把贡赋轻描淡写地删去。第二，**保留一个替法国养兵的荷兰政府，与把荷兰吞成法国省，财政效果不同。**前者把部分支出留给盟国预算，后者可能把旧债、行政责任和社会冲突一并带回巴黎。
01_法国的能力与代价.md,111,### 西班牙的3.5亿，为什么没有成为法国的财富,布兰达表列1808—1813年西班牙“普通贡赋”约3.5亿法郎，同额在战区由军队取用，汇给法国国库一栏为零。这不是说西班牙没有被榨取，而是说明：当地社会付出了很大代价，法国中央却没有取得同样规模的自由现金。若再拿这笔钱去支付新舰队或德意志驻军，便把已经吃掉的军粮花了第二次。〔法11〕
01_法国的能力与代价.md,113,### 西班牙的3.5亿，为什么没有成为法国的财富,"相反，盟军提供的资源也不能抹掉。按布兰达兵日估值，1805—1813年的盟军作战节省依次约为882万、2,326万、1,883万、1,067万、5,677万、2,475万、1,489万、6,007万和3,569万法郎，累计约2.537亿。它在1809、1812年随大战上升，并非一条可以永久移交海军使用的和平收入。"
01_法国的能力与代价.md,115,### 西班牙的3.5亿，为什么没有成为法国的财富,上述节省再加盟国供养法国驻军约1.291亿，得到约3.828亿，支持总表的3.83亿；正文另一处3.52亿与明细不合，本书不据其另造一项收入。细账的重要性正在这里：一个误读的数，足以让原本紧张的方案显得宽裕。
01_法国的能力与代价.md,117,### 西班牙的3.5亿，为什么没有成为法国的财富,战争账还有一个常被征服收入遮住的末尾：1815年失败之后，法国支付的赔款、占领军供养与相关索赔累计约14.12亿法郎。避免这场失败，既能保护人民与财产，也能保住国家未来几年的预算选择。它不应被写作一笔可立即花出的“胜利收入”；它说明停止冒险的收益可能远大于再向一个疲惫盟国多要几千万。分项及原刊算术问题见资料附编。〔法11〕
01_法国的能力与代价.md,121,## 五、新省的税额，究竟是谁的钱,"马里翁引述的1812年财政预期，把1792年以来并入地区的收入列为毛额342,260,044法郎、净额226,389,345法郎。随后举出的八个地区合计却只有313,791,000法郎，原文以“等等”收尾，尚有28,469,044法郎没有逐区列出。八行数字不是一张完整的地区总账。〔法13〕"
01_法国的能力与代价.md,138,## 五、新省的税额，究竟是谁的钱,这组材料至少有三个限制。它是预期，不是实收；总净额没有自动扣除一切军事、旧债与工程负担；用全部并合地的平均净毛比去计算每一地区让出的净收入，只是量级近似，不是地区决算。
01_法国的能力与代价.md,140,## 五、新省的税额，究竟是谁的钱,"戈丹1811年4月30日对最近兼并的判断更直接：新增收入至多约1.05亿，分项包括荷兰5,500万、先并入的莱茵河口和斯海尔德河口等地700万、汉萨2,000万、伊利里亚1,000万、罗马与特拉西梅诺1,250万。他特别指出，辛普朗的税收甚至不够本地行政费用；兼并它是为了通往意大利的交通，而非赚钱。"
01_法国的能力与代价.md,142,## 五、新省的税额，究竟是谁的钱,**这不是对行省制的全盘否定，而是要求区分盈利地区与战略补贴地区。**山口可以值得支付补贴，港口也可能因安全而重要；问题是补贴必须在别处找到真实收入，不能因为地图涂上法国颜色就被改称财政贡献。
01_法国的能力与代价.md,146,### 毛税、现金与年度，不可随意互换,"财政账自身还有时间差。马里翁记共和十三年某项收入按会计年度为172,763,591法郎，同一十二个月实际入库149,627,795法郎，约为前者86.6%。这不是同一笔钱突然减少，而是应计与现金期间不同。"
01_法国的能力与代价.md,148,### 毛税、现金与年度，不可随意互换,"烟草专卖同样显示毛净区别。1812年约4,300万收入中，有约2,600万费用；将毛额全部视为军费会严重高估空间。1810年约6,104.6万特别关税，又含兼并地区存货处置、加税、许可与罚没，其中一次性收入不能每年重复。〔法13〕"
01_法国的能力与代价.md,150,### 毛税、现金与年度，不可随意互换,这些细节足以否定“法国每年稳定有某个精确数额可以同时养陆军、追英国海军并修铁路”的简便结论。比较合理的量级，是在疆域、税制与和平条件不同的方案间，分别核算可支配资源。
01_法国的能力与代价.md,154,## 六、一个较小的战争预算，会不会养出一个较强的帝国,"账期与现金之间，还隔着征收时间。马里翁列共和十三年登记、印花及地产等收入，按账期计为172,763,591法郎，该年十二个月实际入库149,627,795法郎，两数之比约86.61%。这并不等于其余13.39%永远收不到，也不是整个法国的通用收税成功率；它说明已经列入国库权利的收入，仍可能赶不上本年的支付日期。〔法13〕"
01_法国的能力与代价.md,156,## 六、一个较小的战争预算，会不会养出一个较强的帝国,"1811年4月30日，高丹估计最近并合地区可带来“至多1.05亿”法郎：荷兰5,500万，莱茵河口、斯海尔德河口及布雷达等新增地区700万，三个汉萨省2,000万，伊利里亚1,000万，罗马与特拉西梅诺1,250万，列项合计1.045亿。辛普朗的税收甚至不够支付自身行政；其价值主要是通往意大利的交通。这里的数字是增收预期，还未扣清各地旧债、驻军与工程。〔法13〕"
01_法国的能力与代价.md,158,## 六、一个较小的战争预算，会不会养出一个较强的帝国,"拿破仑对罗马的要求，则展示另一种算法。1810年7月26日的财政安排，把陆军3.5亿、海军1亿、民用表3,000万、外交850万、财政中央800万合计为4.965亿法郎，按3,700万人口分摊，每百万人约需1,342万，文书取整为1,400万。罗马地区约80万人遂被要求承担约1,100万，再扣当地民用表150万和教皇120万，目标净贡献约800万。**巴黎是先算帝国需要多少钱，再向地方分摊；这不能代替地方究竟付得起多少的调查。**〔法17〕"
01_法国的能力与代价.md,160,## 六、一个较小的战争预算，会不会养出一个较强的帝国,以下预算比较取经常收入7.5亿法郎为中位方案，6.5亿为下行、8亿为较高收入情景。这是依据帝国财政尺度构造的规划数，不是拿破仑没有侵俄以后某一年的已知决算。扣除非军事开支、旧债、补偿、储备，再给海军拨款，才得到陆军能够花的钱。
01_法国的能力与代价.md,162,## 六、一个较小的战争预算，会不会养出一个较强的帝国,若留给陆军3亿法郎，并以每名军人每年700法郎作费用代理，只能支付约42.86万法国军籍人员；若另有20万自养盟军、统一按85%在场，合计约53.43万在场兵。若兵均费用为900法郎，同样3亿只支付33.33万人。700来自莫利安经马里翁等人的回忆性估值，900有那不勒斯费用的参照，二者不是一条已被估计的通用成本曲线。〔法6、法13〕
01_法国的能力与代价.md,164,## 六、一个较小的战争预算，会不会养出一个较强的帝国,这笔兵均费用也有边界。布兰达将全年平均费用折为每日约1.91法郎，再乘盟军战役兵日，估计法国避免的开支。统计只覆盖战役日，日费却不是由此测得的纯边际战费。完整和平预算仍须另列人员构成、军械、马匹与地方供养。
01_法国的能力与代价.md,166,## 六、一个较小的战争预算，会不会养出一个较强的帝国,在较有限的直辖方案中，把部分造舰预算从1.95亿降低至约1.65亿、提高陆军预算并保持约25万自养盟军，能够构造出较小的人力与财政余量。这个例子证明有限霸权不是明显超出法国资源；它也表明法国的胜利方案没有多少免费余地。盟友退出、税收下滑或海军竞争升级，都会重新挤压余额。
01_法国的能力与代价.md,170,### 陆军与海军，必须从同一笔钱中付款,把上述选择放在一张表上，和平帝国的财政轮廓会更清楚。下列四案沿用马里翁所提供的费用尺度与本书的规划假设，单位均为百万法郎／年；不是未发生历史的决算。经常收入已扣征收成本，民政栏包括旧债息与既有养老金，避免再次重复计算。
01_法国的能力与代价.md,179,### 陆军与海军，必须从同一笔钱中付款,"陆军3亿若按每人700法郎折算，约供养42.86万在册者；3.5亿对应50万。若实际兵均成本接近900法郎，前者便只能供养33.33万。盟国自养部队另列，不从这3亿中再扣一次；但“自养部队”与另缴4,000万现金能否兼得，须逐国订约，不能默认盟国的钱无限可取。〔法13〕"
01_法国的能力与代价.md,181,### 陆军与海军，必须从同一笔钱中付款,"**明确的选择是：先支付能够守住有限大陆秩序的军队，再分期追赶海军；新增兼并排在两者之后。**第一案有9,000万缺口，已经超过“节俭一点”能够不痛不痒解决的范围。第三案虽闭合，收入下滑一成便会少8,000万，盟友停止付款又会另少4,000万。以短期借款渡过一次歉收可行，以它们常年掩盖同一缺口，则只是把下一次军事危机提前变成债务危机。"
01_法国的能力与代价.md,183,### 陆军与海军，必须从同一笔钱中付款,这也限定第三章舰队推演的含义：1830年舰体逼近英国九成是一条高条件分支，不是与所有陆上任务兼容的既定预算成果。较稳的先后次序是修舰、保养基地、稳定舰员与商船航海训练，然后随税源和信用增长追加新舰。法国可以逐步缩小差距；它必须放弃的，是在第一天就为陆海两军同时购买最大规模。
01_法国的能力与代价.md,185,### 陆军与海军，必须从同一笔钱中付款,真正值得选择的，不是永远支付最庞大的陆军，而是减少必须由陆军承担的任务：让西班牙仍有国王，荷兰仍有自己的政府，教皇仍保留有限领地主权，让南德君主把法国当作王号与领土的保障，而非下一位没收这些权利的人。
01_法国的能力与代价.md,187,### 陆军与海军，必须从同一笔钱中付款,另一个容易漏掉的转向，已经藏在赠产制度里。1810年3月3日法令要求境外赠产尽早出售，最迟前二十年出售一半、后二十年出售余半，所得转入帝国内部地产或公债年金。森科夫斯卡—格卢克的研究据此揭示，帝国精英的财富并不只能永久依附外国贡赋；它也存在转回国内财产和国家信用的制度出口。该制度尚未完成帝国便已瓦解，住宅条款未实行又是另一项问题，不宜把它们混写成整个转移方案从未被采纳。〔法16〕
01_法国的能力与代价.md,189,### 陆军与海军，必须从同一笔钱中付款,这支持一个积极的推演：和平帝国可以分期把军功受益者变成关心国内地租、公债偿付和地方投资的有产者。补偿与资产置换会花钱，也会遭抵制，却比假定所有军人精英只能靠下一场战争维生更接近已知选择。拿破仑需要改变的是收益来源，而非一次性取消所有既得权利。
01_法国的能力与代价.md,195,### 农民并非天然反对国家，但关心儿子何时回来,征兵抵抗与王朝态度不是同一个变量。家庭可能接受民法、土地所有权和秩序，却仍藏匿儿子；也可能反感官府，却在工资、失业和服役机会的权衡下送出青年。福雷斯特提醒，判决名册更适合说明警察活动，而不应直接当作民意测量。〔法14〕
01_法国的能力与代价.md,197,### 农民并非天然反对国家，但关心儿子何时回来,帝国中期征兵执行改善，既有组织和强制因素，也有经济状况与地方合作。1813年的崩坏则与连续追征、提前征级、死亡和家庭预期一同出现。因此，一项和平军事制度至少应给出可预期役期、减少追征例外、承认地方社会的生产季节，并把维持秩序所需的人数与对外远征的欲望分开。
01_法国的能力与代价.md,201,### 教会合作的价值，超过一张忠诚宣誓,专约使教区、堂区和政府重新发生合作。教士能够解释征兵、确认身份、调停冲突，也能够在与皇帝决裂之后成为一套不受巴黎完全控制的合法性网络。
01_法国的能力与代价.md,203,### 教会合作的价值，超过一张忠诚宣誓,"莱茵地区的经历清楚显示这种转折。亚琛主教贝尔多莱逐渐取得地方信任；他去世后的继任者却因教皇与皇帝冲突而长期没有获得教会授职。罗尔省1812年出现约360个堂区空缺。另一方面，1805年2,696名堂区司铎中约1,006人来自原修会，这是另一时点的结构数字，不能把两数写成同一年教会总账。〔法5〕"
01_法国的能力与代价.md,205,### 教会合作的价值，超过一张忠诚宣誓,法国要长久保存直辖省，便有理由重新安排与教廷的关系。这里的收益不只是避免宗教起义，也包括降低征兵和户籍事务中的日常摩擦。和解同样有价格：皇帝须接受授职、宗教通信和教皇有限主权不是每次争执都可以没收的筹码。
01_法国的能力与代价.md,209,### 精英忠于财产、职位和国家，并不等于忠于每一位波拿巴,帝国贵族、官员、军官和国有财产购买者，从新秩序中获得了真实利益。他们要求保住革命后的产权和职位，也会在国家即将崩溃时寻找另一位能够保障这些利益的君主。
01_法国的能力与代价.md,211,### 精英忠于财产、职位和国家，并不等于忠于每一位波拿巴,1814年倒戈说明这种条件忠诚，却不证明一次和平继承必然引发同样结局。当时巴黎陷落、军队溃败、波旁替代方案得到盟国支持，与皇帝是否在首都、家属是否撤离共同发生。把这些条件称为所有倒戈的“五个必要条件”，超出了单一危机的证据；较合理的判断是，它们在1814年同时削弱了继续效忠的预期回报。
01_法国的能力与代价.md,213,### 精英忠于财产、职位和国家，并不等于忠于每一位波拿巴,和平也会产生新的失落者。军官失去战争晋升与战利品，军需承包商失去订单，一部分显贵的赠产收入来自帝国外部。保住他们的利益，需要养老金、国家债务、行政职位和可预期预算，而非再找一个地区发动战争。布兰达与马里翁的财政材料表明，赠产是一项可见但并非无限庞大的负担；处理它是政治选择，不是帝国必然扩张的机械定律。
01_法国的能力与代价.md,217,## 八、继承：皇帝必须留下的，不止一个儿子,马莱1812年的政变利用皇帝死亡的假消息，暴露了国家机器面对突发继承时的脆弱。部分官员首先服从的是看似有效的命令，并没有立即依王朝法统组织反应。这个事件的意义，并不是“法国人不承认皇太子”，而是继承规则需要被机构实际掌握，不能仅作为皇室的家庭安排。〔法15〕
01_法国的能力与代价.md,219,## 八、继承：皇帝必须留下的，不止一个儿子,1813年的摄政安排和1815年的《附加法》，分别提供了两种同时代资源：皇帝缺位时如何组织权力，以及在保留帝制的同时怎样扩大代表与宪制安排。它们是在危机中产生的，不能自动移植为另一条时间线里按原日历发生的事实；但拿破仑若认真经营继承，完全可以选择提前运用其中的制度构件。
01_法国的能力与代价.md,221,## 八、继承：皇帝必须留下的，不止一个儿子,1813年2月5日的摄政法，已经把若干关键问题从家事写成国家程序。第1、10条合起来规定：父帝未另作安排时，由母后摄政，父帝仍可事先另定；第5条排除在皇帝去世时持有外国王位的法国亲王担任摄政；第22条禁止摄政罢免摄政会成员；第24条更要求皇帝婚姻、宣战、和约、同盟与通商条约取得摄政会绝对多数同意，票数相等时才依第26条由摄政决定。奥地利皇帝作为外祖父，并没有当然席位。〔法15〕
01_法国的能力与代价.md,223,## 八、继承：皇帝必须留下的，不止一个儿子,这不是一部现成的议会宪法，却是**把最高权力分配给多个有法定地位的参与者**的真实先例。皇太后的娘家、在外国当王的叔伯与法国大臣，并非可以随时挪动的一组家庭席位。主线若提前建立同类规则，就应同步规定军队宣誓、预算授权和成年交接，而不是等皇帝死亡的消息传来，再问欧洲究竟应听谁的命令。
01_法国的能力与代价.md,225,## 八、继承：皇帝必须留下的，不止一个儿子,死亡日期尤其不宜伪装成可以预测的参数。拿破仑实际于1821年死亡，罗马王实际于1832年死亡；疾病、生活环境、婚姻乃至这个孩子是否出生，都会随情景改变。一般男性生命表不是皇帝的个人预后，尸检重建也不能替另一种人生给出“1826—1835年中位死亡”的精确答案。
01_法国的能力与代价.md,227,## 八、继承：皇帝必须留下的，不止一个儿子,因此，长期秩序应按三种情形预备，而非押注一种寿命：幼主继位，需要摄政权、军队效忠和财政授权清晰；成年继位，需要君主接受既有盟约而不重新索取贡赋；直系继承中断，则须依既定继承序列处理旁支和盟国婚姻，而非让各位亲王与外国宫廷竞相解释皇帝遗志。
01_法国的能力与代价.md,229,## 八、继承：皇帝必须留下的，不止一个儿子,**最可能存续得更久的，是法国建立的行政、法律和财产制度；其次才是法国的对外优势；最脆弱的是要求一切都依附于同一支王朝的个人统治。**若波拿巴王朝愿意以预算参与、地方权利和宪制约束换取继承支持，胜利帝国有机会逐渐成为保留强大军队的立宪君主国。若把这些要求一概理解成对皇帝权威的背叛，继承就会把本来可以分开解决的财政、宗教与地方问题压在同一个危机时刻。
01_法国的能力与代价.md,233,### 本编结论,法国最有价值的未用资源，不是一支藏在地图空白处的军队，而是避免消耗的能力：不在西班牙制造一个敌对民族国家，不在俄国毁掉经验兵与马群，不为海关追缉逐次兼并港口，不把地方合作变成长期驻军。
01_法国的能力与代价.md,235,### 本编结论,这条道路要求一个强国家，却不要求一个无限大的法国。约40万至45万法国常备军、规模可兑现的盟军、受约束的海军扩建和可持续地方财政，构成一个有史实尺度支持的起点。它不是精确最优解；它说明法国保存大陆优势的物质条件，比“将整个欧洲都改成法国省”宽松得多。
02a_英国海权与和平_国家财政与社会.md,5,## 一、胜利的边界，不在多佛的白崖上,**拿破仑最可行的胜利，不是把英国变成法国的行省，而是使英国接受：法国在大陆占据首位，同时英国在海上保留独立行动的能力。**这不是对胜利的文字降格。它区分了两种极不相同的任务：迫使一个对手放弃某些战争目标，与摧毁这个对手的国家、海军、信用和海外联系。
02a_英国海权与和平_国家财政与社会.md,7,## 一、胜利的边界，不在多佛的白崖上,法国可以在战场上打散一支联盟，却难以把英国支持新联盟的意愿永久清除。英国同样可以守住海峡，却未必能够随时在大陆找到愿意承担主战场的盟友。因此，1807 年以后确实存在另一条道路：法国停止把一次次胜利扩展为新的吞并；英国承认经过限定的大陆安排；双方以贸易、海军和外交竞争替代长期总动员。真正的问题不是英国是否“害怕”拿破仑，而是伦敦是否相信，今天接受的边界，不会成为巴黎明天索取下一块领土的出发点。
02a_英国海权与和平_国家财政与社会.md,9,## 一、胜利的边界，不在多佛的白崖上,本编将“法国胜利”作三个层次的检验。第一层是**有限大陆霸权**：法国保有优势边界与伙伴体系，英国保有王朝、议会、主要舰队与海外通商。第二层是**强制大陆排英**：法国要求多数欧洲国家持续排斥英国贸易，并以军事威胁维持执行。第三层是**跨海征服及行省化**：法国还要占领英国、解除其武装，将其财政和帝国纳入巴黎命令。第一层有可以重建的制度基础；第二层会提高双方成本并刺激反法合作；第三层要求法国同时解决海峡运输、陆战、占领、信用与海外服从，远远超过“在肯特登陆一次”所能证明的范围。
02a_英国海权与和平_国家财政与社会.md,11,## 一、胜利的边界，不在多佛的白崖上,因此，本编给出的结论是有顺序的：**先争取一个有边界、能兑现的和平，继而用和平积累海军与财政能力；不要把先赢得全球海权，设成欧洲秩序成立的前提。**英国海军确是障碍，但它也提示法国应该在哪里止步。
02a_英国海权与和平_国家财政与社会.md,17,### 1. 谁能够决定和谈,1803 年的英国既不是国王独断的旧式君主国，也不是普选制国家。国王、内阁、上下两院、借款承销人、地方地主、商人及城市政治共同构成决策结构，但权力并不平均分配。军费需要议会支持，国债依赖稳定的征税与偿付安排；任命大臣、王室立场和宗教政治，又会限制一个看似拥有议会多数的政府。
02a_英国海权与和平_国家财政与社会.md,19,### 1. 谁能够决定和谈,1806—1807 年的“贤才内阁”是一个有力的反例。它包含支持试探和谈的人物，也拥有有利的议会位置，却在 1807 年天主教任职问题上与乔治三世决裂。国王不仅反对眼前的措施，还要求大臣作出将来不再提出相关建议的承诺。内阁没有接受这一要求。一次看似属于军队编制的争论，遂成为政府存亡的问题。**议会中存在批评战争的声音，并不等于这些声音能够随时组织一个稳定的亲法多数。**
02a_英国海权与和平_国家财政与社会.md,21,### 1. 谁能够决定和谈,商人也不是单一阵营。反对贸易禁令，可以出于希望更有效地对法作战；要求恢复美国市场，并不必然赞同约瑟夫统治西班牙。1811 年，亚历山大·巴林甚至认为撤销枢密院敕令会使拿破仑大感挫败：他把改善英国对美贸易视为削弱法国战略的一种办法。同一时期，议员可以主张“光荣的和平”，同时投票支持继续战争所需的拨款。将反政府请愿直接换算为亲法政治力量，会把政策分歧错写成国家忠诚的瓦解。[英政1]
02a_英国海权与和平_国家财政与社会.md,23,### 1. 谁能够决定和谈,战和法权也有边界。布莱克斯通的原话是：“the king has also the sole prerogative of making war and peace”（国王还拥有宣战与媾和的专属特权）。他把缔结战争与和平列为王冠特权，同时保留大臣的政治责任、议会拨款和国内法律问题。伦敦市长、被俘将军或地方治安官，不能仅因自己控制或失去一座城市，就替全国签订有效和约。相反，若仍然自由并获承认的王冠及其大臣合法议和，皇家海军通常应执行这一决定；舰队并不拥有独立的外交否决权。因此，“舰队在海外”不等于“无论合法政府决定什么，它都必然继续战争”。[英政6]
02a_英国海权与和平_国家财政与社会.md,25,### 1. 谁能够决定和谈,和谈也不必等待一个全新的和平党夺权。1803 年 11 月，阿丁顿已承认接受俄国调停，只是交涉尚未形成可期待的解决。1804 年反对他的格伦维尔一派此前还批评过《亚眠和约》；福克斯又曾被国王否决进入联合内阁。1807 年议会史研究所作阵营估计为政府约 384 席、反对派 218、独立 28、存疑 16、中立 12；这些是政治分类，不是普选民意，更不是和平与战争的点名票数。1812 年 5 月 21 日以 174 对 170 通过的更换内阁动议，同样不是对法议和表决，随后交涉僵局仍由利物浦组阁。[英政7]
02a_英国海权与和平_国家财政与社会.md,27,### 1. 谁能够决定和谈,这里还有一个空间差异。全国总量可以尚未崩溃，某个棉纺城市却已经陷入失业；伦敦金融家可能从公债和转口贸易中获益，地方制造商却承受市场中断。法国若想利用这种分歧，最有效的工具是提出可信的市场开放，而不是假定所有受苦者都会欢迎法国军队。
02a_英国海权与和平_国家财政与社会.md,31,### 2. 1806 年的机会，为什么没有变成和平,1806 年英法谈判是真实机会，不是事后编造的“双方从来无意和平”。但它涉及的并非一个孤立的马耳他或殖民地交换。汉诺威的归属、西西里王室的地位、俄国作为盟国的权利、各方在战争中已占领土地的处置，以及口头表示能否转化为有约束力的条约，都牵涉其中。
02a_英国海权与和平_国家财政与社会.md,33,### 2. 1806 年的机会，为什么没有变成和平,英国谈判者不能简单地把盟友的领地视为本国可以出售的资产。法国也不能一面以王朝独立作为和约承诺，一面保留随时改变其王位与宪制的权力。亨利·巴特菲尔德利用劳德代尔的私人通信指出，谈判破裂后呈现给公众的责任叙事，与交涉者实际追求的政治效果并不完全相同。劳德代尔 1806 年 9 月 26 日的信尤其提醒我们：所谓“因俄国问题而失败”，同时也是一种需要被安排、被展示的外交结果，而不只是事件的透明记录。[英政2]
02a_英国海权与和平_国家财政与社会.md,35,### 2. 1806 年的机会，为什么没有变成和平,由此得出的结论不是“只要拿破仑态度温和，和平必成”，而是：**英国承认法国在大陆的大幅扩张，在当时并非不可想象；但承认扩张与承认法国可以继续任意扩张，始终是两回事。**若法国在汉诺威、西西里和盟国保障上形成可执行的让步，1806 年的和平机会会明显改善。它仍须穿过俄国政策、王室政治及双方互不信任的阻力。
02a_英国海权与和平_国家财政与社会.md,39,### 3. 1812 年的往返信件，给出了更清楚的底线,1812 年春的提议比笼统的“英国拒绝拿破仑和平”更值得细读。4 月 17 日，巴萨诺公爵致卡斯尔雷的信提出：保证西班牙领土完整，法国不再向比利牛斯山以南扩张；西班牙保留“现有王朝”，并由科尔特斯形成民族宪制；葡萄牙及布拉干萨王朝获得保障；那不勒斯保留现有君主，西西里保留其统治家族；有关国家的英法陆海军相互撤离。至于其他争议，则以各方保留对方通过战争夺不走的东西为基础继续处理。
02a_英国海权与和平_国家财政与社会.md,41,### 3. 1812 年的往返信件，给出了更清楚的底线,巴萨诺所用的关键措辞是 “the actual Dynasty”，即“现有王朝”。问题恰恰藏在这四个字里。4 月 23 日，卡斯尔雷要求法国明确：它指的是拿破仑的兄弟及其召集的科尔特斯，还是斐迪南七世与其合法继承人，以及以其名义行动的特别科尔特斯？若是前者，回信写道：“the obligations of good faith do not permit his Royal Highness to receive a proposition for peace founded on such a basis”，即信义义务使摄政王不接受以此为基础的和平；若是后者，英国愿意继续充分说明包含盟国在内的和平基础。
02a_英国海权与和平_国家财政与社会.md,43,### 3. 1812 年的往返信件，给出了更清楚的底线,这两封信的同期刊印文本，见 1813 年 3 月 13 日《爪哇政府公报》第 8 页。它支持一个明确判断：**英国在 1812 年拒绝的，是把约瑟夫王朝当作和约既成前提，并非否认任何与法国达成和平的可能。**它同样证明，若拿破仑已在 1808 年废黜西班牙波旁王朝，那么“现在愿意议和”还不够；他必须处理自己先前制造的合法性和盟约问题。[英政3]
02a_英国海权与和平_国家财政与社会.md,45,### 3. 1812 年的往返信件，给出了更清楚的底线,因此，两个止损时间点必须分开。**1807 年秋不入侵葡萄牙、不把西班牙变成军事通道，是成本较低的分岔；1808 年春已经越过西班牙、但仍不废黜其王室，是次优止损。**第二条路仍有驻军、通行和赔偿的纠纷，却比另立约瑟夫、再用军队证明他是合法君主，更接近可谈判的局面。
02a_英国海权与和平_国家财政与社会.md,47,### 3. 1812 年的往返信件，给出了更清楚的底线,1812 年 6 月 23 日撤销部分枢密院敕令，则提供了政策让步的实际例子。它只针对美国船舶及属于美国人的货物，预定自 8 月 1 日起生效，并以美国相应撤除歧视性措施为条件；英国保留在合理通知后恢复措施的权利。旧《议会辩论》网页把这段六月文件置于四月页面，不能因此将日期提前。这是政府修改一项战争工具，不是放弃海上查验、主要舰队或对法战争。法国若真正开放贸易，才更有可能把局部退让转化为稳定和平。[英政9]
02a_英国海权与和平_国家财政与社会.md,51,### 4. 一个英国政府能够接受的和平，需要什么,第一，英国保有本国王室、议会、公共债务和主要舰队。若法国要求废黜王朝、取消议会财政控制或接收舰队，战争便从利益争议转为国家制度的生存问题。
02a_英国海权与和平_国家财政与社会.md,53,### 4. 一个英国政府能够接受的和平，需要什么,第二，法国在大陆的范围和行为受到可辨认的限制。英国对安特卫普和斯海尔德河口的关切，既涉及贸易，也涉及一支战列舰队靠近本土的可能。1814 年关于安特卫普的安排说明这种关切很深；它却发生在法国战败之后，不能直接证明一个未败的法国必须接受完全同样的条件。可谈的方向包括军事用途限制、造舰透明度、基地规模、河口通行和相互保证，而非预先宣布英国已拥有单方面定价权。
02a_英国海权与和平_国家财政与社会.md,55,### 4. 一个英国政府能够接受的和平，需要什么,第三，不能把英国的盟国权利全部涂去。汉诺威、西西里、葡萄牙和西班牙各有不同法律地位，需要逐项处理。它们不是一个统一的“英国阵营领土包”。
02a_英国海权与和平_国家财政与社会.md,57,### 4. 一个英国政府能够接受的和平，需要什么,第四，恢复贸易必须有现实支付和执行机制。仅宣布解除封锁，却让港口官员、法国驻军和许可证制度继续任意扣货，难以恢复商业信任。
02a_英国海权与和平_国家财政与社会.md,59,### 4. 一个英国政府能够接受的和平，需要什么,第五，交还占领地、释放俘虏和撤军应分阶段进行，让违约有代价，而不是要求一方先交出全部筹码。1802 年《亚眠和约》关于解除财产、款项和债权扣押，以及司法追索的条款，可以提供财产权处理的范例；它们不是英国在未来被征服后全部国债和政治制度仍会保留的保证。
02a_英国海权与和平_国家财政与社会.md,61,### 4. 一个英国政府能够接受的和平，需要什么,第六，和平不应以永久取消英国结盟权为条件。这样一种承诺既难验证，又会让每次外交接触都成为重新开战的借口。更可行的是围绕特定边界、特定领土和有限期限构建保证。[英政4]
02a_英国海权与和平_国家财政与社会.md,63,### 4. 一个英国政府能够接受的和平，需要什么,**1811—1814 年因商业危机、战争疲劳和大陆僵局而出现议和机会，是合理推演；把它写成英国必然在某年投降，则超出证据。**一份有限而可信的和平可能比继续战争更有吸引力；一份剥夺舰队、贸易和盟友的和平，反而可能把原本分裂的英国政治重新团结起来。
02a_英国海权与和平_国家财政与社会.md,69,### 1. 先把债务、税收和利息放回同一本账,下表采用英格兰银行《英国千年宏观经济数据》中央政府系列。金额为当年名义百万英镑；它旨在保持同一系列的可比性，不与其他著作的净收入、财政年度或仅有息债务数字混拼。1801 年前后政治统计范围变化，1817 年英爱债务合并等问题，也限制了把所有年份视为完全同质单位的做法。[英财1]
02a_英国海权与和平_国家财政与社会.md,87,### 1. 先把债务、税收和利息放回同一本账,破折号表示本表未列该项，不表示没有债务或利率。国债存量包括其自身统计口径下的证券与年金处理，不能直接用来替代市场价值。年度赤字也不必与账面债务增量相等：折价发行、证券转换、短债、年金和统计时间都会改变两者的对应关系。
02a_英国海权与和平_国家财政与社会.md,89,### 1. 先把债务、税收和利息放回同一本账,"表中最重要的不是债务“很大”，而是国家仍能将持续征税转化为证券偿付。1811 年收入从 7,300 万下降到 7,100 万英镑，利息由 2,440 万上升到 2,460 万。这是压力，不是收入消失。利息约占收入 34.6%，尚未吞没全部财政。1797 年这一比例反而约为 62.4%，国家依然继续战争。这并不证明 60% 永远安全，而是说明不能把某个自设比例直接命名为“破产线”。"
02a_英国海权与和平_国家财政与社会.md,91,### 1. 先把债务、税收和利息放回同一本账,"还应区分不同研究的账。博尔多与怀特的表中，1810、1811 年净收入约为 6,839 万和 6,653 万，债务负担约为 2,340 万和 2,386 万；这些数与上表不同，并不自动构成哪一方算错。只有先核对毛收入或净收入、是否扣除征收费用、英国或联合王国、年度起讫，才能讨论误差。一个反事实模型若今天用总收入、明天换成净收入，就会凭空制造财政衰落。[英财2]"
02a_英国海权与和平_国家财政与社会.md,95,### 2. 1811 年借款确实更贵，但旧债没有一起改价,"1811 年 5 月 20 日预算辩论留下了具体的借款条件。财政大臣把上年的现金利息成本概括为每 100 英镑付 4 镑 4 先令 2 便士，本年则为 4 镑 14 先令 11 便士。折算分别为 4.2083% 与 4.7458%，上升 53.75 个基点。1811 年这笔 750 万英镑借款的年度现金票息约为 355,937.5 英镑。[英财3]"
02a_英国海权与和平_国家财政与社会.md,97,### 2. 1811 年借款确实更贵，但旧债没有一起改价,这个结果可以由证券组合复算：每提供 100 英镑现金，认购者取得 100 英镑面值的 3% 减息公债、20 英镑面值的 3% 统一公债、20 英镑面值的 4% 公债，以及每年 6 先令 11 便士的长期年金。其名义本金和现金收入显然不是同一个数。
02a_英国海权与和平_国家财政与社会.md,99,### 2. 1811 年借款确实更贵，但旧债没有一起改价,这既不是整笔交易包含分期缴款时间的完整内部收益率，也不是英国全部存量债务的利息突然提高到 4.7458%。旧有固定票息债券在市场上跌价，会提高新买家的收益率，却不会直接增加政府对这张旧券承诺的现金支付。若把新借款利率乘上全部旧债，模型将大幅夸大短期财政危机。
02a_英国海权与和平_国家财政与社会.md,101,### 2. 1811 年借款确实更贵，但旧债没有一起改价,同年统一公债年均收益率从 4.4085% 升至 4.6742%，提高约 26.6 个基点。两个变化方向一致，但幅度不同：一个是具体发行包的现金成本，一个是市场证券的年均收益率。**1811 年融资条件恶化，是确证；英国已经失去市场融资能力，则与借款继续完成的事实不符。**
02a_英国海权与和平_国家财政与社会.md,105,### 3. 纸币不是免费的资源，黄金紧张也不是军队立刻停摆,1797 年暂停英格兰银行纸币兑金，使英国得以避免在黄金外流时立即全面收缩信用。到 1803 年，这已经是运行中的制度，不是拿破仑可以期待尚未触发的“最后一道保险”。银行资产资料显示，1796 年末黄金和铸币约 255.9 万英镑，1797 年 2 月末降至约 110.9 万，1798 年末又回升至约 583.1 万；相应时期纸币数量增加。兑金暂停改变了流动性约束，但没有创造无限的海外购买力。[英财4]
02a_英国海权与和平_国家财政与社会.md,107,### 3. 纸币不是免费的资源，黄金紧张也不是军队立刻停摆,1810 年金块委员会面对的是纸币、贵金属与汇兑之间的真实偏离。法定铸币价每盎司 3 镑 17 先令 10.5 便士，市价一度约 4 镑 10 至 12 先令。以 4 镑 10 先令计算，黄金对铸币平价的溢价约 15.6%；同一关系换算为纸币相对黄金的折价则约 13.5%。二者分母不同，不应把“溢价 15.6%”又写成“纸币贬值 15.6%”。[英财5]
02a_英国海权与和平_国家财政与社会.md,109,### 3. 纸币不是免费的资源，黄金紧张也不是军队立刻停摆,支付海外军费、购买粮食和补贴盟友，需要汇票、商业网络和可接受的支付工具。法国封锁、美国禁运或汇率恶化，都能抬高这些操作的成本。可是纸币贬值不等于本国税收、军饷和造船合同全部停止。英国国家最脆弱的地方，常常是某个跨境支付环节，而不是整个财政同时归零。
02a_英国海权与和平_国家财政与社会.md,111,### 3. 纸币不是免费的资源，黄金紧张也不是军队立刻停摆,海外补贴尤其需要授权与支付网络。1809 年奥地利财政部未经事先同意，开出约三十万英镑对英国汇票，伦敦一度拒绝付款，并担心它损害汇率。英镑信用不是盟友可以无限提款的账户。赫克歇尔还记述，经商人购买大陆商业票据和硬币，可减少集中抛售伦敦汇票造成的冲击；所引 1813 年约七十万英镑荷兰、法兰克福票据操作，是经其转引的报告，不是本次亲查原账。[英财10]
02a_英国海权与和平_国家财政与社会.md,113,### 3. 纸币不是免费的资源，黄金紧张也不是军队立刻停摆,补贴规模也须分清现金、贷款和军需。常见的 1793—1815 年约六千六百万英镑总额，本次未完成舍维格原书全表复核；它不宜当作已经独立核定的常数。有关西班牙 1808—1815 年约七百八十万英镑援助的学术引述，包含金钱、武器和物资，与另一议会系列约五百二十万存在口径差异。两者不是可以相加的两笔礼物。停止新的补贴承诺也不等于抹掉已经到期的条约欠款。[英财10]
02a_英国海权与和平_国家财政与社会.md,115,### 3. 纸币不是免费的资源，黄金紧张也不是军队立刻停摆,所得税也经历了学习过程。1799 年引入的税制、1803 年恢复并改造的税制，以及随后约 5%、6.25%、10% 的税率变化，不是一个从头到尾不变的“10% 所得税”。源泉扣缴扩大了可征收性。1803 年某项 534 万英镑的核定额，不能不经说明便当作同一年度已入库现金。英国的优势在于持续调整征收和借款制度，而不是国民天然愿意承受任何税率。[英财6]
02a_英国海权与和平_国家财政与社会.md,119,### 4. 1811 年商业救济：批准额度不等于实际支出,商业危机中，议会讨论以国库券提供最高 600 万英镑的临时信用。这说明政府已经承认私人信贷梗阻，并准备以公共信用介入；它不说明 600 万全部贷出。旧稿援引的约 220 万英镑实际垫款，属于 1793 年先例，不能移作 1811 年的执行数。[英财7]
02a_英国海权与和平_国家财政与社会.md,121,### 4. 1811 年商业救济：批准额度不等于实际支出,"1811 年 5 月 6 日的国库券辩论揭示了筹资中的另一种摩擦：一笔原定 1,200 万英镑的证券筹资最初认购不满，继而通过后续合同和中介承接补足。这可以证明认购并非毫无摩擦，也可以证明政府有调整合同、动员承销人的办法。但这笔筹资不是商业救济贷款本身，不能拿它代替救济计划的实际发放总额；辩论中的不同批次金额，也不宜未经原始账簿核销便作简单减法。[英财8]"
02a_英国海权与和平_国家财政与社会.md,123,### 4. 1811 年商业救济：批准额度不等于实际支出,**这里的结论应是：1811 年国家信用充当了私人信用的支架，代价上升但支架仍然有效。**实际救济提款总额目前仍需执行账簿核定。这个缺口不妨碍判断政策的方向，却限制了把救济效果精确折算为新增出口或“挽救了多少企业”。
02a_英国海权与和平_国家财政与社会.md,127,### 英国金融韧性背后的加勒比奴隶经济,英国的战争信用并不只由财政部和伦敦公债市场组成。加勒比种植园、殖民商人、国内制造商与票据承兑银行，已被同一条信用链连接起来。1799 年，英格兰银行为西印度商人提供了总额 150 万英镑、原定六个月的贷款，后来再延长三个月。它尝试以糖与咖啡等货物支持放款，并在安排抵押和法律手续时使用公债；借据虽按较短周期更新，银行却事先承诺较长支持期限。西索科与石津美奈估计，这笔特殊贷款相当于当时银行贴现规模的约五分之一。保护殖民商品库存，既保护了奴隶种植园贸易的利益，也避免其清算冲击向英国国内传染。这个制度事实改变了反事实战争的着力点：**法国打击加勒比回款确实可能触及英国信用，但一次殖民贸易危机并不自动等于英国财政崩溃；银行可以改变抵押物、展期和担保安排，把突发打击摊到更长时间。** 若巴黎希望把商业压力转化为议和，较可行的筹码是允许资产回收、恢复航线与降低未来风险，而不是等待一根金融链条自行断裂。〔补1〕
02a_英国海权与和平_国家财政与社会.md,131,### 1811 年的修补：救助政策可以在战争中学习,1810 年危机的严重性，并不意味着英国只能在放任倒闭和无条件救济之间二选一。1811 年 2 月，英格兰银行制定特殊贷款规则，针对的是财产暂时收不回来、而非已经破产的商号。至少两名检查人须核验账目，确认贷款足以帮助商号了结当前困难，并分担担保；全额贷款须有担保人覆盖。检查人既不得是银行董事，也不得是申请人的债权人或债务人。这种安排把应急流动性与私人风险承担结合起来，也试图纠正早期内部人贷款的弊病。它与议会最高 600 万英镑的商业国库券救助，是两套有关联却不可混为一笔的机制；这些银行规则没有给出后者的实际发放总额。对法国而言，重要教训是：**封锁面对的并非一套僵死制度。英国能够在承压时修改规则；法国若追求数十年的竞争，也应把商业信用、港口保险和可靠合同纳入海权建设，而不只是增加舰船预算。** 这是有历史制度先例支持的政策推演，不意味着拿破仑已有一份照此实施的计划。〔补2〕
02a_英国海权与和平_国家财政与社会.md,137,### 1. 战争预算不会永远保持同一结构,“法国控制大陆，因此英国必须独自承担战争，最终财政崩溃”漏掉了一个重要反应：英国可能不再支付那么多大陆陆军与盟国补贴，将资源转投舰队、本土防御和殖民基地。
02a_英国海权与和平_国家财政与社会.md,139,### 1. 战争预算不会永远保持同一结构,这不是后人的聪明猜测。1815 年 6 月 14 日，范西塔特在议会讨论中明确提出，假如法国与大陆列强达成安排，当时用于陆军的支出可以停止，并转向海军。他所说的正是：“the supplies at present demanded for them could be applied to the service of our navy”（目前为陆军要求的拨款，可以用于海军服务）。反对派蒂尔尼同时提醒，战争旧账和拖欠不会凭停战宣言消失。两种说法应一起保留：**预算转向有现实制度基础，转向却需要时间和结清旧账。**[英财9]
02a_英国海权与和平_国家财政与社会.md,141,### 1. 战争预算不会永远保持同一结构,因此，英国没有大陆盟友，不必意味着更容易接受屈辱和平。它一方面失去从陆地推翻法国优势的工具；另一方面可以用更小的总预算维持更集中、更难被击败的海上力量。法国将面临一个不容易发动大陆大战、却仍足以保护本土和主要航线的对手。
02a_英国海权与和平_国家财政与社会.md,145,### 2. 把财政推演写成条件，而不是预言,"为比较这种反馈，采用一个简化现金模型：本年新增融资等于非利息支出加上既有票息，再减本年收入；新增债务按发行条件折算，旧债票息不随市场利率自动重定价。起点取 1810 年债务约 6.885 亿英镑、票息 2,440 万。模型不是历史发现，而是检验若干政策组合能否自洽的工具。"
02a_英国海权与和平_国家财政与社会.md,147,### 2. 把财政推演写成条件，而不是预言,"若长期收入只剩每年 5,500 万至 6,000 万，非利息支出仍维持 4,800 万至 5,000 万，新借款成本为 6%—7%，又假定名义收入不增长，那么票息占收入 60% 的压力水平约在 1817—1823 年出现，70% 约在 1820—1827 年出现。将起始利息上下变动 200 万，跨越年份可扩至 1815—1826 年与 1818—1830 年。**这些是给定坏条件后的压力时间，不是英国必然破产的年份。**"
02a_英国海权与和平_国家财政与社会.md,149,### 2. 把财政推演写成条件，而不是预言,"更现实的适应情景，把长期非利息支出降至约 3,600 万至 4,700 万：海军约 1,800 万至 2,200 万，本土及殖民陆军约 1,200 万至 1,600 万，其他约 600 万至 900 万。殖民驻军既然已经包含在陆军项中，就不能再另加一次“帝国军费”。这些区间以战时价格量级讨论，而非宣称议会已经通过了这样一份和平预算。"
02a_英国海权与和平_国家财政与社会.md,151,### 2. 把财政推演写成条件，而不是预言,在有限大陆霸权情景下，给予英国 12—24 个月的调整期，并允许有限税基增长，既有模型算得 1830 年债务约 6.90 亿至 9.02 亿英镑，1848 年约 6.45 亿至 10.80 亿。真实历史的比较数约为 8.40 亿和 8.31 亿。区间跨过实际历史，意味着方向并不固定：较早结束大陆战争可以减少借款，持续海军竞赛与较低贸易收入又会抵消节约。
02a_英国海权与和平_国家财政与社会.md,153,### 2. 把财政推演写成条件，而不是预言,"强制排英情景也不是立刻破产。以收入 6,000 万、非利息支出 3,900 万、新借款成本 5.5%、名义收入每年增长 0.5% 为一组假设，若即时转入较低支出，1848 年票息收入比约 51.6%；若前两年仍承担较高战争支出，则可能在 1844—1847 年先越过 60%。这一差别说明，**过渡成本和支出调整能力，比一个孤立的“债务总额很大”更有解释力。**"
02a_英国海权与和平_国家财政与社会.md,155,### 2. 把财政推演写成条件，而不是预言,英国政府有理由在接近压力区间之前争取贸易、加税、裁军、转换债务或重新结盟；它也可能因党争、误判与既有承诺而延误。法国政府也会改变封锁范围与海军预算。因此，本模型最有价值的结论，是排除“按 1813 年战时费用永远烧钱”的静态设定，而不是为一个替代世界制造伪精确债务表。
02a_英国海权与和平_国家财政与社会.md,161,### 1. 一处一千万英镑的错误，会改变整场讨论,"1811 年的美洲出口，首先要按同一张表计算。约翰·马歇尔 1833 年《不列颠帝国各部门统计述要》第 74 页列美国 **1,431,829 英镑**、英属北美 1,909,689、外国西印度 3,046,819，三项合计 6,388,337。它们能够说明几类市场的分量，却不支持把美国一项扩大到一千多万英镑。[英贸1]"
02a_英国海权与和平_国家财政与社会.md,163,### 1. 一处一千万英镑的错误，会改变整场讨论,"因此，这一工作序列应将美国项改为约 143.2 万，北美区域合计改为约 334.2 万，世界总额由约 3,745.9 万改为 **2,745.9 万英镑**。这是对指定系列的源表校正，不是宣称所有近代出口资料都错了。错误如何进入后来的电子表，尚未追溯到每一道转录；但影印原表足以证明，1811 年的美国市场没有表现出那笔虚构的 1,000 万英镑缓冲。"
02a_英国海权与和平_国家财政与社会.md,165,### 1. 一处一千万英镑的错误，会改变整场讨论,这个修订使商业危机更加清楚，却不支持“于是英国财政破产”。海关官方价格、商人申报现价、转口贸易、财政关税收入和国内工业增加值是不同对象。先修正数字，再跨过中间机制，结论才有意义。
02a_英国海权与和平_国家财政与社会.md,169,### 2. 欧洲究竟有多重要,戴维斯重建的三年平均出口值，为比较长期结构提供了比单一年份更稳定的底图。下表为英国本国产品出口，单位百万英镑；它不包含全部转口贸易，也不表示殖民地税收。[英贸2]
02a_英国海权与和平_国家财政与社会.md,179,### 2. 欧洲究竟有多重要,1804—1806 年欧洲约占本国产品出口 36.6%，已经十分重要；在转口贸易中，欧洲的重要性还要高得多，同期约占 78.8%。英国商人购买热带产品，再把它们卖到欧洲，才能收回资金。如果欧洲终端市场关闭，即使船仍能从加勒比驶往伦敦，商品也可能积压在仓库。
02a_英国海权与和平_国家财政与社会.md,181,### 2. 欧洲究竟有多重要,赫克歇尔因此提醒读者，出口报表上的发货并不等于完成交易：“Exports were not trade。”货物运到南美后可能两三年仍未售出；欧洲回款中断，也会拖累向殖民地供货和为下一季采购融资。这不是简单的“少卖一些货”，而是去程商品、回程商品与商业票据之间的循环受阻。[英贸3]
02a_英国海权与和平_国家财政与社会.md,183,### 2. 欧洲究竟有多重要,其表中所谓“real value”通常指相对于旧官方估价的申报实际价格，不是现代意义上扣除物价后的不变价。把它译成“实际出口量”会把价格变化误写成数量变化。同样，1813 年某些官方系列缺数，应保留缺数，而不是用插值填出一个看似完整的战争拐点。
02a_英国海权与和平_国家财政与社会.md,187,### 3. 替代市场既救过英国，也有明显上限,"1808—1810 年海外市场的扩张是真实的，不能为了强调大陆封锁而删去。按申报值计算，以 1805 年为基期，“美洲其余地区”的增量在 1808、1809、1810 年分别约为 882 万、1,024 万、787 万英镑；对应北欧市场损失约为 816 万、462 万、262 万。单在这些比较下，海外增量足以超过北欧损失。[英贸4]"
02a_英国海权与和平_国家财政与社会.md,189,### 3. 替代市场既救过英国，也有明显上限,但“美洲其余地区”并不等于英国殖民地，更不等于稳定收到货款的市场。它包括尚属西班牙、葡萄牙体系而实际出现贸易开口的地区。换用 1806 年作为基期，1808 年海外补偿仍然强；到了 1811 年，相关美洲增量约 106 万，而北欧损失约 607 万，同时美国出口也大幅收缩。选择一个最有利的年份，就会把一次成功分流误写成永久替代。
02a_英国海权与和平_国家财政与社会.md,191,### 3. 替代市场既救过英国，也有明显上限,另一种官方估价比较，以 1804—1806 年平均作基准，拉丁美洲和亚洲的新增出口，对北欧损失的覆盖率在 1808 年约 56.6%，1811 年约 21.7%，1812 年约 49.7%。1808—1812 年合计约 87.3%。1809 年北欧本就没有相应缺口，1810 年缺口很小，因而出现数倍“覆盖率”；这种小分母结果没有理由被描绘为经济奇迹。
02a_英国海权与和平_国家财政与社会.md,193,### 3. 替代市场既救过英国，也有明显上限,巴西开港尤其不是一块早已存在、与欧洲政治无关的市场。1808 年 1 月 28 日葡萄牙王室敕函把准入宣布为临时措施，向与王冠和平友好的国家开放，通常进口税为 24%，巴西木等专卖品仍除外。若法国不入侵葡萄牙、王室不以真实历史方式迁往巴西，便不能无条件复制同一天的开港；但欧洲贸易中断和财政需要仍可能推动另一次开放。因此，反事实既不应白送英国整个巴西市场，也不应把巴西对英贸易设为永远为零。[英贸9]
02a_英国海权与和平_国家财政与社会.md,195,### 3. 替代市场既救过英国，也有明显上限,**较妥当的结论是：海外市场能显著缓冲欧洲封锁，某些年份甚至足以抵消特定区域损失；它们却不保证每个年份、每个行业、每条回款链都被补齐。**英国的韧性与它遭受的严重痛苦，可以同时成立。
02a_英国海权与和平_国家财政与社会.md,199,### 4. 工业总量增长，为什么仍有严重失业,根据历史国民经济重建，以 1803 年为 100，1815 年英国工业产出指数约为 127.5，煤炭约 142.1，生铁约 129.5，纺织约 132.2；工业指数到 1830 年约为 208.7，到 1848 年约为 359.9。同一套资料的 1848 年煤炭、生铁和纺织指数分别约为 427.9、734.0 和 442.7。[英贸5]
02a_英国海权与和平_国家财政与社会.md,201,### 4. 工业总量增长，为什么仍有严重失业,"这些数据排除了“战争使英国工业整体停止发展”的概括，却不能抹去危机。1811 年工业总量指数仍约 126，曼彻斯特棉纺工却遭遇严重闲置。经雅里热转引克鲁泽的地方材料，约 9,000 名纺纱工中只有 3,000 人全时工作，2,500 人半时工作，3,500 人失业。按半时折半计算，有效就业约为正常全时水平的 47.2%。这是特定地区和职业的观察，不是全英国失业率。[英贸6]"
02a_英国海权与和平_国家财政与社会.md,203,### 4. 工业总量增长，为什么仍有严重失业,"原棉进口也表现出急剧波动：1807 年约 7,492.5 万磅，1808 年约 4,360.5 万，1810 年升至约 1.32489 亿，1812 年又降至约 6,302.6 万。美国禁运、英美冲突和库存周期与法国封锁相互叠加，不能把每一次下跌都单独归给拿破仑。"
02a_英国海权与和平_国家财政与社会.md,205,### 4. 工业总量增长，为什么仍有严重失业,工资指数还隐藏着就业假设。一个按“有全年工作的人”计算的实际工资序列，即使尚能维持，也不代表失业家庭拥有相同收入。1812 年相关实际工资指数约为 81.2、消费价格指数约为 150.1，已经显示压力；再加上失业与半失业，家庭生活会比平均工资曲线更困难。
02a_英国海权与和平_国家财政与社会.md,209,### 5. 卢德运动不是等待法国登陆的革命军,"机器破坏、粮食骚乱和结社要求，发生在技术、劳动地位、工资及地方政治交错的环境。工人可能反对一种削弱技能议价能力的机器使用方式，而不是反对所有技术。1799、1800 年《结社法》限制集体行动，进一步改变了抗争渠道。1812 年用于工业区镇压的正规军，有研究估计约 12,000 人；这个数量值得重视，却不是同一时刻全部反叛人数的测量。[英贸6]"
02a_英国海权与和平_国家财政与社会.md,211,### 5. 卢德运动不是等待法国登陆的革命军,请愿文本尤其能纠正“穷困必然亲法”的假设。1812 年谢菲尔德请愿者可以在强调商业困境的同时，宣称愿为国家荣誉和独立承受牺牲；伯明翰商人主张恢复贸易，也可以把更有力地继续战争作为理由。1808 年利物浦的一次相关动议，以 80 对 128 票落败；塔尔顿的选举支持者并未因此自动成为反敕令请愿的签署者。地区、行业、党派与战争立场没有一一对应关系。[英贸7]
02a_英国海权与和平_国家财政与社会.md,213,### 5. 卢德运动不是等待法国登陆的革命军,所以，法国封锁确能增加英国国内政治压力，但它所催生的第一要求通常是调整贸易政策、减轻税负或改善治理，而不是接受法国统治。若法国提出恢复贸易的有限和平，这些压力可能成为议和资源；若它要求解除舰队、改换王朝，压力也可能被重新组织为抵抗的理由。
02a_英国海权与和平_国家财政与社会.md,219,### 1. 长期封锁会改变增长轨迹，但幅度须作为条件公开,为了把“受损但继续增长”具体化，可以把真实历史的工业路径作为比较基线，另设一个战后初始水平系数与一个长期增长差。这里的系数不是统计估计，而是压力测试。
02a_英国海权与和平_国家财政与社会.md,228,### 1. 长期封锁会改变增长轨迹，但幅度须作为条件公开,这些数说明模型对长期增长差极敏感：将年度差改变 0.3 个百分点，33 年后的相对规模就会变化约一成。它们并不证明法国能够执行 33 年同样严密的封锁。倘若排英只持续 25 年，到 1840 年即重新开放，就应停止继续累积原先的负增长差；强制排英情景到 1848 年的相对水平将约为 59%—81%，而不是机械保留封锁持续至 1848 年的 54%—79%。
02a_英国海权与和平_国家财政与社会.md,230,### 1. 长期封锁会改变增长轨迹，但幅度须作为条件公开,欧罗克关于战争贸易障碍的研究估算，1807—1814 年英国每年的福利损失约 1.7%—1.8%。这是特定模型下的福利成本，不是每年工业增长率减少 1.8 个百分点，更不能连续复利至 1848 年。法国承受的贸易损失也须同时计入，不能假定只有英国因封锁变穷，而法国的收入和技术进口毫无代价。[英贸8]
02a_英国海权与和平_国家财政与社会.md,234,### 2. 出口推演不能冒充国内生产总值,"以 1804—1806 年欧洲出口 1,372.1 万、全球出口 3,753.5 万为起点，分别设定欧洲市场保留比例、海外扩张和回款折损，可以得到几组出口量级：有限霸权情景约为基准的 79%—98%，强制排英约 66%—79%，较早开放和平约 94%—117%。这些都是对出口部门的条件计算，不是英国整个经济缩小到同样比例。"
02a_英国海权与和平_国家财政与社会.md,236,### 2. 出口推演不能冒充国内生产总值,"到了 1844—1846 年的真实规模，若欧洲出口 2,325.1 万中的大部分被永久排除，单凭原模型假设的海外新增市场约 1,113 万，仍不足以补齐；在回款折损系数为 0.9 的条件下，完全替代约需新增 2,067 万，缺口约 954 万。这个计算说明替代任务有多大，不证明它在任何制度和技术条件下永远不可能完成。"
02a_英国海权与和平_国家财政与社会.md,238,### 2. 出口推演不能冒充国内生产总值,**长期结论是：一个法国优势更大的欧洲，可以让英国比真实历史更穷、工业规模更小、改革压力更重；它仍很可能保留欧洲最重要的煤炭、机械、金融和远洋航运中心之一。**工业化依赖国内资源、技术、组织与全球联系，并不只依赖进入法国海关的权利。反过来，法国若通过开放和平追赶，也有机会获得机器、工匠、资本和较稳定的海员训练，比永久封锁更有利于缩小实际海军差距。
02a_英国海权与和平_国家财政与社会.md,242,### 3. 改革、粮食与政治秩序的另一条时间线,真实历史中的 1815 年《谷物法》、1829 年天主教解放、1832 年议会改革和 1846 年废除谷物法，不应原封不动复制到替代世界。战争长短改变土地价格、军队复员、税负、粮食进口与政治联盟；法国威胁也可能使保守力量更强，而非更快改革。
02a_英国海权与和平_国家财政与社会.md,244,### 3. 改革、粮食与政治秩序的另一条时间线,不过，这些改革所回应的结构问题不会消失。工业城市人口增加、议席分配失衡、地方精英与新财富的冲突，仍会推动某种调整。真实的 1832 年改革取消 56 个小选区的议席，削减另 31 个选区的代表权，增设 67 个新选区，并扩大部分财产资格者的选举权；它仍排除大多数工人和全部女性。一个 1825—1835 年间发生有限代表制改革的替代时间窗，是可讨论的推演，不是已有法案。真实改革经历两次方案失败、精英分裂及王冠可能增封贵族的压力；所谓“和平带来改革”，必须通过这些政治机制，而不是让战争结束日期自动决定改革日期。[英政5]
02a_英国海权与和平_国家财政与社会.md,246,### 3. 改革、粮食与政治秩序的另一条时间线,地方行政同样在改变。1829 年伦敦专业警察、1835 年市镇警务和 1839 年郡自愿设警，不能提前投射成 1803 年的全国统一警察网。早期征税、民兵和人口调查依靠地方官员、教士与济贫体系。中央海军财政很强，不等于每个村庄都已由伦敦直接管理；地方分散也不等于国家必然瓦解。法国若试图把英国行省化，就必须重建这些基层服从关系，而非只占白厅。[英政8]
02a_英国海权与和平_国家财政与社会.md,248,### 3. 改革、粮食与政治秩序的另一条时间线,1833 年工厂监管也显示法律与执行的距离：新制度起初只有四名检查员面对约四千家工厂，儿童工时、教育和年龄限制并不因法案通过而自动落实。替代世界可有较早或较晚的劳动保护，却仍需要检查、地方合作和经费。法国压力下降可以扩大改革空间，国内阶层关系则决定改革究竟走多远。[英贸10]
02a_英国海权与和平_国家财政与社会.md,250,### 3. 改革、粮食与政治秩序的另一条时间线,1842 年宪章派请愿约 330 万个署名，说明政治动员广泛，不等于 330 万合法选民，更不等于 330 万亲法者。粮价下降也不只取决于海上有没有粮船，还取决于收入、运输、地方救济和购买能力。法国若想建立长期稳定的大陆秩序，必须承认英国社会会自行演化，而非把它冻结成 1803 年的敌国肖像。
02a_英国海权与和平_国家财政与社会.md,256,### 1. 公债价格购买的是偿付，不是某个统治者的寿命,英国统一公债收益率、法国公债、金价溢价、汇兑、海险与个人战争保险，从不同侧面记录了战争的价格。它们首先反映交易者承担的风险，而不是直接写出下一场战争的胜负。
02a_英国海权与和平_国家财政与社会.md,258,### 1. 公债价格购买的是偿付，不是某个统治者的寿命,英国月度数据来自尼尔编制的月末序列；法国使用蒙内整理的月度利率。为便于比较，将收益率换算为固定票息永续债的价格代理值：英国取 300 除以百分数收益率，法国取 500 除以百分数收益率。它们是同一票息约定下的比较指标，不是从交易所日报逐条抄得的实际成交价格。[英市1]
02a_英国海权与和平_国家财政与社会.md,260,### 1. 公债价格购买的是偿付，不是某个统治者的寿命,目前可建立的是战役前一月至后一月的宽窗口描述，而非消息到达后几个交易日的因果识别。英国市场何时得知战役结果，不能简单用战役当天替代。例如特拉法加发生于 1805 年 10 月 21 日，消息 11 月 6 日抵达伦敦；在跨月窗口中，其他战事和融资消息已经同时进入价格。
02a_英国海权与和平_国家财政与社会.md,283,### 1. 公债价格购买的是偿付，不是某个统治者的寿命,最醒目的结果，不是某一行证实了一个既定故事，而是各行迫使我们修改故事。法国公债在巴黎陷落后上涨，说明债权人可能期待结束战争和恢复偿付；法债不是“拿破仑继续统治”的简单赌注。英国在提尔西特后的跌幅有限，也不说明英国投资者认为大陆无关紧要。俄国战争开端的英债跌幅明显更大，而同一窗口又包含英美战争与财政消息，无法将它全部归给拿破仑东征。
02a_英国海权与和平_国家财政与社会.md,285,### 1. 公债价格购买的是偿付，不是某个统治者的寿命,为与日常波动比较，下列事件研究选取了 100 个避开指定事件附近月份的两月窗口，绝对价格变化中位数约为英国 2.17%、法国 2.36%。提尔西特英债 −2.15% 与这一量级接近。入侵恐慌和英美战争的描述窗也没有钉住单一消息抵达日，不能因其接近零就宣称相关威胁无效。这不是随机化检验，也不产生一个可信的“法国胜率”；它只是说明，一个约 2% 的月度变化尚不足以独立支撑国家即将崩溃的强结论。
02a_英国海权与和平_国家财政与社会.md,289,### 2. 黄金、汇率和海险各自回答不同问题,安蒂帕的研究指出，部分图中 1805 年 10 月至 1808 年 10 月的黄金溢价平线，来源于缺失观测的处理，而非这三年市场完全不响应战争。1813 年一度接近 45% 的黄金溢价，也不能直接译为纸币贬值 45%。研究中统一公债收益率从约 5.10% 降到 4.95% 的阶段变化，是一段消息和政策环境的调整，不是特拉法加捷报抵达当日的纯效果。[英市2]
02a_英国海权与和平_国家财政与社会.md,291,### 2. 黄金、汇率和海险各自回答不同问题,伦敦—汉堡汇兑的票据期限通常为约两个半月。票据到期、支付地和银币计价都会影响报价。原材料中战前约 34 银行先令、1813 年图示约 24—28 的变化，只能在相同报价规则下讨论；没有完整原始月表，不应从图上读出伪精确的百分位。
02a_英国海权与和平_国家财政与社会.md,293,### 2. 黄金、汇率和海险各自回答不同问题,海上保险则更具有航线和时点差异。1809 年伦敦—加的斯个别 60% 的极端报价，不代表全部英国航运平均保费。布宜诺斯艾利斯方向某些报价从 1812 年 11 月的约 12.5%—18.8%，到 1813 年约 9.6%、1816 年约 2.28%，说明航线风险与战后环境变化很大；船型、季节、保险条款和政治条件却不完全相同，不能把差额全部命名为拿破仑战争的因果效应。
02a_英国海权与和平_国家财政与社会.md,297,### 3. 一张个人保险单，不是帝国寿命表,1813 年有一份以拿破仑在约一个月内死亡或被俘为赔付条件的合同，保费为每 100 英镑保额收取 3 几尼，即 3.15 英镑。这是非常具体的短期个人事件风险价格。[英市3]
02a_英国海权与和平_国家财政与社会.md,299,### 3. 一张个人保险单，不是帝国寿命表,但 3.15% 的保费中可能包含承保利润、信息差、信用风险和交易费用；死亡与被俘又被合并为同一触发事件。它既不能直接改写成“拿破仑有 96.85% 的概率活到月底”，也不能用来估计波拿巴王朝能否存续至 1848 年。
02a_英国海权与和平_国家财政与社会.md,301,### 3. 一张个人保险单，不是帝国寿命表,旧模型还曾预设坏状态先验 10%—30%、坏状态支付差 20%—60%、价格变化归因比例 25%—100%，再从价格变化反推风险区间。保留这种试算的意义，在于展示：只要改变先验、支付差和归因比例，就能得到很不相同的所谓概率。**这些输入不是市场观测；最终报告不把其输出当作史料结论。**公债、黄金、汇兑与海险共同支持的较稳健判断，是英国有持续战争的信用能力，同时也会为战争付出更高融资与交易成本；它们不支持“英国永不动摇”，也不支持“大陆战败立即财政投降”。
02a_英国海权与和平_国家财政与社会.md,305,## 八、本编的第一项裁决,从政治、财政和工业三条证据链看，法国确有机会使英国接受大陆上的法国优势，但最有效的筹码并非让英国相信自己即将破产。更有力的筹码是：**继续战争不再容易改变大陆格局，而一份有边界的和平可以恢复贸易、减少军费，并保全英国最看重的制度与海上安全。**
02a_英国海权与和平_国家财政与社会.md,307,## 八、本编的第一项裁决,如果拿破仑坚持欧洲各国都须无期限封锁英国，又要求英国承认随时可被改写的大陆王朝，那么英国即使更穷，也仍有理由维持海军、支持走私和等待新的大陆裂缝。法国获得的将是更昂贵的对抗，而不是一个已经完成的欧洲秩序。
02a_英国海权与和平_国家财政与社会.md,309,## 八、本编的第一项裁决,这也为下一编设定了检验标准：法国造出更多舰体、爱尔兰出现叛乱、法国士兵登上肯特海岸，都可能增加英国的压力；只有当这些力量能够持续运输、补给、支付并转化为可接受的制度安排时，它们才构成长久霸权。
02b_英国海权与和平_舰队海峡与帝国.md,5,## 一、先问有多少舰队，而不是有多少船,**法国可以重建一支强大海军；但多造战列舰，不会自动产生同等数量的远洋战斗单位。**一艘船从船台走到战列线，必须依次经过下水、舾装、配员、训练、补给、修理及编队协同。港口位置与出航条件又决定了它能否在需要的时候抵达需要的海域。
02b_英国海权与和平_舰队海峡与帝国.md,7,## 一、先问有多少舰队，而不是有多少船,本编区分五个量。**舰体存量**包括适航或可修复的船；**现役舰数**指已经编制、配员的船；**可在一年内动员的舰数**是本研究为比较长期准备能力设定的模型量；**同一季节实际可集中的舰队**才接近战役兵力；**战斗效能**还包含训练、指挥、炮术、侦察和海况。最后一个量最难计数，不能用一个未经校准的系数冒充史料。
02b_英国海权与和平_舰队海峡与帝国.md,11,### 1. 英国舰队账面上的不同层次,威廉·詹姆斯《大不列颠海军史》的年度表，显示英国战列舰从和平动员到战争高峰的变化。下表“在役”与“留港储备”沿用原表分类，不表示每艘在役舰都已在同一天出海；储备也不等于废船。[海1]
02b_英国海权与和平_舰队海峡与帝国.md,29,### 1. 英国舰队账面上的不同层次,1803 年“只有 32 艘在役”，不是英国总共只有 32 艘战列舰；1815 年降至 47 艘在役，也不是另外几十艘忽然沉没。和平裁员、转入储备与保留可重新动员的舰体，正是英国调整成本的方式。
02b_英国海权与和平_舰队海峡与帝国.md,31,### 1. 英国舰队账面上的不同层次,原表还有港口勤务舰、在建舰与订造舰。1808 年若把 126 艘战列舰舰体、港口类别和 48 艘在建或订造舰等项目全部相加，会得到约 237 的大总数；它不等于 237 艘能够投入会战的战列舰。表中“巡航舰艇”有时包含战列舰，不能再重复加一次；“前一年建成”是毛流入，不是扣除损失与退役后的净增；旧式载重吨也不等于现代排水吨。
02b_英国海权与和平_舰队海峡与帝国.md,33,### 1. 英国舰队账面上的不同层次,按既有逐年新建记录汇总，英国 1803—1814 年新建战列舰约 74 艘，其中 1808—1812 年约 46 艘，年均 9.2 艘，1812 年达到约 12 艘。这个生产能力足以否定“英国在特拉法加后不再造舰”的假设，却仍要与维修、老化和训练竞争同一批工匠与资金。
02b_英国海权与和平_舰队海峡与帝国.md,37,"### 2. 145,000 人不是 145,000 名熟练水手","1812 年议会海军员额约 145,000，包括约 113,600 名海员和 31,400 名海军陆战队员。即使只看“海员”，其中也包含不同熟练程度、不同岗位和不同健康状态的人；陆战队员的枪械操练，不能替代操帆与复杂索具作业。[海2]"
02b_英国海权与和平_舰队海峡与帝国.md,39,"### 2. 145,000 人不是 145,000 名熟练水手","复员后的数字又有年度长度问题。1817 年约 19,000 人、其中 6,000 名陆战队员的表决，只覆盖六个阴历月；1820 年约 23,000 人、其中 8,000 名陆战队员的安排，则按十三个阴历月计。1826 年约 30,000 人、其中 9,000 名陆战队员；1830 年目标约 29,000，实际因舰船尚未回国而一度超过 32,000。把所有表决数都当作同样长度的全年平均，会把政策变化夸大或缩小。"
02b_英国海权与和平_舰队海峡与帝国.md,41,"### 2. 145,000 人不是 145,000 名熟练水手","员额骤降也不等于海军经验一夜消失。威尔科克斯的研究摘要指出，战后皇家海军遣散约124,000人，到1818年约九成委任军官没有现役职务、领取半薪。这既是和平给海军家庭造成的生计危机，也是国家保留部分军官联系与身份的制度背景；半薪军官却不等于随时齐装满员的舰队，复员水手也未必能够立即召回。〔海补1〕"
02b_英国海权与和平_舰队海峡与帝国.md,43,"### 2. 145,000 人不是 145,000 名熟练水手","法国长期构成威胁时，英国很可能保留比真实和平年份更高的海军员额。可以把约 60,000—90,000 人设为“武装和平”的预算情景；这是假定法国威胁持续后提出的中间规模，并非史实编制。它的意义，是在 145,000 人战时高峰与约两三万人和平编制之间，留出制度上可行的中间状态。"
02b_英国海权与和平_舰队海峡与帝国.md,49,### 1. 一套能够修船、供粮、付款的组织,英国海军优势并非单独来自舰长的个人勇气。海军部、海军事务委员会、船厂、承包商、粮秣机构、地方港口与海外基地共同维持舰队。职责分散会带来扯皮和浪费，却也使海军不完全依赖一个中央机关每天发出新命令。
02b_英国海权与和平_舰队海峡与帝国.md,51,### 1. 一套能够修船、供粮、付款的组织,因此，即使伦敦遭袭，正在海外的舰队仍可按已有命令继续行动；合同、地方库存和舰队指挥链不会在首都失守的一刻同时消失。但把这种短期连续性扩大为“伦敦丢失后仍能无限期照常运转”同样过度。长期支付、保险、国库授权和统筹修理仍依赖国家重建有效财政中心。
02b_英国海权与和平_舰队海峡与帝国.md,53,### 1. 一套能够修船、供粮、付款的组织,真实历史中 1832 年海军行政重组也不应预先安排在替代世界同一年发生。持久军事威胁可以推动集中管理，也可能使旧机构以战争需要为由保留下来。应推演的是维修和供应能否运作，而不是机械复制后来每项改革的日期。
02b_英国海权与和平_舰队海峡与帝国.md,57,### 2. 造船能力有双重底座：王家船厂与私人市场,1793—1815 年，王家船厂建造约 41 艘战列舰和 78 艘其他舰艇；私人船厂约造 60 艘战列舰及 600 艘小型舰艇，参与者约六十家。这里的时期和分类不同于前述 1803—1814 年年度表，不能把两组总数直接互相核销。[海3]
02b_英国海权与和平_舰队海峡与帝国.md,59,### 2. 造船能力有双重底座：王家船厂与私人市场,船体维修技术也会进步。詹姆斯记述塞平斯自 1800 年起的斜撑试验、1805 年维修应用及后来重建实践，说明旧舰寿命并非完全固定；它不等于腐朽问题从此消失。技术改善、木料质量与维修工时仍须同时满足。原来把“法国每年新造”只同“英国永远不变的旧舰”相比的算法，因此在存量和维护两端都失真。[海1]
02b_英国海权与和平_舰队海峡与帝国.md,61,### 2. 造船能力有双重底座：王家船厂与私人市场,一艘大型战舰通常要占用船台两三年，随后还须舾装。战争损伤和木材腐朽又迫使旧舰返回船厂。新造舰越多，并不意味着可无限增加同年修理量。法国若持续扩张海军，英国可以增加订造和恢复储备舰，却也会遭遇熟练工匠、木材和财政的瓶颈。海军竞赛是动态反应，不是法国前进、英国原地不动。
02b_英国海权与和平_舰队海峡与帝国.md,65,### 3. 大陆封锁确实威胁海军物资，但替代路线也真实存在,俄国麻料对英国非常重要。赖恩讨论 1807—1812 年供应时指出，俄国来源曾占英国麻料消费极高比例，约逾九成；这说的是有关贸易消费口径，不是皇家海军仓库中九成物资当年立即断供。库存、经第三地贸易、质量差异与用途都影响冲击速度。[海4]
02b_英国海权与和平_舰队海峡与帝国.md,67,### 3. 大陆封锁确实威胁海军物资，但替代路线也真实存在,戴维研究波罗的海粮秣与补给，发现 1809 年确有严重困难，但到 1810 年部分供应条件已经改善，甚至可与德普特福德相比。这构成对“封锁一生效，英国舰队材料链便断裂”的直接限制。他也提醒，阿尔比恩对短缺的描述有夸张空间。两者应并列，而不是只留下最戏剧性的“英国即将无桅可用”。
02b_英国海权与和平_舰队海峡与帝国.md,69,### 3. 大陆封锁确实威胁海军物资，但替代路线也真实存在,"北美供应扩张尤其具体。阿尔比恩的资料显示，大型桅材由 1807 年约 4,442 根升至 1808 年约 16,729 根；北美橡木输入在 1810 年超过约 17,000 loads，1811 年超过约 24,000 loads。这里保留来源使用的木材贸易单位，不将其随意变成舰体排水吨。[海5]"
02b_英国海权与和平_舰队海峡与帝国.md,71,### 3. 大陆封锁确实威胁海军物资，但替代路线也真实存在,柚木提供另一条路径，但也要避免夸大。1812 年前运到英国的原料柚木，阿尔比恩只列出一船货；相反，在孟买直接造舰已经可行，“明登”号于 1810 年下水。英国可以把部分造船活动移向印度，而不是非得把每一根木材运回本土再加工。
02b_英国海权与和平_舰队海峡与帝国.md,73,### 3. 大陆封锁确实威胁海军物资，但替代路线也真实存在,铜材、铁件和回收也属于这个系统。一艘 74 炮舰按相关工程估算，可能涉及约百吨铁、约三十吨铜螺栓和约十二吨铜包板；这些是特定技术估算，不是每艘船的统一法定配额。古德里奇关于铜材回收和船厂工序的目录，证明存在回收技术与管理实践，却不能独自给出整个战争时期铜供需平衡。
02b_英国海权与和平_舰队海峡与帝国.md,75,### 3. 大陆封锁确实威胁海军物资，但替代路线也真实存在,**结论是：封锁能迫使英国更换来源、增加成本、接受质量与航程上的折衷，但不保证在可预定日期使舰队停航。**若法国希望依赖这种战略获胜，就要同时维持对俄国、北德、斯堪的纳维亚及中立运输的控制；这恰恰又扩大了它在大陆的政治负担。
02b_英国海权与和平_舰队海峡与帝国.md,79,### 4. 纪律问题说明制度有裂缝，不说明舰队等待倒戈,1797 年斯皮特黑德哗变中，约十六艘舰船的船员提出薪饷与给养要求，最终通过让步解决；诺尔事件则涉及更激烈的对抗及泰晤士河交通，遭到镇压。这两次事件证明舰员有集体行动能力，也说明国家会区分可谈判诉求与被认作政治威胁的行为。[海6]
02b_英国海权与和平_舰队海峡与帝国.md,81,### 4. 纪律问题说明制度有裂缝，不说明舰队等待倒戈,强征海员带来深刻不满，但它在 1815 年后不再实际使用，不等于相关权力立即从法律上废除。若法国舰队长期威胁英国，政府可能延长征募压力，也可能通过提高待遇、扩大志愿招募和保留骨干来降低成本。法国应期待英国在这两端之间调整，而不是期待每次欠饷自动变成一次革命。
02b_英国海权与和平_舰队海峡与帝国.md,83,### 4. 纪律问题说明制度有裂缝，不说明舰队等待倒戈,1807 年哥本哈根行动又说明，英国会主动改变竞争环境。它夺走约十六艘丹麦战列舰、十五艘巡航舰，并毁坏在建船只。史料所说约一百五十艘船组成的返回队列，包含英国船和运输商船，不是丹麦被夺走一百五十艘主力舰。英国自身缺员，也限制了全部俘获舰立即服役。波罗的海护航还受冬季封冻约束，通常十二月至三月尤其困难；1808、1811 年晚航队的损失不宜被当作全年平均海运风险。1810 年 7 月挪威几艘双桅舰一度俘获大量商船，英国随即增派巡航舰，又显示敌方成功会触发部署调整，而不是永久维持同一护航缺口。[海4]更重要的是，此举把丹麦推向法国，短期削弱一支舰队，却增加了长期政治敌意。[海7]
02b_英国海权与和平_舰队海峡与帝国.md,87,### 海上优势是一条有时刻表的补给管线,英国舰队能长期留在敌人海岸，靠的不只是船多，还靠补给到达的节奏。詹姆斯·戴维依据粮秣委员会文书和航海日志，重建了 1808—1809 年部分补给航次。从下达命令到货物抵达，哥德堡—温戈锚地四个可辨样本的平均时间为 43 天；哈讷湾、博恩霍尔姆和卡尔斯克鲁纳一组的五个样本为 64.4 天；芬兰湾纳尔根岛四个样本为 75.75 天。这三列并非同一批运输船依次经过全部地点的连续追踪，而是不同到达记录的局部样本，仍清楚显示越深入波罗的海，补给所需提前量越大。英国随后改用预先规划的大批运输：1810—1812 年把两批主要补给预定在 6 月 1 日和 8 月 1 日启航；1812 年又安排货船利用 7 月至 10 月约每十四天一次的护航。**法国若要在和平期真正缩小海军差距，必须复制的是这种提前数月安排雇船、装货、护航和目的地仓储的能力。** 将部分运输船和商港组织起来，持续保障近海训练、地中海巡航和海外据点，比单纯把造舰目标提高若干艘更可能转化为可用战力。〔补3〕
02b_英国海权与和平_舰队海峡与帝国.md,91,### 健康不是附属问题，而是战备存量,"海军的有效人数还取决于有多少人在航行数月以后仍能工作。戴维整理的波罗的海舰队月报显示，1809 年 7 月在站人员 17,398 人，病员 225 人，登记坏血病患者为零；同年 10 月在站 15,764 人，病员 300 人，坏血病患者一人。这是各统计时点的现患和在站人数，不是全年患病概率；它也没有证明舰队免于发热、风湿、事故或其他疾病。其意义在于，坏血病已不必然成为长期出海的宿命。柠檬汁、糖、给养配送和医疗记录共同保护了受训水手这项昂贵资产。**因此，法国和平期的海军复兴，应把“每年保存多少熟练船员”放到“每年下水多少舰体”旁边。** 即使暂时没有舰数优势，少损耗、常出海、形成稳定骨干，也可能在一代人的时间里使舰队质量发生比纸面规模更深的改变；前提是长期维持给养、医疗和训练，而非在战争临头时突击征人。〔补4〕"
02b_英国海权与和平_舰队海峡与帝国.md,97,### 1. 重建确实发生了,托多罗夫根据拿破仑时期资料整理的舰体分布，显示法国海军并没有在 1805 年后停止增长。下表沿用其地区和统计时点，不将总舰体数解释为全部现役、适航或可集中作战的数量。[法海1]
02b_英国海权与和平_舰队海峡与帝国.md,105,### 1. 重建确实发生了,"这组资料比“拿破仑只有陆军头脑”复杂得多。他确实投入船厂、招募、内河运输与海军预算，试图改变海上力量对比。穆拉乔勒的原文是 “104 vaisseaux, à flot ou en chantier”，即港口与船厂有 104 艘“浮存或在建”的战列舰；这个合计包含建造阶段，因而既不与 74 艘自动矛盾，也不能改写为法国已拥有 104 艘可战主力舰。[法海2]"
02b_英国海权与和平_舰队海峡与帝国.md,107,### 1. 重建确实发生了,七组主要船厂在 1807—1813 年的已获逐舰下水清单，经剔除更名和重复记录后约有五十艘不同舰体；另有瑟堡两艘，合计五十二艘。指定七组为安特卫普十八、布雷斯特三、罗什福尔二、洛里昂六、土伦十三、热那亚三、威尼斯五。清单主要依后出的逐舰网页及其所引专著，属于已找到的最小清单，不是已穷尽的法国全国船厂总表。[法海7]1810、1811、1812 年下水量分别约七、九、八艘，说明高峰期生产达到可观规模。它尚不足以证明法国已经持续做到每年二十艘战列舰，也不足以用不完整名单反向证明全国绝对做不到二十艘；更不能把某封要求提高产量的信当作完成报告。
02b_英国海权与和平_舰队海峡与帝国.md,111,### 2. 安特卫普：最大的机会，也是最硬的瓶颈之一,安特卫普船厂工人约从 1804 年五百人增至 1807 年二千八百五十人，船台由九座增至 1809 年约十二座。对拿破仑而言，这里把莱茵流域、荷兰航海人口与北海出口连接起来；对英国而言，它则是一支大型舰队接近海峡的潜在起点。[法海2]
02b_英国海权与和平_舰队海峡与帝国.md,113,### 2. 安特卫普：最大的机会，也是最硬的瓶颈之一,但从安特卫普到外海，并不是从船台直接滑进海峡。舰队需要沿约五十海里的河道，再通过约二十海里的外段；潮汐、浅滩、风向和引航使出海常耗五至十五天。船厂能建造大舰，不等于整支舰队能按皇帝指定的某一天同时抵达外海。
02b_英国海权与和平_舰队海峡与帝国.md,115,### 2. 安特卫普：最大的机会，也是最硬的瓶颈之一,1811 年 3 月 5 日，拿破仑按十八座船台、舰体平均占台三年，推算每年可造六艘；10 月 2 日又要求把六艘提高到八艘，并考虑调配荷兰和布洛涅的人员。**“每年八艘而非六艘”是安特卫普的目标，不是全国已经实现的产量。**将它与其他港口的舰体数相加，既可能重复，也可能把计划错当实绩。[法海3]
02b_英国海权与和平_舰队海峡与帝国.md,117,### 2. 安特卫普：最大的机会，也是最硬的瓶颈之一,安特卫普的重要性还制造了外交上的矛盾：它越能缩短法国海军差距，英国越难对它的军事扩张无动于衷。一个追求和平的法国，可能需要在保有商业港和部分造修能力的同时，对主力舰队规模或使用作出妥协。失去安特卫普会减缓海军追赶，但保留无限扩张权又可能使和平更难成立。两种好处不能毫无代价地同时取得。
02b_英国海权与和平_舰队海峡与帝国.md,121,### 3. 其他港口各有用途，不能在地图上直接相加,布雷斯特在 1807 年有逾五千二百名船厂工人，土伦约三千五百。土伦是地中海主力基地，热那亚能提供舰体，斯佩齐亚自 1810 年起开始建设，但仍处于形成阶段；罗什福尔受夏朗德河浅水与出口条件限制。[法海2]
02b_英国海权与和平_舰队海峡与帝国.md,123,### 3. 其他港口各有用途，不能在地图上直接相加,1814 年土伦“十七艘现役、三艘在建”的一种统计，与当年二月报刊提及“二十三艘浮存”的另一口径，不应拼接成二十三艘已配齐舰员的可战舰队。热那亚造出的三艘送往土伦，也不能在两港各算一遍。
02b_英国海权与和平_舰队海峡与帝国.md,125,### 3. 其他港口各有用途，不能在地图上直接相加,更根本的是，北海、大西洋和地中海舰队之间隔着英军监视海域。舰体总数接近，并不保证能在决定性战场上集中。法国海军本身也有行政与工程能力。德克雷协调海军事务，萨内等工程师维持标准舰型，建造进度可分项统计；革命造成军官流亡和组织断裂，并不意味着设计传统全部消失。更可行的改进，是中央确定多年预算与基地目标，让海军部门安排补给、训练和维修，并给予指挥官在天气窗口内行动的裁量，而不是反复用陆上行军式的精确日期要求所有港口同时出海。[法海2]
02b_英国海权与和平_舰队海峡与帝国.md,127,### 3. 其他港口各有用途，不能在地图上直接相加,法国应优先追求几个可以守住、可以训练、可以互相支援的海区，而不是把所有港口的纸面舰数当成一支随时聚合的大舰队。
02b_英国海权与和平_舰队海峡与帝国.md,131,### 4. 木材很多，不等于合格舰材已在码头,"1805 年清查的公有与市镇林木中，达到五法尺树围等标准的树约 733.8 万棵；一项 120 艘战列舰计划预计使用约 543,937 棵，约为该数的 7.4%。表面上，法国并不缺森林。[法海4]"
02b_英国海权与和平_舰队海峡与帝国.md,133,### 4. 木材很多，不等于合格舰材已在码头,"问题在于树种、曲材形状、树龄、干燥、运输与用途竞争。安特卫普相关供材区在计划中承担比例约达 62%，压力并不均匀。托多罗夫所列一艘 80 炮舰约需 3,737 stères 木料，stère 是来源中的堆积体积单位，不能直接当作现代意义上无空隙的实木立方米。"
02b_英国海权与和平_舰队海峡与帝国.md,135,### 4. 木材很多，不等于合格舰材已在码头,"1810 年 10 月的运输报告比宏大资源总数更能看见工作：沿格斯特河、威悉河运出的有 164 根大桅、149 根小桅、270 块板材；布雷默弗尔德另有 282 根大桅、510 根小桅、213 块板材。它们证明实物流动已经发生，但不是该路线的全年吞吐量。1808 年购买后仍滞留里加的 1,009 根桅材，又说明产权、外交关系和实际运达是不同问题。阿勒河—易北河等运输设想也不能在尚未完成时就贡献运力。[法海4]"
02b_英国海权与和平_舰队海峡与帝国.md,137,### 4. 木材很多，不等于合格舰材已在码头,1811 年 2 月部门报告称法国及意大利有足够麻料、铜有储备、铁可以本地取得。这足以反驳“一根索具也做不出”的夸张说法，却不是一份覆盖二十五年竞赛的原料平衡表。持续训练、维修与商船扩张也要消耗同一批物资。1810 年 11 月的北方桅材采购允许至多五分之一担保预付款，余款在但泽、吕贝克交货后支付，并安排约三百万法郎采购运输信用。这显示原料供应依赖合同与现金流：帝国拥有森林，并不使伐木人、驳船主和工匠可以不领工资。新植橡树更赶不上二三十年内大舰维修所需的成熟曲材。[法海1]
02b_英国海权与和平_舰队海峡与帝国.md,141,### 法国海军扩张，还需要改变国家怎样购买一棵树,"法国的造舰潜力不只取决于森林面积，还取决于国库能否把合格木材按时变成船厂库存。格雷厄姆研究旧制度法国的舰材采购发现，十八世纪中叶以后的合同已经详细约定品种、数量、质量、价格、交货日期和运输路线，并把多年、多地、多船厂的需求交由较大承包商协调。这说明法国并非缺少采购技术传统；真正的问题还包括拖欠、特权和部门失调。巴拉德森林的一次复查尤其直观：1715 年筛选后尚有约 3,000 棵适用树木，1728 年海军认为仍适用的只剩 724 棵。树木被标记征用，却迟迟不获采运和支付，会把森林所有者的资本冻结在原地。**因此，拿破仑海权政策中最有价值的改革之一，应是按期支付、验收独立、承包履约与产权补偿，而非继续扩大行政征用。** 这是从旧制度经验提炼的可行改革方向，不是把十八世纪的个案偷换为 1811 年所有法国船厂的现状。它仍能解释为什么法国“拥有足够森林”与“拥有可持续的舰队”之间，隔着一整套国家与社会的交易关系。〔补7〕"
02b_英国海权与和平_舰队海峡与帝国.md,147,### 1. 将军可以征集人，不能立即征集十年的航海经历,1810 年甘托姆估计法国真正的海员约三万人，同一比较中英国约十二万人。托多罗夫在转述时明确使用 “estime”（估计）一词。这是高级海军军官的判断，不是按统一职业定义完成的两国普查。其价值在于揭示法国决策层也知道问题主要在熟练人力，而不仅在舰体数。[法海1]
02b_英国海权与和平_舰队海峡与帝国.md,149,### 1. 将军可以征集人，不能立即征集十年的航海经历,"拿破仑同年 7 月 13 日写出 “un corps de 66,000 matelots”（一支六万六千人的海员队伍）的设想，为五十艘战列舰、三十艘巡航舰与约四百艘小艇提供人力。这是计划规模，不是实际到员。海事登记自 1795 年相关法令起，按职业、年龄和家庭状况组织义务；原则上的十八至五十岁登记，并非所有人同一时刻离家服役。1810—1811 年沿海征募扩大了人口范围，却也增加逃亡、家庭生计和地方合作的问题。汉萨地区到员不足、伊利里亚逃亡，以及有人向英国提供舰队情报的记录，说明新增海岸线不是净增相同比例海员的算式。正常工资、家属给付、服役期限和商船恢复，可能比一味追加征额更有利于长期净到员。[法海1][法海5]"
02b_英国海权与和平_舰队海峡与帝国.md,151,### 1. 将军可以征集人，不能立即征集十年的航海经历,陆军转来的士兵可以承担部分炮术和警卫，却需要时间学习操帆、索具、风浪中的协同以及损伤控制。
02b_英国海权与和平_舰队海峡与帝国.md,153,### 1. 将军可以征集人，不能立即征集十年的航海经历,"荷兰并非一座可以无限取用的水手仓库。1806 年荷兰海员约 7,693 人、海军总人员约 12,373；到 1810 年可立即利用者不足四千。丹麦 1810 年虽有约 7,584 的有关人员总量，眼前却只能再提供约二百名水手补充斯海尔德舰队。挪威约二万一千名合资格者也不等于全部可被法国抽走：渔业、商船、本地防务、家庭生计和政治服从都会限制征用。[法海1]"
02b_英国海权与和平_舰队海峡与帝国.md,155,### 1. 将军可以征集人，不能立即征集十年的航海经历,1811 年海岸征募约二万人，其中约 70% 来自今天不属于法国的地区。这一数字说的是一届特定征募、按今日边界回看来源；它既不是全部法国海军七成皆为外国人，也不证明这些人已经熟练并忠诚地服役。
02b_英国海权与和平_舰队海峡与帝国.md,159,### 2. 法国海军并非从不训练，但训练环境不对称,拿破仑有时要求舰队不要在不利条件下出港，这体现风险控制；若据此断言法国海军从未出海，就会遗漏真实努力。1811 年 7 月 31 日有关亚得里亚海轻型舰艇的安排，要求让部分舰员轮换训练；10 月 3 日又涉及斯海尔德区域的出海练习。1813 年约四千名巡航舰人员的航海经历，从二十天到五个月不等，平均约两三个月。[法海3]
02b_英国海权与和平_舰队海峡与帝国.md,161,### 2. 法国海军并非从不训练，但训练环境不对称,这些经验不是零，却难与英国多年封锁、护航、远洋航行和战斗形成的连续训练相比。英国也并非所有舰员都经过同等教育。1812 年预算辩论指出舰队只有三十九名牧师，并拟使牧师兼任教师；船厂工人又就所得税负担请愿，回收铜皮的质量与成本在议会遭到争论。海军的物质优势需要不断处理劳动待遇、专业教育与维修争议，而非一种无需维护的文化天赋。[海2]
02b_英国海权与和平_舰队海峡与帝国.md,163,### 2. 法国海军并非从不训练，但训练环境不对称,法国若一直处于严密封锁下，其新舰员往往需要在第一次真正出海时同时面对天气、编队与敌舰。英国则在执行任务时继续积累经验，形成一种会自行强化的优势。
02b_英国海权与和平_舰队海峡与帝国.md,165,### 2. 法国海军并非从不训练，但训练环境不对称,和平因此不是海军竞赛的终止，而可能是法国缩小差距的最佳环境。商船恢复航行，年轻海员积累经验；军舰能够按计划训练而非等待逃脱封锁；军官能够在不必赌上整支舰队的情况下学习指挥。**对法国而言，先以政治妥协争取十年以上海上活动空间，往往比先用未经磨合的舰队夺取一次绝对制海权更有价值。**
02b_英国海权与和平_舰队海峡与帝国.md,169,### 3. 登记人数与现役熟练人数仍须分开,"海事登记制度提供了长期动员基础。维利耶与屈勒里耶的研究列出：1825 年登记总数约 94,611，其中军士、海员、见习海员和少年水手约 73,053；1845 年相应约 125,272 与 101,306。这说明法国航海人力并非天然停留在三万人，也说明和平商船活动能够扩大潜在池。[法海5]"
02b_英国海权与和平_舰队海峡与帝国.md,171,### 3. 登记人数与现役熟练人数仍须分开,然而，登记者包括不同年龄与技能层级，也可能在商船、渔业或岸上生活。抽走过多人会损害产生海员经验的商业航运本身。所谓“征集更多海员”有一个悖论：征募越急，越可能削弱未来的海员来源。因此，持续霸权需要保有航运生态，而不只是海军征发名册。
02b_英国海权与和平_舰队海峡与帝国.md,175,### 4. 私掠能够伤害贸易，也会消耗法国自己的水手,"1803—1815 年约发出 1,542 份私掠许可；1803—1814 年累计俘获敌船约 5,314 艘。这个数量证明法国仍能给英国商业造成损失，不能说特拉法加后英国商船完全安全。[法海6]"
02b_英国海权与和平_舰队海峡与帝国.md,177,### 4. 私掠能够伤害贸易，也会消耗法国自己的水手,"但累计俘获不是英国商船存量的净减少。有的船会被夺回，有的被释放，贸易舰队也持续新建。英国商船登记数在 1800、1805、1810 年分别约 17,885、22,805、22,703，更不支持将五千余次俘获直接从一个固定船队扣除。"
02b_英国海权与和平_舰队海峡与帝国.md,179,### 4. 私掠能够伤害贸易，也会消耗法国自己的水手,"反过来，英国俘获约 440 艘法国私掠船，并拘押约 27,000 名人员。被俘者中包含法国本来就紧缺的航海劳动力。私掠是给英国增加保险费和护航成本的手段，不是完全免费的“不对称武器”。如果目标是二十年后拥有一支熟练主力舰队，必须比较今天私掠收益与长期人力损失。"
02b_英国海权与和平_舰队海峡与帝国.md,185,### 1. 先给出可以站得住的结论,**1815 年前，法国可能把舰体规模恢复到足以形成区域威胁的水平，但英国在可用舰队、训练、海上部署与全球支援方面仍明显领先。**避免西班牙长期战争与俄国灾难，会给法国更多财政和人力空间，却不会把陆军节省的每一法郎立即变成训练成熟的海军。
02b_英国海权与和平_舰队海峡与帝国.md,187,### 1. 先给出可以站得住的结论,**到 1830 年，若有持续和平、开放航运、稳定海军预算和可用基地，法国有条件接近英国的主力舰体规模，并显著削弱英国在欧洲近海的绝对优势。**若海战长期持续、港口继续被封锁，即使多造船，实际差距也较难缩小。
02b_英国海权与和平_舰队海峡与帝国.md,189,### 1. 先给出可以站得住的结论,**到 1848 年，较可信的终点是英国仍拥有全球性海权优势，法国成为能在欧洲若干海区进行有力争夺的第二海上强国。**法国在某一季节、某一海区取得局部优势并非不合理；法国必然全面超过英国，证据不足。随着蒸汽、推进器、炮弹与工业维修能力上升，比较对象已经不再只是木质战列舰总吨位。
02b_英国海权与和平_舰队海峡与帝国.md,193,### 2. 原模型的有用之处：让条件与结果同时出现,沿这条机制向1830年推算，可以比较两个条件分支。两者在 1815 年共享同一起点；“持续海战”假定训练受限制、战损继续；“武装和平”假定贸易与训练环境改善，但两国仍保留海军竞争。舰体数字中的小数是年度存量模型的计算值，不表示现实存在零点几艘船；正文判断应取约数。
02b_英国海权与和平_舰队海峡与帝国.md,205,### 2. 原模型的有用之处：让条件与结果同时出现,这些结果来自对新造、自然退出、战损、人员流入、整备和平均舰型吨位的设定。它们没有被一套真实存在的“法国未败的 1830 年舰队名册”验证。因此，0.902 应读作“在这组条件下，舰体吨位约可接近九成”，不是历史学发现了一个精确的海军实力比。
02b_英国海权与和平_舰队海峡与帝国.md,207,### 2. 原模型的有用之处：让条件与结果同时出现,原模型还要求法国每年向海军事业净补入约八千至一万二千人，其中每年形成或吸收四千至六千名合格人员。后者含新兵晋级与有经验商渔民转入，不能在前者之外再加一次；同一批人也不应同时算作陆军的新兵。这个流量尚未由完整个人履历序列校准，和平下能否实现，取决于商船规模、工资、死亡和被俘损失。
02b_英国海权与和平_舰队海峡与帝国.md,209,### 2. 原模型的有用之处：让条件与结果同时出现,原模型进一步引入训练系数：持续海战中，法国由 0.65 升至 0.75，英国由 1 升至 1.05；武装和平中，法国升至 0.925，英国降至 0.95。这些系数没有经验校准，而且“可动员舰数”已经部分反映人员准备，再乘训练系数可能重复折损。
02b_英国海权与和平_舰队海峡与帝国.md,211,### 2. 原模型的有用之处：让条件与结果同时出现,所以，原来 1830 年持续海战下约 0.449、武装和平下约 0.876 的“效能比”，这里只保留为模型演示，不作为结论标题。若不乘训练系数，仅比较可动员舰的假定吨位，同年约为 0.628 与 0.899。持续海战的高低参数组合给出舰体吨位比约 0.552—0.926、加权效能比约 0.282—0.644；武装和平对应约 0.769—1.012、0.747—0.974。区间之宽本身就表明，结果由条件主导，而非已经测得。
02b_英国海权与和平_舰队海峡与帝国.md,215,### 3. 最重要的敏感性，不只是法国造船速度,持续海战基准中，若法国新造量降低 30%，1830 年舰体约降至 78.3、一年内可动员约六十艘；若只是人员流入减少 30%，舰体仍约 108.7，可动员却约五十七艘。前者是船台不足，后者是有人造船却无人有效使用。两种短板的历史含义不同。
02b_英国海权与和平_舰队海峡与帝国.md,217,### 3. 最重要的敏感性，不只是法国造船速度,把整备率降低十个百分点，同年可动员舰约降至七十三艘。若设定法国一开始失去十二艘安特卫普相关舰体，之后每年少造三艘，1830 年舰体约六十五艘，可动员约五十艘。和平分支中同样撤去安特卫普优势，可动员也降至约七十一艘。可见安特卫普不是可随意交换而毫无军事代价的附属品；它又恰是英国最敏感的安全问题之一。
02b_英国海权与和平_舰队海峡与帝国.md,219,### 3. 最重要的敏感性，不只是法国造船速度,还必须让英国作出反应。原模型的和平分支假定英国减少现役或准备力量。如果法国保持和平分支的扩张，而英国仍维持持续海战分支的准备规模，法国原先约 0.876 的加权比便降为约 0.731。**法国成长越快，英国越可能不按照“英国和平裁军”的剧本行事。**
02b_英国海权与和平_舰队海峡与帝国.md,223,### 4. 舰队预算要和全帝国预算相容,拿破仑海军计划列出 1812 年约 2.234 亿法郎、1813 年约 2.557 亿，1814 年维持费用约 1.459 亿；这些是计划或估算，不能当作已足额支付的决算。1812 年预算被压至约 1.90 亿，也说明陆海军争夺资源。[法海1]
02b_英国海权与和平_舰队海峡与帝国.md,225,### 4. 舰队预算要和全帝国预算相容,长期模型曾以每年约 1.95 亿法郎为基准、1.70 亿至 2.20 亿为常用范围，并另试 2.20 亿至 2.60 亿的高投入情景。问题在于，和平分支后期约 132 艘舰体、接近十三万总人员的规模，未必还能由最初的 1.95 亿预算支撑。必须重新核算薪饷、维修、训练航次、巡航舰与基地费用。没有完成这种跨部门预算闭合之前，不能把高舰队规模与低财政负担同时列为既得好处。
02b_英国海权与和平_舰队海峡与帝国.md,227,### 4. 舰队预算要和全帝国预算相容,"英国方面，1810、1812、1813 年相关海军拨款约为 1,897.5 万、1,930.6 万和 2,009.7 万英镑；1811 年不同汇总出现约 1,982.2 万与 2,027.6 万的差别，仍需对齐拨款、补充费用及会计年度。它们支持约两千万的战争量级，不支持在尚未对齐口径时宣称精确到个位数的成本差。"
02b_英国海权与和平_舰队海峡与帝国.md,231,### 5. 封锁本身需要多大的英国舰队,英国不只要“比法国多一艘”。它要考虑维修、轮换、天气、其他敌人和全球任务。为展示负担，可把英国需要的同季在役舰数设为敌方同季可集中战列舰的 1.05—1.20 倍，再加十五至二十五艘机动余量；按 75%—85% 的可用率反推舰体需求。系数仍是压力测试，而非皇家海军的统一教令。
02b_英国海权与和平_舰队海峡与帝国.md,240,### 5. 封锁本身需要多大的英国舰队,这张表的重要用途是防止分母偷换：法国“一年内可动员六十艘”不等于同一天集中六十艘；英国“和平现役四十五至七十艘”也未必够同时封锁法国所有港口、维持地中海和海外任务。随着法国改善准备，英国更可能收缩某些远端活动、采用远距离监视，或增加编制，而不是永远维持 1805 年式的每港近封锁。
02b_英国海权与和平_舰队海峡与帝国.md,242,### 5. 封锁本身需要多大的英国舰队,巡航舰和小型舰尤其不能省略。模型 1830 年英国约有 143.5 艘巡航舰和 260 艘小舰，法国持续战争分支约五十三与五十九、和平分支约六十九与九十三；这些同样是条件存量。它们提醒读者：即使主力战列舰接近，侦察、护航、缉私、通信与殖民巡弋仍可能明显不对称。
02b_英国海权与和平_舰队海峡与帝国.md,246,### 6. 1848 年的竞争，已经走进机器时代,帕克桑 1822 年《新海上武力》论述平射爆炸弹与蒸汽动力，确实预示木质舰队面临新威胁。他同时承认，技术优势可能短暂，因为英国能够模仿。因此，不能把 1822 年的论说立即变成 1824 年法国舰队战力翻倍的事实。[海技1]
02b_英国海权与和平_舰队海峡与帝国.md,248,### 6. 1848 年的竞争，已经走进机器时代,法国“斯芬克斯”号 1829 年在罗什福尔下水，其约 160 马力机器由利物浦的 Fawcett 公司制造；1833 年参与拖曳运送卢克索方尖碑的船。这说明法国能够采用新技术，也说明英国工业供应在早期蒸汽海军中发挥作用。一艘船的进口机器不代表全部法国机器都来自英国，但它足以反驳两国技术体系从来完全分离的设想。[海技2]
02b_英国海权与和平_舰队海峡与帝国.md,250,### 6. 1848 年的竞争，已经走进机器时代,1845 年“响尾蛇”号与“阿莱克托”号的推进方式比较，体现螺旋桨与明轮竞争的实际阶段。格林尼治收藏中的图像可以证明这次试验及其后来的表现方式，却不是足以控制所有船型、功率和海况差异的工程实验数据。[海技3]
02b_英国海权与和平_舰队海峡与帝国.md,252,### 6. 1848 年的竞争，已经走进机器时代,到 1848 年，煤站、锅炉维修、机器制造、螺旋桨设计、炮弹与舰体防护开始改变力量计算。早期蒸汽舰仍依赖帆装、续航与煤炭后勤，不能描写成后来的现代舰队。法国可以凭集中投资在某些技术上先行，英国则拥有较大的煤炭、机械与商船体系，能够迅速吸收创新。**最可信的判断不是法国必然追平，也不是英国优势永远不变，而是欧洲近海的优势更可争夺，全球持续部署仍偏向英国。**
02b_英国海权与和平_舰队海峡与帝国.md,258,### 1. 皇帝的名句与运输官的账本,1804 年 7 月 2 日，拿破仑致拉图什—特雷维尔的信留下著名设想：只要做海峡六小时的主人，就能成为世界的主人。但同一组部署还涉及舰队何时到来、粮食和季节是否合适。六小时是一句表述决定性机会的战略语言，不是一份从离港、航渡、卸载到补给都已压缩为六小时的运输表。[陆海1]
02b_英国海权与和平_舰队海峡与帝国.md,260,### 1. 皇帝的名句与运输官的账本,甘托姆早在 1803 年即对小艇运输的偶然性提出警告，主张需要主力舰队的掩护。他当时任土伦海事长官，不是后来某些叙述移植给他的布雷斯特指挥身份。准确的职务有助于辨认：这是参与实际筹划者的专业意见，而不是战后为失败寻找理由。
02b_英国海权与和平_舰队海峡与帝国.md,262,### 1. 皇帝的名句与运输官的账本,1804 年秋的计划曾包含斯威利湾等爱尔兰目标；1805 年 3 月又设计布雷斯特、费罗尔、马提尼克与欧洲舰队之间的会合，并设置三十或四十天的等待条件。这里至少有四个不应混同的节点：**命令写成、命令送达、舰队出航、舰队按时会合。**把第一节点当作第四节点，就等于提前赢下了整个海军行动。
02b_英国海权与和平_舰队海峡与帝国.md,266,### 2. 布洛涅小艇确有运力，但兵、马、炮不是同一件货物,"德布里埃尔刊印的 1805 年 3 月 30 日致内伊文件，列出蒙特勒伊部队的一组装载安排：三十六艘艇各载 130 人，计 4,680；一百零八艘各载百人，计 10,800，并安排 216 匹马；七十二艘平底艇各载六十六人，计 4,752。合计 216 艘作战运输艇，兵员位置约 20,232，低于需运的 24,853，缺口 4,621。[陆海2]"
02b_英国海权与和平_舰队海峡与帝国.md,268,### 2. 布洛涅小艇确有运力，但兵、马、炮不是同一件货物,"另有 126 艘辅助艇，其船员位置和实际需求之间有余量；这不表示余下位置可以不加条件地装入四千多名携械步兵。马匹可载约 1,391、需要约 1,616，差约 225；炮兵与辎重车辆、挽马另有未完全分配的项目。由此可见，运输官面对的是一种配套约束：步兵到了岸上，马、火炮和弹药若晚到，便不是同一支完整军队。"
02b_英国海权与和平_舰队海峡与帝国.md,270,### 2. 布洛涅小艇确有运力，但兵、马、炮不是同一件货物,"把四组样本合并，可得约 80,928 个战斗人员位置、5,564 匹马的位置。若反事实方案另假定八万军队必须带八千匹马，则相差约 2,436 匹；这证明“按十分之一比例配马”的模型假设与样本装载表不相容，不证明实际历史的全运输舰队永远缺少恰好 2,436 匹马。运输牲畜需求必须按真实兵种和辎重编制重算。"
02b_英国海权与和平_舰队海峡与帝国.md,274,### 3. 一小时升帆，是集结之后的一小时,1805 年 8 月 3 日圣奥昂的报告认为，可在一个潮汐过程中完成某些出港安排，又讨论分两个潮汐到锚地集结。所谓不到一小时全部升帆，说的是已经完成前置集结之后，并不包含全部小艇从各港出来、编队、等待合适海况与横渡海峡的时间。[陆海2]
02b_英国海权与和平_舰队海峡与帝国.md,276,### 3. 一小时升帆，是集结之后的一小时,"因此，采用两潮汐方案、假设相对有利航渡及卸载条件，八万人的近距离登陆从法国离港到形成岸上整体力量，时间预算约 46—98 小时，即二至四天；若港口调度需要六个潮汐，约为 106—144 小时，即四天半至六天。卸载十二至三十六小时意味着每小时要把约 2,200—6,700 名携带相应装备的人员体系转移上岸。这些是明确给定条件的时间预算，不是实测完成过的行动。"
02b_英国海权与和平_舰队海峡与帝国.md,278,### 3. 一小时升帆，是集结之后的一小时,模型中所谓“登陆后第二日”，必须从第一批卸载开始计算，而不是从拿破仑在法国发出启航命令开始计算。否则法国一边被赠送了数天集结时间，英国一边却被假定尚未收到任何警报。
02b_英国海权与和平_舰队海峡与帝国.md,280,### 3. 一小时升帆，是集结之后的一小时,天气不是事后借口。一次布洛涅风暴的不同报告，分别记录十二或十三艘艇及不同范围的死亡人数，埃塔普勒还有另计损失。来源范围未统一前，不宜把它们拼成一个绝对准确的总数；它们共同支持的是，小艇队在拥挤港口与近岸风浪中也会发生损失，并非只有遇到英国战列舰才有风险。
02b_英国海权与和平_舰队海峡与帝国.md,284,### 4. 英国会有多少兵赶到海岸,"1803 年 6 月，大不列颠正规军基层兵员约 31,860，且不含炮兵；另列爱尔兰约 19,771。1805 年 1 月的另一统计，大不列颠正规军约 57,678，包括骑兵 14,857、炮兵 4,708、步兵 38,113，民兵约 70,386；爱尔兰另有正规军约 34,087、民兵约 19,423。不同月份、是否计军官及军种的口径必须保留，不以较大的数代替较小的数。[陆海3]"
02b_英国海权与和平_舰队海峡与帝国.md,286,### 4. 英国会有多少兵赶到海岸,"世界范围的英国正规军总员额，从 1804 年初约 150,593 增至 1813 年 9 月约 260,797；后者包含约 53,729 名外国部队人员。它们不是全部驻在英格兰南部的部队。一个帝国军队总数很大，可能恰好意味着大量兵员在半岛、地中海、西印度和亚洲，几周内回不来。"
02b_英国海权与和平_舰队海峡与帝国.md,288,### 4. 英国会有多少兵赶到海岸,"大不列颠志愿军在 1804 年初登记约 380,258 人，其中骑兵约 28,943、步兵 341,011、炮兵 10,304；1805 年约 360,814。这个数字说明地方动员广泛，却不是三十八万名随时能与法国老兵进行野战的正规军。1804 年沿岸持续训练者超过约八万，但诺福克有三十三个团中仅三个被认为适于野战的评估，足以警告我们不要赋予所有登记人员相同战力。[陆海3]"
02b_英国海权与和平_舰队海峡与帝国.md,290,### 4. 英国会有多少兵赶到海岸,"凯文·林奇对兵员流动的研究进一步显示，1810 年驻英格兰的三十九个营约 24,764 人，其中 7,677 人患病，适役约 17,087；1811 年联合王国约 55,938 名相关部队中，真正能提供给威灵顿的只有五个营。1807—1813 年年均减员约 22,695，约占相关力量的一成，常规招募不足以单独补齐。1803—1813 年的约 134,316 名常规招募者、15,780 名其他征募与 99,755 名民兵转入者，也不能全部视作彼此独立的新人口；其中少年兵和既有民兵转籍需要分辨。[陆海4]"
02b_英国海权与和平_舰队海峡与帝国.md,292,### 4. 英国会有多少兵赶到海岸,**因此，法国若在英国尚未充分集中兵力前，将四万至八万装备完整的老兵送上同一段海岸，确可造成极严重的战役危险。**英国庞大的登记数字不会自动抵消这一局部优势。1809 年瓦尔赫伦远征的严重疾病又提醒我们，英国同样可能在低地与港口战区损失大量有效兵员；海军把兵送到岸上，并不保证陆军能够健康、迅速地完成任务。这个反例应限制双方的乐观行动表，而不是被用来给法国远征免费增加战力。[陆海9]反过来，法国也不能假定英国所有部队都留在原驻地不动。
02b_英国海权与和平_舰队海峡与帝国.md,296,### 5. 警报、道路和车辆决定“援军”何时成为现实,1804 年英国规划让军队借用马车快速向伦敦和受威胁地区集中，某些方案设想每日约四十英里、连续三天；运输队准备至少需要约一天，补给车辆每日约二十五至三十英里更接近另一类计划值。这些是组织目标，而非全国道路在任何天气都能实现的成绩。[陆海5]
02b_英国海权与和平_舰队海峡与帝国.md,298,### 5. 警报、道路和车辆决定“援军”何时成为现实,1805 年 4 月皇家运输队分布于坎特伯雷、切姆斯福德、贝克斯希尔及克罗伊登等地，提供马匹、车辆与运输组织。它们是小型专业运输分队，不能额外算作几支主力战斗部队。1815 年卡里的道路书可以用来估计路线长度，但作为 1805 年的代理资料，应明示这十年差距。
02b_英国海权与和平_舰队海峡与帝国.md,300,### 5. 警报、道路和车辆决定“援军”何时成为现实,按道路书，伦敦桥至海斯约六十七英里，至梅德斯通约三十四英里三弗隆，至阿什福德约五十四英里四弗隆；伦敦至伊斯特本约六十英里四弗隆；白教堂至切姆斯福德约二十八英里七弗隆，至科尔切斯特五十一英里，至哈里奇七十一英里五弗隆；伦敦至韦茅斯约一百二十七英里六弗隆。一英里为八弗隆，不能把“七弗隆”当小数点七英里。
02b_英国海权与和平_舰队海峡与帝国.md,302,### 5. 警报、道路和车辆决定“援军”何时成为现实,若假定步兵日行十五至二十英里，加半日至一日动员与四分之一日至半日重新集结，伦敦到海斯约需 4.1—6 天；条件良好的车辆输送约 2.9—3.2 天。阿什福德到海斯步行约 1.4—2.3 天，车辆约 1.6—1.8 天，短距离的准备成本会吃掉速度优势。伦敦至韦茅斯则约需 7.1—10 天步行，车辆约 4.4—4.7 天。
02b_英国海权与和平_舰队海峡与帝国.md,304,### 5. 警报、道路和车辆决定“援军”何时成为现实,这样的估算支持一个有限结论：先遣法军可能抢在远方英军之前形成局部优势，但要扩大到伦敦，仍在与英国内线交通、警报和补给体系赛跑。将预警设为零至十二小时、二十四至四十八小时、七十二小时以上，适合比较不同情报条件；它们不是已经统计出的英国预警概率。
02b_英国海权与和平_舰队海峡与帝国.md,308,### 6. 防御工事不能提前从未来搬来,英格兰南岸约七十四座马尔泰洛塔主要建于 1805—1808 年，部分工程延至 1810 年；东岸约二十九座主要建于 1809—1812 年。皇家军事运河从 1804 年动工，约 1809 年完成、1810 年开放，长约二十八英里。1803 年的英国不能享用一条尚未建成的运河和后来才完备的炮塔线。[陆海5]
02b_英国海权与和平_舰队海峡与帝国.md,310,### 6. 防御工事不能提前从未来搬来,撤空与焦土计划也存在地方差异。福蒂斯丘指出，一项广泛撤离安排在 1803 年 10 月末被取消；奇尔科特又引 11 月索尔兹伯里地区继续筹划迁移人口和牲畜的文件。两者说明中央全面计划撤回之后，地方仍有准备，而非证明全国既没有疏散，也非证明疏散已有效执行。
02b_英国海权与和平_舰队海峡与帝国.md,312,### 6. 防御工事不能提前从未来搬来,西德尼·史密斯 1803 年 8 月致基思的信指出，兰德加德至索思沃尔德一带海岸容易登陆，警报传播或误导可能改变部队去向，附近还有大量可征用羊群。这类材料把“英国人会烧掉所有补给”还原成一个必须组织、执行并可能失败的过程。
02b_英国海权与和平_舰队海峡与帝国.md,316,### 7. 登陆成功以后，法国怎样吃饭,为比较供给规模，假定每名士兵每天食物 1.5 千克，每匹马每天饲料 10 千克，马数为兵力的十分之一，则二万、四万、八万、十二万军队每天所需食物和饲料约为五十、一百、二百、三百吨。前一个系数借鉴军事后勤研究，后两个是本模型假设；它们没有包含饮水、弹药、伤员后送、车辆损耗与港口设施。[陆海6]
02b_英国海权与和平_舰队海峡与帝国.md,318,### 7. 登陆成功以后，法国怎样吃饭,英国南部并非无人荒原，法军可以征用部分粮食和牲畜。但地方征发有速度、分布与政治成本，不能保证弹药、炮马和装备补充。夺取一个可用港口、保有持续航路、建立仓库并阻止英军切断交通，比第一批步兵登岸更能决定战役寿命。
02b_英国海权与和平_舰队海峡与帝国.md,320,### 7. 登陆成功以后，法国怎样吃饭,按登陆后形成力量的速度，可分四种规模讨论：二万人的登陆更接近可被围堵的突入；四万人构成取决于双方集中速度的关键规模；八万人若连同炮兵、骑兵及补给在两天左右有效形成，足以取得强大的局部优势；十二万人虽更强，也显著增加运输、饲料与占领负担。这组比较说明兵力、时间和补给怎样互相制约；规模扩大并不会按固定比例提高成功率。
02b_英国海权与和平_舰队海峡与帝国.md,324,### 8. 伦敦陷落，与英国行省化之间还有一场战争,乔治三世 1803 年 11 月致赫德的通信表示自己可能率军，王后与公主可前往伍斯特。福蒂斯丘也提到政府撤往该地的安排，但本次尚未取得相应原始执行命令。它们支持“首都受威胁时存在迁移考虑”，不支持完整内阁和国库已制定撤往加拿大的成熟计划。所谓银行已有三十辆运金车的说法，也未得到足够的原始凭据，不写成事实。[陆海7]
02b_英国海权与和平_舰队海峡与帝国.md,326,### 8. 伦敦陷落，与英国行省化之间还有一场战争,若伦敦失守，支付与证券交易可能经历数周至一两个季度的严重扰动；重建财政和行政中心可能需要半年至一年半。这些是机制上的时间级别，不是经档案证实的预案。海军能否继续服从、地方税能否进入新国库、国王与议会是否保持合法性，比法国旗帜是否已经升上某幢伦敦建筑更重要。
02b_英国海权与和平_舰队海峡与帝国.md,328,### 8. 伦敦陷落，与英国行省化之间还有一场战争,一个保留王朝、议会和舰队、以撤军换取有限让步的法国胜利，有可能在数月内催成和平。一个要求废黜王朝、没收舰队、停付国债和长期占领全国的法国胜利，则会加强海外与地方继续抵抗的理由。前者是迫和，后者是另一个数量级的征服任务。
02b_英国海权与和平_舰队海峡与帝国.md,330,### 8. 伦敦陷落，与英国行省化之间还有一场战争,法国还须支付大陆机会成本。1805 年大军从布洛涅转向多瑙河，从 8 月下旬起算，到 10 月 7 日到达多瑙河约四十二至四十六天，到 10 月 20 日乌尔姆受降约五十五至五十九天。若同一支军队正在肯特、围攻伦敦或等待海上撤回，它就不能同时出现在乌尔姆。这个时间关系不保证奥地利一定开战，却排除了“同年免费完成登陆英国并复制乌尔姆胜利”的叙事。
02b_英国海权与和平_舰队海峡与帝国.md,332,### 8. 伦敦陷落，与英国行省化之间还有一场战争,富尔顿的水雷与爆炸船试验也未提供无需制海权的捷径。他 1804 年受英国聘用，合同包含每月二百英镑待遇及一定试验经费；《伦敦公报》对布洛涅行动的报告并未显示预想中的广泛毁伤。技术探索真实存在，实际效果却不足以替代舰队、运输与持续补给。[陆海8]
02b_英国海权与和平_舰队海峡与帝国.md,334,### 8. 伦敦陷落，与英国行省化之间还有一场战争,**最终裁决：一次成功登陆可以是高风险迫和工具；把英国稳定行省化不是据现有能力可推荐的主线。**这一判断并非出于英国不可战胜的神话，而是因为跨海运输、战场胜利、政治合法性和全球帝国接管要同时成立，且法国为此会暴露大陆后方。
02b_英国海权与和平_舰队海峡与帝国.md,340,### 1. 爱尔兰人并未等在岸边，等待法国替他们决定未来,爱尔兰社会的分裂不仅是天主教多数与英国政府之间的对立。地主、中间租佃人、大佃农、小佃农、按季租地者及无地劳工，拥有不同利益；阿尔斯特长老会传统、国教会优势、天主教教区网络与奥兰治组织，又使宗教和政治联盟错综相交。
02b_英国海权与和平_舰队海峡与帝国.md,342,### 1. 爱尔兰人并未等在岸边，等待法国替他们决定未来,联合爱尔兰人运动曾跨越宗派界线，1798 年的战争和镇压却加深了部分地区的不信任。法国若登陆，英国政府不会是唯一的反对者；一些有地方组织、武器和财产利益的居民也会抵抗。反过来，并非全部新教徒必然拥英，也并非全部天主教徒都会无条件拥法。一个严格以宗教比例分配支持率的模型，会先把真正需要解释的政治过程删掉。[爱1]
02b_英国海权与和平_舰队海峡与帝国.md,344,### 1. 爱尔兰人并未等在岸边，等待法国替他们决定未来,1803 年埃米特起义也暴露情报和组织问题。流亡者希望得到法国资源，法国依赖流亡者了解岛内，双方都有高估可动员力量的诱因；但不能因此宣称每名流亡者必然说谎，或任何时点的法国判断必然偏高。更可靠的做法是比较许诺、组织名册和实际行动。
02b_英国海权与和平_舰队海峡与帝国.md,348,### 2. 承诺二万当地起义者，不等于已有二万成军,1803 年 8 月的法国方案曾讨论二万五千远征军、四万支火枪，并把约二万当地人起而配合作为条件；1804 年的另一些安排又出现一万八千和二万五千的分批数字。这些方案显示法国确实考虑爱尔兰，不是后人把无关计划强加给拿破仑。[爱2]
02b_英国海权与和平_舰队海峡与帝国.md,350,### 2. 承诺二万当地起义者，不等于已有二万成军,可是实际爱尔兰军团的初期规模很小。1803 年 12 月约四十九名军官、十三名士兵；1804 年 1 月另一点名约四十三名军官和一名士官；10 月约六十六名军官、二十二名士兵；1805 年 7 月约五十二名军官、二十五名士兵。不同点名表的分类和日期有差异，但共同显示它更接近流亡军官组织，而非已经拥有数千老兵的起义骨干军。
02b_英国海权与和平_舰队海峡与帝国.md,352,### 2. 承诺二万当地起义者，不等于已有二万成军,1798 年洪贝尔约千人的正规军曾带动当地武装，基拉拉一带出现约四千名武装参与者；这证明小规模法国核心有可能放大地方行动，不证明以后每登陆一名法国人，就一定产生四名长期服役的本地士兵。法国与流亡者的联络也没有与七月起义同步完成。克莱因曼引埃米特日记记载，1803 年 5 月 30 日是道尔顿转达贝尔蒂埃的意向，并称远征可能到十一月才准备好；埃米特与贝尔蒂埃首次面谈在 7 月 19 日。起义发生于 7 月 23 日，援军没有随之出现。8 月 31 日军团法令、次年 1 月 20 日实际组织，又是两个不同节点。公开宣言强调自力，不证明秘密联络不存在；流亡者确曾交涉，也不证明法国已按共同日程出航。[爱2]
02b_英国海权与和平_舰队海峡与帝国.md,354,### 2. 承诺二万当地起义者，不等于已有二万成军,1803 年都柏林某次行动中出现约八十人的数字，同样不能当作全国潜力上限。地方成败、组织准备和时间窗口必须分别解释。
02b_英国海权与和平_舰队海峡与帝国.md,356,### 2. 承诺二万当地起义者，不等于已有二万成军,旧模型用“可用枪械、愿意参加的成年男性、法国组织能力”三者的最小值约束武装规模，原则上合理；输出却违反了自己的上界：四万支枪对应三万至六万名武装人员，四千支枪对应三千至八千。修正后，若没有缴获或本地供给，**有枪部队上界分别就是四万和四千**。持矛者、后勤人员和未装备追随者可以另计，却不应被默默合并为同等火力的正规步兵。
02b_英国海权与和平_舰队海峡与帝国.md,360,### 3. 科克的火药厂：本地补给的机会,法国进入爱尔兰后，补给未必只能来自海的另一边。当地已有一项值得争取、也会被英国竭力保护的军需资源。
02b_英国海权与和平_舰队海峡与帝国.md,362,### 3. 科克的火药厂：本地补给的机会,科克附近的巴林科利格已有火药厂。吉莉安·博兹曼对现存建筑和档案的研究指出，英国军械局于 1805 年收购该厂；查尔斯·威尔克斯当年任主管，新增四座混药磨，1809 年又增两座。1806 年建筑清单还记录了加工、仓储与附属设施。研究明确援引英国国家档案馆 WO 55/2285，而非仅据旅游传说。[爱3]
02b_英国海权与和平_舰队海峡与帝国.md,364,### 3. 科克的火药厂：本地补给的机会,这一发现不意味着法国一登陆便拥有充分弹药。工厂能否完整夺取、工人是否留任、原料和水力设施是否持续可用、成品怎样运到前线，都须另行判断；火药厂也不等于完整枪炮制造体系。但正确的推演已发生变化：**法国可以把夺取并维持科克周边军需设施作为一项有条件的补给方案，而不是从一开始就假定岛内供给为零。**英国也会相应加强守备、转移库存或破坏设备。
02b_英国海权与和平_舰队海峡与帝国.md,366,### 3. 科克的火药厂：本地补给的机会,英国收购并扩建这座工厂，本身又说明岛内工业能力会因战争政策而变化。不能把 1790 年代初产量有限的状况，冻结为 1803—1848 年永恒不变的技术命运。
02b_英国海权与和平_舰队海峡与帝国.md,370,### 4. 英国在爱尔兰的防御，既比名册复杂，也比纯粹占领更深,一项研究指出，1796—1798 年某一爱尔兰军力统计中的正规军比例仅约 5%—6%。这不能写成英国在全岛武装中只占二十分之一，剩下皆为地方义勇军。该文注释的补充分母主要是爱尔兰民兵、地方防卫团，以及 1798 年中至 1800 年中驻来的英格兰民兵；它不是把全部武装治安力量统一统计后的比例，也不能直接用于 1805 年。[爱4]
02b_英国海权与和平_舰队海峡与帝国.md,372,### 4. 英国在爱尔兰的防御，既比名册复杂，也比纯粹占领更深,爱尔兰义勇军则是另一套组织，约从六万余扩到 1803 年八万上下，其新教优势通过地方招募筛选等制度维持。它们有地方知识与动员能力，也有宗派暴力和纪律问题。把这些单位全部等同正规野战军，会高估英方战场兵力；将其视为法国登陆后自动消散的名单，又会低估占领难度。
02b_英国海权与和平_舰队海峡与帝国.md,374,### 4. 英国在爱尔兰的防御，既比名册复杂，也比纯粹占领更深,1811 年民兵互调法允许在一定比例内让大不列颠与爱尔兰民兵相互服役，并有自愿转入的赏金安排；爱尔兰一侧约三分之一、大不列颠相应类别约二分之一的限制，又有入侵、叛乱等情形的例外。持续法国威胁不必使此种法律必然失败，也可能成为政府要求扩大调用的理由。具体效果取决于招募条件和政治妥协，而非单向推断。
02b_英国海权与和平_舰队海峡与帝国.md,376,### 4. 英国在爱尔兰的防御，既比名册复杂，也比纯粹占领更深,"爱尔兰还是英国军队的重要兵源。詹姆斯·迪里研究的 141,731 名按出生地分类的士兵中，约 32% 来自爱尔兰，53% 列作英格兰、14% 苏格兰；当时分类经常把威尔士计入英格兰。204 个团营中，五十四个以爱尔兰人为最大来源群体，却只有十三个挂爱尔兰番号。爱尔兰人的比例也延伸到军士，而不是全部被排除在基层领导之外。[爱5]"
02b_英国海权与和平_舰队海峡与帝国.md,378,### 4. 英国在爱尔兰的防御，既比名册复杂，也比纯粹占领更深,这组研究还发现，小样本军法案件没有支持“爱尔兰士兵天然更不守纪律”的说法。服役往往与失业、织工生计、家庭和福利网络有关。因而法国宣称“解放爱尔兰”时，面对的不是一批政治忠诚已经预先决定的英国士兵：其中许多人有军队职业、家属和同袍关系。潜在认同矛盾真实存在，整批倒戈却不应被当作免费资源。
02b_英国海权与和平_舰队海峡与帝国.md,382,### 5. 革命宣言保护财产，未许诺把地主土地分给穷人,1803 年临时政府宣言宣布废除什一税、教产归国有，同时禁止土地转移，要求现持有者继续保有财产、租户继续交租，等待民族政府成立。它还公开声明：“We war not against property — We war against no religious sect”（我们不向财产开战，也不向任何宗派开战），其目标是英国统治。[爱6]
02b_英国海权与和平_舰队海峡与帝国.md,384,### 5. 革命宣言保护财产，未许诺把地主土地分给穷人,这份文件直接切断了“法国胜利—全面土地再分配—贫困消失”的简化链条。某些拥英者的财产可能因政治没收而转手，教产也可能被出售；但如果购买依赖资金和政治关系，获益者更可能是有产支持者，而非无地劳工。即使法国扶植一个天主教优势的新精英集团，租佃、人口压力和食物购买能力仍可能继续恶化。
02b_英国海权与和平_舰队海峡与帝国.md,386,### 5. 革命宣言保护财产，未许诺把地主土地分给穷人,农村秘密社团的诉求也不能被一句“反英民族主义”概括。白衣党、护卫者、打谷党、罗克派及后来的反什一税运动，涉及租金、工资、驱逐、粮食外运、雇工竞争、宗教征费和地方司法。它们是不同年代、不同组织形态的抗争，不宜写成一条始终统一指挥的地下革命线。新政权若继续苛租、税费和强制征粮，也会遇到这些抵抗。[爱7]
02b_英国海权与和平_舰队海峡与帝国.md,388,### 5. 革命宣言保护财产，未许诺把地主土地分给穷人,1829 年实际天主教解放伴随着爱尔兰郡选举财产资格从四十先令提高到十英镑，选民数据不同口径约从二十一万余降到三万七千至四万。宗教准入扩大与低财产选民被排除可以同时发生。因此，法国压力若促成较早解放，也不保证普通租佃者自动获得更广泛的选举权；改革可能首先把有产天主教精英纳入国家。[爱11]
02b_英国海权与和平_舰队海峡与帝国.md,390,### 5. 革命宣言保护财产，未许诺把地主土地分给穷人,天主教教区网络则为全国性群众政治提供组织资源。奥康奈尔 1820 年代以小额“天主教租金”捐款动员，显示教士、地方名册与便士级筹资能够把分散人口组织起来。法国式政教安排可能争取教会合作，却不保证教会必然完全被收编；英国资助的梅努斯神学院也说明，教育与教士培养并不是法国独占的影响渠道。
02b_英国海权与和平_舰队海峡与帝国.md,394,### 6. 爱尔兰的财政价值，不能只看粮食出口,爱尔兰向英国战争体系提供粮食、牲畜、兵员和港口。1811 年有关出口记录包括小麦约十九万二千桶、大麦七万六千桶、燕麦七十五万六千桶，面粉九万一千英担、燕麦粉五万七千英担、黄油三十九万英担，另有猪肉十一万桶、牛肉九万五千桶和约一百三十一万片培根。科克尤其是海军与半岛军队重要的给养节点。[爱8]
02b_英国海权与和平_舰队海峡与帝国.md,396,### 6. 爱尔兰的财政价值，不能只看粮食出口,这些单位不可混换。1845 年小麦与面粉约七十七万九千 quarters、燕麦约二百三十五万三千 quarters，不能直接与 1811 年的 barrels 进行倍数比较。出口规模也不代表贫困者拥有购买粮食的能力。
02b_英国海权与和平_舰队海峡与帝国.md,398,### 6. 爱尔兰的财政价值，不能只看粮食出口,"爱尔兰财政在战争中债务显著上升，1801 年约 2,855 万，到 1817 年约 1.127 亿，利息约从 124 万增至 410 万。1807 年收入约 438 万；若干增税原本预期带来约 337 万新增收入，1821 年收入却仍比 1807 年低约 53 万。货币单位还须辨别爱尔兰镑与英镑，早期换算比约为十三比十二，不能只看同一个“£”符号。[爱8]"
02b_英国海权与和平_舰队海峡与帝国.md,400,### 6. 爱尔兰的财政价值，不能只看粮食出口,这些数据说明爱尔兰是重要资源基地，却不是可以无成本抽取净贡的金库。既有债务、征收能力、战争损失、驻军与地方救济都要扣除。历史上五百余万的某一收入量级，不是不可突破的永恒征税上限，也不是新统治者自动继承的净收益。
02b_英国海权与和平_舰队海峡与帝国.md,402,### 6. 爱尔兰的财政价值，不能只看粮食出口,以人口乘假定驻军密度，估出三万三千至六万六千，再考虑沿岸与重要节点约四万五千至七万的占领规模。这个范围没有依据充分可比的爱尔兰占领案例校准，不能宣称为必需的最低人数。它较适合提示：若政治安排失败、东北抵抗持续、沿海又受英国舰队支援，法国可能被迫维持与一支大陆野战军相当的长期军力。
02b_英国海权与和平_舰队海峡与帝国.md,406,### 7. 三种终局，哪一种更接近现有证据,**主线：爱尔兰继续属于联合王国，但成为英国必须以改革和军事实力共同维持的脆弱环节。**法国保留远征威胁，可迫使英国分兵，也可能增强争取天主教精英的动力；1807 年国王的抵制又说明，威胁不会自动带来立即解放。较早改革是一条可能路径，不是预定年份。
02b_英国海权与和平_舰队海峡与帝国.md,408,### 7. 三种终局，哪一种更接近现有证据,**次线：法国成功支持一个爱尔兰国家，但更可能是受保护的王国或具有有限独立性的伙伴，而非容易管理的法国行省。**它需要本地合法性、教会与有产者合作、可持续税收及海上通道。若英国仍拥有海上优势，爱尔兰的安全、进口和移民均受制约；若法国又要求长期驻军与军事征发，最初的解放承诺可能变成新的从属关系。
02b_英国海权与和平_舰队海峡与帝国.md,410,### 7. 三种终局，哪一种更接近现有证据,**另一条条件路径：独立共和国成立并维持。**它需要比一次法国登陆更广泛的宗派和财产妥协，并获得英国至少事实上的容忍，或拥有稳定外部保护。现有材料证明这种政治理想确实存在，却没有证明它已经具有压倒其他终局的组织能力。
02b_英国海权与和平_舰队海峡与帝国.md,412,### 7. 三种终局，哪一种更接近现有证据,本报告不为三者附上 0.45、0.30 之类的概率。原有概率并无可辨认的样本或校准方法，数字只会掩盖条件。排序的理由在于英国现有组织与海军优势，以及法国跨海长期维持的成本，而非民族独立“本来就不可能”。
02b_英国海权与和平_舰队海峡与帝国.md,416,### 8. 换一面国旗，是否就没有大饥荒,"真实历史中，爱尔兰人口由约 1800 年五百万增至 1841 年普查的 8,175,124；饥荒前夕重建值约八百五十万。马铃薯支撑了密集的小块地生计，也使贫困家庭暴露于单一作物危机。欧洲比较资料估计，爱尔兰马铃薯占耕地约 32%，人均每日消费约 2.1 千克，高于法国约 0.5、荷兰约 0.7、普鲁士约 1.0—1.1 千克；1845 年减产约三成，1846 年约八成八，同时谷物收成也受损。[爱9]"
02b_英国海权与和平_舰队海峡与帝国.md,418,### 8. 换一面国旗，是否就没有大饥荒,欧洲比较资料同时显示，类似病害下，比利时、荷兰、普鲁士与法国虽然也出现死亡和生计危机，其总规模远低于爱尔兰。这不应被读成某国国旗自带较低死亡率。土地暴露、家庭储备、地方救济、劳动市场与迁移机会一起决定后果；比较研究对地方制度的强调，也反对只把灾难归结为中央政府某个抽象主义。[爱9]
02b_英国海权与和平_舰队海峡与帝国.md,420,### 8. 换一面国旗，是否就没有大饥荒,但反事实推演不能因此断言，所有世界都会在同一年、以完全同样强度发生饥荒。四十年间的土地制度、作物分布、人口、迁移、病害传播和贸易线路可能改变暴露程度。更准确的结论是：**若小块地和贫困结构大体延续，严重作物疫病仍会带来高度灾难风险；政权能否及时购买、运输、分配食物，并保持外迁通道，将影响死亡规模。**
02b_英国海权与和平_舰队海峡与帝国.md,422,### 8. 换一面国旗，是否就没有大饥荒,法国式征购与价格管制可以干预分配，也可能因军粮优先和行政失灵加重困难；英国政府同样保有扩大救济的政策选择。较可信的比较，应看哪一种安排能够维持粮食进口、救济购买力与地方运输。开放救济优于继续封锁，但缺少人口—粮食—疾病模型时，不宜把两者各配上一组精确死亡人数。
02b_英国海权与和平_舰队海峡与帝国.md,424,### 8. 换一面国旗，是否就没有大饥荒,外迁尤其重要。奥格拉达指出，迁移是一种粗糙的灾难救济：它使人离开食物与收入极度不足的地方，尽管航程本身也危险。持续英法战争若切断跨海季节劳动或北大西洋迁移，会使法国保护下的爱尔兰未必比英国统治下更安全。[爱10]
02b_英国海权与和平_舰队海峡与帝国.md,426,### 8. 换一面国旗，是否就没有大饥荒,因此，对爱尔兰最有价值的法国政策，未必是占领全岛，而可能是把宗教平等、有限自治与通商机会变成谈判压力。对一项追求长期欧洲秩序的战略而言，爱尔兰适合作为英国必须认真对待的政治问题，不适合作为一个无须支付军费与社会改革成本的反英基地。
02b_英国海权与和平_舰队海峡与帝国.md,432,### 1. 帝国不是一张每年向伦敦交纳固定利润的资产表,讨论英国海外优势，至少要拆开四本账：殖民地本地收入与本地支出；英国中央财政为驻军和行政支付的补贴；商人、种植园主和投资者的私人收益；港口、补给站及海峡节点的战略价值。
02b_英国海权与和平_舰队海峡与帝国.md,434,### 1. 帝国不是一张每年向伦敦交纳固定利润的资产表,一个殖民地本地预算亏损，仍可能对舰队不可替代；一个种植园贸易利润很高，也不表示收益全部进入国库。英国商人能进入一个独立国家市场，又不等于英国拥有该国主权。把贸易总额、税收和政治控制合并为“帝国收益”，会反复高估英国可直接用于战争的钱，也误判它愿意交换什么。
02b_英国海权与和平_舰队海峡与帝国.md,436,### 1. 帝国不是一张每年向伦敦交纳固定利润的资产表,"1820 年帝国军需部门的相关表列总额约 162.93 万英镑，逐行复加约 163.23 万，差约 3,000 英镑，即约 0.18%。本报告采用“约 163 万”的量级，不把未完全核销的小差额藏起来，也不因此丢掉整张表的证据。[帝1]"
02b_英国海权与和平_舰队海峡与帝国.md,438,### 1. 帝国不是一张每年向伦敦交纳固定利润的资产表,"同样，锡兰 1817 年本地收入约 378,812、支出约 450,816；马耳他与戈佐 1818 年收入约 108,336、支出约 105,761。同期毛里求斯 1817 年收入约 164,441、支出约 251,186；好望角 1819 年收入约 116,115、支出约 119,087。它们是各自本地年度账，不包含所有英国海陆军和远洋运输成本。1827 年财政部信件汇总五个殖民地若干不等长时期的累计亏空约 252.4 万、英国汇入约 243.5 万，不能当作同一个财政年度所有殖民地的年度赤字。[帝1]"
02b_英国海权与和平_舰队海峡与帝国.md,442,### 2. 1848 年的殖民地成本争论，告诉我们什么,1848 年莫尔斯沃思在下院估算，不计印度，约四十个殖民地每年给英国中央造成约四百万英镑费用：陆军约二百五十万，海军约一百万，民政约三十万，另项约二十万；殖民地当地支出还约四百万。[帝2]
02b_英国海权与和平_舰队海峡与帝国.md,444,### 2. 1848 年的殖民地成本争论，告诉我们什么,这个估算是改革派论证的一部分，不是经过统一合并审计的帝国总账。其海军分摊尤其依赖判断，政府可以反驳：即使撤掉某殖民地，部分舰队任务仍要继续。当地人口“不超过五百万”的说法也没有完整覆盖原住民与被征服人口，不能沿用为帝国实际统治人口。
02b_英国海权与和平_舰队海峡与帝国.md,446,### 2. 1848 年的殖民地成本争论，告诉我们什么,然而，数字仍有重要意义。殖民帝国有持续财政成本，而非不需维护的抵押品。一项法国优势更大的和平安排，可能迫使英国缩减边际据点，把有限资金集中在加拿大、北大西洋、直布罗陀、好望角、锡兰与澳洲等体系上。
02b_英国海权与和平_舰队海峡与帝国.md,448,### 2. 1848 年的殖民地成本争论，告诉我们什么,"1848 年的驻军估计包括直布罗陀与马耳他约五六千，爱奥尼亚群岛约二千五百，百慕大约一千二百，毛里求斯约二千，锡兰約四千，北美约九千，西印度约六千，澳大利亚与新西兰约五千；好望角则由 1843 年约 2,951 增至 1847 年约 5,470。它们散处不同战略环境，不是全能立即调回多佛的储备军。[帝2]"
02b_英国海权与和平_舰队海峡与帝国.md,450,### 2. 1848 年的殖民地成本争论，告诉我们什么,原模型以 1848 年非印度主要驻军约三万五千至五万、中央负担约 340 万至 540 万作为压力范围，接近这些历史量级，但不是逐殖民地预算重建的结果。海军分摊既已计入，就不能又在海军总预算外追加一次。英国陆军总数也已包含多数这些驻军，不能加两遍。
02b_英国海权与和平_舰队海峡与帝国.md,454,### 3. 热带驻军的死亡成本，不能被人头数遮住,加勒比驻军尤其昂贵，因为疫病不断消耗兵员。1817—1836 年统计中，牙买加白人部队年死亡约每千人 121.3，黑人部队约三十；向风与背风群岛相应约 78.5 与四十。这里存在招募选择、既往暴露、环境、驻地与医疗差异，不是种族天生能力的简单证明。[帝3]
02b_英国海权与和平_舰队海峡与帝国.md,456,### 3. 热带驻军的死亡成本，不能被人头数遮住,"若以一万名白人和五千名黑人驻军作一个假定组合，仅按这些历史区间便可能每年需补充约 935—1,413 名死亡损失，还未计退役、失能和调防。这个试算解释为什么“在热带多放一万人”会持续吞噬兵源，不是实际某年的已核补充数。"
02b_英国海权与和平_舰队海峡与帝国.md,458,### 3. 热带驻军的死亡成本，不能被人头数遮住,"英国也通过西印度团降低部分成本，其中包含奴隶制的暴力。巴克利记载，1795—1808 年为相关军团购买约 13,400 名被奴役者，费用约 925,000 英镑；这是一段时期的累计购买，不是同一时刻全体在役人数。1808 年以后，从被截获奴隶船上“解放”的非洲人中也存在强制征募。帝国军事能力并非单靠自愿职业选择构成。[帝3]"
02b_英国海权与和平_舰队海峡与帝国.md,462,### 4. 废奴不是种植园自动亏损的结果,德雷舍关于英国奴隶贸易与种植园经济的研究，反驳了以“已经无利可图”简单解释 1807 年废除奴隶贸易的说法。政治、宗教动员与战争环境具有独立作用。法国若继续在加勒比支持奴隶制，英国反奴隶贸易政策的道德和外交含义可能更加鲜明；但具体速度仍取决于国内联盟和国际局势。[帝4]
02b_英国海权与和平_舰队海峡与帝国.md,464,### 4. 废奴不是种植园自动亏损的结果,1833 年《废奴法》也须准确描述。它规定 1834 年 8 月起实施主要安排，六岁以上许多被奴役者先转为“学徒”，并非当日全部成为自由雇佣劳动者。农业与非农业原订过渡期限不同，后来学徒制于 1838 年提前结束。二千万英镑补偿主要支付给奴隶主，而不是被奴役者。
02b_英国海权与和平_舰队海峡与帝国.md,466,### 4. 废奴不是种植园自动亏损的结果,法律第 LXIV 条对东印度公司领地、锡兰和圣赫勒拿另作排除；好望角和毛里求斯的实施又有延后。故“1834 年全英国帝国同时、彻底废除一切奴役”不准确。替代世界可以改变法案通过与执行的日期，但不能因此忽略黑人行动、自由劳动力诉求和英国本土反奴运动已经形成的政治力量。[帝4]
02b_英国海权与和平_舰队海峡与帝国.md,470,### 5. 加拿大、澳洲与贸易替代的具体边界,加拿大原住民也不是英美外交的附属变量。特库姆塞等人的联盟有自己的土地与政治目标；底特律及沙托盖战役中的原住民、法裔和其他地方部队合作，说明英国防御依赖本地伙伴。法国若与美国合作，也不会因此自动获得所有北美居民支持。[帝9]
02b_英国海权与和平_舰队海峡与帝国.md,472,### 5. 加拿大、澳洲与贸易替代的具体边界,加拿大木材出口从 1802—1805 年平均约九千 loads，增至 1807 年二万七千、1809 年九万，到 1846 年约七十五万。增长说明英国可以把供应向大西洋另一岸转移；它不说明全部木材都合格用于主力舰桅杆，也不说明移民、河运、森林开发和商人融资没有成本。[帝5]
02b_英国海权与和平_舰队海峡与帝国.md,474,### 5. 加拿大、澳洲与贸易替代的具体边界,北美殖民地的代议与责任政府问题，仍会随着移民、地方税收和英法居民关系发展。一个更强法国不必使加拿大自动脱离英国，也不必使英国永远拒绝自治。只要英国希望降低直接统治成本，同时保有贸易和防务关系，地方自我治理可以成为帝国适应方式。
02b_英国海权与和平_舰队海峡与帝国.md,476,### 5. 加拿大、澳洲与贸易替代的具体边界,美国 1812 年战争也不是替代世界必须照演的固定章节。海上搜查、强征海员、贸易敕令和边疆冲突各有作用；若英国较早与法国和平，其中一些摩擦会减弱。若持续海战，它们则可能保留。法国减少大陆压力、让英国有更多兵力可用于北美，甚至可能改善英国在当地的军事位置，而非使其更脆弱。
02b_英国海权与和平_舰队海峡与帝国.md,478,### 5. 加拿大、澳洲与贸易替代的具体边界,"1848 年新南威尔士对英国羊毛出口约 5,657 吨、价值约 683,623 英镑，显示一种不依赖欧洲大陆直接市场的增长来源。但当时“新南威尔士”统计边界包含后来分设的地区，不等于今日同名州，也不等于全部澳大利亚。另一来源约 2,296.97 万磅的总数范围不同，未统一前不强行折成同一个量。[帝5]"
02b_英国海权与和平_舰队海峡与帝国.md,480,### 5. 加拿大、澳洲与贸易替代的具体边界,澳洲牧业的增长同样包含囚犯劳动、原住民土地被占夺与生态压力。1797 年自好望角引入美利奴羊、1807 年售出早期羊毛、1813 年形成商业运输，是逐步建立的产业链，不是发现一片空白牧场之后自然产生的收益。麦克阿瑟家族经营中的女性劳动也不应被单一男性创业故事遮住。[帝9]
02b_英国海权与和平_舰队海峡与帝国.md,482,### 5. 加拿大、澳洲与贸易替代的具体边界,这些殖民经济可以壮大，却仍需要英国本土工厂加工、航运金融和最终消费市场。海外扩张给英国提供选择，并不把欧洲变得无关紧要。
02b_英国海权与和平_舰队海峡与帝国.md,486,### 6. 主权与港口使用权可以拆开谈,1802 年《亚眠和约》第 VI 条使好望角归还巴达维亚共和国，同时约定缔约各国船舶可按相同条件使用补给。第 X 条围绕马耳他的独立、保证、驻军与过渡安排，尝试以多边方式管理一个重要基地。方案最后失败，不等于主权和使用权在法律上从来不能分离。[帝6]
02b_英国海权与和平_舰队海峡与帝国.md,488,### 6. 主权与港口使用权可以拆开谈,对法国而言，这提供了一种比“把英国逐出所有海洋”更现实的交易结构：承认部分英国核心据点，交换某些港口开放、中立化、补给平等和限制驻军。对英国而言，只要舰队仍有维修、淡水、粮食与补给通道，未必必须对每一个停泊地拥有完整主权。
02b_英国海权与和平_舰队海峡与帝国.md,490,### 6. 主权与港口使用权可以拆开谈,地中海尤其如此。1794—1815 年英国曾占据多处岛屿，据有关研究整理约十八处，但占领不等于全部成为永久殖民地。西西里是盟国王国，英国一度驻约一万至二万人，不能把它与马耳他一概写作英属殖民地。科顿 1811 年强调米诺卡对土伦封锁的重要性，也提示不同基地具有不同地理功能，马耳他不是每一种任务的自动替代品。[帝6]
02b_英国海权与和平_舰队海峡与帝国.md,492,### 6. 主权与港口使用权可以拆开谈,好望角在 1795—1803 年归英国占领，1803—1806 年回到巴达维亚，1806 年再被英国夺取，1814 年才在条约中正式取得相应主权。若法国未败，1814 年的最终转让自然不能被当作必然；但英国已经实际控制的海军交通节点，也不是法国在地图上宣布收回就会交出。
02b_英国海权与和平_舰队海峡与帝国.md,496,### 7. 一个法国胜利的世界，不会照搬真实的 1848 年殖民地图,下表不是预言每个港口必归谁，而是按其已有控制、战略价值和取得时间，给出谈判与延续的次序。
02b_英国海权与和平_舰队海峡与帝国.md,512,### 7. 一个法国胜利的世界，不会照搬真实的 1848 年殖民地图,1819 年新加坡最初是东印度公司与苏丹、天猛公等地方统治者交涉形成的贸易站安排，不是英国当天便取得整座岛的一切主权。1840 年《怀唐伊条约》的英文主权表达与毛利文关于治理、权威和地方权利的含义并不完全重合；签署也不等于各地实际服从。这些区别对于整个反事实项目至关重要：欧洲条约可以分配帝国名义，地方社会仍会决定名义如何落实。[帝7]
02b_英国海权与和平_舰队海峡与帝国.md,514,### 7. 一个法国胜利的世界，不会照搬真实的 1848 年殖民地图,锡兰的土地制度和税收同样提醒我们，帝国秩序不是只在欧洲首都之间运行。1840 年土地规定要求证明权属，可能损害习惯性权利；1848 年道路劳动或折纳税负成为不满来源之一。一个法国霸权更强的欧洲，不会使这些地方冲突自动消失。英国仍须在财政抽取、地方合作与镇压费用之间选择。
02b_英国海权与和平_舰队海峡与帝国.md,518,### 8. 西属美洲：英国首先要的是入口，不一定是立即改旗,1823 年 10 月 9 日坎宁—波利尼亚克会谈备忘录，为较长期推演提供一个重要参照。英国关注的不只是西班牙在美洲的名义主权，而是法国或其他欧洲力量会否武力恢复排他统治、封闭贸易。外国干涉的威胁，可以推动英国承认新国家；若市场开放、待遇不被歧视，英国对主权形式的实际计算又可能更有弹性。[帝8]
02b_英国海权与和平_舰队海峡与帝国.md,520,### 8. 西属美洲：英国首先要的是入口，不一定是立即改旗,这一后来文件不能直接证明 1807 年英国已持完全相同政策。它揭示的是一种可延续的利益结构：伦敦希望防止一个敌对大国把整个西属美洲变成排他的贸易与海军体系。法国若帮助西班牙稳住美洲，同时容许一定开放贸易，英国未必必须为全面独立作战；法国若以保护为名建立排他帝国，则会同时刺激英国、美国和美洲地方精英。
02b_英国海权与和平_舰队海峡与帝国.md,522,### 8. 西属美洲：英国首先要的是入口，不一定是立即改旗,因此，法国在拉美问题上的最优选择，和它在欧洲的最优选择相似：**支持一个能够自我维持、愿意合作的伙伴体系，比承担所有驻军与行政成本更可行。**将西班牙殖民贸易完全纳入法国独占，虽然地图看起来更宏大，却会使本来可以有限议和的海上竞争重新升级。
02b_英国海权与和平_舰队海峡与帝国.md,528,### 1803—1807：保留威胁，但不要把威胁误当完成的征服,法国继续建设布洛涅运输体系和主要船厂，足以牵制英国并创造谈判筹码；英国则动员现役舰、志愿军与地方防御。爱尔兰远征有分散英军的价值，但军团实际骨干和岛内组织比计划数字小得多。跨海决定性行动若发生，必须接受它与大陆战役争夺同一批精锐和财政的事实。
02b_英国海权与和平_舰队海峡与帝国.md,530,### 1803—1807：保留威胁，但不要把威胁误当完成的征服,法国真正可以改变的，不只是 1805 年舰队指挥的一道命令，更是胜利后的政策。到 1807 年，若拿破仑在大陆获得有利位置，就应减少新的王朝强制与无限封锁，不把每次英国拒绝都解释为必须再吞并一块海岸。
02b_英国海权与和平_舰队海峡与帝国.md,534,### 1807—1815：把议和窗口建立在具体承诺上,主线不是等待英国按财政模型破产，而是在不进攻葡萄牙、不废立西班牙王室、不持续扩张封锁边界的条件下，使英国更难为继续大陆战争找到有效且可信的伙伴。奥地利、俄国仍有自己的安全利益，法国仍须处理它们的疑惧；减少战争并不意味着它们自动永远合作。
02b_英国海权与和平_舰队海峡与帝国.md,536,### 1807—1815：把议和窗口建立在具体承诺上,商业危机、财政压力和政策争论可能在 1811—1814 年形成新的议和机会。法国需要在西班牙合法性、贸易执行和安特卫普军事用途上提供足以被检验的承诺。英国则有理由接受法国在大陆的优势，而保留海军与本国制度。此时的和平是双方目标被限定后的结果，不是英国国家被摧毁的结果。
02b_英国海权与和平_舰队海峡与帝国.md,540,### 1815—1830：和平是法国海军最重要的训练场,1830 年之前的舆论中也出现过更夸张的法国复兴预言。1811 年美国《周刊纪事》报道安特卫普时，曾预期法国不久将使一百五十艘战列舰出海。斯塔格在研究威廉·沙勒政论时转述并参引格洛弗。它是当时的期待，不是后来实际舰队统计；原文未完整取得的格洛弗论文，也不能凭一道脚注就被宣称已核准一百五十艘。此例说明法国重建足以改变他国想象，想象却不能代替下水、配员和出航记录。[法海8]
02b_英国海权与和平_舰队海峡与帝国.md,542,### 1815—1830：和平是法国海军最重要的训练场,若和平维持，法国可以将部分陆军资源转入海军，但不应同时维持最大大陆驻军、最高海军扩张和最低税负。造船、商船、职业海员与基地维修需要成套发展。英国则可能减少大陆陆军，保留较强舰队；海军竞争比实际历史更激烈，但总战争费用未必更高。
02b_英国海权与和平_舰队海峡与帝国.md,544,### 1815—1830：和平是法国海军最重要的训练场,法国到 1830 年在舰体上接近英国，具有条件可行性；在每一个海区、每一种舰种和每一段航路上同时追平，则并无同样依据。若英国发现法国正把和平变为下一次入侵的准备，它会增加编制和寻找伙伴。维持和平要求法国海军成长与有限政治目标相配套。
02b_英国海权与和平_舰队海峡与帝国.md,548,### 1830—1848：霸权经受的考试，从战列线转向工业与合法性,蒸汽推进和新炮术使单纯舰数比较逐渐失效。英国的煤炭、机器、造船市场与海外维修节点仍提供优势，法国则可通过集中投入形成技术和区域竞争。欧洲秩序能否长久，越来越取决于继承、宪制、商业互惠和地方认同，而非拿破仑个人是否还能亲自统率一次会战。
02b_英国海权与和平_舰队海峡与帝国.md,550,### 1830—1848：霸权经受的考试，从战列线转向工业与合法性,爱尔兰、加拿大、加勒比、锡兰和南部非洲的冲突，都不会因为巴黎建立大陆优势而停止。英国帝国会调整治理和成本，法国伙伴体系也要面对同样的地方抵抗。双方最稳固的安排，是允许对手在一定范围内拥有足以自保的空间，而不是要求一方永远等待另一次全面解除武装。
02b_英国海权与和平_舰队海峡与帝国.md,554,## 十、最终裁决：海峡不必消失，法国也可以赢,**法国长期支配整个欧洲的最大障碍，不只是英国舰队强，而是“控制整个欧洲”若被解释为到处直接统治，就会不断制造需要英国舰队介入的新敌人。**相反，一个把大陆优势限定为边界、条约、伙伴和市场规则的法国，既较容易维持财政，也较容易让英国停止以推翻法国优势为唯一政策。
02b_英国海权与和平_舰队海峡与帝国.md,556,## 十、最终裁决：海峡不必消失，法国也可以赢,英国在这样的欧洲中，仍会是海上强国、工业中心和法国的外交竞争者。法国可能在 1830 年前后接近英国的主力舰体规模，在 1848 年前形成较强区域海权；英国全球航路与持续部署优势大体仍存。这个结论比“法国终将完全取代英国”狭窄，却更有历史支撑。
02b_英国海权与和平_舰队海峡与帝国.md,558,## 十、最终裁决：海峡不必消失，法国也可以赢,若坚持英国、爱尔兰乃至所有大陆国家都要变成巴黎直接指挥的行省，海军、人力、财政与合法性几条约束会同时收紧。若接受英国独立、保留适度海军并开放部分贸易，法国便可以把战争胜利转换为更持久的秩序。**拿破仑真正需要逆转的，不仅是几场战役的结果，还包括把安全等同于无限扩张的习惯。**
02b_英国海权与和平_舰队海峡与帝国.md,562,## 附表一　贸易危机的年度底数,下表连续列出年度资料，让危机年份与一般年份相互对照。单位为百万英镑、旧官方估价，包含相应系列的转口成分，不与正文申报现价或本国产品出口表混算。美国 1811 年按马歇尔原表校正；1813 年原序列缺数，不插值。少量尾数采用后续工作簿的三位小数，未宣称整表每一格均已回到原始海关账重新核对。
02b_英国海权与和平_舰队海峡与帝国.md,580,## 附表一　贸易危机的年度底数,1814 年美国直接目的地项接近零，与英美战争及统计目的地有关，不表示美国消费的一切英国货物实际绝迹。转经中立地、目的地分类与走私均限制了按海关目的地推算最终消费的做法。资料来源见上一编 [英贸1]、[英财1]。
02b_英国海权与和平_舰队海峡与帝国.md,598,## 附表二　英国全球正规军扩张与本土防御的区别,该表统计全球编制；其中部队需要按驻地、调动时间和海上运输能力，才能换算成肯特某日可用的兵力。外国部队包括在英国体系中服役的不同单位，不表示全部英国番号士兵皆出生于英格兰。民兵转入正规军会改变两栏，而非等额增加国家总人力。法国胜利后的武装和平，可另设英国全球陆军十万至十五万人、可临时派出的远征军约二万至三万五千为中间压力情景，低、高分支分别约六万五千至九万及十六万至二十二万；这些均排除东印度公司的本地军队及另计海军陆战队，不是历史预测名册。来源及口径见 [陆海3]、[陆海4]。
03_大陆诸国.md,3,# 第四章　从莱茵河到涅瓦河：法国胜利之后，欧洲仍有别人的国家,**本章的判断是：法国可以成为大陆最强的裁判者，却很难同时成为所有国家的主人。** 俄国需要的是边界与贸易上的独立；奥地利需要保存王朝的核心领土；普鲁士需要一个不再随下一次争执而缩小的国家；南德诸王需要法国保护他们新取得的王冠与土地。能够容纳这些要求的秩序，比不断削弱每个伙伴的秩序更持久，也更接近拿破仑可以实际赢得的胜利。
03_大陆诸国.md,5,# 第四章　从莱茵河到涅瓦河：法国胜利之后，欧洲仍有别人的国家,以下采用一个明确的主线：1807年提尔西特会议后，法国保住已经取得的西中欧优势，从此停止把每一项不完全服从都解释为下一次吞并的理由。1808—1814年的史实用于观察各国的能力与反应，不自动作为这个世界仍会发生的事件。尤其是1809年奥地利再战、1810年法奥联姻、1811年皇子出生、1812年俄国远征，都必须重新说明成立条件。胜利首先改变战争发生的机会；它并不让历史日期照常到来，只让胜负颠倒。
03_大陆诸国.md,11,### 沙皇身后的贵族、商人和宫廷,1801年保罗一世被杀，给儿子留下的教训并不只是宫廷里藏有刺客。俄国皇帝虽然拥有广泛的法律权力，仍要通过贵族、军官和地方地主治理。对英贸易一旦断裂，受损的不只是港口商人，也包括出售麻、木材、脂油与粮食的地主，以及依赖贸易信用的国库。
03_大陆诸国.md,13,### 沙皇身后的贵族、商人和宫廷,恰尔托雷斯基在回忆录第一卷中记述，祖博夫在政变前夜把与英国绝交称为损害俄国根本利益、使财富来源干涸的举措。这是带有事后辩解色彩的政治证词，不是“英国操纵弑君”的证明；但它清楚显示，对英关系能够被转换成宫廷内部的生存议题。拿破仑若以联姻或私人友谊约束亚历山大，而不处理贸易，就只是在外交宫殿的上层装修，任由地基继续下陷。
03_大陆诸国.md,15,### 沙皇身后的贵族、商人和宫廷,联姻本身也不是一张由沙皇独自签发的支票。万达尔根据俄法外交材料叙述，保罗的遗命赋予皇太后对女儿婚姻的强大干预权；他用“真正的否决权”形容其实际作用。这里应保留法律文本尚未直接核对的限度：皇太后足以拖延乃至阻断俄婚，已经有外交行为支持；把它写成无可争议的成文宪法条款，则超过现有核验范围。俄婚需要长时间协调年龄、宗教、家族名誉和继承安排，远非拿破仑换一个更和善的求婚措辞便可完成。[1]
03_大陆诸国.md,17,### 沙皇身后的贵族、商人和宫廷,亚历山大同样不是一个从1807年起便单线筹划复仇的人。他利用法俄和解取得芬兰，在多瑙河问题上扩大影响，也认真试探过波兰人的立场。他的政策既含戒惧，也含机会主义；把他的全部行为化约为“迟早背叛”，会抹去法国真正能够改变的条件。
03_大陆诸国.md,19,### 沙皇身后的贵族、商人和宫廷,"1810年12月25日及1811年1月31日，他向恰尔托雷斯基提出由俄皇兼任国王的波兰复国方案，许诺宪法、波兰军队与官员，并讨论东界沿德维纳河、别列津纳河、第聂伯河展开。第二封信的关键限制是：**王国必须永远与俄国皇位结合。** 这不是无条件解放波兰，而是试图以波兰的国家愿望拆掉法国的东方支柱。沙皇自报的一线240,500人、预备124,000人属于其谈判兵力陈述，不能当作独立审计的现地战斗人数。[1]"
03_大陆诸国.md,21,### 沙皇身后的贵族、商人和宫廷,波兰方面没有给出他所需的合作承诺。1812年4月1日，亚历山大承认此前来信没有给他足够成功希望，因而没有采取行动。这段往来最有力的结论不是俄国先发制人的计划“虚假”，而是它有条件：波兰转向、普鲁士走廊和军事机会要同时出现。法国维护一个有生存希望的波兰伙伴，确实能够提高俄国进攻的门槛；法国把波兰消耗至无以为继，则会为俄国提供另一种入口。
03_大陆诸国.md,25,### 封锁没有给俄国装上一只必然破产的钟,封锁给俄国贵族造成严重利益冲突，却没有为法俄同盟设下一个三四年必到的破产期限。贸易资料显示，受损市场、保留通道和国家财政之间存在调节空间。要判断同盟能持续多久，应先看这些空间怎样被政策扩大或挤窄。
03_大陆诸国.md,27,### 封锁没有给俄国装上一只必然破产的钟,"阿尔弗雷德·克罗斯比记载，喀琅施塔得与圣彼得堡到港船舶从1808年的60艘回升至1809年的376艘；同一叙述中的名义出口值从5,875,896卢布上升至20,314,406卢布。前者是港组船次，后者是尚未统一银币、纸币口径的名义价值。两者足以证明贸易早在1809年已经减压，却不宜换算成全国出口或地主净收入恢复了多少。[2]"
03_大陆诸国.md,29,### 封锁没有给俄国装上一只必然破产的钟,1811年初，圣彼得堡的殖民地商品甚至出现积压。大麻报价从一月每别尔科韦茨88卢布上升至八月108—110卢布，是名义报价的回升；克罗斯比另说金属卢布在欧洲金融市场升值30%—40%，又说纸卢布贬值逐渐停止。两句话谈的是不同的货币关系，故本章不把它们拼接成“麻的实际价格上涨三成”。俄国贸易条件研究中1808年的0.43、1809年的0.69、1810年的0.74，也只是有限商品样本的出口价格指数与进口价格指数之比，绝非出口量恢复至七成。[2]
03_大陆诸国.md,31,### 封锁没有给俄国装上一只必然破产的钟,这项纠正改变政策结论。英国市场很重要，但中立旗号、转口、许可证与执行松弛已经提供替代通道。法国越把封锁写成不可退让的政治忠诚考验，越容易把原本可以通过贸易调整的冲突变成主权争夺。
03_大陆诸国.md,33,### 封锁没有给俄国装上一只必然破产的钟,法国也没有一个随时可以取代英国的巨大购买计划。戴维所列1806年俄国大麻出口目的地份额中，英国为61%，法国为2.4%。以这两项作同价、同质的纯算术比较，法国直接市场若连原有份额一起接下英国份额，须增至原来的约26.4倍；若把荷兰、德意志等也纳入大陆接收市场，所需倍数仍约为3.4。它们是尺度比较，不是已经证明的需求容量。1762—1782年英国大麻进口中俄国占约95.9%，又属于更早时期和全国贸易口径，不能直接说成1810年皇家海军95.9%的绳索离不开俄国。[3]
03_大陆诸国.md,35,### 封锁没有给俄国装上一只必然破产的钟,原工程以出口依赖、英国市场份额、中立贸易保存率、替代销售与价格折扣构造过损失包络：在中立许可仍有效的分支，出口庄园的直接毛现金损失约为0.5%—16.7%；在封锁真正加严的分支，为7.2%—41.3%。其中心设值约为5.3%和22.8%。这些数值有助于展示政策方向，却没有庄园抽样权重，不是全国贵族损失均值，也不是统计置信区间。最朴素的一点反而最重要：若正常合法贸易获准继续，模型中纯粹由这项封锁引起的损失可以归零。
03_大陆诸国.md,37,### 封锁没有给俄国装上一只必然破产的钟,这项压力可以用一个透明的庄园现金模型说明：以原有庄园毛现金收入为100，出口收入占比设为 *e*，英国需求占出口的份额设为 *b*，中立通道保存比例为 *n*，剩余受阻部分的大陆替代比例为 *r*，实现净价比例为 *p*；保留下来的英国相关收入比例为 *p[n+(1−n)r]*。毛现金损失由这项保存比例决定，再除以扣除固定承诺后的收入，才得到自由现金损失。
03_大陆诸国.md,45,### 封锁没有给俄国装上一只必然破产的钟,这些是参数端点组合，不给每一格相同发生概率；自由现金损失较大，首先来自债息等固定支出没有随收入下降，并非发生了另一轮可相加的损失。若把全部出口而非只英国相关部分的等效收入保存设为70%，出口占比30%—65%的庄园毛现金损失为9%—19.5%；保存90%时为3%—6.5%。亚麻高度依英的设值又会产生更大压力。**模型最有用的结果不是一个全国总损失，而是指出需要调查哪类庄园、哪种债务、哪条通道；在缺少这些分布之前，法国应以容许贸易降低风险，而不是押注贵族即将集体倒闭。**[2][3]
03_大陆诸国.md,49,### 信用、港口与改革：法国还有比威胁更有用的工具,1811年2月11日，斯佩兰斯基在呈报上一年政务的报告中，列出起步时约1.25亿卢布收入、2.25亿支出、5.77亿债务的困境。它是改革者对财政局面的概括，不是统一银币口径的审计决算。他宣布的停止发行纸币，1810年二月公布，实际却到1811年一月才开始；此前仍新增约4300万。把停止增发的承诺当作当年立即发生的货币稳定，会提前计算改革收益。[23]
03_大陆诸国.md,51,### 信用、港口与改革：法国还有比威胁更有用的工具,报告还说明，预期荷兰资本没有流入；荷兰被并吞、税负加重，促使部分投资者抽回在俄资金；汉堡遭遇征税和政治不确定性后，也缩减乃至停止授信。这是法国政策对俄国财政的负面外溢，不足以证明拿破仑有意设计了一场金融攻击。可是对反事实而言，它给出了一条实在的政策通道：法国若保护荷兰与汉堡的商业信用，可以同时缓和俄国的资金压力，而不必直接从巴黎国库大规模补贴沙皇。[23]
03_大陆诸国.md,53,### 信用、港口与改革：法国还有比威胁更有用的工具,地主负债也不等于一碰贸易中断便全部破产。谢尔盖·安东诺夫所述国家抵押机构常以5%—6%放贷，1819、1824和1830年又出现不同的展期安排；欠款时往往先接管收入而非立即拍卖庄园。贵族还会把国家贷款转借私人市场。因此应区分外币债、本币固定债与实物地租，不把所有庄园变成同一种现金出口企业。通货稳定有利商业信用，也可能提高原有固定名义债的实际负担；和平不是对每一个债务人都同样有利。[24]
03_大陆诸国.md,55,### 信用、港口与改革：法国还有比威胁更有用的工具,敖德萨则显示俄国并非只有波罗的海一个出口。赫利希刊出的海运出口名义卢布数，从1807年约33.6万、1810年约314.7万升至1811年约774.8万，1812年又降至约585.5万。币种与全国银值账尚未统一，不能相加为全国出口。俄土战争、粮食禁运、检疫、走私与中欧陆路转运都影响这些数字；它们不证明法国市场已接替英国，却证明不同港区有不同的恢复途径。[24]
03_大陆诸国.md,57,### 信用、港口与改革：法国还有比威胁更有用的工具,这里也出现过有具体规模的制度试验。1804年敖德萨贴现银行资本约75万卢布，处理双背书票据并按约6%年息放款；保险公司后来失败，商业法院却更持久。1817年获准、1819年实施的自由港，又是一个有边界的港口安排，不是全俄实行自由贸易。法国可以支持同类通航与商业规则，但无需预定史实1828年俄土战争及1829年同一条约必然发生。
03_大陆诸国.md,59,### 信用、港口与改革：法国还有比威胁更有用的工具,交通仍限制这种转向。1840年代粮食运港多靠牛车，典型运输距离约150—300俄里，可能占用农户约四十天劳力；高价棉织品可以负担陆运费用，低值粮食和木材未必可以。1837年开通的皇村铁路全长约27公里，使用英比机车车辆和有外国经验的工程师，表明俄国能够选择性引进技术；它不等于1848年前已经建成一个把全国出口改道的铁路网。[24]
03_大陆诸国.md,63,### 和平的价格：让俄国重新强大,1811年10月，涅谢尔罗迭给沙皇的报告提供了比“拿破仑再赢一次会战”更接近可执行政治的材料。报告讨论奥尔登堡补偿、边境军力、华沙公国、普鲁士生存和俄国贸易，主张借和平恢复俄奥两国的财政与军队。他使用的措辞是“rétablir leurs finances et leurs armées”——“恢复它们的财政与军队”。同一份报告仍把法国视为主要的战略威胁。[4]
03_大陆诸国.md,65,### 和平的价格：让俄国重新强大,这是一份臣僚的内部建议，不是已经送达巴黎、经双方批准的和平草约。它的重要性在于揭示真正的交换：**法国承认俄国有独立的贸易、安全与重整军备空间，俄国则暂时不以大战挑战法国在西中欧的首位。** 和平的成果不是一个永远衰弱的俄国；恰恰相反，和平会养大一个仍有选择权的俄国。
03_大陆诸国.md,67,### 和平的价格：让俄国重新强大,因此，一份较可信的安排至少要包括四项：容忍俄国对中立贸易的实质开放；限制双方在波兰—俄国接触地带的突击性集结；以可验证的偿款与撤军时间表解决普鲁士要塞问题；把奥尔登堡及其他领土补偿纳入有终局性的协议。法国还须允许奥地利等第三方参与保证，而不把全部解释权继续留在皇帝一人手中。
03_大陆诸国.md,69,### 和平的价格：让俄国重新强大,俄国决策圈还会随局势重组。万达尔根据外交报告叙述，鲁缅采夫较愿维护法俄合作，阿姆费尔特及若干流亡政治人物更倾向防备法国；斯佩兰斯基的财政、法制和官员考核改革得罪既有利益，也在战争临近时被指为亲法。1812年其失势不能只归于一条贸易曲线，更有宫廷斗争与沙皇试图恢复内部团结的作用。法方若较早提供可信保证，能够改善温和派的处境；到1812年四月要求法国先从普鲁士和瑞属波美拉尼亚撤军、削减但泽驻军的条件出现后，同样一项让步已经处在更高的不信任成本之下。[1]
03_大陆诸国.md,71,### 和平的价格：让俄国重新强大,这里既有希望，也有一笔无法掩藏的代价。若法国避免了西班牙灾难，其军力更完整，俄方更有理由谨慎；但法国也更少受到迫使自己让步的压力。涅谢尔罗迭1811年的判断部分建立在半岛战争消耗法国这一背景之上，故不能把他当年的要价照搬为1807年即可成交的合同。
03_大陆诸国.md,73,### 和平的价格：让俄国重新强大,本章仍作明确选择：**对俄优先采取有边界的冷和平，而非以有限战争强迫永久从属。** 这不是放弃胜利，而是把胜利限定在法国有资源维持的地方。俄国不再侵入法系德意志、不再随时组织反法联盟，已经是重要战略收益；俄国的贸易、军备与东方外交全部由巴黎决定，则是另一项规模截然不同的任务。
03_大陆诸国.md,79,### 兵额首先是一个口径问题,1812年俄军常见数字看似互相矛盾：编制约48万，在册近60万，西线三个主要军团约24.2万，全战役逐次投入约42.8万。实际上，它们分属编制、军籍、某时点战区兵力和跨时段投入。旧工程的一处算式将利文的24.2万与里恩的后备分项相加，再写成48.8万，造成直接的算术与口径错误：24.2＋13.7＋16.1等于54，而非48.8。采用里恩的约19.0万一线口径，才与另外两项及48.8万总数大致相容。[5]
03_大陆诸国.md,81,### 兵额首先是一个口径问题,正确的读法不是在几个总数中挑一个最大值。俄国必须同时守芬兰、高加索、黑海与多瑙河；纸面团营还包括病员、训练中的新兵、要塞分遣队和运输人员。法国的机会在于使俄军主力分散时遭到连续击败；俄国的优势则在于，只要干部和地方动员机构保存，前线损失未必意味着战争结束。
03_大陆诸国.md,83,### 兵额首先是一个口径问题,约翰·基普记载，1705—1825年俄国举行约90次征募，1801年前累计征入约227万人，亚历山大统治期再征近200万人。1812年三次征募合计每500名登记男丁取20人。这是急迫战争下对乡村的巨大抽取，不是和平年代可以年复一年承受的普通税率。征募通常把青年从家庭长期带走；地主、村社和地方官员负责选送，因而兵役又是国家接触农民最直接、也最痛苦的方式之一。[6]
03_大陆诸国.md,85,### 兵额首先是一个口径问题,"军官、军士、合格马匹、枪械和被服，往往比可抽取的人口更早成为瓶颈。俄国炮兵通过标准化和训练已有很强战力；利文所用资料显示，彼得堡兵工厂1803—1818年生产新炮1,255门。图拉在1812年五月至十二月生产约127,000支火枪，但开战前积存的371,000支至七月底已经发出近350,000支，英国输入的约101,000支枪仍有实际作用。许多民兵到年末依旧持长矛。[5]"
03_大陆诸国.md,87,### 兵额首先是一个口径问题,被服更加吃紧。开战时备用军服只够野战军约四分之一；既有订单尚缺约34万米布，战时又提出约240万米追加需要。工厂、羊毛和运输链没有随着征兵命令同比扩张。这样的军队适合在本土纵深里持续补充，却不适合把全部名册人数一次送往两千公里外，还保持法国式的集中速度。
03_大陆诸国.md,91,### “停在双河线”为什么仍是一场长战争,把1812年远征改写为法军停在德维纳河—第聂伯河一带，是一个有军事理性的备选：缩短补给线、保住马匹、减少在莫斯科等待和平的风险。但它没有自动解决政治目的。法国若只是占住边境几省，亚历山大仍可能退让空间而保留军队；法国若在这些土地上宣布一个拥有上千万人口的完整波兰国家，又会把俄国精英对边疆损失的恐惧提高到生存层面。
03_大陆诸国.md,93,### “停在双河线”为什么仍是一场长战争,边境决战并非绝无机会。俄军指挥分歧、巴克莱与巴格拉季昂之间的分隔，以及最初集结位置，确实给法军包围歼灭提供窗口。可是“在边境歼灭俄军骨干”是一项需要具体行军、情报和会战执行才能完成的军事结果，不是法国选择“不去莫斯科”之后自动得到的奖励。俄方已经认识到应尽量反着法国的愿望行动，避免在不利位置决战；这也不等于预先存在一张精确引诱法国到莫斯科的完美路线图。[5]
03_大陆诸国.md,95,### “停在双河线”为什么仍是一场长战争,财政进一步加强俄国守土的优势。利文记载，1812年沙皇没有请求英国补贴，国内战争可借纸币、地方征粮、仓库和约一亿卢布的社会捐输继续；捐输多含实物，不能当作金属货币现金。但它们能直接供养在俄国境内作战的军队。1813年战争进入德意志以后，外汇便重要得多：英国约133万英镑补贴，加上约330万英镑联邦纸券安排，为境外战役融资提供大规模支持。纸券额度与实际现金仍须分别看待。[5]
03_大陆诸国.md,97,### “停在双河线”为什么仍是一场长战争,"俄军也会被冬天摧毁。库图佐夫1812年12月19日报告，塔鲁季诺时的97,000人中，48,000在医院，在列只剩42,000。这个例子否定了“冬天只替俄军作战”的神话，却同时解释俄国何以能续战：主力的干部骨架尚存，新的征兵和其他战区释放的部队可以在1813年补入。法国若没有消灭这套再生能力，有限战争最容易得到的是一段休战，而不是可维持四十年的臣属关系。"
03_大陆诸国.md,99,### “停在双河线”为什么仍是一场长战争,**军事上的结论有三个层次。** 第一，俄国可以在会战中被击败。第二，法国有可能迫使它在某一轮战争后接受不利和约。第三，要使俄国至1848年都无力改变欧洲均势，需长期破坏其自主动员、军工与外交，这已超过一次有限远征的能力。前两项不推出第三项。
03_大陆诸国.md,103,### 到1848年：没有神圣同盟的俄国，仍有俄国的大国政治,法国胜利会删除1815年那种以战胜拿破仑为共同记忆的神圣同盟，却不会删除俄国的保守宫廷、军官精英和宗教政治。它可能形成一个较偏东方的自主大国集团，在波兰、奥斯曼、波斯与高加索事务中继续行动。其对西中欧的大规模干预，需要盟友通道、现金与补给；法国若维持德意志体系完整，俄军直接深入莱茵河的成本将很高。
03_大陆诸国.md,105,### 到1848年：没有神圣同盟的俄国，仍有俄国的大国政治,国内改革也不会由“法国仍然胜利”这一项变量决定。斯佩兰斯基的财政法制化尝试、军事殖民地、地主信用和农奴制问题，各有本国政治逻辑。1819年丘古耶夫军事殖民地镇压中约两千人被捕、275人判死、52人受夹鞭刑并有25人死亡，说明以军队组织农民生活会产生严重抵抗；但基普认为这些反抗分散、缺乏跨区协调，没有直接推翻国家的能力。到1825年，军事殖民组织据报控制约16万士兵与37.4万农民，也说明俄国会尝试用行政强制而非自由劳动力市场解决养兵成本。[6]
03_大陆诸国.md,107,### 到1848年：没有神圣同盟的俄国，仍有俄国的大国政治,长期的可信形态是：俄国在邻近战区仍很危险，在全欧投送上受财政和运输制约；逐步工业化会增强部分军工，农奴制和低效行政又会拖慢扩张。没有足够依据给它规定一个固定的八十万实有常备军，更没有理由把1850年代的技术落后机械提前到某一年。本章判断的是能力结构：**法国的东界应由缓冲国、外交互制与自己的军事实力守住，而不是以俄国永不恢复的假设守住。**
03_大陆诸国.md,113,### 国家重建不是一张空白地图,华沙公国给波兰人带来了行政、军队、法庭、教育机构与国家希望。1807年宪法第四条宣布：“Znosi się niewola”——“废除奴役”，并确认法律面前的平等。然而，同年十二月敕令虽准许农民离开领主土地，离开者须交回属于地主的农具、牲畜和已播种的生产资料。法律上的人身自由没有普遍转化为农民的土地所有权。[7]
03_大陆诸国.md,115,### 国家重建不是一张空白地图,这项张力是复国方案的核心。法国需要地主合作征粮征兵，地主需要国家保护财产，农民则承担了战争和产权重整的大部分成本。以法典名义废掉旧身份，不会让整个乡村立即成为共和国式的公民社会。另一方面，波兰贵族也不是统一的反改革集团：1812年前后，有人援引1791年五三宪法，有人更赞成法律平等与中央官僚体制，分歧在于如何避免重回瓜分前的政治失能。
03_大陆诸国.md,117,### 国家重建不是一张空白地图,行政现代化本身需要现金。恰巴蒂研究指出，公国的地方机构受到人员短缺、工资偏低和高昂行政开支约束；农村仍离不开地主作为执行中介。1809年以后，十省、一百县、任命制官员和分级司法构成了国家框架，但框架与社会动员并非同一件事。[7]
03_大陆诸国.md,121,### 一份预算胜过一百句“波兰会支持法国”,"1808年一月送交拿破仑的预算草案，预计收入21,997,700兹罗提，支出43,027,098，其中军费22,850,770，赤字21,029,398。也就是说，单是军费已经超过全部预计收入。1809年一月，国王又报告总收入约2,900万、军费约2,500万；到1810年11月，欠军需商款项约1,500万。预算、报告收入与结算欠款不是同一种账，但一起显示公国长期被军事需求压住。[8]"
03_大陆诸国.md,123,### 一份预算胜过一百句“波兰会支持法国”,"法国并非从未给予帮助。它承担过八千名波军的供养，1810年减免约435万法郎印花等债权，并削减盐、军服与火炮款项；1811年的国际借款名义发行1,200万法郎，实际发行7,795张千法郎债券，凭盐矿收入等担保。可是减免应收、承担特定部队军饷、提供借款担保，并不等同于持续现金补贴。"
03_大陆诸国.md,125,### 一份预算胜过一百句“波兰会支持法国”,"反向的索取更为根本。1808年巴约讷安排，把原普鲁士债权以两千万法郎价格转给公国，需要它自行向已经缺钱的债务人收取。名义上得到资产，实际上增加近期付款压力。1810年重整后，约19,631,500法郎仍须分期偿付。旧债、新债、驻军供养、实物征粮与筑垒支出叠加，便形成“最愿意出兵的伙伴最缺养兵现金”的悖论。"
03_大陆诸国.md,127,### 一份预算胜过一百句“波兰会支持法国”,国内融资同样不能只看印数。1808年450万兹罗提国民贷款在自愿认购困难后，转向对华沙商人和资本家的强制摊派；1810年结算约发行334万。1811年开始流通的国库票计划印制900万兹罗提，实际流通不超过300万，贴水与信任不足限制了财政用途。以印钞解决现金缺口，必须有人愿意接受这张纸；公国倒台后的清算又使部分余票未获兑现。[8]
03_大陆诸国.md,129,### 一份预算胜过一百句“波兰会支持法国”,"军额也须分别列出：宪法定额三万人；1810—1811年纸面编制约59,200人；1812年部长会议报告74,722人；库基耶尔的广口径估计约108,000，包含法饷单位、国民卫队等不同构成。它们说明动员强度惊人，不宜合并成一个始终在前线的十万大军。公国扩大后的约420万—430万人口，不能长期以俄国远征式强度养兵，还同时承担法国驻军和债款。[8]"
03_大陆诸国.md,131,### 一份预算胜过一百句“波兰会支持法国”,"立陶宛的筹军经历使这个判断更具体。萨皮耶哈1812年7月27日直言，因为缺钱与物资，组织十四个团不现实；多数征募委员会到八月下半月才开始工作。七月十六日提出的五十万法郎拨款请求，八月二十四日获准，九月十三日才实际拨到。十二月初五个步兵团、四个骑兵团约12,500人，加入志愿队和其他编队的广义武装逾两万人；后者包含前者，不能再相加。这里缺少的不是“爱国热情”，而是现金、军官、衣服、枪械与时间。"
03_大陆诸国.md,133,### 一份预算胜过一百句“波兰会支持法国”,1813—1815年俄军占领时期的账目则显示短期征发与可持续财政的差别：1813全年及1814年前四个月给养负担约1.579亿兹罗提，随后一年约0.899亿，总计近2.48亿。土地确实可以在占领下被抽出远超正常岁入的资源，但代价是库存、牲畜、信用和家庭生计被耗尽。把这样的两年当作和平国家每年可纳的贡额，便把掠夺能力误写成税收能力。[8]
03_大陆诸国.md,137,### 为什么不宜立即恢复“全部旧波兰”,1807年提尔西特的核心是结束法俄战争。若法国同时消灭普鲁士，并宣布恢复包含俄属西部诸省的旧波兰—立陶宛联邦，便把和平协议转换成对俄国下一轮领土战争的预告。亚历山大自己可以谈一个由俄皇兼王的波兰，却明确反对把立陶宛、沃里尼亚、波多利亚交给另一个独立君主。相同的“波兰复国”语言，背后可以是完全不同的安全结构。[1]
03_大陆诸国.md,139,### 为什么不宜立即恢复“全部旧波兰”,因此，本章选择一个范围较小却更有生命力的波兰国家：保住华沙公国；以但泽、维斯瓦河出口与可用通商走廊保障财政；停止巴约讷式债权转嫁；限定在国内可以养活的常备军；把进一步领土变化留给未来的多边协议，而不是以一句复国誓言预支战争。
03_大陆诸国.md,141,### 为什么不宜立即恢复“全部旧波兰”,"原工程以历史军额为参照，给约320万—450万人口的国家设过常备35,000—55,000人、短期冲刺90,000—130,000人的规划带。它不是人口一乘系数就可兑现的供兵合同。较可信的政策下沿是常备军约占人口1%左右，战时动员可以更高，但须有外部现金、军械和明确役期；让法国的东方缓冲国把和平财政全部吃进兵营，会削弱缓冲本身。"
03_大陆诸国.md,143,### 为什么不宜立即恢复“全部旧波兰”,封锁的经济结果也不是全国所有产业一同衰退。巴尔巴拉·格罗胡尔斯卡的贸易研究显示，大波兰呢绒业在中欧和俄国市场获得部分机会；1808—1809、1809—1810两个贸易年度出口构成中，工业品份额约67.5%与59%，粮食约18.1%与20.4%。这是特定贸易统计的构成，不是全国工业已经取代农业。它提醒法国，波兰也有希望扩大市场而非只输出谷物的集团；安定税制和运输，比将它永久置于大战前线更能保住这些收益。[8]
03_大陆诸国.md,145,### 为什么不宜立即恢复“全部旧波兰”,1830年的会议王国提供一个重要反例：卢贝茨基的财政整顿、1825年土地信贷会、1828年波兰银行，能够与政治不满同时增长。改善财政不会自行消灭对军队受辱、宪法失信与外派作战的恐惧。法国要维持波兰忠诚，需保存它的国家身份、出口收入和军队尊严；把它改成普通法国省，反会摧毁最亲法伙伴支持法国的主要理由。
03_大陆诸国.md,147,### 为什么不宜立即恢复“全部旧波兰”,犹太人的遭遇使“平等国家”更显不完整。1808年公民权被暂停十年、购地受到限制；1812年全体兵役改以每年70万兹罗提赎役，战时又增至140万。国家在需要钱时承认社群代表，在承认公民资格时却设置宗教例外。法国若要把波兰当作其政治制度优越性的证明，这类例外便不是可略去的脚注，而是需要改革的内容。[8]
03_大陆诸国.md,153,### 1811年的纸币削值，消灭不了哈布斯堡,"1809年申布伦和约秘密条款限制奥军在海上战争期间不超过150,000人，**不是五万人**；约8,500万法郎是占领赔款的和约结算额，**不是每年上缴的贡税**。两项误读都会把维也纳写得比实际更加无力。[9]"
03_大陆诸国.md,155,### 1811年的纸币削值，消灭不了哈布斯堡,奥地利的财政危机确实极重。阿克斯特曼依据比尔财政史整理的银值盾表，显示以下变化。这里的银值是纸币按年度币值折合的记账量，不是固定疆界、不变物价的国民产出。
03_大陆诸国.md,168,### 1811年的纸币削值，消灭不了哈布斯堡,资料：Roland Axtmann，1991年博士论文财政附录，印页259—265，转录Beer，1877年，第390—392页。支出不含偿还本金与纸券回收；收支差额不等同当年新增债务。
03_大陆诸国.md,170,### 1811年的纸币削值，消灭不了哈布斯堡,1811年二月二十日的法令以五张旧纸盾换一张新券，三月公布，债权人承受损失；而旧券在市场上早已大幅贬值，故“法定削值80%”又不等同每个持有者在宣布当天新增损失80%。1813年政府仍能发行预支未来税收的票券。1816年成立国家银行，货币整顿延续多年。这说明财政危机抑制战争，却没有同时抹去粮食、人口、军官、军械库和贵族的地方征募网络。[10]
03_大陆诸国.md,172,### 1811年的纸币削值，消灭不了哈布斯堡,1810年裁军时，维也纳保留了军官、技术人员、休假兵与团的组织骨架；1812年能派三万人的独立辅助军团，1813年又能扩编。现有研究转引给出约29.8万充分编组、24.5万野战军的规模，尚非本工程直接核查的团级军籍，但已经足以反驳“财政破产使奥地利几十年再无军事选择”。
03_大陆诸国.md,176,### 法国为何很难靠民族解放拆掉奥地利,1809年5月15日，拿破仑确实号召匈牙利人在拉科什召开国民议会，选择自己的国王：“Ayez un roi de votre choix”——“拥有你们自己选择的国王”。因此，匈牙利独立不是后人替他设计的纯粹架空方案。但公开宣言与能接收国家权力的本地联盟之间，相隔甚远。[11]
03_大陆诸国.md,178,### 法国为何很难靠民族解放拆掉奥地利,"匈牙利贵族在全国人口中只是少数，却通过议会和郡政掌握征税、临时补助与贵族动员。1809年的贵族动员实际包括约17,266骑兵、20,361步兵，合计37,627人；它不全由贵族本人组成，也不是一支平时已有永久军官、仓库和完整训练的现代预备军。法国传单若绕过这些机构，便很难把同情转化为税粮与军队。"
03_大陆诸国.md,180,### 法国为何很难靠民族解放拆掉奥地利,更重要的是，自由的含义并不相同。法国使员曾观察，部分匈牙利贵族所要的自由，是贵族对王权的独立，而不是农民摆脱地主控制。法国若许诺全面社会革命，会使它最需要的地方执行者感到威胁；若保留全部贵族权利，又很难用农民解放制造广泛支持。现代研究指出，1809年宣言在贵族与其他社会群体中没有引发大范围响应；参与翻译的知识人及少数宪制草案证明存在异见，却不足以证明一个可立即执政的亲法国家联盟。[11]
03_大陆诸国.md,182,### 法国为何很难靠民族解放拆掉奥地利,波希米亚的证据更需收紧。1809年九月拿破仑给尚帕尼的照会谈过把莱特梅里茨、萨茨、埃尔博根三个行政圈割给萨克森，并明确说，提出波希米亚要求也为了让对方相信法国已与俄国谈妥。它证明边境分割确在谈判桌上，不证明已经批准了一个完整的波希米亚民族王国，更不证明全省改设法国行政区已有人员、预算与当地支持。
03_大陆诸国.md,186,### 较持久的法奥交易,"1812年法奥同盟比联姻画像更能说明两国能合作到什么程度。条约规定辅助军团三万人，其中步兵24,000、骑兵6,000，配60门炮；秘密条款要求军团保持独立编组，免于对英及比利牛斯半岛以西作战。两国互保领土，同时讨论以部分加利西亚换取伊利里亚的可能。这样的交换按照人口、面积与收入估价，而不是单纯赠送地图颜色。[9]"
03_大陆诸国.md,188,### 较持久的法奥交易,同一条约还保证奥斯曼在欧洲的领土完整。这一点推翻了一个容易讨好反事实叙事的说法：法国把奥地利从德意志赶向东南，就可以无代价地把巴尔干分给它。哈布斯堡向多瑙河和亚得里亚海发展，更可行的方式是商业通航、领事、贷款、道路和有限势力，而非在安抚俄国的同时再放任一个盟友侵吞奥斯曼。
03_大陆诸国.md,190,### 较持久的法奥交易,主线若从1807年起克制，1809年战争较可能被推迟或避免，但并无必然性。英国的资助、维也纳的复仇期待、法军在其他战区的部署，仍会影响决策。若避免1809年，奥地利保住的领土与经济资源更多，法国对它的政治控制也更弱；若1809年仍打而法国再次取胜，法国可以选择条约修复、伊利里亚交换与有限军役。两条路径都能通向合作，却不可把前一条的和平收益与后一条的领土削弱同时算给法国。
03_大陆诸国.md,192,### 较持久的法奥交易,法奥婚姻只是一种加强合作的可能。梅特涅事后回忆弗朗茨说，同意婚姻可以给王朝“几年政治和平”，用来医治创伤。这句话表达的是喘息，不是永世服从；它又出自回忆，不宜当作无偏的同期内心记录。若联姻发生，奥皇会有支持外孙的理由，也会有维护哈布斯堡利益的理由。承认亲缘能增加合作筹码，比把奥地利称为法国王朝的一块天然附属领土更符合史料。[11]
03_大陆诸国.md,196,### 到1848年，奥地利会向哪里生长,"和平使奥地利有机会恢复税收、信用和有限工业投资。以1802—1808年的收入作参照，原工程给1815以后提出每年约5,000万—8,000万银值盾收入、2,500万—4,500万军费的规划区间；这是一项“和平、贸易通达、不再反复赔款”条件下的估计，不是已经存在的1815年结算表。"
03_大陆诸国.md,198,### 到1848年，奥地利会向哪里生长,波希米亚、摩拉维亚的制造业与匈牙利农业互补不会因法国称霸而消失。英国船匠安德鲁斯与普里查德1828年取得奥地利特许，多瑙河蒸汽船1830年首航佩斯、1831年开出常班，显示东南影响可以先从运输工具而不是边界变动增长。铁路则需要煤、资本、工程师和市场，不能由“有矿藏”直接推出工业化规模。[10]
03_大陆诸国.md,200,### 到1848年，奥地利会向哪里生长,改革迟滞与民族政治也仍在。王朝若只保护地主，农民不满会累积；若全面攻击地方特权，又可能把各省精英推向联合反对。故到1848年前后，较可信的主线是保存王朝、扩大有限代表机制、处理农民义务；次选是多省同时危机而由军队与阶层重新结盟维持。法国可以提供外交支持，却必须面对一个逐渐恢复议价能力的伙伴。**奥地利越能长久合作，就越不是法国可以任意处置的省。**
03_大陆诸国.md,206,### 消灭霍亨索伦，也要有人接收普鲁士,提尔西特以后，普鲁士受领土削减、赔款和驻军束缚。1808年巴黎公约把三座奥得河要塞作为支付担保：清偿一半交还格洛高，全部清偿交还什切青与屈斯特林；法军定额合计约一万人，薪饷由法方支付，住宿、粮秣、燃料等仍由普方承担。普鲁士保有税收和司法权，驻军区域的警察与军事道路却受法国控制。这比“法国撤军”或“普鲁士完全独立”都复杂。[12]
03_大陆诸国.md,208,### 消灭霍亨索伦，也要有人接收普鲁士,"军事限制为42,000人，并有十年期限。轮训让更多人获得训练，却没有凭空藏出十五万装备齐全的秘密大军；约三万五千至四万轮训储备的估量也应与现役、短训人员和完整后备编制区分。1812年法普军约规定20,000人的辅助军和60门炮，条约责任又不能当作整个战役始终足额的实兵。"
03_大陆诸国.md,210,### 消灭霍亨索伦，也要有人接收普鲁士,法国理论上可以不保留这个残余王国。但这不会消灭它的军官、容克、法院、债务与地方行政。萨克森、威斯特法利亚、华沙或其他接收国，要么留用旧中介而限制社会改革，要么撤换旧中介并承担更高行政与驻军成本。施泰因的三四万军人构想属于政治建议，不是一个已经签约、配粮、发饷的接管军团。
03_大陆诸国.md,212,### 消灭霍亨索伦，也要有人接收普鲁士,"威斯特法利亚的财政就是警告。新王国继承旧债，供养本国军队与约12,500名法国驻军，宫廷开支又高；拿破仑赠给亲信的免税领地进一步蚕食税基。到1812年债务估计约1.4亿—2亿法郎。把更多原普鲁士土地送给这样一个国家，不等于自动增加巴黎的净资源，可能只是扩大一张需要法国担保的坏账。[13]"
03_大陆诸国.md,214,### 消灭霍亨索伦，也要有人接收普鲁士,俄国的态度也是成本。1807—1808年，普鲁士边界仍有一定交易空间；至1811年，涅谢尔罗迭把确保其政治存在视为核心事项，因为它不是法国进攻俄国的前卫，就是俄国抵制法国的前卫。法国若在安抚沙皇的同时消灭普鲁士，须拿出足够安全补偿；若把地土大部分交给波兰，补偿更难成立。故本章优先保留一个受限但有终局边界的普鲁士，而不是不断再割一片、不断再制造下一轮危机。
03_大陆诸国.md,218,### 改革不会自动等于1813年,"1807年哈登贝格的里加备忘录提出君主制内部采用民主原则，问题意识之一是如何避免完全依赖外国。这里有防御性现代化的真实动力，但改革并不等于自由民主，也不等于人民战争自然出现。庄园法院、贵族权利和代表制度都经历长期争执；1807年建议的45,000步兵、25,000骑兵、80,000后备，属于计划而非实员。"
03_大陆诸国.md,220,### 改革不会自动等于1813年,"1813年柏林国民军的档案研究尤其能修正浪漫图景。志愿者只约占13%；该市承担4,000步兵、576骑兵的配额，到六月底仍缺约800人。七月基金支出127,374塔勒，而房租附加税仅收40,570，尚有欠缴。爱国语言确实存在，但征募、纳税和训练依然需要强制组织。[12]"
03_大陆诸国.md,222,### 改革不会自动等于1813年,"财政压力也不保证议会胜利。穆劳的研究给1806年末国债约5,350万塔勒，与克拉克转述的约3,500万口径不同；1820年约1.8亿有息债券，另有纸币与省债。两组1806年数字尚未在原账上统一，本章不据此计算增长率。1820年规定新借需等级代表同意，政府却又通过海上贸易公司等名义独立的金融渠道获得表外融资。国家可以在财政危机中作宪制让步，也可以创造绕开让步的办法。[12]"
03_大陆诸国.md,226,### 普鲁士还会强于奥地利吗,答案取决于法国在何时、以何种领土格局赢得战争。
03_大陆诸国.md,228,### 普鲁士还会强于奥地利吗,**提尔西特后克制的主线，倾向于奥地利整体强于普鲁士。** 普鲁士失去1806年前的大量领土，又得不到1815年历史上的莱茵—威斯特法利亚扩张；奥地利若保存波希米亚、摩拉维亚、匈牙利和大部分加利西亚，在人口、财政深度与多战区养兵上更有优势。原工程为残余普鲁士推至1848年所得约620万—810万人口、常备约5.6万—9.7万人，是设定净增长和动员率的规划区间，不能当作观测预测。
03_大陆诸国.md,230,### 普鲁士还会强于奥地利吗,这也不是说普军在每一次会战都较弱。普鲁士集中一条战线的军力，可以与分兵意大利、多瑙河和内地的奥军主战区军力重叠。差别更在于同时维持多个方向、承受持续损失与恢复军费的能力，而非民族性格或某种永恒的军事素质。
03_大陆诸国.md,232,### 普鲁士还会强于奥地利吗,**如果较早的法英和解使普鲁士避免耶拿—提尔西特式削弱，答案便更开放。** 完整普鲁士拥有更大税基，可能争取北德主持权。法国还可能利用它制约奥地利，也会利用南德制约它。此时没有理由断言奥地利直到1848年一直压倒普鲁士，但也没有理由让普鲁士自动获得史实1834年的关税领导权。
03_大陆诸国.md,234,### 普鲁士还会强于奥地利吗,关税同盟的领导权来自地理与谈判，而不是剧本。史实中普鲁士1815年获得分离的西部领地，产生连接东西部关税区的压力；黑森—卡塞尔1831年加入又改变南北通商路径。若这些边界不存在，巴伐利亚、符腾堡、萨克森或法系邦联都可能组织不同的关税安排。凯勒与史的城市粮价研究支持关税整合能降低价差，不支持普鲁士在任何地图上都必然统一德国。[14]
03_大陆诸国.md,240,### 王冠与土地，比民族口号更能解释忠诚,巴伐利亚、符腾堡与巴登是法国体系中最有价值的一组伙伴。它们各有官员、税制、军队和本地精英，不需巴黎从头建国；法国帮助它们扩大领土、提高君主地位，它们则提供军队并阻挡奥普重新统合德意志。1806年莱茵邦联创始配额为巴伐利亚三万人、符腾堡一万二千人、巴登八千人，其他成员合计构成六万三千人的德意志责任额；法国承诺的二十万人另计。[13]
03_大陆诸国.md,242,### 王冠与土地，比民族口号更能解释忠诚,"到1808年，邦联共有约39邦、1,400万人口，承诺兵额约126,000人。这里的承诺仍不等于某一战场实际到齐。1812年巴伐利亚约33,000人参加俄国远征，符腾堡约15,800人出发而仅约300人归来，是比名义配额更能影响宫廷和乡村政治的代价。"
03_大陆诸国.md,244,### 王冠与土地，比民族口号更能解释忠诚,1813年十月八日里德条约提供了明确的转盟机制。奥地利保证巴伐利亚对既有邦土、城市、领地和要塞的“完整主权”——“volle Souveränetät”；巴军保留独立编组和本国指挥，并在本土受威胁时可以回援。巴伐利亚不是因为突然发现自己原来属于德意志而转向，而是在法国保护变得不可靠时，得到一个能够保存既得领土的替代保证人。[15]
03_大陆诸国.md,246,### 王冠与土地，比民族口号更能解释忠诚,这使法国的长期政策相当清楚：维持领土保证，避免毁灭性远征损失，不吞并伙伴，不把每次财政缺口变成追加军役。所谓每年动员约人口1%之类数字只能作审慎的规划探针，缺少可估计的统一社会忍耐阈值。把某个模型范围写成“血税不超过这个数，盟友就永久忠诚”，只是用精确小数替代政治分析。
03_大陆诸国.md,248,### 王冠与土地，比民族口号更能解释忠诚,这种交换并非只有抽象的王朝名誉。巴伐利亚人口随领土扩张由1799年约190万增至1806年约320万，1808年约345万；增长主要来自边界，不是短期自然繁殖。拜罗伊特的交易又涉及数千万货币单位：巴伐利亚历史门户列2300万法郎，韦斯的研究注释另列自1808年起支付2000万盾。币种与约定、实付范围尚未对齐，不能拿一个汇率把二者宣布相等。共同的事实是，法国可以出售领土并绑定伙伴，却也使受益国担上接近一整年收入量级的重大负担。[15]
03_大陆诸国.md,252,### 改革为什么既增强国家，也保留旧社会,巴伐利亚1808年宪法第一条就写道：“Das Königreich Bayern bildet einen Theil der rheinischen Föderation”——“巴伐利亚王国构成莱茵邦联的一部分。” 它同时废除若干地方特别宪制和身份特权，承诺统一法律、税制及代表制度，规定地税不得超过收入五分之一。宪法许诺的全国代表机关实际上未召开；它既是内部整合工具，也是对外抢先维护邦国主权的盾牌。[15]
03_大陆诸国.md,254,### 改革为什么既增强国家，也保留旧社会,蒙热拉的部制、职业官僚、宗教宽容、教产世俗化和内部关卡整顿，并不完全由拿破仑从外部植入；部分改革思想早在1796年的安斯巴赫备忘录中已有。符腾堡的国王本人主导中央集权，巴登则选择性引入民法典。共同点不是全都变成法国，而是用多种办法建立更能征税、征兵和管理土地的国家。
03_大陆诸国.md,256,### 改革为什么既增强国家，也保留旧社会,世俗化也没有给这些国家送来无尽现金。韦斯估计巴伐利亚取得的世俗化净收益约370万盾；若把养老金、堂区再拨和修院债务算进去，经常性收益并不丰厚。1812年前变卖不动产约两千万盾是一次性流量，与1804年约1.07亿、1811年约1.18亿盾国债相比，足见财政压力。一次卖掉土地与以后每年都能收税，是两件事。
03_大陆诸国.md,258,### 改革为什么既增强国家，也保留旧社会,领主制同样没有被法典一笔擦净。部分领主权利被重新定义为私有财产权，陪臣贵族在新王国内保住地产与地方影响；农民要靠赎买才能消除的义务，恰因贫穷而难以赎清。科普西迪斯与布罗姆利据此批评一种过于整齐的“法国征服—废除封建—立即增长”链条。其修正有力地提醒我们，法典化与社会解放须分别检验；它不意味着所有改革都是幻象。[16]
03_大陆诸国.md,260,### 改革为什么既增强国家，也保留旧社会,蒂罗尔展示了整合的限度。1806—1808年的加税、1808年特别地位取消和普遍兵役，加上宗教政策，促成1809年起义，后由法、巴伐利亚、萨克森和意大利部队重新镇压。约瑟夫二世较早的类似改革也曾激起强烈反弹，奥地利1814年重得蒂罗尔后又没有把巴伐利亚全部改革撤销。因此，这既是法国体系的政治失败，也是中央国家与地方特权共同体的冲突，不能只用民族仇恨解释。
03_大陆诸国.md,264,### 邦联要不要一个中央政府,莱茵邦联的中央议事会从未正式运转。卡尔·贝克根据埃伯施泰因文书研究认为，巴伐利亚与符腾堡反对统一规章，是制度化失败的重要原因；拿破仑依赖它们的兵额，没有强迫到底。故“法国不要中央机构”和“德意志诸王不要法国借中央机构吞掉自己”必须同时考虑。[13]
03_大陆诸国.md,266,### 邦联要不要一个中央政府,持久秩序可以建立比史实略强的共同机制：处理邦界争议的仲裁、公开军额、固定财政结算、约束过境军补给与保证地方王位。但共同市场、统一立法和巴黎随时调动全部邦军，会触动更深的主权问题。**最可行的是有限邦联，不是把法国省长换成德国王冠的伪装统一。**
03_大陆诸国.md,268,### 邦联要不要一个中央政府,到1820—1840年代，南德经济合作会有自身动力。史实1828年巴伐利亚—符腾堡关税同盟说明，即便没有普鲁士推动，中等邦国也会寻求较大的市场。法国若继续用关税墙保护本国、让盟邦承担封锁，它们便会在法国体系内部另建次级经济圈；法国若逐步开放，相互依存才可能由军役合同长成和平利益。法国必须在保护本土厂商与保住盟友增长空间之间作真实取舍。
03_大陆诸国.md,274,### 同一邦联里，几种完全不同的国家,萨克森的弗里德里希·奥古斯特依赖旧等级制度、财政秩序和合法性声誉，不愿像法国新造国家那样全面改写社会。他既抗拒普鲁士领导，也谨慎对待波兰王冠；在法国胜负变化时寻找保护，并不等于本国官僚与产业只是法国命令的空白纸。这使萨克森适合成为有自己法律与经济的伙伴，却不适合毫无声誉代价地废王设省。[13]
03_大陆诸国.md,276,### 同一邦联里，几种完全不同的国家,威斯特法利亚则有明确的改革宪法。1807年11月15日的条文实行法律平等、宗教自由、民法典和征兵，百人代表机关中地主70席、工商15席、学者等15席；实际只召开过两次。拿破仑同日一封信要求热罗姆做“roi constitutionnel”——“立宪国王”，另一封信却要求谨慎处理法国驻军负担的抱怨。这种双重命令，早于财政崩溃便已写在建国之初。[13]
03_大陆诸国.md,278,### 同一邦联里，几种完全不同的国家,"原诸侯私产的一半被法国保留用于赠封，不是一半全国土地；宪法军额25,000人的初始履行中，有12,500名法国部队由王国供养，也不应简单叠成37,500人的同一配额。新国家取得统一行政和改革招牌，同时承受旧债、驻军与赠封税基损失，故不能只按新增人口估算法国收入。[13]"
03_大陆诸国.md,280,### 同一邦联里，几种完全不同的国家,法兰克福在达尔贝格主持下也引入新制度，却缺少足以强迫南德诸王接受邦联中央机构的力量。它的法定兵额约2800，研究所说近7000为累计供兵；梅克伦堡两邦法定配额约2300，另有1812年实际出兵约1700的后出资料，两者不属同一时点的全国军籍。这里保留数字的尺度，不把小邦承诺加总成始终在营的大军。
03_大陆诸国.md,282,### 同一邦联里，几种完全不同的国家,梅克伦堡更表明，法国霸权不自动带来社会革命。公爵借主权概念削弱等级会议部分税收特权，但1755年等级制度的许多结构继续存在，农奴身份直到1820年才废除。法国需要的是服从与军役时，完全可能容忍这种旧制度。制度传播的速度取决于各邦统治联盟，而不是地图上统一涂色的速度。[13]
03_大陆诸国.md,284,### 同一邦联里，几种完全不同的国家,汉诺威提供另一种极端。1803年六月苏林根专约拟把军需与国库收入交法国支配，拿破仑仍不满意；七月阿特伦堡安排后，约一万七千选侯军解散。部分军人后来进入英国的国王德意志军团，原来被压服的军事资源遂流向法国敌人。汉诺威又先被允给普鲁士，再被法国在对英谈判中用作可能归还的筹码，损伤的是法国承诺的信用。长期秩序若不说明该地最终地位，便会把一次占领保存成反复发生的外交争端。[25]
03_大陆诸国.md,288,### 贝格想要加入，巴黎却不肯平等,贝格的工业家并非天然反法。它被排除英国商品，却又在法国关税边界之外，失去市场而得不到同等补偿；并入法国因此一度成为争取市场准入的办法。科隆商会1810年9月16日致拉杜塞的信反对兼并，认为贝格竞争会严重损害左岸工业。这是最能揭示帝国经济矛盾的材料之一：政治上受巴黎控制，不保证经济上被法国厂商接纳。[17]
03_大陆诸国.md,290,### 贝格想要加入，巴黎却不肯平等,据格拉布，贝格出口从封锁前约六千万法郎降到1811年约一千一百万。这类总数的年度与估值方法须保留作者口径，但方向与商会冲突相互印证。丧失的生产也不一定等额流入法国口袋；企业停产、资本闲置和消费者变贵，可以是双方共同损失。
03_大陆诸国.md,292,### 贝格想要加入，巴黎却不肯平等,萨克森则是相反例子。黑克舍认为它是大陆封锁下发展较强的工业区，替代进口确有收益。然而，法国公使巴歇1810年十月报告已警告：把更严的关税警戒线与原棉税推到萨克森，会使厄尔士山区贫困、工人流向奥地利，而法国得益有限。**同一封锁制度里，有的盟友要求进入法国市场，有的盟友要求法国不要继续加码；统一行政并不消除这种利益差异。**[17]
03_大陆诸国.md,294,### 贝格想要加入，巴黎却不肯平等,"威斯特法利亚六年征兵约七万人、另有约三万志愿或其他入伍口径，不能简单当作无重复的十万服役者；赴俄约22,000人、返回约1,500的灾难则足以改变其国家前景。多恩贝格1809年起义很快被本国忠于王朝的正规军击败，说明抵抗不会自然长成全国革命；但1813年法国主力失败和撤出以后，地方反对才得到新的政治机会。军队在场可以维持秩序，不等于民众已经认可王朝。"
03_大陆诸国.md,298,### 汉堡：征税什么时候变成毁坏税源,"1813年法国向汉堡课以4,800万法郎惩罚性摊派，拘押富商，没收汉堡银行约7,489,343马克·班科白银，驱逐缺少存粮的居民并毁坏郊区。这些措施发生于军事危机，不能当作1807年后和平主线的必然日常；但它们显示，当控制受到挑战时，帝国会如何动用一座商业城市。[18]"
03_大陆诸国.md,300,### 汉堡：征税什么时候变成毁坏税源,"汉萨三省1812年预计毛税合计约3,879万法郎，一次罚款便高于这个目标。比较只能说明惩罚强度，因一项是城市的一次性名目摊派，另一项是三省全年预期税收；二者不是同口径财政收益率。无论如何，银行白银被征走，商业信用和清算网络也随之受损。法国得到眼前现金，损失的却可能是未来多年借款与贸易。"
03_大陆诸国.md,302,### 汉堡：征税什么时候变成毁坏税源,法兰克福、梅克伦堡、奥尔登堡等小邦的政治吞并成本可能较低，财政收益却不见得大；奥尔登堡另有俄国外交成本。汉诺威地土可以接收，其军人和王朝忠诚却可能通过海洋流入英国军队。萨克森自己的合法主义、官僚和产业利益较强，不宜与新造威斯特法利亚一起处理。法国北德政策最有价值的改进，是承认这些差别，而不是设计一张“一省一格式”的空白表。
03_大陆诸国.md,306,### 荷兰：成熟金融社会不是可随意削减的年金账,"1810年法国兼并荷兰后，把约7,800万法郎年金削减三分之二，保留约2,600万进入法国国库负担。法国自身永久年金约6,200万，这笔承接相当可观。这里的7,800万是年息负担，不是公债本金；把它误作本金，便会严重低估荷兰债务社会的规模。[19]"
03_大陆诸国.md,308,### 荷兰：成熟金融社会不是可随意削减的年金账,拿破仑1810年七月二十五日问莫利安，荷兰须缴多少税才能覆盖债务、养老金、行政、防务与造船。他列战争一千万盾、海军六百万盾，再加偿债，合计约六千万法郎的年度需要。这是皇帝提出的目标，不是已经收到的钱。他同时召见前荷兰财政大臣戈赫尔，并在给勒布伦的信中承认荷兰行政“比我们的更节约”。因此，兼并的主要理由不是荷兰完全没有治理能力，而是巴黎不满意它在封锁和军役上的自主选择。
03_大陆诸国.md,310,### 荷兰：成熟金融社会不是可随意削减的年金账,约尔对1806—1813年集体行动的研究识别出580余起骚动，其中80余起达到暴力起义标准；约35%与军事及征兵相关，财税和封锁约26%，反政权约24%，宗教约4%。其中约三分之二起义发生在兼并以后的三年多。研究的分类并不意味着每件事件只有一个动机，也不意味着征兵是所有地区唯一原因；它却足以反驳“荷兰与法国制度相近，兼并就自然顺利”。[20]
03_大陆诸国.md,312,### 荷兰：成熟金融社会不是可随意削减的年金账,"史实约15,000人的常驻法军可以压住西荷兰；1813年撤军以后，统治很快瓦解。这不能证明任何软化政策下荷兰永久净亏，也不能证明镇压在所有未来局势都必然成功。它证明的是，**以削债、强征和封锁为核心目的的兼并，会不断制造需要驻军维持的成本。** 如果法国愿意保护债权、降低征兵、容许中立贸易，政治整合可以改善；但这些让步正是重新接近一个有自主性的荷兰伙伴。"
03_大陆诸国.md,314,### 荷兰：成熟金融社会不是可随意削减的年金账,主线从1807年止步，便不应预设路易1810年仍被废黜、荷兰仍按史实削债。更好的选择是让王国保持本国财政和商业谈判能力，以防务、船厂合作与有限海关承诺换其效忠。法国还须接受殖民地和全球航运并非随着欧洲王位归属自动回归巴黎。
03_大陆诸国.md,318,### 瑞士：不吞并，反而已经得到许多,"1803年调停安排为法国提供一个成本较低的例子。新旧各州得到可以共同接受的联邦框架，旧属地地位被废、法律平等和内部通商保留。军事协约规定法国雇用16,000名瑞士兵，强调“enrôlés librement et volontairement”——“自由、自愿应募”；兵役限于欧洲大陆，保留本国军事司法，并约定法国在瑞士遭攻击时提供协助。[21]"
03_大陆诸国.md,320,### 瑞士：不吞并，反而已经得到许多,"条约兵额不是法国随时可以在瑞士抽取的16,000人，补充营与实际招募也须分别看；但其结构十分重要：兵员成为有条件、付费的国家间合作，不是法国省的征兵义务。瑞士自己的联邦军额15,203人、年度联邦经费490,507瑞郎等，属于调停法定额；它们说明共同机构较薄，不意味着各州所有财政和防务开支只有这一点。"
03_大陆诸国.md,322,### 瑞士：不吞并，反而已经得到许多,瓦莱后来被兼并，是战略走廊使克制失效的例子。拿破仑认为辛普隆公路投入巨额费用，不能让一个小共和国控制其通道；1810年军事预案集结数千人实施包围，随后设省。当地税收目标约六万法郎，皇帝自己也承认从中得不到多少钱。法国获得道路控制，付出的却是行政和防务成本，故应把它看成战略工程，而非盈利税源。[21]
03_大陆诸国.md,324,### 瑞士：不吞并，反而已经得到许多,瑞士最有力的长期启示不在“山地必使法国失败”，而在可达目标的选择：在不取消地方共同体的情况下，法国已经能得到交通安全、兵员、边境稳定和排除敌对基地。继续向主权和税兵伸手，收益未必覆盖新敌意。1847年独立同盟战争及1848年联邦宪法可以用来说明地方制度也会自我改革，却不应把具体日期、死伤和结局原封不动搬入法国胜利的时间线。
03_大陆诸国.md,330,### 波罗的海不是一道落闸即闭的门,"1805年约11,537艘商船经过厄勒海峡，逾半与英国有关；英国后来组织数百艘规模的护航。丹麦、挪威炮艇确能取得局部成功，例如1810年捕获47艘船的行动，但把这一次截获除以全年过峡数，算出封锁“有效率”，没有统计意义：时间、航线和风险暴露完全不同。它只显示大护航体系与局部截击的规模差。[3]"
03_大陆诸国.md,332,### 波罗的海不是一道落闸即闭的门,瑞典更说明海权如何改变陆上命令。1810年被迫对英国宣战以后，双方维持一场基本不实施敌对行动的“假战争”。索马雷兹1811年五月报告瑞方密谈，称表面的敌对措施只是为了躲过法国密探的监视。这一信息经罗斯编《索马雷兹生平及书信》等刊本保存，是国家层面的双轨政策证据，不只是商人自行走私。[22]
03_大陆诸国.md,334,### 波罗的海不是一道落闸即闭的门,法国若要把瑞典西海岸、俄国港口与海峡同时严密封闭，需要海上优势、沿岸军力和当地合作恰好同时存在。拿破仑实际拥有的往往只是其中一两项。因而有泄漏的封锁是结构事实，未必是再换一个更严厉总督便能解决的纪律问题。
03_大陆诸国.md,338,### 丹麦的忠诚为何越来越昂贵,丹麦在1807年英国攻击哥本哈根并夺取舰队后倒向法国，不等于它能够独力维持挪威粮食线。挪威平常约四分之一粮食依靠进口，其中大部来自丹麦。战争、歉收和海上封锁相叠，使1812—1813年危机极其严重。副总督关于若不改善便可能损失四分之一人口的警告，是当时的灾情预警，不是已经发生的死亡统计。[22]
03_大陆诸国.md,340,### 丹麦的忠诚为何越来越昂贵,丹麦纸币发行膨胀、币值下跌，1813年一月五日实行六比一的货币重组；新银行、发行上限与不动产担保构成重建安排。法国若只要求这个盟友更严封锁、更高供兵，而不帮助解决航运和粮食，其忠诚会变成一种持续消耗本国社会的选择。
03_大陆诸国.md,342,### 丹麦的忠诚为何越来越昂贵,所以，较优的北欧政策不是再添一份严格通牒，而是许可粮食与中立贸易，降低对瑞典名义参战的实际要求，把丹麦需要的生存通道从忠诚考核中剥离。主线若1807年以后即转向此法，既不能保证哥本哈根袭击一定避免，也不必让1813年的金融崩溃与1814年的领土转让照常发生；应保留英国的独立决策，以及丹麦获得和平减压的可能。
03_大陆诸国.md,346,### 贝尔纳多特要挪威，不只是要回芬兰,卡尔·约翰的目标不是简单恢复瑞典在东面的旧地图。1811年他曾秘密试探以同盟、补贴与挪威领土换取法国支持，拿破仑拒绝；此后法国提出芬兰，又不能满足瑞典更安全的斯堪的纳维亚半岛战略。俄瑞交易因此有真实空间：俄国保住芬兰，瑞典转而向丹麦索取挪威。[22]
03_大陆诸国.md,348,### 贝尔纳多特要挪威，不只是要回芬兰,这项交易对法国构成盟友之间的零和难题。巴黎若买瑞典，就可能要卖掉丹麦利益；若保丹麦，就须降低争取瑞典全面合作的期待。现金可以补偿部分损失，却不会消除挪威地位与海峡安全的问题。
03_大陆诸国.md,350,### 贝尔纳多特要挪威，不只是要回芬兰,1814年基尔条约把挪威规定为与瑞典联合的王国，而非普通行省，并把格陵兰、法罗和冰岛排除在转让之外。更关键的是，挪威人没有把王室条约当作自身政治选择的终结；宪法与分立机构成为最后安排的重要部分。这里不能把挪威写成任由巴黎、哥本哈根或斯德哥尔摩转交而毫无反应的物件。
03_大陆诸国.md,352,### 贝尔纳多特要挪威，不只是要回芬兰,法国胜利世界的优先判断是：如果丹麦未遭史实1813年的军事崩溃，丹挪联合继续存在、同时挪威要求更大自治，较整套照搬基尔安排可信。瑞挪联合仍是条件备选，须以法国改换伙伴、丹麦战败或补偿协议成立为前提；完全独立缓冲国也有逻辑空间，但需要列强同时接受，证据较弱。
03_大陆诸国.md,356,### 芬兰提供的不是免费模板,亚历山大1809年在波尔沃确认宗教、基本法律与各阶层权利，随后给予官僚、军官和大学优遇。巴顿所引1810年致总督信，主张使芬兰人不是把自己视为被征服，而是因明显利益与俄国相联。这是征服后招抚的真实政策，不是现代多元主义宣言。[22]
03_大陆诸国.md,358,### 芬兰提供的不是免费模板,芬兰模式说明，保留制度、优待精英和低度汲取可以减轻统治成本；它不证明征服者可同时大幅抽税征兵而得到相同忠诚。法国若欲复制，须愿意为安全付钱而非从新领土赚钱。主线虽然允许芬兰战争仍有可能发生，却不把它视为必然；一旦1809式安排成立，俄国有充分理由维持，而法国没有值得再开大战将之推翻的净利益。
03_大陆诸国.md,362,## 九、大陆秩序的最后形状,到十九世纪上半叶中叶，最可信的法国胜利欧洲并非整片行政同色。它有一个较小而整合较深的法国核心，一圈有本国官员、法院、军旗与王朝的伙伴国家，以及一个受互制而保持自主的俄国。奥地利大体强于提尔西特疆界的普鲁士；南德是法国的关键支柱而非暂待吞并的预备省；波兰依国家承诺而亲法，不因法国国籍而亲法；荷兰与瑞士证明商业、财政和地方制度合作往往比强制同化更划算。
03_大陆诸国.md,364,## 九、大陆秩序的最后形状,这个秩序仍会遭遇继承、歉收、土地关系、宗教冲突、工业化与民族政治。法国的优势是较强的军事集中力和仲裁地位；它的最大诱惑是把每个新困难解释为伙伴不够服从。若再次走上这条道路，强国就会恢复结盟，中小国则在法国与其他担保人之间重新议价。
03_大陆诸国.md,366,## 九、大陆秩序的最后形状,**因此，对“整个欧洲行省化”的回答应直截了当：局部扩展有现实路径，全大陆长期直接统治没有得到相称的行政、财政与政治条件支持；最有可能成功的法国霸权，必须把一部分主权留给被它领导的国家。** 这是一项有内容的否定：它不是说欧洲拒绝一切法国制度，而是说很多制度只有在本国国家仍然存在时，才更容易获得接受。
03_大陆诸国.md,370,### 再向前推一步：法国可能反过来扶持普鲁士,到十九世纪中叶，最值得押注的并非普鲁士照旧压倒奥地利，而是**奥地利保持较大的总体实力，普鲁士恢复较高的组织效率，两者都受到法国均势政策的限制。**奥地利可以把波希米亚—摩拉维亚制造业、匈牙利农业和多瑙河运输连接起来；避免连续战败、赔款与割地，比一次宫廷联姻更能增强它。普鲁士保有军官、官僚和改革能力，却缺少史实1815年所得的德西资源，也缺少以解放战争胜利组织全德忠诚的资本。[12]
03_大陆诸国.md,372,### 再向前推一步：法国可能反过来扶持普鲁士,奥地利恢复得越成功，巴黎越有理由逐步放宽普鲁士赔款与军备限制，维护南德诸王的自主，让柏林成为制衡维也纳的另一支点。**法国胜利的一个反直觉后果，可能是法国亲手帮助曾被它击碎的普鲁士重新站稳，却阻止它取得足以统一德意志的资源。**这是根据前述利益结构作出的战略推断，不是声称拿破仑已经留下这一长期计划。
03_大陆诸国.md,374,### 再向前推一步：法国可能反过来扶持普鲁士,强弱也会翻转。若维也纳长期压制跨省财政协调、反复延误改革，而柏林取得稳定市场和更广泛的德意志政治支持，普鲁士仍可能反超；若法国为压住奥地利而给普鲁士过多德西领土，它更是在制造自己的下一位竞争者。因此，中长期图景应当是一种巴黎、维也纳、柏林与中等邦国持续议价的多中心竞争，而非一个永久冻结的国家排名。
04_西班牙与意大利.md,3,# 第五章　不要让盟国变成战场：伊比利亚、意大利与罗马,**法国最值得保住的，不是又一顶放在兄弟头上的王冠，而是一个不必由法国士兵维持的西班牙；意大利最有前景的，也不是所有小邦永远冻结，而是几个具有本国行政、财政和合法继承的较大国家。** 两个判断合在一起，才构成一个可持续的地中海秩序。
04_西班牙与意大利.md,5,# 第五章　不要让盟国变成战场：伊比利亚、意大利与罗马,本章仍以1807年七月后的停止扩张为主线。因此，葡萄牙瓜分、法军大规模穿越西班牙、巴约讷废立、约瑟夫迁往马德里、缪拉继位那不勒斯，都不是预先写好的下一幕。1808年以后实际发生的事情，是检验制度、利益和战争成本的证据，不是另一个世界必须逐项重演的年表。
04_西班牙与意大利.md,11,### 在国王还没有消失的时候,1808年的西班牙不是一间本来空着、等待法国接管的房子。它有王朝、议会传统、官僚、主教、地方特权和跨大西洋的财政网络；它们相互冲突，却在法国废黜王室后，突然共同面对一个更紧迫的问题：谁还有资格发号施令？
04_西班牙与意大利.md,13,### 在国王还没有消失的时候,法国同西班牙从1796年结盟，到1808年危机爆发，已经合作约十二年。这并不意味着民众热爱法国，或戈多伊政府拥有稳固威望；它意味着反法战争并非同盟存在本身的必然后果。把1808年的抵抗向前投射，断言西班牙人天生拒绝一切法国影响，会抹掉这十二年，也会误判拿破仑尚未毁掉的政治资产。
04_西班牙与意大利.md,15,### 在国王还没有消失的时候,宫廷斗争确实给法国提供过入口。1807年10月11日，费尔南多通过埃斯科伊基斯和法国使节，秘密向拿破仑请求与波拿巴家族联姻，未先取得父亲同意。皇太子寻求的首先是外部保护，而不是一部自由主义宪法。拿破仑11月13日否认知悉此事；查理四世11月18日表示可予同意；到1808年1月10日，法国方面又把恢复父子和解与尊重国王作为条件。1808年三月仍有人提出以联姻处理冲突。[1]
04_西班牙与意大利.md,17,### 在国王还没有消失的时候,这些往来证明，一条保留波旁王朝、由法国居间仲裁的道路真实存在。它们没有证明拿破仑始终真诚追求这条道路，也没有证明联姻可以消除费尔南多、国王与戈多伊之间的仇恨。其反事实意义比较具体：**法国无需先制造王位真空，才能对马德里拥有影响。**
04_西班牙与意大利.md,19,### 在国王还没有消失的时候,主线因此不应写成“1808年费尔南多照常即位，然后自动成为法国支持的立宪国王”。阿兰胡埃斯政变同法军深入、西班牙王室对迁往南方乃至美洲的考虑、戈多伊的声誉危机紧密相连。取消军事侵入，就改变了这些诱因。查理四世可能继续在位，父子之间也可能通过退位、婚姻或大臣更替重新安排权力；费尔南多最后继位仍很合理，但月份、程序和条件不再固定。
04_西班牙与意大利.md,23,### 葡萄牙的奖品，怎样变成西班牙的伤口,1807年10月27日的《枫丹白露条约》把葡萄牙画成三部分：北部拟交给原伊特鲁里亚王室，中南部拟给戈多伊建立阿尔加维公国，中部留待战争结束处分。西班牙国王获得保护者地位，并有一个与美洲帝国相联系的尊号安排。附属军事协定让法国部队取道西班牙。地图上的分赃，看似把马德里绑进法国事业；实际执行却使法国握住了继续调兵、占领要塞和拖延兑现的权力。[1]
04_西班牙与意大利.md,25,### 葡萄牙的奖品，怎样变成西班牙的伤口,拿破仑后来讨论过以葡萄牙补偿西班牙、换取埃布罗河以北领土的方案，也保留过另立王室成员或安排新的缓冲王国的选择。它们不是已经通过财政和地方同意检验的制度蓝图，而是法国不断扩大要价的记录。对于西班牙人，问题遂从“是否协助盟友”变成“盟友是否准备拆掉自己的国家”。
04_西班牙与意大利.md,27,### 葡萄牙的奖品，怎样变成西班牙的伤口,这里存在两个必须分开的窗口。**较早的窗口在1807年夏秋：不签署瓜分葡萄牙的安排，不建立大规模军事通道。** 这样最容易保住同盟的政治资本。**较晚的窗口在1808年春：法军已经深入，但停止废立，并以明确期限撤出关键据点。** 后者仍比巴约讷夺位有利，却要付出更多补偿、提供更强的撤军证明，也更难让西班牙人相信下一次争执不会再有新部队进入。
04_西班牙与意大利.md,29,### 葡萄牙的奖品，怎样变成西班牙的伤口,因此，本书优选的是前一个窗口，而不是一边宣布1807年停止扩张，一边让1807年十一月至1808年二月的占领按原样发生。这一处日期差别，决定了所谓温和政策究竟是事前选择，还是事后止损。
04_西班牙与意大利.md,33,### 一个有一千多万人口的王国，为何仍然缺钱,"西班牙的困难不是人口稀少。西班牙国家统计机构公布的1797年戈多伊普查总数为**10,541,221人**。这个数字应与当时登记能力的限制一起使用，不宜多写一百人，也不宜当作现代逐户普查的精度保证。[2]"
04_西班牙与意大利.md,35,### 一个有一千多万人口的王国，为何仍然缺钱,财富和征税能力之间有很长一段距离。地方特权、地方行政、教会财产、纸债折价、海上贸易的中断，使中央政府所能动用的现金远小于地图给人的印象。理查德·赫尔据1808年为拿破仑准备的财政材料列出的数字，最能说明问题。
04_西班牙与意大利.md,45,### 一个有一千多万人口的王国，为何仍然缺钱,1807年实际支出约637百万，依此口径缺口约132百万。原材料另有约800百万的五年平均年支出估计；它不是1807年同一张账的实际支出，故不得用800减505，再把结果写成该年审定赤字。[3]
04_西班牙与意大利.md,47,### 一个有一千多万人口的王国，为何仍然缺钱,海上战争使最方便征收的税源先受伤。美洲汇款1802—1804年年均约193百万里亚尔，1805—1807年降至约28百万；海关收入由约187百万降至85百万。按1778年价格计，加的斯出口从204百万降至23百万，进口由183百万降至6百万；全国对应出口由312百万降至45百万，进口由293百万降至38百万。加泰罗尼亚驶往美洲的航次，1803至1807年依次为68、105、20、6、1。[3]
04_西班牙与意大利.md,49,### 一个有一千多万人口的王国，为何仍然缺钱,这些数列不是说社会财富在三年中同比例消失。它们说的是：**王室最容易截取的跨洋现金流骤然缩小，而陆上统治成本没有一起缩小。** 因此，法国若继续要求西班牙既严厉封锁英国，又缴纳高额补贴，还保持海军、供给法国驻军并维持美洲，便把互相冲突的任务交给了同一副账本。
04_西班牙与意大利.md,51,### 一个有一千多万人口的王国，为何仍然缺钱,西班牙答应的对法补贴有每月600万法郎、全年名义7200万法郎的口径。不同文献在换算为西班牙货币、计入旧欠和实际支付时并不一致。这里保留承诺与实收的区别，不用一个整齐的汇率掩平差额。政策结论已经足够明确：法国从西班牙取得的边际现金，很可能以西班牙信用进一步恶化为代价。
04_西班牙与意大利.md,55,### 可以合作的国家机器，和合作的军事收益,西班牙行政有老旧而真实的骨架：中央五个主要部与卡斯蒂利亚、印度等咨议会并存；地方有财政行政长官、军区统帅、城市官员和高级法院。更换国王或大臣可以迅速改变名义上的命令链，地方合作却不会随一纸诏令一同转移。约瑟夫后来能够招到熟悉行政的人，正因为这个国家并非制度荒地；他仍难实行改革，则因为军事占领不断破坏他们赖以工作的政治条件。[7]
04_西班牙与意大利.md,57,### 可以合作的国家机器，和合作的军事收益,海军的衰落同样不能写成西班牙从来没有造舰能力。埃斯代尔列1788年舰队约76艘战列舰、51艘巡防舰；到1807—1808年，“可用”战列舰约15艘。前一组是较早的舰体实力，后一组是战争损失、维护与人员不足后的可用量，并非可以直接相减计算二十年战沉数。1797年以后建造基本停滞，财政和船员问题比船台是否存在更重要。[7]
04_西班牙与意大利.md,59,### 可以合作的国家机器，和合作的军事收益,陆上合作也有实际规模。1807年拉罗马纳率约1.4万人赴北欧为拿破仑作战；1808年危机后，其中约九千人经英国舰船撤离。一个盟友的远征部队，就这样变成对手协助运回的抵抗力量。埃斯代尔所述1808年五月约九万法军已经在西班牙，分布于伊伦—布尔戈斯—马德里—托莱多轴线及东北要地，而西军约十万人分散可动，部分还在葡萄牙和丹麦。占住交通节点，不等于已经消灭王国其他动员中心。[7]
04_西班牙与意大利.md,61,### 可以合作的国家机器，和合作的军事收益,西班牙军队训练、指挥和供饷确有弱点；后来英援、地方征募和正规军的重建，又表明它不只有游击队。在法国政策温和、任务和费用明确时，西班牙可以提供数万人的协作兵力、港口与情报；在被废王、征发和领土分割同时刺激时，法国要为相同土地投入远大于原先协作兵额的军队。这个关系是随政策变化的成本曲线，不是“只要保王就永无抵抗”的二值开关。
04_西班牙与意大利.md,63,### 可以合作的国家机器，和合作的军事收益,工商利益也说明贸易政策何以直接影响同盟。加泰罗尼亚棉织业、瓦伦西亚丝织业、巴斯克铁业和桑坦德的面粉—铁货贸易，都同美洲市场相联。战争切断航路，会使商人和工匠对宫廷及法国同时失望。若法国既关闭英国输入，又不提供原料、信用与替代销路，就很难把“大陆保护”说成所有西班牙产业都得利的礼物。[7]
04_西班牙与意大利.md,67,### 教会财产不是没有后果的现金箱,"截至1808年五月，王室票据即 *vales reales* 的面额存量为1,893,422,682里亚尔，另有尾数；三月相对硬币的折价约63%。这不是意味着所有持券人当月损失63%的原始投资，因为发行和购入价格各异；它表明国家支付承诺已很难按票面转换成现钱。票据年息约7500万里亚尔，足以吞掉偿债基金在战争年份的大部分收入。[3]"
04_西班牙与意大利.md,69,### 教会财产不是没有后果的现金箱,1798年以后的教会及慈善财产处置，确实提供了大额收入；本土累计售产的估计约13亿至16.5亿里亚尔，取决于时段与统计范围。美洲的债务集中清收则约1540.2万比索，其中新西班牙约1032.2万，占约三分之二。卡洛斯·马里查尔指出，相关美洲收入中约88%来自资本召回，约12%才来自地产出售。[4]
04_西班牙与意大利.md,71,### 教会财产不是没有后果的现金箱,这一区分至关重要。被抽走的不只是闲置的教堂金银，也有农场、商人和地方机构此前借用的信贷。国家把账面资产变成现金，可以在短期救急，同时使生产者提前清偿借款，削弱医院、救济与地方信用。法国式改革若被写成“没收教产，财政自然平衡”，就把真正承担成本的人从故事里删掉了。
04_西班牙与意大利.md,73,### 教会财产不是没有后果的现金箱,乌夫拉尔、霍普商行与墨西哥白银构成的融资网络，则显示另一种可能：海上贸易即使在战争中，也能够通过中立商人、预支和特别许可部分维持。但它要依赖航运安全，以及英国至少在某些环节的放行。法国越坚持没有例外的大陆封锁，越会破坏自己想要取得的西班牙资源。
04_西班牙与意大利.md,75,### 教会财产不是没有后果的现金箱,在没有废王战争的主线中，最合算的财政交换不是再多征一项补贴，而是减少固定的对法负担，以贸易许可、护航协调和本土税务整顿换取稳定同盟。这样得到的法国利益，未必表现为更大一笔当年国库收入；它表现为少养几十万占领军、少损耗一条漫长的交通线，并留下一个仍能筹款、造船和协商殖民改革的伙伴。
04_西班牙与意大利.md,79,### 教士到底有多少：一个可以解决的统计缺口,“约二十万教士”与“约十五万教士”原来被当作难以裁决的对立估计。问题主要在统计对象。
04_西班牙与意大利.md,81,### 教士到底有多少：一个可以解决的统计缺口,"威廉·卡拉汉依据1797年普查并剔除俗人雇员等类别，给出的调整数为**148,409人**：俗界教士70,840，男性修会成员53,098，修女24,471，三者相加正好为该总数。俗界教士中还有一万多人只受过低级圣秩。这一口径约占全国人口1.4%，作者以近似数称约1.5%。另一个182,778人的广义“教会人口”，包括圣堂司事、管理者等俗人，不应全写作执行牧职的神父。[5]"
04_西班牙与意大利.md,83,### 教士到底有多少：一个可以解决的统计缺口,"1797年普查原表列出的俗界、男性修院、女性修院三项机构人口为91,538、61,337、31,400，机械相加是184,275；它同卡拉汉的广义总数仍有分类或汇总上的差别。因此本章采用卡拉汉已明确解释的调整数，同时保留原表的分类问题，不强行把两套广义总数说成已经完全对齐。**可以下的结论是：约14.84万宗教人员的调整估计，比不加区别的“二十万神父”更适合讨论社会力量；精确到个位的全国实有人数，则并未因此获得现代统计意义上的保证。**"
04_西班牙与意大利.md,85,### 教士到底有多少：一个可以解决的统计缺口,人数也不等于均匀分布的组织能力。卡拉汉估计约六万名已正式领受圣秩的神父中，只有约二万二千直接从事堂区牧职；约三千堂区没有本堂神父。阿拉瓦约每153人一名牧职人员，莱昂约170人；科尔多瓦约1115人，塞维利亚约1332人，穆尔西亚约1721人。塞维利亚约75万人只有303个堂区，加泰罗尼亚约80万人却有2738个。甚至加的斯也有一个容纳约5.7万人的大堂区。[5]
04_西班牙与意大利.md,87,### 教士到底有多少：一个可以解决的统计缺口,西班牙因此不是一张均匀覆盖着教会“基层细胞”的网。它有密集地区与空洞地区，有富裕教士与贫困教士，有王室改革派，也有保护旧财产和地方权利的人。法国可以争取其中一些人；若抓走教皇、废掉国王、征走粮食，又把一切抗拒解释为迷信，它也能够把原来彼此分歧的人推到一面旗帜之下。
04_西班牙与意大利.md,91,### 抵抗不是神话，但也不是单一的民族意志,罗纳德·弗雷泽对29个地方洪塔的585名成员作分类：王室官员86人，市政人物140人，军人107人，教士138人，行政职员21人，增补代表61人，商人13人，劳动者19人。教士约占23.6%，市政人物约23.9%，军人约18.3%。有爵贵族身份与这些职业类别交叉，不能再单列相加。[6]
04_西班牙与意大利.md,93,### 抵抗不是神话，但也不是单一的民族意志,这幅图景既否定“起义全由教会操纵”，也否定“劳动民众直接掌握了全部革命领导权”。权力从王室中心向地方转移后，最先能够组织会议、筹款、宣誓和发号施令的，往往正是原有社会中的有地位者。
04_西班牙与意大利.md,95,### 抵抗不是神话，但也不是单一的民族意志,1808年五月马德里的街头战斗又包含不同的社会行动。弗雷泽辨认的15个战斗群体中，8个由平民领导，5个由军人领导，其余另列；女性至少占已识别参战者的7%、伤亡者的11%。这些是受资料保存限制的下限式样本，不是整场战争的性别人口统计。起义同时伴随私刑，西班牙官员亦有数十人遇害；瓦伦西亚的331名法国居民被屠杀，更提醒我们，反占领动员也能够把平民变成集体报复的对象。[6]
04_西班牙与意大利.md,97,### 抵抗不是神话，但也不是单一的民族意志,纳瓦拉使抵抗的机制更清楚。约翰·劳伦斯·托恩描述的北部山区，由许多小聚落、农户和享有个人贵族资格者组成，社会结构同大地产更集中的南部里贝拉不同。这里并无一套等着法国废除的普遍农奴制；法国宣告消灭封建制度，不等于自动给小农带来足够抵消征粮和驻军的好处。当地的 *fueros* 又涉及税收和兵役，1803年征调约800人，1806—1807年约1498人，已属有具体谈判背景的义务，而不是巴黎可以任意增加的无限兵源。[7]
04_西班牙与意大利.md,99,### 抵抗不是神话，但也不是单一的民族意志,托恩估计1808—1814年的征发超过1.52亿里亚尔，约相当于正常五年农业与工业产出的40%。分母是五年产出，绝不是“每年抽走40%”。土地税在1811—1812年度实际收到不足应收的29%，次年约10%。法军可以从八千人增至一万三千人进行清剿，却仍难把一次经过村庄变成稳定的报税和情报合作。
04_西班牙与意大利.md,101,### 抵抗不是神话，但也不是单一的民族意志,其3477名志愿者样本覆盖约52%的人口、40%的社区，若以相应地区人口计，参军者约3%—4%。这说明乡村动员有实在的社会厚度；它不支持把全西班牙每一个村落都描成同样规模的游击营地。地主、村社、亲族、宗教与地方特权共同影响谁参战、谁供粮、谁试图逃避双方。[7]
04_西班牙与意大利.md,103,### 抵抗不是神话，但也不是单一的民族意志,对于游击战争的军事作用，弗雷泽、托恩和埃斯代尔并没有给出完全相同的答案。弗雷泽强调地方社会与大众行动；托恩揭示纳瓦拉村社利益及其持续供兵能力；埃斯代尔则强调正规军残部、国家代理人、强迫入伍和武装团体之间的流动。他在《Fighting Napoleon》页193—203指出，不少被后世归入“游击战”的战绩，本由正规或逐渐正规化的部队取得，武装团体也会掠夺居民、削弱正规军兵源。作者同时承认，自己的修正论述同被批评的传统一样，需要警惕材料的立场。[7]
04_西班牙与意大利.md,105,### 抵抗不是神话，但也不是单一的民族意志,这些分歧不宜被压成一个作者替另一个作者作证的引文串。共同的最低结论是：抵抗使法军补给、治安和士气受到长期压力，但法国的最终退出还依赖正规会战、英国军队与1812年后欧洲总体军力变化。由此不能推出“只要拿破仑不进俄国，西班牙抵抗便在某年自动消失”；能推出的是，没有王朝危机与大规模征发，1808式全国战争的条件显著减弱。
04_西班牙与意大利.md,107,### 抵抗不是神话，但也不是单一的民族意志,战争的人口成本也需要节制。弗雷泽以约三十万人资料、九地区权重推估，把1800—1807年的出生损失及超额死亡影响列为约35万—51万，1808—1814年列为约21.5万—37.5万。它们是人口重建的区间，不是全部战死者名单，也未包括一切死亡的可分离战争因果。纳瓦拉约增长6.5%、巴斯克约4.3%、加利西亚约12.9%，与埃斯特雷马杜拉约下降14.1%、加泰罗尼亚约下降8.6%并存，更显示最强抵抗地区不必是人口减少最多的地区。[6]
04_西班牙与意大利.md,109,### 抵抗不是神话，但也不是单一的民族意志,因此，避开半岛战争确实能免除围城、征发、流徙与军役造成的大量苦难，却不自动消除此前的歉收、瘟疫、粮价与土地关系危机。本书不把上述某个区间全数计作“拿破仑改变政策即可救回的人口”。
04_西班牙与意大利.md,111,### 抵抗不是神话，但也不是单一的民族意志,1823年法国约5.6万军人与约3.5万西班牙保王派武装进入西班牙，没有遭遇1808年同等规模的民众抵抗。这不是一个只改变王朝合法性、其他条件完全相同的实验；欧洲局势、国内派别和战争目标都已改变。但它确实反驳一个过强的说法：法国军队一进入西班牙，社会就必然以同一种方式全面起义。**合法性、当地合作者和征发方式，能够显著改变占领成本；它们不能把占领变成没有成本的行政手续。**
04_西班牙与意大利.md,115,### 如果仍然废王：巴约讷宪章究竟提供了什么,波拿巴王朝并非只有赤裸军事占领。1808年7月6日巴约讷宪章提出了一套可以说明内容的制度，而不是一个叫作“开明改革”的空标题。第一条规定天主教为唯一国教；第二、三条确立男性世袭并禁止西班牙王冠与另一王冠合一；第六条要求国王保证国家独立与完整。它因此本来就不是共和国。[28]
04_西班牙与意大利.md,117,### 如果仍然废王：巴约讷宪章究竟提供了什么,国王任命24名参议员；科尔特斯设172席，教士25、贵族25、第三等级122。议会至少每三年召开一次，由国王召集，会议不公开，意见和投票不得任意刊布。与此同时，第八十二条确实给予它审议和批准税收、支出及若干法律改变的职权，故也不应贬成毫无制度权利的装饰。司法职能被宣布独立，法官仍由国王任命。宪章保留贵族称号，却取消若干税负豁免与任官血统门槛。[28]
04_西班牙与意大利.md,119,### 如果仍然废王：巴约讷宪章究竟提供了什么,美洲和亚洲领地获得平等权利的宣示、帝国内部种植工业与贸易的规定，以及22个海外议席；选举依靠指定城镇的市议会及地产资格，部分参与国务委员会者只有咨询票。这不是海外与半岛已经拥有同等有效代表权，也不是向一切外国开放自由贸易。第一百二十四条又把西班牙永久系于对法国的攻守同盟。
04_西班牙与意大利.md,121,### 如果仍然废王：巴约讷宪章究竟提供了什么,实施也有时间差。第一百四十三条规定至1813年初逐步完成，出版自由须待宪章全面实施后两年另立法律；报刊还被排除于部分保护程序。不能把它写成1808年即时获得现代新闻自由。约瑟夫治下确有法律与行政措施落地，部分司法建设延至1812年六月，战争却使全国一致实施成为另一回事。[28]
04_西班牙与意大利.md,123,### 如果仍然废王：巴约讷宪章究竟提供了什么,胡安·洛佩斯·塔瓦尔对四千余名亲法人物的研究中，约58%来自行政系统，另见979名军事人员、252名教士及近百贵族；类别可以交叉，这不是全国亲法支持率调查。它证明一批有职业能力的人选择合作，其动机包含改革、避免战争、现实妥协与机会主义。热拉尔·迪富尔对这一路线的等级结构及对民众政治的恐惧提出批评，二者并不矛盾：技术改革能力与社会保守性可以同时存在。[28]
04_西班牙与意大利.md,125,### 如果仍然废王：巴约讷宪章究竟提供了什么,法国若真想让这样的王国持久，就必须尊重其财政、司法和领土完整。然而，1810年把北方地区置于直接向巴黎负责的军事政府，1812年又把加泰罗尼亚划作法国行政区，正使约瑟夫自己许诺的完整性与权威受损。王国和法国军队争夺同一税粮，国王的宪章遂被军事征服权压过。
04_西班牙与意大利.md,127,### 如果仍然废王：巴约讷宪章究竟提供了什么,所以，波拿巴立宪君主国是有真实文本和合作者的备选，并非历史上不存在的构想；它却不是比保留波旁更便宜的方案。先毁掉合法性，再希望一部宪章修复所有伤口，是法国自己增加的难度。
04_西班牙与意大利.md,131,### 王朝结局：最可能是波旁改革，不是法国制造的共和国,在本书主线里，西班牙最可能保留波旁王朝。法国可以要求更可靠的内阁、财政透明度、军事协约和一定的行政改革，却缺乏把共和国强加给西班牙的动机。拿破仑自己的欧洲安排已经转向王朝、贵族和等级秩序；主动输出共和国，既会削弱他用来维持同盟的王朝合法性，也会制造一个未必顺从巴黎的政治动员中心。
04_西班牙与意大利.md,133,### 王朝结局：最可能是波旁改革，不是法国制造的共和国,**第一顺位的结果，是波旁君主制下的有限改革；第二顺位，是财政危机与精英协商推动的某种宪政化；波拿巴王朝则需要重新走上废立和占领道路，因而退出最优主线。** 共和国不是逻辑上被禁止，而是缺乏当时支持它的王权崩解、组织联盟与法国政策意愿，故不宜列为最可能终点。
04_西班牙与意大利.md,135,### 王朝结局：最可能是波旁改革，不是法国制造的共和国,“有限改革”也不是给专制制度贴一张立宪标签。代表机构能否约束财政，地方特权怎样调整，教会资产怎样处理，殖民地代表能否真正参与，均需持续协商。费尔南多后来对宪政的敌视提供了重要性格与政治偏好的证据，但不能证明他在没有被废黜、囚禁和复辟经历的世界，会以同一日期重复每一道命令。
04_西班牙与意大利.md,137,### 王朝结局：最可能是波旁改革，不是法国制造的共和国,1812年加的斯宪法尤其不能直接搬进这个世界。它产生于王位真空、战争、代表制重建及美洲主权争议。没有1808年危机，西班牙仍可能走向宪政，却未必采用同样的单院结构、同样的国民主权表述，也未必把君主同革命议会置于相同的对立位置。较可信的法国政策，是支持渐进的财政代表与法律保障，而不是指定一部尚未在该情境中产生的宪法。
04_西班牙与意大利.md,139,### 王朝结局：最可能是波旁改革，不是法国制造的共和国,对1820年亦应如此。欠饷、为美洲战争集结的军队、军官网络和复辟后的政治压抑，共同促成了里埃戈起义。删去半岛战争与原样的殖民战争，就删去部分触发条件。西班牙在1815—1830年仍有财政和军队干政风险，但“1820年必然革命”不是从现有证据推出的结论。约瑟普·丰塔纳所讨论的1815年收入3.5亿、支出8.5亿、债务120亿里亚尔，又是埃斯科伊基斯的当时估计，作者本人对其可靠性有保留；更不能把战后破坏后的数字当作没有战争的西班牙预算。[8]
04_西班牙与意大利.md,141,### 王朝结局：最可能是波旁改革，不是法国制造的共和国,十九世纪三四十年代的保王主义也应按地方社会解释，而不是以“落后农民”一词打发。马克·劳伦斯指出，第一次卡洛斯战争的支持地带包括巴斯克—纳瓦拉、马埃斯特拉斯戈和加泰罗尼亚腹地；最贫困的安达卢西亚与埃斯特雷马杜拉，反而不是卡洛斯派的坚实基地。习惯地权受威胁的农民、行会解体下的工匠、失去职位的官吏、不同处境的贵族，会组成不同联盟。[8]
04_西班牙与意大利.md,143,### 王朝结局：最可能是波旁改革，不是法国制造的共和国,在实际战争中，政府军到1837年超过二十万人，又有民兵和约一万八千名外国志愿者参与自由派一方；这些是持续战争后的动员结果，不是1807年西班牙已有的现成国家能力。法国胜利世界未必发生同一继承争端，却仍会面对一个选择：改革若只帮助大土地购买者，会制造地方反抗；完全冻结税制和产权，又会延长财政危机。可以降低冲突的不是只给堂区神父发工资，而是把教会保障、地方代表、产权争议和军饷一起处理。
04_西班牙与意大利.md,145,### 王朝结局：最可能是波旁改革，不是法国制造的共和国,美洲问题最后仍会回来。没有国王被劫持，地方洪塔和分离运动少了一个强大的合法性入口；贸易限制、种族等级、代表权和信用抽取却仍然存在。法国能够帮助马德里保存更多谈判时间，不能只凭陆军在欧洲获胜，就保证整个美洲永久服从。支持盟友最有价值的方式，是降低它对法支付、协助改革和允许较宽的贸易，而不是承诺一支法国并没有能力持续供给的跨洋平叛军。
04_西班牙与意大利.md,151,### 小国的中立，也是大国的一种收益,1803年重新开战后，葡萄牙一度向双方军舰关闭港口，以对法商业让步和每月约一百万里弗、持续十六个月的款项购买中立，同时保持英国关系。这种安排不公平，也不稳定，但它有一个军事占领没有的优点：葡萄牙自己的政府仍负责征税和维持社会秩序。[9]
04_西班牙与意大利.md,153,### 小国的中立，也是大国的一种收益,拿破仑若决定1807年后停止扩张，保留这类付费中立或经修改的港口协定，并不等于接受一个毫无约束的英国基地。可以谈判军舰停留、军需转运、港口检查和特定货物的规则。它要求法国承认，摧毁英国在每一个港口的商业存在，未必比避免整条伊比利亚战线更重要。
04_西班牙与意大利.md,155,### 小国的中立，也是大国的一种收益,原来的瓜分方案常被写成一个能够执行到最后的奖品清单。其实，葡萄牙最大的可征税收益来自跨洋流量：巴西商品、里斯本转口与关税。占领海港能取得仓库和一时的征发，却未必取得下一批船货。法国若迫使王室、船队与商人离开，就会同时赶走准备征收的税基。
04_西班牙与意大利.md,159,### 王室渡海，是法国压力与英国海军共同塑造的事件,1807年10月22日的英葡安排承诺护送王室赴巴西，并以英国接管马德拉等办法保证海上行动。英国不是完全被动的救援者：11月7日坎宁的指令还包含若舰队不及时撤走，便设法控制它、避免落入法国手中的压力。11月29日王室离开，朱诺随后进入里斯本。斯特朗福德的报告与后出研究所列迁移人数约八千至一万五千，不能把不同估计平均成一个“精确”人数；舰队及护送船群约36艘，其中战列舰约8艘，统计边界也须随原报告区分。[9]
04_西班牙与意大利.md,161,### 王室渡海，是法国压力与英国海军共同塑造的事件,这个事件支持一个坚实判断：**法国在葡萄牙陆上获胜，并不等于捕获布拉干萨王朝及其帝国。** 它也提醒反事实写作者：若主线没有入侵，便不应继续照搬王室迁里约、1808年开放巴西港口、1810年英葡商约，以及1822年佩德罗建立独立巴西帝国的原样序列。
04_西班牙与意大利.md,163,### 王室渡海，是法国压力与英国海军共同塑造的事件,移民宫廷确实使里约成为政治中心，也帮助巴西在独立时保存王朝和较大的领土完整。然而，那是王朝迁移造成的特定路径，不是所有法国胜利世界共有的结局。没有迁移，葡萄牙本土继续从殖民贸易得利的时间可能更长；巴西地方精英的压力则更多指向垄断、官职与税负，未来独立的形式可能更分散，也可能经过一次迟来的王朝调整。其方向可以讨论，年份与国号没有足够理由预填。[10]
04_西班牙与意大利.md,167,### 一场胜利怎样替英国打开市场,若仍选择侵葡，史实提供的代价十分具体。若热·佩德雷拉以1796—1806年平均值为基准，算出1808—1813年葡萄牙本国产品对巴西出口只剩22.4%，巴西商品向欧洲再出口只剩11.6%，欧洲货物向海外的转运约10%。1815—1818年有恢复，但货物结构转向酒与食品；1825—1830年再出口仍只有战前约17%。这些比例比较的是明确贸易项目与时段，不是葡萄牙国民收入下降八九成。[10]
04_西班牙与意大利.md,169,### 一场胜利怎样替英国打开市场,1810年商约又使英国货物享有15%的优惠税率，葡萄牙货物最初为16%，同年十月才调整至相同水平。英国侨民的专门司法保护也扩展到帝国其他地区。法国想以封锁打击英国，侵略却帮助英国更直接进入巴西市场；葡萄牙商人失去转口特权，日后又把对宫廷外移的怨恨转向政治改革。
04_西班牙与意大利.md,171,### 一场胜利怎样替英国打开市场,法军也不能简单征用停泊于里斯本的任何舰队。1808年谢尼亚文的俄国舰队没有成为法国海军的现成分舰队，最终按与英国的安排交存舰只。港口当然仍有补给、修理、侦察和拒止价值；应否定的是“占领港口便自动取得制海权”，而不是把港口价值一概说成零。
04_西班牙与意大利.md,173,### 一场胜利怎样替英国打开市场,英国支持下重建的葡萄牙军队，同样不是这个国家单独的动员产物。1809年正规军编制约5.6万人，实有约4.2万人；1812年初约3.3万正规军在威灵顿麾下。贝雷斯福德、福尔雅斯和英葡军官体系共同重建部队，英国直接承担相当部分军饷，并提供军械和部分军粮。民兵、地方动员及托雷斯韦德拉斯防线扩大了防御深度，却给居民带来撤离、毁粮和长期战争的负担。[11]
04_西班牙与意大利.md,175,### 一场胜利怎样替英国打开市场,由此可见，法国较早收手，不只让西班牙免于战争，也减少英国把葡萄牙改造成大陆军事支点的机会。英国仍会维护葡萄牙关系；双方关系的深浅、巴西市场开放的速度、葡萄牙军队受英国支配的程度，却不必达到史实的形态。
04_西班牙与意大利.md,181,### 米兰的新国家不是一层空壳,法国在意大利的改革，不能只写成掠夺。在拿破仑时代的意大利王国，中央部会、各省长官、法院、税收、道路、学校和军队，真实地改变了社会生活。亚历山大·格拉布所列国家极盛规模约8.96万平方公里、670万人口，但其中包括1806年威尼托、1808年马尔凯及1810年特伦蒂诺的扩张。它不等于本书1807年停止扩张时已经保有的版图。[12]
04_西班牙与意大利.md,183,### 米兰的新国家不是一层空壳,部会高层除一人外皆为意大利人；52名历任省长中，贵族30人、资产阶级出身22人。最高法院设于米兰，米兰、威尼斯、博洛尼亚、布雷西亚、安科纳等地设上诉法院。意大利语行政、统一的职业路径和跨地区军役，使一个较大政治共同体进入实际生活。
04_西班牙与意大利.md,185,### 米兰的新国家不是一层空壳,但国家深入乡村的能力并不无限。约两千名宪兵不可能同时掌握所有山区道路、税粮和逃兵。教育政策优先建设中等教育和精英培养，1812年才提出更广的初等教育方案；帕维亚、博洛尼亚、帕多瓦三所大学学生合计约1172人。它们是制度发展的起点，而不是已经实现普及教育的证明。[12]
04_西班牙与意大利.md,187,### 米兰的新国家不是一层空壳,财政大臣朱塞佩·普里纳努力保留土地所有者对新政权的支持，较为克制地处理直接土地税，同时扩大盐、烟草和其他间接税，增加人头性负担。新的地籍测量在1807年启动，却不是当天便完成的财政奇迹。1802—1805年财政部门裁减约420名雇员、节约约一成部门开支，显示改革有可量化的行政效果；他提出的贴现银行则没有落实，不能计入既有金融能力。[13]
04_西班牙与意大利.md,189,### 米兰的新国家不是一层空壳,普里纳也不是“唯一连续任职十二年的大臣”；外交大臣马雷斯卡尔基同样具有长期任职记录。这类貌似无关紧要的修辞性夸张，会误导读者把国家建设归结为一个孤独天才，而忽略其所依赖的官僚群体与地方精英。
04_西班牙与意大利.md,193,### 兵役可以制造国家，也可以消耗国家,1802—1814年，意大利王国累计征集约15.5万人；1812年军队约七万人，参加俄国远征约2.7万人，返归者约千人。它们是整个实际战争时期的累计及特定时点数字，不是1807年以后和平主线仍须承担的命运。保留这些数字的意义，是显示法国一旦继续进行远征，会从盟国抽走多大一批受过训练的青年。[12]
04_西班牙与意大利.md,195,### 兵役可以制造国家，也可以消耗国家,约2.5万法国驻军与本国军队的维护，合计吞掉国家预算的大约一半。1802至1811年收入接近翻番，但若新增收入主要被帝国战争吸收，纳税人很难从账面增长中得到道路、治安与教育的同等改善。
04_西班牙与意大利.md,197,### 兵役可以制造国家，也可以消耗国家,军队另一方面又培养跨地区的意大利身份、军官职业意识和国家荣誉。士兵可以因新制度而更自觉地成为意大利人，同时更不愿被当作法国无偿补充兵。法国若把这种认同当成天然效忠巴黎的保证，就会误读自己造成的政治后果。
04_西班牙与意大利.md,199,### 兵役可以制造国家，也可以消耗国家,1809年威尼托的反抗包含恢复威尼斯的诉求；艾米利亚、罗马涅的骚动又同磨粉税关系密切。这些不是一种整齐的民族主义。它们分别反映地方记忆、消费税压力和宗教关系。现有材料对磨粉税最后是撤销还是局部减轻的表述不同，因此正文采用稳妥而明确的结论：税务退让参与了恢复秩序；不把未经统一核定的税率变化说成全国一致的制度。[12]
04_西班牙与意大利.md,203,### “法国优先”怎样损伤一个亲法国家,意大利王国最尖锐的矛盾，不是没有改革，而是改革后的国家仍被要求服从另一个国家的商业利益。1810年的丝绸、原料和转口安排，把部分意大利原丝导向里昂，对非法国制造品设置限制，并用许可证区别对待不同商人。赫克舍尔概括这些政策时，所引“la France avant tout”——“法国高于一切”——恰好点出制度上的优先顺序。[14]
04_西班牙与意大利.md,205,### “法国优先”怎样损伤一个亲法国家,法国约占意大利对外贸易的一半，说明双方经济联系深，不说明利益总是一致。意大利原料生产者、法国丝织厂、米兰商人和消费者，对同一项禁令会有不同反应。把共同帝国写成一个没有内部壁垒、各地平等受益的市场，既不符合意大利经验，也不符合荷兰和汉萨地区的经验。
04_西班牙与意大利.md,207,### “法国优先”怎样损伤一个亲法国家,较稳定的法国秩序应当改变的，正是这种可随时由巴黎单方改写的规则。固定关税、公开许可证标准、给本国预算保留投资空间，并限制法国驻军的费用，是使米兰成为长期盟友的办法。它们比再吞并一两省更有利于法国长期影响，却要求拿破仑放弃某些眼前的工业保护与财政特权。
04_西班牙与意大利.md,209,### “法国优先”怎样损伤一个亲法国家,1814年四月普里纳遇害，常被用作整个制度无人支持的证明。实际情况复杂得多：许多行政人员到末期仍在履职，财政枯竭并未使国家机器瞬间消失；米兰精英对欧仁继承、独立王国和奥地利回归各有打算，部分人利用了街头暴力。财政档案被毁，普里纳被杀，说明制度保护政治冲突的能力脆弱；不说明此前十二年的法律与行政建设从未存在。[13]
04_西班牙与意大利.md,213,### 亚得里亚海一侧，也有不同的法国统治,达尔马提亚在1806—1809年由文琴佐·丹多洛主持民政时，出现了道路、法院、教育、农业试验和意大利文—克罗地亚文双语报刊等改革，也组织地方治安力量。推广马铃薯等措施与改善生活的努力，值得保留在法国统治的全景之中。
04_西班牙与意大利.md,215,### 亚得里亚海一侧，也有不同的法国统治,它同马尔蒙的军事指挥之间的摩擦，又显示一项常见问题：民政要稳定税源和获得居民合作，军事当局要立即取得道路、粮食和人力。把所有法国人员写成同一种意志，会把实际治理的冲突删掉。1809年伊利里亚行省的设立依赖新的对奥战争；主线若避免这场战争，就保留达尔马提亚的既有安排与改革可能，而不凭空取得全部后来并合的海岸。[12]
04_西班牙与意大利.md,221,### 三份法律，不是一项统一意大利计划,关于拿破仑是否愿意扶持儿子统一意大利，最重要的工作不是替皇帝猜测父爱，而是把法令逐条读清。
04_西班牙与意大利.md,223,### 三份法律，不是一项统一意大利计划,1805年3月17日《意大利王国宪制章程》首先规定王冠在拿破仑的合法男性直系自然或收养后裔中继承。第三条设想，待外国军队撤出那不勒斯、伊奥尼亚群岛和马耳他后，皇帝可以把王冠交给一个合法儿子；第四条规定，自此法国与意大利王冠不再由同一人兼有，意大利继承人应居住在意大利。[15]
04_西班牙与意大利.md,225,### 三份法律，不是一项统一意大利计划,这不是立即生效的两国分离，也不是“拿破仑去世，长子自动兼并全意大利”。它有明确的战略前提，并把未来的分冠当作建立附属王朝的方式。条件中还包括英国控制的马耳他，执行并非只取决于巴黎的一道命令。
04_西班牙与意大利.md,227,### 三份法律，不是一项统一意大利计划,1806年2月16日的收养安排使欧仁在没有拿破仑亲生男性后嗣的情况下获得意大利继承资格，并把他的权利同法国皇位区分。1806年3月30日授予约瑟夫那不勒斯王位的法令又明言，法国、意大利、那不勒斯—西西里三顶王冠不应归于同一人。[15]
04_西班牙与意大利.md,229,### 三份法律，不是一项统一意大利计划,这些法律共同支持的，是法国统领之下的分立王朝，而不是全半岛与法国在同一长子手中永久合一。它们当然可以修改；但修改本身是一项新的政治决定，需要处理既有继承者、当地官僚和国际关系，而不能假定已经完成。
04_西班牙与意大利.md,233,### 1810年的罗马，被并入的是法国,1810年2月17日元老院法令第一条说，罗马地区成为法兰西帝国“partie intégrante”——不可分割的一部分；第六条把罗马定为帝国第二城市；第七条规定：
04_西班牙与意大利.md,239,### 1810年的罗马，被并入的是法国,它授予的是法国皇太子的称号，不是另立一个让皇太子统治的意大利王国。法令还规定罗马的皇宫管理、皇帝在即位十年内于圣彼得大教堂再次加冕，以及教皇与高卢教会条款之间的关系。罗马的政治地位被嵌入法国皇权，而非从法国分离出来交给未来儿子。[16]
04_西班牙与意大利.md,241,### 1810年的罗马，被并入的是法国,1810年1月3日致阿尔迪尼的信，确实重新安排欧仁的领地、岁入和威尼斯亲王支系。可是，给予封产并不等于文字上取消他在“没有亲生儿子”条件下的继承权。三月一日，拿破仑又安排欧仁在达尔贝格死后继承法兰克福大公国，并说意大利人民不会因此失去他的照料与行政。可见皇帝在为欧仁寻找另一份王朝前途；**这些文件仍没有说，哪一个亲生儿子将获得意大利，更没有说他应兼并那不勒斯和西西里。**[16]
04_西班牙与意大利.md,243,### 1810年的罗马，被并入的是法国,1811年11月27日拿破仑对欧仁所说的“Il n’appartient qu’à moi de décider la politique de mon Royaume d’Italie”——“只有我有权决定我的意大利王国的政策”——更说明当时副王的权限边界。帝国的家庭关系没有取消国家之间的等级；相反，家族安排正是维持等级的一种工具。[17]
04_西班牙与意大利.md,247,### 圣赫勒拿的叙述，必须晚于当年的法令,拿破仑后来谈到过意大利未来统一，也曾把法国兼并解释成暂时熔铸民族的阶段。这些回顾有史料价值：它们告诉我们流亡中的皇帝希望怎样说明自己的事业。其证据等级却低于一份已经签署、公布并建立机构的法律。
04_西班牙与意大利.md,249,### 圣赫勒拿的叙述，必须晚于当年的法令,《拿破仑一世通信集》第三十卷所收《论〈四次政教协定〉的六则札记》，印页549，谈到的是把意大利王冠给**第二个儿子**，让欧仁摄政；不是“罗马王统一意大利”。篇中“1811年宗教会议”是讨论对象，不能据此把这段流亡期回顾定年为1811年已经发布的政策。泰纳的引用起页与关键句所在页亦有差别，应以原段落为准。[18]
04_西班牙与意大利.md,251,### 圣赫勒拿的叙述，必须晚于当年的法令,这条勘误直接改变答案。法国皇位继承人同意大利另一王朝的继承人，原本可能就是两个不同的人。把“第二子”“罗马王”“欧仁摄政”和“全意大利统一”串成一条既定计划，是把不同时间、不同文类的材料拼接成了它们各自并未说过的话。
04_西班牙与意大利.md,255,### 最可信的意大利终局,本书主线在1807年后停止扩张，不必发生1809年法奥战争，亦不必发生1810年与玛丽·路易丝的婚姻；因此1811年那位历史上的“罗马王”是否出生，本身已有条件。即使拿破仑后来仍获亲生儿子，他给儿子安排王冠的意愿也只能从制度与政策推测，不能以实际出生日期倒推一切必然发生。
04_西班牙与意大利.md,257,### 最可信的意大利终局,可以给出的结论有清楚的次序。**最可行的是保存一个较大的北意大利王国与一个独立运作、受法国领导的那不勒斯王国，同时同教皇达成保留其核心世俗地位的安排。** 皮埃蒙特1802年、利古里亚1805年已被并入法国，属于1807年起点的既成困难；托斯卡纳1808年、教皇国1809年的吞并则不自动继续。意大利不会回到旧时代每一个小邦原封不动的拼图，但也不必成为一个国家。
04_西班牙与意大利.md,259,### 最可信的意大利终局,若出现新的王朝协商，北中意大利的合并比贯通南部并取得西西里更容易设想。它仍需说明：法国愿交还哪些已并省份，如何改写分冠法律，怎样安置欧仁、约瑟夫或其他权利人，教皇保留何种领土，奥地利接受什么补偿。**罗马王统一中南意大利，是需要多次新选择才能成立的远端分支，不是拿破仑已有政策的自然延长。**
04_西班牙与意大利.md,261,### 最可信的意大利终局,到十九世纪三四十年代，较大的意大利国家可能积累更多本地官僚、军官、教育和市场联系，使统一诉求比旧制度时期更有组织基础。但这个过程也可能要求摆脱巴黎。法国创造现代化伙伴与法国永久垄断伙伴主权，并不是同一件事。
04_西班牙与意大利.md,267,### 不把缪拉自动送上王位,约瑟夫在1806年成为那不勒斯国王。若法国不废黜西班牙波旁王朝，就没有必要按史实把约瑟夫转往马德里，因而也没有理由把缪拉1808年即位写成主线必经步骤。
04_西班牙与意大利.md,269,### 不把缪拉自动送上王位,以下缪拉时代的材料，是检验那不勒斯结构性约束的经验：军事支出、法国驻军、地方土地关系和海上封锁，并不只在某一位国王身上发生。需要特别订正的是，约翰·戴维斯著作第143页把缪拉的巴约讷条约印为1808年3月30日；法国拿破仑基金会的《通信全集》第八卷年表和让·托内莱的研究所据日期均为**1808年7月15日**。本书采用后者，保留对原书笔误的说明，不把三月三十日当作已核实事实。[19]
04_西班牙与意大利.md,273,### 废除封建，不等于把土地交给农民,1806年八月废除封建制度，1807—1810年封建事务委员会处理纠纷，消除了领主的一部分司法和身份性权力。与此同时，许多原领主保留了被确认为私人财产的土地。农民对公地、放牧、林木和水源的使用，与大地主的新产权发生冲突。改革使法律关系更统一，却未必满足农民最直接的土地要求。[20]
04_西班牙与意大利.md,275,### 废除封建，不等于把土地交给农民,国家希望借省级官员、法院和新税制增强治理；地方富有者则有机会购买土地、进入行政并成为新秩序的中介。这样的合作层确实存在，不应把那不勒斯写成只有法国人与山匪的世界。但若法国在本地政府之外持续索取军费，它会迫使这个尚在建立的国家不断透支自己的合作者。
04_西班牙与意大利.md,277,### 废除封建，不等于把土地交给农民,旧王国债务的1.05亿、1.3亿、4.3亿杜卡特等数字，对应不同作者、债务种类和汇总范围，不能取平均数作为“真实总债”。较可定位的是，兰博所列1808年四月整理后的永久债务约5042.6万杜卡特，另有当年一月约925.8万浮债及其他义务。它们说明整理债务改变了账面结构，不代表原先所有债权都被足額偿清。[20]
04_西班牙与意大利.md,279,### 废除封建，不等于把土地交给农民,1808年上半年预算里，陆军约453.4万杜卡特，王室60万，海军59万，内政53.15万，财政38.7172万，司法15.8万，外交19.1万，警务9万，教务1.2632万。军队远高于每一个民政部门，正是新王国的优先顺序。法国也并非只取不予：约瑟夫时期有每月约50万法郎、全年约600万的法国支持记录；王国的财政关系必须按双向流动说明，而非预先设定单向掠夺。[20]
04_西班牙与意大利.md,283,### 收入增长，为什么仍没有盈余,戴维斯所引账目显示，那不勒斯收入1808年约5700万、1809年约6100万里拉；1812年实收约7200万，1813年预算收入约7300万，而预计支出约8000万至8400万。其叙述另有一句把1812年写成7300万，故本书以明确区分实收和下一年预算的段落为主，不把两者抹成同一数字。[21]
04_西班牙与意大利.md,285,### 收入增长，为什么仍没有盈余,1813年军费预算约5700万里拉，单这一项已等于1808年的全部收入。1812年阿加尔—莫斯堡报告说军费约占总预算80%；格拉布的概括另有约70%的说法。二者不必都错，但统计边界尚未统一，正文不把任何一项推广为1806—1814年恒定比例。已经充分成立的结论是：新增财政能力被军事需求大量吸收。
04_西班牙与意大利.md,287,### 收入增长，为什么仍没有盈余,"法国驻军也是变化的负担。记录中的人数从1808年约17,404人升至1810年十月约40,154人。1811年缪拉向拿破仑抱怨，船厂昼夜造舰，仍难满足要求，财政平衡已被破坏。这封信含有国王为自己辩解的一面，但同独立的预算缺口、欠饷和军需报告相互支持，不能只当作不忠诚的借口。[21]"
04_西班牙与意大利.md,289,### 收入增长，为什么仍没有盈余,"1808年条约所列供兵义务有一万八千步兵、三千骑兵、二十五门炮等口径，戴维斯另一处又引一万六千、二千五百及二十门的具体要求。它们可能来自不同协议或后续征调，故不宜强行统一。较明确的是1813年1月30日蒂尼的汇总：1808年以来供给法国在外军队约19,501人、2471匹马；最近一期列出的11,971名步兵、2050名骑兵及1994匹马属于其中的一部分，不能再与累计相加。[21]"
04_西班牙与意大利.md,291,### 收入增长，为什么仍没有盈余,到1813年，请求的困难已不只是士兵数量。那不勒斯缺马、缺钱，部分部队拒绝并入将出境的正规军，一旦听说将被派往国外便出现集体逃亡。国家为帝国征兵愈成功，就可能愈快耗尽本国维护秩序的力量。
04_西班牙与意大利.md,295,### 一个本地化的国王，为什么会同巴黎冲突,缪拉在1811年要求任职的法国人取得那不勒斯国籍，拿破仑随即以法国臣民已经具有该国公民资格等命令压回，又使法国驻军脱离国王的实际控制。这场冲突不是“法国血统不够忠诚”的偶然插曲。一个要在本地纳税人、官员和军队中建立王权的统治者，迟早会要求某种自主；巴黎若把每一项本国利益都解释为背叛，连亲族王朝也会成为不稳定的附庸。[21]
04_西班牙与意大利.md,297,### 一个本地化的国王，为什么会同巴黎冲突,外交官迪朗警告，过度逼迫缪拉，只会让英国人与巴勒莫的波旁宫廷受益。这句话同样适用于仍在位的约瑟夫：法国不必喜欢伙伴的一切要求，却需要计算更换伙伴的代价。那不勒斯距离巴黎远，海岸漫长，邻近敌对岛屿；它不像地图上一块可以无损更名的省份。
04_西班牙与意大利.md,299,### 一个本地化的国王，为什么会同巴黎冲突,贸易又强化了分歧。那不勒斯需要出口橄榄油、生丝和羊毛，同时担心法国纺织品竞争。1809年9月16日缪拉向拿破仑抱怨商业几乎停顿，粮仓有货而国库收不到钱。法国通过许可证为自己保留贸易空间，却没有让那不勒斯获得对等机会。到1813年，同马耳他、西西里和英国商人的走私近乎公开，法国高级人员也参与其中。封锁在这里既削弱税收，又奖励能够取得例外的人。[21]
04_西班牙与意大利.md,301,### 一个本地化的国王，为什么会同巴黎冲突,稳定的方案因此相当明确：限制法国驻军数量及费用，停止无限的境外供兵要求，允许可征税的贸易，保留本国官员和王室的政策空间。这样那不勒斯更可能成为法国秩序的支柱。若继续用并省威胁迫它履约，法国反而会把自己需要的王国推向其他保护人。
04_西班牙与意大利.md,305,### 卡拉布里亚：镇压不是一笔只有军费的账,1806年初法军进入南部时，并非处处立即起义。征发、军纪、地方派系和当年七月迈达战役后的形势变化，逐步扩大了反抗。马塞纳以约一万五千人重开道路，也要面对疾病与地方社会的回避；驻科森扎约两千人中，曾有约一半患病。把这样的战区视为“已占领，便可开始净上缴”的省份，明显高估了行政控制。[22]
04_西班牙与意大利.md,307,### 卡拉布里亚：镇压不是一笔只有军费的账,戴维斯记载1806年十一月至1811年三月，下卡拉布里亚统计5421名被归为“匪徒”的投降、被捕、战死或处决者。**这是四类合计，不是5421人全部被杀。** 曼内斯某一冬季约900人被杀或处决的说法，来自镇压者自报，更需保持来源身份。
04_西班牙与意大利.md,309,### 卡拉布里亚：镇压不是一笔只有军费的账,以村庄为单位的连带责任、粮食限制、教堂关闭、地方民团与严厉惩罚，一度迫使居民停止支持武装者，也把军费之外的成本推给社会。受害者、合作者和地方武装之间的界线，会随着谁提供保护而改变。
04_西班牙与意大利.md,311,### 卡拉布里亚：镇压不是一笔只有军费的账,巴拉科这类大土地买主可以一面影响或庇护地方武装，一面同国家达成交易；约二十万杜卡特补偿与地方和解的个案，说明秩序往往通过利益重组恢复，而非单纯“消灭迷信”。公地纠纷、税负与地方权势关系，都参与了战争。[22]
04_西班牙与意大利.md,313,### 卡拉布里亚：镇压不是一笔只有军费的账,若以一万二千至一万八千驻军、每人每年约九百法郎加其他费用，估算高强度控制需三百万至四百五十万杜卡特。这是带假定的成本包络，不是某年经过审计的省预算。更重要的是，用来比较的四十五万杜卡特是**1807年两个卡拉布里亚省的土地税实收**，并非全省所有收入。因而“驻军成本为全部税收六至八倍”或“该省必有同倍数净亏空”均应撤回。
04_西班牙与意大利.md,315,### 卡拉布里亚：镇压不是一笔只有军费的账,可保留的结论仍然有力：镇压曾需要与有限土地税现金规模很不相称的军力，财政净收益须扣除军费、征发、社会破坏与中央补助后另算；1812年反抗再起，也证明军事肃清不等于永久政治整合。我们已经有足够证据否定自动盈利的行省化，却没有理由伪造一个精确亏损率。
04_西班牙与意大利.md,317,### 卡拉布里亚：镇压不是一笔只有军费的账,缪拉1815年3月30日《里米尼宣言》把这一矛盾推向公开：他呼吁让意大利摆脱外国统治，承诺“un governo di vostra scelta”——“你们自己选择的政府”，以及真正的全国代表和一部宪法。宣言自称八万兵力，未获本次独立军籍核定，不用来计算统一战争的能力。[29]
04_西班牙与意大利.md,319,### 卡拉布里亚：镇压不是一笔只有军费的账,这不是证明缪拉始终是坚定的民族解放者；它证明一个法国扶立的国王，在帝国保护瓦解时，能够转而借意大利主权与宪政争取生存。法国若延续霸权，类似语言仍可能在将来的王朝危机中出现。真正需要改变的，是附属国利益与宗主国要求之间反复扩大的裂缝，而非只换掉一个“不可靠”的国王。
04_西班牙与意大利.md,323,### 西西里不是一条窄海峡就能跨过的障碍,西西里保留波旁宫廷，并有英国舰队与驻军支持。它的地理位置使那不勒斯必须防守海岸，也使英国能够牵制法国；但英国同样为岛屿防御支付大量资源，不能把这里写成零成本、无限出兵的基地。
04_西班牙与意大利.md,325,### 西西里不是一条窄海峡就能跨过的障碍,1807年3月23日英西西里条约规定英国每年约30万英镑补贴，追溯到1805年九月，后来有所提高；王室承担维持一万人的义务，但1806年部分记录中名义约九千的军队，有效兵力仅约三千。1812年九月约7300人的西西里师参加英国指挥下的地中海行动，补贴账中还涉及相应扣减。这些数字恰好说明名义承诺、实际兵力与净补贴不是一回事。[23]
04_西班牙与意大利.md,327,### 西西里不是一条窄海峡就能跨过的障碍,1810年缪拉筹划渡海时，准备约2.2万那不勒斯军，另有1.5万法国军及两千科西嘉兵参加大陆集结的说法；总集结不等于一次可输送的登陆波次。九月实际约3500人渡过海峡，登陆后退回，约600人被俘。欠饷、承包商欠款、船主和船员报酬、疾病与指挥权争执，都比纸面总兵力更接近失败原因。[21]
04_西班牙与意大利.md,329,### 西西里不是一条窄海峡就能跨过的障碍,拿破仑在得知成功希望很小后，仍允许准备继续，目的包括迫使英国从伊比利亚抽不出兵。英国也确实一度暂停从西西里调兵并调整舰队。这个例子不能被简化为“远征完全没有战略效果”；它取得了牵制，却没有夺岛，同时耗费那不勒斯自身资源。在没有半岛大战的主线中，这种牵制的收益还会变小，更无须把侵岛列为例行任务。
04_西班牙与意大利.md,333,### 岛屿宪法与大陆革命，不是同一个故事,英国影响下的1812年西西里宪法建立两院、预算与部长责任机制，并推进司法独立、陪审和封建权利调整；约一万五千名有资格者处于约一百五十万人口的社会中，识字和财产要求使代表权很有限。它兼有贵族维护地位与制度改革的性质，不是普遍民主的突然降临。[23]
04_西班牙与意大利.md,335,### 岛屿宪法与大陆革命，不是同一个故事,驻军消费和货币流入使某些地主与商人受益，却也推高物价；工资与贫民生活未必同步改善。英国撤军后需求下降，又暴露这种战争繁荣的脆弱。西西里被用来讨论法属南意大利时，应把本地社会写进来，而不只保留英国舰队和波旁国王。
04_西班牙与意大利.md,337,### 岛屿宪法与大陆革命，不是同一个故事,1820年西西里也没有一致要求以同一种形式脱离大陆。巴勒莫倾向恢复本岛1812年宪制及独立地位，墨西拿、卡塔尼亚等地却有支持同那不勒斯一起采用西班牙宪法的力量。岛内竞争、港口和区域利益，同“西西里民族”一样重要。[24]
04_西班牙与意大利.md,339,### 岛屿宪法与大陆革命，不是同一个故事,那不勒斯1820年的军官行动亦有特定来历：缪拉旧军人的晋升受阻、烧炭党网络、地方税负，以及1815年后恢复的政治制度。诺拉起事、国王承认宪法、对市镇减负约八十万杜卡特，却把负担转移到中央，随后奥地利依据战后安排干预。它支持“被压缩的军官与财政矛盾可能汇入宪政运动”，不支持“任何法国王朝稳定五至七年必然爆发同样革命”。没有原样的1815年复辟安排，也没有理由预定1820年七月的同一剧本。[24]
04_西班牙与意大利.md,345,### 1801年已经示范过一条路,拿破仑与教皇之间并非只有抓捕和绝罚。1801年7月15日政教协定，承认天主教为法国多数公民的宗教，而不是恢复旧制度下全部教会权利。政府提名主教，教皇授予教会职权；第十三条确认已出售教产不再追夺，第十四条安排主教与神职人员薪俸。它把财产革命、国家控制和宗教合法性放进同一份妥协。[25]
04_西班牙与意大利.md,347,### 1801年已经示范过一条路,这一安排的价值，在于双方都有所得，也都有让步。土地购买者获得安全，政府重新取得大量信徒认可，教皇保有主教任命的宗教环节。它并未消除所有冲突，却显示法国政权可以不消灭教廷的独立人格而达到许多实际目的。
04_西班牙与意大利.md,349,### 1801年已经示范过一条路,1802年政府单方面增订《组织条款》，要求教皇文书公布、教会集会和神学院活动服从国家规则，强化高卢主义传统；1806年帝国教理又把对皇帝、税收和兵役的服从写入宗教教育。宗教和国家合作，因此始终存在“合作由谁解释”的争执。[25]
04_西班牙与意大利.md,351,### 1801年已经示范过一条路,对新教和犹太教的安排，也不能简单划成受益者必然拥护帝国。新教组织在国家保护和监督下取得较稳定位置；犹太人的法律解放与社团重组有重大意义，却伴随1808年的限制性措施及各地执行差异。宗教政策最可信的总体评价，是扩大法律整合，同时保留和制造新的不平等；不是把所有非天主教人口视为一支现成亲法党。
04_西班牙与意大利.md,355,### 教皇愿意关闭港口，不愿替皇帝选择所有敌人,1808年的教廷文件显示，庇护七世可以在当次战争中接受关闭英国港口、配合海岸防卫等要求，却抗拒加入法国所定义的全面进攻性同盟。这不是一切现实合作都被教义阻断；它是一位兼具跨国宗教角色与世俗主权的统治者，在保留最后的政策边界。[26]
04_西班牙与意大利.md,357,### 教皇愿意关闭港口，不愿替皇帝选择所有敌人,法国若把拒绝全面同盟解释为必须吞并罗马，便从安全谈判跨进宗教主权冲突。1809年并吞和教皇被捕，使本来可以局部处理的争议，获得了跨越法兰西、比利时、西班牙、意大利的共同象征。
04_西班牙与意大利.md,359,### 教皇愿意关闭港口，不愿替皇帝选择所有敌人,1809年6月10日《Quum memoranda》宣布绝罚，同时禁止信徒以伤害他人人身或财产的方式实施报复。它不是一份号召普遍武装起义的作战命令。教会抵抗的力量在于任命、仪式、良心、通信和声誉，而不只是修道院能否组织一队武装者。把它全部军事化，会高估集中指挥、低估缓慢而持久的不合作。[26]
04_西班牙与意大利.md,361,### 教皇愿意关闭港口，不愿替皇帝选择所有敌人,比利时从1801年后的合作走向1809年后的抵触，正说明宗教关系可以改变。某地曾接受法国制度，不代表它永远接受后来的政策；相反，法国已取得的统治成果，也可能因一项跨国宗教冲突而受损。
04_西班牙与意大利.md,365,### 枫丹白露协定为什么不是最后一纸胜利,1811年主教会议显示，法国多数主教既不愿轻易同教皇决裂，也未必支持全面对抗皇帝。拿破仑通过压力取得部分让步，教皇又撤回先前同意。双方不断接近一个行政妥协，又被是否自由同意、是否损害教廷权利的问题拉开。
04_西班牙与意大利.md,367,### 枫丹白露协定为什么不是最后一纸胜利,1813年1月25日，教皇在枫丹白露签署的条文自称是未来最终协议的基础。二月十三日拿破仑把它宣布为法律；三月二十四日教皇撤回。把一月签字直接写成“教皇已最终臣服”，会删掉文本自定的性质和随后发生的撤回。[27]
04_西班牙与意大利.md,369,### 枫丹白露协定为什么不是最后一纸胜利,条款涉及主教提名六个月后由都主教补行授职、教皇保留若干主教座的提名权、近罗马的六个枢机主教座、每年两百万法郎年金、使节及传信机构等安排，却没有解决罗马世俗领土这一核心问题。行政机制可以写在纸上；教皇是否承认协议自由而有效，各地教会是否接受，仍决定它能否运作。
04_西班牙与意大利.md,371,### 枫丹白露协定为什么不是最后一纸胜利,帕卡枢机的回忆录用1111年帕斯加二世受胁迫承诺的先例，解释何以被迫签署的教会让步可以撤回。这是当事人为自己的立场辩护，不宜不加辨别地当作中立判词；但它揭示法国必须面对的制度现实：教廷有连续的法律语言、枢机协作和历史先例，足以使一次个人屈服不等于整个机构永久服从。[27]
04_西班牙与意大利.md,373,### 枫丹白露协定为什么不是最后一纸胜利,也不应反过来神化教廷，断言它在任何压力下都不可能妥协。1801年协定、1808年港口安排和1813年讨论本身，已经证明妥协不断发生。真正的结论是：**能够持久的协议，要给教皇留下可公开辩护的宗教权威和制度地位；单凭拘禁取得的签字，很难代替它们。**
04_西班牙与意大利.md,377,### 一个较可持续的“第二次1801年”,法国在1807年后选择巩固，最合理的教会政策不是提前设计一个附庸教皇，而是扩大1801年妥协的逻辑：承认教产出售的终局性，保障信仰和日常牧职，以固定程序处理主教提名争执，保留教皇在罗马的核心主权与交通通信，并通过港口及安全协约限制敌军利用教皇国。
04_西班牙与意大利.md,379,### 一个较可持续的“第二次1801年”,这会牺牲一部分直接领土控制，却降低法国在多个天主教社会中同时面对合法性危机的风险。它也使意大利王国和那不勒斯较容易与地方教士合作，而不必为巴黎同罗马的每一次争执付出征税和征兵上的代价。
04_西班牙与意大利.md,381,### 一个较可持续的“第二次1801年”,未来的教会并不会因此自动自由主义化。十九世纪宗教复兴可以加强信徒组织、教育与公共舆论，也可能反对宗教自由和激进宪政。额我略十六世1832年《Mirari vos》对若干现代自由观念的批判，说明教廷的长期方向并非由拿破仑的一次胜利决定。法国若要建立延续到1848年的秩序，仍须同拥有自身历史和社会基础的教会反复协商，而不是假定拿下一座城市，便取得全部良心的指挥权。
04_西班牙与意大利.md,385,## 七、把这些国家放回同一张地图,至此，地中海与伊比利亚的较可信终局已经清楚。
04_西班牙与意大利.md,387,## 七、把这些国家放回同一张地图,西班牙保留波旁王朝，法国通过同盟与财政—军事协议施加影响；改革和宪政存在空间，却不预订1812年宪法或1820年起义。葡萄牙维持有条件的中立，英国继续拥有商业影响，但少了一场把整个国家改造成英军基地的战争。巴西因此不自动成为逃亡宫廷的中心，其王朝与独立路线另待条件展开。
04_西班牙与意大利.md,389,## 七、把这些国家放回同一张地图,北意大利保留一个较大的改革国家，地方官僚、军队与教育继续发展；那不勒斯在约瑟夫或经正式协商的继承者之下保有本国利益。法国若希望它们长久合作，就须减少不定额供兵、驻军与商业歧视。教皇保留足够领土和宗教权威，成为可谈判的邻国，而不是靠法国警察不断维护的囚徒。
04_西班牙与意大利.md,391,## 七、把这些国家放回同一张地图,这幅地图没有消除所有旧王朝，也没有让意大利永远邦国林立。它把若干小单位压缩成较大的国家，却保留欧洲政治实际需要的多重合法性。**因此，法国可行的胜利不是从马德里到巴勒莫一律设省，而是让这些首都不再需要通过一场反法大战来证明自己仍是首都。**
04_西班牙与意大利.md,393,## 七、把这些国家放回同一张地图,这种秩序仍有风险：波旁宫廷可能反悔，意大利军官可能要求更大自主，葡萄牙会继续同英国往来，教皇也会维护不由巴黎裁定的权利。它们不是方案遗漏的毛刺，而是持久霸权必须支付的价格。拿破仑如果只接受绝对服从，就会重新启动制造敌人的机器；如果接受受约束的领导地位，他才有机会把战场上的胜利变成下一代还能继承的政治秩序。
04_西班牙与意大利.md,397,### 最稳的王朝安排，是让法国皇储少戴一顶王冠,如果目标是王朝长存，而不是皇帝家庭得到最多头衔，本书主张一项比拿破仑实际政策更明确的安排：**法国皇储继承法国，欧仁在北意大利获得可传承的王位，那不勒斯保留约瑟夫，并预先解决其继承问题。**它把已形成的行政和军队关系转化为稳定王朝资产，而不让意大利长期悬置为皇帝下一次家庭安排的筹码。
04_西班牙与意大利.md,399,### 最稳的王朝安排，是让法国皇储少戴一顶王冠,这需要主动修改既有继承条件。拿破仑必须承认，即使后来有亲生男性后嗣，也不因此撤销欧仁已经取得的意大利权利；并且要妥善处理1805年分冠条文中的外军撤出条件。如此，法国皇储继位时便不必同时争夺米兰与巴黎的忠诚。所谓“罗马王统一中南意大利”，未必是对这位继承人最有利的安排：给他更多尚未解决的王冠，可能只是给下一代增加更多需要重新谈判的国家。
04_西班牙与意大利.md,401,### 最稳的王朝安排，是让法国皇储少戴一顶王冠,南北意大利可以先以王室婚姻、军官教育、贸易和通行协定连接，待财政分担、地方精英与教廷安排形成基础，再讨论进一步合冠并公开修改分冠规则。**意大利统一最有希望成为法国支持下的意大利王朝工程，而不是法国皇储的领土追加。**它甚至可能产生一个在部分问题上反对巴黎的意大利君主；法国应把这种有限分歧视作联盟成熟的价格。
04_西班牙与意大利.md,403,### 最稳的王朝安排，是让法国皇储少戴一顶王冠,这是一项有意区别于皇帝实际偏好的政策判断。其依据是前述1805—1806年宪制与授封文书、欧仁的治理基础以及1810年继承协商，而不是一份已经存在的统一意大利蓝图。[15][16]若拿破仑坚持每顶王冠都随亲生子女出生重新分配，地方精英便会一直等待下一场继承争夺，帝国也就难以积累信任。
05_大西洋与美洲.md,3,# 第六章　海的另一边：法国胜利后，美洲属于谁,**本章结论。** 拿破仑有理由帮助西班牙维持美洲帝国，也有能力提供外交担保、军官、军火和有限海上支援；最有价值的帮助，却是不要摧毁西班牙王朝的合法性，不要把墨西哥白银视作法国战争的无限提款机。保住波旁王室、开放适度贸易并让殖民地分享政治权力，可以延长西班牙统治，甚至保留若干跨大西洋王国。它最可能保住的是古巴等岛屿和一部分保王据点，而不是把从墨西哥到拉普拉塔的大陆永远冻结在1803年。
05_大西洋与美洲.md,5,# 第六章　海的另一边：法国胜利后，美洲属于谁,法国控制美洲的边界也很清楚：**海地应承认而非再征服；美国应争取其中立运输而非命令其参战；巴西的命运取决于葡萄牙王室是否迁都；西属美洲必须分区议价。** 英国即使承认法国的欧洲优势，仍有舰队、商业信用和当地伙伴。欧洲霸权不会自动变成大西洋主权。
05_大西洋与美洲.md,9,## 一、先把时钟拨准：没有巴约讷，也未必有里约宫廷,本书主线从1803年起保留已经发生的约束，到1807年提尔西特之后尽早转向巩固，不再发动对葡萄牙的瓜分和穿越西班牙的军事行动。这个区别看似只早了几个月，却决定了整个美洲推演的起点。
05_大西洋与美洲.md,11,## 一、先把时钟拨准：没有巴约讷，也未必有里约宫廷,在这条主线上，1807年11月葡萄牙王室的出走不是既成事实；1808年阿兰胡埃斯政变、巴约讷废立，以及西班牙抵抗法国占领所催生的加的斯议会，也不应被原封不动地带入。查理四世、费尔南多王储与戈多伊之间已有的宫廷冲突仍会延续，但冲突以何种形式爆发，须重新推演。
05_大西洋与美洲.md,13,## 一、先把时钟拨准：没有巴约讷，也未必有里约宫廷,另一条较晚的止损分支，是1808年春法国已经进入伊比利亚、葡萄牙宫廷已经迁走，却临时放弃废黜波旁。这仍优于建立约瑟夫王国，但英军介入葡萄牙的条件、巴西成为宫廷中心的条件都已不同。下文将两者分开，决不把“未入侵葡萄牙”与“王室已在里约”拼成一个成本全免的世界。
05_大西洋与美洲.md,15,## 一、先把时钟拨准：没有巴约讷，也未必有里约宫廷,同样，1810年墨西哥起义、1822年巴西独立、1823年门罗宣言、1833年英国废奴，都是实际历史中供比较的制度试验，不是另一条历史必定在同日出现的日历。能够延续的是贸易利益、税收压力、地方组织和统治冲突；须重新判断的是这些力量何时结盟、用谁的名义行动。
05_大西洋与美洲.md,21,### 1. 路易斯安那的出让，是收缩也是布置,"1803年出售路易斯安那，意味着法国退出一个缺少可靠海上补给、又失去圣多明各支撑的北美大陆计划。条约及财政协定的名义总对价为8,000万法郎，其中6,000万用于购地，另2,000万处理美国公民对法国的索赔。它不是8,000万现金原封不动进入法国国库，更不是一项每年重复的收入。（1803年4月30日法美割让条约及两项财政协定；拿破仑《作品集》，1803年10月27日条约公布记载。）"
05_大西洋与美洲.md,23,### 1. 路易斯安那的出让，是收缩也是布置,从法国欧洲战略看，保留这项交易是合理的：美国扩大，可以牵制英国加拿大势力，也能扩大中立贸易的空间。但是，一旦土地售出，美国对密西西比河、佛罗里达及西部的利益就不再由巴黎处分。法国若为维持西班牙殖民体系而阻挡美国一切扩张，也会损害自己想争取的伙伴。
05_大西洋与美洲.md,25,### 1. 路易斯安那的出让，是收缩也是布置,"这个美国并非1848年版美国的缩小模型。1810年联邦人口普查约724万人，1820年约964万，1830年约1,287万，统计包括被奴役人口；这些人口既不是可自由征调的士兵，也不是一个政治利益一致的市场。南方种植园、北部船主、西部移民和原住民社会，承受的是不同的战争与贸易后果。（美国历次人口普查；Timothy Pitkin，*A Statistical View of the Commerce of the United States*，1835年版。）"
05_大西洋与美洲.md,29,### 2. 一张出口表，比“美国天然亲法”更有解释力,"美国需要维护中立贸易，但其贸易并非均匀依赖英法。布拉德福德·珀金斯指出，1806年美国本国产品输往英国的金额约2,000万美元，输往法国约270万美元。美国商人又替法国、西班牙及其他殖民地搬运糖、咖啡等货物；因此，同一个美国，既不愿接受英国查扣，也承受不起永久失去英国市场。（Bradford Perkins，*Prologue to War: England and the United States, 1805–1812*，1961，第1章。）"
05_大西洋与美洲.md,31,### 2. 一张出口表，比“美国天然亲法”更有解释力,皮特金的贸易统计保留了这场矛盾的实际尺度。表中“转口”是外国货物经美国再出口，不是美国制造业产出；金额均为当年美元，不能直接当成财政收入。
05_大西洋与美洲.md,46,### 2. 一张出口表，比“美国天然亲法”更有解释力,资料：Pitkin，*Statistical View*，1835年版，本国产品与外国货物出口年度表。1808年两项分别仅为1807年的约19%与22%。
05_大西洋与美洲.md,48,### 2. 一张出口表，比“美国天然亲法”更有解释力,"杰斐逊的禁运并非无事发生的象征政治。道格拉斯·欧文根据贸易和价格资料估计，其福利损失约相当于1807年国民生产总值的8%；这是经济模型的结果，不是当时国库清点出来的损失。走私确实存在，国内替代生产也增长，却不足以据此把禁运说成没有代价。（Douglas A. Irwin，*The Welfare Cost of Autarky: Evidence from the Jeffersonian Trade Embargo, 1807–09*，NBER Working Paper 8692。）"
05_大西洋与美洲.md,50,### 2. 一张出口表，比“美国天然亲法”更有解释力,法国最有效的对美政策因此不是鼓励美国无限承受禁运，而是给美国商人一个可信的交易规则：允许合法货物入港，停止把已经通过英国检查的船一律当作敌船，减少任意扣押，承认中立航运可以同时服务竞争者。**美国运输法国货物，是可以购买的商业服务；美国替法国摧毁英国，是另一种昂贵得多的政治承诺。**
05_大西洋与美洲.md,54,### 3. 拿破仑自己也在破坏中立合作,"1807年的英国枢密院令、法国柏林和米兰法令，都把中立国拉进经济战争。英国强征水手又造成主权冲突，但相关数字须辨明：门罗提交的6,257项案件不是6,257名身份、国籍和服役经过均已核定的人；联邦党人所宣传的极低数字也有政治用途。实际释放记录表明问题真实且规模显著，结论不依赖挑选一个最有利的整数。（Perkins，*Prologue to War*，有关强征水手与外交交涉诸章。）"
05_大西洋与美洲.md,56,### 3. 拿破仑自己也在破坏中立合作,法国并非在另一边始终保护美国。1810年3月的朗布依埃法令扩大没收美国船货；8月5日卡多尔照会又把撤销法令与英国撤令或美国对英采取措施相联系。所谓“法国已经无条件撤销封锁、只剩英国欺压中立国”的叙述，掩盖了照会的条件与实际执行问题。（同书，第7章，尤其约第244—245页。）
05_大西洋与美洲.md,58,### 3. 拿破仑自己也在破坏中立合作,在法国选择欧洲巩固的主线上，英美战争的诱因会减弱，因为法国不再刻意把美国贸易推向对英冲突。但它未必消失：英国强征、加拿大边疆、美国国内党争和西部扩张仍有自身动力。最可能结果是较长的中立竞争，次可能是由英美双边争端引起的有限战争；最不可靠的设想，是巴黎可以准确指定美国参战时间。
05_大西洋与美洲.md,60,### 3. 拿破仑自己也在破坏中立合作,更何况，美国当时缺少支撑大规模远征的常备机器。1812年1月，众议院以62票对59票否决建设12艘战列舰和20艘护卫舰的方案；同年头几个月的陆军招募进展也远低于纸面目标。1810年统计中的269家棉纺厂和153座炼铁高炉，说明工业正在成长，却不是随时可与英国拼舰队的成熟工业体系。（Perkins，相关军事财政章节；Pitkin，制造业统计。）
05_大西洋与美洲.md,62,### 3. 拿破仑自己也在破坏中立合作,"美国政府自身也依赖贸易。皮特金所列海关净收入，1807年约15,845,521美元，1808年反而升到16,363,550——因为其中包含对先前进口征收的税；1809年才降至7,296,020，1810年为8,583,309。税收滞后说明，禁运当年的高收入不是禁运有效的证据。1827—1833年海关收入逐渐达到约2,000万—2,900万美元量级，但收入增长与议会愿意拨款造舰仍是两回事。（Pitkin，财政收入表。）"
05_大西洋与美洲.md,64,### 3. 拿破仑自己也在破坏中立合作,1814年哈特福德会议的主张，进一步显示美国国内的制度阻力。其修宪建议包括限制禁运期限、提高宣战与断绝商业往来的表决门槛，并修改以奴隶人口计算政治代表权的规则。这不是新英格兰已经决定独立，而是航运州试图使联邦战争政策更受地方否决权约束。法国越要求美国长期自我封锁，越会强化这种反对；不能据此机械预测新英格兰必在某年脱离联邦。（《哈特福德会议报告与决议》，1815年1月。）
05_大西洋与美洲.md,66,### 3. 拿破仑自己也在破坏中立合作,"美国后来还会成为工业品供给者。1833年其本国产棉织品出口约2,532,567美元，其中90万以上输往墨西哥，约213,000输往中国。禁运时期的进口替代有助于某些产业成长，但战争也损失市场、原料与信用；“封锁越久，1848年美国工业必定越大”并没有被这张贸易表证明。（Pitkin，棉织品出口表；Irwin，禁运研究。）"
05_大西洋与美洲.md,70,### 4. 中立运输如何变成墨西哥白银的欧洲出口,"法国无需指挥美国政府，也可能利用美国商人。巴黎、阿姆斯特丹、伦敦、费城、巴尔的摩与新奥尔良之间的银行和航运网络，曾将西班牙殖民地债权转成跨洋银流。商船持许可证进口货物，在韦拉克鲁斯取得白银，再通过汇票结算。银币的物理路线与债权的最终所有者经常不一致。（Carlos Marichal，*Bankruptcy of Empire: Mexican Silver and the Wars between Spain, Britain, and France, 1760–1810*，2007，第5章，第164—180页。）"
05_大西洋与美洲.md,72,### 4. 中立运输如何变成墨西哥白银的欧洲出口,罗伯特·奥利弗的巴尔的摩网络、帕里什与费城商人、纽约的格雷西，以及在新奥尔良活动的文森特·诺尔特，都参与其中。马里查尔记录了奥利弗1806—1808年的38次航行，并列举每艘附带5万—10万比索的若干运输。这里能证明的是多点、可变通的金融物流，而不是把“若干艘”“每船范围”和整个贸易期相乘，就得到一笔法国已经收到的确定总款。
05_大西洋与美洲.md,74,### 4. 中立运输如何变成墨西哥白银的欧洲出口,长期看，美国也不会停留在法国需要的中立角色。1823年的门罗宣言同时表示不干涉欧洲现有殖民地，并反对欧洲制度继续扩张到美洲；它不是美国承诺维护每一座西班牙堡垒，也不是当时已有能力单独封锁整个大西洋。英国是否支持阻止欧洲再殖民，对宣言的即时效力极重要。（门罗，第七次年度咨文，1823年12月2日。）
05_大西洋与美洲.md,76,### 4. 中立运输如何变成墨西哥白银的欧洲出口,法国若只担保西班牙已有主权、协助谈判自治，比较容易与这种美国相容；若大举派兵建立新的法国属国，冲突就明显上升。美国后来的大陆扩张也应作为一种力量关系而非命定进程来写：土地占领、原住民被迫迁徙、奴隶制扩张和邻国财政困境共同推动它；法国胜利可以改变进度和边界，却不会凭一纸欧洲安排消除这些机制。
05_大西洋与美洲.md,82,### 1. 从1803年出发，已经付出的损失拿不回来,"圣多明各远征不是可以在地图上重新点选的无成本选项。吉拉尔研究法国海军档案后指出，1802年春集结的舰队包括32艘战列舰和22艘护卫舰，涉及法国海军极大一部分力量；后续18个月又不断消耗舰船和熟练人员。首批约19,500名士兵只是第一波，不是整个远征累计投入。（Philippe R. Girard，〈The “Ugly Duckling” of the French Navy: The Saint-Domingue Expedition of 1802〉，*International Journal of Naval History*。）"
05_大西洋与美洲.md,84,### 1. 从1803年出发，已经付出的损失拿不回来,"死亡数字因是否计入后续补充、海军和失踪者而不同：名册能确认的军人死亡下限与合计5万—6万的估计，不应当作两个独立群体相加。海军损失尤为要紧。约8,000名海军人员死亡、其中约6,000可视为额外损失的估计，置于法国约8万水手的人力池中，说明损害不只是少一支陆军；它直接侵蚀了往后与皇家海军竞争所需的熟练人员。（Girard，同上；数字均属该研究估计口径。）"
05_大西洋与美洲.md,86,### 1. 从1803年出发，已经付出的损失拿不回来,回到1803年，勒克莱尔已死，1802年的主要损失已经发生。最现实的改策是停止追加无法改变政治条件的兵力，尽早撤回幸存者，而不是在反事实账本中把1802年的死者全部退还给布洛涅军营。
05_大西洋与美洲.md,90,### 2. 疫病与复奴政策，形成了同一个陷阱,"黄热病并非只惩罚法国。大卫·格格斯估计，1793—1798年派往圣多明各的约20,200名英国军人中，约12,700人死亡、近1,500人伤残遣返；海军损失另计。死亡、伤残、临时病号与在册人数是不同口径，尤其不可把五年累计派遣人数当作每年平均驻军。（David Geggus，〈Yellow Fever in the 1790s: The British Army in Occupied Saint Domingue〉，*Medical History*，23卷，1979，第38—58页，尤其第48页。）"
05_大西洋与美洲.md,92,### 2. 疫病与复奴政策，形成了同一个陷阱,免疫差异主要关联既往感染、出生与生活环境，不是“某种肤色天然免疫”的种族定律。但欧洲新兵持续进入疫区，确实会反复遭遇高风险；当时又不掌握现代蚊媒传播知识。调整营地、补给和轮换可以改善局部条件，不能当作拿破仑已经拥有现代防疫能力。
05_大西洋与美洲.md,94,### 2. 疫病与复奴政策，形成了同一个陷阱,格格斯所讨论的牙买加1803—1836年驻军年均死亡率约13%，已经包含疫年；把它再与17%—30%的疫年数字加权，会重复计入疫情。据此拼出的“长期期望年损耗7.6%—15.4%”并不是独立测得的历史结果。低死亡年份、全期平均、疫年峰值各有用途，但它们不构成一条经过校准的海地驻军公式。
05_大西洋与美洲.md,96,### 2. 疫病与复奴政策，形成了同一个陷阱,如果法国承认黑人自由，本地军队可能成为防务伙伴；如果法国坚持恢复奴隶制度，这个最重要的人力来源就会成为抵抗力量。这不是一句道德评价替代军事分析，而是战争本身的组织逻辑。1801年11月拿破仑公开向居民宣布“vous êtes tous libres et égaux”，即人人自由而平等；1802年6月14日德克雷给勒克莱尔的秘密指令，却谋划最终让人们回到“原来的状态”。公开承诺与秘密目标之间的裂口，使“先投降、以后保障自由”越来越缺少可信度。（拿破仑1801年11月8日告示；德克雷1802年6月14日秘密指令，见圣多明各远征文书与前期研究引录。）
05_大西洋与美洲.md,98,### 2. 疫病与复奴政策，形成了同一个陷阱,1802年5月20日法律本身须精读：它维持的是亚眠和约归还殖民地及好望角以东法国殖民地的奴隶制度，不是一条已经在圣多明各全境实际执行的普遍复奴令。瓜德罗普随后复奴的军事过程、法国对有色人种入境与部分教育活动的限制，则让海地人有充分理由担心自身前途。法律适用范围与殖民政策总体方向，需要同时交代。（Frédéric Régent、Frédéric Trani等对1802年殖民政策的研究；Trani，*La Révolution française*，16，2019。）
05_大西洋与美洲.md,102,### 3. 独立海地并不等于没有暴力、没有国家,1804年海地独立以及随后对法国白人平民的大规模杀戮，是新国家历史的一部分。反殖民战争的恐惧和复奴威胁解释其背景，不会让平民被杀失去应有的位置。法国若在1803年转向承认，可能改变冲突烈度，但不能把实际发生的独立革命美化成无裂痕的和解。
05_大西洋与美洲.md,104,### 3. 独立海地并不等于没有暴力、没有国家,1805年宪法则显示，新国家不是一个等待法国重新组织的空白。序言性条款第2条规定：“L’esclavage est à jamais aboli”——奴隶制度永远废除。第14条把所有海地公民在法律上统称为“黑人”，是废除旧殖民等级秩序的一项政治定义，不等于居民种族同质。第12条限制白人以主人、所有者身份进入，第13条又为已经归化的波兰人和德意志人等保留例外；因此，它不是对一切白人旅客的无差别禁令。（《海地帝国宪法》，1805年5月20日，序言性条款第2、12—14条。）
05_大西洋与美洲.md,106,### 3. 独立海地并不等于没有暴力、没有国家,同一宪法一般条款第12条针对原法国白人财产的没收，不能改写为“海地所有土地已全部国有”。不设国教、国家不支付教士薪俸，也不能证明全部教会资产不存在。这两种误读，曾被用来推断法国绝无可能给某个海地派系提供新利益；该推断的法律前提并不成立。
05_大西洋与美洲.md,108,### 3. 独立海地并不等于没有暴力、没有国家,另一方面，法国若扶植一个依赖外军的客户政权，必须找到比现有海地国家更有吸引力的政治交换。1814年法国对克里斯托夫、佩蒂翁所提出的有限让步，远低于他们已经享有的统治权。承认、市场准入、军事援助确实可以交换，但绝非只有推翻现政府才能提供。（海地法国使团交涉材料；Charles Mackenzie，*Notes on Haiti*，1830，卷二。）
05_大西洋与美洲.md,110,### 3. 独立海地并不等于没有暴力、没有国家,因此，**承认并缔约是最优先的可行选择；扶植客户政权是高成本、结果不稳的备选，而非逻辑上绝对不可能。** 不能用那不勒斯与圣多明各的两个或三个案例，推出一条“凡有外部接管者，小规模驻军必然迅速全损”的普遍规律。当地社会支持、军事资源、继承竞争与外部海军，必须分别判断。
05_大西洋与美洲.md,112,### 3. 独立海地并不等于没有暴力、没有国家,"海地的军事实力也不宜只写成黄热病。麦肯齐1827年列出的正规军名义总数约28,600，另记国民卫队“传闻不超过4万”；后者不是已经点验的兵力。部分骑兵没有马，炮兵分项与总计也有算术不一致，海军实际只有三四艘纵帆船。这个国家能以本地武装、山地和毁弃海岸抵抗，却缺乏远洋投送能力。（Mackenzie，卷二，第198—205页。）"
05_大西洋与美洲.md,114,### 3. 独立海地并不等于没有暴力、没有国家,"1805年宪法一般条款第28条写道：“Au premier coup de canon d’alarme, les villes disparaissent et la nation est debout”——警炮一响，城市可以消失，整个民族则起身抵抗。麦肯齐也认为，在弃守海岸、毁城并退入内地的条件下，地形与疫病足以使外来占领极为困难。因此，法国以舰队施压港口比长期征税容易；海地依赖进口武器和关税，又使其并非对外部经济压力完全免疫。"
05_大西洋与美洲.md,116,### 3. 独立海地并不等于没有暴力、没有国家,革命内部的土地安排也不同：佩蒂翁向军官、士兵分配土地，克里斯托夫较多保留集中生产与劳动纪律。两者不是“自由导致贫穷”与“强制带来富强”的简单实验，政权、贸易和战争条件也有差异；它们共同显示，海地人所争取的自由包含对土地和日常劳动的支配，而不仅是一份形式上不再被称为奴隶的证书。
05_大西洋与美洲.md,120,### 4. 糖退潮，咖啡留下：独立后的生产并非一片空白,海地革命打碎了世界上最富庶的种植园体系之一。但“糖出口变为零”和“自由农民只会种咖啡”都不是准确结论。
05_大西洋与美洲.md,122,### 4. 糖退潮，咖啡留下：独立后的生产并非一片空白,英国领事麦肯齐在1820年代搜集的统计，将糖分为精制糖与粗糖。这里沿用其法磅口径，圆整处保留原书的约数：
05_大西洋与美洲.md,132,### 4. 糖退潮，咖啡留下：独立后的生产并非一片空白,"资料：Mackenzie，*Notes on Haiti*，卷二，第158—160页及相邻出口统计。缺列表示未取得本表同口径记录，不表示零。1819—1824年咖啡出口在约2,900万—4,400万磅之间波动。"
05_大西洋与美洲.md,134,### 4. 糖退潮，咖啡留下：独立后的生产并非一片空白,1789年两种糖合计约1.41亿磅；1818年约250万磅，下降约98.2%，是近乎崩塌，却不是零。咖啡1826年则仍约相当于1789年的四成。殖民时期的设备、灌溉、信贷、航运和劳动强制遭到破坏，不同作物因资本密度和劳动安排不同而呈现分化。
05_大西洋与美洲.md,136,### 4. 糖退潮，咖啡留下：独立后的生产并非一片空白,自由劳动并不在技术上排斥制糖。更稳妥的解释是：解放后的农民争取家庭土地和自主安排，战争损毁了大型设施，市场和融资条件又不利；政府若想重新集中劳动，就会与自由的实际含义发生冲突。克里斯托夫的种植园劳动制度与博耶1826年《乡村法典》都试图强制维持农业生产。后者把部分没有土地、没有劳动契约者视为流民，以监禁或公共劳动迫其就业。**废奴是真实的解放，但它没有自动消除国家对劳动的强制。**（Mackenzie，卷二，农业与《乡村法典》诸章。）
05_大西洋与美洲.md,138,### 4. 糖退潮，咖啡留下：独立后的生产并非一片空白,"经济也不只有糖与咖啡。染料木、烟草、牧业和跨岛贸易提供不同收入：麦肯齐所录烟草出口从1816年的约1,900磅升到1824年逾718,000磅，1826年又为340,588磅。这样的波动说明，海地并非静止的废墟，也不是恢复旧种植园产量就能解释的经济体。"
05_大西洋与美洲.md,142,### 5. 一纸承认，比再派一支远征军能买到什么,1805年宪法还声明不进行征服、不扰乱外国殖民地。它不保证此后一切政府行为，却提供了可以签约的政治语言：法国承认海地独立与废奴，海地保证对外安全、港口待遇与不支持外部武装。对法国而言，目标应是恢复咖啡等商品供应、安排债权与财产争议、排除敌方独占港口，而不是重新拥有海地人的身体。（1805年宪法，“帝国”部分第36条。）
05_大西洋与美洲.md,144,### 5. 一纸承认，比再派一支远征军能买到什么,"1825年的实际历史说明，海上威胁可以迫成财务协议，但它不等于重新占领。最初1.5亿法郎赔偿是给原殖民所有者的名义义务，不是同额款项立即汇入法国财政。最初3,000万法郎贷款按6%票面利率发行，实际到手约2,400万；折价融资与赔偿共同挤压海地收入。1838年再议后的总赔偿规模降至9,000万法郎，仍成为长期负担。（Mackenzie，卷二，财政章节；1825年4月17日法国敕令与1838年法海协定。）"
05_大西洋与美洲.md,146,### 5. 一纸承认，比再派一支远征军能买到什么,"麦肯齐记录的1826年收入约2,603,142海地元，1827年预计开支3,101,115元，另加约450,000元贷款利息，合计约3,551,115元。它是一个收入波动、军费沉重的新国家，不是可以任意兑现法国战争债的金库。"
05_大西洋与美洲.md,148,### 5. 一纸承认，比再派一支远征军能买到什么,"驻军成本同样需要区分历史记录与假设算例。假定法国维持5,000—8,000名实际在岗者，再为病号和轮换增加名册人数，当然会占用欧洲兵力；但是把热带单兵年费设为1,000—1,400法郎、在岗率65%—80%，并无足够原始账册校准。由这些假设算出来的赤字，可以说明敏感性，不应被印成“海地必然每年花费某数”的史实。海军护航、港口设施、外交与殖民行政还会另行发生费用。"
05_大西洋与美洲.md,150,### 5. 一纸承认，比再派一支远征军能买到什么,**主线结论是早日承认，争取贸易而非复奴。** 条件性备选是少量军事援助与安全协定，甚至在当地派系主动邀请下建立有限关系；再征服、恢复大规模奴隶种植园并长期抽税，则与法国保存海军人力、减轻财政和争取美洲合作三项目标同时冲突。
05_大西洋与美洲.md,154,### 6. 岛的东半部：归还西班牙，也不是把问题从地图上擦去,圣多明各东部与海地西部应当分开。西班牙在1795年割让东部，法国的实际控制随后才逐渐建立；当地以牧业、木材与跨境贸易为重，其社会利益不等于西部糖业种植园。
05_大西洋与美洲.md,156,### 6. 岛的东半部：归还西班牙，也不是把问题从地图上擦去,1808年法国指挥官费朗禁止与海地进行牛只、木材等贸易，伤害了东部地方利益；巴约讷废立又给桑切斯·拉米雷斯的起事提供了保卫西班牙王权的号召。帕洛因卡多战败及费朗自杀之后，英国海上支援帮助西班牙在1809年重建统治。（圣多明各贸易与战争文书；Frank Moya Pons有关东部殖民社会的研究；Mackenzie，岛屿历史章节。）
05_大西洋与美洲.md,158,### 6. 岛的东半部：归还西班牙，也不是把问题从地图上擦去,没有巴约讷，后一项触发因素会减弱，但贸易禁令、法军征发和海地安全要求不会自动消失。较稳妥的法西交易，是恢复西班牙名义主权、承认当地通商需求，法国取得约定商业便利，而不是把东部改造成再征服海地的奴隶边疆。
05_大西洋与美洲.md,160,### 6. 岛的东半部：归还西班牙，也不是把问题从地图上擦去,实际的西班牙“愚钝时期”从1809年延续到1821年，随后出现短命独立与1822年海地统一全岛。这个十二年不能直接变成“任何法西安排只能活10—15年”的自然定律。1820年西班牙革命、地方政治与海地决策都参与了结局。**可持续的东部安排依赖宗主国财政与地方接受；若不付出这些条件，换旗只是推迟重议，而非永久解决。**
05_大西洋与美洲.md,162,### 6. 岛的东半部：归还西班牙，也不是把问题从地图上擦去,海地“向外输出革命”的威胁也须分清事实与宣传。法国人员罗贝尔若·拉蒂格关于德萨林策划邻岛大屠杀的报告，后来在波旁复辟背景下出版，缺乏可核的人名、被捕者名单等支撑。它可证明殖民精英的恐惧及由此推动的禁贸、人口管制，却不宜直接证明海地已经实施相应计划。（Trani，2019，对相关档案的批判性讨论。）
05_大西洋与美洲.md,164,### 6. 岛的东半部：归还西班牙，也不是把问题从地图上擦去,圣托马斯等中立岛屿、古巴难民与新奥尔良航运，使政策消息跨岛流动。法国在一岛恢复奴隶制，会损害它在另一岛所许自由的可信度；但结论应是差别政策的信用成本极高，而非不同殖民地法律在技术上绝对不可能并存。历史恰恰显示，它们长期并存，只是常由暴力和排斥来维系。
05_大西洋与美洲.md,168,### 7. 海岛怎样成为欧洲谈判桌上的筹码,法国若要恢复海外位置，未必必须逐岛打回去。1795年的巴塞尔和约，使西班牙用圣多明各东部换取欧洲和平；1802年的亚眠和约，使英国归还马提尼克等地，却保留特立尼达和锡兰。欧洲胜负与海外归属之间，始终隔着一张谈判桌。〔美补1〕
05_大西洋与美洲.md,170,### 7. 海岛怎样成为欧洲谈判桌上的筹码,"瓜德罗普的经历把这种联系推到极致。1813年3月3日英瑞条约第5条，将该岛让与瑞典，作为反法合作安排的一部分；分立条款同时限制奴隶输入等事务。瑞典尚未实际接管，1814年巴黎和约第9条便规定它同意归还法国。同年8月13日的英瑞专约，又以2,400万法郎处理瑞方失去该岛的权利。英国补偿的是瑞典对**归还法国**的同意，不是付钱把岛买成英国殖民地。款项实际在1815—1816年支付，其归属还引发瑞典国家与王储卡尔·约翰之间的争议，最终与偿还国债、王室年金联系起来。〔美补2〕"
05_大西洋与美洲.md,172,### 7. 海岛怎样成为欧洲谈判桌上的筹码,同一份1814年和约第8条，把圣多明各东部归还西班牙，同时让英国保留多巴哥、圣卢西亚、法兰西岛及相关属地。岛屿被归还或留下，既取决于海军位置和已有殖民生产体系，也取决于盟约、王朝索赔与谈判交换。仅凭几项结果，很难把其中一种动机宣布为统摄全部交易的规律。〔美补1〕
05_大西洋与美洲.md,174,### 7. 海岛怎样成为欧洲谈判桌上的筹码,"2,400万与1825年法国向海地索取的1.5亿，相差6.25倍。这个对照有助于看见赔款的政治分量，却不是统一的岛屿价格表：前者处理欧洲国家之间的主权要求，后者处理法国强制提出的旧殖民者补偿；人口、资产、权利内容与日期均不同。数字应支持“权利可以被政治定价”的论点，不应代替海地赔款本身的估值依据。"
05_大西洋与美洲.md,176,### 7. 海岛怎样成为欧洲谈判桌上的筹码,**法国大陆胜利的海外收益，首先可能表现为谈判恢复商站、岛屿与通商权，而非世界地图重新涂色。**较有价值的交换，是以欧洲安全承诺换英国归还可经营、可补给的据点，再以商业收益维持它们。把海地独立也当作同类筹码，尤其危险：欧洲宫廷可以签字，海地军队与社会未必接受。主权安排只有在当地能够执行时，才真正成为秩序。
05_大西洋与美洲.md,180,### 8. 地方政权生根，比换一面旗更重要,圣多明各东部、卡拉布里亚与1799年的那不勒斯共和国，还提供一组有用比较。在东部，禁止对海地贸易损害牧场主与木材经营者；西班牙王权名义、当地武装、波多黎各援助和英国海军又能彼此接合。法国守城军队面对的，因而不只是零散不满，而是一个有接管名义和外援的竞争政权。1808年11月帕洛因卡多战败至1809年7月最后投降约八个月，不能缩写成起义后“六个月全损”。〔美补3〕
05_大西洋与美洲.md,182,### 8. 地方政权生根，比换一面旗更重要,拿破仑时期的那不勒斯王国则有官署、地方军队及从改革中获益的集团，可以把部分统治责任留在本地；1799年的共和国没有来得及建立同样稳固的依托。反过来，缪拉1814年改换联盟仍未保住1815年的王位，又说明地方组织也挡不住全部国际变化。三个案例支持的是一个机制：**法国应帮助盟邦建立能征税、调解和自卫的本地秩序，并使之得到外部承认；单靠法国驻军替盟邦活着，成本更高，撤退时也更脆弱。**它们不是足以计算普遍存活率的样本。〔美补3〕
05_大西洋与美洲.md,186,### 9. 胜利的法国，会让大西洋奴隶制更强吗,"海地独立不能遮蔽其他殖民地。马提尼克在英国占领期间没有实际实行法国1794年废奴；瓜德罗普在1802年发生复奴战争。有关死亡与驱逐的数字有不同口径：若一项研究估计约3,000名平民与1,000名军人死亡、约1,900人遭驱逐，就不能把另一项“死伤或被驱逐合计约万人”的宣传性总数拼成“死亡4,000—10,000人”的区间。（Trani，2019；法国海外档案馆相关历史说明。）"
05_大西洋与美洲.md,188,### 9. 胜利的法国，会让大西洋奴隶制更强吗,法国印度洋殖民地的奴隶主同样抵制解放。拿破仑在1815年禁止的是奴隶贸易，而非普遍废除奴隶身份。一个更长寿的拿破仑帝国，确有维持奴隶种植园利益、拖延全面解放的政治倾向。
05_大西洋与美洲.md,190,### 9. 胜利的法国，会让大西洋奴隶制更强吗,但“英国未最终击败法国，所以奴隶贸易必定到某年才结束”仍越出了证据。英国废奴运动有宗教、社团、议会与被奴役者抵抗的国内和帝国动力；法国胜利不自动抹掉它们。变化更可能出现在条约压力、海军搜检能力、殖民地竞争和奴隶贸易的改旗转港。
05_大西洋与美洲.md,192,### 9. 胜利的法国，会让大西洋奴隶制更强吗,"奴隶贸易数据库的既有估算给出一个尺度：1801—1825年，按承运国旗计，法国船只装载约135,815人，葡萄牙—巴西船只约1,160,601人，英国约283,959人；1826—1850年，法国约68,074人，葡萄牙—巴西约1,299,969人，英国本国船旗的相应估算已为零。它们是被迫登船人数的历史估计，不等于到岸存活人数，也不等于按最终殖民目的地划分。（*Slave Voyages*，跨大西洋奴隶贸易估算表，研究所存版本。）"
05_大西洋与美洲.md,194,### 9. 胜利的法国，会让大西洋奴隶制更强吗,"糖的替代还有欧洲一端。赫克歇尔依据内政部报告区分1813年甜菜糖实际产量约110万公斤与350万公斤的展望值；旧海地材料把后者写作已经实现的3,500吨，应改为约1,100吨。它当时远不足以替代加勒比供应，和平后又面临蔗糖竞争；但后来的关税和技术进步可以使产业复兴。因此，殖民糖业回流会压低甜菜保护利益，却不证明法国本土此后永远不存在反对殖民糖业特权的集团。（Eli F. Heckscher，*The Continental System*，1922年英译本，第291—294页；本书经济章另详。）"
05_大西洋与美洲.md,196,### 9. 胜利的法国，会让大西洋奴隶制更强吗,这些数字证明运输重心转移，不能证明英国禁运“只减少了一个微小比例”，因为真实政策效果须与没有禁运的反事实比较。较可信的结论是：**法国长期胜利很可能加强法属及部分盟国殖民地的奴隶主议价能力，延缓若干地区的解放；英国废奴仍可能推进，古巴、巴西与海地将走不同道路。** 没有理由替整个大西洋统一指定1855年、1875年或一个精确延迟年数。
05_大西洋与美洲.md,202,### 1. 银矿不是国库，国库也不是巴黎的钱箱,"新西班牙的银矿确实关系欧洲战争。布雷丁与克罗斯记录，墨西哥城铸币额从1706年的约600万比索增至1798年的2,400万，后者约占西属美洲铸币总额的三分之二。洪堡又记载，每年约250万马克白银经韦拉克鲁斯与阿卡普尔科流向欧洲、亚洲。这一个是铸币额，一个是出口银重量；不是可以彼此相加的两份财富。（D. A. Brading and Harry E. Cross，〈Colonial Silver Mining: Mexico and Peru〉，*Hispanic American Historical Review*，52卷4期，1972，第545—579页；Alexander von Humboldt，*Essai politique sur le royaume de la Nouvelle-Espagne*，1811，卷三，第335—336页。）"
05_大西洋与美洲.md,204,### 1. 银矿不是国库，国库也不是巴黎的钱箱,"矿业本身也有高度集中的生产网络。瓜纳华托约5,000名矿工及相关工人，使用1,896台碾矿设备和14,618头役骡，年产约50万—60万马克白银。大矿需要排水、火药、木材、饲料、汞和信用；若地方征收把周围农业与贷款体系一并抽干，地下矿脉不会因此自动化为巴黎现金。（Humboldt，卷三，第410—414页。）"
05_大西洋与美洲.md,206,### 1. 银矿不是国库，国库也不是巴黎的钱箱,"洪堡估计新西班牙农业年产值约2,900万比索，矿业约低四分之一。其农业估值部分由什一税和免税作物推算，不是现代国民生产总值，但足以纠正“墨西哥只有银矿”的叙述。粮食、糖、靛蓝、牲畜与地方消费既供养矿工，也给教会、商人和地主以财政诉求。"
05_大西洋与美洲.md,208,### 1. 银矿不是国库，国库也不是巴黎的钱箱,"真实的财政转移已有相当规模。马里查尔估计，1760—1810年新西班牙对外汇出税款超过2.5亿比索，其中约1亿供给其他殖民地与菲律宾，约1.5亿流向宗主国；1780—1810年平均每年对外汇出约800万。1800—1810年直接汇往西班牙及其欧洲债权人的合计约7,000万比索。（Marichal，*Bankruptcy of Empire*，结论，第257页附近及相关注释；不同版本页码应依目录定位。）"
05_大西洋与美洲.md,210,### 1. 银矿不是国库，国库也不是巴黎的钱箱,这几组数字的时段与目的地不同，不能再相加。尤其是供给哈瓦那军港、加勒比驻军和菲律宾的“协济银”，本来就在维持西班牙帝国；法国若截取它来造欧洲军舰，就必须解释由谁接替殖民地防务。保住西班牙帝国与抽走它的全部安全预算，是相反的要求。
05_大西洋与美洲.md,214,### 2. 教会资金被抽走时，反对者不只是教士,1804年以后殖民地实施的“整顿基金”政策，要求清理教会及慈善基金资产和借款，以支持王室债务。其冲击远超过出售修道院地产：教会资金已经深入借贷网络，清偿要求最终落到依赖这些贷款的社会各层。
05_大西洋与美洲.md,216,### 2. 教会资金被抽走时，反对者不只是教士,"实际的教会财富很大一部分是抵押贷款。洪堡估计其可运用金融资本约4,450万比索，而土地不动产价值远小于这一数字。收回这些贷款，会同时打击种植园主、商人、矿业经营者和城镇借款人。马里查尔所引研究中，拍卖不动产只占相关收款约12%；金融抽取才是核心。（Marichal，第4章，第143—151页附近；Gisela von Wobeser研究，经该书引述。）"
05_大西洋与美洲.md,225,### 2. 教会资金被抽走时，反对者不只是教士,资料：Marichal，*Bankruptcy of Empire*，表4.2、4.3。精确末位是原表记账数，不表示整个殖民财政不存在遗漏。
05_大西洋与美洲.md,227,### 2. 教会资金被抽走时，反对者不只是教士,因此，法国若想稳定取得海外补贴，第一步恰应是压低非常征收、避免连续逼迫西班牙召回殖民地信用。法国少取一笔，可能保住未来的联盟；多取一笔，也可能促成下一次拒付和叛乱。
05_大西洋与美洲.md,231,### 3. 补贴条约的“六、四、二”，比一个换算区间更可靠,"1803年10月19日法西协定把西班牙原有军事义务改为货币补贴。重读条文，第3条规定每月600万，第4—5条把它分为两部分：200万留在西班牙，结清法国在当地军港、殖民地和补给方面的欠款；400万按月交入法国财政。第5条所说1,600万，是四个月应实际交付的合计，并不是另一个月度标准。（[1803年法西协定，第3—5条](https://www.dipublico.org/121730/convenio-entre-el-rey-de-espana-y-la-republica-francesa-para-reducir-a-dinero-o-subsidio-anual-las-obligaciones-que-habia-contraido-dicho-monarca-se-firmo-en-paris-el-19-de-octubre-de-1803-y-el-5-de/)。）"
05_大西洋与美洲.md,233,### 3. 补贴条约的“六、四、二”，比一个换算区间更可靠,"这里的网络西班牙文转录省略了货币名称；法国记账文献通常以法郎叙述这笔补贴。如果把四个月的1,600万误当作每月里亚尔额，再以不同币制折成80万—160万比索，就会同时误置期限与单位，得出失真的补贴覆盖率。可靠的实质结论并不依赖这个有问题的区间：**名义义务、留存清算额、实际交付额，必须分开；履约期限也不等于已经交钱。**"
05_大西洋与美洲.md,235,### 3. 补贴条约的“六、四、二”，比一个换算区间更可靠,协定第6条用补贴交换法国承认西班牙中立，第7条还要求西班牙促使葡萄牙提供补贴。它从一开始就是用财政贡献替代直接战争，而不是法国已经获得西班牙主权。1804年英国袭击西班牙运银船队、战争随后扩大，也表明英国不会永远容忍一种名义中立、实际资助法国的安排。
05_大西洋与美洲.md,239,### 4. 英国军舰为什么会运送法国债权背后的银子,"白银能否离开美洲，不仅取决于谁拥有一支战列舰队，也取决于伦敦商人、许可证、债务清算与英国政府的判断。马里查尔记录，戈登—墨菲安排的六次英国军舰运输，在1806年12月至1808年8月运走约8,651,641比索；另有霍普合约涉及“戴安娜”号约3,829,835比索的运输。后者在原书叙述与表格中存在航次日期不一致，宜保留金额及航运机制，不据此编造精确的逐年法国入账。（Marichal，第5—6章，尤其表6.2。）"
05_大西洋与美洲.md,241,### 4. 英国军舰为什么会运送法国债权背后的银子,"这些钱未必都是法国钱，更不意味着英国在秘密资助自己的战争对手。银行债权、西班牙欠款、英国对贸易的需求和许可政策交错，使同一船银子能够在多处账簿出现。霍普持有1,000万比索面值债权，也不是法国立即收到1,000万现金；合同折价与佣金须按原合同处理。"
05_大西洋与美洲.md,243,### 4. 英国军舰为什么会运送法国债权背后的银子,相关债权若已按75%结算，再任意扣除5%—15%的“运费佣金”，就可能把已含在折价里的成本扣了两遍。这种算法不足以确定法国每年净得多少，更不足以确定它承担法国军费的固定比例。较有支撑的判断是：法国可从该网络得到百万比索量级的非常融资，但不应把它扩展成永久、无波动的年贡。
05_大西洋与美洲.md,245,### 4. 英国军舰为什么会运送法国债权背后的银子,"1808年以后还有一个最有力的反例：墨西哥没有把它曾为西班牙国王供给的钱自动改付约瑟夫。1808年秋至1811年初，仍有约2,400万比索从墨西哥送往加的斯方面；马里查尔另表所列全美洲汇款合计约2,940.8万，各行起讫日期又不完全相同。**占领马德里，反而可能把原本间接有利于法国的银流，变成抵抗法国的财政。**（Marichal，第7章，表7.4及相关讨论。）"
05_大西洋与美洲.md,247,### 4. 英国军舰为什么会运送法国债权背后的银子,法国能保住的最优收入形式因而是有上限、可清算、给殖民地保留防务与信贷资金的同盟补贴。其额度应随真实汇款调整，而非先为欧洲军费填一个需要的数，再要求墨西哥兑现。
05_大西洋与美洲.md,251,### 5. 水银：真正的物质瓶颈，不是万能金融武器,墨西哥银矿的大规模汞齐法生产依赖水银。阿尔马登矿在高产年份约产1.8万—2万余西班牙担；按每担汞处理约100—125马克银的历史比率，250万马克白银若全部采用同一种工艺，将需要约2万—2.5万担汞。这只是说明依赖关系的量级，不是一个可以据此精确预测减产的生产函数。（Brading and Cross，1972；Humboldt，矿业章节。）
05_大西洋与美洲.md,253,### 5. 水银：真正的物质瓶颈，不是万能金融武器,原因有三：部分矿石可熔炼；各矿的品位、汞消耗与库存不同；伊德里亚、万卡韦利卡等其他产区与转口也会影响供应。17世纪1630年以后汞供应减少、银产量随之下滑的历史，可证明这种瓶颈真实，不能直接证明1803年禁运将在三至七年内使产量必定下降60%。
05_大西洋与美洲.md,255,### 5. 水银：真正的物质瓶颈，不是万能金融武器,法国若用对西班牙汞矿的影响切断墨西哥生产，首先伤害的是西班牙盟友、墨西哥矿区与自身潜在银流。英国贸易也会受损，但英国同时可能以走私供应、金融替代和政治介入获利。**汞可以成为谈判与有限经济战的工具，不适合作为保住西班牙美洲帝国的主轴。**
05_大西洋与美洲.md,261,### 1. 1808年改变了政治问题的问法,在国王被废之前，殖民地精英可以反对税收、争取职位、要求通商，却仍以效忠君主组织这些要求。1808年真正爆炸性的变化，是“谁有资格代表缺位的王权”。墨西哥城、加拉加斯与布宜诺斯艾利斯先后讨论效忠和自治程序，并不等于三地早已同意一个共同的独立方案。（François-Xavier Guerra，*Modernidad e independencias*；1808年各地市议会及洪塔记录。）
05_大西洋与美洲.md,263,### 1. 1808年改变了政治问题的问法,法国使团的遭遇更直接。1808年7月，加拉加斯在接到王朝变动消息后拒绝承认约瑟夫；8月萨瑟奈前往蒙得维的亚和布宜诺斯艾利斯，同样没有把拿破仑的欧洲命令转换成殖民地服从。法国出身的利尼尔斯，反而因国籍与政治怀疑而处境恶化。蒙得维的亚的地方洪塔可以以反法国、保西班牙王权为由成立，而不必先宣布独立。（Mariano Torrente，*Historia de la revolución hispano-americana*，卷一，1829—1830，第20—21、55页附近；作者立场明显保王，宜与其记事价值分开。）
05_大西洋与美洲.md,265,### 1. 1808年改变了政治问题的问法,所以，不废立波旁能大幅削弱这场合法性断裂。可是，不出现1808年的同一危机，并不等于以后再无危机。地方官职、贸易垄断、教会信用、土地税、种族等级和区域竞争仍在。法国若保留西班牙王冠，却让所有重大财政与外交决策都显得出自巴黎，殖民地也可能重新提出：马德里究竟代表谁？
05_大西洋与美洲.md,269,### 2. 墨西哥：最有条件延续帝国，也最可能把财政矛盾变成社会战争,"墨西哥城的半岛人商人、土生白人市议员、总督与高等法院，不是两个整齐阵营。1808年加布里埃尔·德·耶尔莫带领约300人推翻伊图里加赖总督，既有王权归属之争，也有具体经济利益。耶尔莫本人就因“整顿基金”政策背负巨额还款压力：相关债务约131,200比索，至1808年9月已偿还约86,000。这样的经历表明，保王政变也可能由不满王室征敛的人发动。（Marichal，第7章；墨西哥政治史料。）"
05_大西洋与美洲.md,271,### 2. 墨西哥：最有条件延续帝国，也最可能把财政矛盾变成社会战争,1799年的“砍刀阴谋”拥有的资金、武器很少；1809年巴利亚多利德活动仍可借费尔南多名义主张地方政府。把这些事件写成一支已经成熟、只等法国按下按钮的民族独立力量，会夸大1803年的组织准备。
05_大西洋与美洲.md,273,### 2. 墨西哥：最有条件延续帝国，也最可能把财政矛盾变成社会战争,1810年战争又改变了局面。伊达尔戈对欧洲出生者的敌意、瓜纳华托格拉纳迪塔斯粮仓的杀戮与后续报复，使精英对社会革命的恐惧上升。关于参战和死亡人数，各方叙述差异极大；阿拉曼对部分夸大的死伤数字也有怀疑。这里最重要的不是挑选一个最大数，而是暴力如何把政治自治要求转化为财产、种族与生存冲突。（Lucas Alamán，*Historia de Méjico*，1810年瓜纳华托事件章节。）
05_大西洋与美洲.md,275,### 2. 墨西哥：最有条件延续帝国，也最可能把财政矛盾变成社会战争,到1813年，莫雷洛斯《民族感情》已要求美洲独立，把奴隶制与种姓区分列为应废除对象，并强调美洲人的公职权。它又规定，对外援军应有严格限制，避免外国军队占据国家政治中心。这说明法国即使援助独立者，也未必获得一个愿意接受法国驻军的国家。（José María Morelos，*Sentimientos de la Nación*，1813年9月14日，第1、9、15、16、20条。）
05_大西洋与美洲.md,277,### 2. 墨西哥：最有条件延续帝国，也最可能把财政矛盾变成社会战争,**最可能的主线，是新西班牙比实际历史更久留在波旁体系内，同时逐步要求自治和政治代表。** 条件性备选有两种：若马德里及巴黎以征税压倒改革，危机仍可走向社会战争；若王室主动承认美洲王国地位、地方议会及财政协商，墨西哥有机会转成同君或松散帝国成员。它不需要永远是殖民地，才算西班牙没有全盘失败。
05_大西洋与美洲.md,279,### 2. 墨西哥：最有条件延续帝国，也最可能把财政矛盾变成社会战争,"人口资料也支持谨慎处理身份问题。1793年普查约448万人，洪堡估计1804年约584万，1808年又推为650万；不同估计不能充当同口径增长率。欧洲出生者的数量更有从约7,900到七八万的巨大差别，现有材料未能充分解释统计范围。没有依据把它们平均为一个“8,000—15,000”的漂亮区间，再计算殖民统治的兵力比例。少数半岛人也可以凭地方合作者、信用和法律地位形成强大统治网络。"
05_大西洋与美洲.md,283,### 3. 古巴：最容易保住，却不是最容易封锁,古巴比大陆更可能长期留在西班牙王室之下。种植园主担心海地式革命，港口和驻军与帝国财政相连，英国与美国也未必希望另一强国直接占有这座岛。维持西班牙名义主权，往往比法国兼并更容易得到外部容忍。
05_大西洋与美洲.md,285,### 3. 古巴：最容易保住，却不是最容易封锁,但古巴依赖国际贸易。1808年美国禁运使对北美贸易大幅下降，研究估计减半；部分进口品价格上涨，约三分之二糖收成未能卖出。这里是贸易渠道和特定产品销售的冲击，不是岛上全部经济活动消失。（Juan B. Amores Carredano、Sigfrido Vázquez Cienfuegos有关1808年古巴研究；Vázquez Cienfuegos，*Araucaria*，22，2009，第273—290页，尤其第275页。）
05_大西洋与美洲.md,287,### 3. 古巴：最容易保住，却不是最容易封锁,"海地难民又把技术、资本、种族冲突和反法情绪同时带来。1804年的官方累计数约18,213名法国难民，后来的估计达到2万—3.2万，范围与年份并不完全一致；圣地亚哥的法国移民占比特别高。拿破仑若要求古巴无条件排除英美商船，就会把最有希望保住的殖民地的生活资料和销售收入一并切断。"
05_大西洋与美洲.md,289,### 3. 古巴：最容易保住，却不是最容易封锁,"古巴糖出口从1800年的约28,761吨增至1850年的294,952吨，显示它在海地种植园崩溃后扩张的能力；这同时建立在大规模奴隶输入、土地开拓和资本投资之上。1790—1867年输入约78万奴隶的估计覆盖比本书更长的时期，不能全部归入1848年前。（Ulbe Bosma、Jonathan Curry-Machado，〈Two Islands, One Commodity: Cuba, Java and the Global Sugar Trade, 1790–1930〉，*New West Indian Guide*，2012，相关糖业比较表。）"
05_大西洋与美洲.md,291,### 3. 古巴：最容易保住，却不是最容易封锁,美国国务卿约翰·昆西·亚当斯1823年4月的“政治引力”论，设想古巴未来可能落向美国，不等于立即要求兼并，也不等于愿意容忍法国接管。**古巴最稳的反事实位置，是保留西班牙统治、扩大商业开放而避免成为法国军港体系的显眼突出部。** 若法国强迫它封锁、复仇或重建圣多明各，则保王的经济基础会逐步被自身盟友破坏。
05_大西洋与美洲.md,297,### 1. 保王主义也有本地社会基础,"“少数西班牙人压住全部美洲人”的图景解释不了长期内战。委内瑞拉的保王军吸收大量混血、黑人及平原居民；托伦特的叙述甚至用波韦斯军队约12,000人、欧洲人约200的比例，强调它并非一支从欧洲搬来的军队。这是保王作者对兵力的估计，不应视为精确人口普查，但军队本地化的方向无疑重要。（Torrente，卷一，保王军构成讨论。）"
05_大西洋与美洲.md,299,### 1. 保王主义也有本地社会基础,"在波帕扬及更广泛安第斯地区，原住民社群、奴隶和自由有色人种可能借效忠国王保卫地方权利、土地、自治或争取自由。精英共和国并不总能比遥远的国王提供更好条件。（Marcela Echeverri，〈Abascal, Cádiz y el realismo popular en Popayán〉，载 *Abascal y la contra-independencia de América del Sur*，第449页起。）"
05_大西洋与美洲.md,301,### 1. 保王主义也有本地社会基础,这套合作还有法律上的中介。市议会、高等法院、教会、商人会馆、矿业法庭与原住民社群，各自拥有权利、收入和司法渠道。1806年布宜诺斯艾利斯收复后，当地机构就能改变总督的实际指挥权；不必等1808年法国废王，地方政治已经有组织能力。（Castlereagh，第七卷，第302—309页。）
05_大西洋与美洲.md,303,### 1. 保王主义也有本地社会基础,法国式省长、统一法典与宪兵若直接压上去，需要取代或改造这些组织。困难不是美洲人天生拒绝改革，而是每项统一都要重新分配财产、官职与权力；西班牙王朝尚可借旧契约谈判，外国占领者则更难得到先行服从。
05_大西洋与美洲.md,305,### 1. 保王主义也有本地社会基础,因此，法国帮助西班牙的有效方法不是单纯派法国兵，而是让保王联盟仍有东西可保：地方权利、可承受的税负、明确的司法救济和不被欧洲战争无限征用的财产。反过来，巴黎如果只为白银而来，便可能把这些社会群体推向反面。
05_大西洋与美洲.md,309,### 2. 秘鲁为什么能成为反革命堡垒,"总督阿巴斯卡尔在1806—1816年建立的军事体系，是法国援西能力评估中最有价值的现实证据。秘鲁正规军由1809年约1,500人扩大到1813年2月约8,000人，另有大规模民兵；战争在很大程度上依靠当地人员和财政，而非等待西班牙每年运来一支欧洲军团。（Brian R. Hamnett，*La política contrarrevolucionaria del Virrey Abascal: Perú, 1806–1816*，IEP，2000。）"
05_大西洋与美洲.md,311,### 2. 秘鲁为什么能成为反革命堡垒,利马的商人、官僚、教会及部分地方精英，都担心革命扰乱贸易、税收和社会秩序。阿巴斯卡尔对基多、上秘鲁及智利的介入又带有恢复利马区域主导权的意味，并不只是被动执行马德里的每一道命令。1776年建立拉普拉塔总督区后形成的行政边界，原本就有商业与财政争议。
05_大西洋与美洲.md,313,### 2. 秘鲁为什么能成为反革命堡垒,"这证明法国若避免西班牙本土崩溃，可以通过有限援助放大一个已经存在的保王体系。然而，当地能力有边界。1810年9月至1811年9月的收入约3,659,000比索，其中原住民贡赋1,235,781，比重约33.8%。实际历史中加的斯改革废除贡赋，会在战争最需现金时制造缺口；在没有占领与加的斯制宪的主线上，这项法律不自动出现，但“平等承诺与财政依赖如何相容”的矛盾仍必须处理。（Hamnett，同上。）"
05_大西洋与美洲.md,315,### 2. 秘鲁为什么能成为反革命堡垒,"利马的账簿还揭示“总收入”并非全部可用军费。1812年5,270,963比索中，3,958,036属于一般王室收入，1,070,995为指定用途资金，241,932为替其他机构代收的资金。战争迫使政府挪用、借款和拖欠，但代管不因此变成永久所有权。"
05_大西洋与美洲.md,325,### 2. 秘鲁为什么能成为反革命堡垒,"资料：Carlos Contreras，〈La reforma fiscal de 1815: las finanzas peruanas en vísperas de la independencia〉，*Economía*，2002，第130页表2，[原刊](https://revistas.pucp.edu.pe/index.php/economia/article/download/560/547/2186)。1806年Propios仅列当年征收；加入往年欠款则为3,164,563比索，另有实物支付308,173。表中分栏范围不同，不可用总收入直接减总支出计算自由盈余。"
05_大西洋与美洲.md,327,### 2. 秘鲁为什么能成为反革命堡垒,1815年改革试图提高交易与关税、对不动产净收益及金融收益征税，并整理债务。这显示保王政权也有财政创新能力，而非只能等待法国移植制度；改革加重社会负担，又解释了长期统治为何需要政治协商。（Contreras，同文，改革条目及结论。）
05_大西洋与美洲.md,331,### 3. 十一年军需与捐输：保王战争怎样落到账簿上,利马中央金库的十一年记录，使战争动员的变化更为具体。下表列的是名为“战争开支”的科目，主要包括粮食、衣服、药品和相关付款，**不是包括全部军饷在内的总军事预算**。单位为八里亚尔一比索；原作者以小数展示，个别末位为两位截取。
05_大西洋与美洲.md,347,### 3. 十一年军需与捐输：保王战争怎样落到账簿上,资料：Jesús Yarango、Daniel Morán、Carlos Carcelén，〈El costo de la contrarrevolución. La Caja Matriz de Lima y los gastos de la guerra en tiempos del Virrey Abascal (1806–1816)〉，*Revista Revoluciones*，3卷5期，2021，第106—119页，表1在第112页，[原刊 DOI](https://doi.org/10.35622/j.rr.2021.05.008)。
05_大西洋与美洲.md,349,### 3. 十一年军需与捐输：保王战争怎样落到账簿上,"1810年此项支出约为1809年的8.9倍，清楚显示洪塔革命后战争动员的财政冲击。1813年此科目回落，却不代表秘鲁军队已经解散或战争结束：其他军费列入别科，金库也可改变支付方式。依据账册重建的年表还补出1811年171,212比索4里亚尔；1812年则与特帕斯克—克莱因汇编的174,786比索不同，作者依据手工账册重读为143,515比索6里亚尔。不同会计科目、年表版本和小额币制，需要保留而不是平均。"
05_大西洋与美洲.md,351,### 3. 十一年军需与捐输：保王战争怎样落到账簿上,"到1816年前后，秘鲁累计债务约1,100万比索；佩苏埃拉任内一组收入约180万、支出约2,683,825的预算，显示缺口约883,825。银矿存在不等于政府手里有可立即支付的现金。（Hamnett，阿巴斯卡尔继任后的财政讨论。）"
05_大西洋与美洲.md,353,### 3. 十一年军需与捐输：保王战争怎样落到账簿上,**主线结论：秘鲁是最有希望在法国间接支持下长期保王的大陆区域之一，但其维持条件是财政妥协与区域协商，而不是再添一支欧洲占领军。** 若同时试图压住基多、上秘鲁、智利和拉普拉塔，胜利将迅速转为借债与征收；法国必须选择保住核心，或持续支付扩大统治的代价。
05_大西洋与美洲.md,355,### 3. 十一年军需与捐输：保王战争怎样落到账簿上,账簿之外，利马忠君报刊公布的捐输，展示了财政动员与政治声望的另一条联系。它不是全部税收，也不是所有年份完整审计的同口径现金；报刊的发行、可信度和宣传选择会影响记录。
05_大西洋与美洲.md,369,### 3. 十一年军需与捐输：保王战争怎样落到账簿上,资料：Daniel Morán Ramos、Jesús Yarango Velásquez、Carlos Carcelén Reluz，〈“Sírvase su majestad”: Los donativos regionales durante el gobierno del virrey Abascal…〉，*Historia Regional*，48，2023，第9—11页，[原刊全文](https://historiaregional.org/ojs/index.php/historiaregional/article/download/721/1313)。利马约占所录总额65.8%，其他地方34.2%。
05_大西洋与美洲.md,371,### 3. 十一年军需与捐输：保王战争怎样落到账簿上,官方报纸刊出捐赠者姓名，把金钱变成公开忠诚与地位。1810年旧报因虚假捷报等因素失信、继而换刊，说明征款还依靠信息信用；后期报载金额下滑，也不应直接等同于整个保王社会突然消失。法国若帮助王室维持统治，必须维护这种真实的地方合作，而非只寄送一份欧洲胜利公报。
05_大西洋与美洲.md,375,### 4. 拉普拉塔：海港的利益，并不等于整个流域的利益,布宜诺斯艾利斯面对的是另一套财政地理。港口商人和畜牧业主希望扩大合法贸易；上秘鲁矿区的转移支付曾支撑河口行政；蒙得维的亚拥有自己的港口、军政网络；巴拉圭与内陆地区又不愿简单服从布宜诺斯艾利斯。
05_大西洋与美洲.md,377,### 4. 拉普拉塔：海港的利益，并不等于整个流域的利益,"马里亚诺·莫雷诺1809年《地主陈情书》为开放贸易辩护，声称每年逾400万比索的非法进口只产生约96,000比索税款，若合法化本可取得约150万。后两数之比约6.4%，说明其对走私损失的论证力度；但这是改革倡议者的估算，不是已经做过一场税制实验得到的因果效果。（Mariano Moreno，*Representación de los hacendados*，1809年9月30日。）"
05_大西洋与美洲.md,379,### 4. 拉普拉塔：海港的利益，并不等于整个流域的利益,莫雷诺还援引蒙得维的亚一批交易和关税收入，说明港口开放能够提供现钱；布宜诺斯艾利斯拖欠军饷、财政短缺，又使这类论证特别有力。让殖民地忠于西班牙，同时要求它不与最能运来货物、带走畜产品的船队做生意，正是法国封锁政策的内在矛盾。
05_大西洋与美洲.md,381,### 4. 拉普拉塔：海港的利益，并不等于整个流域的利益,但地方财政并不只是“波托西银子不来了”。安东尼奥·加拉尔萨重读布宜诺斯艾利斯与科尔多瓦账册，纠正了战争时期中转资金的漏计：1806、1807年部分款项未进入首都金库，却已被总督用于各地支付。下列为其修订后的协济银序列。
05_大西洋与美洲.md,397,### 4. 拉普拉塔：海港的利益，并不等于整个流域的利益,资料：Antonio Galarza，〈Fiscal Transfers between Buenos Aires and the Viceregal Interior…〉，*Latin American Research Review*，59，2024，第394—411页，表2在第401页，[原刊 DOI](https://doi.org/10.1017/lar.2023.72)。
05_大西洋与美洲.md,399,### 4. 拉普拉塔：海港的利益，并不等于整个流域的利益,"修订后的年均约859,376比索，明显高于仅依部分首都账目得出的不足75万估计。银流确比前一十年减少，但汇票和科尔多瓦中转使军费能够先支付；“未入首都库”不等于“王室没有动用”。这也解释内陆为什么对首都财政要求积累不满。"
05_大西洋与美洲.md,401,### 4. 拉普拉塔：海港的利益，并不等于整个流域的利益,因此，拉普拉塔比墨西哥、秘鲁更难长期维持旧垄断。在没有王朝真空的主线上，自治与商业开放仍很可能持续推进；若王室让步充分，可出现同君下的自治王国或联邦式安排；若坚持以战争恢复贸易独占，英国商人与海军便更容易找到当地盟友。
05_大西洋与美洲.md,403,### 4. 拉普拉塔：海港的利益，并不等于整个流域的利益,这个区域也没有理由必然形成后来同名、同界的各国。布宜诺斯艾利斯、蒙得维的亚、巴拉圭、上秘鲁之间的利益分裂是真实的，国家边界却是战争与谈判的结果。法国能影响其中某些交涉，不足以从巴黎一次性绘好1848年的地图。
05_大西洋与美洲.md,407,### 5. 委内瑞拉、基多、智利：不同地形，不同联盟,委内瑞拉的沿海出口经济、平原畜牧社会与种族秩序，使战争更容易超出精英自治的范围。米兰达1806年在科罗的行动没有形成他期望的普遍欢迎；相当多本地居民，包括原住民，参与抵抗。英国支持一位独立领袖，不等于该领袖已经代表当地社会。（Torrente，卷一，第54—55页。）
05_大西洋与美洲.md,409,### 5. 委内瑞拉、基多、智利：不同地形，不同联盟,基多与新格拉纳达的地区中心、地方社群和保王据点相互竞争；智利又受到利马海军与军队的干预。若西班牙王朝未崩溃，政治改造大概会更不同时、更不统一。法国有限援助可能保住若干港口和道路，难以替当地政府解决土地、族群、区域税收与官职竞争。
05_大西洋与美洲.md,411,### 5. 委内瑞拉、基多、智利：不同地形，不同联盟,**较可能的长期图景不是“全部不独立”，而是独立、自治与保王并存，彼此出现的先后次序改变。** 墨西哥与秘鲁有较强的帝国连续性条件；拉普拉塔的商业自治压力更强；委内瑞拉及安第斯地区的结果更依赖战争中的社会联盟。法国若执意把这些差别抹成一套行省制度，反而会制造原先并不存在的共同敌人。
05_大西洋与美洲.md,417,### 1. 从征服者到“辅助者”，并非出于抽象自由信念,"1806—1807年英国进攻拉普拉塔的失败，暴露了用有限远征军征服并统治一个不愿服从的社会的困难。卡斯尔雷在1807年5月1日备忘录中，把违背当地居民意愿的征服称为近乎无望的任务；未来行动应更像当地力量的“auxiliaries and protectors”，即辅助者和保护者。（Castlereagh，*Correspondence, Despatches and Other Papers*，第二辑，第七卷，1851，第314—324页。）"
05_大西洋与美洲.md,419,### 1. 从征服者到“辅助者”，并非出于抽象自由信念,它不是英国立即、永久支持所有共和革命的证明。备忘录也考虑君主制方案与波旁支系；更早的波帕姆1803年秘密计划带有先夺据点、再组织政治转变的军事思路。英国最稳定的目标是削弱敌人、取得港口与市场，政治形式则取决于当地接受和国际形势。（同卷，第288—293、385—389页。）
05_大西洋与美洲.md,421,### 1. 从征服者到“辅助者”，并非出于抽象自由信念,米兰达1806年与科克伦的约定也列出交易：英国提供有限海军支援，独立政权给予英国贸易便利，并处理其他国家关税与债权问题。英国支持可以撤回；当地领导人也会为自己的国家利益讨价还价。（同卷，第419—421页，1806年6月9日往来文书。）
05_大西洋与美洲.md,423,### 1. 从征服者到“辅助者”，并非出于抽象自由信念,1808年西班牙转为英国反法盟友后，卡斯尔雷暂缓进一步介入南美的部分计划。若法国始终保住一个亲法西班牙，这个暂停理由反而减弱。**避免半岛战争固然保全西班牙，也可能释放英国支持美洲自治的外交空间。** 这是主线真实需要承担的代价，不应只列收益。
05_大西洋与美洲.md,427,### 2. 法国干预的顺序，应与真实能力一致,帮助西班牙维持美洲的政策，可以按所需承诺分成四层。
05_大西洋与美洲.md,429,### 2. 法国干预的顺序，应与真实能力一致,第一层是外交与经济：承认合法王朝，停止强索非常补贴，鼓励海外代表与地方议会，允许有条件对英美通商。它不需要赢得全大西洋制海权，却会损害法国想实行的严密大陆封锁。两者之间必须作选择。
05_大西洋与美洲.md,431,### 2. 法国干预的顺序，应与真实能力一致,第二层是军官、工匠、军火与情报。由西班牙名义接收，结合当地军队和港口，可强化秘鲁、古巴等现存体系。法国的经验有用，但军官受谁任命、谁发军饷、武器能否持续补充，要写入实际协议，而不是只写“法军先进”。
05_大西洋与美洲.md,433,### 2. 法国干预的顺序，应与真实能力一致,第三层是有限护航、临时分舰队与局部登陆。法国可以选择窗口，保护某一次运输或某一要港；英国仍有能力截击、再集结或转攻别处。局部成功不等于为韦拉克鲁斯、哈瓦那、加拉加斯、卡塔赫纳、蒙得维的亚和卡亚俄同时提供永久海上安全。
05_大西洋与美洲.md,435,### 2. 法国干预的顺序，应与真实能力一致,第四层是由法国承担美洲大陆大规模平叛。它要求跨洋军需、轮换、补充和当地财政，又会把法国直接变成殖民战争的一方。这一层与法国在欧洲减少驻军、减轻债务、稳定继承的主战略抵触最强，理应作为最不优先的例外，而非欧洲胜利后的自然奖励。
05_大西洋与美洲.md,437,### 2. 法国干预的顺序，应与真实能力一致,换言之，拿破仑“愿意帮西班牙”有两个版本：一种是保住合作的盟友；另一种是保住随时向法国供钱、又不许另行贸易的殖民机器。前一种有现实路径，后一种会不断侵蚀它赖以存在的联盟。
05_大西洋与美洲.md,441,### 英国的美洲方向并非自动替代战场,如果拿破仑不推翻西班牙王室，英国从半岛战争中省下的军队，确有转投美洲的可能；但伦敦的意图也会随着法国威胁的变化而改变。1808 年初，威尔斯利与米兰达讨论的重点已是支持西属美洲独立，而非直接征服。方案曾被搁置；法国深入西班牙及王室危机的消息传来后，波特兰政府担心西班牙殖民帝国也落入法国之手，才在 4 月重新推进。等到西班牙本土反法起义提供更近、更急迫的机会，卡斯尔雷又于 6 月 30 日写信解释，他暂且搁置南美指令——“for the present to withhold any Instructions about S. America”。这不是一个坚定不移、只待腾出兵力的拉美征服时间表，而是随欧洲局势切换的战略组合。**反事实中，不发生半岛战争会同时产生两个方向相反的变化：英国拥有更多可机动兵力，却也减少了立即防止法国接收西班牙美洲的紧迫感。** 巴黎因此最应争取的是让西班牙保持可信的自主王权与对外贸易，而非以为只要不在西班牙开战，英国必然退出美洲，或必然把全部远征军转投美洲。〔补5〕
05_大西洋与美洲.md,445,### 英国支持的拉美也可能是君主国，而且会反过来冲淡封锁,英法在美洲争夺的，并不只是“西班牙殖民地”与“独立共和国”两个整齐选项。1808 年，威尔斯利对米兰达的共和宪制计划持怀疑态度，更偏好一位君主与代表机构共存的政体：上院可由君主任命的贵族和地主终身组成，旧制度先保留，再依经验渐次改革。它既不同于旧式殖民直辖，也不同于后来实际出现的多数共和国。威尔斯利同时意识到，友好而独立的美洲国家会主张与欧洲自由贸易；英国对中立友邦施加的限制，将比对敌国殖民地更加难以维持。**这为法国开出另一条路径：不必吞并每一片美洲领土，只要在西班牙、美洲自治政体和英国商人之间促成贸易与债务安排，就可能把英国的商业利益与其封锁政策分开。** 一个法国占优势的欧洲，因而可以与多个亲商、立宪而未必亲法的美洲国家并存；这种外部秩序较少服从巴黎，却也较不容易被伦敦完整动员为反法资源。〔补6〕
05_大西洋与美洲.md,451,### 1. 若葡萄牙不被入侵，里约不会自动成为帝国首都,1807年葡萄牙宫廷迁往巴西，既有长期危机准备，也有英国舰队护送和法国入侵的紧迫刺激。没有入侵，不等于王室永远不会考虑海外避难；但最可能的短期结果仍是宫廷留在里斯本，通过中立、补贴和海上贸易求生。
05_大西洋与美洲.md,453,### 1. 若葡萄牙不被入侵，里约不会自动成为帝国首都,"在本书较早转向巩固的主线上，巴西因此仍先是一片统治中心位于欧洲的殖民地。它的贸易开放与自治要求不会消失，只是缺少1808年以后宫廷、官署、授勋、消费与城市建设突然集中里约的那条现实路径。（Kirsten Schultz，*Tropical Versailles: Empire, Monarchy, and the Portuguese Royal Court in Rio de Janeiro, 1808–1821*，2001；Kenneth Maxwell，*Naked Tropics*，第8章。）"
05_大西洋与美洲.md,455,### 1. 若葡萄牙不被入侵，里约不会自动成为帝国首都,由此得到的不是“巴西必定更晚独立”一个单向答案。留在里斯本的宫廷可能更坚持殖民垄断，激化地方不满；也可能在西葡两帝国改革的压力下逐步开放。缺少里约王朝中心，会使一个保持大体领土统一、由原王朝王子主持独立的方案较难复制。更大的地方分化风险与更晚的政治断裂，可以同时存在。
05_大西洋与美洲.md,459,### 2. 若已迁都，法国就很难让它自愿回到旧制度,"晚一步止损的分支不同。1808年巴西港口已经开放，王室及其追随者已在里约建立利益。初期一般进口税率为24%，葡萄牙船运另有优惠；1810年对英条约给予英国货物15%税率，又有领事司法等特殊待遇，后来对葡萄牙货物另作调整。税率须按年份、船旗、商品和协定分别解释，不能把一个税率表当成整个时期不变的制度。（Alan K. Manchester，*British Preeminence in Brazil*，1933；Jorge M. Pedreira，〈From Growth to Collapse: Portugal, Brazil, and the Breakdown of the Old Colonial System〉，*HAHR*，80卷4期，2000，第839—864页。）"
05_大西洋与美洲.md,461,### 2. 若已迁都，法国就很难让它自愿回到旧制度,葡萄牙商人的损失有具体尺度。佩德雷拉计算，1808—1813年葡萄牙对巴西本国产品出口，仅约为1796—1806年平均水平的22.4%；巴西商品再出口约11.6%，欧洲商品转运约10%。不同序列口径各异，但共同说明里斯本旧转口体系受到猛烈打击。法国若要求宫廷回国，并不只是在要求换住址，而是在要求一批已经受益者重新交出权利。
05_大西洋与美洲.md,463,### 2. 若已迁都，法国就很难让它自愿回到旧制度,1815年巴西升为王国，强化其与葡萄牙的法理并列；它不是从无到有创造所有行政机关，却为拒绝降回殖民地提供了新立场。1817年伯南布哥革命、1820年葡萄牙革命、1821年王室回国及1822年佩德罗主持独立，分别包含地方自主、欧洲复旧和王朝连续性的不同因素。（Schultz；Maxwell，同上。）
05_大西洋与美洲.md,465,### 2. 若已迁都，法国就很难让它自愿回到旧制度,于是，若法国在王室已迁都之后才恢复伊比利亚稳定，最可能面对的是一个已经改变重心的葡巴帝国。它可促进两边妥协，却难以替里斯本恢复原有独占权。英国也不会因法国在大陆获胜就失去巴西的航运、信贷和外交位置。
05_大西洋与美洲.md,467,### 2. 若已迁都，法国就很难让它自愿回到旧制度,宫廷迁移还改变了信息与制度。1808年巴西撤销部分限制制造业的规定、设立王家印刷所；伦敦出版的《巴西邮报》持续批评条约与行政，却也主张渐进改革。1810年英葡安排建立的法尔茅斯—里约邮船和英国商行网络，使商业优势同时成为信息优势。法国单有欧洲声望，难以取代这套定期到达的船、信用和消息。（Schultz；Manchester，1810年条约与英国商人章节。）
05_大西洋与美洲.md,471,### 3. 里约的繁荣，同样建立在奴隶劳动之上,王室迁都的城市叙事不能只写剧院、宫廷和印刷所。18世纪末里约人口大约4.5万—6万，奴隶人口占比很高；此前每年已有约万人的奴隶输入。宫廷、建筑、服务和出口经济扩大，会增加强迫劳动需求。（Schultz，城市社会与奴隶劳动章节。）
05_大西洋与美洲.md,473,### 3. 里约的繁荣，同样建立在奴隶劳动之上,卡洛塔——葡萄牙摄政者的妻子、西班牙波旁公主——曾试图以王朝身份争取西属美洲的政治角色。英国内部对她的方案也不一致；当地一些人愿意讨论她作为宪政或自治的媒介，并不等于愿意被巴西兼并。法国可以利用这类王朝联系谈判，却不能把它简化为“法国支持葡萄牙王室，因此自动取得拉普拉塔”。（Manchester；Maxwell，有关卡洛塔主义的讨论。）
05_大西洋与美洲.md,475,### 3. 里约的繁荣，同样建立在奴隶劳动之上,**巴西的主要备选因此有两个：无迁都时，渐进改革与地方自治竞争，领土统一的王朝支点较弱；已迁都时，巴西政治升级难以倒转，王朝分立或松散同君安排更有条件。** 两种都不等于法国殖民地，也都可能继续维持奴隶制及出口依赖。
05_大西洋与美洲.md,479,## 九、到19世纪中叶，美洲会留下怎样的法国胜利痕迹,法国胜利的痕迹，最可能体现为战争减少、王朝连续性延长、若干殖民关系经谈判改造，而不是美洲地图染成法国颜色。
05_大西洋与美洲.md,493,## 九、到19世纪中叶，美洲会留下怎样的法国胜利痕迹,这是一组有史料约束的方向判断，不是已经校准的互斥概率，也不为各地区规定一个必然独立年份。真正能够改变排序的证据，应是当地接受改革的政治联盟、可持续的年度财政与军事补给、法国实际承诺的海上资源，而不是再增加几个小数点。
05_大西洋与美洲.md,495,## 九、到19世纪中叶，美洲会留下怎样的法国胜利痕迹,本章最重要的因果关系可以压缩成一句话：**法国要让西班牙更长久地保住美洲，必须容许西班牙及美洲少替法国承担一些战争；法国要在美洲得到更多合作，也必须接受少一些直接控制。** 这不是放弃法国胜利，而是把欧洲胜利转成可持续国际秩序时必须支付的价格。
06_东方与印度.md,3,# 第七章　从多瑙河到印度洋：东方不是通往英国的一条空路,**本章结论。** 拿破仑确实反复设想以东方牵制英国，甚至讨论重新占领埃及、派军穿越波斯和进攻印度。愿望不是疑问；问题是这些目标能否得到同一套盟友、运输、财政和政治条件支持。
06_东方与印度.md,5,# 第七章　从多瑙河到印度洋：东方不是通往英国的一条空路,答案须分成三个层次：**恢复法国在印度的商站和贸易地位，有直接的条约先例，现实可行；支援印度及其外围的自主国家、提高东印度公司的防务成本，也有实际经验；征服英国在印度的领地并建立持久法国统治，超出1803年起法国最有根据的能力组合。** 这不是说欧洲军队永远到不了印度，而是说抵达、取胜、征税和长期补充四件事，法国没有一条同时闭合的路径。
06_东方与印度.md,7,# 第七章　从多瑙河到印度洋：东方不是通往英国的一条空路,从奥斯曼、埃及、波斯、阿富汗到旁遮普，没有哪个政权只是供法国远征军踏过去的地面。他们要的是自身安全、王朝延续、土地、税收和贸易。法国若想得到他们的帮助，必须承认这些目标；一旦如此，东方就更适合成为多边制衡体系，而不是法国省份的连续延伸。
06_东方与印度.md,13,### 1. “衰落帝国”仍有许多能说不的人,1803年的奥斯曼国家既不是整齐的现代官僚机器，也不是等候列强瓜分的尸体。苏丹、宫廷、乌理玛、禁卫军、地方显贵、包税人、商人和粮食供应者，分掌不同资源。中央的命令必须穿过这些组织，才能成为赋税、粮运和真正到营的士兵。
06_东方与印度.md,15,### 1. “衰落帝国”仍有许多能说不的人,"1807年，法国希望约25,000人通过波斯尼亚，前往多瑙河帮助奥斯曼对俄战争。波斯尼亚地方贝伊两次拒绝大军通行，却愿意接受少量军官。巴伊拉克塔尔等有实力的地方人物，也不愿让一支可能留下来的法军进入自己的政治空间。（Stanford J. Shaw，*Between Old and New: The Ottoman Empire under Sultan Selim III, 1789–1807*，1971，第355—356、363页。）"
06_东方与印度.md,17,### 1. “衰落帝国”仍有许多能说不的人,这件事直接否定一种地图推演：只要苏丹与拿破仑签约，从亚得里亚海到黑海就自动出现一条法国军用公路。外交许可、地方同意、补给供应与安全保障，是四项不同条件。
06_东方与印度.md,19,### 1. “衰落帝国”仍有许多能说不的人,"同样，帝国的财政弱点不是简单“没有钱”。雅伊哲奥卢指出，蒂马尔和税源逐步落到中央官员与地方权势者手里；若账簿把某项收入列为可回收，实际却已有一串受益者，它就不是皇帝随意处置的闲置资产。其所讨论的一组1804年蒂马尔登记中，3,575份里2,047份列为“空缺”，但相当部分已经进入权势网络。（Ali Yaycioglu，*Partners of the Empire: The Crisis of the Ottoman Order in the Age of Revolutions*，2016，第53—55页及相关章节。）"
06_东方与印度.md,23,### 2. 新军的问题，不只是是否学会法国操典,"塞利姆三世的新秩序军到1806年底约有22,685名士兵、1,590名军官，约一半在安纳托利亚。它是可观的新力量，却未自动改造鲁米利亚征募，更未化解旧军与城市社会的既得利益。（Shaw，第130—133页。）"
06_东方与印度.md,25,### 2. 新军的问题，不只是是否学会法国操典,"禁卫军军饷凭证可以流通，商人、宗教人士和家庭也可能持有收益权。于是，清除虚额不仅是校正一张兵员表，也是在取消一批社会财富。1809年出现约4,000人实际应召、却领取约14,000份军饷的案例；到1826年，名册和实际服役之间的差距更大。不同数字的年份与地域须分开，不能据此宣布整个帝国只剩几千名能战之兵。（Virginia H. Aksan，*Ottoman Wars, 1700–1870: An Empire Besieged*，2007，改革与禁卫军解体诸章。）"
06_东方与印度.md,27,### 2. 新军的问题，不只是是否学会法国操典,1807年政变前，塞利姆犹豫是否召来新军，改革在宫廷选择与地方政治中崩溃；1808年巴伊拉克塔尔率军介入，仍救不回已经被杀的塞利姆。马哈茂德二世后来消灭禁卫军，依靠的是多年重组宗教支持、炮兵、军械与宫廷联盟，不是突然得到一批法国教官就完成革命。
06_东方与印度.md,29,### 2. 新军的问题，不只是是否学会法国操典,法国确能提供炮兵、工兵、教官和军械技术；更有用的承诺是稳定付款、保证领土和少干涉统治结构。试图把奥斯曼省份迅速改成法国行政区，反而会同时激怒地方财政网络与中央主权。
06_东方与印度.md,31,### 2. 新军的问题，不只是是否学会法国操典,1808年《盟约》所显示的中央—地方显贵协商，是另一条可能的国家建设路径：它可能以协议、责任和地方伙伴加强帝国，而不是只靠中央消灭一切中介。其后失败，不证明这种路径从来没有可用政治基础。（Yaycioglu，关于 *Sened-i İttifak* 的章节。）
06_东方与印度.md,35,### 3. 达达尼尔海峡，是法俄联盟绕不过去的分配难题,拿破仑愿意以奥斯曼领土同俄国谈判，但他又不愿让俄国拥有完全自由的地中海出口。1808年法俄交涉中，君士坦丁堡与达达尼尔海峡的归属不断成为障碍。俄国若得到城市，却仍须经过法国控制的海峡，相当于离开自家门口也要取得邻国许可；法国若把海峡全部交给俄国，则改变欧洲长期均势。（John H. Puryear，*Napoleon and the Dardanelles*，1951；Albert Vandal，*Napoléon et Alexandre Ier*，卷一，1808年谈判部分。）
06_东方与印度.md,37,### 3. 达达尼尔海峡，是法俄联盟绕不过去的分配难题,后来的著名格言——“谁占有君士坦丁堡，谁就拥有世界帝国”——常在回忆叙事中传播，不宜当作1808年某次会议的逐字记录。真正的同期文书已经足够：科兰古1808年3月16日致信中的“je crois”，表明把海峡交给俄国能否稳定其野心，连使节自己也只是在估计，不是两国已批准的交易。
06_东方与印度.md,39,### 3. 达达尼尔海峡，是法俄联盟绕不过去的分配难题,提尔西特秘密协定也没有一份已经敲定的印度远征部署。共同出兵地点和数量留待后议；有关奥斯曼的排除条款说明帝国中心并非任由双方分配。1808年埃尔福特交涉接受俄国对多瑙河两公国的利益，又努力避免公开交易把奥斯曼推向英国。外交上相互矛盾的承诺，削弱的是法国日后动员奥斯曼的信用。
06_东方与印度.md,41,### 3. 达达尼尔海峡，是法俄联盟绕不过去的分配难题,到1812年，法国又希望苏丹率大军攻俄。马哈茂德二世有充分理由不相信那个曾拿本国领土同俄国交易的保护者。布加勒斯特和约以普鲁特河为界，使俄国可以从南方脱身；法国的俄国战争威胁确实改善了奥斯曼谈判筹码，却没有转成奥斯曼接受法国战略指挥。（Aksan；1812年5月28日《布加勒斯特和约》第4—6、8、11条。）
06_东方与印度.md,43,### 3. 达达尼尔海峡，是法俄联盟绕不过去的分配难题,这里有一项反事实的反向作用：如果法国与俄国长期和解，奥斯曼可能失去利用法俄战争改善条款的机会。所以“法国不征俄”并非对每个伙伴都只有好处。法国若要以较和平的秩序保全奥斯曼，必须用可信的领土担保与外交调停，替代战争恐惧所提供的短期筹码。
06_东方与印度.md,47,### 4. 粮食、货币和海峡贸易，规定了帝国合作的限度,伊斯坦布尔依赖多瑙河、黑海和巴尔干的粮食与牲畜供应；研究所举1818年羊只来源中，多瑙河公国占约42%。即便中央愿意参与对英经济战争，也不可能无成本地切断自身商业和粮食网络。（Aksan，军需与首都供应讨论。）
06_东方与印度.md,49,### 4. 粮食、货币和海峡贸易，规定了帝国合作的限度,海上执行尤其困难。希腊商船、奥斯曼地方港口、敖德萨及埃及的贸易，可以绕开中央法令。法国越坚持把一切船货纳入封锁，地方走私利润越高，奥斯曼政府面对的内部阻力也越大。军火与技术合作有共同利益；全面经济从属没有同样基础。
06_东方与印度.md,51,### 4. 粮食、货币和海峡贸易，规定了帝国合作的限度,财政数字亦须先处理币值。18世纪末与19世纪前期的库鲁什数额，经历货币含银量和征收口径变化。将1784年收入、改革新库收入与1826年的名义预算直接排列，就可能把贬值当成国力增长。部分1820年代币值剧烈变动，尤其不宜再按单一汇率折成法郎，给法国东方补贴表提供虚假精度。（Şevket Pamuk及Aksan的货币、财政讨论；Shaw，新秩序财政章节。）
06_东方与印度.md,53,### 4. 粮食、货币和海峡贸易，规定了帝国合作的限度,"军事上同样需要区别登记、集结与野战。1811年奥斯曼军在多瑙河战区仍能集结数万兵，战败涉及渡河部署、封锁和补给，不能由一张国家兵额表提前得出“必胜”或“没有军队”。约36,000人受困于多瑙河北岸的经历，更说明政治上能动员与行动上能维持不是一回事。"
06_东方与印度.md,57,### 5. 希腊与东方危机，在法国胜利后仍会发生,希腊商业网络、宗教共同体、地方武装与流亡者，拥有独立于拿破仑的历史。友谊社1814年在敖德萨成立，正表现了商贸、帝国边界与政治动员的交错。法国主导欧洲，既可能压低外部支持起义的机会，也可能因法国革命与民族语言的流动产生新的期待。
06_东方与印度.md,59,### 5. 希腊与东方危机，在法国胜利后仍会发生,因此，不宜断言“法国胜利，所以不会有希腊独立、不会有纳瓦里诺”。较可能的初始法国政策是维持奥斯曼完整，以自治、地方保证或国际协商缓和危机，因为完整的奥斯曼有利于限制俄国。但如果俄、英与地方力量形成新的联合，法国仍须在保全帝国、保护基督徒的声望和避免大战之间取舍。
06_东方与印度.md,61,### 5. 希腊与东方危机，在法国胜利后仍会发生,**主线的东方欧洲秩序，是一个自主的奥斯曼帝国，而不是法国的巴尔干行政区。** 条件性备选包括受到列强保证的希腊自治或独立、塞尔维亚等地更强地方权利，以及中央改革与地方协议并行。法国可以决定是否助长危机，难以决定所有民族运动是否存在。
06_东方与印度.md,67,### 1. 拿破仑的埃及愿望，确实没有在1801年结束,塞巴斯蒂亚尼1803年的报告声称少量法军就可重占埃及，带有明显政治目的；它不是当地长期占领的完整预算。但以后更具体的文书说明，拿破仑确实持续考虑返回。
06_东方与印度.md,69,### 1. 拿破仑的埃及愿望，确实没有在1801年结束,"1810年9月17日，他给德克雷的信讨论一支约4万人的远征军：约3万步兵、4,000炮兵与工兵、6,000骑兵，另列马匹和车辆运输。1811年的命令又涉及尼罗河及湖泊船只、侦察和准备。这些细节不能被一句“东方只是虚张声势”抹掉；同样，纸面兵力与船运计划没有实际启航，也不能作为法国已经具备运送并维持4万人的证明。（Édouard Driault，*Mohamed Aly et Napoléon, 1807–1814*，1925，收入上述往来文书。）"
06_东方与印度.md,71,### 1. 拿破仑的埃及愿望，确实没有在1801年结束,法国如果在欧洲更早停止扩大战争，确实能腾出一部分资源。但这部分资源也可以用于补强本土海军、降低债务和保障继承。重新占领埃及不是节约出来的钱唯一、甚至未必最合理的用途。
06_东方与印度.md,75,### 2. 阿里的商业向英国，技术向法国，政治向自己,1805年以后崛起的穆罕默德·阿里并不以“亲法”或“亲英”之一为固定身份。他欢迎法国技术和人员，却防备法国再次占领；他向英国控制的市场出售粮食，却不愿因此成为英国附庸。1808年前后加固亚历山大防御、拒绝带有控制意味的援助，正体现这种选择。（Driault，1808—1810年领事文书。）
06_东方与印度.md,77,### 2. 阿里的商业向英国，技术向法国，政治向自己,"拿破仑在欧洲实行封锁时，埃及粮食却经马耳他进入英国的地中海供应体系，间接支撑伊比利亚战场。马尔索记录法国领事对月度船运的观察，包括30艘、每艘约1,200阿尔达布粮食的规模；1811年获利4,500万—5,000万皮阿斯特，是同期估计，不是核定国库净收入。（Afaf Lutfi al-Sayyid Marsot，*Egypt in the Reign of Muhammad Ali*，1984，第146—149页。）"
06_东方与印度.md,79,### 2. 阿里的商业向英国，技术向法国，政治向自己,这笔贸易说明埃及有自主的收入逻辑。如果法国要求阿里断掉英国市场，法国就须提供替代销售、价格或补贴；仅以大陆皇帝的威望提出命令，不足以弥补损失。
06_东方与印度.md,83,### 3. 红海被重新使用，却不是苏伊士运河,阿里为了向阿拉伯半岛投送军队，在布拉克制造船只，拆成部件后用骆驼运往苏伊士再组装；1809—1811年有关记录列出18艘约100—150吨的船。他也利用马斯喀特航运。这个工程证明埃及能组织一条跨沙漠转运线，不能把它说成一条容纳欧洲舰队直航印度的运河。（Marsot；Driault，红海船运文书。）
06_东方与印度.md,85,### 3. 红海被重新使用，却不是苏伊士运河,"1801年英国贝尔德部队经红海进入埃及，提供了另一项真实先例：数千人规模的跨海与沙漠行动可以实现。然而无水路段、运输动物、饮水和夜行军安排，正是行动的条件。由约6,000名印度兵及相关部队的行动，外推为数万法军能够连续越过埃及再横渡印度洋，需要另做船舶、季风和补给准备。"
06_东方与印度.md,87,### 3. 红海被重新使用，却不是苏伊士运河,法国的红海方案因此要同时取得地中海入口、埃及通行、跨沙漠转运、红海船运、印度洋会合与登陆接应。缺一个环节，其余投入可能只形成困在埃及的军团。
06_东方与印度.md,89,### 3. 红海被重新使用，却不是苏伊士运河,商业转运后来确有发展。1841年阿里给予半岛东方航运公司苏伊士登陆与陆路转运便利，却担心一条国际运河诱发外国占领。这项区别很重要：收费的商道可以加强埃及财政，别国军队自由通过的军事走廊则可能毁掉其主权。法国若尊重前者而放弃强索后者，更容易得到合作。（Marsot，第264—267页。）
06_东方与印度.md,93,### 4. 阿里想要叙利亚，不是替拿破仑取得孟加拉,埃及扩张首先服务于阿里的王朝。阿拉伯战争关联奥斯曼宗教政治与埃及自身安全；苏丹远征涉及黄金、兵源及奴隶；叙利亚则提供人口、战略纵深与木材。易卜拉欣1833年所说“拥有舰队的国家需要木材”，概括了奇里乞亚、叙利亚与塞浦路斯在其规划中的物质意义。（Marsot，第227—231页。）
06_东方与印度.md,95,### 4. 阿里想要叙利亚，不是替拿破仑取得孟加拉,"巴格达与更遥远东方并没有同等价值。1828—1830年前后，阿里对法国希望他向的黎波里、突尼斯、阿尔及尔扩张的方案也不热心：代价大，且分散他对叙利亚的注意。一个愿意用法国军官训练军队的统治者，完全可以拒绝法国为他指定战争。（Khaled Fahmy，*All the Pasha’s Men: Mehmed Ali, His Army and the Making of Modern Egypt*，1997，第1章。）"
06_东方与印度.md,97,### 4. 阿里想要叙利亚，不是替拿破仑取得孟加拉,法国若真要购买阿里对印度远征的合作，阿里最可能要求的是世袭权、埃及安全、对叙利亚诉求的支持、财政补偿与不被法国占领的保证。问题随即出现：支持阿里取得叙利亚，会伤害法国承诺保护的奥斯曼完整。两项“亲法盟友”不能在同一块土地上同时得到全部许诺。
06_东方与印度.md,99,### 4. 阿里想要叙利亚，不是替拿破仑取得孟加拉,阿里在国内也不是凭法国支持才取得权力。奥斯曼授职、阿尔巴尼亚军人、开罗乌理玛和商人的联合共同促成其上升；其后他削弱旧伙伴，1811年城堡屠杀又清除马穆鲁克领导层。1820年代征兵与征敛激起城乡抵抗。故法国若试图除掉阿里另立总督，面对的是重新组合这些力量，而非更换一块行政招牌。（Aksan；Fahmy，第1—3章；Driault，1925，第16—17页。）
06_东方与印度.md,101,### 4. 阿里想要叙利亚，不是替拿破仑取得孟加拉,他的政治语言仍主要属于奥斯曼—伊斯兰世界，而非后来的阿拉伯民族国家。把法国支持的埃及直接写成一个早生半世纪的阿拉伯民族帝国，会误读统治者身份与地方动员。（Marsot，第241页。）
06_东方与印度.md,105,### 5. 埃及的强军，建立在被征服者和农民身上,阿里的军队不能写成法国教官在东方复制了大军团。早期从苏丹奴隶中建立军队的试验遭遇高死亡与其他困难，1822年以后转向大规模征募埃及农民。欧洲式操练被纳入奥斯曼—埃及的统治目标，不是简单移植。（Fahmy，第2—3章。）
06_东方与印度.md,107,### 5. 埃及的强军，建立在被征服者和农民身上,征兵、身体检查、医院、军校和军需采购加强了国家能力，同时也意味着逃亡、惩罚、家庭劳力损失及强制劳动。军队与海军的累计逃亡记录，不能当成某一日同时缺员，更不能自动等于死亡。法国式技术的传播并不让这套制度失去压迫性。
06_东方与印度.md,109,### 5. 埃及的强军，建立在被征服者和农民身上,"1830年代埃及动员人口的规模可达十余万，但同时代观察者斯科特所列名义军额90,550人与其估计的约8万埃及正规军，并不是同一范围；叙利亚部队、非正规军与海军另有口径。农民人口约数与军额相比，可以显示负担沉重，不应伪装成精确的人均动员极限。（C. R. Scott，*Rambles in Egypt and Candia*，1837，卷二，军队与海军章节；Fahmy。）"
06_东方与印度.md,111,### 5. 埃及的强军，建立在被征服者和农民身上,"1832年科尼亚，埃及军以较少兵力击败奥斯曼主力，是组织和战术成功的显著证据。战役人数和损失数字在文献间不一，常引约15,000对50,000的规模足以说明以少胜多；它不证明阿里从此能占领并治理整个奥斯曼帝国。1839年的胜利与奥斯曼舰队倒向埃及，更将当地军事优势同列强干预的危险同时推到高点。"
06_东方与印度.md,115,### 6. 工厂、棉花与舰队，仍受全球市场限制,"埃及确有工业扩展。长绒棉的引种、灌溉与国家收购，创造出口收入；马尔索所列棉花数量由1828年的59,200坎塔尔增至1844年的153,363。兵工厂可以月产数门火炮、数百支步枪；不同工场的数字不能相加成不变产能。煤、铁、设备和熟练人员仍依赖外来供应。（Marsot，农业、工业与海军各章。）"
06_东方与印度.md,117,### 6. 工厂、棉花与舰队，仍受全球市场限制,"军队现代化还面对瘟疫、欠饷和行政负荷。1835年瘟疫死亡约50万是历史估计，不能当作完全核定人口数；但其对劳动力、军队和税收的冲击不容忽视。1841年前后债务约8,000万法郎的估计，1844年一组税款拖欠约占应收额19%的数据，都表明胜利并不自动形成充足现金流。（Marsot，政权晚期财政与继承讨论。）"
06_东方与印度.md,119,### 6. 工厂、棉花与舰队，仍受全球市场限制,阿里对自己海军水平的“还在学字母”比喻也值得保留：埃及能够运送军队、成为区域海权，不等于已经可以和最大的欧洲舰队争夺全球航道。法国提供技术会缩小差距，却不能抹去海员训练、海上基地、维护和融资的积累。
06_东方与印度.md,121,### 6. 工厂、棉花与舰队，仍受全球市场限制,**主线结论是一个更能同法国合作、却坚持自主的埃及王朝，处于奥斯曼法统与事实自治之间。** 若法国的欧洲优势足以提高其外交分量，阿里可能保住更多地方权利；但“没有法国战败，因此1840年外部干预不会发生、埃及必然吞并叙利亚”并不成立。英、俄、奥和苏丹仍可反对。法国最稳的选择是调停，不是同时保证苏丹全部领土与阿里全部扩张。
06_东方与印度.md,125,## 三、北非的另一端：阿尔及尔不是缩小版埃及,阿尔及尔、突尼斯和的黎波里拥有不同的奥斯曼联系、地方政权、贸易与私掠网络。把它们一起称为“巴尔巴里海盗”，会遮蔽港口社会、条约收入、农业和商人；把1830年法国夺取阿尔及尔视为法国能轻易征服埃及的先例，又混淆了海岸登陆与内陆统治。
06_东方与印度.md,127,## 三、北非的另一端：阿尔及尔不是缩小版埃及,"潘扎克记录，马赛每年来自马格里布的到港船数，1784—1788年约148艘，1793—1799年约28艘。法国革命战争破坏商业，也改变了私掠利润。某些年份私掠重新繁荣，并非这些社会永远停留在同一经济形态。（Daniel Panzac，*Barbary Corsairs: The End of a Legend, 1800–1820*，2005，第73—76页。）"
06_东方与印度.md,129,## 三、北非的另一端：阿尔及尔不是缩小版埃及,"阿尔及尔1813年可确认的奴隶规模上限约1,645人；突尼斯在一项峰值估计中，私掠收入约占国家收入15.7%。它们足以解释国家对海上暴力的依赖，却不支持将整片北非经济都简化为贩卖欧洲俘虏。（Panzac，奴隶经济及国家收入章节。）"
06_东方与印度.md,131,## 三、北非的另一端：阿尔及尔不是缩小版埃及,英国与美国的海军行动，证明海上强国可以轰击港口、迫取条约和释放俘虏；它们不自动解决内陆地权、部族联盟和长期行政。法国若在欧洲胜利后选择殖民扩张，北非沿海据点比征服印度更接近其投送能力；但这种选择需要新增占领费用，不是维持欧洲秩序的免费附赠。
06_东方与印度.md,133,## 三、北非的另一端：阿尔及尔不是缩小版埃及,对主线而言，最便宜的北非政策仍是商业条约、有限威慑与港口合作。若改为直接征服，法国将把欧洲巩固节省的兵力重新投进另一场长期战争。阿尔及尔可以成为备选殖民方向，却不能反过来证明欧洲全面行省化与无限海外扩张可以同时实现。
06_东方与印度.md,139,### 1. 芬肯施泰因不是一张已经开通的印度通行证,1807年5月4日法波《芬肯施泰因条约》包含互惠条件。法国保证波斯领土，承认波斯对格鲁吉亚的主张，并许诺促使俄国撤出；军火按约定欧洲价格供应，法国派军官训练。波斯则同英国断交并准备合作。（《芬肯施泰因条约》第2—8条。）
06_东方与印度.md,141,### 1. 芬肯施泰因不是一张已经开通的印度通行证,第10条要求波斯争取阿富汗及坎大哈力量的合作，先取得通过其领土的许可；第12—13条把路线、给养、运输和采购价格留待特别安排；第14条为法国过境开门，却排除俄、英。**阿富汗同意、运输仓储和法俄联合远征，都不是这份条约已经解决的事。**
06_东方与印度.md,143,### 1. 芬肯施泰因不是一张已经开通的印度通行证,法国军官的确到达了。加尔达纳使团在1807年9月离开斯库台，11月抵大不里士，12月到德黑兰；人员沿斯库台—德黑兰、德黑兰—伊斯法罕、巴格达—设拉子—波斯湾等路线调查。道路报告、地图、炮厂和操练，远比后世“东方幻想”的四字概括具体。（Driault，*La politique orientale de Napoléon*，1904，第316—320页；使团往来文书。）
06_东方与印度.md,145,### 1. 芬肯施泰因不是一张已经开通的印度通行证,但波斯接受这些人，首先是为了对抗俄国，不是替法国走向印度。法俄提尔西特和解后，法国不愿为了格鲁吉亚同新伙伴翻脸；1808年俄波战事中，法国教官又受到不得实际参战的限制。条约中最重要的波斯所得没有兑现，要求波斯继续为法国冒险就失去基础。
06_东方与印度.md,149,### 2. 英国的优势，是可以把承诺变成付款与人员,1808年底波斯向法国提出最后要求；加尔达纳1809年2月离开，英国外交人员紧接着到来。英国1809年提供约10万英镑补助及训练支持，后续协定又调整为20万土曼等标准。这些金额涉及年份、币种与履约条件，不能统一写成“每年英国固定支付某数”。1814年条约更带有战争责任等限制。（Harford Jones Brydges，*An Account of the Transactions of His Majesty’s Mission to the Court of Persia*，1834；英波1809、1812、1814年协定。）
06_东方与印度.md,151,### 2. 英国的优势，是可以把承诺变成付款与人员,比较的重点是，英国可以调动印度体系中的财政、军官与运输，而法国必须横穿欧洲、奥斯曼或绕行海路维持相同承诺。法国外交声望很高，交付链却更长。
06_东方与印度.md,153,### 2. 英国的优势，是可以把承诺变成付款与人员,波斯自身的收入也不是地图上全部税额的简单合计。王子和地方官在辖区征收、支付本地军政费用，贡礼中有马匹、珠宝等非现金资产。国王拥有宝石，不等于远征军下一站已有谷物和现钱。（Jones Brydges，第286—287页。）
06_东方与印度.md,155,### 2. 英国的优势，是可以把承诺变成付款与人员,"阿巴斯·米尔扎的新军从约数千人逐步扩大：研究所列1808—1809年约6,000、1817年约8,000，1831年约12,000步兵及1,200炮兵，口径与年份不同。它们说明改革有实际成果，也说明一支数万人的法国远征军不会到来后便自动获得同等规模、训练一致、可离开高加索前线的波斯辅助军。"
06_东方与印度.md,159,### 3. 铸出二十门炮，不等于已经建立东方大军,法比耶在约五个月中铸出20门炮，是使团技术工作的成功。部分火炮随后被封存而未有效用于预定战争，又显示技术能力与指挥、财政、外交之间的脱节。（Driault；加尔达纳使团材料。）
06_东方与印度.md,161,### 3. 铸出二十门炮，不等于已经建立东方大军,使团对波斯全国骑兵、步兵与炮手给出的十余万、数万等数字，主要是名义资源盘点。骑兵义务、季节动员、地方忠诚、军饷和牲畜状态，都决定纸面兵额能否出现在远方战场。将它们同法国出征兵力相加，得出一支可以直趋印度的联合军，是最容易发生的统计幻觉。
06_东方与印度.md,163,### 3. 铸出二十门炮，不等于已经建立东方大军,**法国维持波斯合作的可行条件，是实际支持其安全、持续支付技术援助，并约束俄国的相关扩张。** 若法国把与俄国和解置于一切之上，波斯转向英国是合理选择。较稳定的备选不是“波斯永久入法国体系”，而是波斯继续在列强之间议价，保留自主军制与外交空间。
06_东方与印度.md,169,### 1. 杜兰尼王朝的名义疆域，不是一条统一后勤区,埃尔芬斯通1809年出使喀布尔宫廷时，观察到的阿富汗王权正处于竞争、地方分权与财政困难中。他所述近3千万卢比的名义收入，与不足2千万的实际收入并不相同；其中又有相当部分分给贾吉尔持有人，中央真正可以支配的现金更少。（Mountstuart Elphinstone，*An Account of the Kingdom of Caubul*，1815，财政与军队章节。）
06_东方与印度.md,171,### 1. 杜兰尼王朝的名义疆域，不是一条统一后勤区,部族骑兵的服役义务、王室古拉姆骑兵、地方军队也不能全部视为国王随时可派往印度的常备军。沙阿·舒贾1809年即将丧失王位；与他签约，并不保证继任者、部族首领和沿途城镇履约。
06_东方与印度.md,173,### 1. 杜兰尼王朝的名义疆域，不是一条统一后勤区,这正是芬肯施泰因条约为什么需要另行取得阿富汗同意。法国军队即使通过波斯，仍须在赫拉特、坎大哈、喀布尔及不同路线节点分别解决粮食、驻地、现金和人质保证。任何一处继承战争，都可能把国际远征变为当地政争的俘虏。
06_东方与印度.md,177,### 2. 法国威胁最确凿的成果，是英国先签了约,1809年英国同旁遮普、阿富汗与信德分别安排外交防线。4月25日《阿姆利则条约》界定英国与兰吉特·辛格在萨特莱杰河两侧的关系；6月喀布尔协定针对法波联合通过的威胁；8月与信德的条约排斥法国势力进入。（上述三项条约；明托1808年6月17日关于向拉合尔、喀布尔派使节的备忘录。）
06_东方与印度.md,179,### 2. 法国威胁最确凿的成果，是英国先签了约,它们不是一份内容相同的“反法同盟”：旁遮普关心边界与自身扩张，阿富汗条款针对特定入侵组合，信德保护本地统治。法国没有抵达，却促使英国更早重视西北边疆。这个影响有文书支持；“英国前沿体系因此精确提前二十年完成”则没有可验证的反事实时钟。
06_东方与印度.md,183,### 3. 锡克军队用法国操典，却不替法国打仗,兰吉特·辛格可以聘用阿拉尔、文图拉等欧洲军官，也可以让他们使用法式操练、军服与组织。1822年后的经验说明，法国战败后流动的军官和技术仍有价值；它并不证明这些军官能够把旁遮普变成巴黎的军事代理。（H. T. Prinsep，*Origin of the Sikh Power in the Punjab*，1834；欧洲军官在旁遮普服役材料。）
06_东方与印度.md,185,### 3. 锡克军队用法国操典，却不替法国打仗,"普林塞普汇集的一组财政数为入库收入14,881,500卢比、贾吉尔收入10,928,000卢比；正规军27,752人与合计82,014名各类兵额，范围不同。376门火炮与370门驼载炮也属不同类别，不能合并成同等重炮。它们表明锡克国家有实质财政—军事能力，而非仅有法国人装饰的宫廷。（Prinsep，第183—187页。）"
06_东方与印度.md,187,### 3. 锡克军队用法国操典，却不替法国打仗,法国若在欧洲长期存在，可以使军官、装备、外交担保的联系更连续，增加旁遮普对英国议价的空间。可是，兰吉特·辛格会按旁遮普利益使用这些资源；他未必愿为法国在孟加拉的计划把本国卷入大战。
06_东方与印度.md,189,### 3. 锡克军队用法国操典，却不替法国打仗,实际历史中1839年后的继承与军事政治危机，深刻影响英锡战争。反事实推演可以判断英国仍会关注旁遮普，也可能继续扩张，却不应规定1845—1849年的战争及吞并原样发生。稳定继承、较早财政改革、不同英法关系，足以改变时间与结局。**旁遮普是法国支持地区均势的合理对象，不是征服全印度的现成踏板。**
06_东方与印度.md,195,### 1. 同期文书支持威慑，也支持更远的想象,1807年11月12日拿破仑给科兰古的训令讨论4万法军经君士坦丁堡、4万俄军经高加索；1808年2月2日致亚历山大一世的信，又说一支大军还未抵达幼发拉底河就足以使英国震动。这句话把威慑放在抵达印度之前，说明计划首先也服务于欧洲谈判。（拿破仑《通信集》，上述日期文书。）
06_东方与印度.md,197,### 1. 同期文书支持威慑，也支持更远的想象,但同一时期给加尔达纳的训令涉及约2万法军和训练约1.2万波斯军，也有人调查行军道路。因此，把全部方案归为“纯口头虚张声势”同样失之简单。最准确的判断是：**拿破仑认真保留东方军事选项，并利用它施压；他从未完成使最大方案能执行的政治与物质闭合。**
06_东方与印度.md,199,### 1. 同期文书支持威慑，也支持更远的想象,"1801年保罗一世命令约22,507名哥萨克出动的行动，不能用作已经成熟的法俄联合远征先例。它确有俄方命令和行军，但流传的法俄各35,000人共同方案，缺少相应两国批准文书；法方使节抵达时间也晚于行动结束。必须区分俄国单方面行动与拿破仑已同意的联合战争。"
06_东方与印度.md,203,### 2. 五个月行程，不含组装一支五个月能活下来的军队,法国调查者估计，从特拉布宗至印度河可能需五至七个月，经阿勒颇则七至八个月。这类时间通常不包括大军集结、谈判、开仓、道路修整、作战和等待季节。使团几十人的旅行速度，更不等于带火炮、伤员和牲畜的大军速度。（Driault，1904，第316—320页及使团道路报告。）
06_东方与印度.md,205,### 2. 五个月行程，不含组装一支五个月能活下来的军队,报告提到约每两名士兵需要一头驮畜；有些路段仅能得到切碎麦秸等饲料，居民又可能避军而逃。牲畜既是运输工具，也是需要持续喂养的消费者。向东走得越远，法国越需要预置仓库、商人信用和当地权力保障，而不是只在地图上增加一段箭头。
06_东方与印度.md,207,### 2. 五个月行程，不含组装一支五个月能活下来的军队,"可以用一个透明的算例说明尺度。**假设**25,000人每日每人消耗1.5公斤粮食，仅人粮每天就需37.5吨；储备十天需375吨。如果再**假设**一头驮畜净载150公斤，仅这十天人粮就需要2,500头满载驮畜。此算例没有包括饲料、饮水、弹药、帐篷、医疗和运输人员，也没有把牲畜损失计入。"
06_东方与印度.md,209,### 2. 五个月行程，不含组装一支五个月能活下来的军队,"它证明负荷很大，不证明某个固定“2万人物理上限”。把报告“每两人一头驮畜”换成约12,500头，是另一种总运输估计，不能再把2,500简单相加而不查重。更不能用未经校准的生存率与白银预算，宣布2万—3万人恰好会在一年半抵达赫拉特。"
06_东方与印度.md,211,### 2. 五个月行程，不含组装一支五个月能活下来的军队,"1838年英国入侵阿富汗的一支约9,500名战斗人员的孟加拉军，带有数万随营人员和约3万头骆驼，可作数十年后的规模警示；它不是1808年法国方案的真实编制。（John William Kaye，*History of the War in Afghanistan*，卷一，第388—389页。）"
06_东方与印度.md,215,### 3. 联盟账比粮食账更难合上,法国若走奥斯曼—波斯道路，必须保证奥斯曼安全；俄国若大规模参加，则希望在海峡与高加索得到收益；波斯最需要的是收回格鲁吉亚，而芬肯施泰因条约又排斥俄军通过；阿富汗与旁遮普则要防止外国军队借道变占领。
06_东方与印度.md,217,### 3. 联盟账比粮食账更难合上,这些要求不是抽象“东方复杂”，而是对同一块土地和同一条通道提出互相冲突的权利。可以通过金钱、领土妥协、分段部署和条约逐项修补，但每修一处，都会改变原本的联合远征。
06_东方与印度.md,219,### 3. 联盟账比粮食账更难合上,**最可能实现的是小规模使团、军官、军械和部分资金到达；条件更好时，可以形成地区性军事合作。** 数万欧洲正规军的陆路印度远征，需要远超实际文书已兑现程度的连续保障；其战略收益主要在迫使英国防备，而不是一条可稳健实现法国征服印度的主线。
06_东方与印度.md,225,### 1. “收回七年战争失地”，首先须说明收回什么,1763年《巴黎和约》第11条并未让法国在印度所有商站永久消失。条约把商站恢复到1749年初的状态，要求归还其后某些地区取得的领土，并限制法国在孟加拉苏巴设防与驻军。法国失去的是挑战英国区域霸权的重要条件，而不是从此在印度没有任何合法商业存在。（[1763年《巴黎和约》第11条，耶鲁 Avalon 原文](https://avalon.law.yale.edu/18th_century/paris763.asp)。）
06_东方与印度.md,227,### 1. “收回七年战争失地”，首先须说明收回什么,本地治里、金德讷格尔、马埃、卡里卡尔、雅南等据点，在此后战争与和约中多次易手。1814年和约又恢复若干战前商站，同时规定军事限制，并承认英国在印度相关领土的地位。条约恢复商站与恢复一个可以征税、扩军的大型殖民国家，是两种完全不同的结果。（1814年《巴黎和约》第8、12条。）
06_东方与印度.md,229,### 1. “收回七年战争失地”，首先须说明收回什么,法国若以较强身份谈判，当然可以争取较好的商业、驻留与防御条件。但英国是否允许商站成为大军登陆基地，是和平的核心争议；不能一面假设英国安心裁军，一面假设法国获得无限制印度进攻权。
06_东方与印度.md,231,### 1. “收回七年战争失地”，首先须说明收回什么,**恢复商站是最有现实根据的印度目标；取得一个有限武装桥头堡是需要额外交换的备选；恢复18世纪中期杜普莱式政治支配乃至征服全印度，则是另一场战争。**
06_东方与印度.md,235,### 2. 德卡恩收到过进攻设想，却首先遇到时间差,1803年拿破仑给德卡恩的训令说其使命“首先是观察”，同时又要求规划在法国并不掌握海洋的假定下，如何维持印度战争。把前半句当成法国从无进攻意图，会漏掉同一份文件的后半段。（拿破仑致德卡恩训令，1803年1月15日。）
06_东方与印度.md,237,### 2. 德卡恩收到过进攻设想，却首先遇到时间差,"德卡恩带往东方的陆军只有约1,200—1,400人，数字随是否计入附属人员而异。抵达印度后，英国对交还本地治里的拖延、欧亚通信的时差与战争重启，使他最终以法兰西岛为主要基地。巴黎的一道命令跨越数月海程，当地形势已可能完全改变。（S. P. Sen，*The French in India, 1763–1816*，1958，德卡恩及法兰西岛诸章；C. Northcote Parkinson，*War in the Eastern Seas, 1793–1815*，1954。）"
06_东方与印度.md,239,### 2. 德卡恩收到过进攻设想，却首先遇到时间差,与马拉塔的联系并非不存在。辛迪亚方面曾寻求法国在马拉巴尔登陆，德卡恩也派出使者；但穆勒抵达时，佩龙体系已经瓦解。库尔松—迪尔讷等人后来的行动遭逮捕；莫雷纳斯报告消极结果；迪法耶在丹麦属特兰奎巴活动也未建立可靠大联盟。（Sen，〈French Agents in India and Decaen’s Project of Invasion〉章。）
06_东方与印度.md,241,### 2. 德卡恩收到过进攻设想，却首先遇到时间差,这里最重要的不是使者姓名的堆叠，而是每一条联系都遭遇不同阻力：抵达太晚、当地政局变动、英国情报与拘捕、资金和行动目标不匹配。法国缺的不是一个愿意送信的人，而是能把外交承诺、登陆和当地战役放在同一个季节的协调能力。
06_东方与印度.md,245,### 3. 1808年大方案：西班牙不是唯一一道门,"拿破仑1805年曾设想投入约2万法国军人，联同西班牙和岛上力量；1808年5—6月的方案又列出约19,600名陆军、10,600名水手及56艘各类舰船。纸面上的兵力和船数是真实计划的一部分，不应抹去。（拿破仑《通信集》，1805年1月16日及1808年6月10日前后相关命令；Sen；Parkinson。）"
06_东方与印度.md,247,### 3. 1808年大方案：西班牙不是唯一一道门,若不爆发西班牙战争，法国确实少一个重大分流。但出港条件改善，并不证明56艘船一定会作为完整远征队出海，更不证明按某个未经校准的“60%—75%抵达率”就能把一万余人送到目标。季风、分舰队会合、补水修理、英国拦截、基地粮食和登陆后的收入，需要分别落实。
06_东方与印度.md,249,### 3. 1808年大方案：西班牙不是唯一一道门,"实际增援远小于方案。海军大臣德克雷、德卡恩及远洋舰队指挥官之间有目标与风险判断差异；利努瓦并不简单受当地总督战术指挥。将执行失败全部归为德克雷“胆小”，会忽略部门分权、船只状态、命令延迟与欧洲优先级。（Parkinson，第9章；Henri Prentout，*L’Île de France sous Decaen, 1803–1810*，1901，相关内容在本研究中经Pierre Kaeppelin书评及Sen转述使用，未冒称已核全书。）"
06_东方与印度.md,253,### 4. 私掠能增加成本，却不能替代制海权,法兰西岛和波旁岛使法国巡航舰、私掠船有了补给、修理和出售战利品的基地。苏尔库夫等人的袭击迫使商船采用护航、提高保险、改变航线；一段时间的贸易恐慌可以相当强烈。（Parkinson，私掠与英国护航诸章。）
06_东方与印度.md,255,### 4. 私掠能增加成本，却不能替代制海权,但私掠收益依赖商船仍然航行，也依赖基地不被拔除。英国可以把损失分摊到保险、护航和更大财政体系；法国不能由少数丰厚战利品推导出英国印度贸易已断。1804年普洛奥拉行动中，英国东印度商船队的抵抗与欺骗使利努瓦退却，说明武装商船、指挥判断和情报同样重要；有关船货总值的异文不必拿来制造一个巨额“差点获得”的收益。
06_东方与印度.md,257,### 4. 私掠能增加成本，却不能替代制海权,1810年大港海战，英国损失四艘护卫舰，是法国真实的战术胜利。但英国已拥有罗德里格斯岛等前进支点，并能重新集结登陆力量；法兰西岛仍在同年12月陷落。**赢一场港内海战，与使敌人再也组织不起下一次远征，是不同的能力。**（Parkinson，第22章；Sen，法兰西岛陷落章节。）
06_东方与印度.md,259,### 4. 私掠能增加成本，却不能替代制海权,"关于英国登陆兵力，资料分别出现6,848、11,306及约16,000等数字，涉及陆上战斗序列、海军陆战队、水手及叙事总人数。既有材料没有把所有口径完全对齐，故不取平均。共同可确认的事实是，英国组织的联合登陆明显超过法国岛上约2,000名守军，并能选择多个登陆点。"
06_东方与印度.md,263,### 5. 法国基地的政治软肋，也在奴隶制,法兰西岛的种植园经济和殖民统治依靠奴隶劳动。殖民者抵制革命时期的废奴，也曾反对危急时武装奴隶。1809年相关动员公告被撤回，表明总督不能把奴隶人口直接计成可自由使用的兵源。（Prentout经Kaeppelin转述；Sen，殖民地动员部分。）
06_东方与印度.md,265,### 5. 法国基地的政治软肋，也在奴隶制,一部分殖民者对税收、征发和战争破坏贸易深感不满，甚至可能接受英国占领以恢复秩序。因此，法国基地既有外部封锁，也有内部联盟成本。解放奴隶换取兵源可能创造另一套社会支持，却会推翻原先奴隶主统治契约；它不是随手勾选的军事补员办法。
06_东方与印度.md,267,### 5. 法国基地的政治软肋，也在奴隶制,马达加斯加的塔马塔夫等地为马斯克林群岛提供粮食、牲畜与被奴役人口，说明基地自持也依赖邻近海岸贸易。缺少这类航线、仓储和库存的逐年材料，就不宜宣布巴黎每年增加几百名士兵便必然让两岛多守18个月或三年。补强可能提高成本，英国也可能因此更早集中力量拔除。
06_东方与印度.md,273,### 1. 马拉塔的分裂，是政治选择，不是只有装备落后,"1802年霍尔卡尔击败佩什瓦与辛迪亚的联军后，佩什瓦转而接受英国的巴塞因安排。辛迪亚、霍尔卡尔、那格浦尔的邦斯勒和浦那宫廷，彼此竞争王权、税源与地位；并没有一个可以代表所有邦签署共同战略的稳定中央。（Stewart Gordon，*The Marathas, 1600–1818*，1993，第170—179页。）"
06_东方与印度.md,275,### 1. 马拉塔的分裂，是政治选择，不是只有装备落后,法国军官训练的步兵和炮兵确有战斗力，英军在阿萨耶、拉斯瓦里并非毫无代价地获胜。但这些军队的军饷与政治忠诚来自当地统治者，不来自巴黎。法籍军官中有人积累财富、持有东印度公司相关金融资产、希望退休；德·布瓦涅等人的行为也不能归为对拿破仑的统一服从。（Randolf G. S. Cooper，*The Anglo-Maratha Campaigns and the Contest for India*，2003，第222—226页。）
06_东方与印度.md,277,### 1. 马拉塔的分裂，是政治选择，不是只有装备落后,英国把这些部队描述成法国“第五纵队”，有助于为先发战争辩护；历史研究不应照单全收。法国即使及时提供现金和数千援军，也首先要同辛迪亚、霍尔卡尔各自协商，而不是宣布指挥一支已经存在的马拉塔民族联军。
06_东方与印度.md,279,### 1. 马拉塔的分裂，是政治选择，不是只有装备落后,最有利的早期窗口，是法国有限援军与现金同霍尔卡尔等的战争在时间上衔接，使公司付出更高代价，促成较有利于诸邦的议和。这个备选有机制基础，但不证明公司因此必定破产，更不证明印度诸邦胜利后会接受法国总督。
06_东方与印度.md,283,### 2. 海得拉巴与迈索尔：1803年之前已经关闭的门,"海得拉巴雷蒙麾下法式部队约14,000人的规模，说明法国军事技术曾深入印度政治。但1798年该军团已在英国压力及尼扎姆宫廷的选择下被解除武装。1803年重新开始推演，不能把它当成仍在原地等待法国接管的部队。（Sen，海得拉巴法军团章节。）"
06_东方与印度.md,285,### 2. 海得拉巴与迈索尔：1803年之前已经关闭的门,蒂普苏丹1798年向法国要求数千欧洲士兵和更多非洲兵，实际获得的援助却极少；法属岛屿公开的招募与援助宣言，还给英国提供了发动战争的理由。蒂普1799年死亡，迈索尔的政治结构已被改造。法国可以利用旧王朝象征及不满者，却不拥有一个完整、尚未战败的蒂普国家。
06_东方与印度.md,287,### 2. 海得拉巴与迈索尔：1803年之前已经关闭的门,1806年韦洛尔兵变中，蒂普家族的存在和象征确有作用；军服、胡须、耳饰与皮革规定触及军人宗教和身份，亦是关键因素。它证明公司军队内部存在脆弱点，不证明法国曾直接策划，更不证明同一时刻全印度土兵都在等待法国登陆。（H. H. Wilson，*The History of British India*续编，卷七，韦洛尔章节；Seema Alavi，*The Sepoys and the Company*。）
06_东方与印度.md,291,### 3. 特拉凡哥尔：传闻可以动员，承诺仍须兑现,1808—1809年韦卢·坦皮领导的抵抗，与附属军费用、地方权力和宗教政治有关。法国即将援助的传闻可以扩大动员，却没有变成可持续的法印联合行动。纳伊尔部队规模不小，仍在英国军队和地方政治变化中迅速失败。（Wilson，卷七，特拉凡哥尔章节。）
06_东方与印度.md,293,### 3. 特拉凡哥尔：传闻可以动员，承诺仍须兑现,这个案例支持的不是“法国只需登陆就能点燃全印度”，而是外援预期可能改变地方领导人的冒险意愿。如果法国制造期待却不来，结果可能是盟友遭到更早、更严厉的打击。拿破仑的东方威胁不仅让英国多花钱，也可能让潜在伙伴承受风险。
06_东方与印度.md,297,### 4. 尼泊尔、缅甸、阿曼：共同忌惮英国，不等于共同战略,尼泊尔有自己的山地扩张和边境利益。1814—1816年的战争表明，它能给英国造成显著成本；但军械补给、资源与多线压力同样限制行动。它对中国或旁遮普的求援，不等于对法国作出从属承诺。（John Pemble，*The Invasion of Nepal: John Company at War*，有关军制与外交讨论。）
06_东方与印度.md,299,### 4. 尼泊尔、缅甸、阿曼：共同忌惮英国，不等于共同战略,缅甸也不是一支可从东方配合法军的现成军队。与暹罗的战争、征发逃亡、内部负担和孟加拉贸易，限制其选择。法国人员试图建立联系及相关使者被捕的材料，说明有外交探索，却不足以支持一条从法国、波斯到缅甸同时发动的包围计划。柚木和造船可能成为贸易合作点，仍须考虑英国控制海路与当地统治者的需求。
06_东方与印度.md,301,### 4. 尼泊尔、缅甸、阿曼：共同忌惮英国，不等于共同战略,阿曼—马斯喀特依靠印度贸易，并受到瓦哈比等陆上压力。1798、1800年的英阿安排及1803年对法国接触的拒绝，显示它倾向选择能实际提供海上保护的力量。若法国拿不出替代安全和市场，就很难以一纸波斯同盟购买阿曼港口。（Sen；Parkinson；有关马斯喀特条约材料。）
06_东方与印度.md,303,### 4. 尼泊尔、缅甸、阿曼：共同忌惮英国，不等于共同战略,这些国家最可能利用英法竞争改善自己的条件，而不是同时放弃自主性。法国援助越尊重这种自主，越可能留下长期关系；援助越被当作征服印度的工具，越容易触发英国先发压力和当地反感。
06_东方与印度.md,307,### 5. 爪哇：另一个基地，也有自己的殖民社会,丹德尔斯在爪哇修筑道路、改革防务、加强征发，是法荷关系影响亚洲的实例；但爪哇不是法国可以直接填入兵力表的一座无人军港。荷兰殖民官僚、地方统治者、农民与强迫劳役的利益冲突，构成其自身政治。（Parkinson，第23章；荷属东印度防务研究。）
06_东方与印度.md,309,### 5. 爪哇：另一个基地，也有自己的殖民社会,"1811年英国从印度组织约12,000人的登陆与后续作战，夺取爪哇；胜利也伴随疾病和占领费用。若法国保留荷兰较多自主权、避免把其殖民地一概变成法国战争工具，爪哇可能有较好的外交回旋。但英国是否接受其作为法国进攻基地，仍取决于战争状态。"
06_东方与印度.md,311,### 5. 爪哇：另一个基地，也有自己的殖民社会,因此，法兰西岛、波旁岛、爪哇和印度商站可以组成商业与巡航网络；要将它们变成一条长期支撑大规模征服的链条，则必须每一环都拥有可靠粮食、修理、人员与当地合作。地图上的连续点线，不会自动消除不同殖民政权的财政与社会边界。
06_东方与印度.md,317,### 1. 它是一家商公司，也是一部受英国政治控制的战争国家机器,东印度公司有股东、董事、商业收入与自身债务；英国政府又通过管制委员会及秘密委员会等机制影响战争和外交。公司不是国王可以任意免费使用的钱袋，也不是伦敦决定打仗时可以完全置身事外的私人企业。
06_东方与印度.md,319,### 1. 它是一家商公司，也是一部受英国政治控制的战争国家机器,1812年围绕续约的文书中，公司强调如果因欧洲目的而在印度进行战争，公共财政应承担相应责任：“an European war for European objects”。它是在向英国政府争取费用分担，不能直接读成公司已经退出帝国扩张。（*Papers Respecting the Negociation with His Majesty’s Ministers on the Subject of the East-India Company’s Charter*，1812；公司1813年2月22日致议会请愿。）
06_东方与印度.md,321,### 1. 它是一家商公司，也是一部受英国政治控制的战争国家机器,法国在欧洲的威胁越可信，伦敦越有理由把印度防务视为国家事务。这可能加深公司与政府冲突，也可能让公司获得更多支援。因此，“公司赤字增加”与“英国必然失去印度”之间，还隔着借贷、财政转移、削支与政治改组。
06_东方与印度.md,323,### 1. 它是一家商公司，也是一部受英国政治控制的战争国家机器,孟加拉的1793年永久地税安排，为公司提供了相对稳定的地区财政基础。杜特强调，孟加拉盈余曾支持北印度和南印度战争。但“永久”主要是国家对柴明达尔的地税核定，并不意味着地主向农民收取的地租全部冻结，更不意味着印度各地都实行同一制度。新占领土、其他地税制度、专卖与关税仍可改变收入。因此，“全印度土地税基已经永久锁死，只能依赖鸦片增长”并不是这些制度的必然结果；土地上的债务、农民负担和中介权力，也不应被公司总表遮蔽。（Dutt，第23章及地税制度诸章。）
06_东方与印度.md,327,### 2. 1803—1806年的亏空是真实的，但三个数字不是同一种账,1806年7月10日下院印度预算辩论，列出1803—1804年三管区的收入和支出，并给出以后年度估计。单位均为英镑。
06_东方与印度.md,336,### 2. 1803—1806年的亏空是真实的，但三个数字不是同一种账,"资料：英国下院，1806年7月10日，*India Budget*，*Parliamentary Debates*，卷7，约第1044—1083栏。原文另一处孟加拉开支为5,434,291，两种印数相差3英镑；表内分项按较高数相加，比原列合计高3英镑。该微小差别不影响财政判断，但不宜暗中抹平。"
06_东方与印度.md,338,### 2. 1803—1806年的亏空是真实的，但三个数字不是同一种账,"表面看总收入略高于所列开支，加入债息1,534,758英镑后，形势即不同。原预算进一步计入明古连等项和进口货物销售，最后报出约1,124,403英镑缺口。因此，该缺口不等于简单用表内收入减支出再减债息；其间还有单列项目。"
06_东方与印度.md,346,### 2. 1803—1806年的亏空是真实的，但三个数字不是同一种账,后两行是当时估计，不应伪装成后来逐项审计的实绩。1805—1806收入在同一材料又有相差5英镑的印数，本章保留约数性质。
06_东方与印度.md,348,### 2. 1803—1806年的亏空是真实的，但三个数字不是同一种账,"公司自述印度债务由1793年的约800万英镑增加至1812年前后的约3,200万；1813年请愿又出现约2,600万的口径。两者的日期、债务项目与会计调整不完全相同，不能择一个较大数，再将另一个当成独立新增负担。"
06_东方与印度.md,350,### 2. 1803—1806年的亏空是真实的，但三个数字不是同一种账,"与此同时，公司声称1793—1812年累计商业利润约6,289,405英镑，已扣商业费用、伦敦债券利息及股息。年均约32万，只是一个便于理解的长期均值，不是公司每年稳定可用现金。它说明贸易利润并不能轻松覆盖持续扩张的领地战争账，却不说明公司全部商业营业额只有32万。（1813年2月22日请愿，*Parliamentary Debates*，卷24，第659—679栏。）"
06_东方与印度.md,354,### 3. 伦敦与印度的汇票，将财政困难变成可以延期处理的困难,"印度向伦敦开票，是转移支付、清偿债务和采购的关键。1813年2月22日公司向下院提交的请愿统计，1807年以来有关汇票约13,104,924英镑，其中约10,902,924已结算、2,202,000尚未到期付款。后者大部分将在1814年3月以前到期。应付和已付不可相加后再称“新增债务”。（英国下院辩论，1813年2月22日，第24卷，第676—679栏，公司第二份请愿。）"
06_东方与印度.md,356,### 3. 伦敦与印度的汇票，将财政困难变成可以延期处理的困难,1813年请愿还列出在英国支付的印度债息约150万英镑、政治支出约91万以及年金等项目。这些费用解释为什么印度账面收益并不等于可以汇回英国任意支用的净利润；它们也可能已进入另一个总表，引用时须防止重复扣除。
06_东方与印度.md,358,### 3. 伦敦与印度的汇票，将财政困难变成可以延期处理的困难,"1812年续约材料所载卡特赖特资本计算中，一项“所需资本”与“除印度外的负债”差额约为2,860万英镑。这是特定会计分类下的资本差额，不是当年待付的现金余额。更重要的是，资本估值、未清偿汇票、债务本金与当年预算缺口，不能堆成一个“英国马上需要全部支付”的巨额现金洞。"
06_东方与印度.md,360,### 3. 伦敦与印度的汇票，将财政困难变成可以延期处理的困难,英国国家信用并非从未介入：1810年的约150万英镑国库券、1812年经议会安排筹得的约250万年金资金，提供了实际缓冲。公司股本面值、溢价实缴、债券上限和流动负债又各有口径。股东、公司军官、印度私人商人和英国本土制造业城市，对保留人事权、开放贸易和分担军费的要求不同；它的政治支持不只取决于某一年商业利润。（1812年续约文书；1813年2月22日请愿。）
06_东方与印度.md,362,### 3. 伦敦与印度的汇票，将财政困难变成可以延期处理的困难,这也决定法国的战略空间：提高公司开支可以迫使英国议会争论、延缓扩张或调整制度；要让它破产并失去统治，则需持续切断税收、借贷与伦敦支持。法国没有仅凭关闭欧洲市场就切断这些渠道的能力。
06_东方与印度.md,366,### 4. 领地收入会恢复，也会再被战争吃掉,杜特的长期财政资料记录了一条波动路径：韦尔斯利扩张使支出大增，此后收缩政策产生盈余；马拉塔和缅甸战争又重新制造赤字。不能把1805年的困难直线延长四十年。（Romesh Chunder Dutt，*The Economic History of India under Early British Rule*，1906年版，第23章。）
06_东方与印度.md,368,### 4. 领地收入会恢复，也会再被战争吃掉,杜特转录的1837—1838年表，可作为后来的真实能力参照：
06_东方与印度.md,378,### 4. 领地收入会恢复，也会再被战争吃掉,"资料：Dutt，第23章，转录英国议会1855年6月22日报表。总地税收入为12,671,743英镑；表内收支差额不是扣除全部英国支付项目后的自由盈余。"
06_东方与印度.md,380,### 4. 领地收入会恢复，也会再被战争吃掉,旧材料中的自动提取表曾把相邻三列连成十几位整数，甚至把同一年重复标注；这样的中间数据不可直接入书。本章只采用已经逐项辨认且合计可核的表，不把损坏的单元格当成“新发现的巨额收入”。
06_东方与印度.md,382,### 4. 领地收入会恢复，也会再被战争吃掉,"再用稍晚于本书终点的1851—1852年作检验：议会1854年8月8日决议列印度登记债务利息1,967,359英镑、在英国支付的印度领地开支2,506,377，扣除相关项后尚余531,265。它证明印度可能在承担伦敦费用后仍有盈余，也说明这些费用可以相当沉重；两个年份的比较不证明费用逐年单调增加，更不能把1852年的盈余直接写成法国胜利世界1848年的预算。"
06_东方与印度.md,384,### 4. 领地收入会恢复，也会再被战争吃掉,从这条财政史可作明确判断：在法国欧洲胜利、而英国仍控制印度海路与主要税源的主线上，东印度公司更可能经削支、借贷和政治改组继续存在，而非因早期赤字自动瓦解。法国压力可能使英国更谨慎扩张，也可能促使英国提前投入国家资源；方向取决于压力是否真正触及领地收入和供应线。
06_东方与印度.md,390,### 1. 英国在亚洲的收入，不全由欧洲买家支付,孟买向中国输出棉花，孟加拉输出鸦片，中国茶叶经公司与其他商船运往英国和欧洲；汇票、白银和商品相互结算。法国大陆封锁能影响欧洲销售与金融，却不等于同时堵住印度国内税收、亚洲贸易和英国本土消费。
06_东方与印度.md,392,### 1. 英国在亚洲的收入，不全由欧洲买家支付,"米尔本记录，一些年份孟买向中国运出的棉花可达约8万包，每包约375磅，合计约3,000万磅；船舱分配和公司汇票使私人贸易与公司财政互相嵌入。1802—1806年孟买相关回程白银平均约2,703,907锡卡卢比，更提醒读者：银流并非永远单向从欧洲流到中国。（William Milburn, *Oriental Commerce*, 1813，[卷一](https://archive.org/details/in.ernet.dli.2015.181513)，“Bombay: Remarks on the Commerce with China”。孟买棉花、船位和现银数据出自卷一；下文中国贸易总表见卷二。）"
06_东方与印度.md,394,### 1. 英国在亚洲的收入，不全由欧洲买家支付,两份议会材料把这一区别说得尤其清楚。1806年7月10日，阿瑟·韦尔斯利在下院辩护时称，印度商品供应中国市场，已使向中国运送金银的需要大为减少，反有大量现银从中国流入印度。这是参与政策者的陈述，不是对所有年度贸易的一次独立审计。[《印度预算》辩论，卷7，栏1082](https://api.parliament.uk/historic-hansard/commons/1806/jul/10/india-budget)。1808年4月26日，公司请愿书又说，1803—1804年运到印度的金银很大部分被马拉塔战争费用吸收。[《东印度公司请愿》，卷11，栏68—79](https://api.parliament.uk/historic-hansard/commons/1808/apr/26/petition-of-the-east-india-company)。两者并不矛盾：广州贸易可以产生回流，印度战争仍可制造现金短缺。法国压制西属美洲银路，会增加公司筹措与汇兑的困难，却不等于关闭它购买中国茶叶的唯一支付渠道。
06_东方与印度.md,396,### 1. 英国在亚洲的收入，不全由欧洲买家支付,因此，西班牙美洲白银重要，却不是英国在亚洲全部活动唯一的血液。某时段印度战争急需白银，与同一时期中国贸易的净银流方向，必须分别判断。法国能干扰部分支付，并不意味它掌握了一个关闭英国东方帝国的总阀门。
06_东方与印度.md,400,### 2. 英国从茶得到多少税，应使用税收列而不是“国家利益”列,"米尔本列出1792—1793至1808—1809年17年间，公司中国货物在伦敦销售约57,896,274英镑，其中茶约55,160,230；相应关税与消费税为32,290,599，年均约190万英镑。这后一项才是可以明确称作英国国库收入的税收。（Milburn，卷二，中国贸易总表及说明。）"
06_东方与印度.md,402,### 2. 英国从茶得到多少税，应使用税收列而不是“国家利益”列,"他另估年均“国家利益”约3,707,636英镑，把运费、公司利益等也计算在内；另一处约500万的宽口径说法还涉及糖税归因。它们不是两笔可以另加到茶税上的财政收入。把私人利润、航运产值和国库税收分开，才能说明亚洲商业究竟如何支持英国战争。"
06_东方与印度.md,406,### 3. 广州茶出口：英美竞争的实际形状,下表摘录米尔本关于广州茶叶出口的年度记录，重量为英磅。“英国船”并不等于所有货物最终仅在英国消费，“美国船”也不等于全部在美国销售；原作者明确说，美国旗船所运相当部分在欧洲大陆卸货，尤其1804—1810年前后。
06_东方与印度.md,419,### 3. 广州茶出口：英美竞争的实际形状,"资料：Milburn，*Oriental Commerce*，卷二，第486页。表还包括每年约4,000箱供英国亚洲据点使用的茶；此处“无”对应原表 *none*，不是未知值。"
06_东方与印度.md,421,### 3. 广州茶出口：英美竞争的实际形状,两个结论同时成立。英国公司拥有稳定的大运输规模；美国船则以波动很大的中立贸易参与欧洲供给。法国若允许中立贸易，可以改变货物到达大陆的方式，却未必能阻止英国获得亚洲贸易与本土税收。若强行把中立运输一并关掉，又会得罪前章所述法国需要争取的美国商人。
06_东方与印度.md,425,### 4. 鸦片专卖收入有波动，殖民暴力却不会因数字变小而消失,米尔本的孟加拉鸦片净收入序列如下，单位英镑。它不同于出口货值，也不同于中国市场售价。
06_东方与印度.md,439,### 4. 鸦片专卖收入有波动，殖民暴力却不会因数字变小而消失,"资料：Milburn，卷二，孟加拉鸦片专卖表。1809—1810年的数为原表圆整数。1803—1804年议会辩论另有鸦片收入3,989,200锡卡卢比的说法，与本表的换算范围未完全对齐，不能把两者当成两笔收入。"
06_东方与印度.md,441,### 4. 鸦片专卖收入有波动，殖民暴力却不会因数字变小而消失,鸦片贸易使印度财政与中国支付相连，也建立在殖民垄断、农民负担和跨境非法销售的结构之上。法国削弱英国，不会自动改善这些劳动与贸易关系；法国若仅以争夺收益为目标，甚至可能试图插入同一体系。
06_东方与印度.md,443,### 4. 鸦片专卖收入有波动，殖民暴力却不会因数字变小而消失,较可信的东方反事实是：英国保持印度主要财政基础，亚洲贸易继续发展，法国争取商站、航运与技术市场的一部分。中国并不因为法国赢得欧洲就成为法国的外交附属；清朝的广州贸易制度、银流和边疆政策仍按其自身约束行动。本研究的资料足以判断英法贸易竞争的渠道，不足以替清朝整个19世纪内政写出一张由巴黎决定的时间表。
06_东方与印度.md,449,### 1. 更多欧洲兵，不只有军事收益,公司军队依赖土兵，同时需要欧洲军官、炮兵及王家部队。1796—1808年间，土著步兵团和骑兵团数量增加，部分公司欧洲步兵编制缩减，王家部队填补某些岗位。统计“欧洲人减少”与“公司兵力增加”时，必须把公司与国王两套编制分开。（公司军事组织资料；Alavi；1812—1813年续约文书。）
06_东方与印度.md,451,### 1. 更多欧洲兵，不只有军事收益,法国威胁增强，会鼓励伦敦增派王家部队。这提高战场力量，也会引发公司军官对晋升、待遇和指挥地位的不满。1809年马德拉斯欧洲军官抗命，与军饷津贴、升迁制度和政府处分有关，不是一场支持法国的政治运动。（公司军制史；相关马德拉斯事件记录。）
06_东方与印度.md,453,### 1. 更多欧洲兵，不只有军事收益,相反，若为省钱过度依赖土兵，又可能使军服、宗教、军饷和地方关系的危机更危险。韦洛尔与马德拉斯两案提示两种不同脆弱性，不能合称“印度军队随时会倒向法国”。法国只有在到达、能付款并与当地政治目标相容时，才可能利用这种压力；传闻本身更常促使公司提前整顿。
06_东方与印度.md,457,### 2. 明托的判断：两万法国兵是灾难，却未必是征服,明托1807年讨论法国威胁时，承认约两万法军会造成严重战争和眼前灾难，却不认为必然征服英属印度。这是一位负责印度防务者的同期判断，价值正在于同时承认危险和抵抗能力。（明托1807年通信，见其传记文书与公司史材料。）
06_东方与印度.md,459,### 2. 明托的判断：两万法国兵是灾难，却未必是征服,他的政策随后体现为向波斯、喀布尔、拉合尔派使节，并推动拔除法兰西岛、波旁岛及爪哇等潜在基地。英国不必一直在所有方向维持最大兵力，可以选择先摧毁威胁的支点。法国若加大东方压力，英国也会调整，而非保持原有部署等待法国方案完成。
06_东方与印度.md,461,### 2. 明托的判断：两万法国兵是灾难，却未必是征服,若欧洲较早和平，英国的一部分舰船同样可能从欧洲释放到印度洋。这意味着法国“避免西班牙与俄国战争”带来的资源改善，不能只算在法国一边。和平可以帮助法国恢复远洋存在，也可以让英国更从容保护其海外优势。
06_东方与印度.md,465,### 3. 公司体制会改变，但改革日期不由法国胜利自动确定,实际历史中，1813年公司失去印度贸易垄断，1833年又失去中国贸易垄断，行政与商业逐步分离。英国国内商人、议会和财政关系是主要动力；法国威胁会参与争论，却不是唯一原因。
06_东方与印度.md,467,### 3. 公司体制会改变，但改革日期不由法国胜利自动确定,在本书主线中，商业开放和国家监督加深仍较可能发生，但不宜要求两项特许状改革必在同一年、以完全相同条款通过。公司可能更早依赖英国财政，也可能通过限制战争改善账目。最稳定的方向判断是：英国在印度的统治越来越不只是一家公司的私人事业。
06_东方与印度.md,469,### 3. 公司体制会改变，但改革日期不由法国胜利自动确定,法国以东方威胁迫使英国花钱，有真实战略收益；若压力大到刺激英国更强国家介入、摧毁法国基地或扩大对当地盟友的先发控制，收益会部分反转。**“消耗英国”不是无需计算反应的绝对最优策略；在已经取得欧洲优势后，保持有限竞争与达成印度商站妥协，可能比永续战争更有利。**
06_东方与印度.md,486,## 十二、到1848年前后，法国能在东方留下什么,本章因此对原初问题给出三重回答。
06_东方与印度.md,488,## 十二、到1848年前后，法国能在东方留下什么,**拿破仑有没有意愿？有。** 商站、对英威慑、支持本地力量与远征设想，均有同期文书和实际使团。把他的东方政策全当宣传，会丢掉材料。
06_东方与印度.md,490,## 十二、到1848年前后，法国能在东方留下什么,**怎样做最现实？把目标缩到可以持续交付的范围。** 同英国谈商站与海上规则；以有限而稳定的军官、军械、信贷支持愿意自主合作的国家；保留印度洋基地而不把它们变成吞噬无限增援的陷阱；在奥斯曼、波斯与埃及之间履行彼此相容的承诺。
06_东方与印度.md,492,## 十二、到1848年前后，法国能在东方留下什么,**能否据此征服印度？本书的主结论是否定。** 原因不是缺少一句有勇气的判断，而是现有证据清楚指向另一种结果：法国每向直接统治多走一步，就要同时扩大运输、财政、地方政治和英国反制的成本；它更可能帮助印度及周边国家保留自主，或换得商业利益，而非把英国的印度原封不动接收为自己的印度。
06_东方与印度.md,494,## 十二、到1848年前后，法国能在东方留下什么,这也回答了欧洲霸权最深的边界：法国越懂得让东方伙伴为自己的利益行动，越可能得到长久影响；若要求每个伙伴先服从巴黎，再替法国承担战争，它得到的将不是一条通往印度的道路，而是一连串不断抬价、拒绝通行或另找保护者的国家。
07_行省化的边界.md,5,## 一、帝国地图上的颜色，并不等于国家的边界,在所有设问中，最容易被一个漂亮答案掩盖的，是这个最重要的问题：法国是否真能把欧洲变成自己的行省？
07_行省化的边界.md,7,## 一、帝国地图上的颜色，并不等于国家的边界,如果“行省化”只是说各国采用《民法典》、设置省长、向巴黎提供军队，那么拿破仑已经部分做到了。但这不是问题所问的那种统一。巴伐利亚有自己的国王，意大利王国有自己的财政，华沙公国拥有不同的政治期待；它们服从法国，不等于成为法国。反过来，如果把“行省化”定义为居民必须立即说法语、认同法兰西、毫无抵抗地纳税服役，那么连当时的法国本土也未达到这个标准。
07_行省化的边界.md,9,## 一、帝国地图上的颜色，并不等于国家的边界,这里采用一个更严格、也更实际的定义：**中央拥有持续的立法、征税、征兵与任官权；地方不再具有单方面退出的国家主权；普通行政和司法能够日常运转；维持统治不必长期依靠一支与本地资源不相称的占领军。**本地语言、地方习惯与部分特殊制度可以保留。多语言不妨碍统一国家；持续的战争占领则不因改了省名而成为正常行政。
07_行省化的边界.md,11,## 一、帝国地图上的颜色，并不等于国家的边界,按这个标准，拿破仑的帝国不是全然失败的实验。比利时、莱茵左岸、皮埃蒙特、利古里亚以及日内瓦周边，提供了真实的正面证据。问题在于：这些成功能否无限放大？从亚琛到米兰的经验，是否也适用于马德里、维也纳、莫斯科和伦敦？
07_行省化的边界.md,13,## 一、帝国地图上的颜色，并不等于国家的边界,本编的结论是：**有限行省化有相当坚实的历史基础；较大范围的扩展有条件成立；整个欧洲在一代人内成为由巴黎日常统治的普通省份，没有得到可行性证据支持。**后一判断不是“欧洲人天生不愿被法国统治”，也不是一张模型算出了永恒的边界，而是军事、财政、地方政治与列强安全利益同时提出了尚无可操作办法解决的要求。
07_行省化的边界.md,19,### 1．省长可以从巴黎来，日常国家必须在本地生长,早期并合地区不是一块空白。这里已有城市、法院、教区、征税传统和识字的显贵。法国最有效的做法，不是把这些人全部赶走，而是把他们放进新的国家结构。
07_行省化的边界.md,21,### 1．省长可以从巴黎来，日常国家必须在本地生长,莱茵左岸的任官格局很能说明问题。Rowe统计的历任十八名省长，没有莱茵本地人；但省长之下，副省长越来越多地由本地人担任。1800年四省的259名治安法官与公证人中，只有十二名不是本地人。1803年罗尔省初审法院，本地法官与法国籍法官约为四比一。法国掌握省级指挥权，本地社会承担了大部分日常司法与沟通工作。〔省1〕
07_行省化的边界.md,23,### 1．省长可以从巴黎来，日常国家必须在本地生长,Woolf的另一套省长履历统计，将莱茵十六次任职中的十五次归为法国籍。它与Rowe的十八人不是同一统计序列，也不需要为了凑成一个比例而删改其中一套。两者共同支持的，是**高层控制与中下层本地化并存**，不是所有岗位都由法国人填满。
07_行省化的边界.md,25,### 1．省长可以从巴黎来，日常国家必须在本地生长,皮埃蒙特又是另一种入口。1802年设省时，首任省长大量采用当地贵族、教授和行政人才，随后才逐步加强法国籍官员的控制。热那亚的末代总督杜拉佐被纳入新政府，也具有把旧精英带进新制度的作用。帝国并非只有一套机械的“法国人替换外国人”程序。〔省2〕
07_行省化的边界.md,27,### 1．省长可以从巴黎来，日常国家必须在本地生长,这一经验直接回答了行政人员够不够的问题。1813年的452名国务参事院审计官，是一条培养和调配高层人才的管道，不是帝国全部官僚的总数；历任省长的人次，更不是某一年同时在岗的人数。把这两个数字与“每省需要多少公务员”直接相除，得不出欧洲行省化的硬上限。
07_行省化的边界.md,29,### 1．省长可以从巴黎来，日常国家必须在本地生长,真正稀缺的是能够处理地方语言、税制、产权和宗教争端的骨干，以及让本地精英相信新国家值得服务的政治条件。阿尔萨斯、洛林、比利时等双语地区可以供给部分人才，但这种人才池的扩展需要教育、升迁与时间。巴黎可以一夜任命一位省长，却不能一夜造出他在全省都能信赖的国家。
07_行省化的边界.md,33,### 2．法典的力量，首先在法庭里，而不在口号里,莱茵人后来保卫法国法律，并不意味着他们都变成了法国民族主义者。法国司法最有吸引力的部分，往往是公开审理、口头程序、司法与行政的区分、陪审团，以及相对于旧制度较可预期的诉讼办法。治安法庭的口头程序，也给不熟悉法语的居民留下实际使用空间。
07_行省化的边界.md,35,### 2．法典的力量，首先在法庭里，而不在口号里,1814年以后，普鲁士调查者发现，本地人珍惜的不只是某一条法律，而是一整套程序。莱茵法在法国统治结束后继续存在，说明制度可以比征服者活得更久。〔省1〕
07_行省化的边界.md,37,### 2．法典的力量，首先在法庭里，而不在口号里,但帝国也在破坏自己的长处。当陪审团不肯严惩走私者或逃征者，巴黎倾向于设立特别法庭，减少上诉和程序保障。普通司法提供归属感，例外司法又告诉居民：当国家的财政与军事利益受到挑战时，他们获得的权利可以被收回。
07_行省化的边界.md,39,### 2．法典的力量，首先在法庭里，而不在口号里,因此，长期省化的关键，不是再多颁布一部法典，而是让政府也受自己的法典约束。法国若要把并合地区变成正常国土，就必须允许它们在法院和预算程序中对巴黎说“不”。这不是帝国软弱的证据，而是占领开始转化为国家的标志。
07_行省化的边界.md,43,### 3．归附不是热爱，而是可以持续的交易,科隆的显贵起初拒绝担任市长，几年后又进入市政和省级机构。旧贵族、商人、教会地产购买者与行政专家，逐渐发现新制度既有风险，也提供产权、职位与市场。皮埃蒙特1810年一份由各地最高纳税人组成的150人名单中，114人属于旧贵族：新国家并没有凭空创造一个全新的统治阶级。〔省2〕
07_行省化的边界.md,45,### 3．归附不是热爱，而是可以持续的交易,可是，参加制度不等于服从每一项指令。罗尔省选举团拒绝推举贝尔纳多特，另选地方显贵；后来又越过政府候选人，选中被免职的法官。地方社会接受了投票与任官的框架，也利用这个框架保存自己的判断。
07_行省化的边界.md,47,### 3．归附不是热爱，而是可以持续的交易,Woolf据此把归附的稳定性与法国统治看起来是否牢固联系起来。这一判断很重要：1814年的迅速倒戈，证明军事失败足以瓦解合作，却不能倒推出此前十余年的合作全属虚构。**一个利益联盟可以是真实的，也可以在保护者失去能力时解散。**把这一现象称作“忠诚为零”，只是用道德词汇替代政治解释。
07_行省化的边界.md,53,### 1．莱茵：逃避入伍与入伍后逃亡，必须分开,莱茵数据最值得保留的，不是某一个“整合成功率”，而是两种行为的分离。
07_行省化的边界.md,64,### 1．莱茵：逃避入伍与入伍后逃亡，必须分开,表据Rowe所引征兵总账与档案；帝国列的地域覆盖有特定排除项。这些是账目中的描述比率，不是对同一个个人队列连续追踪的概率，不能把“未逃征比例”与“未逃亡比例”相乘，冒充最后交付率。〔省3〕
07_行省化的边界.md,66,### 1．莱茵：逃避入伍与入伍后逃亡，必须分开,结论非常明确：**莱茵青年在报到之前更倾向于躲避征兵；已经进入军队的人，却表现出相对较低的逃亡记录。**一个地区可以同时难征兵、又能提供可靠士兵。文化差异、边境就业、家庭经济与军队内部纪律，在不同阶段产生不同作用。
07_行省化的边界.md,68,### 1．莱茵：逃避入伍与入伍后逃亡，必须分开,"原始征兵负担表还有一处容易误读的细节。其人口分母为1,280,942，不是另一处常见的约180万。Rowe在表前明确指出，征兵总局采用的人口估计，较其他调查显著偏低。这不是一个尚待猜测的神秘疆界变化。于是，1810年表列“莱茵负担为帝国平均的142%”，首先是按该行政人口底数算出的比较值；它不能未经调整就当作真实人口人均负担高出42%的最终结论。〔省3〕"
07_行省化的边界.md,81,### 1．莱茵：逃避入伍与入伍后逃亡，必须分开,这些年级数字也不能与上一表不加解释地拼接：两表来源与归类存在差别。保留原有数字和定义，比造出一条看似完美的连续曲线更接近历史。
07_行省化的边界.md,83,### 1．莱茵：逃避入伍与入伍后逃亡，必须分开,"法国确实能靠加强执行增加交付。1813年罗尔省的机动纵队在数周内将登记在逃者由约2,000降至670。但这个成果由驻兵、追捕、地方供养和家庭压力共同取得。它既证明国家能力，也记录了国家能力的成本。"
07_行省化的边界.md,87,### 2．比利时与皮埃蒙特：累计数字不是百分之百的忠诚,"比利时研究所列累计征召225,147人、入伍216,111人，说明法国确实获得了大量兵员。然而，累计逃征、逃亡、再收编等数字存在跨期重复，不能把它们同时当成互斥的人口类别。以资料所列3,028,705人为人口分母，216,111约为7.14%；换用不同年份和边界的人口，又会得到另一比例。因此本书保留人数，凡给比例都注明分母。〔省4〕"
07_行省化的边界.md,89,### 2．比利时与皮埃蒙特：累计数字不是百分之百的忠诚,"皮埃蒙特的材料同样需要拆开。十一届年级登记166,556人，其中53,740人因体格等原因被免除；征兵35,281人，另有志愿者2,682人和轻骑卫队等280人，分项相加为38,243。资料中出现的38,242与之相差一人，应保留为转录或分类差异。约23%是累计获得人数占登记适龄池的比例，不是“征兵配额只完成23%”。〔省4〕"
07_行省化的边界.md,91,### 2．比利时与皮埃蒙特：累计数字不是百分之百的忠诚,这里的身体史也不能被国家史遮蔽。疾病、营养、童工劳动与地方经济影响体格淘汰；跨境逃亡影响报到；服役后的组织条件又影响留队。把所有损耗统一叫作“民族不忠”，既误解人，也误解数字。
07_行省化的边界.md,93,### 2．比利时与皮埃蒙特：累计数字不是百分之百的忠诚,拿破仑曾把征兵视为使皮埃蒙特法国化的工具。但从实际结果看，征兵更像一项昂贵的国家整合工程：它可以制造共同服役的经历，也可以制造共同逃避国家的经验。和平时期限制征额、明确退伍时间，比永远提前征召下一届青年，更有利于让这个工程积累而不是反复倒塌。
07_行省化的边界.md,97,### 3．警察数字不能替代治理能力,有关宪兵的三组常见数字，应当并列，而不是任选一组充当1812年的实员。
07_行省化的边界.md,105,### 3．警察数字不能替代治理能力,西班牙新建宪兵中队还需要从内地宪兵与线列军抽人。合格者必须具备年龄、识字和服役经验等条件，调一名成熟宪兵不是招一名新兵那么简单。〔省5〕
07_行省化的边界.md,107,### 3．警察数字不能替代治理能力,莱茵四省约527名宪兵的材料，说明常态警力相对有限；但并不意味着帝国只靠这527人统治全部居民。市长、法院、军队、税务人员、教士与地方中介也在发挥作用。反过来，增加宪兵编制，也不能弥补所有中介同时不合作的缺口。
07_行省化的边界.md,109,### 3．警察数字不能替代治理能力,因此，本书不再采用“官员或宪兵需求超过史实的1.5倍，行省化即告失败”作为已被史料验证的界线。1.5倍只是人为压力测试。**真正有解释力的问题是：谁提供地方信息，谁执行命令，谁支付执行成本，谁愿意为新制度承担政治风险。**
07_行省化的边界.md,113,## 四、抵抗并非一张民族地图,旧稿的抵抗比较，建立了35个地区—时期观察、十六个地区群组，并从中识别五个持续抵抗案例。这项整理的价值，在于把教会政策、经济负担、外援和战争时点放进同一比较框架；它的局限，则是样本由研究者有目的地选择，分类亦包含解释性判断。
07_行省化的边界.md,115,## 四、抵抗并非一张民族地图,五个案例具有某些共同条件，不等于这些条件在全欧洲构成严格的必要或充分条件。把历史结果先编码为“高抵抗”，再用带有结果信息的“外援机会”解释它，还可能出现因果方向混杂。这个小样本适合提出问题，不适合推出“民族文化不重要”或“只要取消两项政策就必然和平”的定律。
07_行省化的边界.md,117,## 四、抵抗并非一张民族地图,"Lignereux对集体冲突的研究，把视野扩大到帝国的不同地区。他重建1800—1813年1,453起集体反宪兵暴力事件，其中460起发生在其界定的并合地区，约占31.7%，与这些地区的人口份额大体相称。事件口径是至少三人参与、进入有关记录的集体冲突，不涵盖所有地下抵抗、教士不合作与游击战争。新省并非普遍比旧法国更暴烈，但其冲突原因更分散：直接因逮捕逃征者而起的比例，旧地区为68.3%，新地区为46%；后者明确反法的叫喊记于67起。〔省6〕"
07_行省化的边界.md,119,## 四、抵抗并非一张民族地图,这些数字支持的不是“法国统治受到欢迎”，而是一个更有力量的判断：**抵抗的对象可以是征兵、税收、宗教干预、外来官员，也可以是法国主权本身；它们经常重叠，却不能被压成同一种民族情绪。**
07_行省化的边界.md,121,## 四、抵抗并非一张民族地图,在莱茵和皮埃蒙特，早期冲突较密集，此后存在适应与协商。地方官员有时缓和命令，市长为村庄周旋，中央也并非总把地方违抗推向最严厉的惩罚。另一面，罗马的低记录值不能证明平静，因为那里的抵抗可以采取拒誓、拒绝告发、教会网络和匪帮活动的形态。记录制度本身，也会决定我们看见哪一种冲突。
07_行省化的边界.md,123,## 四、抵抗并非一张民族地图,由此，本书对“内圈”和“外圈”作一项重要修正：它们是**帝国投入时间不同、政策组合不同、地方条件不同的经验分组**，不是两种注定有不同命运的人口。早并合地区拥有较长适应期；晚并合地区遭遇封锁加严、教皇冲突、战争负担和帝国崩溃，不能把这种不对称观察直接写成后者永远整合不了。
07_行省化的边界.md,129,### 1．荷兰与汉萨：夺走主权，却没有兑现共同市场,荷兰并不缺少行政能力、金融知识或商业组织。恰恰相反，法国接管的是一个高度成熟的社会。问题在于，兼并伴随征兵、贸易约束、债息削减与政治地位下降。
07_行省化的边界.md,131,### 1．荷兰与汉萨：夺走主权，却没有兑现共同市场,"荷兰债息由约7,800万法郎削至2,600万，能够减少政府当期支付，却由债权人承受损失。它不是新创造的财富。汉萨商人曾期望并入法国可以换来平等市场准入，实际遇到的却仍有税关差别与许可证偏向。政治吞并与经济排除同时存在，使“做法国人”的交换变得难以令人信服。〔省7〕"
07_行省化的边界.md,133,### 1．荷兰与汉萨：夺走主权，却没有兑现共同市场,Joor记录的荷兰大量骚动说明，反抗可以发生在组织能力很强的商业社会；汉堡1813年的爆发又说明，外部战败信号会改变等待者的选择。但把这些事件进一步量化为“放松封锁，抵抗恰好下降三分之一或一半”，没有足够依据。不同动因会互相强化；去掉贸易限制，也不会自动消除征兵和主权争端。
07_行省化的边界.md,135,### 1．荷兰与汉萨：夺走主权，却没有兑现共同市场,这里的反事实结论仍然明确：**法国若维持荷兰王国和汉萨城市的政治空间，同时换取港口安全与有限军事合作，收益比强行并省更稳；如果坚持并省，就必须付出真正的市场平等、债务安排和地方代表权。**不能既要求这些社会承担法国公民的义务，又永久按被征服者对待它们的商业利益。
07_行省化的边界.md,137,### 1．荷兰与汉萨：夺走主权，却没有兑现共同市场,"汉堡的4,800万法郎罚款与银行储备征用，属于战争末期的强制财政。它可以解释资产和信任受到何种打击，却不能仅凭数额大于某一年度税收目标，就证明所有较早年度的普通财政都已亏损。"
07_行省化的边界.md,141,### 2．罗马：教皇可以被囚禁，教会网络不会随之消失,罗马的难题不是缺一名强硬省长。教士拒誓、居民拒绝合作、登记与告发受阻，使日常治理碰到一个拥有跨国权威的制度网络。皇帝控制城市，不等于掌握了这个网络的合法性。
07_行省化的边界.md,143,### 2．罗马：教皇可以被囚禁，教会网络不会随之消失,征兵材料里有拒征、有入伍后逃亡，也有体格淘汰。1811年一批六十名新兵中二十七人被淘汰，比例为45%，不是54%；另一批536人押运时逃走八十人，约14.9%。这些是不同队列与不同环节，不足以推导整个罗马地区一个永恒的“可靠率”。〔省8〕
07_行省化的边界.md,145,### 2．罗马：教皇可以被囚禁，教会网络不会随之消失,"教皇冲突又会沿教区传播到本来比较稳定的旧并合地区。亚琛主教职位因授职冲突长期悬置；比利时一些教区的神职人员拒认新任主教。1805年罗尔省2,696名堂区司铎中1,006人为前修士，1812年又有360个堂区空缺，提示人员老化与补充困难；但两项不同年份的材料，也不足以推出所有专约教会都已失去再生产能力。"
07_行省化的边界.md,147,### 2．罗马：教皇可以被囚禁，教会网络不会随之消失,最稳妥的政策并不是等待时间自动消除宗教争端，而是避免制造它：承认教皇保有一定世俗领地和独立地位，以条约处理军队通行、港口与任命问题。若争端已经发生，就以归还领地、恢复授职秩序换取和解。**罗马可以处在法国安全体系内，而不必成为法国省会。**这是一项积极的帝国设计，不是对行政能力的投降。
07_行省化的边界.md,151,### 3．托斯卡纳、帕尔马与瓦莱：小规模整合有路可走,托斯卡纳拥有改革传统和可合作的有产者；帕尔马的行政改造也不是面对完全陌生的社会。它们的风险主要来自征兵、贸易受损、统治更替与教会问题的叠加。和平减轻其中几项压力，确实可能使日常省制逐步稳定。不能因为它们在1814年离开法国，就断言再给十年和平也不会改变结果。〔省8〕
07_行省化的边界.md,153,### 3．托斯卡纳、帕尔马与瓦莱：小规模整合有路可走,但是，1807年主线若保留西班牙波旁、放弃葡萄牙分割，埃特鲁里亚安排亦需要重新谈判；史实上的托斯卡纳兼并不能无条件挪到新时间线上。这里说的是**这类地区具备较好的整合条件**，不是宣布它们已经自动属于法国。
07_行省化的边界.md,155,### 3．托斯卡纳、帕尔马与瓦莱：小规模整合有路可走,瓦莱显示的是另一种逻辑：小、战略位置重要、地方精英有吸纳空间，因而可以在财政不划算时仍值得保有。通道安全本身就是收益。资料所谓税收不足以支付行政费用，并不等于这个地区毫无价值。
07_行省化的边界.md,157,### 3．托斯卡纳、帕尔马与瓦莱：小规模整合有路可走,法国应当把这种价值明码标价：为阿尔卑斯通道支付多少补贴，可以接受；为了让一张帝国地图更整齐而接管数百万人口，则需要另一套论证。
07_行省化的边界.md,161,### 4．伊利里亚与加泰罗尼亚：边防制度与战争占领不宜冒充普通省,"伊利里亚的语言、地形、行政传统和军事边区制度，与法国本土差异很大。现成的边防军制度能够工作，并不意味着它必须先被废掉，再按法国省制重建。留用地方组织有时比形式统一更符合中央利益。约每年3,000人的征兵实得与某道命令中18,000人的目标，也须先核对覆盖年期，才能计算履行率。〔省8〕"
07_行省化的边界.md,163,### 4．伊利里亚与加泰罗尼亚：边防制度与战争占领不宜冒充普通省,加泰罗尼亚更不是一次在和平环境中进行的省制试验。军事控制、地方抵抗、英国海上支援与西班牙主权危机相互纠缠。1812年的省级划分并未建立无争议的常态法国行政，1813年又出现民政机构撤退。它证明在既有战争条件下，画省界不能代替结束战争；它没有单独证明，任何可能的未来和平和解中都绝无有限边境调整。〔省9〕
07_行省化的边界.md,165,### 4．伊利里亚与加泰罗尼亚：边防制度与战争占领不宜冒充普通省,财政材料中某地区未列入巴黎的普通收入清单，也不等于该地区没有任何收入。加泰罗尼亚可以征到供当地军队使用的钱，而未形成稳定上缴；这两种情况必须区分。**“没有找到全账”应当阻止精确净额的编造，不应阻止作出战略结论：一片需要持续作战才能取用其资源的土地，不宜当成和平帝国的财政支柱。**
07_行省化的边界.md,169,## 六、把地图放进账本：模型究竟证明了什么,研究中曾把不同并合地图转换为人口、驻军任务、新兵、盟军与财政需求。其价值不是预报一个不存在的1815年，而是迫使地图扩张承担成本。
07_行省化的边界.md,171,## 六、把地图放进账本：模型究竟证明了什么,为便于阅读，下表保留主要情景。人口是若干历史近似值的拼接；“需求”是给定部署假设下的人员要求；“余额”不是历史战役实测；军费缺口是在固定军费与成本参数下计算。数值四舍五入，单位统一。
07_行省化的边界.md,182,## 六、把地图放进账本：模型究竟证明了什么,这里的“最大版”仍不是整个欧洲：英国、俄国、奥地利的大部分乃至奥斯曼欧洲领土，并没有因此被完整纳入。既然一个较小的大陆扩张组合已需极其有利的条件，就更不宜把它称为“全欧洲方案已经算完”。〔省10〕
07_行省化的边界.md,186,### 1．为什么吞并盟国有时反而削弱法国,一个自养军队、按条约出兵的盟国，在法国账上不等于零价值。吞并以后，法国可能获得更多税与兵，也可能接下它的债务、行政费用和原有军队支出。倘若又降低地方合作，新增人口并不立即变成新增实力。
07_行省化的边界.md,188,### 1．为什么吞并盟国有时反而削弱法国,但这里也须防止相反的概念错误：**保留地方军团与地方筹饷方式，不必然等于保留独立国家主权。**一个统一帝国可以有地区编制、不同招募规则和过渡预算。不能为了让模型总判保持不变，就把一切有利的制度安排重新定义为“那已经不算行省化”。
07_行省化的边界.md,190,### 1．为什么吞并盟国有时反而削弱法国,真正需要证明的，是这些军队是否接受巴黎最终指挥、地方是否接受共同税法与不可单方退出的地位，以及该安排能否跨过第一次财政争执和继承危机。
07_行省化的边界.md,194,### 2．有限扩展并非天然收支平衡，但确实存在闭合办法,"一组有限整固的政策组合，把转移前陆军预算设为3.30亿法郎，相应压低海军预算；退出部分并合地区损失原有中央净税3,000万；起始自养盟军25万人。含贝格方案下，可支付的法国在册军约43.43万人，剩余盟军24.3万人，按模型可用率折算，在场合计约57.57万人，对任务需求55.86万人，余约1.71万人。"
07_行省化的边界.md,196,### 2．有限扩展并非天然收支平衡，但确实存在闭合办法,这表明，有限省化不是纯粹幻想。但其余量不大：额外任务、较高军价、更多税收损失或者盟军失约，都可能吃掉它。主线因此不是“先吞并，再设法找钱”，而是先取得政治和财政承诺，再决定是否吞并。
07_行省化的边界.md,200,### 3．有利反例必须保留,"同一套研究还算出一个对大范围并合更有利的角点：较低驻军需求、保留全部原盟军编制与自养来源、每人每年700法郎、陆军预算3.50亿、额外任务减少三万人、税余较高。约5,668万人口的组合由此出现约2.36万人在场余量和1,923万法郎经费余量。〔省10〕"
07_行省化的边界.md,202,### 3．有利反例必须保留,**这个结果推翻了“该规模在任何技术条件下都不可能”的说法。**它没有证明方案现实可行，因为同时保留军事贡献、获得税余、降低驻防并维持地方接受，是四项需要政治证据的条件。但它必须被读者看见：严肃的论证应当承认最有利的反例，而不是只展示支持结论的一列。
07_行省化的边界.md,204,### 3．有利反例必须保留,"更大约7,732万人口的情景，在同一组有利调整中仍有明显缺口。这个梯度是有意义的：有限扩展容易找到组合，扩大到多个不合作大国后迅速恶化。不过，所有结果仍依赖同一组兵力、成本和税余假设；十张表彼此相合，不等于十份独立史料相互验证。"
07_行省化的边界.md,208,## 七、真正现实的省化路线：先使边界停止移动,如果拿破仑坚持要扩大法国的直接疆域，而不是只建立附庸体系，最合理的路线应当从以下次序开始。这是根据历史经验提出的政策方案，不冒称皇帝已经制定过的一份秘密蓝图。
07_行省化的边界.md,210,## 七、真正现实的省化路线：先使边界停止移动,**第一步，固定已经具备行政基础的核心。**保住旧法国及比利时、莱茵左岸、皮埃蒙特等早期并合地区，停止以海关漏洞为理由不断移动边界。欧洲其他国家必须相信，遵守条约不会只是给下一次兼并争取时间。
07_行省化的边界.md,212,## 七、真正现实的省化路线：先使边界停止移动,**第二步，让义务可预期。**公布常态征额与服役期限，避免把所有战争风险压给下一届青年；税收增减进入预算程序；不再把地方债务和帝国赠产当作可以随时重新分配的战利品。
07_行省化的边界.md,214,## 七、真正现实的省化路线：先使边界停止移动,**第三步，给予共同市场，而不仅是共同税单。**贝格工业家希望进入法国市场的请愿，说明存在主动要求更深整合的利益群体。法国可以先提供条约化市场准入，再考察是否有足够广泛的地方联盟支持并合。一个行业的请愿不等于全民同意，却比省长宣称“一切安静”更接近真实的正面需求。
07_行省化的边界.md,216,## 七、真正现实的省化路线：先使边界停止移动,**第四步，扩大本地仕途与语言空间。**中央保留最终任命权，但允许本地人进入高级官职、全国法院和代表机构；行政教育逐步双语化；保留居民能够实际使用的诉讼渠道。只要求地方青年去巴黎服务，却不肯让他们参与国家决策，很难培养跨地区的帝国精英。
07_行省化的边界.md,218,## 七、真正现实的省化路线：先使边界停止移动,**第五步，把教会和解作为长期制度，而不是临时停火。**保护既有地产交易，保持宗教任命与礼仪秩序，避免由罗马的一次冲突把多个已稳定省份重新变成政治前线。
07_行省化的边界.md,220,## 七、真正现实的省化路线：先使边界停止移动,**第六步，分批验收，不同时吞下所有边疆。**以税收实得、债务支付、兵员到队、普通法院运转和地方职位接受率，连续考察一个地区；只有在驻军负担下降而非上升时，才扩展下一批。可以设定三年审计窗口作为政策工具，但这只是拟议程序，不是由历史数据识别出的自然规律。
07_行省化的边界.md,222,## 七、真正现实的省化路线：先使边界停止移动,由此形成的，可能是一个比现实法国更大的、以巴黎为中心的多语言国家。其边界较可能沿相邻的西欧行政与经济网络扩展，而不是一口吞并所有王国。**托斯卡纳式的渐进整合、贝格式的利益驱动整合，均比西班牙式的战争中省化更有希望。**
07_行省化的边界.md,224,## 七、真正现实的省化路线：先使边界停止移动,然而，这条路的成功会改变拿破仑帝国本身。它需要稳定产权、预算约束、地方代表权和可信的退伍承诺；也就是让皇帝接受越来越多不能随个人意志收回的规则。法国可以因此变得更强，却不再只是一个不断把胜利兑换成新征服的国家。
07_行省化的边界.md,228,## 八、最终裁定：可扩展的法兰西，不等于可吞并的欧洲,对最重要的原问题，本书给出三层结论。
07_行省化的边界.md,230,## 八、最终裁定：可扩展的法兰西，不等于可吞并的欧洲,**第一层：真实可行。**早期并合核心具有持续成为法国国土的条件；和平与制度稳定可提高其整合程度。法国不必退回1789年边界，才有资格获得长久秩序。
07_行省化的边界.md,232,## 八、最终裁定：可扩展的法兰西，不等于可吞并的欧洲,**第二层：有条件可行。**邻接、小规模、行政传统较强、拥有利益支持者的若干地区，可以分批并入。扩大到更大人口范围，数学上存在有利组合；政治上必须证明地方合作、财政贡献和军事服从能够同时保持。
07_行省化的边界.md,234,## 八、最终裁定：可扩展的法兰西，不等于可吞并的欧洲,**第三层：不宜作为现实主线。**将西班牙、南德、奥地利、俄国、英国等不同体系一并取消主权，在1803—1848年间建成由巴黎直接治理的普通省份，要求法国连续赢得多场高风险战争，同时放弃足以换取和平的妥协，还要求新领土迅速补足征服成本。现有证据不足以支持这种链条。把时间延长到数代人，可以讨论一种逐渐联邦化、宪政化的欧洲，但那已经是另一个政治工程，不是拿破仑凭一次正确决策即可兑现的胜利方案。
07_行省化的边界.md,236,## 八、最终裁定：可扩展的法兰西，不等于可吞并的欧洲,**因此，法国最可信的霸权道路，是扩大并稳固直接核心，以制度而非不断吞并控制盟国，再以有限承诺与外部强国共存。**这个结论既承认省化真正做到过的事，也拒绝把半个成功实验夸大为整个欧洲的宿命。
08_新秩序的经济与社会.md,5,## 一、胜利的第一项收益，应当是停止让欧洲彼此贫困,拿破仑控制大陆，部分是为了把英国挡在市场之外；然而，大陆本身不是一个已经统一、只等关上大门的经济体。
08_新秩序的经济与社会.md,7,## 一、胜利的第一项收益，应当是停止让欧洲彼此贫困,法国制造商需要德意志和意大利的客户，里昂需要生丝，纺织厂需要海外棉花，港口需要商船，国库需要商人的汇票。任何一个环节被战争切断，损失都可能绕一圈回到巴黎。大陆体系的矛盾，正在于它试图用破坏贸易的手段，把贸易力量变成法国的政治力量。
08_新秩序的经济与社会.md,9,## 一、胜利的第一项收益，应当是停止让欧洲彼此贫困,**法国胜利后的经济主线，不应是把封锁无限延长，而应是把军事优势换成可长期使用的市场规则。**保护某些产业、限制军需品、为法国商品争取有利准入，均与全面禁止英国贸易不同。后者需要不断查验原产地、堵塞中立转运、惩罚自己的港口，最终使法国不得不对自身颁发例外许可证。
08_新秩序的经济与社会.md,11,## 一、胜利的第一项收益，应当是停止让欧洲彼此贫困,1810年8月23日，拿破仑向欧仁强调“法国至上”——*la France avant tout*。这句话准确揭示了帝国经济政策的优先级。它能够获得法国制造业的支持，也会让盟邦明白：所谓共同大陆，未必意味着共同利益。〔经1〕
08_新秩序的经济与社会.md,17,### 1．法国并非没有出口；它的问题是出口被重新组织了,Ellis整理的贸易表显示，法国的对外商业在革命与战争之间几度收缩、改道，又恢复增长。1797年公历系列出口为**2.11亿**法郎；1800年对应的共和历统计行，进口**3.51亿**、出口**2.72亿**、总额**6.23亿**。表中历法、来源和疆界不完全一致，比较时应沿各自系列展开。〔经2〕
08_新秩序的经济与社会.md,19,### 1．法国并非没有出口；它的问题是出口被重新组织了,先看几个能体现转折的年份。单位为百万法郎“官方值”，不是当年市场价格或现代国民账户。
08_新秩序的经济与社会.md,36,### 1．法国并非没有出口；它的问题是出口被重新组织了,完整逐年数字置于本书资料附编，保留两套系列，不用其中一个填补另一个。1814年前后又发生疆界变化，所以这些数值适合描述官方贸易规模和方向，不宜直接作恒定国土的增长率。
08_新秩序的经济与社会.md,38,### 1．法国并非没有出口；它的问题是出口被重新组织了,它们仍足以纠正两种印象。第一，法国在战争中并未失去制造品出口能力；大陆市场确有价值。第二，帝国解体也没有使法国永久失去出口：1817年总出口在官方值上接近1806年另一系列的水平，尽管客户、疆界和商品结构已经变化。
08_新秩序的经济与社会.md,40,### 1．法国并非没有出口；它的问题是出口被重新组织了,因此，“帝国是法国唯一的经济出路”并不成立；“大陆控制毫无商业价值”同样不成立。真正的选择，是靠强制保住某些客户，还是在保持有利大陆联系的同时恢复更多海上客户。
08_新秩序的经济与社会.md,44,### 2．最大的大陆市场，与最大的敌国,出口目的地表使这一选择变得具体。
08_新秩序的经济与社会.md,56,### 2．最大的大陆市场，与最大的敌国,单位：百万法郎官方值；“—”是原表未列值，不自动代表全部贸易为零。1815年以后，荷兰包含比利时，意大利分类也有变化。〔经2〕
08_新秩序的经济与社会.md,58,### 2．最大的大陆市场，与最大的敌国,"1810年德意志诸邦、意大利王国、其他意大利地区、瑞士和荷兰合计，约占相应总出口的四分之三。这足以说明法国制造业对大陆关系的依赖。西班牙出口从1806年的6,531万降到1808年的3,320万，又降到1813年的2,217万，说明入侵一个重要客户具有经济代价，不能只计征服所获的税款。"
08_新秩序的经济与社会.md,60,### 2．最大的大陆市场，与最大的敌国,但从1810年德意志、意大利出口下降的数额中，直接提取“法国霸权每年创造1.24亿法郎纯收益”，仍属过度解释。战争结束、统计疆界变化、需求变化、竞争恢复和贸易改道都在其中；出口额也不是利润，更不是国库收入。
08_新秩序的经济与社会.md,62,### 2．最大的大陆市场，与最大的敌国,"更有意味的是英国。1813年官方表列对英出口1.146亿法郎，超过对德意志诸邦的7,251万。拿破仑最后几年的大陆体系，已经包含一条规模可观、由许可证维持的敌国贸易渠道。**商业不是被政治完全消灭，而是在政治划出的例外中重新生长。**"
08_新秩序的经济与社会.md,64,### 2．最大的大陆市场，与最大的敌国,这使1807年后的经济转向有现实基础：把不透明、选择性发放的许可证，改为公开税率和明定限制；允许一般商品贸易，严格区分军需与普通消费品；让盟邦分享准入，而不只是执行封锁。制度工具并非凭空创造，变化在于取消皇帝随时赐予或收回例外的特权。
08_新秩序的经济与社会.md,70,### 1．海岸线不是一道可以连续站满士兵的墙,"帝国海关规模曾扩张到数万人。资料常见约3.5万这一量级，其中约4,000人为办公人员、约30,750人为外勤编制；各项加总与整数表述之间存在四舍五入。它显示一个庞大的组织，而不是一条已被严密封死的海岸。"
08_新秩序的经济与社会.md,72,### 1．海岸线不是一道可以连续站满士兵的墙,北海岛屿、波罗的海转运港、地中海据点、中立船舶和内陆边境，会随查缉强度变化而重新分工。货物可以改变船旗、所有权文件和运输路径；商人也可以利用官方许可证。执法的对象不是固定靶子，而是一套会学习的商业网络。〔经3〕
08_新秩序的经济与社会.md,74,### 1．海岸线不是一道可以连续站满士兵的墙,走私保险的变化，能比“封锁有效或无效”的二分法表达更多信息。相关莱茵线路的报价，从1800年前后的约6%，上升到1806—1808年部分时段约26%，1809年以后一些高风险线路达到50%左右；与此同时，另一些北德路线只需6%—8%。
08_新秩序的经济与社会.md,76,### 1．海岸线不是一道可以连续站满士兵的墙,这些数字说明封锁确实提高了成本，也说明成本高度依赖路线、时点与货物。把一条最贵路线的保费写成全欧洲所有贸易的统一从价壁垒，会夸大封锁；只要发现走私就宣布封锁毫无作用，又会低估价格和供应冲击。
08_新秩序的经济与社会.md,80,### 2．四个港口，四条重新长出的商路,黑尔戈兰的小岛、哥德堡的锚地、马耳他的仓库与直布罗陀的海湾，构成封锁地图的反面：巴黎每堵住一条旧商路，贸易便寻找另一个受海军保护、靠近买主的入口。
08_新秩序的经济与社会.md,89,### 2．四个港口，四条重新长出的商路,这几项数的单位不同：舰船在港截面、全年货值、货重和商人人数，说明的是网络的不同部分，不能相加为“封锁总漏率”。黑尔戈兰商人自称年进口800万英镑，赫克歇尔已明确认为这个估计几乎肯定偏高。马耳他1812年的25%，则是Grab所述**英国运往欧洲的货物中赴马耳他的份额**，不是英国全球出口的四分之一。〔经22〕
08_新秩序的经济与社会.md,91,### 2．四个港口，四条重新长出的商路,瑞典的妥协尤其直白。1810年11月给哥德堡总督的训令，允许他对瑞典臣民所有、悬挂美国等可接受旗帜的船货压下实情、便利交通。这里不是一群商人偷偷战胜整个国家，而是地方贸易收益进入了国家决策。英国也无需在每一处海岸取得同样优势；维持几个能接通商人网络的节点，就能迫使法国在漫长的边境上付费。〔经22〕
08_新秩序的经济与社会.md,93,### 2．四个港口，四条重新长出的商路,和平会削去这些港口因禁运而获得的暴利，却不会抹掉仓储、经纪和航运知识。法国较合算的选择，是让正常货物重新走公开港口、缴可预期关税，把转口商从禁令的敌人变成贸易秩序的参与者。**封锁最深的悖论，是它一面惩罚商路，一面替绕行商路的中介创造资本。**
08_新秩序的经济与社会.md,97,### 3．士兵站上海岸之后,查缉所用的不只有海关人员。1810年9月28日，拿破仑给达武的命令，把驻德意志北海岸的两个师的唯一任务规定为防止走私。准确的对象是这两个师，而非达武全军在所有时段都只做缉私。一支优秀野战部队被固定在海岸，本身就有机会成本：兵饷继续支付，应付大陆危机的机动余地却缩小了。〔经23〕
08_新秩序的经济与社会.md,99,### 3．士兵站上海岸之后,"据帝国平均密度外推，每多守1,000公里关线，可能需约2,400—3,800名外勤人员；按年薪500法郎，纯工资约120万—190万法郎，加入管理与间接费用的试算为190万—420万。这是规划假设，不是各国边境的实测定律。若再假设常驻十万军人、每人年费600—700法郎，军费另达6,000万—7,000万；这个十万人是压力情景，亦非前述两师的实际员额。〔经23〕"
08_新秩序的经济与社会.md,101,### 3．士兵站上海岸之后,判断一条关线是否值得守，因而先问三件事：有无连续河流或少数渡口可供控制；近处有无境外港市承接绕行；本地生产者是否也从限制进口中受益。萨克森的部分工业利益较容易与禁令同向，贝格、法兰克福和汉萨商人的利益则常与之相反。**合作可以省下部分执法费用；敌意会把一项税收制度变成长年的治安战。**
08_新秩序的经济与社会.md,105,### 4．谁得到许可证，谁才分到帝国市场,限制并不平均落在各港口身上。马尔扎加利对波尔多、汉堡和利沃诺商人的研究指出，1809—1810年旧制许可证有三分之一以上给了波尔多，已经并入法国的利沃诺却一张未得；1810年恢复对美贸易的航行许可，波尔多取得620张，汉堡5张，利沃诺1张。这不是全部贸易许可证的总账，却清楚表明：同属帝国，不等于享有同样市场权利。〔经20〕
08_新秩序的经济与社会.md,107,### 4．谁得到许可证，谁才分到帝国市场,甚至受优待者也不愿完全服从。1813年Clamageran商行申报的葡萄酒数量为实货三倍、货值七倍，以满足许可证对进出口等值的要求。在汉堡，参议会与商会于1807年上半年花约150万法郎，换取当局对易北河贸易的宽纵；在利沃诺，月薪40法郎的基层人员面对的贿赂，可以是半小时放行200—300法郎。许可、虚报与买通并非三个无关故事，而是同一制度把正常贸易的收益转化成稀缺准入租金的三种方式。〔经20〕
08_新秩序的经济与社会.md,109,### 4．谁得到许可证，谁才分到帝国市场,转向通商会遇到的阻力因而不只来自制造商，也来自已经取得许可证和执法收益的人。法国若要建立共同市场，必须让更多商人从公开权利而非个别恩惠中赚钱。否则，即使贸易总量恢复，帝国仍在不断生产有组织的特权集团和被排斥者。
08_新秩序的经济与社会.md,113,### 5．封锁为何能够伤害英国，却未必迫使英国投降,对英国而言，失去订单、库存积压、信用收缩和工人失业都是实质压力；对法国而言，棉花、糖、染料和其他原料涨价也是真实成本。两方可以同时受伤，而较能替换市场、融资和航路的一方未必先屈服。
08_新秩序的经济与社会.md,115,### 5．封锁为何能够伤害英国，却未必迫使英国投降,法国一些工业部门因保护获得成长空间，一些港口和依赖进口的生产者则承担损失。里昂受益于生丝政策，不代表伦巴第生丝生产者同样受益；受保护的棉纺厂扩张，不代表进口棉价对它没有约束。
08_新秩序的经济与社会.md,117,### 5．封锁为何能够伤害英国，却未必迫使英国投降,因此，持久秩序需要处理的是分配，而不只是总量。可以设置较缓的关税过渡、允许盟邦在某些产业保有政策空间，以市场准入补偿军事贡献。若巴黎永远只让法国生产者得到好处，邦国政府便有理由把每次外部危机当作重新议价的机会。
08_新秩序的经济与社会.md,121,### 6．一次性收入不是永久机器,没收库存、罚款、强制贷款、出售教产和削减债息，都可以在短期释放资源。它们不等于可持续的经常税。
08_新秩序的经济与社会.md,123,### 6．一次性收入不是永久机器,同样，海关净收入与海关人员总工资，若涵盖税种和职能不同，就不能直接相减宣布“整个海关亏损”。征盐税、执法、军事控制和一般关税征收之间存在机构重叠。准确的判断应是：**封锁越依赖高强度检查，维持它的行政和政治成本越高；现有账目不足以给出整个体系一个统一净利润率。**
08_新秩序的经济与社会.md,125,### 6．一次性收入不是永久机器,政策结论不因此悬空。继续扩大封锁执法区，意味着同时扩大法国需要警察、军队和补偿的范围；用稳定关税替代全面禁运，则能把部分非法利润转为税收，并降低盟邦背约的收益。后者是和平秩序的较优方向。
08_新秩序的经济与社会.md,131,### 1．巴黎的钱，未必装在驶向巴黎的船上,1805—1807年的法西金融安排，展示了一个比地图复杂得多的世界。墨西哥白银、西班牙国库汇票、荷兰Hope商行、伦敦Baring商行、美国货运和汉堡汇兑，能够同时参与向法国提供资金。
08_新秩序的经济与社会.md,133,### 1．巴黎的钱，未必装在驶向巴黎的船上,Buist所复原的Parish业务，经韦拉克鲁斯输出约645万比索，其中直接运往欧洲的分类账记录只有约六万。大部分白银先用于向北美商行预付运欧货款，再取得对欧洲收货人的汇票；Hope到期收款，巴黎最终获得资金。英美贸易逆差和英俄贸易结算，又使伦敦和汉堡成为重要节点。〔经4〕
08_新秩序的经济与社会.md,135,### 1．巴黎的钱，未必装在驶向巴黎的船上,换言之，**白银的物理航路、汇票的信用航路与国库的最终收入，不是同一条线。**英国商人参与，并不意味着英国政府甘愿无限资助法国；法国国库受益，也不意味着每一枚墨西哥银币都越过了英国封锁驶入法国港口。
08_新秩序的经济与社会.md,137,### 1．巴黎的钱，未必装在驶向巴黎的船上,这套网络支持一个重要反事实判断：法国不必拥有全球制海权，才可能获得海外金融资源；但它必须给中介留下利润，并尊重足以使汇票被接受的产权与偿付安排。大陆和平后，巴黎最有价值的海上盟友，可能不是一艘新增战舰，而是一张能在伦敦、阿姆斯特丹和汉堡兑现的商业票据。
08_新秩序的经济与社会.md,141,### 2．费用很多，但不能把每个百分数都扣一遍,原材料记录了进口税、佣金、净利分成、保险、所有权转换折扣等多种费用。1806年5月至1807年下半年，某些韦拉克鲁斯交易的总税费由约11%升到33%；另有往返保险12.5%、特定汇票17%或21%的折扣，以及按发票、净收益或货值计算的不同分成。
08_新秩序的经济与社会.md,143,### 2．费用很多，但不能把每个百分数都扣一遍,这些是不同合同、不同年份、不同分母的价格。把它们逐项相加，再从所有白银中统一扣除，会制造不存在的“总损耗率”；若某笔支付已经是净额，再扣一次佣金则会重复计算。美洲编已经据此修正法西补贴和可汇款能力的比较。
08_新秩序的经济与社会.md,145,### 2．费用很多，但不能把每个百分数都扣一遍,能够成立的结论是：战争提高了跨境转移成本，且政治信用有独立价格。具体交易可以很昂贵，但仍可能比切断网络更有利。取消敌对状态、保护中介和减少任意扣押，通常比试图把所有结算强迫迁到巴黎更有效。
08_新秩序的经济与社会.md,149,### 3．1805年的危机：有税收，不等于有现金,"法国的财政危机又显示这套体系的脆弱。西班牙付款延迟，承包商与国库义务证相互牵连，法兰西银行准备金紧张，挤兑与商行停付沿巴黎、阿姆斯特丹和汉堡传播。关于财团负债、资产和赤字，早期报告与Mollien复核分别给出不同数字：约1.42亿负债、约8,000万资产、约6,000万缺口，是后者的一组估计，不能与早先7,000万赤字报告当作同日独立数值相加。〔经4〕"
08_新秩序的经济与社会.md,151,### 3．1805年的危机：有税收，不等于有现金,这不是“法国永远没有信用”的证明。它说明期限、抵押品和支付承诺需要匹配。战争财政若把尚未取得的海外白银，当作已经能够兑付的巴黎现金，哪怕帝国税收庞大，也会在到期日发生危机。
08_新秩序的经济与社会.md,157,### 1．保护金融资产，比搬迁银行重要,热那亚的圣乔治银行、荷兰公债和汉堡银行提供三种不同的警告。
08_新秩序的经济与社会.md,159,### 1．保护金融资产，比搬迁银行重要,"利古里亚并入法国后，既有债权被重新登记和大幅削减，圣乔治银行也被撤销。相关账目中，约1.437亿热那亚里拉的旧名义债务与约1,850万法郎的新登记额，不是同币种数值，必须先说明兑换和重组方法，才可比较。荷兰则发生债息削至三分之一。汉堡1813年遭到银行银储备征用，打击的是作为跨境结算基础的资产安全。〔经5〕"
08_新秩序的经济与社会.md,161,### 1．保护金融资产，比搬迁银行重要,三例都说明，兼并可能以降低政府支付义务为代价，伤害私人债权人。但它们不是一条“任何金融中心并入法国必定损失三分之二全部资本”的定律。公债、银行储备、商人自有资本和房地产是不同资产；债权减记也不会把当地所有技术和商业关系同时消灭。
08_新秩序的经济与社会.md,163,### 1．保护金融资产，比搬迁银行重要,新秩序的选择因此很清楚：承认既有债务、公布转换规则、避免任意没收，并允许跨境结算继续进行。这样做会减少一次性财政收入，却能换来更便宜、更持久的融资。帝国若拒绝支付这个价格，就应当接受自己的金融中心不如领土面积看起来那么强大。
08_新秩序的经济与社会.md,167,### 2．拿破仑反感某种纸币，不等于法国没有银行券,法国存在法兰西银行、银行券、商业贴现、登记公债和短期国家信用。拿破仑对革命时期纸币灾难、庞大长期负债与金融投机的戒心，不应改写成他禁止一切纸币和公债。
08_新秩序的经济与社会.md,169,### 2．拿破仑反感某种纸币，不等于法国没有银行券,意大利的Monte Napoleone，也说明法国式政权能够建立债务登记、指定偿付与预算优先权。其债务在王国消失后经条约分配和承认，显示制度化的债权具有越过政权更替的生命力。〔经5〕
08_新秩序的经济与社会.md,171,### 2．拿破仑反感某种纸币，不等于法国没有银行券,所以，一个法国胜利的欧洲有机会发展多中心金融网络：巴黎承担中央税收与国家信用，米兰承担意大利财政和商业融资，阿姆斯特丹保有国际投资传统，汉堡保有北欧汇兑功能，法兰克福继续为德意志各邦服务。它们的重要性会变化，却没有理由被一张行政命令全部抹平。
08_新秩序的经济与社会.md,173,### 2．拿破仑反感某种纸币，不等于法国没有银行券,1810年5月5日，拿破仑在安特卫普写给莫利安的信，正好显示这条道路并非全由后人想象。他抱怨法兰西银行仍是“巴黎的银行”，要求外省持有良好票据者也能获得贴现，并提出约4%利息加每年0.5%佣金的目标。信件中的银行券、股本和贴现安排仍须区分，目标利率也不是全国已经实现的成交价；但皇帝确实希望把金融便利扩展到工业和商业地区，而非只把银行当作国库提款处。一个更长的和平，最值得推进的正是这种从命令转向可靠网点、信息和偿付关系的建设。〔经21〕
08_新秩序的经济与社会.md,177,### 3．黄金流出英国，为什么不等于英国变弱,1811年3月以前，罗斯柴尔德家族已把黄金从英国运往法国。这项业务起初受到容忍，后来取得许可。詹姆斯在格拉沃利讷或敦刻尔克，用运入的几尼购买在法国折价的伦敦汇票，再送回伦敦兑现。莫利安把英国金属外流视为敌国衰弱的征兆；然而，同一个跨境网络随后也能为英国部队取得在大陆可用的钱币。〔经6〕
08_新秩序的经济与社会.md,179,### 3．黄金流出英国，为什么不等于英国变弱,"1812年4月的六批黄金装运合计约27,300英镑，记录另列詹姆斯寄回汇票面额65,798英镑。两项足以显示业务规模，却未证明黄金和汇票逐笔对应、期限相同、已经结清。相除得到的2.41，不应写成确定兑换率；更不应据此宣称所有伦敦汇票在巴黎只值面额的41%。现金、票面、到期时间和信用风险，必须同时进入一笔交易的账。〔经6〕"
08_新秩序的经济与社会.md,181,### 3．黄金流出英国，为什么不等于英国变弱,这处细节确实给法国一个政策选择：若继续战争，可以取消对敌方军费结算有利的特许，增加英国前线取得现币的成本。但把某条通道关掉，并不等于廉价切断英国战争金融；商人可以绕行，法国自身也会失去黄金流入与结算便利。若转向和平，合理方向恰是保护结算网络，而非永远关闭它。
08_新秩序的经济与社会.md,183,### 3．黄金流出英国，为什么不等于英国变弱,所以，金融整固应以三项持续承诺为中心：承接可确认的旧债、为新公债设可执行的偿付规则、保护清算机构的资产安全。封堵黄金通道只是战争条件下的战术选项，与前三项并不构成“四条全做便必然自我融资”的公式。**法国可把金融网络变成自身的力量；条件是它愿意首先成为可守信用的债务人。**
08_新秩序的经济与社会.md,187,### 4．罗斯柴尔德会改变业务，不会因没有滑铁卢而不存在,罗斯柴尔德家族的兴起与战争汇兑、英国补贴和战后公债相关，但它并非凭一次“提前知道滑铁卢”的投机成为欧洲主宰。Ferguson的档案研究显示，金属运输、汇票购入、汇率管理和长期公债持仓，比流行传奇复杂得多；和平到来也会使原有战争头寸亏损，使其他商行重新竞争。〔经6〕
08_新秩序的经济与社会.md,189,### 4．罗斯柴尔德会改变业务，不会因没有滑铁卢而不存在,下列资本数字可帮助把神话还原为企业史，但不能当作整个欧洲金融市场的规模：
08_新秩序的经济与社会.md,198,### 4．罗斯柴尔德会改变业务，不会因没有滑铁卢而不存在,这些资产的成长说明金融中介能够迅速扩张；它们不允许我们推导，在法国胜利的另一个1825年，该家族一定拥有某个精确数额。最可信的方向是：反法补贴与战败法国赔款业务缩小，贸易融资、法国及盟邦贷款、基础设施融资的份额上升。能否承销法国债，取决于法国愿不愿意提供偿付信用，而不是银行家天然属于哪一个阵营。
08_新秩序的经济与社会.md,204,### 1．英国的领先，不是一台蒸汽机的领先,英国1800年蒸汽动力约3.5万马力，1830年约16万；后者才大体追上当时水力的量级。蒸汽并非在1803年已经全面替代旧动力。法国后来工业蒸汽动力的统计为1839年约3.3万马力、1848年约6.5万，且不包括机车和船用机器。两套系列并非完全同口径，却清楚显示英国的先发规模。〔经7〕
08_新秩序的经济与社会.md,206,### 1．英国的领先，不是一台蒸汽机的领先,真正难复制的，是机器制造、金属加工、熟练工人、维修网络、煤炭供应和稳定需求的组合。买一台机器可以很快；让它多年可靠运转，并由本地工厂制造下一台，需要另一种能力。
08_新秩序的经济与社会.md,208,### 1．英国的领先，不是一台蒸汽机的领先,因此，和平和进口能够加速追赶，但“法国一旦获胜，所有技术差距同时缩短二十年”没有依据。不同部门必须分别判断。蒸汽、动力织机、冶金、化学、精密制造和铁路不是同一条时间线。
08_新秩序的经济与社会.md,212,### 2．棉纺的成长是真实的，原料依赖也是真实的,"帝国1812年前后活动纱锭约133万，是Montalivet报告与Pinkney研究提供的量级；英国同期通行估计约460万—500万，但英方原始统计在本工程中未逐项复核。巴黎塞纳省133,448锭，根特所在的埃斯科省约134,000锭，北方省、塞纳下游和罗讷省也有重要生产。省级统计之间存在冲突，不能把所有资料里最大的数字拼成一张全国总表。〔经7〕"
08_新秩序的经济与社会.md,214,### 2．棉纺的成长是真实的，原料依赖也是真实的,巴黎的产业还大量依靠马力和人力，不是所有纱锭都由蒸汽驱动。机械化、动力化与生产率提高需要分别观察。
08_新秩序的经济与社会.md,216,### 2．棉纺的成长是真实的，原料依赖也是真实的,封锁保护了一些已开始学习的厂家，却使原棉更加昂贵。大陆自身的棉花供给仅能满足一部分需求；维持美国、地中海及其他来源，比宣称完全自给更接近现实。法国胜利后的较优路径，是给新兴产业一定保护，同时允许原料、机器和工人流动，而不是把产业保护变成永久技术隔离。
08_新秩序的经济与社会.md,220,### 3．化学的成功与替代品的代价,法国的化学知识并不落后。勒布朗制碱、氯漂、染料和国家军需动员，提供了真实优势。制碱成本下降说明本土创新可以改变进口依赖；它也提醒我们，不应把英国领先写成所有科学与产业的全面压倒。〔经8〕
08_新秩序的经济与社会.md,222,### 3．化学的成功与替代品的代价,然而，甜菜糖的推广同时展示政策预期与产出之间的距离。相关资料的展望为约350万公斤，而1813年实产约110万公斤；工厂、许可证与实际开工数量不是一回事。菘蓝的产出也远未满足宏大计划。
08_新秩序的经济与社会.md,224,### 3．化学的成功与替代品的代价,这些实验留下知识、设备和后来的产业机会，不能只按某一年成败判死刑。但在短期战争中，实验尚未提供的产出不能拿来填补供应缺口。**成功的进口替代是某项产品在特定成本下可以生产，不是欧洲因有化学家便不再需要外部世界。**
08_新秩序的经济与社会.md,228,### 4．煤与铁：法国最重要的产业边疆在比利时,法国在木炭冶铁时代并非弱国；英国的跃升与煤炭、焦炭和生产组织的改变有关。比利时瓦隆地区煤铁相邻、技工密集、靠近市场，成为大陆最具潜力的追赶地带。
08_新秩序的经济与社会.md,236,### 4．煤与铁：法国最重要的产业边疆在比利时,这组后见统计只用于说明技术与资源的可能方向，不直接搬作反事实世界的产量。比利时煤产在所列系列中略高于法国，不是“接近但仍低于”。〔经8〕
08_新秩序的经济与社会.md,238,### 4．煤与铁：法国最重要的产业边疆在比利时,科克里尔家族在1799年已经进入韦尔维耶，1807年在列日发展机器制造；因此，其活动并非一定需要1815年法国战败才能开始。可是，史实中荷兰国王的支持、塞兰的投资和后来的铁路订单，也不会在另一个政权下自动出现。法国须用自己的信用、订单和制度替代这些支持。
08_新秩序的经济与社会.md,240,### 4．煤与铁：法国最重要的产业边疆在比利时,最合理的产业推演是：**若比利时留在稳定、通商的法国核心内，瓦隆可以成为帝国煤铁与机械中心；其崛起有较强的资源和技能基础，但具体速度取决于资本与市场。**长期封锁、任意债务处置和不断抽走资金用于战争，会让法国拥有煤田却迟迟不能充分利用它。
08_新秩序的经济与社会.md,244,## 七、制造业的收益与国家税源,Chaptal在1819年估算法国制造业商业总产值约18.201亿法郎，并作如下分解。其材料混合帝国调查与复辟期整理，地理范围多处已按战后法国调整。
08_新秩序的经济与社会.md,254,## 七、制造业的收益与国家税源,分项多为约数，加总与所列总额有约九万七千法郎差异，并不应强行补成一个不存在的精确科目。〔经9〕
08_新秩序的经济与社会.md,256,## 七、制造业的收益与国家税源,这是一份有价值的结构描述，却被旧稿施加了过重的解释。
08_新秩序的经济与社会.md,258,## 七、制造业的收益与国家税源,首先，进口原料占产值10.2%，**不是进口中断所能造成损失的硬上限**。某种关键原料即使价值份额很小，也可能使整条生产线停工；替代性、库存和行业集中度，远比全国平均份额重要。
08_新秩序的经济与社会.md,260,## 七、制造业的收益与国家税源,其次，利润占销售产值10%，不是资本年回报率10%；一般费用占比也不是固定资本存量占比。由此推导“法国工业绝不可能自筹重工业和铁路”，超过了资料能力。家族融资确有规模约束，但合伙、银行、股份融资与国家参与都可能改变它。
08_新秩序的经济与社会.md,262,## 七、制造业的收益与国家税源,再次，判断国家抽走社会收入的比例，需要包含农业、服务业等部门的同口径增加值，也要统一国土范围。制造业毛产值包含重复投入，既不是全国收入，也与帝国国库的疆界未必相同。直接以税收相除，会夸大所谓“国家汲取率”。
08_新秩序的经济与社会.md,264,## 七、制造业的收益与国家税源,保留这些限制，不会使经济结论失去方向。工业化需要把短期商业信用转成长期投资，需要可预测税制和可持续市场；反复战争、提款与资产没收会提高这个转换的成本。**法国有积累能力，问题是帝国愿意把多少积累留给企业，而不是把它全部提前征用于下一场战争。**
08_新秩序的经济与社会.md,268,## 八、货币统一：法郎可以跨境，财政信用不会自动跨境,1803年的金银复本位，把法定金银比价规定为1比15.5。意大利王国的里拉采用与法郎相近的重量、成色与十进制安排，形成实际的货币兼容；一些德意志国家采用法郎记账，却继续使用旧币，等待邻国共同改制。〔经10〕
08_新秩序的经济与社会.md,270,## 八、货币统一：法郎可以跨境，财政信用不会自动跨境,这些材料支持一种相当现实的前景：法国、低地国家、部分意大利和瑞士之间，逐步形成金银币标准相近、税款按共同单位结算的区域。旧币不必一夜消失，地方名称也可以保留。
08_新秩序的经济与社会.md,272,## 八、货币统一：法郎可以跨境，财政信用不会自动跨境,但统一铸币标准、互认法偿、建立共同纸币、共同中央银行和共同偿债责任，是五个不同层次。1865年的拉丁货币同盟提供了后来的比较案例，却没有提供一张可以原封不动提前到1815年的制度设计。它本身也未实现共同纸币和统一银行制度。
08_新秩序的经济与社会.md,274,## 八、货币统一：法郎可以跨境，财政信用不会自动跨境,拿破仑式秩序最可能首先达到的，是**浅层货币协调**：共同重量成色、清楚的兑换规则、限制辅币滥发、政府间结算安排。更深的一体化需要财政承诺与危机分担，而这些恰好是各国最不愿交给巴黎的权力。
08_新秩序的经济与社会.md,276,## 八、货币统一：法郎可以跨境，财政信用不会自动跨境,美洲白银的持续供应会影响金属货币条件，但产银不等于全部运往法国，运抵欧洲也不等于直接增加某国货币供应。价格、金银比价、银行信用和国际支付都会改变流向。因此，不废黜西班牙王朝、减少美洲战乱，对欧洲金融总体有利；不能据此精确保证法国在1820年代绝不会通货紧缩。
08_新秩序的经济与社会.md,278,## 八、货币统一：法郎可以跨境，财政信用不会自动跨境,**结论是扩大兼容，而不是强迫所有账本立刻只剩一种货币。**这条路线与多中心金融网络相容，也比把币制统一当作主权吞并的替代标志更可靠。
08_新秩序的经济与社会.md,284,### 1．道路分类不等于新建道路,1811年的帝国道路法令把229条道路分级。这是行政分类与责任分配，不是拿破仑新修了229条完整道路。辛普朗山路、圣康坦运河和安特卫普港池都是重要工程，但其配套设施、船型标准、维护资金与实际使用条件仍有限制。〔经11〕
08_新秩序的经济与社会.md,286,### 1．道路分类不等于新建道路,圣康坦运河1810年的开通仪式与后来实际投用，需要区分；不同水道船型不一还会迫使货物换船。工程在地图上连起来，不代表运输成本已经按比例下降。
08_新秩序的经济与社会.md,288,### 1．道路分类不等于新建道路,斯特拉斯堡的河运量，把交通一体化落实到可比较的货重：
08_新秩序的经济与社会.md,297,### 1．道路分类不等于新建道路,单位原为公制担，即一百公斤，不是“公斤”。它反映斯特拉斯堡有关船运业务，而非整条莱茵河所有运输。用这一个节点与敖德萨一港小麦出口比较，可以说明港口货流规模差异；不能由此证明莱茵河整体没有成为运输动脉的能力。〔经2〕
08_新秩序的经济与社会.md,301,### 2．法国已经拥有可供和平使用的河流制度,1804年的莱茵航行安排，提出两岸合作、共同河流和工程协调原则。后来单边船旗限制、地方堆栈权和封锁政策又削弱了它。这里不是没有制度想象力，而是军事经济目标与运输自由发生冲突。〔经11〕
08_新秩序的经济与社会.md,303,### 2．法国已经拥有可供和平使用的河流制度,主线保留荷兰王国，故河口主权与通航权仍须以条约处理，不能借用史实1810年兼并荷兰的事实，宣称所有争议已经消失。法国可以利用自身优势推动共同航行规则，也必须允许荷兰得到收费、引航、工程和贸易方面的合理安排。
08_新秩序的经济与社会.md,305,### 2．法国已经拥有可供和平使用的河流制度,安特卫普在通商和平中会有很大增长机会；它的工业腹地与港池投资都是真实基础。但“必在某年成为大陆第一北海港、提前三十至五十年取代荷兰港口”，超出了证据。英国是否接受其军事功能、斯海尔德河如何通航、法国是否继续偏袒别的港口，都会改变结果。
08_新秩序的经济与社会.md,307,### 2．法国已经拥有可供和平使用的河流制度,最明确的结论是：**安特卫普的商业价值应当高于把它永久作为对英入侵象征的价值。**法国若能接受有限海军安排换取稳定商路，所得不仅是港口收入，也是比利时、莱茵与北法更紧密的经济联系。
08_新秩序的经济与社会.md,309,### 2．法国已经拥有可供和平使用的河流制度,莱茵邦联内部更紧的关税安排，也有当时的倡议。赫克歇尔记载，伯尼奥曾两三次提出关税同盟，巴舍尔亦支持；巴黎却继续以法国商品销路和过境权为先。它说明互惠市场并非时代之外的设想，也说明单靠技术改进不足以实现它：法国需要改变谁有权分享市场的政治选择。共同税则与收入分配、争端解决可以逐步谈成，但不能只把法国商品的单向准入改称共同市场。〔经1〕
08_新秩序的经济与社会.md,313,### 3．铁路不是1803年的秘密武器,铁路会在十九世纪上半叶进入欧洲政治，但不应提前成为拿破仑战役的万能运输工具。法国拥有工程教育与国家组织能力；英国技术人员、机床、焦炭冶金、私人资本和成熟订单，同样决定建设速度。同代回顾将法国1841年底运营铁路列为约569公里；这与旧稿319公里的口径冲突。本书采用约570公里的量级判断，不让有冲突的精确基数支撑“提前多少年”的推演。〔经12〕
08_新秩序的经济与社会.md,315,### 3．铁路不是1803年的秘密武器,比利时1830年代的国家干线模式，与法国1842年以后国家和公司分担建设的模式，都可作为制度选择的历史参照，不是法国胜利后必然照搬的日程。国家可以兴建土方、桥梁和战略干线，私人公司负责设备与运营；也可以在资本不足时承担更多经营职责。〔经12〕
08_新秩序的经济与社会.md,317,### 3．铁路不是1803年的秘密武器,"旧稿用每公里25万—40万法郎、总长3,500公里，得到总投资8.75亿—14亿、十五年平均每年约5,800万—9,300万。这一算术成立，但单位造价尚非逐线决算，路线难度也不一样；它是**预算压力试算**，不是预测1848年一定铺成3,500公里。"
08_新秩序的经济与社会.md,319,### 3．铁路不是1803年的秘密武器,这个试算已经足以揭示取舍。每年投入数千万法郎建设铁路，与增建舰队、补偿盟邦和维持庞大常备军，竞争同一财政空间。皇帝没有议会否决，不代表没有造价、地形和信用约束。
08_新秩序的经济与社会.md,321,### 3．铁路不是1803年的秘密武器,本书给出的路线判断是：通商、有限驻军和信用稳定的法国，最有希望先建设北法—比利时—莱茵以及巴黎—里昂等高需求走廊；持续封锁和全面行省化占领，会挤压这些投资。**和平不是铁路自动提前的保证，却是让技术进步真正转化为帝国力量的必要政策条件之一。**
08_新秩序的经济与社会.md,327,### 1．农民解放不等于所有农民获得土地,革命和拿破仑改革削弱了身份特权，废除了若干人身依附和封建负担。但必须区分三件事：人身自由、领主租赋的取消、土地所有权的取得。
08_新秩序的经济与社会.md,329,### 1．农民解放不等于所有农民获得土地,一个农民可以取得人身自由，却继续租种他人的土地；某种封建义务可以无偿取消，合法的地租和债务却仍然存在；国有地产出售可以巩固财产权，也可能被有资金的城市显贵和较富裕农民优先购买。**“法国统治所到之处，土地全部留给耕作者”不是可靠概括。**〔经13〕
08_新秩序的经济与社会.md,331,### 1．农民解放不等于所有农民获得土地,普鲁士1811年调整敕令则显示另一种安排：部分世袭持有者可用约三分之一土地补偿领主，某些非世袭持有者面对约一半的补偿规则；1816年进一步限制适用对象。这些条文说明改革的分配成本，不意味着每一位农民都实际交出同一比例。
08_新秩序的经济与社会.md,333,### 1．农民解放不等于所有农民获得土地,不同地区的改革年份也不能排列成单一进步刻度。奥地利、巴登、普鲁士、巴伐利亚、萨克森的“废除”可能针对不同权利，实施与赎买另有时序。法国军事压力确实促进一些改革，但当地国家建设、债务和社会联盟也在发挥作用。
08_新秩序的经济与社会.md,335,### 1．农民解放不等于所有农民获得土地,据此，法国胜利后的农村最可能呈现多种结构并存：直接核心内有较稳固的法律平等与财产市场；部分客户王国保留贵族和大地主的强势；东部和中部地区继续围绕赎买、劳役与地权调整发生争执。长期法国秩序不会自动成为一个自耕农乌托邦。
08_新秩序的经济与社会.md,339,### 2．谁会支持和平帝国,最有理由支持稳定秩序的，是需要确定性的人：希望儿子按期回家的农户，希望合同能兑现的商人，希望地产不被重新没收的买主，希望职位和养老金可靠的军官，以及希望在地方和中央都能晋升的受教育精英。
08_新秩序的经济与社会.md,341,### 2．谁会支持和平帝国,他们不必热爱波拿巴王朝的每一位成员。他们只须判断：维持这个制度，比重新战争和政权更替更能保护自身利益。帝国的长期性来自这种分散判断，而不是一次永远有效的加冕。
08_新秩序的经济与社会.md,343,### 2．谁会支持和平帝国,退役军人安排、军官晋升、赠产与养老金因而是和平建设的一部分。突然大裁军可能破坏支持者的生活；永不裁军又会继续压迫纳税人。可执行的办法是逐步复员、明确补偿与文职转任，保留训练骨干，而不是以新增领土不断为军人寻找新的封赏来源。
08_新秩序的经济与社会.md,349,### 1．民族主义不会按史实剧本同步发生,南德普通居民在战争中首先关心家庭、粮食、宗教和地方秩序；“全德意志一致发动解放战争”是后来被强化的叙事。Planert等人的研究，为修正这种后见统一图景提供了依据。费希特的讲演、普鲁士秘密结社和志愿兵很重要，但都不能代表所有德语人口。〔经14〕
08_新秩序的经济与社会.md,351,### 1．民族主义不会按史实剧本同步发生,普鲁士美德同盟约六百至七百人的规模，与一个已经遍及乡村的大众组织相距甚远。讲演能够影响受教育者，也需要学校、报刊、军队和纪念活动把观念转化为更广泛的身份。没有史实1813年的动员与胜利，普鲁士民族叙事会改变，不会按原来的方式获得同样权威。
08_新秩序的经济与社会.md,353,### 1．民族主义不会按史实剧本同步发生,但由此宣布民族政治长期消失，同样错误。共同法律、征兵、教育与跨地区官僚流动，也会培养意大利、德意志、波兰或其他地区的新精英。法国若长期压低他们的政治地位，自己建立的学校和军队便可能成为要求平等的组织资源。
08_新秩序的经济与社会.md,355,### 1．民族主义不会按史实剧本同步发生,**法国胜利延缓或改写某些民族国家的形成路径，比永久终结民族诉求更可信。**
08_新秩序的经济与社会.md,359,### 2．帝国教育可以塑造忠诚，也会制造更多能提出要求的人,中学、帝国大学、考试与专业学校，为军队和行政提供人员。1808年教育组织要求教师忠于皇帝、帝国君主制与王朝，其政治目的相当明确。与此同时，地方和教会学校、师资短缺与家庭选择，使全国教育并非一个完全同步的装置。〔经15〕
08_新秩序的经济与社会.md,361,### 2．帝国教育可以塑造忠诚，也会制造更多能提出要求的人,教育机会还高度不平等。男性有产者子弟是主要受益群体，女孩与贫困人口并未获得同等入口。女性的家庭和财产权地位、劳动者的结社空间、宗教少数群体的平等，也不能因为采用《民法典》便视作全部解决。
08_新秩序的经济与社会.md,363,### 2．帝国教育可以塑造忠诚，也会制造更多能提出要求的人,1808年针对部分犹太人活动的限制性措施与帝国既有解放遗产并存，尤其提醒我们：法律普遍主义与差别治理可以出现在同一个政权里。一个法国主导的欧洲，会继承这种矛盾，而不是天然站在所有现代权利的终点。
08_新秩序的经济与社会.md,367,### 3．反对派会变，冲突不会凭一场胜利消失,出版审查、警察监控和官方宣传能够压缩反对空间，却不能消除社会变化。斯塔尔夫人的遭遇说明，个人敌意与国家审查可以叠加；警务和内政机构之间也有权限竞争，并非每项文化决定都出自一套完全一致的规划。〔经15〕
08_新秩序的经济与社会.md,369,### 3．反对派会变，冲突不会凭一场胜利消失,和平会减轻战时粮价、征兵和失业冲击，也可能使纳税、代表权和出版自由更难被战争理由推迟。大陆各地的反对派不必都要求驱逐法国：有人会要求成为更平等的帝国公民，有人要求恢复邦国自主，有人要求宪法与议会，有人维护教会或王朝。
08_新秩序的经济与社会.md,371,### 3．反对派会变，冲突不会凭一场胜利消失,1815年贡斯当曾为百日帝国起草制度安排，说明自由派与波拿巴主义之间存在谈判空间。这个先例不保证拿破仑在胜利后主动放权，却使立宪化成为一条真实的制度分支，而不只是后世强加给他的概念。
08_新秩序的经济与社会.md,373,### 3．反对派会变，冲突不会凭一场胜利消失,到1840年代，城市人口、产业劳动、报刊和受教育阶层的成长，很可能使原有政治框架承压。**主线结论是持续的代表权与社会改革要求，而不是史实1848年革命在相同日期、相同城市、由相同人物重复发生。**
08_新秩序的经济与社会.md,379,### 1．黑海不是天然属于法国的粮仓,敖德萨出口资料说明，黑海粮食能够大规模进入国际市场。经现代研究项目换算的小麦离港量，1812年约3.67万吨，1815年约17.17万吨，1816年约18.83万吨，1830年约7.82万吨，1848年约25.41万吨。1813年原工作表为空，不应被网页显示的“0”误写成完全没有出口。〔经16〕
08_新秩序的经济与社会.md,381,### 1．黑海不是天然属于法国的粮仓,这些换算有原单位和编制限制，故不保留小数点后两位造成虚假精度。它们是一个港口的实际出口，不是俄罗斯全国剩余，也不是法国当然可买到的数量。
08_新秩序的经济与社会.md,383,### 1．黑海不是天然属于法国的粮仓,法国取得粮食，至少需要俄国或其他产区愿意出口、奥斯曼海峡开放、商船和保险可得、到港后能运入缺粮内地。俄法和平与英法通商能够改善这些条件；攻占更多海岸本身却可能破坏它们。
08_新秩序的经济与社会.md,387,### 2．森林总量与造舰能力之间，还有漫长的运输和时间,木材、硝石和军马都值得研究，但全国资源总数不等于军队能立即取得的有效供给。橡树必须达到尺寸、曲材形状和成熟度，经过采伐、运输与干燥；盐硝的紧急动员产量不是长期平稳供给；军马须符合年龄、体格、训练和饲料条件。〔经17〕
08_新秩序的经济与社会.md,389,### 2．森林总量与造舰能力之间，还有漫长的运输和时间,因此，法国1810—1812年实际下水舰只的变化，不能被一条“森林只容许每年六艘”的武断上限覆盖；同样，某次调查显示数百万棵橡树，也不证明可以立刻建成上百艘战列舰。
08_新秩序的经济与社会.md,391,### 2．森林总量与造舰能力之间，还有漫长的运输和时间,1813年帝国130省马匹调查约350万，其中约83.8万不足四岁。幼马不是已经训练好的骑兵马；从农业抽走役马还会影响耕作。修复运输与骑兵能力，依赖成熟周期、采购体系和草料，而不仅是地图上多占一片产马地。
08_新秩序的经济与社会.md,393,### 2．森林总量与造舰能力之间，还有漫长的运输和时间,"道森重建的补马体系，在1812年11月12日至1813年12月30日间处理212,671匹马；至1814年4月6日，其中182,212匹已损失或退出，包括约27,000匹因不合用出售、约25,000匹被俘，作者据此推算死亡约130,000匹。退出、被俘与死亡须分别看，国家购买的81,918匹又可能已包含在处理总量之内，不能相加为近三十万匹新马。它们显示的是重建与耗损同时高速发生，而不是法国已没有任何马。〔经17〕"
08_新秩序的经济与社会.md,395,### 2．森林总量与造舰能力之间，还有漫长的运输和时间,对和平、小规模战争、反复大陆战争，可分别设每年取用2万—5万、6万—12万、15万—21万匹的压力情景；这些是研究假设，不是已知可持续上限。越靠近高档，国家越需要与农业争夺成年役畜、草料和运输人员。决定能否承受的，将是成熟马的构成与补充速度，而非全国马群还有几百万。
08_新秩序的经济与社会.md,397,### 2．森林总量与造舰能力之间，还有漫长的运输和时间,不远征俄国的意义，正在于避免一次异常损耗迫使国家透支未来数年的成熟马源。它不会使补马成本归零，却让供给重新有机会跟上正常需求。
08_新秩序的经济与社会.md,401,### 3．1816年会有气候危机，饥荒规模不是预先写好的,坦博拉1815年的喷发属于与拿破仑外交选择基本独立的地质事件；欧洲1816年的冷湿天气可以作为共同外部冲击。但它不是整个欧洲同时同量减产，更不是“无雨之年”。粮价、饥饿和死亡还取决于收成地区差异、储备、进口、禁粮和购买力。〔经18〕
08_新秩序的经济与社会.md,403,### 3．1816年会有气候危机，饥荒规模不是预先写好的,"符腾堡提供一个具体教训。危机初期，仍有价值约140万古尔登的粮食运出；政府到十月才补购外粮，河流随后结冰，救济赶不上冬季。1815／16至1817／18年度，官方记录迁出22,630人，其中1816／17年度17,500人。这个高峰同时包含歉收、前期战争消耗、粮仓不足和迟缓应对，不能移植为法国胜利世界必然发生的外迁率。巴登1817年二月把部分关税收入转给受困市镇，符腾堡与巴登又先后组织慈善救济，说明财政调度可以改变气候冲击到达家庭时的力度。〔经24〕"
08_新秩序的经济与社会.md,405,### 3．1816年会有气候危机，饥荒规模不是预先写好的,在和平主线中，帝国应允许跨区调粮、临时降低粮食进口壁垒、提供救济信用，并避免军队优先征走地方余粮。这里的判断很具体：**气候冲击仍然发生，开放商路和较低军事负担有望减轻人祸部分。**不必编造一个全国少死多少人的数字，才能判断哪种政策更好。
08_新秩序的经济与社会.md,407,### 3．1816年会有气候危机，饥荒规模不是预先写好的,战争疫病也应采取同样办法。1813—1814年莱比锡、哈瑙、法兰克福一线的拥挤、撤军与医院传播，说明避免大规模溃退可以减少疾病风险；后来的霍乱则沿更广泛的贸易和人口网络传播，不会因为没有1812年远征就自动消失。病例病死率不是全人口死亡率，某城病院记录也不是全欧洲统一损失系数。
08_新秩序的经济与社会.md,411,## 十三、一个更富裕、却发展不均的大陆,现代研究为这个问题提供方向，但不能一键生成反事实GDP。
08_新秩序的经济与社会.md,413,## 十三、一个更富裕、却发展不均的大陆,Acemoglu、Cantoni、Johnson与Robinson关于法国革命制度遗产的研究，主要观察更晚的城市化与改革关系；Juhász关于临时保护的研究，说明部分棉纺地区可能从战争时期隔离中积累技术；Kopsidis与Bromley则质疑改革编码并强调煤炭和地方发展；Keller与Shiue对关税同盟的研究，显示内部壁垒下降与市场价格整合的关系。这些研究应当共同进入判断，而不是只抽取一个正系数给法国胜利背书。〔经19〕
08_新秩序的经济与社会.md,415,## 十三、一个更富裕、却发展不均的大陆,O’Rourke估算的封锁福利损失，也不是年度GDP增长率。把一次价格结构变化的福利成本，连续复利三十年，会制造完全错误的国力差距。
08_新秩序的经济与社会.md,417,## 十三、一个更富裕、却发展不均的大陆,本书的结论分为四项。
08_新秩序的经济与社会.md,419,## 十三、一个更富裕、却发展不均的大陆,**第一，有限霸权、恢复贸易的欧洲，整体经济表现最可能好于反复大陆战争与全面封锁。**减少人员、马匹、资本和商业网络的破坏，是证据最强的收益。收益不会全部归法国，英国、荷兰、德意志商人也会分享。
08_新秩序的经济与社会.md,421,## 十三、一个更富裕、却发展不均的大陆,**第二，法国及其直接核心有望成为规模更大的大陆经济体，但英国在蒸汽、煤炭、海运与国际信用方面仍保有显著优势。**拥有比利时和莱茵的总量，不等于每个居民都比英国人生产率更高。
08_新秩序的经济与社会.md,423,## 十三、一个更富裕、却发展不均的大陆,**第三，盟邦的表现取决于法国是否放弃单向优惠。**若意大利被长期限制为生丝供应地、贝格仍被挡在法国市场之外，其利益冲突会不断增长；若建立互惠准入，部分大陆工业区的成长可以成为霸权的社会基础。
08_新秩序的经济与社会.md,425,## 十三、一个更富裕、却发展不均的大陆,**第四，最大行省化并不等于最大经济力量。**接管越多债务和驻防责任，越可能挤压港口、教育、铁路和机器投资。能够让更多社会愿意同法国做生意的秩序，通常比只能让更多地区在地图上涂成法国颜色的秩序更有力量。
09_另一条十九世纪.md,5,## 一、1803年：最便宜的和平，未必带来最大的帝国,1803年的法国拥有革命战争留下的优势，也面对一个没有被征服的欧洲。英国仍有海军，俄国仍有空间，奥地利与普鲁士仍是可以重新动员的国家。亚眠和约提供过停战的现实经验，却没有消除马耳他、荷兰、意大利和殖民贸易等争端。
09_另一条十九世纪.md,7,## 一、1803年：最便宜的和平，未必带来最大的帝国,因此，最早的一条道路，是拿破仑在1803年就接受一项有限和平：把法国已经获得的安全和政治优势看得比继续扩大势力更重要，停止向英国传递每次让步之后还会有下一项要求的信号。
09_另一条十九世纪.md,9,## 一、1803年：最便宜的和平，未必带来最大的帝国,**这条道路在成本上最有吸引力，在控制范围上却比1807年的方案小。**没有奥斯特里茨，就没有同样的普雷斯堡安排；没有耶拿与弗里德兰，就没有同样的残存普鲁士、华沙公国和提尔西特体系。法国可以成为西欧首要强国，但不能不打一场本来产生新秩序的战争，却仍领走战争的全部成果。〔终1〕
09_另一条十九世纪.md,11,## 一、1803年：最便宜的和平，未必带来最大的帝国,这不是一条被否决的无用支线。它揭示原问题中两种目标的差别：若优先减少失败风险和长期成本，1803年妥协值得认真考虑；若优先保存较大范围的大陆优势，则应在后来某个已经取得胜利的时点停止扩张。两者不是同一份最优答案。
09_另一条十九世纪.md,17,### 1．把战果变成有期限、有边界的承诺,主线从1807年7月出发。法国已经付出特拉法加与大陆战争的代价，也已经取得真实的军事优势。此时应当优先防止三条新的战争链同时形成：伊比利亚的王朝危机、封锁执法引发的沿海兼并，以及波兰与俄国关系的持续升级。
09_另一条十九世纪.md,19,### 1．把战果变成有期限、有边界的承诺,第一项决定，是不启动瓜分葡萄牙的计划，不以进军葡萄牙为名把大量军队送入西班牙，再利用西班牙宫廷冲突改换王朝。法国可以要求葡萄牙有限限制军需、提供商业和中立补偿，但不应假定一个依靠英国航运的国家会为法国永久关闭海上生命线。
09_另一条十九世纪.md,21,### 1．把战果变成有期限、有边界的承诺,第二项决定，是保留西班牙波旁。宫廷内的争斗仍然存在，查理四世、戈多伊与斐迪南的矛盾不会因拿破仑克制而消失。法国应支持一个能持续签约和征税的马德里政府，而不是把宫廷危机当作把西班牙降为私人领地的机会。
09_另一条十九世纪.md,23,### 1．把战果变成有期限、有边界的承诺,第三项决定，是把大陆体系转为有限经济战争：军需和特定战略物资仍可限制，普通贸易通过明定关税与许可规则进行；对俄国的贸易需求留出空间；荷兰与汉萨的合作通过利益安排取得，不以每一次走私为兼并理由。
09_另一条十九世纪.md,25,### 1．把战果变成有期限、有边界的承诺,这些决定相互支撑。少一场伊比利亚战争，法国便少一项常年驻军和财政任务；少一些全面封锁，荷兰、西班牙、俄国就少一些抵制巴黎的理由；保住盟国政府，法国又可继续取得它们组织起来的资源。**它们共同把法国的优势从“随时可以征服”转向“遵守法国主导的规则更划算”。**
09_另一条十九世纪.md,29,### 2．这些让步也会遭到法国自己的反对,受保护的制造商可能反对扩大英国商品准入；军人担心晋升与封赏减少；皇帝可能认为胜利者不该先付出妥协。法国在西班牙没有陷入泥潭，也可能更高估自己对俄国的威慑，而不是更愿意克制。
09_另一条十九世纪.md,31,### 2．这些让步也会遭到法国自己的反对,所以，主线不是一组按下之后自动产生和平的开关。它需要用财政预算、盟约、复员安排和商业补偿，把反对力量逐一转化。拿破仑有足够权力启动这个转向，却需要以自己的权力为代价使转向可信。
09_另一条十九世纪.md,33,### 2．这些让步也会遭到法国自己的反对,如果皇帝每隔几年便因一场外交冲突恢复没收、封锁和王朝废立，其他国家仍会把法国的和平理解成战役之间的喘息。长期秩序的瓶颈不是没有想到较温和的政策，而是没有使温和政策成为可以依赖的常态。
09_另一条十九世纪.md,39,### 1．奥地利仍可能再战,没有西班牙泥潭，奥地利发动1809年战争的时机和预期收益会改变，但不会因此忘记1805年的失败。维也纳仍有恢复地位的理由，仍可能利用法国与俄国的分歧。
09_另一条十九世纪.md,41,### 1．奥地利仍可能再战,法国的较优答复，是保留一个可与之达成安排的奥地利，避免继续拆分其国家核心；在德意志和意大利利益上划出可接受范围，并允许其在东南欧、贸易和财政恢复方面取得收益。这不保证奥地利不再开战，却使维也纳必须在可得的和平利益与冒险战争之间作出选择。〔终2〕
09_另一条十九世纪.md,43,### 1．奥地利仍可能再战,如果奥地利仍发动战争，法国可以进行一次目标有限的防御与反击，而不是把胜利自动兑换成更广泛的占领。此时才可能出现新的割地、联姻或补偿谈判。史实1809年战争、1810年婚姻和1811年皇太子出生，是这类分支的资料参照，不是主线每一环都已经预订好的事件。
09_另一条十九世纪.md,47,### 2．普鲁士可以被削弱，却不宜变成永远受辱的空壳,1807年以后普鲁士明显弱于战前，奥地利在德意志政治中的分量因此较大。法国应限制普鲁士成为反法战争的立即支点，但让其有偿清债务、撤出占领和恢复正常地位的出口。
09_另一条十九世纪.md,49,### 2．普鲁士可以被削弱，却不宜变成永远受辱的空壳,永久羞辱不是免费的安全政策。它使普鲁士的改革、军队和外交都围绕推翻法国安排组织起来；取消普鲁士，又会触动俄国的保护利益，并迫使法国亲自填补更多行政和军事空白。
09_另一条十九世纪.md,51,### 2．普鲁士可以被削弱，却不宜变成永远受辱的空壳,最合理的主线，是一个受到约束、规模较小但仍能正常存在的普鲁士；奥地利相对更强，南德诸邦保留自己的利益。由此产生的德意志，不会自然走向史实普鲁士领导的统一。长期结果更可能是法国、奥地利、普鲁士与中等邦国继续竞争，而非巴黎把所有德意志政治永久冻结。〔终2〕
09_另一条十九世纪.md,55,### 3．俄国和平的代价，是承认俄国会恢复力量,拿破仑可以不越过涅曼河，但俄国仍会保护自己的贸易、波兰边境与王朝利益。法国若接受贸易例外，却又把俄国利用和平恢复财政和军队视为敌对行为，预防战争的压力就会重新出现。
09_另一条十九世纪.md,57,### 3．俄国和平的代价，是承认俄国会恢复力量,俄法协定应围绕可观察事项：边境兵力、华沙公国范围、贸易规则、普鲁士生存与补偿程序。法国不承诺替波兰人恢复所有旧疆域，俄国也不应把摧毁华沙公国作为法国稍有困难时的当然权利。两方可以相互约束，不能要求对方失去一切自主判断。〔终3〕
09_另一条十九世纪.md,59,### 3．俄国和平的代价，是承认俄国会恢复力量,所以，**俄国十年不参战，不等于俄国接受法国永久统治欧洲；法国避免1812年灾难，也不等于俄国从此退出欧洲。**主线应当按一个能够重新议价的冷和平来规划。其寿命不能用“半衰期八至十二年”这样未经估计的数字包装，但其改善方向足够明确：越少在波兰、贸易和王朝权益上突然加价，越有可能延长和平。
09_另一条十九世纪.md,63,### 4．教廷和解应当先于新的宗教战争,保留教皇一定世俗地位，不代表法国放弃意大利影响；它使法国能够避免将每一个天主教教区都变成罗马争端的传导点。教皇的港口、通行与外交安排可以谈判；教会任命与宗教权威则需要比军事命令更稳定的程序。
09_另一条十九世纪.md,65,### 4．教廷和解应当先于新的宗教战争,法国在1801年已经证明可以与教廷交换利益。1807年后的任务，是不再让这种合作因皇帝进一步要求而破裂。若仍出现争端，就应及早以边界和授职安排解决，而不是把囚禁教皇误认为教会问题已经结束。
09_另一条十九世纪.md,69,## 四、英国：一场未必签字的和平,英国没有理由因为法国愿意停止征服，就承认巴黎可以无限支配低地国家和欧洲海岸。法国也不必为了让英国毫无忧虑，自动退回所有革命前边界。双方之间存在真正的利益冲突，而非只差一次坦诚谈话。
09_另一条十九世纪.md,71,## 四、英国：一场未必签字的和平,1812年的同期文书尤其重要。英国对法方和平建议的答复，明确区分以约瑟夫还是斐迪南七世及西班牙摄政机构为基础：问题不只是英国是否愿意与拿破仑说话，更在于议和是否意味着背弃盟友。保留西班牙王朝，因而不仅减少法国的陆上战争，也移除一项英国公开说明的谈判障碍。〔终4〕
09_另一条十九世纪.md,73,## 四、英国：一场未必签字的和平,仍留下的争点包括安特卫普、荷兰沿海、海军扩建、地中海基地和殖民安排。法国若要求最大舰队、完整保留全部前进基地、全面大陆排他权，同时又要求英国削减海军并承认这些结果，便是在同一协议中追求互相冲突的目标。
09_另一条十九世纪.md,75,## 四、英国：一场未必签字的和平,**本书把两种终局并列，但有先后顺序。**较稳健的规划底线，是长期武装共存：英国没有足够有利的大陆伙伴发动决定性战争，法国也不再把入侵英国当作日常政策，两国通过有限许可或阶段协定恢复部分贸易。较好的结果，是逐步达成包括基地、盟友、商业和殖民安排的正式和约。
09_另一条十九世纪.md,77,## 四、英国：一场未必签字的和平,英国是否签字具有不确定性；法国的成功不应全部押在一次签字上。但这也限制“胜利”的含义：武装共存可以保护法国大陆优势，不能被称作英国已经被法国控制。
09_另一条十九世纪.md,81,## 五、1815年不是终点：一个秩序怎样真正运作,设想法国已经避免伊比利亚长期战争和1812年远征，欧洲没有出现史实1813—1814年摧毁帝国的联合攻势。下一项任务，是把临时优势变成一套能处理争执的制度。
09_另一条十九世纪.md,92,### 1．四种关系，各用一套规则,这个表不是把所有国家重新命名为法国属国。其第四行恰恰承认，法国的秩序有一个自己不能单方面发号施令的外部环境。
09_另一条十九世纪.md,96,### 2．军费从临时征发变为共同预算,盟国出兵应有明确规模、任务和期限。法国得到稳定兵源，盟国得到可预期负担。新战争若超过原有义务，应另行议价；驻军费用必须与当地税收、债务和供养能力分开记账。
09_另一条十九世纪.md,98,### 2．军费从临时征发变为共同预算,法国本身逐步减少异常战时动员，兑现退伍，保留训练骨干与预备体系。舰队扩张按人员、维修和基地逐项预算，而非只向船厂下达数量指标。每项额外使命都应说明挤占哪一项既有用途。
09_另一条十九世纪.md,100,### 2．军费从临时征发变为共同预算,这样的军队未必在某一天达到最大名册数，却更可能在十年后仍然可以动员。长期霸权需要的是持续可支付的威慑，不是一次将所有人口与库存压上赌桌的动员纪录。
09_另一条十九世纪.md,104,### 3．商业规则必须让盟国也有胜利可言,如果法国在和平后仍把意大利和德意志当作单向市场，地方精英会越来越清楚地看到自己的损失。真正稳定的安排，需要降低内部壁垒、逐步协调税则、明确过境和河流通航规则，并保留共同磋商机制。
09_另一条十九世纪.md,106,### 3．商业规则必须让盟国也有胜利可言,法国可以凭人口、资本、技术和政治优势成为最大获益者，但不宜要求其他国家永远只是原料产地、驻军供养者和法国商品买主。盟邦也必须能向自己的商人、地主和纳税人解释，为何留在法国体系比退出更有利。
09_另一条十九世纪.md,110,### 4．谁来解释盟约，是最难的一条,原研究提出过第三方担保，却没有把它发展为可运行的制度。这里可以给出一个明确方案，但须说明它是本书的政策推演，而非已发现的拿破仑计划。
09_另一条十九世纪.md,112,### 4．谁来解释盟约，是最难的一条,法国可与盟国约定定期会议，处理军费、通行、贸易和边界争议；争端先由双方官员组成委员会核账，再交共同选择的仲裁者或保证国；紧急军事措施须限期复核；任何领土转隶均需要正式文书，而非把财政欠款直接改写成兼并理由。
09_另一条十九世纪.md,114,### 4．谁来解释盟约，是最难的一条,这种机制有真实的历史构件：外交会议、共同委员会、条约保证和国际河流安排在当时都存在。1815年以后列强的定期会晤，也显示大战后的秩序能够形成协商机制。但维也纳体系同时包含强制、排斥与胜利者优势，绝非所有国家平等合作的范本。〔终5〕
09_另一条十九世纪.md,116,### 4．谁来解释盟约，是最难的一条,法国主导的机制同样不会完全平等。关键进步是：**巴黎不再同时充当争端的一方、唯一法官和唯一执行者。**这会限制皇帝在某次争执中取得最大利益，却增加其他国家在整个体系中下注的意愿。
09_另一条十九世纪.md,118,### 4．谁来解释盟约，是最难的一条,如果拿破仑不愿交出这部分解释权，较弱的秩序仍可存在，但应按需要不断重新讨价还价的霸权管理，而不宣称它已经成为稳定的欧洲宪制。
09_另一条十九世纪.md,122,### 5．共同财政可能先于共同国旗,还可以作出一个更进取的判断：**到1830—1848年，法国主导秩序最有希望出现的中央集权，不是先取消各国王冠，而是先建立各国都退出不起的共同财政。**入口可以很窄：为跨境河运、铁路、要塞和共同防务设立常设基金，由参加国按约定缴款，以指定关税收入偿付共同工程债。法国承担较大份额和部分担保，盟国换取市场准入与融资条件。
09_另一条十九世纪.md,124,### 5．共同财政可能先于共同国旗,债权人随后会要求统一账目、公布收入，并限制成员国任意截留已抵押税源；各国政府则会要求，既然共同偿债，新增支出就须共同表决。财政委员会因而可能从核账机关逐渐变成议事机关：决定谁出钱、钱花在哪里，以及谁有权增加负担。**一部有限的财政宪法，可能先于统一国籍出现。**巴黎仍握有最大的军队和主要税源，却不再独占共同事务的解释权。
09_另一条十九世纪.md,126,### 5．共同财政可能先于共同国旗,这是从莱茵共同航行、国家债务登记、军费分担和市场整合等既有制度推出的可能道路，不是已经发现的拿破仑计划。它也为更广的中央主权打开了一扇门：一些成员可进一步把共同税源、军队指挥和最终裁判权交给中央，保留地方语言、官员和军团。走到这一步，便不再只是松散同盟；是否仍称“省”，反而是次要问题。
09_另一条十九世纪.md,128,### 5．共同财政可能先于共同国旗,这条路最关键的翻转条件，是法国愿不愿意用一部分支配权，购买一个比法国自身更大的信用共同体。若它开放市场、接受查账并共同承担亏损，整合可以在危机中加深；若它只把基金当作新的贡赋，议事机关就会成为盟国联合抵制巴黎的场所。**西中欧若干核心地区走向这样的紧密联合，值得作为有现实制度入口的进取分支；整个英国、俄国和奥地利在1848年前同时加入，则仍不是这条机制足以推出的结果。**〔终5〕〔经5〕〔经19〕
09_另一条十九世纪.md,134,### 1810年代后半：从战争财政转入和平政治,这一阶段最困难的，不是庆祝胜利，而是结清旧账。军人需要退伍与养老金，承包商需要偿付，盟国需要撤军和减负，港口需要重开，皇帝需要证明新的承诺比旧条约更可靠。
09_另一条十九世纪.md,136,### 1810年代后半：从战争财政转入和平政治,1816年前后的气候与粮食压力，会成为第一场和平治理考试。法国如果允许粮食流动、安排救济并限制地方禁粮，就能把庞大市场变成缓冲；若仍优先照顾军队、实行封锁并把商人当作敌人，天气危机便会重新变成合法性危机。
09_另一条十九世纪.md,138,### 1810年代后半：从战争财政转入和平政治,法国在这几年最有可能获得的，不是突然消灭所有反对，而是使越来越多人的生活不再以明年是否又有战争为中心。这个变化将增强帝国，也使社会开始要求战争结束后的政治回报。
09_另一条十九世纪.md,142,### 1820年代：王朝安排与区域自主共同上桌,拿破仑若仍健在，他也必须面对经验干部老化、青年精英成长和下一代继承。若出现幼主，则摄政会、军队誓约、预算权与盟国承认变得紧迫；若继承人已经成年，争点转为新皇帝是否重新确认旧承诺。
09_另一条十九世纪.md,144,### 1820年代：王朝安排与区域自主共同上桌,意大利王冠、西班牙宪制、美洲自治、普鲁士限制与波兰期待，会在这一阶段互相牵动。法国不应把每一场地方改革都视作反法革命；一项受约束的王朝更替或宪法，有时比出兵恢复不受限制的君权更能保住法国的影响。
09_另一条十九世纪.md,146,### 1820年代：王朝安排与区域自主共同上桌,美洲也不会暂停历史。即使避免了1808年王权真空，地方精英仍有税收、任官、贸易和代表权诉求；法国最能帮助西班牙保存的，是合法性和谈判空间，不是一个永远不变的十八世纪殖民体制。墨西哥、安第斯、拉普拉塔、新格拉纳达和加勒比的结果应分别判断，不能以“全独立”或“全保留”一词盖过区域差异。
09_另一条十九世纪.md,150,### 1830年代：更大的市场，需要更大的参与,和平、教育、商业与工业的成长，会扩大能够组织请愿、读报和讨论国家事务的人群。法国可能拥有一个更广阔的煤铁与制造业核心，也可能面对更有能力批评它的地方社会。
09_另一条十九世纪.md,152,### 1830年代：更大的市场，需要更大的参与,如果帝国将这些要求吸收进代表机构、预算和地方权利，它有机会成为一个军事实力很强的立宪国家；如果继续依赖审查和警察，诉求便更可能在秘密社团、军官行动和民族自治中结合。
09_另一条十九世纪.md,154,### 1830年代：更大的市场，需要更大的参与,这一阶段的铁路和蒸汽投资将重新分配优势。比利时与莱茵的重要性上升，意大利和德意志地区更关心彼此的市场联系，法国的帝国组织也会受到新的压力：交通越便利，中央越容易统治；地方之间越能直接联系，它们也越容易提出不经巴黎中介的共同利益。
09_另一条十九世纪.md,158,### 1840年代：危机的中心是政治适应，不是一个预定革命日期,一个法国胜利的欧洲，很可能仍面临收成波动、信用危机、劳动冲突与代表权要求。它们可以汇合为大危机，但未必在1848年二月由巴黎以完全相同的方式点火。
09_另一条十九世纪.md,160,### 1840年代：危机的中心是政治适应，不是一个预定革命日期,若拿破仑活到1848年，他将年近七十九。这个分支的主要问题是授权、健康变化、宫廷与军队的代际更替，而不是仍以1805年的个人指挥方式统治欧洲。更可能出现的是由大臣、皇储和军政集团承担实际治理、老皇帝保有象征与最终裁断权的安排；权责不清则会增加继承前的派系争斗。
09_另一条十九世纪.md,162,### 1840年代：危机的中心是政治适应，不是一个预定革命日期,若拿破仑已经去世，危机的对象可能是幼主摄政、成年继承人，或旁支王朝。法国行政国家即使仍然有效，王朝形式也可能被迫改变。**最有可能继续存在的，是法律、税收、官僚与经济联系；最需要重新争取的，是个人王朝对这些制度的独占。**
09_另一条十九世纪.md,164,### 1840年代：危机的中心是政治适应，不是一个预定革命日期,英国可以利用法国危机，却仍须评估干预成本；俄国可能支持东部伙伴，却不能不付代价地统治整个大陆；奥地利会在反对法国过强和害怕革命扩散之间权衡。欧洲危机不会自动把所有强国重新排成同一个反法阵营，除非法国自身又给它们一个共同目标。
09_另一条十九世纪.md,168,## 七、这场胜利将把世界的重心移向哪里,前面的推演已经给出一条能够运作的主线。还可以再向前一步：不只问法国避免了什么灾难，而问一个幸存并继续成长的法国帝国，会给十九世纪留下什么不同。以下是本书根据已知制度和利益关系作出的进一步判断，尚非资料已经证明的结果；它们有明确方向，也允许新证据改变排序。
09_另一条十九世纪.md,172,### 1．欧洲更可能拥有两个中心，而非一个中心与一圈卫星,**到1830—1848年，最值得押注的格局是巴黎与伦敦分掌不同优势。**巴黎拥有最大的大陆军事—行政集团，伦敦继续支配更广的海上信用、保险和航运网络。两者会竞争，也会通过荷兰商行、德意志金融家、美国船商和跨境证券业务相互获利。它不是两块彼此封闭的世界。
09_另一条十九世纪.md,174,### 1．欧洲更可能拥有两个中心，而非一个中心与一圈卫星,这会改变英国反法政策的社会基础。英国政府仍会防备安特卫普舰队，但部分商人和债券持有人将因法国秩序持续偿债、开放市场而获得利益。对他们而言，法国每次动乱不再只是削弱敌人的好消息，也可能意味着自己的货款和证券受损。法国外交因此能争取的，不是一个突然亲法的英国，而是一批反对无休止重开大陆战争的具体利益集团。Hope、Baring和罗斯柴尔德网络已经展示了跨越交战国的金融能力；这里推演的是和平延长以后，这种能力可能形成的政治后果。〔经4〕〔经6〕
09_另一条十九世纪.md,176,### 1．欧洲更可能拥有两个中心，而非一个中心与一圈卫星,巴黎要把这项优势做实，就必须容许利润流向外国人，保护并非皇帝亲信的债权人。最有力的反英政策之一，反而可能是让英国人的一部分财富依赖法国的稳定。它比没收他们的财产慢，却更适合一个准备维持数十年的霸权。
09_另一条十九世纪.md,180,### 2．法国的增长轴会北移，帝国政治也会随之改变,**这个帝国最重要的新重心，将不是马德里或莫斯科，而是巴黎—比利时—莱茵的城市、煤铁、金融与运输走廊。**法国已有的行政规模，与比利时和莱茵地区的产业条件相结合，再通过河运和铁路向德意志及北意大利延伸，比继续增加遥远驻防区更有累积性收益。前提是相关地区实际留在直接国土或稳定共同市场内，而非把所有邻国产出都算作法国收入。〔经8〕〔经11〕〔经12〕
09_另一条十九世纪.md,182,### 2．法国的增长轴会北移，帝国政治也会随之改变,由此可以作出比“和平有益经济”更具体的判断：帝国中的制造商、铁路投资者、工程人员和城市有产者会更有能力要求统一商业规则、可靠法院和预算监督。拿破仑为增强国家而保存的产业核心，最终也会成为限制皇权的社会基础。
09_另一条十九世纪.md,184,### 2．法国的增长轴会北移，帝国政治也会随之改变,法国主导地位未必因此衰落。相反，王朝若承认议价，可能把军事胜利变成更坚实的国家共同体；若仍把每次预算异议当作背叛，就会在最有钱、最有组织、也最值得保有的地区制造政治敌人。帝国的下一场决定性较量，可能发生在预算和代表权上，而非新的奥斯特里茨。
09_另一条十九世纪.md,188,### 3．美洲不会成为法国后院，却可能出现更顽强的王朝国家,**法国胜利最可能改变的，是美洲国家形成的方式，而不只是独立年份。**若西班牙王朝没有在1808年被摧毁，墨西哥和秘鲁的地方保王联盟就少了一次围绕最高主权的剧烈分裂。它们有机会沿着自治王国、同君关系或谈判独立的道路形成国家，保留更多原有税务、军队和司法组织。第六章所列墨西哥财政、利马军需与地方捐输，说明这些组织并非空壳。
09_另一条十九世纪.md,190,### 3．美洲不会成为法国后院，却可能出现更顽强的王朝国家,这样的国家未必更民主，却可能比长期内战之后的继承国家更早恢复信用和军饷。由此可以大胆判断：美国向墨西哥北部扩张会遇到更有持续性的对手，边疆也更可能成为长期议价和局部战争的地带，而非顺着史实节奏迅速改色。但这一判断仍受人口、移民、边疆驻防和地方离心牵制；法国援助是放大当地国家能力，不是替墨西哥守住每一条边界。
09_另一条十九世纪.md,192,### 3．美洲不会成为法国后院，却可能出现更顽强的王朝国家,另一面也必须写出：若王朝妥协主要保护种植园主、矿主和教会财产，它可能延长奴隶劳动、原住民贡赋及等级特权的生命。西班牙联系延续得更久，不等于多数美洲居民更早得到自由。海地会继续作为另一种秩序的现实反证，使加勒比政治始终带有土地、劳动和种族平等的压力。法国若要同时维持海地贸易与古巴盟友，就得接受这两种制度长期并存，并付出外交调和的成本。
09_另一条十九世纪.md,196,### 4．英国的全球扩张会改道，而不是停止,**一个更强的大陆法国，较可能把英国的战略注意力进一步推向印度洋、波斯湾和红海。**欧洲陆上盟友的收益降低时，英国更有理由保护能直接支持商业与海军的基地和通道。法国的存在既会提高英国扩张成本，也可能促使英国提前控制某些被认为容易受法国影响的节点。第七章所见1809年波斯、阿富汗与锡克外交，已展示后一机制。
09_另一条十九世纪.md,198,### 4．英国的全球扩张会改道，而不是停止,因此，法国在东方最有希望留下的遗产，是一条仍有若干自主国家的缓冲带：埃及在奥斯曼宗主权和列强约束下保有较大自治，波斯得到比单独依赖英国或俄国更多的选择，旁遮普等地区以军队改革提高被吞并的代价。这里最脆弱的是法国是否持续提供人员、军械和信用，而不是偶尔发出一封宏大许诺。法国若只把东方当作危机中的筹码，英国仍会以更连续的付款、驻地人员和条约网络取得优势。
09_另一条十九世纪.md,200,### 4．英国的全球扩张会改道，而不是停止,印度、东南亚与中国的后续冲突仍会发生，但不会只由法国胜负决定。公司财政、茶叶支付、鸦片贸易、地方抵抗与伦敦议会改革，都有自己的动力。本书倾向判断：英国全球帝国的扩张更曲折、更重视预防性控制，却不会因此全面收缩；法国得到的则是更多议价支点，而非一座现成的第二印度帝国。
09_另一条十九世纪.md,204,### 5．最深的改变，是欧洲不再只有一种国家建构道路,史实后来出现的普鲁士德意志、萨伏依意大利和波旁复辟，并不是任何法国胜利世界仍须抵达的终点。一个持续存在的法兰西帝国，会同时保存法典、行政区、军人阶层、学校与跨国仕途，也保存人们对其征兵、审查和等级治理的不满。
09_另一条十九世纪.md,206,### 5．最深的改变，是欧洲不再只有一种国家建构道路,**本书更看好一种逐渐立宪、区域差异显著、仍有强烈王朝色彩的大陆秩序，而不是直到1848年都丝毫不变的个人军事帝国。**它可能出现由皇帝维系的多国联盟，也可能在若干核心地区发展出真正的共同财政和代表机构。法国文化会更强势，地方语言和政治认同也可能更清晰；两者并非只能一消一长。
09_另一条十九世纪.md,208,### 5．最深的改变，是欧洲不再只有一种国家建构道路,这条判断并未预先宣告帝国必然开明。最危险的竞争分支，是皇权把和平时期增长起来的新社会力量继续压在战时制度之下。那时民族自治、宪制要求、工人抗议和王朝继承就更容易汇成同一场危机。法国仍可能保住国家能力，却失去拿破仑为之安排的政治外壳。胜利改变的不是社会从此有没有冲突，而是这些冲突在什么疆域、什么制度和什么力量对比下发生。〔经13〕〔经14〕〔经15〕
09_另一条十九世纪.md,214,### 1．法国的胜利究竟是什么,**最可信的胜利，是没有1812—1814年式崩溃，保住较大直辖核心和西中欧首要地位，使反法同盟难以获得足以推翻法国秩序的共同利益。**这已是对历史结果的巨大逆转，不需要再把英国和俄国改称法国的受控国家。
09_另一条十九世纪.md,216,### 1．法国的胜利究竟是什么,最强的竞争解释必须保留：英国可能始终认为法国控制低地和大陆海岸过于危险；奥俄也可能把法国有限霸权视为只能暂时容忍的安排。因而自限不是必胜药方。它的优势在于降低形成下一次联盟的共同收益，并保存法国应对再战的资源；它没有消灭对手的选择。
09_另一条十九世纪.md,220,### 2．整个欧洲行省化：最终答案,**在1803—1848年的能力与政治条件下，没有得到证据支持的全欧洲行省化主线。**有限邻接并合有现实基础，较大扩展存在需严苛条件才能闭合的方案，不能笼统宣布所有扩展都绝无可能。
09_另一条十九世纪.md,222,### 2．整个欧洲行省化：最终答案,但跨过西班牙、奥地利、俄国和英国等不同国家体系后，法国面对的不只是多征几万人的问题，而是怎样用一套持续可支付的制度取代多个独立的军队、债务、统治联盟与安全利益。已经能够供兵和纳税的盟国，被取消主权之后也未必继续以同样成本合作。现有材料没有提供完成这种转化的连贯路径。
09_另一条十九世纪.md,224,### 2．整个欧洲行省化：最终答案,一个历经数代、允许多语言与地方自治、逐步建立代表和财政共同体的欧洲国家，概念上可以讨论；但它需要自愿或经政治交换形成的整合过程，不能被当作拿破仑多赢几场战争的直接后果。
09_另一条十九世纪.md,228,### 3．英国海上优势会缩小到什么程度,**法国可以从受封锁的挑战者，成长为在欧洲近海有力争夺优势的第二海上强国；英国的全球部署优势仍较可能保持。**1830年舰体接近英国的某些模型结果，只在稳定预算、训练、商船人力、基地和英国反应等条件下成立。
09_另一条十九世纪.md,230,### 3．英国海上优势会缩小到什么程度,本书保留“和平追赶”模型中舰体吨位约近九成这一情景演示，也保留英国维持更高准备程度后法国优势下降的敏感性。它不等于法国获得九成真实战斗力，更不能与接受安特卫普限制、低海军预算和英国深度裁军同时无成本叠加。
09_另一条十九世纪.md,234,### 4．西班牙：波旁、波拿巴，还是共和国,**主线是保留波旁君主制，较长时期内由行政改革、宫廷政治和有限宪制要求共同塑造，而不是立即变成共和国。**波旁立宪是可发展的分支，但不应把史实加的斯宪法原样提前或强制复制。
09_另一条十九世纪.md,236,### 4．西班牙：波旁、波拿巴，还是共和国,波拿巴君主制需要另一次废立或王朝安排，恰好会重开主线试图避免的合法性问题；共和国在当时本土政治组织与法国皇帝的政策偏好中，都不是最有根据的首选。若法国坚持废立，便应另开高成本分支，而不把其结果混入保留波旁的和平线。
09_另一条十九世纪.md,240,### 5．罗马王与意大利：会统一中南部吗,**拿破仑有安排亲生继承人、重新分配意大利王冠的王朝动机；现有文书不证明他已经决定让罗马王统一中南意大利。**“罗马王”首先是法国帝位继承人的称号，不是一份意大利主权证书。
09_另一条十九世纪.md,242,### 5．罗马王与意大利：会统一中南部吗,主线更可能保留少数较大的意大利政治单位：北部王国、那不勒斯王国与有一定领地的教廷，外加法国已并入的西北地区。它不是把所有旧小邦原样恢复，也不是立即统一全半岛。
09_另一条十九世纪.md,244,### 5．罗马王与意大利：会统一中南部吗,如果出现亲生继承人、王朝协商和新的领土交换，北中意大利进一步整合比贯通那不勒斯并夺得西西里更可行。包含中南部的统一需要安置教皇、欧仁、约瑟夫及其他权利人，处理奥地利与英国反应；它是远端条件分支，不是当然结局。主线不把约瑟夫送去西班牙，也就不自动把缪拉安到那不勒斯。
09_另一条十九世纪.md,248,### 6．普鲁士还会压过奥地利吗,**1807年主线下，奥地利在可见中期内更有条件保持相对优势；普鲁士不会自动获得史实1815年后的莱茵资源和领导德意志的机会。**普鲁士仍可能改革和复兴，奥地利仍有多民族和财政问题，因此不能将相对强弱永久冻结。
09_另一条十九世纪.md,250,### 6．普鲁士还会压过奥地利吗,若选择1803年就维持和平，则普鲁士没有遭到同样肢解，答案也随之改变。两个分支的差异，是战争前提造成的，不是同一报告必须用一个概率调和的矛盾。
09_另一条十九世纪.md,254,### 7．法国能否帮助西班牙保住美洲,**能延长和重组西班牙的美洲联系，最有效的办法是保留合法王朝、减少抽取、提供军事技术和贸易协助；维持整个旧殖民帝国原样不变则不是最可信的终局。**法国的海军与财政不足以替马德里包办整个大西洋的镇压和护航。
09_另一条十九世纪.md,256,### 7．法国能否帮助西班牙保住美洲,墨西哥的银矿与地方财政，秘鲁的王党基地，拉普拉塔对海路的依赖，新格拉纳达与委内瑞拉的内部政治，以及古巴的贸易与奴隶制度，决定它们不会同步行动。相较史实，较可能出现的是更迟、更不均衡、更多自治与王朝妥协并存的转型。
09_另一条十九世纪.md,258,### 7．法国能否帮助西班牙保住美洲,葡萄牙没有遭到1807年同样的入侵，巴西就不自动得到同一次宫廷迁移和1808年开放港口；其后与英国、葡萄牙和地方精英的关系应重新推演。海地独立已是1807年起点的一部分，法国最合理的选择是承认与通商，而非再造一次代价极高的复征。
09_另一条十九世纪.md,262,### 8．法国是否还会谋求印度,**意愿有明确材料支持；恢复贸易据点和保持战略牵制，比夺取英国印度统治更有可执行性。**法国需要区分七年战争中失去的政治影响与若干贸易据点的反复归还，不能把所有问题写成收回一块完整“法属印度”。
09_另一条十九世纪.md,264,### 8．法国是否还会谋求印度,海路、俄国或波斯陆路、埃及及印度本地联盟，都有过设想。它们却分别受到海军、补给、地理和伙伴自主利益限制。1803—1805年印度政治格局继续变化，法国不能永久调用早先存在却已被击败的地方盟友。
09_另一条十九世纪.md,266,### 8．法国是否还会谋求印度,最优政策是通过外交、军官与有限物资支援，让英国为印度安全付出更多成本，并在和约中争取贸易存在。征服印度需要把若干没有同时成立过的条件接起来，不宜放在欧洲霸权建设的中心预算里。
09_另一条十九世纪.md,270,## 九、哪些失败分支最值得预备,主线的价值，不只在于描述顺利发展，也在于说明哪里一旦出问题，应怎样止损。
09_另一条十九世纪.md,282,## 九、哪些失败分支最值得预备,这张表不是危机概率表。它给出的是行动顺序：先保护能够继续产生资源的合作关系，再考虑强制；先缩小目标，再增加任务；先核实净收益，再把一个地区写进新的帝国地图。
09_另一条十九世纪.md,286,## 十、结语：能长久的，不会是最大的拿破仑帝国,拿破仑并非输在从来没有足够力量。他曾拥有欧洲最强的陆军、一个正在成熟的税收国家、有效的行政工具，以及能使不少地方精英接受新秩序的法律和财产安排。
09_另一条十九世纪.md,288,## 十、结语：能长久的，不会是最大的拿破仑帝国,他所缺少的，是把这些优势转换成有限而可信承诺的意愿和制度。法国越能证明自己不会把每一次合作都变成下一次兼并的起点，越容易取得本来必须靠占领才能取得的安全。相反，帝国越把一切主权都当作尚未完成的征服，就越需要同时养活军队、警察、债务与恐惧。
09_另一条十九世纪.md,290,## 十、结语：能长久的，不会是最大的拿破仑帝国,**另一条历史确实存在于当时的能力和选择之中：一个更大的法国，一个由法国主导但并非全部属于法国的大陆，一场没有赢家能够独占一切的英法和平，以及一个在继承和改革中逐渐改变形态的帝国。**
09_另一条十九世纪.md,292,## 十、结语：能长久的，不会是最大的拿破仑帝国,这不是最耀眼的地图，却是最值得拿破仑赢下来的战争结果。
10_资料附编.md,5,## 一、战争财政的完整构成,法国的普通财政、战争附加成本、盟国支付和战区就地供养，不能混作同一笔收入。下面保留布兰达重建的完整构成，使读者可以检查“战争养战争”究竟养了多少。
10_资料附编.md,27,### 1803—1814年战争附加融资,原文个别正文数字与附表不一致，本表沿用内部可以加总的附表；四舍五入后的百分比小计可能有末位差。约3.83亿节省包含非现金的避免成本，不能再当作另一笔现金收入花费。海的荷兰补正改变境外资源覆盖范围，见法国编，未把该修订伪装成对所有国家全账的最终核定。〔资1〕
10_资料附编.md,44,### 盟军战役兵日折算的避免成本,其计算采用作者设定的战役持续日数与每日1.91法郎。例如俄国战役，对盟军按一段全员活动期计价，之后因损失没有继续按原人数累计。这种办法提供资源量级，不替代逐团实付军饷账。
10_资料附编.md,48,### 盟国供养法国驻军：恢复逐年数，也保留原刊的错误,布兰达的驻军表已按出版方原始图像重新逐格核读。此前文字提取丢失了空白格；图像又表明，原刊的若干年度合计本身有误。为避免把修订者的加法冒充原始账目，下表同时列出原刊合计与已列分项之和。单位：百万法郎；“—”表示原表空白，不解释成该国没有任何法国驻军或没有任何供养费用。〔资1〕
10_资料附编.md,66,### 盟国供养法国驻军：恢复逐年数，也保留原刊的错误,国别总额与全期约1.291亿相容；问题主要在原刊底行：1806年列25.3而分项为23.4，1807年列0.9而分项为5.6，1808—1809年没有合计，1810—1812年合计漏加了那不勒斯所列项。逐项加总的1.2913亿与盟军战役兵日估值2.5374818亿相加，得3.8287818亿，仍支持总融资表按百万法郎取整的383。此处补齐的是**格位及复算**；各国上游账册是否还遗漏支出，仍须与荷兰研究一类的新材料继续对照。
10_资料附编.md,70,### 条约许诺了多少，实际又付了多少,非常领域的贡赋表把承诺与兑现分开，能更清楚地解释为何法国不得不在战争结束后继续驻军。下列空白仍保留原表状态。〔资1〕
10_资料附编.md,89,### 条约许诺了多少，实际又付了多少,按原表总行，约三分之一应收额仍未兑现；最后数项几乎全部欠缴。它们不是法国可以立即用于扩军的现金。这张表也保留一处源内出入：逐项实收之和为300，而原刊总行列278；逐项未付136与总行相符；应付分项为436，而总行列414。因此，266是作者给出的扣减后总额，并非本书已经核清差额的独立重建。**应收债权膨胀、兑现困难的方向很清楚；精确差额不应靠擅改某个邦国数字来抹平。**
10_资料附编.md,91,### 条约许诺了多少，实际又付了多少,普通征发的分配表同样存在源内冲突。为使重要材料不因有错而整个消失，将原刊另表照列如下，单位亦为百万法郎。
10_资料附编.md,102,### 条约许诺了多少，实际又付了多少,1805年一行的27＋31显然不等于35；军队栏逐项合计736而非734；普通征发总额807又不同于文章总融资表的809。这些错误已在原刊图像中存在，不只是文字识别问题。故正文采用其最稳固的结构信息——大量资源用于战区本身、西班牙一项尤为突出——而不以这些冲突数字推导精确“汇巴黎率”。
10_资料附编.md,106,### 战败后的账：和平的另一项收益,1815年战败使法国反过来成为付款者。布兰达所列总额为14.12亿法郎，包括缔约前盟军征取1.44亿、和约赔款7亿、1815年11月至1818年10月占领军费用3.28亿，以及偿还帝国军队征取等索赔2.4亿。它是数年累计负担，不是年支出。避免战败，可以避免这类负担；却不等于法国在另一个1815年凭空获得14.12亿现金。**胜利的财政价值，首先是保住税源、信用与支出选择权，而非把历史中未付的钱再记成一笔收入。**〔资1〕
10_资料附编.md,110,### 荷兰账目揭示的另一面,海对荷兰支付法国驻军费用的重建，分合同段给出以下结果。单位为荷兰盾，不与法郎直接相加。
10_资料附编.md,120,### 荷兰账目揭示的另一面,合同段跨越法国不同政体，故总数不能全部记为拿破仑时期收入。作者以荷方账目纠正法方统计遗漏，而非把全部合同总额简单追加到1803—1814年表。〔资2〕
10_资料附编.md,122,### 荷兰账目揭示的另一面,把驻军支出放回荷兰本国财政，负担的性质更清楚。下表的总收入仍取作者采用的历史估计，部分年份缺数；驻军支出也不是荷兰全部战争支出。
10_资料附编.md,139,### 荷兰账目揭示的另一面,数年的法军驻扎支出已接近或超过国家收入的四分之一。这为荷兰反复要求减轻供养义务提供了财政解释：反对一项法国要求，不必先假定荷兰精英全已变成民族主义者。这里的逐年统计与合同分期服务于不同问题，也不宜为凑齐差额而擅自改动原数。〔资2〕
10_资料附编.md,144,## 二、法国贸易的逐年与分区资料,本节数字经Ellis原书表格图像核对。它们采用官方估值，反映统计制度中的贸易，不是现代GDP。两套来源、共和历与公历、关税边界变化均予保留。原表对1792年的异常高值已有疑虑；空项以“—”表示，不补零。〔资3〕
10_资料附编.md,148,### 法国对外贸易，1787—1824年,单位：百万法郎。1790—1791、1793—1796年没有在此原表中列出，故不补造连续序列。
10_资料附编.md,186,### 法国对外贸易，1787—1824年,以上主列来自1838年《法国统计总览》等编纂。Ellis同时保留一套据商务部门档案转录的序列；下表单列它，避免将两个版本误拼成一张无缝年表。1797—1806年对应部分采用共和历标签，1807—1810年则为另一套同名年度估值。1811—1815年所引来源数值一致，1816—1824年依1838年编纂。
10_资料附编.md,206,### 法国对外贸易，1787—1824年,两套数字的差别不能仅凭总数认定全由年份长度造成。统计边界、估值与编纂过程仍须分别考虑。尤其1811年627并非帝国最后几年中的绝对最低值：1813年605、1814年585更低。战争与封锁损害贸易的结论成立，不需要一条错误的“最低点”叙事。
10_资料附编.md,210,### 法国出口的去向，1806—1817年,单位：百万法郎，官方估值。为便于横向阅读，把同一张原表分为两张。它们列的是目的地，不是当地最终消费；法国领土与海关边界变化也会改变分类。
10_资料附编.md,243,### 法国出口的去向，1806—1817年,十五个目的地的覆盖范围也随年份变化。以Ellis附录G的同源出口总额为分母，将附录I已列的数值相加，得到下表；空项和合并项没有另行补零。这是已列目的地的统计覆盖率，不是欧洲所占份额。〔资3〕
10_资料附编.md,252,### 法国出口的去向，1806—1817年,1817年的覆盖率只有69.5%。因此，即使按原先选定的大陆体系地区计算，其货值约156.689百万法郎、占总出口33.8%，也不应把与战时份额的全部差额都解释为失去法国保护后的市场萎缩：表外目的地、贸易重新分布和统计分类同时参与了变化。德意志、意大利等已列市场的下降是真实表内现象；它们对法国整个出口结构的意义，则须保留这一分母限制。
10_资料附编.md,254,### 法国出口的去向，1806—1817年,英国栏1810年的贸易为获准贸易，1811—1813年包括许可证贸易。荷兰1812—1813年并入汉萨栏；1815年起荷兰数字包括比利时。意大利王国消失后，原表更改了相应地理标签，不能把它当作一个从未变化的政治单位。1815年其他意大利地区一栏包括撒丁王国12.279百万法郎，而非39.28百万。“—”沿用原表空项，未擅自改写为零。
10_资料附编.md,256,### 法国出口的去向，1806—1817年,这一序列最值得注意的，不是某年一个国家突然“忠诚”或“背叛”，而是大陆体系内部始终存在重新布置路线、取得许可、改变统计归属的贸易。美国栏1807年的43.159降到1808年的1.825，随后又恢复；英国栏在封锁末期出现大额许可贸易。封锁并非从地图上删掉英国，法国商人的生存也不等于严格执行每一道禁令。
10_资料附编.md,260,### 阿尔萨斯工商业者的经营规模,Ellis附录J根据1810年前后的商会调查列举下列企业或经营者。金额为法郎；“资本性财富”译自原表*fortune en capital*，不能无条件等同现代企业注册资本。经营额与财富相除，也不是资本回报率。
10_资料附编.md,277,### 阿尔萨斯工商业者的经营规模,这张表使“法国工业正在成长”从一句口号落到可见的行业与经营者，也显示工厂、贸易、家庭财富和信贷仍交织在一起。但它只是地方商会样本：既不代表全国企业规模分布，也不能据此宣称英国企业普遍比法国大一至两个数量级。〔资3〕
10_资料附编.md,282,## 三、现代计量研究究竟识别了什么,制度改革、产业保护和贸易一体化，都有可检验的经济后果。但本书没有把二十世纪之后重建的统计，倒灌成拿破仑可以事先知道的收益表。
10_资料附编.md,292,## 三、现代计量研究究竟识别了什么,这些系数具有不同被解释变量和单位，不能横向排列成“哪一种政策多增长几个百分点”。完整规格、样本和标准误须回各原研究，本书使用的是它们能够支持的机制，而非未经转化的通用乘数。〔资4〕
10_资料附编.md,296,### 从局部改革到大陆繁荣，中间还有哪些环节,ACJR的改革工具变量规格，第一阶段F统计量119.7、过度识别检验p值0.328，说明这一规格不能简单归入“没有第一阶段”的情形；但检验没有拒绝限制，不等于已经证明所有排除限制。该文改革指数中，巴登34.25、易北河以东普鲁士27，对照莱茵兰50.25、威斯特法利亚28.25，也提醒读者：没有直接法国占领的地方，同样可能为抵御法国而改革。法国冲击可以帮助其对手重建国家。〔资4〕
10_资料附编.md,298,### 从局部改革到大陆繁荣，中间还有哪些环节,Kopsidis与Bromley的煤炭2SLS估计为5.28×10⁻⁷，95%区间为[2.10，8.45]×10⁻⁷；这一数值依赖该文变量尺度，不是煤炭每增加一个百分点便带来多少增长。其重新编定57项改革中的31项，实质上质疑法令年限与有效制度变化之间的距离；跨地区改革排序本身，却不足以证明工具变量中存在违反单调性的个体。制度、资源与后继国家政策，需要共同解释，而不是以一种单因替换另一种。〔资4〕
10_资料附编.md,300,### 从局部改革到大陆繁荣，中间还有哪些环节,Juhász作者稿中，后续纱锭规模对1812年纱锭规模的相关工具变量系数，1840年为2.49（标准误1.13），1887年为5.17（1.22）；所列Kleibergen–Paap F为7.404与8.281，部分规格还低至约3.2。工业增加值的工具变量结果在1860年显著，到1896年起已难与零区分。行业技术采用留下长期痕迹，与永久保护始终有利，是两种强度不同的命题。〔资4〕
10_资料附编.md,302,### 从局部改革到大陆繁荣，中间还有哪些环节,要把这些成果用于1803—1848年的法国胜利世界，需要依次走过十个环节。
10_资料附编.md,317,### 从局部改革到大陆繁荣，中间还有哪些环节,这不是把结论再退回十个问号。它给出了建设顺序：先停止破坏、打通市场与保护产权，再投资交通和技术；将长期制度收益留给逐步扩张的税源，而不提前花在1803年的军费中。**更富裕的大陆有一条可说明的路径；更富裕的大陆永久服从巴黎，则还需要分享利益和限制任意权力。**
10_资料附编.md,321,### 工业化的尺度与人口的尺度,Bairoch的人均工业化指数常被用来比较长期方向。下面保留本工程经后续学术转录取得的三个年份；英国1900年＝100。它不是精确工厂普查，德意志、意大利等聚合又掩盖区域差异。
10_资料附编.md,334,### 工业化的尺度与人口的尺度,原研究把1830与1860之间线性插值得到“1848年英国48.4、法国16.8”等值。这些数可以用于演示插值，却不应被称为1848年观测。进一步给插值乘上作者设定的改革、封锁和投资系数，所得便是情景练习，不是另一条历史的测量结果。
10_资料附编.md,336,### 工业化的尺度与人口的尺度,"Maddison Project 2020重建的人均GDP，法国1820年约1,809、1850年约2,546，英国约3,306和4,332，单位为2011年国际元。由此算出的两段复合增速约1.15%与0.91%，显示人均增速、总量增长和初始领先是不同概念。较低起点者增长较快，不等于已经赶上；也不能只用人口增长解释全部差异。〔资5〕"
10_资料附编.md,338,### 工业化的尺度与人口的尺度,**本书对法国胜利世界的判断，因而保持在能够承担的层次：减少战争与贸易破坏方向有利，内部平等准入有助大陆成长，英国的产业和海运领先仍需长期追赶。**它不把模型生成的另一组人均GDP小数当成史料发现。
10_资料附编.md,342,### 直布罗陀到港表：总船数与中转活动分开看,Benady依据《直布罗陀纪事报》重建的工作稿，保留下表。1805年报纸停刊造成缺数，1816年小船也仅有部分记录；“—”表示表内空白。各行有分类与加总出入，照录不代表已经重建全部港务账。〔资7〕
10_资料附编.md,354,### 直布罗陀到港表：总船数与中转活动分开看,"正文却列1809年1,014艘、1813年771艘，为本港供货船1809年348艘；附表相应为1,071、789与347。1809年附表前三类非空船数相加又为1,074，1813年四类相加779，1816年两类相加1,041，也不分别等于其总行。文章称1809年约为1806年的三倍，可能使用的是另一分类，但现有文字未解释，故不据此确立统一增长率。"
10_资料附编.md,356,### 直布罗陀到港表：总船数与中转活动分开看,"原文关于868艘小船的说明尤其容易误读：报纸按周报道，它是**1809年已报道周次的全年累计数**；作者考虑缺期，估全年超过1,000艘，并非每周868艘。到港记录也不保证独立船体不重复，不能再乘一年周数或直接加进常规到港总行。其可靠的历史意义在于：大船护航之外，伊比利亚沿岸的小型交通仍相当活跃；封锁必须面对多层运输，而非只拦截远洋船。"
10_资料附编.md,360,## 四、概率、模型与相互矛盾的旧结论,旧研究曾给出从1803年出发，到1815年或1848年秩序成立的多个概率带。其中一套把1848年结果放在约0.17%—4.44%，中点约1.27%；其他卡片又给出不同条件概率。保留这些研究工作的正确方式，不是把小数继续放在结论首页，而是说明它们怎样产生。
10_资料附编.md,362,## 四、概率、模型与相互矛盾的旧结论,这些数字主要来自对法国采纳克制、持续执行、英国签约、俄国不战、奥地利反应和继承成功的主观设定，再用指定相关结构合成。改变相关性或先验，结果便显著变化。没有历史样本可以把这些设定校准成真实频率；同一政策同时影响多国，也使简单相乘失去直观意义。
10_资料附编.md,364,## 四、概率、模型与相互矛盾的旧结论,因此，本书把原概率计算保留在研究审计中，正文改用有顺序的结论群：较可信主线、必要条件、竞争分支和失败退路。**这是撤回不受证据支持的精度，不是撤回对问题的回答。**
10_资料附编.md,366,## 四、概率、模型与相互矛盾的旧结论,后期另一项补算，比较“从1803年就连续选择克制”与“先走到1807年，再转向整固”。它只把指定政策选择节点的主观上下限相乘：后者得到0.0096%—0.2995%，前者0.00029%—0.0292%，未舍入乘积两端之比分别约33倍与10倍。这里没有同时乘入列出的全部外部有利事件，节点也并不独立，因此它们不是两条路径的完整胜率。保留这组工作最有用的发现，是**从已经取得胜利的位置转向，需要改变的先前选择更少**；把机械乘积当作精确历史概率，则会丢失这个真正的论点。〔资6〕
10_资料附编.md,368,## 四、概率、模型与相互矛盾的旧结论,这项补算还并列保留两种联盟记忆：一种把早先封锁造成的“血税超限”标记永久保留；另一种在转向保护性关税、且不对俄作战后清除它。同一条政策路径因此得到不同盟军供应。永久失信与立即恢复，都只是两端设定；现实应有减负、撤军、偿债与重新签约的过程。本书据此把联盟修复写成需要持续履约的政治工作，而非一个一经触发便永不恢复、或一经改政策就完全消失的程序状态。
10_资料附编.md,372,### 敏感性设值留下了什么思路,为保留研究中较大胆的判断，同时避免小数伪装成统计事实，下表列出若干原设值。它们属于作者的条件裁量；不同事件、时间范围和依赖结构之间，不作相乘。
10_资料附编.md,384,### 敏感性设值留下了什么思路,表中的条件字母与旧方案代码被译回实际问题。最有价值的不是区间端点，而是同一方向反复出现的关系：宗教和解、有限征兵、可靠偿债与稳定继承，可以互相加强；扩张、封锁和异常征敛，则容易把多种不满集中在同一个危机中。数字设值保留下来供追溯，结论由历史机制承担。〔资6〕
10_资料附编.md,386,### 敏感性设值留下了什么思路,模型还暴露出两个重要的内部问题。
10_资料附编.md,388,### 敏感性设值留下了什么思路,其一，兵员需求模型把“取消普鲁士”新增任务参数写为6.0千人，而注释说明其想采用4.5万—7.5万人的中值，即60千人。原程序又在高位乘二，所以单改成60会得到6万—12万，并不等于文字中的4.5万—7.5万。错误位置和方向可以确定，整个分支的最终区间则需要重新选择设定。本书不引用该分支未修订的评分来判断取消普鲁士是否划算；相关政治和军事分析仍支持保留一个可受约束的普鲁士。〔资6〕
10_资料附编.md,390,### 敏感性设值留下了什么思路,其二，“十年后成熟的新省兵源”所用队列函数，实际上在第五年已经达到程序允许的最大四个训练后队列；第十年并非模型识别出的整合转折点。现实中地方合作需要多久，仍须回到税兵和行政材料。它不能被函数中的标签替代。
10_资料附编.md,392,### 敏感性设值留下了什么思路,其他研究结论则因事件定义不同发生冲突。“南美部分自治仍与西班牙保持王朝联系”不等于“整个西属美洲都保留马德里主权”；“法国能够在1830年接近英国主力舰体规模”不等于“法国能在一切海区击败英国”；“保留地方军团”不等于“地方国家主权必定保留”。本书分别处理，避免用一个含糊总词制造表面一致。
10_资料附编.md,396,### 快速建立官署，与缓慢建立服从,研究摘录还提出“约十八个月建成纸面行政”的判断，并举汉堡糖厂约435家减至约40家、失业逾4.5万人，以及阿姆斯特丹人口十年减少约两成等数。这些材料试图揭示一个重要反差：行政接管很快，贸易与社会承受却可能恶化。但这些数的起讫年、城市边界、工厂单位与失业统计方式尚未逐项对齐；本书保留其作为待核指标，而不据此声称所有新省十八个月便完成行政整合，也不把城市十年变化全部归因于兼并。〔资8〕
10_资料附编.md,398,### 快速建立官署，与缓慢建立服从,可以明确保留的因果问题是：新政府设立省长、法院与税署之后，是否真正取得征兵、教会和商人的合作。第八章逐地区材料已经表明，建立机关与取得服从是两个速度不同的过程。更好的法国秩序必须用到营、实收、诉讼可及与地方合作衡量整合，而不是以官署挂牌报功。
10_资料附编.md,400,### 快速建立官署，与缓慢建立服从,在各种可能改变本书结论的新证据中，最重要的是：拿破仑是否曾主动提出并准备执行一种**自己也受约束、不得单方撤回的对等安排**。若能找到1810—1812年这样一项实质提案，有限霸权的可行性会明显上升。原模型把影响设为路径概率翻倍，只是敏感性测试；历史论证所需的是提案内容、履行保障与对手反应，而不是“翻倍”本身。汉诺威谈判书面草案、俄国关税承诺、英国保险与入侵动员实绩、抵抗下降究竟来自和解还是镇压，分别检验同一条道路的其他环节。〔资6〕
10_资料附编.md,417,## 五、仍值得研究的空缺，以及现在已经能够作出的判断,这些空缺仍然是空缺，没有被空洞的“待研究”填满，也没有被想象数值掩盖。它们限制的是精确范围和时点；现有材料已经足以排序主要政策，识别相互冲突的目标，并否定若干过强的结论。
10_资料附编.md,419,## 五、仍值得研究的空缺，以及现在已经能够作出的判断,本书的完成形式，是一部有条件、有论证、有出处的历史推演，而不是宣称所有档案都已经穷尽。未取得的全册与原始账本、已读研究者的转引、直接校过的原表，在独立审计中分别登记。读者据此可以知道：哪些判断依靠较坚实的事实，哪些依靠机制比较，以及哪些新材料最可能使本书改变答案。
