file,line,heading,text,status
nodes/r_5b1357a9c6/cards/t_02f417/E1_ecology_population_resources.md,123,## ⑫ 交流流动：商人、移民、情报与疫病走同一道路,**【锚点】**敖德萨项目据俄国贸易年刊、领事文书和编者换算成公吨/金法郎；1812小麦约3.67万t、1815约17.17万、1816约18.83万、1830约7.82万，单港受产地/船舶/经海峡的叠合约束。Emilciuc研究摘要指比萨拉比亚—敖德萨粮经希腊/亚美尼亚商人、雷尼与伊兹梅尔港口；军管与规制既可征粮又可扼粮（Black Sea项目统计表，及Emilciuc网页摘要，后者未读足详细数量）。Davey pp.12–13的商人Solly与Saumarez护航表明封锁期流动并不全灭。**【机制】**进出港贸易既传播粮与营养，也载疫病/逃亡者和情报；“大陆独立于海”从来不是人口生态上的闭环。**【推演】**若S1英中立，强买俄麻或粮不能绕过俄/奥斯曼的自身决策；若S6越境兼并波罗的海港，也可能把世界棉/粮价和英国封锁反噬内陆矿工/商人。1830–31霍乱对开放贸易的防疫代价是真实的，不能因中立贸易而默认为零风险（中）。,原研究的未完成记录；须与后续补订及正文逐条核销
nodes/r_5b1357a9c6/cards/t_02f417/E1_ecology_population_resources.md,136,## ⑬ 对B1—B8的生态反应函数（法国选择不是自然结果）,| **B8 当时曾有的方案中的秩序机制** | 选择已存在的许可证、道路/运河、地方仓谷与税赈、港口监管，赋各地原有商人稳定预期；避免虚构1803世界银行/全欧粮部。1816震荡时是否先放粮和跨区运输比「兼并多少省」更可能决定人民接受秩序。 | 1816南德措施是政策类比**不是**证明1803法皇已提出具体全欧赈济机关。Glaser§3；Todorov、Tooke；F1/F4具体当时方案待核。 |,原研究的未完成记录；须与后续补订及正文逐条核销
nodes/r_5b1357a9c6/cards/t_02f417/E1_partB.md,57,## ⑫ 交流流动：商人、移民、情报与疫病走同一道路,**【锚点】**敖德萨项目据俄国贸易年刊、领事文书和编者换算成公吨/金法郎；1812小麦约3.67万t、1815约17.17万、1816约18.83万、1830约7.82万，单港受产地/船舶/经海峡的叠合约束。Emilciuc研究摘要指比萨拉比亚—敖德萨粮经希腊/亚美尼亚商人、雷尼与伊兹梅尔港口；军管与规制既可征粮又可扼粮（Black Sea项目统计表，及Emilciuc网页摘要，后者未读足详细数量）。Davey pp.12–13的商人Solly与Saumarez护航表明封锁期流动并不全灭。**【机制】**进出港贸易既传播粮与营养，也载疫病/逃亡者和情报；“大陆独立于海”从来不是人口生态上的闭环。**【推演】**若S1英中立，强买俄麻或粮不能绕过俄/奥斯曼的自身决策；若S6越境兼并波罗的海港，也可能把世界棉/粮价和英国封锁反噬内陆矿工/商人。1830–31霍乱对开放贸易的防疫代价是真实的，不能因中立贸易而默认为零风险（中）。,原研究的未完成记录；须与后续补订及正文逐条核销
nodes/r_5b1357a9c6/cards/t_02f417/E1_partC.md,13,## ⑬ 对B1—B8的生态反应函数（法国选择不是自然结果）,| **B8 当时曾有的方案中的秩序机制** | 选择已存在的许可证、道路/运河、地方仓谷与税赈、港口监管，赋各地原有商人稳定预期；避免虚构1803世界银行/全欧粮部。1816震荡时是否先放粮和跨区运输比「兼并多少省」更可能决定人民接受秩序。 | 1816南德措施是政策类比**不是**证明1803法皇已提出具体全欧赈济机关。Glaser§3；Todorov、Tooke；F1/F4具体当时方案待核。 |,原研究的未完成记录；须与后续补订及正文逐条核销
nodes/r_5b1357a9c6/cards/t_02f417/notes_materials_02.md,21,## 大麻/亚麻与舰材新增核对,"F3 `nodes/r_5b1357a9c6/cards/t_b1a536/notes_yards.md` 表示指定七组厂1807–13逐年下水9/10/3/7/9/8/4艘，1810–12已7/9/8>6艘，但二手转录为主及完整厂清单未取得。下水实绩反驳「这三年帝国物理上年6舰绝不可能」；**不反证**总舰队在战可用、成材库存、1815后持续年6艘并维护能力。法国1805普查7.338m大橡树与543,937株需求大于森林可达性问题；吨材进厂、熟化、型材、海路控制仍是约束。",原研究的未完成记录；须与后续补订及正文逐条核销
nodes/r_5b1357a9c6/cards/t_044211/B2_britain_fiscal.md,65,### 3.2 对校并未实现“所有表归一”,**【事实】**Bordo–White 1990工作稿表2（印刷p.51；已核影像）标题为Great Britain，来源Gayer–Rostow–Schwartz。1810/11净收入约68.39/66.53，债务负担23.40/23.86；与主表73/71、24.4/24.6不同，但方向相同。其表3（p.52）明确转引Mitchell & Deane（1962）p.442；1810纸币约£22—23m，与BoE严格2月底的£20.120486m不同。终检撤销先前£22.32m精确抄值，疑有邻年错位；该表不用于主CSV。本卡未取得Mitchell & Deane原表日期说明，故只完成**二手转录层对校**，不能把差额擅归因于某一个时间点。[L1；D2],原研究的未完成记录；须与后续补订及正文逐条核销
nodes/r_5b1357a9c6/cards/t_044211/B2_britain_fiscal.md,364,### 未闭合项与证据诚实,- Sherwig原书未取得；全期66m不进入模型；西班牙7.8在本报告作为明确转引，1794硬币支付仅留来源备忘。1811救助实放额、损失额未核。,原研究的未完成记录；须与后续补订及正文逐条核销
nodes/r_5b1357a9c6/cards/t_044211/B2_independent_audit.md,9,## 独立代理实际完成,> 未发现已核范围内的重大算术或会计逻辑错误；独立全量复算因权限拦截未完成。,原研究的未完成记录；须与后续补订及正文逐条核销
nodes/r_5b1357a9c6/cards/t_044211/evidence_bank.md,67,## 三、两个承重主张的裁决,**London失守能否复用1797？**【模型推演；条件判断中置信】1797只证明政治/银行网络完整时可以切断兑金挤兑，不能证明首都被占后同样有效。O’Brien–Palma §2.3说明地方银行储备包括伦敦往来余额与可变现证券；若政府、账册、银行审批、税款汇解及地方接受网络能持续，纸币融资可作为续战工具。若伦敦结算中枢失灵、税基与担保品被夺，印票不能重建偿付能力，更不能自动购买海外物资。报告本身容许政治恐慌造成无法满足的现金需求时考虑新限制，但没有测试首都沦陷。且1803以后已处限制期，根本不存在“再暂停一次”所释放的同等新空间。结论：只能有条件复用信誉—税收—结算机制，不能把1797当作伦敦失守后的财政保险。,原研究的未完成记录；须与后续补订及正文逐条核销
nodes/r_5b1357a9c6/cards/t_044211/evidence_tax_subsidy.md,11,## 即交摘要（按主卡最新范围）,【可用机制】援助不是纸币无限跨境支付：英国国内融资后，仍须取得对外购买力；可用金银运送、出售对伦敦财政部汇票，或经商人购买大陆商业票据与硬币。同期1809奥地利擅开汇票案例直接证明授权、兑付与汇率约束；Sherwig的1794普鲁士硬币付款案例仅经Rossiter转引。原书总表仍未取得，不阻碍本次交付，也不将£66m冻结为亲核总数。,原研究的未完成记录；须与后续补订及正文逐条核销
nodes/r_5b1357a9c6/cards/t_044211/evidence_tax_subsidy.md,17,## 结论与核验边界,已先检索`downloads/pages`、`nodes/r_b55f2c1cf5/cards/t_95ef51`及`t_104134/fiscal`，复读原缓存，没有重新下载其中已识别的来源。下列均为正文转录核验，未作影印逐页对校；Hansard用卷、栏定位。新缓存保留来源URL。**Sherwig原书正文未取得，所列其数字均明确标为转引或待核。**,原研究的未完成记录；须与后续补订及正文逐条核销
nodes/r_5b1357a9c6/cards/t_044211/evidence_tax_subsidy.md,28,## 一、所得税：已确认与不可混用的数字,"|1799|Avery Jones注21称首年“raised £6,046,624”，转引1870税务局年报；Cousins称1799税年收益约£5.8m，转引1800-06-05《Parliamentary Register》卷12 p.54|不能把两个数任选其一当日历年现金。尚缺原报中毛额、减免与征收时点对账|",原研究的未完成记录；须与后续补订及正文逐条核销
nodes/r_5b1357a9c6/cards/t_044211/evidence_tax_subsidy.md,38,## 一、所得税：已确认与不可混用的数字,"【排错】不采用旧材料1816 £14.6m作1815所得税。1816收取旧税年欠款与1815当年现金是两回事；本轮未取得1816按税年归属的逐项对账。1811预算已明示此机制：截至1811-04-05年度净评定收益估计£11.8m，发言时该项已收£4,864,267，另有1804–10欠税。原句“4,864,267l. had been received”（HC 1811-05-20 vol.20 cc213–214；`downloads/pages/bff7e2ccf088.md`）。",原研究的未完成记录；须与后续补订及正文逐条核销
nodes/r_5b1357a9c6/cards/t_044211/evidence_tax_subsidy.md,54,## 三、支付技术：国内筹款≠国外兑现,"【事实：转引Sherwig】Rossiter硕士论文《The Bank of England in the Peninsular War》（2014），导论、注20–22：1794银行向普鲁士提供4、5月补贴硬币£600,000，7月另£120,000，转引Sherwig **pp.45–58**；向荷兰执政贷款£400,000，转引p.41。缓存`downloads/pages/3ac3b1dd88bf.md`，280–320行；论文对应单页待核。",原研究的未完成记录；须与后续补订及正文逐条核销
nodes/r_5b1357a9c6/cards/t_08b9e7/F1_napoleon_center.md,25,## 1. 方法、材料与复用,"【边界】Tulard《Nouvelle bibliographie critique》、Thiry、Hillemand《Pathologie de Napoléon》未取得：回忆录分级以逐件标注替代；病理学以Lugli等现代文献替代；缺口写入SOURCES.md。Roederer《Œuvres》t.III未获原卷（t.1/2/4/8已核不含），""权力靠光荣""引文按转引处理。",原研究的未完成记录；须与后续补订及正文逐条核销
nodes/r_5b1357a9c6/cards/t_08b9e7/F1_napoleon_center.md,69,### 2.3 ⑫信息系统：警察、黑室与外交网,"【事实】采集层四通道：(1) 警务日报——Fouché（1804–10）继而Savary（1810–14）每日呈递治安公报，1804–10部分已刊（Ernest d'Hauterive编《La police secrète du Premier Empire. Bulletins quotidiens adressés par Fouché à l'Empereur》，Perrin，本卡经CG T6导言注3确认该系列存在与卷次，未读公报原文——缺口记入SOURCES.md）；(2) 黑室——邮政总局（Lavalette任总局长1804–14；其回忆录英译本载1815年截获函件实例及邮局机要运作，downloads/f1_lavalette_memoirs_en.txt 行18218等；""cabinet noir""的系统描述在法文原版卷II，本卡未获，标转引/通说）；(3) 外交网——29个使领馆+领事网（1802年8→29，预算400万→1808年近1,000万法郎；Lentz pp.16–17），职能被明确限定为执行：""只要求他们尽可能好地执行帝国训令""（同）；(4) 军事情报与测绘——参谋部地形局与逐日兵力册（通说，Elting《Swords Around a Throne》述帝国大本营三办公室结构，缓存 downloads/pages/3762a4f8f4e3.md p26；本卡未逐页核）。",原研究的未完成记录；须与后续补订及正文逐条核销
nodes/r_5b1357a9c6/cards/t_08b9e7/F1_napoleon_center.md,280,## 9. 竞争学派对照（结论依赖声明）,"- **Schroeder体系论**：本卡3.1""克制不携带可信性""与其""法国霸权不可被条约锁定""命题一致；但本卡经B5/B3展示了工具性克制的真实通道，比""criminal enterprise""的单调画像多一个自由度。（Schroeder原文本卡未读全文，承接C8/S19的谨慎。）",原研究的未完成记录；须与后续补订及正文逐条核销
nodes/r_5b1357a9c6/cards/t_08b9e7/F1_napoleon_center.md,284,## 9. 竞争学派对照（结论依赖声明）,- **Price合法性陷阱**：作为双源模型的结构极保留（其著作本卡未读原文，据其公开论旨构建，标注为理论重建而非转述）。,原研究的未完成记录；须与后续补订及正文逐条核销
nodes/r_5b1357a9c6/cards/t_0a8308/M1_market_expectations.md,29,## 二、月度宽窗与安慰剂：方向、幅度、反证,| 提尔西特，1807年6→8月 | **−2.15**（+10.33bp；英约47百分位） | **+12.38**（−74.65bp；法约96百分位） | 法胜/英损在两市场可见，但英非1803式恐慌；伦敦首报待核 |,原研究的未完成记录；须与后续补订及正文逐条核销
nodes/r_5b1357a9c6/cards/t_0a8308/M1_market_expectations.md,30,## 二、月度宽窗与安慰剂：方向、幅度、反证,| 埃尔福特，1808年9→11月 | +0.57（−2.57bp；英10百分位） | +0.60（−3.86bp） | 未见持续大幅英债重估；政治消息首报待核 |,原研究的未完成记录；须与后续补订及正文逐条核销
nodes/r_5b1357a9c6/cards/t_0a8308/M1_market_expectations.md,36,## 二、月度宽窗与安慰剂：方向、幅度、反证,| 1812年法军撤退，11→1813年1月 | +1.50（−7.59bp） | −1.99（+12.90bp） | 撤军消息抵市日待核 |,原研究的未完成记录；须与后续补订及正文逐条核销
nodes/r_5b1357a9c6/cards/t_0a8308/M1_market_expectations.md,81,## 六、审计及任务缺口,CSV已生成：`M1_series.csv` 336格；`M1_event_windows.csv` 136格；`M1_placebos.csv` 34格；`M1_sensitivity.csv` 306格；`M1_conditional_probability_stress.csv` 918格；`M1_policy_probability_sensitivity.csv` 12格；复算命令、输入SHA256、逐条谱系见`SOURCES.md`，stdout `M1_run.log`。校验：每市场168月、收益率均正、输入1803-05英5.0000%、法约9.5342%，保单极端0–3.9375%，脚本成功重跑。**未执行日频新闻对齐、真正因果识别或全市场报价核查**；安慰剂是描述性100窗、与经济周期和事件密度同源。Neal周表访问限权、DFIH逐日法5%与银行股需登录、伦敦—巴黎、汉堡银行货币agio、阿姆斯特丹价格和真正逐日报价Lloyd险未取得；已定位Danson 1894的1805–16海险原书但Hathi正文403。资料缺失降低日事件结论置信，不得声称原册不存在；获取后的首要改判针对上文E1–E3。英/法语言两谱系已使用，法文原论文及英文学术/合同转录并读，不能把不同出版物对同一报价当重复证词。[S],原研究的未完成记录；须与后续补订及正文逐条核销
nodes/r_5b1357a9c6/cards/t_0a8308/notes_sources_01.md,11,# M1价格源检查摘录1（2026-09-23）,5. EHESS Didόmena网页 `downloads/pages/46ca2b09a0f9.md`，Eric Monnet `tauxFrance1800_2015.xlsx`直接下载URL https://didomena.ehess.fr/downloads/2227mq56p?locale=fr，文件尚未取得核读。若年率只作年窗旁证。,原研究的未完成记录；须与后续补订及正文逐条核销
nodes/r_5b1357a9c6/cards/t_0a8308/notes_sources_03.md,7,## 亲读二手出版物，非亲阅合同,"- 同文脚注32印p.194／PDF p15：‘during the Napoleonic Wars, marine insurance premiums for cargoes from Britain to Buenos Aires were as high as 9.6 per cent (e.g. in 1813). In contrast, in 1816 the premium had been reduced to 2.28 per cent. Danson, Our Next War, pp. 90–1.’ 1813→1816对照**同航线不同年份，但未控季节/船期/船舶质量/承保条款/承保人**，不能全差归因战争；二手引Danson，不能等同独立合约。脚注3印p.192／PDF p13提供Danson全题：J. T. Danson, *Our Next War in its Commercial Aspect, with Some Account of the Premiums Paid at ‘Lloyd’s’ from 1805 to 1816*, London: Blades, East & Blades, 1894。Hathi目录 https://catalog.hathitrust.org/Record/100475511 本地 `downloads/pages/8ed7ad29d98d.md` 标Harvard full view ID hvd.hb0uqh，但babel正文HTTP403，**仅查目录未读原书**；需要外部可读扫描或图书馆凭证解锁。",原研究的未完成记录；须与后续补订及正文逐条核销
nodes/r_5b1357a9c6/cards/t_0bb54c/IN1_east_india_company 2.md,202,## ⑨ 思潮、宣传与舆论：大陆封锁如何杀死了垄断,【宗教与传教】厂定：1813 年特许状引入传教自由与主教区的条款为通行史学叙述；**本卡未取得法案逐条原文**（见「缺口」），故仅标为谱系性陈述，不当作已核事实。但 1806 韦洛尔已证明：**对宗教与种姓符号的干预是成本最低的叛乱触发器**。【推演·中高】若传教自由在法国威胁存在的年份推行，它将与军服条例类似地成为法国代理人可用的现成口号。,原研究的未完成记录；须与后续补订及正文逐条核销
nodes/r_5b1357a9c6/cards/t_0bb54c/IN1_east_india_company 2.md,210,## ⑩ 科技、生产力与信息,"- **军事技术**：本卡未取得印度兵工厂（尤其是孟加拉的火药与硝石）的产能序列。**已知的一项结构事实**：孟加拉是欧洲硝石的主要来源；公司早期年金协定中有""18,000 maunds of saltpetre, and 300 chests of opium were to be delivered annually""的条款（Milburn I 行 67124）。【推演·中高，待 E1/X3 核】**印度是英国火药供应链的上游**；任何切断印度联系的情景，其最早显现的后果不在茶而在**硝石**。本卡不提供吪位数字，建议 E1 卡接管。",原研究的未完成记录；须与后续补订及正文逐条核销
nodes/r_5b1357a9c6/cards/t_0bb54c/IN1_east_india_company 2.md,415,## 缺口声明（诚实清单）,"1. **1803–15 逐年印度总岁入/支出连续序列未取得**。权威来源已定位：*Returns of the Gross Revenue, &c., in India since 1792*（HC ordered to be printed 22 June 1855），由 R. C. Dutt 1906 第 XXIII 章全文转引；本地 OCR 将表格拆为标题块与数字块，无法可靠对行，故未转录（1835-36 至 1837-38 三年因格式完整而可用）。**补救方式**：调取该 1855 年 Return 原件或 Dutt 原书 PDF 页图。",原研究的未完成记录；须与后续补订及正文逐条核销
nodes/r_5b1357a9c6/cards/t_0bb54c/IN1_east_india_company 2.md,416,## 缺口声明（诚实清单）,2. **1813 年特许状法案（53 Geo. III c.155）逐条原文未取得**。Auber 1826 《Analysis》在 archive.org 被分成 10 段 OCR，Hansard 决议页未定位。本卡因此不对传教条款、主教区、教育拨款£10万等做事实断言。,原研究的未完成记录；须与后续补订及正文逐条核销
nodes/r_5b1357a9c6/cards/t_0bb54c/IN1_east_india_company 2.md,419,## 缺口声明（诚实清单）,5. **未取得现代专著**（Bowen *The Business of Empire*、Peers *Between Mars and Mammon*、Philips *The East India Company 1784–1834*、Webster *The Twilight of the East India Company*、Bayly、Marshall）：本会话的 annas-archive 脚本因运行时守卫拒绝调用技能树内路径而不可用，已改用原始文件与议会记录替代。**这意味着本卡的二次文献对话不足**，结论主要建立在同时代文书上。,原研究的未完成记录；须与后续补订及正文逐条核销
nodes/r_5b1357a9c6/cards/t_0bb54c/IN1_east_india_company 2.md,420,## 缺口声明（诚实清单）,6. **印度本地借款利率逐年序列、孟加拉硝石产量、马尔瓦鸦片外流量**：均未取得。,原研究的未完成记录；须与后续补订及正文逐条核销
nodes/r_5b1357a9c6/cards/t_0bb54c/IN1_east_india_company.md,202,## ⑨ 思潮、宣传与舆论：大陆封锁如何杀死了垄断,【宗教与传教】厂定：1813 年特许状引入传教自由与主教区的条款为通行史学叙述；**本卡未取得法案逐条原文**（见「缺口」），故仅标为谱系性陈述，不当作已核事实。但 1806 韦洛尔已证明：**对宗教与种姓符号的干预是成本最低的叛乱触发器**。【推演·中高】若传教自由在法国威胁存在的年份推行，它将与军服条例类似地成为法国代理人可用的现成口号。,原研究的未完成记录；须与后续补订及正文逐条核销
nodes/r_5b1357a9c6/cards/t_0bb54c/IN1_east_india_company.md,210,## ⑩ 科技、生产力与信息,"- **军事技术**：本卡未取得印度兵工厂（尤其是孟加拉的火药与硝石）的产能序列。**已知的一项结构事实**：孟加拉是欧洲硝石的主要来源；公司早期年金协定中有""18,000 maunds of saltpetre, and 300 chests of opium were to be delivered annually""的条款（Milburn I 行 67124）。【推演·中高，待 E1/X3 核】**印度是英国火药供应链的上游**；任何切断印度联系的情景，其最早显现的后果不在茶而在**硝石**。本卡不提供吪位数字，建议 E1 卡接管。",原研究的未完成记录；须与后续补订及正文逐条核销
nodes/r_5b1357a9c6/cards/t_0bb54c/IN1_east_india_company.md,418,## 缺口声明（诚实清单）,"1. **1803–15 逐年印度总岁入/支出连续序列未取得**。权威来源已定位：*Returns of the Gross Revenue, &c., in India since 1792*（HC ordered to be printed 22 June 1855），由 R. C. Dutt 1906 第 XXIII 章全文转引；本地 OCR 将表格拆为标题块与数字块，无法可靠对行，故未转录（1835-36 至 1837-38 三年因格式完整而可用）。**补救方式**：调取该 1855 年 Return 原件或 Dutt 原书 PDF 页图。",原研究的未完成记录；须与后续补订及正文逐条核销
nodes/r_5b1357a9c6/cards/t_0bb54c/IN1_east_india_company.md,419,## 缺口声明（诚实清单）,2. **1813 年特许状法案（53 Geo. III c.155）逐条原文未取得**。Auber 1826 《Analysis》在 archive.org 被分成 10 段 OCR，Hansard 决议页未定位。本卡因此不对传教条款、主教区、教育拨款£10万等做事实断言。,原研究的未完成记录；须与后续补订及正文逐条核销
nodes/r_5b1357a9c6/cards/t_0bb54c/IN1_east_india_company.md,422,## 缺口声明（诚实清单）,5. **未取得现代专著**（Bowen *The Business of Empire*、Peers *Between Mars and Mammon*、Philips *The East India Company 1784–1834*、Webster *The Twilight of the East India Company*、Bayly、Marshall）：本会话的 annas-archive 脚本因运行时守卫拒绝调用技能树内路径而不可用，已改用原始文件与议会记录替代。**这意味着本卡的二次文献对话不足**，结论主要建立在同时代文书上。,原研究的未完成记录；须与后续补订及正文逐条核销
nodes/r_5b1357a9c6/cards/t_0bb54c/IN1_east_india_company.md,423,## 缺口声明（诚实清单）,6. **印度本地借款利率逐年序列、孟加拉硝石产量、马尔瓦鸦片外流量**：均未取得。,原研究的未完成记录；须与后续补订及正文逐条核销
nodes/r_5b1357a9c6/cards/t_0bb54c/SOURCES 2.md,57,## E. 未取得的材料（改判所需）,4. 现代专著：Bowen *The Business of Empire*；Peers *Between Mars and Mammon*；Philips *The East India Company 1784–1834*；Webster *The Twilight of the East India Company*；Marshall；Bayly；Callahan。本会话的 annas-archive 脚本因运行时守卫拒绝调用技能树内路径而不可用（错误信息：live skill trees 只能经 skill_manage 变更，bash 不得命名其路径）。**这是工具限制，不是文献不存在。**,原研究的未完成记录；须与后续补订及正文逐条核销
nodes/r_5b1357a9c6/cards/t_0bb54c/notes_military.md,28,### M1.3 军费增长（行 8060–8095）,〔缺口：Appendix Nos. 53–58 的三管区兵籍摘要表需 PDF 页图才能复原，本卡未做页图核。〕,原研究的未完成记录；须与后续补订及正文逐条核销
nodes/r_5b1357a9c6/cards/t_0bb54c/notes_politics.md,33,## P4. 法国在印度洋的历史可行动作（明托回顾，行 10355–10430）,"> ""Lord Castlereagh, who had become War Secretary, had in 1800 forbidden any operations eastward of India, and expeditions against the French islands had been positively interdicted to the Indian Government, in spite of the severe damage sustained by their merchant trade from French cruisers.""〔按：卡斯尔雷 1805 才任陆军大臣，1802–06 任控制委员会主席；此处年份/职衔以原书所印保留，待核〕",原研究的未完成记录；须与后续补订及正文逐条核销
nodes/r_5b1357a9c6/cards/t_0e763d/F2_french_army_capacity.md,101,### 战后和平类比与年度数据,【数据说明】`F2_capacity.csv`按1803–1814逐年列证据字段，未取得的全国实际编入、年度死亡、军马同日总量及指定各厂年产留空。连续征额仅保存《Histoire de France contemporaine》第三卷网页转录所载：12、6、21、8、8、24、7.6、16、12、23.7、114万，分别对应1803–1813；1814无总额。**该系列是征令努力，混常规年级、旧级召回、国民卫队及海籍，且转录有明显年份错误，不进入本卡容量校准。**正文自己警告“L’effectif des levées ordonnées représentait moins le résultat réalisé que l’effort demandé”。[LAV，第四编第一章第一节],原研究的未完成记录；须与后续补订及正文逐条核销
nodes/r_5b1357a9c6/cards/t_0e763d/F2_french_army_capacity.md,103,### 战后和平类比与年度数据,"【新增到营切片】Grab2013印118转Leggiere2007印69：1813年10月9日一轮1808–1814年级征集127,433人，截至12月底72,265抵达部队，截止日比率56.71%。**这是作者指定批次、尚未对齐全敕令范围的切片，不是1813全年实到，更不是最终逃役率。**已入年度CSV的partial_levy字段及独立分批表；national_incorporated_actual仍空。[G13，转引；本卡未读Leggiere原页]",原研究的未完成记录；须与后续补订及正文逐条核销
nodes/r_5b1357a9c6/cards/t_0e763d/F2_french_army_capacity.md,338,### 给后续卡的硬接口,- 【模型】P6/P7同一支机动军每年只许承诺一个主战区；调兵不是新增。F3给海军年新增可拨人员0.8–1.2万模型，其中部分可来自年长商渔民；**若保守地全从同一参考年级抽人**，陆军C9–11.5万加海军合为9.8–12.7万。真实跨年龄分流待核，不能把此上限测试当观测；同一人不双算。,原研究的未完成记录；须与后续补订及正文逐条核销
nodes/r_5b1357a9c6/cards/t_0e763d/F2_refinement.md,19,## 一、先澄清驻军类比,【机制→推演】保留本地军队的联盟统治不需满地俄兵，然而本地军官转向时，小型首都俄驻军未必保住政权。该例**不能用6500/330万推得2‰稳定驻防阈值**：不同年份、首都与全国范围、波军作用三重错配。俄国1832–48全王国驻军连续表本轮未取得，明确保留而不伪称验证了3‰。这些案例共同支持“任务和合作结构先于统一密度”。,原研究的未完成记录；须与后续补订及正文逐条核销
nodes/r_5b1357a9c6/cards/t_0e763d/F2_refinement.md,79,## 四、新省年度时滞：纠正稳态幻觉,"【锚点】比利时1798–1813累计216,111人编入、逐渐常态；皮埃蒙特1802并合到1809民事秩序恢复。前者无逐年实得，后者非征兵率，均不能使本卡60%可靠成为统计事实。[G03pp81–82、169] 第一版当时尚未取得Q2/D1/D2定稿。第二轮已接入其成果：其中仍没有完整逐年实到—驻军净额面板，不能直接拟合本式；初始函数现明确保留为制度敏感性的一种，而非经验成熟规律。详§七。",原研究的未完成记录；须与后续补订及正文逐条核销
nodes/r_5b1357a9c6/cards/t_0e763d/F2_refinement.md,98,## 五、史实峰值栏与数据空格,"逐区史实峰值不是已取得的完整面板：西班牙有1810-01-15作者境内小计324,996/在伍262,051，及1811-07-15同日切片（均不声称整个战争最高，详O10/O11）；意大利王国1812约7万意军、2.5万驻法军为不同时点/边界的来源记述，不能无条件加；德意志1807普波32.4万是战争部署含医院、约三分之一盟军而不是纯驻防；伊利里亚1810命令有8团各2营及预算基准，不能由140人连额全算健康。其他国家留“原表待核”，不填零、不用密度倒算成史实。",原研究的未完成记录；须与后续补订及正文逐条核销
nodes/r_5b1357a9c6/cards/t_0e763d/VALIDATION.md,38,## 本次确已执行,已回读主报告前后段、全部来源表、补充报告、史实CSV、役期表、分档表、联算表及JSON输出。Censo1797 PDF3页人口与低报警语看图复核；Marion PDF342/印322页图及342–343正文核读。输出为Markdown/CSV，未做排版导出或PDF呈现验证，也无必要宣称已做。,原研究的未完成记录；须与后续补订及正文逐条核销
nodes/r_5b1357a9c6/cards/t_0e763d/VALIDATION.md,79,## 尚未关闭的研究不确定性,全国逐年实际编入/退出、军官年龄分布、分兵种军马存量、五厂年产峰值和省级可靠率/实得序列未取得；来源表列有可关闭缺口的具体档案/出版物。本卡早版地区人口为冻结方案代理；P2已另作地区清单与联合账，未来变更仍须同步重算，而不能原样套本卡情景数。成本600/700/900不同范围，仅模型敏感性，不是经验预测区间。未来任务密度、盟军可靠与财政政策均属条件；结构与算术校验不能消除它们。,原研究的未完成记录；须与后续补订及正文逐条核销
nodes/r_5b1357a9c6/cards/t_0e763d/annual_levies_evidence.md,9,## 交付结论与冻结等级,3. **Woloch确有目标表的明确线索**：1986年论文p.110，Table 1 “The Napoleonic Levies”；本次只读到他文对该表的指引，未取得原表，不能声称核读。,原研究的未完成记录；须与后续补订及正文逐条核销
nodes/r_5b1357a9c6/cards/t_0e763d/annual_levies_evidence.md,21,## 补记：Elting摘录的独立口径判读,"|1811：167,000，其中90,000 reserve|不能直接拿来与1811年级120,000或1810年授权相比：年级、批准日、预备调用状态均未确定。|167,000/90,000按用户摘录保留；差额77,000不当实到。与120,000授权、草案80,000现役目标并存待核。|",原研究的未完成记录；须与后续补订及正文逐条核销
nodes/r_5b1357a9c6/cards/t_0e763d/annual_levies_evidence.md,23,## 补记：Elting摘录的独立口径判读,"|1813新增350,000；1812年9月120,000仍在depots|这是最显著的流量/存量混合：1812年征令形成的人力可能在1813年仍处补充营；在补充营不等于未被军队编入，更不等于已进入野战军。|350,000的统计截止日及“新增”定义待查；120,000单列为旧征令关联的补充营状态，禁止作为1813新增再计。也不默认120,000就是后来所列1813级137,000的全部或子集。|",原研究的未完成记录；须与后续补订及正文逐条核销
nodes/r_5b1357a9c6/cards/t_0e763d/annual_levies_evidence.md,25,## 补记：Elting摘录的独立口径判读,【裁量】这些记录首先揭示**跨年提前征召、预备兵分类、国民卫队与正规军混合、征募流量与补充营存量混合**，而不是证明某一作者“算错”。其中1807→1808级、1808→1809级能清楚定位；1806、1809、1811及1813汇总仍有真实待核冲突，不能强行调和。旧综合史年度表继续降格为来源原样附表，不进入统一容量计算。,原研究的未完成记录；须与后续补订及正文逐条核销
nodes/r_5b1357a9c6/cards/t_0e763d/annual_levies_evidence.md,251,## 6. 边界、后续最短路径与检索台账,**未完成项明示**：无全国1803—1814实到逐年表；1814年度命令总额空缺；Woloch原表空缺；Hargenvilliers/Darquenne原表空缺；七月王朝长期平均“和平军队”系列空缺。不存在用累计总额、地方样本或平均逃避率填补这些空缺的操作。,原研究的未完成记录；须与后续补订及正文逐条核销
nodes/r_5b1357a9c6/cards/t_0e763d/hardware_evidence.md,9,## 交付性质与结论,**关键验收缺口：本轮未取得 Saint-Étienne、Charleville、Douai、Strasbourg、Essonnes 五个指定地点在1803–1814年的可核实单厂年度峰值。** 不以全国数或其他厂数填空。Douai有待核候选，详见末节。所得全国流量和 Metz 验收记录可作为F2的旁证锚点，不能伪装为完成了指定五厂统计。没有余力独立补查马匹存量、采购或干部供给，故不对三者作定量排序。,原研究的未完成记录；须与后续补订及正文逐条核销
nodes/r_5b1357a9c6/cards/t_0e763d/hardware_evidence.md,46,### 核心来源 A：Jean-François Brun，《Des armes et de la poudre…》,"【待核】78,304公斤金属究竟为净耗、某个类别或转录问题，网页不详；不据此建立每门炮金属定额。279与211可暂用作作者报告的制造／验收差异，并保留原档待复核标签。此例既不是1803–1814全期峰值，也不是两目标炮厂的替代数据。",原研究的未完成记录；须与后续补订及正文逐条核销
nodes/r_5b1357a9c6/cards/t_0e763d/hardware_evidence.md,81,### Saint-Étienne：单厂峰值缺失；生产组织与可查档案明确,- 同页《Ouvrages》：Raymond Dubessy，*Historique de la Manufacture d’armes de guerre de Saint-Etienne*，Saint-Etienne，1900，658页，馆藏6 C 200 092。**只读馆方书目，未读此书。**,原研究的未完成记录；须与后续补订及正文逐条核销
nodes/r_5b1357a9c6/cards/t_0e763d/notes_core_evidence.md,29,## V77,"Martin van Creveld,Supplying War,1977版页面；downloads/pages/5b7b985b0f78.md，doc同名。已读第2章相关段、未读整书。",原研究的未完成记录；须与后续补订及正文逐条核销
nodes/r_5b1357a9c6/cards/t_0fed70/B6_british_overseas_empire 2.md,64,# ④ 经济、资源与运输,|马匹、大麻、硝、铁、煤、铜|本卡未取得同口径殖民产能/储量表|不能将“没有数表”解释为不存在；海运、质量和专业用途分别约束|模型不赋无限供给；印度硝、柚木舰等由IN1/B3另算，防双计|,原研究的未完成记录；须与后续补订及正文逐条核销
nodes/r_5b1357a9c6/cards/t_0fed70/B6_british_overseas_empire 2.md,179,# ⑭ 五情景年表，1803—1848,|23 1834–35|法案排锡兰/圣赫勒拿，开普/毛里求斯延时[S15]→帝国法律非同步|分地生效，不写统一解放日|相同原则但分区协商|地方延迟更长，巡航优先级低|立法/执行差仍会扩大争论|未取得毛里求斯则英法两个劳动制度并存|中|,原研究的未完成记录；须与后续补订及正文逐条核销
nodes/r_5b1357a9c6/cards/t_0fed70/B6_british_overseas_empire.md,64,# ④ 经济、资源与运输,|马匹、大麻、硝、铁、煤、铜|本卡未取得同口径殖民产能/储量表|不能将“没有数表”解释为不存在；海运、质量和专业用途分别约束|模型不赋无限供给；印度硝、柚木舰等由IN1/B3另算，防双计|,原研究的未完成记录；须与后续补订及正文逐条核销
nodes/r_5b1357a9c6/cards/t_0fed70/B6_british_overseas_empire.md,179,# ⑭ 五情景年表，1803—1848,|23 1834–35|法案排锡兰/圣赫勒拿，开普/毛里求斯延时[S15]→帝国法律非同步|分地生效，不写统一解放日|相同原则但分区协商|地方延迟更长，巡航优先级低|立法/执行差仍会扩大争论|未取得毛里求斯则英法两个劳动制度并存|中|,原研究的未完成记录；须与后续补订及正文逐条核销
nodes/r_5b1357a9c6/cards/t_0fed70/notes_addenda.md,4,## S14 Molesworth＋政府答辩1848,"Hansard HC 25 July1848, vol100 cc816–877, “Colonial Government”. https://api.parliament.uk/historic-hansard/commons/1848/jul/25/colonial-government ; downloads/pages/c7337a608bc3.md，已读cc816–837、政府回应cc860–872；未读整场。",原研究的未完成记录；须与后续补订及正文逐条核销
nodes/r_5b1357a9c6/cards/t_0fed70/notes_addenda.md,33,## S19条约,"巴黎条约1814-05-30, Digithèque MJP转录deClercq, Recueil1880,t2,p414；downloads/pages/da8b385366d2.md，全文未读，只采7–13条：Malta英有；French1792殖地归还但Tobago/StLucia/Isle de France及Rodrigues/Seychelles除外；Guadeloupe归法；France大陆印度据点不得筑堡。该页是法奥版本，不含法英奴贸附款，不用其证明后者。S0法律对照，不把法败割地原样当法胜安排。",原研究的未完成记录；须与后续补订及正文逐条核销
nodes/r_5b1357a9c6/cards/t_0fed70/notes_empire.md,12,## S06 West India Committee “Diseases and Medicine”,捕获 downloads/pages/7838a9756a45.md；已读首尾，未读中段，采用首段明确内容：1799-12至1803-01疾病死亡+病退速度要求向风背风群岛驻军每六年更换等规模；不是每六年人人死亡。30年代Marshall/Tulloch二十余年资料显示黑人士兵总体病亡低，但呼吸系统疾病更高，不能写生物种族免疫。高地基地超过2000–2500英尺较有益是后期调查，不倒填1803万能医学。,原研究的未完成记录；须与后续补订及正文逐条核销
nodes/r_5b1357a9c6/cards/t_0fed70/notes_empire.md,50,## S13 废奴政治（待法条定点补）,英国议会馆藏页 https://heritagecollections.parliament.uk/stories/the-transatlantic-slave-trade/ 捕获 downloads/pages/6b8e02cd7248.md，前后已读，1807/1833中段待补。1833法官版PDF已获doc8a4da9da4e47，禁止将1833=1807或补偿给奴隶。,原研究的未完成记录；须与后续补订及正文逐条核销
nodes/r_5b1357a9c6/cards/t_0fed70/notes_fiscal.md,19,## S03 Hansard 1830-05-10 vol24 cc509–513,捕获 downloads/pages/0b986a1a0af8.md；已读cc506–513与尾段，未读与本题无关中段。,原研究的未完成记录；须与后续补订及正文逐条核销
nodes/r_5b1357a9c6/cards/t_1f7db4/Q2_integration_panel.md,17,## 0　结论先行,**交付限度，不隐瞒：**未取得Rouanet–Piano复制文件，未建成1800–1813完整省—年面板，未运行新回归或统计留一预测。实际交付是116行来源／缺口长表、8项已刊估计、46项复算、定性留一审计和可复算条件模型。不能把本卡降级后的产物写作“面板已证明行省化可行／不可行”。,原研究的未完成记录；须与后续补订及正文逐条核销
nodes/r_5b1357a9c6/cards/t_1f7db4/Q2_integration_panel.md,252,### 1803–1848执行时间表：检查点而非必然历史,|1810–12|停止同时吞入多个未完成财政接管的外圈，先打通旧账|并省、封锁、宗教冲突叠加，财政与治安可互相恶化|Marion p.321；Woolf pp.160–164；中|,原研究的未完成记录；须与后续补订及正文逐条核销
nodes/r_5b1357a9c6/cards/t_1f7db4/Q2_integration_panel.md,279,### 8.1　没有把缺数据伪装成统计失败,- 外圈作为真正留出组：尚缺相同时间、相同分母的实到／实收，不产生预测精度分数。,原研究的未完成记录；须与后续补订及正文逐条核销
nodes/r_5b1357a9c6/cards/t_1f7db4/notes_final_validation.md,5,## 已核当前文件,"本轮续接通读build_panel.py、analyze_q2.py、finalize_q2.py及report_part1.md、report_part2.md；阅读SOURCES、quote_audit与既有来源笔记。重跑build_panel.py和analyze_q2.py后，日志为116来源/缺口行、8发表估计、46算术复算、3,840模型行、0新回归、0统计留一预测；复制微观数据未取得。具体运行输出以Q2_run_log.txt与Q2_validation.json为准。",原研究的未完成记录；须与后续补订及正文逐条核销
nodes/r_5b1357a9c6/cards/t_1f7db4/notes_rp23.md,34,## 访问限度,ICPSR175583／10.3886/E175583V1为已定位公共复制库，页面元数据可读，公开文件路由未取得。urllib及curl返回403；本卡不猜测认证原因，不绕过登录/访问限制，不声称运行作者数据。停止重复重试。已从保存Cambridge HTML提取公开在线附录PDF链接，单独下载读取。,原研究的未完成记录；须与后续补订及正文逐条核销
nodes/r_5b1357a9c6/cards/t_1f7db4/notes_woolf_marion.md,24,## 工具路线,ICPSR迁移页web_fetch仅Loading；web_extract取到元数据与CC BY4.0，未取得数据文件。urllib直读403；Monid discover缺API key（未新增账户或支出）。继续查作者/公开复制包；有出版的结果即便文件未取仍可作转引，必须与本卡新估计分开。,原研究的未完成记录；须与后续补订及正文逐条核销
nodes/r_5b1357a9c6/cards/t_1f7db4/report_part1.md,17,## 0　结论先行,**交付限度，不隐瞒：**未取得Rouanet–Piano复制文件，未建成1800–1813完整省—年面板，未运行新回归或统计留一预测。实际交付是116行来源／缺口长表、8项已刊估计、46项复算、定性留一审计和可复算条件模型。不能把本卡降级后的产物写作“面板已证明行省化可行／不可行”。,原研究的未完成记录；须与后续补订及正文逐条核销
nodes/r_5b1357a9c6/cards/t_1f7db4/report_part2.md,107,### 1803–1848执行时间表：检查点而非必然历史,|1810–12|停止同时吞入多个未完成财政接管的外圈，先打通旧账|并省、封锁、宗教冲突叠加，财政与治安可互相恶化|Marion p.321；Woolf pp.160–164；中|,原研究的未完成记录；须与后续补订及正文逐条核销
nodes/r_5b1357a9c6/cards/t_1f7db4/report_part2.md,134,### 8.1　没有把缺数据伪装成统计失败,- 外圈作为真正留出组：尚缺相同时间、相同分母的实到／实收，不产生预测精度分数。,原研究的未完成记录；须与后续补订及正文逐条核销
nodes/r_5b1357a9c6/cards/t_20658d/critique.md,102,### H. F4 的 T＝750 锚于 1810 年 6 月帝国疆域，路径 B 的 A 层更小（kind: method）,"F4 L247：""T 的固定核心按 1810 年 6 月普通账已纳入的疆域与税目定义，托斯卡纳已在内""；该疆域含利古里亚、托斯卡纳、帕尔马（≈42m）。路径 B 的 A 层≈37m（不并利古里亚，托斯卡纳未取得）。P6 1813 恒等式用的是 F4 L9 的""净经常收入 800＋盟约 40""高收入案的 495m。→ 需按路径 B 疆域再基 T（F4 自给宽下行 650）；若 T≈650–700，""陆 300＋海 195""不闭合，MAN-02/FIS-02 的""闭合-条件""须重算。",原研究的未完成记录；须与后续补订及正文逐条核销
nodes/r_5b1357a9c6/cards/t_219822/PT_portugal_brazil.md,274,## 十、缺口与未决（诚实声明）,"1. **Valentim Alexandre《Os Sentidos do Império》**：已在Anna's Archive定位（md5 47d831c2f0c0…，75.7MB扫描件）未下载处理；其论点（1820革命的""再殖民化""纲领、帝国转向非洲的前史）经Pedreira与e-JPH转引使用并已标注。待补：其对1820–23年Cortes对巴议事录的引用可直接订正本卡§6.3。",原研究的未完成记录；须与后续补订及正文逐条核销
nodes/r_5b1357a9c6/cards/t_24b942/P4_naval_gap_projection.md,85,## 6. 材料、技术拐点与失效时间,**【锚点】**Paixhans 1822法文原著第八卷p287提炮弹“on peut lancer de grosses bombes horizontalement comme des boulets ordinaires”，p288以蒸汽机增加“quarante mille marins”力量设问；这是发明者的**倡议**，不是额外四万合格海员。p346–47反问各国都采技术后为何英国不能重得财富、数量和技能优势，并自称早期法方新海军得益只是“avantages seulement transitoires”[10]。1824 Brest试靶仅获目录线索和当代二手叙述，原实验报告未读；RMG馆藏HMS Lightning正文称1823年木明轮炮艇适测绘，元数据却写1829，保留同名/日期冲突；法Sphinx于1829造并装Liverpool Fawcett机器，特例提示法国机器供应依赖，不代表全法机器均英国造[11]。,原研究的未完成记录；须与后续补订及正文逐条核销
nodes/r_5b1357a9c6/cards/t_24b942/P4_naval_gap_projection.md,123,## 来源谱系与复算说明,"[7] Paul E. Fontenoy书评Jan Glete，*Naval War College Review*49.4 (1996), 刊p160，扫描`downloads/P4_Glete_review_Fontenoy_1996.pdf` doc`b75effed1b78` PDF p3**图像核看**，作为Glete论断的二手转述。Glete原两卷本未读，不抽取书中战列舰数。",原研究的未完成记录；须与后续补订及正文逐条核销
nodes/r_5b1357a9c6/cards/t_24b942/P4_naval_gap_projection.md,133,## 来源谱系与复算说明,"**未取得但主动查过：**Glover1967 *Journal of Modern History* 39.3 233–252 DOI10.1086/240080仅JSTOR/芝大书目与权限墙（缓存`downloads/pages/717b149d2bb0.md`,`ecb1c103e4af.md`）；Lambert1996 “Preparing for the Long Peace” DOI10.1080/00253359.1996.10656582全文抽取失败；Winfield & Roberts 2015逐舰正文未取得；Rodger *The Command of the Ocean* 在线电子书本次仅读截断前言与1649开头，**未读1815章**。书名不当作舰数证据。索引/权限失败不代表文献不存在，下一次可做馆际或有权限全文核查。法文与英文源均已读，跨语要求满足，但数字同源网络依旧有限。",原研究的未完成记录；须与后续补订及正文逐条核销
nodes/r_5b1357a9c6/cards/t_24b942/notes_sources.md,14,## 1822 Paixhans一手法语,"Henri-Joseph Paixhans, *Nouvelle force maritime et artillerie*, Paris: Fain, 1822，ETH e-rara影本下载 `downloads/P4_Paixhans_1822_Nouvelle_force_maritime.pdf`（仅第八卷片段65页），doc `6019ca4672f7`, SHA256 6019ca4672f7d7d23dc8dff76e875aeee59b72410559ff0d51c8979c1e43ffca。已按doc_outline读PDF pp2–5（原印p285–88）、pp58–65（原印p341–48）及pp18–19（原印p301–02）。p287：`on peut lancer de grosses bombes horizontalement comme des boulets ordinaires`；p288：`pourquoi [les machines] ne donneraient-elles pas la force de quarante mille marins à la France ?` 这是倡议者的超强主张**不是设备实绩**。p346–47作者自己问英国一旦采纳新技术能否继续保优，又称英既有大型帆舰被新武器威胁是`avantage ... transitoire`；p347论舰员经验需求下降与港口灵活是预期。p342转引1819法国海军部称年预算45m到1830海军消亡、65m仍剩38战列/30巡防，**转引兼游说性反事实，不作预测观察**。USNI Philip K. Allan, *Naval History* Dec2024，https://www.usni.org/magazines/naval-history/2024/december/shot-shell-general-paixhans-revolutionary-artillery ，读到正文（缓存downloads/pages/50491bf9c17b.md），载1824以Pacificateur作试靶和英俄很快仿造，175?技术应用转系统很慢；未取得1824实验原报告；西班牙虚拟国防馆目录页面404，故1824精准性能数字不引。",原研究的未完成记录；须与后续补订及正文逐条核销
nodes/r_5b1357a9c6/cards/t_24b942/notes_sources.md,20,## 前轮旧C3,`nodes/r_b55f2c1cf5/cards/t_7ee3b0/c3_scenarios.csv` 112行多数NA，是旧成果非新观测，不继承未识别结论；`c3_quality_thresholds.csv`只给船体/效能系数算术关系，无校准；Glover JMH 1967 39(3)233–252、DOI10.1086/240080旧卡只核元数据未读全文，Rodger/Glete/Lambert/Winfield & Roberts均未亲阅，不能列作本卡数字直接证据。,原研究的未完成记录；须与后续补订及正文逐条核销
nodes/r_5b1357a9c6/cards/t_27c409/SP2_part2.md,76,### 15.3 B4c 兼并至埃布罗（最大版）,"  - **上阿拉贡**：萨拉戈萨记忆+Suchet治理双重遗产；Suchet模式（正规化征税+本地合作+快速镇压）是法国在西班牙唯一接近""可持续占领""的样本，但其条件是阿拉贡平原地形+持续大军在位（转引Alexander《Rod of Iron》线索，本卡未独立核该书——列为待补）。",原研究的未完成记录；须与后续补订及正文逐条核销
nodes/r_5b1357a9c6/cards/t_27c409/SP2_part3.md,85,## §20 口径冲突与未决表（供红队）,"| 加的斯Cortes教士占比 | 抓取文本""约三分之二为教士"" vs 同段硬数61/185≈33% | 用61/185；""三分之二""疑转写讹误或含suplentes另口径，待核印本 |",原研究的未完成记录；须与后续补订及正文逐条核销
nodes/r_5b1357a9c6/cards/t_27c409/SP2_part3.md,94,## §20 口径冲突与未决表（供红队）,"| Suchet阿拉贡""模范占领"" | Alexander《Rod of Iron》未获全文 | 列为待补；S6上阿拉贡格保留""低中""置信 |",原研究的未完成记录；须与后续补订及正文逐条核销
nodes/r_5b1357a9c6/cards/t_27c409/SP2_part3.md,95,## §20 口径冲突与未决表（供红队）,| Portillo《Crisis atlántica》 | 扫描版无文本层，OCR未做 | 其宪政论点经上轮t_c2dbca已核文书+Esdaile PW代证；标注局限 |,原研究的未完成记录；须与后续补订及正文逐条核销
nodes/r_5b1357a9c6/cards/t_27c409/SP2_spain_society.md,186,### 15.3 B4c 兼并至埃布罗（最大版）,"  - **上阿拉贡**：萨拉戈萨记忆+Suchet治理双重遗产；Suchet模式（正规化征税+本地合作+快速镇压）是法国在西班牙唯一接近""可持续占领""的样本，但其条件是阿拉贡平原地形+持续大军在位（转引Alexander《Rod of Iron》线索，本卡未独立核该书——列为待补）。",原研究的未完成记录；须与后续补订及正文逐条核销
nodes/r_5b1357a9c6/cards/t_27c409/SP2_spain_society.md,291,## §20 口径冲突与未决表（供红队）,"| 加的斯Cortes教士占比 | 抓取文本""约三分之二为教士"" vs 同段硬数61/185≈33% | 用61/185；""三分之二""疑转写讹误或含suplentes另口径，待核印本 |",原研究的未完成记录；须与后续补订及正文逐条核销
nodes/r_5b1357a9c6/cards/t_27c409/SP2_spain_society.md,300,## §20 口径冲突与未决表（供红队）,"| Suchet阿拉贡""模范占领"" | Alexander《Rod of Iron》未获全文 | 列为待补；S6上阿拉贡格保留""低中""置信 |",原研究的未完成记录；须与后续补订及正文逐条核销
nodes/r_5b1357a9c6/cards/t_27c409/SP2_spain_society.md,301,## §20 口径冲突与未决表（供红队）,| Portillo《Crisis atlántica》 | 扫描版无文本层，OCR未做 | 其宪政论点经上轮t_c2dbca已核文书+Esdaile PW代证；标注局限 |,原研究的未完成记录；须与后续补订及正文逐条核销
nodes/r_5b1357a9c6/cards/t_29957a/R2_evidence_audit.md,3,# R2末核：引文、复算与边界,日期：2026-09-23。性质：本卡作者自检，不是红队或独立史学审稿。复读的是列明版本与片段；没有亲阅TNA/РГИА档案或未取得的专著。,原研究的未完成记录；须与后续补订及正文逐条核销
nodes/r_5b1357a9c6/cards/t_29957a/R2_evidence_audit.md,39,## 3. 反证裁决与跨卡纠偏,- Davey的英方长期信用/俄方压力证据与Crosby的部分恢复可以并存；Davey从英对北欧贸易额顺差推全欧洲依存不对称的论证不足。未取得全国可比底表前，不接受任何一方叙事证明全国福利全复原/全崩溃。,原研究的未完成记录；须与后续补订及正文逐条核销
nodes/r_5b1357a9c6/cards/t_29957a/R2_russia_economy_nobility.md,150,## ⑪ 生态、人口与资源存量,| 煤、硝、铜、贵金属 | 本卡未取得1803逐矿/分用途账 | 主线按未扩充的实际供应链约束，不能把俄疆域广大写成无限煤硝铜；须E1/R3逐项关闭 |,原研究的未完成记录；须与后续补订及正文逐条核销
nodes/r_5b1357a9c6/cards/t_29957a/R2_russia_economy_nobility.md,376,### 研究边界不是空结论,尚缺的是把条件包络变成全国分组估计的原始账，而非缺少任何方向判断。国债、贵族债务、矿产储量没有以不明币种或后期量补平；Raeff、Pintner、Blanchard等未获得正文的作品未被装作读过。源间分歧保留：Crosby强调贸易适应，Davey强调英国物资韧性与俄方压力，Troshin着重恢复和产业利益；本卡拒绝从其中任何一个单线叙事推出全俄福利或战争必然。,原研究的未完成记录；须与后续补订及正文逐条核销
nodes/r_5b1357a9c6/cards/t_29957a/notes_longrun.md,27,## 资料不足边界,Pintner、Raeff专著、Blanchard/Rus_Ind/R_market.pdf未取得可用正文；题录存在不是读过。1880/1861结局不能倒灌；现有材料支持S5选择性工业、金融稳定/改革拖延并存，不能校准1848精确GDP或铁矿储量。储量（地质总量）不得以年度出口/生铁产量代替。,原研究的未完成记录；须与后续补订及正文逐条核销
nodes/r_5b1357a9c6/cards/t_29957a/notes_speransky.md,13,## 引文与定位,- II В.2收入五项：人身税、土地税、蒸馏酒、工商（商人/关税/铜铁厂）、国产（森林/工厂）；主体税制改革尚未完成。,原研究的未完成记录；须与后续补订及正文逐条核销
nodes/r_5b1357a9c6/cards/t_29957a/report_conclusion.md,38,### 研究边界不是空结论,尚缺的是把条件包络变成全国分组估计的原始账，而非缺少任何方向判断。国债、贵族债务、矿产储量没有以不明币种或后期量补平；Raeff、Pintner、Blanchard等未获得正文的作品未被装作读过。源间分歧保留：Crosby强调贸易适应，Davey强调英国物资韧性与俄方压力，Troshin着重恢复和产业利益；本卡拒绝从其中任何一个单线叙事推出全俄福利或战争必然。,原研究的未完成记录；须与后续补订及正文逐条核销
nodes/r_5b1357a9c6/cards/t_29957a/report_part1.md,150,## ⑪ 生态、人口与资源存量,| 煤、硝、铜、贵金属 | 本卡未取得1803逐矿/分用途账 | 主线按未扩充的实际供应链约束，不能把俄疆域广大写成无限煤硝铜；须E1/R3逐项关闭 |,原研究的未完成记录；须与后续补订及正文逐条核销
nodes/r_5b1357a9c6/cards/t_2c3192/R3_russian_army.md,157,## 3. ⑭ 情景年表 1803–1848（S0史实基线上的S1/S2/S3/S5/S6分支，30条）,"18. **1848–49**〔S0〕紧急状态增兵至110万带；1849年入匈牙利助奥镇压（""少有荣光""，Keep p.324；出兵规模通说约19–20万，本卡未取得档案锚点，标未核）。",原研究的未完成记录；须与后续补订及正文逐条核销
nodes/r_5b1357a9c6/cards/t_2c3192/R3_russian_army.md,273,## 8. 方法学限制与缺口（不隐去）,3. **1802–11逐年levy率未齐**：仅有1811＝4/500、1810＜4/500、1812＝20/500三锚点＋累计193万（Alexander朝）；Shchepetil'nikov（SVM iv）逐levy表与Kabuzan人口档案未取得——该表可精确化⑤但不改变量级。,原研究的未完成记录；须与后续补订及正文逐条核销
nodes/r_5b1357a9c6/cards/t_3282da/SP1_spain_state.md,71,## §7 模板⑦：社会结构与阶层,- 人口10.54M（1797普查，downloads/f2_censo_godoy1797.pdf在库）；教士15-17万、贵族约40万（含巴斯克普遍贵族，通行口径，普查表未逐核——标待核）；农民占绝对多数，安达卢西亚雇工制/卡斯蒂利亚小农/加泰emphyteusis租佃/北部自耕。,原研究的未完成记录；须与后续补订及正文逐条核销
nodes/r_5b1357a9c6/cards/t_3282da/SP1_spain_state.md,109,## §12 模板⑫：交流与流动,- 流亡与侨居：1808-14两波（爱国流亡→伦敦/加的斯；afrancesado流亡1813→法国，约1.2万家庭——通行口径标转引待核）；1814-20自由派流亡伦敦（Blanco White《El Español》）、1823-33第二波（伦敦-巴黎自由派侨社=1830s宪政的人才库）。,原研究的未完成记录；须与后续补订及正文逐条核销
nodes/r_5b1357a9c6/cards/t_3282da/SP1_spain_state.md,303,## §20 未决与来源缺口（诚实申报）,"5. afrancesado流亡""约1.2万家庭""（通说归Artola）未核原页——标转引待核。",原研究的未完成记录；须与后续补订及正文逐条核销
nodes/r_5b1357a9c6/cards/t_3282da/notes_army_church_society.md,21,## ⑦社会结构与⑨教会,"【事实】1797普查（Censo de Godoy，downloads/f2_censo_godoy1797.pdf全卷在库）：总人口10.54M（上一轮F2已用）。教士与贵族数取普查卷内表——本卡未逐页核表，标""在库待核""；通行文献口径：教士（俗界+修会）约15-17万，贵族约40万（含巴斯克普遍贵族制）。",原研究的未完成记录；须与后续补订及正文逐条核销
nodes/r_5b1357a9c6/cards/t_3282da/notes_fiscal.md,46,## F. 供总装的能力上限（初步）,"- 教产变现总上限：本土已实现≈1,650M rv（约当教会财产1/6，Herr估计——待核原文页）；美洲已实现15.4M pesos；继续压榨的政治代价已在墨西哥表面化〔Mar p149-151; Herr p148〕。",原研究的未完成记录；须与后续补订及正文逐条核销
nodes/r_5b1357a9c6/cards/t_3ee1b0/PR_prussia.md,41,## ③ 财政、货币与金融,【推演｜中】比继续索款更可持续的交易是把余额改为5—10年可核对的偿付、允许粮木出口、撤普通驻军，换固定辅助军与要塞通行。期限是本卡设计区间，不是找到的史实协议。若法国同时拿钱、封港、夺马粮和威胁再割西里西亚，残普只能拖欠、变卖、贬值和转移征收负担，不能通过“意志坚定”无限支付。S5政府还可借Seehandlung式机构筹道路/军备资金；史实1820后的发债例外表明债务压力既可催生代表制，也可被体制内金融工具暂时绕开，故不能写“财政危机必然立宪”。1846银行改组和1847仍顺周期紧贷又说明资本/票据制度改革不是自动可靠的最后贷款人。[MU，印13–15] 这里不把法郎与各种塔勒强行按一个汇率换算，也不把Clark转引的2.169亿塔勒占领总成本估计当成法国现金收入。,原研究的未完成记录；须与后续补订及正文逐条核销
nodes/r_5b1357a9c6/cards/t_3ee1b0/PR_prussia.md,121,## ⑫ 交流、迁移、流亡与情报,【机制】边界既是关税和封锁工具，也是人才、逃役与政治庇护的通道。法国直接兼并若提高监控，可压低公开组织，却不能同步消灭在俄、奥的普鲁士合法性和军官网络。[C13、V],原研究的未完成记录；须与后续补订及正文逐条核销
nodes/r_5b1357a9c6/cards/t_3ee1b0/notes_economy_society.md,37,## TUG 道德联盟,"Claus Heinrich Bill, “Nobilität im Sittlich-Wissenschaftlichen Verein 1808–1809”, Institut Deutsche Adelsforschung / Nobilitas；`downloads/pages/3f6d498365c6.md`L26–60、69–99。23早期地方会、城镇而非农村，以地方名册研究为辅；L61附近总620（检索摘要，正文未读故不用）；LWL上限700足够。III会员要求基督徒/普臣民、忠霍亨索伦，有排除犹太人的边界。不是所有改革者加入，Stein/Scharnhorst/Gneisenau/Fichte非当然会员。作者地名段出现“提尔西特6月2日”“1809建柏林大学”等错误，具体地方日期不取；名册结果与传记不同分母，不用Clark“80%军人”做硬锚。",原研究的未完成记录；须与后续补订及正文逐条核销
nodes/r_5b1357a9c6/cards/t_3ee1b0/notes_mobilization.md,5,## TA Satomi Takaoka 2021,"- 印19：约280,000普军/半为Landwehr，注15转Shanahan p219；不是同日全部野战有效兵。3月17王令17–40岁且禁代役；东普2月18–45岁可买替代（不同制度不可混）。每市/县约3%人口Landwehr及供养费由自治机构负责。Vincke致Stein1808-09-30反普遍役引用（注13经Eckert/Walter，原信未读）；柏林/Breslau市争保豁免。",原研究的未完成记录；须与后续补订及正文逐条核销
nodes/r_5b1357a9c6/cards/t_3ee1b0/notes_mobilization.md,9,## TA Satomi Takaoka 2021,"补读TA PDFpp5–6=印21–22：报3150份1813/4250份1814，非全城舆论；国王限4/10组队、4/20装备、5/1训练，柏林任务4000步+576骑；地方记录仅13%志愿，6月底尚缺800人。至7月费用127,374塔勒、房租附加税收入40,570，约10%应税欠付，议会借10,000，仍缺。=>组织须强制与预算，不能将宣誓仪式当自愿率。脚注41原档LAB A Rep.000-02-01 Nr2184 Bl50–52、43 Bl137；45报1813-11-16No137；本卡仅通过TA转引未读原报/原档。",原研究的未完成记录；须与后续补订及正文逐条核销
nodes/r_5b1357a9c6/cards/t_3ee1b0/notes_treaties_diplomacy.md,26,## C12尾部：改革≠自由民主,`df8591563743.md`L146–191实读并冻结：1811六十显贵会议反改革、被解散；1812/14中间代表会同样；1812-03-11犹太公民敕令改善经济权但国家任职未全开放，男女/宗教资格不能写完全平等。1812-07-30宪兵令遇容克和行政反对、1814停办；庄园法庭和税权改革未完成。1815代表承诺→1823省议会，1820债务法现债>180m thalers封账，新借须未来全国议会参与共保；1847铁路融资迫出联合议会。不能在法胜无1813–15战争下照抄180m债务或必然1847。,原研究的未完成记录；须与后续补订及正文逐条核销
nodes/r_5b1357a9c6/cards/t_3ee1b0/notes_treaties_diplomacy.md,46,## K｜轮训规模：不是秘密15万大军,"`848ad5b3b9ea.md` “MOBILIZATION” L112（研究论文转引）约36,000；已读上下文但来源注23缺，降辅助等级。`70f0bcc9bf3f.md`德语百科转录1808-09-08军事附约六条：42,000=22,000步+8,000骑+6,000炮工+6,000近卫；限期自1809-01-01十年，期满恢复通常权利；III禁额外民兵/国民军；V对奥16,000，1809特例12,000。网页底本声称总参1912《Das preußische Heer im Jahre 1812》附录1 pp491–492，未读扫描。此处不是拿百科替代已核原件，需清楚标转引。",原研究的未完成记录；须与后续补订及正文逐条核销
nodes/r_5b1357a9c6/cards/t_40198e/D1_annexed_inner.md,21,## 一、单位界定与数据基础,数据基础：Grab 2003（全书文本）、Woolf 1991（全书PDF）、Rowe 2003（全书PDF）、Broers 2002《Politics and Religion》（全书PDF）、Frasca 1990（Persée全文，据Hargenvilliers AN AF IV 1123与Lacuée AF IV 1124）、Darquenne 1969（Persée首页+转引）、Marion IV p.321（经F4卡t_9f10b6图核）、上一轮t_f3c44f（现代因果证据）与t_b09c54（Broers模型）。**未取得**：Emsley 1999全书（下载额度耗尽）、Vallée 1936纸本、Almanach impérial逐页核对、Bulletin des lois历年税额分省表——各自能settle的问题在§9缺口表列明。,原研究的未完成记录；须与后续补订及正文逐条核销
nodes/r_5b1357a9c6/cards/t_40198e/D1_annexed_inner.md,81,## 三、整合判定：完成了什么、用时多久,| 治安（匧患降至可管） | ≤8年（1803） | ≤5年（1803，Schinderhannes处决；旗标：权重记忆） | 7年（1809判定） | 未完成（亚平宁带至1814） | 无需 |,原研究的未完成记录；须与后续补订及正文逐条核销
nodes/r_5b1357a9c6/cards/t_40198e/D1_annexed_inner.md,85,## 三、整合判定：完成了什么、用时多久,| 教会均衡 | 1803完成→1809拉断 | 1802完成→1809后局部拉断 | 1803形式完成，文化层未逸 | 未完成 | 无需（新教） |,原研究的未完成记录；须与后续补订及正文逐条核销
nodes/r_5b1357a9c6/cards/t_40198e/D1_annexed_inner.md,122,## 六、对S6（行省化最大版）的启示——交P2总判的量化接口,4. **何处必断：** 教会（若重演1809绝罚路径，每个天主教省自动裂缝）；海洋经济省份（封锁下税基自毁）；跨过双语带后的纯异语区（干部供给断裂）；以及**任何军事可信度的中断点**（1813型雪崩在每个未完成周期的单位上都会重演利古里亚型“未完成即蒸发”）。,原研究的未完成记录；须与后续补订及正文逐条核销
nodes/r_5b1357a9c6/cards/t_40198e/notes_broers.md,24,## 判读（供D1）,"- 教会维度""整合完成""须打引号：**制度层完成（教区重划、修会解散、财产出售、主教任命），文化层未完成且在1809后出现反向运动**——与IT3卡""使强制解决丧失终局性""互证。",原研究的未完成记录；须与后续补订及正文逐条核销
nodes/r_5b1357a9c6/cards/t_40198e/notes_conscription_tax.md,38,"### 皮埃蒙特6省（人口1,861,852＝六省相加；Frasca正文总数1,813,473，两数并存待核）","### 皮埃蒙特6省（人口1,861,852＝六省相加；Frasca正文总数1,813,473，两数并存待核）",原研究的未完成记录；须与后续补订及正文逐条核销
nodes/r_5b1357a9c6/cards/t_40198e/notes_conscription_tax.md,54,### 利古里亚3省与莱芒,- 利古里亚：**未获得聚合序列**（缺口：Vallée版Hargenvilliers之利古里亚各省行、AN AF IV 1124相应表——文献存在，本轮未取）。定性锚点：Lebrun对海员征集(inscription maritime)犹豫不前（Woolf p.161）；Woolf p.87：1805年并合前后皮-利政策连动。,原研究的未完成记录；须与后续补订及正文逐条核销
nodes/r_5b1357a9c6/cards/t_40198e/notes_rowe.md,87,## Ch.7 大陆体系（待补：经济整合细节）；Ch.8/10总判（待补）,## Ch.7 大陆体系（待补：经济整合细节）；Ch.8/10总判（待补）,原研究的未完成记录；须与后续补订及正文逐条核销
nodes/r_5b1357a9c6/cards/t_5b1d64/IT3_papacy_churches.md,3,# IT3｜教廷与诸教会：正统性的跨国供给者，欧洲唯一不可兼并的单位,研究卡 t_5b1d64（Sister 10032）· 运行 r_5b1357a9c6 · 单位=教廷（庇护七世、Consalvi、专约体制）＋各地天主教会（西班牙、蒂罗尔、比利时、旺代、罗马）＋新教邦国教会＋犹太人（1807大议会体制）。三段式标签：【锚点】=文书/史实（带来源）；【机制】=史实类比或理论机制（带适用条件）；【推演】=情景推断（高/中/低置信）。回忆录类标R（回溯性）；转引注明；权重知识明示待核。笔记与摘录：本卡目录 notes_*.md 五件；全部来源见 SOURCES.md。,原研究的未完成记录；须与后续补订及正文逐条核销
nodes/r_5b1357a9c6/cards/t_5b1d64/IT3_papacy_churches.md,53,### ⑤ 撷取与动员上限,"【锚点】人力存量：法国帝国本土教区司铎约3.6万（组织条款3000堂区口径+权重知识，待核）；西班牙教职20万（Grab注3）或14.8–17万（1797普查通行口径，两说并列——notes_resistance A1）；教皇国教士1.7万/人口150万（Grab注32，密度1.1%全欧最高）；比利时1798–1813征兵216,111人、伤亡79,000（Grab L2219——教会宣讲服从下的实缴）。【机制】教会的""动员""不是拉队伍而是三件事：(a)合法性宣告（洪塔、誓词、Te Deum）；(b)日常合规生产（征兵讲坛、教理问答、为君祈祷）；(c)合规撤回（拒祈祷、拒圣事、拒宣誓——罗马1809–14全谱系实测，Grab L4188）。Esdaile反证已录：教士任游击指挥官罕见，加泰罗尼亚游击队多为世俗（IT2 txt L5233–5245）。【推演·高】**教会动员上限=把治安成本提高2–5倍的合法性罢工，而非独立军事力量**；它需要与征兵/占领/赋税冲突合取才引爆（蒂罗尔三因叠加、比利时1798征兵触发、西班牙王朝真空触发），单独的宗教冲突（1809绝罚）只产出消极抵抗。",原研究的未完成记录；须与后续补订及正文逐条核销
nodes/r_5b1357a9c6/cards/t_5b1d64/IT3_papacy_churches.md,267,## 十一、方法限度、未获材料与其可决事项,4. **未做**：教理问答/圣拿破仑节的地方执行度量（t_b09c54已声明未闭合，本卡沿用）；1811会议投票行为的逐人分析（Caiani论文有名单线索，全书未获）；犹太consistoire财政的量化。,原研究的未完成记录；须与后续补订及正文逐条核销
nodes/r_5b1357a9c6/cards/t_611e2b/PS_persia_afghanistan_punjab.md,76,### ⑪生态与人口,【锚点】走廊生态即军事参数：波斯高原无牧草、唯有铡碎麦秸；居民逃亡即给养归零；呼罗珊段绿洲点状分布（Gardane计划，Driault p.319；Truilhier 1807年勘测线Tehran–Mashhad–Yazd，刊Bull. Soc. Géo. 1838——谱系记载，本卡未获原刊）。人口：本卡未获同期可信总数（Malcolm估计与Issawi重建未取得——缺口，约束§9区间）。,原研究的未完成记录；须与后续补订及正文逐条核销
nodes/r_5b1357a9c6/cards/t_611e2b/PS_persia_afghanistan_punjab.md,274,## §11 口径冲突表与缺口,"| 锡克总军力 | 82,014（Murray/Prinsep 1831–33）vs 1839/1845年更高口径（未取得Khalsa Darbar档） | 本卡用1831–33口径并注时点 |",原研究的未完成记录；须与后续补订及正文逐条核销
nodes/r_5b1357a9c6/cards/t_611e2b/sec1_head_persia.md,76,### ⑪生态与人口,【锚点】走廊生态即军事参数：波斯高原无牧草、唯有铡碎麦秸；居民逃亡即给养归零；呼罗珊段绿洲点状分布（Gardane计划，Driault p.319；Truilhier 1807年勘测线Tehran–Mashhad–Yazd，刊Bull. Soc. Géo. 1838——谱系记载，本卡未获原刊）。人口：本卡未获同期可信总数（Malcolm估计与Issawi重建未取得——缺口，约束§9区间）。,原研究的未完成记录；须与后续补订及正文逐条核销
nodes/r_5b1357a9c6/cards/t_611e2b/sec4_timeline_ceiling_conclusions.md,84,## §11 口径冲突表与缺口,"| 锡克总军力 | 82,014（Murray/Prinsep 1831–33）vs 1839/1845年更高口径（未取得Khalsa Darbar档） | 本卡用1831–33口径并注时点 |",原研究的未完成记录；须与后续补订及正文逐条核销
nodes/r_5b1357a9c6/cards/t_656a10/X1_finance_houses.md,18,### 0.1 主线判决（中高置信）,"因此本卡对总问题的回答是：**存在一条使法国霸权在金融上可持续的路径，但它要求拿破仑放弃""三分之一规则""和""贡赋—现金""财政哲学，转而做四件他实际从未做的事**（详见 §0.2）。这四件事在技术上全部在1803年即已存在于欧洲——法兰克福的 Partialobligation（1778）、热那亚的统一公债法（1804）、米兰的 Monte（1805）、英国的 funded debt（1690s 起）、1813年 d'Ivernois–Stein 的""联邦纸""（federative paper）方案——**所以这不是时代错置的要求，而是当时桌面上的选项**。",原研究的未完成记录；须与后续补订及正文逐条核销
nodes/r_5b1357a9c6/cards/t_656a10/X1_finance_houses.md,266,### 7.1 四个互不重叠的社会来源,- S2/S5 下，法兰克福大公国（达尔贝格）与莱茵邦联诸邦的犹太解放会被保留或深化（史实中 Dalberg 于1811年以**44万古尔登**的解放金实现法兰克福犹太人平等，此项为通行叙述，本卡**未取得原始文书，标为待核**）；,原研究的未完成记录；须与后续补订及正文逐条核销
nodes/r_5b1357a9c6/cards/t_656a10/X1_finance_houses.md,365,### 10.3 记账与市场基础设施,【演·可观测性·中高置信】本卡向 M1 提出一个**史实中存在、上一轮未被使用的观测序列**：**汉堡 agio 与汉堡—伦敦汇率的1803–1814年月度序列**（同时代刊布于汉堡行情单，后被 Soetbeer《Beiträge und Materialien zur Beurtheilung von Geld- und Bankfragen》1855 系统整理）。本卡**未取得该序列原件**（见 §16 缺口），但指出其存在与位置。**若取得，则可直接检验封锁强度：agio 扩大＝硬币稀缺＝封锁有效；agio 平稳而汇率波动＝封锁只影响信用不影响金属流。**,原研究的未完成记录；须与后续补订及正文逐条核销
nodes/r_5b1357a9c6/cards/t_656a10/X1_finance_houses.md,620,#### 15.3.1 模型声明,以下为**条件包络（model bands），非置信区间，非观测**。折算：**£1 ≈ 25 法郎 ≈ 11.5 荷兰盾 ≈ 11.7 南德古尔登**（取拿破仑战争后平价近似值；本卡未取得逐年汇率序列，折算仅作量级比较）。统计口径：**年均新发行面值**，含主权、市政、赔款与特许基础设施债，**不含短期国库券与商业汇票**。,原研究的未完成记录；须与后续补订及正文逐条核销
nodes/r_5b1357a9c6/cards/t_656a10/X1_finance_houses.md,714,### 16.5 本卡未能关闭的缺口（明列）,1. **汉堡 agio 序列未取得**（Soetbeer 1855 未下载）——影响 §10.3 与 E1。,原研究的未完成记录；须与后续补订及正文逐条核销
nodes/r_5b1357a9c6/cards/t_656a10/X1_finance_houses.md,717,### 16.5 本卡未能关闭的缺口（明列）,4. **Lévy-Leboyer《Les banques européennes et l'industrialisation internationale》与 Bouvier 未取得**——影响 §15.3 的铁路栏与产业金融判断；本卡已将该栏的区间放宽。,原研究的未完成记录；须与后续补订及正文逐条核销
nodes/r_5b1357a9c6/cards/t_656a10/X1_finance_houses.md,721,### 16.5 本卡未能关闭的缺口（明列）,8. **法兰克福犹太人解放金（1811年达尔贝格体制下）的原始数字未核**，已在 §7.1 标明待核。,原研究的未完成记录；须与后续补订及正文逐条核销
nodes/r_5b1357a9c6/cards/t_656a10/notes_centres.md,52,### 1 制度,"- 同时代人的功能判断（Büsch，经德意志联邦银行文稿转引，本卡未取得 Büsch 原文）：""Eine solide, in ungekränktem Kredit sich erhaltende Girobank ist das beste Hülfsmittel für einen Handelsplatz, um ein ausgebreitetes Wechselgeschäft auf mehrere entfernte Staaten an sich zu halten.""",原研究的未完成记录；须与后续补订及正文逐条核销
nodes/r_5b1357a9c6/cards/t_68821f/HT_haiti_caribbean 2.md,143,## ⑦ 社会结构与阶层,"【锚点】三层结构：①**anciens libres**（革命前已自由者，多为有色人、南部与西部的地产与商业精英，佩蒂翁—博耶政权的社会基础）；②**新自由人／前奴隶**（北部人数最多，克里斯托夫政权的兵员与劳动力）；③**非洲出生者（bossales）与克里奥尔出生者**的区分（Barthélémy,「Aux origines d'Haïti: 'Africains' et paysans」, *Outre-Mers* 90:340–341 (2003) 103–120，**仅读题录未读正文，列为文献线索**）。",原研究的未完成记录；须与后续补订及正文逐条核销
nodes/r_5b1357a9c6/cards/t_68821f/HT_haiti_caribbean 2.md,218,## ⑫ 交流与流动：难民、情报、网络,【锚点】圣多明各难民→古巴：难民把**咖啡种植技术**带入古巴东部（*HAHR* 57:2）；1809年因法西开战被逐出古巴，大批转往新奥尔良（本卡按权重知识标注，**未取一手来源，待核**；交MX／SA／US卡）。,原研究的未完成记录；须与后续补订及正文逐条核销
nodes/r_5b1357a9c6/cards/t_68821f/HT_haiti_caribbean 2.md,246,## ⑬ 对 B1–B8 政策菜单的反应函数表（本单位）,"| **奴隶贸易是否继续** | 若法国继续／恢复贩奴，海地会（a）取消1805宪法帝36条的自我约束，（b）以私掠船袭击贩奴船，（c）向拉美独立运动提供庇护与军火。史实先例：1815–16佩蒂翁两度接济玻利瓦尔（Bohórquez,「L'ambivalente présence d'Haïti dans l'indépendance du Vénézuéla」, *Outre-Mers* 90:340–341, 227–240，**仅读题录未读正文，列为文献线索**）。置信：中高 |",原研究的未完成记录；须与后续补订及正文逐条核销
nodes/r_5b1357a9c6/cards/t_68821f/HT_haiti_caribbean 2.md,262,## ⑭ S1／S2／S3／S5／S6 下本单位 1803–1848 年表（33条）,9. **1809-02／1810-02-05** 【锚】英军先后夺取马提尼克（1809-02，**本卡按权重知识标注，待核一手**）与瓜德罗普（投降文书日期1810-02-05，见1813英瑞条约分立条款引文）。→ **法属安的列斯全部易手。**,原研究的未完成记录；须与后续补订及正文逐条核销
nodes/r_5b1357a9c6/cards/t_68821f/HT_haiti_caribbean 2.md,272,## ⑭ S1／S2／S3／S5／S6 下本单位 1803–1848 年表（33条）,19. **1816** 【锚】佩蒂翁两度接济玻利瓦尔（文献线索，未读正文）；同年法国再派使团（Fontanges/Esmangart，**本卡按权重知识标注，待核**）。,原研究的未完成记录；须与后续补订及正文逐条核销
nodes/r_5b1357a9c6/cards/t_68821f/HT_haiti_caribbean 2.md,313,### 主线（置信：中高）,"- 因此本卡保留的命题是：**在军事投入维度上，胁迫外交对再征服是数量级压倒**（14艘舰 vs 32艘战列舰＋22巡航舰＋5–6万人死亡）；**不**主张""1825模式对法国财政净正回报""。后者须核实际收款流水、减免、征收与巡弋成本，属X1／F4的账，本卡未做。",原研究的未完成记录；须与后续补订及正文逐条核销
nodes/r_5b1357a9c6/cards/t_68821f/HT_haiti_caribbean 2.md,348,## §17 明确承认的证据缺口（与它们能解决什么）,"| **Girard《The Slaves Who Defeated Napoleon》与Ferrer《Freedom's Mirror》原书** | §5、§12的古巴—海地耦合；""35,000上陆／15,000死于黄热病""一组数字的原始出处 | annas-archive 路径在本会话被守卫拒绝（见工具限制）；需图书馆或他卡代取 |",原研究的未完成记录；须与后续补订及正文逐条核销
nodes/r_5b1357a9c6/cards/t_68821f/HT_haiti_caribbean 2.md,350,## §17 明确承认的证据缺口（与它们能解决什么）,"| **1816年Fontanges/Esmangart使团、1809年古巴驱逐圣多明各难民的一手文书** | §12、⑭第19条；均按权重知识标注为""待核"" | 法国外交部档案／古巴国家档案（Franco编《Documentos para la historia de Haití》1954） |",原研究的未完成记录；须与后续补订及正文逐条核销
nodes/r_5b1357a9c6/cards/t_68821f/HT_haiti_caribbean 2.md,353,## §17 明确承认的证据缺口（与它们能解决什么）,"**工具限制声明**：annas-archive 脚本位于 live skill tree，本会话 bash 拒绝以路径调用，PATH 上亦无包装器；因此本卡的专著获取改走 archive.org／Cambridge Core／Persée／Érudit／OpenEdition／Slave Voyages／议会与档案机构网站。Persée 的 docAsPDF 对本会话返回403，故2003年海地专号只取到题录与检索快照，**未读正文者一律标为""文献线索""**。",原研究的未完成记录；须与后续补订及正文逐条核销
nodes/r_5b1357a9c6/cards/t_68821f/HT_haiti_caribbean 2.md,400,"### ④ 1825 的 150,000,000 是索赔面额，不是净财政回报（**接受，且本卡自己加一条更强的限定**）","- **保留的命题（收窄后）**：**在军事投入维度上，胁迫外交对再征服是数量级压倒**——14艘军舰对32艘战列舰＋22艘巡航舰＋5–6万人死亡。C层0.55–0.80 是""**促成签字**""的概率，**不是**""净财政收益为正""的概率。净额核算属 X1／F4 的账，本卡未做，已在§16与本节标明。",原研究的未完成记录；须与后续补订及正文逐条核销
nodes/r_5b1357a9c6/cards/t_68821f/HT_haiti_caribbean 2.md,462,### ③ 本节引发的新改判证据,"- **E10**：若 1813 年英瑞交易中瓜德罗普的估值有另一套数字（如英方内部估值或瑞典接收清册）与 24,000,000 法郎差距较大，则§20-② 的 6.25× 比价须重算。本卡只读到条约与专约文本，**未读到任何一方的内部估值底稿**。",原研究的未完成记录；须与后续补订及正文逐条核销
nodes/r_5b1357a9c6/cards/t_68821f/HT_haiti_caribbean 3.md,143,## ⑦ 社会结构与阶层,"【锚点】三层结构：①**anciens libres**（革命前已自由者，多为有色人、南部与西部的地产与商业精英，佩蒂翁—博耶政权的社会基础）；②**新自由人／前奴隶**（北部人数最多，克里斯托夫政权的兵员与劳动力）；③**非洲出生者（bossales）与克里奥尔出生者**的区分（Barthélémy,「Aux origines d'Haïti: 'Africains' et paysans」, *Outre-Mers* 90:340–341 (2003) 103–120，**仅读题录未读正文，列为文献线索**）。",原研究的未完成记录；须与后续补订及正文逐条核销
nodes/r_5b1357a9c6/cards/t_68821f/HT_haiti_caribbean 3.md,218,## ⑫ 交流与流动：难民、情报、网络,【锚点】圣多明各难民→古巴：难民把**咖啡种植技术**带入古巴东部（*HAHR* 57:2）；1809年因法西开战被逐出古巴，大批转往新奥尔良（本卡按权重知识标注，**未取一手来源，待核**；交MX／SA／US卡）。,原研究的未完成记录；须与后续补订及正文逐条核销
nodes/r_5b1357a9c6/cards/t_68821f/HT_haiti_caribbean 3.md,246,## ⑬ 对 B1–B8 政策菜单的反应函数表（本单位）,"| **奴隶贸易是否继续** | 若法国继续／恢复贩奴，海地会（a）取消1805宪法帝36条的自我约束，（b）以私掠船袭击贩奴船，（c）向拉美独立运动提供庇护与军火。史实先例：1815–16佩蒂翁两度接济玻利瓦尔（Bohórquez,「L'ambivalente présence d'Haïti dans l'indépendance du Vénézuéla」, *Outre-Mers* 90:340–341, 227–240，**仅读题录未读正文，列为文献线索**）。置信：中高 |",原研究的未完成记录；须与后续补订及正文逐条核销
nodes/r_5b1357a9c6/cards/t_68821f/HT_haiti_caribbean 3.md,262,## ⑭ S1／S2／S3／S5／S6 下本单位 1803–1848 年表（33条）,9. **1809-02／1810-02-05** 【锚】英军先后夺取马提尼克（1809-02，**本卡按权重知识标注，待核一手**）与瓜德罗普（投降文书日期1810-02-05，见1813英瑞条约分立条款引文）。→ **法属安的列斯全部易手。**,原研究的未完成记录；须与后续补订及正文逐条核销
nodes/r_5b1357a9c6/cards/t_68821f/HT_haiti_caribbean 3.md,272,## ⑭ S1／S2／S3／S5／S6 下本单位 1803–1848 年表（33条）,19. **1816** 【锚】佩蒂翁两度接济玻利瓦尔（文献线索，未读正文）；同年法国再派使团（Fontanges/Esmangart，**本卡按权重知识标注，待核**）。,原研究的未完成记录；须与后续补订及正文逐条核销
nodes/r_5b1357a9c6/cards/t_68821f/HT_haiti_caribbean 3.md,313,### 主线（置信：中高）,"- 因此本卡保留的命题是：**在军事投入维度上，胁迫外交对再征服是数量级压倒**（14艘舰 vs 32艘战列舰＋22巡航舰＋5–6万人死亡）；**不**主张""1825模式对法国财政净正回报""。后者须核实际收款流水、减免、征收与巡弋成本，属X1／F4的账，本卡未做。",原研究的未完成记录；须与后续补订及正文逐条核销
nodes/r_5b1357a9c6/cards/t_68821f/HT_haiti_caribbean 3.md,348,## §17 明确承认的证据缺口（与它们能解决什么）,"| **Girard《The Slaves Who Defeated Napoleon》与Ferrer《Freedom's Mirror》原书** | §5、§12的古巴—海地耦合；""35,000上陆／15,000死于黄热病""一组数字的原始出处 | annas-archive 路径在本会话被守卫拒绝（见工具限制）；需图书馆或他卡代取 |",原研究的未完成记录；须与后续补订及正文逐条核销
nodes/r_5b1357a9c6/cards/t_68821f/HT_haiti_caribbean 3.md,350,## §17 明确承认的证据缺口（与它们能解决什么）,"| **1816年Fontanges/Esmangart使团、1809年古巴驱逐圣多明各难民的一手文书** | §12、⑭第19条；均按权重知识标注为""待核"" | 法国外交部档案／古巴国家档案（Franco编《Documentos para la historia de Haití》1954） |",原研究的未完成记录；须与后续补订及正文逐条核销
nodes/r_5b1357a9c6/cards/t_68821f/HT_haiti_caribbean 3.md,353,## §17 明确承认的证据缺口（与它们能解决什么）,"**工具限制声明**：annas-archive 脚本位于 live skill tree，本会话 bash 拒绝以路径调用，PATH 上亦无包装器；因此本卡的专著获取改走 archive.org／Cambridge Core／Persée／Érudit／OpenEdition／Slave Voyages／议会与档案机构网站。Persée 的 docAsPDF 对本会话返回403，故2003年海地专号只取到题录与检索快照，**未读正文者一律标为""文献线索""**。",原研究的未完成记录；须与后续补订及正文逐条核销
nodes/r_5b1357a9c6/cards/t_68821f/HT_haiti_caribbean 3.md,400,"### ④ 1825 的 150,000,000 是索赔面额，不是净财政回报（**接受，且本卡自己加一条更强的限定**）","- **保留的命题（收窄后）**：**在军事投入维度上，胁迫外交对再征服是数量级压倒**——14艘军舰对32艘战列舰＋22艘巡航舰＋5–6万人死亡。C层0.55–0.80 是""**促成签字**""的概率，**不是**""净财政收益为正""的概率。净额核算属 X1／F4 的账，本卡未做，已在§16与本节标明。",原研究的未完成记录；须与后续补订及正文逐条核销
nodes/r_5b1357a9c6/cards/t_68821f/HT_haiti_caribbean 3.md,462,### ③ 本节引发的新改判证据,"- **E10**：若 1813 年英瑞交易中瓜德罗普的估值有另一套数字（如英方内部估值或瑞典接收清册）与 24,000,000 法郎差距较大，则§20-② 的 6.25× 比价须重算。本卡只读到条约与专约文本，**未读到任何一方的内部估值底稿**。",原研究的未完成记录；须与后续补订及正文逐条核销
nodes/r_5b1357a9c6/cards/t_68821f/HT_haiti_caribbean.md,146,## ⑦ 社会结构与阶层,"【锚点】三层结构：①**anciens libres**（革命前已自由者，多为有色人、南部与西部的地产与商业精英，佩蒂翁—博耶政权的社会基础）；②**新自由人／前奴隶**（北部人数最多，克里斯托夫政权的兵员与劳动力）；③**非洲出生者（bossales）与克里奥尔出生者**的区分（Barthélémy,「Aux origines d'Haïti: 'Africains' et paysans」, *Outre-Mers* 90:340–341 (2003) 103–120，**仅读题录未读正文，列为文献线索**）。",原研究的未完成记录；须与后续补订及正文逐条核销
nodes/r_5b1357a9c6/cards/t_68821f/HT_haiti_caribbean.md,222,## ⑫ 交流与流动：难民、情报、网络,【锚点】圣多明各难民→古巴：难民把**咖啡种植技术**带入古巴东部（*HAHR* 57:2）；1809年因法西开战被逐出古巴，大批转往新奥尔良（本卡按权重知识标注，**未取一手来源，待核**；交MX／SA／US卡）。,原研究的未完成记录；须与后续补订及正文逐条核销
nodes/r_5b1357a9c6/cards/t_68821f/HT_haiti_caribbean.md,250,## ⑬ 对 B1–B8 政策菜单的反应函数表（本单位）,"| **奴隶贸易是否继续** | 若法国继续／恢复贩奴，海地会（a）取消1805宪法帝36条的自我约束，（b）以私掠船袭击贩奴船，（c）向拉美独立运动提供庇护与军火。史实先例：1815–16佩蒂翁两度接济玻利瓦尔（Bohórquez,「L'ambivalente présence d'Haïti dans l'indépendance du Vénézuéla」, *Outre-Mers* 90:340–341, 227–240，**仅读题录未读正文，列为文献线索**）。置信：中高 |",原研究的未完成记录；须与后续补订及正文逐条核销
nodes/r_5b1357a9c6/cards/t_68821f/HT_haiti_caribbean.md,266,## ⑭ S1／S2／S3／S5／S6 下本单位 1803–1848 年表（33条）,9. **1809-02／1810-02-05** 【锚】英军先后夺取马提尼克（1809-02，**本卡按权重知识标注，待核一手**）与瓜德罗普（投降文书日期1810-02-05，见1813英瑞条约分立条款引文）。→ **法属安的列斯全部易手。**,原研究的未完成记录；须与后续补订及正文逐条核销
nodes/r_5b1357a9c6/cards/t_68821f/HT_haiti_caribbean.md,276,## ⑭ S1／S2／S3／S5／S6 下本单位 1803–1848 年表（33条）,19. **1816** 【锚】佩蒂翁两度接济玻利瓦尔（文献线索，未读正文）；同年法国再派使团（Fontanges/Esmangart，**本卡按权重知识标注，待核**）。,原研究的未完成记录；须与后续补订及正文逐条核销
nodes/r_5b1357a9c6/cards/t_68821f/HT_haiti_caribbean.md,317,### 主线（置信：中高）,"- 因此本卡保留的命题是：**在军事投入维度上，胁迫外交对再征服是数量级压倒**（14艘舰 vs 32艘战列舰＋22巡航舰＋5–6万人死亡）；**不**主张""1825模式对法国财政净正回报""。后者须核实际收款流水、减免、征收与巡弋成本，属X1／F4的账，本卡未做。",原研究的未完成记录；须与后续补订及正文逐条核销
nodes/r_5b1357a9c6/cards/t_68821f/HT_haiti_caribbean.md,352,## §17 明确承认的证据缺口（与它们能解决什么）,"| **Girard《The Slaves Who Defeated Napoleon》与Ferrer《Freedom's Mirror》原书** | §5、§12的古巴—海地耦合；""35,000上陆／15,000死于黄热病""一组数字的原始出处 | annas-archive 路径在本会话被守卫拒绝（见工具限制）；需图书馆或他卡代取 |",原研究的未完成记录；须与后续补订及正文逐条核销
nodes/r_5b1357a9c6/cards/t_68821f/HT_haiti_caribbean.md,354,## §17 明确承认的证据缺口（与它们能解决什么）,"| **1816年Fontanges/Esmangart使团、1809年古巴驱逐圣多明各难民的一手文书** | §12、⑭第19条；均按权重知识标注为""待核"" | 法国外交部档案／古巴国家档案（Franco编《Documentos para la historia de Haití》1954） |",原研究的未完成记录；须与后续补订及正文逐条核销
nodes/r_5b1357a9c6/cards/t_68821f/HT_haiti_caribbean.md,357,## §17 明确承认的证据缺口（与它们能解决什么）,"**工具限制声明**：annas-archive 脚本位于 live skill tree，本会话 bash 拒绝以路径调用，PATH 上亦无包装器；因此本卡的专著获取改走 archive.org／Cambridge Core／Persée／Érudit／OpenEdition／Slave Voyages／议会与档案机构网站。Persée 的 docAsPDF 对本会话返回403，故2003年海地专号只取到题录与检索快照，**未读正文者一律标为""文献线索""**。",原研究的未完成记录；须与后续补订及正文逐条核销
nodes/r_5b1357a9c6/cards/t_68821f/HT_haiti_caribbean.md,404,"### ④ 1825 的 150,000,000 是索赔面额，不是净财政回报（**接受，且本卡自己加一条更强的限定**）","- **保留的命题（收窄后）**：**在军事投入维度上，胁迫外交对再征服是数量级压倒**——14艘军舰对32艘战列舰＋22艘巡航舰＋5–6万人死亡。C层0.55–0.80 是""**促成签字**""的概率，**不是**""净财政收益为正""的概率。净额核算属 X1／F4 的账，本卡未做，已在§16与本节标明。",原研究的未完成记录；须与后续补订及正文逐条核销
nodes/r_5b1357a9c6/cards/t_68821f/HT_haiti_caribbean.md,466,### ③ 本节引发的新改判证据,"- **E10**：若 1813 年英瑞交易中瓜德罗普的估值有另一套数字（如英方内部估值或瑞典接收清册）与 24,000,000 法郎差距较大，则§20-② 的 6.25× 比价须重算。本卡只读到条约与专约文本，**未读到任何一方的内部估值底稿**。",原研究的未完成记录；须与后续补订及正文逐条核销
nodes/r_5b1357a9c6/cards/t_68821f/notes_constitution_antilles.md,26,## B. 法属小安的列斯1802–09：复奴的实际代价与脆弱性,"主来源：Lionel Trani,「Les effets de l'indépendance d'Haïti sur la société esclavagiste martiniquaise sous le Consulat et l'Empire (1802-1809)」, *La Révolution française* 16 (2019)，DOI 10.4000/lrf.2923，本地 `downloads/pages/90e66489ab34.md`（77,839字符，已读头22,464＋尾7,429，中段未读）。辅：Laurent Dubois,「La résurrection de l'esclavage à la Guadeloupe (1802-1803)」, *Cahiers des Amériques latines/Bulletin de la Société d'histoire de la Guadeloupe* 2003（Persée cbc_0989-5191_2003_num_53_1_1446，仅得搜索快照，未获全文）；ANOM 专题页「28 mai 1802: le suicide de Louis Delgrès」。",原研究的未完成记录；须与后续补订及正文逐条核销
nodes/r_5b1357a9c6/cards/t_68821f/notes_expedition_ecology.md,3,# HT 笔记①｜Leclerc远征的投送账与黄热病生态陷阱,"来源A＝Philippe R. Girard, “The Ugly Duckling: The French Navy and the Saint-Domingue Expedition, 1801-1803,” *International Journal of Naval History*（在线全文，基于 SHD-DM BB4、AN CC9、BNA ADM/CO、Rochambeau Papers-UF 档案）。本地缓存 `downloads/pages/aee76684456e.md`（99,280字符，已读头29,917＋尾9,863，中段未读）。",原研究的未完成记录；须与后续补订及正文逐条核销
nodes/r_5b1357a9c6/cards/t_68821f/notes_postsubmission_declarations.md,94,## §25　提交后勘误：矩阵编码不一致与识别力限制（应 Q1 10036 复审）,来源：10036 于本卡提交后发来的识别/口径审查（其声明未读到 §21–§23，故所评为消息内容）。本节逐条核对后写入。**卡已 done，`misaka_card_note` 不再受理（返回 ownership changed），故勘误存于此处，审阅者请与 §23、§24 并读。**,原研究的未完成记录；须与后续补订及正文逐条核销
nodes/r_5b1357a9c6/cards/t_68821f/notes_santodomingo_trade_treaties.md,18,## B. 条约处置：法国自己放弃了什么,"【事实】瓜德罗普1810-02-05向英军投降（该日期见1813条约分立条款引""la Capitulation de la dite île, en date du cinq Février mil huit cent et dix""）；马提尼克1809年２月被英军占领（本卡按权重知识标注，未取一手文书，**待核**）。",原研究的未完成记录；须与后续补订及正文逐条核销
nodes/r_5b1357a9c6/cards/t_6f3beb/X2_continental_system_machine.md,445,### 16.2 正方证据（弱但真实，且被上一轮低估）,- **动议存在**：Beugnot 曾二三次提议把莱茵邦联发展为关税同盟，Bacher 支持（Heckscher 印pp.295–296；合并注，原呈文未取得，证据层级已由上一轮 t_f81a6f 审定）。,原研究的未完成记录；须与后续补订及正文逐条核销
nodes/r_5b1357a9c6/cards/t_6f3beb/X2_continental_system_machine.md,554,### 19.4 已知缺口（诚实声明）,- **未取得的关键序列**：（a）海关总署分年总支出；（b）分年分港缉获量值表；（c）许可证分年发放数与实收费总额（拿破仑每周过目的“tableau”应存于A.N.）；（d）特里亚农税则分税目实收。四项均为**可定位的档案缺口而非文献不存在**；它们能结束的是 E2、E3、E4 三条改判。,原研究的未完成记录；须与后续补订及正文逐条核销
nodes/r_5b1357a9c6/cards/t_7c3954/F5_french_society_succession 2.md,87,### ⑥ 军事-社会接口,"【事实】荣誉卫队（1813-04-03，1 万骑，自备装具）直接向显贵与资产阶级子弟征collect——Pigeard：""资产阶级与贵族以顶替回避征兵，其子弟部分投国民卫队、vélites、城市荣誉卫队（风险不大），帝国末则入荣誉卫队"" (S10)。【模型推演·中置信】荣誉卫队是显贵忠诚的压力测试仪：S5 和平下同类装置（宫廷侍卫、军校保送）是**吸纳**机制；战时强征化立即转为**离心**机制（1813 年即刻激起显贵家庭怨恨——本卡未取得逐省怨恨文书，此句置信中，机制类比为 1808 西班牙贵族对 Bayonne 征召的反应，归 SP1）。",原研究的未完成记录；须与后续补订及正文逐条核销
nodes/r_5b1357a9c6/cards/t_7c3954/F5_french_society_succession 2.md,139,### ⑫ 交流与流动,"【事实】流亡者：1802-04-26 大赦后大批回国（约 5 万人条目级事实，本卡未取得精确刊本，标待核）；残余伦敦-泽西网络经 Biville 式走私线渗透（Cadoudal 案全程依赖之）(S27)。信息下沉网络：colporteurs（""穷人的图书馆""）受省长-总局双重管制 (S38)；军邮与征兵公告是国家-乡村的最大规模常规接触面（Godechot 刊布的 1812–13 应征者家书显示：家庭通信随军队移动横贯欧洲）(S42)。",原研究的未完成记录；须与后续补订及正文逐条核销
nodes/r_5b1357a9c6/cards/t_7c3954/F5_french_society_succession.md,36,### ① 决策结构与政治制度（社会侧）,"【事实】公投数字系列：an VIII 官方 3,011,007 赞成/1,562 反对——Langlois 证明系卢西安·波拿巴在 1800 年 2 月 5–7 日间最后一刻伪造，真实赞成票少于 1793 年宪法（相差约 35 万），且军队根本未投票 (S12)；an X 约 365 万赞成/8,300 反对（参与率约 45%）；an XII 官方赞成亦在 350 万量级/2,600 反对（约 40%；通行精确数 357 万级本卡未见原表，标待核）；1815 年附加法 1,552,942 赞成/5,740 反对（参与率约 20%，与 an VIII 同水平；陆军 120,300＋海军 16,200 票被官方表格膨胀为 45 万）(S13, S14)。",原研究的未完成记录；须与后续补订及正文逐条核销
nodes/r_5b1357a9c6/cards/t_7c3954/F5_french_society_succession.md,87,### ⑥ 军事-社会接口,"【事实】荣誉卫队（1813-04-03，1 万骑，自备装具）直接向显贵与资产阶级子弟征collect——Pigeard：""资产阶级与贵族以顶替回避征兵，其子弟部分投国民卫队、vélites、城市荣誉卫队（风险不大），帝国末则入荣誉卫队"" (S10)。【模型推演·中置信】荣誉卫队是显贵忠诚的压力测试仪：S5 和平下同类装置（宫廷侍卫、军校保送）是**吸纳**机制；战时强征化立即转为**离心**机制（1813 年即刻激起显贵家庭怨恨——本卡未取得逐省怨恨文书，此句置信中，机制类比为 1808 西班牙贵族对 Bayonne 征召的反应，归 SP1）。",原研究的未完成记录；须与后续补订及正文逐条核销
nodes/r_5b1357a9c6/cards/t_7c3954/F5_french_society_succession.md,114,### ⑨ 思潮、宗教、舆论与其管制,"**教会**【事实】[C8 复用+新增]：1801 专约＋1802 单方附加组织条款（教皇视为被骗）；1804 加冕；1806 帝国教理问答与圣拿破仑节；1806 起圣座拒入大陆封锁（""罗马是我的""通信：1806-02-13 拿破仑致教皇""Votre Sainteté est souveraine de Rome, mais j'en suis l'empereur""）；1808-02 占领罗马，1809-05 兼并教皇国，1809-06-10《Quum memoranda》绝罚（不点名）；1809-07-05/06 Radet 绑架教皇，Savona 软禁（1809–12）→枫丹白露（1812–14）；1811 全国主教会议失败（多数主教温和派但会议权限之争激化）(S23, S37)[C8-S15/S16]；1813-01 枫丹白露文本与教皇随后撤回为条目级事实，本卡未取得逐字捕获，标待核。",原研究的未完成记录；须与后续补订及正文逐条核销
nodes/r_5b1357a9c6/cards/t_7c3954/F5_french_society_succession.md,139,### ⑫ 交流与流动,"【事实】流亡者：1802-04-26 大赦后大批回国（约 5 万人条目级事实，本卡未取得精确刊本，标待核）；残余伦敦-泽西网络经 Biville 式走私线渗透（Cadoudal 案全程依赖之）(S27)。信息下沉网络：colporteurs（""穷人的图书馆""）受省长-总局双重管制 (S38)；军邮与征兵公告是国家-乡村的最大规模常规接触面（Godechot 刊布的 1812–13 应征者家书显示：家庭通信随军队移动横贯欧洲）(S42)。",原研究的未完成记录；须与后续补订及正文逐条核销
nodes/r_5b1357a9c6/cards/t_7c3954/F5_french_society_succession.md,212,### 5.2 病理学修正【事实→文献推断→推演】,【裁量·综合概率带（S5 视点）】**皇帝死于 1820s：40–50%；1830s：30–35%；1840s 及以后：15–25%。**方法论警告：三分支权重是本卡对医学文献的裁量映射，非文献直接给出；改判证据=任何对波拿巴家族其他成员死因的系统病理研究（Sokoloff 线索待核）。,原研究的未完成记录；须与后续补订及正文逐条核销
nodes/r_5b1357a9c6/cards/t_7c3954/F5_french_society_succession.md,363,### 改判证据（≥2 条，实列 5 条）,3. 若发现 1813 摄政法在实施细则层面被架空的同时代证据（如枚摄政会人选敕令从未签发）→ A 情景交接概率下调。【待核：Bulletin des lois 1813 第 474/490 号原刊，[C8] 已定位未亲验】,原研究的未完成记录；须与后续补订及正文逐条核销
nodes/r_5b1357a9c6/cards/t_86b684/X3_technology_industry.md,12,## 〇、判决先行（详细论证见⑯）,"2. 【主线·中高置信】对技术扩散而言，**最大封锁≠最大追赶**。封锁的真实功能是Heckscher所谓""必要性是发明的乳母""：它加速采用已就绪的技术（机器纺纱、Leblanc碱、甜菜糖），同时冻结未就绪的技术（蒸汽动力、动力织机、滚筒印花、焦炭冶铁）并切断其载体（英国技工、英国机器）。1814–17年的和平冲击测试证明：凡在封锁前未完成奠基的环节，封锁二十年也没有补上（法国棉业1814崩溃、萨克森印花业1817被击穿）。",原研究的未完成记录；须与后续补订及正文逐条核销
nodes/r_5b1357a9c6/cards/t_86b684/X3_technology_industry.md,34,## ③财政、货币与金融：技术的资本面,13. 【锚点】法国国家对技术的财政工具：奖金（百万法郎亚麻悬赏）、危机贷款（1810–11年Richard Lenoir、Bauwens等获帝国贷款——1814年帝国倒台后全部无法回收，龙头集体破产）、帝国工厂（3家靛蓝厂）、高关税与许可证租金（notes_heckscher §4、18；t_f81a6f）。,原研究的未完成记录；须与后续补订及正文逐条核销
nodes/r_5b1357a9c6/cards/t_86b684/notes_heckscher.md,53,## F. 供X3推演的直接接口,"- 封锁的""乳母""机制=采用促进而非发明促进；和平冲击测试（1814、1817萨克森）显示未完成动力/印花转换者全部倒退。",原研究的未完成记录；须与后续补订及正文逐条核销
nodes/r_5b1357a9c6/cards/t_86b684/notes_institutions.md,25,## E. 农业技术（低密度覆盖，缺口已标）,14. 【通行史实·待核】梅里诺羊：1786年Rambouillet引种；半岛战争期间西班牙美利奴羊群大量北流（法军征发与英商购买双通道）→萨克森/法国细毛羊改良。马铃薯与轮作：Parmentier宣传（18世纪末）；诺福克轮作在法国迟至复辟后经Mathieu de Dombasle（Roville农校1822）扩散。**本卡未取得农业技术扩散的量化系列（缺口：Grantham、G. W. 论文系列可补），农业维度按定性处理**。,原研究的未完成记录；须与后续补订及正文逐条核销
nodes/r_5b1357a9c6/cards/t_87ba37/B5_british_industry_trade.md,81,### 4.2 工业有国内资源支点，但纺织是双重暴露,【机制】英国煤、铁、熟练金属加工和国内城市市场提供积累核心；进口棉、部分羊毛、亚麻、大麻、木材和远洋支付网络则构成外部约束。粮食贵会压低工人购买力、抬工资压力而利于部分地主；能源矿藏充足不等于矿坑、运输、融资和劳力无限。马匹、硝石、铜、船材的全国库存本卡未取得，不填虚假的储量；其具体海军动员归B3/E1，棉业不因其缺表而停止推演。【H pp173–174、329–330；O结论；I】,原研究的未完成记录；须与后续补订及正文逐条核销
nodes/r_5b1357a9c6/cards/t_87ba37/B5_british_industry_trade.md,121,## ⑨ 思潮、宗教、民族意识与舆论,【机制】自由贸易语言可为继续战争、有限和平、工人权利或工业主利益服务；不能仅凭某一词组确定政治阵营。不同宗派与社团能组织募款、信息和道德动员，但本卡未取得可量化的宗派会员—态度表，不能将循道宗等一概归为驯顺机制。,原研究的未完成记录；须与后续补订及正文逐条核销
nodes/r_5b1357a9c6/cards/t_87ba37/B5_british_industry_trade.md,465,"### O｜Kevin H. O’Rourke, “The worldwide economic impact of the Revolutionary and Napoleonic Wars”",- `downloads/pages/dda4372be1f5.md`。实读引言/测量/模型及结论有关段L20–169、370–450（部分其他段未读）。,原研究的未完成记录；须与后续补订及正文逐条核销
nodes/r_5b1357a9c6/cards/t_87ba37/B5_british_industry_trade.md,475,### C｜W. H. Chaloner对Crouzet专著的书评,- 保留强反论：走私成本高且有限、扣船/保险损失、1810–12社会危机与战争能力削弱。书評“revolutionary situation ... without revolutionaries”是解释不是普遍革命组织观测。未获得Crouzet1958/1987原书，不假报原书全读。,原研究的未完成记录；须与后续补订及正文逐条核销
nodes/r_5b1357a9c6/cards/t_87ba37/notes_cuenca_discovery.md,17,## 获取障碍,Anna按'Crouzet économie britannique blocus'查询返回50条无精确目标且complete=false；检索未完成不等于目标不存在。Crouzet1958/1987专著未获得，以Chaloner书评直接摘录及O’Rourke转引呈现其最强反论。经济数据整理skill只覆盖日本模块，本次英国历史缓存不命中，不强套模型管线。,原研究的未完成记录；须与后续补订及正文逐条核销
nodes/r_5b1357a9c6/cards/t_87ba37/notes_longrun.md,3,# 1830–48制度锚点,KF｜英国议会公共历史页 The 1833 Factory Act，https://www.parliament.uk/about/living-heritage/transformingsociety/livinglearning/19thcentury/overview/factoryact/；downloads/pages/98f3132e9a36.md，本卡读正文全（1833不是1803制度）。1831限18岁下12小时尚缺执行；1833扩大到毛纺；设4名检查员管约4000厂，作者直称widely evaded；9岁下禁童工、9–13岁48h/周且8h/日、13–18岁12h/日、13岁下每天2h教育。不是工厂法原文亲阅；本卡只用4人/4000厂、年龄限制与执行落差。,原研究的未完成记录；须与后续补订及正文逐条核销
nodes/r_5b1357a9c6/cards/t_87ba37/report_01_capacity.md,81,### 4.2 工业有国内资源支点，但纺织是双重暴露,【机制】英国煤、铁、熟练金属加工和国内城市市场提供积累核心；进口棉、部分羊毛、亚麻、大麻、木材和远洋支付网络则构成外部约束。粮食贵会压低工人购买力、抬工资压力而利于部分地主；能源矿藏充足不等于矿坑、运输、融资和劳力无限。马匹、硝石、铜、船材的全国库存本卡未取得，不填虚假的储量；其具体海军动员归B3/E1，棉业不因其缺表而停止推演。【H pp173–174、329–330；O结论；I】,原研究的未完成记录；须与后续补订及正文逐条核销
nodes/r_5b1357a9c6/cards/t_87ba37/report_01_capacity.md,121,## ⑨ 思潮、宗教、民族意识与舆论,【机制】自由贸易语言可为继续战争、有限和平、工人权利或工业主利益服务；不能仅凭某一词组确定政治阵营。不同宗派与社团能组织募款、信息和道德动员，但本卡未取得可量化的宗派会员—态度表，不能将循道宗等一概归为驯顺机制。,原研究的未完成记录；须与后续补订及正文逐条核销
nodes/r_5b1357a9c6/cards/t_8a7b54/P8_probability_bands.md,98,## 六、文献、证据独立性与复算边界,"[7] Charles Esdaile, “War and Politics in Spain, 1808–1814,” *The Historical Journal* 31(2)(1988):295–317，DOI:10.1017/S0018246X00012899，网页开放**Extract**，`downloads/pages/cdb0562e50e9.md`，https://www.cambridge.org/core/journals/historical-journal/article/abs/war-and-politics-in-spain-18081814/C836CD5E04C632567CE587B18828597B 。未获得整篇正文。",原研究的未完成记录；须与后续补订及正文逐条核销
nodes/r_5b1357a9c6/cards/t_8a7b54/P8_probability_bands.md,116,## 六、文献、证据独立性与复算边界,**复算命令**：在项目根运行`python3 nodes/r_5b1357a9c6/cards/t_8a7b54/p8_tree.py`。它会核对P6 CSV输入、给出七维全角点与结算恒等式。另由**不调用P8函数**的独立算术核查：`C_low=.15×.40×.40×.35×.45=.00378`；`C_high=.30×.60×[(1−.70)×.60×.50×.60+.70×.50]=.07272`；`O_high=.07272×(.35+.50×.522)=.04443192`，与输出一致。**未做**历史频率验证、年份间动态校准、任何史料可据以给出学派数字的拟合；P2财政与P4船坞联立留负关联待后续重开。,原研究的未完成记录；须与后续补订及正文逐条核销
nodes/r_5b1357a9c6/cards/t_8a7b54/notes_inputs_02.md,7,# P8输入摘记 02｜P2、P4、P5、M1 原卡已读,P5《大陆经济》前145行：1848六区/英工业总量比S2 1.55–1.67、S5 1.37–1.51、S3 1.59–1.74、S6 1.22–1.27；源作者强调这些是分量端点的条件包络，不是概率；S3高比值源于英受损并非大陆增长，S6被S5经济账支配。Ellis 1981 App I与G对1810体系内出口281.3m/总377m=74.6%，1817 156.7/464=33.8%；1812–13英国许可出口76.97/114.63m。P5同篇的1787–1824附录G行列1806出455、1810出365，与§0/§2.2引用1806 465/1810 377并存，似公历/共和历两套口径，待核具体行；P8仅采下游P5_growth结果，不用两套出口分母混算概率。,原研究的未完成记录；须与后续补订及正文逐条核销
nodes/r_5b1357a9c6/cards/t_8b4a3e/SC_part2.md,25,### ③-C 芬兰：零汲取安抚财政,"- 【推演·中高置信】芬兰1809–48对俄财政贡献≈零甚至为负（本卡未取得芬兰大公国预算序列，此为定性判断；缺口：Bonsdorff或Jussila的大公国财政研究可补）。作为S6对照参数：安抚成本=放弃汲取+行政让渡，法国式""分摊目标""（F4：罗马8m净目标）与之不可同框。",原研究的未完成记录；须与后续补订及正文逐条核销
nodes/r_5b1357a9c6/cards/t_8b4a3e/SC_part6.md,37,### ⑯-C 改判证据（每条=若被证实/证伪则修正何判）,"4. **若**挪威教区死亡登记的量化研究（如Drake人口史）显示1807–14挪威超额死亡显著低于""饥荒叙事""隐含量级——**则**V3""粮食杠杆""权重下调，S3北欧成本重估。（本卡缺口：未取得挪威分年死亡率表，只有定性档案链+副总督1/4警报。）",原研究的未完成记录；须与后续补订及正文逐条核销
nodes/r_5b1357a9c6/cards/t_8b4a3e/SC_part6.md,51,## 附：本卡未决事项与缺口（诚实申报）,1. 挪威分年死亡率/分区粮价序列未取得（Ottosen/Johannessen为叙事层）；可补：NOS历史统计、Drake《Population and Society in Norway》。,原研究的未完成记录；须与后续补订及正文逐条核销
nodes/r_5b1357a9c6/cards/t_8b4a3e/SC_part6.md,54,## 附：本卡未决事项与缺口（诚实申报）,"4. 丹麦军队逐年编制表（Auxiliærkorpset构成）未取得原始返表；1813年12,500为Barton口径。",原研究的未完成记录；须与后续补订及正文逐条核销
nodes/r_5b1357a9c6/cards/t_8b4a3e/SC_scandinavia.md,83,### ③-C 芬兰：零汲取安抚财政,"- 【推演·中高置信】芬兰1809–48对俄财政贡献≈零甚至为负（本卡未取得芬兰大公国预算序列，此为定性判断；缺口：Bonsdorff或Jussila的大公国财政研究可补）。作为S6对照参数：安抚成本=放弃汲取+行政让渡，法国式""分摊目标""（F4：罗马8m净目标）与之不可同框。",原研究的未完成记录；须与后续补订及正文逐条核销
nodes/r_5b1357a9c6/cards/t_8b4a3e/SC_scandinavia.md,333,### ⑯-C 改判证据（每条=若被证实/证伪则修正何判）,"4. **若**挪威教区死亡登记的量化研究（如Drake人口史）显示1807–14挪威超额死亡显著低于""饥荒叙事""隐含量级——**则**V3""粮食杠杆""权重下调，S3北欧成本重估。（本卡缺口：未取得挪威分年死亡率表，只有定性档案链+副总督1/4警报。）",原研究的未完成记录；须与后续补订及正文逐条核销
nodes/r_5b1357a9c6/cards/t_8b4a3e/SC_scandinavia.md,347,## 附：本卡未决事项与缺口（诚实申报）,1. 挪威分年死亡率/分区粮价序列未取得（Ottosen/Johannessen为叙事层）；可补：NOS历史统计、Drake《Population and Society in Norway》。,原研究的未完成记录；须与后续补订及正文逐条核销
nodes/r_5b1357a9c6/cards/t_8b4a3e/SC_scandinavia.md,350,## 附：本卡未决事项与缺口（诚实申报）,"4. 丹麦军队逐年编制表（Auxiliærkorpset构成）未取得原始返表；1813年12,500为Barton口径。",原研究的未完成记录；须与后续补订及正文逐条核销
nodes/r_5b1357a9c6/cards/t_8b4a3e/notes_denmark.md,54,## D6 丹麦军队与1813年作战（权重知识，待锚点）,"- 【待核】丹麦常备军约3–4万+挪威军约3万（纸面）；1813年辅助军(Auxiliærkorpset,约1万)随达武在汉堡方向作战，12-10 Sehested之战突围。丹麦本土防御主力始终留在荷尔斯泰因-石勒苏益格。此段为权重知识，正文使用时标注置信并寻找锚点（Glenthøj & Ottosen 2014涵盖）。",原研究的未完成记录；须与后续补订及正文逐条核销
nodes/r_5b1357a9c6/cards/t_8b4a3e/notes_sweden2_finland.md,33,## S-J 1813–14终局（Barton p339–340、352–355）,"- 【事实·条款（Barton口径）】挪威全主权割予瑞典国王，换瑞属波美拉尼亚+吕根；丹麦以万人军团入盟，瑞典付**100万riksdaler补贴**；瑞典承诺在总和会为丹麦谋北德额外补偿（p353）。〔与丹麦条目""100万daler保密条款""表述并存：Barton把百万列为对丹军团补贴，Bregnsbo条目把百万daler列为秘密补偿——口径冲突保留待核〕",原研究的未完成记录；须与后续补订及正文逐条核销
nodes/r_5b1357a9c6/cards/t_8f2668/notes_johnston_rambaud_primary.md,34,### 复辟与秘密社团（v2）,"- v2 L317: [1815条约草案语境]""30,000西西里军队将……""（Casalanza前后谈判条款，待核）",原研究的未完成记录；须与后续补订及正文逐条核销
nodes/r_5b1357a9c6/cards/t_91cbee/R1_russia_court.md,80,### ⑥ 军事（决策层视角；深度→R3）,"- 指挥权作为宫廷政治变量：1812年8月库图佐夫之任命是对""俄罗斯人统帅""舆论的让步（机制同Speransky献祭；亚历山大个人不喜库图佐夫）【机制·通说，本卡未取得任命文书原件，标注为通识性事实】。",原研究的未完成记录；须与后续补订及正文逐条核销
nodes/r_5b1357a9c6/cards/t_91cbee/R1_russia_court.md,97,### ⑨ 思潮、宗教、民族意识、舆论传播,"- **教会与""敌基督""叙事**：1806年至圣治理会议曾宣拿破仑为基督教敌人以动员民兵（通识性事实，本卡未取得1806敕文原件——列为待补档）；1812年""卫国战争""的宗教化包装完成于战时文告（""Dieu est contre l'agresseur""日令，Vandal III行17395转引Bogdanovich I,113）【锚点】。",原研究的未完成记录；须与后续补订及正文逐条核销
nodes/r_5b1357a9c6/cards/t_91cbee/R1_russia_court.md,100,### ⑨ 思潮、宗教、民族意识、舆论传播,- Karamzin《论古今俄罗斯》（1811，呈皇太后妹妹Catherine Pavlovna再达御前）代表旧贵族对Speransky改革的意识形态总攻【通识，原文未亲核，列为待补档；与Speransky倒台的沙龙背景互证】。,原研究的未完成记录；须与后续补订及正文逐条核销
nodes/r_5b1357a9c6/cards/t_998052/B3_royal_navy.md,185,## ⑬ 对B1–B8的反应函数,|B8 当时工具：陆费转海军、亚眠式海上和约、ordinary／半薪裁军|高档海战、武装和平、低戒备和平|最可能接受“大陆妥协＋保英国政治／贸易／主体舰队”；拒绝把和平解释为永远不能扩舰。若加要求英国交舰／管港，则作为极端压力假设另测，不冒充已读拿破仑方案|Vansittart提案、Baring批评、Hume长和平裁员理由、亚眠停战经验。[H13、H15、H21、FR1]；具体数量边界为本卡模型|中高|,原研究的未完成记录；须与后续补订及正文逐条核销
nodes/r_5b1357a9c6/cards/t_998052/B3_royal_navy.md,209,## ⑭ 1803–1848分情景年表（29个时间节点）,|1807|H123；1807哥本哈根取舰需大量人员驾返且有政治代价。[J15、BJ]→拒敌使用与俘获增援不同|S1：中立条约减少抢舰诱因；S2宽俄则降低波罗的海对抗；S3/S6：可再采用先发拒敌工具，但中立国可能抵抗，不能当免费丹麦舰队；S5前史保存交易余地|中|,原研究的未完成记录；须与后续补订及正文逐条核销
nodes/r_5b1357a9c6/cards/t_998052/B3_royal_navy.md,246,### 不是一条“英国永远每年多造十舰”的曲线,|维修／船坞|建成量不含所有维修；1815造修损耗等票款£4.499m，1820 £2.066m。[H21 No32]|保留坞工、订单结构向修理偏转可以先保现役。未取得年度大修舰数、坞位占用日和材耗量，故不填写虚假维修吞吐上限；ADM180条目还存在省略问题。[RMG-A] 中|,原研究的未完成记录；须与后续补订及正文逐条核销
nodes/r_5b1357a9c6/cards/t_998052/B3_royal_navy.md,346,### 给总装的复用资产与禁止事项,- 已核内容、逐项出处及未读书目边界见SOURCES。未完成原书七张年度影表逐页复核、原舰况档与麻／铜实物平衡；这些限制降低相关端点置信度，**不阻止给出上述有条件结论**。,原研究的未完成记录；须与后续补订及正文逐条核销
nodes/r_5b1357a9c6/cards/t_998052/VALIDATION.md,23,## 实际完成的复核,主笔已分段读回合并报告全文与来源清单；最后修订后重读人数费用、配对端点、时点和压力阈值段，读回CSV与计算JSON。14段定位只证明原句在捕获文本中存在；其用途和上下文由写作过程人工判断，不能等同14条因果机制已经验证。Markdown未导出Office或PDF，未做分页渲染检查。,原研究的未完成记录；须与后续补订及正文逐条核销
nodes/r_5b1357a9c6/cards/t_998052/model_assumptions.md,40,## 对称比较端点（H／A12／I）,H1815=120–135是避免1814史实复员与部分处置的反事实库，不是1815实数109。到1820 H125–145、1825/1830 H130–155。W的A12为105–125、110–135、115–145、115–145；I为100–115、100–120、105–125、105–125。P武装和平的A12为90–120、95–130、100–140、100–140；I始终45–70。这些成组端点为规划包络，不是对未读舰况档案的测量。1815英国P端点是停战后裁编选择，而F3的1815 P点仍是停战前共同快照，禁止把两者当同日I比较；1820起才同档对照。,原研究的未完成记录；须与后续补订及正文逐条核销
nodes/r_5b1357a9c6/cards/t_998052/notes_late_checks.md,4,## 资料口径,- RMG Research guide B6，downloads/pages/775d373548f6.md L165–230：海军部是分权系统一部分，作战/高级任命经国务大臣、内阁及君主，命令经海军部发出；Navy Board管造修，1832职能并海军部；给养有独立委员会。档案Progress Books ADM180在1800年前后开始合并/漏项，不能许诺其一定能解完整维修吞吐。只读指南未读目录指向原件。,原研究的未完成记录；须与后续补订及正文逐条核销
nodes/r_5b1357a9c6/cards/t_998052/notes_synthesis_anchors.md,30,## RMG-M｜1797哗变,"“In April 1797, 16 ships-of-the-line of the Channel fleet refused to sail”；Spithead工资待遇诉求经让步赦免；Nore要求奖金分配、休假与军法变化，封泰晤士后镇压。未读所有书目/馆藏，不用其目录冒充独立原档。",原研究的未完成记录；须与后续补订及正文逐条核销
nodes/r_5b1357a9c6/cards/t_998052/part_02_quant_and_reactions.md,36,## ⑬ 对B1–B8的反应函数,|B8 当时工具：陆费转海军、亚眠式海上和约、ordinary／半薪裁军|高档海战、武装和平、低戒备和平|最可能接受“大陆妥协＋保英国政治／贸易／主体舰队”；拒绝把和平解释为永远不能扩舰。若加要求英国交舰／管港，则作为极端压力假设另测，不冒充已读拿破仑方案|Vansittart提案、Baring批评、Hume长和平裁员理由、亚眠停战经验。[H13、H15、H21、FR1]；具体数量边界为本卡模型|中高|,原研究的未完成记录；须与后续补订及正文逐条核销
nodes/r_5b1357a9c6/cards/t_998052/part_03_timeline.md,11,## ⑭ 1803–1848分情景年表（29个时间节点）,|1807|H123；1807哥本哈根取舰需大量人员驾返且有政治代价。[J15、BJ]→拒敌使用与俘获增援不同|S1：中立条约减少抢舰诱因；S2宽俄则降低波罗的海对抗；S3/S6：可再采用先发拒敌工具，但中立国可能抵抗，不能当免费丹麦舰队；S5前史保存交易余地|中|,原研究的未完成记录；须与后续补订及正文逐条核销
nodes/r_5b1357a9c6/cards/t_998052/part_04_capacity_conclusion.md,9,### 不是一条“英国永远每年多造十舰”的曲线,|维修／船坞|建成量不含所有维修；1815造修损耗等票款£4.499m，1820 £2.066m。[H21 No32]|保留坞工、订单结构向修理偏转可以先保现役。未取得年度大修舰数、坞位占用日和材耗量，故不填写虚假维修吞吐上限；ADM180条目还存在省略问题。[RMG-A] 中|,原研究的未完成记录；须与后续补订及正文逐条核销
nodes/r_5b1357a9c6/cards/t_998052/part_04_capacity_conclusion.md,109,### 给总装的复用资产与禁止事项,- 已核内容、逐项出处及未读书目边界见SOURCES。未完成原书七张年度影表逐页复核、原舰况档与麻／铜实物平衡；这些限制降低相关端点置信度，**不阻止给出上述有条件结论**。,原研究的未完成记录；须与后续补订及正文逐条核销
nodes/r_5b1357a9c6/cards/t_9bd988/MX_new_spain_cuba.md,146,## §5 ⑤撷取与动员上限,| 兵员 | 常备军与民兵约 3 万（待核） | — | **无法用于境外** | 见 §6 |,原研究的未完成记录；须与后续补订及正文逐条核销
nodes/r_5b1357a9c6/cards/t_9bd988/MX_new_spain_cuba.md,244,## §9 ⑨思潮、宗教、民族意识与舆论传播,【锚点】宗教：起义以瓜达卢佩圣母旗为号（通行史实，本卡未取同期文书，标**权重知识待核**）；教会内部分裂（Hidalgo、Morelos 皆为教士，而 Abad y Queipo 为主教代理且是 Consolidación 的最著名批评者之一，Marichal p.159 注 77 引其估计）。,原研究的未完成记录；须与后续补订及正文逐条核销
nodes/r_5b1357a9c6/cards/t_9bd988/MX_new_spain_cuba.md,429,## §16 ⑭年表 1803–1848（S1／S2／S3／S5／S6 下的该单位，≥25 条）,"17. **1812–1815** ｜〔锚〕Morelos 的战争与 1815 年被处决（**通行史实，本卡未取同期文书，标待核**）。｜**A**：不发生或降级为地方叛乱（中低）；**C**：可能以""摄政政府 vs 联邦派""的形态出现（低）。",原研究的未完成记录；须与后续补订及正文逐条核销
nodes/r_5b1357a9c6/cards/t_9bd988/MX_new_spain_cuba.md,440,## §16 ⑭年表 1803–1848（S1／S2／S3／S5／S6 下的该单位，≥25 条）,28. **1848** ｜〔锚〕（**权重知识·待核**）波尔克授权以最高一亿美元购买古巴，西班牙拒绝。｜**三情形同**：美国对古巴的出价在 1848 年出现（中）。古巴归属见 §0 概率带。,原研究的未完成记录；须与后续补订及正文逐条核销
nodes/r_5b1357a9c6/cards/t_9bd988/notes_marichal.md,66,## E. 1808–1811 官方汇款：加的斯生命线（PDF p250–251 / 印 234–235，表 7.4）,"  → **推得：1808–11 年间新西班牙铸币年产约 2,000–2,400 万 pesos 量级**（与 Humboldt 估计对照待补）。",原研究的未完成记录；须与后续补订及正文逐条核销
nodes/r_5b1357a9c6/cards/t_9f10b6/F4_french_finance_ruling_class.md,17,## 0．证据规则与计量边界,【方法】本文区分【事实】、【文献推断】、【模型推演】与【裁量】。史实或文书为“锚点”，机制须注明来源及适用条件，未来数值为条件结果。来源短码、实读版本、保存路径、转引和未取得项见《SOURCES.md》。Marion为1925年史著，不是同时代原账；其中署日期文书按“转引自Marion”处理。Mollien、Chaptal等战后著述均标回溯性，不据其一句自辩认定此前意图。,原研究的未完成记录；须与后续补订及正文逐条核销
nodes/r_5b1357a9c6/cards/t_9f10b6/F4_french_finance_ruling_class.md,290,### C．S6：一个新省到底带来多少钱？,【锚点｜事实】1810年7月25日拿破仑要求Mollien计算荷兰征收额，先支付三分之一债务、养老金、民政运河司法，再承担军费10m荷兰盾和海军6m盾，信中粗折32m法郎，债务28m，总约60m。信中后半“各部32m”表述与前半军海项目不全一致，因此这里取**约60m已列需求门槛、民政范围仍待核**，不当精确决算。[C-JUL],原研究的未完成记录；须与后续补订及正文逐条核销
nodes/r_5b1357a9c6/cards/t_9f10b6/F4_french_finance_ruling_class.md,354,## 补1．S6阈值表：帝国分摊目标 vs 可核实收,【方法】行＝地区，列＝①拿破仑/Gaudin的分摊目标或预计增收，②本卡实际取得的可核数，③缺口，④缺口由谁承担。**全部第①列是目标或预算预计，不是实收**；第②列凡未取得者标缺测，不以第①列冒充。分摊公式来自1810年7月26日罗马财政会议：主权费496.5m÷3700万人＝每百万人13.42m（文书自取整为14m）。[C-JUL；M p.321],原研究的未完成记录；须与后续补订及正文逐条核销
nodes/r_5b1357a9c6/cards/t_9f10b6/F4_french_finance_ruling_class.md,358,## 补1．S6阈值表：帝国分摊目标 vs 可核实收,|罗马／特拉西梅诺|按80万人×14m＝约11m毛；扣民用表1.5、教皇1.2后目标净约8m。Gaudin 1811-04-30预计增收12.5m；Marion 1812并合地份额16.5m（推断为毛）|7月22日会议：15.9m毛收入须先扣罗马市3m等地方费用。**年度实收未取得**|不可计算（②缺分母）|文书方案：以估值200m国有地产设专户，承接永久债50m＋修士养老金50m＋民事养老金10m＝110m。即**用资产变现承接存量，不是当期税收覆盖**|,原研究的未完成记录；须与后续补订及正文逐条核销
nodes/r_5b1357a9c6/cards/t_9f10b6/F4_french_finance_ruling_class.md,425,## 补7．本次补订未做的事,- 未取Branda《Le prix de la gloire》(2007)逐年表、未取Gaudin《Mémoires》附录历年收入表、未取Bulletin des lois各年《Compte général》。Last Order所列入口已登记为下一轮升级路径；**未取得即照实标缺测**，本次不因有入口而改写任何缺测格。,原研究的未完成记录；须与后续补订及正文逐条核销
nodes/r_5b1357a9c6/cards/t_9f10b6/F4_french_finance_ruling_class.md,474,### ③ 核心：贡赋退出不是预算窟窟，而是一条融资腿与其对应支出同时消失,3. 尤其：**503m 递延赤字证明战时预算本来就没闭合**。和平停止的不只是支出，还有**每年 43.7m 的欠款累积**。贡赋体制并未做到收支相抵。,原研究的未完成记录；须与后续补订及正文逐条核销
nodes/r_5b1357a9c6/cards/t_9f10b6/F4_french_finance_ruling_class.md,487,### ④ 局限与不可恢复项（不得隐瞄）,6. 未取得仍缺：Branda《Le prix de la gloire》(2007)逐年表、Gaudin回忆录附录、各年《Compte général》。**它们能结清的**：把上表的年均拆成真正的逐年序列，从而检验“峰值年依赖度”是否曾突破可吸收量级。,原研究的未完成记录；须与后续补订及正文逐条核销
nodes/r_5b1357a9c6/cards/t_9f10b6/f4_audit.md,89,## 六、提交后补订审计（第二轮）,仍未做：Branda《Le prix de la gloire》(2007)逐年表、Gaudin《Mémoires》附录历年收入表、Bulletin des lois各年《Compte général》均未取；Last Order所列入口登记为下一轮升级路径，未取得者照旧标缺测，不以入口存在改写任何缺测格。,原研究的未完成记录；须与后续补订及正文逐条核销
nodes/r_5b1357a9c6/cards/t_9f10b6/f4_evidence_notes.md,6,## 范围与执行,"Bergeron《Banquiers, négociants et manufacturiers parisiens du Directoire à l’Empire》OpenEdition入口 https://books.openedition.org/editionsehess/195 仅返回Anubis验证页，未读到正文；不据检索片段取证。agent-reach建议的Jina/curl路径需父级审批，未执行。工具web_extract自动在downloads/pages/8270fb75bad9.md留下验证页，违反本任务指定新文件目录的意图；这是工具自动落盘而非史料，未采用。其后停止所有会自动写到downloads的网络提取；本底稿仅写于指定卡目录。没有删除或改写既有文件。",原研究的未完成记录；须与后续补订及正文逐条核销
nodes/r_5b1357a9c6/cards/t_9f10b6/f4_evidence_notes.md,76,## 可交接结论与未解决项,【未验证】未取得Bergeron正文、Ternaux在1810–11的具体立场、巴黎商会原请愿，以及工商精英危机前后购买土地/公债的连续账簿数据。因此不确认“1810–11危机促使法国工商精英普遍转向地产、公债”。H p.269注提Ternaux在复辟初制造业总委员会的发言（转引Levasseur vol.I p.732 app.A），但只涉及对莱茵纺织竞争力的认可，未足以承重用户重点，故不列第八条。,原研究的未完成记录；须与后续补订及正文逐条核销
nodes/r_5b1357a9c6/cards/t_afeae6/Q1_codebook.md,20,## 协变量：0/1研究者编码；NA真正缺测,S sovereignty_break：近窗发生废本王朝/取消地方自治/分割并合且未取得相应当地认可1；华沙复国建制0。既往数年已固化的并合非永久置1。,原研究的未完成记录；须与后续补订及正文逐条核销
nodes/r_5b1357a9c6/cards/t_afeae6/Q1_resistance_determinants.md,262,## 8. 缺口、局限与改判证据,"- Lignereux, ""Accommodation et arrangements dans les départements réunis: l'éclairage paradoxal des rébellions (1800–1813)""（in *Le temps des hommes doubles*, PUR 2013, pp.107–126, DOI 10.4000/books.pur.134235）是**与本卡问题最直接对口的法语研究**，多次尝试均只取得 OpenEdition 的 Anubis 反机器人验证页与 HAL 题录，**未取得正文**。若获得，它可能直接改写§4.3关于并合省反抗类型的分类。建议交由能取得纸本或机构权限的姐妹卡补。",原研究的未完成记录；须与后续补订及正文逐条核销
nodes/r_5b1357a9c6/cards/t_afeae6/notes_design.md,19,## 停止与缺口,目标约30个案例及逐行出处；资料最薄列保留NA不追凑11变量logit。采用小维度配置表、经验条件比例及留一近邻诊断；不作p值星号，不用配置一致性证明充分因果。预测带必须写政策、时间窗、外援条件及改判证据。未做独立双编码则如实披露，不能宣称编码α/κ已达标。,原研究的未完成记录；须与后续补订及正文逐条核销
nodes/r_5b1357a9c6/cards/t_b0f045/US_united_states.md,74,## ⑦ 社会结构与阶层,【权重·待核】其中奴隶人口 1810 年约 119 万、占总人口约 16.4%；自由黑人约 18.6 万。**本卡未取得分种族普查原表**，待核源：*Aggregate Amount of Each Description of Persons within the United States … 1810*（国务院印本）或 HSUS 系列 A。该数字不承载本卡任何结论，只用于标定南部政治的权重。,原研究的未完成记录；须与后续补订及正文逐条核销
nodes/r_5b1357a9c6/cards/t_b0f045/US_united_states.md,271,## 附一 · 材料缺口与未能核实项（诚实清单）,1. **未取得**：Perkins 之外的四部指定二手作品（Hickey *The War of 1812*；Stagg *Mr. Madison's War*；Spivak *Jefferson's English Crisis*；Egan *Neither Peace nor War*；Tucker & Hendrickson *Empire of Liberty*；Henry Adams *History*）。影响：1812–15 年军事行动、战费与债务序列、麦迪逊政府内部决策的细节仍依赖 Perkins 单一研究传统（且 Perkins 自述强调“情绪与民族荣誉”而非物质因素，存在解释偏向）。待补方式：Anna's Archive / 图书馆电子本。,原研究的未完成记录；须与后续补订及正文逐条核销
nodes/r_5b1357a9c6/cards/t_b0f045/US_united_states.md,272,## 附一 · 材料缺口与未能核实项（诚实清单）,2. **未取得**：美国联邦财政完整序列（支出、债务、军费）。本卡只有 Pitkin 的海关收入与路易斯安那公债利息。待核源：HSUS 系列 Y；*Statements of the Public Debt*；Gallatin 年度报告。该缺口使“1830 年代可支撑 15–20 艘海军”只能作为推断。,原研究的未完成记录；须与后续补订及正文逐条核销
nodes/r_5b1357a9c6/cards/t_b0f045/US_united_states.md,273,## 附一 · 材料缺口与未能核实项（诚实清单）,3. **未取得**：分种族人口普查原表（奴隶人口）；美国吨位序列（Pitkin 有表但 OCR 未能定位）。影响：“商船队规模”只能用贸易额代理。,原研究的未完成记录；须与后续补订及正文逐条核销
nodes/r_5b1357a9c6/cards/t_b1a536/F3_french_navy_capacity.md,19,## 范围和证据纪律,- **Glover 1967全文未取得。** 不把网络的150艘预期或103、104等数字署为已经核实的Glover结论。,原研究的未完成记录；须与后续补订及正文逐条核销
nodes/r_5b1357a9c6/cards/t_b1a536/F3_french_navy_capacity.md,482,### S13｜炮兵协会技术史（法语）,- 限定：文中“战列巡洋舰先驱”为后见修辞，未采用；后续线膛技术不可全部放到1820年代。1824年试验的同时代报告存在于西班牙国防图书馆目录：https://bibliotecavirtual.defensa.gob.es/BVMDefensa/es/consulta/registro.do?id=523703 ，只查到目录，原文未读；因此没有声称核准全套试验数据。,原研究的未完成记录；须与后续补订及正文逐条核销
nodes/r_5b1357a9c6/cards/t_b1a536/F3_french_navy_capacity.md,488,### S14｜Nicolas Mioque，2011（转引Tupinier1822与1813命令）,- 上游：Tupinier，*Observations sur les dimensions des Vaisseaux et Frégates de la Marine française*，《Annales maritimes et coloniales》1822，vol.2，44–45（本卡未读原刊）；1813-08-08造三巡防命令。,原研究的未完成记录；须与后续补订及正文逐条核销
nodes/r_5b1357a9c6/cards/t_b1a536/F3_french_navy_capacity.md,529,## 失败、排除及复用,"- Richard Glover，*The French Fleet,1807–1814; Britain’s Problem; and Madison’s Opportunity*，*Journal of Modern History*39(3),1967,233–252，DOI10.1086/240080：**未取得、未读**，不可署其为已核舰数。收束`notes_glover.md`。",原研究的未完成记录；须与后续补订及正文逐条核销
nodes/r_5b1357a9c6/cards/t_b1a536/F3_french_navy_capacity.md,532,## 失败、排除及复用,- Winfield & Roberts、Battesti、Acerra & Meyer、Monaque、Chevalier、Troude、Lévêque2003均是关键上游或后续核验文献；本卡没有声称读过未获得的原书。Lévêque仅由S01转述。,原研究的未完成记录；须与后续补订及正文逐条核销
nodes/r_5b1357a9c6/cards/t_b1a536/VALIDATION.md,7,# F3交付自检,- 13项短引定位在F3_quote_ledger.md：4项PDF定位、9项网页空白规范化定位；Glover与Winfield–Roberts原书未读明确标注。,原研究的未完成记录；须与后续补订及正文逐条核销
nodes/r_5b1357a9c6/cards/t_b1a536/notes_core.md,11,## S01 Todorov 2008：已读HAL全文相关四节与p15表图,- p14：1811绘里加至安特卫普水路图；Hambourg–Anvers仍有陆运段，Aller–Elbe项目未完成。11月会议乐观估三年可供新增100舰+100巡防舰桅材，是评估，不是收货。,原研究的未完成记录；须与后续补订及正文逐条核销
nodes/r_5b1357a9c6/cards/t_b1a536/notes_glover.md,4,## 结论与边界,"- Richard Glover, “The French Fleet, 1807–1814; Britain's Problem; and Madison's Opportunity,” *The Journal of Modern History* 39(3), 1967, 233–252，DOI 10.1086/240080：**原文未取得、未读**。JSTOR返回挑战页，Chicago返回页面壳；不把摘要或转引冒充全文核读。",原研究的未完成记录；须与后续补订及正文逐条核销
nodes/r_5b1357a9c6/cards/t_b1a536/notes_yards.md,50,## 存量与未核项,5. 待核：Winfield–Roberts原书；荷兰新增舰Couronne、Piet Hein的日期异文；斯海尔德非安特卫普厂穷尽性；威尼斯法/意法律舰籍；104具体地域边界。原书入口获取仅得目录或错配文本，未假称读过。,原研究的未完成记录；须与后续补订及正文逐条核销
nodes/r_5b1357a9c6/cards/t_b1a536/part_01_unit.md,19,## 范围和证据纪律,- **Glover 1967全文未取得。** 不把网络的150艘预期或103、104等数字署为已经核实的Glover结论。,原研究的未完成记录；须与后续补订及正文逐条核销
nodes/r_5b1357a9c6/cards/t_b5dab4/PL_poland_lithuania 2.md,26,## 一、方法与材料边界,【材料边界】本轮亲读：Czubaty 2018全文（PDF p1–34，downloads/c18_czubaty2018.pdf，doc c60ccb20b50e）；Czartoryski—亚历山大1810–13通信（回忆录英译v2，downloads/R1_czartoryski_memoirs_v2_real.txt 行8086–9160——同期信件之后世编刊英译，未对校法文原刊；Vandal转引的同批信不另计独立证据）；Rychel-Mantur 2025（Serra驻华沙报告研究，downloads/pages/12d7830a524e.md）；Filipiak（军事供宿研究，doc 2c00322bdf10）；Tokarz《Armja Królestwa Polskiego 1815–1830》1917全文（downloads/pages/d6224d1eedd9.md）；1807宪法与1808–12犹太人法令文本（Wikiźródła与statusprawnyzydow.historia.uw.edu.pl转录）；公国证券史汇编（historycznepapiery.pl）；1831起义军队与财政专文。Kukiel兵力数与部长会议1812-11-17报告经napoleon.org.pl论坛转引，**未亲核原页**，全程标转引。Żółtowski 1890–92财政专著与Grochulska 1967贸易专著未取得原卷——公国无逐年决算系列可冻结，凡比例（军费2/3或90%）皆报作者口径不合并。POLONA未产出本卡未有之独立文书，未列为已用来源。,原研究的未完成记录；须与后续补订及正文逐条核销
nodes/r_5b1357a9c6/cards/t_b5dab4/PL_poland_lithuania.md,26,## 一、方法与材料边界,【材料边界】本轮亲读：Czubaty 2018全文（PDF p1–34，downloads/c18_czubaty2018.pdf，doc c60ccb20b50e）；Czartoryski—亚历山大1810–13通信（回忆录英译v2，downloads/R1_czartoryski_memoirs_v2_real.txt 行8086–9160——同期信件之后世编刊英译，未对校法文原刊；Vandal转引的同批信不另计独立证据）；Rychel-Mantur 2025（Serra驻华沙报告研究，downloads/pages/12d7830a524e.md）；Filipiak（军事供宿研究，doc 2c00322bdf10）；Tokarz《Armja Królestwa Polskiego 1815–1830》1917全文（downloads/pages/d6224d1eedd9.md）；1807宪法与1808–12犹太人法令文本（Wikiźródła与statusprawnyzydow.historia.uw.edu.pl转录）；公国证券史汇编（historycznepapiery.pl）；1831起义军队与财政专文。Kukiel兵力数与部长会议1812-11-17报告经napoleon.org.pl论坛转引，**未亲核原页**，全程标转引。Żółtowski 1890–92财政专著与Grochulska 1967贸易专著未取得原卷——公国无逐年决算系列可冻结，凡比例（军费2/3或90%）皆报作者口径不合并。POLONA未产出本卡未有之独立文书，未列为已用来源。,原研究的未完成记录；须与后续补订及正文逐条核销
nodes/r_5b1357a9c6/cards/t_b5dab4/PL_poland_lithuania.md,155,## ⑪ 生态与人口,"【锚点】人口：1807年2.6m→1809年4.2–4.3m（幅员155,000 km²）；会议王国1815年约3.3m→1830年约4m（Tokarz预算人口口径旁证）。战争消耗：1812年出征80k存15k（军事人口）；1813–15占领提取2.5亿złp级；Kalisz省牛存栏1800–1811年降16.7%。[前引各处] 1811–13年歉收与斑疹伤寒叠加战争（通说背景，未取得公国死亡率系列——缺口声明）。",原研究的未完成记录；须与后续补订及正文逐条核销
nodes/r_5b1357a9c6/cards/t_b5dab4/PL_poland_lithuania.md,194,### A1. 情景界定与时序问题,"【锚点】史实提尔西特的结构：拿破仑需要俄国做对英同盟→波兰只能做小（亚历山大致情妇信：""At least there will be no Poland, only risible Duchy of Warsaw""，转引层级[thesis.eur.nl]）；普鲁士被保留是亚历山大的要求。拿破仑后来自己确认过镜像命题：1812-07-16答Wybicki——若非对奥保证，早可支持全面复国（""j'ai garanti à l'empereur d'Autriche l'intégrité de ses états""，复用上一轮P5冻结口径）。**B3复国版因此不是""多画一笔""，而是把提尔西特从""对俄和解工具""改造成""对俄前沿工事""——同一纸面不能同时写两个目的。**",原研究的未完成记录；须与后续补订及正文逐条核销
nodes/r_5b1357a9c6/cards/t_b702da/notes_X4_evidence.md,42,## F. 宪章运动量化（英国）,"- Hansard 1842-05-03（HC Deb vol 63 cc13-25），存 downloads/pages/d827ad3207c2.md：Duncombe陈述1842全国请愿签名""very nearly 3,500,000""（含相当部分劳工妻子与数百青年）；自称覆盖100万+劳工家庭。〔parliament.uk教育页给3.3m、43,000来自伯明翰；1839请愿1.28m通说，待补硬源或标准据〕",原研究的未完成记录；须与后续补订及正文逐条核销
nodes/r_5b1357a9c6/cards/t_b9e29c/B4_british_army_home_defence.md,125,### 4.1 预警、集结与撤退,**【模型／低】**采用Cary1815道路作为1805地理代理，伦敦桥—Hythe约67英里；日行15–20英里步兵假设再加出动/整顿延迟，约4.1–6.0日，载兵车40英里/日方案约2.9–3.2日；Ashford—Hythe约12.5英里，则约1.4–2.3日与1.6–1.8日。两者都不是历史演练性能，未取得逐营兵数。完整十条路线、速度口径和4万/48h成立条件见增补第三节。[S21 pp.11–12及模型假设],原研究的未完成记录；须与后续补订及正文逐条核销
nodes/r_5b1357a9c6/cards/t_b9e29c/B4_british_army_home_defence.md,135,### 4.2 工事可用性分期,| Royal Military Canal | 不可引用后来的完整障碍 | 1804开始调查施工 | 局部施工/逐段形成；未取得逐段验收表 | 全工程1804–09，1810开放公用；约28英里[S06] |,原研究的未完成记录；须与后续补订及正文逐条核销
nodes/r_5b1357a9c6/cards/t_b9e29c/B4_british_army_home_defence.md,381,### 未决项与工作边界,- Cookson核心句只经Hicks转引，Glover只读电子预览，Longmate未取得；不将书目名单等同阅读成果。,原研究的未完成记录；须与后续补订及正文逐条核销
nodes/r_5b1357a9c6/cards/t_b9e29c/B4_transport_warning_supplement.md,105,### 3.2 行程时间：给出范围，但不把它叫演练性能,| Colchester→St Osyth | 1.3–2.2日 | 1.5–1.8日 | 近地反应有利；表未计未取得的兵数 |,原研究的未完成记录；须与后续补订及正文逐条核销
nodes/r_5b1357a9c6/cards/t_b9e29c/B4_transport_warning_supplement.md,141,## 四、补给参数和文件使用,新增来源S18–S21的版本、精确位置、短引和独立性见`SOURCES.md`；逐源核读另存`notes_interface_french.md`、`notes_Chilcott_2006.md`、`notes_Cary_roads.md`。未采用Wheeler/Broadley混卷OCR作量值。提交后F3、F2和B3已回传接口：F3仍不能给80k完整登陆的已证潮次或最低窗口，F2仍无首批炮马/弹药冻结值，B3未取得固定72h预警实绩。F3有关107车/456挽马的提示已在本地原刊OCR邻文回读并加以上限定；B3新列的舰队与电报细节未由B4另读，不计作B4新增独立核验证据。,原研究的未完成记录；须与后续补订及正文逐条核销
nodes/r_5b1357a9c6/cards/t_be9258/IT1_kingdom_of_italy.md,61,## 4. ③财政货币金融（Prina机器）,"【锚点】**1802–1811岁入几乎翻倍**（""almost doubled state revenues""，Grab p.162）。〔权重记忆·待核〕具体量级通说为约8,200万→1.44亿里拉（应出自Grab JMIS 1998/Zaghi 1986 pp.515–539，本轮未直核该数，仅冻结""近翻倍""〕。",原研究的未完成记录；须与后续补订及正文逐条核销
nodes/r_5b1357a9c6/cards/t_be9258/IT1_kingdom_of_italy.md,97,## 7. ⑥军事（陆军+海军）,"【锚点】陆军实绩：1805–09两次对奥战争（1809欧仁Sacile败→Raab/Wagram胜）；西班牙远征军（意大利师）；1812俄役IV军（欧仁指挥意/法/巴伐利亚部队）27,000→约1,000（Grab p.171；行military细节另见it.wiki转引层`notes_dbi_biografie_1814.md`§3）。〔权重记忆·待核〕赴西班牙意军累计约3万（Pino/Lechi师），生还率约三分之一——本轮未直核，供P6用时须先核Schneid或Della Peruta。",原研究的未完成记录；须与后续补订及正文逐条核销
nodes/r_5b1357a9c6/cards/t_be9258/IT1_kingdom_of_italy.md,130,## 10. ⑨思潮·宗教·民族意识·舆论,〔权重记忆·待核〕舆论机器：官报Giornale Italiano（Cuoco曾主笔）、Foscolo/Monti的宫廷文学、Brera美术院与1809 Appiani《拿破仑神化》天顶画、米兰音乐学院1807——本轮未直核文献，仅列为⑨维的已知构件，红队可查Pillepich《Milan capitale》。,原研究的未完成记录；须与后续补订及正文逐条核销
nodes/r_5b1357a9c6/cards/t_be9258/IT1_kingdom_of_italy.md,137,## 11. ⑩科技与生产力,〔权重记忆·待核〕Volta（1801巴黎演示、后为王国参议员）、Oriani、Scarpa等帕维亚科学圈受政权供养——不作数字化论断。,原研究的未完成记录；须与后续补订及正文逐条核销
nodes/r_5b1357a9c6/cards/t_be9258/IT1_kingdom_of_italy.md,144,## 12. ⑪生态与人口,〔权重记忆·待核〕玉米单一化与糙皮病扩散、1811–12歉收、1816–17战后大饥荒（供E1/P5核）。,原研究的未完成记录；须与后续补订及正文逐条核销
nodes/r_5b1357a9c6/cards/t_be9258/IT1_kingdom_of_italy.md,205,"### 15.3 分支A：行省化""第二法国""（王国并入法帝国）","【推演·军队（中高）】意大利军被改编为法军线列（皮埃蒙特111e/112e demi-brigade先例〔权重记忆·待核编号〕）；军官团民族生成效应（Grab p.162）转为怨恨源；类比锚点：1848年伦-威籍奥军过半忠诚（Sondhaus）说明**改编军不自动叛变**——但其忠诚以""军饷+驻地轮换+不打同胞""为条件；行省化后的意大利团若被用于镇压半岛他区，1821式军官密谋概率显著上升。",原研究的未完成记录；须与后续补订及正文逐条核销
nodes/r_5b1357a9c6/cards/t_be9258/IT1_kingdom_of_italy.md,279,### 备选结论群,1. **欧仁世袭王国（中低）**：若拿破仑在胜利后为稳固体系而正式把意大利王冠授欧仁（而非法兰克福），C分支获得稳定继承线——巴伐利亚1813–14以意大利王位勝降证明外部行动者视此为现实选项（it.wiki转引）。反证：1810文书群显示拿破仑系统性地把欧仁移出意大利继承序列；〔权重记忆·待核〕通说Melzi 1813曾请求加冕欧仁被拒，待Du Casse t.9–10/Zaghi核。,原研究的未完成记录；须与后续补订及正文逐条核销
nodes/r_5b1357a9c6/cards/t_be9258/IT1_kingdom_of_italy.md,297,### 口径冲突（供红队与总装）,"| 磨坊税终局 | Grab：""decided to revoke""；〔权重记忆〕通说为减半/改定额 | 冻结Grab措辞，标待核 |",原研究的未完成记录；须与后续补订及正文逐条核销
nodes/r_5b1357a9c6/cards/t_be9258/IT1_kingdom_of_italy.md,298,### 口径冲突（供红队与总装）,"| 征兵总数 | Grab 155,000；〔权重记忆〕Della Peruta系口径有200k+（含国民卫队） | 冻结155k（已读源），另口径待核 |",原研究的未完成记录；须与后续补订及正文逐条核销
nodes/r_5b1357a9c6/cards/t_be9258/IT1_kingdom_of_italy.md,301,### 口径冲突（供红队与总装）,| Melzi生日 | EI：10月6日；ArchiVista：3月6日 | 未使用，列待核 |,原研究的未完成记录；须与后续补订及正文逐条核销
nodes/r_5b1357a9c6/cards/t_be9258/IT1_kingdom_of_italy.md,311,### 缺口（命名+它能裁决什么）,"1. **Rath 1941《The Fall of the Napoleonic Kingdom of Italy》**（De Gruyter/HathiTrust付费墙）：1814年4月逐日政治史与各派组织度——能裁决""雨伞日""组织程度与Bentinck角色权重。【已以DBI Prina（Levati 2016）+Grab+三级来源交叉替代，主结论不依赖其未读部分】",原研究的未完成记录；须与后续补订及正文逐条核销
nodes/r_5b1357a9c6/cards/t_c69786/B1_britain_politics.md,16,## 执行摘要,**未取得而会改变权重的材料**：1803–05财政部/英格兰银行支付连续性及撤移原令、战败媾和预授权、1812两封谈判信完整版本。已用后世刊本或他卡核证的地方明确转引，不以档案系列名冒充阅档。详见文末。,原研究的未完成记录；须与后续补订及正文逐条核销
nodes/r_5b1357a9c6/cards/t_c69786/B1_britain_politics.md,62,## 二、撤离预案究竟证实到哪一步？,【来源限制】Hurd信承接1908刊本网页OCR，不是1803手稿；Fortescue亦未对校该页扫描，二者不能合成完整国家撤离计划。Sarum命令仅经Chilcott转引，未读WSRO原卷。**某版广泛方案放弃、地方继续准备、实际执行成功，是三个不同命题**：现有材料支持前两者，不能保证第三者。[L1–L5、L7、P3],原研究的未完成记录；须与后续补订及正文逐条核销
nodes/r_5b1357a9c6/cards/t_c69786/B1_britain_politics.md,66,### 给B2的明确答复：财政部与英格兰银行撤离文书,【锚点·证据边界】本轮**没有取得1803–05财政部或英格兰银行签发的伦敦失守处置命令、付款连续性安排、预设媾和授权**。旧材料有“账册送伦敦塔、三十车运金、十二批护卫、Brook Watson负责”的线索，转引Peter A. Lloyd《The French Are Coming!》p.93及John Brooke《King George III》pp.597–598；承重书页尚未读到，故**不把这些细节纳入已核能力表**，更不把银行黄金等同全部国库。[L4],原研究的未完成记录；须与后续补订及正文逐条核销
nodes/r_5b1357a9c6/cards/t_c69786/B1_britain_politics.md,186,### 3. 1812：什么真的能改，什么仍卡住？,【锚点·事实·转引】1812年4月17日Bassano方案包括西班牙完整、葡萄牙Braganza统治、Murat据那不勒斯、西西里旧王室，并撤出有关英法兵力。4月23日Castlereagh答复要求明确“现王朝”究竟是Joseph还是Ferdinand VII；既有义务不允许把前者作为谈判基础。此处依据Marco de Saint-Hilaire《俄国战役史》经Greg Gorsuch英译Part14，PDF p.5的**转述**，并与Fondation Napoléon 2012年表4月17日条核对；尚未取得两信完整原文，不能把译者叙述当Castlereagh逐字原话。[N3–N4],原研究的未完成记录；须与后续补订及正文逐条核销
nodes/r_5b1357a9c6/cards/t_c69786/B1_britain_politics.md,486,### L4｜尚未核定的撤金细节（负面检索记录，不作事实来源）,- 账册送Tower、三十车黄金、十二组护卫、Brook Watson等，**未读承重页**，不进入冻结能力表。也未取得1803–05Treasury/BoE付款连续性或战败议和命令。,原研究的未完成记录；须与后续补订及正文逐条核销
nodes/r_5b1357a9c6/cards/t_c69786/B1_britain_politics.md,706,## 六、尚未获取的承重材料与工具局限,1. **未读全文**：Glover *Britain at Bay*；Cookson目标章；Philp编书Fedorak章；Ehrman、Jupp、Bew、Hall、Muir、Grainger相关专著；Malmesbury、Dropmore、Castlereagh文书目标卷。它们是后续清单，不是装饰性参考文献。,原研究的未完成记录；须与后续补订及正文逐条核销
nodes/r_5b1357a9c6/cards/t_c69786/B1a_landing_decision.md,43,## 二、撤离预案究竟证实到哪一步？,【来源限制】Hurd信承接1908刊本网页OCR，不是1803手稿；Fortescue亦未对校该页扫描，二者不能合成完整国家撤离计划。Sarum命令仅经Chilcott转引，未读WSRO原卷。**某版广泛方案放弃、地方继续准备、实际执行成功，是三个不同命题**：现有材料支持前两者，不能保证第三者。[L1–L5、L7、P3],原研究的未完成记录；须与后续补订及正文逐条核销
nodes/r_5b1357a9c6/cards/t_c69786/B1a_landing_decision.md,47,### 给B2的明确答复：财政部与英格兰银行撤离文书,【锚点·证据边界】本轮**没有取得1803–05财政部或英格兰银行签发的伦敦失守处置命令、付款连续性安排、预设媾和授权**。旧材料有“账册送伦敦塔、三十车运金、十二批护卫、Brook Watson负责”的线索，转引Peter A. Lloyd《The French Are Coming!》p.93及John Brooke《King George III》pp.597–598；承重书页尚未读到，故**不把这些细节纳入已核能力表**，更不把银行黄金等同全部国库。[L4],原研究的未完成记录；须与后续补订及正文逐条核销
nodes/r_5b1357a9c6/cards/t_c69786/B1b_acceptance_equilibrium.md,31,### 3. 1812：什么真的能改，什么仍卡住？,【锚点·事实·转引】1812年4月17日Bassano方案包括西班牙完整、葡萄牙Braganza统治、Murat据那不勒斯、西西里旧王室，并撤出有关英法兵力。4月23日Castlereagh答复要求明确“现王朝”究竟是Joseph还是Ferdinand VII；既有义务不允许把前者作为谈判基础。此处依据Marco de Saint-Hilaire《俄国战役史》经Greg Gorsuch英译Part14，PDF p.5的**转述**，并与Fondation Napoléon 2012年表4月17日条核对；尚未取得两信完整原文，不能把译者叙述当Castlereagh逐字原话。[N3–N4],原研究的未完成记录；须与后续补订及正文逐条核销
nodes/r_5b1357a9c6/cards/t_c69786/VALIDATION.md,8,## 结构与文件（已执行）,- 算术复核：(4.6741684621−4.4085408495)×100＝26.56基点；384+218+28+16+12＝658。未做任何概率估计或回归。,原研究的未完成记录；须与后续补订及正文逐条核销
nodes/r_5b1357a9c6/cards/t_c69786/VALIDATION.md,29,## 不能由本次核验得到的结论,- 1803–05财政/银行撤移执行、1812两信完整原文仍未取得，已在主稿说明。,原研究的未完成记录；须与后续补订及正文逐条核销
nodes/r_5b1357a9c6/cards/t_c69786/notes_1812_check.md,9,### p.5具体内容,"- Castlereagh 23 April答复，叙述文转述而非全文：“If it was Joseph, and the Cortes formed under his authority, he explicitly declared that existing commitments did not allow this basis to be adopted; if it was a question of Ferdinand VII, and of the Cortes governing in his name, we were ready to explain ourselves.” 脚注指23日信与卷末两信附录，但本轮未读该附录。",原研究的未完成记录；须与后续补订及正文逐条核销
nodes/r_5b1357a9c6/cards/t_c69786/notes_1812_check.md,14,## N4 对证伪问题的裁定,- 原信完整英文/法文与部长内部记录未取得，故不用引号把作者转述冒充Castlereagh逐字原信。,原研究的未完成记录；须与后续补订及正文逐条核销
nodes/r_5b1357a9c6/cards/t_c69786/notes_administration_population.md,10,## D2 1801人口是England and Wales，不是UK,"- ONS, “Story of the Census”, 20 June 2022，https://www.ons.gov.uk/visualisations/storyofthecensus/ ，`downloads/pages/06ff00adf220.md`；实际读开头至“How old are you?”，未读取后半20世纪。",原研究的未完成记录；须与后续补订及正文逐条核销
nodes/r_5b1357a9c6/cards/t_c69786/notes_amiens_orders.md,18,## A1补订：XIII–XIV财产债权先例,本次依新增问题读取原捕获行120–143（此前未读的后段）：XIII保护割让/返还地区居民财产、宗教及战时政治立场；XIV撤双方对资金、收益、债权扣押并交法院处理个人争议。这是保财产/债权的实有条约先例，不是保全部英国公债偿付、议会不受干预或战败不交舰保证。详细短引和版本限制冻结于notes_french_terms_navy.md，不需再重读原网页。,原研究的未完成记录；须与后续补订及正文逐条核销
nodes/r_5b1357a9c6/cards/t_c69786/notes_budget1815.md,25,## 协调,已回信B2具体session，确认伦敦失守财政部/BoE撤离及付款连续性原令仍未取得，B1a已披露；三十车黄金等仍是未核承重书页线索。该缺口与1815预算选择属于两种不同问题，不相互抵销。,原研究的未完成记录；须与后续补订及正文逐条核销
nodes/r_5b1357a9c6/cards/t_c69786/notes_competing_accounts.md,12,## H2 公开和平与联盟博弈,- Cookson公开摘要（P2）保留地方和平网络真实力量，反对把动员完全归于宫廷；但同一专著三摘要不是三独立证人，未取得全文的选区机制不作已核。,原研究的未完成记录；须与后续补订及正文逐条核销
nodes/r_5b1357a9c6/cards/t_c69786/notes_french_terms_navy.md,13,## K7 Gregory Fremont-Barnes的指挥与基地结构,"- *The Royal Navy 1793–1815* (Osprey, 2007)，印页41–42、49–50；网页OCR https://epdf.tips/the-royal-navy-1793-1815.html ，`downloads/pages/7f93512d05f7.md`；本轮实际读行1598–1669、2325–2368及头部元数据。未做扫描视觉对校。",原研究的未完成记录；须与后续补订及正文逐条核销
nodes/r_5b1357a9c6/cards/t_c69786/notes_french_terms_navy.md,22,## L6 B4运输接口（消息线索，不作实绩数据）,- 本卡未读该原页，本次不将数值放入能力表；只将‘道路/车马/服从不是无摩擦’纳入迁政府触发条件。旧L5撤粮取消仍按已授权交接使用。,原研究的未完成记录；须与后续补订及正文逐条核销
nodes/r_5b1357a9c6/cards/t_c69786/notes_ireland_press.md,29,## J3 《泰晤士报》：反部长与反法国可共存,- 1814蒸汽印刷为本章主题，但本轮不根据未读原号给复制速率或确切扩散年预测。报刊规模增长是条件方向，不编造本土战败日的社论。,原研究的未完成记录；须与后续补订及正文逐条核销
nodes/r_5b1357a9c6/cards/t_c69786/notes_landing.md,28,## L4 财政部/银行撤离：已查到与没查到,- 未读到上述承重书页；不能视为核定执行细则；英格兰银行财宝≠英国国库全部资源。Weedon建设日期尤其需复核，不能倒填1803。,原研究的未完成记录；须与后续补订及正文逐条核销
nodes/r_5b1357a9c6/cards/t_c69786/notes_local_evacuation_correction.md,9,## L7 实际读取及出处,- 上述WSRO、WO仅**转引Chilcott**，本卡未读原卷；B1/B4共用同一论文及底层档案链，不能计两份独立史证。正文PDF有重复段，本次只用首份页序。,原研究的未完成记录；须与后续补订及正文逐条核销
nodes/r_5b1357a9c6/cards/t_c69786/notes_local_evacuation_correction.md,16,## 收窄旧表述,5. B4另提1804-08-20 Hawkesbury通函（论文p234/PDF242）属于外卡线索，本次未读，故不承重B1新增断言。,原研究的未完成记录；须与后续补订及正文逐条核销
nodes/r_5b1357a9c6/cards/t_c69786/notes_postwar.md,19,## W3 谷物法与粮食可得性,- 1846 Shetland渔民请愿称若能以鱼与西班牙/德意志换粮，同等价可购双倍粮，贵族又少买他们鱼；1846 North Devon Agricultural Protection Society反称废保护危害国家并压低工资。两项为作者转引原请愿，未读卷宗。,原研究的未完成记录；须与后续补订及正文逐条核销
nodes/r_5b1357a9c6/cards/t_c87512/P6_victory_paths_wargame.md,287,## §5 路径B｜S2′ 最优构造线（1803–1815）：本卡的主线,1. **不追求任何单项最大化**（T3）；2. **凡让步必包装为工具性收益**（F1 L143）；3. **凡可用条约买到的，不用战争买**；4. **凡不能自持的省，不并**（D2）；5. **凡削弱盟友财政的执法，不做**（SC/X2）；6. **把皇帝的单边冲动导向非红线方向**（F1 L251）。,原研究的未完成记录；须与后续补订及正文逐条核销
nodes/r_5b1357a9c6/cards/t_c87512/P6_victory_paths_wargame.md,608,### 10.1 三层版图表（`P6_max_extent.csv`；只列已核分量，未取得人口数者明写缺口）,### 10.1 三层版图表（`P6_max_extent.csv`；只列已核分量，未取得人口数者明写缺口）,原研究的未完成记录；须与后续补订及正文逐条核销
nodes/r_5b1357a9c6/cards/t_c87512/P6_victory_paths_wargame.md,616,### 10.1 三层版图表（`P6_max_extent.csv`；只列已核分量，未取得人口数者明写缺口）,| 托斯卡纳／帕尔马型单位 | 本卡未取得独立人口数（缺口） | D2 L198明列其为A层可行边界内 | 可并，净值取决于教会安排 |,原研究的未完成记录；须与后续补订及正文逐条核销
nodes/r_5b1357a9c6/cards/t_c87512/P6_victory_paths_wargame.md,617,### 10.1 三层版图表（`P6_max_extent.csv`；只列已核分量，未取得人口数者明写缺口）,"| 贝格型工业区 | 未取得 | D2：外圈全样本唯一""并合正需求""（1811四千人签名请求被法国保护主义拒绝）；X3：S6唯一技术正项 | 条件性可并 |",原研究的未完成记录；须与后续补订及正文逐条核销
nodes/r_5b1357a9c6/cards/t_c87512/P6_victory_paths_wargame.md,622,### 10.1 三层版图表（`P6_max_extent.csv`；只列已核分量，未取得人口数者明写缺口）,"**B层（法典化藩属）**：莱茵邦联1,400万（G2：1808年39邦、承诺126,000人）＋荷兰约200万＋意大利王国／那不勒斯／瑞士（本卡未取得统一口径人口）。已核分量≈1,600万，实际总量应在2,600–3,200万量级（**该区间为本卡按已核分量与缺口单位的量级推断，非实测**）。",原研究的未完成记录；须与后续补订及正文逐条核销
nodes/r_5b1357a9c6/cards/t_c87512/P6_victory_paths_wargame.md,682,### 12.2 其他具名缺口,- P4正式卡未完成，本卡海军判定用其中期模型值（1830吨位代理W 0.742／P 0.902，效能W 0.449／P 0.876）；P4定稿后须回校§0.1与§6.3。,原研究的未完成记录；须与后续补订及正文逐条核销
nodes/r_5b1357a9c6/cards/t_c87512/part_03_pathA_B.md,29,## §5 路径B｜S2′ 最优构造线（1803–1815）：本卡的主线,1. **不追求任何单项最大化**（T3）；2. **凡让步必包装为工具性收益**（F1 L143）；3. **凡可用条约买到的，不用战争买**；4. **凡不能自持的省，不并**（D2）；5. **凡削弱盟友财政的执法，不做**（SC/X2）；6. **把皇帝的单边冲动导向非红线方向**（F1 L251）。,原研究的未完成记录；须与后续补订及正文逐条核销
nodes/r_5b1357a9c6/cards/t_c87512/part_05_verdict.md,41,### 10.1 三层版图表（`P6_max_extent.csv`；只列已核分量，未取得人口数者明写缺口）,### 10.1 三层版图表（`P6_max_extent.csv`；只列已核分量，未取得人口数者明写缺口）,原研究的未完成记录；须与后续补订及正文逐条核销
nodes/r_5b1357a9c6/cards/t_c87512/part_05_verdict.md,49,### 10.1 三层版图表（`P6_max_extent.csv`；只列已核分量，未取得人口数者明写缺口）,| 托斯卡纳／帕尔马型单位 | 本卡未取得独立人口数（缺口） | D2 L198明列其为A层可行边界内 | 可并，净值取决于教会安排 |,原研究的未完成记录；须与后续补订及正文逐条核销
nodes/r_5b1357a9c6/cards/t_c87512/part_05_verdict.md,50,### 10.1 三层版图表（`P6_max_extent.csv`；只列已核分量，未取得人口数者明写缺口）,"| 贝格型工业区 | 未取得 | D2：外圈全样本唯一""并合正需求""（1811四千人签名请求被法国保护主义拒绝）；X3：S6唯一技术正项 | 条件性可并 |",原研究的未完成记录；须与后续补订及正文逐条核销
nodes/r_5b1357a9c6/cards/t_c87512/part_05_verdict.md,55,### 10.1 三层版图表（`P6_max_extent.csv`；只列已核分量，未取得人口数者明写缺口）,"**B层（法典化藩属）**：莱茵邦联1,400万（G2：1808年39邦、承诺126,000人）＋荷兰约200万＋意大利王国／那不勒斯／瑞士（本卡未取得统一口径人口）。已核分量≈1,600万，实际总量应在2,600–3,200万量级（**该区间为本卡按已核分量与缺口单位的量级推断，非实测**）。",原研究的未完成记录；须与后续补订及正文逐条核销
nodes/r_5b1357a9c6/cards/t_c87512/part_05_verdict.md,115,### 12.2 其他具名缺口,- P4正式卡未完成，本卡海军判定用其中期模型值（1830吨位代理W 0.742／P 0.902，效能W 0.449／P 0.876）；P4定稿后须回校§0.1与§6.3。,原研究的未完成记录；须与后续补订及正文逐条核销
nodes/r_5b1357a9c6/cards/t_c8b161/IE_ireland.md,183,## ⑫ 交流与流动,"**【演·高置信】**：这意味着法国在任何时点对爱尔兰动员潜力的估计都会**系统性偏高**，而对英国镇压速度的估计会**系统性偏低**。任何以""法国将理性评估后加大投入""为前提的推演，都必须先解决这个信息结构问题——最低成本的解法是**派遣法国自己的军官实地侦察**（1797年督政府曾派密使但未取得护照），而非依赖流亡者报告。",原研究的未完成记录；须与后续补订及正文逐条核销
nodes/r_5b1357a9c6/cards/t_ca3e8d/EG_egypt_red_sea.md,53,### ① 决策结构与政治制度,"- 【锚点】否决点的物理清除：1810-08 Fayoum决战、1811-03-01城堡屠杀马穆鲁克首领层、1812-05 Esneh扫尾（Driault 1925 p16–17；Aksan L2123""由此获得行动独立""）。此后埃及境内无组织性否决者；乌理玛层在1809–15间被边缘化（Umar Makram 1809流放——据通说，本卡未读Jabarti原文，标转引缺口）。",原研究的未完成记录；须与后续补订及正文逐条核销
nodes/r_5b1357a9c6/cards/t_ca3e8d/EG_egypt_red_sea.md,65,### ③ 财政货币金融,"- 【锚点】1830s末量级：Bowring 1840报告为标准来源（本卡未读原件，标转引：Marsot p186以下多处引用；后续轮应取archive.org/HathiTrust原卷）；1841–42债务8,000万法郎（£2.4m），税欠14.08m/75.23m pts≈19%（Marsot p264）。",原研究的未完成记录；须与后续补订及正文逐条核销
nodes/r_5b1357a9c6/cards/t_ca3e8d/EG_egypt_red_sea.md,68,### ③ 财政货币金融,"- 【推演·中高】对法工具性：埃及财政可以**自养一支东地中海军队**（这是它对法国的最大财政意义——法军若驻埃及8万人以下，理论上可就地喂养：1798–1801实测+圣赫勒拿自估5万口径），但**不能输出贡赋**（对照F4的净资源公式：埃及是""自养型盟友""而非""贡赋省""）。",原研究的未完成记录；须与后续补订及正文逐条核销
nodes/r_5b1357a9c6/cards/t_ca3e8d/EG_egypt_red_sea.md,74,### ④ 经济：产出、贸易、资源、运输,- 【锚点】运输：尼罗河=主动脉（200 germes河船队，Marsot p160；40艘/月造船令运苏丹奴隶，Fahmy L4557）；亚历山大-开罗Mahmudiyya运河（1817–20，本卡未读原始徭役死亡数，通行估万级，标转引待核）；苏伊士-开罗驼运走廊。,原研究的未完成记录；须与后续补订及正文逐条核销
nodes/r_5b1357a9c6/cards/t_ca3e8d/EG_egypt_red_sea.md,97,### ⑧ 社会运动与抵抗传统,- 【锚点】1798-10开罗第一次起义、1800-03/04第二次起义（法占实测；本卡未读Jabarti原文，事件框架据通说+Driault 1925 p5–6圣赫勒拿回溯段旁证，标转引）；1805乌理玛-市民拥立阿里废Khurshid=城市政治的造王能力（Aksan L2123）。,原研究的未完成记录；须与后续补订及正文逐条核销
nodes/r_5b1357a9c6/cards/t_ca3e8d/EG_egypt_red_sea.md,114,### ⑪ 生态与人口,- 【锚点】人口：Fahmy取~500万（1830s中）；（法占时Description估245–290万、1846普查~450万诸口径存—本卡未读原表，标注不冻结）。,原研究的未完成记录；须与后续补订及正文逐条核销
nodes/r_5b1357a9c6/cards/t_ca3e8d/EG_egypt_red_sea.md,120,### ⑫ 交流与流动,- 【锚点】领事-代理网：Drovetti（1803–15副领/总领，1821–29复任——复任段本卡未读原件，转引通说）vs Missett（1803–07、1811–16）/Salt（1816–27，1823-11与Drovetti同台阅兵，Fahmy L4736）；瑞典领事Petrucci兼英代理（1808，Driault 1925 p22）。,原研究的未完成记录；须与后续补订及正文逐条核销
nodes/r_5b1357a9c6/cards/t_ca3e8d/EG_egypt_red_sea.md,145,### 3.3 1830阿尔及尔类比的适用边界（对P2/Q1接口）,"- 【锚点】征服易：1830登陆至陷城约三周（投降约7-3签字，Panzac p140脚注；本卡未读远征军规模原始文书，37,000人/600舰船为通说，标待核）；消化难：**台账F2锚点：法属阿尔及利亚1846/47驻军≈10万、1848–70多数年65k（Frémeaux ENS2006，downloads/pages/254d31b40981.md）**。",原研究的未完成记录；须与后续补订及正文逐条核销
nodes/r_5b1357a9c6/cards/t_ca3e8d/EG_egypt_red_sea.md,272,### 改判证据（≥2，供红队与后续轮）,"4. **E4（推翻1839–41情景分岔）**：若未读的Driault 1930 t.II–V文件显示法国1840实际愿意为阿里单独对抗欧洲（而非Thiers虚声势），则S5第21行""无协调则阿里全胜""的主线置信上调。",原研究的未完成记录；须与后续补订及正文逐条核销
nodes/r_5b1357a9c6/cards/t_ca3e8d/EG_egypt_red_sea.md,281,## 9. 缺口与未获资料（含它们能裁决什么）,5. **Mengin 1823/1839、Rivlin 1961、Dodwell 1931、Cole《Napoleon's Egypt》**：未读；影响面：埃及早期经济统计（Mengin）、农业政策细部（Rivlin，Anna已见两PDF可下）、叙事细节（Dodwell）、法占社会史（Cole）。不改变本卡主判，可加密③④⑤。,原研究的未完成记录；须与后续补订及正文逐条核销
nodes/r_5b1357a9c6/cards/t_ca3e8d/EG_egypt_red_sea.md,289,## 10. 口径冲突表（供红队/总装）,| 人口 | Fahmy 约500万 | 1846普查~450万、法占期估计更低（未读原表） | 写400–500万区间；征拔率2.6%为Fahmy口径 |,原研究的未完成记录；须与后续补订及正文逐条核销
nodes/r_5b1357a9c6/cards/t_ca3e8d/notes_aksan_scott.md,28,## 口径冲突表（本卡内部）,"- 军力峰值：Fahmy档案口径mid-1830s征兵累计130,000（陆海合计诠释）vs Scott 1837额定90,550/实额≤80,000（埃籍正规军）+叙利亚兵与非正规近倍→**三口径并存：埃籍正规实额~80k／额定~90k／含海军+叙募+非正规总动员~130–160k**；分母人口Fahmy取500万（McCarthy低口径450万左右另有—未读原书不引）。",原研究的未完成记录；须与后续补订及正文逐条核销
nodes/r_5b1357a9c6/cards/t_cbaee3/G2_north_german_states.md,59,### 汉诺威：没有君主在场的国家,"【机制】**君主缺位＝无投降主体也无叛乱核心**：解散的士兵回乡，其中数以千计经英国招募进入国王德意志军团（KGL）继续以汉诺威名义作战（本卡未核KGL兵籍册；量级见B4卡Fortescue返回表的外籍单位与IE卡""爱尔兰人占英军32%""同类口径，标【转引待核】）。",原研究的未完成记录；须与后续补订及正文逐条核销
nodes/r_5b1357a9c6/cards/t_cbaee3/G2_north_german_states.md,148,## ⑤ 汲取与动员上限,| 汉诺威 | —（被占领区） | 反向动员：解散士兵流入KGL（量级待核） | — |,原研究的未完成记录；须与后续补订及正文逐条核销
nodes/r_5b1357a9c6/cards/t_cbaee3/G2_north_german_states.md,202,## ⑪ 生态与人口,"【锚点】人口存量（Grab）：威国200万、贝格100万、法兰克福30万、莱茵邦联总量1,400万；ACJR 1750权重（千人）：汉诺威1,090、萨克森王国1,020、梅克伦堡-什未林217。增长率1815–50（Kopsidis表3）：萨克森王国1.5%/年（三早期工业化邦之一）、梅克伦堡-什未林1.3%（农业出口驱动）、西北集团（威斯特法利亚0.8%、不伦瑞克0.6%、汉诺威0.8%、石荷0.8%）显著偏低。战争人口冲击：威国22,000入俄生还1,500（-1%总人口的青年男性单役损失）；汉堡1813–14被逐2万+焚8,000户+围城饥疫（城史称人口锐减，本卡不给精确超额死亡数——缺口：Aaslestad *1813* 专著与市档案统计未取得）。",原研究的未完成记录；须与后续补订及正文逐条核销
nodes/r_5b1357a9c6/cards/t_cbaee3/G2_north_german_states.md,390,### 方法局限与未决问题,- Berding专著、Fehrenbach专著、Aaslestad专著、Owzar论文均未取得全文：本卡以Berding本人手稿长段（LWL）、Dwyer/Brophy完整书评、Beck 1890开篇长段替代；转引均已标。Owzar未获任何可核文本，未以其名义作任何陈述。,原研究的未完成记录；须与后续补订及正文逐条核销
nodes/r_5b1357a9c6/cards/t_cbaee3/G2_north_german_states.md,392,### 方法局限与未决问题,- 尚缺：萨克森对华沙垫款的逐年帐（ADB仅给累计额与1828补偿额）；取得后可量化“华沙拖累曲线”供PL卡与P8。汉堡1813–14超额死亡无可靠数；Aaslestad 1813专题或城市人口学史可补。,原研究的未完成记录；须与后续补订及正文逐条核销
nodes/r_5b1357a9c6/cards/t_ccdcc8/NL_netherlands_switzerland.md,27,## 0b. 方法、复用与材料边界,"- 谱系与转引申明：卡片指定的Schama《Patriots and Liberators》本卡经Grab脚注层转引（Grab ch.4注6–33中17处为Schama），未取得原书全文——凡Schama数字均标""Schama, via Grab""；Bonjour、Oechsli、Dierauer、Gagliardi、Guillon（瑞士章）同理经Grab转引。Joor为直接阅读。Lok、van Sas经Hemstad(2020)与Verheijen(2017)转引。此为本卡最大的材料层级限制，红队抽核时请注意。",原研究的未完成记录；须与后续补订及正文逐条核销
nodes/r_5b1357a9c6/cards/t_ccdcc8/NL_netherlands_switzerland.md,131,## ⑫ 交流与流动,"- 殖民地实体：好望角1806-01英军再占（Blaauwberg之役后Janssens降）；爪哇Daendels总督1808–11（筑安耶尔-帕纳鲁坎千公里军用邮路、强征徭役、出售Probolinggo/Besuki等地产以筹防务——Wilson 2018 pp.183–184载""lands sold to them by Daendels""；口径：徭役死亡数以万计的传统说法本卡未独立核实，标为待核）；1811-08英军攻爪哇、9月Janssens降（Wilson 2018 ch.4 ""Java's invasion""）；锡兰1796/1802已英属。**兼并荷兰=继承一个已被剥光的殖民帝国**：1810年实际在手仅爪哇及若干据点，1811年归零。",原研究的未完成记录；须与后续补订及正文逐条核销
nodes/r_5b1357a9c6/cards/t_e0038f/D2_annexed_outer.md,44,## §1 单位速览（详表见D2_indicators.csv，逐单位出处见notes_*.md）,"【口径警示】人口数除罗马（帝国预算指令口径80万）、伊利里亚（Grab 150万）、瓦莱（12.6万）外为权重知识近似，标待核；征兵""缺面板""=本卡未获年度征额/实得序列，不虚构。",原研究的未完成记录；须与后续补订及正文逐条核销
nodes/r_5b1357a9c6/cards/t_e0038f/D2_annexed_outer.md,59,### 2.1 六型失败模式【机制】,6. **战争吞噬型（加泰罗尼亚）**：并合议程从未在社会层面开始；帝国先后测试最大让步工具箱（加泰语官方化+本地corregidor——1810.3–9）与最大强制工具箱（戒严+军事法庭+村镇报复），双双失败且由帝国自己的行政序列自认（1813-03民政撤销；1812敕令始终不敢刊入法律公报）。,原研究的未完成记录；须与后续补订及正文逐条核销
nodes/r_5b1357a9c6/cards/t_e0038f/notes_catalonia.md,17,## 官员来源【锚点】,"- 省长/副省长为法国人：Ter+Segre省长de Roujoux（驻赫罗纳""省府宫""）；菲格拉斯副省长Las Casas；上加泰总监**de Gérando男爵**（哲学家行政官，**1808年正是托斯卡纳军政委员会成员——外圈行政干部的跨单位再利用实例**，待核其托斯卡纳履历表述）；下加泰总监Chauvelin伯爵（C、E、H）。",原研究的未完成记录；须与后续补订及正文逐条核销
nodes/r_5b1357a9c6/cards/t_e0038f/notes_catalonia.md,24,"## 语言行政：帝国唯一的""在地语言官方化""实验【锚点】","- 事后评估（1812-04 Chauvelin咨询法典翻译语言，Audiència的golillas委员会）：""**元帅确信恢复加泰语有助于绥靖人心……但起义丝毫未因此减弱。此措施只是使文书起草更困难、让所有承办者不快**""；建议法典译成卡斯蒂利亚语（F引原文）→语言让步作为绥靖工具的同时代失败评估。",原研究的未完成记录；须与后续补订及正文逐条核销
nodes/r_5b1357a9c6/cards/t_e0038f/notes_catalonia.md,42,## 本卡判定素材,"- 加泰=外圈""强制上限""样本：**帝国在此测试了它最大的让步工具箱（语言官方化+本地corregidor+温和民政）与最大的强制工具箱（戒严+军事法庭+村镇报复）——两者都失败**；失败判定由帝国自己的行政序列写出（1813-03民政撤销）。",原研究的未完成记录；须与后续补订及正文逐条核销
nodes/r_5b1357a9c6/cards/t_e0038f/notes_hansa.md,17,## 3年内抵抗：从顺从到爆炸【锚点】,"- 终局暴力：1813-05底Davout再占汉堡→戒严、**罚金4,800万法郎**（G2台账：≈汉萨年预期税目标38.8m的1.3倍）、驱逐数千贫民过冬（后者为权重知识，1813-12""驱逐不能自储粮者""，标待核）；汉堡围城至1814-05投降。",原研究的未完成记录；须与后续补订及正文逐条核销
nodes/r_5b1357a9c6/cards/t_e0038f/notes_hansa.md,28,## 征兵实得【锚点+缺口】,"- 1811引入征兵（G-con L35）；""conscription led to extensive desertion""（Grab G-md L2553）；1813-02起义导火索之一即被押征兵者；缺汉萨三省征额/实得年度数——D2表标缺口，以""desertion extensive+起义触发""为替代指标。权重知识（标待核）：三省1811–12实征约3,000量级、俄役汉萨营几乎全没。",原研究的未完成记录；须与后续补订及正文逐条核销
nodes/r_5b1357a9c6/cards/t_e0038f/notes_hansa.md,31,## 官员来源/语言【锚点】,"- Davout委员会+法国官员充任（G-md L2551–2553）；d'Aubignosc（法）任警察总监（Aaslestad p.129）；本地精英""怨恨被排除于权力之外""（Grab L2553）。行政语言法语、公告双语（权重知识，标待核）。",原研究的未完成记录；须与后续补订及正文逐条核销
nodes/r_5b1357a9c6/cards/t_e0038f/notes_holland.md,24,## 征兵实得【锚点+缺口】,"- 缺口：Joor本章无年度征额/实得总数。Grab书荷兰章亦无总额，只述""数千荷兰青年死于俄国""（G-md L1996）。权重知识（标注待核）：1811–13荷兰诸省征兵+海军征募合计约35,000量级；1812远征军中荷兰籍约15,000、生还者数百。→D2表列""缺可靠实得序列""，以35%动因占比+20次征兵暴动作抵抗强度替代指标。",原研究的未完成记录；须与后续补订及正文逐条核销
nodes/r_5b1357a9c6/cards/t_e0038f/notes_holland.md,31,## 财政/教会/语言/官员（Grab书+F4接口）【锚点】,- 语言：法语为官方行政语言、荷语并用（权重知识，标待核；Verheijen书可证——其研究主题即荷语民族话语在拿破仑治下的地下存续）。,原研究的未完成记录；须与后续补订及正文逐条核销
nodes/r_5b1357a9c6/cards/t_e0038f/notes_rome.md,28,## 财政/走私【锚点·接F4】,- 贸易：教皇国经济本贫（Grab：朝圣收入下滑、坎帕尼亚大庄园不开发、资产阶级弱小）；并合后朝圣-教廷开支经济蒸发>法国公共工程投入（Tournon的考古/工程就业计划规模有限——权重知识，标待核）；海岸走私（英西西里线）与马匪共生。,原研究的未完成记录；须与后续补订及正文逐条核销
nodes/r_5b1357a9c6/cards/t_e0038f/notes_valais.md,34,## 3年内抵抗,"- 终局：省长夜遁、奥军无血占领、1815-05-12瓦莱入瑞士联邦（B）。""帝国痕迹""：法制行政层在1815后部分保留（州公路、登记制度——权重知识，标待核）。",原研究的未完成记录；须与后续补订及正文逐条核销
nodes/r_5b1357a9c6/cards/t_eaa841/P7_world_chronicle_1803_1848.md,1381,## §5 方法申明与缺口,- **概率纪律**：条目置信不可相乘；八分问表的概率带来自源卡原表，未做本卡再聚合（聚合属P8，须用P6_realization.csv共因模型行，禁用十节点乘积）。,原研究的未完成记录；须与后续补订及正文逐条核销
nodes/r_5b1357a9c6/cards/t_eaa841/raw_yeartables.md,93,### file: annual_levies_evidence.md (31 rows),"|1811：167,000，其中90,000 reserve|不能直接拿来与1811年级120,000或1810年授权相比：年级、批准日、预备调用状态均未确定。|167,000/90,000按用户摘录保留；差额77,000不当实到。与120,000授权、草案80,000现役目标并存待核。|",原研究的未完成记录；须与后续补订及正文逐条核销
nodes/r_5b1357a9c6/cards/t_eaa841/raw_yeartables.md,95,### file: annual_levies_evidence.md (31 rows),"|1813新增350,000；1812年9月120,000仍在depots|这是最显著的流量/存量混合：1812年征令形成的人力可能在1813年仍处补充营；在补充营不等于未被军队编入，更不等于已进入野战军。|350,000的统计截止日及“新增”定义待查；120,000单列为旧征令关联的补充营状态，禁止作为1813新增再计。也不默认120,000就是后来所列1813级137,000的全部或子集。|",原研究的未完成记录；须与后续补订及正文逐条核销
nodes/r_5b1357a9c6/cards/t_eaa841/raw_yeartables.md,518,### file: B3_royal_navy.md (65 rows),|1807|H123；1807哥本哈根取舰需大量人员驾返且有政治代价。[J15、BJ]→拒敌使用与俘获增援不同|S1：中立条约减少抢舰诱因；S2宽俄则降低波罗的海对抗；S3/S6：可再采用先发拒敌工具，但中立国可能抵抗，不能当免费丹麦舰队；S5前史保存交易余地|中|,原研究的未完成记录；须与后续补订及正文逐条核销
nodes/r_5b1357a9c6/cards/t_eaa841/raw_yeartables.md,998,### file: R3_russian_army.md (18 rows),"18. **1848–49**〔S0〕紧急状态增兵至110万带；1849年入匈牙利助奥镇压（""少有荣光""，Keep p.324；出兵规模通说约19–20万，本卡未取得档案锚点，标未核）。",原研究的未完成记录；须与后续补订及正文逐条核销
nodes/r_5b1357a9c6/cards/t_eaa841/raw_yeartables.md,1644,### file: IN1_east_india_company 2.md (57 rows),"1. **1803–15 逐年印度总岁入/支出连续序列未取得**。权威来源已定位：*Returns of the Gross Revenue, &c., in India since 1792*（HC ordered to be printed 22 June 1855），由 R. C. Dutt 1906 第 XXIII 章全文转引；本地 OCR 将表格拆为标题块与数字块，无法可靠对行，故未转录（1835-36 至 1837-38 三年因格式完整而可用）。**补救方式**：调取该 1855 年 Return 原件或 Dutt 原书 PDF 页图。",原研究的未完成记录；须与后续补订及正文逐条核销
nodes/r_5b1357a9c6/cards/t_eaa841/raw_yeartables.md,1645,### file: IN1_east_india_company 2.md (57 rows),2. **1813 年特许状法案（53 Geo. III c.155）逐条原文未取得**。Auber 1826 《Analysis》在 archive.org 被分成 10 段 OCR，Hansard 决议页未定位。本卡因此不对传教条款、主教区、教育拨款£10万等做事实断言。,原研究的未完成记录；须与后续补订及正文逐条核销
nodes/r_5b1357a9c6/cards/t_eaa841/raw_yeartables.md,1702,### file: IN1_east_india_company.md (57 rows),"1. **1803–15 逐年印度总岁入/支出连续序列未取得**。权威来源已定位：*Returns of the Gross Revenue, &c., in India since 1792*（HC ordered to be printed 22 June 1855），由 R. C. Dutt 1906 第 XXIII 章全文转引；本地 OCR 将表格拆为标题块与数字块，无法可靠对行，故未转录（1835-36 至 1837-38 三年因格式完整而可用）。**补救方式**：调取该 1855 年 Return 原件或 Dutt 原书 PDF 页图。",原研究的未完成记录；须与后续补订及正文逐条核销
nodes/r_5b1357a9c6/cards/t_eaa841/raw_yeartables.md,1703,### file: IN1_east_india_company.md (57 rows),2. **1813 年特许状法案（53 Geo. III c.155）逐条原文未取得**。Auber 1826 《Analysis》在 archive.org 被分成 10 段 OCR，Hansard 决议页未定位。本卡因此不对传教条款、主教区、教育拨款£10万等做事实断言。,原研究的未完成记录；须与后续补订及正文逐条核销
nodes/r_5b1357a9c6/cards/t_eaa841/raw_yeartables.md,1829,### file: HT_haiti_caribbean 2.md (41 rows),9. **1809-02／1810-02-05** 【锚】英军先后夺取马提尼克（1809-02，**本卡按权重知识标注，待核一手**）与瓜德罗普（投降文书日期1810-02-05，见1813英瑞条约分立条款引文）。→ **法属安的列斯全部易手。**,原研究的未完成记录；须与后续补订及正文逐条核销
nodes/r_5b1357a9c6/cards/t_eaa841/raw_yeartables.md,1837,### file: HT_haiti_caribbean 2.md (41 rows),19. **1816** 【锚】佩蒂翁两度接济玻利瓦尔（文献线索，未读正文）；同年法国再派使团（Fontanges/Esmangart，**本卡按权重知识标注，待核**）。,原研究的未完成记录；须与后续补订及正文逐条核销
nodes/r_5b1357a9c6/cards/t_eaa841/raw_yeartables.md,1851,### file: HT_haiti_caribbean 2.md (41 rows),"| **1816年Fontanges/Esmangart使团、1809年古巴驱逐圣多明各难民的一手文书** | §12、⑭第19条；均按权重知识标注为""待核"" | 法国外交部档案／古巴国家档案（Franco编《Documentos para la historia de Haití》1954） |",原研究的未完成记录；须与后续补订及正文逐条核销
nodes/r_5b1357a9c6/cards/t_eaa841/raw_yeartables.md,1871,### file: HT_haiti_caribbean 3.md (43 rows),9. **1809-02／1810-02-05** 【锚】英军先后夺取马提尼克（1809-02，**本卡按权重知识标注，待核一手**）与瓜德罗普（投降文书日期1810-02-05，见1813英瑞条约分立条款引文）。→ **法属安的列斯全部易手。**,原研究的未完成记录；须与后续补订及正文逐条核销
nodes/r_5b1357a9c6/cards/t_eaa841/raw_yeartables.md,1879,### file: HT_haiti_caribbean 3.md (43 rows),19. **1816** 【锚】佩蒂翁两度接济玻利瓦尔（文献线索，未读正文）；同年法国再派使团（Fontanges/Esmangart，**本卡按权重知识标注，待核**）。,原研究的未完成记录；须与后续补订及正文逐条核销
nodes/r_5b1357a9c6/cards/t_eaa841/raw_yeartables.md,1893,### file: HT_haiti_caribbean 3.md (43 rows),"| **1816年Fontanges/Esmangart使团、1809年古巴驱逐圣多明各难民的一手文书** | §12、⑭第19条；均按权重知识标注为""待核"" | 法国外交部档案／古巴国家档案（Franco编《Documentos para la historia de Haití》1954） |",原研究的未完成记录；须与后续补订及正文逐条核销
nodes/r_5b1357a9c6/cards/t_eaa841/raw_yeartables.md,1915,### file: HT_haiti_caribbean.md (43 rows),9. **1809-02／1810-02-05** 【锚】英军先后夺取马提尼克（1809-02，**本卡按权重知识标注，待核一手**）与瓜德罗普（投降文书日期1810-02-05，见1813英瑞条约分立条款引文）。→ **法属安的列斯全部易手。**,原研究的未完成记录；须与后续补订及正文逐条核销
nodes/r_5b1357a9c6/cards/t_eaa841/raw_yeartables.md,1923,### file: HT_haiti_caribbean.md (43 rows),19. **1816** 【锚】佩蒂翁两度接济玻利瓦尔（文献线索，未读正文）；同年法国再派使团（Fontanges/Esmangart，**本卡按权重知识标注，待核**）。,原研究的未完成记录；须与后续补订及正文逐条核销
nodes/r_5b1357a9c6/cards/t_eaa841/raw_yeartables.md,1937,### file: HT_haiti_caribbean.md (43 rows),"| **1816年Fontanges/Esmangart使团、1809年古巴驱逐圣多明各难民的一手文书** | §12、⑭第19条；均按权重知识标注为""待核"" | 法国外交部档案／古巴国家档案（Franco编《Documentos para la historia de Haití》1954） |",原研究的未完成记录；须与后续补订及正文逐条核销
nodes/r_5b1357a9c6/cards/t_eaa841/raw_yeartables.md,1970,### file: MX_new_spain_cuba.md (34 rows),"17. **1812–1815** ｜〔锚〕Morelos 的战争与 1815 年被处决（**通行史实，本卡未取同期文书，标待核**）。｜**A**：不发生或降级为地方叛乱（中低）；**C**：可能以""摄政政府 vs 联邦派""的形态出现（低）。",原研究的未完成记录；须与后续补订及正文逐条核销
nodes/r_5b1357a9c6/cards/t_eaa841/raw_yeartables.md,1981,### file: MX_new_spain_cuba.md (34 rows),28. **1848** ｜〔锚〕（**权重知识·待核**）波尔克授权以最高一亿美元购买古巴，西班牙拒绝。｜**三情形同**：美国对古巴的出价在 1848 年出现（中）。古巴归属见 §0 概率带。,原研究的未完成记录；须与后续补订及正文逐条核销
nodes/r_5b1357a9c6/cards/t_eaa841/raw_yeartables.md,2284,### file: D1_annexed_inner.md (2 rows),| 教会均衡 | 1803完成→1809拉断 | 1802完成→1809后局部拉断 | 1803形式完成，文化层未逸 | 未完成 | 无需（新教） |,原研究的未完成记录；须与后续补订及正文逐条核销
nodes/r_5b1357a9c6/cards/t_ec2248/P5_continental_economy_1815_1848.md,272,### 7.2 斯海尔德河与安特卫普：史实里被锁了四十八年的港口,"【锚点】安特卫普港池 1803-07-26 下令；Bonapartedok 1807 开挖、**1811-01-01 进船**；Willemdok 1808 开挖、1812 通航；其余岸壁 1815–1837 才建，1813–14 东侧两干船坞中北坞""从未完成""（佛兰德遗产清册第 10708 项）。Grab p.81：1800–05 商船活动扩大，**1808–13 海运锐减**。",原研究的未完成记录；须与后续补订及正文逐条核销
nodes/r_5b1357a9c6/cards/t_ec2248/P5_continental_economy_1815_1848.md,512,## §13 缺口与未完成项（诚实清单）,"3. **Crouzet 1964 全文仍未取得**（上一轮已记访问墙 `downloads/pages/220a7b0807cf.md`、`55392aeeec19.md`）；其""产业轴心由大西洋移向莱茵""两句与 p.573/p.576 数字均为经 Ellis/Juhász/O'Rourke 的转引。",原研究的未完成记录；须与后续补订及正文逐条核销
nodes/r_5b1357a9c6/cards/t_ec2248/P5_continental_economy_1815_1848.md,519,## §13 缺口与未完成项（诚实清单）,10. **本卡未做的一件事**：没有把 Juhász 的地区系数外推为全国纱锭增量。理由是该系数识别的是**法国内部地区间差异**，把它乘以全国人口会得到与 1812 年全帝国活动纱锭总数（≈133 万，Montalivet 经 X3 核）同量级的荒谬结果。**这是一处主动放弃的、看起来很有说服力的伪精确。**,原研究的未完成记录；须与后续补订及正文逐条核销
nodes/r_5b1357a9c6/cards/t_ec2248/notes_ellis_appendices.md,3,# notes｜Ellis 1981《Napoleon's Continental Blockade: The Case of Alsace》附录（P5 直读）,"来源：`downloads/X2_Ellis1981_Alsace__abac15ab1852.pdf`，doc `00c8af37e5cf`（384 页扫描，Clarendon Press 1981）。X2 卡已取全文但未读附录，台账明确""D1/P5/B5 可直接取""。以下为本卡**亲读 PDF 页图文字层**所得；OCR 有明显字形错讹，凡与""Total Trade""列不自洽者已按 `Imports + Exports = Total` 复原并逐条标注。",原研究的未完成记录；须与后续补订及正文逐条核销
nodes/r_5b1357a9c6/cards/t_ec2248/notes_infrastructure.md,21,## 二、斯海尔德河与安特卫普：史实里被锁了 48 年的港口,"- 【事实·复用】安特卫普港池：1803-07-26 下令；Bonapartedok 1807 开挖、**1811-01-01 进船**；Willemdok 1808 开挖、**1812 通航**；当时仅前者有两面岸壁，其余岸壁 1815–1837 才建；1813–14 东侧两座 93 米干船坞中北坞""从未完成""。来源：Agentschap Onroerend Erfgoed 清册第 10708 项（上一轮 `downloads/pages/9ef667a78a6e.md`）。Grab p.81：1800–05 商船活动扩大，**1808–13 海运锐减**。",原研究的未完成记录；须与后续补订及正文逐条核销
nodes/r_5b1357a9c6/cards/t_ec2248/notes_infrastructure.md,32,## 三、陆路：229 条帝国道路、辛普朗、圣康坦运河（复用上一轮已核，附本卡读数）,"- 【事实·复用】1811-12-16 第 7644 号法令把帝国道路**分类**为三等共 **229 条**（*Bulletin des lois* 418 号（1812）pp.66–127；经 Jean-Luc Arnaud 章 F1811 作者稿 pp.1–2 转引，`downloads/pages/27c3f908ae6f.md`）。**229 是分类条数，不是新建条数**；同稿指出军事驿站图东北部不少道路仍以待核测虚线绘出。Goger/Arnaud 地图说明（NAKALA 10.34847/nkl.e54ben5d，`3397c2a3449e.md`）指 1811 年重新分级的目的是""**réduire la part du Trésor**""——**减少国库对商业道路的负担**，非扩大公共投资。",原研究的未完成记录；须与后续补订及正文逐条核销
nodes/r_5b1357a9c6/cards/t_f314c4/SA_south_america.md,332,## 改判证据（本卡自列，≥2）,"- **E2**：若 Sassenay 使命的**法方训令原件**（Gallica bpt6k54214325 所据档案；本轮因站点验证拦截未取得）显示拿破仑为美洲准备了实质资源（舰队、资金、对美洲精英的具体让步），则""法国投送能力≈0""须上调为""意愿存在但被海权阻断""。",原研究的未完成记录；须与后续补订及正文逐条核销
nodes/r_5b1357a9c6/cards/t_f314c4/SA_south_america.md,346,# ⑰ 材料缺口与未决问题（诚实清单）,6. **未做**：南美各区 1803–1848 年的人口序列（Humboldt 的比较表本轮未取得对应卷）。本卡的人口数据仅有布宜诺斯艾利斯、蒙得维的亚、马尔多纳多与波帕扬比例。,原研究的未完成记录；须与后续补订及正文逐条核销
nodes/r_5b1357a9c6/cards/t_f314c4/notes_plata_economy.md,22,## B. 结构背景（供三情形推演的参数）,"  **来源状态**：以上取自 Cambridge Core 检索页所载正文片段（`Latin American Research Review`，Galarza 关于 1800–1810 财政转移的论文），**本卡未取得全文 PDF**，故一律标为""转引／检索页文本""，不作亲读引用；数值供区间使用。",原研究的未完成记录；须与后续补订及正文逐条核销
nodes/r_5b1357a9c6/cards/t_f4bb81/A_austria.md,80,## ④ 经济、资源和运输：大而互补，未转化为统一高流动市场,本卡不把未读到的储量吨数补成伪精确数字。结论仍明确：奥国的硬约束首先是**财政—运输—组织转换**，不是八类资源全部匮乏；法国拆开波希米亚制造、匈牙利粮食和维也纳融资圈后，要自行承担重新联接成本。,原研究的未完成记录；须与后续补订及正文逐条核销
nodes/r_5b1357a9c6/cards/t_f4bb81/A_austria.md,296,### 未尽资料与来源依赖,- Rothenberg只经Messman转引，Anna检索已找到版本但未取得全文；Kraehe卷I、Siemann、Langsam、Roider、Wandruszka未在本卡完成原书阅读，因此不冒充已用证据。相关议会、Hofkriegsrat及财政档案仍可使反应函数更细，不因缺失而暂停结论。,原研究的未完成记录；须与后续补订及正文逐条核销
nodes/r_5b1357a9c6/cards/t_f4bb81/VALIDATION.md,6,## 已执行,- 引用：`SOURCES.md`记录33个实际材料路径，程序确认均存在；法/德/匈/英材料分级，回溯性、转引和未读书单明列。,原研究的未完成记录；须与后续补订及正文逐条核销
nodes/r_5b1357a9c6/cards/t_f4bb81/notes_partition_dynasty.md,26,## MH81｜Claude Michaud评Domokos Kosáry（网页误Rosáry），Napoléon et la Hongrie1979,- 西班牙夺位＋华沙民法/废农奴令匈牙利贵族畏惧；Berzeviczy拟两院宪君草案，拿破仑未读到；Napoleon宣言印24k的说法属书评转Kosáry，不与Nagy当完全独立来源。,原研究的未完成记录；须与后续补订及正文逐条核销
nodes/r_5b1357a9c6/cards/t_f4bb81/part_01_core.md,80,## ④ 经济、资源和运输：大而互补，未转化为统一高流动市场,本卡不把未读到的储量吨数补成伪精确数字。结论仍明确：奥国的硬约束首先是**财政—运输—组织转换**，不是八类资源全部匮乏；法国拆开波希米亚制造、匈牙利粮食和维也纳融资圈后，要自行承担重新联接成本。,原研究的未完成记录；须与后续补订及正文逐条核销
nodes/r_5b1357a9c6/cards/t_f4bb81/part_03_timeline.md,83,### 未尽资料与来源依赖,- Rothenberg只经Messman转引，Anna检索已找到版本但未取得全文；Kraehe卷I、Siemann、Langsam、Roider、Wandruszka未在本卡完成原书阅读，因此不冒充已用证据。相关议会、Hofkriegsrat及财政档案仍可使反应函数更细，不因缺失而暂停结论。,原研究的未完成记录；须与后续补订及正文逐条核销
nodes/r_5b1357a9c6/cards/t_f55d87/G1_south_german_states.md,58,## ⑥军事,"【锚点】三邦军队按法国模式改编并实行普遍征兵（Grab p.104；巴伐利亚普遍兵役制入HLB改革清单）。作战履历：巴伐利亚1805（对奥）、1806–07（对普）、1809（对奥主战场辅助＋蒂罗尔镇压——4月巴军被逐出蒂罗尔、5月Wrede/Lefebvre夺回、8月再失、秋季法巴萨联军20,000＋意军10,000再征服）、1812（33,000）；1813年Ried后巴军36,000与奥军并肩（其后Hanau一役本卡未取得独立锚点，不展开）。符腾堡：奥斯特里茨、1806–07、1809-04镇压蒂罗尔与福拉尔贝格、1812（15,800→300）、战至莱比锡（Siemann）。巴登8,000配额，分队远戍（含西班牙方向的邦联分队——**本卡未取得逐邦名册，此项标注待核，不作数字引用**）。军官团与王朝的关系：Wrede既执行对法合作又主谈Ried（签字人），显示军队是王朝工具而非法国工具。【机制】南德军是""租借的常备军""：训练、给养、军官任命全在本国，法国只在战时获得指挥权（Ried秘密第5条反向证明：巴军此后""不得拆散、整体成军、本国将领直接指挥""是对拿破仑做法的否定性总结——拿破仑曾拆散使用邦联分队）。【推演】S5和平态下南德军是法国体系内建制化的第二梯队：合计常备45–60k、战时60k＋，法国无需驻军南德（对比：F2占领成本模型3‰＋1‰在此为零）——这是""支柱""的军事含义（高）。若S6吞并，法国需以自有部队填补南德防务与治安，按伦巴第-威尼西亚类比（奥1848年7万驻军，台账F2驻军类比纠偏条）南德三邦8–9百万人口对应60–90k驻军——恰好烧掉史实上南德自己白送的兵力（中高，接口P2）。",原研究的未完成记录；须与后续补订及正文逐条核销
nodes/r_5b1357a9c6/cards/t_f55d87/G1_south_german_states.md,78,## ⑪生态与人口,"【锚点】巴伐利亚人口：约1.9M（1799）→2.3M（1803）→3.2M（1806）→3.45M（1808，蒂罗尔置换后）→约3.7M（1816）——""1799–1816几乎翻倍""（HdBG门户）；蒂罗尔一地25,000km²、618,000人＝1806年王国人口约1/6（HLB蒂罗尔条目）。巴登人口""近百万""（NDB Reitzenstein条目，RDH补偿后）。符腾堡领土翻倍（Grab p.103；人口数本卡未取得同源锚点，不给数字）。森林：巴伐利亚9.7万公顷修道院林地国有化（HLB世俗化）。【机制】南德是欧洲的粮食-木材-兵员中间储备区；其承载力对法国体系的意义在E1卡框架下＝为大军过境与意大利-德意志战区提供给养走廊。【推演】1816/17年坦博拉气候灾年在史实中重创南德并触发第一波大规模移民——本卡在工作区内未取得该事件档案锚点，仅登记为S5年表的高概率外生冲击项（发生与否与政体无关，处置方式有关）：法国霸权下的1816/17饥馑若叠加大陆封锁残余与军费分摊，南德社会不满的和平出口（向俄属波兰/美洲移民）部分受阻，转向内部政治压力（低-中置信，标注为未锚定推演）。",原研究的未完成记录；须与后续补订及正文逐条核销
nodes/r_5b1357a9c6/cards/t_f55d87/G1_south_german_states.md,140,## ⑬对B1–B8的反应函数表（南德三邦作为一个单元，内部分歧另注；共10项政策）,"| **B4 伊比利亚三版** | —— | 强烈偏好""保留波旁联姻""版：无西班牙溃疡→邦联分队不被消耗、法国不分心 | 邦联分队（含巴登旅；逐邦名册待核）被消耗于西班牙；西班牙战争促使奥地利1809再战，南德首当其冲 | 1809战争爆发于拿破仑陷西班牙之时（napoleon.org蒂罗尔文） | 高 |",原研究的未完成记录；须与后续补订及正文逐条核销
nodes/r_5b1357a9c6/cards/t_f55d87/G1_south_german_states.md,222,## ⑯ 主线┴备选┴置信┴改判证据,**方法限度与未决问题**：(1) 本卡未能亲阅Dunan、Junkelmann、Weis传记两卷、Demel专著、Fehrenbach/Berding原书——均已标转引层级；巴登/符腾堡财政数字缺口（只有定性）；邦联分队在西班牙的逐邦名册待核；1810年代巴伐利亚对法私下态度的档案级证据缺如（现有判断依赖行为推断）。(2) 反事实推演中关于继承时刻与1830/40年代的条目为模型推演，无同时代文书锚点，已逐条标置信。(3) “第三德意志”本卡只覆盖南德三邦；萨克森/北中德在G2卡，两卡合读才构成完整第三德意志判断。,原研究的未完成记录；须与后续补订及正文逐条核销
nodes/r_5b1357a9c6/cards/t_f55d87/notes_zollverein_wirtschaft.md,24,"## B. 人口、领土与""人质领土""机制（HdBG门户）","【口径冲突】拜罗伊特购价：Weis讲稿p.54注74称""ab 1808 an Napoleon 20 Millionen fl.""（据AE档案），HdBG称23M法郎≈一年国家收入。20M fl≈43M法郎（1fl≈2.14fr），与23M法郎相差近倍——两处货币与口径待核（可能一为约定总价一为实付；Weis自己注""Jedoch Demel wie Anm. 73""提示分歧）。正文并列呈现，量级判断用""数千万法郎级、占年入很大比例乃至相当于一年收入""。",原研究的未完成记录；须与后续补订及正文逐条核销
nodes/r_5b1357a9c6/cards/t_f55d87/notes_zollverein_wirtschaft.md,58,## F. Dunan与Junkelmann：识别与缺口登记,"- Marcel Dunan《Napoléon et l'Allemagne. Le système continental et les débuts du royaume de Bavière, 1806-1810》Paris: Plon, 1942（新订版1943/1948），753 pp——已确认书目（SUDOC 063284294；Persée authority 145618）；**无免费全文，本轮未读**。主题恰为大陆封锁与巴伐利亚早期王国——其结论无法转引，缺口意味着：本卡关于大陆体系对巴伐利亚经济的量化影响（走私、过境贸易、莱比锡-法兰克福转口）只能依据Grab综述与一般机制，无逐年海关数据。",原研究的未完成记录；须与后续补订及正文逐条核销
nodes/r_b55f2c1cf5/cards/t_104134/c2_naval_econ_data.md,17,## 使用边界与文件索引,|1808—12棉出口|Heckscher与小川逐值一致|Baines和Daniels上游表未读；官方价；地域、年终待核|,原研究的未完成记录；须与后续补订及正文逐条核销
nodes/r_b55f2c1cf5/cards/t_104134/c2_naval_econ_data.md,63,## 补充来源质量与已交回数据,"法国两缓存版本不相同：`95e1bd14b0d8.md`来自https://www.ibiblio.org/pha/USN/Navy/navalhistoryofgr06jameuoft.pdf ，扉页文本明确VOL. VI、Macmillan、I9O2（1902）；`fea94568f86f.md`来自https://era-prod11.ethz.ch/download/pdf/22972845.pdf ，平台书目封页明确London,1837、Rar36427，但未标卷次。因此上文及CSV的“卷5”是待补核书目标识，不能声称该封页独立验证了卷次；1811正文印刷328页可定位。不得将两版本页码互换。",原研究的未完成记录；须与后续补订及正文逐条核销
nodes/r_b55f2c1cf5/cards/t_104134/c2_naval_econ_data.md,77,### 战争税冲突复核入口,【未验证】原始印刷表影尚未取得；保存转录在表附近未保留可靠的逐表栏号，所以不能提供伪精确的原始页／栏。上述cc1131–1159是整篇范围，并非声称两行横跨全部栏。红队可由第15项和原句定位后对照印刷本，区分原版算术错误、数字错排与数字化错误。两个派生值仅用于查错，不替换总表中的报告合计，也不认定分项必然正确。,原研究的未完成记录；须与后续补订及正文逐条核销
nodes/r_b55f2c1cf5/cards/t_104134/c2_naval_econ_data.md,82,## 尚未冻结,英国1806–15同口径；盟国全部年度；法国1807–14 afloat/building及船厂实绩；完整人力borne/mustered、海军战俘、舰材供应；完整英法财政及贸易序列未取得。三个有界子任务已交回，交回不等于原拟全部系列已完成。缺值不填0、不插值、不称无此史实。主源差异>15%且无法解释则并列、不得平均。法国重建若无独立第二源，交C3时保留不确定性范围，不能伪造统计置信区间。,原研究的未完成记录；须与后续补订及正文逐条核销
nodes/r_b55f2c1cf5/cards/t_208a11/c14_army_sustainability.md,11,## 结论与交付边界,本卡完成的是可追溯的切片账与条件判定，不是完整年度兵力数据库；指定书目中未取得的原著不冒充已读。,原研究的未完成记录；须与后续补订及正文逐条核销
nodes/r_b55f2c1cf5/cards/t_208a11/c14_army_sustainability.md,61,## 三、“逃兵地理＝同意边界”不成立为直接测量,【裁量｜高置信】逃役地理同时受人口适役程度、征额、执法、地形、家庭策略、替身市场及政治态度影响。它能证实国家面对地域差异，不能直接画出“内帝国人民同意、外帝国人民不同意”的线，更不能推出只有雇佣兵可行。Forrest全国逐年class表仍未取得；但已核其pp.70–72的地区实例，进一步反驳用征兵完成率直接测认同。,原研究的未完成记录；须与后续补订及正文逐条核销
nodes/r_b55f2c1cf5/cards/t_208a11/conscription_occupation_evidence.md,9,## 结论与交接边界,【待核】Broers意大利宪兵实员数、德意志要塞可核页码的一手兵力表、Esdaile“驻西班牙法军三十万”的确切出处仍未解决。下列不足均不以估计冒充实数。,原研究的未完成记录；须与后续补订及正文逐条核销
nodes/r_b55f2c1cf5/cards/t_208a11/conscription_occupation_evidence.md,82,## 4. Grab2013：意大利补充（不重算外籍化总额）,【事实·转引，p.118，注77】Melzi致Eugène，1813年10月23日：“conscription meets everywhere with the greatest repugnance”，并报告青年入山躲避。Grab转引Zaghi编通信卷8，pp.433–434；未读通信原件。,原研究的未完成记录；须与后续补订及正文逐条核销
nodes/r_b55f2c1cf5/cards/t_208a11/conscription_occupation_evidence.md,84,## 4. Grab2013：意大利补充（不重算外籍化总额）,"【事实·转引，p.118，注78–79】Mantua应征队列遭当地人袭击以协助逃走，Crostolo青年逃离，多位省长未完成配额。注78指Della Peruta, *Esercito*, p.397；注79指ASM, MG, c.806, 14 December 1813。原档未读。",原研究的未完成记录；须与后续补订及正文逐条核销
nodes/r_b55f2c1cf5/cards/t_208a11/conscription_occupation_evidence.md,92,## 5. Esdaile“三十万”：已排除一种误读，主问题仍留缺口,保存：`downloads/pages/5dea3a848dc0.md`；正文印刷pp.126–127（工具索引p29，不能作为书页引用）。,原研究的未完成记录；须与后续补订及正文逐条核销
nodes/r_b55f2c1cf5/cards/t_208a11/conscription_occupation_evidence.md,98,## 5. Esdaile“三十万”：已排除一种误读，主问题仍留缺口,【待核】若任务所指是Esdaile另一作品中的“驻西班牙法军三十万”，本次并未找到可带精确页码和时间的原句，**不得用上段替代**。搜索得到流行文章和军事论文中的类似数字，未据此认定Esdaile归属。,原研究的未完成记录；须与后续补订及正文逐条核销
nodes/r_b55f2c1cf5/cards/t_208a11/conscription_occupation_evidence.md,102,## 6. 占领兵力：仅线索，未达到逐数验收,"- Broers, “The Napoleonic Gendarmerie. The state on the periphery made real”，https://doi.org/10.4000/chs.1641，捕获`downloads/pages/1337c72a4274.md`：已有机制材料，但未取得对应年份、领土及编制/实员定义的“意大利宪兵总数”。不能把邻近时期或法国全帝国宪兵数移用。",原研究的未完成记录；须与后续补订及正文逐条核销
nodes/r_b55f2c1cf5/cards/t_208a11/horse_cadre_evidence.md,7,## 结论与交付状态,【事实｜核查状态】以下保留6项证据。Elting已实读相关章节的网页OCR正文，但纸本逐页边界在提取中丢失：下列“索引p86/p88”只是本地文档工具的分段页，**不是纸本页码**。精确引文与章节已保留，纸本页码仍待对校。Dawson数字均为实读网页正文及脚注，档案仅为转引。Leggiere仅读到预览中有关停战的概述，不能据此补足骑兵统计；Riehn未核实，不引。按最新分工，不再扩搜1810预算文书。,原研究的未完成记录；须与后续补订及正文逐条核销
nodes/r_b55f2c1cf5/cards/t_208a11/horse_cadre_evidence.md,19,### E1｜1812马匹损失：保留作者区间，不造单点精确值,定位：本地`downloads/pages/3762a4f8f4e3.md`，第78行所含第XVI章；索引文档`3762a4f8f4e3`，p86，检索完整引文。原始页面见文末。纸本精确页待核，区间属于作者估计，不能写成审计后的确数。,原研究的未完成记录；须与后续补订及正文逐条核销
nodes/r_b55f2c1cf5/cards/t_208a11/losses_source_audit.md,20,## 损耗对照——三源要求不可转化为伪三角测量,【事实：Woloch接口】Woloch1986原PDF被JSTOR返回非PDF页，未取得。RP23正文“DRAFT EVASION…”转引其p.110：1800–1813征入军队或国民卫队超过240万；“Consequences of Reform”转引p.123：1806–1810逃役大幅下降及1811改善；p.127：1812后逆转。所见材料没有Woloch独立死亡估计。不得凑数称三源支持“40–90万”。,原研究的未完成记录；须与后续补订及正文逐条核销
nodes/r_b55f2c1cf5/cards/t_26cd47/c12_russia_problem.md,13,## 结论,**交付边界：**这是有保留的研究结论，而非全部原件验收通过。Lieven专著、Caulaincourt法文卷I、Riehn正文、关税敕令全文和同期停驻命令尚缺；见第八节。随附三份证据札记保留较长引文与检索限度，本报告不把代理札记本身当作历史原始来源。,原研究的未完成记录；须与后续补订及正文逐条核销
nodes/r_b55f2c1cf5/cards/t_26cd47/c12_russia_problem.md,57,## 三、经济证据：严重冲击不等于“经济崩溃必战”,【裁量｜高置信】本卡未取得同口径年度贸易量—卢布汇率—财政赤字完整数据，不能声称已证实“封锁→卢布崩溃→战争”的完整因果链。相反，现有材料表明经济压力既可能推动谈判，也可能推动自主贸易和军备，没有唯一政治出口。,原研究的未完成记录；须与后续补订及正文逐条核销
nodes/r_b55f2c1cf5/cards/t_26cd47/c12_russia_problem.md,109,## 六、Lieven反证、俄国韧性与宫廷政治,"【文献推断｜Esdaile转述Lieven】“Hostility to France, however, did not necessarily mean war”；其书评概括亚历山大在1811年放弃进攻、等待被攻。它与Vandal记录早期条件性进攻未必矛盾，可以反映政策变化。**本轮未读Lieven专著，不给该书伪造页码。**[R1]",原研究的未完成记录；须与后续补订及正文逐条核销
nodes/r_b55f2c1cf5/cards/t_26cd47/c12_russia_problem.md,157,### 8.1 承重来源（以下均实际读到相关正文）,"- **P1** Dawid Madziar，“„Królestwo Polskie przywrócone”…”, *Meritum* VIII (2016), pp.113–130；宣言讨论脚注24–27，`downloads/pages/ce13bc8c21a9.md`行163–199。原句：“Królestwo Polskie jest przywrócone, Naród Polski na nowo w jedno ciało złączone”。转引Kallas 1989议会记录p.149，底本未读。https://bibliotekanauki.pl/articles/540558.pdf 。",原研究的未完成记录；须与后续补订及正文逐条核销
nodes/r_b55f2c1cf5/cards/t_26cd47/c12_russia_problem.md,164,### 8.1 承重来源（以下均实际读到相关正文）,"- **R4** Ana-Maria Lepăr，“Bucharest during the Peace of 1812”, *Hiperboreea* 2(2), 2015, pp.122–132；已读pp.122–124相关段，`downloads/pages/45dd82f748a7.md`。p.124：“on 16th/28th of May 1812 … officially signed”。https://docslib.org/doc/8863344/bucharest-during-the-peace-of-1812-ana-maria-lep%C4%83r-abstract 。正式条约底本经其转引，未读。",原研究的未完成记录；须与后续补订及正文逐条核销
nodes/r_b55f2c1cf5/cards/t_26cd47/limited_war_evidence.md,5,## 0. 状态与引用边界,【事实·本轮获取】取得可读的 Caulaincourt 英文节编本、Clausewitz 1843英译本提取文本、van Creveld 1977版重印本网页OCR。Riehn正文未取得；法文《Mémoires》第一卷未取得。以下页码为文本内的**印刷页码**，不是网页行号，也不是文档索引生成的虚拟页码。尚未逐页对照扫描图：引用为提取文本核读，断行连字符作连接处理；有疑字的句子尽量不选作直接引文。不得称为影印校勘完成。,原研究的未完成记录；须与后续补订及正文逐条核销
nodes/r_b55f2c1cf5/cards/t_26cd47/limited_war_evidence.md,74,### A6｜参谋反对：能证实劝阻，不能证成全体幕僚一致支持某份具体方案,"- p.70脚注引用Ségur, *Histoire et Mémoires*, IV, 93，分别描写Duroc、Lobau、Berthier、Caulaincourt、Daru的抗辩方式。**仅转引自本英编本注释；未读Ségur原卷。**",原研究的未完成记录；须与后续补订及正文逐条核销
nodes/r_b55f2c1cf5/cards/t_26cd47/limited_war_evidence.md,128,### C3｜纪律论对纯粹距离决定论构成校准，但不是消除距离约束,- 【裁量·中高置信】不能把“纪律较佳部队较好”直接当成全军同样规模、同样道路也可复制的因果识别。Caulaincourt在Witepsk说近卫军同样缺粮（A7），van Creveld说近卫总体较好；目前较合理的处理是保留时段与单位差异，未做日尺度互证，不宣称两者矛盾已解决。,原研究的未完成记录；须与后续补订及正文逐条核销
nodes/r_b55f2c1cf5/cards/t_26cd47/limited_war_evidence.md,132,## 6. Riehn与原始命令：明确留缺,"【事实·获取状态】Richard K. Riehn, *1812: Napoleon’s Russian Campaign*，找到1991 Wiley版条目（ISBN 0471543020，525页）但未取得正文：",原研究的未完成记录；须与后续补订及正文逐条核销
nodes/r_b55f2c1cf5/cards/t_26cd47/limited_war_evidence.md,140,## 6. Riehn与原始命令：明确留缺,3. 1812年7月底—8月的停驻、补给、筑垒、医院与行军命令：本轮未取得带日期和编号的原始文书，不能说“停驻已有正式命令”。,原研究的未完成记录；须与后续补订及正文逐条核销
nodes/r_b55f2c1cf5/cards/t_26cd47/polish_evidence.md,133,## 尚待核验，不隐去的缺口,4. 法奥条约交换条款、Ruza请愿和所谓致Jérôme信均未完成直接核查，不纳入核心证据。,原研究的未完成记录；须与后续补订及正文逐条核销
nodes/r_b55f2c1cf5/cards/t_26cd47/russian_evidence.md,5,## 阅读范围与使用规则,实际读到：Lieven 的两篇专业史家书评正文；Rey 的署名 EHNE 短文正文；俄语历史著作网页章节、1811年涅谢尔罗迭备忘录网络转录、斯佩兰斯基报告网络转录、Åbo 条约研究条目、布加勒斯特研究论文相关页，以及巴拉绍夫使节研究论文。**未取得并阅读 Lieven《Russia Against Napoleon》或 Rey《Alexander I》专著正文，不提供它们的页码。**,原研究的未完成记录；须与后续补订及正文逐条核销
nodes/r_b55f2c1cf5/cards/t_26cd47/russian_evidence.md,67,## E4｜1811年10月涅谢尔罗迭备忘录：最有用的可谈判反证，也包含强烈反证之反证,- 对照缓存：`f19270d24c25.md`，题属《Разрыв франко-русского союза》附录III，带注号678–680，但当前取得文本不含这些注释的完整来源说明。**不能宣称是独立于 Vandal 的传本；原法文、底本页码与档案出处尚待核实。**,原研究的未完成记录；须与后续补订及正文逐条核销
nodes/r_b55f2c1cf5/cards/t_26cd47/russian_evidence.md,205,## E9｜布加勒斯特：真实外交交换，不等于大军立即抵达西线,"- **实际版本**：Ana-Maria Lepăr, “Bucharest during the Peace of 1812”, *Hiperboreea* 2(2), 2015, pp.122–132；DocsLib 所呈论文开头数页（正文有页码标记）。未读其余全篇，不宣称全文已读。",原研究的未完成记录；须与后续补订及正文逐条核销
nodes/r_b55f2c1cf5/cards/t_26cd47/russian_evidence.md,265,## 有界检索后的缺口与下一步优先顺序,1. **Lieven/Rey 专著**：Lieven LSE条目 https://eprints.lse.ac.uk/25288/ 检索结果注明不提供全文；Rey借阅条目 https://archive.org/details/alexanderithetsa0000reym 。本轮只把它们作为获取线索，未取得正文。不要引用虚构页码。,原研究的未完成记录；须与后续补订及正文逐条核销
nodes/r_b55f2c1cf5/cards/t_2c338c/britdef.md,35,"### L：Kevin Linch，An ‘Unpleasant Dilemma’: The Portsmouth Volunteers and the limits of loyalism, 1803–1805","Journal for Eighteenth-Century Studies 40(3), 2017, pp.327–344；DOI 10.1111/1754-0208.12461。取得作者接受稿，实读“Portsmouth and its volunteers”与相关注释，**未读尽全文**。本次提取未保留逐页边界，不伪报刊本单页。定位用章节＋注号。",原研究的未完成记录；须与后续补订及正文逐条核销
nodes/r_b55f2c1cf5/cards/t_2c338c/britdef.md,59,## 2. London、皇室、Bank of England：仍待原页核验,"|国王拟赴Chelmsford或Dartford；Cornwallis统预备军|Peter A. Lloyd, The French Are Coming! (1992), p.93；John Brooke, King George III (1974), pp.597–598|原页未得；是否同一套预案及具体日期待核|",原研究的未完成记录；须与后续补订及正文逐条核销
nodes/r_b55f2c1cf5/cards/t_2c338c/britdef.md,60,## 2. London、皇室、Bank of England：仍待原页核验,|Bank账簿送Tower；金银由Brook Watson负责、三十车、十二段志愿兵护送至Worcester|Lloyd p.93 / Brooke p.598，百科段落联合脚注|**未核**；未取得Bank董事会会议记录；不可把各细节分别强配到其中一本|,原研究的未完成记录；须与后续补订及正文逐条核销
nodes/r_b55f2c1cf5/cards/t_2c338c/britdef.md,61,## 2. London、皇室、Bank of England：仍待原页核验,|London失守后国王与大臣退Midlands，以金银和武器继续斗争|同上|仅待核出处；是反对“伦敦＝投降”的线索，不是完成验证|,原研究的未完成记录；须与后续补订及正文逐条核销
nodes/r_b55f2c1cf5/cards/t_2c338c/britdef.md,72,## 4. 可交给路径总装的最小结论,【模型推演，条件明确】法军成功登陆后，还须经过：确立补给与内地通道→击败可集结正规/民兵部队→处理守备与地方抵抗→控制政府、财政和持续战争能力，才能谈强迫和平。K与L提供前两层的真实机制；后两层的London/Bank撤退原页尚缺。因而**不赋“伦敦失守即媾和”的概率，不赋“政府必赴加拿大”的概率**。,原研究的未完成记录；须与后续补订及正文逐条核销
nodes/r_b55f2c1cf5/cards/t_2c338c/c11_invasion_england.md,7,## 结论与证据等级,【裁量｜高置信度】“登陆不必然终战”的论证强；“英国登陆后必不投降、法军必被困死”的论证弱。前者是任务与能力的分解，并有英国预警、动员、守备、家庭避难和海军反制文献支撑；后者需要尚未取得的补给、内阁决策和全国兵力资料。**90日无法迫和不是本卡已证明的事实**，只是一项尚不能通过的模型验收条件。**双向削弱后的对称不确定**是结论边界：撤粮令被放弃削弱“英国已有完善焦土制度”，而Fortescue的必不降判断也不能证明英国必能续战；双方结果均未经过实际登陆检验。这不表示两种结果等概率。,原研究的未完成记录；须与后续补订及正文逐条核销
nodes/r_b55f2c1cf5/cards/t_2c338c/c11_invasion_england.md,9,## 结论与证据等级,【事实｜本次阅读范围】已核Desbrière IV若干原刊转录与关键影印页、Fortescue V相关正文；已读Mahan II有关计划和英国对置的电子版；直接核读Corbett pp.15–16、247–254争点；Glover限公开预览第一章；Cookson仅经Hicks转引；Rodger、Monaque、Philp、Elliott、Gallaher未取得相应正文，不代填其结论。Desbrière旧档案引文、NRS网络转录、Hurd信刊本均不等于亲见手稿。本稿不使用圣赫勒拿自辩作为意图证据。,原研究的未完成记录；须与后续补订及正文逐条核销
nodes/r_b55f2c1cf5/cards/t_2c338c/c11_invasion_england.md,97,## 四、史家争论不是“英国必胜派”对“拿破仑天才派”,|是否真正准备入侵|Corbett pp.15–16批评准备从未完成；Glover第一章反对从军队未全部集中推断虚张声势，给出分批出港/行军时间反论证|意图、组织准备、战术可行性是不同命题；Glover最强反驳值得保留，但不证明行动大概率成功|,原研究的未完成记录；须与后续补订及正文逐条核销
nodes/r_b55f2c1cf5/cards/t_2c338c/c11_invasion_england.md,105,## 五、爱尔兰：真实政治杠杆，不是现成第二战线,"【事实｜转引】Kleinman博士论文第5章§5.3引Thomas Addis Emmet记录：1803年5月30日Dalton传递法方远征爱尔兰意向，说十一月以前不能准备好，约25,000人。6—7月仍有使者、请求金钱武器及会谈。[S8；Emmet 1915 I pp.340–341等仅经论文转引] 因而“完全没有联络”错误；**“7月23日起义已有同步法国登陆安排”仍未证实**。意向人数不是已装舰兵力；尚缺共同日期、出航命令和送达链。",原研究的未完成记录；须与后续补订及正文逐条核销
nodes/r_b55f2c1cf5/cards/t_2c338c/c11_invasion_england.md,197,### 实际使用材料,"- **S14** Kevin Linch，“An ‘Unpleasant Dilemma’: The Portsmouth Volunteers and the limits of loyalism, 1803–1805”，*Journal for Eighteenth-Century Studies* 40(3)，2017，pp.327–344，DOI 10.1111/1754-0208.12461；作者稿https://eprints.whiterose.ac.uk/id/eprint/104015/3/The%20Portsmouth%20Volunteers%201803-1805%20article%20v2.pdf ；`downloads/pages/f0bc4536ba86.md`。按章节和注号定位，未读尽全文；229/232人的检查数据内在不合，排除不用。",原研究的未完成记录；须与后续补订及正文逐条核销
nodes/r_b55f2c1cf5/cards/t_2c338c/c11_invasion_england.md,208,### 会改变结论的实质缺口,4. 英国同日地方可战兵力、工事竣工阶段及政府/银行撤离正式文件；这些决定登陆后分支，不能由全国登记数替代。应追查Moore/Richmond反对意见原信、Home Office（TNA HO）与War Office（TNA WO）应急往来、内阁成员文书和英格兰银行董事会记录；这些是待查系列/文献类型，未核具体卷宗号，也不预设存在一份统一的内阁应急计划。,原研究的未完成记录；须与后续补订及正文逐条核销
nodes/r_b55f2c1cf5/cards/t_2c338c/fleetplans.md,16,## 补记：Corbett对分兵与入侵风险的直接反证（本地OCR专项核读）,**最新状态覆盖下文旧检索状态：** 协调者已取得`downloads/c11_corbett.txt`（索引doc `4ab49819b134`）。本次只用本地grep/read，连续核读印刷pp.247–255（本地行12475–12885），不再网络检索、不声称通读全书。页码依OCR保留的页眉核定；引文仅合并断行与连续空格，未对照扫描图。下文旧有“Corbett待取得/未读”仅记录此前交付状态；现已补上这一具体争点的直接比较。,原研究的未完成记录；须与后续补订及正文逐条核销
nodes/r_b55f2c1cf5/cards/t_2c338c/fleetplans.md,45,## 1. 实际读本与证据边界,"  - 已保存材料：`downloads/pages/4c05b3e278f4.md`（工具返回page_text，910,266字符；全文级抓取，正文按本地read实际读取，不能将工具屏幕头尾窗口误当所读全部）。",原研究的未完成记录；须与后续补订及正文逐条核销
nodes/r_b55f2c1cf5/cards/t_2c338c/fleetplans.md,52,## 1. 实际读本与证据边界,- 没有使用Rodger或Glover未读材料；也没有亲查AN、SHD或TNA档案。以下所有拿破仑信件均为**转引自Mahan**，应由协调者以Desbrière出版转录核对后升级。,原研究的未完成记录；须与后续补订及正文逐条核销
nodes/r_b55f2c1cf5/cards/t_2c338c/fleetplans.md,129,## 7. 未完成项与技术记录,5. 本次网页工具成功取得Mahan连续正文；Corbett各入口反复只有excerpts或无内容。此前命令行下载受审批限制，未绕过权限。已请协调者代取指定Corbett OCR。,原研究的未完成记录；须与后续补订及正文逐条核销
nodes/r_b55f2c1cf5/cards/t_2c338c/hurd_letter.md,4,## 已取得的版本与定位,"【事实：阅读状态】实读H. F. B. Wheeler与A. M. Broadley, *Napoleon and the Invasion of England: The Story of the Great Terror*, vol. I（London: John Lane, 1908），Introduction，**pp. xiii–xiv**的公开网页OCR转录。题名页文字含MCMVIII；页眉在正文中可见。**未取得扫描页影像对校，也未亲见1803年手稿**。故必须称“当时书信，转引自1908年刊本”，不能称手稿核验完成。",原研究的未完成记录；须与后续补订及正文逐条核销
nodes/r_b55f2c1cf5/cards/t_2c338c/irish_fulton.md,7,## 一、可供总装采用的结论,- 【裁量·高】**法国与爱尔兰革命者有真实联络，但不能写成1803年7月23日起义与法国登陆作战已经同步。** Thomas Addis Emmet的日记经Kleinman引录，记录1803年5月30日Dalton传达Berthier的远征意向，预计十一月才就绪。起义前存在人员往返和援助请求；实际同步的船队出航令、送达记录及共同日期尚未取得。[I1–I3],原研究的未完成记录；须与后续补订及正文逐条核销
nodes/r_b55f2c1cf5/cards/t_2c338c/irish_fulton.md,68,### I3｜相反解释并列,"Casserly引Geoghegan, *Robert Emmet, A Life* (2002), pp.288–289；该书原页未读。宣言电子入口：https://en.wikisource.org/wiki/Proclamation_of_Provisional_Government ，缓存 `downloads/pages/92f15cedf046.md`，不能以公开修辞证明秘密联络不存在。",原研究的未完成记录；须与后续补订及正文逐条核销
nodes/r_b55f2c1cf5/cards/t_2c338c/irish_fulton.md,80,### L1｜Carles文章及其引录文书,"【事实·法令转引】1803年8月31日（13 fructidor an XI）法令，注8：Archives de la guerre, carton Xh6（本文未读原档）：",原研究的未完成记录；须与后续补订及正文逐条核销
nodes/r_b55f2c1cf5/cards/t_2c338c/irish_fulton.md,133,### B1｜天气研究与同期日记引文,"【未获得】Tone权威日记对应原页及舰日志原折；搜索见到的6,500兵力和43/18帆等数字未作冻结采用。所谓“England lucky enemy”名句未核，不引用。",原研究的未完成记录；须与后续补订及正文逐条核销
nodes/r_b55f2c1cf5/cards/t_2c338c/irish_fulton.md,161,### F2｜法国潜艇阶段与英国水雷阶段,本地 `downloads/pages/635f200bfaf6.md`；只读公开摘要，会员正文未读。潜艇、爆炸箱、水雷、火船与搭载/牵引它们的小艇不能合并成一件兵器。,原研究的未完成记录；须与后续补订及正文逐条核销
nodes/r_b55f2c1cf5/cards/t_2c338c/irish_fulton.md,216,## 七、尚未完成的证据工作／交接,2. Thomas Addis日记1915卷I pp.340–375：已通过Kleinman读到多段，未读原刊页；同期记录亦存在追记，不能绝对化。,原研究的未完成记录；须与后续补订及正文逐条核销
nodes/r_b55f2c1cf5/cards/t_2c338c/irish_fulton.md,217,## 七、尚未完成的证据工作／交接,3. 起义前消息送达与法舰出航的完整链：未取得。新的材料已否定“无联络”，尚不能肯定“有同步”。,原研究的未完成记录；须与后续补订及正文逐条核销
nodes/r_b55f2c1cf5/cards/t_3dc3c2/bayonne_source_warning.md,6,## 立即生效的引用约束,- 暂停使用署期1808-03-29拿破仑致缪拉“劝谨慎”信作为同期意图或保留波旁方案的证据。C5据Fondation Napoléon《Correspondance générale》卷8的Madec评注及Lentz判断，报告其为圣赫勒拿时期事后炮制。取得评注准确页码前，写作须标“C5史料警报，原评注待核”，而非无保留断言伪造已由本卡证实。,原研究的未完成记录；须与后续补订及正文逐条核销
nodes/r_b55f2c1cf5/cards/t_3dc3c2/bayonne_source_warning.md,18,## 对总装的影响,【裁量】在取得足够同时代锚点之前，“1808保留波旁”仅为待核分支，不得以3月29日信承担S2主干。已知换朝计划亦不等于换朝不可避免；证明既定政策与证明可选替代是两项不同任务。,原研究的未完成记录；须与后续补订及正文逐条核销
nodes/r_b55f2c1cf5/cards/t_3dc3c2/bayonne_source_warning.md,34,## “最后低成本出口”：候选时点登记（非最终唯一日期）,1808年2月Pampeluna/Barcelona夺堡命令：本卡尚未取得命令正文，暂列U/T2待核；不能只凭占领事件倒推换朝决策。3月19日阿兰胡埃斯后窗口：以3月23日实际信为已核后续锚点，但信称等待17/18日消息，必须注意信息时滞；不能假设拿破仑在19日已知道全部政变后果。,原研究的未完成记录；须与后续补订及正文逐条核销
nodes/r_b55f2c1cf5/cards/t_3dc3c2/bayonne_source_warning.md,41,### 区间解释与交付口径,区间内分三层登记，不能越级：①合作制度窗口（枫丹白露协定）；②驻军、夺堡带来的沉没成本与信任损害窗口（具体同期命令待核，不编造事件密度）；③阿兰胡埃斯后以承认新王停止升级的外交窗口。③即使可用也不意味着成本低，更不证明拿破仑真实倾向保留王朝。C17可对不同分岔位置作成本敏感性比较，但不能把未核事件或未存档意图当成确定输入。,原研究的未完成记录；须与后续补订及正文逐条核销
nodes/r_b55f2c1cf5/cards/t_3dc3c2/c1_pod_dossier.md,19,### 01｜1803年5月：窗口起点与亚眠破裂,【未核】本卡未取得足够1803年5月外交文书来重建“阻止重启战争”的具体双方套餐，Browning及Sébastiani报告只保留书目线索；不能从后来战争灾难反推双方必有现成妥协。支持/反对者、史家专论均待C13补证。,原研究的未完成记录；须与后续补订及正文逐条核销
nodes/r_b55f2c1cf5/cards/t_3dc3c2/c1_pod_dossier.md,30,### 03｜1804年7月2日：Rochefort会合与海峡窗口,【行动者】拿破仑提议、Latouche为评估执行者，未读其对应意见，不杜撰其支持。,原研究的未完成记录；须与后续补订及正文逐条核销
nodes/r_b55f2c1cf5/cards/t_3dc3c2/c1_pod_dossier.md,31,### 03｜1804年7月2日：Rochefort会合与海峡窗口,【裁量】“六小时成为世界主人”是拿破仑修辞。舰队集中、渡海、登陆、终战是四道不同门槛。专门反事实史家全文未读。,原研究的未完成记录；须与后续补订及正文逐条核销
nodes/r_b55f2c1cf5/cards/t_3dc3c2/c1_pod_dossier.md,37,### 04｜1804年9月27—29日：爱尔兰不是免费的第二战场,【文献推断·Geoghegan】Emmet文本版本及法国观说明援助不等于接受法国统治；未读庭审初刊，不能量化动员。,原研究的未完成记录；须与后续补订及正文逐条核销
nodes/r_b55f2c1cf5/cards/t_3dc3c2/c1_pod_dossier.md,50,### 06｜1805年3—8月：集中命令、备选分支与现实执行,【模型推演】S1；方案高，实施待核。21/22舰、30/40天各按原信口径保存。,原研究的未完成记录；须与后续补订及正文逐条核销
nodes/r_b55f2c1cf5/cards/t_3dc3c2/c1_pod_dossier.md,53,### 07｜1805年战后和约：斯特拉斯堡替代架构挂账,【未核】Talleyrand Strasbourg memorandum原文未取得，不能凭记忆补作者措辞、精确日期或奥国补偿套餐。P. Bertrand编1889密信集为协调方提供线索，未核题页/原页。,原研究的未完成记录；须与后续补订及正文逐条核销
nodes/r_b55f2c1cf5/cards/t_3dc3c2/c1_pod_dossier.md,59,### 08｜1806年英法和谈：争议中的谈判基础,【解释竞争】有限妥协空间与联盟分化/承诺不可信均待检；Butterfield、Schroeder相关专著未读，不借其背书。,原研究的未完成记录；须与后续补订及正文逐条核销
nodes/r_b55f2c1cf5/cards/t_3dc3c2/c1_pod_dossier.md,69,### 10｜1806年11月21日：柏林敕令与经济战,【行动者】拿破仑颁布，诸部及盟国被要求执行；未读对应大臣异见，不构造自由贸易派名单。,原研究的未完成记录；须与后续补订及正文逐条核销
nodes/r_b55f2c1cf5/cards/t_3dc3c2/c1_pod_dossier.md,70,### 10｜1806年11月21日：柏林敕令与经济战,【裁量】文书只证实际政策及其宣示终止条件，不证1806桌面上已有可替换的有限封锁/自由贸易套餐。Crouzet等专论由C4承接，本卡未以未读书背书。,原研究的未完成记录；须与后续补订及正文逐条核销
nodes/r_b55f2c1cf5/cards/t_3dc3c2/c1_pod_dossier.md,79,### 12｜1807年10月至1808年春：西班牙分岔区间,【事实·A/T0】10/27枫丹白露协定英译节录保证西班牙王比利牛斯以南欧洲领地及“两美洲皇帝”承认承诺，网页转引deClercqII235–236；未读纸本。详巴约讷警示及缓存509e05c01d8a.md。,原研究的未完成记录；须与后续补订及正文逐条核销
nodes/r_b55f2c1cf5/cards/t_3dc3c2/c1_pod_dossier.md,80,### 12｜1807年10月至1808年春：西班牙分岔区间,【事实·B/T1】Madec引3/27向路易提出王位（CG8 17510）；本卡未读该信自身。2月Pampeluna/Barcelona夺堡命令未取得。,原研究的未完成记录；须与后续补订及正文逐条核销
nodes/r_b55f2c1cf5/cards/t_3dc3c2/c1_pod_dossier.md,85,### 13｜1808年3—4月：巴约讷条件承认与伪信,"【事实·A/T0/T1】3/23致Murat命暂不扰西班牙宫廷，Madec公开全文，档案谱系AN31AP24,d467,p14bis，未读原折。所读Panckoucke1821 OeuvresIV转载4/16信称若卡洛斯自愿退位则承认斐迪南；二手13/16日期异文未解。",原研究的未完成记录；须与后续补订及正文逐条核销
nodes/r_b55f2c1cf5/cards/t_3dc3c2/c1_pod_dossier.md,103,### 16｜1809年10月：即时安抚俄国的保证,【行动者】法国授权保证，沙皇与鲁缅采夫要求条约化；波兰即时反对文书未读，不虚构名单。,原研究的未完成记录；须与后续补订及正文逐条核销
nodes/r_b55f2c1cf5/cards/t_3dc3c2/c1_pod_dossier.md,123,### 20｜1812年：先撤军避战与有限战争的证据差别,【事实·B/T1】Vandal沿用4/8日期（历法待核），据AAERussie154照会释述：法撤普鲁士、瑞属波美拉尼亚，缩但泽及撤易北河以东阵地，然后议贸易和赔偿；非逐条全文。详晚期N12-A。,原研究的未完成记录；须与后续补订及正文逐条核销
nodes/r_b55f2c1cf5/cards/t_3dc3c2/c1_pod_dossier.md,153,## 附录A｜方法基准一页,Ferguson“同时代人考虑过”准入句仅经Gelman转引；Evans2014本人文章已读、专著未读，采用其反长链必然性警戒。两者为相反方法立场，不冒充两个拿破仑史学学派的已读全本。,原研究的未完成记录；须与后续补订及正文逐条核销
nodes/r_b55f2c1cf5/cards/t_3dc3c2/c1_pod_dossier.md,161,## 附录B｜乌托时文类：灵感非证据,【实读介绍页】Jonathan North编The Napoleon Options，作者网站介绍涉及Griffith爱尔兰、Grant埃及、Haythornthwaite所写威灵顿受挫分支、Gill1809、Smith博罗季诺等；未读章正文。页见方法基准。其名不能代替章内证据。,原研究的未完成记录；须与后续补订及正文逐条核销
nodes/r_b55f2c1cf5/cards/t_3dc3c2/c1_pod_dossier.md,179,### 实读研究与方法,"11. Battesti,Michèle，“Napoléon et la ‘descente’ en Angleterre.1re partie”，RSN444,pp3–17，网络相关段及脚注，未读所引原档。",原研究的未完成记录；须与后续补订及正文逐条核销
nodes/r_b55f2c1cf5/cards/t_3dc3c2/c1_pod_dossier.md,184,### 实读研究与方法,"16. Evans,Richard J.,“‘What if’ is a waste of time”,Guardian,2014-03-13，文章；Altered Pasts全本未读。",原研究的未完成记录；须与后续补订及正文逐条核销
nodes/r_b55f2c1cf5/cards/t_3dc3c2/c1_pod_dossier.md,189,### 档案谱系与未读项,AN AFIV1191、Murat31AP；AAE CP Russie149/154及Supplément17均为实读刊物所引谱系，未读原折。TNA FO27/73、BL Add.MSS51458来自论文检索线索，未读论文全文及档案。SHD GR C1–C17、TNA ADM/FO其余系列仅是后续检索方向，非本稿已用证据。,原研究的未完成记录；须与后续补订及正文逐条核销
nodes/r_b55f2c1cf5/cards/t_3dc3c2/c1_pod_dossier.md,190,### 档案谱系与未读项,Tulard书目、Butterfield、Schroeder、Lieven、Rey、Desbrière及P.Bertrand密信集相关全本未读；不得列作本稿已证结论来源。,原研究的未完成记录；须与后续补订及正文逐条核销
nodes/r_b55f2c1cf5/cards/t_3dc3c2/c1_pod_dossier.md,194,## 验收与剩余缺口,【限制】完成全景地图，不宣称档案深潜完毕。现代对立史学专著的直接互证未完成：Vandal偏向交C12补俄方视角；和谈承诺与低地底线交C13；作战效能交C11。方法论Ferguson/Evans并列不抵消这一缺口。,原研究的未完成记录；须与后续补订及正文逐条核销
nodes/r_b55f2c1cf5/cards/t_3dc3c2/early_evidence.md,13,### B2 1803-12-01、12：Ganteaume替代方案,【事实·转引】同文注31、33指AN AF IV1191，9与20frimaire anXII，未读原档。12/1致Bonaparte：,原研究的未完成记录；须与后续补订及正文逐条核销
nodes/r_b55f2c1cf5/cards/t_3dc3c2/early_evidence.md,60,### I3 政治自主性与演说版本,缓存downloads/pages/d250f548ac2d.md，Why the anti-French sentiment?及Proclamation节。Ridgeway/Madden/Angell存在后期编辑版本问题；未读1803初刊或原信。Elliott/Vance仅经此文得知。不另计已核原始文书。,原研究的未完成记录；须与后续补订及正文逐条核销
nodes/r_b55f2c1cf5/cards/t_3dc3c2/early_evidence.md,92,### F5 术语与准入,缓存downloads/pages/635f200bfaf6.md；会员正文未读。torpedoes按现代术语为sea mines，须区别潜艇、水下爆炸装置、自航鱼雷。,原研究的未完成记录；须与后续补订及正文逐条核销
nodes/r_b55f2c1cf5/cards/t_3dc3c2/early_evidence.md,93,### F5 术语与准入,【模型推演·待核】1803后法国重新资助可作检索假设；尚缺法方立项提案、预算或批示。英国采购是制度类比，不能冒充法国桌面选项。“留下Fulton即逆转海权”排除主干。,原研究的未完成记录；须与后续补订及正文逐条核销
nodes/r_b55f2c1cf5/cards/t_3dc3c2/early_evidence.md,102,## 冲突与深潜交接,【学派缺口】实读Battesti相关段、Parsons相关章节、Fulton相关段、Geoghegan文章；未读Desbrière、Elliott、Vance及通信集权威原页。Battesti反对布洛涅纯佯动说，Parsons倾向为Fulton辩护，不能据此冒充已完成两个现代学派专著对读。,原研究的未完成记录；须与后续补订及正文逐条核销
nodes/r_b55f2c1cf5/cards/t_3dc3c2/late_evidence.md,3,# C1晚期分岔证据索引：1809—1812,状态：据子代理a1bbf0717d7bcbf90回传整理；主卡尚未逐段复核。此文件为压缩索引，非其完整稿。所有同期文书均转引自Vandal，未读档案原件。选项存在不等于诚意、执行能力或成功概率。,原研究的未完成记录；须与后续补订及正文逐条核销
nodes/r_b55f2c1cf5/cards/t_3dc3c2/late_evidence.md,41,### N12-A 1812-04-08（历法待核）：接受俄方先撤军条件,### N12-A 1812-04-08（历法待核）：接受俄方先撤军条件,原研究的未完成记录；须与后续补订及正文逐条核销
nodes/r_b55f2c1cf5/cards/t_3dc3c2/late_evidence.md,48,### N12-B 1812春：德维纳—第聂伯停线，待核不入主干,【回溯性／未核】原页均未读；梅特涅卷内是否同期文书尚未鉴别；其余链未落实1815年前成文锚点。不得称已批准的有限战争计划。需补贝尔蒂埃/达武命令、冬营第二年战役部署或同期外交报告。即使选项证实，也不能推得俄国必然求和。,原研究的未完成记录；须与后续补订及正文逐条核销
nodes/r_b55f2c1cf5/cards/t_3dc3c2/late_evidence.md,53,## 总装限制,【校勘】V2部分1809叙事脚注出现1810年日期（注283–284），V3法奥条约日期有不同表述，不据异常冻结日期。AN AF IV、AAE CP Russie及Supplément仅为档案谱系，未读原档。,原研究的未完成记录；须与后续补订及正文逐条核销
nodes/r_b55f2c1cf5/cards/t_3dc3c2/late_evidence.md,56,## 深潜移交C12,本索引作为C1→C12移交件。N10-B/C（1810公约原稿及不援助反提案）、N11-A（1811降军备）、N12-A（1812先撤军）的逐段回核、原档层级提升和Lieven/Rey等俄方安全视角补证由C12承接；C1保留Vandal转引与上述精确定位，不声称缺口已闭合。N12-B停线维持【文献推断／待核】，须取得同期锚点方可升级。单作者偏向仍是公开缺口，责任移交不等于证据补齐。,原研究的未完成记录；须与后续补订及正文逐条核销
nodes/r_b55f2c1cf5/cards/t_3dc3c2/method_baseline.md,32,## 两种相反方法立场,【文献推断：Evans】Evans反对从一次微小干预必然外推数十年，也批评让将领、政治人物脱离经济、文化、社会及国际约束。他的2014-03-13本人文章已读；《Altered Pasts》全书未读，不以该书页码冒充出处。定位：文章自“Counterfactuals”段至“great man”段。https://www.theguardian.com/books/2014/mar/13/counterfactual-history-what-if-waste-of-time （downloads/pages/f4f70390c6ff.md）。,原研究的未完成记录；须与后续补订及正文逐条核销
nodes/r_b55f2c1cf5/cards/t_3dc3c2/method_baseline.md,43,## 未完成的批判工作,Tulard回忆录批判书目尚未取得核读：不得宣称已依其给各回忆录定级。当前统一明示作者、成文/出版时间与回溯性，对自辩、事后合理化、编辑删改逐案审查。qualitative-evidence-engine已读其方法及部署说明，但未运行；本表不冒充软件验收结果。,原研究的未完成记录；须与后续补订及正文逐条核销
nodes/r_b55f2c1cf5/cards/t_3dc3c2/peace_evidence.md,34,### A4 1806-12-30下院质询,"【事实·转引】c242引8/6 Lauderdale致Clarke照会：intervening circumstances, which it was unnecessary to detail, had enabled his majesty to enter into a separate treaty。Howick将之联系7/20 Oubril单独条约；未读照会全文，不把政府法律解释当无争议结论。",原研究的未完成记录；须与后续补订及正文逐条核销
nodes/r_b55f2c1cf5/cards/t_3dc3c2/peace_evidence.md,47,### A5 尚未充分读取的文书组,缓存downloads/pages/1d07d5d7738f.md。只读部分，不以中段未读内容证明低地条款。,原研究的未完成记录；须与后续补订及正文逐条核销
nodes/r_b55f2c1cf5/cards/t_3dc3c2/peace_evidence.md,79,### B3 英国后续回复仍待全文核验,缓存downloads/pages/1ed92ae66cab.md。未读声明正文。,原研究的未完成记录；须与后续补订及正文逐条核销
nodes/r_b55f2c1cf5/cards/t_3dc3c2/peace_evidence.md,89,## D｜补证与技术限制,【阅读限制】Butterfield未读；Schroeder未完成专著对读；未亲读TNA/法国外交档案；没有以圣赫勒拿材料证明意图。议会辩论不冒充现代逐字速记。,原研究的未完成记录；须与后续补订及正文逐条核销
nodes/r_b55f2c1cf5/cards/t_3dc3c2/peace_evidence.md,93,## D｜补证与技术限制,摘要检索指TNA FO27/73、BL Add.MSS51458、Fox致Yarmouth1806-06-26、confidential communication made13June1806。未读论文全文或档案，仅为线索。,原研究的未完成记录；须与后续补订及正文逐条核销
nodes/r_b55f2c1cf5/cards/t_3dc3c2/peace_evidence.md,100,## 深潜移交C13与P8适用边界,1805斯特拉斯堡备忘录正文仍未读，取证移交C13。协调方提供的书目线索为P. Bertrand编《Lettres inédites de Talleyrand à Napoléon》(1889)，Gallica/Archive.org藏本线索；本卡未核该版题页、收录篇目及页码，不借线索补写内容。责任移交不等于证据缺口闭合。,原研究的未完成记录；须与后续补订及正文逐条核销
nodes/r_b55f2c1cf5/cards/t_759180/audit_econ.md,10,## 收束补记：实际抽核量与高风险原卡对照,- **“皆无采纳与运行证据”**：C9主卡第9行区分制度设计已存在、完整国家规划未取得、实际战争依赖仍在；第126行精确限制为“设计存在，但完整长期路径未经运行检验；本轮没有取得实际出售、转投的比例”；第144行再次说“未找到不等于不存在”。C15主卡第9、63、65行只限定关税倡议采纳及皇帝明确否决令未核，不能普遍化到所有财政、信用和军费措施。底层反证为`downloads/pages/de8da74a2316.md`第132–144行（印689–690）：记载已颁1810-03-03法令，并称1810年赠产法律地位原则上已完备；第180行（印693）是“未充分发展即倒塌”，不是“全未采纳、全无运行”。,原研究的未完成记录；须与后续补订及正文逐条核销
nodes/r_b55f2c1cf5/cards/t_759180/audit_forces.md,7,## 一、裁定摘要,【裁量｜高】综合第九节没有把1830年NA写成预测，也没有把无法校准写成法国不可能追赶；第84行明确说和平常备军规模“未识别”，不是“完全不能估计”。这两项应通过，不应以未完成数量研究冒充结论错误。,原研究的未完成记录；须与后续补订及正文逐条核销
nodes/r_b55f2c1cf5/cards/t_759180/audit_forces.md,57,## 四、C3审查矩阵,|3-09|夺取舰船不等于等量有效战力增加|`P/7b34f7d2c4ab.md`，Gazette16067 p1231，投降第III、V条；`P/71106f9334bc.md`行267–315|【事实／文献推断】条款交出舰船和物资；配员限制来自Bjerg及其转引Gambier，原档WO1/187未读。不可当作已核原信。|,原研究的未完成记录；须与后续补订及正文逐条核销
nodes/r_b55f2c1cf5/cards/t_759180/audit_forces.md,58,## 四、C3审查矩阵,|3-10|重建威胁存在，不等于已验证数量接近|`P/d49295b7a7ca.md`行84，第15项；`C3/rebuild_feedback_evidence.md`证据2、5|【文献推断】Hickey转述Glover接近论且反驳其Madison动机说。Glover正文未读，不能以此填全国舰数、1830比例。|,原研究的未完成记录；须与后续补订及正文逐条核销
nodes/r_b55f2c1cf5/cards/t_759180/audit_forces.md,141,## 七、明确通过／不应提出的指控,5. **史料访问**：Glover未读正文、Bjerg转引档案及Houdaille缺表均应保留未验证标记；不能因本次未能取得而宣布资料不存在。,原研究的未完成记录；须与后续补订及正文逐条核销
nodes/r_b55f2c1cf5/cards/t_759180/audit_region.md,59,### C6重点裁定,**未核限制：**本轮未完成1806那不勒斯分冠令的精确短语回查；检索无匹配不等于该法令不存在。`second fils`的旧版PDF页559／印页549曾请求影像，但本轮可审计文字记录不足以重新确认，不计入上述10项。根稿回溯性标签应保留。意大利／普奥长期实力与全部地方执行史不在本轮已核范围。,原研究的未完成记录；须与后续补订及正文逐条核销
nodes/r_b55f2c1cf5/cards/t_759180/audit_region.md,80,### C7强问题,**R6｜中：根稿§八‘延伸至1812年的任何瓜分分支自拆承诺’。** “任何”超出已证范围。§六已有条约延续前提，§八不能只用年份替代这个前提。改为“若1812法奥条约仍成立且有效，瓜分奥斯曼欧洲领土会与第6条冲突；未缔结、重新议约及背约须分别建模”。根稿已声明时序审查未完成，该声明本身不是错误；问题在同段仍先下全称判断。,原研究的未完成记录；须与后续补订及正文逐条核销
nodes/r_b55f2c1cf5/cards/t_759180/audit_region.md,82,### C7强问题,未核限制：未完成提尔西特全部九条的本轮连续复读，故‘全文无印度专款’不计本轮独立完成项；未重校芬肯施泰因签署件、Gardane完整行程、保罗军数、Baird后勤或埃尔福特文书。不给能力上限及成功率。,原研究的未完成记录；须与后续补订及正文逐条核销
nodes/r_b55f2c1cf5/cards/t_759180/audit_war.md,6,## 范围与计数,计数单位为可定位的“来源—议题组”，不是工具调用数、引文句数或独立互证来源数。同一议题重复读不增计；同一著作不同议题可分组，但不构成独立互证。下表是当前可直接重建的实际抽核数（历史全程下限），不是宣称恢复了压缩前完整台账。历史全程逐卡总数无法可靠恢复。,原研究的未完成记录；须与后续补订及正文逐条核销
nodes/r_b55f2c1cf5/cards/t_759180/audit_war.md,27,### B. 综合证据不足：第85行（限定遗漏；高置信度）,**最小修复：**“自限工具确曾出现；塔列朗即时分冠草案未获采纳，普雷斯堡形成有条件承诺；是否持续执行须另据履行记录。”5月米兰原刊仍未核，不能用本轮读到的3月宪制替代。归属综合论证超源，不据此判C13条文错误。,原研究的未完成记录；须与后续补订及正文逐条核销
nodes/r_b55f2c1cf5/cards/t_759180/audit_war.md,31,### C. 综合年代—职衔错配：第37行（来源对照不通过；高置信度）,**最小修复：**1803段改为“土伦海事长官Ganteaume（据Battesti转引）”，或删除职衔。同期任命原件未读；这里确认的是综合与直接来源的职衔冲突。不能据此否定书信意见，也尚未证明C1卡内重复了该错配。,原研究的未完成记录；须与后续补订及正文逐条核销
nodes/r_b55f2c1cf5/cards/t_759180/audit_war.md,35,### D. 综合跨时序推断：第151行（限定遗漏；高置信度）,【裁量】“延伸至1812年的任何瓜分分支自拆承诺”还须满足反事实路线继续签署、维持该约且未重新议约的条件；不能追溯否定1807–08谈判，也不自动适用于亚洲或印度行动。综合已有“时序效力审查未完成”旗标，不另报成完全漏报。,原研究的未完成记录；须与后续补订及正文逐条核销
nodes/r_b55f2c1cf5/cards/t_759180/audit_war.md,48,## 未核限制与最终归属,【事实·执行边界】未完成逐卡10条独立引文核验；未恢复历史完整台账；未独立复核主审C17时间线。未运行自动引文认证或来源评级脚本。既往截断、目录命中、卡片自述不冒充正文实核。,原研究的未完成记录；须与后续补订及正文逐条核销
nodes/r_b55f2c1cf5/cards/t_759180/audit_war.md,52,## 未核限制与最终归属,【裁量·总评】强问题主要是综合超源、限定遗漏及一处综合职衔错配。本轮未确认C1/C11/C12/C13/C18新增的确定卡内硬错；这不是为全部卡片作无错认证。原卡已公开的异文、未读材料和实施缺口不重复登记为新错误。,原研究的未完成记录；须与后续补订及正文逐条核销
nodes/r_b55f2c1cf5/cards/t_759180/critique.md,25,## 二、实际执行与覆盖边界,**验收限制**：PROJECT的“每卡引文≥10条”未全满足，不能宣称18卡全量引用审计通过；指定Chandler／Schroeder原页双校也未完成。本报告交付的是有界红队结果及覆盖缺口。没有重跑会覆盖原CSV的生成器、没有改综合或源卡、没有新开外部检索。采用审稿skill的只读、最强反方、定位—理由—修复纪律；未声称执行其完整五审稿人软件流程或校准评分。,原研究的未完成记录；须与后续补订及正文逐条核销
nodes/r_b55f2c1cf5/cards/t_759180/review_frame.md,7,## 必须保留的反方最强论证,在当时真实政策菜单下，没有一条路径被本项目闭合并非坏结论；诚实地把海军、财政、和平接受、继承标NA，胜过制造1848年国界。S1不能免费继承乌尔姆，S2不废王不保证俄国接受，S3不许同时领全面封锁与白银/俄贸易好处。这些限制应保留。审查不以无确定未来或未读所有专著判全案无效。,原研究的未完成记录；须与后续补订及正文逐条核销
nodes/r_b55f2c1cf5/cards/t_759180/review_frame.md,23,## 次级复核点,- §三“自限工具…从未被采纳为持续政策”需要持续的可操作期限，不能由几份被否/条件条款推出所有政策、所有年份全称否定。,原研究的未完成记录；须与后续补订及正文逐条核销
nodes/r_b55f2c1cf5/cards/t_75e9a5/c13_settlement_design.md,19,### 研究范围和证伪检查,【事实】①的强版本已被条文反驳；②发现同时代文本转引而未取得原版，不能作最终文字校勘；③被公开谈判条件及英国内部争辩复杂化；④缺乏能强制拿破仑持续自限的制度证据，仍是路线承重风险。本文每项推演均是条件句，不给伪精确概率。,原研究的未完成记录；须与后续补订及正文逐条核销
nodes/r_b55f2c1cf5/cards/t_75e9a5/c13_settlement_design.md,53,### 1. 文献链与原语言锚点,【模型推演】这应理解为重新划界后的相互冻结，而非仅要求法国退让。不过本次未读全草约，东方补偿与第4条边界如何精确衔接仍待Bertrand全文，不能自行补成完整地图。,原研究的未完成记录；须与后续补订及正文逐条核销
nodes/r_b55f2c1cf5/cards/t_75e9a5/c13_settlement_design.md,85,### 3. 回忆自饰检验,【裁量｜证据上限】当前可将“存在一份具自限条款的1805提案”评为中高；具体文字经原版终核为未完成；“采纳后能保证欧洲长期和平”评为低。,原研究的未完成记录；须与后续补订及正文逐条核销
nodes/r_b55f2c1cf5/cards/t_75e9a5/c13_settlement_design.md,98,### 1. 1806：三个不同的障碍,【裁量｜中高】故不宜说英法谈判最后因汉诺威而破裂。也不能倒推出法国兑现恢复汉诺威不损害普鲁士利益；这一执行冲突尚缺普方原件链。,原研究的未完成记录；须与后续补订及正文逐条核销
nodes/r_b55f2c1cf5/cards/t_75e9a5/c13_settlement_design.md,232,## 八、引文定位及材料状态,"- **S11** Robert Jervis，“Paul Schroeder: Bringing Moderation, Morality, and Progress Back In”，H-Diplo/ISSF Forum 28；`downloads/pages/a973c8fab9ef.md`，文件约148–176行；https://issforum.org/forums/28 。是Jervis对Schroeder的解释，不是Schroeder本人原句。原论文DOI 10.2307/1986040仅题录，未读正文。",原研究的未完成记录；须与后续补订及正文逐条核销
nodes/r_b55f2c1cf5/cards/t_75e9a5/c13_settlement_design.md,234,## 八、引文定位及材料状态,- **S13** 巴黎和约，1815-11-20，全文及签署说明：`downloads/pages/8780b368d565.md`；https://mjp.univ-perp.fr/traites/1815paris.htm 。6月维也纳总议定书65–121条由专项附件核读：`c3b21fffef66.md`，https://mjp.univ-perp.fr/traites/1815vienne2.htm 。专约执行全文未读。,原研究的未完成记录；须与后续补订及正文逐条核销
nodes/r_b55f2c1cf5/cards/t_75e9a5/c13_settlement_design.md,244,### 未读而重要的材料／不应遮蔽的缺口,5. **1810联姻与1811保证提案、1807后异议机制**：未取得足够独立原折，不能断言联姻必然落锁或独裁者完全听不到反对。,原研究的未完成记录；须与后续补订及正文逐条核销
nodes/r_b55f2c1cf5/cards/t_75e9a5/c13_settlement_design.md,246,### 未读而重要的材料／不应遮蔽的缺口,7. **档案谱系（仅待查）**：AAE CP及条约原件、AN AF IV、HHStA、GStA PK；TNA FO France 27/74、FO Russia 65/64等仅经Butterfield转引。没有声称查阅原卷。圣赫勒拿自辩不作本卡意图证据。,原研究的未完成记录；须与后续补订及正文逐条核销
nodes/r_b55f2c1cf5/cards/t_75e9a5/peace_evidence.md,9,## 1. 获取与阅读范围,【事实·书目范围】序言pp.vii–viii明确以耶拿后普鲁士交涉起笔，以提尔西特体系及英国孤立为主线，止于西班牙新问题开启；不能由题名末年1808推定它详论1808年10月埃尔福特。全文定位Erfurt所得主要是1806战前会议；未完成全书异体词穷尽检查。,原研究的未完成记录；须与后续补订及正文逐条核销
nodes/r_b55f2c1cf5/cards/t_75e9a5/peace_evidence.md,17,## 1. 获取与阅读范围,"**Coquelle仅取得碎片，未完成可引用的专题阅读。** P. Coquelle, *Napoléon et l’Angleterre 1803–1813*, Paris, Plon-Nourrit, 1904，公开OCR入口：https://archive.org/stream/napolonetlangl00coqu/napolonetlangl00coqu_djvu.txt 。缓存 `downloads/pages/5d550d2e45a1.md`、`7f18318b3499.md`；仅零散段落，包括p.131“il veut attendre encore, gagner du temps”，上下文、说话者、日期未齐，不用于意图断言。不能以题名或既有印象给作者贴定论标签。与Butterfield的系统对读仍欠缺。",原研究的未完成记录；须与后续补订及正文逐条核销
nodes/r_b55f2c1cf5/cards/t_75e9a5/treaties_evidence.md,7,## 0. 交付边界与证据地位,**【事实｜读取范围】** 本次实际读到的是原始文书的网页转录、1807英文译文及1809同时代英译的网页转录；**未读签署原件、批准书或印本影像**。所谓“原文保存”指已保存所读转录全文，不冒称档案原件。引句以指定网页版本为准；MJP提取中插入的Markdown `>` 与换行不作为原文标点。附约没有单列标题的网页，结合其重新从第1条编号、签署和同等效力条款判断文书边界，并以另一转录的明确标题核对。,原研究的未完成记录；须与后续补订及正文逐条核销
nodes/r_b55f2c1cf5/cards/t_75e9a5/treaties_evidence.md,33,## 2. 来源与保存索引,"| S09en | Fondation Napoléon，1809和约英译I—XVIII及批准文；网页声明据*Cobbett’s Political Register*, vol.16 (1809)；复用并重读；原刊未读 | `downloads/pages/e5074feabef0.md` |",原研究的未完成记录；须与后续补订及正文逐条核销
nodes/r_b55f2c1cf5/cards/t_75e9a5/treaties_evidence.md,117,## 4. 法普提尔西特，1807年7月9日,本节引文为T07英文网页译文，**不是签署法文原句**；本轮未取得法文对校。勿与7月7日法俄条约混同。,原研究的未完成记录；须与后续补订及正文逐条核销
nodes/r_b55f2c1cf5/cards/t_75e9a5/treaties_evidence.md,167,### 4.2 撤军、赔款、限军与保证的归属边界,**【缺口】** 1807其他执行协定本次未读；不以“7月9日正文没有”断言1807全部配套文书均无赔款或撤军条件。,原研究的未完成记录；须与后续补订及正文逐条核销
nodes/r_b55f2c1cf5/cards/t_75e9a5/treaties_evidence.md,187,### 5.1 正文第1条：140m，而非120m,这是“减为120m”的二手支持；**本次搜索未取得减免文书的日期、条号与原句**。不把减免塞入9月8日第1条，也不未经核实归到10月12日法俄爱尔福特公约某条。减免原文为本次最主要未解项。,原研究的未完成记录；须与后续补订及正文逐条核销
nodes/r_b55f2c1cf5/cards/t_75e9a5/treaties_evidence.md,346,### 8.1 1815年11月20日第二次巴黎和约,必须保留“附下列修正”，不能只说机械恢复1790每一寸边界。条文依次列北界、萨尔地区、朗道、日内瓦交通、萨伏依等；第2条永久放弃所割要塞、地区的主权与产权，并将交割期限指向**军事专约第9条**。该专约本轮未读，不虚构其天数。,原研究的未完成记录；须与后续补订及正文逐条核销
nodes/r_b55f2c1cf5/cards/t_75e9a5/treaties_evidence.md,402,### 8.2 1815年6月9日维也纳总议定书：本次仅查65—121,**【缺口】** 维也纳总议定书1—64条（含普鲁士相关领土及德意志联邦组织）本轮未读；不借第118条附件清单代替各件实质条款。,原研究的未完成记录；须与后续补订及正文逐条核销
nodes/r_b55f2c1cf5/cards/t_75e9a5/treaties_evidence.md,418,## 9. 未解项、后续优先级与本轮停止点,5. **1815巴黎专约。** 金钱、军事、索赔专约本次未取得全文；不得把正文交叉引用冒充已核专约，尤其不能填入付款分期、占领费总额或一般撤军日期。,原研究的未完成记录；须与后续补订及正文逐条核销
nodes/r_b55f2c1cf5/cards/t_75e9a5/treaties_evidence.md,419,## 9. 未解项、后续优先级与本轮停止点,6. **未读档案谱系：** AAE条约原件／CP、AN AF IV、HHStA、GStA PK；英方对照可查TNA FO。系列仅指后续方向，不声称查过原卷或已知具体档号。,原研究的未完成记录；须与后续补订及正文逐条核销
nodes/r_b55f2c1cf5/cards/t_75e9a5/treaties_evidence.md,421,## 9. 未解项、后续优先级与本轮停止点,8. **执行工具说明：** 一次bash组合读取被工作区安全机制阻断；改用find/read定位和重开文件，未绕过权限。互联网实际使用本会话web_search/web_extract（Exa返回），不是声称运行了Jina或外部CLI。下载正文已由提取工具保存，无需重复抓取。未运行质性证据脚本、未做影像OCR、未伪称独立自动核验。,原研究的未完成记录；须与后续补订及正文逐条核销
nodes/r_b55f2c1cf5/cards/t_7da32d/c6_italy_germany.md,49,### 1810年2月17日：罗马王的帝国定位,【事实｜目录】Archives d’Alsace-Colmar藏2J99，题为《Réunion des états de Rome à l’Empire français : extrait du Moniteur du 18 février 1810》，日期1810-02-18，印刷品。已读目录未读原件：https://archives68.alsace.eu/ark:/46858/flcz8gr4m2bp ，downloads/pages/f087a936c6fb.md。不得把馆藏题名冒充全文核验。,原研究的未完成记录；须与后续补订及正文逐条核销
nodes/r_b55f2c1cf5/cards/t_7da32d/c6_italy_germany.md,162,### 7.2 再瓜分风险：双源有了，但批准方案没有,【裁量｜中置信度】“国家灭亡风险进入维也纳计算”有依据；“法国已批准具体瓜分终局”仍未证明。此分支未达到项目同期法国决策文件门槛，留作待核压力测试，不纳入已验证胜利主路径。,原研究的未完成记录；须与后续补订及正文逐条核销
nodes/r_b55f2c1cf5/cards/t_7da32d/prussia_austria_notes.md,7,## 一、核心结论与核验范围,**【裁量｜中置信度】1811—1812年进一步肢解普鲁士的危险和讨论有文献支持，但本轮未取得经原件核对的、拿破仑最终批准且划定具体边界的瓜分决定。** 必须区分：,原研究的未完成记录；须与后续补订及正文逐条核销
nodes/r_b55f2c1cf5/cards/t_7da32d/prussia_austria_notes.md,49,### S2　1812年法普公开同盟,**网站所列底本：** Ludwig August Friedrich von Liebenstein，*Der Krieg Napoleons gegen Russland in den Jahren 1812 und 1813*，Frankfurt am Main，1819。网站未提供具体卷页；本轮未读该版影印。,原研究的未完成记录；须与后续补订及正文逐条核销
nodes/r_b55f2c1cf5/cards/t_7da32d/prussia_austria_notes.md,63,### S3　1812年法普秘密附加条款,**底本声明：** 同S2，Liebenstein，1819；影印未读。,原研究的未完成记录；须与后续补订及正文逐条核销
nodes/r_b55f2c1cf5/cards/t_7da32d/prussia_austria_notes.md,77,### S4a　1812年法普秘密供给／赔款协定,**底本声明：** 同S2，Liebenstein，1819；影印未读。  ,原研究的未完成记录；须与后续补订及正文逐条核销
nodes/r_b55f2c1cf5/cards/t_7da32d/prussia_austria_notes.md,92,### S4b　1812年法普秘密军事协定,**底本声明：** 同S2，Liebenstein，1819；影印未读。,原研究的未完成记录；须与后续补订及正文逐条核销
nodes/r_b55f2c1cf5/cards/t_7da32d/prussia_austria_notes.md,775,## 十二、反事实分支与置信度,**【裁量】** “拒盟后瓜分”分支尚未满足项目要求的法国同时代决策文书直接锚定标准；目前只能作为待核条件分支，不能纳入已验证主路径。,原研究的未完成记录；须与后续补订及正文逐条核销
nodes/r_b55f2c1cf5/cards/t_7da32d/prussia_austria_notes.md,781,## 十三、未读书目与最高价值缺口,1. **Clark正规英文版、德译《Preußen》目标章节与尾注未读。**  ,原研究的未完成记录；须与后续补订及正文逐条核销
nodes/r_b55f2c1cf5/cards/t_7da32d/prussia_austria_notes.md,790,## 十三、未读书目与最高价值缺口,4. **Dominic Lieven，*La Russie contre Napoléon*，Éditions des Syrtes，2012，p.109未读。**  ,原研究的未完成记录；须与后续补订及正文逐条核销
nodes/r_b55f2c1cf5/cards/t_7da32d/prussia_austria_notes.md,793,## 十三、未读书目与最高价值缺口,5. **de Clercq条约集、法文签署文本及普方批准书未读。**  ,原研究的未完成记录；须与后续补订及正文逐条核销
nodes/r_b55f2c1cf5/cards/t_7da32d/prussia_austria_notes.md,796,## 十三、未读书目与最高价值缺口,6. **Schroeder、Planert、Siemann、Kraehe相关专著章节本轮未读。**  ,原研究的未完成记录；须与后续补订及正文逐条核销
nodes/r_b55f2c1cf5/cards/t_7da32d/prussia_austria_notes.md,800,## 十三、未读书目与最高价值缺口,   - GStA PK III. HA MdA：目录已读，原卷未读。,原研究的未完成记录；须与后续补订及正文逐条核销
nodes/r_b55f2c1cf5/cards/t_7da32d/rhine_notes.md,479,### 4.3 逐地区证据状态,| 巴伐利亚、符腾堡、黑森其他地区、法兰克福 | 未补齐各邦法律与司法记录 | 不宣称全体采用；具体未采用原因、日期和执行差异留待核查 |,原研究的未完成记录；须与后续补订及正文逐条核销
nodes/r_b55f2c1cf5/cards/t_7da32d/rhine_notes.md,577,### 6.1 实际已读的书评,**本轮未读Aaslestad专著正文；以下归纳全部经Dwyer转述。**,原研究的未完成记录；须与后续补订及正文逐条核销
nodes/r_b55f2c1cf5/cards/t_7da32d/rhine_notes.md,739,### 9.1 Fehrenbach,**未读书评正文或专著，不以Fehrenbach名义陈述实质论点。**页面上传日期2025不是评论出版年。,原研究的未完成记录；须与后续补订及正文逐条核销
nodes/r_b55f2c1cf5/cards/t_7da32d/rhine_notes.md,743,### 9.2 Rowe,检索定位到*From Reich to State*网络转录线索，但本轮未完成章节核读与版本校验，**不直接援引**。,原研究的未完成记录；须与后续补订及正文逐条核销
nodes/r_b55f2c1cf5/cards/t_7da32d/rhine_notes.md,784,## 10. 来源与抓取路径速查,- H-Net引用URL须保留`?id=`参数；提取工具返回的`final_url`有时去掉参数，不能用无参数地址代替具体书评。,原研究的未完成记录；须与后续补订及正文逐条核销
nodes/r_b55f2c1cf5/cards/t_7ee3b0/c3_naval_race_model.md,109,### 3.2 英国舰材脆弱性存在，但“有依赖”不等于“已断供”,"【事实｜Davey转引，非新增模型输入】C2迟到补遗记录1801俄国大麻进口37,000 tons、超过21英寸Riga桅杆1,186根及同尺寸美国桅杆198根；1809组织运输5,188根pine sticks。前者不是纯海军采购，后者不是已到货全年量，吨制及上游统计未完成核对。本卡只用来辨认材料约束，不以它们补年度平衡。[D3、E6]",原研究的未完成记录；须与后续补订及正文逐条核销
nodes/r_b55f2c1cf5/cards/t_7ee3b0/c3_naval_race_model.md,128,## 四、四情景与1803—1830年度表,|(b)亚眠延续|真实亚眠和平提供背景，但本卡未取得1803年5月双方可接受且获授权的延续方案|若和平维持，可恢复航海机会、降低战损；英方亦可修理补充或重配预算|只是用户指定诊断分支，未获同期方案准入；追平/持久和平概率不可评|,原研究的未完成记录；须与后续补订及正文逐条核销
nodes/r_b55f2c1cf5/cards/t_7ee3b0/c3_naval_race_model.md,144,## 五、跨洋护航：给C5/C7/C17的接口,【未验证项】本卡不把蒸汽或Paixhans炮当追赶捷径。1820年代技术变化应另设舰队更新、训练与财政成本；未取得足够材料，不计算其提前应用或效能增益。,原研究的未完成记录；须与后续补订及正文逐条核销
nodes/r_b55f2c1cf5/cards/t_7ee3b0/c3_naval_race_model.md,148,## 六、解释竞争与来源独立性,"【文献推断｜Hickey转述Glover】Glover的准确题名是“The French Fleet, 1807–1814; Britain’s Problem; and Madison’s Opportunity”，JMH 39(3), 1967, pp.233—252，DOI 10.1086/240080。**元数据已读、正文未读**。Hickey 2008第15项评论称其论证法国1812已接近战列舰数量匹敌，英国造修能力承压；同时明确否定“Madison据此宣战”有证据。[E10] 本卡保留数量逼近论作为强反证，不把评论当已核全国舰表。",原研究的未完成记录；须与后续补订及正文逐条核销
nodes/r_b55f2c1cf5/cards/t_7ee3b0/c3_naval_race_model.md,152,## 六、解释竞争与来源独立性,【裁量】这两种解释未必互斥：数量接近可以同时造成英国保编压力而未带来法国全球制海。只有同年同口径舰体、配员、训练和任务集中资料才能裁定程度。**未完成Rodger、Glete及Glover全文的两大学派独立专著核读**；这是验收欠项，不能用两位作者名字冒充完成。Battesti关于英国“必然”先发的措辞是其解释，不作历史定律。,原研究的未完成记录；须与后续补订及正文逐条核销
nodes/r_b55f2c1cf5/cards/t_7ee3b0/c3_naval_race_model.md,158,## 七、可复查短引文与书目,网页缓存行号不是纸本页码；现代转录未与《Correspondance générale》原卷对校。James为扫描OCR，未完成全部影像逐字对校。下列引文均以实际读取的缓存/文本为范围。,原研究的未完成记录；须与后续补订及正文逐条核销
nodes/r_b55f2c1cf5/cards/t_7ee3b0/c3_naval_race_model.md,173,## 七、可复查短引文与书目,"- **E10** Donald R. Hickey, “The Top 25 Articles on the War of 1812,” *The War of 1812 Magazine* 9, May 2008，第15项；`downloads/pages/d49295b7a7ca.md`行84；[评论](https://www.napoleon-series.org/military-info/Warof1812/2008/Issue9/c_top25articles.html)：“by 1812 had come within striking distance of matching the British in ships-of-the-line.” 关于Madison则说“There is simply no evidence to support this claim.” Glover书目元数据缓存`717b149d2bb0.md`；[DOI](https://doi.org/10.1086/240080)，正文未取得。",原研究的未完成记录；须与后续补订及正文逐条核销
nodes/r_b55f2c1cf5/cards/t_7ee3b0/rebuild_feedback_evidence.md,9,## 结论及交付边界,- 【事实／证据缺口】取得1813年英国议会维持海军兵力、应对法国舰队及全球任务压力的明确论辩；**尚未取得足以证明“法国扩舰→英国新增造舰订单”的同期直接证据**。保编、增援、增建必须分开。,原研究的未完成记录；须与后续补订及正文逐条核销
nodes/r_b55f2c1cf5/cards/t_7ee3b0/rebuild_feedback_evidence.md,125,## 尚未解决、不得进入数量模型的事项,3. **Melville 1813年2月备忘录**：检索发现百科线索称其警惕法国利用荷意造舰资源匹敌英国；原件与可靠文本未取得，**未阅，不作为结论证据**。,原研究的未完成记录；须与后续补订及正文逐条核销
nodes/r_b55f2c1cf5/cards/t_7ee3b0/rebuild_feedback_evidence.md,131,## 建议供主会话采用的表述,【文献推断：Hickey转述Glover】“法国在特拉法尔加后重建舰队，仍能对英国造成战略牵制；Glover的数量接近论值得核查，但其正文及舰数口径尚未取得。”,原研究的未完成记录；须与后续补订及正文逐条核销
nodes/r_b55f2c1cf5/cards/t_7ee3b0/sortie_evidence.md,16,## 实读版本、页码和材料路径,- 阅读方式：公开扫描的网页OCR抽取，已阅读上下文并按页眉定位；**未完成扫描图像逐字对校**。短引文避开明显OCR损坏，连接断行和断词；英文标点略作排版统一。因此“精确”是相对于所读OCR版本，不宣称已与纸本逐字符核验。,原研究的未完成记录；须与后续补订及正文逐条核销
nodes/r_b55f2c1cf5/cards/t_7ee3b0/sortie_evidence.md,121,### 6. 巴斯克锚地并非毫无准备：防御计划与实际执行必须分开,**反证/限度**：规章优良是James的评价，不是训练效果的测量；艇队未完成任务仍属实际防御失效，但无法在天气、训练和指挥之间定量分摊。,原研究的未完成记录；须与后续补订及正文逐条核销
nodes/r_b55f2c1cf5/cards/t_7ee3b0/sortie_evidence.md,174,## 尚未核实但重要的材料,【方法限度】这是按要求定点阅读James的8项证据备忘，不是英法双边档案互证完成稿，也未完成两大学派专著的独立比较。已保留该书内部的英法叙事分歧、James—编者分歧及裁判—作者分歧，不能据此冒称全领域史学争论已覆盖。,原研究的未完成记录；须与后续补订及正文逐条核销
nodes/r_b55f2c1cf5/cards/t_7ee3b0/sortie_evidence.md,176,## 尚未核实但重要的材料,【工具问题】本次shell复制/下载操作受到权限限制，未绕过；改用网页读取及write保存卡内摘录。网页自动抽取出现无内容及跳页，故仅承重实际读取的段落，并明确未做图像对校。,原研究的未完成记录；须与后续补订及正文逐条核销
nodes/r_b55f2c1cf5/cards/t_95ef51/c4_endurance_scenarios.md,50,## 3. 法国：税收基础、外部汲取与隐藏融资,【文献推断｜Grab】1804—1814，被征服地区负担约一半军事开支；概念包括现金贡款、就地供养、附属军队与征发，不是“一半法国国库收入来自国外”。[F4，印pp.26–27，“Financial impositions”] Berding相关原页未取得，故不能声称Grab／Berding完成双重数量核验。,原研究的未完成记录；须与后续补订及正文逐条核销
nodes/r_b55f2c1cf5/cards/t_95ef51/c4_endurance_scenarios.md,190,### 9.1 不伪造三方论战,- **【转引｜Freedman评Knight】**“he puts the organisation of war at centre stage”，突出行政与公私协调。[H5] 未取得Knight财政原页；书评中1811年£43m／£35m／£85m等数字口径不明，排除出数量输入。,原研究的未完成记录；须与后续补订及正文逐条核销
nodes/r_b55f2c1cf5/cards/t_95ef51/c4_endurance_scenarios.md,199,### 9.2 缺口登记与下游影响,|法国净贡赋、可动用储备、附庸同期收入与驻军净成本|和平转型δG及盟国税负可承受性|只保留混合口径截面；Grab/Berding/Connelly原页与财政账待补|,原研究的未完成记录；须与后续补订及正文逐条核销
nodes/r_b55f2c1cf5/cards/t_95ef51/fr_crisis_checks.md,121,## 缺口、排除项与下一步最小复核,- **粮食数量缺口**：未取得按省、月份、品种和固定疆域对齐的粮价与收成系列；政策最高价不是成交均价。Gotteri的p.355、Brotonne p.400是明确下一步原编本复核点。,原研究的未完成记录；须与后续补订及正文逐条核销
nodes/r_b55f2c1cf5/cards/t_95ef51/uk_fiscal_checks.md,5,## 交付状态与口径,这是补证备忘，不是总报告或财政模型。复用旧卡 `nodes/r_b55f2c1cf5/cards/t_bef693/uk_evidence.md` 及既有缓存，新增材料由网页工具提取。以下引文核到正文转录层，**未完成原版影印逐页对校**；正文有OCR错误，不把缓存行号当印刷页。,原研究的未完成记录；须与后续补订及正文逐条核销
nodes/r_b55f2c1cf5/cards/t_95ef51/uk_fiscal_checks.md,7,## 交付状态与口径,**仍未完成：1810–15连续年度债务/债息/税收表、1811商业救助实际发放总额、Knight原著财政页。** 下列战后邻近日期不能冒充1815年末。金额均按所引材料的名义英镑口径，未自行换币或拼接比率。,原研究的未完成记录；须与后续补订及正文逐条核销
nodes/r_b55f2c1cf5/cards/t_95ef51/uk_fiscal_checks.md,138,## 排除项、工具限制与下次最小补查,- 先前命令行路线受审批限制，本轮采用现有web工具；不能把审批失败称为网站不可访问。网页缓存常丢失发言人标签或含OCR错位，本卡使用议会题名、日期、栏及段首定位，不补造标签。,原研究的未完成记录；须与后续补订及正文逐条核销
nodes/r_b55f2c1cf5/cards/t_a8401d/c17_sources.md,3,# C17 来源键、引文与使用范围,【工作记录】本表为`c17_timeline.csv`的来源字典。键后冒号是主题/条目别名，不一律等于原报告章号；以下以明确标题/定位为准。项目根目录为相对路径起点。依赖报告是证据交接层，不是独立原始证人；原件未读、转引与回溯限定不得因进入CSV而消失。,原研究的未完成记录；须与后续补订及正文逐条核销
nodes/r_b55f2c1cf5/cards/t_a8401d/c17_sources.md,38,## 二、抽查锚点（短引可用于红队回放）,7. 【事实·出版转引】Nesselrode十月报告：`Les principaux objets ... 1. Les intérêts des ducs d’Oldenbourg; 2. La diminution des forces respectives sur la frontière; 3. La situation présente et future du duché de Varsovie; 4. La situation présente et future de la Prusse; 5. Les relations commerciales de la Russie.` `downloads/c12_vandal3_full.txt`行20965–21074范围，Vandal注670署Archives de Saint-Pétersbourg，原件未读。,原研究的未完成记录；须与后续补订及正文逐条核销
nodes/r_b55f2c1cf5/cards/t_a8401d/c17_sources.md,44,## 二、抽查锚点（短引可用于红队回放）,"13. 【事实·转引自Plessis据Ramon】1805-08-24：`j’arrêterai, s’il le faut, la solde de mes troupes pour la soutenir`。`downloads/pages/54a70cc2111c.md`搜`Le 24 août`；Plessis2000 pp.35–43注21，Ramon1929 pp.66–67未读。条件表态，非实际停军饷。",原研究的未完成记录；须与后续补订及正文逐条核销
nodes/r_b55f2c1cf5/cards/t_a8401d/c17_sources.md,52,## 三、来源独立性与未读谱系,【未验证】本卡未直接读取Chandler或Schroeder编年原页，故以实际可得Corbett、Fortescue和Fondation年表替代，不能声称满足原合同的指定编年双校。未取得C4完整跨国财政主模型，仅复用两件有界财政备忘。TNA FO/ADM、AN AF IV、SHD GR/MV、AAE CP Russie、圣彼得堡档案均仅按依赖转引谱系列名，不宣称亲调档。Caulaincourt、Mollien、塔列朗回忆材料一律回溯性；后出的1815制度仅作镜像，不能提前成为1807既有工具。,原研究的未完成记录；须与后续补订及正文逐条核销
nodes/r_b55f2c1cf5/cards/t_a8401d/c17_validation.md,5,# C17 交付复核记录,【事实·有界独立审查】general子代理a884741789e8b36b0静态对读主报告、来源表、脚本及检查JSON；未网络搜索、未重跑、未读生成CSV。它指出一项实质歧义：S2概率字段仍可能把C12原条件评级视为组合评级。已修正文句为“原卡条件评级……本组合未定级”，重新生成并读回；还检查全部S2自1811Q4行均明确出现“本组合”。其他独立性、NA、S1机会成本、S3分叉及未认证结论未见内部实质冲突。这不是项目独立红队终审，也不认证历史资料。,原研究的未完成记录；须与后续补订及正文逐条核销
nodes/r_b55f2c1cf5/cards/t_a8401d/c17_validation.md,9,# C17 交付复核记录,【未验证】本次未解季度财政/兵员可行性模型，未校准概率、冬营或舰队运行；未获得Chandler/Schroeder指定编年双校及C4完整财政模型。结构检查通过不能改写这些研究缺口。,原研究的未完成记录；须与后续补订及正文逐条核销
nodes/r_b55f2c1cf5/cards/t_a8401d/c17_victory_paths.md,15,## 结论先行,【裁量｜有条件比较，中置信】S2“大陸整固”最值得作为**保存法国有限大陆优势**的候选主干：不废立西班牙王、兑现有限撤军与主权安排、用贸易和前沿安全让步争取俄国不发生1812式大战。其优势是少添一个高风险跨海战场、少消耗军队；代价是容忍英国海权、俄国及奥国自主恢复，放弃排他性全欧控制。不能写成“最优胜利路线已经证明不经过入侵英国”，因为尚未做出可持续兵力、现金和长期履约的闭合验证。[C5；C12分支A；C13分支C；C14；C16],原研究的未完成记录；须与后续补订及正文逐条核销
nodes/r_b55f2c1cf5/cards/t_a8401d/c17_victory_paths.md,193,## 八、史学分歧与怎样改变判断,【文献解释·已读链】C11保留Mahan对1805窗口的机会解释，与Corbett对补给、舰队效能及英方互援的反论；前者不能当一日制海必终战，后者不能自动推出零机会。C12保留Vandal的承诺/安全交涉叙述与Esdaile、Hosking转述Lieven的俄国自主韧性解释：Lieven原书未读，不伪造其页码。[C11；C12第六节],原研究的未完成记录；须与后续补订及正文逐条核销
nodes/r_b55f2c1cf5/cards/t_a8401d/calendar_evidence.md,12,## 范围与读本,- 已复用并检查 `nodes/r_b55f2c1cf5/cards/t_2c338c/fleetplans.md`；它是项目笔记，不当独立史料。其补记已覆盖“Corbett未读”的旧状态，引用时不能把旧状态与补记混用。,原研究的未完成记录；须与后续补订及正文逐条核销
nodes/r_b55f2c1cf5/cards/t_a8401d/calendar_evidence.md,19,## 一、1805年日期链,| **8月9日，Q3：奥方正式加入** | 【事实：据F，p.263】“On the 9 th of August that power formally joined the alliance with Russia and England”；F行13671–13674。 | 本次依据史家叙述，未读奥方加入文书原件；不能混同此前俄奥接触或动员。 |,原研究的未完成记录；须与后续补订及正文逐条核销
nodes/r_b55f2c1cf5/cards/t_a8401d/calendar_evidence.md,32,### 反证与日期差异,2. 【事实：读本差异】F把“first orders”落在**22日**；C分述**23日信、25日告终、26日收令**。可能涉及初令、政治表态、路线和正式行军命令不同层次，但**本次未取得足以裁决的原令，不能宣布差异已解决**。,原研究的未完成记录；须与后续补订及正文逐条核销
nodes/r_b55f2c1cf5/cards/t_a8401d/calendar_evidence.md,55,## 二、1806–1807：已有正文能支持到哪里,- **6月23日→7月7日，跨Q2/Q3**：“An armistice (23 June) was followed by the Treaty of Tilsit (7 July)”。这是Calmard叙述，文中引Driault pp.197 ff.；本次未读该Driault原页，也不借此证明所有停战文件均署23日。这里的7月7日不应替代法普条约日期；法普条约本次未核正文。,原研究的未完成记录；须与后续补订及正文逐条核销
nodes/r_b55f2c1cf5/cards/t_b09c54/c8_cases_sources.md,45,### 1.2 S：Peter Hicks，公开历史文章,"其中拿破仑“Si le Pape […] prêche la révolte […] on doit l’arrêter.”系 **转引自 Hicks 注10，再引 Bernardine Melchior-Bonnet, *Napoléon et le Pape*（1958），p.122**，本次未读该书和信件原折，不标直接档案。",原研究的未完成记录；须与后续补订及正文逐条核销
nodes/r_b55f2c1cf5/cards/t_b09c54/c8_cases_sources.md,146,### 3.2 P，经二手转引：拿破仑致 Lefebvre，1809-07-20,【未验证项】本文出现的税增比例仅转引 Jean Sévillia 的叙述，未见税额原表、地域与税种口径，本包不采入数据。文末领土重划有进一步核验必要，不据其扩写。ERNiE 条目 https://ernie.uva.nl/viewer.p/21/56/object/122-279593 抽取仅得标题，**未取得正文**。Sauzey 的英文译本虽检索到，不作为已读全文材料。,原研究的未完成记录；须与后续补订及正文逐条核销
nodes/r_b55f2c1cf5/cards/t_b09c54/c8_cases_sources.md,177,### 4.2 S：Nicola P. Todorov 对 Mustafa 的反证性长书评,- 本地：`downloads/pages/5feaa9142411.md`；书评全文及注释已读。**未读 Mustafa 全书**。,原研究的未完成记录；须与后续补订及正文逐条核销
nodes/r_b55f2c1cf5/cards/t_b09c54/c8_cases_sources.md,198,### 4.2 S：Nicola P. Todorov 对 Mustafa 的反证性长书评,"**R / 待查原材料：**Malchus, *Ueber die Verwaltung der Finanzen des Königreichs Westphalen*, Stuttgart: Cotta, 1814, pp.62–63（Todorov 注6）。前财政大臣的事后说明带自辩性质，本次未读，不能当 contemporaneous 决算。Hessian Archives 数字卷 https://arcinsys.hessen.de/arcinsys/digitalisatViewer.action?detailid=v1473360 （Todorov 注7）本次未打开原页，不声称复算其逃亡兵数字。",原研究的未完成记录；须与后续补订及正文逐条核销
nodes/r_b55f2c1cf5/cards/t_b09c54/c8_cases_sources.md,244,## 6. 给 C8 的可直接采用结论与禁区,4. 【裁量；高】威斯特伐利亚：存在制度化索取与财政约束；未完成预算核算，不能量化“过载程度”或断言和平下也必然崩溃。必须并列 Todorov 的军事失败解释。,原研究的未完成记录；须与后续补订及正文逐条核销
nodes/r_b55f2c1cf5/cards/t_b09c54/c8_order_model.md,20,## 一、方法与对原问题的修正,【方法】先检验三个足以推翻乐观叙事的命题：外帝国是否净耗费资源；摄政是否必然导致哈布斯堡接管；欧洲联邦是否已有同时代设计。结果分别为：**尚无可比净成本数据；必然接管未获现有证据支持；本卡未取得1812年前全欧联邦蓝图**。第三项是检索边界，不是证明该意图从未存在。,原研究的未完成记录；须与后续补订及正文逐条核销
nodes/r_b55f2c1cf5/cards/t_b09c54/c8_order_model.md,86,### 4. 帝国节庆：本轮只列为未闭合模块,【证据界限】已定位1806年2月19日圣拿破仑节法令及相关学术研究，但尚未完成原刊核对及地方执行比较。因此不提供“每年8月15日节庆已制造欧洲共同认同”的经验断言，不把第二帝国仪式材料偷换为第一帝国。节庆可以作为待查的合法性表达方式，不作为本模型成功率的加分项。,原研究的未完成记录；须与后续补订及正文逐条核销
nodes/r_b55f2c1cf5/cards/t_b09c54/c8_order_model.md,124,### 继承分支表,【文献推断：Papot】1814年Marie-Louise离开巴黎发生在敌军逼近和拿破仑要求撤离的处境，她后来与父亲会合并返回奥地利。[S14] 【裁量；中高】不能把该事件压缩成“母后一直忠奥、必然出卖儿子”。她的个人选择、军事态势、拿破仑指示与哈布斯堡强制能力混合，不能以出身单因解释。本卡未读其通信全编，不裁决全部个人动机。,原研究的未完成记录；须与后续补订及正文逐条核销
nodes/r_b55f2c1cf5/cards/t_b09c54/c8_order_model.md,148,## 六、压力测试矩阵,| 刺杀或真实骤亡 | 创始人突然退出 | 继承法是制度锚点；本卡未独立核查Cadoudal/Staps案件 | 生前依1813法指定规则；压制潜在威胁亦可能扩大警务任意性，具体效果待查 | 分别进入A—E继承支线；不赋刺杀频率 |,原研究的未完成记录；须与后续补订及正文逐条核销
nodes/r_b55f2c1cf5/cards/t_b09c54/c8_order_model.md,201,## 九、交总装的限制与追加核查优先级,【证据界限】本卡已完成可追溯政治模型，但未完成全量原刊对校及欧洲净财政收益估算。优先补查：,原研究的未完成记录；须与后续补订及正文逐条核销
nodes/r_b55f2c1cf5/cards/t_b09c54/c8_order_model.md,206,## 九、交总装的限制与追加核查优先级,5. 圣拿破仑节原法令与地方实施材料，d’Hauterive/Fiévée警务文书、Crosland的Arcueil专著；未完成前不量化忠诚转化。,原研究的未完成记录；须与后续补订及正文逐条核销
nodes/r_b55f2c1cf5/cards/t_b09c54/c8_order_model.md,212,## 来源索引与精确锚点,所有缓存相对于 `/Users/makiko/Documents/exam/`。保存文本不等于原件影像；以下只列实读部分及明确未读边界。,原研究的未完成记录；须与后续补订及正文逐条核销
nodes/r_b55f2c1cf5/cards/t_b09c54/c8_order_model.md,217,## 来源索引与精确锚点,- **S4｜Lentz访谈**，“Thierry Lentz: four questions on the 1812 Malet Affair”，2012-01，[Fondation Napoléon](https://www.napoleon.org/en/magazine/interviews/thierry-lentz-four-questions-on-the-1812-malet-affair/)。`downloads/pages/2939d79f08d0.md`，小节“Was the empire really on the point of collapse…”及“What does this coup…”。是学者访谈，未读所依审判卷或全书。,原研究的未完成记录；须与后续补订及正文逐条核销
nodes/r_b55f2c1cf5/cards/t_b09c54/c8_order_model.md,232,## 来源索引与精确锚点,- **S19｜Schroeder，未读全文的对照书目**，“Napoleon’s Foreign Policy: a Criminal Enterprise”，期刊原版1990，DOI 10.2307/1986040；2004论文集重刊[出版社条目](https://link.springer.com/chapter/10.1007/978-1-137-06138-6_2)，缓存`downloads/pages/c95c6ca57978.md`仅预览／书目信息。不得将本卡理论重建引成作者原话。,原研究的未完成记录；须与后续补订及正文逐条核销
nodes/r_b55f2c1cf5/cards/t_b7b7b1/c16_britain_under_defeat.md,90,### 5. 爱尔兰与卢德运动：保留压力，不发明革命时钟,【裁量｜证据不足】这些材料证明争议进入国家议程，不足估计1811–1812再起义的组织能力、兵力或法国可获得的配合。本轮未完成Bartlett、爱尔兰地方档案及1803组织失败后网络的系统核查；爱尔兰只列压力变量，不作为S3必胜的承重分支。,原研究的未完成记录；须与后续补订及正文逐条核销
nodes/r_b55f2c1cf5/cards/t_b7b7b1/c16_britain_under_defeat.md,123,## 四、“蓝水退路”核算：有缓冲，非无限替代,【事实】Heckscher印页245表值如下，单位百万英镑。D为国内产品类别（原表United Kingdom Produce），R为外国与殖民地产物出口（转口类别）。**报关地域为Great Britain、不含Ireland**；所谓real为declared values，具有现价性质，不是现代不变价量。表脚为Hansard XXII附录lxi–lxii，本卡未读该原附表。[S6 pp.244–245],原研究的未完成记录；须与后续补订及正文逐条核销
nodes/r_b55f2c1cf5/cards/t_b7b7b1/c16_britain_under_defeat.md,242,### 已读来源与可复核定位,"**S4** J. E. Cookson, *The Friends of Peace: Anti-war Liberalism in England, 1793–1815*, CUP, 1982，**仅以下三章公开摘要**：(a) “The Friends of Peace”，DOI 10.1017/CBO9780511896422.001，`downloads/pages/d9d4b8071970.md`；(b) “Yorkshire and Lancashire”，DOI …008，`downloads/pages/d2355a2cc858.md`；(c) “Christian Petitions”，DOI …010，`downloads/pages/dffade892ace.md`。三者同一专著，不作独立三重互证；正文与原注尚缺。",原研究的未完成记录；须与后续补订及正文逐条核销
nodes/r_b55f2c1cf5/cards/t_b7b7b1/c16_britain_under_defeat.md,266,### 仍缺而可能改变结论的材料,【未验证】(1) Cookson完整目标章与请愿／选区原注，可判断地方动员如何实际影响议员；(2) 1811–1812 Grey、Grenville、摄政者与内阁通信及和平相关点名表决，可检验替代政府的条件而不只观察失败；(3) Bartlett与爱尔兰地方档案，可评估再起义条件；(4) Kaufmann、Platt pp.28–30、Crouzet危机章及Hansard原附表，可识别拉美分项与危机强度；(5) Glover *Britain at Bay*所收1803年10月19／21日York–Keith文书、Philp编书Fedorak pp.91–110、ADM与Bank of England档案，可查续战命令及财政转运；(6) Sherwig与原始补贴账、盟约，可把联盟重返从机制细化到具体年度。以上是待查清单，不是已读书目。,原研究的未完成记录；须与后续补订及正文逐条核销
nodes/r_b55f2c1cf5/cards/t_b7b7b1/evacuation_evidence.md,5,## 结论与证据边界,【裁量·中等置信】现有材料支持英国准备**内陆转移王室成员及政府**；金库转运有明确二手文献线索，但本次未读到承重原页。**未核得1803–05年王室、内阁、金库、舰队一体撤至加拿大并继续战争的具体预案**。不得将伍斯特撤离写成加拿大迁廷，也不得把“海军尚存”的能力判断写成已批准的海外续战命令。这里的“未核得”不是“不存在”。,原研究的未完成记录；须与后续补订及正文逐条核销
nodes/r_b55f2c1cf5/cards/t_b7b7b1/evacuation_evidence.md,7,## 结论与证据边界,【事实·研究记录】先检索了 `downloads/c11*.txt`（Corbett、Fortescue V、Desbrière各文本）；读到最直接的英国政府转移陈述是Fortescue V，第265页。Glover仅取得出版说明、目录及受限馆藏记录；Philp仅取得预览与章节线索，未取得Fedorak承重章节全文。Royal Archives取得目录记录、未读原信；TNA网络定向检索未定位撤离命令，不等于完成馆藏调查。没有编写代码。agent-reach的Exa命令被会话审批机制阻止，未绕过；改用现有web_search/web_extract取得材料。,原研究的未完成记录；须与后续补订及正文逐条核销
nodes/r_b55f2c1cf5/cards/t_b7b7b1/evacuation_evidence.md,25,### 2. 王室：乔治三世留军、王后与女儿内迁，非全家登舰,【事实·转引待核原信】1803年11月30日乔治三世自温莎致伍斯特主教Richard Hurd的信，现经网页转引可读：,原研究的未完成记录；须与后续补订及正文逐条核销
nodes/r_b55f2c1cf5/cards/t_b7b7b1/evacuation_evidence.md,56,## 二、优先来源核查与下一步最短路径,"1. **Glover, *Britain at Bay*（1973）**：【事实·目录】出版社目录列Part II documents 1–2：约克公爵1803年10月19日向Keith提问及Keith于10月21日的答复；另有“The Admiralty’s Tasks”章。它们是下一步核舰队任务边界的明确文献入口，**本次未读正文，不赋予海外撤离内容**。",原研究的未完成记录；须与后续补订及正文逐条核销
nodes/r_b55f2c1cf5/cards/t_b7b7b1/evacuation_evidence.md,61,## 二、优先来源核查与下一步最短路径,"2. **Philp编, *Resisting Napoleon*（2006）**：【事实·书目】最相关的是Charles John Fedorak，“In Defence of Great Britain: Henry Addington, the Duke of York and Military Preparations … 1803–1804”，**pp.91–110**。页幅由Peter Hicks, “The ‘Great Fear’ in the United Kingdom, 1802–1805”, *Napoleonica. La Revue* 32 (2018), pp.97–118，注12核到；但未读Fedorak原章，不能说该章证实或排除撤离。",原研究的未完成记录；须与后续补订及正文逐条核销
nodes/r_b55f2c1cf5/cards/t_b7b7b1/trade_evidence.md,7,## 结论与完成边界,【事实｜本次阅读范围】先检查工作区downloads及Kaufmann/Platt文件名，复用Heckscher原PDF；读印页173–178、238–247，并目视核对印页175、244、245的图像。Kaufmann只取得文件题录；Platt取得可核查的转引指向；Crouzet取得Chaloner书评全文与其中的原书引句，未取得三人的目标专著正文。以下不冒充完成了三书原文核验。**分地区拉美年表仍是实质缺口**，而非零值。,原研究的未完成记录；须与后续补订及正文逐条核销
nodes/r_b55f2c1cf5/cards/t_b7b7b1/trade_evidence.md,34,### 1. Heckscher的原表，不是“拉美表”,"【事实】源表页脚出处：*Hansard*, vol. XXII, appendix 1, cols. lxi–lxii；Heckscher注明纠正1806年总额。**此处系转引，尚未读Hansard原附表。**1812没有本表同口径地区数据，不插值、不从棉品总额反推。",原研究的未完成记录；须与后续补订及正文逐条核销
nodes/r_b55f2c1cf5/cards/t_b7b7b1/trade_evidence.md,47,### 2. 地理上必须保留的四个箱子,【裁量｜未验证项】本轮未取得六年间巴西、西属大陆、英属/外属加勒比、英属北美分别对应的D/R原表。既不能分配汇总增量，也不能把目的港当作最终消费地；英国向加勒比转运港装船和该港再运往大陆不等于两笔独立英国出口。,原研究的未完成记录；须与后续补订及正文逐条核销
nodes/r_b55f2c1cf5/cards/t_b7b7b1/trade_evidence.md,111,### Crouzet：必须保留封锁本身的解释力,**转引自Chaloner，未读Crouzet p.855本页。**原文：https://www.persee.fr/doc/rbph_0035-0818_1960_num_38_2_2317_t1_0525_0000_2 ；本地：`downloads/pages/e5b32951df65.md`。,原研究的未完成记录；须与后续补订及正文逐条核销
nodes/r_b55f2c1cf5/cards/t_bef693/c9_war_finance.md,9,## 结论先行,【事实／文献推断】三层结论必须分开：**精英财富层**，1810年境外赠产变现、转投帝国内地地产或公债的制度设计已经存在，但四十年路径的长期运行效果未经本卡证据检验；**国家岁入层**，本轮仍未取得完整和平财政转型规划文书；**战争融资层**，Branda所重建的实际战争资源依赖并不因这条法令而减少。另有1810年培育偿债基金票据市场、扩张商业贴现的指令，它削弱“完全拒绝信用”的绝对命题，却不证明英国式公债体系已经形成。“精英只能永久征服”的强命题应降级，而非据此翻转整个帝国财政判断。[S1–S3、S6],原研究的未完成记录；须与后续补订及正文逐条核销
nodes/r_b55f2c1cf5/cards/t_bef693/c9_war_finance.md,136,### 2. 赠产：能够内地化，但不能免费补偿所有人,"【文献推断｜Senkowska-Gluck】重读原文发现两项执行边界：p.690明确说，为强制购置相称住宅而扣留majorat收入的安排未生效，因为扣留形式从未规定；**这条不实施陈述仅指住宅条款，不能扩大为境外赠产出售从未执行。**p.693结尾则说整个赠产体系“s’est écroulé avant d’avoir été parachevé, avant d’avoir atteint son plein développement”，即未完成、未充分发展即告崩溃。文章没有提供本卡所需的出售转投合规率。p.690注1还记录Cambacérès担忧新委员会偏向王室财产安全而非受赠人收益，提示执行中的利益冲突（转引AN AF IV 1221、BB30 698，原档未阅）。",原研究的未完成记录；须与后续补订及正文逐条核销
nodes/r_b55f2c1cf5/cards/t_bef693/c9_war_finance.md,138,### 2. 赠产：能够内地化，但不能免费补偿所有人,【原刊追核限度】追加限时检索找到Gallica《Bulletin des lois》1810年卷入口 `https://gallica.bnf.fr/ark:/12148/bpt6k445364n`，但所试OCR页面被重定向至安全验证，未取得texte 5249，故仍保留S2转引标注。失败回执：`downloads/pages/8fc405d01860.md`。替代读取Heraldica法规汇编 `https://heraldica.org/topics/france/majoratstexts.htm`（`downloads/pages/bfe5e416b5e6.md`）取得的是1808-03-01法令第54–73条关于境外majorat资产处置及再投资的现代转录，不是1810法令原刊；它补充制度前史，不能冒充关闭1810转引缺口。,原研究的未完成记录；须与后续补订及正文逐条核销
nodes/r_b55f2c1cf5/cards/t_bef693/c9_war_finance.md,144,### 3. 和平财政总方案：没有核到,"【未验证】本轮没有读到涵盖1810–1812的综合和平预算、贡款退出安排、债务转换和继承保障的一揽子文件。已定位Gaudin的《Réglement du budget de 1810, et fixation des contributions de 1811》题录，未取得正文。**未找到不等于不存在；现有文书只能支持局部转型选项。**",原研究的未完成记录；须与后续补订及正文逐条核销
nodes/r_b55f2c1cf5/cards/t_bef693/extraction_evidence.md,5,## 核验范围与结论,本次实际阅读了网络抓取的书籍/论文正文及附表，不以搜索结果片段作证。**没有取得原PDF页图进行视觉对校**：以下页码来自抓取文本保留的印刷页眉/页脚，表格可能有OCR/列错位；这种风险逐项保留。文献所引原档案未读，不冒称原档核验。,原研究的未完成记录；须与后续补订及正文逐条核销
nodes/r_b55f2c1cf5/cards/t_bef693/extraction_evidence.md,87,### 3.2 预算50%的真实含义,"【未验证】“意大利每年向法国转移多少、占该年收入/支出多少”的年度配对数列仍缺。Grab专文“The politics of finance in Napoleonic Italy (1802–1814)”, *Journal of Modern Italian Studies* 3(2), 1998, pp.127–143, DOI 10.1080/13545719808454972，本轮仅定位，未取得全文，未用摘要支持数字。",原研究的未完成记录；须与后续补订及正文逐条核销
nodes/r_b55f2c1cf5/cards/t_bef693/extraction_evidence.md,95,## 4. 威斯特伐利亚债务,【裁量｜高】合规写法：“据Grab（p.101，注43转引Connelly p.208），1812年威斯特伐利亚累计债务估为1.4–2亿法郎。”不得写“Berding估计债务2亿”，不得写“向法国欠债2亿”。Connelly p.208与Berding p.17原文均尚未读到。,原研究的未完成记录；须与后续补订及正文逐条核销
nodes/r_b55f2c1cf5/cards/t_bef693/extraction_evidence.md,145,### 6.1 补核：1810年5月5日致Mollien信（同时代锚点）,【裁量｜高】该信是**当时的拨款陈述与分担命令**，不是年度结算。可证明法国中央补贴与当地征收并存，以及加泰罗尼亚例外；不能证明当地实际足额支付50%，不能把200万×12称作已核1810全年汇款，也不能把军饷直接等同全部战争成本。尚缺Mollien奉命提交的报告及实际出纳账。网页原句末尾疑有漏字，未据此补写；未取得书本卷页或信件编号，引用以日期、收件人、段首及本地行号定位。此为同时代信件的网页转录，**不是圣赫勒拿回溯材料**，但仍未对校原刊/原档。,原研究的未完成记录；须与后续补订及正文逐条核销
nodes/r_b55f2c1cf5/cards/t_bef693/extraction_evidence.md,154,## 8. 缺口与复核优先序,2. **Connelly原书p.208、p.193未读**；**Berding原书p.17及财政章节未读**。已把Grab真实注释提供为精确追索点，不能写成原书已核。,原研究的未完成记录；须与后续补订及正文逐条核销
nodes/r_b55f2c1cf5/cards/t_bef693/extraction_evidence.md,155,## 8. 缺口与复核优先序,3. **Branda《Le Prix de la Gloire》原书未读**；本次使用2008论文，不以文章代替书本页码。,原研究的未完成记录；须与后续补订及正文逐条核销
nodes/r_b55f2c1cf5/cards/t_bef693/uk_evidence.md,18,### UK-01 所得税废除使债务服务占收入比例上升,"出处：Larry Neal, “The Financial Crisis of 1825 and the Restructuring of the British Financial System,” *Federal Reserve Bank of St. Louis Review* 80 (May/June 1998), 53–76，章节 **“THE SHOCK: FROM WARTIME TO PEACETIME FINANCE IN 1821”**，段首 **“The elimination of the income tax in 1816”**；该段脚注9引Mitchell (1988), p.581（本次未读Mitchell原表）。",原研究的未完成记录；须与后续补订及正文逐条核销
nodes/r_b55f2c1cf5/cards/t_bef693/uk_evidence.md,41,### UK-03 战争期债息份额：可核但不能冒作战后数,"口径：三类Exchequer拨付的组成比例，不是债息/GDP，也不是债息/税收；战争期合并口径不能写成1815单年，更不能用于1816–1821。源表转引 *Accounts of the public income and expenditure 1688–1869*, PP 1868–9, XXXV；本次未读议会原表。",原研究的未完成记录；须与后续补订及正文逐条核销
nodes/r_b55f2c1cf5/cards/t_bef693/uk_evidence.md,59,### UK-05 银行支持短债的规模,同页报告1812–1815年“30 percent of total public revenues”来自短债发行；脚注19报告1815–1821年为40%。**暂不作为可加总财政收入份额使用**：作者此处将融资计入revenues，未在本次核清是否含滚动发行/再融资；不能与税收收入比例直接相加。此项列为口径待核，而非冻结参数。,原研究的未完成记录；须与后续补订及正文逐条核销
nodes/r_b55f2c1cf5/cards/t_bef693/uk_evidence.md,80,## 四、Bordo–White优先后续核验清单,1. **正式版表格及正文未读到**。Cambridge正文入口仅返回摘要与脚注；JSTOR PDF返回Client Challenge；NBER抓取只有残缺摘录。不能用1990页码代替1991页码。,原研究的未完成记录；须与后续补订及正文逐条核销
nodes/r_b55f2c1cf5/cards/t_bef693/uk_evidence.md,84,## 四、Bordo–White优先后续核验清单,5. 战后债息逐年£额、偿债基金净还本与毛买入、债务面值/市场值、英国/大不列颠地域口径均待核。,原研究的未完成记录；须与后续补订及正文逐条核销
nodes/r_b55f2c1cf5/cards/t_bef693/uk_evidence.md,93,## 引用纪律,上述数字均为已读作者正文/表格的转述，未重新估计；议会报告、银行档案、Mitchell及Acworth只在实际二手引文层级出现。未读原折，不声称独立档案核实。此交付为证据快照，非完整文献综述或财政反事实模型。,原研究的未完成记录；须与后续补订及正文逐条核销
nodes/r_b55f2c1cf5/cards/t_c17367/c7_orient_india.md,33,### 2.1 编年矩阵,|1803，Sébastiani报告|《Moniteur》1803-01-30为应查出处，未取得可校勘原文。|【未验证】不采用流传的埃及所需人数作为已核对数据。|缺口|,原研究的未完成记录；须与后续补订及正文逐条核销
nodes/r_b55f2c1cf5/cards/t_c17367/c7_orient_india.md,41,### 2.1 编年矩阵,|1808埃尔福特及以后|本卡未取得独立的印度作战命令链。|【未验证】不得将1807、1808年初方案顺延成埃尔福特已决定出征，更不能自动延续至1812。|缺口|,原研究的未完成记录；须与后续补订及正文逐条核销
nodes/r_b55f2c1cf5/cards/t_c17367/c7_orient_india.md,196,## 六、威胁的反身效应：不入侵也能改变英属印度,【裁量·中高置信】目前最强的“法国改变印度”证据不是领土征服，而是促使英属印度当局向外经营安全体系。这与全球帝国史重视威胁、信息和边疆重组的视角相容；但Bayly《Imperial Meridian》本卡未读相关正文，故不把具体因果结论归为已核实的Bayly论点。,原研究的未完成记录；须与后续补订及正文逐条核销
nodes/r_b55f2c1cf5/cards/t_c17367/c7_orient_india.md,202,## 七、学派对照与最终分支裁定,"|大战略／外交主动性读法（以Vandal叙事及其刊布通信为可读基础）|1807正式训令、1808君主通信说明印度不是后世虚构；威胁可令海上强国付出陆上防御成本。[S1–S3,S6]|法俄份额争执、海峡排除条文与特别协定尚缺；外交夸张不等于工期。|【裁量】接受真实选项，拒绝已具执行能力的升级。|",原研究的未完成记录；须与后续补订及正文逐条核销
nodes/r_b55f2c1cf5/cards/t_c17367/c7_orient_india.md,234,## 九、可复核来源、版本与同源关系,"- **S6** Amita Das, ed. Aditya Das, *Defending British India against Napoleon: The Foreign Policy of Governor-General Lord Minto,1807–13*, Boydell & Brewer,2016，第3章pp.91–134，DOI 10.1017/9781782048138.004。实际只读网页公开“Summary”所载节选和其中Minto1808-06-17引文，**未读付费全章**。https://www.cambridge.org/core/books/abs/defending-british-india-against-napoleon/creating-a-buffer-zone/3899B503863F420D92C3E81F3D29EC95 ；`downloads/pages/7ace9e1b1b47.md`，行124–153。",原研究的未完成记录；须与后续补订及正文逐条核销
nodes/r_b55f2c1cf5/cards/t_c17367/c7_orient_india.md,237,## 九、可复核来源、版本与同源关系,- **S9** 1814巴黎条约，第VIII、XII条，Wikisource英文转录，自称据Edward Baines 1855版，但页面仍标“source document…not known”。https://en.wikisource.org/wiki/Treaty_of_Paris_(1814) ；`downloads/pages/23a7a98922ae.md`。已读条文，仅作有版本保留的条约类比；需de Clercq/影像终校。Napoleon-Series同文页抓取403，未冒称读到该页。可补校Southampton教学PDF（未读取，不计第二证据）。,原研究的未完成记录；须与后续补订及正文逐条核销
nodes/r_b55f2c1cf5/cards/t_c17367/c7_orient_india.md,244,## 九、可复核来源、版本与同源关系,"- **S15** 1807-05-04芬肯施泰因条约，全16条法文网络转录，https://napoleon-histoire.com/traite-dalliance-entre-la-france-et-la-perse/ ；`downloads/pages/6bc1e5201866.md`。已逐条读，签署件影像未得。Iranica给出的可补校书目为de Clercq II,pp.201–203；Hurewitz I,pp.184–185；Gardane,pp.71–80；这些印本本卡未读，不能当作直接出处。",原研究的未完成记录；须与后续补订及正文逐条核销
nodes/r_b55f2c1cf5/cards/t_c2dbca/americas_haiti.md,3,# C5 拉美机制、代理与海地证据备忘录,据子代理americas-haiti实际交付整理；文献阅读范围如下，未取得的原书不得冒称已读。主卡已复读FME秘密指示段。,原研究的未完成记录；须与后续补订及正文逐条核销
nodes/r_b55f2c1cf5/cards/t_c2dbca/americas_haiti.md,12,## 学派比较与juntas,"[G同期文书转引，未读原折] 墨西哥市议会1808-07-19，『consentimiento universal de los Pueblos』，G123–124注20/22引Hernández y Dávalos(1877)p477；加拉加斯市议会1808-08-29暂缓组junta但保留依战局行动权，G126注30，AHN Estado60,E64；8/28都督报告同系列E66；布宜诺斯艾利斯当局1808-09-09致塞维利亚，『no obedecer a otra autoridad que la legítima』，G128注34，引Gazeta Ministerial de Sevilla no60,1808-12-23。",原研究的未完成记录；须与后续补订及正文逐条核销
nodes/r_b55f2c1cf5/cards/t_c2dbca/americas_haiti.md,14,## 学派比较与juntas,"[A] Jeremy Adelman,“An Age of Imperial Revolutions”,AHR113(2),2008,319–340，实际读开篇及注32–39附近连续正文。https://academic.oup.com/ahr/article-pdf/113/2/319/44896/113-2-319.pdf ；缓存downloads/pages/faaeb1cd5084.md行248–317。开篇319–320：『There was little that was inevitable about imperial demise.』注32附近：『the growing weakness of state structures did not provoke secessionist movements』；注39附近：『It was these civil wars that yielded to independence, and not secession that sparked the civil war.』后两句单页未图像核定。战争、信用、商人、奴隶贸易和统治联盟重组并非单向导致分离；自由贸易也可增强帝国财政。王室迁巴西保留主权象征，而后重新集中权力又可破坏自治契约。未读作者Sovereignty and Revolution专著，不以论文充作全书。",原研究的未完成记录；须与后续补订及正文逐条核销
nodes/r_b55f2c1cf5/cards/t_c2dbca/americas_haiti.md,22,## 法国代理：不把指控当任命,【事实·V记述，原函未读】1808运送让位和新王文书旨在争取约瑟夫效忠，并非支持独立。pp281–282述Desmolards、d’Amblimont、Nordingh de Witt等代理。V存在时序和官员地点压缩风险，本卡不冻结全部航次数。de Witt属约瑟夫/Azanza系统，不能直接当拿破仑亲命。Touzard输送武器建议及Sérurier1812反应经Benot再转引，不能证明援助已到。,原研究的未完成记录；须与后续补订及正文逐条核销
nodes/r_b55f2c1cf5/cards/t_c2dbca/americas_haiti.md,23,## 法国代理：不把指控当任命,"【原始讲话转引自V278–279注100】1809公开政策不反对独立，条件为『pourvu que ces peuples ne prennent aucun lien avec l’Angleterre』。V引Archives parlementaires,2e série,tX,p335及Moniteur1809-12-14，原刊未读。表态不等于军事保护承诺。",原研究的未完成记录；须与后续补订及正文逐条核销
nodes/r_b55f2c1cf5/cards/t_c2dbca/americas_haiti.md,26,## 法国代理：不把指控当任命,"[H] Jacques Houdaille,“Gaetan Souchet D’Alvimart,The Alleged Envoy of Napoleon to Mexico,1807–1809”,The Americas16(2),1959,109–131。实际仅读公开摘要和详细脚注，不是全文。https://doi.org/10.2307/978836 ；缓存downloads/pages/05a35bd11a97.md行125–239。注49：『nothing to prove that he had come as one of Napoleon’s emissaries』；不能反转成已证绝非使者。注45误捕裁缝Duval例证spy fever，转引AGN México Historia409 ff8–33，未读原卷。注47为Robertson p40核查入口，注4为pp88–92入口，均不是已读Robertson证据。",原研究的未完成记录；须与后续补订及正文逐条核销
nodes/r_b55f2c1cf5/cards/t_c2dbca/americas_haiti.md,40,## 1815禁贩不等于解放,官方定位未读：ANOM https://recherche-anom.culture.gouv.fr/ark:/61561/ni258bvzzc （验证码）；Archives71 https://www.archives71.fr/decouvrir/apprendre-et-se-divertir/zooms/zooms-archives/bicentenaire-de-labolition-de-la-traite-negriere 。,原研究的未完成记录；须与后续补订及正文逐条核销
nodes/r_b55f2c1cf5/cards/t_c2dbca/americas_haiti.md,44,## 未决与源批判,Robertson书页、1815官刊影像、Roussier284–285、法方代理训令、de Witt审判与Azanza信件、有效在位国王下主权junta的地方锚点尚缺。不得以本稿条件式推演弥补实证空白。机构教学网页亦可能错误：Fondation Napoléon视频说明误将1848废奴置于七月王朝（实际第二共和国），缓存downloads/pages/e0219e51b6b9.md；不采用该页泛化结论。,原研究的未完成记录；须与后续补订及正文逐条核销
nodes/r_b55f2c1cf5/cards/t_c2dbca/britain_silver.md,3,# C5 英国美洲方案与白银机制,本稿据子代理britain-silver的已读证据备忘录整理；保留其阅读边界。缓存为网页抽取文本，未完成PDF扫描对校。,原研究的未完成记录；须与后续补订及正文逐条核销
nodes/r_b55f2c1cf5/cards/t_c2dbca/britain_silver.md,17,## 类比及限界,【事实·Muir】1807年12月21日Castlereagh仍提议Montevideo贸易据点，内阁未承诺；Correspondence8:96–101（转引）。拉普拉塔失败限制直接征服方案，但不证明所有地区必败。Whitelocke Gazette16065相关战报仅检索，未读核，不引数字。,原研究的未完成记录；须与后续补订及正文逐条核销
nodes/r_b55f2c1cf5/cards/t_c2dbca/britain_silver.md,27,## 白银支付链,原文：『Estas licencias (y las libranzas) … fueron trasladadas a las manos de la casa Hope』。代理网络包括Philadelphia的David Parish、New Orleans的Vincent Nolte及Veracruz的Gabriel Villanueva；当地Echeverría、Septien等负责仓储、税款、销售与财政银运输。AGN Marina vol206 f57(1806)为注32转引，未读原档。,原研究的未完成记录；须与后续补订及正文逐条核销
nodes/r_b55f2c1cf5/cards/t_c2dbca/britain_silver.md,40,## 来源批判与缺口,"Marichal,Bankruptcy of Empire(2007)，作者开放PDF仅导论及前两章，第5章未读；缓存downloads/pages/6ce31bceba37.md。不能将2000论文结论伪称亲读2007第5章。",原研究的未完成记录；须与后续补订及正文逐条核销
nodes/r_b55f2c1cf5/cards/t_c2dbca/britain_silver.md,42,## 来源批判与缺口,Fortescue卷VI未取得相关正文；Reiter军事决策论文仅读开头责任争议，缓存downloads/pages/7596c0bfd236.md。军械部门自辩说Wellesley原定remote service[South America]，可作改向装备不匹配的旁证，不判定全部责任。WTJ文书转录缓存downloads/pages/da0a114d3379.md，信头与纸本未对校，优先使用Muir。,原研究的未完成记录；须与后续补订及正文逐条核销
nodes/r_b55f2c1cf5/cards/t_c2dbca/c5_iberia_americas.md,20,## 一、1808桌面选项：外交表述不等于真实意图,|卡洛斯四世复位|未完成同期政策文书核读|【未验证】用于王位转让的法律身份不等于认真复位方案|,原研究的未完成记录；须与后续补订及正文逐条核销
nodes/r_b55f2c1cf5/cards/t_c2dbca/c5_iberia_americas.md,31,## 一、1808桌面选项：外交表述不等于真实意图,【未验证】Savary使命、Escoiquiz1814说明及Godoy/Savary后出回忆没有取得足够连续正文；现有说法不承担联姻分岔。即使取得，也须标回溯、自辩性，并与事前文书互证。埃特鲁里亚类比未完成专门核验，不作为本卡保王方案的承重证据。,原研究的未完成记录；须与后续补订及正文逐条核销
nodes/r_b55f2c1cf5/cards/t_c2dbca/c5_iberia_americas.md,63,## 三、美洲：没有正式废位是否就没有juntas？,【事实·转引同期文书】墨西哥市议会1808-07-19诉诸政治共同体同意；加拉加斯1808-08-29暂缓组junta但保留因战局改变再行动；布宜诺斯艾利斯1808-09-09强调只服从合法权威。出处为Guerra pp123–128及注20、22、30、34；原折未读。〔A2〕,原研究的未完成记录；须与后续补订及正文逐条核销
nodes/r_b55f2c1cf5/cards/t_c2dbca/c5_iberia_americas.md,65,## 三、美洲：没有正式废位是否就没有juntas？,【模型推演】这些文本支持有条件行动，不支持预存统一的拉美民族计划。史实忠王juntas本就不承认巴约讷废位有效，所以仅“没有正式废位文件”不能阻止它们。有效在位、自由授权、中央可信才是模型干预变量。进一步断言在有效国王之下必然出现主权juntas则需要本稿尚缺的地方同期实例。〔A1–A2〕,原研究的未完成记录；须与后续补订及正文逐条核销
nodes/r_b55f2c1cf5/cards/t_c2dbca/c5_iberia_americas.md,85,## 四、法国能力的三个条件分支,【文献推断·替代研究】1809公开话语以美洲不与英国建立联系为容忍独立条件。这说明法国目标可从保全约瑟夫帝国转为排英，并非无条件维护西班牙旧帝国。原讲话经Avilés Flores转引，Moniteur1809-12-14原刊未读，故不据此构造完整政策实施序列。〔A4〕,原研究的未完成记录；须与后续补订及正文逐条核销
nodes/r_b55f2c1cf5/cards/t_c2dbca/c5_iberia_americas.md,91,## 五、白银：可维持的管道不是无限财政,【事实·来源批判】作者注18质疑Nolte回忆数字，注30警告航运记录缺漏；本文不把船数或总出口银当法国净收入。Buist正文及欧洲分账未读，不能填一个“拿破仑每年可取若干百万”的数字。Hope–Baring与Gordon–Murphy不能合并。〔B2、U1〕,原研究的未完成记录；须与后续补订及正文逐条核销
nodes/r_b55f2c1cf5/cards/t_c2dbca/c5_iberia_americas.md,103,## 六、海地与奴隶制：不能从1815倒造自由帝国,【事实·版本限定】1815-03-29法令是禁奴隶贸易，不是解放既有奴隶；所读转录第4条还保留公布前出航航次的出售例外。Archives71公开说明确认其为禁贩令，并将废奴区别为1848，但本卡未取得1815官刊影像，第4条保留转录待校。〔H3〕,原研究的未完成记录；须与后续补订及正文逐条核销
nodes/r_b55f2c1cf5/cards/t_c2dbca/c5_iberia_americas.md,112,## 七、总装用约束与未决,4. 【裁量】C3未完成前，不为L2配舰艇和远征军数字；有舰也须另验接纳、疾病、财政与常年补给。,原研究的未完成记录；须与后续补订及正文逐条核销
nodes/r_b55f2c1cf5/cards/t_c2dbca/c5_iberia_americas.md,114,## 七、总装用约束与未决,6. 【未验证】Robertson正文、Buist295–356、Fortescue VI、Escoiquiz/Savary连续证词、1815官刊影像、Roussier284–285影像、法方代理训令待补。这些分别决定介入史、银流净额、英国文书互证、联姻真诚性、法条转录、复奴训令异文及正式代理身份。,原研究的未完成记录；须与后续补订及正文逐条核销
nodes/r_b55f2c1cf5/cards/t_c2dbca/c5_iberia_americas.md,119,## 八、书目与材料表,编号用于正文定位；详细短引、URL和缓存位置见同目录证据附录。下列为实际读取版本，未读项单列。,原研究的未完成记录；须与后续补订及正文逐条核销
nodes/r_b55f2c1cf5/cards/t_c2dbca/c5_iberia_americas.md,126,### 西班牙,"- S5 Juan López Tabar,“El fracaso de la tercera vía. José I y los afrancesados(1808–1813)”，实际读网页PDF抽取pp35–45，缓存2c14f1e0292d.md，完整文集项待补；Gérard Dufour,“Los afrancesados o una cuestión política: los límites del despotismo ilustrado”,Cuadernos de Historia Moderna.Anejos VI(2007),269–277，缓存4ecf038a8410.md。均经Cervantes取得。",原研究的未完成记录；须与后续补订及正文逐条核销
nodes/r_b55f2c1cf5/cards/t_c2dbca/c5_iberia_americas.md,133,### 拉美与英国、白银,"- A4 Pablo Avilés Flores,“La imagen de la independencia de México en Francia. Viajes, intereses científicos y económicos”，实读275–282，完整出版项待核；https://dialnet.unirioja.es/descarga/articulo/3851032.pdf ，缓存930b69bc0c92.md。",原研究的未完成记录；须与后续补订及正文逐条核销
nodes/r_b55f2c1cf5/cards/t_c2dbca/c5_iberia_americas.md,147,### 未读书目与档案谱系（不是证据冒充）,"- U3 Fortescue,History of the British Army,VI；Savary、Escoiquiz、Grandmaison、La Parra等为待核，不列已读著作。",原研究的未完成记录；须与后续补订及正文逐条核销
nodes/r_b55f2c1cf5/cards/t_c2dbca/c5_iberia_americas.md,150,### 未读书目与档案谱系（不是证据冒充）,**交付限界**：两个并行备忘录最初因子代理写权限受阻，现均由主会话保存。主卡复读了4/16信、Muir、Marichal及Adelman核心段、FME秘密指示；其余按附录所列子代理实际阅读范围使用。网页缓存不等于完整原书，PDF视觉对校未完成。,原研究的未完成记录；须与后续补订及正文逐条核销
nodes/r_b55f2c1cf5/cards/t_c2dbca/spain_evidence.md,11,## 1808选项矩阵,|卡洛斯复位|尚未完成独立文书核验|保留为待查选项|不能把他用于转让王位的法律地位当成复位政策|,原研究的未完成记录；须与后续补订及正文逐条核销
nodes/r_b55f2c1cf5/cards/t_c2dbca/spain_evidence.md,18,## 1808选项矩阵,"【文献推断·Madec/Lentz】所谓3月29日谨慎信为伪造；Madec法文结语：『la première partie de cette lettre détruit à elle seule la fabrique de celle du 29 mars』。英文章说明圣赫勒拿伪造背景；应写“转引CG8附录Lentz，经Madec评注”，不假称亲读附录。3月23日信档案标识为AN, fonds Murat, 31 AP24, d467, p14bis（转引），不等于亲见原折。缓存 `downloads/pages/747bf6067487.md`；https://www.napoleon.org/histoire-des-2-empires/articles/lettre-du-23-mars-1808-de-napoleon-a-murat-commentee-par-gabriel-madec-vol-8-de-la-correspondance-de-napoleon/ 。同文记3月27日向路易提出王位（n17510），现为二手报告，未读该信原文。",原研究的未完成记录；须与后续补订及正文逐条核销
nodes/r_b55f2c1cf5/cards/t_d604cd/c18_eastern_frontier.md,21,## 一、方法与证据范围,【材料边界】Czubaty 2018论文已下载并读关键页，不冒充读完其2016专著；Nawrot论文、Grab公国章及法文文书数字转录承担波兰能力核查。北欧使用Munch-Petersen、Nielsen及Davey等实际取得段落；奥斯曼侧使用Süslü、İsmail，不以未读的Aksan、Shaw补足权威。网页OCR或转录未逐页对校影像；档案号均保留“转引”，不宣称亲阅。,原研究的未完成记录；须与后续补订及正文逐条核销
nodes/r_b55f2c1cf5/cards/t_d604cd/c18_eastern_frontier.md,56,### 2.2 军事、债务与财政口径表,"【裁量｜中高置信】大规模动员、贸易损失、征发和债务构成相互强化的压力。可据此将“天然自持大波兰”降级为**财政能力有待重建、很可能需要法国前期支持的伙伴**；“必需永久补贴”和补贴数值仍须账目证明。Grab所列1812伤亡90,000及极低幸存数，未完成兵种、失踪、被俘及回归口径核查，本卡不采用为净人口损失。[P2，pp.183–185]",原研究的未完成记录；须与后续补订及正文逐条核销
nodes/r_b55f2c1cf5/cards/t_d604cd/c18_eastern_frontier.md,126,## 四、瑞典：不是法国元帅治下的法国附庸,【事实｜二手条约说明】俄瑞圣彼得堡条约签于1812年4月5日：俄国支持取得挪威，双方保证包括芬兰的领土现状，瑞典协助反法；8月Åbo会面进一步确认，而不是第一次结盟。Nielsen还指出条约第5款允许必要时用武力使挪威服从，说明对瑞俄有利不等于挪威主动同意。[N3，pp.40–41，注2–5；条约集原文未读],原研究的未完成记录；须与后续补订及正文逐条核销
nodes/r_b55f2c1cf5/cards/t_d604cd/c18_eastern_frontier.md,130,## 四、瑞典：不是法国元帅治下的法国附庸,【裁量】对法国最节省资源的可能是瑞典武装中立与有限贸易妥协，而非强制参战。但本轮未读到一份完整同期“法国保证瑞典中立”的具体方案，故只作由史实约束导出的制度设计，不作已认证分岔。法国大胜或贝尔纳多特未当选会改变条件，不能机械外推1812偏好。,原研究的未完成记录；须与后续补订及正文逐条核销
nodes/r_b55f2c1cf5/cards/t_d604cd/c18_eastern_frontier.md,234,### 不能用书目掩盖的缺口,|Aksan、Shaw；LeDonne、Fuller、Herlihy相关正文|检验奥斯曼长期财政军事能力、俄国纵深与黑海替代出口；本卡未据未读著作下结论|,原研究的未完成记录；须与后续补订及正文逐条核销
nodes/r_b55f2c1cf5/cards/t_d604cd/c18_eastern_frontier.md,238,### 不能用书目掩盖的缺口,【解释竞争】①Grab及Czubaty所代表的制度转型研究，使“附庸＝无国家建设”站不住；但Czubaty对行政资源与选择性现代化的分析也限制了乐观改革论。②外交安全、俄国战略选择与Ottoman自主性分析，限制“拿破仑只需更大胆复国”解释。③北欧安全地理与国内芬兰情结并存，不能用民族心理替代国家决策。④海军短缺约束与后勤适应能力并存。Schroeder、Broers、Lieven等大框架只在本轮实读材料可支持范围内使用，不伪造未读著作的页码或整齐学派对决。,原研究的未完成记录；须与后续补订及正文逐条核销
nodes/r_b55f2c1cf5/cards/t_d604cd/c18_eastern_frontier.md,248,### 波兰与法俄文书,"- **P1** Jarosław Czubaty, “Księstwo Warszawskie — pierwsze nowoczesne państwo polskie?”, *Kwartalnik Historyczny* 125(2), 2018, DOI **10.12775/kh.2018.125.2.04**。重点pp.374、378–395；PDF `downloads/c18_czubaty2018.pdf`，doc_id `c60ccb20b50e`，PDF页＝印刷页减364。https://apcz.umk.pl/KH/article/download/KH.2018.125.2.04/15761 。2016英文专著未取得，不冒称引用。",原研究的未完成记录；须与后续补订及正文逐条核销
nodes/r_b55f2c1cf5/cards/t_d604cd/c18_eastern_frontier.md,255,### 波兰与法俄文书,"- **P8** 同著t.III，Gutenberg #32621，开篇1811年亚历山大—Czartoryski通信段，注41–44（原刊在Czartoryski回忆录附录II,255–278）。`downloads/pages/cd494198d45d.md`；https://www.gutenberg.org/cache/epub/32621/pg32621-images.html 。信为同期、编刊与评论为后世；未读原信。",原研究的未完成记录；须与后续补订及正文逐条核销
nodes/r_b55f2c1cf5/cards/t_d604cd/c18_eastern_frontier.md,277,### 档案系列与内部依赖（均不升级为亲阅）,"【追索】波兰：AGAD华沙公国财政、国务委员会档；BPAU-PANKr rkp.139《Raport deputacji》；B Czart.3184 V。立陶宛：RGADA f.12,b.262,part5；LVIA f.1532,a.1；AN AF IV 1646/1647/1650、674、685；SHD相关C/K系列，详P6脚注。外交：AAE CP Russie 144及CP Turquie；奥斯曼BOA旧编Cevdet Hariciye 4361、Hatt-ı Hümayun 14214（现行号待查）；俄方AVPRI/RGVIA；英国TNA ADM、FO78/77、FO78/79及Liston Papers。仅知道系列名不代表已看原折。",原研究的未完成记录；须与后续补订及正文逐条核销
nodes/r_b55f2c1cf5/cards/t_d604cd/c18_eastern_frontier.md,279,### 档案系列与内部依赖（均不升级为亲阅）,【内部依赖】C12：`nodes/r_b55f2c1cf5/cards/t_26cd47/c12_russia_problem.md`；C7：`nodes/r_b55f2c1cf5/cards/t_c17367/c7_orient_india.md`。复用结论及缺口如正文；未取得的原件不会因跨卡引用自动变为已验证。,原研究的未完成记录；须与后续补订及正文逐条核销
nodes/r_b55f2c1cf5/cards/t_d604cd/nordic_evidence.md,9,## 结论与使用边界,【事实｜材料状态】本次实际读取8项来源的相关全文/抽取段落，不以搜索摘要充作正文。只有S1是官方提供的同时代法令文字（现行合并版本保留的序言）；条约、信件目前均经专业研究转引，未读原折。Munch-Petersen、Nielsen网页抽取可读完整文章；Davey、Ryan抽取不完整，只引用下列实际读到的段落。不声称已读Voelcker专著。,原研究的未完成记录；须与后续补订及正文逐条核销
nodes/r_b55f2c1cf5/cards/t_d604cd/nordic_evidence.md,75,### E6 1807入战次序,【模型推演】至少存在曾被提出的英方联盟/寄存舰队选项；不能把丹挪1807年必然成为法国盟国设为外生常量。相反，英方胁迫本身参与制造了敌对阵营。[桌面选项暂依S4转述，原提案待核],原研究的未完成记录；须与后续补订及正文逐条核销
nodes/r_b55f2c1cf5/cards/t_d604cd/nordic_evidence.md,109,### E9 可精确定位的同时代机制锚点,【引用诚信】这是**请求许可**，不等于已经执行或货物成功到港。注13的ADM编号OCR粘连为`ADM 1181297`，不能擅自正规化为确定档号；原折未读。信件日期、作者、收件人与正文足以作为后续检索定位。,原研究的未完成记录；须与后续补订及正文逐条核销
nodes/r_b55f2c1cf5/cards/t_d604cd/nordic_evidence.md,133,### E11 英国护航并非无损，丹挪也并非失去一切海上能力,【事实｜转引】1810年7月19日，挪威5艘双桅军舰在挪威南端外海截获47艘归航商船，护航的Forward逃脱。Ryan将其视为孤立的大胜；英国随后加强斯卡格拉克巡航，迫使挪方更趋防御。[S8，页455及注3–4；注3列Saumarez致海军部1810-07-27并附Elliot 07-22信，P.R.O. ADM 1/10，原折未读],原研究的未完成记录；须与后续补订及正文逐条核销
nodes/r_b55f2c1cf5/cards/t_d604cd/nordic_evidence.md,164,## 七、明确缺口与操作回报,- **条约原件闸未过**：1812年4月条约有专业史家指明条款与文献集页码，Åbo补约仅核读专业论文对其作用的概述。若最终C18要求每个分支有“直接读过同时代文书”，此处仍待补，不能把本札记标成全面验收完成。,原研究的未完成记录；须与后续补订及正文逐条核销
nodes/r_b55f2c1cf5/cards/t_d604cd/nordic_evidence.md,165,## 七、明确缺口与操作回报,"- **Voelcker**：定向检索定位到*Admiral Saumarez Versus Napoleon—The Baltic, 1807–12*，只见出版简介，未取得章节正文，故不作为第9项证据。优先补其瑞典宣战、Carlshamn货物与von Rosen书信章节；不把宣传简介的强因果判断当作研究结论。",原研究的未完成记录；须与后续补订及正文逐条核销
nodes/r_b55f2c1cf5/cards/t_d604cd/nordic_evidence.md,166,## 七、明确缺口与操作回报,- **Munch-Petersen的1807专著**未核读，本次只读其1996论文；哥本哈根的英国情报与真实法国意图未完成独立验证。,原研究的未完成记录；须与后续补订及正文逐条核销
nodes/r_b55f2c1cf5/cards/t_d604cd/ottoman_evidence.md,98,## 六、六项关键来源与实际读取范围,"5. **Dominic Lieven**, *Russia Against Napoleon*, “Borodino and the Fall of Moscow”章，实际读齐恰戈夫、奥地利、斯特尔河段（注12–20附近）。网页传本 https://erenow.org/ww/russia-against-napoleon-the-true-story-of-the-campaigns/7.php ，本地 `downloads/pages/f38b37d5dbd1.md`。无印刷页码，未读该版尾注全文；只据明确叙事冻结粗时间窗。引述亚历山大信件仍属**转引**，不声称见过原信。",原研究的未完成记录；须与后续补订及正文逐条核销
nodes/r_b55f2c1cf5/cards/t_d604cd/ottoman_evidence.md,108,## 七、未取得的档案、书本与执行问题,- 英国档案：**TNA FO78/77、FO78/79**及爱丁堡Liston Papers（İsmail注指5618、5658）；均未读取，不以Canning事后声誉替代原件。,原研究的未完成记录；须与后续补订及正文逐条核销
nodes/r_b55f2c1cf5/cards/t_d604cd/ottoman_evidence.md,109,## 七、未取得的档案、书本与执行问题,"- **Virginia Aksan, Ottoman Wars 1700–1870；Stanford J. Shaw, Between Old and New**相关章节本次未取得正文，未写入支持性引文。用户要求的奥斯曼研究侧由实际读取的İsmail与Süslü承担；奥斯曼财政军事制度长期能力仍应补Aksan，不能用列书目冒充完成。",原研究的未完成记录；须与后续补订及正文逐条核销
nodes/r_b55f2c1cf5/cards/t_f3c44f/c10_causal_evidence.md,17,## 二、工作范围与证据纪律,【事实】本次取得并阅读ACJR 2011刊本、Kopsidis–Bromley 2016刊本、Juhász 2018-04-02作者稿、Buggle 2013工作稿；Lecce–Ogliari使用2019年3月作者稿的保存文本。另定向核读Dincecco、Ploeckl、Keller–Shiue、Franck–Michalopoulos的来源文本。后四篇不是全部逐页通读。未运行原始复制代码，未做新回归；只进行表值审计与明确标记的区间算术。,原研究的未完成记录；须与后续补订及正文逐条核销
nodes/r_b55f2c1cf5/cards/t_f3c44f/c10_causal_evidence.md,19,## 二、工作范围与证据纪律,【事实】引文滚雪球以三篇核心论文DOI为种子、双向一层、最多200项，结果触及上限；文件为本目录`snowball.json`。它不是穷尽检索。未定位并阅读ACJR对Kopsidis–Bromley的正式回应；不据此声称回应不存在。专题底稿见`culture_audit.md`和`mechanism_audit.md`，其未完成事项不被本报告抹除。,原研究的未完成记录；须与后续补订及正文逐条核销
nodes/r_b55f2c1cf5/cards/t_f3c44f/c10_causal_evidence.md,31,## 三、主证据矩阵,|ACJR 2011刊本[1]|法国存在年数；另有四项改革实施年资平均指数。13个西易北邦/省为基准、全样本19个；城市化，不是GDP|地区和年份FE，年数×年份简约式；以占领年数×1800后×趋势工具化改革指数。表3、6详下|占领非随机；前趋势、少簇、权重敏感；法令与实际制度错置；战争/市场/后继政策可绕过改革指数作用|支持“部分改革可能有长期收益”，不能支持1803—1848即时增长或永久统治净收益|,原研究的未完成记录；须与后续补订及正文逐条核销
nodes/r_b55f2c1cf5/cards/t_f3c44f/c10_causal_evidence.md,33,## 三、主证据矩阵,"|Juhász 2018-04-02稿[3]|1803—1812地区对英国货物的有效距离变化；机械化棉纺纱锭/千居民；88省基准|两期地区/时间FE差异冲击；短期33.47(SE10.00，généralité聚类)，近似区间[13.87,53.07]，每单位对数有效距离；长期以冲击工具化1812纱锭|贸易冲击可能联动其他因素；1794前期产能为回推代理；长期排除限制更强。原棉、消费和其他行业损失不在该系数内|临时保护可促进有基础行业采用技术；不是总体封锁福利，更不是无限期封锁回报|",原研究的未完成记录；须与后续补订及正文逐条核销
nodes/r_b55f2c1cf5/cards/t_f3c44f/c10_causal_evidence.md,38,## 三、主证据矩阵,|Keller–Shiue 2014刊本文本[8]|40城、14邦；城市对关税自由化；小麦价格绝对百分比差|城市对/年份FE、相对海岸距离工具变量。表3：2SLS−.055；城市对聚类p=.002、城市聚类p=.020，N3570|原表为p值非SE，区间无法忠实恢复；工具可能直接承载国际粮价/航运；承认LATE|支持内部自由化可缩小价格差；不支持外部封锁、全欧GDP加成或帝国福利|,原研究的未完成记录；须与后续补订及正文逐条核销
nodes/r_b55f2c1cf5/cards/t_f3c44f/c10_causal_evidence.md,39,## 三、主证据矩阵,"|Franck–Michalopoulos 2017 WP[9]|法国革命流亡比例；省级长期收入、产业与教育|1792夏温异常工具。表4：1860 log人均GDP −.255(SE.0749)，近似区间[−.40180,−.10820]；2010 .176(.0607)，[.05703,.29497]|气候可经其他渠道影响长期结果；流亡处理尺度未完成原页复核，禁止换算百分比；跨世纪迁移/政策|表明分配变动可能短期与长期异号；不是拿破仑工业政策效应，且流亡早于1803分岔|",原研究的未完成记录；须与后续补订及正文逐条核销
nodes/r_b55f2c1cf5/cards/t_f3c44f/c10_causal_evidence.md,49,### 效应量补注,"【事实】Juhász表1圆括号为省聚类、花括号为généralité聚类；本文短期主行选择后者SE10.00（40簇）。有效距离是至伦敦最短路线距离的自然对数。分母固定1811人口。表4(9)1840年1812纱锭系数2.49(1.13)，近似区间[.2752,4.7048]；表4(13)1887年5.17(1.22)，[2.7788,7.5612]，此处圆括号是异方差稳健SE（并非省聚类；长期截面一省一行），花括号另报généralité聚类SE。它们是产业区位持续性的斜率，不是纺织总产值乘数。表4(9)/(13)的KP F分别7.404/8.281，另有控制规格降至约3.2；这提示弱工具风险，上述正态区间只能作描述，不能替代弱工具稳健区间。[3，pp.42、45]",原研究的未完成记录；须与后续补订及正文逐条核销
nodes/r_b55f2c1cf5/cards/t_f3c44f/c10_causal_evidence.md,71,### 2. 必须保留的反证,【裁量】批评也要接受计量审计。Kopsidis–Bromley要求不同地区的观察工具值与处理值全局同序，作为单调性条件；标准IV单调性涉及同一单位在不同工具状态下的潜在处理响应，**跨地区观察排序本身不能证明有defier**。其“工具在前期为零，所以前期不提供估计信息”的论断，也不能直接用于含地区/时间FE模型：残差化后这些行仍可能参与识别。[2，pp.175–177],原研究的未完成记录；须与后续补订及正文逐条核销
nodes/r_b55f2c1cf5/cards/t_f3c44f/c10_causal_evidence.md,73,### 2. 必须保留的反证,【裁量】煤炭替代模型并非无争议裁判。表4把采煤量工具化为采矿/冶炼就业，后者可能直接伴随城市化；产业就业份额同时可能是制度后果或城市化共同决定变量。其表格文字提取还显示19组与19观察、同时列FE结果等异常，须查原页及复制输出才能判断是否排版/提取错误，本文不擅自修正。高R²与煤炭显著只能说明替代机制重要，不能逻辑推出制度作用为零。[2，p.184],原研究的未完成记录；须与后续补订及正文逐条核销
nodes/r_b55f2c1cf5/cards/t_f3c44f/c10_causal_evidence.md,93,## 六、文化与法律持续性：不是简单的文化宿命,【裁量】这里最关键的处理不是“拿破仑来了”，而是“法律采用并在他倒台后继续存在”。2013稿表4边界效应通过图像核对；表6不同距离函数的一项规格失去显著性，且主表没有解决空间相关。尚未取得2016终版全文，不能把早稿数字写成2016结果。用21世纪信任推摄政期忠诚，跨了结果、时期和行为三个层级。,原研究的未完成记录；须与后续补订及正文逐条核销
nodes/r_b55f2c1cf5/cards/t_f3c44f/c10_causal_evidence.md,97,## 六、文化与法律持续性：不是简单的文化宿命,【裁量】−.208是“法国处理效果随新教份额变化”的交互系数，不是处理地区内新教份额的总斜率；后者须加新教主效应。所谓70%收益消失不能机械用作治理阈值，尤其含多个处理交互时，还依赖其他协变量。宗教同时关联教育、既有政治制度及空间结构；工具化宗教的距离Wittenberg也有排除限制风险。结论应写**条件性与适配的重要证据**，而不是“天主教地区都适合法国统治”。,原研究的未完成记录；须与后续补订及正文逐条核销
nodes/r_b55f2c1cf5/cards/t_f3c44f/c10_causal_evidence.md,123,### 永久帝国的三种机制分支（不是已估概率）,【裁量｜高置信】这些是机制压力测试而不是法国当时已批准的政治安排。拿破仑是否愿意接受，需要C8/C13的法国文书锚点；本卡不以普鲁士提案替代法国意愿。Clark、Levinger、Paret和Horn在本卡未完成具体章节核读，只保留为待补史学线索，不以名望作引证。,原研究的未完成记录；须与后续补订及正文逐条核销
nodes/r_b55f2c1cf5/cards/t_f3c44f/c10_causal_evidence.md,169,### 主文献和保留材料,"7. **Ploeckl (2010)**, *The Zollverein and the Formation of a Customs Union*, Oxford Economic and Social History DP84，8月稿。`downloads/pages/b347db4c1735.md`；http://www.nuff.ox.ac.uk/economics/history/paper84/ploeckl84.pdf ，第4–5节。Motz致Eichhorn备忘录VBDZ747仅转引自该文，未读原件。",原研究的未完成记录；须与后续补订及正文逐条核销
nodes/r_b55f2c1cf5/cards/t_f3c44f/c10_causal_evidence.md,193,## 十、未解决事项与停止界限,【事实】没有把未取得终版、提取错列或缺SE强行补齐；未实施再估计、现代少簇/前趋势敏感性或弱工具稳健区间。Buggle终版、Lecce原页、核心作者稿与刊本的逐格差异，是数字精确性缺口；57项改革的原始日期/实施程度，是历史测量缺口；ACJR批评交锋完整性，是文献覆盖缺口。,原研究的未完成记录；须与后续补订及正文逐条核销
nodes/r_b55f2c1cf5/cards/t_f3c44f/culture_audit.md,11,## 获取与核验状态,- 刊发题录：`downloads/pages/6ac8ba7fab6c.md`（Cambridge）；`downloads/pages/1857609b718e.md`（米兰仓储，列作者稿和publisher PDF，但本轮未取得其PDF字节）。,原研究的未完成记录；须与后续补订及正文逐条核销
nodes/r_b55f2c1cf5/cards/t_f3c44f/culture_audit.md,17,### 版本与处理,"【事实】刊发题名：*Law and social capital: Evidence from the Code Napoleon in Germany*，European Economic Review 87 (2016), 148–175，DOI 10.1016/j.euroecorev.2016.05.003。**2016刊发版全文未取得**；实际核验的是同题SOEPpaper 566，封面2013，内页“First version: May 22, 2012 / This version: July 2, 2013”。不能把下列2013数字写成2016刊发表数字。",原研究的未完成记录；须与后续补订及正文逐条核销
nodes/r_b55f2c1cf5/cards/t_f3c44f/culture_audit.md,76,## 交付边界,【裁量】本底稿只供C10逐篇证据审计，不作拿破仑胜利路径或两篇最终综合。两篇均不能直接识别1803–1848持续法国统治下的收益：观测对象包含1815后制度保留与其他统治者政策；此为外推限制而非否认其研究价值。待补项为两篇刊发PDF及逐页图像对校，尤其Buggle 2016终版；不把可获取的2013稿当终版替身。,原研究的未完成记录；须与后续补订及正文逐条核销
nodes/r_b55f2c1cf5/cards/t_f3c44f/mechanism_audit.md,9,## 0. 执行与证据状态,工具故障：shell 清点及 mcporter 搜索均被审批机制阻止，未执行；改用 find/grep 和配置的 web_search/web_extract。IMT 的 Dincecco 链接解析失败，改读 UCSD 教学镜像。没有绕过审批，也未执行版本更新检查。,原研究的未完成记录；须与后续补订及正文逐条核销
nodes/r_b55f2c1cf5/cards/t_f3c44f/mechanism_audit.md,72,### 方法与结果,【事实】第5节转引 Motz 致 Eichhorn 的备忘录（编纂文书编号 VBDZ 747），排列政治地位、中部商业联盟及经济财政利益；本次未见原件，只能标“转引自 Ploeckl”。章节页码在抽取中丢失，**精确页码未完成**。,原研究的未完成记录；须与后续补订及正文逐条核销
nodes/r_b55f2c1cf5/cards/t_f3c44f/mechanism_audit.md,141,## 6. 书目纠错补充：Franck–Galor（非主四篇完成项）,【事实】该稿 Table 4列(4)报告蒸汽机变量对1840小学入学份额的IV系数0.304，稳健SE 0.0818，N=85，第一阶段F=16.661；列(8)对1842中学／高中入学份额为-0.0005，SE 0.0004，N=355，F=9.613。表页邻接正文p.32，**原表确切页待查**。工具为距Fresnes-sur-Escaut的距离与1834–1838小麦价格相对历史趋势的净增幅。,原研究的未完成记录；须与后续补订及正文逐条核销
nodes/r_b55f2c1cf5/cards/t_f3c44f/mechanism_audit.md,143,## 6. 书目纠错补充：Franck–Galor（非主四篇完成项）,【裁量】尚未完成变量变换核验，禁止将0.304直接宣称“蒸汽机数量增加1%，入学率提高30.4%”；需区分处理是否log(1+x)、因变量是否比例／对数及百分比与百分点。尤其不能从正文可能含混的量级描述复制结论。谷价可直接影响上学机会成本，距离也可能承载区域长期差异，均是排除限制风险。控制大陆封锁冲击不等于识别封锁效应。,原研究的未完成记录；须与后续补订及正文逐条核销
nodes/r_b55f2c1cf5/cards/t_f3c44f/mechanism_audit.md,158,## 8. 未完成事项（明确挂账）,3. Dincecco与Keller–Shiue表页须图像复核；Ploeckl具体页码、Franck–Michalopoulos表9页码待核。,原研究的未完成记录；须与后续补订及正文逐条核销
nodes/r_b55f2c1cf5/cards/t_f81a6f/c15_continental_economy.md,13,## 提要,**阅读与版本说明。**本文是有界核查报告，不声称穷尽书单。Heckscher 1922英译本使用已下载扫描本；引其当时文书一律为转引。Juhász使用2018年4月2日作者稿及同日附录，不把系数伪称最终刊本逐项校准值。O’Rourke采用2005年工作论文，不把其表4署为2006年刊本。Crouzet 1964全文未取得，明确经Ellis/Juhász/O’Rourke转引。补充底稿为同目录 `money_infrastructure.md`、`growth_debate.md`。,原研究的未完成记录；须与后续补订及正文逐条核销
nodes/r_b55f2c1cf5/cards/t_f81a6f/c15_continental_economy.md,55,### 3. 贝格与新并地区：政治归属不是准入保证,【事实】Heckscher指出，部分新并领土也未自动取得旧省同等待遇；荷兰取消对法关税边界的安排屡次延期，作者谨慎称似乎未实现；莱顿1811年、奥斯纳布吕克1812年仍请求自由通商。[H，p.299] 他同时承认该制度尚缺专门研究，本文不把其概括升级为所有新省、所有商品永远适用的确定规则。,原研究的未完成记录；须与后续补订及正文逐条核销
nodes/r_b55f2c1cf5/cards/t_f81a6f/c15_continental_economy.md,63,### 4. 关税同盟：有倡议，缺承诺技术,"【出处审计】H p.295注1是本节合并书目注，不是紧跟Beugnot句子的单独档案注；p.296续句亦无专注。页图已核：列Darmstädter, *Studien zur napoleonischen Wirtschaftspolitik*（1905）vol.III, pp.113起；Schmidt, *Le Grand-duché de Berg*, pp.342、413起、420及附录C（Champagny **1807-08-05报告**）；Tarle两项研究及附录（商业密探报告、莱顿请愿）；《Correspondance de Napoléon Ier》nos.15,874、16,824等。后两编号对应本节致Fouché／Eugène的法国优先材料，不能冒充Beugnot原呈文编号。**本卡尚不能从这一合并注确定Beugnot/Bacher倡议逐条依赖哪份原件，也未核读上述中介著作。**证据层级为Heckscher二手概述→合并列举的研究及刊本文书线索→未取得的倡议原件。",原研究的未完成记录；须与后续补订及正文逐条核销
nodes/r_b55f2c1cf5/cards/t_f81a6f/c15_continental_economy.md,65,### 4. 关税同盟：有倡议，缺承诺技术,【裁量｜措辞收窄】已证“真实倡议存在，巴黎实际政策方向相反”；尚未取得拿破仑本人针对该倡议的明确否决令。因此“选项被拿破仑本人关掉”至多是政策取向的解释，不能作为已核实的具体决策事实。,原研究的未完成记录；须与后续补订及正文逐条核销
nodes/r_b55f2c1cf5/cards/t_f81a6f/c15_continental_economy.md,67,### 4. 关税同盟：有倡议，缺承诺技术,【模型推演】从莱茵邦联关税合作变成大陆互惠制度，至少还要解决：法国本土对盟国产品准入、共同外税或相互承认、税收分配、过境自由、争端程序，以及皇帝能否不随军事需要单方面推翻承诺。**这些是分析所需条件，非已发现的Beugnot方案条款。**原呈文、日期及详细权利安排尚未取得。此分支具历史入口，却有较大政治改写量。,原研究的未完成记录；须与后续补订及正文逐条核销
nodes/r_b55f2c1cf5/cards/t_f81a6f/c15_continental_economy.md,120,## 六、交通工程：有实物成果，没有完成的大陆运输网,| 安特卫普港池 | 1803-07-26下令；小港池1811-01-01进船，大港池1812年通航；部分岸壁至1815—1837年才建，两座后建干船坞中北坞未完成。[A，Beschrijving] | 商业吞吐复兴、全部港建完工或海军作战效能已等于英国。 |,原研究的未完成记录；须与后续补订及正文逐条核销
nodes/r_b55f2c1cf5/cards/t_f81a6f/c15_continental_economy.md,273,### 红队抽查短引文清单,| 14 | “het noordelijke werd echter nooit voltooid” | A，Beschrijving，北干船坞未完成段 |,原研究的未完成记录；须与后续补订及正文逐条核销
nodes/r_b55f2c1cf5/cards/t_f81a6f/growth_debate.md,7,## 0. 验收状态：部分完成，不能标为两篇原文均核毕,【事实】Crouzet 1964 的 Cambridge 与 JSTOR 页面可定位，全文访问尝试分别返回访问选项、登录页或空内容。**尚未读到 Crouzet 全文**。以下涉及他的具体论点，严格标为转引，不能用于声称本卡已通过“原文全文＋精确页码”验收。,原研究的未完成记录；须与后续补订及正文逐条核销
nodes/r_b55f2c1cf5/cards/t_f81a6f/growth_debate.md,142,## 6. C15 可采用的综合结论,> 战争与封锁可能保护大陆某些机械棉纺中心，同时打击海外贸易相关地区、抬高原料和消费品相对价格。O’Rourke 2005工作论文的简化模型估计1807—1814年法国年福利损失在完整敏感性表中为2.6%—3.8%，英国为1.7%—1.8%；这不是 GDP 增长率，也不是法国胜利后1815—1848年的预测。Crouzet 的产业内移命题在后续文献中有明确转引，但本次尚未获得1964原文完成核验。,原研究的未完成记录；须与后续补订及正文逐条核销
nodes/r_b55f2c1cf5/cards/t_f81a6f/money_infrastructure.md,22,## 二、公路：分类清单不等于新建成绩,【事实】Jean-Luc Arnaud《La carte de France》（2022），章F1811，公开作者稿页1，记1811年12月法令将**229条帝国道路**分三等；这是分类条数，非新修229条。[5] 同稿页2指出，军事驿站图东北部不少道路仍用待核测虚线，地图覆盖不能充当工程验收。其注1给原法令线索：1811年12月16日第7644号，《Bulletin des lois》418号（1812），页66–127，本文未直接读原刊。,原研究的未完成记录；须与后续补订及正文逐条核销
nodes/r_b55f2c1cf5/cards/t_f81a6f/money_infrastructure.md,39,## 四、安特卫普：船坞投入使用不等于商港繁荣,- 1813–14年东侧施工的两座93米干船坞中，北坞“nooit voltooid”（从未完成）。93米是单坞长度，不是码头吞吐能力。,原研究的未完成记录；须与后续补订及正文逐条核销
nodes/r_b55f2c1cf5/cards/t_f81a6f/money_infrastructure.md,44,## C15可采用的推演边界,【模型推演】若假设1815后和平、持续维护并补齐水源／船型／岸壁瓶颈，则现成工程可支撑渐进区域整合；但本次没有证据给出运费下降比例、货运增速或统一货币完成年份。Grab的现代化解释与地方币制、工程的未完成证据并不互斥：前者说明方向，后者限定实现范围。,原研究的未完成记录；须与后续补订及正文逐条核销
