file,line,section,text,reason
00_导论.md,11,### 引言：征服一片大陆，然后呢？,如果把时间拨回1803年，法国面前确实还有另一条路。但问题不是替皇帝挑选几场必胜的战役。真正需要重写的，是胜利的用途：**法国应当拿什么去交换欧洲的服从，又应当保留哪些别国权利，使这种服从越过战争、歉收和皇帝本人的死亡？**,数字段未出现形式引注；相邻注释或作者计算可能有效，待人工核定
00_导论.md,15,### 引言：征服一片大陆，然后呢？,本书的核心判断是：**法国存在保住较大的大陆优势、避免1812—1814年崩溃并建立持久主导秩序的可信路径；把整个欧洲长期改造成法国直辖省，则不是这一时期可执行的主线。**可行的帝国会有一个较大的直辖核心，外围保留本国财政、军队和王朝，俄罗斯仍是独立强国，英国仍拥有主要海上优势。巴黎可以成为欧洲大陆最重要的政治中心，却不会成为所有欧洲政府的上级机关。,数字段未出现形式引注；相邻注释或作者计算可能有效，待人工核定
00_导论.md,21,### 一条主线，两个不同的出口,最值得推演的主线，把1803年至1807年7月的已发生历史作为起点：法国赢得乌尔姆、奥斯特里茨、耶拿—奥尔施泰特和弗里德兰，取得莱茵左岸及意大利既有地位，建立莱茵邦联、威斯特法利亚王国和华沙公国，与俄国签订提尔西特条约。特拉法加的损失也随之保留，胜利的果实和取得果实的代价一起进入推演。,数字段未出现形式引注；相邻注释或作者计算可能有效，待人工核定
00_导论.md,25,### 一条主线，两个不同的出口,这里另保留两条支线。其一是1803年即维持亚眠和平：它可能少死人、少负债，却也没有后来战胜奥普所得的王冠与疆土。其二是1808年春才止损：法军已经进入伊比利亚、葡萄牙王室已经出走，此时仍可不废西班牙国王，但撤军、修复信任和处理英国介入的成本都更高。两条支线不能借用主线里没有付出代价的战果，主线也不能同时拥有“没有入侵葡萄牙”与“葡萄牙王室已迁巴西”两套互相排斥的前提。,数字段未出现形式引注；相邻注释或作者计算可能有效，待人工核定
00_导论.md,33,### 怎样读这部反事实史,数量承担两种不同任务。人口、税额、船数、征募人数和货物重量，是重建历史能力的材料；假设驻军密度、军费分配或服役年限所得的数字，是压力测试。后一类数字可以揭示“这一安排靠什么才能成立”，不能变成“历史有多少概率按此发生”。以小数点后两位表示拿破仑的克制、英国的议和意愿或1848年的革命机会，并不会使主观判断更可靠。,数字段未出现形式引注；相邻注释或作者计算可能有效，待人工核定
00_导论.md,39,### 怎样读这部反事实史,全书先考察法国能够持续支付多少权力，再转向海峡两岸、大陆诸国、美洲和印度；随后把材料收回最重要的行省化问题，最后推演1815—1848年的经济、社会与继承。读者若先看结论，可读“行省化的边界”与末章；若要判断结论是否站得住，则应特别留意那些改变叙事方向的细节：到营而非征令上的人数，汇到巴黎而非在当地吃掉的税款，真正可出海而非船厂账上的战舰，以及一项条约究竟赋予了什么权利。,数字段未出现形式引注；相邻注释或作者计算可能有效，待人工核定
01_法国的能力与代价.md,9,## 一、皇帝的桌上，已经摆着另一种欧洲,拿破仑并非始终拒绝退让。他与教廷达成1801年专约，签订1802年亚眠和约，允许封锁体系出现许可证通道，也在1810年选择与哈布斯堡联姻。但这些退让通常保留着皇帝的单方面裁量：专约旁边附上教皇未同意的《组织条款》；许可证由皇帝批准、附加条件并随时改变；荷兰得到保留王国的条约之后，又被兼并。,数字段未出现形式引注；相邻注释或作者计算可能有效，待人工核定
01_法国的能力与代价.md,33,## 二、兵力的真正边界：征到、养住、送到,拿破仑的陆军优势是真实的。它来自军团组织、征兵、训练、干部经验、参谋工作和战场指挥的结合，而非法国拥有一个可以无限提取的男性人口库。长期霸权需要维持的不是1812年出征时的一张名册，而是下一年仍能补足损耗、支付费用并守住其他边界的军队。,数字段未出现形式引注；相邻注释或作者计算可能有效，待人工核定
01_法国的能力与代价.md,49,### 有归期的军队，需要另一种补兵账,该文另估，按1815年法国边界出生者约191.5万人曾服役；1804年以前并合地区出生的约38.9万人，包括莱茵、弗拉芒、瓦隆和意大利等不同来源。兵籍范围、出生地与国家疆界是三种分类。弄清这些分类，比把一个总死亡数平均分摊成年年相同的和平损耗更有用。,数字段未出现形式引注；相邻注释或作者计算可能有效，待人工核定
01_法国的能力与代价.md,55,### 有归期的军队，需要另一种补兵账,同样条件下，40万至45万在册军的年度补充约为8万至9万人。还须另计海军从商船、渔业和沿海人口取得的人员，以及战争、瘟疫或盟军退出带来的额外需求。据此可把每年8万至10万和平征额作为规划参考；它仍须随死亡率、役期和家庭负担调整。,数字段未出现形式引注；相邻注释或作者计算可能有效，待人工核定
01_法国的能力与代价.md,57,### 有归期的军队，需要另一种补兵账,较有根据的战略配置因而是：法国维持约40万至45万人的常备军规模，辅以有本国税源、保有建制的盟军，并保留扩军余地。这里的规模是方案，不是预测。它的优点是避免把整个体系建立在永久追征旧年级与不兑现退伍之上；它的弱点则是，法国必须允许那些替它养兵的政府真正存在。,数字段未出现形式引注；相邻注释或作者计算可能有效，待人工核定
01_法国的能力与代价.md,63,### 一支军队不能同时驻在两个地方,避免这场战争，可以释放一大部分任务和资源，但不等于把26万人直接加到某年法国的进攻军团。部队还要轮换、复员、补员，法国海岸、意大利、德意志和对俄边界仍需守备。正确的收益是让法国不必常年支付这样一个战区，而不是凭空获得一支完整、永不退伍的第二大军团。,数字段未出现形式引注；相邻注释或作者计算可能有效，待人工核定
01_法国的能力与代价.md,77,### 库存可以救急，不能年年重来,"同一研究给出的常见月产量约8,000至10,000支，强力动员时仍难超过18,000件肩射武器。这里的肩射武器与全部步枪必须分开；产出、验收和交付也必须分开。梅斯在1804年9月至1808年1月制造279门炮、验收211门的例子，表明铸出炮管并不自动获得可部署火炮。",数字段未出现形式引注；相邻注释或作者计算可能有效，待人工核定
01_法国的能力与代价.md,79,### 库存可以救急，不能年年重来,"武器没有因此成为唯一瓶颈。火药、马匹和炮兵训练各有自己的约束。全国约3,000吨年火药生产的文献估值，不等于埃松一家工厂的产量，也不保证某个战区及时收到弹药。勒里波火药厂四座磨坊“每日可制800公斤”说的是特定设备的能力，不宜乘以365便当全年实际产量。",数字段未出现形式引注；相邻注释或作者计算可能有效，待人工核定
01_法国的能力与代价.md,89,### 马匹损耗也是人力损耗,1812年俄国远征的军马损失，并非仅由冬季造成。饲料、水、长途行军、蹄铁、疾病以及骑兵和运输人员的养护经验，早已在冬季到来之前消耗马群。以不同口径估计的十余万匹损失，既包括骑兵乘马，也包括炮兵和运输挽马，不能全部计为骑兵损失。,数字段未出现形式引注；相邻注释或作者计算可能有效，待人工核定
01_法国的能力与代价.md,113,### 西班牙的3.5亿，为什么没有成为法国的财富,"相反，盟军提供的资源也不能抹掉。按布兰达兵日估值，1805—1813年的盟军作战节省依次约为882万、2,326万、1,883万、1,067万、5,677万、2,475万、1,489万、6,007万和3,569万法郎，累计约2.537亿。它在1809、1812年随大战上升，并非一条可以永久移交海军使用的和平收入。",数字段未出现形式引注；相邻注释或作者计算可能有效，待人工核定
01_法国的能力与代价.md,115,### 西班牙的3.5亿，为什么没有成为法国的财富,上述节省再加盟国供养法国驻军约1.291亿，得到约3.828亿，支持总表的3.83亿；正文另一处3.52亿与明细不合，本书不据其另造一项收入。细账的重要性正在这里：一个误读的数，足以让原本紧张的方案显得宽裕。,数字段未出现形式引注；相邻注释或作者计算可能有效，待人工核定
01_法国的能力与代价.md,140,## 五、新省的税额，究竟是谁的钱,"戈丹1811年4月30日对最近兼并的判断更直接：新增收入至多约1.05亿，分项包括荷兰5,500万、先并入的莱茵河口和斯海尔德河口等地700万、汉萨2,000万、伊利里亚1,000万、罗马与特拉西梅诺1,250万。他特别指出，辛普朗的税收甚至不够本地行政费用；兼并它是为了通往意大利的交通，而非赚钱。",数字段未出现形式引注；相邻注释或作者计算可能有效，待人工核定
01_法国的能力与代价.md,146,### 毛税、现金与年度，不可随意互换,"财政账自身还有时间差。马里翁记共和十三年某项收入按会计年度为172,763,591法郎，同一十二个月实际入库149,627,795法郎，约为前者86.6%。这不是同一笔钱突然减少，而是应计与现金期间不同。",数字段未出现形式引注；相邻注释或作者计算可能有效，待人工核定
01_法国的能力与代价.md,160,## 六、一个较小的战争预算，会不会养出一个较强的帝国,以下预算比较取经常收入7.5亿法郎为中位方案，6.5亿为下行、8亿为较高收入情景。这是依据帝国财政尺度构造的规划数，不是拿破仑没有侵俄以后某一年的已知决算。扣除非军事开支、旧债、补偿、储备，再给海军拨款，才得到陆军能够花的钱。,数字段未出现形式引注；相邻注释或作者计算可能有效，待人工核定
01_法国的能力与代价.md,164,## 六、一个较小的战争预算，会不会养出一个较强的帝国,这笔兵均费用也有边界。布兰达将全年平均费用折为每日约1.91法郎，再乘盟军战役兵日，估计法国避免的开支。统计只覆盖战役日，日费却不是由此测得的纯边际战费。完整和平预算仍须另列人员构成、军械、马匹与地方供养。,数字段未出现形式引注；相邻注释或作者计算可能有效，待人工核定
01_法国的能力与代价.md,166,## 六、一个较小的战争预算，会不会养出一个较强的帝国,在较有限的直辖方案中，把部分造舰预算从1.95亿降低至约1.65亿、提高陆军预算并保持约25万自养盟军，能够构造出较小的人力与财政余量。这个例子证明有限霸权不是明显超出法国资源；它也表明法国的胜利方案没有多少免费余地。盟友退出、税收下滑或海军竞争升级，都会重新挤压余额。,数字段未出现形式引注；相邻注释或作者计算可能有效，待人工核定
01_法国的能力与代价.md,181,### 陆军与海军，必须从同一笔钱中付款,"**明确的选择是：先支付能够守住有限大陆秩序的军队，再分期追赶海军；新增兼并排在两者之后。**第一案有9,000万缺口，已经超过“节俭一点”能够不痛不痒解决的范围。第三案虽闭合，收入下滑一成便会少8,000万，盟友停止付款又会另少4,000万。以短期借款渡过一次歉收可行，以它们常年掩盖同一缺口，则只是把下一次军事危机提前变成债务危机。",数字段未出现形式引注；相邻注释或作者计算可能有效，待人工核定
01_法国的能力与代价.md,183,### 陆军与海军，必须从同一笔钱中付款,这也限定第三章舰队推演的含义：1830年舰体逼近英国九成是一条高条件分支，不是与所有陆上任务兼容的既定预算成果。较稳的先后次序是修舰、保养基地、稳定舰员与商船航海训练，然后随税源和信用增长追加新舰。法国可以逐步缩小差距；它必须放弃的，是在第一天就为陆海两军同时购买最大规模。,数字段未出现形式引注；相邻注释或作者计算可能有效，待人工核定
01_法国的能力与代价.md,197,### 农民并非天然反对国家，但关心儿子何时回来,帝国中期征兵执行改善，既有组织和强制因素，也有经济状况与地方合作。1813年的崩坏则与连续追征、提前征级、死亡和家庭预期一同出现。因此，一项和平军事制度至少应给出可预期役期、减少追征例外、承认地方社会的生产季节，并把维持秩序所需的人数与对外远征的欲望分开。,数字段未出现形式引注；相邻注释或作者计算可能有效，待人工核定
01_法国的能力与代价.md,211,### 精英忠于财产、职位和国家，并不等于忠于每一位波拿巴,1814年倒戈说明这种条件忠诚，却不证明一次和平继承必然引发同样结局。当时巴黎陷落、军队溃败、波旁替代方案得到盟国支持，与皇帝是否在首都、家属是否撤离共同发生。把这些条件称为所有倒戈的“五个必要条件”，超出了单一危机的证据；较合理的判断是，它们在1814年同时削弱了继续效忠的预期回报。,数字段未出现形式引注；相邻注释或作者计算可能有效，待人工核定
01_法国的能力与代价.md,219,## 八、继承：皇帝必须留下的，不止一个儿子,1813年的摄政安排和1815年的《附加法》，分别提供了两种同时代资源：皇帝缺位时如何组织权力，以及在保留帝制的同时怎样扩大代表与宪制安排。它们是在危机中产生的，不能自动移植为另一条时间线里按原日历发生的事实；但拿破仑若认真经营继承，完全可以选择提前运用其中的制度构件。,数字段未出现形式引注；相邻注释或作者计算可能有效，待人工核定
01_法国的能力与代价.md,225,## 八、继承：皇帝必须留下的，不止一个儿子,死亡日期尤其不宜伪装成可以预测的参数。拿破仑实际于1821年死亡，罗马王实际于1832年死亡；疾病、生活环境、婚姻乃至这个孩子是否出生，都会随情景改变。一般男性生命表不是皇帝的个人预后，尸检重建也不能替另一种人生给出“1826—1835年中位死亡”的精确答案。,数字段未出现形式引注；相邻注释或作者计算可能有效，待人工核定
01_法国的能力与代价.md,235,### 本编结论,这条道路要求一个强国家，却不要求一个无限大的法国。约40万至45万法国常备军、规模可兑现的盟军、受约束的海军扩建和可持续地方财政，构成一个有史实尺度支持的起点。它不是精确最优解；它说明法国保存大陆优势的物质条件，比“将整个欧洲都改成法国省”宽松得多。,数字段未出现形式引注；相邻注释或作者计算可能有效，待人工核定
02a_英国海权与和平_国家财政与社会.md,7,## 一、胜利的边界，不在多佛的白崖上,法国可以在战场上打散一支联盟，却难以把英国支持新联盟的意愿永久清除。英国同样可以守住海峡，却未必能够随时在大陆找到愿意承担主战场的盟友。因此，1807 年以后确实存在另一条道路：法国停止把一次次胜利扩展为新的吞并；英国承认经过限定的大陆安排；双方以贸易、海军和外交竞争替代长期总动员。真正的问题不是英国是否“害怕”拿破仑，而是伦敦是否相信，今天接受的边界，不会成为巴黎明天索取下一块领土的出发点。,数字段未出现形式引注；相邻注释或作者计算可能有效，待人工核定
02a_英国海权与和平_国家财政与社会.md,17,### 1. 谁能够决定和谈,1803 年的英国既不是国王独断的旧式君主国，也不是普选制国家。国王、内阁、上下两院、借款承销人、地方地主、商人及城市政治共同构成决策结构，但权力并不平均分配。军费需要议会支持，国债依赖稳定的征税与偿付安排；任命大臣、王室立场和宗教政治，又会限制一个看似拥有议会多数的政府。,数字段未出现形式引注；相邻注释或作者计算可能有效，待人工核定
02a_英国海权与和平_国家财政与社会.md,19,### 1. 谁能够决定和谈,1806—1807 年的“贤才内阁”是一个有力的反例。它包含支持试探和谈的人物，也拥有有利的议会位置，却在 1807 年天主教任职问题上与乔治三世决裂。国王不仅反对眼前的措施，还要求大臣作出将来不再提出相关建议的承诺。内阁没有接受这一要求。一次看似属于军队编制的争论，遂成为政府存亡的问题。**议会中存在批评战争的声音，并不等于这些声音能够随时组织一个稳定的亲法多数。**,数字段未出现形式引注；相邻注释或作者计算可能有效，待人工核定
02a_英国海权与和平_国家财政与社会.md,31,### 2. 1806 年的机会，为什么没有变成和平,1806 年英法谈判是真实机会，不是事后编造的“双方从来无意和平”。但它涉及的并非一个孤立的马耳他或殖民地交换。汉诺威的归属、西西里王室的地位、俄国作为盟国的权利、各方在战争中已占领土地的处置，以及口头表示能否转化为有约束力的条约，都牵涉其中。,数字段未出现形式引注；相邻注释或作者计算可能有效，待人工核定
02a_英国海权与和平_国家财政与社会.md,35,### 2. 1806 年的机会，为什么没有变成和平,由此得出的结论不是“只要拿破仑态度温和，和平必成”，而是：**英国承认法国在大陆的大幅扩张，在当时并非不可想象；但承认扩张与承认法国可以继续任意扩张，始终是两回事。**若法国在汉诺威、西西里和盟国保障上形成可执行的让步，1806 年的和平机会会明显改善。它仍须穿过俄国政策、王室政治及双方互不信任的阻力。,数字段未出现形式引注；相邻注释或作者计算可能有效，待人工核定
02a_英国海权与和平_国家财政与社会.md,39,### 3. 1812 年的往返信件，给出了更清楚的底线,1812 年春的提议比笼统的“英国拒绝拿破仑和平”更值得细读。4 月 17 日，巴萨诺公爵致卡斯尔雷的信提出：保证西班牙领土完整，法国不再向比利牛斯山以南扩张；西班牙保留“现有王朝”，并由科尔特斯形成民族宪制；葡萄牙及布拉干萨王朝获得保障；那不勒斯保留现有君主，西西里保留其统治家族；有关国家的英法陆海军相互撤离。至于其他争议，则以各方保留对方通过战争夺不走的东西为基础继续处理。,数字段未出现形式引注；相邻注释或作者计算可能有效，待人工核定
02a_英国海权与和平_国家财政与社会.md,41,### 3. 1812 年的往返信件，给出了更清楚的底线,巴萨诺所用的关键措辞是 “the actual Dynasty”，即“现有王朝”。问题恰恰藏在这四个字里。4 月 23 日，卡斯尔雷要求法国明确：它指的是拿破仑的兄弟及其召集的科尔特斯，还是斐迪南七世与其合法继承人，以及以其名义行动的特别科尔特斯？若是前者，回信写道：“the obligations of good faith do not permit his Royal Highness to receive a proposition for peace founded on such a basis”，即信义义务使摄政王不接受以此为基础的和平；若是后者，英国愿意继续充分说明包含盟国在内的和平基础。,数字段未出现形式引注；相邻注释或作者计算可能有效，待人工核定
02a_英国海权与和平_国家财政与社会.md,45,### 3. 1812 年的往返信件，给出了更清楚的底线,因此，两个止损时间点必须分开。**1807 年秋不入侵葡萄牙、不把西班牙变成军事通道，是成本较低的分岔；1808 年春已经越过西班牙、但仍不废黜其王室，是次优止损。**第二条路仍有驻军、通行和赔偿的纠纷，却比另立约瑟夫、再用军队证明他是合法君主，更接近可谈判的局面。,数字段未出现形式引注；相邻注释或作者计算可能有效，待人工核定
02a_英国海权与和平_国家财政与社会.md,53,### 4. 一个英国政府能够接受的和平，需要什么,第二，法国在大陆的范围和行为受到可辨认的限制。英国对安特卫普和斯海尔德河口的关切，既涉及贸易，也涉及一支战列舰队靠近本土的可能。1814 年关于安特卫普的安排说明这种关切很深；它却发生在法国战败之后，不能直接证明一个未败的法国必须接受完全同样的条件。可谈的方向包括军事用途限制、造舰透明度、基地规模、河口通行和相互保证，而非预先宣布英国已拥有单方面定价权。,数字段未出现形式引注；相邻注释或作者计算可能有效，待人工核定
02a_英国海权与和平_国家财政与社会.md,59,### 4. 一个英国政府能够接受的和平，需要什么,第五，交还占领地、释放俘虏和撤军应分阶段进行，让违约有代价，而不是要求一方先交出全部筹码。1802 年《亚眠和约》关于解除财产、款项和债权扣押，以及司法追索的条款，可以提供财产权处理的范例；它们不是英国在未来被征服后全部国债和政治制度仍会保留的保证。,数字段未出现形式引注；相邻注释或作者计算可能有效，待人工核定
02a_英国海权与和平_国家财政与社会.md,63,### 4. 一个英国政府能够接受的和平，需要什么,**1811—1814 年因商业危机、战争疲劳和大陆僵局而出现议和机会，是合理推演；把它写成英国必然在某年投降，则超出证据。**一份有限而可信的和平可能比继续战争更有吸引力；一份剥夺舰队、贸易和盟友的和平，反而可能把原本分裂的英国政治重新团结起来。,数字段未出现形式引注；相邻注释或作者计算可能有效，待人工核定
02a_英国海权与和平_国家财政与社会.md,89,### 1. 先把债务、税收和利息放回同一本账,"表中最重要的不是债务“很大”，而是国家仍能将持续征税转化为证券偿付。1811 年收入从 7,300 万下降到 7,100 万英镑，利息由 2,440 万上升到 2,460 万。这是压力，不是收入消失。利息约占收入 34.6%，尚未吞没全部财政。1797 年这一比例反而约为 62.4%，国家依然继续战争。这并不证明 60% 永远安全，而是说明不能把某个自设比例直接命名为“破产线”。",数字段未出现形式引注；相邻注释或作者计算可能有效，待人工核定
02a_英国海权与和平_国家财政与社会.md,97,### 2. 1811 年借款确实更贵，但旧债没有一起改价,这个结果可以由证券组合复算：每提供 100 英镑现金，认购者取得 100 英镑面值的 3% 减息公债、20 英镑面值的 3% 统一公债、20 英镑面值的 4% 公债，以及每年 6 先令 11 便士的长期年金。其名义本金和现金收入显然不是同一个数。,数字段未出现形式引注；相邻注释或作者计算可能有效，待人工核定
02a_英国海权与和平_国家财政与社会.md,99,### 2. 1811 年借款确实更贵，但旧债没有一起改价,这既不是整笔交易包含分期缴款时间的完整内部收益率，也不是英国全部存量债务的利息突然提高到 4.7458%。旧有固定票息债券在市场上跌价，会提高新买家的收益率，却不会直接增加政府对这张旧券承诺的现金支付。若把新借款利率乘上全部旧债，模型将大幅夸大短期财政危机。,数字段未出现形式引注；相邻注释或作者计算可能有效，待人工核定
02a_英国海权与和平_国家财政与社会.md,101,### 2. 1811 年借款确实更贵，但旧债没有一起改价,同年统一公债年均收益率从 4.4085% 升至 4.6742%，提高约 26.6 个基点。两个变化方向一致，但幅度不同：一个是具体发行包的现金成本，一个是市场证券的年均收益率。**1811 年融资条件恶化，是确证；英国已经失去市场融资能力，则与借款继续完成的事实不符。**,数字段未出现形式引注；相邻注释或作者计算可能有效，待人工核定
02a_英国海权与和平_国家财政与社会.md,123,### 4. 1811 年商业救济：批准额度不等于实际支出,**这里的结论应是：1811 年国家信用充当了私人信用的支架，代价上升但支架仍然有效。**实际救济提款总额目前仍需执行账簿核定。这个缺口不妨碍判断政策的方向，却限制了把救济效果精确折算为新增出口或“挽救了多少企业”。,数字段未出现形式引注；相邻注释或作者计算可能有效，待人工核定
02a_英国海权与和平_国家财政与社会.md,145,### 2. 把财政推演写成条件，而不是预言,"为比较这种反馈，采用一个简化现金模型：本年新增融资等于非利息支出加上既有票息，再减本年收入；新增债务按发行条件折算，旧债票息不随市场利率自动重定价。起点取 1810 年债务约 6.885 亿英镑、票息 2,440 万。模型不是历史发现，而是检验若干政策组合能否自洽的工具。",数字段未出现形式引注；相邻注释或作者计算可能有效，待人工核定
02a_英国海权与和平_国家财政与社会.md,147,### 2. 把财政推演写成条件，而不是预言,"若长期收入只剩每年 5,500 万至 6,000 万，非利息支出仍维持 4,800 万至 5,000 万，新借款成本为 6%—7%，又假定名义收入不增长，那么票息占收入 60% 的压力水平约在 1817—1823 年出现，70% 约在 1820—1827 年出现。将起始利息上下变动 200 万，跨越年份可扩至 1815—1826 年与 1818—1830 年。**这些是给定坏条件后的压力时间，不是英国必然破产的年份。**",数字段未出现形式引注；相邻注释或作者计算可能有效，待人工核定
02a_英国海权与和平_国家财政与社会.md,149,### 2. 把财政推演写成条件，而不是预言,"更现实的适应情景，把长期非利息支出降至约 3,600 万至 4,700 万：海军约 1,800 万至 2,200 万，本土及殖民陆军约 1,200 万至 1,600 万，其他约 600 万至 900 万。殖民驻军既然已经包含在陆军项中，就不能再另加一次“帝国军费”。这些区间以战时价格量级讨论，而非宣称议会已经通过了这样一份和平预算。",数字段未出现形式引注；相邻注释或作者计算可能有效，待人工核定
02a_英国海权与和平_国家财政与社会.md,151,### 2. 把财政推演写成条件，而不是预言,在有限大陆霸权情景下，给予英国 12—24 个月的调整期，并允许有限税基增长，既有模型算得 1830 年债务约 6.90 亿至 9.02 亿英镑，1848 年约 6.45 亿至 10.80 亿。真实历史的比较数约为 8.40 亿和 8.31 亿。区间跨过实际历史，意味着方向并不固定：较早结束大陆战争可以减少借款，持续海军竞赛与较低贸易收入又会抵消节约。,数字段未出现形式引注；相邻注释或作者计算可能有效，待人工核定
02a_英国海权与和平_国家财政与社会.md,153,### 2. 把财政推演写成条件，而不是预言,"强制排英情景也不是立刻破产。以收入 6,000 万、非利息支出 3,900 万、新借款成本 5.5%、名义收入每年增长 0.5% 为一组假设，若即时转入较低支出，1848 年票息收入比约 51.6%；若前两年仍承担较高战争支出，则可能在 1844—1847 年先越过 60%。这一差别说明，**过渡成本和支出调整能力，比一个孤立的“债务总额很大”更有解释力。**",数字段未出现形式引注；相邻注释或作者计算可能有效，待人工核定
02a_英国海权与和平_国家财政与社会.md,155,### 2. 把财政推演写成条件，而不是预言,英国政府有理由在接近压力区间之前争取贸易、加税、裁军、转换债务或重新结盟；它也可能因党争、误判与既有承诺而延误。法国政府也会改变封锁范围与海军预算。因此，本模型最有价值的结论，是排除“按 1813 年战时费用永远烧钱”的静态设定，而不是为一个替代世界制造伪精确债务表。,数字段未出现形式引注；相邻注释或作者计算可能有效，待人工核定
02a_英国海权与和平_国家财政与社会.md,163,### 1. 一处一千万英镑的错误，会改变整场讨论,"因此，这一工作序列应将美国项改为约 143.2 万，北美区域合计改为约 334.2 万，世界总额由约 3,745.9 万改为 **2,745.9 万英镑**。这是对指定系列的源表校正，不是宣称所有近代出口资料都错了。错误如何进入后来的电子表，尚未追溯到每一道转录；但影印原表足以证明，1811 年的美国市场没有表现出那笔虚构的 1,000 万英镑缓冲。",数字段未出现形式引注；相邻注释或作者计算可能有效，待人工核定
02a_英国海权与和平_国家财政与社会.md,179,### 2. 欧洲究竟有多重要,1804—1806 年欧洲约占本国产品出口 36.6%，已经十分重要；在转口贸易中，欧洲的重要性还要高得多，同期约占 78.8%。英国商人购买热带产品，再把它们卖到欧洲，才能收回资金。如果欧洲终端市场关闭，即使船仍能从加勒比驶往伦敦，商品也可能积压在仓库。,数字段未出现形式引注；相邻注释或作者计算可能有效，待人工核定
02a_英国海权与和平_国家财政与社会.md,183,### 2. 欧洲究竟有多重要,其表中所谓“real value”通常指相对于旧官方估价的申报实际价格，不是现代意义上扣除物价后的不变价。把它译成“实际出口量”会把价格变化误写成数量变化。同样，1813 年某些官方系列缺数，应保留缺数，而不是用插值填出一个看似完整的战争拐点。,数字段未出现形式引注；相邻注释或作者计算可能有效，待人工核定
02a_英国海权与和平_国家财政与社会.md,189,### 3. 替代市场既救过英国，也有明显上限,但“美洲其余地区”并不等于英国殖民地，更不等于稳定收到货款的市场。它包括尚属西班牙、葡萄牙体系而实际出现贸易开口的地区。换用 1806 年作为基期，1808 年海外补偿仍然强；到了 1811 年，相关美洲增量约 106 万，而北欧损失约 607 万，同时美国出口也大幅收缩。选择一个最有利的年份，就会把一次成功分流误写成永久替代。,数字段未出现形式引注；相邻注释或作者计算可能有效，待人工核定
02a_英国海权与和平_国家财政与社会.md,191,### 3. 替代市场既救过英国，也有明显上限,另一种官方估价比较，以 1804—1806 年平均作基准，拉丁美洲和亚洲的新增出口，对北欧损失的覆盖率在 1808 年约 56.6%，1811 年约 21.7%，1812 年约 49.7%。1808—1812 年合计约 87.3%。1809 年北欧本就没有相应缺口，1810 年缺口很小，因而出现数倍“覆盖率”；这种小分母结果没有理由被描绘为经济奇迹。,数字段未出现形式引注；相邻注释或作者计算可能有效，待人工核定
02a_英国海权与和平_国家财政与社会.md,203,### 4. 工业总量增长，为什么仍有严重失业,"原棉进口也表现出急剧波动：1807 年约 7,492.5 万磅，1808 年约 4,360.5 万，1810 年升至约 1.32489 亿，1812 年又降至约 6,302.6 万。美国禁运、英美冲突和库存周期与法国封锁相互叠加，不能把每一次下跌都单独归给拿破仑。",数字段未出现形式引注；相邻注释或作者计算可能有效，待人工核定
02a_英国海权与和平_国家财政与社会.md,205,### 4. 工业总量增长，为什么仍有严重失业,工资指数还隐藏着就业假设。一个按“有全年工作的人”计算的实际工资序列，即使尚能维持，也不代表失业家庭拥有相同收入。1812 年相关实际工资指数约为 81.2、消费价格指数约为 150.1，已经显示压力；再加上失业与半失业，家庭生活会比平均工资曲线更困难。,数字段未出现形式引注；相邻注释或作者计算可能有效，待人工核定
02a_英国海权与和平_国家财政与社会.md,228,### 1. 长期封锁会改变增长轨迹，但幅度须作为条件公开,这些数说明模型对长期增长差极敏感：将年度差改变 0.3 个百分点，33 年后的相对规模就会变化约一成。它们并不证明法国能够执行 33 年同样严密的封锁。倘若排英只持续 25 年，到 1840 年即重新开放，就应停止继续累积原先的负增长差；强制排英情景到 1848 年的相对水平将约为 59%—81%，而不是机械保留封锁持续至 1848 年的 54%—79%。,数字段未出现形式引注；相邻注释或作者计算可能有效，待人工核定
02a_英国海权与和平_国家财政与社会.md,234,### 2. 出口推演不能冒充国内生产总值,"以 1804—1806 年欧洲出口 1,372.1 万、全球出口 3,753.5 万为起点，分别设定欧洲市场保留比例、海外扩张和回款折损，可以得到几组出口量级：有限霸权情景约为基准的 79%—98%，强制排英约 66%—79%，较早开放和平约 94%—117%。这些都是对出口部门的条件计算，不是英国整个经济缩小到同样比例。",数字段未出现形式引注；相邻注释或作者计算可能有效，待人工核定
02a_英国海权与和平_国家财政与社会.md,236,### 2. 出口推演不能冒充国内生产总值,"到了 1844—1846 年的真实规模，若欧洲出口 2,325.1 万中的大部分被永久排除，单凭原模型假设的海外新增市场约 1,113 万，仍不足以补齐；在回款折损系数为 0.9 的条件下，完全替代约需新增 2,067 万，缺口约 954 万。这个计算说明替代任务有多大，不证明它在任何制度和技术条件下永远不可能完成。",数字段未出现形式引注；相邻注释或作者计算可能有效，待人工核定
02a_英国海权与和平_国家财政与社会.md,242,### 3. 改革、粮食与政治秩序的另一条时间线,真实历史中的 1815 年《谷物法》、1829 年天主教解放、1832 年议会改革和 1846 年废除谷物法，不应原封不动复制到替代世界。战争长短改变土地价格、军队复员、税负、粮食进口与政治联盟；法国威胁也可能使保守力量更强，而非更快改革。,数字段未出现形式引注；相邻注释或作者计算可能有效，待人工核定
02a_英国海权与和平_国家财政与社会.md,250,### 3. 改革、粮食与政治秩序的另一条时间线,1842 年宪章派请愿约 330 万个署名，说明政治动员广泛，不等于 330 万合法选民，更不等于 330 万亲法者。粮价下降也不只取决于海上有没有粮船，还取决于收入、运输、地方救济和购买能力。法国若想建立长期稳定的大陆秩序，必须承认英国社会会自行演化，而非把它冻结成 1803 年的敌国肖像。,数字段未出现形式引注；相邻注释或作者计算可能有效，待人工核定
02a_英国海权与和平_国家财政与社会.md,260,### 1. 公债价格购买的是偿付，不是某个统治者的寿命,目前可建立的是战役前一月至后一月的宽窗口描述，而非消息到达后几个交易日的因果识别。英国市场何时得知战役结果，不能简单用战役当天替代。例如特拉法加发生于 1805 年 10 月 21 日，消息 11 月 6 日抵达伦敦；在跨月窗口中，其他战事和融资消息已经同时进入价格。,数字段未出现形式引注；相邻注释或作者计算可能有效，待人工核定
02a_英国海权与和平_国家财政与社会.md,285,### 1. 公债价格购买的是偿付，不是某个统治者的寿命,为与日常波动比较，下列事件研究选取了 100 个避开指定事件附近月份的两月窗口，绝对价格变化中位数约为英国 2.17%、法国 2.36%。提尔西特英债 −2.15% 与这一量级接近。入侵恐慌和英美战争的描述窗也没有钉住单一消息抵达日，不能因其接近零就宣称相关威胁无效。这不是随机化检验，也不产生一个可信的“法国胜率”；它只是说明，一个约 2% 的月度变化尚不足以独立支撑国家即将崩溃的强结论。,数字段未出现形式引注；相邻注释或作者计算可能有效，待人工核定
02a_英国海权与和平_国家财政与社会.md,291,### 2. 黄金、汇率和海险各自回答不同问题,伦敦—汉堡汇兑的票据期限通常为约两个半月。票据到期、支付地和银币计价都会影响报价。原材料中战前约 34 银行先令、1813 年图示约 24—28 的变化，只能在相同报价规则下讨论；没有完整原始月表，不应从图上读出伪精确的百分位。,数字段未出现形式引注；相邻注释或作者计算可能有效，待人工核定
02a_英国海权与和平_国家财政与社会.md,293,### 2. 黄金、汇率和海险各自回答不同问题,海上保险则更具有航线和时点差异。1809 年伦敦—加的斯个别 60% 的极端报价，不代表全部英国航运平均保费。布宜诺斯艾利斯方向某些报价从 1812 年 11 月的约 12.5%—18.8%，到 1813 年约 9.6%、1816 年约 2.28%，说明航线风险与战后环境变化很大；船型、季节、保险条款和政治条件却不完全相同，不能把差额全部命名为拿破仑战争的因果效应。,数字段未出现形式引注；相邻注释或作者计算可能有效，待人工核定
02a_英国海权与和平_国家财政与社会.md,299,### 3. 一张个人保险单，不是帝国寿命表,但 3.15% 的保费中可能包含承保利润、信息差、信用风险和交易费用；死亡与被俘又被合并为同一触发事件。它既不能直接改写成“拿破仑有 96.85% 的概率活到月底”，也不能用来估计波拿巴王朝能否存续至 1848 年。,数字段未出现形式引注；相邻注释或作者计算可能有效，待人工核定
02a_英国海权与和平_国家财政与社会.md,301,### 3. 一张个人保险单，不是帝国寿命表,旧模型还曾预设坏状态先验 10%—30%、坏状态支付差 20%—60%、价格变化归因比例 25%—100%，再从价格变化反推风险区间。保留这种试算的意义，在于展示：只要改变先验、支付差和归因比例，就能得到很不相同的所谓概率。**这些输入不是市场观测；最终报告不把其输出当作史料结论。**公债、黄金、汇兑与海险共同支持的较稳健判断，是英国有持续战争的信用能力，同时也会为战争付出更高融资与交易成本；它们不支持“英国永不动摇”，也不支持“大陆战败立即财政投降”。,数字段未出现形式引注；相邻注释或作者计算可能有效，待人工核定
02b_英国海权与和平_舰队海峡与帝国.md,29,### 1. 英国舰队账面上的不同层次,1803 年“只有 32 艘在役”，不是英国总共只有 32 艘战列舰；1815 年降至 47 艘在役，也不是另外几十艘忽然沉没。和平裁员、转入储备与保留可重新动员的舰体，正是英国调整成本的方式。,数字段未出现形式引注；相邻注释或作者计算可能有效，待人工核定
02b_英国海权与和平_舰队海峡与帝国.md,31,### 1. 英国舰队账面上的不同层次,原表还有港口勤务舰、在建舰与订造舰。1808 年若把 126 艘战列舰舰体、港口类别和 48 艘在建或订造舰等项目全部相加，会得到约 237 的大总数；它不等于 237 艘能够投入会战的战列舰。表中“巡航舰艇”有时包含战列舰，不能再重复加一次；“前一年建成”是毛流入，不是扣除损失与退役后的净增；旧式载重吨也不等于现代排水吨。,数字段未出现形式引注；相邻注释或作者计算可能有效，待人工核定
02b_英国海权与和平_舰队海峡与帝国.md,33,### 1. 英国舰队账面上的不同层次,按既有逐年新建记录汇总，英国 1803—1814 年新建战列舰约 74 艘，其中 1808—1812 年约 46 艘，年均 9.2 艘，1812 年达到约 12 艘。这个生产能力足以否定“英国在特拉法加后不再造舰”的假设，却仍要与维修、老化和训练竞争同一批工匠与资金。,数字段未出现形式引注；相邻注释或作者计算可能有效，待人工核定
02b_英国海权与和平_舰队海峡与帝国.md,39,"### 2. 145,000 人不是 145,000 名熟练水手","复员后的数字又有年度长度问题。1817 年约 19,000 人、其中 6,000 名陆战队员的表决，只覆盖六个阴历月；1820 年约 23,000 人、其中 8,000 名陆战队员的安排，则按十三个阴历月计。1826 年约 30,000 人、其中 9,000 名陆战队员；1830 年目标约 29,000，实际因舰船尚未回国而一度超过 32,000。把所有表决数都当作同样长度的全年平均，会把政策变化夸大或缩小。",数字段未出现形式引注；相邻注释或作者计算可能有效，待人工核定
02b_英国海权与和平_舰队海峡与帝国.md,43,"### 2. 145,000 人不是 145,000 名熟练水手","法国长期构成威胁时，英国很可能保留比真实和平年份更高的海军员额。可以把约 60,000—90,000 人设为“武装和平”的预算情景；这是假定法国威胁持续后提出的中间规模，并非史实编制。它的意义，是在 145,000 人战时高峰与约两三万人和平编制之间，留出制度上可行的中间状态。",数字段未出现形式引注；相邻注释或作者计算可能有效，待人工核定
02b_英国海权与和平_舰队海峡与帝国.md,53,### 1. 一套能够修船、供粮、付款的组织,真实历史中 1832 年海军行政重组也不应预先安排在替代世界同一年发生。持久军事威胁可以推动集中管理，也可能使旧机构以战争需要为由保留下来。应推演的是维修和供应能否运作，而不是机械复制后来每项改革的日期。,数字段未出现形式引注；相邻注释或作者计算可能有效，待人工核定
02b_英国海权与和平_舰队海峡与帝国.md,67,### 3. 大陆封锁确实威胁海军物资，但替代路线也真实存在,戴维研究波罗的海粮秣与补给，发现 1809 年确有严重困难，但到 1810 年部分供应条件已经改善，甚至可与德普特福德相比。这构成对“封锁一生效，英国舰队材料链便断裂”的直接限制。他也提醒，阿尔比恩对短缺的描述有夸张空间。两者应并列，而不是只留下最戏剧性的“英国即将无桅可用”。,数字段未出现形式引注；相邻注释或作者计算可能有效，待人工核定
02b_英国海权与和平_舰队海峡与帝国.md,71,### 3. 大陆封锁确实威胁海军物资，但替代路线也真实存在,柚木提供另一条路径，但也要避免夸大。1812 年前运到英国的原料柚木，阿尔比恩只列出一船货；相反，在孟买直接造舰已经可行，“明登”号于 1810 年下水。英国可以把部分造船活动移向印度，而不是非得把每一根木材运回本土再加工。,数字段未出现形式引注；相邻注释或作者计算可能有效，待人工核定
02b_英国海权与和平_舰队海峡与帝国.md,73,### 3. 大陆封锁确实威胁海军物资，但替代路线也真实存在,铜材、铁件和回收也属于这个系统。一艘 74 炮舰按相关工程估算，可能涉及约百吨铁、约三十吨铜螺栓和约十二吨铜包板；这些是特定技术估算，不是每艘船的统一法定配额。古德里奇关于铜材回收和船厂工序的目录，证明存在回收技术与管理实践，却不能独自给出整个战争时期铜供需平衡。,数字段未出现形式引注；相邻注释或作者计算可能有效，待人工核定
02b_英国海权与和平_舰队海峡与帝国.md,81,### 4. 纪律问题说明制度有裂缝，不说明舰队等待倒戈,强征海员带来深刻不满，但它在 1815 年后不再实际使用，不等于相关权力立即从法律上废除。若法国舰队长期威胁英国，政府可能延长征募压力，也可能通过提高待遇、扩大志愿招募和保留骨干来降低成本。法国应期待英国在这两端之间调整，而不是期待每次欠饷自动变成一次革命。,数字段未出现形式引注；相邻注释或作者计算可能有效，待人工核定
02b_英国海权与和平_舰队海峡与帝国.md,123,### 3. 其他港口各有用途，不能在地图上直接相加,1814 年土伦“十七艘现役、三艘在建”的一种统计，与当年二月报刊提及“二十三艘浮存”的另一口径，不应拼接成二十三艘已配齐舰员的可战舰队。热那亚造出的三艘送往土伦，也不能在两港各算一遍。,数字段未出现形式引注；相邻注释或作者计算可能有效，待人工核定
02b_英国海权与和平_舰队海峡与帝国.md,133,### 4. 木材很多，不等于合格舰材已在码头,"问题在于树种、曲材形状、树龄、干燥、运输与用途竞争。安特卫普相关供材区在计划中承担比例约达 62%，压力并不均匀。托多罗夫所列一艘 80 炮舰约需 3,737 stères 木料，stère 是来源中的堆积体积单位，不能直接当作现代意义上无空隙的实木立方米。",数字段未出现形式引注；相邻注释或作者计算可能有效，待人工核定
02b_英国海权与和平_舰队海峡与帝国.md,155,### 1. 将军可以征集人，不能立即征集十年的航海经历,1811 年海岸征募约二万人，其中约 70% 来自今天不属于法国的地区。这一数字说的是一届特定征募、按今日边界回看来源；它既不是全部法国海军七成皆为外国人，也不证明这些人已经熟练并忠诚地服役。,数字段未出现形式引注；相邻注释或作者计算可能有效，待人工核定
02b_英国海权与和平_舰队海峡与帝国.md,177,### 4. 私掠能够伤害贸易，也会消耗法国自己的水手,"但累计俘获不是英国商船存量的净减少。有的船会被夺回，有的被释放，贸易舰队也持续新建。英国商船登记数在 1800、1805、1810 年分别约 17,885、22,805、22,703，更不支持将五千余次俘获直接从一个固定船队扣除。",数字段未出现形式引注；相邻注释或作者计算可能有效，待人工核定
02b_英国海权与和平_舰队海峡与帝国.md,179,### 4. 私掠能够伤害贸易，也会消耗法国自己的水手,"反过来，英国俘获约 440 艘法国私掠船，并拘押约 27,000 名人员。被俘者中包含法国本来就紧缺的航海劳动力。私掠是给英国增加保险费和护航成本的手段，不是完全免费的“不对称武器”。如果目标是二十年后拥有一支熟练主力舰队，必须比较今天私掠收益与长期人力损失。",数字段未出现形式引注；相邻注释或作者计算可能有效，待人工核定
02b_英国海权与和平_舰队海峡与帝国.md,185,### 1. 先给出可以站得住的结论,**1815 年前，法国可能把舰体规模恢复到足以形成区域威胁的水平，但英国在可用舰队、训练、海上部署与全球支援方面仍明显领先。**避免西班牙长期战争与俄国灾难，会给法国更多财政和人力空间，却不会把陆军节省的每一法郎立即变成训练成熟的海军。,数字段未出现形式引注；相邻注释或作者计算可能有效，待人工核定
02b_英国海权与和平_舰队海峡与帝国.md,187,### 1. 先给出可以站得住的结论,**到 1830 年，若有持续和平、开放航运、稳定海军预算和可用基地，法国有条件接近英国的主力舰体规模，并显著削弱英国在欧洲近海的绝对优势。**若海战长期持续、港口继续被封锁，即使多造船，实际差距也较难缩小。,数字段未出现形式引注；相邻注释或作者计算可能有效，待人工核定
02b_英国海权与和平_舰队海峡与帝国.md,189,### 1. 先给出可以站得住的结论,**到 1848 年，较可信的终点是英国仍拥有全球性海权优势，法国成为能在欧洲若干海区进行有力争夺的第二海上强国。**法国在某一季节、某一海区取得局部优势并非不合理；法国必然全面超过英国，证据不足。随着蒸汽、推进器、炮弹与工业维修能力上升，比较对象已经不再只是木质战列舰总吨位。,数字段未出现形式引注；相邻注释或作者计算可能有效，待人工核定
02b_英国海权与和平_舰队海峡与帝国.md,193,### 2. 原模型的有用之处：让条件与结果同时出现,沿这条机制向1830年推算，可以比较两个条件分支。两者在 1815 年共享同一起点；“持续海战”假定训练受限制、战损继续；“武装和平”假定贸易与训练环境改善，但两国仍保留海军竞争。舰体数字中的小数是年度存量模型的计算值，不表示现实存在零点几艘船；正文判断应取约数。,数字段未出现形式引注；相邻注释或作者计算可能有效，待人工核定
02b_英国海权与和平_舰队海峡与帝国.md,205,### 2. 原模型的有用之处：让条件与结果同时出现,这些结果来自对新造、自然退出、战损、人员流入、整备和平均舰型吨位的设定。它们没有被一套真实存在的“法国未败的 1830 年舰队名册”验证。因此，0.902 应读作“在这组条件下，舰体吨位约可接近九成”，不是历史学发现了一个精确的海军实力比。,数字段未出现形式引注；相邻注释或作者计算可能有效，待人工核定
02b_英国海权与和平_舰队海峡与帝国.md,209,### 2. 原模型的有用之处：让条件与结果同时出现,原模型进一步引入训练系数：持续海战中，法国由 0.65 升至 0.75，英国由 1 升至 1.05；武装和平中，法国升至 0.925，英国降至 0.95。这些系数没有经验校准，而且“可动员舰数”已经部分反映人员准备，再乘训练系数可能重复折损。,数字段未出现形式引注；相邻注释或作者计算可能有效，待人工核定
02b_英国海权与和平_舰队海峡与帝国.md,211,### 2. 原模型的有用之处：让条件与结果同时出现,所以，原来 1830 年持续海战下约 0.449、武装和平下约 0.876 的“效能比”，这里只保留为模型演示，不作为结论标题。若不乘训练系数，仅比较可动员舰的假定吨位，同年约为 0.628 与 0.899。持续海战的高低参数组合给出舰体吨位比约 0.552—0.926、加权效能比约 0.282—0.644；武装和平对应约 0.769—1.012、0.747—0.974。区间之宽本身就表明，结果由条件主导，而非已经测得。,数字段未出现形式引注；相邻注释或作者计算可能有效，待人工核定
02b_英国海权与和平_舰队海峡与帝国.md,215,### 3. 最重要的敏感性，不只是法国造船速度,持续海战基准中，若法国新造量降低 30%，1830 年舰体约降至 78.3、一年内可动员约六十艘；若只是人员流入减少 30%，舰体仍约 108.7，可动员却约五十七艘。前者是船台不足，后者是有人造船却无人有效使用。两种短板的历史含义不同。,数字段未出现形式引注；相邻注释或作者计算可能有效，待人工核定
02b_英国海权与和平_舰队海峡与帝国.md,217,### 3. 最重要的敏感性，不只是法国造船速度,把整备率降低十个百分点，同年可动员舰约降至七十三艘。若设定法国一开始失去十二艘安特卫普相关舰体，之后每年少造三艘，1830 年舰体约六十五艘，可动员约五十艘。和平分支中同样撤去安特卫普优势，可动员也降至约七十一艘。可见安特卫普不是可随意交换而毫无军事代价的附属品；它又恰是英国最敏感的安全问题之一。,数字段未出现形式引注；相邻注释或作者计算可能有效，待人工核定
02b_英国海权与和平_舰队海峡与帝国.md,219,### 3. 最重要的敏感性，不只是法国造船速度,还必须让英国作出反应。原模型的和平分支假定英国减少现役或准备力量。如果法国保持和平分支的扩张，而英国仍维持持续海战分支的准备规模，法国原先约 0.876 的加权比便降为约 0.731。**法国成长越快，英国越可能不按照“英国和平裁军”的剧本行事。**,数字段未出现形式引注；相邻注释或作者计算可能有效，待人工核定
02b_英国海权与和平_舰队海峡与帝国.md,225,### 4. 舰队预算要和全帝国预算相容,长期模型曾以每年约 1.95 亿法郎为基准、1.70 亿至 2.20 亿为常用范围，并另试 2.20 亿至 2.60 亿的高投入情景。问题在于，和平分支后期约 132 艘舰体、接近十三万总人员的规模，未必还能由最初的 1.95 亿预算支撑。必须重新核算薪饷、维修、训练航次、巡航舰与基地费用。没有完成这种跨部门预算闭合之前，不能把高舰队规模与低财政负担同时列为既得好处。,数字段未出现形式引注；相邻注释或作者计算可能有效，待人工核定
02b_英国海权与和平_舰队海峡与帝国.md,227,### 4. 舰队预算要和全帝国预算相容,"英国方面，1810、1812、1813 年相关海军拨款约为 1,897.5 万、1,930.6 万和 2,009.7 万英镑；1811 年不同汇总出现约 1,982.2 万与 2,027.6 万的差别，仍需对齐拨款、补充费用及会计年度。它们支持约两千万的战争量级，不支持在尚未对齐口径时宣称精确到个位数的成本差。",数字段未出现形式引注；相邻注释或作者计算可能有效，待人工核定
02b_英国海权与和平_舰队海峡与帝国.md,231,### 5. 封锁本身需要多大的英国舰队,英国不只要“比法国多一艘”。它要考虑维修、轮换、天气、其他敌人和全球任务。为展示负担，可把英国需要的同季在役舰数设为敌方同季可集中战列舰的 1.05—1.20 倍，再加十五至二十五艘机动余量；按 75%—85% 的可用率反推舰体需求。系数仍是压力测试，而非皇家海军的统一教令。,数字段未出现形式引注；相邻注释或作者计算可能有效，待人工核定
02b_英国海权与和平_舰队海峡与帝国.md,240,### 5. 封锁本身需要多大的英国舰队,这张表的重要用途是防止分母偷换：法国“一年内可动员六十艘”不等于同一天集中六十艘；英国“和平现役四十五至七十艘”也未必够同时封锁法国所有港口、维持地中海和海外任务。随着法国改善准备，英国更可能收缩某些远端活动、采用远距离监视，或增加编制，而不是永远维持 1805 年式的每港近封锁。,数字段未出现形式引注；相邻注释或作者计算可能有效，待人工核定
02b_英国海权与和平_舰队海峡与帝国.md,242,### 5. 封锁本身需要多大的英国舰队,巡航舰和小型舰尤其不能省略。模型 1830 年英国约有 143.5 艘巡航舰和 260 艘小舰，法国持续战争分支约五十三与五十九、和平分支约六十九与九十三；这些同样是条件存量。它们提醒读者：即使主力战列舰接近，侦察、护航、缉私、通信与殖民巡弋仍可能明显不对称。,数字段未出现形式引注；相邻注释或作者计算可能有效，待人工核定
02b_英国海权与和平_舰队海峡与帝国.md,252,### 6. 1848 年的竞争，已经走进机器时代,到 1848 年，煤站、锅炉维修、机器制造、螺旋桨设计、炮弹与舰体防护开始改变力量计算。早期蒸汽舰仍依赖帆装、续航与煤炭后勤，不能描写成后来的现代舰队。法国可以凭集中投资在某些技术上先行，英国则拥有较大的煤炭、机械与商船体系，能够迅速吸收创新。**最可信的判断不是法国必然追平，也不是英国优势永远不变，而是欧洲近海的优势更可争夺，全球持续部署仍偏向英国。**,数字段未出现形式引注；相邻注释或作者计算可能有效，待人工核定
02b_英国海权与和平_舰队海峡与帝国.md,260,### 1. 皇帝的名句与运输官的账本,甘托姆早在 1803 年即对小艇运输的偶然性提出警告，主张需要主力舰队的掩护。他当时任土伦海事长官，不是后来某些叙述移植给他的布雷斯特指挥身份。准确的职务有助于辨认：这是参与实际筹划者的专业意见，而不是战后为失败寻找理由。,数字段未出现形式引注；相邻注释或作者计算可能有效，待人工核定
02b_英国海权与和平_舰队海峡与帝国.md,262,### 1. 皇帝的名句与运输官的账本,1804 年秋的计划曾包含斯威利湾等爱尔兰目标；1805 年 3 月又设计布雷斯特、费罗尔、马提尼克与欧洲舰队之间的会合，并设置三十或四十天的等待条件。这里至少有四个不应混同的节点：**命令写成、命令送达、舰队出航、舰队按时会合。**把第一节点当作第四节点，就等于提前赢下了整个海军行动。,数字段未出现形式引注；相邻注释或作者计算可能有效，待人工核定
02b_英国海权与和平_舰队海峡与帝国.md,268,### 2. 布洛涅小艇确有运力，但兵、马、炮不是同一件货物,"另有 126 艘辅助艇，其船员位置和实际需求之间有余量；这不表示余下位置可以不加条件地装入四千多名携械步兵。马匹可载约 1,391、需要约 1,616，差约 225；炮兵与辎重车辆、挽马另有未完全分配的项目。由此可见，运输官面对的是一种配套约束：步兵到了岸上，马、火炮和弹药若晚到，便不是同一支完整军队。",数字段未出现形式引注；相邻注释或作者计算可能有效，待人工核定
02b_英国海权与和平_舰队海峡与帝国.md,270,### 2. 布洛涅小艇确有运力，但兵、马、炮不是同一件货物,"把四组样本合并，可得约 80,928 个战斗人员位置、5,564 匹马的位置。若反事实方案另假定八万军队必须带八千匹马，则相差约 2,436 匹；这证明“按十分之一比例配马”的模型假设与样本装载表不相容，不证明实际历史的全运输舰队永远缺少恰好 2,436 匹马。运输牲畜需求必须按真实兵种和辎重编制重算。",数字段未出现形式引注；相邻注释或作者计算可能有效，待人工核定
02b_英国海权与和平_舰队海峡与帝国.md,276,### 3. 一小时升帆，是集结之后的一小时,"因此，采用两潮汐方案、假设相对有利航渡及卸载条件，八万人的近距离登陆从法国离港到形成岸上整体力量，时间预算约 46—98 小时，即二至四天；若港口调度需要六个潮汐，约为 106—144 小时，即四天半至六天。卸载十二至三十六小时意味着每小时要把约 2,200—6,700 名携带相应装备的人员体系转移上岸。这些是明确给定条件的时间预算，不是实测完成过的行动。",数字段未出现形式引注；相邻注释或作者计算可能有效，待人工核定
02b_英国海权与和平_舰队海峡与帝国.md,286,### 4. 英国会有多少兵赶到海岸,"世界范围的英国正规军总员额，从 1804 年初约 150,593 增至 1813 年 9 月约 260,797；后者包含约 53,729 名外国部队人员。它们不是全部驻在英格兰南部的部队。一个帝国军队总数很大，可能恰好意味着大量兵员在半岛、地中海、西印度和亚洲，几周内回不来。",数字段未出现形式引注；相邻注释或作者计算可能有效，待人工核定
02b_英国海权与和平_舰队海峡与帝国.md,298,### 5. 警报、道路和车辆决定“援军”何时成为现实,1805 年 4 月皇家运输队分布于坎特伯雷、切姆斯福德、贝克斯希尔及克罗伊登等地，提供马匹、车辆与运输组织。它们是小型专业运输分队，不能额外算作几支主力战斗部队。1815 年卡里的道路书可以用来估计路线长度，但作为 1805 年的代理资料，应明示这十年差距。,数字段未出现形式引注；相邻注释或作者计算可能有效，待人工核定
02b_英国海权与和平_舰队海峡与帝国.md,302,### 5. 警报、道路和车辆决定“援军”何时成为现实,若假定步兵日行十五至二十英里，加半日至一日动员与四分之一日至半日重新集结，伦敦到海斯约需 4.1—6 天；条件良好的车辆输送约 2.9—3.2 天。阿什福德到海斯步行约 1.4—2.3 天，车辆约 1.6—1.8 天，短距离的准备成本会吃掉速度优势。伦敦至韦茅斯则约需 7.1—10 天步行，车辆约 4.4—4.7 天。,数字段未出现形式引注；相邻注释或作者计算可能有效，待人工核定
02b_英国海权与和平_舰队海峡与帝国.md,310,### 6. 防御工事不能提前从未来搬来,撤空与焦土计划也存在地方差异。福蒂斯丘指出，一项广泛撤离安排在 1803 年 10 月末被取消；奇尔科特又引 11 月索尔兹伯里地区继续筹划迁移人口和牲畜的文件。两者说明中央全面计划撤回之后，地方仍有准备，而非证明全国既没有疏散，也非证明疏散已有效执行。,数字段未出现形式引注；相邻注释或作者计算可能有效，待人工核定
02b_英国海权与和平_舰队海峡与帝国.md,312,### 6. 防御工事不能提前从未来搬来,西德尼·史密斯 1803 年 8 月致基思的信指出，兰德加德至索思沃尔德一带海岸容易登陆，警报传播或误导可能改变部队去向，附近还有大量可征用羊群。这类材料把“英国人会烧掉所有补给”还原成一个必须组织、执行并可能失败的过程。,数字段未出现形式引注；相邻注释或作者计算可能有效，待人工核定
02b_英国海权与和平_舰队海峡与帝国.md,330,### 8. 伦敦陷落，与英国行省化之间还有一场战争,法国还须支付大陆机会成本。1805 年大军从布洛涅转向多瑙河，从 8 月下旬起算，到 10 月 7 日到达多瑙河约四十二至四十六天，到 10 月 20 日乌尔姆受降约五十五至五十九天。若同一支军队正在肯特、围攻伦敦或等待海上撤回，它就不能同时出现在乌尔姆。这个时间关系不保证奥地利一定开战，却排除了“同年免费完成登陆英国并复制乌尔姆胜利”的叙事。,数字段未出现形式引注；相邻注释或作者计算可能有效，待人工核定
02b_英国海权与和平_舰队海峡与帝国.md,344,### 1. 爱尔兰人并未等在岸边，等待法国替他们决定未来,1803 年埃米特起义也暴露情报和组织问题。流亡者希望得到法国资源，法国依赖流亡者了解岛内，双方都有高估可动员力量的诱因；但不能因此宣称每名流亡者必然说谎，或任何时点的法国判断必然偏高。更可靠的做法是比较许诺、组织名册和实际行动。,数字段未出现形式引注；相邻注释或作者计算可能有效，待人工核定
02b_英国海权与和平_舰队海峡与帝国.md,350,### 2. 承诺二万当地起义者，不等于已有二万成军,可是实际爱尔兰军团的初期规模很小。1803 年 12 月约四十九名军官、十三名士兵；1804 年 1 月另一点名约四十三名军官和一名士官；10 月约六十六名军官、二十二名士兵；1805 年 7 月约五十二名军官、二十五名士兵。不同点名表的分类和日期有差异，但共同显示它更接近流亡军官组织，而非已经拥有数千老兵的起义骨干军。,数字段未出现形式引注；相邻注释或作者计算可能有效，待人工核定
02b_英国海权与和平_舰队海峡与帝国.md,354,### 2. 承诺二万当地起义者，不等于已有二万成军,1803 年都柏林某次行动中出现约八十人的数字，同样不能当作全国潜力上限。地方成败、组织准备和时间窗口必须分别解释。,数字段未出现形式引注；相邻注释或作者计算可能有效，待人工核定
02b_英国海权与和平_舰队海峡与帝国.md,366,### 3. 科克的火药厂：本地补给的机会,英国收购并扩建这座工厂，本身又说明岛内工业能力会因战争政策而变化。不能把 1790 年代初产量有限的状况，冻结为 1803—1848 年永恒不变的技术命运。,数字段未出现形式引注；相邻注释或作者计算可能有效，待人工核定
02b_英国海权与和平_舰队海峡与帝国.md,372,### 4. 英国在爱尔兰的防御，既比名册复杂，也比纯粹占领更深,爱尔兰义勇军则是另一套组织，约从六万余扩到 1803 年八万上下，其新教优势通过地方招募筛选等制度维持。它们有地方知识与动员能力，也有宗派暴力和纪律问题。把这些单位全部等同正规野战军，会高估英方战场兵力；将其视为法国登陆后自动消散的名单，又会低估占领难度。,数字段未出现形式引注；相邻注释或作者计算可能有效，待人工核定
02b_英国海权与和平_舰队海峡与帝国.md,374,### 4. 英国在爱尔兰的防御，既比名册复杂，也比纯粹占领更深,1811 年民兵互调法允许在一定比例内让大不列颠与爱尔兰民兵相互服役，并有自愿转入的赏金安排；爱尔兰一侧约三分之一、大不列颠相应类别约二分之一的限制，又有入侵、叛乱等情形的例外。持续法国威胁不必使此种法律必然失败，也可能成为政府要求扩大调用的理由。具体效果取决于招募条件和政治妥协，而非单向推断。,数字段未出现形式引注；相邻注释或作者计算可能有效，待人工核定
02b_英国海权与和平_舰队海峡与帝国.md,390,### 5. 革命宣言保护财产，未许诺把地主土地分给穷人,天主教教区网络则为全国性群众政治提供组织资源。奥康奈尔 1820 年代以小额“天主教租金”捐款动员，显示教士、地方名册与便士级筹资能够把分散人口组织起来。法国式政教安排可能争取教会合作，却不保证教会必然完全被收编；英国资助的梅努斯神学院也说明，教育与教士培养并不是法国独占的影响渠道。,数字段未出现形式引注；相邻注释或作者计算可能有效，待人工核定
02b_英国海权与和平_舰队海峡与帝国.md,396,### 6. 爱尔兰的财政价值，不能只看粮食出口,这些单位不可混换。1845 年小麦与面粉约七十七万九千 quarters、燕麦约二百三十五万三千 quarters，不能直接与 1811 年的 barrels 进行倍数比较。出口规模也不代表贫困者拥有购买粮食的能力。,数字段未出现形式引注；相邻注释或作者计算可能有效，待人工核定
02b_英国海权与和平_舰队海峡与帝国.md,406,### 7. 三种终局，哪一种更接近现有证据,**主线：爱尔兰继续属于联合王国，但成为英国必须以改革和军事实力共同维持的脆弱环节。**法国保留远征威胁，可迫使英国分兵，也可能增强争取天主教精英的动力；1807 年国王的抵制又说明，威胁不会自动带来立即解放。较早改革是一条可能路径，不是预定年份。,数字段未出现形式引注；相邻注释或作者计算可能有效，待人工核定
02b_英国海权与和平_舰队海峡与帝国.md,412,### 7. 三种终局，哪一种更接近现有证据,本报告不为三者附上 0.45、0.30 之类的概率。原有概率并无可辨认的样本或校准方法，数字只会掩盖条件。排序的理由在于英国现有组织与海军优势，以及法国跨海长期维持的成本，而非民族独立“本来就不可能”。,数字段未出现形式引注；相邻注释或作者计算可能有效，待人工核定
02b_英国海权与和平_舰队海峡与帝国.md,450,### 2. 1848 年的殖民地成本争论，告诉我们什么,原模型以 1848 年非印度主要驻军约三万五千至五万、中央负担约 340 万至 540 万作为压力范围，接近这些历史量级，但不是逐殖民地预算重建的结果。海军分摊既已计入，就不能又在海军总预算外追加一次。英国陆军总数也已包含多数这些驻军，不能加两遍。,数字段未出现形式引注；相邻注释或作者计算可能有效，待人工核定
02b_英国海权与和平_舰队海峡与帝国.md,456,### 3. 热带驻军的死亡成本，不能被人头数遮住,"若以一万名白人和五千名黑人驻军作一个假定组合，仅按这些历史区间便可能每年需补充约 935—1,413 名死亡损失，还未计退役、失能和调防。这个试算解释为什么“在热带多放一万人”会持续吞噬兵源，不是实际某年的已核补充数。",数字段未出现形式引注；相邻注释或作者计算可能有效，待人工核定
02b_英国海权与和平_舰队海峡与帝国.md,464,### 4. 废奴不是种植园自动亏损的结果,1833 年《废奴法》也须准确描述。它规定 1834 年 8 月起实施主要安排，六岁以上许多被奴役者先转为“学徒”，并非当日全部成为自由雇佣劳动者。农业与非农业原订过渡期限不同，后来学徒制于 1838 年提前结束。二千万英镑补偿主要支付给奴隶主，而不是被奴役者。,数字段未出现形式引注；相邻注释或作者计算可能有效，待人工核定
02b_英国海权与和平_舰队海峡与帝国.md,476,### 5. 加拿大、澳洲与贸易替代的具体边界,美国 1812 年战争也不是替代世界必须照演的固定章节。海上搜查、强征海员、贸易敕令和边疆冲突各有作用；若英国较早与法国和平，其中一些摩擦会减弱。若持续海战，它们则可能保留。法国减少大陆压力、让英国有更多兵力可用于北美，甚至可能改善英国在当地的军事位置，而非使其更脆弱。,数字段未出现形式引注；相邻注释或作者计算可能有效，待人工核定
02b_英国海权与和平_舰队海峡与帝国.md,492,### 6. 主权与港口使用权可以拆开谈,好望角在 1795—1803 年归英国占领，1803—1806 年回到巴达维亚，1806 年再被英国夺取，1814 年才在条约中正式取得相应主权。若法国未败，1814 年的最终转让自然不能被当作必然；但英国已经实际控制的海军交通节点，也不是法国在地图上宣布收回就会交出。,数字段未出现形式引注；相邻注释或作者计算可能有效，待人工核定
02b_英国海权与和平_舰队海峡与帝国.md,514,### 7. 一个法国胜利的世界，不会照搬真实的 1848 年殖民地图,锡兰的土地制度和税收同样提醒我们，帝国秩序不是只在欧洲首都之间运行。1840 年土地规定要求证明权属，可能损害习惯性权利；1848 年道路劳动或折纳税负成为不满来源之一。一个法国霸权更强的欧洲，不会使这些地方冲突自动消失。英国仍须在财政抽取、地方合作与镇压费用之间选择。,数字段未出现形式引注；相邻注释或作者计算可能有效，待人工核定
02b_英国海权与和平_舰队海峡与帝国.md,520,### 8. 西属美洲：英国首先要的是入口，不一定是立即改旗,这一后来文件不能直接证明 1807 年英国已持完全相同政策。它揭示的是一种可延续的利益结构：伦敦希望防止一个敌对大国把整个西属美洲变成排他的贸易与海军体系。法国若帮助西班牙稳住美洲，同时容许一定开放贸易，英国未必必须为全面独立作战；法国若以保护为名建立排他帝国，则会同时刺激英国、美国和美洲地方精英。,数字段未出现形式引注；相邻注释或作者计算可能有效，待人工核定
02b_英国海权与和平_舰队海峡与帝国.md,530,### 1803—1807：保留威胁，但不要把威胁误当完成的征服,法国真正可以改变的，不只是 1805 年舰队指挥的一道命令，更是胜利后的政策。到 1807 年，若拿破仑在大陆获得有利位置，就应减少新的王朝强制与无限封锁，不把每次英国拒绝都解释为必须再吞并一块海岸。,数字段未出现形式引注；相邻注释或作者计算可能有效，待人工核定
02b_英国海权与和平_舰队海峡与帝国.md,536,### 1807—1815：把议和窗口建立在具体承诺上,商业危机、财政压力和政策争论可能在 1811—1814 年形成新的议和机会。法国需要在西班牙合法性、贸易执行和安特卫普军事用途上提供足以被检验的承诺。英国则有理由接受法国在大陆的优势，而保留海军与本国制度。此时的和平是双方目标被限定后的结果，不是英国国家被摧毁的结果。,数字段未出现形式引注；相邻注释或作者计算可能有效，待人工核定
02b_英国海权与和平_舰队海峡与帝国.md,544,### 1815—1830：和平是法国海军最重要的训练场,法国到 1830 年在舰体上接近英国，具有条件可行性；在每一个海区、每一种舰种和每一段航路上同时追平，则并无同样依据。若英国发现法国正把和平变为下一次入侵的准备，它会增加编制和寻找伙伴。维持和平要求法国海军成长与有限政治目标相配套。,数字段未出现形式引注；相邻注释或作者计算可能有效，待人工核定
02b_英国海权与和平_舰队海峡与帝国.md,556,## 十、最终裁决：海峡不必消失，法国也可以赢,英国在这样的欧洲中，仍会是海上强国、工业中心和法国的外交竞争者。法国可能在 1830 年前后接近英国的主力舰体规模，在 1848 年前形成较强区域海权；英国全球航路与持续部署优势大体仍存。这个结论比“法国终将完全取代英国”狭窄，却更有历史支撑。,数字段未出现形式引注；相邻注释或作者计算可能有效，待人工核定
02b_英国海权与和平_舰队海峡与帝国.md,562,## 附表一　贸易危机的年度底数,下表连续列出年度资料，让危机年份与一般年份相互对照。单位为百万英镑、旧官方估价，包含相应系列的转口成分，不与正文申报现价或本国产品出口表混算。美国 1811 年按马歇尔原表校正；1813 年原序列缺数，不插值。少量尾数采用后续工作簿的三位小数，未宣称整表每一格均已回到原始海关账重新核对。,数字段未出现形式引注；相邻注释或作者计算可能有效，待人工核定
03_大陆诸国.md,5,# 第四章　从莱茵河到涅瓦河：法国胜利之后，欧洲仍有别人的国家,以下采用一个明确的主线：1807年提尔西特会议后，法国保住已经取得的西中欧优势，从此停止把每一项不完全服从都解释为下一次吞并的理由。1808—1814年的史实用于观察各国的能力与反应，不自动作为这个世界仍会发生的事件。尤其是1809年奥地利再战、1810年法奥联姻、1811年皇子出生、1812年俄国远征，都必须重新说明成立条件。胜利首先改变战争发生的机会；它并不让历史日期照常到来，只让胜负颠倒。,数字段未出现形式引注；相邻注释或作者计算可能有效，待人工核定
03_大陆诸国.md,11,### 沙皇身后的贵族、商人和宫廷,1801年保罗一世被杀，给儿子留下的教训并不只是宫廷里藏有刺客。俄国皇帝虽然拥有广泛的法律权力，仍要通过贵族、军官和地方地主治理。对英贸易一旦断裂，受损的不只是港口商人，也包括出售麻、木材、脂油与粮食的地主，以及依赖贸易信用的国库。,数字段未出现形式引注；相邻注释或作者计算可能有效，待人工核定
03_大陆诸国.md,17,### 沙皇身后的贵族、商人和宫廷,亚历山大同样不是一个从1807年起便单线筹划复仇的人。他利用法俄和解取得芬兰，在多瑙河问题上扩大影响，也认真试探过波兰人的立场。他的政策既含戒惧，也含机会主义；把他的全部行为化约为“迟早背叛”，会抹去法国真正能够改变的条件。,数字段未出现形式引注；相邻注释或作者计算可能有效，待人工核定
03_大陆诸国.md,21,### 沙皇身后的贵族、商人和宫廷,波兰方面没有给出他所需的合作承诺。1812年4月1日，亚历山大承认此前来信没有给他足够成功希望，因而没有采取行动。这段往来最有力的结论不是俄国先发制人的计划“虚假”，而是它有条件：波兰转向、普鲁士走廊和军事机会要同时出现。法国维护一个有生存希望的波兰伙伴，确实能够提高俄国进攻的门槛；法国把波兰消耗至无以为继，则会为俄国提供另一种入口。,数字段未出现形式引注；相邻注释或作者计算可能有效，待人工核定
03_大陆诸国.md,35,### 封锁没有给俄国装上一只必然破产的钟,原工程以出口依赖、英国市场份额、中立贸易保存率、替代销售与价格折扣构造过损失包络：在中立许可仍有效的分支，出口庄园的直接毛现金损失约为0.5%—16.7%；在封锁真正加严的分支，为7.2%—41.3%。其中心设值约为5.3%和22.8%。这些数值有助于展示政策方向，却没有庄园抽样权重，不是全国贵族损失均值，也不是统计置信区间。最朴素的一点反而最重要：若正常合法贸易获准继续，模型中纯粹由这项封锁引起的损失可以归零。,数字段未出现形式引注；相邻注释或作者计算可能有效，待人工核定
03_大陆诸国.md,57,### 信用、港口与改革：法国还有比威胁更有用的工具,这里也出现过有具体规模的制度试验。1804年敖德萨贴现银行资本约75万卢布，处理双背书票据并按约6%年息放款；保险公司后来失败，商业法院却更持久。1817年获准、1819年实施的自由港，又是一个有边界的港口安排，不是全俄实行自由贸易。法国可以支持同类通航与商业规则，但无需预定史实1828年俄土战争及1829年同一条约必然发生。,数字段未出现形式引注；相邻注释或作者计算可能有效，待人工核定
03_大陆诸国.md,71,### 和平的价格：让俄国重新强大,这里既有希望，也有一笔无法掩藏的代价。若法国避免了西班牙灾难，其军力更完整，俄方更有理由谨慎；但法国也更少受到迫使自己让步的压力。涅谢尔罗迭1811年的判断部分建立在半岛战争消耗法国这一背景之上，故不能把他当年的要价照搬为1807年即可成交的合同。,数字段未出现形式引注；相邻注释或作者计算可能有效，待人工核定
03_大陆诸国.md,87,### 兵额首先是一个口径问题,被服更加吃紧。开战时备用军服只够野战军约四分之一；既有订单尚缺约34万米布，战时又提出约240万米追加需要。工厂、羊毛和运输链没有随着征兵命令同比扩张。这样的军队适合在本土纵深里持续补充，却不适合把全部名册人数一次送往两千公里外，还保持法国式的集中速度。,数字段未出现形式引注；相邻注释或作者计算可能有效，待人工核定
03_大陆诸国.md,91,### “停在双河线”为什么仍是一场长战争,把1812年远征改写为法军停在德维纳河—第聂伯河一带，是一个有军事理性的备选：缩短补给线、保住马匹、减少在莫斯科等待和平的风险。但它没有自动解决政治目的。法国若只是占住边境几省，亚历山大仍可能退让空间而保留军队；法国若在这些土地上宣布一个拥有上千万人口的完整波兰国家，又会把俄国精英对边疆损失的恐惧提高到生存层面。,数字段未出现形式引注；相邻注释或作者计算可能有效，待人工核定
03_大陆诸国.md,97,### “停在双河线”为什么仍是一场长战争,"俄军也会被冬天摧毁。库图佐夫1812年12月19日报告，塔鲁季诺时的97,000人中，48,000在医院，在列只剩42,000。这个例子否定了“冬天只替俄军作战”的神话，却同时解释俄国何以能续战：主力的干部骨架尚存，新的征兵和其他战区释放的部队可以在1813年补入。法国若没有消灭这套再生能力，有限战争最容易得到的是一段休战，而不是可维持四十年的臣属关系。",数字段未出现形式引注；相邻注释或作者计算可能有效，待人工核定
03_大陆诸国.md,99,### “停在双河线”为什么仍是一场长战争,**军事上的结论有三个层次。** 第一，俄国可以在会战中被击败。第二，法国有可能迫使它在某一轮战争后接受不利和约。第三，要使俄国至1848年都无力改变欧洲均势，需长期破坏其自主动员、军工与外交，这已超过一次有限远征的能力。前两项不推出第三项。,数字段未出现形式引注；相邻注释或作者计算可能有效，待人工核定
03_大陆诸国.md,103,### 到1848年：没有神圣同盟的俄国，仍有俄国的大国政治,法国胜利会删除1815年那种以战胜拿破仑为共同记忆的神圣同盟，却不会删除俄国的保守宫廷、军官精英和宗教政治。它可能形成一个较偏东方的自主大国集团，在波兰、奥斯曼、波斯与高加索事务中继续行动。其对西中欧的大规模干预，需要盟友通道、现金与补给；法国若维持德意志体系完整，俄军直接深入莱茵河的成本将很高。,数字段未出现形式引注；相邻注释或作者计算可能有效，待人工核定
03_大陆诸国.md,107,### 到1848年：没有神圣同盟的俄国，仍有俄国的大国政治,长期的可信形态是：俄国在邻近战区仍很危险，在全欧投送上受财政和运输制约；逐步工业化会增强部分军工，农奴制和低效行政又会拖慢扩张。没有足够依据给它规定一个固定的八十万实有常备军，更没有理由把1850年代的技术落后机械提前到某一年。本章判断的是能力结构：**法国的东界应由缓冲国、外交互制与自己的军事实力守住，而不是以俄国永不恢复的假设守住。**,数字段未出现形式引注；相邻注释或作者计算可能有效，待人工核定
03_大陆诸国.md,115,### 国家重建不是一张空白地图,这项张力是复国方案的核心。法国需要地主合作征粮征兵，地主需要国家保护财产，农民则承担了战争和产权重整的大部分成本。以法典名义废掉旧身份，不会让整个乡村立即成为共和国式的公民社会。另一方面，波兰贵族也不是统一的反改革集团：1812年前后，有人援引1791年五三宪法，有人更赞成法律平等与中央官僚体制，分歧在于如何避免重回瓜分前的政治失能。,数字段未出现形式引注；相邻注释或作者计算可能有效，待人工核定
03_大陆诸国.md,123,### 一份预算胜过一百句“波兰会支持法国”,"法国并非从未给予帮助。它承担过八千名波军的供养，1810年减免约435万法郎印花等债权，并削减盐、军服与火炮款项；1811年的国际借款名义发行1,200万法郎，实际发行7,795张千法郎债券，凭盐矿收入等担保。可是减免应收、承担特定部队军饷、提供借款担保，并不等同于持续现金补贴。",数字段未出现形式引注；相邻注释或作者计算可能有效，待人工核定
03_大陆诸国.md,125,### 一份预算胜过一百句“波兰会支持法国”,"反向的索取更为根本。1808年巴约讷安排，把原普鲁士债权以两千万法郎价格转给公国，需要它自行向已经缺钱的债务人收取。名义上得到资产，实际上增加近期付款压力。1810年重整后，约19,631,500法郎仍须分期偿付。旧债、新债、驻军供养、实物征粮与筑垒支出叠加，便形成“最愿意出兵的伙伴最缺养兵现金”的悖论。",数字段未出现形式引注；相邻注释或作者计算可能有效，待人工核定
03_大陆诸国.md,131,### 一份预算胜过一百句“波兰会支持法国”,"立陶宛的筹军经历使这个判断更具体。萨皮耶哈1812年7月27日直言，因为缺钱与物资，组织十四个团不现实；多数征募委员会到八月下半月才开始工作。七月十六日提出的五十万法郎拨款请求，八月二十四日获准，九月十三日才实际拨到。十二月初五个步兵团、四个骑兵团约12,500人，加入志愿队和其他编队的广义武装逾两万人；后者包含前者，不能再相加。这里缺少的不是“爱国热情”，而是现金、军官、衣服、枪械与时间。",数字段未出现形式引注；相邻注释或作者计算可能有效，待人工核定
03_大陆诸国.md,141,### 为什么不宜立即恢复“全部旧波兰”,"原工程以历史军额为参照，给约320万—450万人口的国家设过常备35,000—55,000人、短期冲刺90,000—130,000人的规划带。它不是人口一乘系数就可兑现的供兵合同。较可信的政策下沿是常备军约占人口1%左右，战时动员可以更高，但须有外部现金、军械和明确役期；让法国的东方缓冲国把和平财政全部吃进兵营，会削弱缓冲本身。",数字段未出现形式引注；相邻注释或作者计算可能有效，待人工核定
03_大陆诸国.md,145,### 为什么不宜立即恢复“全部旧波兰”,1830年的会议王国提供一个重要反例：卢贝茨基的财政整顿、1825年土地信贷会、1828年波兰银行，能够与政治不满同时增长。改善财政不会自行消灭对军队受辱、宪法失信与外派作战的恐惧。法国要维持波兰忠诚，需保存它的国家身份、出口收入和军队尊严；把它改成普通法国省，反会摧毁最亲法伙伴支持法国的主要理由。,数字段未出现形式引注；相邻注释或作者计算可能有效，待人工核定
03_大陆诸国.md,168,### 1811年的纸币削值，消灭不了哈布斯堡,资料：Roland Axtmann，1991年博士论文财政附录，印页259—265，转录Beer，1877年，第390—392页。支出不含偿还本金与纸券回收；收支差额不等同当年新增债务。,数字段未出现形式引注；相邻注释或作者计算可能有效，待人工核定
03_大陆诸国.md,172,### 1811年的纸币削值，消灭不了哈布斯堡,1810年裁军时，维也纳保留了军官、技术人员、休假兵与团的组织骨架；1812年能派三万人的独立辅助军团，1813年又能扩编。现有研究转引给出约29.8万充分编组、24.5万野战军的规模，尚非本工程直接核查的团级军籍，但已经足以反驳“财政破产使奥地利几十年再无军事选择”。,数字段未出现形式引注；相邻注释或作者计算可能有效，待人工核定
03_大陆诸国.md,178,### 法国为何很难靠民族解放拆掉奥地利,"匈牙利贵族在全国人口中只是少数，却通过议会和郡政掌握征税、临时补助与贵族动员。1809年的贵族动员实际包括约17,266骑兵、20,361步兵，合计37,627人；它不全由贵族本人组成，也不是一支平时已有永久军官、仓库和完整训练的现代预备军。法国传单若绕过这些机构，便很难把同情转化为税粮与军队。",数字段未出现形式引注；相邻注释或作者计算可能有效，待人工核定
03_大陆诸国.md,182,### 法国为何很难靠民族解放拆掉奥地利,波希米亚的证据更需收紧。1809年九月拿破仑给尚帕尼的照会谈过把莱特梅里茨、萨茨、埃尔博根三个行政圈割给萨克森，并明确说，提出波希米亚要求也为了让对方相信法国已与俄国谈妥。它证明边境分割确在谈判桌上，不证明已经批准了一个完整的波希米亚民族王国，更不证明全省改设法国行政区已有人员、预算与当地支持。,数字段未出现形式引注；相邻注释或作者计算可能有效，待人工核定
03_大陆诸国.md,190,### 较持久的法奥交易,主线若从1807年起克制，1809年战争较可能被推迟或避免，但并无必然性。英国的资助、维也纳的复仇期待、法军在其他战区的部署，仍会影响决策。若避免1809年，奥地利保住的领土与经济资源更多，法国对它的政治控制也更弱；若1809年仍打而法国再次取胜，法国可以选择条约修复、伊利里亚交换与有限军役。两条路径都能通向合作，却不可把前一条的和平收益与后一条的领土削弱同时算给法国。,数字段未出现形式引注；相邻注释或作者计算可能有效，待人工核定
03_大陆诸国.md,196,### 到1848年，奥地利会向哪里生长,"和平使奥地利有机会恢复税收、信用和有限工业投资。以1802—1808年的收入作参照，原工程给1815以后提出每年约5,000万—8,000万银值盾收入、2,500万—4,500万军费的规划区间；这是一项“和平、贸易通达、不再反复赔款”条件下的估计，不是已经存在的1815年结算表。",数字段未出现形式引注；相邻注释或作者计算可能有效，待人工核定
03_大陆诸国.md,200,### 到1848年，奥地利会向哪里生长,改革迟滞与民族政治也仍在。王朝若只保护地主，农民不满会累积；若全面攻击地方特权，又可能把各省精英推向联合反对。故到1848年前后，较可信的主线是保存王朝、扩大有限代表机制、处理农民义务；次选是多省同时危机而由军队与阶层重新结盟维持。法国可以提供外交支持，却必须面对一个逐渐恢复议价能力的伙伴。**奥地利越能长久合作，就越不是法国可以任意处置的省。**,数字段未出现形式引注；相邻注释或作者计算可能有效，待人工核定
03_大陆诸国.md,208,### 消灭霍亨索伦，也要有人接收普鲁士,"军事限制为42,000人，并有十年期限。轮训让更多人获得训练，却没有凭空藏出十五万装备齐全的秘密大军；约三万五千至四万轮训储备的估量也应与现役、短训人员和完整后备编制区分。1812年法普军约规定20,000人的辅助军和60门炮，条约责任又不能当作整个战役始终足额的实兵。",数字段未出现形式引注；相邻注释或作者计算可能有效，待人工核定
03_大陆诸国.md,214,### 消灭霍亨索伦，也要有人接收普鲁士,俄国的态度也是成本。1807—1808年，普鲁士边界仍有一定交易空间；至1811年，涅谢尔罗迭把确保其政治存在视为核心事项，因为它不是法国进攻俄国的前卫，就是俄国抵制法国的前卫。法国若在安抚沙皇的同时消灭普鲁士，须拿出足够安全补偿；若把地土大部分交给波兰，补偿更难成立。故本章优先保留一个受限但有终局边界的普鲁士，而不是不断再割一片、不断再制造下一轮危机。,数字段未出现形式引注；相邻注释或作者计算可能有效，待人工核定
03_大陆诸国.md,218,### 改革不会自动等于1813年,"1807年哈登贝格的里加备忘录提出君主制内部采用民主原则，问题意识之一是如何避免完全依赖外国。这里有防御性现代化的真实动力，但改革并不等于自由民主，也不等于人民战争自然出现。庄园法院、贵族权利和代表制度都经历长期争执；1807年建议的45,000步兵、25,000骑兵、80,000后备，属于计划而非实员。",数字段未出现形式引注；相邻注释或作者计算可能有效，待人工核定
03_大陆诸国.md,228,### 普鲁士还会强于奥地利吗,**提尔西特后克制的主线，倾向于奥地利整体强于普鲁士。** 普鲁士失去1806年前的大量领土，又得不到1815年历史上的莱茵—威斯特法利亚扩张；奥地利若保存波希米亚、摩拉维亚、匈牙利和大部分加利西亚，在人口、财政深度与多战区养兵上更有优势。原工程为残余普鲁士推至1848年所得约620万—810万人口、常备约5.6万—9.7万人，是设定净增长和动员率的规划区间，不能当作观测预测。,数字段未出现形式引注；相邻注释或作者计算可能有效，待人工核定
03_大陆诸国.md,232,### 普鲁士还会强于奥地利吗,**如果较早的法英和解使普鲁士避免耶拿—提尔西特式削弱，答案便更开放。** 完整普鲁士拥有更大税基，可能争取北德主持权。法国还可能利用它制约奥地利，也会利用南德制约它。此时没有理由断言奥地利直到1848年一直压倒普鲁士，但也没有理由让普鲁士自动获得史实1834年的关税领导权。,数字段未出现形式引注；相邻注释或作者计算可能有效，待人工核定
03_大陆诸国.md,242,### 王冠与土地，比民族口号更能解释忠诚,"到1808年，邦联共有约39邦、1,400万人口，承诺兵额约126,000人。这里的承诺仍不等于某一战场实际到齐。1812年巴伐利亚约33,000人参加俄国远征，符腾堡约15,800人出发而仅约300人归来，是比名义配额更能影响宫廷和乡村政治的代价。",数字段未出现形式引注；相邻注释或作者计算可能有效，待人工核定
03_大陆诸国.md,246,### 王冠与土地，比民族口号更能解释忠诚,这使法国的长期政策相当清楚：维持领土保证，避免毁灭性远征损失，不吞并伙伴，不把每次财政缺口变成追加军役。所谓每年动员约人口1%之类数字只能作审慎的规划探针，缺少可估计的统一社会忍耐阈值。把某个模型范围写成“血税不超过这个数，盟友就永久忠诚”，只是用精确小数替代政治分析。,数字段未出现形式引注；相邻注释或作者计算可能有效，待人工核定
03_大陆诸国.md,254,### 改革为什么既增强国家，也保留旧社会,蒙热拉的部制、职业官僚、宗教宽容、教产世俗化和内部关卡整顿，并不完全由拿破仑从外部植入；部分改革思想早在1796年的安斯巴赫备忘录中已有。符腾堡的国王本人主导中央集权，巴登则选择性引入民法典。共同点不是全都变成法国，而是用多种办法建立更能征税、征兵和管理土地的国家。,数字段未出现形式引注；相邻注释或作者计算可能有效，待人工核定
03_大陆诸国.md,256,### 改革为什么既增强国家，也保留旧社会,世俗化也没有给这些国家送来无尽现金。韦斯估计巴伐利亚取得的世俗化净收益约370万盾；若把养老金、堂区再拨和修院债务算进去，经常性收益并不丰厚。1812年前变卖不动产约两千万盾是一次性流量，与1804年约1.07亿、1811年约1.18亿盾国债相比，足见财政压力。一次卖掉土地与以后每年都能收税，是两件事。,数字段未出现形式引注；相邻注释或作者计算可能有效，待人工核定
03_大陆诸国.md,260,### 改革为什么既增强国家，也保留旧社会,蒂罗尔展示了整合的限度。1806—1808年的加税、1808年特别地位取消和普遍兵役，加上宗教政策，促成1809年起义，后由法、巴伐利亚、萨克森和意大利部队重新镇压。约瑟夫二世较早的类似改革也曾激起强烈反弹，奥地利1814年重得蒂罗尔后又没有把巴伐利亚全部改革撤销。因此，这既是法国体系的政治失败，也是中央国家与地方特权共同体的冲突，不能只用民族仇恨解释。,数字段未出现形式引注；相邻注释或作者计算可能有效，待人工核定
03_大陆诸国.md,268,### 邦联要不要一个中央政府,到1820—1840年代，南德经济合作会有自身动力。史实1828年巴伐利亚—符腾堡关税同盟说明，即便没有普鲁士推动，中等邦国也会寻求较大的市场。法国若继续用关税墙保护本国、让盟邦承担封锁，它们便会在法国体系内部另建次级经济圈；法国若逐步开放，相互依存才可能由军役合同长成和平利益。法国必须在保护本土厂商与保住盟友增长空间之间作真实取舍。,数字段未出现形式引注；相邻注释或作者计算可能有效，待人工核定
03_大陆诸国.md,280,### 同一邦联里，几种完全不同的国家,法兰克福在达尔贝格主持下也引入新制度，却缺少足以强迫南德诸王接受邦联中央机构的力量。它的法定兵额约2800，研究所说近7000为累计供兵；梅克伦堡两邦法定配额约2300，另有1812年实际出兵约1700的后出资料，两者不属同一时点的全国军籍。这里保留数字的尺度，不把小邦承诺加总成始终在营的大军。,数字段未出现形式引注；相邻注释或作者计算可能有效，待人工核定
03_大陆诸国.md,290,### 贝格想要加入，巴黎却不肯平等,据格拉布，贝格出口从封锁前约六千万法郎降到1811年约一千一百万。这类总数的年度与估值方法须保留作者口径，但方向与商会冲突相互印证。丧失的生产也不一定等额流入法国口袋；企业停产、资本闲置和消费者变贵，可以是双方共同损失。,数字段未出现形式引注；相邻注释或作者计算可能有效，待人工核定
03_大陆诸国.md,294,### 贝格想要加入，巴黎却不肯平等,"威斯特法利亚六年征兵约七万人、另有约三万志愿或其他入伍口径，不能简单当作无重复的十万服役者；赴俄约22,000人、返回约1,500的灾难则足以改变其国家前景。多恩贝格1809年起义很快被本国忠于王朝的正规军击败，说明抵抗不会自然长成全国革命；但1813年法国主力失败和撤出以后，地方反对才得到新的政治机会。军队在场可以维持秩序，不等于民众已经认可王朝。",数字段未出现形式引注；相邻注释或作者计算可能有效，待人工核定
03_大陆诸国.md,300,### 汉堡：征税什么时候变成毁坏税源,"汉萨三省1812年预计毛税合计约3,879万法郎，一次罚款便高于这个目标。比较只能说明惩罚强度，因一项是城市的一次性名目摊派，另一项是三省全年预期税收；二者不是同口径财政收益率。无论如何，银行白银被征走，商业信用和清算网络也随之受损。法国得到眼前现金，损失的却可能是未来多年借款与贸易。",数字段未出现形式引注；相邻注释或作者计算可能有效，待人工核定
03_大陆诸国.md,308,### 荷兰：成熟金融社会不是可随意削减的年金账,拿破仑1810年七月二十五日问莫利安，荷兰须缴多少税才能覆盖债务、养老金、行政、防务与造船。他列战争一千万盾、海军六百万盾，再加偿债，合计约六千万法郎的年度需要。这是皇帝提出的目标，不是已经收到的钱。他同时召见前荷兰财政大臣戈赫尔，并在给勒布伦的信中承认荷兰行政“比我们的更节约”。因此，兼并的主要理由不是荷兰完全没有治理能力，而是巴黎不满意它在封锁和军役上的自主选择。,数字段未出现形式引注；相邻注释或作者计算可能有效，待人工核定
03_大陆诸国.md,312,### 荷兰：成熟金融社会不是可随意削减的年金账,"史实约15,000人的常驻法军可以压住西荷兰；1813年撤军以后，统治很快瓦解。这不能证明任何软化政策下荷兰永久净亏，也不能证明镇压在所有未来局势都必然成功。它证明的是，**以削债、强征和封锁为核心目的的兼并，会不断制造需要驻军维持的成本。** 如果法国愿意保护债权、降低征兵、容许中立贸易，政治整合可以改善；但这些让步正是重新接近一个有自主性的荷兰伙伴。",数字段未出现形式引注；相邻注释或作者计算可能有效，待人工核定
03_大陆诸国.md,314,### 荷兰：成熟金融社会不是可随意削减的年金账,主线从1807年止步，便不应预设路易1810年仍被废黜、荷兰仍按史实削债。更好的选择是让王国保持本国财政和商业谈判能力，以防务、船厂合作与有限海关承诺换其效忠。法国还须接受殖民地和全球航运并非随着欧洲王位归属自动回归巴黎。,数字段未出现形式引注；相邻注释或作者计算可能有效，待人工核定
03_大陆诸国.md,320,### 瑞士：不吞并，反而已经得到许多,"条约兵额不是法国随时可以在瑞士抽取的16,000人，补充营与实际招募也须分别看；但其结构十分重要：兵员成为有条件、付费的国家间合作，不是法国省的征兵义务。瑞士自己的联邦军额15,203人、年度联邦经费490,507瑞郎等，属于调停法定额；它们说明共同机构较薄，不意味着各州所有财政和防务开支只有这一点。",数字段未出现形式引注；相邻注释或作者计算可能有效，待人工核定
03_大陆诸国.md,324,### 瑞士：不吞并，反而已经得到许多,瑞士最有力的长期启示不在“山地必使法国失败”，而在可达目标的选择：在不取消地方共同体的情况下，法国已经能得到交通安全、兵员、边境稳定和排除敌对基地。继续向主权和税兵伸手，收益未必覆盖新敌意。1847年独立同盟战争及1848年联邦宪法可以用来说明地方制度也会自我改革，却不应把具体日期、死伤和结局原封不动搬入法国胜利的时间线。,数字段未出现形式引注；相邻注释或作者计算可能有效，待人工核定
03_大陆诸国.md,340,### 丹麦的忠诚为何越来越昂贵,丹麦纸币发行膨胀、币值下跌，1813年一月五日实行六比一的货币重组；新银行、发行上限与不动产担保构成重建安排。法国若只要求这个盟友更严封锁、更高供兵，而不帮助解决航运和粮食，其忠诚会变成一种持续消耗本国社会的选择。,数字段未出现形式引注；相邻注释或作者计算可能有效，待人工核定
03_大陆诸国.md,342,### 丹麦的忠诚为何越来越昂贵,所以，较优的北欧政策不是再添一份严格通牒，而是许可粮食与中立贸易，降低对瑞典名义参战的实际要求，把丹麦需要的生存通道从忠诚考核中剥离。主线若1807年以后即转向此法，既不能保证哥本哈根袭击一定避免，也不必让1813年的金融崩溃与1814年的领土转让照常发生；应保留英国的独立决策，以及丹麦获得和平减压的可能。,数字段未出现形式引注；相邻注释或作者计算可能有效，待人工核定
03_大陆诸国.md,350,### 贝尔纳多特要挪威，不只是要回芬兰,1814年基尔条约把挪威规定为与瑞典联合的王国，而非普通行省，并把格陵兰、法罗和冰岛排除在转让之外。更关键的是，挪威人没有把王室条约当作自身政治选择的终结；宪法与分立机构成为最后安排的重要部分。这里不能把挪威写成任由巴黎、哥本哈根或斯德哥尔摩转交而毫无反应的物件。,数字段未出现形式引注；相邻注释或作者计算可能有效，待人工核定
03_大陆诸国.md,352,### 贝尔纳多特要挪威，不只是要回芬兰,法国胜利世界的优先判断是：如果丹麦未遭史实1813年的军事崩溃，丹挪联合继续存在、同时挪威要求更大自治，较整套照搬基尔安排可信。瑞挪联合仍是条件备选，须以法国改换伙伴、丹麦战败或补偿协议成立为前提；完全独立缓冲国也有逻辑空间，但需要列强同时接受，证据较弱。,数字段未出现形式引注；相邻注释或作者计算可能有效，待人工核定
03_大陆诸国.md,358,### 芬兰提供的不是免费模板,芬兰模式说明，保留制度、优待精英和低度汲取可以减轻统治成本；它不证明征服者可同时大幅抽税征兵而得到相同忠诚。法国若欲复制，须愿意为安全付钱而非从新领土赚钱。主线虽然允许芬兰战争仍有可能发生，却不把它视为必然；一旦1809式安排成立，俄国有充分理由维持，而法国没有值得再开大战将之推翻的净利益。,数字段未出现形式引注；相邻注释或作者计算可能有效，待人工核定
04_西班牙与意大利.md,5,# 第五章　不要让盟国变成战场：伊比利亚、意大利与罗马,本章仍以1807年七月后的停止扩张为主线。因此，葡萄牙瓜分、法军大规模穿越西班牙、巴约讷废立、约瑟夫迁往马德里、缪拉继位那不勒斯，都不是预先写好的下一幕。1808年以后实际发生的事情，是检验制度、利益和战争成本的证据，不是另一个世界必须逐项重演的年表。,数字段未出现形式引注；相邻注释或作者计算可能有效，待人工核定
04_西班牙与意大利.md,11,### 在国王还没有消失的时候,1808年的西班牙不是一间本来空着、等待法国接管的房子。它有王朝、议会传统、官僚、主教、地方特权和跨大西洋的财政网络；它们相互冲突，却在法国废黜王室后，突然共同面对一个更紧迫的问题：谁还有资格发号施令？,数字段未出现形式引注；相邻注释或作者计算可能有效，待人工核定
04_西班牙与意大利.md,13,### 在国王还没有消失的时候,法国同西班牙从1796年结盟，到1808年危机爆发，已经合作约十二年。这并不意味着民众热爱法国，或戈多伊政府拥有稳固威望；它意味着反法战争并非同盟存在本身的必然后果。把1808年的抵抗向前投射，断言西班牙人天生拒绝一切法国影响，会抹掉这十二年，也会误判拿破仑尚未毁掉的政治资产。,数字段未出现形式引注；相邻注释或作者计算可能有效，待人工核定
04_西班牙与意大利.md,19,### 在国王还没有消失的时候,主线因此不应写成“1808年费尔南多照常即位，然后自动成为法国支持的立宪国王”。阿兰胡埃斯政变同法军深入、西班牙王室对迁往南方乃至美洲的考虑、戈多伊的声誉危机紧密相连。取消军事侵入，就改变了这些诱因。查理四世可能继续在位，父子之间也可能通过退位、婚姻或大臣更替重新安排权力；费尔南多最后继位仍很合理，但月份、程序和条件不再固定。,数字段未出现形式引注；相邻注释或作者计算可能有效，待人工核定
04_西班牙与意大利.md,27,### 葡萄牙的奖品，怎样变成西班牙的伤口,这里存在两个必须分开的窗口。**较早的窗口在1807年夏秋：不签署瓜分葡萄牙的安排，不建立大规模军事通道。** 这样最容易保住同盟的政治资本。**较晚的窗口在1808年春：法军已经深入，但停止废立，并以明确期限撤出关键据点。** 后者仍比巴约讷夺位有利，却要付出更多补偿、提供更强的撤军证明，也更难让西班牙人相信下一次争执不会再有新部队进入。,数字段未出现形式引注；相邻注释或作者计算可能有效，待人工核定
04_西班牙与意大利.md,29,### 葡萄牙的奖品，怎样变成西班牙的伤口,因此，本书优选的是前一个窗口，而不是一边宣布1807年停止扩张，一边让1807年十一月至1808年二月的占领按原样发生。这一处日期差别，决定了所谓温和政策究竟是事前选择，还是事后止损。,数字段未出现形式引注；相邻注释或作者计算可能有效，待人工核定
04_西班牙与意大利.md,35,### 一个有一千多万人口的王国，为何仍然缺钱,财富和征税能力之间有很长一段距离。地方特权、地方行政、教会财产、纸债折价、海上贸易的中断，使中央政府所能动用的现金远小于地图给人的印象。理查德·赫尔据1808年为拿破仑准备的财政材料列出的数字，最能说明问题。,数字段未出现形式引注；相邻注释或作者计算可能有效，待人工核定
04_西班牙与意大利.md,51,### 一个有一千多万人口的王国，为何仍然缺钱,西班牙答应的对法补贴有每月600万法郎、全年名义7200万法郎的口径。不同文献在换算为西班牙货币、计入旧欠和实际支付时并不一致。这里保留承诺与实收的区别，不用一个整齐的汇率掩平差额。政策结论已经足够明确：法国从西班牙取得的边际现金，很可能以西班牙信用进一步恶化为代价。,数字段未出现形式引注；相邻注释或作者计算可能有效，待人工核定
04_西班牙与意大利.md,83,### 教士到底有多少：一个可以解决的统计缺口,"1797年普查原表列出的俗界、男性修院、女性修院三项机构人口为91,538、61,337、31,400，机械相加是184,275；它同卡拉汉的广义总数仍有分类或汇总上的差别。因此本章采用卡拉汉已明确解释的调整数，同时保留原表的分类问题，不强行把两套广义总数说成已经完全对齐。**可以下的结论是：约14.84万宗教人员的调整估计，比不加区别的“二十万神父”更适合讨论社会力量；精确到个位的全国实有人数，则并未因此获得现代统计意义上的保证。**",数字段未出现形式引注；相邻注释或作者计算可能有效，待人工核定
04_西班牙与意大利.md,99,### 抵抗不是神话，但也不是单一的民族意志,托恩估计1808—1814年的征发超过1.52亿里亚尔，约相当于正常五年农业与工业产出的40%。分母是五年产出，绝不是“每年抽走40%”。土地税在1811—1812年度实际收到不足应收的29%，次年约10%。法军可以从八千人增至一万三千人进行清剿，却仍难把一次经过村庄变成稳定的报税和情报合作。,数字段未出现形式引注；相邻注释或作者计算可能有效，待人工核定
04_西班牙与意大利.md,105,### 抵抗不是神话，但也不是单一的民族意志,这些分歧不宜被压成一个作者替另一个作者作证的引文串。共同的最低结论是：抵抗使法军补给、治安和士气受到长期压力，但法国的最终退出还依赖正规会战、英国军队与1812年后欧洲总体军力变化。由此不能推出“只要拿破仑不进俄国，西班牙抵抗便在某年自动消失”；能推出的是，没有王朝危机与大规模征发，1808式全国战争的条件显著减弱。,数字段未出现形式引注；相邻注释或作者计算可能有效，待人工核定
04_西班牙与意大利.md,111,### 抵抗不是神话，但也不是单一的民族意志,1823年法国约5.6万军人与约3.5万西班牙保王派武装进入西班牙，没有遭遇1808年同等规模的民众抵抗。这不是一个只改变王朝合法性、其他条件完全相同的实验；欧洲局势、国内派别和战争目标都已改变。但它确实反驳一个过强的说法：法国军队一进入西班牙，社会就必然以同一种方式全面起义。**合法性、当地合作者和征发方式，能够显著改变占领成本；它们不能把占领变成没有成本的行政手续。**,数字段未出现形式引注；相邻注释或作者计算可能有效，待人工核定
04_西班牙与意大利.md,119,### 如果仍然废王：巴约讷宪章究竟提供了什么,美洲和亚洲领地获得平等权利的宣示、帝国内部种植工业与贸易的规定，以及22个海外议席；选举依靠指定城镇的市议会及地产资格，部分参与国务委员会者只有咨询票。这不是海外与半岛已经拥有同等有效代表权，也不是向一切外国开放自由贸易。第一百二十四条又把西班牙永久系于对法国的攻守同盟。,数字段未出现形式引注；相邻注释或作者计算可能有效，待人工核定
04_西班牙与意大利.md,125,### 如果仍然废王：巴约讷宪章究竟提供了什么,法国若真想让这样的王国持久，就必须尊重其财政、司法和领土完整。然而，1810年把北方地区置于直接向巴黎负责的军事政府，1812年又把加泰罗尼亚划作法国行政区，正使约瑟夫自己许诺的完整性与权威受损。王国和法国军队争夺同一税粮，国王的宪章遂被军事征服权压过。,数字段未出现形式引注；相邻注释或作者计算可能有效，待人工核定
04_西班牙与意大利.md,137,### 王朝结局：最可能是波旁改革，不是法国制造的共和国,1812年加的斯宪法尤其不能直接搬进这个世界。它产生于王位真空、战争、代表制重建及美洲主权争议。没有1808年危机，西班牙仍可能走向宪政，却未必采用同样的单院结构、同样的国民主权表述，也未必把君主同革命议会置于相同的对立位置。较可信的法国政策，是支持渐进的财政代表与法律保障，而不是指定一部尚未在该情境中产生的宪法。,数字段未出现形式引注；相邻注释或作者计算可能有效，待人工核定
04_西班牙与意大利.md,143,### 王朝结局：最可能是波旁改革，不是法国制造的共和国,在实际战争中，政府军到1837年超过二十万人，又有民兵和约一万八千名外国志愿者参与自由派一方；这些是持续战争后的动员结果，不是1807年西班牙已有的现成国家能力。法国胜利世界未必发生同一继承争端，却仍会面对一个选择：改革若只帮助大土地购买者，会制造地方反抗；完全冻结税制和产权，又会延长财政危机。可以降低冲突的不是只给堂区神父发工资，而是把教会保障、地方代表、产权争议和军饷一起处理。,数字段未出现形式引注；相邻注释或作者计算可能有效，待人工核定
04_西班牙与意大利.md,153,### 小国的中立，也是大国的一种收益,拿破仑若决定1807年后停止扩张，保留这类付费中立或经修改的港口协定，并不等于接受一个毫无约束的英国基地。可以谈判军舰停留、军需转运、港口检查和特定货物的规则。它要求法国承认，摧毁英国在每一个港口的商业存在，未必比避免整条伊比利亚战线更重要。,数字段未出现形式引注；相邻注释或作者计算可能有效，待人工核定
04_西班牙与意大利.md,161,### 王室渡海，是法国压力与英国海军共同塑造的事件,这个事件支持一个坚实判断：**法国在葡萄牙陆上获胜，并不等于捕获布拉干萨王朝及其帝国。** 它也提醒反事实写作者：若主线没有入侵，便不应继续照搬王室迁里约、1808年开放巴西港口、1810年英葡商约，以及1822年佩德罗建立独立巴西帝国的原样序列。,数字段未出现形式引注；相邻注释或作者计算可能有效，待人工核定
04_西班牙与意大利.md,169,### 一场胜利怎样替英国打开市场,1810年商约又使英国货物享有15%的优惠税率，葡萄牙货物最初为16%，同年十月才调整至相同水平。英国侨民的专门司法保护也扩展到帝国其他地区。法国想以封锁打击英国，侵略却帮助英国更直接进入巴西市场；葡萄牙商人失去转口特权，日后又把对宫廷外移的怨恨转向政治改革。,数字段未出现形式引注；相邻注释或作者计算可能有效，待人工核定
04_西班牙与意大利.md,171,### 一场胜利怎样替英国打开市场,法军也不能简单征用停泊于里斯本的任何舰队。1808年谢尼亚文的俄国舰队没有成为法国海军的现成分舰队，最终按与英国的安排交存舰只。港口当然仍有补给、修理、侦察和拒止价值；应否定的是“占领港口便自动取得制海权”，而不是把港口价值一概说成零。,数字段未出现形式引注；相邻注释或作者计算可能有效，待人工核定
04_西班牙与意大利.md,183,### 米兰的新国家不是一层空壳,部会高层除一人外皆为意大利人；52名历任省长中，贵族30人、资产阶级出身22人。最高法院设于米兰，米兰、威尼斯、博洛尼亚、布雷西亚、安科纳等地设上诉法院。意大利语行政、统一的职业路径和跨地区军役，使一个较大政治共同体进入实际生活。,数字段未出现形式引注；相邻注释或作者计算可能有效，待人工核定
04_西班牙与意大利.md,195,### 兵役可以制造国家，也可以消耗国家,约2.5万法国驻军与本国军队的维护，合计吞掉国家预算的大约一半。1802至1811年收入接近翻番，但若新增收入主要被帝国战争吸收，纳税人很难从账面增长中得到道路、治安与教育的同等改善。,数字段未出现形式引注；相邻注释或作者计算可能有效，待人工核定
04_西班牙与意大利.md,213,### 亚得里亚海一侧，也有不同的法国统治,达尔马提亚在1806—1809年由文琴佐·丹多洛主持民政时，出现了道路、法院、教育、农业试验和意大利文—克罗地亚文双语报刊等改革，也组织地方治安力量。推广马铃薯等措施与改善生活的努力，值得保留在法国统治的全景之中。,数字段未出现形式引注；相邻注释或作者计算可能有效，待人工核定
04_西班牙与意大利.md,233,### 1810年的罗马，被并入的是法国,1810年2月17日元老院法令第一条说，罗马地区成为法兰西帝国“partie intégrante”——不可分割的一部分；第六条把罗马定为帝国第二城市；第七条规定：,数字段未出现形式引注；相邻注释或作者计算可能有效，待人工核定
04_西班牙与意大利.md,255,### 最可信的意大利终局,本书主线在1807年后停止扩张，不必发生1809年法奥战争，亦不必发生1810年与玛丽·路易丝的婚姻；因此1811年那位历史上的“罗马王”是否出生，本身已有条件。即使拿破仑后来仍获亲生儿子，他给儿子安排王冠的意愿也只能从制度与政策推测，不能以实际出生日期倒推一切必然发生。,数字段未出现形式引注；相邻注释或作者计算可能有效，待人工核定
04_西班牙与意大利.md,257,### 最可信的意大利终局,可以给出的结论有清楚的次序。**最可行的是保存一个较大的北意大利王国与一个独立运作、受法国领导的那不勒斯王国，同时同教皇达成保留其核心世俗地位的安排。** 皮埃蒙特1802年、利古里亚1805年已被并入法国，属于1807年起点的既成困难；托斯卡纳1808年、教皇国1809年的吞并则不自动继续。意大利不会回到旧时代每一个小邦原封不动的拼图，但也不必成为一个国家。,数字段未出现形式引注；相邻注释或作者计算可能有效，待人工核定
04_西班牙与意大利.md,267,### 不把缪拉自动送上王位,约瑟夫在1806年成为那不勒斯国王。若法国不废黜西班牙波旁王朝，就没有必要按史实把约瑟夫转往马德里，因而也没有理由把缪拉1808年即位写成主线必经步骤。,数字段未出现形式引注；相邻注释或作者计算可能有效，待人工核定
04_西班牙与意大利.md,285,### 收入增长，为什么仍没有盈余,1813年军费预算约5700万里拉，单这一项已等于1808年的全部收入。1812年阿加尔—莫斯堡报告说军费约占总预算80%；格拉布的概括另有约70%的说法。二者不必都错，但统计边界尚未统一，正文不把任何一项推广为1806—1814年恒定比例。已经充分成立的结论是：新增财政能力被军事需求大量吸收。,数字段未出现形式引注；相邻注释或作者计算可能有效，待人工核定
04_西班牙与意大利.md,291,### 收入增长，为什么仍没有盈余,到1813年，请求的困难已不只是士兵数量。那不勒斯缺马、缺钱，部分部队拒绝并入将出境的正规军，一旦听说将被派往国外便出现集体逃亡。国家为帝国征兵愈成功，就可能愈快耗尽本国维护秩序的力量。,数字段未出现形式引注；相邻注释或作者计算可能有效，待人工核定
04_西班牙与意大利.md,307,### 卡拉布里亚：镇压不是一笔只有军费的账,戴维斯记载1806年十一月至1811年三月，下卡拉布里亚统计5421名被归为“匪徒”的投降、被捕、战死或处决者。**这是四类合计，不是5421人全部被杀。** 曼内斯某一冬季约900人被杀或处决的说法，来自镇压者自报，更需保持来源身份。,数字段未出现形式引注；相邻注释或作者计算可能有效，待人工核定
04_西班牙与意大利.md,313,### 卡拉布里亚：镇压不是一笔只有军费的账,若以一万二千至一万八千驻军、每人每年约九百法郎加其他费用，估算高强度控制需三百万至四百五十万杜卡特。这是带假定的成本包络，不是某年经过审计的省预算。更重要的是，用来比较的四十五万杜卡特是**1807年两个卡拉布里亚省的土地税实收**，并非全省所有收入。因而“驻军成本为全部税收六至八倍”或“该省必有同倍数净亏空”均应撤回。,数字段未出现形式引注；相邻注释或作者计算可能有效，待人工核定
04_西班牙与意大利.md,315,### 卡拉布里亚：镇压不是一笔只有军费的账,可保留的结论仍然有力：镇压曾需要与有限土地税现金规模很不相称的军力，财政净收益须扣除军费、征发、社会破坏与中央补助后另算；1812年反抗再起，也证明军事肃清不等于永久政治整合。我们已经有足够证据否定自动盈利的行省化，却没有理由伪造一个精确亏损率。,数字段未出现形式引注；相邻注释或作者计算可能有效，待人工核定
04_西班牙与意大利.md,351,### 1801年已经示范过一条路,对新教和犹太教的安排，也不能简单划成受益者必然拥护帝国。新教组织在国家保护和监督下取得较稳定位置；犹太人的法律解放与社团重组有重大意义，却伴随1808年的限制性措施及各地执行差异。宗教政策最可信的总体评价，是扩大法律整合，同时保留和制造新的不平等；不是把所有非天主教人口视为一支现成亲法党。,数字段未出现形式引注；相邻注释或作者计算可能有效，待人工核定
04_西班牙与意大利.md,357,### 教皇愿意关闭港口，不愿替皇帝选择所有敌人,法国若把拒绝全面同盟解释为必须吞并罗马，便从安全谈判跨进宗教主权冲突。1809年并吞和教皇被捕，使本来可以局部处理的争议，获得了跨越法兰西、比利时、西班牙、意大利的共同象征。,数字段未出现形式引注；相邻注释或作者计算可能有效，待人工核定
04_西班牙与意大利.md,361,### 教皇愿意关闭港口，不愿替皇帝选择所有敌人,比利时从1801年后的合作走向1809年后的抵触，正说明宗教关系可以改变。某地曾接受法国制度，不代表它永远接受后来的政策；相反，法国已取得的统治成果，也可能因一项跨国宗教冲突而受损。,数字段未出现形式引注；相邻注释或作者计算可能有效，待人工核定
04_西班牙与意大利.md,365,### 枫丹白露协定为什么不是最后一纸胜利,1811年主教会议显示，法国多数主教既不愿轻易同教皇决裂，也未必支持全面对抗皇帝。拿破仑通过压力取得部分让步，教皇又撤回先前同意。双方不断接近一个行政妥协，又被是否自由同意、是否损害教廷权利的问题拉开。,数字段未出现形式引注；相邻注释或作者计算可能有效，待人工核定
04_西班牙与意大利.md,373,### 枫丹白露协定为什么不是最后一纸胜利,也不应反过来神化教廷，断言它在任何压力下都不可能妥协。1801年协定、1808年港口安排和1813年讨论本身，已经证明妥协不断发生。真正的结论是：**能够持久的协议，要给教皇留下可公开辩护的宗教权威和制度地位；单凭拘禁取得的签字，很难代替它们。**,数字段未出现形式引注；相邻注释或作者计算可能有效，待人工核定
04_西班牙与意大利.md,377,### 一个较可持续的“第二次1801年”,法国在1807年后选择巩固，最合理的教会政策不是提前设计一个附庸教皇，而是扩大1801年妥协的逻辑：承认教产出售的终局性，保障信仰和日常牧职，以固定程序处理主教提名争执，保留教皇在罗马的核心主权与交通通信，并通过港口及安全协约限制敌军利用教皇国。,数字段未出现形式引注；相邻注释或作者计算可能有效，待人工核定
04_西班牙与意大利.md,381,### 一个较可持续的“第二次1801年”,未来的教会并不会因此自动自由主义化。十九世纪宗教复兴可以加强信徒组织、教育与公共舆论，也可能反对宗教自由和激进宪政。额我略十六世1832年《Mirari vos》对若干现代自由观念的批判，说明教廷的长期方向并非由拿破仑的一次胜利决定。法国若要建立延续到1848年的秩序，仍须同拥有自身历史和社会基础的教会反复协商，而不是假定拿下一座城市，便取得全部良心的指挥权。,数字段未出现形式引注；相邻注释或作者计算可能有效，待人工核定
04_西班牙与意大利.md,387,## 七、把这些国家放回同一张地图,西班牙保留波旁王朝，法国通过同盟与财政—军事协议施加影响；改革和宪政存在空间，却不预订1812年宪法或1820年起义。葡萄牙维持有条件的中立，英国继续拥有商业影响，但少了一场把整个国家改造成英军基地的战争。巴西因此不自动成为逃亡宫廷的中心，其王朝与独立路线另待条件展开。,数字段未出现形式引注；相邻注释或作者计算可能有效，待人工核定
04_西班牙与意大利.md,399,### 最稳的王朝安排，是让法国皇储少戴一顶王冠,这需要主动修改既有继承条件。拿破仑必须承认，即使后来有亲生男性后嗣，也不因此撤销欧仁已经取得的意大利权利；并且要妥善处理1805年分冠条文中的外军撤出条件。如此，法国皇储继位时便不必同时争夺米兰与巴黎的忠诚。所谓“罗马王统一中南意大利”，未必是对这位继承人最有利的安排：给他更多尚未解决的王冠，可能只是给下一代增加更多需要重新谈判的国家。,数字段未出现形式引注；相邻注释或作者计算可能有效，待人工核定
05_大西洋与美洲.md,3,# 第六章　海的另一边：法国胜利后，美洲属于谁,**本章结论。** 拿破仑有理由帮助西班牙维持美洲帝国，也有能力提供外交担保、军官、军火和有限海上支援；最有价值的帮助，却是不要摧毁西班牙王朝的合法性，不要把墨西哥白银视作法国战争的无限提款机。保住波旁王室、开放适度贸易并让殖民地分享政治权力，可以延长西班牙统治，甚至保留若干跨大西洋王国。它最可能保住的是古巴等岛屿和一部分保王据点，而不是把从墨西哥到拉普拉塔的大陆永远冻结在1803年。,数字段未出现形式引注；相邻注释或作者计算可能有效，待人工核定
05_大西洋与美洲.md,9,## 一、先把时钟拨准：没有巴约讷，也未必有里约宫廷,本书主线从1803年起保留已经发生的约束，到1807年提尔西特之后尽早转向巩固，不再发动对葡萄牙的瓜分和穿越西班牙的军事行动。这个区别看似只早了几个月，却决定了整个美洲推演的起点。,数字段未出现形式引注；相邻注释或作者计算可能有效，待人工核定
05_大西洋与美洲.md,11,## 一、先把时钟拨准：没有巴约讷，也未必有里约宫廷,在这条主线上，1807年11月葡萄牙王室的出走不是既成事实；1808年阿兰胡埃斯政变、巴约讷废立，以及西班牙抵抗法国占领所催生的加的斯议会，也不应被原封不动地带入。查理四世、费尔南多王储与戈多伊之间已有的宫廷冲突仍会延续，但冲突以何种形式爆发，须重新推演。,数字段未出现形式引注；相邻注释或作者计算可能有效，待人工核定
05_大西洋与美洲.md,13,## 一、先把时钟拨准：没有巴约讷，也未必有里约宫廷,另一条较晚的止损分支，是1808年春法国已经进入伊比利亚、葡萄牙宫廷已经迁走，却临时放弃废黜波旁。这仍优于建立约瑟夫王国，但英军介入葡萄牙的条件、巴西成为宫廷中心的条件都已不同。下文将两者分开，决不把“未入侵葡萄牙”与“王室已在里约”拼成一个成本全免的世界。,数字段未出现形式引注；相邻注释或作者计算可能有效，待人工核定
05_大西洋与美洲.md,15,## 一、先把时钟拨准：没有巴约讷，也未必有里约宫廷,同样，1810年墨西哥起义、1822年巴西独立、1823年门罗宣言、1833年英国废奴，都是实际历史中供比较的制度试验，不是另一条历史必定在同日出现的日历。能够延续的是贸易利益、税收压力、地方组织和统治冲突；须重新判断的是这些力量何时结盟、用谁的名义行动。,数字段未出现形式引注；相邻注释或作者计算可能有效，待人工核定
05_大西洋与美洲.md,21,### 1. 路易斯安那的出让，是收缩也是布置,"1803年出售路易斯安那，意味着法国退出一个缺少可靠海上补给、又失去圣多明各支撑的北美大陆计划。条约及财政协定的名义总对价为8,000万法郎，其中6,000万用于购地，另2,000万处理美国公民对法国的索赔。它不是8,000万现金原封不动进入法国国库，更不是一项每年重复的收入。（1803年4月30日法美割让条约及两项财政协定；拿破仑《作品集》，1803年10月27日条约公布记载。）",数字段未出现形式引注；相邻注释或作者计算可能有效，待人工核定
05_大西洋与美洲.md,25,### 1. 路易斯安那的出让，是收缩也是布置,"这个美国并非1848年版美国的缩小模型。1810年联邦人口普查约724万人，1820年约964万，1830年约1,287万，统计包括被奴役人口；这些人口既不是可自由征调的士兵，也不是一个政治利益一致的市场。南方种植园、北部船主、西部移民和原住民社会，承受的是不同的战争与贸易后果。（美国历次人口普查；Timothy Pitkin，*A Statistical View of the Commerce of the United States*，1835年版。）",数字段未出现形式引注；相邻注释或作者计算可能有效，待人工核定
05_大西洋与美洲.md,29,### 2. 一张出口表，比“美国天然亲法”更有解释力,"美国需要维护中立贸易，但其贸易并非均匀依赖英法。布拉德福德·珀金斯指出，1806年美国本国产品输往英国的金额约2,000万美元，输往法国约270万美元。美国商人又替法国、西班牙及其他殖民地搬运糖、咖啡等货物；因此，同一个美国，既不愿接受英国查扣，也承受不起永久失去英国市场。（Bradford Perkins，*Prologue to War: England and the United States, 1805–1812*，1961，第1章。）",数字段未出现形式引注；相邻注释或作者计算可能有效，待人工核定
05_大西洋与美洲.md,46,### 2. 一张出口表，比“美国天然亲法”更有解释力,资料：Pitkin，*Statistical View*，1835年版，本国产品与外国货物出口年度表。1808年两项分别仅为1807年的约19%与22%。,数字段未出现形式引注；相邻注释或作者计算可能有效，待人工核定
05_大西洋与美洲.md,48,### 2. 一张出口表，比“美国天然亲法”更有解释力,"杰斐逊的禁运并非无事发生的象征政治。道格拉斯·欧文根据贸易和价格资料估计，其福利损失约相当于1807年国民生产总值的8%；这是经济模型的结果，不是当时国库清点出来的损失。走私确实存在，国内替代生产也增长，却不足以据此把禁运说成没有代价。（Douglas A. Irwin，*The Welfare Cost of Autarky: Evidence from the Jeffersonian Trade Embargo, 1807–09*，NBER Working Paper 8692。）",数字段未出现形式引注；相邻注释或作者计算可能有效，待人工核定
05_大西洋与美洲.md,54,### 3. 拿破仑自己也在破坏中立合作,"1807年的英国枢密院令、法国柏林和米兰法令，都把中立国拉进经济战争。英国强征水手又造成主权冲突，但相关数字须辨明：门罗提交的6,257项案件不是6,257名身份、国籍和服役经过均已核定的人；联邦党人所宣传的极低数字也有政治用途。实际释放记录表明问题真实且规模显著，结论不依赖挑选一个最有利的整数。（Perkins，*Prologue to War*，有关强征水手与外交交涉诸章。）",数字段未出现形式引注；相邻注释或作者计算可能有效，待人工核定
05_大西洋与美洲.md,56,### 3. 拿破仑自己也在破坏中立合作,法国并非在另一边始终保护美国。1810年3月的朗布依埃法令扩大没收美国船货；8月5日卡多尔照会又把撤销法令与英国撤令或美国对英采取措施相联系。所谓“法国已经无条件撤销封锁、只剩英国欺压中立国”的叙述，掩盖了照会的条件与实际执行问题。（同书，第7章，尤其约第244—245页。）,数字段未出现形式引注；相邻注释或作者计算可能有效，待人工核定
05_大西洋与美洲.md,60,### 3. 拿破仑自己也在破坏中立合作,更何况，美国当时缺少支撑大规模远征的常备机器。1812年1月，众议院以62票对59票否决建设12艘战列舰和20艘护卫舰的方案；同年头几个月的陆军招募进展也远低于纸面目标。1810年统计中的269家棉纺厂和153座炼铁高炉，说明工业正在成长，却不是随时可与英国拼舰队的成熟工业体系。（Perkins，相关军事财政章节；Pitkin，制造业统计。）,数字段未出现形式引注；相邻注释或作者计算可能有效，待人工核定
05_大西洋与美洲.md,62,### 3. 拿破仑自己也在破坏中立合作,"美国政府自身也依赖贸易。皮特金所列海关净收入，1807年约15,845,521美元，1808年反而升到16,363,550——因为其中包含对先前进口征收的税；1809年才降至7,296,020，1810年为8,583,309。税收滞后说明，禁运当年的高收入不是禁运有效的证据。1827—1833年海关收入逐渐达到约2,000万—2,900万美元量级，但收入增长与议会愿意拨款造舰仍是两回事。（Pitkin，财政收入表。）",数字段未出现形式引注；相邻注释或作者计算可能有效，待人工核定
05_大西洋与美洲.md,64,### 3. 拿破仑自己也在破坏中立合作,1814年哈特福德会议的主张，进一步显示美国国内的制度阻力。其修宪建议包括限制禁运期限、提高宣战与断绝商业往来的表决门槛，并修改以奴隶人口计算政治代表权的规则。这不是新英格兰已经决定独立，而是航运州试图使联邦战争政策更受地方否决权约束。法国越要求美国长期自我封锁，越会强化这种反对；不能据此机械预测新英格兰必在某年脱离联邦。（《哈特福德会议报告与决议》，1815年1月。）,数字段未出现形式引注；相邻注释或作者计算可能有效，待人工核定
05_大西洋与美洲.md,66,### 3. 拿破仑自己也在破坏中立合作,"美国后来还会成为工业品供给者。1833年其本国产棉织品出口约2,532,567美元，其中90万以上输往墨西哥，约213,000输往中国。禁运时期的进口替代有助于某些产业成长，但战争也损失市场、原料与信用；“封锁越久，1848年美国工业必定越大”并没有被这张贸易表证明。（Pitkin，棉织品出口表；Irwin，禁运研究。）",数字段未出现形式引注；相邻注释或作者计算可能有效，待人工核定
05_大西洋与美洲.md,70,### 4. 中立运输如何变成墨西哥白银的欧洲出口,"法国无需指挥美国政府，也可能利用美国商人。巴黎、阿姆斯特丹、伦敦、费城、巴尔的摩与新奥尔良之间的银行和航运网络，曾将西班牙殖民地债权转成跨洋银流。商船持许可证进口货物，在韦拉克鲁斯取得白银，再通过汇票结算。银币的物理路线与债权的最终所有者经常不一致。（Carlos Marichal，*Bankruptcy of Empire: Mexican Silver and the Wars between Spain, Britain, and France, 1760–1810*，2007，第5章，第164—180页。）",数字段未出现形式引注；相邻注释或作者计算可能有效，待人工核定
05_大西洋与美洲.md,72,### 4. 中立运输如何变成墨西哥白银的欧洲出口,罗伯特·奥利弗的巴尔的摩网络、帕里什与费城商人、纽约的格雷西，以及在新奥尔良活动的文森特·诺尔特，都参与其中。马里查尔记录了奥利弗1806—1808年的38次航行，并列举每艘附带5万—10万比索的若干运输。这里能证明的是多点、可变通的金融物流，而不是把“若干艘”“每船范围”和整个贸易期相乘，就得到一笔法国已经收到的确定总款。,数字段未出现形式引注；相邻注释或作者计算可能有效，待人工核定
05_大西洋与美洲.md,74,### 4. 中立运输如何变成墨西哥白银的欧洲出口,长期看，美国也不会停留在法国需要的中立角色。1823年的门罗宣言同时表示不干涉欧洲现有殖民地，并反对欧洲制度继续扩张到美洲；它不是美国承诺维护每一座西班牙堡垒，也不是当时已有能力单独封锁整个大西洋。英国是否支持阻止欧洲再殖民，对宣言的即时效力极重要。（门罗，第七次年度咨文，1823年12月2日。）,数字段未出现形式引注；相邻注释或作者计算可能有效，待人工核定
05_大西洋与美洲.md,82,### 1. 从1803年出发，已经付出的损失拿不回来,"圣多明各远征不是可以在地图上重新点选的无成本选项。吉拉尔研究法国海军档案后指出，1802年春集结的舰队包括32艘战列舰和22艘护卫舰，涉及法国海军极大一部分力量；后续18个月又不断消耗舰船和熟练人员。首批约19,500名士兵只是第一波，不是整个远征累计投入。（Philippe R. Girard，〈The “Ugly Duckling” of the French Navy: The Saint-Domingue Expedition of 1802〉，*International Journal of Naval History*。）",数字段未出现形式引注；相邻注释或作者计算可能有效，待人工核定
05_大西洋与美洲.md,84,### 1. 从1803年出发，已经付出的损失拿不回来,"死亡数字因是否计入后续补充、海军和失踪者而不同：名册能确认的军人死亡下限与合计5万—6万的估计，不应当作两个独立群体相加。海军损失尤为要紧。约8,000名海军人员死亡、其中约6,000可视为额外损失的估计，置于法国约8万水手的人力池中，说明损害不只是少一支陆军；它直接侵蚀了往后与皇家海军竞争所需的熟练人员。（Girard，同上；数字均属该研究估计口径。）",数字段未出现形式引注；相邻注释或作者计算可能有效，待人工核定
05_大西洋与美洲.md,86,### 1. 从1803年出发，已经付出的损失拿不回来,回到1803年，勒克莱尔已死，1802年的主要损失已经发生。最现实的改策是停止追加无法改变政治条件的兵力，尽早撤回幸存者，而不是在反事实账本中把1802年的死者全部退还给布洛涅军营。,数字段未出现形式引注；相邻注释或作者计算可能有效，待人工核定
05_大西洋与美洲.md,90,### 2. 疫病与复奴政策，形成了同一个陷阱,"黄热病并非只惩罚法国。大卫·格格斯估计，1793—1798年派往圣多明各的约20,200名英国军人中，约12,700人死亡、近1,500人伤残遣返；海军损失另计。死亡、伤残、临时病号与在册人数是不同口径，尤其不可把五年累计派遣人数当作每年平均驻军。（David Geggus，〈Yellow Fever in the 1790s: The British Army in Occupied Saint Domingue〉，*Medical History*，23卷，1979，第38—58页，尤其第48页。）",数字段未出现形式引注；相邻注释或作者计算可能有效，待人工核定
05_大西洋与美洲.md,94,### 2. 疫病与复奴政策，形成了同一个陷阱,格格斯所讨论的牙买加1803—1836年驻军年均死亡率约13%，已经包含疫年；把它再与17%—30%的疫年数字加权，会重复计入疫情。据此拼出的“长期期望年损耗7.6%—15.4%”并不是独立测得的历史结果。低死亡年份、全期平均、疫年峰值各有用途，但它们不构成一条经过校准的海地驻军公式。,数字段未出现形式引注；相邻注释或作者计算可能有效，待人工核定
05_大西洋与美洲.md,96,### 2. 疫病与复奴政策，形成了同一个陷阱,如果法国承认黑人自由，本地军队可能成为防务伙伴；如果法国坚持恢复奴隶制度，这个最重要的人力来源就会成为抵抗力量。这不是一句道德评价替代军事分析，而是战争本身的组织逻辑。1801年11月拿破仑公开向居民宣布“vous êtes tous libres et égaux”，即人人自由而平等；1802年6月14日德克雷给勒克莱尔的秘密指令，却谋划最终让人们回到“原来的状态”。公开承诺与秘密目标之间的裂口，使“先投降、以后保障自由”越来越缺少可信度。（拿破仑1801年11月8日告示；德克雷1802年6月14日秘密指令，见圣多明各远征文书与前期研究引录。）,数字段未出现形式引注；相邻注释或作者计算可能有效，待人工核定
05_大西洋与美洲.md,98,### 2. 疫病与复奴政策，形成了同一个陷阱,1802年5月20日法律本身须精读：它维持的是亚眠和约归还殖民地及好望角以东法国殖民地的奴隶制度，不是一条已经在圣多明各全境实际执行的普遍复奴令。瓜德罗普随后复奴的军事过程、法国对有色人种入境与部分教育活动的限制，则让海地人有充分理由担心自身前途。法律适用范围与殖民政策总体方向，需要同时交代。（Frédéric Régent、Frédéric Trani等对1802年殖民政策的研究；Trani，*La Révolution française*，16，2019。）,数字段未出现形式引注；相邻注释或作者计算可能有效，待人工核定
05_大西洋与美洲.md,102,### 3. 独立海地并不等于没有暴力、没有国家,1804年海地独立以及随后对法国白人平民的大规模杀戮，是新国家历史的一部分。反殖民战争的恐惧和复奴威胁解释其背景，不会让平民被杀失去应有的位置。法国若在1803年转向承认，可能改变冲突烈度，但不能把实际发生的独立革命美化成无裂痕的和解。,数字段未出现形式引注；相邻注释或作者计算可能有效，待人工核定
05_大西洋与美洲.md,104,### 3. 独立海地并不等于没有暴力、没有国家,1805年宪法则显示，新国家不是一个等待法国重新组织的空白。序言性条款第2条规定：“L’esclavage est à jamais aboli”——奴隶制度永远废除。第14条把所有海地公民在法律上统称为“黑人”，是废除旧殖民等级秩序的一项政治定义，不等于居民种族同质。第12条限制白人以主人、所有者身份进入，第13条又为已经归化的波兰人和德意志人等保留例外；因此，它不是对一切白人旅客的无差别禁令。（《海地帝国宪法》，1805年5月20日，序言性条款第2、12—14条。）,数字段未出现形式引注；相邻注释或作者计算可能有效，待人工核定
05_大西洋与美洲.md,106,### 3. 独立海地并不等于没有暴力、没有国家,同一宪法一般条款第12条针对原法国白人财产的没收，不能改写为“海地所有土地已全部国有”。不设国教、国家不支付教士薪俸，也不能证明全部教会资产不存在。这两种误读，曾被用来推断法国绝无可能给某个海地派系提供新利益；该推断的法律前提并不成立。,数字段未出现形式引注；相邻注释或作者计算可能有效，待人工核定
05_大西洋与美洲.md,108,### 3. 独立海地并不等于没有暴力、没有国家,另一方面，法国若扶植一个依赖外军的客户政权，必须找到比现有海地国家更有吸引力的政治交换。1814年法国对克里斯托夫、佩蒂翁所提出的有限让步，远低于他们已经享有的统治权。承认、市场准入、军事援助确实可以交换，但绝非只有推翻现政府才能提供。（海地法国使团交涉材料；Charles Mackenzie，*Notes on Haiti*，1830，卷二。）,数字段未出现形式引注；相邻注释或作者计算可能有效，待人工核定
05_大西洋与美洲.md,112,### 3. 独立海地并不等于没有暴力、没有国家,"海地的军事实力也不宜只写成黄热病。麦肯齐1827年列出的正规军名义总数约28,600，另记国民卫队“传闻不超过4万”；后者不是已经点验的兵力。部分骑兵没有马，炮兵分项与总计也有算术不一致，海军实际只有三四艘纵帆船。这个国家能以本地武装、山地和毁弃海岸抵抗，却缺乏远洋投送能力。（Mackenzie，卷二，第198—205页。）",数字段未出现形式引注；相邻注释或作者计算可能有效，待人工核定
05_大西洋与美洲.md,114,### 3. 独立海地并不等于没有暴力、没有国家,"1805年宪法一般条款第28条写道：“Au premier coup de canon d’alarme, les villes disparaissent et la nation est debout”——警炮一响，城市可以消失，整个民族则起身抵抗。麦肯齐也认为，在弃守海岸、毁城并退入内地的条件下，地形与疫病足以使外来占领极为困难。因此，法国以舰队施压港口比长期征税容易；海地依赖进口武器和关税，又使其并非对外部经济压力完全免疫。",数字段未出现形式引注；相邻注释或作者计算可能有效，待人工核定
05_大西洋与美洲.md,122,### 4. 糖退潮，咖啡留下：独立后的生产并非一片空白,英国领事麦肯齐在1820年代搜集的统计，将糖分为精制糖与粗糖。这里沿用其法磅口径，圆整处保留原书的约数：,数字段未出现形式引注；相邻注释或作者计算可能有效，待人工核定
05_大西洋与美洲.md,132,### 4. 糖退潮，咖啡留下：独立后的生产并非一片空白,"资料：Mackenzie，*Notes on Haiti*，卷二，第158—160页及相邻出口统计。缺列表示未取得本表同口径记录，不表示零。1819—1824年咖啡出口在约2,900万—4,400万磅之间波动。",数字段未出现形式引注；相邻注释或作者计算可能有效，待人工核定
05_大西洋与美洲.md,134,### 4. 糖退潮，咖啡留下：独立后的生产并非一片空白,1789年两种糖合计约1.41亿磅；1818年约250万磅，下降约98.2%，是近乎崩塌，却不是零。咖啡1826年则仍约相当于1789年的四成。殖民时期的设备、灌溉、信贷、航运和劳动强制遭到破坏，不同作物因资本密度和劳动安排不同而呈现分化。,数字段未出现形式引注；相邻注释或作者计算可能有效，待人工核定
05_大西洋与美洲.md,136,### 4. 糖退潮，咖啡留下：独立后的生产并非一片空白,自由劳动并不在技术上排斥制糖。更稳妥的解释是：解放后的农民争取家庭土地和自主安排，战争损毁了大型设施，市场和融资条件又不利；政府若想重新集中劳动，就会与自由的实际含义发生冲突。克里斯托夫的种植园劳动制度与博耶1826年《乡村法典》都试图强制维持农业生产。后者把部分没有土地、没有劳动契约者视为流民，以监禁或公共劳动迫其就业。**废奴是真实的解放，但它没有自动消除国家对劳动的强制。**（Mackenzie，卷二，农业与《乡村法典》诸章。）,数字段未出现形式引注；相邻注释或作者计算可能有效，待人工核定
05_大西洋与美洲.md,138,### 4. 糖退潮，咖啡留下：独立后的生产并非一片空白,"经济也不只有糖与咖啡。染料木、烟草、牧业和跨岛贸易提供不同收入：麦肯齐所录烟草出口从1816年的约1,900磅升到1824年逾718,000磅，1826年又为340,588磅。这样的波动说明，海地并非静止的废墟，也不是恢复旧种植园产量就能解释的经济体。",数字段未出现形式引注；相邻注释或作者计算可能有效，待人工核定
05_大西洋与美洲.md,142,### 5. 一纸承认，比再派一支远征军能买到什么,1805年宪法还声明不进行征服、不扰乱外国殖民地。它不保证此后一切政府行为，却提供了可以签约的政治语言：法国承认海地独立与废奴，海地保证对外安全、港口待遇与不支持外部武装。对法国而言，目标应是恢复咖啡等商品供应、安排债权与财产争议、排除敌方独占港口，而不是重新拥有海地人的身体。（1805年宪法，“帝国”部分第36条。）,数字段未出现形式引注；相邻注释或作者计算可能有效，待人工核定
05_大西洋与美洲.md,144,### 5. 一纸承认，比再派一支远征军能买到什么,"1825年的实际历史说明，海上威胁可以迫成财务协议，但它不等于重新占领。最初1.5亿法郎赔偿是给原殖民所有者的名义义务，不是同额款项立即汇入法国财政。最初3,000万法郎贷款按6%票面利率发行，实际到手约2,400万；折价融资与赔偿共同挤压海地收入。1838年再议后的总赔偿规模降至9,000万法郎，仍成为长期负担。（Mackenzie，卷二，财政章节；1825年4月17日法国敕令与1838年法海协定。）",数字段未出现形式引注；相邻注释或作者计算可能有效，待人工核定
05_大西洋与美洲.md,146,### 5. 一纸承认，比再派一支远征军能买到什么,"麦肯齐记录的1826年收入约2,603,142海地元，1827年预计开支3,101,115元，另加约450,000元贷款利息，合计约3,551,115元。它是一个收入波动、军费沉重的新国家，不是可以任意兑现法国战争债的金库。",数字段未出现形式引注；相邻注释或作者计算可能有效，待人工核定
05_大西洋与美洲.md,148,### 5. 一纸承认，比再派一支远征军能买到什么,"驻军成本同样需要区分历史记录与假设算例。假定法国维持5,000—8,000名实际在岗者，再为病号和轮换增加名册人数，当然会占用欧洲兵力；但是把热带单兵年费设为1,000—1,400法郎、在岗率65%—80%，并无足够原始账册校准。由这些假设算出来的赤字，可以说明敏感性，不应被印成“海地必然每年花费某数”的史实。海军护航、港口设施、外交与殖民行政还会另行发生费用。",数字段未出现形式引注；相邻注释或作者计算可能有效，待人工核定
05_大西洋与美洲.md,154,### 6. 岛的东半部：归还西班牙，也不是把问题从地图上擦去,圣多明各东部与海地西部应当分开。西班牙在1795年割让东部，法国的实际控制随后才逐渐建立；当地以牧业、木材与跨境贸易为重，其社会利益不等于西部糖业种植园。,数字段未出现形式引注；相邻注释或作者计算可能有效，待人工核定
05_大西洋与美洲.md,156,### 6. 岛的东半部：归还西班牙，也不是把问题从地图上擦去,1808年法国指挥官费朗禁止与海地进行牛只、木材等贸易，伤害了东部地方利益；巴约讷废立又给桑切斯·拉米雷斯的起事提供了保卫西班牙王权的号召。帕洛因卡多战败及费朗自杀之后，英国海上支援帮助西班牙在1809年重建统治。（圣多明各贸易与战争文书；Frank Moya Pons有关东部殖民社会的研究；Mackenzie，岛屿历史章节。）,数字段未出现形式引注；相邻注释或作者计算可能有效，待人工核定
05_大西洋与美洲.md,160,### 6. 岛的东半部：归还西班牙，也不是把问题从地图上擦去,实际的西班牙“愚钝时期”从1809年延续到1821年，随后出现短命独立与1822年海地统一全岛。这个十二年不能直接变成“任何法西安排只能活10—15年”的自然定律。1820年西班牙革命、地方政治与海地决策都参与了结局。**可持续的东部安排依赖宗主国财政与地方接受；若不付出这些条件，换旗只是推迟重议，而非永久解决。**,数字段未出现形式引注；相邻注释或作者计算可能有效，待人工核定
05_大西洋与美洲.md,162,### 6. 岛的东半部：归还西班牙，也不是把问题从地图上擦去,海地“向外输出革命”的威胁也须分清事实与宣传。法国人员罗贝尔若·拉蒂格关于德萨林策划邻岛大屠杀的报告，后来在波旁复辟背景下出版，缺乏可核的人名、被捕者名单等支撑。它可证明殖民精英的恐惧及由此推动的禁贸、人口管制，却不宜直接证明海地已经实施相应计划。（Trani，2019，对相关档案的批判性讨论。）,数字段未出现形式引注；相邻注释或作者计算可能有效，待人工核定
05_大西洋与美洲.md,174,### 7. 海岛怎样成为欧洲谈判桌上的筹码,"2,400万与1825年法国向海地索取的1.5亿，相差6.25倍。这个对照有助于看见赔款的政治分量，却不是统一的岛屿价格表：前者处理欧洲国家之间的主权要求，后者处理法国强制提出的旧殖民者补偿；人口、资产、权利内容与日期均不同。数字应支持“权利可以被政治定价”的论点，不应代替海地赔款本身的估值依据。",数字段未出现形式引注；相邻注释或作者计算可能有效，待人工核定
05_大西洋与美洲.md,186,### 9. 胜利的法国，会让大西洋奴隶制更强吗,"海地独立不能遮蔽其他殖民地。马提尼克在英国占领期间没有实际实行法国1794年废奴；瓜德罗普在1802年发生复奴战争。有关死亡与驱逐的数字有不同口径：若一项研究估计约3,000名平民与1,000名军人死亡、约1,900人遭驱逐，就不能把另一项“死伤或被驱逐合计约万人”的宣传性总数拼成“死亡4,000—10,000人”的区间。（Trani，2019；法国海外档案馆相关历史说明。）",数字段未出现形式引注；相邻注释或作者计算可能有效，待人工核定
05_大西洋与美洲.md,188,### 9. 胜利的法国，会让大西洋奴隶制更强吗,法国印度洋殖民地的奴隶主同样抵制解放。拿破仑在1815年禁止的是奴隶贸易，而非普遍废除奴隶身份。一个更长寿的拿破仑帝国，确有维持奴隶种植园利益、拖延全面解放的政治倾向。,数字段未出现形式引注；相邻注释或作者计算可能有效，待人工核定
05_大西洋与美洲.md,192,### 9. 胜利的法国，会让大西洋奴隶制更强吗,"奴隶贸易数据库的既有估算给出一个尺度：1801—1825年，按承运国旗计，法国船只装载约135,815人，葡萄牙—巴西船只约1,160,601人，英国约283,959人；1826—1850年，法国约68,074人，葡萄牙—巴西约1,299,969人，英国本国船旗的相应估算已为零。它们是被迫登船人数的历史估计，不等于到岸存活人数，也不等于按最终殖民目的地划分。（*Slave Voyages*，跨大西洋奴隶贸易估算表，研究所存版本。）",数字段未出现形式引注；相邻注释或作者计算可能有效，待人工核定
05_大西洋与美洲.md,194,### 9. 胜利的法国，会让大西洋奴隶制更强吗,"糖的替代还有欧洲一端。赫克歇尔依据内政部报告区分1813年甜菜糖实际产量约110万公斤与350万公斤的展望值；旧海地材料把后者写作已经实现的3,500吨，应改为约1,100吨。它当时远不足以替代加勒比供应，和平后又面临蔗糖竞争；但后来的关税和技术进步可以使产业复兴。因此，殖民糖业回流会压低甜菜保护利益，却不证明法国本土此后永远不存在反对殖民糖业特权的集团。（Eli F. Heckscher，*The Continental System*，1922年英译本，第291—294页；本书经济章另详。）",数字段未出现形式引注；相邻注释或作者计算可能有效，待人工核定
05_大西洋与美洲.md,196,### 9. 胜利的法国，会让大西洋奴隶制更强吗,这些数字证明运输重心转移，不能证明英国禁运“只减少了一个微小比例”，因为真实政策效果须与没有禁运的反事实比较。较可信的结论是：**法国长期胜利很可能加强法属及部分盟国殖民地的奴隶主议价能力，延缓若干地区的解放；英国废奴仍可能推进，古巴、巴西与海地将走不同道路。** 没有理由替整个大西洋统一指定1855年、1875年或一个精确延迟年数。,数字段未出现形式引注；相邻注释或作者计算可能有效，待人工核定
05_大西洋与美洲.md,202,### 1. 银矿不是国库，国库也不是巴黎的钱箱,"新西班牙的银矿确实关系欧洲战争。布雷丁与克罗斯记录，墨西哥城铸币额从1706年的约600万比索增至1798年的2,400万，后者约占西属美洲铸币总额的三分之二。洪堡又记载，每年约250万马克白银经韦拉克鲁斯与阿卡普尔科流向欧洲、亚洲。这一个是铸币额，一个是出口银重量；不是可以彼此相加的两份财富。（D. A. Brading and Harry E. Cross，〈Colonial Silver Mining: Mexico and Peru〉，*Hispanic American Historical Review*，52卷4期，1972，第545—579页；Alexander von Humboldt，*Essai politique sur le royaume de la Nouvelle-Espagne*，1811，卷三，第335—336页。）",数字段未出现形式引注；相邻注释或作者计算可能有效，待人工核定
05_大西洋与美洲.md,204,### 1. 银矿不是国库，国库也不是巴黎的钱箱,"矿业本身也有高度集中的生产网络。瓜纳华托约5,000名矿工及相关工人，使用1,896台碾矿设备和14,618头役骡，年产约50万—60万马克白银。大矿需要排水、火药、木材、饲料、汞和信用；若地方征收把周围农业与贷款体系一并抽干，地下矿脉不会因此自动化为巴黎现金。（Humboldt，卷三，第410—414页。）",数字段未出现形式引注；相邻注释或作者计算可能有效，待人工核定
05_大西洋与美洲.md,206,### 1. 银矿不是国库，国库也不是巴黎的钱箱,"洪堡估计新西班牙农业年产值约2,900万比索，矿业约低四分之一。其农业估值部分由什一税和免税作物推算，不是现代国民生产总值，但足以纠正“墨西哥只有银矿”的叙述。粮食、糖、靛蓝、牲畜与地方消费既供养矿工，也给教会、商人和地主以财政诉求。",数字段未出现形式引注；相邻注释或作者计算可能有效，待人工核定
05_大西洋与美洲.md,208,### 1. 银矿不是国库，国库也不是巴黎的钱箱,"真实的财政转移已有相当规模。马里查尔估计，1760—1810年新西班牙对外汇出税款超过2.5亿比索，其中约1亿供给其他殖民地与菲律宾，约1.5亿流向宗主国；1780—1810年平均每年对外汇出约800万。1800—1810年直接汇往西班牙及其欧洲债权人的合计约7,000万比索。（Marichal，*Bankruptcy of Empire*，结论，第257页附近及相关注释；不同版本页码应依目录定位。）",数字段未出现形式引注；相邻注释或作者计算可能有效，待人工核定
05_大西洋与美洲.md,214,### 2. 教会资金被抽走时，反对者不只是教士,1804年以后殖民地实施的“整顿基金”政策，要求清理教会及慈善基金资产和借款，以支持王室债务。其冲击远超过出售修道院地产：教会资金已经深入借贷网络，清偿要求最终落到依赖这些贷款的社会各层。,数字段未出现形式引注；相邻注释或作者计算可能有效，待人工核定
05_大西洋与美洲.md,216,### 2. 教会资金被抽走时，反对者不只是教士,"实际的教会财富很大一部分是抵押贷款。洪堡估计其可运用金融资本约4,450万比索，而土地不动产价值远小于这一数字。收回这些贷款，会同时打击种植园主、商人、矿业经营者和城镇借款人。马里查尔所引研究中，拍卖不动产只占相关收款约12%；金融抽取才是核心。（Marichal，第4章，第143—151页附近；Gisela von Wobeser研究，经该书引述。）",数字段未出现形式引注；相邻注释或作者计算可能有效，待人工核定
05_大西洋与美洲.md,225,### 2. 教会资金被抽走时，反对者不只是教士,资料：Marichal，*Bankruptcy of Empire*，表4.2、4.3。精确末位是原表记账数，不表示整个殖民财政不存在遗漏。,数字段未出现形式引注；相邻注释或作者计算可能有效，待人工核定
05_大西洋与美洲.md,233,### 3. 补贴条约的“六、四、二”，比一个换算区间更可靠,"这里的网络西班牙文转录省略了货币名称；法国记账文献通常以法郎叙述这笔补贴。如果把四个月的1,600万误当作每月里亚尔额，再以不同币制折成80万—160万比索，就会同时误置期限与单位，得出失真的补贴覆盖率。可靠的实质结论并不依赖这个有问题的区间：**名义义务、留存清算额、实际交付额，必须分开；履约期限也不等于已经交钱。**",数字段未出现形式引注；相邻注释或作者计算可能有效，待人工核定
05_大西洋与美洲.md,235,### 3. 补贴条约的“六、四、二”，比一个换算区间更可靠,协定第6条用补贴交换法国承认西班牙中立，第7条还要求西班牙促使葡萄牙提供补贴。它从一开始就是用财政贡献替代直接战争，而不是法国已经获得西班牙主权。1804年英国袭击西班牙运银船队、战争随后扩大，也表明英国不会永远容忍一种名义中立、实际资助法国的安排。,数字段未出现形式引注；相邻注释或作者计算可能有效，待人工核定
05_大西洋与美洲.md,239,### 4. 英国军舰为什么会运送法国债权背后的银子,"白银能否离开美洲，不仅取决于谁拥有一支战列舰队，也取决于伦敦商人、许可证、债务清算与英国政府的判断。马里查尔记录，戈登—墨菲安排的六次英国军舰运输，在1806年12月至1808年8月运走约8,651,641比索；另有霍普合约涉及“戴安娜”号约3,829,835比索的运输。后者在原书叙述与表格中存在航次日期不一致，宜保留金额及航运机制，不据此编造精确的逐年法国入账。（Marichal，第5—6章，尤其表6.2。）",数字段未出现形式引注；相邻注释或作者计算可能有效，待人工核定
05_大西洋与美洲.md,241,### 4. 英国军舰为什么会运送法国债权背后的银子,"这些钱未必都是法国钱，更不意味着英国在秘密资助自己的战争对手。银行债权、西班牙欠款、英国对贸易的需求和许可政策交错，使同一船银子能够在多处账簿出现。霍普持有1,000万比索面值债权，也不是法国立即收到1,000万现金；合同折价与佣金须按原合同处理。",数字段未出现形式引注；相邻注释或作者计算可能有效，待人工核定
05_大西洋与美洲.md,243,### 4. 英国军舰为什么会运送法国债权背后的银子,相关债权若已按75%结算，再任意扣除5%—15%的“运费佣金”，就可能把已含在折价里的成本扣了两遍。这种算法不足以确定法国每年净得多少，更不足以确定它承担法国军费的固定比例。较有支撑的判断是：法国可从该网络得到百万比索量级的非常融资，但不应把它扩展成永久、无波动的年贡。,数字段未出现形式引注；相邻注释或作者计算可能有效，待人工核定
05_大西洋与美洲.md,245,### 4. 英国军舰为什么会运送法国债权背后的银子,"1808年以后还有一个最有力的反例：墨西哥没有把它曾为西班牙国王供给的钱自动改付约瑟夫。1808年秋至1811年初，仍有约2,400万比索从墨西哥送往加的斯方面；马里查尔另表所列全美洲汇款合计约2,940.8万，各行起讫日期又不完全相同。**占领马德里，反而可能把原本间接有利于法国的银流，变成抵抗法国的财政。**（Marichal，第7章，表7.4及相关讨论。）",数字段未出现形式引注；相邻注释或作者计算可能有效，待人工核定
05_大西洋与美洲.md,251,### 5. 水银：真正的物质瓶颈，不是万能金融武器,墨西哥银矿的大规模汞齐法生产依赖水银。阿尔马登矿在高产年份约产1.8万—2万余西班牙担；按每担汞处理约100—125马克银的历史比率，250万马克白银若全部采用同一种工艺，将需要约2万—2.5万担汞。这只是说明依赖关系的量级，不是一个可以据此精确预测减产的生产函数。（Brading and Cross，1972；Humboldt，矿业章节。）,数字段未出现形式引注；相邻注释或作者计算可能有效，待人工核定
05_大西洋与美洲.md,253,### 5. 水银：真正的物质瓶颈，不是万能金融武器,原因有三：部分矿石可熔炼；各矿的品位、汞消耗与库存不同；伊德里亚、万卡韦利卡等其他产区与转口也会影响供应。17世纪1630年以后汞供应减少、银产量随之下滑的历史，可证明这种瓶颈真实，不能直接证明1803年禁运将在三至七年内使产量必定下降60%。,数字段未出现形式引注；相邻注释或作者计算可能有效，待人工核定
05_大西洋与美洲.md,261,### 1. 1808年改变了政治问题的问法,在国王被废之前，殖民地精英可以反对税收、争取职位、要求通商，却仍以效忠君主组织这些要求。1808年真正爆炸性的变化，是“谁有资格代表缺位的王权”。墨西哥城、加拉加斯与布宜诺斯艾利斯先后讨论效忠和自治程序，并不等于三地早已同意一个共同的独立方案。（François-Xavier Guerra，*Modernidad e independencias*；1808年各地市议会及洪塔记录。）,数字段未出现形式引注；相邻注释或作者计算可能有效，待人工核定
05_大西洋与美洲.md,263,### 1. 1808年改变了政治问题的问法,法国使团的遭遇更直接。1808年7月，加拉加斯在接到王朝变动消息后拒绝承认约瑟夫；8月萨瑟奈前往蒙得维的亚和布宜诺斯艾利斯，同样没有把拿破仑的欧洲命令转换成殖民地服从。法国出身的利尼尔斯，反而因国籍与政治怀疑而处境恶化。蒙得维的亚的地方洪塔可以以反法国、保西班牙王权为由成立，而不必先宣布独立。（Mariano Torrente，*Historia de la revolución hispano-americana*，卷一，1829—1830，第20—21、55页附近；作者立场明显保王，宜与其记事价值分开。）,数字段未出现形式引注；相邻注释或作者计算可能有效，待人工核定
05_大西洋与美洲.md,265,### 1. 1808年改变了政治问题的问法,所以，不废立波旁能大幅削弱这场合法性断裂。可是，不出现1808年的同一危机，并不等于以后再无危机。地方官职、贸易垄断、教会信用、土地税、种族等级和区域竞争仍在。法国若保留西班牙王冠，却让所有重大财政与外交决策都显得出自巴黎，殖民地也可能重新提出：马德里究竟代表谁？,数字段未出现形式引注；相邻注释或作者计算可能有效，待人工核定
05_大西洋与美洲.md,269,### 2. 墨西哥：最有条件延续帝国，也最可能把财政矛盾变成社会战争,"墨西哥城的半岛人商人、土生白人市议员、总督与高等法院，不是两个整齐阵营。1808年加布里埃尔·德·耶尔莫带领约300人推翻伊图里加赖总督，既有王权归属之争，也有具体经济利益。耶尔莫本人就因“整顿基金”政策背负巨额还款压力：相关债务约131,200比索，至1808年9月已偿还约86,000。这样的经历表明，保王政变也可能由不满王室征敛的人发动。（Marichal，第7章；墨西哥政治史料。）",数字段未出现形式引注；相邻注释或作者计算可能有效，待人工核定
05_大西洋与美洲.md,271,### 2. 墨西哥：最有条件延续帝国，也最可能把财政矛盾变成社会战争,1799年的“砍刀阴谋”拥有的资金、武器很少；1809年巴利亚多利德活动仍可借费尔南多名义主张地方政府。把这些事件写成一支已经成熟、只等法国按下按钮的民族独立力量，会夸大1803年的组织准备。,数字段未出现形式引注；相邻注释或作者计算可能有效，待人工核定
05_大西洋与美洲.md,273,### 2. 墨西哥：最有条件延续帝国，也最可能把财政矛盾变成社会战争,1810年战争又改变了局面。伊达尔戈对欧洲出生者的敌意、瓜纳华托格拉纳迪塔斯粮仓的杀戮与后续报复，使精英对社会革命的恐惧上升。关于参战和死亡人数，各方叙述差异极大；阿拉曼对部分夸大的死伤数字也有怀疑。这里最重要的不是挑选一个最大数，而是暴力如何把政治自治要求转化为财产、种族与生存冲突。（Lucas Alamán，*Historia de Méjico*，1810年瓜纳华托事件章节。）,数字段未出现形式引注；相邻注释或作者计算可能有效，待人工核定
05_大西洋与美洲.md,275,### 2. 墨西哥：最有条件延续帝国，也最可能把财政矛盾变成社会战争,到1813年，莫雷洛斯《民族感情》已要求美洲独立，把奴隶制与种姓区分列为应废除对象，并强调美洲人的公职权。它又规定，对外援军应有严格限制，避免外国军队占据国家政治中心。这说明法国即使援助独立者，也未必获得一个愿意接受法国驻军的国家。（José María Morelos，*Sentimientos de la Nación*，1813年9月14日，第1、9、15、16、20条。）,数字段未出现形式引注；相邻注释或作者计算可能有效，待人工核定
05_大西洋与美洲.md,279,### 2. 墨西哥：最有条件延续帝国，也最可能把财政矛盾变成社会战争,"人口资料也支持谨慎处理身份问题。1793年普查约448万人，洪堡估计1804年约584万，1808年又推为650万；不同估计不能充当同口径增长率。欧洲出生者的数量更有从约7,900到七八万的巨大差别，现有材料未能充分解释统计范围。没有依据把它们平均为一个“8,000—15,000”的漂亮区间，再计算殖民统治的兵力比例。少数半岛人也可以凭地方合作者、信用和法律地位形成强大统治网络。",数字段未出现形式引注；相邻注释或作者计算可能有效，待人工核定
05_大西洋与美洲.md,285,### 3. 古巴：最容易保住，却不是最容易封锁,但古巴依赖国际贸易。1808年美国禁运使对北美贸易大幅下降，研究估计减半；部分进口品价格上涨，约三分之二糖收成未能卖出。这里是贸易渠道和特定产品销售的冲击，不是岛上全部经济活动消失。（Juan B. Amores Carredano、Sigfrido Vázquez Cienfuegos有关1808年古巴研究；Vázquez Cienfuegos，*Araucaria*，22，2009，第273—290页，尤其第275页。）,数字段未出现形式引注；相邻注释或作者计算可能有效，待人工核定
05_大西洋与美洲.md,287,### 3. 古巴：最容易保住，却不是最容易封锁,"海地难民又把技术、资本、种族冲突和反法情绪同时带来。1804年的官方累计数约18,213名法国难民，后来的估计达到2万—3.2万，范围与年份并不完全一致；圣地亚哥的法国移民占比特别高。拿破仑若要求古巴无条件排除英美商船，就会把最有希望保住的殖民地的生活资料和销售收入一并切断。",数字段未出现形式引注；相邻注释或作者计算可能有效，待人工核定
05_大西洋与美洲.md,289,### 3. 古巴：最容易保住，却不是最容易封锁,"古巴糖出口从1800年的约28,761吨增至1850年的294,952吨，显示它在海地种植园崩溃后扩张的能力；这同时建立在大规模奴隶输入、土地开拓和资本投资之上。1790—1867年输入约78万奴隶的估计覆盖比本书更长的时期，不能全部归入1848年前。（Ulbe Bosma、Jonathan Curry-Machado，〈Two Islands, One Commodity: Cuba, Java and the Global Sugar Trade, 1790–1930〉，*New West Indian Guide*，2012，相关糖业比较表。）",数字段未出现形式引注；相邻注释或作者计算可能有效，待人工核定
05_大西洋与美洲.md,291,### 3. 古巴：最容易保住，却不是最容易封锁,美国国务卿约翰·昆西·亚当斯1823年4月的“政治引力”论，设想古巴未来可能落向美国，不等于立即要求兼并，也不等于愿意容忍法国接管。**古巴最稳的反事实位置，是保留西班牙统治、扩大商业开放而避免成为法国军港体系的显眼突出部。** 若法国强迫它封锁、复仇或重建圣多明各，则保王的经济基础会逐步被自身盟友破坏。,数字段未出现形式引注；相邻注释或作者计算可能有效，待人工核定
05_大西洋与美洲.md,297,### 1. 保王主义也有本地社会基础,"“少数西班牙人压住全部美洲人”的图景解释不了长期内战。委内瑞拉的保王军吸收大量混血、黑人及平原居民；托伦特的叙述甚至用波韦斯军队约12,000人、欧洲人约200的比例，强调它并非一支从欧洲搬来的军队。这是保王作者对兵力的估计，不应视为精确人口普查，但军队本地化的方向无疑重要。（Torrente，卷一，保王军构成讨论。）",数字段未出现形式引注；相邻注释或作者计算可能有效，待人工核定
05_大西洋与美洲.md,299,### 1. 保王主义也有本地社会基础,"在波帕扬及更广泛安第斯地区，原住民社群、奴隶和自由有色人种可能借效忠国王保卫地方权利、土地、自治或争取自由。精英共和国并不总能比遥远的国王提供更好条件。（Marcela Echeverri，〈Abascal, Cádiz y el realismo popular en Popayán〉，载 *Abascal y la contra-independencia de América del Sur*，第449页起。）",数字段未出现形式引注；相邻注释或作者计算可能有效，待人工核定
05_大西洋与美洲.md,301,### 1. 保王主义也有本地社会基础,这套合作还有法律上的中介。市议会、高等法院、教会、商人会馆、矿业法庭与原住民社群，各自拥有权利、收入和司法渠道。1806年布宜诺斯艾利斯收复后，当地机构就能改变总督的实际指挥权；不必等1808年法国废王，地方政治已经有组织能力。（Castlereagh，第七卷，第302—309页。）,数字段未出现形式引注；相邻注释或作者计算可能有效，待人工核定
05_大西洋与美洲.md,309,### 2. 秘鲁为什么能成为反革命堡垒,"总督阿巴斯卡尔在1806—1816年建立的军事体系，是法国援西能力评估中最有价值的现实证据。秘鲁正规军由1809年约1,500人扩大到1813年2月约8,000人，另有大规模民兵；战争在很大程度上依靠当地人员和财政，而非等待西班牙每年运来一支欧洲军团。（Brian R. Hamnett，*La política contrarrevolucionaria del Virrey Abascal: Perú, 1806–1816*，IEP，2000。）",数字段未出现形式引注；相邻注释或作者计算可能有效，待人工核定
05_大西洋与美洲.md,311,### 2. 秘鲁为什么能成为反革命堡垒,利马的商人、官僚、教会及部分地方精英，都担心革命扰乱贸易、税收和社会秩序。阿巴斯卡尔对基多、上秘鲁及智利的介入又带有恢复利马区域主导权的意味，并不只是被动执行马德里的每一道命令。1776年建立拉普拉塔总督区后形成的行政边界，原本就有商业与财政争议。,数字段未出现形式引注；相邻注释或作者计算可能有效，待人工核定
05_大西洋与美洲.md,313,### 2. 秘鲁为什么能成为反革命堡垒,"这证明法国若避免西班牙本土崩溃，可以通过有限援助放大一个已经存在的保王体系。然而，当地能力有边界。1810年9月至1811年9月的收入约3,659,000比索，其中原住民贡赋1,235,781，比重约33.8%。实际历史中加的斯改革废除贡赋，会在战争最需现金时制造缺口；在没有占领与加的斯制宪的主线上，这项法律不自动出现，但“平等承诺与财政依赖如何相容”的矛盾仍必须处理。（Hamnett，同上。）",数字段未出现形式引注；相邻注释或作者计算可能有效，待人工核定
05_大西洋与美洲.md,315,### 2. 秘鲁为什么能成为反革命堡垒,"利马的账簿还揭示“总收入”并非全部可用军费。1812年5,270,963比索中，3,958,036属于一般王室收入，1,070,995为指定用途资金，241,932为替其他机构代收的资金。战争迫使政府挪用、借款和拖欠，但代管不因此变成永久所有权。",数字段未出现形式引注；相邻注释或作者计算可能有效，待人工核定
05_大西洋与美洲.md,327,### 2. 秘鲁为什么能成为反革命堡垒,1815年改革试图提高交易与关税、对不动产净收益及金融收益征税，并整理债务。这显示保王政权也有财政创新能力，而非只能等待法国移植制度；改革加重社会负担，又解释了长期统治为何需要政治协商。（Contreras，同文，改革条目及结论。）,数字段未出现形式引注；相邻注释或作者计算可能有效，待人工核定
05_大西洋与美洲.md,349,### 3. 十一年军需与捐输：保王战争怎样落到账簿上,"1810年此项支出约为1809年的8.9倍，清楚显示洪塔革命后战争动员的财政冲击。1813年此科目回落，却不代表秘鲁军队已经解散或战争结束：其他军费列入别科，金库也可改变支付方式。依据账册重建的年表还补出1811年171,212比索4里亚尔；1812年则与特帕斯克—克莱因汇编的174,786比索不同，作者依据手工账册重读为143,515比索6里亚尔。不同会计科目、年表版本和小额币制，需要保留而不是平均。",数字段未出现形式引注；相邻注释或作者计算可能有效，待人工核定
05_大西洋与美洲.md,351,### 3. 十一年军需与捐输：保王战争怎样落到账簿上,"到1816年前后，秘鲁累计债务约1,100万比索；佩苏埃拉任内一组收入约180万、支出约2,683,825的预算，显示缺口约883,825。银矿存在不等于政府手里有可立即支付的现金。（Hamnett，阿巴斯卡尔继任后的财政讨论。）",数字段未出现形式引注；相邻注释或作者计算可能有效，待人工核定
05_大西洋与美洲.md,371,### 3. 十一年军需与捐输：保王战争怎样落到账簿上,官方报纸刊出捐赠者姓名，把金钱变成公开忠诚与地位。1810年旧报因虚假捷报等因素失信、继而换刊，说明征款还依靠信息信用；后期报载金额下滑，也不应直接等同于整个保王社会突然消失。法国若帮助王室维持统治，必须维护这种真实的地方合作，而非只寄送一份欧洲胜利公报。,数字段未出现形式引注；相邻注释或作者计算可能有效，待人工核定
05_大西洋与美洲.md,377,### 4. 拉普拉塔：海港的利益，并不等于整个流域的利益,"马里亚诺·莫雷诺1809年《地主陈情书》为开放贸易辩护，声称每年逾400万比索的非法进口只产生约96,000比索税款，若合法化本可取得约150万。后两数之比约6.4%，说明其对走私损失的论证力度；但这是改革倡议者的估算，不是已经做过一场税制实验得到的因果效果。（Mariano Moreno，*Representación de los hacendados*，1809年9月30日。）",数字段未出现形式引注；相邻注释或作者计算可能有效，待人工核定
05_大西洋与美洲.md,381,### 4. 拉普拉塔：海港的利益，并不等于整个流域的利益,但地方财政并不只是“波托西银子不来了”。安东尼奥·加拉尔萨重读布宜诺斯艾利斯与科尔多瓦账册，纠正了战争时期中转资金的漏计：1806、1807年部分款项未进入首都金库，却已被总督用于各地支付。下列为其修订后的协济银序列。,数字段未出现形式引注；相邻注释或作者计算可能有效，待人工核定
05_大西洋与美洲.md,399,### 4. 拉普拉塔：海港的利益，并不等于整个流域的利益,"修订后的年均约859,376比索，明显高于仅依部分首都账目得出的不足75万估计。银流确比前一十年减少，但汇票和科尔多瓦中转使军费能够先支付；“未入首都库”不等于“王室没有动用”。这也解释内陆为什么对首都财政要求积累不满。",数字段未出现形式引注；相邻注释或作者计算可能有效，待人工核定
05_大西洋与美洲.md,403,### 4. 拉普拉塔：海港的利益，并不等于整个流域的利益,这个区域也没有理由必然形成后来同名、同界的各国。布宜诺斯艾利斯、蒙得维的亚、巴拉圭、上秘鲁之间的利益分裂是真实的，国家边界却是战争与谈判的结果。法国能影响其中某些交涉，不足以从巴黎一次性绘好1848年的地图。,数字段未出现形式引注；相邻注释或作者计算可能有效，待人工核定
05_大西洋与美洲.md,407,### 5. 委内瑞拉、基多、智利：不同地形，不同联盟,委内瑞拉的沿海出口经济、平原畜牧社会与种族秩序，使战争更容易超出精英自治的范围。米兰达1806年在科罗的行动没有形成他期望的普遍欢迎；相当多本地居民，包括原住民，参与抵抗。英国支持一位独立领袖，不等于该领袖已经代表当地社会。（Torrente，卷一，第54—55页。）,数字段未出现形式引注；相邻注释或作者计算可能有效，待人工核定
05_大西洋与美洲.md,417,### 1. 从征服者到“辅助者”，并非出于抽象自由信念,"1806—1807年英国进攻拉普拉塔的失败，暴露了用有限远征军征服并统治一个不愿服从的社会的困难。卡斯尔雷在1807年5月1日备忘录中，把违背当地居民意愿的征服称为近乎无望的任务；未来行动应更像当地力量的“auxiliaries and protectors”，即辅助者和保护者。（Castlereagh，*Correspondence, Despatches and Other Papers*，第二辑，第七卷，1851，第314—324页。）",数字段未出现形式引注；相邻注释或作者计算可能有效，待人工核定
05_大西洋与美洲.md,419,### 1. 从征服者到“辅助者”，并非出于抽象自由信念,它不是英国立即、永久支持所有共和革命的证明。备忘录也考虑君主制方案与波旁支系；更早的波帕姆1803年秘密计划带有先夺据点、再组织政治转变的军事思路。英国最稳定的目标是削弱敌人、取得港口与市场，政治形式则取决于当地接受和国际形势。（同卷，第288—293、385—389页。）,数字段未出现形式引注；相邻注释或作者计算可能有效，待人工核定
05_大西洋与美洲.md,421,### 1. 从征服者到“辅助者”，并非出于抽象自由信念,米兰达1806年与科克伦的约定也列出交易：英国提供有限海军支援，独立政权给予英国贸易便利，并处理其他国家关税与债权问题。英国支持可以撤回；当地领导人也会为自己的国家利益讨价还价。（同卷，第419—421页，1806年6月9日往来文书。）,数字段未出现形式引注；相邻注释或作者计算可能有效，待人工核定
05_大西洋与美洲.md,423,### 1. 从征服者到“辅助者”，并非出于抽象自由信念,1808年西班牙转为英国反法盟友后，卡斯尔雷暂缓进一步介入南美的部分计划。若法国始终保住一个亲法西班牙，这个暂停理由反而减弱。**避免半岛战争固然保全西班牙，也可能释放英国支持美洲自治的外交空间。** 这是主线真实需要承担的代价，不应只列收益。,数字段未出现形式引注；相邻注释或作者计算可能有效，待人工核定
05_大西洋与美洲.md,451,### 1. 若葡萄牙不被入侵，里约不会自动成为帝国首都,1807年葡萄牙宫廷迁往巴西，既有长期危机准备，也有英国舰队护送和法国入侵的紧迫刺激。没有入侵，不等于王室永远不会考虑海外避难；但最可能的短期结果仍是宫廷留在里斯本，通过中立、补贴和海上贸易求生。,数字段未出现形式引注；相邻注释或作者计算可能有效，待人工核定
05_大西洋与美洲.md,453,### 1. 若葡萄牙不被入侵，里约不会自动成为帝国首都,"在本书较早转向巩固的主线上，巴西因此仍先是一片统治中心位于欧洲的殖民地。它的贸易开放与自治要求不会消失，只是缺少1808年以后宫廷、官署、授勋、消费与城市建设突然集中里约的那条现实路径。（Kirsten Schultz，*Tropical Versailles: Empire, Monarchy, and the Portuguese Royal Court in Rio de Janeiro, 1808–1821*，2001；Kenneth Maxwell，*Naked Tropics*，第8章。）",数字段未出现形式引注；相邻注释或作者计算可能有效，待人工核定
05_大西洋与美洲.md,459,### 2. 若已迁都，法国就很难让它自愿回到旧制度,"晚一步止损的分支不同。1808年巴西港口已经开放，王室及其追随者已在里约建立利益。初期一般进口税率为24%，葡萄牙船运另有优惠；1810年对英条约给予英国货物15%税率，又有领事司法等特殊待遇，后来对葡萄牙货物另作调整。税率须按年份、船旗、商品和协定分别解释，不能把一个税率表当成整个时期不变的制度。（Alan K. Manchester，*British Preeminence in Brazil*，1933；Jorge M. Pedreira，〈From Growth to Collapse: Portugal, Brazil, and the Breakdown of the Old Colonial System〉，*HAHR*，80卷4期，2000，第839—864页。）",数字段未出现形式引注；相邻注释或作者计算可能有效，待人工核定
05_大西洋与美洲.md,461,### 2. 若已迁都，法国就很难让它自愿回到旧制度,葡萄牙商人的损失有具体尺度。佩德雷拉计算，1808—1813年葡萄牙对巴西本国产品出口，仅约为1796—1806年平均水平的22.4%；巴西商品再出口约11.6%，欧洲商品转运约10%。不同序列口径各异，但共同说明里斯本旧转口体系受到猛烈打击。法国若要求宫廷回国，并不只是在要求换住址，而是在要求一批已经受益者重新交出权利。,数字段未出现形式引注；相邻注释或作者计算可能有效，待人工核定
05_大西洋与美洲.md,463,### 2. 若已迁都，法国就很难让它自愿回到旧制度,1815年巴西升为王国，强化其与葡萄牙的法理并列；它不是从无到有创造所有行政机关，却为拒绝降回殖民地提供了新立场。1817年伯南布哥革命、1820年葡萄牙革命、1821年王室回国及1822年佩德罗主持独立，分别包含地方自主、欧洲复旧和王朝连续性的不同因素。（Schultz；Maxwell，同上。）,数字段未出现形式引注；相邻注释或作者计算可能有效，待人工核定
05_大西洋与美洲.md,467,### 2. 若已迁都，法国就很难让它自愿回到旧制度,宫廷迁移还改变了信息与制度。1808年巴西撤销部分限制制造业的规定、设立王家印刷所；伦敦出版的《巴西邮报》持续批评条约与行政，却也主张渐进改革。1810年英葡安排建立的法尔茅斯—里约邮船和英国商行网络，使商业优势同时成为信息优势。法国单有欧洲声望，难以取代这套定期到达的船、信用和消息。（Schultz；Manchester，1810年条约与英国商人章节。）,数字段未出现形式引注；相邻注释或作者计算可能有效，待人工核定
05_大西洋与美洲.md,471,### 3. 里约的繁荣，同样建立在奴隶劳动之上,王室迁都的城市叙事不能只写剧院、宫廷和印刷所。18世纪末里约人口大约4.5万—6万，奴隶人口占比很高；此前每年已有约万人的奴隶输入。宫廷、建筑、服务和出口经济扩大，会增加强迫劳动需求。（Schultz，城市社会与奴隶劳动章节。）,数字段未出现形式引注；相邻注释或作者计算可能有效，待人工核定
06_东方与印度.md,5,# 第七章　从多瑙河到印度洋：东方不是通往英国的一条空路,答案须分成三个层次：**恢复法国在印度的商站和贸易地位，有直接的条约先例，现实可行；支援印度及其外围的自主国家、提高东印度公司的防务成本，也有实际经验；征服英国在印度的领地并建立持久法国统治，超出1803年起法国最有根据的能力组合。** 这不是说欧洲军队永远到不了印度，而是说抵达、取胜、征税和长期补充四件事，法国没有一条同时闭合的路径。,数字段未出现形式引注；相邻注释或作者计算可能有效，待人工核定
06_东方与印度.md,13,### 1. “衰落帝国”仍有许多能说不的人,1803年的奥斯曼国家既不是整齐的现代官僚机器，也不是等候列强瓜分的尸体。苏丹、宫廷、乌理玛、禁卫军、地方显贵、包税人、商人和粮食供应者，分掌不同资源。中央的命令必须穿过这些组织，才能成为赋税、粮运和真正到营的士兵。,数字段未出现形式引注；相邻注释或作者计算可能有效，待人工核定
06_东方与印度.md,15,### 1. “衰落帝国”仍有许多能说不的人,"1807年，法国希望约25,000人通过波斯尼亚，前往多瑙河帮助奥斯曼对俄战争。波斯尼亚地方贝伊两次拒绝大军通行，却愿意接受少量军官。巴伊拉克塔尔等有实力的地方人物，也不愿让一支可能留下来的法军进入自己的政治空间。（Stanford J. Shaw，*Between Old and New: The Ottoman Empire under Sultan Selim III, 1789–1807*，1971，第355—356、363页。）",数字段未出现形式引注；相邻注释或作者计算可能有效，待人工核定
06_东方与印度.md,19,### 1. “衰落帝国”仍有许多能说不的人,"同样，帝国的财政弱点不是简单“没有钱”。雅伊哲奥卢指出，蒂马尔和税源逐步落到中央官员与地方权势者手里；若账簿把某项收入列为可回收，实际却已有一串受益者，它就不是皇帝随意处置的闲置资产。其所讨论的一组1804年蒂马尔登记中，3,575份里2,047份列为“空缺”，但相当部分已经进入权势网络。（Ali Yaycioglu，*Partners of the Empire: The Crisis of the Ottoman Order in the Age of Revolutions*，2016，第53—55页及相关章节。）",数字段未出现形式引注；相邻注释或作者计算可能有效，待人工核定
06_东方与印度.md,23,### 2. 新军的问题，不只是是否学会法国操典,"塞利姆三世的新秩序军到1806年底约有22,685名士兵、1,590名军官，约一半在安纳托利亚。它是可观的新力量，却未自动改造鲁米利亚征募，更未化解旧军与城市社会的既得利益。（Shaw，第130—133页。）",数字段未出现形式引注；相邻注释或作者计算可能有效，待人工核定
06_东方与印度.md,25,### 2. 新军的问题，不只是是否学会法国操典,"禁卫军军饷凭证可以流通，商人、宗教人士和家庭也可能持有收益权。于是，清除虚额不仅是校正一张兵员表，也是在取消一批社会财富。1809年出现约4,000人实际应召、却领取约14,000份军饷的案例；到1826年，名册和实际服役之间的差距更大。不同数字的年份与地域须分开，不能据此宣布整个帝国只剩几千名能战之兵。（Virginia H. Aksan，*Ottoman Wars, 1700–1870: An Empire Besieged*，2007，改革与禁卫军解体诸章。）",数字段未出现形式引注；相邻注释或作者计算可能有效，待人工核定
06_东方与印度.md,27,### 2. 新军的问题，不只是是否学会法国操典,1807年政变前，塞利姆犹豫是否召来新军，改革在宫廷选择与地方政治中崩溃；1808年巴伊拉克塔尔率军介入，仍救不回已经被杀的塞利姆。马哈茂德二世后来消灭禁卫军，依靠的是多年重组宗教支持、炮兵、军械与宫廷联盟，不是突然得到一批法国教官就完成革命。,数字段未出现形式引注；相邻注释或作者计算可能有效，待人工核定
06_东方与印度.md,31,### 2. 新军的问题，不只是是否学会法国操典,1808年《盟约》所显示的中央—地方显贵协商，是另一条可能的国家建设路径：它可能以协议、责任和地方伙伴加强帝国，而不是只靠中央消灭一切中介。其后失败，不证明这种路径从来没有可用政治基础。（Yaycioglu，关于 *Sened-i İttifak* 的章节。）,数字段未出现形式引注；相邻注释或作者计算可能有效，待人工核定
06_东方与印度.md,35,### 3. 达达尼尔海峡，是法俄联盟绕不过去的分配难题,拿破仑愿意以奥斯曼领土同俄国谈判，但他又不愿让俄国拥有完全自由的地中海出口。1808年法俄交涉中，君士坦丁堡与达达尼尔海峡的归属不断成为障碍。俄国若得到城市，却仍须经过法国控制的海峡，相当于离开自家门口也要取得邻国许可；法国若把海峡全部交给俄国，则改变欧洲长期均势。（John H. Puryear，*Napoleon and the Dardanelles*，1951；Albert Vandal，*Napoléon et Alexandre Ier*，卷一，1808年谈判部分。）,数字段未出现形式引注；相邻注释或作者计算可能有效，待人工核定
06_东方与印度.md,37,### 3. 达达尼尔海峡，是法俄联盟绕不过去的分配难题,后来的著名格言——“谁占有君士坦丁堡，谁就拥有世界帝国”——常在回忆叙事中传播，不宜当作1808年某次会议的逐字记录。真正的同期文书已经足够：科兰古1808年3月16日致信中的“je crois”，表明把海峡交给俄国能否稳定其野心，连使节自己也只是在估计，不是两国已批准的交易。,数字段未出现形式引注；相邻注释或作者计算可能有效，待人工核定
06_东方与印度.md,39,### 3. 达达尼尔海峡，是法俄联盟绕不过去的分配难题,提尔西特秘密协定也没有一份已经敲定的印度远征部署。共同出兵地点和数量留待后议；有关奥斯曼的排除条款说明帝国中心并非任由双方分配。1808年埃尔福特交涉接受俄国对多瑙河两公国的利益，又努力避免公开交易把奥斯曼推向英国。外交上相互矛盾的承诺，削弱的是法国日后动员奥斯曼的信用。,数字段未出现形式引注；相邻注释或作者计算可能有效，待人工核定
06_东方与印度.md,41,### 3. 达达尼尔海峡，是法俄联盟绕不过去的分配难题,到1812年，法国又希望苏丹率大军攻俄。马哈茂德二世有充分理由不相信那个曾拿本国领土同俄国交易的保护者。布加勒斯特和约以普鲁特河为界，使俄国可以从南方脱身；法国的俄国战争威胁确实改善了奥斯曼谈判筹码，却没有转成奥斯曼接受法国战略指挥。（Aksan；1812年5月28日《布加勒斯特和约》第4—6、8、11条。）,数字段未出现形式引注；相邻注释或作者计算可能有效，待人工核定
06_东方与印度.md,47,### 4. 粮食、货币和海峡贸易，规定了帝国合作的限度,伊斯坦布尔依赖多瑙河、黑海和巴尔干的粮食与牲畜供应；研究所举1818年羊只来源中，多瑙河公国占约42%。即便中央愿意参与对英经济战争，也不可能无成本地切断自身商业和粮食网络。（Aksan，军需与首都供应讨论。）,数字段未出现形式引注；相邻注释或作者计算可能有效，待人工核定
06_东方与印度.md,51,### 4. 粮食、货币和海峡贸易，规定了帝国合作的限度,财政数字亦须先处理币值。18世纪末与19世纪前期的库鲁什数额，经历货币含银量和征收口径变化。将1784年收入、改革新库收入与1826年的名义预算直接排列，就可能把贬值当成国力增长。部分1820年代币值剧烈变动，尤其不宜再按单一汇率折成法郎，给法国东方补贴表提供虚假精度。（Şevket Pamuk及Aksan的货币、财政讨论；Shaw，新秩序财政章节。）,数字段未出现形式引注；相邻注释或作者计算可能有效，待人工核定
06_东方与印度.md,53,### 4. 粮食、货币和海峡贸易，规定了帝国合作的限度,"军事上同样需要区别登记、集结与野战。1811年奥斯曼军在多瑙河战区仍能集结数万兵，战败涉及渡河部署、封锁和补给，不能由一张国家兵额表提前得出“必胜”或“没有军队”。约36,000人受困于多瑙河北岸的经历，更说明政治上能动员与行动上能维持不是一回事。",数字段未出现形式引注；相邻注释或作者计算可能有效，待人工核定
06_东方与印度.md,57,### 5. 希腊与东方危机，在法国胜利后仍会发生,希腊商业网络、宗教共同体、地方武装与流亡者，拥有独立于拿破仑的历史。友谊社1814年在敖德萨成立，正表现了商贸、帝国边界与政治动员的交错。法国主导欧洲，既可能压低外部支持起义的机会，也可能因法国革命与民族语言的流动产生新的期待。,数字段未出现形式引注；相邻注释或作者计算可能有效，待人工核定
06_东方与印度.md,67,### 1. 拿破仑的埃及愿望，确实没有在1801年结束,塞巴斯蒂亚尼1803年的报告声称少量法军就可重占埃及，带有明显政治目的；它不是当地长期占领的完整预算。但以后更具体的文书说明，拿破仑确实持续考虑返回。,数字段未出现形式引注；相邻注释或作者计算可能有效，待人工核定
06_东方与印度.md,69,### 1. 拿破仑的埃及愿望，确实没有在1801年结束,"1810年9月17日，他给德克雷的信讨论一支约4万人的远征军：约3万步兵、4,000炮兵与工兵、6,000骑兵，另列马匹和车辆运输。1811年的命令又涉及尼罗河及湖泊船只、侦察和准备。这些细节不能被一句“东方只是虚张声势”抹掉；同样，纸面兵力与船运计划没有实际启航，也不能作为法国已经具备运送并维持4万人的证明。（Édouard Driault，*Mohamed Aly et Napoléon, 1807–1814*，1925，收入上述往来文书。）",数字段未出现形式引注；相邻注释或作者计算可能有效，待人工核定
06_东方与印度.md,75,### 2. 阿里的商业向英国，技术向法国，政治向自己,1805年以后崛起的穆罕默德·阿里并不以“亲法”或“亲英”之一为固定身份。他欢迎法国技术和人员，却防备法国再次占领；他向英国控制的市场出售粮食，却不愿因此成为英国附庸。1808年前后加固亚历山大防御、拒绝带有控制意味的援助，正体现这种选择。（Driault，1808—1810年领事文书。）,数字段未出现形式引注；相邻注释或作者计算可能有效，待人工核定
06_东方与印度.md,77,### 2. 阿里的商业向英国，技术向法国，政治向自己,"拿破仑在欧洲实行封锁时，埃及粮食却经马耳他进入英国的地中海供应体系，间接支撑伊比利亚战场。马尔索记录法国领事对月度船运的观察，包括30艘、每艘约1,200阿尔达布粮食的规模；1811年获利4,500万—5,000万皮阿斯特，是同期估计，不是核定国库净收入。（Afaf Lutfi al-Sayyid Marsot，*Egypt in the Reign of Muhammad Ali*，1984，第146—149页。）",数字段未出现形式引注；相邻注释或作者计算可能有效，待人工核定
06_东方与印度.md,83,### 3. 红海被重新使用，却不是苏伊士运河,阿里为了向阿拉伯半岛投送军队，在布拉克制造船只，拆成部件后用骆驼运往苏伊士再组装；1809—1811年有关记录列出18艘约100—150吨的船。他也利用马斯喀特航运。这个工程证明埃及能组织一条跨沙漠转运线，不能把它说成一条容纳欧洲舰队直航印度的运河。（Marsot；Driault，红海船运文书。）,数字段未出现形式引注；相邻注释或作者计算可能有效，待人工核定
06_东方与印度.md,85,### 3. 红海被重新使用，却不是苏伊士运河,"1801年英国贝尔德部队经红海进入埃及，提供了另一项真实先例：数千人规模的跨海与沙漠行动可以实现。然而无水路段、运输动物、饮水和夜行军安排，正是行动的条件。由约6,000名印度兵及相关部队的行动，外推为数万法军能够连续越过埃及再横渡印度洋，需要另做船舶、季风和补给准备。",数字段未出现形式引注；相邻注释或作者计算可能有效，待人工核定
06_东方与印度.md,89,### 3. 红海被重新使用，却不是苏伊士运河,商业转运后来确有发展。1841年阿里给予半岛东方航运公司苏伊士登陆与陆路转运便利，却担心一条国际运河诱发外国占领。这项区别很重要：收费的商道可以加强埃及财政，别国军队自由通过的军事走廊则可能毁掉其主权。法国若尊重前者而放弃强索后者，更容易得到合作。（Marsot，第264—267页。）,数字段未出现形式引注；相邻注释或作者计算可能有效，待人工核定
06_东方与印度.md,93,### 4. 阿里想要叙利亚，不是替拿破仑取得孟加拉,埃及扩张首先服务于阿里的王朝。阿拉伯战争关联奥斯曼宗教政治与埃及自身安全；苏丹远征涉及黄金、兵源及奴隶；叙利亚则提供人口、战略纵深与木材。易卜拉欣1833年所说“拥有舰队的国家需要木材”，概括了奇里乞亚、叙利亚与塞浦路斯在其规划中的物质意义。（Marsot，第227—231页。）,数字段未出现形式引注；相邻注释或作者计算可能有效，待人工核定
06_东方与印度.md,95,### 4. 阿里想要叙利亚，不是替拿破仑取得孟加拉,"巴格达与更遥远东方并没有同等价值。1828—1830年前后，阿里对法国希望他向的黎波里、突尼斯、阿尔及尔扩张的方案也不热心：代价大，且分散他对叙利亚的注意。一个愿意用法国军官训练军队的统治者，完全可以拒绝法国为他指定战争。（Khaled Fahmy，*All the Pasha’s Men: Mehmed Ali, His Army and the Making of Modern Egypt*，1997，第1章。）",数字段未出现形式引注；相邻注释或作者计算可能有效，待人工核定
06_东方与印度.md,99,### 4. 阿里想要叙利亚，不是替拿破仑取得孟加拉,阿里在国内也不是凭法国支持才取得权力。奥斯曼授职、阿尔巴尼亚军人、开罗乌理玛和商人的联合共同促成其上升；其后他削弱旧伙伴，1811年城堡屠杀又清除马穆鲁克领导层。1820年代征兵与征敛激起城乡抵抗。故法国若试图除掉阿里另立总督，面对的是重新组合这些力量，而非更换一块行政招牌。（Aksan；Fahmy，第1—3章；Driault，1925，第16—17页。）,数字段未出现形式引注；相邻注释或作者计算可能有效，待人工核定
06_东方与印度.md,101,### 4. 阿里想要叙利亚，不是替拿破仑取得孟加拉,他的政治语言仍主要属于奥斯曼—伊斯兰世界，而非后来的阿拉伯民族国家。把法国支持的埃及直接写成一个早生半世纪的阿拉伯民族帝国，会误读统治者身份与地方动员。（Marsot，第241页。）,数字段未出现形式引注；相邻注释或作者计算可能有效，待人工核定
06_东方与印度.md,105,### 5. 埃及的强军，建立在被征服者和农民身上,阿里的军队不能写成法国教官在东方复制了大军团。早期从苏丹奴隶中建立军队的试验遭遇高死亡与其他困难，1822年以后转向大规模征募埃及农民。欧洲式操练被纳入奥斯曼—埃及的统治目标，不是简单移植。（Fahmy，第2—3章。）,数字段未出现形式引注；相邻注释或作者计算可能有效，待人工核定
06_东方与印度.md,109,### 5. 埃及的强军，建立在被征服者和农民身上,"1830年代埃及动员人口的规模可达十余万，但同时代观察者斯科特所列名义军额90,550人与其估计的约8万埃及正规军，并不是同一范围；叙利亚部队、非正规军与海军另有口径。农民人口约数与军额相比，可以显示负担沉重，不应伪装成精确的人均动员极限。（C. R. Scott，*Rambles in Egypt and Candia*，1837，卷二，军队与海军章节；Fahmy。）",数字段未出现形式引注；相邻注释或作者计算可能有效，待人工核定
06_东方与印度.md,111,### 5. 埃及的强军，建立在被征服者和农民身上,"1832年科尼亚，埃及军以较少兵力击败奥斯曼主力，是组织和战术成功的显著证据。战役人数和损失数字在文献间不一，常引约15,000对50,000的规模足以说明以少胜多；它不证明阿里从此能占领并治理整个奥斯曼帝国。1839年的胜利与奥斯曼舰队倒向埃及，更将当地军事优势同列强干预的危险同时推到高点。",数字段未出现形式引注；相邻注释或作者计算可能有效，待人工核定
06_东方与印度.md,115,### 6. 工厂、棉花与舰队，仍受全球市场限制,"埃及确有工业扩展。长绒棉的引种、灌溉与国家收购，创造出口收入；马尔索所列棉花数量由1828年的59,200坎塔尔增至1844年的153,363。兵工厂可以月产数门火炮、数百支步枪；不同工场的数字不能相加成不变产能。煤、铁、设备和熟练人员仍依赖外来供应。（Marsot，农业、工业与海军各章。）",数字段未出现形式引注；相邻注释或作者计算可能有效，待人工核定
06_东方与印度.md,117,### 6. 工厂、棉花与舰队，仍受全球市场限制,"军队现代化还面对瘟疫、欠饷和行政负荷。1835年瘟疫死亡约50万是历史估计，不能当作完全核定人口数；但其对劳动力、军队和税收的冲击不容忽视。1841年前后债务约8,000万法郎的估计，1844年一组税款拖欠约占应收额19%的数据，都表明胜利并不自动形成充足现金流。（Marsot，政权晚期财政与继承讨论。）",数字段未出现形式引注；相邻注释或作者计算可能有效，待人工核定
06_东方与印度.md,121,### 6. 工厂、棉花与舰队，仍受全球市场限制,**主线结论是一个更能同法国合作、却坚持自主的埃及王朝，处于奥斯曼法统与事实自治之间。** 若法国的欧洲优势足以提高其外交分量，阿里可能保住更多地方权利；但“没有法国战败，因此1840年外部干预不会发生、埃及必然吞并叙利亚”并不成立。英、俄、奥和苏丹仍可反对。法国最稳的选择是调停，不是同时保证苏丹全部领土与阿里全部扩张。,数字段未出现形式引注；相邻注释或作者计算可能有效，待人工核定
06_东方与印度.md,125,## 三、北非的另一端：阿尔及尔不是缩小版埃及,阿尔及尔、突尼斯和的黎波里拥有不同的奥斯曼联系、地方政权、贸易与私掠网络。把它们一起称为“巴尔巴里海盗”，会遮蔽港口社会、条约收入、农业和商人；把1830年法国夺取阿尔及尔视为法国能轻易征服埃及的先例，又混淆了海岸登陆与内陆统治。,数字段未出现形式引注；相邻注释或作者计算可能有效，待人工核定
06_东方与印度.md,127,## 三、北非的另一端：阿尔及尔不是缩小版埃及,"潘扎克记录，马赛每年来自马格里布的到港船数，1784—1788年约148艘，1793—1799年约28艘。法国革命战争破坏商业，也改变了私掠利润。某些年份私掠重新繁荣，并非这些社会永远停留在同一经济形态。（Daniel Panzac，*Barbary Corsairs: The End of a Legend, 1800–1820*，2005，第73—76页。）",数字段未出现形式引注；相邻注释或作者计算可能有效，待人工核定
06_东方与印度.md,129,## 三、北非的另一端：阿尔及尔不是缩小版埃及,"阿尔及尔1813年可确认的奴隶规模上限约1,645人；突尼斯在一项峰值估计中，私掠收入约占国家收入15.7%。它们足以解释国家对海上暴力的依赖，却不支持将整片北非经济都简化为贩卖欧洲俘虏。（Panzac，奴隶经济及国家收入章节。）",数字段未出现形式引注；相邻注释或作者计算可能有效，待人工核定
06_东方与印度.md,139,### 1. 芬肯施泰因不是一张已经开通的印度通行证,1807年5月4日法波《芬肯施泰因条约》包含互惠条件。法国保证波斯领土，承认波斯对格鲁吉亚的主张，并许诺促使俄国撤出；军火按约定欧洲价格供应，法国派军官训练。波斯则同英国断交并准备合作。（《芬肯施泰因条约》第2—8条。）,数字段未出现形式引注；相邻注释或作者计算可能有效，待人工核定
06_东方与印度.md,141,### 1. 芬肯施泰因不是一张已经开通的印度通行证,第10条要求波斯争取阿富汗及坎大哈力量的合作，先取得通过其领土的许可；第12—13条把路线、给养、运输和采购价格留待特别安排；第14条为法国过境开门，却排除俄、英。**阿富汗同意、运输仓储和法俄联合远征，都不是这份条约已经解决的事。**,数字段未出现形式引注；相邻注释或作者计算可能有效，待人工核定
06_东方与印度.md,143,### 1. 芬肯施泰因不是一张已经开通的印度通行证,法国军官的确到达了。加尔达纳使团在1807年9月离开斯库台，11月抵大不里士，12月到德黑兰；人员沿斯库台—德黑兰、德黑兰—伊斯法罕、巴格达—设拉子—波斯湾等路线调查。道路报告、地图、炮厂和操练，远比后世“东方幻想”的四字概括具体。（Driault，*La politique orientale de Napoléon*，1904，第316—320页；使团往来文书。）,数字段未出现形式引注；相邻注释或作者计算可能有效，待人工核定
06_东方与印度.md,145,### 1. 芬肯施泰因不是一张已经开通的印度通行证,但波斯接受这些人，首先是为了对抗俄国，不是替法国走向印度。法俄提尔西特和解后，法国不愿为了格鲁吉亚同新伙伴翻脸；1808年俄波战事中，法国教官又受到不得实际参战的限制。条约中最重要的波斯所得没有兑现，要求波斯继续为法国冒险就失去基础。,数字段未出现形式引注；相邻注释或作者计算可能有效，待人工核定
06_东方与印度.md,149,### 2. 英国的优势，是可以把承诺变成付款与人员,1808年底波斯向法国提出最后要求；加尔达纳1809年2月离开，英国外交人员紧接着到来。英国1809年提供约10万英镑补助及训练支持，后续协定又调整为20万土曼等标准。这些金额涉及年份、币种与履约条件，不能统一写成“每年英国固定支付某数”。1814年条约更带有战争责任等限制。（Harford Jones Brydges，*An Account of the Transactions of His Majesty’s Mission to the Court of Persia*，1834；英波1809、1812、1814年协定。）,数字段未出现形式引注；相邻注释或作者计算可能有效，待人工核定
06_东方与印度.md,153,### 2. 英国的优势，是可以把承诺变成付款与人员,波斯自身的收入也不是地图上全部税额的简单合计。王子和地方官在辖区征收、支付本地军政费用，贡礼中有马匹、珠宝等非现金资产。国王拥有宝石，不等于远征军下一站已有谷物和现钱。（Jones Brydges，第286—287页。）,数字段未出现形式引注；相邻注释或作者计算可能有效，待人工核定
06_东方与印度.md,155,### 2. 英国的优势，是可以把承诺变成付款与人员,"阿巴斯·米尔扎的新军从约数千人逐步扩大：研究所列1808—1809年约6,000、1817年约8,000，1831年约12,000步兵及1,200炮兵，口径与年份不同。它们说明改革有实际成果，也说明一支数万人的法国远征军不会到来后便自动获得同等规模、训练一致、可离开高加索前线的波斯辅助军。",数字段未出现形式引注；相邻注释或作者计算可能有效，待人工核定
06_东方与印度.md,159,### 3. 铸出二十门炮，不等于已经建立东方大军,法比耶在约五个月中铸出20门炮，是使团技术工作的成功。部分火炮随后被封存而未有效用于预定战争，又显示技术能力与指挥、财政、外交之间的脱节。（Driault；加尔达纳使团材料。）,数字段未出现形式引注；相邻注释或作者计算可能有效，待人工核定
06_东方与印度.md,169,### 1. 杜兰尼王朝的名义疆域，不是一条统一后勤区,埃尔芬斯通1809年出使喀布尔宫廷时，观察到的阿富汗王权正处于竞争、地方分权与财政困难中。他所述近3千万卢比的名义收入，与不足2千万的实际收入并不相同；其中又有相当部分分给贾吉尔持有人，中央真正可以支配的现金更少。（Mountstuart Elphinstone，*An Account of the Kingdom of Caubul*，1815，财政与军队章节。）,数字段未出现形式引注；相邻注释或作者计算可能有效，待人工核定
06_东方与印度.md,171,### 1. 杜兰尼王朝的名义疆域，不是一条统一后勤区,部族骑兵的服役义务、王室古拉姆骑兵、地方军队也不能全部视为国王随时可派往印度的常备军。沙阿·舒贾1809年即将丧失王位；与他签约，并不保证继任者、部族首领和沿途城镇履约。,数字段未出现形式引注；相邻注释或作者计算可能有效，待人工核定
06_东方与印度.md,177,### 2. 法国威胁最确凿的成果，是英国先签了约,1809年英国同旁遮普、阿富汗与信德分别安排外交防线。4月25日《阿姆利则条约》界定英国与兰吉特·辛格在萨特莱杰河两侧的关系；6月喀布尔协定针对法波联合通过的威胁；8月与信德的条约排斥法国势力进入。（上述三项条约；明托1808年6月17日关于向拉合尔、喀布尔派使节的备忘录。）,数字段未出现形式引注；相邻注释或作者计算可能有效，待人工核定
06_东方与印度.md,183,### 3. 锡克军队用法国操典，却不替法国打仗,兰吉特·辛格可以聘用阿拉尔、文图拉等欧洲军官，也可以让他们使用法式操练、军服与组织。1822年后的经验说明，法国战败后流动的军官和技术仍有价值；它并不证明这些军官能够把旁遮普变成巴黎的军事代理。（H. T. Prinsep，*Origin of the Sikh Power in the Punjab*，1834；欧洲军官在旁遮普服役材料。）,数字段未出现形式引注；相邻注释或作者计算可能有效，待人工核定
06_东方与印度.md,185,### 3. 锡克军队用法国操典，却不替法国打仗,"普林塞普汇集的一组财政数为入库收入14,881,500卢比、贾吉尔收入10,928,000卢比；正规军27,752人与合计82,014名各类兵额，范围不同。376门火炮与370门驼载炮也属不同类别，不能合并成同等重炮。它们表明锡克国家有实质财政—军事能力，而非仅有法国人装饰的宫廷。（Prinsep，第183—187页。）",数字段未出现形式引注；相邻注释或作者计算可能有效，待人工核定
06_东方与印度.md,189,### 3. 锡克军队用法国操典，却不替法国打仗,实际历史中1839年后的继承与军事政治危机，深刻影响英锡战争。反事实推演可以判断英国仍会关注旁遮普，也可能继续扩张，却不应规定1845—1849年的战争及吞并原样发生。稳定继承、较早财政改革、不同英法关系，足以改变时间与结局。**旁遮普是法国支持地区均势的合理对象，不是征服全印度的现成踏板。**,数字段未出现形式引注；相邻注释或作者计算可能有效，待人工核定
06_东方与印度.md,195,### 1. 同期文书支持威慑，也支持更远的想象,1807年11月12日拿破仑给科兰古的训令讨论4万法军经君士坦丁堡、4万俄军经高加索；1808年2月2日致亚历山大一世的信，又说一支大军还未抵达幼发拉底河就足以使英国震动。这句话把威慑放在抵达印度之前，说明计划首先也服务于欧洲谈判。（拿破仑《通信集》，上述日期文书。）,数字段未出现形式引注；相邻注释或作者计算可能有效，待人工核定
06_东方与印度.md,197,### 1. 同期文书支持威慑，也支持更远的想象,但同一时期给加尔达纳的训令涉及约2万法军和训练约1.2万波斯军，也有人调查行军道路。因此，把全部方案归为“纯口头虚张声势”同样失之简单。最准确的判断是：**拿破仑认真保留东方军事选项，并利用它施压；他从未完成使最大方案能执行的政治与物质闭合。**,数字段未出现形式引注；相邻注释或作者计算可能有效，待人工核定
06_东方与印度.md,199,### 1. 同期文书支持威慑，也支持更远的想象,"1801年保罗一世命令约22,507名哥萨克出动的行动，不能用作已经成熟的法俄联合远征先例。它确有俄方命令和行军，但流传的法俄各35,000人共同方案，缺少相应两国批准文书；法方使节抵达时间也晚于行动结束。必须区分俄国单方面行动与拿破仑已同意的联合战争。",数字段未出现形式引注；相邻注释或作者计算可能有效，待人工核定
06_东方与印度.md,203,### 2. 五个月行程，不含组装一支五个月能活下来的军队,法国调查者估计，从特拉布宗至印度河可能需五至七个月，经阿勒颇则七至八个月。这类时间通常不包括大军集结、谈判、开仓、道路修整、作战和等待季节。使团几十人的旅行速度，更不等于带火炮、伤员和牲畜的大军速度。（Driault，1904，第316—320页及使团道路报告。）,数字段未出现形式引注；相邻注释或作者计算可能有效，待人工核定
06_东方与印度.md,207,### 2. 五个月行程，不含组装一支五个月能活下来的军队,"可以用一个透明的算例说明尺度。**假设**25,000人每日每人消耗1.5公斤粮食，仅人粮每天就需37.5吨；储备十天需375吨。如果再**假设**一头驮畜净载150公斤，仅这十天人粮就需要2,500头满载驮畜。此算例没有包括饲料、饮水、弹药、帐篷、医疗和运输人员，也没有把牲畜损失计入。",数字段未出现形式引注；相邻注释或作者计算可能有效，待人工核定
06_东方与印度.md,209,### 2. 五个月行程，不含组装一支五个月能活下来的军队,"它证明负荷很大，不证明某个固定“2万人物理上限”。把报告“每两人一头驮畜”换成约12,500头，是另一种总运输估计，不能再把2,500简单相加而不查重。更不能用未经校准的生存率与白银预算，宣布2万—3万人恰好会在一年半抵达赫拉特。",数字段未出现形式引注；相邻注释或作者计算可能有效，待人工核定
06_东方与印度.md,211,### 2. 五个月行程，不含组装一支五个月能活下来的军队,"1838年英国入侵阿富汗的一支约9,500名战斗人员的孟加拉军，带有数万随营人员和约3万头骆驼，可作数十年后的规模警示；它不是1808年法国方案的真实编制。（John William Kaye，*History of the War in Afghanistan*，卷一，第388—389页。）",数字段未出现形式引注；相邻注释或作者计算可能有效，待人工核定
06_东方与印度.md,227,### 1. “收回七年战争失地”，首先须说明收回什么,本地治里、金德讷格尔、马埃、卡里卡尔、雅南等据点，在此后战争与和约中多次易手。1814年和约又恢复若干战前商站，同时规定军事限制，并承认英国在印度相关领土的地位。条约恢复商站与恢复一个可以征税、扩军的大型殖民国家，是两种完全不同的结果。（1814年《巴黎和约》第8、12条。）,数字段未出现形式引注；相邻注释或作者计算可能有效，待人工核定
06_东方与印度.md,231,### 1. “收回七年战争失地”，首先须说明收回什么,**恢复商站是最有现实根据的印度目标；取得一个有限武装桥头堡是需要额外交换的备选；恢复18世纪中期杜普莱式政治支配乃至征服全印度，则是另一场战争。**,数字段未出现形式引注；相邻注释或作者计算可能有效，待人工核定
06_东方与印度.md,235,### 2. 德卡恩收到过进攻设想，却首先遇到时间差,1803年拿破仑给德卡恩的训令说其使命“首先是观察”，同时又要求规划在法国并不掌握海洋的假定下，如何维持印度战争。把前半句当成法国从无进攻意图，会漏掉同一份文件的后半段。（拿破仑致德卡恩训令，1803年1月15日。）,数字段未出现形式引注；相邻注释或作者计算可能有效，待人工核定
06_东方与印度.md,237,### 2. 德卡恩收到过进攻设想，却首先遇到时间差,"德卡恩带往东方的陆军只有约1,200—1,400人，数字随是否计入附属人员而异。抵达印度后，英国对交还本地治里的拖延、欧亚通信的时差与战争重启，使他最终以法兰西岛为主要基地。巴黎的一道命令跨越数月海程，当地形势已可能完全改变。（S. P. Sen，*The French in India, 1763–1816*，1958，德卡恩及法兰西岛诸章；C. Northcote Parkinson，*War in the Eastern Seas, 1793–1815*，1954。）",数字段未出现形式引注；相邻注释或作者计算可能有效，待人工核定
06_东方与印度.md,245,### 3. 1808年大方案：西班牙不是唯一一道门,"拿破仑1805年曾设想投入约2万法国军人，联同西班牙和岛上力量；1808年5—6月的方案又列出约19,600名陆军、10,600名水手及56艘各类舰船。纸面上的兵力和船数是真实计划的一部分，不应抹去。（拿破仑《通信集》，1805年1月16日及1808年6月10日前后相关命令；Sen；Parkinson。）",数字段未出现形式引注；相邻注释或作者计算可能有效，待人工核定
06_东方与印度.md,247,### 3. 1808年大方案：西班牙不是唯一一道门,若不爆发西班牙战争，法国确实少一个重大分流。但出港条件改善，并不证明56艘船一定会作为完整远征队出海，更不证明按某个未经校准的“60%—75%抵达率”就能把一万余人送到目标。季风、分舰队会合、补水修理、英国拦截、基地粮食和登陆后的收入，需要分别落实。,数字段未出现形式引注；相邻注释或作者计算可能有效，待人工核定
06_东方与印度.md,249,### 3. 1808年大方案：西班牙不是唯一一道门,"实际增援远小于方案。海军大臣德克雷、德卡恩及远洋舰队指挥官之间有目标与风险判断差异；利努瓦并不简单受当地总督战术指挥。将执行失败全部归为德克雷“胆小”，会忽略部门分权、船只状态、命令延迟与欧洲优先级。（Parkinson，第9章；Henri Prentout，*L’Île de France sous Decaen, 1803–1810*，1901，相关内容在本研究中经Pierre Kaeppelin书评及Sen转述使用，未冒称已核全书。）",数字段未出现形式引注；相邻注释或作者计算可能有效，待人工核定
06_东方与印度.md,255,### 4. 私掠能增加成本，却不能替代制海权,但私掠收益依赖商船仍然航行，也依赖基地不被拔除。英国可以把损失分摊到保险、护航和更大财政体系；法国不能由少数丰厚战利品推导出英国印度贸易已断。1804年普洛奥拉行动中，英国东印度商船队的抵抗与欺骗使利努瓦退却，说明武装商船、指挥判断和情报同样重要；有关船货总值的异文不必拿来制造一个巨额“差点获得”的收益。,数字段未出现形式引注；相邻注释或作者计算可能有效，待人工核定
06_东方与印度.md,257,### 4. 私掠能增加成本，却不能替代制海权,1810年大港海战，英国损失四艘护卫舰，是法国真实的战术胜利。但英国已拥有罗德里格斯岛等前进支点，并能重新集结登陆力量；法兰西岛仍在同年12月陷落。**赢一场港内海战，与使敌人再也组织不起下一次远征，是不同的能力。**（Parkinson，第22章；Sen，法兰西岛陷落章节。）,数字段未出现形式引注；相邻注释或作者计算可能有效，待人工核定
06_东方与印度.md,259,### 4. 私掠能增加成本，却不能替代制海权,"关于英国登陆兵力，资料分别出现6,848、11,306及约16,000等数字，涉及陆上战斗序列、海军陆战队、水手及叙事总人数。既有材料没有把所有口径完全对齐，故不取平均。共同可确认的事实是，英国组织的联合登陆明显超过法国岛上约2,000名守军，并能选择多个登陆点。",数字段未出现形式引注；相邻注释或作者计算可能有效，待人工核定
06_东方与印度.md,263,### 5. 法国基地的政治软肋，也在奴隶制,法兰西岛的种植园经济和殖民统治依靠奴隶劳动。殖民者抵制革命时期的废奴，也曾反对危急时武装奴隶。1809年相关动员公告被撤回，表明总督不能把奴隶人口直接计成可自由使用的兵源。（Prentout经Kaeppelin转述；Sen，殖民地动员部分。）,数字段未出现形式引注；相邻注释或作者计算可能有效，待人工核定
06_东方与印度.md,267,### 5. 法国基地的政治软肋，也在奴隶制,马达加斯加的塔马塔夫等地为马斯克林群岛提供粮食、牲畜与被奴役人口，说明基地自持也依赖邻近海岸贸易。缺少这类航线、仓储和库存的逐年材料，就不宜宣布巴黎每年增加几百名士兵便必然让两岛多守18个月或三年。补强可能提高成本，英国也可能因此更早集中力量拔除。,数字段未出现形式引注；相邻注释或作者计算可能有效，待人工核定
06_东方与印度.md,273,### 1. 马拉塔的分裂，是政治选择，不是只有装备落后,"1802年霍尔卡尔击败佩什瓦与辛迪亚的联军后，佩什瓦转而接受英国的巴塞因安排。辛迪亚、霍尔卡尔、那格浦尔的邦斯勒和浦那宫廷，彼此竞争王权、税源与地位；并没有一个可以代表所有邦签署共同战略的稳定中央。（Stewart Gordon，*The Marathas, 1600–1818*，1993，第170—179页。）",数字段未出现形式引注；相邻注释或作者计算可能有效，待人工核定
06_东方与印度.md,275,### 1. 马拉塔的分裂，是政治选择，不是只有装备落后,法国军官训练的步兵和炮兵确有战斗力，英军在阿萨耶、拉斯瓦里并非毫无代价地获胜。但这些军队的军饷与政治忠诚来自当地统治者，不来自巴黎。法籍军官中有人积累财富、持有东印度公司相关金融资产、希望退休；德·布瓦涅等人的行为也不能归为对拿破仑的统一服从。（Randolf G. S. Cooper，*The Anglo-Maratha Campaigns and the Contest for India*，2003，第222—226页。）,数字段未出现形式引注；相邻注释或作者计算可能有效，待人工核定
06_东方与印度.md,283,### 2. 海得拉巴与迈索尔：1803年之前已经关闭的门,"海得拉巴雷蒙麾下法式部队约14,000人的规模，说明法国军事技术曾深入印度政治。但1798年该军团已在英国压力及尼扎姆宫廷的选择下被解除武装。1803年重新开始推演，不能把它当成仍在原地等待法国接管的部队。（Sen，海得拉巴法军团章节。）",数字段未出现形式引注；相邻注释或作者计算可能有效，待人工核定
06_东方与印度.md,285,### 2. 海得拉巴与迈索尔：1803年之前已经关闭的门,蒂普苏丹1798年向法国要求数千欧洲士兵和更多非洲兵，实际获得的援助却极少；法属岛屿公开的招募与援助宣言，还给英国提供了发动战争的理由。蒂普1799年死亡，迈索尔的政治结构已被改造。法国可以利用旧王朝象征及不满者，却不拥有一个完整、尚未战败的蒂普国家。,数字段未出现形式引注；相邻注释或作者计算可能有效，待人工核定
06_东方与印度.md,287,### 2. 海得拉巴与迈索尔：1803年之前已经关闭的门,1806年韦洛尔兵变中，蒂普家族的存在和象征确有作用；军服、胡须、耳饰与皮革规定触及军人宗教和身份，亦是关键因素。它证明公司军队内部存在脆弱点，不证明法国曾直接策划，更不证明同一时刻全印度土兵都在等待法国登陆。（H. H. Wilson，*The History of British India*续编，卷七，韦洛尔章节；Seema Alavi，*The Sepoys and the Company*。）,数字段未出现形式引注；相邻注释或作者计算可能有效，待人工核定
06_东方与印度.md,291,### 3. 特拉凡哥尔：传闻可以动员，承诺仍须兑现,1808—1809年韦卢·坦皮领导的抵抗，与附属军费用、地方权力和宗教政治有关。法国即将援助的传闻可以扩大动员，却没有变成可持续的法印联合行动。纳伊尔部队规模不小，仍在英国军队和地方政治变化中迅速失败。（Wilson，卷七，特拉凡哥尔章节。）,数字段未出现形式引注；相邻注释或作者计算可能有效，待人工核定
06_东方与印度.md,297,### 4. 尼泊尔、缅甸、阿曼：共同忌惮英国，不等于共同战略,尼泊尔有自己的山地扩张和边境利益。1814—1816年的战争表明，它能给英国造成显著成本；但军械补给、资源与多线压力同样限制行动。它对中国或旁遮普的求援，不等于对法国作出从属承诺。（John Pemble，*The Invasion of Nepal: John Company at War*，有关军制与外交讨论。）,数字段未出现形式引注；相邻注释或作者计算可能有效，待人工核定
06_东方与印度.md,301,### 4. 尼泊尔、缅甸、阿曼：共同忌惮英国，不等于共同战略,阿曼—马斯喀特依靠印度贸易，并受到瓦哈比等陆上压力。1798、1800年的英阿安排及1803年对法国接触的拒绝，显示它倾向选择能实际提供海上保护的力量。若法国拿不出替代安全和市场，就很难以一纸波斯同盟购买阿曼港口。（Sen；Parkinson；有关马斯喀特条约材料。）,数字段未出现形式引注；相邻注释或作者计算可能有效，待人工核定
06_东方与印度.md,307,### 5. 爪哇：另一个基地，也有自己的殖民社会,丹德尔斯在爪哇修筑道路、改革防务、加强征发，是法荷关系影响亚洲的实例；但爪哇不是法国可以直接填入兵力表的一座无人军港。荷兰殖民官僚、地方统治者、农民与强迫劳役的利益冲突，构成其自身政治。（Parkinson，第23章；荷属东印度防务研究。）,数字段未出现形式引注；相邻注释或作者计算可能有效，待人工核定
06_东方与印度.md,309,### 5. 爪哇：另一个基地，也有自己的殖民社会,"1811年英国从印度组织约12,000人的登陆与后续作战，夺取爪哇；胜利也伴随疾病和占领费用。若法国保留荷兰较多自主权、避免把其殖民地一概变成法国战争工具，爪哇可能有较好的外交回旋。但英国是否接受其作为法国进攻基地，仍取决于战争状态。",数字段未出现形式引注；相邻注释或作者计算可能有效，待人工核定
06_东方与印度.md,319,### 1. 它是一家商公司，也是一部受英国政治控制的战争国家机器,1812年围绕续约的文书中，公司强调如果因欧洲目的而在印度进行战争，公共财政应承担相应责任：“an European war for European objects”。它是在向英国政府争取费用分担，不能直接读成公司已经退出帝国扩张。（*Papers Respecting the Negociation with His Majesty’s Ministers on the Subject of the East-India Company’s Charter*，1812；公司1813年2月22日致议会请愿。）,数字段未出现形式引注；相邻注释或作者计算可能有效，待人工核定
06_东方与印度.md,323,### 1. 它是一家商公司，也是一部受英国政治控制的战争国家机器,孟加拉的1793年永久地税安排，为公司提供了相对稳定的地区财政基础。杜特强调，孟加拉盈余曾支持北印度和南印度战争。但“永久”主要是国家对柴明达尔的地税核定，并不意味着地主向农民收取的地租全部冻结，更不意味着印度各地都实行同一制度。新占领土、其他地税制度、专卖与关税仍可改变收入。因此，“全印度土地税基已经永久锁死，只能依赖鸦片增长”并不是这些制度的必然结果；土地上的债务、农民负担和中介权力，也不应被公司总表遮蔽。（Dutt，第23章及地税制度诸章。）,数字段未出现形式引注；相邻注释或作者计算可能有效，待人工核定
06_东方与印度.md,327,### 2. 1803—1806年的亏空是真实的，但三个数字不是同一种账,1806年7月10日下院印度预算辩论，列出1803—1804年三管区的收入和支出，并给出以后年度估计。单位均为英镑。,数字段未出现形式引注；相邻注释或作者计算可能有效，待人工核定
06_东方与印度.md,336,### 2. 1803—1806年的亏空是真实的，但三个数字不是同一种账,"资料：英国下院，1806年7月10日，*India Budget*，*Parliamentary Debates*，卷7，约第1044—1083栏。原文另一处孟加拉开支为5,434,291，两种印数相差3英镑；表内分项按较高数相加，比原列合计高3英镑。该微小差别不影响财政判断，但不宜暗中抹平。",数字段未出现形式引注；相邻注释或作者计算可能有效，待人工核定
06_东方与印度.md,338,### 2. 1803—1806年的亏空是真实的，但三个数字不是同一种账,"表面看总收入略高于所列开支，加入债息1,534,758英镑后，形势即不同。原预算进一步计入明古连等项和进口货物销售，最后报出约1,124,403英镑缺口。因此，该缺口不等于简单用表内收入减支出再减债息；其间还有单列项目。",数字段未出现形式引注；相邻注释或作者计算可能有效，待人工核定
06_东方与印度.md,346,### 2. 1803—1806年的亏空是真实的，但三个数字不是同一种账,后两行是当时估计，不应伪装成后来逐项审计的实绩。1805—1806收入在同一材料又有相差5英镑的印数，本章保留约数性质。,数字段未出现形式引注；相邻注释或作者计算可能有效，待人工核定
06_东方与印度.md,348,### 2. 1803—1806年的亏空是真实的，但三个数字不是同一种账,"公司自述印度债务由1793年的约800万英镑增加至1812年前后的约3,200万；1813年请愿又出现约2,600万的口径。两者的日期、债务项目与会计调整不完全相同，不能择一个较大数，再将另一个当成独立新增负担。",数字段未出现形式引注；相邻注释或作者计算可能有效，待人工核定
06_东方与印度.md,350,### 2. 1803—1806年的亏空是真实的，但三个数字不是同一种账,"与此同时，公司声称1793—1812年累计商业利润约6,289,405英镑，已扣商业费用、伦敦债券利息及股息。年均约32万，只是一个便于理解的长期均值，不是公司每年稳定可用现金。它说明贸易利润并不能轻松覆盖持续扩张的领地战争账，却不说明公司全部商业营业额只有32万。（1813年2月22日请愿，*Parliamentary Debates*，卷24，第659—679栏。）",数字段未出现形式引注；相邻注释或作者计算可能有效，待人工核定
06_东方与印度.md,354,### 3. 伦敦与印度的汇票，将财政困难变成可以延期处理的困难,"印度向伦敦开票，是转移支付、清偿债务和采购的关键。1813年2月22日公司向下院提交的请愿统计，1807年以来有关汇票约13,104,924英镑，其中约10,902,924已结算、2,202,000尚未到期付款。后者大部分将在1814年3月以前到期。应付和已付不可相加后再称“新增债务”。（英国下院辩论，1813年2月22日，第24卷，第676—679栏，公司第二份请愿。）",数字段未出现形式引注；相邻注释或作者计算可能有效，待人工核定
06_东方与印度.md,356,### 3. 伦敦与印度的汇票，将财政困难变成可以延期处理的困难,1813年请愿还列出在英国支付的印度债息约150万英镑、政治支出约91万以及年金等项目。这些费用解释为什么印度账面收益并不等于可以汇回英国任意支用的净利润；它们也可能已进入另一个总表，引用时须防止重复扣除。,数字段未出现形式引注；相邻注释或作者计算可能有效，待人工核定
06_东方与印度.md,358,### 3. 伦敦与印度的汇票，将财政困难变成可以延期处理的困难,"1812年续约材料所载卡特赖特资本计算中，一项“所需资本”与“除印度外的负债”差额约为2,860万英镑。这是特定会计分类下的资本差额，不是当年待付的现金余额。更重要的是，资本估值、未清偿汇票、债务本金与当年预算缺口，不能堆成一个“英国马上需要全部支付”的巨额现金洞。",数字段未出现形式引注；相邻注释或作者计算可能有效，待人工核定
06_东方与印度.md,360,### 3. 伦敦与印度的汇票，将财政困难变成可以延期处理的困难,英国国家信用并非从未介入：1810年的约150万英镑国库券、1812年经议会安排筹得的约250万年金资金，提供了实际缓冲。公司股本面值、溢价实缴、债券上限和流动负债又各有口径。股东、公司军官、印度私人商人和英国本土制造业城市，对保留人事权、开放贸易和分担军费的要求不同；它的政治支持不只取决于某一年商业利润。（1812年续约文书；1813年2月22日请愿。）,数字段未出现形式引注；相邻注释或作者计算可能有效，待人工核定
06_东方与印度.md,366,### 4. 领地收入会恢复，也会再被战争吃掉,杜特的长期财政资料记录了一条波动路径：韦尔斯利扩张使支出大增，此后收缩政策产生盈余；马拉塔和缅甸战争又重新制造赤字。不能把1805年的困难直线延长四十年。（Romesh Chunder Dutt，*The Economic History of India under Early British Rule*，1906年版，第23章。）,数字段未出现形式引注；相邻注释或作者计算可能有效，待人工核定
06_东方与印度.md,368,### 4. 领地收入会恢复，也会再被战争吃掉,杜特转录的1837—1838年表，可作为后来的真实能力参照：,数字段未出现形式引注；相邻注释或作者计算可能有效，待人工核定
06_东方与印度.md,378,### 4. 领地收入会恢复，也会再被战争吃掉,"资料：Dutt，第23章，转录英国议会1855年6月22日报表。总地税收入为12,671,743英镑；表内收支差额不是扣除全部英国支付项目后的自由盈余。",数字段未出现形式引注；相邻注释或作者计算可能有效，待人工核定
06_东方与印度.md,382,### 4. 领地收入会恢复，也会再被战争吃掉,"再用稍晚于本书终点的1851—1852年作检验：议会1854年8月8日决议列印度登记债务利息1,967,359英镑、在英国支付的印度领地开支2,506,377，扣除相关项后尚余531,265。它证明印度可能在承担伦敦费用后仍有盈余，也说明这些费用可以相当沉重；两个年份的比较不证明费用逐年单调增加，更不能把1852年的盈余直接写成法国胜利世界1848年的预算。",数字段未出现形式引注；相邻注释或作者计算可能有效，待人工核定
06_东方与印度.md,400,### 2. 英国从茶得到多少税，应使用税收列而不是“国家利益”列,"米尔本列出1792—1793至1808—1809年17年间，公司中国货物在伦敦销售约57,896,274英镑，其中茶约55,160,230；相应关税与消费税为32,290,599，年均约190万英镑。这后一项才是可以明确称作英国国库收入的税收。（Milburn，卷二，中国贸易总表及说明。）",数字段未出现形式引注；相邻注释或作者计算可能有效，待人工核定
06_东方与印度.md,402,### 2. 英国从茶得到多少税，应使用税收列而不是“国家利益”列,"他另估年均“国家利益”约3,707,636英镑，把运费、公司利益等也计算在内；另一处约500万的宽口径说法还涉及糖税归因。它们不是两笔可以另加到茶税上的财政收入。把私人利润、航运产值和国库税收分开，才能说明亚洲商业究竟如何支持英国战争。",数字段未出现形式引注；相邻注释或作者计算可能有效，待人工核定
06_东方与印度.md,406,### 3. 广州茶出口：英美竞争的实际形状,下表摘录米尔本关于广州茶叶出口的年度记录，重量为英磅。“英国船”并不等于所有货物最终仅在英国消费，“美国船”也不等于全部在美国销售；原作者明确说，美国旗船所运相当部分在欧洲大陆卸货，尤其1804—1810年前后。,数字段未出现形式引注；相邻注释或作者计算可能有效，待人工核定
06_东方与印度.md,419,### 3. 广州茶出口：英美竞争的实际形状,"资料：Milburn，*Oriental Commerce*，卷二，第486页。表还包括每年约4,000箱供英国亚洲据点使用的茶；此处“无”对应原表 *none*，不是未知值。",数字段未出现形式引注；相邻注释或作者计算可能有效，待人工核定
06_东方与印度.md,439,### 4. 鸦片专卖收入有波动，殖民暴力却不会因数字变小而消失,"资料：Milburn，卷二，孟加拉鸦片专卖表。1809—1810年的数为原表圆整数。1803—1804年议会辩论另有鸦片收入3,989,200锡卡卢比的说法，与本表的换算范围未完全对齐，不能把两者当成两笔收入。",数字段未出现形式引注；相邻注释或作者计算可能有效，待人工核定
06_东方与印度.md,443,### 4. 鸦片专卖收入有波动，殖民暴力却不会因数字变小而消失,较可信的东方反事实是：英国保持印度主要财政基础，亚洲贸易继续发展，法国争取商站、航运与技术市场的一部分。中国并不因为法国赢得欧洲就成为法国的外交附属；清朝的广州贸易制度、银流和边疆政策仍按其自身约束行动。本研究的资料足以判断英法贸易竞争的渠道，不足以替清朝整个19世纪内政写出一张由巴黎决定的时间表。,数字段未出现形式引注；相邻注释或作者计算可能有效，待人工核定
06_东方与印度.md,449,### 1. 更多欧洲兵，不只有军事收益,公司军队依赖土兵，同时需要欧洲军官、炮兵及王家部队。1796—1808年间，土著步兵团和骑兵团数量增加，部分公司欧洲步兵编制缩减，王家部队填补某些岗位。统计“欧洲人减少”与“公司兵力增加”时，必须把公司与国王两套编制分开。（公司军事组织资料；Alavi；1812—1813年续约文书。）,数字段未出现形式引注；相邻注释或作者计算可能有效，待人工核定
06_东方与印度.md,451,### 1. 更多欧洲兵，不只有军事收益,法国威胁增强，会鼓励伦敦增派王家部队。这提高战场力量，也会引发公司军官对晋升、待遇和指挥地位的不满。1809年马德拉斯欧洲军官抗命，与军饷津贴、升迁制度和政府处分有关，不是一场支持法国的政治运动。（公司军制史；相关马德拉斯事件记录。）,数字段未出现形式引注；相邻注释或作者计算可能有效，待人工核定
06_东方与印度.md,457,### 2. 明托的判断：两万法国兵是灾难，却未必是征服,明托1807年讨论法国威胁时，承认约两万法军会造成严重战争和眼前灾难，却不认为必然征服英属印度。这是一位负责印度防务者的同期判断，价值正在于同时承认危险和抵抗能力。（明托1807年通信，见其传记文书与公司史材料。）,数字段未出现形式引注；相邻注释或作者计算可能有效，待人工核定
06_东方与印度.md,465,### 3. 公司体制会改变，但改革日期不由法国胜利自动确定,实际历史中，1813年公司失去印度贸易垄断，1833年又失去中国贸易垄断，行政与商业逐步分离。英国国内商人、议会和财政关系是主要动力；法国威胁会参与争论，却不是唯一原因。,数字段未出现形式引注；相邻注释或作者计算可能有效，待人工核定
07_行省化的边界.md,27,### 1．省长可以从巴黎来，日常国家必须在本地生长,这一经验直接回答了行政人员够不够的问题。1813年的452名国务参事院审计官，是一条培养和调配高层人才的管道，不是帝国全部官僚的总数；历任省长的人次，更不是某一年同时在岗的人数。把这两个数字与“每省需要多少公务员”直接相除，得不出欧洲行省化的硬上限。,数字段未出现形式引注；相邻注释或作者计算可能有效，待人工核定
07_行省化的边界.md,47,### 3．归附不是热爱，而是可以持续的交易,Woolf据此把归附的稳定性与法国统治看起来是否牢固联系起来。这一判断很重要：1814年的迅速倒戈，证明军事失败足以瓦解合作，却不能倒推出此前十余年的合作全属虚构。**一个利益联盟可以是真实的，也可以在保护者失去能力时解散。**把这一现象称作“忠诚为零”，只是用道德词汇替代政治解释。,数字段未出现形式引注；相邻注释或作者计算可能有效，待人工核定
07_行省化的边界.md,83,### 1．莱茵：逃避入伍与入伍后逃亡，必须分开,"法国确实能靠加强执行增加交付。1813年罗尔省的机动纵队在数周内将登记在逃者由约2,000降至670。但这个成果由驻兵、追捕、地方供养和家庭压力共同取得。它既证明国家能力，也记录了国家能力的成本。",数字段未出现形式引注；相邻注释或作者计算可能有效，待人工核定
07_行省化的边界.md,97,### 3．警察数字不能替代治理能力,有关宪兵的三组常见数字，应当并列，而不是任选一组充当1812年的实员。,数字段未出现形式引注；相邻注释或作者计算可能有效，待人工核定
07_行省化的边界.md,107,### 3．警察数字不能替代治理能力,莱茵四省约527名宪兵的材料，说明常态警力相对有限；但并不意味着帝国只靠这527人统治全部居民。市长、法院、军队、税务人员、教士与地方中介也在发挥作用。反过来，增加宪兵编制，也不能弥补所有中介同时不合作的缺口。,数字段未出现形式引注；相邻注释或作者计算可能有效，待人工核定
07_行省化的边界.md,109,### 3．警察数字不能替代治理能力,因此，本书不再采用“官员或宪兵需求超过史实的1.5倍，行省化即告失败”作为已被史料验证的界线。1.5倍只是人为压力测试。**真正有解释力的问题是：谁提供地方信息，谁执行命令，谁支付执行成本，谁愿意为新制度承担政治风险。**,数字段未出现形式引注；相邻注释或作者计算可能有效，待人工核定
07_行省化的边界.md,113,## 四、抵抗并非一张民族地图,旧稿的抵抗比较，建立了35个地区—时期观察、十六个地区群组，并从中识别五个持续抵抗案例。这项整理的价值，在于把教会政策、经济负担、外援和战争时点放进同一比较框架；它的局限，则是样本由研究者有目的地选择，分类亦包含解释性判断。,数字段未出现形式引注；相邻注释或作者计算可能有效，待人工核定
07_行省化的边界.md,133,### 1．荷兰与汉萨：夺走主权，却没有兑现共同市场,Joor记录的荷兰大量骚动说明，反抗可以发生在组织能力很强的商业社会；汉堡1813年的爆发又说明，外部战败信号会改变等待者的选择。但把这些事件进一步量化为“放松封锁，抵抗恰好下降三分之一或一半”，没有足够依据。不同动因会互相强化；去掉贸易限制，也不会自动消除征兵和主权争端。,数字段未出现形式引注；相邻注释或作者计算可能有效，待人工核定
07_行省化的边界.md,137,### 1．荷兰与汉萨：夺走主权，却没有兑现共同市场,"汉堡的4,800万法郎罚款与银行储备征用，属于战争末期的强制财政。它可以解释资产和信任受到何种打击，却不能仅凭数额大于某一年度税收目标，就证明所有较早年度的普通财政都已亏损。",数字段未出现形式引注；相邻注释或作者计算可能有效，待人工核定
07_行省化的边界.md,145,### 2．罗马：教皇可以被囚禁，教会网络不会随之消失,"教皇冲突又会沿教区传播到本来比较稳定的旧并合地区。亚琛主教职位因授职冲突长期悬置；比利时一些教区的神职人员拒认新任主教。1805年罗尔省2,696名堂区司铎中1,006人为前修士，1812年又有360个堂区空缺，提示人员老化与补充困难；但两项不同年份的材料，也不足以推出所有专约教会都已失去再生产能力。",数字段未出现形式引注；相邻注释或作者计算可能有效，待人工核定
07_行省化的边界.md,153,### 3．托斯卡纳、帕尔马与瓦莱：小规模整合有路可走,但是，1807年主线若保留西班牙波旁、放弃葡萄牙分割，埃特鲁里亚安排亦需要重新谈判；史实上的托斯卡纳兼并不能无条件挪到新时间线上。这里说的是**这类地区具备较好的整合条件**，不是宣布它们已经自动属于法国。,数字段未出现形式引注；相邻注释或作者计算可能有效，待人工核定
07_行省化的边界.md,169,## 六、把地图放进账本：模型究竟证明了什么,研究中曾把不同并合地图转换为人口、驻军任务、新兵、盟军与财政需求。其价值不是预报一个不存在的1815年，而是迫使地图扩张承担成本。,数字段未出现形式引注；相邻注释或作者计算可能有效，待人工核定
07_行省化的边界.md,194,### 2．有限扩展并非天然收支平衡，但确实存在闭合办法,"一组有限整固的政策组合，把转移前陆军预算设为3.30亿法郎，相应压低海军预算；退出部分并合地区损失原有中央净税3,000万；起始自养盟军25万人。含贝格方案下，可支付的法国在册军约43.43万人，剩余盟军24.3万人，按模型可用率折算，在场合计约57.57万人，对任务需求55.86万人，余约1.71万人。",数字段未出现形式引注；相邻注释或作者计算可能有效，待人工核定
07_行省化的边界.md,204,### 3．有利反例必须保留,"更大约7,732万人口的情景，在同一组有利调整中仍有明显缺口。这个梯度是有意义的：有限扩展容易找到组合，扩大到多个不合作大国后迅速恶化。不过，所有结果仍依赖同一组兵力、成本和税余假设；十张表彼此相合，不等于十份独立史料相互验证。",数字段未出现形式引注；相邻注释或作者计算可能有效，待人工核定
07_行省化的边界.md,230,## 八、最终裁定：可扩展的法兰西，不等于可吞并的欧洲,**第一层：真实可行。**早期并合核心具有持续成为法国国土的条件；和平与制度稳定可提高其整合程度。法国不必退回1789年边界，才有资格获得长久秩序。,数字段未出现形式引注；相邻注释或作者计算可能有效，待人工核定
07_行省化的边界.md,234,## 八、最终裁定：可扩展的法兰西，不等于可吞并的欧洲,**第三层：不宜作为现实主线。**将西班牙、南德、奥地利、俄国、英国等不同体系一并取消主权，在1803—1848年间建成由巴黎直接治理的普通省份，要求法国连续赢得多场高风险战争，同时放弃足以换取和平的妥协，还要求新领土迅速补足征服成本。现有证据不足以支持这种链条。把时间延长到数代人，可以讨论一种逐渐联邦化、宪政化的欧洲，但那已经是另一个政治工程，不是拿破仑凭一次正确决策即可兑现的胜利方案。,数字段未出现形式引注；相邻注释或作者计算可能有效，待人工核定
08_新秩序的经济与社会.md,36,### 1．法国并非没有出口；它的问题是出口被重新组织了,完整逐年数字置于本书资料附编，保留两套系列，不用其中一个填补另一个。1814年前后又发生疆界变化，所以这些数值适合描述官方贸易规模和方向，不宜直接作恒定国土的增长率。,数字段未出现形式引注；相邻注释或作者计算可能有效，待人工核定
08_新秩序的经济与社会.md,38,### 1．法国并非没有出口；它的问题是出口被重新组织了,它们仍足以纠正两种印象。第一，法国在战争中并未失去制造品出口能力；大陆市场确有价值。第二，帝国解体也没有使法国永久失去出口：1817年总出口在官方值上接近1806年另一系列的水平，尽管客户、疆界和商品结构已经变化。,数字段未出现形式引注；相邻注释或作者计算可能有效，待人工核定
08_新秩序的经济与社会.md,58,### 2．最大的大陆市场，与最大的敌国,"1810年德意志诸邦、意大利王国、其他意大利地区、瑞士和荷兰合计，约占相应总出口的四分之三。这足以说明法国制造业对大陆关系的依赖。西班牙出口从1806年的6,531万降到1808年的3,320万，又降到1813年的2,217万，说明入侵一个重要客户具有经济代价，不能只计征服所获的税款。",数字段未出现形式引注；相邻注释或作者计算可能有效，待人工核定
08_新秩序的经济与社会.md,60,### 2．最大的大陆市场，与最大的敌国,但从1810年德意志、意大利出口下降的数额中，直接提取“法国霸权每年创造1.24亿法郎纯收益”，仍属过度解释。战争结束、统计疆界变化、需求变化、竞争恢复和贸易改道都在其中；出口额也不是利润，更不是国库收入。,数字段未出现形式引注；相邻注释或作者计算可能有效，待人工核定
08_新秩序的经济与社会.md,62,### 2．最大的大陆市场，与最大的敌国,"更有意味的是英国。1813年官方表列对英出口1.146亿法郎，超过对德意志诸邦的7,251万。拿破仑最后几年的大陆体系，已经包含一条规模可观、由许可证维持的敌国贸易渠道。**商业不是被政治完全消灭，而是在政治划出的例外中重新生长。**",数字段未出现形式引注；相邻注释或作者计算可能有效，待人工核定
08_新秩序的经济与社会.md,64,### 2．最大的大陆市场，与最大的敌国,这使1807年后的经济转向有现实基础：把不透明、选择性发放的许可证，改为公开税率和明定限制；允许一般商品贸易，严格区分军需与普通消费品；让盟邦分享准入，而不只是执行封锁。制度工具并非凭空创造，变化在于取消皇帝随时赐予或收回例外的特权。,数字段未出现形式引注；相邻注释或作者计算可能有效，待人工核定
08_新秩序的经济与社会.md,70,### 1．海岸线不是一道可以连续站满士兵的墙,"帝国海关规模曾扩张到数万人。资料常见约3.5万这一量级，其中约4,000人为办公人员、约30,750人为外勤编制；各项加总与整数表述之间存在四舍五入。它显示一个庞大的组织，而不是一条已被严密封死的海岸。",数字段未出现形式引注；相邻注释或作者计算可能有效，待人工核定
08_新秩序的经济与社会.md,74,### 1．海岸线不是一道可以连续站满士兵的墙,走私保险的变化，能比“封锁有效或无效”的二分法表达更多信息。相关莱茵线路的报价，从1800年前后的约6%，上升到1806—1808年部分时段约26%，1809年以后一些高风险线路达到50%左右；与此同时，另一些北德路线只需6%—8%。,数字段未出现形式引注；相邻注释或作者计算可能有效，待人工核定
08_新秩序的经济与社会.md,131,### 1．巴黎的钱，未必装在驶向巴黎的船上,1805—1807年的法西金融安排，展示了一个比地图复杂得多的世界。墨西哥白银、西班牙国库汇票、荷兰Hope商行、伦敦Baring商行、美国货运和汉堡汇兑，能够同时参与向法国提供资金。,数字段未出现形式引注；相邻注释或作者计算可能有效，待人工核定
08_新秩序的经济与社会.md,141,### 2．费用很多，但不能把每个百分数都扣一遍,原材料记录了进口税、佣金、净利分成、保险、所有权转换折扣等多种费用。1806年5月至1807年下半年，某些韦拉克鲁斯交易的总税费由约11%升到33%；另有往返保险12.5%、特定汇票17%或21%的折扣，以及按发票、净收益或货值计算的不同分成。,数字段未出现形式引注；相邻注释或作者计算可能有效，待人工核定
08_新秩序的经济与社会.md,198,### 4．罗斯柴尔德会改变业务，不会因没有滑铁卢而不存在,这些资产的成长说明金融中介能够迅速扩张；它们不允许我们推导，在法国胜利的另一个1825年，该家族一定拥有某个精确数额。最可信的方向是：反法补贴与战败法国赔款业务缩小，贸易融资、法国及盟邦贷款、基础设施融资的份额上升。能否承销法国债，取决于法国愿不愿意提供偿付信用，而不是银行家天然属于哪一个阵营。,数字段未出现形式引注；相邻注释或作者计算可能有效，待人工核定
08_新秩序的经济与社会.md,222,### 3．化学的成功与替代品的代价,然而，甜菜糖的推广同时展示政策预期与产出之间的距离。相关资料的展望为约350万公斤，而1813年实产约110万公斤；工厂、许可证与实际开工数量不是一回事。菘蓝的产出也远未满足宏大计划。,数字段未出现形式引注；相邻注释或作者计算可能有效，待人工核定
08_新秩序的经济与社会.md,238,### 4．煤与铁：法国最重要的产业边疆在比利时,科克里尔家族在1799年已经进入韦尔维耶，1807年在列日发展机器制造；因此，其活动并非一定需要1815年法国战败才能开始。可是，史实中荷兰国王的支持、塞兰的投资和后来的铁路订单，也不会在另一个政权下自动出现。法国须用自己的信用、订单和制度替代这些支持。,数字段未出现形式引注；相邻注释或作者计算可能有效，待人工核定
08_新秩序的经济与社会.md,244,## 七、制造业的收益与国家税源,Chaptal在1819年估算法国制造业商业总产值约18.201亿法郎，并作如下分解。其材料混合帝国调查与复辟期整理，地理范围多处已按战后法国调整。,数字段未出现形式引注；相邻注释或作者计算可能有效，待人工核定
08_新秩序的经济与社会.md,258,## 七、制造业的收益与国家税源,首先，进口原料占产值10.2%，**不是进口中断所能造成损失的硬上限**。某种关键原料即使价值份额很小，也可能使整条生产线停工；替代性、库存和行业集中度，远比全国平均份额重要。,数字段未出现形式引注；相邻注释或作者计算可能有效，待人工核定
08_新秩序的经济与社会.md,260,## 七、制造业的收益与国家税源,其次，利润占销售产值10%，不是资本年回报率10%；一般费用占比也不是固定资本存量占比。由此推导“法国工业绝不可能自筹重工业和铁路”，超过了资料能力。家族融资确有规模约束，但合伙、银行、股份融资与国家参与都可能改变它。,数字段未出现形式引注；相邻注释或作者计算可能有效，待人工核定
08_新秩序的经济与社会.md,272,## 八、货币统一：法郎可以跨境，财政信用不会自动跨境,但统一铸币标准、互认法偿、建立共同纸币、共同中央银行和共同偿债责任，是五个不同层次。1865年的拉丁货币同盟提供了后来的比较案例，却没有提供一张可以原封不动提前到1815年的制度设计。它本身也未实现共同纸币和统一银行制度。,数字段未出现形式引注；相邻注释或作者计算可能有效，待人工核定
08_新秩序的经济与社会.md,276,## 八、货币统一：法郎可以跨境，财政信用不会自动跨境,美洲白银的持续供应会影响金属货币条件，但产银不等于全部运往法国，运抵欧洲也不等于直接增加某国货币供应。价格、金银比价、银行信用和国际支付都会改变流向。因此，不废黜西班牙王朝、减少美洲战乱，对欧洲金融总体有利；不能据此精确保证法国在1820年代绝不会通货紧缩。,数字段未出现形式引注；相邻注释或作者计算可能有效，待人工核定
08_新秩序的经济与社会.md,286,### 1．道路分类不等于新建道路,圣康坦运河1810年的开通仪式与后来实际投用，需要区分；不同水道船型不一还会迫使货物换船。工程在地图上连起来，不代表运输成本已经按比例下降。,数字段未出现形式引注；相邻注释或作者计算可能有效，待人工核定
08_新秩序的经济与社会.md,303,### 2．法国已经拥有可供和平使用的河流制度,主线保留荷兰王国，故河口主权与通航权仍须以条约处理，不能借用史实1810年兼并荷兰的事实，宣称所有争议已经消失。法国可以利用自身优势推动共同航行规则，也必须允许荷兰得到收费、引航、工程和贸易方面的合理安排。,数字段未出现形式引注；相邻注释或作者计算可能有效，待人工核定
08_新秩序的经济与社会.md,317,### 3．铁路不是1803年的秘密武器,"旧稿用每公里25万—40万法郎、总长3,500公里，得到总投资8.75亿—14亿、十五年平均每年约5,800万—9,300万。这一算术成立，但单位造价尚非逐线决算，路线难度也不一样；它是**预算压力试算**，不是预测1848年一定铺成3,500公里。",数字段未出现形式引注；相邻注释或作者计算可能有效，待人工核定
08_新秩序的经济与社会.md,331,### 1．农民解放不等于所有农民获得土地,普鲁士1811年调整敕令则显示另一种安排：部分世袭持有者可用约三分之一土地补偿领主，某些非世袭持有者面对约一半的补偿规则；1816年进一步限制适用对象。这些条文说明改革的分配成本，不意味着每一位农民都实际交出同一比例。,数字段未出现形式引注；相邻注释或作者计算可能有效，待人工核定
08_新秩序的经济与社会.md,351,### 1．民族主义不会按史实剧本同步发生,普鲁士美德同盟约六百至七百人的规模，与一个已经遍及乡村的大众组织相距甚远。讲演能够影响受教育者，也需要学校、报刊、军队和纪念活动把观念转化为更广泛的身份。没有史实1813年的动员与胜利，普鲁士民族叙事会改变，不会按原来的方式获得同样权威。,数字段未出现形式引注；相邻注释或作者计算可能有效，待人工核定
08_新秩序的经济与社会.md,363,### 2．帝国教育可以塑造忠诚，也会制造更多能提出要求的人,1808年针对部分犹太人活动的限制性措施与帝国既有解放遗产并存，尤其提醒我们：法律普遍主义与差别治理可以出现在同一个政权里。一个法国主导的欧洲，会继承这种矛盾，而不是天然站在所有现代权利的终点。,数字段未出现形式引注；相邻注释或作者计算可能有效，待人工核定
08_新秩序的经济与社会.md,371,### 3．反对派会变，冲突不会凭一场胜利消失,1815年贡斯当曾为百日帝国起草制度安排，说明自由派与波拿巴主义之间存在谈判空间。这个先例不保证拿破仑在胜利后主动放权，却使立宪化成为一条真实的制度分支，而不只是后世强加给他的概念。,数字段未出现形式引注；相邻注释或作者计算可能有效，待人工核定
08_新秩序的经济与社会.md,373,### 3．反对派会变，冲突不会凭一场胜利消失,到1840年代，城市人口、产业劳动、报刊和受教育阶层的成长，很可能使原有政治框架承压。**主线结论是持续的代表权与社会改革要求，而不是史实1848年革命在相同日期、相同城市、由相同人物重复发生。**,数字段未出现形式引注；相邻注释或作者计算可能有效，待人工核定
08_新秩序的经济与社会.md,389,### 2．森林总量与造舰能力之间，还有漫长的运输和时间,因此，法国1810—1812年实际下水舰只的变化，不能被一条“森林只容许每年六艘”的武断上限覆盖；同样，某次调查显示数百万棵橡树，也不证明可以立刻建成上百艘战列舰。,数字段未出现形式引注；相邻注释或作者计算可能有效，待人工核定
08_新秩序的经济与社会.md,391,### 2．森林总量与造舰能力之间，还有漫长的运输和时间,1813年帝国130省马匹调查约350万，其中约83.8万不足四岁。幼马不是已经训练好的骑兵马；从农业抽走役马还会影响耕作。修复运输与骑兵能力，依赖成熟周期、采购体系和草料，而不仅是地图上多占一片产马地。,数字段未出现形式引注；相邻注释或作者计算可能有效，待人工核定
08_新秩序的经济与社会.md,395,### 2．森林总量与造舰能力之间，还有漫长的运输和时间,对和平、小规模战争、反复大陆战争，可分别设每年取用2万—5万、6万—12万、15万—21万匹的压力情景；这些是研究假设，不是已知可持续上限。越靠近高档，国家越需要与农业争夺成年役畜、草料和运输人员。决定能否承受的，将是成熟马的构成与补充速度，而非全国马群还有几百万。,数字段未出现形式引注；相邻注释或作者计算可能有效，待人工核定
08_新秩序的经济与社会.md,407,### 3．1816年会有气候危机，饥荒规模不是预先写好的,战争疫病也应采取同样办法。1813—1814年莱比锡、哈瑙、法兰克福一线的拥挤、撤军与医院传播，说明避免大规模溃退可以减少疾病风险；后来的霍乱则沿更广泛的贸易和人口网络传播，不会因为没有1812年远征就自动消失。病例病死率不是全人口死亡率，某城病院记录也不是全欧洲统一损失系数。,数字段未出现形式引注；相邻注释或作者计算可能有效，待人工核定
09_另一条十九世纪.md,5,## 一、1803年：最便宜的和平，未必带来最大的帝国,1803年的法国拥有革命战争留下的优势，也面对一个没有被征服的欧洲。英国仍有海军，俄国仍有空间，奥地利与普鲁士仍是可以重新动员的国家。亚眠和约提供过停战的现实经验，却没有消除马耳他、荷兰、意大利和殖民贸易等争端。,数字段未出现形式引注；相邻注释或作者计算可能有效，待人工核定
09_另一条十九世纪.md,7,## 一、1803年：最便宜的和平，未必带来最大的帝国,因此，最早的一条道路，是拿破仑在1803年就接受一项有限和平：把法国已经获得的安全和政治优势看得比继续扩大势力更重要，停止向英国传递每次让步之后还会有下一项要求的信号。,数字段未出现形式引注；相邻注释或作者计算可能有效，待人工核定
09_另一条十九世纪.md,11,## 一、1803年：最便宜的和平，未必带来最大的帝国,这不是一条被否决的无用支线。它揭示原问题中两种目标的差别：若优先减少失败风险和长期成本，1803年妥协值得认真考虑；若优先保存较大范围的大陆优势，则应在后来某个已经取得胜利的时点停止扩张。两者不是同一份最优答案。,数字段未出现形式引注；相邻注释或作者计算可能有效，待人工核定
09_另一条十九世纪.md,17,### 1．把战果变成有期限、有边界的承诺,主线从1807年7月出发。法国已经付出特拉法加与大陆战争的代价，也已经取得真实的军事优势。此时应当优先防止三条新的战争链同时形成：伊比利亚的王朝危机、封锁执法引发的沿海兼并，以及波兰与俄国关系的持续升级。,数字段未出现形式引注；相邻注释或作者计算可能有效，待人工核定
09_另一条十九世纪.md,39,### 1．奥地利仍可能再战,没有西班牙泥潭，奥地利发动1809年战争的时机和预期收益会改变，但不会因此忘记1805年的失败。维也纳仍有恢复地位的理由，仍可能利用法国与俄国的分歧。,数字段未出现形式引注；相邻注释或作者计算可能有效，待人工核定
09_另一条十九世纪.md,43,### 1．奥地利仍可能再战,如果奥地利仍发动战争，法国可以进行一次目标有限的防御与反击，而不是把胜利自动兑换成更广泛的占领。此时才可能出现新的割地、联姻或补偿谈判。史实1809年战争、1810年婚姻和1811年皇太子出生，是这类分支的资料参照，不是主线每一环都已经预订好的事件。,数字段未出现形式引注；相邻注释或作者计算可能有效，待人工核定
09_另一条十九世纪.md,47,### 2．普鲁士可以被削弱，却不宜变成永远受辱的空壳,1807年以后普鲁士明显弱于战前，奥地利在德意志政治中的分量因此较大。法国应限制普鲁士成为反法战争的立即支点，但让其有偿清债务、撤出占领和恢复正常地位的出口。,数字段未出现形式引注；相邻注释或作者计算可能有效，待人工核定
09_另一条十九世纪.md,59,### 3．俄国和平的代价，是承认俄国会恢复力量,所以，**俄国十年不参战，不等于俄国接受法国永久统治欧洲；法国避免1812年灾难，也不等于俄国从此退出欧洲。**主线应当按一个能够重新议价的冷和平来规划。其寿命不能用“半衰期八至十二年”这样未经估计的数字包装，但其改善方向足够明确：越少在波兰、贸易和王朝权益上突然加价，越有可能延长和平。,数字段未出现形式引注；相邻注释或作者计算可能有效，待人工核定
09_另一条十九世纪.md,65,### 4．教廷和解应当先于新的宗教战争,法国在1801年已经证明可以与教廷交换利益。1807年后的任务，是不再让这种合作因皇帝进一步要求而破裂。若仍出现争端，就应及早以边界和授职安排解决，而不是把囚禁教皇误认为教会问题已经结束。,数字段未出现形式引注；相邻注释或作者计算可能有效，待人工核定
09_另一条十九世纪.md,81,## 五、1815年不是终点：一个秩序怎样真正运作,设想法国已经避免伊比利亚长期战争和1812年远征，欧洲没有出现史实1813—1814年摧毁帝国的联合攻势。下一项任务，是把临时优势变成一套能处理争执的制度。,数字段未出现形式引注；相邻注释或作者计算可能有效，待人工核定
09_另一条十九世纪.md,122,### 5．共同财政可能先于共同国旗,还可以作出一个更进取的判断：**到1830—1848年，法国主导秩序最有希望出现的中央集权，不是先取消各国王冠，而是先建立各国都退出不起的共同财政。**入口可以很窄：为跨境河运、铁路、要塞和共同防务设立常设基金，由参加国按约定缴款，以指定关税收入偿付共同工程债。法国承担较大份额和部分担保，盟国换取市场准入与融资条件。,数字段未出现形式引注；相邻注释或作者计算可能有效，待人工核定
09_另一条十九世纪.md,136,### 1810年代后半：从战争财政转入和平政治,1816年前后的气候与粮食压力，会成为第一场和平治理考试。法国如果允许粮食流动、安排救济并限制地方禁粮，就能把庞大市场变成缓冲；若仍优先照顾军队、实行封锁并把商人当作敌人，天气危机便会重新变成合法性危机。,数字段未出现形式引注；相邻注释或作者计算可能有效，待人工核定
09_另一条十九世纪.md,146,### 1820年代：王朝安排与区域自主共同上桌,美洲也不会暂停历史。即使避免了1808年王权真空，地方精英仍有税收、任官、贸易和代表权诉求；法国最能帮助西班牙保存的，是合法性和谈判空间，不是一个永远不变的十八世纪殖民体制。墨西哥、安第斯、拉普拉塔、新格拉纳达和加勒比的结果应分别判断，不能以“全独立”或“全保留”一词盖过区域差异。,数字段未出现形式引注；相邻注释或作者计算可能有效，待人工核定
09_另一条十九世纪.md,158,### 1840年代：危机的中心是政治适应，不是一个预定革命日期,一个法国胜利的欧洲，很可能仍面临收成波动、信用危机、劳动冲突与代表权要求。它们可以汇合为大危机，但未必在1848年二月由巴黎以完全相同的方式点火。,数字段未出现形式引注；相邻注释或作者计算可能有效，待人工核定
09_另一条十九世纪.md,160,### 1840年代：危机的中心是政治适应，不是一个预定革命日期,若拿破仑活到1848年，他将年近七十九。这个分支的主要问题是授权、健康变化、宫廷与军队的代际更替，而不是仍以1805年的个人指挥方式统治欧洲。更可能出现的是由大臣、皇储和军政集团承担实际治理、老皇帝保有象征与最终裁断权的安排；权责不清则会增加继承前的派系争斗。,数字段未出现形式引注；相邻注释或作者计算可能有效，待人工核定
09_另一条十九世纪.md,172,### 1．欧洲更可能拥有两个中心，而非一个中心与一圈卫星,**到1830—1848年，最值得押注的格局是巴黎与伦敦分掌不同优势。**巴黎拥有最大的大陆军事—行政集团，伦敦继续支配更广的海上信用、保险和航运网络。两者会竞争，也会通过荷兰商行、德意志金融家、美国船商和跨境证券业务相互获利。它不是两块彼此封闭的世界。,数字段未出现形式引注；相邻注释或作者计算可能有效，待人工核定
09_另一条十九世纪.md,188,### 3．美洲不会成为法国后院，却可能出现更顽强的王朝国家,**法国胜利最可能改变的，是美洲国家形成的方式，而不只是独立年份。**若西班牙王朝没有在1808年被摧毁，墨西哥和秘鲁的地方保王联盟就少了一次围绕最高主权的剧烈分裂。它们有机会沿着自治王国、同君关系或谈判独立的道路形成国家，保留更多原有税务、军队和司法组织。第六章所列墨西哥财政、利马军需与地方捐输，说明这些组织并非空壳。,数字段未出现形式引注；相邻注释或作者计算可能有效，待人工核定
09_另一条十九世纪.md,196,### 4．英国的全球扩张会改道，而不是停止,**一个更强的大陆法国，较可能把英国的战略注意力进一步推向印度洋、波斯湾和红海。**欧洲陆上盟友的收益降低时，英国更有理由保护能直接支持商业与海军的基地和通道。法国的存在既会提高英国扩张成本，也可能促使英国提前控制某些被认为容易受法国影响的节点。第七章所见1809年波斯、阿富汗与锡克外交，已展示后一机制。,数字段未出现形式引注；相邻注释或作者计算可能有效，待人工核定
09_另一条十九世纪.md,206,### 5．最深的改变，是欧洲不再只有一种国家建构道路,**本书更看好一种逐渐立宪、区域差异显著、仍有强烈王朝色彩的大陆秩序，而不是直到1848年都丝毫不变的个人军事帝国。**它可能出现由皇帝维系的多国联盟，也可能在若干核心地区发展出真正的共同财政和代表机构。法国文化会更强势，地方语言和政治认同也可能更清晰；两者并非只能一消一长。,数字段未出现形式引注；相邻注释或作者计算可能有效，待人工核定
09_另一条十九世纪.md,214,### 1．法国的胜利究竟是什么,**最可信的胜利，是没有1812—1814年式崩溃，保住较大直辖核心和西中欧首要地位，使反法同盟难以获得足以推翻法国秩序的共同利益。**这已是对历史结果的巨大逆转，不需要再把英国和俄国改称法国的受控国家。,数字段未出现形式引注；相邻注释或作者计算可能有效，待人工核定
09_另一条十九世纪.md,220,### 2．整个欧洲行省化：最终答案,**在1803—1848年的能力与政治条件下，没有得到证据支持的全欧洲行省化主线。**有限邻接并合有现实基础，较大扩展存在需严苛条件才能闭合的方案，不能笼统宣布所有扩展都绝无可能。,数字段未出现形式引注；相邻注释或作者计算可能有效，待人工核定
09_另一条十九世纪.md,228,### 3．英国海上优势会缩小到什么程度,**法国可以从受封锁的挑战者，成长为在欧洲近海有力争夺优势的第二海上强国；英国的全球部署优势仍较可能保持。**1830年舰体接近英国的某些模型结果，只在稳定预算、训练、商船人力、基地和英国反应等条件下成立。,数字段未出现形式引注；相邻注释或作者计算可能有效，待人工核定
09_另一条十九世纪.md,248,### 6．普鲁士还会压过奥地利吗,**1807年主线下，奥地利在可见中期内更有条件保持相对优势；普鲁士不会自动获得史实1815年后的莱茵资源和领导德意志的机会。**普鲁士仍可能改革和复兴，奥地利仍有多民族和财政问题，因此不能将相对强弱永久冻结。,数字段未出现形式引注；相邻注释或作者计算可能有效，待人工核定
09_另一条十九世纪.md,250,### 6．普鲁士还会压过奥地利吗,若选择1803年就维持和平，则普鲁士没有遭到同样肢解，答案也随之改变。两个分支的差异，是战争前提造成的，不是同一报告必须用一个概率调和的矛盾。,数字段未出现形式引注；相邻注释或作者计算可能有效，待人工核定
09_另一条十九世纪.md,258,### 7．法国能否帮助西班牙保住美洲,葡萄牙没有遭到1807年同样的入侵，巴西就不自动得到同一次宫廷迁移和1808年开放港口；其后与英国、葡萄牙和地方精英的关系应重新推演。海地独立已是1807年起点的一部分，法国最合理的选择是承认与通商，而非再造一次代价极高的复征。,数字段未出现形式引注；相邻注释或作者计算可能有效，待人工核定
09_另一条十九世纪.md,264,### 8．法国是否还会谋求印度,海路、俄国或波斯陆路、埃及及印度本地联盟，都有过设想。它们却分别受到海军、补给、地理和伙伴自主利益限制。1803—1805年印度政治格局继续变化，法国不能永久调用早先存在却已被击败的地方盟友。,数字段未出现形式引注；相邻注释或作者计算可能有效，待人工核定
10_资料附编.md,44,### 盟军战役兵日折算的避免成本,其计算采用作者设定的战役持续日数与每日1.91法郎。例如俄国战役，对盟军按一段全员活动期计价，之后因损失没有继续按原人数累计。这种办法提供资源量级，不替代逐团实付军饷账。,数字段未出现形式引注；相邻注释或作者计算可能有效，待人工核定
10_资料附编.md,66,### 盟国供养法国驻军：恢复逐年数，也保留原刊的错误,国别总额与全期约1.291亿相容；问题主要在原刊底行：1806年列25.3而分项为23.4，1807年列0.9而分项为5.6，1808—1809年没有合计，1810—1812年合计漏加了那不勒斯所列项。逐项加总的1.2913亿与盟军战役兵日估值2.5374818亿相加，得3.8287818亿，仍支持总融资表按百万法郎取整的383。此处补齐的是**格位及复算**；各国上游账册是否还遗漏支出，仍须与荷兰研究一类的新材料继续对照。,数字段未出现形式引注；相邻注释或作者计算可能有效，待人工核定
10_资料附编.md,89,### 条约许诺了多少，实际又付了多少,按原表总行，约三分之一应收额仍未兑现；最后数项几乎全部欠缴。它们不是法国可以立即用于扩军的现金。这张表也保留一处源内出入：逐项实收之和为300，而原刊总行列278；逐项未付136与总行相符；应付分项为436，而总行列414。因此，266是作者给出的扣减后总额，并非本书已经核清差额的独立重建。**应收债权膨胀、兑现困难的方向很清楚；精确差额不应靠擅改某个邦国数字来抹平。**,数字段未出现形式引注；相邻注释或作者计算可能有效，待人工核定
10_资料附编.md,102,### 条约许诺了多少，实际又付了多少,1805年一行的27＋31显然不等于35；军队栏逐项合计736而非734；普通征发总额807又不同于文章总融资表的809。这些错误已在原刊图像中存在，不只是文字识别问题。故正文采用其最稳固的结构信息——大量资源用于战区本身、西班牙一项尤为突出——而不以这些冲突数字推导精确“汇巴黎率”。,数字段未出现形式引注；相邻注释或作者计算可能有效，待人工核定
10_资料附编.md,148,### 法国对外贸易，1787—1824年,单位：百万法郎。1790—1791、1793—1796年没有在此原表中列出，故不补造连续序列。,数字段未出现形式引注；相邻注释或作者计算可能有效，待人工核定
10_资料附编.md,186,### 法国对外贸易，1787—1824年,以上主列来自1838年《法国统计总览》等编纂。Ellis同时保留一套据商务部门档案转录的序列；下表单列它，避免将两个版本误拼成一张无缝年表。1797—1806年对应部分采用共和历标签，1807—1810年则为另一套同名年度估值。1811—1815年所引来源数值一致，1816—1824年依1838年编纂。,数字段未出现形式引注；相邻注释或作者计算可能有效，待人工核定
10_资料附编.md,206,### 法国对外贸易，1787—1824年,两套数字的差别不能仅凭总数认定全由年份长度造成。统计边界、估值与编纂过程仍须分别考虑。尤其1811年627并非帝国最后几年中的绝对最低值：1813年605、1814年585更低。战争与封锁损害贸易的结论成立，不需要一条错误的“最低点”叙事。,数字段未出现形式引注；相邻注释或作者计算可能有效，待人工核定
10_资料附编.md,252,### 法国出口的去向，1806—1817年,1817年的覆盖率只有69.5%。因此，即使按原先选定的大陆体系地区计算，其货值约156.689百万法郎、占总出口33.8%，也不应把与战时份额的全部差额都解释为失去法国保护后的市场萎缩：表外目的地、贸易重新分布和统计分类同时参与了变化。德意志、意大利等已列市场的下降是真实表内现象；它们对法国整个出口结构的意义，则须保留这一分母限制。,数字段未出现形式引注；相邻注释或作者计算可能有效，待人工核定
10_资料附编.md,254,### 法国出口的去向，1806—1817年,英国栏1810年的贸易为获准贸易，1811—1813年包括许可证贸易。荷兰1812—1813年并入汉萨栏；1815年起荷兰数字包括比利时。意大利王国消失后，原表更改了相应地理标签，不能把它当作一个从未变化的政治单位。1815年其他意大利地区一栏包括撒丁王国12.279百万法郎，而非39.28百万。“—”沿用原表空项，未擅自改写为零。,数字段未出现形式引注；相邻注释或作者计算可能有效，待人工核定
10_资料附编.md,256,### 法国出口的去向，1806—1817年,这一序列最值得注意的，不是某年一个国家突然“忠诚”或“背叛”，而是大陆体系内部始终存在重新布置路线、取得许可、改变统计归属的贸易。美国栏1807年的43.159降到1808年的1.825，随后又恢复；英国栏在封锁末期出现大额许可贸易。封锁并非从地图上删掉英国，法国商人的生存也不等于严格执行每一道禁令。,数字段未出现形式引注；相邻注释或作者计算可能有效，待人工核定
10_资料附编.md,260,### 阿尔萨斯工商业者的经营规模,Ellis附录J根据1810年前后的商会调查列举下列企业或经营者。金额为法郎；“资本性财富”译自原表*fortune en capital*，不能无条件等同现代企业注册资本。经营额与财富相除，也不是资本回报率。,数字段未出现形式引注；相邻注释或作者计算可能有效，待人工核定
10_资料附编.md,302,### 从局部改革到大陆繁荣，中间还有哪些环节,要把这些成果用于1803—1848年的法国胜利世界，需要依次走过十个环节。,数字段未出现形式引注；相邻注释或作者计算可能有效，待人工核定
10_资料附编.md,317,### 从局部改革到大陆繁荣，中间还有哪些环节,这不是把结论再退回十个问号。它给出了建设顺序：先停止破坏、打通市场与保护产权，再投资交通和技术；将长期制度收益留给逐步扩张的税源，而不提前花在1803年的军费中。**更富裕的大陆有一条可说明的路径；更富裕的大陆永久服从巴黎，则还需要分享利益和限制任意权力。**,数字段未出现形式引注；相邻注释或作者计算可能有效，待人工核定
10_资料附编.md,321,### 工业化的尺度与人口的尺度,Bairoch的人均工业化指数常被用来比较长期方向。下面保留本工程经后续学术转录取得的三个年份；英国1900年＝100。它不是精确工厂普查，德意志、意大利等聚合又掩盖区域差异。,数字段未出现形式引注；相邻注释或作者计算可能有效，待人工核定
10_资料附编.md,334,### 工业化的尺度与人口的尺度,原研究把1830与1860之间线性插值得到“1848年英国48.4、法国16.8”等值。这些数可以用于演示插值，却不应被称为1848年观测。进一步给插值乘上作者设定的改革、封锁和投资系数，所得便是情景练习，不是另一条历史的测量结果。,数字段未出现形式引注；相邻注释或作者计算可能有效，待人工核定
10_资料附编.md,354,### 直布罗陀到港表：总船数与中转活动分开看,"正文却列1809年1,014艘、1813年771艘，为本港供货船1809年348艘；附表相应为1,071、789与347。1809年附表前三类非空船数相加又为1,074，1813年四类相加779，1816年两类相加1,041，也不分别等于其总行。文章称1809年约为1806年的三倍，可能使用的是另一分类，但现有文字未解释，故不据此确立统一增长率。",数字段未出现形式引注；相邻注释或作者计算可能有效，待人工核定
10_资料附编.md,356,### 直布罗陀到港表：总船数与中转活动分开看,"原文关于868艘小船的说明尤其容易误读：报纸按周报道，它是**1809年已报道周次的全年累计数**；作者考虑缺期，估全年超过1,000艘，并非每周868艘。到港记录也不保证独立船体不重复，不能再乘一年周数或直接加进常规到港总行。其可靠的历史意义在于：大船护航之外，伊比利亚沿岸的小型交通仍相当活跃；封锁必须面对多层运输，而非只拦截远洋船。",数字段未出现形式引注；相邻注释或作者计算可能有效，待人工核定
10_资料附编.md,360,## 四、概率、模型与相互矛盾的旧结论,旧研究曾给出从1803年出发，到1815年或1848年秩序成立的多个概率带。其中一套把1848年结果放在约0.17%—4.44%，中点约1.27%；其他卡片又给出不同条件概率。保留这些研究工作的正确方式，不是把小数继续放在结论首页，而是说明它们怎样产生。,数字段未出现形式引注；相邻注释或作者计算可能有效，待人工核定
10_资料附编.md,392,### 敏感性设值留下了什么思路,其他研究结论则因事件定义不同发生冲突。“南美部分自治仍与西班牙保持王朝联系”不等于“整个西属美洲都保留马德里主权”；“法国能够在1830年接近英国主力舰体规模”不等于“法国能在一切海区击败英国”；“保留地方军团”不等于“地方国家主权必定保留”。本书分别处理，避免用一个含糊总词制造表面一致。,数字段未出现形式引注；相邻注释或作者计算可能有效，待人工核定
