file,line,heading,absent_numeric_tokens,text,status
nodes/r_5b1357a9c6/cards/t_02f417/E1_ecology_population_resources.md,7,## 〇 可供总装的判断,54.39|733.78,"1. **【锚点】**1810–12帝国七组船厂分别下水至少7／9／8艘战列舰，已否定「木材不足使年造6艘物理不可能」。但1805公有大橡树733.78万株、120舰计划预计砍54.39万株（7.4%），仅说明全国绝对森林枯竭说不通；**不是**到港、合格、干燥、修船可用存货。安特卫普流域占所录大橡树近62%，Caffarelli估安特卫普/荷兰港可供橡木方量甚至达计划十倍，但其折损率含主观假设；英国对港封锁/出海困难仍在，法国老四港供材相对吃紧（Todorov, pp.7–10；F3下水清单）。**【机制】**舰材要经采伐→规格筛选→水陆转运→熟化→加工，任一局部节点压住完工和战备；英方虽高价转北美、印度造舰与特许贸易，也未摆脱纤维/海员和大桅杆的不同约束（Albion, pp.355–368；Davey, pp.12–13）。**【推演】**S2少打远战、维持安特卫普—鹿特丹航路时，舰材每年新增与修理需求可在F3模型约**3.3–9.5万源stère等价值**内安排（宽敏感性，非供给已达标）；S3激烈封锁和S6外圈并合若切断河港，船厂增量将先失去地理资产。此约束**降低舰队增长速度，不单独证明战胜英国无望**；置信中。",仅候选：可能单位换算、概括、纠错或真正遗漏；不能以字符串未命中判漏
nodes/r_5b1357a9c6/cards/t_02f417/E1_ecology_population_resources.md,8,## 〇 可供总装的判断,1812.11|1813.12|1814.4,"2. **【锚点】**1813年2月帝国130省马普查350万匹，其中约83.8万未满四岁；1812.11—1813.12处理21.27万匹，到1814.4 Dawson报告约18.22万退出，其中约13万死亡属作者分类推算（Dawson, 2013，缓存§马群）。**【机制】**马驹不能立即充军、军用体高/驯练/品种与农耕替代不相同。**【推演】**不打俄（S2）可解除1812–13这种骤缺，但若S6长期在多边境和外圈占领持续年取15–21万匹（实验上沿），即便总马群不耗尽，成年军马、草料、农户容忍度很可能先破；置信中。模型征用年2–5万／6–12万／15–21万三个档**不是可持续史实上限**。",仅候选：可能单位换算、概括、纠错或真正遗漏；不能以字符串未命中判漏
nodes/r_5b1357a9c6/cards/t_02f417/E1_ecology_population_resources.md,21,## ① 决策结构与政治制度：谁能开采、禁止、放行,1186|1669,"**【锚点】**科尔贝1669《森林水道令》为公社/教会林划保留四分之一与轮伐，私林另需申报而不必划相同保留区；法国1805公社及国有林木普查排私林；安特卫普港/河流控制大于法国本土大橡树总数，船厂依海军部、林管、港口与河道参与（Graham 2023 PDF pp.4–5、8–9；Todorov pp.7–10）。英国皇家船厂从里加收大桅杆1,186根（1801），北美198根；舰材供应商Solly可在1809请求单船护航，经海军部安排（Davey p.12–13，转引ADM及Morriss）。1816–17南德有政府粮税、地方慈善组织与私人储粮（Glaser等 §3）。**【机制】**生态「决策者」其实为商人、船厂、林主、农家和诸国关口/封锁舰组成的多级否决网络。**【推演】**即便拿破仑控制莱茵，若没控制俄港—奥斯曼博斯普鲁斯过境—中立航运，敖德萨谷物不按命令抵达法军；若政治威逼地方农民卖马导致休耕，行政并合反损粮根基（中）。",仅候选：可能单位换算、概括、纠错或真正遗漏；不能以字符串未命中判漏
nodes/r_5b1357a9c6/cards/t_02f417/E1_ecology_population_resources.md,29,## ③ 财政、货币和金融：森林多不等于便宜,18013.7|18392|19172,"**【锚点】**魁北克正常舰木运费约£3 5s/荷载，Albion指约波罗的海的三倍；1808北美大桅杆供给骤升、价格/航程代价仍在（Albion pp.355–356）。英国对俄大麻进口1801 3.7万旧tons是**全国进口**，不是海军到库数；1762–82俄国在英进口大麻占18,392/19,172≈95.9%，年代绝不等于1809（Davey论文印pp.12–13，原句有「in 1801…between 1762 and 1782」的编写错误）。**【机制】**替代来源提高运输、护航、金融保险成本，可能保持供给不中断但增财政压力；用大陆地广推论无成本军资是误判。**【推演】**S3要封锁俄麻需资助北欧护航和走私警戒；英国可买更贵加拿大材料、保护部分波罗的海船及在印度造舰，法国不可能仅靠「九成」历史旧比立即瘫痪皇家海军（中）。法国的本土硝/印度硝替代亦有财政而非唯物理成本（Multhauf p.178）。",仅候选：可能单位换算、概括、纠错或真正遗漏；不能以字符串未命中判漏
nodes/r_5b1357a9c6/cards/t_02f417/E1_ecology_population_resources.md,37,### 人口四截面：**现代疆域估计，不是当时国家权力边界**（百万）,30.672|33.268|36.056,| 法国 | 29.000 | 30.672 | 33.268 | 36.056 | 非帝国130省人口 |,仅候选：可能单位换算、概括、纠错或真正遗漏；不能以字符串未命中判漏
nodes/r_5b1357a9c6/cards/t_02f417/E1_ecology_population_resources.md,47,### 人口四截面：**现代疆域估计，不是当时国家权力边界**（百万）,180010.75|180110942646|181112590803|181515.997|182114391631|182121282966|18216801827|183124.410|183124410429|18317767401|184127041031|18418175124,"来源：`E1_resources.csv`四点OWID/Gapminder/ClioInfra估算，已含插补，不是新普查。*对英国至少有独立**历史人口普查书表**：大不列颠1801 10,942,646、1811 12,590,803、1821 14,391,631；爱尔兰1821 6,801,827、1831 7,767,401、1841 8,175,124；UK含海岛1821 21,282,966、1831 24,410,429、1841 27,041,031（Porter, *Progress*, 1851新版，印pp.8–11）；爱尔兰1813清查作者亦判不可靠。OWID英国1800 10.75m及1815 15.997m接近GB而非完整UK，1821却已21.333m；1800/15这两点**不列入UK比较**。1830现代实体OWID24.105m与Porter1831 24.410m年份不同、尚非互证。1848见CSV的同源估计，不据此直接统兵。",仅候选：可能单位换算、概括、纠错或真正遗漏；不能以字符串未命中判漏
nodes/r_5b1357a9c6/cards/t_02f417/E1_ecology_population_resources.md,59,### 「储量」与「年产」分栏：同量纲也不能直接相除,1793.12|94.12,| 法国内硝石 | 1788年产180万kg；1793.12–94.12约817万kg**天然含硝物料应急加工**；1828约50万kg/年 | 人工硝床不能据峰值外推；进口、墙土耗损及财政 | Multhauf pp.174–178 |,仅候选：可能单位换算、概括、纠错或真正遗漏；不能以字符串未命中判漏
nodes/r_5b1357a9c6/cards/t_02f417/E1_ecology_population_resources.md,62,### 「储量」与「年产」分栏：同量纲也不能直接相除,212|669,| 英/法生铁，1825–29年均 | 669／212千公吨，英国≈3.16倍；英Porter1806约25万旧tons | 三十年代欧冶金转焦炭不均，各国边界不等 | Fordham Tables；Porter 印pp.267–269 |,仅候选：可能单位换算、概括、纠错或真正遗漏；不能以字符串未命中判漏
nodes/r_5b1357a9c6/cards/t_02f417/E1_ecology_population_resources.md,64,### 「储量」与「年产」分栏：同量纲也不能直接相除,181236718|1815171708|1816188259|183078248|1848254094,"| 敖德萨**单港**小麦出口 | 1812 36,718、1815 171,708、1816 188,259、1830 78,248、1848 254,094**公吨**；1813缺失 | 旧俄数据经项目改单位，单港离岸非欧洲进口/法国可得 | Black Sea Project，表C6/C9/C10/C24/C42及说明§1–2 |",仅候选：可能单位换算、概括、纠错或真正遗漏；不能以字符串未命中判漏
nodes/r_5b1357a9c6/cards/t_02f417/E1_ecology_population_resources.md,79,## ⑤ 撷取与动员上限：以流量压力替代伪「物理上限」,1050|408,"| S3续战（65%，10%） | 300／60 | 1,050 | 383 | 408 |",仅候选：可能单位换算、概括、纠错或真正遗漏；不能以字符串未命中判漏
nodes/r_5b1357a9c6/cards/t_02f417/E1_ecology_population_resources.md,80,## ⑤ 撷取与动员上限：以流量压力替代伪「物理上限」,1225|476,"| S6小版（65%，10%） | 350／70 | 1,225 | 447 | 476 |",仅候选：可能单位换算、概括、纠错或真正遗漏；不能以字符串未命中判漏
nodes/r_5b1357a9c6/cards/t_02f417/E1_ecology_population_resources.md,81,## ⑤ 撷取与动员上限：以流量压力替代伪「物理上限」,639|681,"| S6扩版（65%，10%） | 500／100 | 1,750 | 639 | 681 |",仅候选：可能单位换算、概括、纠错或真正遗漏；不能以字符串未命中判漏
nodes/r_5b1357a9c6/cards/t_02f417/E1_ecology_population_resources.md,82,## ⑤ 撷取与动员上限：以流量压力替代伪「物理上限」,2275|830,"| S6全版（65%，10%） | 650／130 | 2,275 | 830 | 885 |",仅候选：可能单位换算、概括、纠错或真正遗漏；不能以字符串未命中判漏
nodes/r_5b1357a9c6/cards/t_02f417/E1_ecology_population_resources.md,83,## ⑤ 撷取与动员上限：以流量压力替代伪「物理上限」,1022|1647,"| S6极端（50%，15%） | 800／160 | 2,800 | 1,022 | 1,647 |",仅候选：可能单位换算、概括、纠错或真正遗漏；不能以字符串未命中判漏
nodes/r_5b1357a9c6/cards/t_02f417/E1_ecology_population_resources.md,93,## ⑥ 军事：军粮、军马、海船各自的生态天花板,13632|21353|67704,"**陆军。【锚点】**Dawson 的1813国家购买81,918匹中有挽马67,704，说明炮车/辎重与骑兵共争资本；马送仓21,353仅转战场13,632，购买/仓流/在营不等值。俄东征撤军触发1813大缺马，非所有法战役永远如此（Dawson§军马）。**【推演】**S2无俄东征，马和传染病最大史实损害可避免；但长期反复东征或S6德西海岸、伊利里亚、西班牙广场分散驻军，后勤和农业季节冲突增长（中）。若模型中持续剧战年征逼近**15–21万匹**，农业与马群结构承压；这并非史料所示稳定年额。",仅候选：可能单位换算、概括、纠错或真正遗漏；不能以字符串未命中判漏
nodes/r_5b1357a9c6/cards/t_02f417/E1_ecology_population_resources.md,99,## ⑦ 社会结构与阶层：谁被迫为帝国供给缴隐形税,166|67704,"**【锚点】**法林普查遗漏私林，采伐国/社木与征私人材权不同；1813挽马采购67,704与农户生产性资产竞争；Württemberg1816已出口价值140万古尔登粮，贫困市镇赈济后积债（Todorov p.7；Dawson；Glaser缓存L162–166）。殖民地黄热风险与强制劳动目标相互牵制：1793–98英占圣多明各投入20,200名英兵，约12,700死亡、1,500病遣，另一1,000可能途中死亡；不是拿同一批人按年率等量相除（Geggus 1979刊p.48、PDFp.11）。**【机制】**林主/农民、港商、城市购粮者、加勒比已居者与新来的欧洲兵/奴隶被帝国动员以不同价格和风险处理。军马、粮、木材不是统治者无成本仓储。**【推演】**S6强取外圈可同时使粮商囤积、农户保马、地方精英抗征；建立当地合作和信用收购可扩大潜力，但会减少免费帝国贡赋。加勒比若走自由黑人军队/有限据点路线，生态损失可能下降而恢复奴隶种植园的政治目标必须变更（Geggus/HT接口；中）。",仅候选：可能单位换算、概括、纠错或真正遗漏；不能以字符串未命中判漏
nodes/r_5b1357a9c6/cards/t_02f417/E1_ecology_population_resources.md,115,## ⑪ 生态、人口与疫病,15157|181019.63|181126.17|31.33|34.33,**歉收不能照搬史实政治结果。【锚点】**Tooke印pp.259–63记英1804小麦霉病，1805价格承袭仓谷不足；1808–09法国却相对有余并向受挫的英国输粮，故**1809不是欧陆同年同步歉收**（Tooke印pp.319–33）。1811爱尔兰马铃薯失收与英法粮价上行相叠，法国小麦1809每百升14.90法郎、1810 19.63、1811 26.17、1812文内31.33／34.33两值不一致，保留冲突；1813良收后价下跌。马铃薯进入法奥俄且采纳不均，Nunn–Qian历史适宜度比较的世界长期增长估计不能拿来给1803法国人口加12%（NBER WP15157 pp.10–12、35–36）。**【机制】**天气、物种、仓储、货币和贸易内生相互作用；守着封锁禁运也会造成供应错配。,仅候选：可能单位换算、概括、纠错或真正遗漏；不能以字符串未命中判漏
nodes/r_5b1357a9c6/cards/t_02f417/E1_ecology_population_resources.md,119,## ⑪ 生态、人口与疫病,182717|35922|3706|47.8,"**病疫。【锚点】**1812俄战行军初即腹泻、发热，1813大退却—德国军医站/战俘—莱比锡后扩散，Prinzing印pp.115–39是1916年重构，病名「斑疹伤寒」与当时“热病”不能逐例一一映射。1831维尔纽斯记霍乱病例3,706、死1,772（**病例致死约47.8%，非城市死亡占比**；翌年城市总人口估35,922，分母不同），俄罗斯48省大数亦来自后人转述（Janicka 2020刊pp.77–78）。加勒比黄热：Geggus直接读刊p.58，牙买加白人驻军1803–36各年死亡率平均13%且最低年6%，疫年1808/1819/1822/1825/1827 17–30%；13%**已包含疫年，绝不可再加权五个疫年产生虚高「长期期望」**。刊p.48圣多明各20,200投入/约12,700死亡是1793–98累计，不能转为欧洲占领军年率。**【机制】**拥挤/饥饿/带虱衣物、商旅军队及海港蚊媒、先前感染免疫、住高地与医疗共同定冲击，不是「战争也无法消灭瘟疫所以政策无关」。**【推演】**S2无俄东征，会弱化1813斑疹伤寒特定传播链；1831印度—俄—中欧霍乱交易网络仍可能发生，日期/路径随战争与检疫而变，非必然沿史实路线；若法国继续占领加勒比用大量新到白兵，按牙买加13%全期均值会承受异常高补兵压力，但该率不是海地、法兵及未来所有年份通用参数（中低）。",仅候选：可能单位换算、概括、纠错或真正遗漏；不能以字符串未命中判漏
nodes/r_5b1357a9c6/cards/t_02f417/E1_ecology_population_resources.md,188,## ⑮ 能力包络：历史峰值、崩溃点与未用潜力（非数值相加）,1669|228,| 科尔贝林／私人适舰木 | 1669令公有/教会保留林1/4；1775 Clérans 1.5–2万株中验收228株（Graham PDF pp.4–5、8–9） | 后者是一处历史私人林样本，不可乘1805七百余万；ONF称Tronçais18世纪铁炉/放牧减损早期造林，1832才重造 | 把长轮伐、报砍和林主协商结合；不把「科尔贝林」当现成供应仓。 |,仅候选：可能单位换算、概括、纠错或真正遗漏；不能以字符串未命中判漏
nodes/r_5b1357a9c6/cards/t_02f417/E1_ecology_population_resources.md,192,## ⑮ 能力包络：历史峰值、崩溃点与未用潜力（非数值相加）,18392|19172,"| 俄麻/英国受供 | 1762–82英进口俄麻18,392/19,172旧tons；1801俄麻向英37,000（Davey pp.12–13） | **缺1808–12英海军净需与存量**，95.9%非当时海军依存 | 战时护航北欧+北美/印度纤维采购可能加价延续。 |",仅候选：可能单位换算、概括、纠错或真正遗漏；不能以字符串未命中判漏
nodes/r_5b1357a9c6/cards/t_02f417/E1_ecology_population_resources.md,196,## ⑮ 能力包络：历史峰值、崩溃点与未用潜力（非数值相加）,212|669,| 法/英煤铁 | 法1812–14煤年均82万t；英1820–24煤17.7m vs法1.1m；1825–29英法铁669/212千t（Chaptal；Fontana转引） | 矿质、铁路前运输、焦炭/炉/机床，不能随并合一夜军工化 | 大陆港矿与冶炼协作但英国生产和技术也演进；1825—48才逐步分化。 |,仅候选：可能单位换算、概括、纠错或真正遗漏；不能以字符串未命中判漏
nodes/r_5b1357a9c6/cards/t_02f417/E1_ecology_population_resources.md,210,## ⑯ 主线、备选与改判证据,1225|1647|2670|476|830,"**量化承诺及边界**：F3舰木模型约3.3–9.5万源stère当量/年是**需求假设范围**非供给预测；生态运输情景S2 670–830t/日在场军粮马料总量（跨区106–488t/d），S6小版至极端1,225–2,800t/d（跨区476–1,647t/d），系`P,H,1.5kg,10kg,local 50–85%, loss5–15%`明确假设的算术，非从1803账观察的置信区间。法国长期矿煤与军马征用的真正硬峰值不能由孤立年份定数。结论格位不留「未识别」：主线是S2/S5小并合可存、S6全面行省化资源净收益弱；备选是S1有更大海军建设窗口或S3在英供给崩塌时短期奏效。越出资源领域的政治可行、继承与兵力由P2/P6/F5裁判。",仅候选：可能单位换算、概括、纠错或真正遗漏；不能以字符串未命中判漏
nodes/r_5b1357a9c6/cards/t_02f417/E1_partA.md,7,## 〇 可供总装的判断,54.39|733.78,"1. **【锚点】**1810–12帝国七组船厂分别下水至少7／9／8艘战列舰，已否定「木材不足使年造6艘物理不可能」。但1805公有大橡树733.78万株、120舰计划预计砍54.39万株（7.4%），仅说明全国绝对森林枯竭说不通；**不是**到港、合格、干燥、修船可用存货。安特卫普流域占所录大橡树近62%，Caffarelli估安特卫普/荷兰港可供橡木方量甚至达计划十倍，但其折损率含主观假设；英国对港封锁/出海困难仍在，法国老四港供材相对吃紧（Todorov, pp.7–10；F3下水清单）。**【机制】**舰材要经采伐→规格筛选→水陆转运→熟化→加工，任一局部节点压住完工和战备；英方虽高价转北美、印度造舰与特许贸易，也未摆脱纤维/海员和大桅杆的不同约束（Albion, pp.355–368；Davey, pp.12–13）。**【推演】**S2少打远战、维持安特卫普—鹿特丹航路时，舰材每年新增与修理需求可在F3模型约**3.3–9.5万源stère等价值**内安排（宽敏感性，非供给已达标）；S3激烈封锁和S6外圈并合若切断河港，船厂增量将先失去地理资产。此约束**降低舰队增长速度，不单独证明战胜英国无望**；置信中。",仅候选：可能单位换算、概括、纠错或真正遗漏；不能以字符串未命中判漏
nodes/r_5b1357a9c6/cards/t_02f417/E1_partA.md,8,## 〇 可供总装的判断,1812.11|1813.12|1814.4,"2. **【锚点】**1813年2月帝国130省马普查350万匹，其中约83.8万未满四岁；1812.11—1813.12处理21.27万匹，到1814.4 Dawson报告约18.22万退出，其中约13万死亡属作者分类推算（Dawson, 2013，缓存§马群）。**【机制】**马驹不能立即充军、军用体高/驯练/品种与农耕替代不相同。**【推演】**不打俄（S2）可解除1812–13这种骤缺，但若S6长期在多边境和外圈占领持续年取15–21万匹（实验上沿），即便总马群不耗尽，成年军马、草料、农户容忍度很可能先破；置信中。模型征用年2–5万／6–12万／15–21万三个档**不是可持续史实上限**。",仅候选：可能单位换算、概括、纠错或真正遗漏；不能以字符串未命中判漏
nodes/r_5b1357a9c6/cards/t_02f417/E1_partA.md,21,## ① 决策结构与政治制度：谁能开采、禁止、放行,1186|1669,"**【锚点】**科尔贝1669《森林水道令》为公社/教会林划保留四分之一与轮伐，私林另需申报而不必划相同保留区；法国1805公社及国有林木普查排私林；安特卫普港/河流控制大于法国本土大橡树总数，船厂依海军部、林管、港口与河道参与（Graham 2023 PDF pp.4–5、8–9；Todorov pp.7–10）。英国皇家船厂从里加收大桅杆1,186根（1801），北美198根；舰材供应商Solly可在1809请求单船护航，经海军部安排（Davey p.12–13，转引ADM及Morriss）。1816–17南德有政府粮税、地方慈善组织与私人储粮（Glaser等 §3）。**【机制】**生态「决策者」其实为商人、船厂、林主、农家和诸国关口/封锁舰组成的多级否决网络。**【推演】**即便拿破仑控制莱茵，若没控制俄港—奥斯曼博斯普鲁斯过境—中立航运，敖德萨谷物不按命令抵达法军；若政治威逼地方农民卖马导致休耕，行政并合反损粮根基（中）。",仅候选：可能单位换算、概括、纠错或真正遗漏；不能以字符串未命中判漏
nodes/r_5b1357a9c6/cards/t_02f417/E1_partA.md,29,## ③ 财政、货币和金融：森林多不等于便宜,18013.7|18392|19172,"**【锚点】**魁北克正常舰木运费约£3 5s/荷载，Albion指约波罗的海的三倍；1808北美大桅杆供给骤升、价格/航程代价仍在（Albion pp.355–356）。英国对俄大麻进口1801 3.7万旧tons是**全国进口**，不是海军到库数；1762–82俄国在英进口大麻占18,392/19,172≈95.9%，年代绝不等于1809（Davey论文印pp.12–13，原句有「in 1801…between 1762 and 1782」的编写错误）。**【机制】**替代来源提高运输、护航、金融保险成本，可能保持供给不中断但增财政压力；用大陆地广推论无成本军资是误判。**【推演】**S3要封锁俄麻需资助北欧护航和走私警戒；英国可买更贵加拿大材料、保护部分波罗的海船及在印度造舰，法国不可能仅靠「九成」历史旧比立即瘫痪皇家海军（中）。法国的本土硝/印度硝替代亦有财政而非唯物理成本（Multhauf p.178）。",仅候选：可能单位换算、概括、纠错或真正遗漏；不能以字符串未命中判漏
nodes/r_5b1357a9c6/cards/t_02f417/E1_partA.md,37,### 人口四截面：**现代疆域估计，不是当时国家权力边界**（百万）,30.672|33.268|36.056,| 法国 | 29.000 | 30.672 | 33.268 | 36.056 | 非帝国130省人口 |,仅候选：可能单位换算、概括、纠错或真正遗漏；不能以字符串未命中判漏
nodes/r_5b1357a9c6/cards/t_02f417/E1_partA.md,47,### 人口四截面：**现代疆域估计，不是当时国家权力边界**（百万）,180010.75|180110942646|181112590803|181515.997|182114391631|182121282966|18216801827|183124.410|183124410429|18317767401|184127041031|18418175124,"来源：`E1_resources.csv`四点OWID/Gapminder/ClioInfra估算，已含插补，不是新普查。*对英国至少有独立**历史人口普查书表**：大不列颠1801 10,942,646、1811 12,590,803、1821 14,391,631；爱尔兰1821 6,801,827、1831 7,767,401、1841 8,175,124；UK含海岛1821 21,282,966、1831 24,410,429、1841 27,041,031（Porter, *Progress*, 1851新版，印pp.8–11）；爱尔兰1813清查作者亦判不可靠。OWID英国1800 10.75m及1815 15.997m接近GB而非完整UK，1821却已21.333m；1800/15这两点**不列入UK比较**。1830现代实体OWID24.105m与Porter1831 24.410m年份不同、尚非互证。1848见CSV的同源估计，不据此直接统兵。",仅候选：可能单位换算、概括、纠错或真正遗漏；不能以字符串未命中判漏
nodes/r_5b1357a9c6/cards/t_02f417/E1_partA.md,59,### 「储量」与「年产」分栏：同量纲也不能直接相除,1793.12|94.12,| 法国内硝石 | 1788年产180万kg；1793.12–94.12约817万kg**天然含硝物料应急加工**；1828约50万kg/年 | 人工硝床不能据峰值外推；进口、墙土耗损及财政 | Multhauf pp.174–178 |,仅候选：可能单位换算、概括、纠错或真正遗漏；不能以字符串未命中判漏
nodes/r_5b1357a9c6/cards/t_02f417/E1_partA.md,62,### 「储量」与「年产」分栏：同量纲也不能直接相除,212|669,| 英/法生铁，1825–29年均 | 669／212千公吨，英国≈3.16倍；英Porter1806约25万旧tons | 三十年代欧冶金转焦炭不均，各国边界不等 | Fordham Tables；Porter 印pp.267–269 |,仅候选：可能单位换算、概括、纠错或真正遗漏；不能以字符串未命中判漏
nodes/r_5b1357a9c6/cards/t_02f417/E1_partA.md,64,### 「储量」与「年产」分栏：同量纲也不能直接相除,181236718|1815171708|1816188259|183078248|1848254094,"| 敖德萨**单港**小麦出口 | 1812 36,718、1815 171,708、1816 188,259、1830 78,248、1848 254,094**公吨**；1813缺失 | 旧俄数据经项目改单位，单港离岸非欧洲进口/法国可得 | Black Sea Project，表C6/C9/C10/C24/C42及说明§1–2 |",仅候选：可能单位换算、概括、纠错或真正遗漏；不能以字符串未命中判漏
nodes/r_5b1357a9c6/cards/t_02f417/E1_partB.md,13,## ⑤ 撷取与动员上限：以流量压力替代伪「物理上限」,1050|408,"| S3续战（65%，10%） | 300／60 | 1,050 | 383 | 408 |",仅候选：可能单位换算、概括、纠错或真正遗漏；不能以字符串未命中判漏
nodes/r_5b1357a9c6/cards/t_02f417/E1_partB.md,14,## ⑤ 撷取与动员上限：以流量压力替代伪「物理上限」,1225|476,"| S6小版（65%，10%） | 350／70 | 1,225 | 447 | 476 |",仅候选：可能单位换算、概括、纠错或真正遗漏；不能以字符串未命中判漏
nodes/r_5b1357a9c6/cards/t_02f417/E1_partB.md,15,## ⑤ 撷取与动员上限：以流量压力替代伪「物理上限」,639|681,"| S6扩版（65%，10%） | 500／100 | 1,750 | 639 | 681 |",仅候选：可能单位换算、概括、纠错或真正遗漏；不能以字符串未命中判漏
nodes/r_5b1357a9c6/cards/t_02f417/E1_partB.md,16,## ⑤ 撷取与动员上限：以流量压力替代伪「物理上限」,2275|830,"| S6全版（65%，10%） | 650／130 | 2,275 | 830 | 885 |",仅候选：可能单位换算、概括、纠错或真正遗漏；不能以字符串未命中判漏
nodes/r_5b1357a9c6/cards/t_02f417/E1_partB.md,17,## ⑤ 撷取与动员上限：以流量压力替代伪「物理上限」,1022|1647,"| S6极端（50%，15%） | 800／160 | 2,800 | 1,022 | 1,647 |",仅候选：可能单位换算、概括、纠错或真正遗漏；不能以字符串未命中判漏
nodes/r_5b1357a9c6/cards/t_02f417/E1_partB.md,27,## ⑥ 军事：军粮、军马、海船各自的生态天花板,13632|21353|67704,"**陆军。【锚点】**Dawson 的1813国家购买81,918匹中有挽马67,704，说明炮车/辎重与骑兵共争资本；马送仓21,353仅转战场13,632，购买/仓流/在营不等值。俄东征撤军触发1813大缺马，非所有法战役永远如此（Dawson§军马）。**【推演】**S2无俄东征，马和传染病最大史实损害可避免；但长期反复东征或S6德西海岸、伊利里亚、西班牙广场分散驻军，后勤和农业季节冲突增长（中）。若模型中持续剧战年征逼近**15–21万匹**，农业与马群结构承压；这并非史料所示稳定年额。",仅候选：可能单位换算、概括、纠错或真正遗漏；不能以字符串未命中判漏
nodes/r_5b1357a9c6/cards/t_02f417/E1_partB.md,33,## ⑦ 社会结构与阶层：谁被迫为帝国供给缴隐形税,166|67704,"**【锚点】**法林普查遗漏私林，采伐国/社木与征私人材权不同；1813挽马采购67,704与农户生产性资产竞争；Württemberg1816已出口价值140万古尔登粮，贫困市镇赈济后积债（Todorov p.7；Dawson；Glaser缓存L162–166）。殖民地黄热风险与强制劳动目标相互牵制：1793–98英占圣多明各投入20,200名英兵，约12,700死亡、1,500病遣，另一1,000可能途中死亡；不是拿同一批人按年率等量相除（Geggus 1979刊p.48、PDFp.11）。**【机制】**林主/农民、港商、城市购粮者、加勒比已居者与新来的欧洲兵/奴隶被帝国动员以不同价格和风险处理。军马、粮、木材不是统治者无成本仓储。**【推演】**S6强取外圈可同时使粮商囤积、农户保马、地方精英抗征；建立当地合作和信用收购可扩大潜力，但会减少免费帝国贡赋。加勒比若走自由黑人军队/有限据点路线，生态损失可能下降而恢复奴隶种植园的政治目标必须变更（Geggus/HT接口；中）。",仅候选：可能单位换算、概括、纠错或真正遗漏；不能以字符串未命中判漏
nodes/r_5b1357a9c6/cards/t_02f417/E1_partB.md,49,## ⑪ 生态、人口与疫病,15157|181019.63|181126.17|31.33|34.33,**歉收不能照搬史实政治结果。【锚点】**Tooke印pp.259–63记英1804小麦霉病，1805价格承袭仓谷不足；1808–09法国却相对有余并向受挫的英国输粮，故**1809不是欧陆同年同步歉收**（Tooke印pp.319–33）。1811爱尔兰马铃薯失收与英法粮价上行相叠，法国小麦1809每百升14.90法郎、1810 19.63、1811 26.17、1812文内31.33／34.33两值不一致，保留冲突；1813良收后价下跌。马铃薯进入法奥俄且采纳不均，Nunn–Qian历史适宜度比较的世界长期增长估计不能拿来给1803法国人口加12%（NBER WP15157 pp.10–12、35–36）。**【机制】**天气、物种、仓储、货币和贸易内生相互作用；守着封锁禁运也会造成供应错配。,仅候选：可能单位换算、概括、纠错或真正遗漏；不能以字符串未命中判漏
nodes/r_5b1357a9c6/cards/t_02f417/E1_partB.md,53,## ⑪ 生态、人口与疫病,182717|35922|3706|47.8,"**病疫。【锚点】**1812俄战行军初即腹泻、发热，1813大退却—德国军医站/战俘—莱比锡后扩散，Prinzing印pp.115–39是1916年重构，病名「斑疹伤寒」与当时“热病”不能逐例一一映射。1831维尔纽斯记霍乱病例3,706、死1,772（**病例致死约47.8%，非城市死亡占比**；翌年城市总人口估35,922，分母不同），俄罗斯48省大数亦来自后人转述（Janicka 2020刊pp.77–78）。加勒比黄热：Geggus直接读刊p.58，牙买加白人驻军1803–36各年死亡率平均13%且最低年6%，疫年1808/1819/1822/1825/1827 17–30%；13%**已包含疫年，绝不可再加权五个疫年产生虚高「长期期望」**。刊p.48圣多明各20,200投入/约12,700死亡是1793–98累计，不能转为欧洲占领军年率。**【机制】**拥挤/饥饿/带虱衣物、商旅军队及海港蚊媒、先前感染免疫、住高地与医疗共同定冲击，不是「战争也无法消灭瘟疫所以政策无关」。**【推演】**S2无俄东征，会弱化1813斑疹伤寒特定传播链；1831印度—俄—中欧霍乱交易网络仍可能发生，日期/路径随战争与检疫而变，非必然沿史实路线；若法国继续占领加勒比用大量新到白兵，按牙买加13%全期均值会承受异常高补兵压力，但该率不是海地、法兵及未来所有年份通用参数（中低）。",仅候选：可能单位换算、概括、纠错或真正遗漏；不能以字符串未命中判漏
nodes/r_5b1357a9c6/cards/t_02f417/E1_partC.md,65,## ⑮ 能力包络：历史峰值、崩溃点与未用潜力（非数值相加）,1669|228,| 科尔贝林／私人适舰木 | 1669令公有/教会保留林1/4；1775 Clérans 1.5–2万株中验收228株（Graham PDF pp.4–5、8–9） | 后者是一处历史私人林样本，不可乘1805七百余万；ONF称Tronçais18世纪铁炉/放牧减损早期造林，1832才重造 | 把长轮伐、报砍和林主协商结合；不把「科尔贝林」当现成供应仓。 |,仅候选：可能单位换算、概括、纠错或真正遗漏；不能以字符串未命中判漏
nodes/r_5b1357a9c6/cards/t_02f417/E1_partC.md,69,## ⑮ 能力包络：历史峰值、崩溃点与未用潜力（非数值相加）,18392|19172,"| 俄麻/英国受供 | 1762–82英进口俄麻18,392/19,172旧tons；1801俄麻向英37,000（Davey pp.12–13） | **缺1808–12英海军净需与存量**，95.9%非当时海军依存 | 战时护航北欧+北美/印度纤维采购可能加价延续。 |",仅候选：可能单位换算、概括、纠错或真正遗漏；不能以字符串未命中判漏
nodes/r_5b1357a9c6/cards/t_02f417/E1_partC.md,73,## ⑮ 能力包络：历史峰值、崩溃点与未用潜力（非数值相加）,212|669,| 法/英煤铁 | 法1812–14煤年均82万t；英1820–24煤17.7m vs法1.1m；1825–29英法铁669/212千t（Chaptal；Fontana转引） | 矿质、铁路前运输、焦炭/炉/机床，不能随并合一夜军工化 | 大陆港矿与冶炼协作但英国生产和技术也演进；1825—48才逐步分化。 |,仅候选：可能单位换算、概括、纠错或真正遗漏；不能以字符串未命中判漏
nodes/r_5b1357a9c6/cards/t_02f417/E1_partC.md,87,## ⑯ 主线、备选与改判证据,1225|1647|2670|476|830,"**量化承诺及边界**：F3舰木模型约3.3–9.5万源stère当量/年是**需求假设范围**非供给预测；生态运输情景S2 670–830t/日在场军粮马料总量（跨区106–488t/d），S6小版至极端1,225–2,800t/d（跨区476–1,647t/d），系`P,H,1.5kg,10kg,local 50–85%, loss5–15%`明确假设的算术，非从1803账观察的置信区间。法国长期矿煤与军马征用的真正硬峰值不能由孤立年份定数。结论格位不留「未识别」：主线是S2/S5小并合可存、S6全面行省化资源净收益弱；备选是S1有更大海军建设窗口或S3在英供给崩塌时短期奏效。越出资源领域的政治可行、继承与兵力由P2/P6/F5裁判。",仅候选：可能单位换算、概括、纠错或真正遗漏；不能以字符串未命中判漏
nodes/r_5b1357a9c6/cards/t_02f417/notes_blacksea_grain.md,3,# E1新证据：黑海粮贸为可计量流量而非天然法国粮仓,241848|61815|7653|91830,2026-09-23新增亲读：希腊 Black Sea Project 的敖德萨出口工作表 `downloads/E1_BlackSea_Odessa_exports_imports.xlsx`，原表 [Odessa Exports and imports](https://cities.blacksea.gr/en/odessa/5-7/)，下载链接 https://blacksea.gr/download.php?fen=statistics/statistics_0014_7653.xlsx；编制说明 `downloads/E1_BlackSea_statistics_sources.docx`，https://blacksea.gr/download.php?fen=statistics_sources.docx；学术负责人 Socrates Petmezas、Alexandra Papadopoulou。原表仅数字A–V、年份在网页逐行显示；1812→工作表行6，1815→行9，1830→行24，1848→行42。A/B总出口/进口价值，C=小麦出口量**公吨**，D=黑麦，E=大麦；H=小麦出口价值千法郎，**缺格不可作零**；F/G燕麦/玉米。编者说明各单位换成公吨，价值为后设折算的黄金法郎，原数据上游俄国对外贸易年刊《Государственная внешняя торговля в разных ее видах》1812–62、各国领事档案与二手著作混合，原刊本未亲阅。编制说明又提1821起英国敖德萨领事报告。PDF/HTML网页提供人类可读年份，工作表本身不含YEAR列；对应关系由网页核行，勿把空单元当0。,仅候选：可能单位换算、概括、纠错或真正遗漏；不能以字符串未命中判漏
nodes/r_5b1357a9c6/cards/t_02f417/notes_blacksea_grain.md,5,# E1新证据：黑海粮贸为可计量流量而非天然法国粮仓,181236717.58|181480481.15|1815171707.83|1816188258.84|1817116159.51|1818135737.32|1819115423.13|182093816.80|182391027.99|1824115494.79|1825130472.77|1826194684.77|182849501.03|1829194622.84|183078248.03|1831130355.56|183274105.56|183311059.73|183461299.73|1848254094.26,"原表C列：1812 36,717.58t；1813 **空缺**；1814 80,481.15；1815 171,707.83；1816 188,258.84；1817 116,159.51；1818 135,737.32；1819 115,423.13；1820 93,816.80；1821–22 **空缺**；1823 91,027.99；1824 115,494.79；1825 130,472.77；1826 194,684.77；1827空缺；1828 49,501.03；1829 194,622.84；1830 78,248.03；1831 130,355.56；1832 74,105.56；1833 11,059.73；1834 61,299.73；1835–37空缺；1848 254,094.26。上述为**单港年度离港小麦**（不是俄全国产量或全欧洲可采购余量），高精度只是旧单位转码产物，不应声称精确到吨。特别注意网页将1813等工作表小麦栏**空格渲成0**；项目方法说明明言“Missing data are left blank”，本CSV尊重原工作表空值而非网站的0字面。编者文本把英制quarter错释为28lb long hundredweight的四分之一，这显然并非英谷物quarter；本表只取它由俄制粮食体积单位换算的**公吨结果**，这项方法文档单位讹误要求将公吨观测精度列`MEDIUM_LOW`，若关键粮重估应先核俄原刊。1815–16相继增加显示港流可以响应需求/交通，却不保证1803法帝国可自由获取；1850前铁路供应栏为空。",仅候选：可能单位换算、概括、纠错或真正遗漏；不能以字符串未命中判漏
nodes/r_5b1357a9c6/cards/t_02f417/notes_colbert_forests.md,3,# Colbert森林—社会产权与舰材规格：亲读补充,1662|1669|1678|228|2542|2666|3733|928,"Hamish Graham, “A Matter of the King’s Service: Supplying Ship Timbers for the French Navy in the Eighteenth Century,” *Drassana*30(2022刊/网页2023发布):80–100, DOI https://doi.org/10.51829/Drassana.30.691, 下载 `downloads/E1_Graham2023_FrenchNavalTimber.pdf`, doc `313c1f64bc40`。本卡实读PDF pp.4–5/刊pp.83–84：1669《森林水道令》先勘界再经营规划，划出最优1/4保留林(quart de réserve)，其他轮伐并每arpent（约半公顷）留16株；官方为造舰储成材，建筑适宜橡树≥80–90岁；路易十四自述来源是后设追忆，不能拿来证明1662国王实际动机。pp.8–9/刊87–88：Devèze估1789前私人林约全法60%，转引且边界不明；私林主需申报砍伐意向让舰队择收。Guyenne样本五组申报328、928、2666、2542、3733（1741–42→1781–83，样本取年不完全一致）；申报增大不是实际林木质量或产量增。地主虚报河距/低估树木实用性/违法伐期，是制度摩擦与消极抵抗。1775 Clérans私人林15–20k树中仅228适用，约1.1–1.5%；1765–66另一组16林近23k树中选1600约7%，强烈提醒不同林区适材率不能统一。两项都是作者从法国地方档案抽样引/未亲阅原档，不可外推帝国林普查所有73万或700万大橡树。Graham PDF p.5又说1669令在Franche-Comté多于1678后扩法行政，这支撑森林征发亦为省化行政机制，不证明其无抵抗。",仅候选：可能单位换算、概括、纠错或真正遗漏；不能以字符串未命中判漏
nodes/r_5b1357a9c6/cards/t_02f417/notes_colbert_forests.md,5,# Colbert森林—社会产权与舰材规格：亲读补充,1669|82150,法国家森林办公室ONF科尔贝林(Tronçais)专题 https://www.onf.fr/onf/%2B/ff6::la-grande-histoire-des-forets-episode-ordonnance-de-colbert-en-1669-la-gestion-forestiere-en-foret-de-troncais.html，网页缓存 `downloads/pages/d82150b0f2eb.md`，正文《L'ordonnance de Colbert en 1669：la gestion forestière en forêt de Tronçais》：科尔贝1669划界/复林为舰材；但18世纪铁炉燃料砍伐与农户继续放牧使早期维护效应丧失，1832林官Buffévent重新造林，今日成熟多数来自后改革。ONF为现代机构历史叙述，或有品牌塑造及“农户滥用”责任定性，不是1803年档案木材净入厂量；可用于打破“科尔贝林预定供给拿破仑舰队”的时间线误判。,仅候选：可能单位换算、概括、纠错或真正遗漏；不能以字符串未命中判漏
nodes/r_5b1357a9c6/cards/t_02f417/notes_horses_disease.md,7,## 军马：存量、类型与农业竞争,19650|62268|67704,"- 1812-11至1813-12回补仓处理212,671匹、其中据作者80%法国来源；国家购买81,918匹（法国62,268、德19,650），含挽马67,704；挽马特需采购，1813-08起用骡替换部分。不能将81,918与212,671相加——购入可能是仓处理子集。",仅候选：可能单位换算、概括、纠错或真正遗漏；不能以字符串未命中判漏
nodes/r_5b1357a9c6/cards/t_02f417/notes_horses_disease.md,9,## 军马：存量、类型与农业竞争,122500|70000,"- 文末注55转引Charles Dupin, *Forces productives et commerciales de la France* (1827) p.111：合格军马约全国马匹3.5%，作者称1812法国约70,000。须独立核Dupin分母疆界/日期，不能把3.5%乘130省3.5m得1812本土军马——这得122,500，非70k，彰显口径冲突。",仅候选：可能单位换算、概括、纠错或真正遗漏；不能以字符串未命中判漏
nodes/r_5b1357a9c6/cards/t_02f417/notes_horses_disease.md,10,## 军马：存量、类型与农业竞争,142000|1560000|1656000|1702000|1924000|254460|275000|280000|700000|847000,"- 英法不将全国马总量等同可征余量：Astrid Kander & Paul Warde, “Number, Size and Energy Consumption of Draught Animals in European Agriculture,” working paper, Mar 2009，doc `3cbbd254460a`, `downloads/E1_WardeKander2009_draught_animals.pdf`，PDF p.1定义表单位**千头**，pp.9–12：1815农业役马England & Wales **700,000**，France **1,560,000**；德意志（投影到1873德意志帝国疆界）农业役马**1,656,000**，荷兰**142,000**，瑞典**280,000**。这些**不是全马存量，更非可征骑兵马数**；法国1815耕牛1,702,000、骡275,000，德国耕牛/牛1,924,000（算法）。法国1815估计来自Montalivent的1812总马及Lavoisier 1791农用率假设76%成年马，非1815全境新普查；德国1815由1861/1873倒推且含阿尔萨斯—洛林并非1815现存国家，不可与法国130省直接相加。英1821 GB农用课税马/骡847,000，苏格兰约14%，非英国骑兵马群。农业马役替代耕牛、增加人力/推迟耕种都有粮食和阶级代价。",仅候选：可能单位换算、概括、纠错或真正遗漏；不能以字符串未命中判漏
nodes/r_5b1357a9c6/cards/t_02f417/notes_horses_disease.md,15,## 战争疫病,11328|12289|13895|613|71,"Friedrich Prinzing, *Epidemics Resulting from Wars* (1916), Gutenberg `downloads/E1_Prinzing1916_epidemics.html`, doc `e13895bee2e3`; 索引p.69–71/印pp.134–139：1813莱比锡—哈瑙撤军、军医站、家庭驻宿、战场死者衣物、盟军医院持续传播斑疹伤寒。Hanau 1813-10-26至1814-03-01全因死亡613，旧常年约125，不等于额外488全由实验室证实斑疹伤寒；Prinzing转引Kopp。Frankfurt 1814-01-14 >4,000城中发疹病患、其辖区>6,000，平民月死亡1813-11 328、12 289 vs 7–9月各86/83/93，说明疾病与战地流动、拥挤强相关，非单方士兵感染。1916 nosology及地方断点不得当现代病原死亡率；不入全帝国统一损失率。",仅候选：可能单位换算、概括、纠错或真正遗漏；不能以字符串未命中判漏
nodes/r_5b1357a9c6/cards/t_02f417/notes_horses_disease.md,17,## 战争疫病,35922|3706|47.8|49.33|533|9735,"Iwona Janicka, “The Register of the Dead from Cholera in Vilnius Pohulanka Hospital in 1831,” *Przeszłość Demograficzna Polski* 42(2020):75–94, DOI `10.18276/pdp.2020.42-03`, doc `e10cbcde9735`, `downloads/E1_Vilnius1831_cholera_hospital.pdf`，PDF pp.3–4/刊pp.77–78：1831亚洲霍乱俄欧省→波兰→奥/德→英，维尔纽斯1831-04-05至12-18病3,706、死1,772，病例病死47.8%，城市总人口作者引1832约35,922（存在与其他估计不符），**病例病死率并非全人口死亡率**。作者报死亡率48.3‰，若以35,922为分母重算=49.33‰，其小误差需注；史料犹太社区避报与人口普查变动可能低估。病例先在犹太居民和驻军近同期显现，不能据此单向归责军队。PDF p.1英文摘要死者性别宗教记录称553，正文另一段可能称533，待原册核。作者转引俄罗斯48省确诊466k/亡197k，不可认定跨年全部为1831、也不能拿病例致死率推全人口流失。即使S2无1812东征，1831霍乱的印度—俄—中欧贸易/军队网络可能存在，路线/年份因战争和检疫变动；不按史实固定法军损失。",仅候选：可能单位换算、概括、纠错或真正遗漏；不能以字符串未命中判漏
nodes/r_5b1357a9c6/cards/t_02f417/notes_materials_01.md,4,## Todorov 法国海军林木（亲读 `downloads/F3_Todorov_redressement_1810_1813.pdf`，doc 0fd6bd047f2a）,108982|1208|3152622|3390514|7337832,"- 印p.7：1810计划三年造60艘；80炮战列舰需3,737 stères橡木（原文还给108,982 pieds cubes；不要误将stère当可直接置换的实体立方米）；1811年底帝国计划四年供应800万立方英尺木材、目标120舰，计划≠下水。1805普查（限帝国/公社森林，排晚并入和私林）≥五法尺周长橡树7,337,832株、山毛榉3,390,514、枞3,152,622；Todorov引AN AF/IV/1208、1077，**我们只读论文，档案为作者转引**。",仅候选：可能单位换算、概括、纠错或真正遗漏；不能以字符串未命中判漏
nodes/r_5b1357a9c6/cards/t_02f417/notes_materials_01.md,6,## Todorov 法国海军林木（亲读 `downloads/F3_Todorov_redressement_1810_1813.pdf`，doc 0fd6bd047f2a）,132000|225000|3216|578,"- 印pp.9–10：1812-04-25令拟供橡木225,000 stères，安特卫普与荷兰港获132,000（引Lepelley，非原令亲核）；120舰连其他港用材估需砍543,937株，即1805普查大橡树的7.4%，但私林/晚并地未计，不能说全国森林将枯竭。伊斯特里亚一等380林、二等578、另公私3216，优良弯材且历史上供威尼斯，1811备忘录经Todorov转引；特里耶斯特/Fiume 1810 Tupinier所见却低评，矛盾保留。地理和采运的流量瓶颈，而非绝对存量，是主线；圣赫勒拿对安特卫普执念为回溯证词。",仅候选：可能单位换算、概括、纠错或真正遗漏；不能以字符串未命中判漏
nodes/r_5b1357a9c6/cards/t_02f417/notes_materials_01.md,7,## Todorov 法国海军林木（亲读 `downloads/F3_Todorov_redressement_1810_1813.pdf`，doc 0fd6bd047f2a）,11400|1357|53768|56853|61400,"- F3卡模型 `nodes/r_5b1357a9c6/cards/t_b1a536/F3_material_requirements.csv` 1815 W/P 中央年舰材新造35000＋修理11400＋非战列15000=约61,400 source-stère-equivalent；1830 W约53,768、P约56,853，宽每年约3.3–9.5万。**模型假设，不是观测的入厂量；数值经源码参数而来**。",仅候选：可能单位换算、概括、纠错或真正遗漏；不能以字符串未命中判漏
nodes/r_5b1357a9c6/cards/t_02f417/notes_materials_01.md,12,## 英方 Albion/Davey（经B3卡核读原始OCR，自己实读其 `sources/stores/B3_stores_evidence.md`，及Davey局部原缓存）,2250|238|36044,- EIC的Milburn *Oriental Commerce* v2 OCR `downloads/IN1_milburn_v2.txt` 印p.238–239：Bihar硝石土淋滤/煮沸结晶；公司受王室合约约束每年供军械局500 tons，且 Bengal 出口货中盐硝例外保留公司垄断（OCR线36044）；数值是义务而非总年产，更不是英国全部硝石消费。1790s–1800s贸易表需另读。Brun火药≈3000吨/年为F2转引，在核原页前只作为接口，按火药75%硝酸钾粗算≈2250吨需求是*模型*非观察。,仅候选：可能单位换算、概括、纠错或真正遗漏；不能以字符串未命中判漏
nodes/r_5b1357a9c6/cards/t_02f417/notes_materials_01.md,15,## 法国军马（前轮实读记录接口，待本轮原缓存重读）,208|5561|56918|65418|67704,"- `nodes/r_b55f2c1cf5/cards/t_208a11/horse_cadre_evidence.md` 引Elting *Swords Around a Throne*, ch.XVI/纸本p.313ff，俄征损至少130k、可能175k匹，包含乘/挽马；Dawson页缓存 `downloads/pages/f3c3e5561ee4.md` 引1812-11-12至1813-05-20配马65,418人，其中骑兵56,918、运输驾驭8,500；国家购买81,918中挽马67,704，脚注档案SHD/AN系**作者转引未亲阅**。累计采购/配装≠某一日可战存量；骑兵与挽马不自由可替换。前轮局部笔记可引用，但所有库存仍未得全国同口径数列。",仅候选：可能单位换算、概括、纠错或真正遗漏；不能以字符串未命中判漏
nodes/r_5b1357a9c6/cards/t_02f417/notes_materials_02.md,5,## 煤、铁、铜：物理量不是随时可调拨军备,035|2500000|8200000|9087,"1. Jean-Antoine Chaptal, *De l'industrie françoise*, t. II (1819), 本地 `downloads/E1_Chaptal1819_industrie_v2.txt`, doc `a77b035c9087`, 索引p.46/印pp.112–113。原句：「les produits des mines de houille s’élevoient à 2,500,000 quintaux métriques. En 1815, M. Cordier ... la moyenne de l'extraction, pendant les trois années qui venoient de s'écouler, étoit de 8,200,000 quintaux métriques provenant des seules houillères comprises dans les limites actuelles de la France.」合25万t（**1794刊印的报告所报，观察年份未明，不可标成1794年产**）与82万t/年（1812–14三年平均、1815法国现疆），不是拿破仑大帝国总体。Chaptal将工业增长全归煤是其解释，不能直接推工业指数三倍；其数来自Cordier二手报告而非本卡亲核矿报。",仅候选：可能单位换算、概括、纠错或真正遗漏；不能以字符串未命中判漏
nodes/r_5b1357a9c6/cards/t_02f417/notes_materials_02.md,6,## 煤、铁、铜：物理量不是随时可调拨军备,212|669,"2. Paul Halsall, Fordham Modern History Sourcebook, `https://sourcebooks.web.fordham.edu/mod/indrevtabs1.asp`, 缓存 `downloads/pages/360e2a6cb9f5.md`, Tables 3–4；注明数据转引*Fontana Economic History of Europe*, vol.4 pt.2统计附录，上游表未亲读。1820–24煤褐煤年均**百万公吨**：UK17.7、法1.1、德国1.2、奥地利0.1；1840–44 UK34.2、法3.5、德国4.4、奥0.52、比4.1。1825–29生铁**千公吨**：UK669、法212、德90、奥85、俄164；不能将1871德国疆界硬套1803德意志邦国。UK/法煤约16.1倍、铁约3.16倍（不同时间窗），英煤物理能源优势显著而非法国短期夺得大陆全煤会翻盘。Fordham二手汇编口径仍须核Fontana与境界。",仅候选：可能单位换算、概括、纠错或真正遗漏；不能以字符串未命中判漏
nodes/r_5b1357a9c6/cards/t_02f417/notes_materials_02.md,13,## 法国硝石反证及印度进口,1800000|3102523|5822|8170000,"Robert P. Multhauf, “The French Crash Program for Saltpeter Production, 1776–94,” *Technology and Culture* 12(2), 1971:163–181, DOI `10.2307/3102523`; Exa抓全文缓存 `downloads/pages/94b41b5822a4.md`, 实读行约76–109，排版OCR断词，不算亲阅脚注所引法档。西方硝石优质源印度，英EIC优先出口；法国王室在1775将特许承包改政府Régie。1788法国国内硝石年1,800,000 kg；1793-12-04至次年6000私人/公社工坊8,170,000 kg，**主要刮墙与自然含硝土洗滤**，没证据人工硝床已实现规模化。1794短期峰值耗用原有土壤储量与民众财产/劳役，不是稳态流。作者明言「little if any ... actually produced was artificial」。1828 Thenard转引法本土年降至500,000kg，1840本土行业终止（Thiele转引）；1808 Cuvier称不许进口印度盐硝妨碍法国硫酸贸易。硝石原料→火药装配也要硫、木炭、精炼、储存及运输，不能由kg硝石径直变战地弹药。",仅候选：可能单位换算、概括、纠错或真正遗漏；不能以字符串未命中判漏
nodes/r_5b1357a9c6/cards/t_02f417/notes_materials_02.md,19,## 大麻/亚麻与舰材新增核对,03086534.2018|057|1431432|18392|19172,"Davey 2009、Albion 1926实读见 `notes_materials_01.md`。另James Davey, “Serving the State: Empire, Expertise and the British Hemp Crisis of 1800–01,” *Journal of Imperial and Commonwealth History* 46(4), 2018, DOI `10.1080/03086534.2018.1431432`，仅索引/摘要已见，**不计正文核读**，摘要谓俄皇1800关闭大麻供给引英政府设委员会寻找全球替代，脚注引1800前15年英国全部进口大麻年均26,000 tons（原BT 6/100未阅）；不能由摘要推出九成依存或通道长久断绝。**复核修订**：后来实读Davey 2009博士论文 `downloads/R2_Davey2009.pdf` doc `9cdc057c893a` PDF p.23 / 原印p.12，他明确提历史比较**1762–82英国进口大麻19,172 tons、俄罗斯18,392 tons，占95.9%**；这是旧时期英国全境进口，不是1810海军采购、也不是亚麻比率；该页年份、‘annually’修饰词需严格按原文，见本卡报告SOURCES.md。前述「尚无同年分母」改为：仍未有1803–15英国海军大麻/亚麻、各源进口、库存与净消耗同口径数据，不能填拿破仑时期九成。波罗的海大麻是战略脆弱性而非确定单点致命；纤维、桅杆、大橡木、铜、海员分开平衡。",仅候选：可能单位换算、概括、纠错或真正遗漏；不能以字符串未命中判漏
nodes/r_5b1357a9c6/cards/t_02f417/notes_population_climate.md,7,## 人口数据 / 致命口径断点,180029|181530.672|183033.268|184836.056|31.296|31.505|33.207|34.362|40.545,- OWID现代疆界法国1800 29m、1815 30.672m、1830 33.268m、1848 36.056m；德国18m、22.969m、28.024m、33.207m；俄现代俄疆31.296m、31.505m、34.362m、40.545m；此俄数**不是俄帝国**。1800德国18m→1820 MPD 24.905m，可能混含疆界/插值误差，表仅作为大致刻度不可逐年增长率模型。,仅候选：可能单位换算、概括、纠错或真正遗漏；不能以字符串未命中判漏
nodes/r_5b1357a9c6/cards/t_02f417/notes_population_climate.md,21,## 坦博拉和空间不均,166|1717500|1816.11|1817.1|1817.2|1817.3|8268,"- Glaser、Himmelsbach、Bösmeier, “Climate of migration? How climate triggered migration from southwest Germany to North America during the 19th century,” *Climate of the Past* 13 (2017):1573ff, DOI [10.5194/cp-13-1573-2017](https://doi.org/10.5194/cp-13-1573-2017)，亲读网页缓存 `downloads/pages/f8b5b8268f1c.md` L162–166。1816–17符腾堡/巴登歉收后，符腾堡仍先出口价值140万古尔登粮食、10月补购已迟而冬季河流冰阻；1815/16–1817/18官方出境22,630人，其中1816/17 17,500；1816.11–1817.1慈善协会，巴登1817.3跟进、1817.2部分关税收入转困苦市镇。说明歉收后**库存和政府跨区融资时点**决定移民/饥饿，不可说雨灾自动摧毁法帝国；反事实无1812–14大战可能改变战后仓廪/失业前提，不能照抄22,630人到S5。论文自身模型解释度22–38%，显示社会变量重要。",仅候选：可能单位换算、概括、纠错或真正遗漏；不能以字符串未命中判漏
nodes/r_5b1357a9c6/cards/t_044211/B2_britain_fiscal.md,13,## 执行结论,1080|1626|652|831|840|902,"5. **【模型推演】法胜不自动使英国比史实更负债，但减支时滞非常重要。**立即完成调整的S2基准给1830年约£652—796m、1848年约£607—807m；加入首年维持历史非息开支、此后12—24个月年度阶梯式减支，则分别约£690—902m、£645—1,080m，仍未越60%探针。历史相应债务为£840m、£831m，故**不能保证法胜下英国债务一定更轻**。长期封锁的适应线若含同类过渡，约1844—47也触及60%，不再是“至1848完全没有压力”。若始终不节流，1830年约£1,626m且已进入调整区。决定因素是政策、过渡成本与增长，不是“战败”一词本身。",仅候选：可能单位换算、概括、纠错或真正遗漏；不能以字符串未命中判漏
nodes/r_5b1357a9c6/cards/t_044211/B2_britain_fiscal.md,37,### 3.1 连续序列与必要的口径边界,575|593,**【事实／统计转录】**主系列来自英格兰银行《A millennium of macroeconomic data for the UK》v3.1。A27转录Mitchell（1988）pp.575—593；A29提供综合名义债务；A31、M10提供长期利率。已保存原始工作簿、缓存值子集和逐格来源，1793—1848共56年；另存1809—12月末consol收益率48点。[D1],仅候选：可能单位换算、概括、纠错或真正遗漏；不能以字符串未命中判漏
nodes/r_5b1357a9c6/cards/t_044211/B2_britain_fiscal.md,42,### 3.1 连续序列与必要的口径边界,32.321|410.008,|1797|22.771|55.092|14.200|62.4%|32.321|410.008|5.907%|,仅候选：可能单位换算、概括、纠错或真正遗漏；不能以字符串未命中判漏
nodes/r_5b1357a9c6/cards/t_044211/B2_britain_fiscal.md,43,### 3.1 连续序列与必要的口径边界,42.4|53.0|572.810,|1803|42.4|53.0|20.7|48.8%|10.6|572.810|5.145%|,仅候选：可能单位换算、概括、纠错或真正遗漏；不能以字符串未命中判漏
nodes/r_5b1357a9c6/cards/t_044211/B2_britain_fiscal.md,44,### 3.1 连续序列与必要的口径边界,38.6|60.1|72.9,|1806|60.1|72.9|23.2|38.6%|12.8|645.219|4.887%|,仅候选：可能单位换算、概括、纠错或真正遗漏；不能以字符串未命中判漏
nodes/r_5b1357a9c6/cards/t_044211/B2_britain_fiscal.md,45,### 3.1 连续序列与必要的口径边界,73.0|81.6,|1810|73.0|81.6|24.4|33.4%|8.6|688.465|4.409%|,仅候选：可能单位换算、概括、纠错或真正遗漏；不能以字符串未命中判漏
nodes/r_5b1357a9c6/cards/t_044211/B2_britain_fiscal.md,47,### 3.1 连续序列与必要的口径边界,37.6|70.3|94.8,|1812|70.3|94.8|26.4|37.6%|24.5|734.691|5.013%|,仅候选：可能单位换算、概括、纠错或真正遗漏；不能以字符串未命中判漏
nodes/r_5b1357a9c6/cards/t_044211/B2_britain_fiscal.md,48,### 3.1 连续序列与必要的口径边界,111.1|36.4|36.5|74.7,|1813|74.7|111.1|27.3|36.5%|36.4|816.608|5.113%|,仅候选：可能单位换算、概括、纠错或真正遗漏；不能以字符串未命中判漏
nodes/r_5b1357a9c6/cards/t_044211/B2_britain_fiscal.md,49,### 3.1 连续序列与必要的口径边界,32.2|40.7|79.1|99.5,|1815|79.1|99.5|32.2|40.7%|20.4|888.717|5.036%|,仅候选：可能单位换算、概括、纠错或真正遗漏；不能以字符串未命中判漏
nodes/r_5b1357a9c6/cards/t_044211/B2_britain_fiscal.md,50,### 3.1 连续序列与必要的口径边界,32.9|47.5|69.2|71.3,|1816|69.2|71.3|32.9|47.5%|2.1|885.683|4.810%|,仅候选：可能单位换算、概括、纠错或真正遗漏；不能以字符串未命中判漏
nodes/r_5b1357a9c6/cards/t_044211/B2_britain_fiscal.md,51,### 3.1 连续序列与必要的口径边界,31.4|52.4|56.5|59.9,|1822|59.9|56.5|31.4|52.4%|−3.4|879.183|3.764%|,仅候选：可能单位换算、概括、纠错或真正遗漏；不能以字符串未命中判漏
nodes/r_5b1357a9c6/cards/t_044211/B2_britain_fiscal.md,52,### 3.1 连续序列与必要的口径边界,51.9|53.6|54.5,|1830|54.5|51.9|29.2|53.6%|−2.6|840.419|3.394%|,仅候选：可能单位换算、概括、纠错或真正遗漏；不能以字符串未命中判漏
nodes/r_5b1357a9c6/cards/t_044211/B2_britain_fiscal.md,53,### 3.1 连续序列与必要的口径边界,57.8|59.0,|1848|57.8|59.0|28.7|49.7%|1.2|831.400|3.521%|,仅候选：可能单位换算、概括、纠错或真正遗漏；不能以字符串未命中判漏
nodes/r_5b1357a9c6/cards/t_044211/B2_britain_fiscal.md,67,### 3.2 对校并未实现“所有表归一”,30.450903|32.2|810.046036,**【事实】**Hume在1821年转列年度财政账，1815年UK债息及银行管理费合计£30.450903m，其中funded利息27.176930、管理费0.259970、短债利息3.014003；主表A27为32.2，差1.749097。差异尚未逐项桥接，不能假装已消除。1816年2月1日funded debt £810.046036m也不与1815末综合债务£888.717m同口径。[H9；H10],仅候选：可能单位换算、概括、纠错或真正遗漏；不能以字符串未命中判漏
nodes/r_5b1357a9c6/cards/t_044211/B2_britain_fiscal.md,104,### 3.5 1810—11：三个不同危机渠道,214|35593710,"**主权融资。【事实】**1811新借£7.5m，年度利息£355,937 10s，故现金认缴额上的票息成本为4.745833%。每认缴£100获£100的3% reduced、£20的3% consols、£20的4% stock及每年6s11d long annuity：3+0.6+0.8+0.345833＝4.745833。它已经反映发给投资人更多面额和年金的年度支付，但**不包含完整分期缴款、提前缴款折扣的时间价值IRR**。预算另谈discount与按市价计的bonus；不能把该bonus再不分期限地加一次称年利率。偿债基金与管理费也在另列，非上述票息。[H1，cc214—216]",仅候选：可能单位换算、概括、纠错或真正遗漏；不能以字符串未命中判漏
nodes/r_5b1357a9c6/cards/t_044211/B2_britain_fiscal.md,228,## ⑭ 1803—1848情景年表（32个节点）,1626|902,|1829—30|S2与不裁军线首次严重分化。[模型]|S2含过渡债务约690—902；不裁军约1626、债息/收入约63%，行政节流成为主议程|中|,仅候选：可能单位换算、概括、纠错或真正遗漏；不能以字符串未命中判漏
nodes/r_5b1357a9c6/cards/t_044211/B2_britain_fiscal.md,233,## ⑭ 1803—1848情景年表（32个节点）,1143|1218|665|985,|1839—40|模型持久封锁适应线债务升近985。[模型]|S3含过渡约1143—1218且尚未越60%，财政政治更紧；S2含过渡约665—1000，仍有威慑预算|中低|,仅候选：可能单位换算、概括、纠错或真正遗漏；不能以字符串未命中判漏
nodes/r_5b1357a9c6/cards/t_044211/B2_britain_fiscal.md,238,## ⑭ 1803—1848情景年表（32个节点）,1080|831,|1848|历史D831、I/R49.7%；模型检查点。[D1]|S2/S5含过渡面额约645—1080；封锁适应含过渡已在1844—47越60%，其尾部不作可融资预测；仍不预定法国霸权瓦解|中低|,仅候选：可能单位换算、概括、纠错或真正遗漏；不能以字符串未命中判漏
nodes/r_5b1357a9c6/cards/t_044211/B2_britain_fiscal.md,285,### 15.4 冲击三：长期严密封锁,41.1|44.0|57.2,- **适应线：**R60/G39/y5.5%，名义基底年增0.5%。1815赤字约3.8，1830约5.9，1848约12.0；债息/收入约41.1%→44.0%→51.6%。不能说永远轻松，但该账没有在1810年代迫使英国投降。长远至少需新税、进一步节流或贸易和解。该基准立即调整，若首年仍维持G57.2并经12—24个月降支，60%探针前移至1844—47，进一步调整不宜拖到1848以后；这仍不支持封锁在1810年代单独迫和。,仅候选：可能单位换算、概括、纠错或真正遗漏；不能以字符串未命中判漏
nodes/r_5b1357a9c6/cards/t_044211/B2_britain_fiscal.md,306,### 15.5 可复算模型与1815—48债务路径,831.4|840.4|888.7,|S0史实|历史，不由模型生成|888.7|840.4|831.4|49.7%|,仅候选：可能单位换算、概括、纠错或真正遗漏；不能以字符串未命中判漏
nodes/r_5b1357a9c6/cards/t_044211/B2_britain_fiscal.md,307,### 15.5 可复算模型与1815—48债务路径,30.6|502.2|553.2|595.7,|S1早和平|1806起48/24/4.25%；1.25%；净还现款封顶2|595.7|553.2|502.2|30.6%|,仅候选：可能单位换算、概括、纠错或真正遗漏；不能以字符串未命中判漏
nodes/r_5b1357a9c6/cards/t_044211/B2_britain_fiscal.md,308,### 15.5 可复算模型与1815—48债务路径,607.2|652.2|687.9,|S2纪律较强|1811起66/42/5%；1%；净还封顶1.5|687.9|652.2|607.2|26.2%|,仅候选：可能单位换算、概括、纠错或真正遗漏；不能以字符串未命中判漏
nodes/r_5b1357a9c6/cards/t_044211/B2_britain_fiscal.md,309,### 15.5 可复算模型与1815—48债务路径,30.7|719.1|795.9|807.1,|S2成本较高|64/43/5.5%；1%；净还封顶1|719.1|795.9|807.1|30.7%|,仅候选：可能单位换算、概括、纠错或真正遗漏；不能以字符串未命中判漏
nodes/r_5b1357a9c6/cards/t_044211/B2_britain_fiscal.md,310,### 15.5 可复算模型与1815—48债务路径,1137.3|721.2|852.3,|S3主动适应|60/39/5.5%；0.5%；净还封顶1|721.2|852.3|1137.3|51.6%|,仅候选：可能单位换算、概括、纠错或真正遗漏；不能以字符串未命中判漏
nodes/r_5b1357a9c6/cards/t_044211/B2_britain_fiscal.md,311,### 15.5 可复算模型与1815—48债务路径,1625.8|844.3,|无盟友却不减支|66/57/5.5%；1%|844.3|1625.8*|不作可融资预测|—|,仅候选：可能单位换算、概括、纠错或真正遗漏；不能以字符串未命中判漏
nodes/r_5b1357a9c6/cards/t_044211/B2_britain_fiscal.md,321,### 15.5 可复算模型与1815—48债务路径,31.9|32.6|540.5|560.9|591.5|611.9|634.0|654.4,|S1早和平|634.0—654.4|591.5—611.9|540.5—560.9|31.9%—32.6%|,仅候选：可能单位换算、概括、纠错或真正遗漏；不能以字符串未命中判漏
nodes/r_5b1357a9c6/cards/t_044211/B2_britain_fiscal.md,322,### 15.5 可复算模型与1815—48债务路径,645.3|666.1|690.3|711.1|718.7|733.5,|S2纪律较强|718.7—733.5|690.3—711.1|645.3—666.1|27.2%—27.7%|,仅候选：可能单位换算、概括、纠错或真正遗漏；不能以字符串未命中判漏
nodes/r_5b1357a9c6/cards/t_044211/B2_britain_fiscal.md,323,### 15.5 可复算模型与1815—48债务路径,1080.0|36.0|38.8|751.4|766.8|867.9|902.3|989.6,|S2成本较高|751.4—766.8|867.9—902.3|989.6—1080.0|36.0%—38.8%|,仅候选：可能单位换算、概括、纠错或真正遗漏；不能以字符串未命中判漏
nodes/r_5b1357a9c6/cards/t_044211/B2_britain_fiscal.md,324,### 15.5 可复算模型与1815—48债务路径,61.1|65.6|762.5|782.2|944.6|988.6,|S3主动适应|762.5—782.2|944.6—988.6|1847／1844已越60%，尾部不作可融资预测|机械值61.1%—65.6%|,仅候选：可能单位换算、概括、纠错或真正遗漏；不能以字符串未命中判漏
nodes/r_5b1357a9c6/cards/t_044211/B2_britain_fiscal.md,328,### 15.5 可复算模型与1815—48债务路径,044211|1357,**复现**：`python3 nodes/r_5b1357a9c6/cards/t_044211/build_B2_series.py`；然后`python3 nodes/r_5b1357a9c6/cards/t_044211/B2_model.py`。后者含8个主情景＋24个R/G/y/起始债息网格＋8个减支过渡版本，输出逐年现金—利息—面额、折价调整及过渡额。JSON检查点依次为年末D、下一年票息、当年债息/收入、当年缺口；不可用第二项除当年收入误称已校出第三项。没有随机抽样或虚构概率。,仅候选：可能单位换算、概括、纠错或真正遗漏；不能以字符串未命中判漏
nodes/r_5b1357a9c6/cards/t_044211/evidence_bank.md,22,### 1. 1797准备：必须称“硬币及金银”，不是纯黄金,20120486|3501412,"【出处校验】BoE《Bank of England liabilities and assets: 1696 onwards》(1967)，段“The present series”：“1766–1844 … End-February balance sheet”；Table B给1810流通纸币 **£20,120,486**、硬币及金银 **£3,501,412**。URL：https://www.bankofengland.co.uk/-/media/boe/files/quarterly-bulletin/1967/boe-liabilities-and-assets-1696-onwards.pdf ；本地 `downloads/pages/5a55e6aeac33.md`，日期说明及Table B（行82–118）。",仅候选：可能单位换算、概括、纠错或真正遗漏；不能以字符串未命中判漏
nodes/r_5b1357a9c6/cards/t_044211/evidence_bank.md,54,### 5. £6m商业救助：额度≠实发，关键缺口仍在,29931|6389,同段“did not actually issue more than two millions two hundred thousand pounds”明确指 **1793**，不得移植为1811实发。此次检索尚未核得1811实际发放、回收与损失总额。1817年4月28日回顾（vol.36 cc.27–48）只支持曾沿用1793/1811先例，未提供可用实发总数，不能据“无不便”推定全部收回。URL：https://api.parliament.uk/historic-hansard/commons/1817/apr/28/issue-of-exchequer-bills-for-purposes-of ；本地 `downloads/pages/29931d6389d2.md`，行38。,仅候选：可能单位换算、概括、纠错或真正遗漏；不能以字符串未命中判漏
nodes/r_5b1357a9c6/cards/t_044211/evidence_tax_subsidy.md,5,## 即交摘要（按主卡最新范围）,5341907|6046624,"【事实：已读税制史】1799最高标准税率10%；1803复征5%；1805过渡为6.25%；1806恢复10%。初次产出目前可交的文献数：1799 £6,046,624；1803 £5,341,907，均为Avery Jones注21转引1870税务局年报所称“raised”，不是本轮直接核定的财政年现金。1799另有Cousins转引同期议会约£5.8m，差额暂留待对账，不影响税率结论。1806改革的同期初期收益估计为£10.5m，1807年1月依据评定上修至£11.5m；不要拿这两数替换年度现金系列。",仅候选：可能单位换算、概括、纠错或真正遗漏；不能以字符串未命中判漏
nodes/r_5b1357a9c6/cards/t_044211/evidence_tax_subsidy.md,24,## 一、所得税：已确认与不可混用的数字,34063|578,- 同期交叉核验：1806-03-28《Ways and Means》，HC vol.6，cc576–578，明确讨论“raising it at once to 10 per cent”以及银行接受代收股息税。缓存`downloads/pages/d34063b29aef.md`。不是以1806后来的收入反推税率。,仅候选：可能单位换算、概括、纠错或真正遗漏；不能以字符串未命中判漏
nodes/r_5b1357a9c6/cards/t_044211/evidence_tax_subsidy.md,34,## 一、所得税：已确认与不可混用的数字,10500000|11500000|12822056|568|995,"【事实：口径鉴别】Petty原句：“the result of the assessments … although I took the Property tax at but 10,500,000l. … justified in taking it at 11,500,000l.”（HC 1807-01-29 vol.8 c568；`downloads/pages/995bd30de2bb.md`）。Avery Jones注25另称1806法实施后“amount collected … £12,822,056”，但该脚注未明确结算年，**不冻结为1806现金**。同章“almost twice the tax at half the rate”也与注21两数不一致，不采用此倍率。",仅候选：可能单位换算、概括、纠错或真正遗漏；不能以字符串未命中判漏
nodes/r_5b1357a9c6/cards/t_044211/evidence_tax_subsidy.md,46,## 二、补贴规模：分清现金、贷款与实物,1669|1680|7600|857,【事实：另一系列】Heckscher《The Continental System》（1922英译），**p.353**称1807–12向议会报告的现金补贴合计约£14.722m，绝大部分付给葡、西、西西里、瑞典及提尔西特前俄国；p.67的1793至亚眠和约约£14.3m则含1795对皇帝贷款£4.6m。缓存`downloads/pages/70cc6a857e5f.md`，1669–1680、7600行；OCR货币符号受损，金额暂按作者英镑语境读取，精确冻结需核影像。此系列转引Porter/Tooke，**不是Sherwig系列，也不能与之累计**。,仅候选：可能单位换算、概括、纠错或真正遗漏；不能以字符串未命中判漏
nodes/r_5b1357a9c6/cards/t_044211/evidence_tax_subsidy.md,52,## 三、支付技术：国内筹款≠国外兑现,700000|7606|7609,"【文献推断：Heckscher】**pp.354–355**：旧法由大陆开伦敦财政部汇票、当地出售，买盘不足便跌价；改进办法是经Rothschild购买大陆现成商业汇票与硬币，再调拨当地资产，减少集中出售英方票据冲击汇率。所引Herries报告称1813购买荷兰、法兰克福票据£700,000而未压低汇率；此为**转引**，不是本轮亲读报告。其引Buxton的“经法国送黄金”故事属晚年回忆，不能替代操作账簿。缓存同上7606–7609行。",仅候选：可能单位换算、概括、纠错或真正遗漏；不能以字符串未命中判漏
nodes/r_5b1357a9c6/cards/t_044211/evidence_tax_subsidy.md,54,## 三、支付技术：国内筹款≠国外兑现,120000|6000007,"【事实：转引Sherwig】Rossiter硕士论文《The Bank of England in the Peninsular War》（2014），导论、注20–22：1794银行向普鲁士提供4、5月补贴硬币£600,000，7月另£120,000，转引Sherwig **pp.45–58**；向荷兰执政贷款£400,000，转引p.41。缓存`downloads/pages/3ac3b1dd88bf.md`，280–320行；论文对应单页待核。",仅候选：可能单位换算、概括、纠错或真正遗漏；不能以字符串未命中判漏
nodes/r_5b1357a9c6/cards/t_05cc22/IN2_indian_states_french_indian_ocean 2.md,10,## 0. 结论先行,13877|14078|8279,"**C1（高置信）法国在印度洋的败因不是海军算术先破产，而是欧洲排序先破产。** 1803–1810年巴黎共形成四个有档案锚点的投送方案（1803年Decaen自请6战列舰+3,500人；1805-01-16三分舰队23,000+3,000人〔Corr. X 8279〕；1808-05/06两波56舰19,600兵+10,600水手〔Corr. XVII 13877/14078〕；1810-06拟1,500人+4–5舰），每一个都被欧洲优先事项（登陆英国、第三次反法同盟、西班牙起义、荷兰并合）挤掉，实际十年送达：约1,200人远征队+5艘巡航舰+涓滴数百人。这是政治排序的输出，不是印度洋方向物理不可达的证明——但它同时意味着：**任何""法属印度""推演必须先在欧洲情景（S1/S2）里为印度洋腾出为期数年的资源与注意力预算，而这正是拿破仑体制最稀缺的东西**（与F1卡""中枢容量""结论衔接）。",仅候选：可能单位换算、概括、纠错或真正遗漏；不能以字符串未命中判漏
nodes/r_5b1357a9c6/cards/t_05cc22/IN2_indian_states_french_indian_ocean 2.md,12,## 0. 结论先行,378|386,"**C2（高置信）falsifier判定：1803–06年Decaen与马拉塔的实质联络存在（双向、具名、有档案），""联邦路径""并非因无联络而关闭，而是因三重结构性错配而未成立。** ①时间窗错配：Scindia的婆罗门使者到达Binot处时本地治里已在投降前夜；Decaen 1803-11遣Courson/Durhène携致Perron/Scindia/Holkar许诺武装援助的信件，1804-01登陆时Assaye/Laswari已过、诸约已签，**使者在浦那被马拉塔当局（复位的佩什瓦政府）交给英国人**；②中介层蒸发：所依赖的法籍军官团开战即溃（Perron不发一枪而降，军队""就地融解""）；③英方情报优势：信件多被截获，""只起到让英国人知道该监视谁的作用""（Sen 1958转引Prentout pp.378–386）。**推演含义：联邦路径的约束是时序与中介，不是意愿——这决定了它在反事实中可修复的部分（时序、通信）与不可修复的部分（马拉塔政体的结构，见C3）。**",仅候选：可能单位换算、概括、纠错或真正遗漏；不能以字符串未命中判漏
nodes/r_5b1357a9c6/cards/t_05cc22/IN2_indian_states_french_indian_ocean 2.md,43,### ③财政货币金融,617|618,"【锚点】拿破仑自己的官方口径（《Moniteur》1810年末按语，Sen转引Prentout pp.617–618）：两岛年耗法国**2,000万法郎=10艘战列舰的建造费**。岛内财政三源：本土拨款（断续）、**私掠品拍卖**（Surcouf 1807一航带回价值500万法郎货物；30 lakhs卢比=六周英方保险损失）、中立（美国）转口贸易。无发钞银行，硬币短缺，战利品经济天然反和平。【机制】私掠是唯一自我供养的战争形态，但其收益归船东-克里奥尔资本，不入防务（1809–10 Duperré分队仍出航袭商而非卫岛）。【推演】S1/S2和平下两岛转入蔗糖-转口经济可自持但对法国财政为净零；战时它是净消耗+高杠杆骚扰资产（中高置信）。",仅候选：可能单位换算、概括、纠错或真正遗漏；不能以字符串未命中判漏
nodes/r_5b1357a9c6/cards/t_05cc22/IN2_indian_states_french_indian_ocean 2.md,70,### ⑫交流与流动,247|399,"【锚点】情报-人员网络：Tranquebar（丹麦中立港，Dufayel订阅Madras Gazette发密报，1807-11英占后关闭——""法国人失去了在印度唯一的落脚点""）；美国中立船传递两岛-印度-欧洲消息（Mount Vernon warns Jane案例）；马斯喀特阿拉伯船（Travancore起义中""法国冒险者乘阿拉伯船登陆马拉巴""——Wilson VII p.247）；岛民""第二视觉""民间瞭望传说反映的实际近海预警网（Parkinson p.399）。流亡者：Perron 1805返法被冷遇；de Boigne定居萨伏依，Wellesley疑其""常在圣克卢""为波拿巴顾问——Sen判无实据（Compton pp.98–99载其孙否认信）。【推演】1807年后法国在印情报网仅存钱德纳戈尔/塞兰坡残点与商船搭载，对任何联合作战的指挥时延为季度级——这是""联邦路径""的通信物理学（高置信）。",仅候选：可能单位换算、概括、纠错或真正遗漏；不能以字符串未命中判漏
nodes/r_5b1357a9c6/cards/t_05cc22/IN2_indian_states_french_indian_ocean 2.md,133,### 3.12 荷属爪哇（1806–11）,412|417,"- 名为盟邦实为负资产链条：1803-12 Batavia对Linois""不合作""（Sen）；Daendels 1808–10强人治理（安汶-班达1810年仍失守）；1810-07荷兰并入法国→爪哇成法国领土→**直接触发Minto""清扫地球东侧一切敌对欧洲据点""决策**；Janssens 1810-12-28自Nantes启程接任；1811-08-04英军12,000人登陆Chillingching，08-08巴达维亚降，08-25 Meester-Cornelis决战，09-18投降（Parkinson pp.412–417）。拿破仑端：拒Bouvet 80炮舰方案、许其以巴达维亚为基地领2巡航舰+1 corvette（未行）；Renommée分队以爪哇为""备选目的地""。",仅候选：可能单位换算、概括、纠错或真正遗漏；不能以字符串未命中判漏
nodes/r_5b1357a9c6/cards/t_05cc22/IN2_indian_states_french_indian_ocean 2.md,144,### 4.1 巴黎方案窗口实录（全部有档案锚点）,378|379,"| 1803 | Decaen自请：6战列舰+3,000步兵+500骑兵，""利用马拉塔战争"" | Prentout via Kaeppelin；Sen转Prentout pp.378–379（另有数千人+6舰+2 flûtes+4巡航舰版） | 登陆英国优先；舰队去安的列斯 |",仅候选：可能单位换算、概括、纠错或真正遗漏；不能以字符串未命中判漏
nodes/r_5b1357a9c6/cards/t_05cc22/IN2_indian_states_french_indian_ocean 2.md,146,### 4.1 巴黎方案窗口实录（全部有档案锚点）,13000|13877|14078,"| 1808-05/06 | 第一波Lorient 20舰4,000人十月出航+Brest 20舰13,000人；精确令：Nantes 12+Lorient 13+Brest 31=56舰，**19,600兵+10,600水手**；土伦舰队同时送20,000人登埃及 | Corr. XVII 13877（05-13）、14078（06-10）；前后5信催办 | 西班牙起义与拜伦；""这一次是决定性地""放弃（Sen） |",仅候选：可能单位换算、概括、纠错或真正遗漏；不能以字符串未命中判漏
nodes/r_5b1357a9c6/cards/t_05cc22/IN2_indian_states_french_indian_ocean 3.md,10,## 0. 结论先行,13877|14078|8279,"**C1（高置信）法国在印度洋的败因不是海军算术先破产，而是欧洲排序先破产。** 1803–1810年巴黎共形成四个有档案锚点的投送方案（1803年Decaen自请6战列舰+3,500人；1805-01-16三分舰队23,000+3,000人〔Corr. X 8279〕；1808-05/06两波56舰19,600兵+10,600水手〔Corr. XVII 13877/14078〕；1810-06拟1,500人+4–5舰），每一个都被欧洲优先事项（登陆英国、第三次反法同盟、西班牙起义、荷兰并合）挤掉，实际十年送达：约1,200人远征队+5艘巡航舰+涓滴数百人。这是政治排序的输出，不是印度洋方向物理不可达的证明——但它同时意味着：**任何""法属印度""推演必须先在欧洲情景（S1/S2）里为印度洋腾出为期数年的资源与注意力预算，而这正是拿破仑体制最稀缺的东西**（与F1卡""中枢容量""结论衔接）。",仅候选：可能单位换算、概括、纠错或真正遗漏；不能以字符串未命中判漏
nodes/r_5b1357a9c6/cards/t_05cc22/IN2_indian_states_french_indian_ocean 3.md,12,## 0. 结论先行,378|386,"**C2（高置信）falsifier判定：1803–06年Decaen与马拉塔的实质联络存在（双向、具名、有档案），""联邦路径""并非因无联络而关闭，而是因三重结构性错配而未成立。** ①时间窗错配：Scindia的婆罗门使者到达Binot处时本地治里已在投降前夜；Decaen 1803-11遣Courson/Durhène携致Perron/Scindia/Holkar许诺武装援助的信件，1804-01登陆时Assaye/Laswari已过、诸约已签，**使者在浦那被马拉塔当局（复位的佩什瓦政府）交给英国人**；②中介层蒸发：所依赖的法籍军官团开战即溃（Perron不发一枪而降，军队""就地融解""）；③英方情报优势：信件多被截获，""只起到让英国人知道该监视谁的作用""（Sen 1958转引Prentout pp.378–386）。**推演含义：联邦路径的约束是时序与中介，不是意愿——这决定了它在反事实中可修复的部分（时序、通信）与不可修复的部分（马拉塔政体的结构，见C3）。**",仅候选：可能单位换算、概括、纠错或真正遗漏；不能以字符串未命中判漏
nodes/r_5b1357a9c6/cards/t_05cc22/IN2_indian_states_french_indian_ocean 3.md,43,### ③财政货币金融,617|618,"【锚点】拿破仑自己的官方口径（《Moniteur》1810年末按语，Sen转引Prentout pp.617–618）：两岛年耗法国**2,000万法郎=10艘战列舰的建造费**。岛内财政三源：本土拨款（断续）、**私掠品拍卖**（Surcouf 1807一航带回价值500万法郎货物；30 lakhs卢比=六周英方保险损失）、中立（美国）转口贸易。无发钞银行，硬币短缺，战利品经济天然反和平。【机制】私掠是唯一自我供养的战争形态，但其收益归船东-克里奥尔资本，不入防务（1809–10 Duperré分队仍出航袭商而非卫岛）。【推演】S1/S2和平下两岛转入蔗糖-转口经济可自持但对法国财政为净零；战时它是净消耗+高杠杆骚扰资产（中高置信）。",仅候选：可能单位换算、概括、纠错或真正遗漏；不能以字符串未命中判漏
nodes/r_5b1357a9c6/cards/t_05cc22/IN2_indian_states_french_indian_ocean 3.md,70,### ⑫交流与流动,247|399,"【锚点】情报-人员网络：Tranquebar（丹麦中立港，Dufayel订阅Madras Gazette发密报，1807-11英占后关闭——""法国人失去了在印度唯一的落脚点""）；美国中立船传递两岛-印度-欧洲消息（Mount Vernon warns Jane案例）；马斯喀特阿拉伯船（Travancore起义中""法国冒险者乘阿拉伯船登陆马拉巴""——Wilson VII p.247）；岛民""第二视觉""民间瞭望传说反映的实际近海预警网（Parkinson p.399）。流亡者：Perron 1805返法被冷遇；de Boigne定居萨伏依，Wellesley疑其""常在圣克卢""为波拿巴顾问——Sen判无实据（Compton pp.98–99载其孙否认信）。【推演】1807年后法国在印情报网仅存钱德纳戈尔/塞兰坡残点与商船搭载，对任何联合作战的指挥时延为季度级——这是""联邦路径""的通信物理学（高置信）。",仅候选：可能单位换算、概括、纠错或真正遗漏；不能以字符串未命中判漏
nodes/r_5b1357a9c6/cards/t_05cc22/IN2_indian_states_french_indian_ocean 3.md,133,### 3.12 荷属爪哇（1806–11）,412|417,"- 名为盟邦实为负资产链条：1803-12 Batavia对Linois""不合作""（Sen）；Daendels 1808–10强人治理（安汶-班达1810年仍失守）；1810-07荷兰并入法国→爪哇成法国领土→**直接触发Minto""清扫地球东侧一切敌对欧洲据点""决策**；Janssens 1810-12-28自Nantes启程接任；1811-08-04英军12,000人登陆Chillingching，08-08巴达维亚降，08-25 Meester-Cornelis决战，09-18投降（Parkinson pp.412–417）。拿破仑端：拒Bouvet 80炮舰方案、许其以巴达维亚为基地领2巡航舰+1 corvette（未行）；Renommée分队以爪哇为""备选目的地""。",仅候选：可能单位换算、概括、纠错或真正遗漏；不能以字符串未命中判漏
nodes/r_5b1357a9c6/cards/t_05cc22/IN2_indian_states_french_indian_ocean 3.md,144,### 4.1 巴黎方案窗口实录（全部有档案锚点）,378|379,"| 1803 | Decaen自请：6战列舰+3,000步兵+500骑兵，""利用马拉塔战争"" | Prentout via Kaeppelin；Sen转Prentout pp.378–379（另有数千人+6舰+2 flûtes+4巡航舰版） | 登陆英国优先；舰队去安的列斯 |",仅候选：可能单位换算、概括、纠错或真正遗漏；不能以字符串未命中判漏
nodes/r_5b1357a9c6/cards/t_05cc22/IN2_indian_states_french_indian_ocean 3.md,146,### 4.1 巴黎方案窗口实录（全部有档案锚点）,13000|13877|14078,"| 1808-05/06 | 第一波Lorient 20舰4,000人十月出航+Brest 20舰13,000人；精确令：Nantes 12+Lorient 13+Brest 31=56舰，**19,600兵+10,600水手**；土伦舰队同时送20,000人登埃及 | Corr. XVII 13877（05-13）、14078（06-10）；前后5信催办 | 西班牙起义与拜伦；""这一次是决定性地""放弃（Sen） |",仅候选：可能单位换算、概括、纠错或真正遗漏；不能以字符串未命中判漏
nodes/r_5b1357a9c6/cards/t_05cc22/IN2_indian_states_french_indian_ocean 3.md,251,## 八、⑭ 年表 1803–1848（S1/S2/S3/S5/S6；28条）,617|618,"28. 1811–48｜S6｜印度方向对S6毫无贡献且持续失血（驻军/护航/行政贴补）；行省化资源优先级下印度洋必被放弃（史实1810拿破仑Moniteur按语已预演此逻辑：""每年2000万=10舰""）｜Sen转Prentout pp.617–618｜高",仅候选：可能单位换算、概括、纠错或真正遗漏；不能以字符串未命中判漏
nodes/r_5b1357a9c6/cards/t_05cc22/IN2_indian_states_french_indian_ocean.md,10,## 0. 结论先行,13877|14078|8279,"**C1（高置信）法国在印度洋的败因不是海军算术先破产，而是欧洲排序先破产。** 1803–1810年巴黎共形成四个有档案锚点的投送方案（1803年Decaen自请6战列舰+3,500人；1805-01-16三分舰队23,000+3,000人〔Corr. X 8279〕；1808-05/06两波56舰19,600兵+10,600水手〔Corr. XVII 13877/14078〕；1810-06拟1,500人+4–5舰），每一个都被欧洲优先事项（登陆英国、第三次反法同盟、西班牙起义、荷兰并合）挤掉，实际十年送达：约1,200人远征队+5艘巡航舰+涓滴数百人。这是政治排序的输出，不是印度洋方向物理不可达的证明——但它同时意味着：**任何""法属印度""推演必须先在欧洲情景（S1/S2）里为印度洋腾出为期数年的资源与注意力预算，而这正是拿破仑体制最稀缺的东西**（与F1卡""中枢容量""结论衔接）。",仅候选：可能单位换算、概括、纠错或真正遗漏；不能以字符串未命中判漏
nodes/r_5b1357a9c6/cards/t_05cc22/IN2_indian_states_french_indian_ocean.md,12,## 0. 结论先行,378|386,"**C2（高置信）falsifier判定：1803–06年Decaen与马拉塔的实质联络存在（双向、具名、有档案），""联邦路径""并非因无联络而关闭，而是因三重结构性错配而未成立。** ①时间窗错配：Scindia的婆罗门使者到达Binot处时本地治里已在投降前夜；Decaen 1803-11遣Courson/Durhène携致Perron/Scindia/Holkar许诺武装援助的信件，1804-01登陆时Assaye/Laswari已过、诸约已签，**使者在浦那被马拉塔当局（复位的佩什瓦政府）交给英国人**；②中介层蒸发：所依赖的法籍军官团开战即溃（Perron不发一枪而降，军队""就地融解""）；③英方情报优势：信件多被截获，""只起到让英国人知道该监视谁的作用""（Sen 1958转引Prentout pp.378–386）。**推演含义：联邦路径的约束是时序与中介，不是意愿——这决定了它在反事实中可修复的部分（时序、通信）与不可修复的部分（马拉塔政体的结构，见C3）。**",仅候选：可能单位换算、概括、纠错或真正遗漏；不能以字符串未命中判漏
nodes/r_5b1357a9c6/cards/t_05cc22/IN2_indian_states_french_indian_ocean.md,43,### ③财政货币金融,617|618,"【锚点】拿破仑自己的官方口径（《Moniteur》1810年末按语，Sen转引Prentout pp.617–618）：两岛年耗法国**2,000万法郎=10艘战列舰的建造费**。岛内财政三源：本土拨款（断续）、**私掠品拍卖**（Surcouf 1807一航带回价值500万法郎货物；30 lakhs卢比=六周英方保险损失）、中立（美国）转口贸易。无发钞银行，硬币短缺，战利品经济天然反和平。【机制】私掠是唯一自我供养的战争形态，但其收益归船东-克里奥尔资本，不入防务（1809–10 Duperré分队仍出航袭商而非卫岛）。【推演】S1/S2和平下两岛转入蔗糖-转口经济可自持但对法国财政为净零；战时它是净消耗+高杠杆骚扰资产（中高置信）。",仅候选：可能单位换算、概括、纠错或真正遗漏；不能以字符串未命中判漏
nodes/r_5b1357a9c6/cards/t_05cc22/IN2_indian_states_french_indian_ocean.md,70,### ⑫交流与流动,247|399,"【锚点】情报-人员网络：Tranquebar（丹麦中立港，Dufayel订阅Madras Gazette发密报，1807-11英占后关闭——""法国人失去了在印度唯一的落脚点""）；美国中立船传递两岛-印度-欧洲消息（Mount Vernon warns Jane案例）；马斯喀特阿拉伯船（Travancore起义中""法国冒险者乘阿拉伯船登陆马拉巴""——Wilson VII p.247）；岛民""第二视觉""民间瞭望传说反映的实际近海预警网（Parkinson p.399）。流亡者：Perron 1805返法被冷遇；de Boigne定居萨伏依，Wellesley疑其""常在圣克卢""为波拿巴顾问——Sen判无实据（Compton pp.98–99载其孙否认信）。【推演】1807年后法国在印情报网仅存钱德纳戈尔/塞兰坡残点与商船搭载，对任何联合作战的指挥时延为季度级——这是""联邦路径""的通信物理学（高置信）。",仅候选：可能单位换算、概括、纠错或真正遗漏；不能以字符串未命中判漏
nodes/r_5b1357a9c6/cards/t_05cc22/IN2_indian_states_french_indian_ocean.md,133,### 3.12 荷属爪哇（1806–11）,412|417,"- 名为盟邦实为负资产链条：1803-12 Batavia对Linois""不合作""（Sen）；Daendels 1808–10强人治理（安汶-班达1810年仍失守）；1810-07荷兰并入法国→爪哇成法国领土→**直接触发Minto""清扫地球东侧一切敌对欧洲据点""决策**；Janssens 1810-12-28自Nantes启程接任；1811-08-04英军12,000人登陆Chillingching，08-08巴达维亚降，08-25 Meester-Cornelis决战，09-18投降（Parkinson pp.412–417）。拿破仑端：拒Bouvet 80炮舰方案、许其以巴达维亚为基地领2巡航舰+1 corvette（未行）；Renommée分队以爪哇为""备选目的地""。",仅候选：可能单位换算、概括、纠错或真正遗漏；不能以字符串未命中判漏
nodes/r_5b1357a9c6/cards/t_05cc22/IN2_indian_states_french_indian_ocean.md,144,### 4.1 巴黎方案窗口实录（全部有档案锚点）,378|379,"| 1803 | Decaen自请：6战列舰+3,000步兵+500骑兵，""利用马拉塔战争"" | Prentout via Kaeppelin；Sen转Prentout pp.378–379（另有数千人+6舰+2 flûtes+4巡航舰版） | 登陆英国优先；舰队去安的列斯 |",仅候选：可能单位换算、概括、纠错或真正遗漏；不能以字符串未命中判漏
nodes/r_5b1357a9c6/cards/t_05cc22/IN2_indian_states_french_indian_ocean.md,146,### 4.1 巴黎方案窗口实录（全部有档案锚点）,13000|13877|14078,"| 1808-05/06 | 第一波Lorient 20舰4,000人十月出航+Brest 20舰13,000人；精确令：Nantes 12+Lorient 13+Brest 31=56舰，**19,600兵+10,600水手**；土伦舰队同时送20,000人登埃及 | Corr. XVII 13877（05-13）、14078（06-10）；前后5信催办 | 西班牙起义与拜伦；""这一次是决定性地""放弃（Sen） |",仅候选：可能单位换算、概括、纠错或真正遗漏；不能以字符串未命中判漏
nodes/r_5b1357a9c6/cards/t_05cc22/IN2_indian_states_french_indian_ocean.md,251,## 八、⑭ 年表 1803–1848（S1/S2/S3/S5/S6；28条）,617|618,"28. 1811–48｜S6｜印度方向对S6毫无贡献且持续失血（驻军/护航/行政贴补）；行省化资源优先级下印度洋必被放弃（史实1810拿破仑Moniteur按语已预演此逻辑：""每年2000万=10舰""）｜Sen转Prentout pp.617–618｜高",仅候选：可能单位换算、概括、纠错或真正遗漏；不能以字符串未命中判漏
nodes/r_5b1357a9c6/cards/t_05cc22/notes_parkinson.md,24,"## 3. 私掠体系（行4272–4470, 5380–5460, 6540–6660）",371|372,"- **加尔各答商人-保险公司压力集团**（印pp.371–372）：1809–10两度联名向最高政府投诉海军护航不力，Drury斥为""想象的困苦""并拒绝：不肯禁止美国中立船先行14天、不肯撤爪哇封锁；商人诉状由副总督拒转伦敦。→ 私掠的**政治经济杠杆**：不能击败皇家海军，但能制造殖民地商界与海军的摩擦。",仅候选：可能单位换算、概括、纠错或真正遗漏；不能以字符串未命中判漏
nodes/r_5b1357a9c6/cards/t_05cc22/notes_parkinson.md,29,"## 4. 毛里求斯征服（Ch.XXII, 印pp.397–403；行16478–16840）",1555|2725|402,"- 登陆机制（1810-11-29，Beaver主持，印pp.400–402附原始配载表）：第一波47艇载1,555步兵+10炮艇(6磅炮)+2榴弹炮艇=1,715人；表列总计2,725；**约1小时内2,000人配载完毕**；一枪未发上岸；当晚全军上陆。法方仅正规军抵抗（见§1殖民地社会）。",仅候选：可能单位换算、概括、纠错或真正遗漏；不能以字符串未命中判漏
nodes/r_5b1357a9c6/cards/t_05cc22/notes_sen_french_india.md,8,## A. Decaen使团与1803年局面（行30435–30757）,29135|30601|30647,- Wellesley拖延归还本地治里直至战争消息到达；Decaen 1803-07-11抵本地治里外海见英旗仍悬；Binot携信登岸交涉；战争消息（英方先知）到；Decaen率舰队及时逃脱，1803年8月抵法兰西岛[行30601–30647; 29135]。,仅候选：可能单位换算、概括、纠错或真正遗漏；不能以字符串未命中判漏
nodes/r_5b1357a9c6/cards/t_05cc22/notes_sen_french_india.md,14,"## B. falsifier核心：Decaen与马拉塔联络证据链（章节""French Agents in India and Decaen's Project of Invasion""，行31049–31349）",31080|31095,"2. Sen判断：密探报告""大多是对印度局势无知与一厢情愿的可笑拼凑""；信件常被英方截获，""只起到让英国人知道该严密监视哪些邦国的作用""；""这些法国密探的阴谋不可能对英国人造成任何伤害，基于这些报告以数千兵力入侵印度只会以灾难告终""[行31080–31095]。",仅候选：可能单位换算、概括、纠错或真正遗漏；不能以字符串未命中判漏
nodes/r_5b1357a9c6/cards/t_05cc22/notes_sen_french_india.md,16,"## B. falsifier核心：Decaen与马拉塔联络证据链（章节""French Agents in India and Decaen's Project of Invasion""，行31049–31349）",31101|31130,4. Binot派军官Muller（画家、通英德意语，略通波斯语印度斯坦语）1803年7月赴Scindia宫廷，仅带100卢比；8月从马德拉斯出发，9月底到加尔各答时**Perron军已被消灭**——任务作废；Muller自首被拘至1807年遣返，居留期间仍向Decaen与Talleyrand各交详细mémoire[行31101–31130]。,仅候选：可能单位换算、概括、纠错或真正遗漏；不能以字符串未命中判漏
nodes/r_5b1357a9c6/cards/t_05cc22/notes_sen_french_india.md,17,"## B. falsifier核心：Decaen与马拉塔联络证据链（章节""French Agents in India and Decaen's Project of Invasion""，行31049–31349）",31131|31150|378|379,"5. Delohr（本地治里投降后送往法兰西岛）向Decaen绘""全印度将起而反英迎法""的过于乐观图景；Decaen据此拟**入侵计划**：远征军在马拉巴海岸（最好Chaul）登陆，夺孟买或果阿为舰队安全港；同时在奥里萨海岸佯攻+地中海牵制；Decaen自信获马拉塔实质协助，所求仅数千人、6艘战列舰、2 flûtes、4巡航舰[行31131–31150; Sen转引Prentout pp.378-379]。",仅候选：可能单位换算、概括、纠错或真正遗漏；不能以字符串未命中判漏
nodes/r_5b1357a9c6/cards/t_05cc22/notes_sen_french_india.md,18,"## B. falsifier核心：Decaen与马拉塔联络证据链（章节""French Agents in India and Decaen's Project of Invasion""，行31049–31349）",31151|31170|31171|31190,"6. **Decaen主动方向**：1803年11月派Courson与Durhène携致Perron、Scindia、Holkar三方信件；向Scindia与Holkar保证法国武装援助与法兰西共和国之同盟；致Perron信附第一执政像章与""法兰西共和国陆军师级将军""委任状[行31151–31170]。1803-11-06(或09)乘小船Passe-Partout（私掠船长Dutertre）出发，1804年1月初在果阿-孟买间登陆，化装内行即被地方首领查获，**至浦那后被马拉塔当局交给英国人**（英方已截获其船并守候）；先押孟买后加尔各答，Courson与Durhène不久被交换释放[行31171–31190]。",仅候选：可能单位换算、概括、纠错或真正遗漏；不能以字符串未命中判漏
nodes/r_5b1357a9c6/cards/t_05cc22/notes_sen_french_india.md,19,"## B. falsifier核心：Decaen与马拉塔联络证据链（章节""French Agents in India and Decaen's Project of Invasion""，行31049–31349）",31191|31215|386,"7. Morenas约同期经Tranquebar入孟加拉；**1804-04-02向Decaen发回泄气报告**：英已胜马拉塔战争，Perron弃Scindia，Bourquin在德里被败，""马拉塔诸侯已签条约沦为附庸盟友""；归咎Perron与Dudrenec之""叛卖""——""三个在Chinsurah的法国人，对法国利益的伤害、对英国公司利益的助益，超过了英国人自己""；但仍认为若Decaen率大军前来尚有机会[行31191–31215; Sen转引Prentout pp.385-386]。",仅候选：可能单位换算、概括、纠错或真正遗漏；不能以字符串未命中判漏
nodes/r_5b1357a9c6/cards/t_05cc22/notes_sen_french_india.md,20,"## B. falsifier核心：Decaen与马拉塔联络证据链（章节""French Agents in India and Decaen's Project of Invasion""，行31049–31349）",31216|31260,"8. Dufayel驻丹属Tranquebar为法国官方代理（订Madras Gazette收集情报）；1804年报告：若Decaen率1万人可在Pulicat登陆轻取马德拉斯（Sen斥为一厢情愿）；其信多被截获；1807年英占Tranquebar后被捕遣返——""法国人失去了在印度唯一的落脚点""[行31216–31260]。",仅候选：可能单位换算、概括、纠错或真正遗漏；不能以字符串未命中判漏
nodes/r_5b1357a9c6/cards/t_05cc22/notes_sen_french_india.md,21,"## B. falsifier核心：Decaen与马拉塔联络证据链（章节""French Agents in India and Decaen's Project of Invasion""，行31049–31349）",31261|31340,"9. **向巴黎的四波特使**：Barois（1804-03-25抵法）遇第一执政专注登陆英国；Cavaignac（1804-07-12抵，此前马斯喀特使命失败）遇Decrès冷淡、拿破仑不鼓励；Lefebvre（1804-09-08抵）——**拿破仑细问以Decaen所请之少量兵力在印度成功的把握，并对""马拉塔人的诚意""表示严重怀疑**；René Decaen（1805年7月见皇帝）时印度计划已被完全放弃[行31261–31340]。",仅候选：可能单位换算、概括、纠错或真正遗漏；不能以字符串未命中判漏
nodes/r_5b1357a9c6/cards/t_05cc22/notes_sen_french_india.md,22,"## B. falsifier核心：Decaen与马拉塔联络证据链（章节""French Agents in India and Decaen's Project of Invasion""，行31049–31349）",31330|31345|8279,"10. **1805-01-16致Decrès信**（Corr. X, 8279）：三支分舰队自Brest、Rochefort、Ferrol出发，载20,000法军+3,000西军，另与法兰西-波旁岛3,000人会合——1805年版海路远征计划；Decrès反对[行31330–31345]。",仅候选：可能单位换算、概括、纠错或真正遗漏；不能以字符串未命中判漏
nodes/r_5b1357a9c6/cards/t_05cc22/notes_sen_french_india.md,27,## C. 1807–08计划（行31349–31449）,13000|13877|13915|13960|13981|14022|14025,"- **1808-05-13致Decrès**（Corr. XVII, 13877）：20舰载4,000兵10月自Lorient出发赴法兰西岛，随后20舰载13,000兵自Brest；同时土伦舰队送20,000人登陆埃及。后续5信催办[13915(05-17), 13960(05-22), 13981(05-25), 14022(05-29), 14025(05-30)]。",仅候选：可能单位换算、概括、纠错或真正遗漏；不能以字符串未命中判漏
nodes/r_5b1357a9c6/cards/t_05cc22/notes_sen_french_india.md,29,## C. 1807–08计划（行31349–31449）,31440|31449,"- **西班牙起义颠覆一切**：""他再也没有机会重拾印度计划""；奇怪的是连保卫两岛的普通措施也未采取——1808年全年只送出2艘巡航舰+100兵[行31440–31449]。",仅候选：可能单位换算、概括、纠错或真正遗漏；不能以字符串未命中判漏
nodes/r_5b1357a9c6/cards/t_05cc22/notes_sen_french_india.md,33,## D. 波斯线补充（行31449–31700；与t_c17367互证）,12563|31560|31575,"- Gardane训令（Corr. XV, 12563）：2万远征军或经Aleppo陆路或海路绕好望角在波斯湾口登陆；Gardane**须与马拉塔诸邦通信**并查明印度可得之助[行31560–31575]。",仅候选：可能单位换算、概括、纠错或真正遗漏；不能以字符串未命中判漏
nodes/r_5b1357a9c6/cards/t_05cc22/notes_sen_french_india.md,34,## D. 波斯线补充（行31449–31700；与t_c17367互证）,31590|31615,"- Gardane行军方案：Aleppo→Indus七至八个月；若能过黑海在Trebizond登陆则五至七个月；Herat为集结点；Gardane自信得印度河流域部落、**锡克人**、信德诸酋之助；""若北面入侵之同时Decaen在孟买附近登陆1,500克里奥尔兵，则成功似乎确定""[行31590–31615; Sen斥""纯属梦想与妄想""，转引Driault p.320]。",仅候选：可能单位换算、概括、纠错或真正遗漏；不能以字符串未命中判漏
nodes/r_5b1357a9c6/cards/t_05cc22/notes_sen_french_india.md,37,## D. 波斯线补充（行31449–31700；与t_c17367互证）,31712|31725,"- **Gardane使团的实际效果**（Sen）：使英国人认识到陆路通道的重要，与旁遮普锡克统治者、信德诸埃米尔、阿富汗、波斯订约，""英国外交成功地把整个地区对未来法国的渗透封死""[行31712–31725]。",仅候选：可能单位换算、概括、纠错或真正遗漏；不能以字符串未命中判漏
nodes/r_5b1357a9c6/cards/t_05cc22/notes_sen_french_india.md,42,## E. 两岛陷落（行31725–32249）,31815|31840,- **Rodrigues 1809-08-04占领**（Keating上校，400欧兵+200 sepoy乘Belliqueux自孟买）；岛上仅3个法国人+70–80奴隶；变为封锁舰队整补基地[行31815–31840]。,仅候选：可能单位换算、概括、纠错或真正遗漏；不能以字符串未命中判漏
nodes/r_5b1357a9c6/cards/t_05cc22/notes_sen_french_india.md,43,## E. 两岛陷落（行31725–32249）,31850|31900,- **St Paul突袭1809-09-21**：约600人登陆，全部法舰除Caroline外都在外袭商——法舰Caroline及其两艘俘船（Streatham、Europe东印度商船）被夺；圣保罗炮台被毁；总督Bruslys否认投降后自杀[行31850–31900]。,仅候选：可能单位换算、概括、纠错或真正遗漏；不能以字符串未命中判漏
nodes/r_5b1357a9c6/cards/t_05cc22/notes_sen_french_india.md,44,## E. 两岛陷落（行31725–32249）,31900|31930,- **Decaen兵力困境**：好望角失守后不断向Decrès呼救；1808年末法国发3艘巡航舰仅Vénus（Hamelin）1809年3月到达，另两艘被截；1809年5月Bellone（Duperré）到；**1809年8月Decaen发布征奴入伍公告，因欧洲居民恐惧奴隶总起义而被迫撤回**[行31900–31930]——基地社会结构对动员的硬约束。,仅候选：可能单位换算、概括、纠错或真正遗漏；不能以字符串未命中判漏
nodes/r_5b1357a9c6/cards/t_05cc22/notes_sen_french_india.md,45,## E. 两岛陷落（行31725–32249）,31930|31948,- 1810年3月Astrée到（此后再无）；同月Duperré率Bellone/Minerve/Victor仍出航袭商——袭商与卫岛的目标冲突[行31930–31948]。,仅候选：可能单位换算、概括、纠错或真正遗漏；不能以字符串未命中判漏
nodes/r_5b1357a9c6/cards/t_05cc22/notes_sen_french_india.md,46,## E. 两岛陷落（行31725–32249）,31949|31990|3650,"- **波旁岛陷落1810-07-07/08**：Keating 3,650人（近半欧兵）三点登陆；法督Saint-Suzanne仅约600人（OCR""jBo""应为580或680，四分之三为克里奥尔人）力战后投降；军官获保留佩剑荣誉[行31949–31990]。",仅候选：可能单位换算、概括、纠错或真正遗漏；不能以字符串未命中判漏
nodes/r_5b1357a9c6/cards/t_05cc22/notes_sen_french_india.md,47,## E. 两岛陷落（行31725–32249）,31990|32050|561,"- **Grand Port 1810-08-20至28**：英先占Isle de la Passe（8月13日）；Duperré率Bellone/Minerve/Victor+俘船Windham/Ceylon返港中伏，Windham被夺；23日英4舰（Sirius/Pym、Nereide/Willoughby、Iphigenia/Lambert、Magicienne/Curtis）入攻；法舰近岸有利位置+岸炮+Decaen紧急补充舰员；**英2舰沉、1舰被俘、Iphigenia及Passe岛守军投降（Hamelin自Port Louis来援时）；四舰长全数被俘，共1,600人**；除Boadicea与2小舰外英封锁舰队全灭[行31990–32050; Sen转引Prentout pp.561-569；引Mill & Wilson VII p.333：""败因非勇气或指挥缺陷，而是对战场不熟与缺乏有经验的领航""]。",仅候选：可能单位换算、概括、纠错或真正遗漏；不能以字符串未命中判漏
nodes/r_5b1357a9c6/cards/t_05cc22/notes_sen_french_india.md,48,## E. 两岛陷落（行31725–32249）,32050|32100,"- Grand Port后法方短暂拥有7巡航舰对英1舰；Decaen两案（攻Rodrigues断英补给 vs 封锁波旁饿降英守军+夺St Paul英舰）选了后者，失败；9月12日夺Africaine又被夺回；**9月18日Vénus与Victor俘获载Abercromby将军的Ceylon号，同日被Rowley追及夺回，Hamelin投降**——""法国人未能利用其短暂的海上优势""[行32050–32100]。",仅候选：可能单位换算、概括、纠错或真正遗漏；不能以字符串未命中判漏
nodes/r_5b1357a9c6/cards/t_05cc22/notes_sen_french_india.md,49,## E. 两岛陷落（行31725–32249）,32100|32140,"- 1810年增援：Barois 1810年2月抵法呼救遇Decrès""完全冷漠""；皇帝忙于婚礼；6月才想到派1,500人+4-5舰；**7月荷兰并入法国→须同时增援爪哇→7-12月计划反复修订，一兵未发**；且法国港口已被皇家海军封死[行32100–32140]。",仅候选：可能单位换算、概括、纠错或真正遗漏；不能以字符串未命中判漏
nodes/r_5b1357a9c6/cards/t_05cc22/notes_sen_french_india.md,50,## E. 两岛陷落（行31725–32249）,32140|32160,"- **最终防御态势**：6舰仅Astrée堪用；陆军约900+海军陆战炮兵300+国民自卫队800≈**2,000人**（其中相当部分为爱尔兰战俘志愿者，忠诚不可恃）；五个可登陆点无法都设防[行32140–32160]。",仅候选：可能单位换算、概括、纠错或真正遗漏；不能以字符串未命中判漏
nodes/r_5b1357a9c6/cards/t_05cc22/notes_sen_french_india.md,51,## E. 两岛陷落（行31725–32249）,32160|32230|32249,"- **英军登陆1810-11-29**：21艘军舰+运输船，**11,306战斗兵员**（自孟买、马德拉斯、孟加拉、波旁、好望角合成；Rodrigues 11月3日集结，22日出发）；Grande Baie登陆点出乎Decaen预料（礁石险+五英里丛林）；11-30向Port Louis推进，12-01城下，12-02 Decaen提出投降，12-03接受[行32160–32230]。**投降条件**：法军与舰员不作战俘、携武器行李由英船送回法国；Decaen原要求法舰不交出并用己舰运兵被拒；Abercromby给出""远优于军事形势所须""的条件[行32230–32249]。",仅候选：可能单位换算、概括、纠错或真正遗漏；不能以字符串未命中判漏
nodes/r_5b1357a9c6/cards/t_05cc22/notes_sen_french_india.md,53,## E. 两岛陷落（行31725–32249）,32270|32290|617|618,"- 拿破仑《Moniteur》官方按语：两岛年耗法国2,000万（可造10艘战列舰）；五年建强海军后可再取；期间殖民地反使英国分散兵力[Sen转引Prentout pp.617-618，法国史家斥为""幼稚的自我安慰""]。Decaen 1811-04(-02?)回法受冷遇，调查委员会最终宣告无过失[行32270–32290]。",仅候选：可能单位换算、概括、纠错或真正遗漏；不能以字符串未命中判漏
nodes/r_5b1357a9c6/cards/t_05cc22/notes_sen_french_india.md,61,## G. 法国军官遗产评估（行29450–29730）,29450|29520,"- de Boigne：1784入Scindia役（2营×850人）；1790扩为13营corps d'armée；后至**3旅=18,000正规步兵+6,000非正规+2,000非正规骑兵+600阿富汗骑兵**（""2,000 guns""为OCR/原文异常，Compton另核）；Doab 52县jagir年入16→22 lakhs卢比自征自养；Agra为其军械库，Aligarh为总部；1795年底退役携巨富返欧。**其亲英保险**：入役合同注明永不对英作战、与英国居民Anderson斡旋入职、巨额私产投入东印度公司债券[行29450–29520]。",仅候选：可能单位换算、概括、纠错或真正遗漏；不能以字符串未命中判漏
nodes/r_5b1357a9c6/cards/t_05cc22/notes_sen_french_india.md,64,## G. 法国军官遗产评估（行29450–29730）,29600|29650,"- Perron覆灭机制：1802年底Daulat Rao召其分兵援佩什瓦（被Holkar逐出浦那），Perron疑为夺权阴谋而拖延→佩什瓦签巴森条约→战争不可避免；1803年开战后被亲信法籍军官抛弃、急于保全私产，**不发一枪向Lake投降；其军""就地融解""，""法国威胁的泡沫一戳即破""**；只有Assaye与Laswari的欧式训练营给了坚强抵抗，""向英国人显示：若再给马拉塔人时间按de Boigne、Perron、Dudrenec的路线组军，任务将何等困难""[行29600–29650]。",仅候选：可能单位换算、概括、纠错或真正遗漏；不能以字符串未命中判漏
nodes/r_5b1357a9c6/cards/t_05cc22/notes_sen_french_india.md,66,## G. 法国军官遗产评估（行29450–29730）,29690|29730,"- **Sen总判**：威胁被夸大；军官唯一目标是快速积私财（5–10年可积25–50万英镑）返欧享用；无人有以法国之力或配合远征军建立法国权力的明确政治目标；与法兰西岛当局或巴黎政府""没有任何联系""；法式训练军""对付无纪律的帕坦人拉杰普特人堪称劲旅，对英军及其老练sepoy则非对手""；1798年海得拉巴1.4万全副武装法系军团被轻易解散、1803年Perron军融解、多数军官争相与英媾和自保——即为""法国威胁""之实相[行29690–29730]。",仅候选：可能单位换算、概括、纠错或真正遗漏；不能以字符串未命中判漏
nodes/r_5b1357a9c6/cards/t_05cc22/notes_sen_french_india.md,85,## J. Linois战记（行30800–31048）,30958|30970|31900,"- 1803年派出的海军分队至此除Sémillante外全灭；**1803年后法国发往东方的全部海军增援=5艘巡航舰**（1805年Canonnière、Piémontaise；1807年Caroline、Manche、Vénus）[行30958–30970。与行31900""1808年末发3舰仅Vénus达""存在日期口径差——Sen前后文分别为""despatched 1807""与""sent end of 1808""，未解决，交付中标注]。",仅候选：可能单位换算、概括、纠错或真正遗漏；不能以字符串未命中判漏
nodes/r_5b1357a9c6/cards/t_05cc22/notes_states_sikh_burma_nepal_hyd_gulf.md,19,## C. 尼泊尔（Pemble《The Invasion of Nepal: John Company at War》1971；本地`downloads/IN2_pemble_nepal.txt`）,1234|1384,"- 军队（印pp.26–29；行1234–1384）：和平编制6,000–8,500，轮换制潜力约倍之；**战时正规军约14,000**（加德满都/Palpa 7,000、Kali以东3,500、以西3,500+等量民兵→西线共约7,000）；纯步兵；组织仿孟加拉军（Bhim Sen Thapa改营制，军官称captain）；英国逃兵Byrnes（教英语）与Bell（炮兵上校）教操典铸炮；**1790年代中期前尼泊尔炮兵由三名法国人主持**；1814年全国火炮400–500门（含皮革炮，仿中国1792年入侵者）；自产铁铜锌铅硫，仅燧石与硝石赖印度进口；战力本质=个体耐力+游击+栅垒战术，非欧式集体纪律。",仅候选：可能单位换算、概括、纠错或真正遗漏；不能以字符串未命中判漏
nodes/r_5b1357a9c6/cards/t_08b9e7/F1_napoleon_center.md,13,## 0. 结论速览,1810.3|1811.3|1811.4|2551|2685|3006|3021|3144|40960|4190|4200,"3. 【裁量·高置信】**中枢容量在1810–12已在极限运行，S6行省化的治理密度超出单人中枢容量**（falsifier之二成立）。定量：书面决策通量约2,500–4,200封/年（1806=2,685；1808+1月=3,021；1810.3–1811.3=3,006；1811.4–12=3,144，折年率≈4,190；1812=2,551；全集约40,960封）；决策环路时延巴黎—马德里最快信使5–6天单程、巴黎—莫斯科14–15天单程；1811年三线危机（宗教、经济、对俄准备）下出现结构性放弃：对西班牙国王约瑟夫9个月只写1封信、半岛战争下放Clarke/Berthier代管。1812年11月29日别列津纳后""十五天没有任何消息、任何estafette""。**结论：没有分权改造的S6是自我矛盾的情景**。",仅候选：可能单位换算、概括、纠错或真正遗漏；不能以字符串未命中判漏
nodes/r_5b1357a9c6/cards/t_08b9e7/F1_napoleon_center.md,35,### 2.1 ①决策结构：单节点收敛,1029|1087|516,"【事实·回忆录，敌意证人】Chaptal（约1824年写，1893刊）描述执政府早期→帝国的转变：早期""会议常开到凌晨五点……当时还可能启发他，甚至让当面提出的意见占上风""；至1804年前后""他要的是仆从，不是顾问……大臣不过是科室主任（chefs de bureau）。国务会议只是给他发出的法令套上形式。他亲自管理到最微小的细节""。（缓存 downloads/pages/f81b516f33c4.md 行1083、1087；参行1029：他会亲自关闭自己发起的讨论并挖苦质疑者。）",仅候选：可能单位换算、概括、纠错或真正遗漏；不能以字符串未命中判漏
nodes/r_5b1357a9c6/cards/t_08b9e7/F1_napoleon_center.md,38,### 2.1 ①决策结构：单节点收敛,1528|892,【裁量】决策结构=单节点收敛+辐辏式部长（执行器）+无常设战略合议机构。御前会议存在（如1810-01婚姻会议，Vandal II记Champagny报告与Murat、Cambacérès等发言）但功能是**征询后独断**，且各方证词就与会者立场互相矛盾（Vandal II注383及该章提要，缓存 downloads/pages/35dcb892b38d.md 行1528、1832）——连帝国最高层会议的意见分布都无法被当时人一致复述，说明会议不承担可追责的决策功能。,仅候选：可能单位换算、概括、纠错或真正遗漏；不能以字符串未命中判漏
nodes/r_5b1357a9c6/cards/t_08b9e7/F1_napoleon_center.md,55,### 2.2 b）决策风格：操作灵活×目标刚性×升级偏置,6830|7030,"【事实】目标层刚性的自我陈述（回溯性，敌意在场者转述，须与Fain/Maret版本对照——挂账）：1813-06-26德累斯顿，对梅特涅：""**要我蒙羞？绝不！我知道怎么死，但我不会割让一寸土地。你们生于王座的君主可以战败二十次仍回到首都；我不能，因为我是一个靠自己爬上来的军人（un soldat parvenu）。我的统治在我不再强大、因而不再被畏惧之日即告终结。**""及""像我这样的人不太在乎一百万人的性命""（后句真实性在史学中有争议，梅特涅自注亦有说明；两句均出 Metternich, *Mémoires* I, pp.148–152，本卡下载全文 downloads/f1_metternich_memoires_t1.txt 行6830–7030）。",仅候选：可能单位换算、概括、纠错或真正遗漏；不能以字符串未命中判漏
nodes/r_5b1357a9c6/cards/t_08b9e7/F1_napoleon_center.md,58,### 2.2 b）决策风格：操作灵活×目标刚性×升级偏置,1343|1375|516,"【事实】风险语言的另一面——对国内的恐惧结构：Chaptal记其屡言""我害怕因缺粮缺工而起的暴动……我更愿意打一场against二十万人的会战""；""政治性暴动可以毫不留情地用霰弹处理""。（缓存 f81b516f33c4.md 行1343–1375；回忆录。）【裁量】这组恐惧解释了他为何把面包价格、就业订单当作亲裁事项（进一步挤占中枢容量），也解释了""和平但萧条""对他而言不是安全选项——与F4/F5卡的财政-社会约束衔接。",仅候选：可能单位换算、概括、纠错或真正遗漏；不能以字符串未命中判漏
nodes/r_5b1357a9c6/cards/t_08b9e7/F1_napoleon_center.md,69,### 2.3 ⑫信息系统：警察、黑室与外交网,18218|3762,"【事实】采集层四通道：(1) 警务日报——Fouché（1804–10）继而Savary（1810–14）每日呈递治安公报，1804–10部分已刊（Ernest d'Hauterive编《La police secrète du Premier Empire. Bulletins quotidiens adressés par Fouché à l'Empereur》，Perrin，本卡经CG T6导言注3确认该系列存在与卷次，未读公报原文——缺口记入SOURCES.md）；(2) 黑室——邮政总局（Lavalette任总局长1804–14；其回忆录英译本载1815年截获函件实例及邮局机要运作，downloads/f1_lavalette_memoirs_en.txt 行18218等；""cabinet noir""的系统描述在法文原版卷II，本卡未获，标转引/通说）；(3) 外交网——29个使领馆+领事网（1802年8→29，预算400万→1808年近1,000万法郎；Lentz pp.16–17），职能被明确限定为执行：""只要求他们尽可能好地执行帝国训令""（同）；(4) 军事情报与测绘——参谋部地形局与逐日兵力册（通说，Elting《Swords Around a Throne》述帝国大本营三办公室结构，缓存 downloads/pages/3762a4f8f4e3.md p26；本卡未逐页核）。",仅候选：可能单位换算、概括、纠错或真正遗漏；不能以字符串未命中判漏
nodes/r_5b1357a9c6/cards/t_08b9e7/F1_napoleon_center.md,85,"### 2.4 大臣与皇族：克制建议记录与""调节器清除""轨迹",1811.4|20593|6310869|7489,"| **Champagny** | 外长1807–1811.4 | 执行型；1810-12-08署名《对外关系部长报告》——但同月通信证明报告由拿破仑逐段改定：""我把您的报告发还，已按其应当付印的样子""（缓存 cd7489b20593.md；报告全文 9cdf68d9bb9b.md，印本Gallica bpt6k6310869z）。 | 1811-04-17被Maret替换；Lentz：换人即换政策的信号，""纯粹的忠仆""。 |",仅候选：可能单位换算、概括、纠错或真正遗漏；不能以字符串未命中判漏
nodes/r_5b1357a9c6/cards/t_08b9e7/F1_napoleon_center.md,111,### 3.1 可变实例：三次克制的共同结构,1663|516,"**1810许可证**【事实】封锁体系内由皇帝亲设、亲价、亲签的例外通道：""他只对法国船放宽（附加税），条件是持他高价出售的许可证，且须出口等值法国货——出口条件如何被遵守，天知道""；许可证代理人""借着欺骗国家元首的意愿发了横财""（Mollien, *Mémoires* t.III, 1811章，downloads/f1_mollien_memoires_t3.txt 行~390–430；大臣回忆录，与1811年30封致海关总长Collin de Sussy许可证信件互证——CG T11注20）。【事实】1811年危机中同步动作：向卢昂等地下政府订单+放宽部分封锁规则（T11导言）。【裁量】克制的结构：**例外权而非规则改革**——许可证不可转为对等条约（见B7行：俄方1811–12曾提议""双方约定每年许可证数量""而被拒，Chaptal回忆，f81b516f33c4.md 行1663；回忆录断言，方向与1812-04-08俄方照会的通商条件一致——C1节点20）。",仅候选：可能单位换算、概括、纠错或真正遗漏；不能以字符串未命中判漏
nodes/r_5b1357a9c6/cards/t_08b9e7/F1_napoleon_center.md,163,### 5.1 蓝图文本群（1804–1813）,069|1924311,"| 1808 | 致Louis信（CG 19243，11-12） | ""罗马人把法律给予盟邦：法国为何不让荷兰采用她的法律？……你还必须采用法国货币体系……**相同的民法与相同的货币把各国的纽带收紧**"" | 转引HAL论文（f1_gouverner_naples_hal.pdf，doc febfac069eb6，注43/47） |",仅候选：可能单位换算、概括、纠错或真正遗漏；不能以字符串未命中判漏
nodes/r_5b1357a9c6/cards/t_08b9e7/F1_napoleon_center.md,165,### 5.1 蓝图文本群（1804–1813）,20593|6310869|7489,"| 1810 | Champagny 12-08报告+咨文 | 体系的官方自画像：五次和约""牺牲大部分征服""；封锁=对英敕令的对等报复；并荷兰以参议院法令宪制化；汉堡—吕贝克、易北—威悉—埃姆斯运河计划（15–20M法郎，4–5年）；""塞纳河将与波罗的海相连""；**""只要英国坚持敕令，陛下就坚持法令""** | 全文缓存 9cdf68d9bb9b.md；印本Gallica bpt6k6310869z；**同月通信证明拿破仑亲自改定该报告**（cd7489b20593.md）——因此这是中枢自我陈述，不是大臣独立见解 |",仅候选：可能单位换算、概括、纠错或真正遗漏；不能以字符串未命中判漏
nodes/r_5b1357a9c6/cards/t_08b9e7/F1_napoleon_center.md,182,### 5.3 中枢处理容量估计（1810–12锚定）,1809.1|1809.2|1810.2|1810.3|1811.3|1811.4|2551|2685|3006|3021|3144|3214|40960|4190,"**通量**【事实】Correspondance générale（Fondation Napoléon，总计划40,960封）逐卷计数：1805≈1,790（由1806卷""较上年+50%""回推）；**1806=2,685**（T6导言）；1807：卷数未获（缺口）；**1808+1809.1=3,021**（T8导言）；1809.2–1810.2：卷数未获（缺口）；**1810.3–1811.3=3,006**（T10导言；基金会2014年报另载3,214，采导言值并注差异）；**1811.4–12=3,144**（T11导言）→**1811年折年率≈4,190封，为已证峰值**；**1812=2,551**（T12序）。这只是发文；收文、口头裁决、签署（每张许可证、每份名单）不在内。",仅候选：可能单位换算、概括、纠错或真正遗漏；不能以字符串未命中判漏
nodes/r_5b1357a9c6/cards/t_08b9e7/F1_napoleon_center.md,183,### 5.3 中枢处理容量估计（1810–12锚定）,1149|1811.4|238|247,"【事实】收件人集中度（1811.4–12）：Clarke 1,149（36%）+Lacuée 247（8%）→军务占60%；Decrès 320；Berthier 238（半岛遥控）；Davout 229；Maret 120；Mollien 98+Gaudin 40；**约瑟夫（西班牙国王）1封**。（T11导言。）",仅候选：可能单位换算、概括、纠错或真正遗漏；不能以字符串未命中判漏
nodes/r_5b1357a9c6/cards/t_08b9e7/F1_napoleon_center.md,193,### 5.4 ⑮能力上限表（中枢单位）,1811.4|4190,"| 书面决策通量 | ≈4,190封/年折年率（1811.4–12） | 1812别列津纳后通信中断15天；Orcha焚档（1812-11-20，通说） | 秘书处扩编可提通量，但签署权不可扩（亲裁不放） |",仅候选：可能单位换算、概括、纠错或真正遗漏；不能以字符串未命中判漏
nodes/r_5b1357a9c6/cards/t_0a8308/M1_market_expectations.md,53,## 三、Lloyd海险与一张罕见的皇帝生命合同,0315|801|96.06,"【机制→推演】令该合同的毛费率`f=.0315`，加载/交易及风险补偿`λ∈[0,.0315]`（每£1保额）、净赔付率`q∈[.80,1]`，零跨月折现，为演示采用`f=p(死亡或被俘)×q+λ`。12格`M1_policy_probability_sensitivity.csv`给出个人**一个月免死且不被俘**的*条件性模型区间***96.06–100%**（λ=0,q=.8时损失并集概率3.9375%；λ=.0315时0）；零加载且全额赔付的中心例**96.85%**。这些λ/q是研究者压力参数**不是历史费率组成事实，也不是95%统计置信区间**；风险中性概率与真实发生率还隔着承保人风险偏好、道德赌博及样本稀薄。**个人存活不等于波拿巴政权存续至1814，更非1848继承**，不得拿96.85%充当王朝胜率。作为市场证词，它只说明1813-05特定灾厄并集被人定价，而非显示普遍认为法国将赢或输。[10]",仅候选：可能单位换算、概括、纠错或真正遗漏；不能以字符串未命中判漏
nodes/r_5b1357a9c6/cards/t_0a8308/M1_market_expectations.md,66,## 四、三种终局的概率到底能反推到哪一步,79.5|92.9,| 将上一行硬说成“法国崩溃”“拿破仑政权存续” | 若附加极端等价假设，崩溃**20.5–92.9%**／续存**7.1–79.5%** | **仅作为被1814反例削弱的劣模型**：该模型错把新政权愿意偿债与帝国存续对立。主结论不采此范围作实际预期。 |,仅候选：可能单位换算、概括、纠错或真正遗漏；不能以字符串未命中判漏
nodes/r_5b1357a9c6/cards/t_0a8308/M1_market_expectations.md,81,## 六、审计及任务缺口,256|403|918,CSV已生成：`M1_series.csv` 336格；`M1_event_windows.csv` 136格；`M1_placebos.csv` 34格；`M1_sensitivity.csv` 306格；`M1_conditional_probability_stress.csv` 918格；`M1_policy_probability_sensitivity.csv` 12格；复算命令、输入SHA256、逐条谱系见`SOURCES.md`，stdout `M1_run.log`。校验：每市场168月、收益率均正、输入1803-05英5.0000%、法约9.5342%，保单极端0–3.9375%，脚本成功重跑。**未执行日频新闻对齐、真正因果识别或全市场报价核查**；安慰剂是描述性100窗、与经济周期和事件密度同源。Neal周表访问限权、DFIH逐日法5%与银行股需登录、伦敦—巴黎、汉堡银行货币agio、阿姆斯特丹价格和真正逐日报价Lloyd险未取得；已定位Danson 1894的1805–16海险原书但Hathi正文403。资料缺失降低日事件结论置信，不得声称原册不存在；获取后的首要改判针对上文E1–E3。英/法语言两谱系已使用，法文原论文及英文学术/合同转录并读，不能把不同出版物对同一报价当重复证词。[S],仅候选：可能单位换算、概括、纠错或真正遗漏；不能以字符串未命中判漏
nodes/r_5b1357a9c6/cards/t_0a8308/notes_design.md,3,# M1 方法冻结与已读协调资产（2026-09-23）,1357|758,"卡合同：`nodes/r_5b1357a9c6/plan.json` M1（约第744–758行）。目标为市场证词，不是事后胜率。待交 `M1_market_expectations.md`, `M1_series.csv`, 代码, `SOURCES.md`。",仅候选：可能单位换算、概括、纠错或真正遗漏；不能以字符串未命中判漏
nodes/r_5b1357a9c6/cards/t_0a8308/notes_design.md,11,## 首轮反证与识别边界,1357|157|401811,协调台账已读：`nodes/r_5b1357a9c6/coordination_ledger.md` 首157行。B2 BoE millennium v3.1 A31/M10等：1810–11 consols yield 4.409→4.674%，年均+26.6bp；1797/98≈5.91/5.93%；1811借款现金成本4.208→4.746%。这仅为B2已核数据的接口，M1将重核原表与频率。B5警告BoE A40 1811美国出口错误，不涉A31但提示不能无审计复用。X2帝国走私保费并非Lloyd's海险；不可混淆。,仅候选：可能单位换算、概括、纠错或真正遗漏；不能以字符串未命中判漏
nodes/r_5b1357a9c6/cards/t_0a8308/notes_sources_02.md,6,## 法国可计算月度序列,0171648|091829|256827092|3901|639|682,"- `downloads/M1_tauxFrance1800_2015.xlsx`，Didómena https://didomena.ehess.fr/downloads/2227mq56p?locale=fr；SHA256 827092b8dd98f922e3901bb4b682a091829bacf595cfa109dc2a0b0171648ebb。母页面 https://didomena.ehess.fr/concern/data_sets/1v53jx639?locale=fr 说明 Levy-Garboua & Monnet, 2016, *Les taux d'intérêt en France: une perspective historique*, REF 121, pp.35–58；此表 `mensuel!A3:A194` 日期 `1800M01`—`1815M12`，`C`列 `TXLONG (long-term interest rates)`（值如 C39=9.362390454，1803M01；C43=9.534187374，1803M05；C72=9.346355749，1805M10；C73=8.515569034，1805M11；C93=6.680938870，1807M07；C168=8.125693326，1813M10；C172=11.191732718，1814M02）。这是收益率百分数而不是债券价格，更不是事件日现货。",仅候选：可能单位换算、概括、纠错或真正遗漏；不能以字符串未命中判漏
nodes/r_5b1357a9c6/cards/t_0a8308/notes_sources_02.md,10,## 巴黎DFIH元数据／不当同一化禁令,0919|13009|7054,- https://dfih.fr/issuers/100/securities （保存 `downloads/pages/e4e61b27e2fb.md`）列证券65 `5% JOUISS. DU 22 SEPT. 1851`，现货1798–1999；证券68 `5% CONS. JOUISS. DU 22 MARS`，现货1802-12-02至1817-09-01；证券13009 `5% CONS. J. DU 22 SEPT. 1818`，现货1809-03-15至1852-03-31。分别逐页 https://dfih.fr/securities/65 (`downloads/pages/ce5fba5d0919.md`)、/68 (`downloads/pages/e34ce1ee7054.md`) 已读。65的后期命名与早期起点不可当作同质连列。,仅候选：可能单位换算、概括、纠错或真正遗漏；不能以字符串未命中判漏
nodes/r_5b1357a9c6/cards/t_0a8308/notes_sources_02.md,12,## 巴黎DFIH元数据／不当同一化禁令,105214|561|575,- https://dfih.fr/issuers/104/securities (`downloads/pages/561bc56ff575.md`) 识别法兰西银行股价证券63 `BANQUE DE FRANCE (ACTIONS DE LA)` 元数据1801-10-26至1945-12-17；无可下载报价，不能报价格变化。DFIH 1807 doubled shares另列105214，比较须控增资权益。,仅候选：可能单位换算、概括、纠错或真正遗漏；不能以字符串未命中判漏
nodes/r_5b1357a9c6/cards/t_0a8308/notes_sources_02.md,22,## Lloyd's 一月生存保险：补充但不泛化,83137|9058,"- Charles Wright & C. Ernest Fayle (1928), *A History of Lloyd's*, 原文University of Illinois OCR `downloads/pages/00bd118bdd34.md`，https://brittlebooks.library.illinois.edu/brittlebooks_closed/Books2009-09/wrigch0001hisllo/wrigch0001hisllo_ocr.txt ；图版目录印p.xvi载‘POLICY ON LIFE OF NAPOLEON, 1813 ... Issued 21 May, 1813, to pay a loss “in case Napoleon Bonaparte shall cease to exist or be taken Prisoner, on or before the 21st day of June, 1813.” Premium, three guineas per cent.’ 图版face p96。更早《Ships and Shipping》第16章 https://kellscraft.com/ShipsandShipping/ShipsandShippingCh16.html (`downloads/pages/9058a83137c2.md`)转录合同：3 guineas / £100，签署£100 R. Heath、£150 A. F. Kemp、£150 B. I. Mitchell。该保单给*死亡或被俘并集*、21 May–21 June 1813的**个别underwriter毛保费3.15%/保额**，不是拿破仑政权1848存续概率，更不是全市场均衡价格；载有保险费开销、承保风险溢价及违约风险，不得当作精确风险中性概率。注意两来源共享同一底层保单，不构成独立互证。",仅候选：可能单位换算、概括、纠错或真正遗漏；不能以字符串未命中判漏
nodes/r_5b1357a9c6/cards/t_0a8308/notes_sources_03.md,7,## 亲读二手出版物，非亲阅合同,100475511|403,"- 同文脚注32印p.194／PDF p15：‘during the Napoleonic Wars, marine insurance premiums for cargoes from Britain to Buenos Aires were as high as 9.6 per cent (e.g. in 1813). In contrast, in 1816 the premium had been reduced to 2.28 per cent. Danson, Our Next War, pp. 90–1.’ 1813→1816对照**同航线不同年份，但未控季节/船期/船舶质量/承保条款/承保人**，不能全差归因战争；二手引Danson，不能等同独立合约。脚注3印p.192／PDF p13提供Danson全题：J. T. Danson, *Our Next War in its Commercial Aspect, with Some Account of the Premiums Paid at ‘Lloyd’s’ from 1805 to 1816*, London: Blades, East & Blades, 1894。Hathi目录 https://catalog.hathitrust.org/Record/100475511 本地 `downloads/pages/8ed7ad29d98d.md` 标Harvard full view ID hvd.hb0uqh，但babel正文HTTP403，**仅查目录未读原书**；需要外部可读扫描或图书馆凭证解锁。",仅候选：可能单位换算、概括、纠错或真正遗漏；不能以字符串未命中判漏
nodes/r_5b1357a9c6/cards/t_0a8308/notes_sources_03.md,9,## 亲读二手出版物，非亲阅合同,83137|9058,"- 1813拿破仑死亡/被俘合同全文转录见 `downloads/pages/9058a83137c2.md` 行72–101；‘In consideration of three guineas per one hundred pounds ... without any abatement whatsoever, in case Napoleon Bonaparte shall cease to exist, or be taken prisoner on or before the 21st June, 1813. London, 21st May, 1813. £100 R. Heath. £150 Anthony Finn Kemp. £150 B. I. Mitchell.’ 与 Wright & Fayle 1928目录描述同一底层保单，不得当两份独立验证。可用3.15%毛价灵敏度，细则需说明。",仅候选：可能单位换算、概括、纠错或真正遗漏；不能以字符串未命中判漏
nodes/r_5b1357a9c6/cards/t_0a8308/notes_sources_04.md,3,# M1来源核读摘录4：Antipa–Chamley 2017伦敦—汉堡汇率,1139|181324|917,"Pamfili M. Antipa & Christophe Chamley, *Monetary and Fiscal Policy in England during the French Wars (1793–1821)*, Banque de France Working Paper no.627 (2017) 的作者网站修订本，封面明确 October 2017，作者页面 https://people.bu.edu/chamley/Ec365-17/UKFR.pdf；全文 `downloads/M1_Antipa_Chamley2017_UKFR.pdf`（doc 21ef3d917a4a）。正文PDF/印pp.35–36明确英镑兑换汉堡 Flemish banco shillings，**2.5个月远期票据**（非即期汇率），‘the only series available for the entire period of the French Wars’;至1808年底约34 schillings/£，随后渐贬，伴伊比利亚战费与补贴财政压力；Figure 11 p36（影像已读）视觉上1809后低谷约1813的24–28 shillings/£，再回升。但 **34 为作者正文近似、1813 24–28为本卡从图视觉约读，绝不能作为逐月原始报价**。图像源‘Boyer-Xambeu et al., 1994, authors’ calculation’，参考文献p41为Marie-Thérèse Boyer-Xambeu, Lucien Gillard, Ghislain Deleplace, ‘Régimes monétaires, points d’or et serpent bimétallique de 1770 à 1870’, *Revue économique* 45(5):1139–74（1994）。这不是作者自行采集的另一条独立汇率观察，与可能Boyer-Xambeu源需去重。",仅候选：可能单位换算、概括、纠错或真正遗漏；不能以字符串未命中判漏
nodes/r_5b1357a9c6/cards/t_0bb54c/IN1_east_india_company 2.md,51,## ② 法律、司法与行政渗透,10302783|1251469|15374223|2084184|29825983|31805421|3228865|500788134|547137|92416,"【锚点】1806 年韦尔斯利方在下院给出的孟加拉旧省税目 1798→1803-4（Sicca Rs）：地税 29,825,983→31,805,421（＋6.6%）；**盐 10,302,783→15,374,223（＋49%）；鸦片 2,084,184→3,989,200（＋91%）；关税 1,251,469→3,228,865（＋158%）；印花 92,416→547,137（＋492%）**（`downloads/pages/1f500788134e.md`）。",仅候选：可能单位换算、概括、纠错或真正遗漏；不能以字符串未命中判漏
nodes/r_5b1357a9c6/cards/t_0bb54c/IN1_east_india_company 2.md,107,## ④ 经济：产出、贸易结构与运输,43085|43105,"【锚点】Milburn I（行 43085–43105）：孟买对华棉花出口""in some seasons amounted to 80,000 bales ... in the whole 30 millions of pounds""；公司**保留孟买—广州船位的三分之二**，余位竞投但须""the freight, together with the proceeds of the goods, shall be paid into the Canton treasury, for the latter of which **bills are granted on England**""；对华贸易带回孟买的现银，1802–1806 五年平均 **Sicca Rs 27,03,907/年**。",仅候选：可能单位换算、概括、纠错或真正遗漏；不能以字符串未命中判漏
nodes/r_5b1357a9c6/cards/t_0bb54c/IN1_east_india_company 2.md,115,## ④ 经济：产出、贸易结构与运输,1690000|5000000|7000000,"【锚点】1808-04-26 请愿：欧战 14 年使公司多付**运费与滞期 £7,000,000**；出口英国货物成本按 1793-4 起 13 年平均**年增约 £1,690,000**；1797–1807 本土向印中垫款超过回流**逾 £5,000,000**；1803–04 运到的白银""great part thereof ... was absorbed by the expences of the war then carried on against the Mahrattas""。",仅候选：可能单位换算、概括、纠错或真正遗漏；不能以字符串未命中判漏
nodes/r_5b1357a9c6/cards/t_0bb54c/IN1_east_india_company 2.md,172,## ⑦ 社会结构与阶层（公司自身的社会基座）,43072|43080,3. **国人商人（country traders）与代理行（agency houses）**：他们的利润靠印度—广州贸易，其汇款靠公司开出的伦敦汇票（Milburn I 行 43072–43080）。【推演·中高】这个群体是**垄断的内部反对派**：他们既需要公司的汇票，又想要自由运输与自由对华贸易；他们在 1813 与 1833 两次都站在开放一方。,仅候选：可能单位换算、概括、纠错或真正遗漏；不能以字符串未命中判漏
nodes/r_5b1357a9c6/cards/t_0bb54c/IN1_east_india_company 2.md,225,## ⑫ 交流与流动,194576|446884|500072|940956,"- **资金**：私人汇款的规模（Wissett 1812-03-04）：私人自英国出口 £500,072（含白银 £194,576），进口入英 £940,956，差额 £446,884""being **not a trade but a remittance**""。",仅候选：可能单位换算、概括、纠错或真正遗漏；不能以字符串未命中判漏
nodes/r_5b1357a9c6/cards/t_0bb54c/IN1_east_india_company 2.md,347,## ⑭ 情景年表 1803–1848（S1/S2/S3/S4/S5/S6）,19186|19210,| 24 | 1833–34 | S0 | 特许状法：公司停止一切商业，领地债务法定由印度岁入承担，股息 10.5% 由印度岁入支付 | 【A】Dutt 转引法条文（行 19186–19210） | 高 |,仅候选：可能单位换算、概括、纠错或真正遗漏；不能以字符串未命中判漏
nodes/r_5b1357a9c6/cards/t_0bb54c/IN1_east_india_company.md,51,## ② 法律、司法与行政渗透,10302783|1251469|15374223|2084184|29825983|31805421|3228865|500788134|547137|92416,"【锚点】1806 年韦尔斯利方在下院给出的孟加拉旧省税目 1798→1803-4（Sicca Rs）：地税 29,825,983→31,805,421（＋6.6%）；**盐 10,302,783→15,374,223（＋49%）；鸦片 2,084,184→3,989,200（＋91%）；关税 1,251,469→3,228,865（＋158%）；印花 92,416→547,137（＋492%）**（`downloads/pages/1f500788134e.md`）。",仅候选：可能单位换算、概括、纠错或真正遗漏；不能以字符串未命中判漏
nodes/r_5b1357a9c6/cards/t_0bb54c/IN1_east_india_company.md,107,## ④ 经济：产出、贸易结构与运输,43085|43105,"【锚点】Milburn I（行 43085–43105）：孟买对华棉花出口""in some seasons amounted to 80,000 bales ... in the whole 30 millions of pounds""；公司**保留孟买—广州船位的三分之二**，余位竞投但须""the freight, together with the proceeds of the goods, shall be paid into the Canton treasury, for the latter of which **bills are granted on England**""；对华贸易带回孟买的现银，1802–1806 五年平均 **Sicca Rs 27,03,907/年**。",仅候选：可能单位换算、概括、纠错或真正遗漏；不能以字符串未命中判漏
nodes/r_5b1357a9c6/cards/t_0bb54c/IN1_east_india_company.md,115,## ④ 经济：产出、贸易结构与运输,1690000|5000000|7000000,"【锚点】1808-04-26 请愿：欧战 14 年使公司多付**运费与滞期 £7,000,000**；出口英国货物成本按 1793-4 起 13 年平均**年增约 £1,690,000**；1797–1807 本土向印中垫款超过回流**逾 £5,000,000**；1803–04 运到的白银""great part thereof ... was absorbed by the expences of the war then carried on against the Mahrattas""。",仅候选：可能单位换算、概括、纠错或真正遗漏；不能以字符串未命中判漏
nodes/r_5b1357a9c6/cards/t_0bb54c/IN1_east_india_company.md,170,## ⑦ 社会结构与阶层（公司自身的社会基座）,6000000|7780000,"1. **股东（Proprietors）**：1813 年股本面值 £6,000,000（1793 年 £5m，后按 200% 认购增 £1m，专金入账）〔**口径冲突**：1812-03-04 会计总长总账列""capital advanced by the Adventurers £7,780,000""，大于面值，差额应为溢价入账；两数并存，不平账〕；公司自述股息""only equivalent to the legal interest of money""（1812 谈判信）。【机制】股东的收益被法定封顶，因此他们的真实利益不在利润而在**人事推荐权（patronage）**——造就了一个""以官职为分红""的贵族化投资者群体。【推演·中高】因此，**公司在任何改革中最后让步的不是贸易垄断而是人事权**；1813 与 1833 两次都是先交出贸易、后交出行政，而人事权保留到 1853。",仅候选：可能单位换算、概括、纠错或真正遗漏；不能以字符串未命中判漏
nodes/r_5b1357a9c6/cards/t_0bb54c/IN1_east_india_company.md,172,## ⑦ 社会结构与阶层（公司自身的社会基座）,43072|43080,3. **国人商人（country traders）与代理行（agency houses）**：他们的利润靠印度—广州贸易，其汇款靠公司开出的伦敦汇票（Milburn I 行 43072–43080）。【推演·中高】这个群体是**垄断的内部反对派**：他们既需要公司的汇票，又想要自由运输与自由对华贸易；他们在 1813 与 1833 两次都站在开放一方。,仅候选：可能单位换算、概括、纠错或真正遗漏；不能以字符串未命中判漏
nodes/r_5b1357a9c6/cards/t_0bb54c/IN1_east_india_company.md,225,## ⑫ 交流与流动,194576|446884|500072|940956,"- **资金**：私人汇款的规模（Wissett 1812-03-04）：私人自英国出口 £500,072（含白银 £194,576），进口入英 £940,956，差额 £446,884""being **not a trade but a remittance**""。",仅候选：可能单位换算、概括、纠错或真正遗漏；不能以字符串未命中判漏
nodes/r_5b1357a9c6/cards/t_0bb54c/IN1_east_india_company.md,347,## ⑭ 情景年表 1803–1848（S1/S2/S3/S4/S5/S6）,19186|19210,| 24 | 1833–34 | S0 | 特许状法：公司停止一切商业，领地债务法定由印度岁入承担，股息 10.5% 由印度岁入支付 | 【A】Dutt 转引法条文（行 19186–19210） | 高 |,仅候选：可能单位换算、概括、纠错或真正遗漏；不能以字符串未命中判漏
nodes/r_5b1357a9c6/cards/t_0bb54c/SOURCES 2.md,23,## A. 同时代议会与公司文书（第一手，本卡主要证据层）,10936856|184|4413,"| P13 | *Papers relating to East India Affairs: growth of hemp and cotton — General Revenues of India*（HC 印 1813-06-22） | `downloads/IN1_papers_general_revenues_1813.txt` | archive.org `10936856bsb` | 4413cc184d51e8aa | Rickards 1808 年评论（""a debt of 30 millions only, threatening the Government of at least 50 millions of people""）；表格 OCR 不可用 |",仅候选：可能单位换算、概括、纠错或真正遗漏；不能以字符串未命中判漏
nodes/r_5b1357a9c6/cards/t_0bb54c/SOURCES 2.md,30,## B. 同时代商业与统计著作,5988|678,"| C01 | William Milburn, *Oriental Commerce*, vol. I（London 1813） | `downloads/IN1_milburn_v1.txt` | `in.ernet.dli.2015.181513` | 0e7a5988e678a7ef | 孟买对华棉花（8 万包/3,000 万磅）；公司保留 2/3 船位与广州—伦敦汇票机制；对华贸易带回孟买现银年均 Sicca Rs 27,03,907 |",仅候选：可能单位换算、概括、纠错或真正遗漏；不能以字符串未命中判漏
nodes/r_5b1357a9c6/cards/t_0bb54c/notes_finance.md,50,### S1.3 1810/11 公司总资产负债结构（Accountant General Cartwright，1812-03-04 签署）,2155922|700000,"- 浮动：向英格兰银行借 £700,000；估计商业浮动汇票 £600,000；欠英国个人 £2,155,922",仅候选：可能单位换算、概括、纠错或真正遗漏；不能以字符串未命中判漏
nodes/r_5b1357a9c6/cards/t_0bb54c/notes_military.md,27,### M1.3 军费增长（行 8060–8095）,20348|4026|8094|8100,"兵力增幅表（行 8094–8100）OCR 已毁（仅可辨 ""His Majefty's … 20,348"" 与 ""Company's … 4,026"" 残数），**不据此填数**；改用 M1.2 的团数与 1812 董事会的""王军>2万""。",仅候选：可能单位换算、概括、纠错或真正遗漏；不能以字符串未命中判漏
nodes/r_5b1357a9c6/cards/t_0bb54c/notes_trade.md,12,## T1. 中国贸易对**英国国库**的价值（Milburn v2，行 71800–71830、82440–82470）,10886017|16692852|265524|2894815|30739208,"同期""国家净得""（dear gain to the nation）**£30,739,208**，构成：公司库付关税 £265,524＋运费与滞期 £10,886,017＋商业费用（按销售额5%）£2,894,815＋公司余额 £16,692,852。",仅候选：可能单位换算、概括、纠错或真正遗漏；不能以字符串未命中判漏
nodes/r_5b1357a9c6/cards/t_0e763d/F2_french_army_capacity.md,9,## 结论先行,0326|59.5,【模型推演】本卡给出的常态包络为：法国建制陆军约**40–55万人在册**，加可持续、确有政治承诺的盟军**15–25万人在册**；合计55–80万，不等于全部可战。取在场可用率80–90%，为44–72万；中心案70万在册、59.5万可用。扣本土和海岸防卫及15–20万机动预备军后，**长期分配给外国驻防、交通线和东部边境的可用上限约25–35万，宽松成熟情景约40–45万**。这不是法国单独能派出的同等人数，更不是每个地区同时拥有一个大军团。[H72；E97第三、十六章；G03，26、161–162页；P11],仅候选：可能单位换算、概括、纠错或真正遗漏；不能以字符串未命中判漏
nodes/r_5b1357a9c6/cards/t_0e763d/F2_french_army_capacity.md,11,## 结论先行,113.10|131.5|135.10|30.225|43.65|56.625|59.5|63.75|70.60|72.95|86.95|92.225,【模型推演】按下文独立列出的任务需求，S2中心案供59.5万、需54万，余5.5万；S5成熟中心案供63.75万、需49万，余14.75万。**这保留一轮有选择并合的人力空间，不能支付反复的全大陆镇压。**经地图细分，S6-lite（内圈＋北意＋德西＋伊利里亚）需43.65–70.60万，中心56.625万，供59.5万时余2.875万；S6-max再加南德、那不勒斯本土、全西班牙，需72.95–113.10万，中心92.225万，宽给80万可用仍缺12.225万。再接管哈布斯堡和北欧的S6-full需86.95–135.10万，中心缺30.225万。原92–131.5万是未细拆初稿压力测试，保留审计但不再代称任何精确地图。各S6均未计占领不列颠、深入欧洲俄国或征服奥斯曼腹地；字面“全欧行省化”更昂贵。数字是情景假设下的账，不是从史料中发现的自然上限。,仅候选：可能单位换算、概括、纠错或真正遗漏；不能以字符串未命中判漏
nodes/r_5b1357a9c6/cards/t_0e763d/F2_french_army_capacity.md,23,## 0．证据、方法与可以推翻结论的材料,3950|4050,【二轮地图路由】本卡lite/max/full是早期人力筛查，不代表其后完成的P2最终地图。P2逐项计入内圈人口修订、历史外圈、原盟军退出、成熟新兵及陆海预算，给出约3950–4050万人直辖核心的有限主线；其约5668万人联合乐观案可算术闭合，但政治条件置信低，说明不能由本卡中心缺额推出“任何扩张参数均技术不可能”。两卡情景不能按名称拼接；D2的外圈总驻军也不能不去重便再叠到已含相关地区的需求。该结论归属P2模型，非本卡新史实。[C-P2；F2_refinement.md §七],仅候选：可能单位换算、概括、纠错或真正遗漏；不能以字符串未命中判漏
nodes/r_5b1357a9c6/cards/t_0e763d/F2_french_army_capacity.md,67,### 马不是同质存货,56918|65418|67704,"【事实／限制】Dawson报告1812年11月至1813年5月累计配马65,418人，含56,918骑兵和8,500运输人员；另报采购81,918匹中67,704为挽马。网页有表尾、日期和比率矛盾，精确总量只列来源审计，不进入容量校准。结论是“能大规模重建，但成本高且非即成战力”，不是“1813无马”。[D13]",仅候选：可能单位换算、概括、纠错或真正遗漏；不能以字符串未命中判漏
nodes/r_5b1357a9c6/cards/t_0e763d/F2_french_army_capacity.md,81,## ⑤ 撷取与动员上限：年度流量比人口总数更重要,202.5|215|265.5|7248,【文献推断】Houdaille转引征兵局统计：共和七年至1813年11月15日，1804疆域累计征召265.5万、编入248万；扣除共和七至十一年约33万，为215万。军籍去重、疆域和入伍时间校正后约202.5万，差额可能含海军，但志愿者口径不清。这不是1803–1814逐年实到表。[H72，48–49页],仅候选：可能单位换算、概括、纠错或真正遗漏；不能以字符串未命中判漏
nodes/r_5b1357a9c6/cards/t_0e763d/F2_french_army_capacity.md,99,### 战后和平类比与年度数据,40.0371|42.1494|45.2195|82057,"【事实】《L’Écho de la Fabrique》1833年4月21日摘《Moniteur》战争部长报告：1831年9月编制45.2195万人，报告所指同期实额40.0371万；1833年1月1日实额42.1494万、马82,057匹。包含宪兵、老兵、外国军团和北非部队，非纯野战軍，更非整个七月王朝的“和平平均”。这给常态40余万提供一个存在性参照，但不能据此独立证明帝国55万永久可负担。[R33]",仅候选：可能单位换算、概括、纠错或真正遗漏；不能以字符串未命中判漏
nodes/r_5b1357a9c6/cards/t_0e763d/F2_french_army_capacity.md,123,### 西班牙真正的35万基准,11638|291414|354461|642|8047,"【事实】Oman卷IV附录XVIII，**1811年7月15日**六军在册354,461人，报在伍291,414；另有巴约讷后备251军官、8,047士兵未计。此为1811切片，不冒称1810数。[O11，638–642页；转引法国国家档案回报，原档未阅]",仅候选：可能单位换算、概括、纠错或真正遗漏；不能以字符串未命中判漏
nodes/r_5b1357a9c6/cards/t_0e763d/F2_french_army_capacity.md,125,### 西班牙真正的35万基准,10532|360573|360603|539,"【新增1810切片】卷III附录VII表题明确**1810年1月15日**，全表Grand Total360,603含巴约讷/在途/未起行后卫。尾注明确境内324,996，其中262,051“Present under arms”。本卡采用尾注境内口径；全表六列和360,573与打印总额差30，保留，不据此自改原文。按1797人口代理，在伍约24.86‰，仍是战区全任务，不是纯治安率。[O10，532–539页]",仅候选：可能单位换算、概括、纠错或真正遗漏；不能以字符串未命中判漏
nodes/r_5b1357a9c6/cards/t_0e763d/F2_french_army_capacity.md,127,### 西班牙真正的35万基准,35.4461|43783|48783|80.8|82.2,"【审计修正】阿拉贡军分项合为43,783，最后总表却写48,783，正好多5,000。因此在伍应保留**28.6–29.1万**的源内不确定性；在册35.4461万的六军合计一致。相应在伍/在册为80.8–82.2%，不能误称战场集中率。表内含要塞、途中补充和交通线，亦有盟国和约瑟夫部队。",仅候选：可能单位换算、概括、纠错或真正遗漏；不能以字符串未命中判漏
nodes/r_5b1357a9c6/cards/t_0e763d/F2_french_army_capacity.md,135,### 外籍军的供给与退出,03162|0326|32.4,【文献推断】Grab报累计欧洲兵员72万、莱茵邦联承诺12.6万、瑞士1.2万、那不勒斯1.6万；**1812俄征国际军队60万中过半non-French**。[G03，26页] 另一个口径是Elting第三章所载**1807年普鲁士—波兰战区32.4万（含医院2万）中可能约三分之一莱茵邦联与波军**；日期、地域与分类均不同，不与1812比例互相覆盖，也不外推为法国全国陆军比例。[E97第三章] 意大利王国1802–1814累计征入15.5万、1812军队约7万；累计、条约义务与战役存量各不相同。[G03，162页],仅候选：可能单位换算、概括、纠错或真正遗漏；不能以字符串未命中判漏
nodes/r_5b1357a9c6/cards/t_0e763d/F2_french_army_capacity.md,203,## ⑬ 对B1–B8的反应函数,7246|7763,|B7 远征／有限东线／不战接受关税|不战保全人马；有限战止于可供给和可谈判节点；深追损坏补充结构|德维纳—第聂伯并非神奇防线；俄方不媾和时，长期驻军仍有冬营和供粮账|V77，63–74页；H72，46页；高约束、中结论|,仅候选：可能单位换算、概括、纠错或真正遗漏；不能以字符串未命中判漏
nodes/r_5b1357a9c6/cards/t_0e763d/F2_french_army_capacity.md,278,### B．供给包络与结算,1180.8|82.2,|在场率|O11 80.8–82.2%战时切片；和平容许改善|模型80–90%，中心85%；不是每人均可集中野战|,仅候选：可能单位换算、概括、纠错或真正遗漏；不能以字符串未命中判漏
nodes/r_5b1357a9c6/cards/t_0e763d/F2_french_army_capacity.md,281,### B．供给包络与结算,56.625|59.5,|S6-lite中心|70万×85%=59.5万，对56.625万任务|余2.875万；3万盟军在册退出后只余0.325万|,仅候选：可能单位换算、概括、纠错或真正遗漏；不能以字符串未命中判漏
nodes/r_5b1357a9c6/cards/t_0e763d/F2_french_army_capacity.md,283,### B．供给包络与结算,110.225|30.225,|S6-full中心|同上80万，对110.225万任务|缺30.225万；低需求仍缺6.95万|,仅候选：可能单位换算、概括、纠错或真正遗漏；不能以字符串未命中判漏
nodes/r_5b1357a9c6/cards/t_0e763d/F2_french_army_capacity.md,286,### B．供给包络与结算,4900|590|980,【模型推演】因此，“占领上限”不能只写一个军队总人数：法国及盟友的**常态外部驻防＋东部边境预算约30万可用兵**更有解释力。S2中心已用24.5万，新增并合余量仅5.5万；S5中心外部任务用20万，余量14.75万。按3‰低压力驻防，新增人口容量分别约1800万和4900万；按15–25‰高压力，占领余量分别只够约220–370万和590–980万。**这是在其他任务不变、没有新增可靠征兵之前的静态上限，不是建议一口吞下4900万人口。**,仅候选：可能单位换算、概括、纠错或真正遗漏；不能以字符串未命中判漏
nodes/r_5b1357a9c6/cards/t_0e763d/F2_french_army_capacity.md,312,### D．断裂阈值与年份,110.225|135.1|141815|86.95,|同时强制接管德、奥、伊比利亚等|细分full需86.95–135.1万可用，中心110.225万，对宽给百万在册仅80万可用|缺口即时出现；以库存/提前调用暂撑则1810启动→1812–14，1815启动→1817–20被迫调整。地方高度合作时这些窗口作废|,仅候选：可能单位换算、概括、纠错或真正遗漏；不能以字符串未命中判漏
nodes/r_5b1357a9c6/cards/t_0e763d/F2_french_army_capacity.md,340,### 给后续卡的硬接口,32.50|35.45,- 【证据】西班牙基准分别用1810-01-15境内32.50万/在伍26.2051万，或1811-07-15在册35.45万/在伍28.64–29.14万；日期、范围分别冻结，不再写“1810纯占领军35万”。,仅候选：可能单位换算、概括、纠错或真正遗漏；不能以字符串未命中判漏
nodes/r_5b1357a9c6/cards/t_0e763d/F2_refinement.md,55,## 二、地图细分：人力需与人口代理,43.65|56.625|59.5|70.60,|lite|43.65/56.625/70.60|59.5＝70万在册×85%|+15.85/+2.875/−11.10|,仅候选：可能单位换算、概括、纠错或真正遗漏；不能以字符串未命中判漏
nodes/r_5b1357a9c6/cards/t_0e763d/F2_refinement.md,56,## 二、地图细分：人力需与人口代理,113.10|33.10|72.95|92.225,|max|72.95/92.225/113.10|80＝宽给100万在册×80%|+7.05/−12.225/−33.10|,仅候选：可能单位换算、概括、纠错或真正遗漏；不能以字符串未命中判漏
nodes/r_5b1357a9c6/cards/t_0e763d/F2_refinement.md,59,## 二、地图细分：人力需与人口代理,35.6|63.2|87.725,【机制与置信】lite中心勉强有余，并非已证明政治可行；若仅3万原盟军在册因兼并中断、未同时转为法军，供给减2.55万，余额只0.325万。max使用的百万在册本已高于常态55–80万，仍只低需求角点合账。若按常态上端80万在册×85%=68万，max中心缺24.225万、full缺42.225万。西班牙相对lite从0.5升23万，增22.5万，占max-lite中央增量35.6万的63.2%。因此保西王是关键，但撤去西班牙也不自动使全欧直接统治可行：full将西班牙任务从23万降回友好联络0.5万，中心仍需87.725万，高于宽给80万。,仅候选：可能单位换算、概括、纠错或真正遗漏；不能以字符串未命中判漏
nodes/r_5b1357a9c6/cards/t_0e763d/F2_refinement.md,108,## 六、联结财政后：主线兵力不能再任取上沿,30.20|42.857|53.429,【推演｜中条件、低精度】F4高收入盟约案陆海合4.95亿，陆3亿＋海1.95亿闭合。按700成本代理，法国在册42.857万＋盟军20万→53.429万在场；S2中心短0.571万、S5余4.429万、lite短3.196万。恢复S2中心只需约20.67万可靠盟军在册（其余不变）；lite则需23.76万，接近本卡盟军上段。若成本900，陆3亿只养法国33.33万，S2需约30.20万盟军，已超常态15–25万。相反600仅薪饷养护，虽能账面供50万，也尚未支付全部军械补马，不可当免费可行角点。,仅候选：可能单位换算、概括、纠错或真正遗漏；不能以字符串未命中判漏
nodes/r_5b1357a9c6/cards/t_0e763d/F2_refinement.md,143,### 3．最终地图读P2，切勿再叠一笔“外圈军队”,3400|39.5|40.5,"【合作卡模型，不是新增实测】P2已把内圈人口代理7m改7.85m、相应任务加3,400，并计入历史外圈、原盟军退出和陆海财政。其有限主线直辖人口约39.5–40.5m；一项闭账示例是法国约43.43万在册＋剩余自养盟军24.3万，在场约57.57万、需求约55.86万、余约1.71万。它要求将一部分海军示例预算195m改165m、承受退并省税净损；不能与“海军高端也已付清”同时宣称。[C-P2，结论与§四；本轮读至§四.1]",仅候选：可能单位换算、概括、纠错或真正遗漏；不能以字符串未命中判漏
nodes/r_5b1357a9c6/cards/t_0e763d/F2_round2_changes.md,9,## 一、旧→新，逐项对账,122250|147500|28750|302250|534286,"|S2/S5/分区S6的人力及27格财政|S2中心余55,000；S5余147,500；S6-lite余28,750、max缺122,250、full缺302,250；300m/700+20万盟军可用534,286|原参数与计算数值不变；S6表及财政表SHA与前版相同|作为原范围筛查；最终地图不再按同名情景硬套|",仅候选：可能单位换算、概括、纠错或真正遗漏；不能以字符串未命中判漏
nodes/r_5b1357a9c6/cards/t_0e763d/F2_round2_changes.md,11,## 一、旧→新，逐项对账,463|67.9|975,|新省固定合同敏感性|未同口径展示总五年含一年训练|新增：四批受训兵、训练后年留存.975，成熟可靠3.537‰、净−.463‰；零余额所需指定征额2.262‰或ρ67.9%|不是替换原观测；提示短役与部队库存的权衡；不将差值按全版图人口机械扣除|,仅候选：可能单位换算、概括、纠错或真正遗漏；不能以字符串未命中判漏
nodes/r_5b1357a9c6/cards/t_0e763d/F2_round2_changes.md,25,## 二、P2乙联合乐观反例不会被本轮役期桥自动推翻,23597.607992|571650.000008|595000,"- `P2_joint_optimistic.csv` 乙行取100%保留原自养军，陆军350m、成本700、任务减30,000；在场需求571,650.000008，人力余额23,597.607992。P2常量法国在册500,000、独立军200,000、可用率.85给出基础595,000人。",仅候选：可能单位换算、概括、纠错或真正遗漏；不能以字符串未命中判漏
nodes/r_5b1357a9c6/cards/t_0e763d/F2_round2_changes.md,26,## 二、P2乙联合乐观反例不会被本轮役期桥自动推翻,1253|23350|23597.608|247.608|56.676|571650|595000,"- 即把乙行所有新增省兵先置零，基础595,000减需求571,650仍余约**23,350**人；这项简单下界与表的23,597.608差约247.608，才是其新增省兵项。故不能再对56.676m全人口扣去“每百万人少1,253”来否决反例。",仅候选：可能单位换算、概括、纠错或真正遗漏；不能以字符串未命中判漏
nodes/r_5b1357a9c6/cards/t_0e763d/VALIDATION.md,24,## 本次确已执行,286414|291414|354461,|Oman1810/1811|1810境内324996/在伍262051；1811在册354461/在伍286414–291414；1810表列30人与1811Aragon5000差额保留|,仅候选：可能单位换算、概括、纠错或真正遗漏；不能以字符串未命中判漏
nodes/r_5b1357a9c6/cards/t_0e763d/VALIDATION.md,46,## 审校中实质改正,87.225|87.725,5. full把西班牙从23万降回0.5万的算术已修为87.725万（初稿误87.225）。,仅候选：可能单位换算、概括、纠错或真正遗漏；不能以字符串未命中判漏
nodes/r_5b1357a9c6/cards/t_0e763d/VALIDATION.md,54,## 给总装的数字卡,3250|43.65|56.625|59.5|70.60,- **S6-lite**：需43.65–70.60万在场，中56.625；供59.5余2.875万。3万盟军在册中断则余3250，政治执行很敏感。,仅候选：可能单位换算、概括、纠错或真正遗漏；不能以字符串未命中判漏
nodes/r_5b1357a9c6/cards/t_0e763d/VALIDATION.md,55,## 给总装的数字卡,113.10|72.95|92.225,- **S6-max**：需72.95–113.10万，中92.225；即宽给80万在場，中缺12.225万，但低需求角点可正，故不是全参数不可能。,仅候选：可能单位换算、概括、纠错或真正遗漏；不能以字符串未命中判漏
nodes/r_5b1357a9c6/cards/t_0e763d/VALIDATION.md,56,## 给总装的数字卡,110.225|135.10|30.225|86.95,- **S6-full**：需86.95–135.10万，中110.225；同供80万中缺30.225万，低需求亦缺6.95万。仍不含英/欧洲俄/奥斯曼/葡/西西里全面征服。,仅候选：可能单位换算、概括、纠错或真正遗漏；不能以字符串未命中判漏
nodes/r_5b1357a9c6/cards/t_0e763d/VALIDATION.md,58,## 给总装的数字卡,31964|44286|5714,- **财政**：3亿陆军/700成本＋20万盟军、q=.85→53.43万在场，S2中缺5714、lite缺31964、S5余44286；若盟军23.76万左右可支lite中央任务，仍须政治可靠而非纸面承诺。,仅候选：可能单位换算、概括、纠错或真正遗漏；不能以字符串未命中判漏
nodes/r_5b1357a9c6/cards/t_0e763d/VALIDATION.md,64,## 一轮提交后限定性勘误（历史记录，2026-09-23）,32.4|389000,- 正文并列1807普波32.4万约三分之一盟军与1812俄征60万过半non-French；另列H72累计并合地区389000并注明边界。时滞函数加入“待替换”。,仅候选：可能单位换算、概括、纠错或真正遗漏；不能以字符串未命中判漏
nodes/r_5b1357a9c6/cards/t_0e763d/VALIDATION.md,73,## 二轮实质变化与回读,23350|571650|595000,- 接受P2最终地图和联合乐观反例；本卡中心缺额不构成所有政策组合技术不可能的证明。只读P2脚本确认其新增省兵本就按四批受训兵计算；乙联合乐观即把额外新省兵置零，595000−571650仍余23350，故不能按本轮制度差额乘全部版图人口推翻该反例。没有执行或修改P2脚本。共同陆海财政约束继续有效；逐项旧→新见F2_round2_changes.md。,仅候选：可能单位换算、概括、纠错或真正遗漏；不能以字符串未命中判漏
nodes/r_5b1357a9c6/cards/t_0e763d/annual_levies_evidence.md,22,## 补记：Elting摘录的独立口径判读,120000|122500|245000,"|1811年12月120,000；1812另两次245,000，约半为National Guard|前项有明确征令年月，年级仍未由摘录证实；后项混入国民卫队，不能称全部为新征陆军。|不相加成1812征额；不把“约半”改写为精确122,500人。|",仅候选：可能单位换算、概括、纠错或真正遗漏；不能以字符串未命中判漏
nodes/r_5b1357a9c6/cards/t_0e763d/annual_levies_evidence.md,23,## 补记：Elting摘录的独立口径判读,120000|137000,"|1813新增350,000；1812年9月120,000仍在depots|这是最显著的流量/存量混合：1812年征令形成的人力可能在1813年仍处补充营；在补充营不等于未被军队编入，更不等于已进入野战军。|350,000的统计截止日及“新增”定义待查；120,000单列为旧征令关联的补充营状态，禁止作为1813新增再计。也不默认120,000就是后来所列1813级137,000的全部或子集。|",仅候选：可能单位换算、概括、纠错或真正遗漏；不能以字符串未命中判漏
nodes/r_5b1357a9c6/cards/t_0e763d/annual_levies_evidence.md,30,### 战后类比的优先冻结决定,400371|421494|452195,"- **七月王朝：用带日期的观测替代“30—40万和平军队”泛称。**1831年9月编制452,195、报道所指同期实额400,371；1833年1月1日实额421,494。它们不是全时期平均，也不是野战可用军额。包含宪兵、老兵部队、外国军团和北非部队，不能直接与仅法国本土正规野战军口径比较。",仅候选：可能单位换算、概括、纠错或真正遗漏；不能以字符串未命中判漏
nodes/r_5b1357a9c6/cards/t_0e763d/annual_levies_evidence.md,66,## 2. 连续年度征令额：可引用，尚非最终数据冻结,1237000|2403000|370000|746000,"同节第一段说明统计还须加1814年总动员、志愿者、续服者、军校军官及外国团/分遣队；并把帝国期2,403,000分为常规年级征召1,237,000、旧年级召回746,000、国民卫队动员370,000、海籍人员特别征召50,000。故它不是纯陆军首次入伍人数。",仅候选：可能单位换算、概括、纠错或真正遗漏；不能以字符串未命中判漏
nodes/r_5b1357a9c6/cards/t_0e763d/hardware_evidence.md,22,## 一、可供模型使用的数量锚点,64.9|75.6,| Metz，1804-09-23至1808-01-01，作者按39个月 | 制造279门炮，验收211门 | 单厂累计制造／验收，不能套给Douai/Strasbourg；【模型推演】211/279≈75.6%，验收流量约5.41门/月、64.9门/年等效，不能称额定产能 |,仅候选：可能单位换算、概括、纠错或真正遗漏；不能以字符串未命中判漏
nodes/r_5b1357a9c6/cards/t_0e763d/notes_core_evidence.md,8,## H72,165000|1800000,- pp49–50：1790–95成年男性1800000；1792级165000=55%；平均约30万只是年级参考，不将法国军籍所有并合兵除旧法国人口作确切率。,仅候选：可能单位换算、概括、纠错或真正遗漏；不能以字符串未命中判漏
nodes/r_5b1357a9c6/cards/t_0e763d/notes_core_evidence.md,10,## H72,1915000|389000,- 军籍1815疆域法国人1915000、1804前并合出身389000（德111k/弗105k/瓦69k/意104k）累计，不是1812当日比例。,仅候选：可能单位换算、概括、纠错或真正遗漏；不能以字符串未命中判漏
nodes/r_5b1357a9c6/cards/t_0e763d/notes_core_evidence.md,22,## F89 / RP23,0022050723000360|1057|366|71889,"Rouanet/Piano,JEH83-4(2023),1057–1100,doi10.1017/S0022050723000360；downloads/pages/ee71889de366.md；DATA DESCRIPTION110省+Elba/1806–10；draft dodging仅逾期未抵营不含服役后逃亡。研究期平均14.9%不能不加权外推全国实际编入。",仅候选：可能单位换算、概括、纠错或真正遗漏；不能以字符串未命中判漏
nodes/r_5b1357a9c6/cards/t_0e763d/notes_core_evidence.md,41,## D13,102430|11378|1183|280320|3500011|56918|65418|67704,"65,418配马人（56,918骑兵、8500车夫），81,918采购马（67,704挽马）；记录引用AN AFIV1183、SHDDT2C545，未原档核。网页月率/区间相互不合（102430被写成月11378而间隔不足3月），故精确聚合不入模型。约3500011民马、280320出生只是作者陈述，不能未经核总表便作军马库存。",仅候选：可能单位换算、概括、纠错或真正遗漏；不能以字符串未命中判漏
nodes/r_5b1357a9c6/cards/t_0e763d/notes_core_evidence.md,46,## 文书,258|346986,P13：1813-04-04致Bertrand，downloads/pages/ce0b4d346986.md L248–258；补士官晋少尉及配套军种，是命令不是人员到齐证明。,仅候选：可能单位换算、概括、纠错或真正遗漏；不能以字符串未命中判漏
nodes/r_5b1357a9c6/cards/t_0e763d/notes_new_analogies.md,23,## 比利时、皮埃蒙特整合时间,2213|2226,- Grab(2003)pp81–82，downloads/pages/2ad693d5ac13.md L2213–2226：1798–1813累计216111编入、6.12%人口，渐趋常态；无逐年到营率，本卡不摊。,仅候选：可能单位换算、概括、纠错或真正遗漏；不能以字符串未命中判漏
nodes/r_5b1357a9c6/cards/t_0e763d/notes_new_analogies.md,25,## 比利时、皮埃蒙特整合时间,188|189,- Grab pp158–159意大利王国峰值人口6.7m，pp188–189伊利里亚1.5m；模型只取其量级，并注明方案边界需P2/D1/D2替换，不能重复計旧法国并合人口。,仅候选：可能单位换算、概括、纠错或真正遗漏；不能以字符串未命中判漏
nodes/r_5b1357a9c6/cards/t_0e763d/notes_oman1810_fiscal.md,8,## O10 — 两个日期不能再混,13661|16415,- 总表包括Bayonne及附近在途（总13661），未起行葡萄牙后卫（16415），部分军团也含正在路上补员。不能直接把总表扣两项后就声称精确境内人数；作者境内小计比简单扣除更有范围信息。,仅候选：可能单位换算、概括、纠错或真正遗漏；不能以字符串未命中判漏
nodes/r_5b1357a9c6/cards/t_0e763d/notes_oman1810_fiscal.md,17,## M25 — 费用系数已由原书正文核读,31964|428571|44286|490|534286|566250|5714,- 采用本卡S2需求540k，700fr/人年代理下300m可养法国在册428571；+200k盟军×.85=534286，中心任务缺5714；S5需求490k仍余44286；lite566250缺31964。不是战争支出突然可严格按人数线性裁剪，应把这些作为联合阈值而非最优解。,仅候选：可能单位换算、概括、纠错或真正遗漏；不能以字符串未命中判漏
nodes/r_5b1357a9c6/cards/t_0e763d/notes_postsubmission_gen2_interface_clarification.md,16,## 1．old→new及消费者,147500|63.75,"|S5成熟中心|63.75万−49万=+147,500→无变动|单点75万在册；年度轨迹趋向74万在册的约13.9万余量另列，未合并|P2、P6、P7、P8、HT|",仅候选：可能单位换算、概括、纠错或真正遗漏；不能以字符串未命中判漏
nodes/r_5b1357a9c6/cards/t_0e763d/notes_postsubmission_gen2_interface_clarification.md,17,## 1．old→new及消费者,122250|28750|302250|3250,"|S6-lite/max/full|+28,750／−122,250／−302,250→全部无变动|旧分区筛查；最终地图以P2重算为准。lite损失3万在册盟军后余3,250亦未变|P2、P6、P7、P8；Q2只借任务量级|",仅候选：可能单位换算、概括、纠错或真正遗漏；不能以字符串未命中判漏
nodes/r_5b1357a9c6/cards/t_0e763d/notes_postsubmission_gen2_interface_clarification.md,18,## 1．old→new及消费者,44286|534286|5714,"|财政300m约束后的S2/S5|300m/700＋20万盟军，经.85得534,286可用；S2−5,714、S5+44,286→无变动|这是HT必须先使用的紧预算基线，不与原+55,000混用|F4、P2、P7、HT|",仅候选：可能单位换算、概括、纠错或真正遗漏；不能以字符串未命中判漏
nodes/r_5b1357a9c6/cards/t_0e763d/notes_postsubmission_gen2_interface_clarification.md,46,### A．仅按来信假设机械代入,23597.608|789565,"若**额外假定**P2旧余额23,597.608已经对新增13.1m每一人计入F2的+.789565‰净红利，且改制后其他军队、任务、收入完全不变，则：",仅候选：可能单位换算、概括、纠错或真正遗漏；不能以字符串未命中判漏
nodes/r_5b1357a9c6/cards/t_0e763d/notes_postsubmission_gen2_interface_clarification.md,48,### A．仅按来信假设机械代入,13100000|23597.608|463419|7184|789565,"`23,597.608 + (13,100,000/1000) × (−.463419−.789565) ≈ 7,184人。`",仅候选：可能单位换算、概括、纠错或真正遗漏；不能以字符串未命中判漏
nodes/r_5b1357a9c6/cards/t_0e763d/notes_postsubmission_gen2_interface_clarification.md,57,### B．实际P2并没有上述旧计入项,23350|23597.608|247.608|571650.000008|595000,"- 法国50万＋自养军20万在册，.85可用为595,000；需求571,650.000008。把所有真正新增省兵项由当前247.608下调至零，则余额为**23,350–23,597.608人**（确定性压力范围，非概率或置信区间）：",仅候选：可能单位换算、概括、纠错或真正遗漏；不能以字符串未命中判漏
nodes/r_5b1357a9c6/cards/t_0e763d/notes_postsubmission_interfaces.md,19,## 230m和350m为什么差120m,230|425,【模型接口】F4无盟约转移中心：750净经常收入−300非军/既有息养−25新增补偿−195海军=230m陆军余量，尚未扣另行储备。F2法国50万在册×700法郎成本代理=350m；相差120m/年。固定350m陆军时，陆海合425m的中心只余75m海军；要海军170–220m，需额外经常收入或可靠净转移95–145m，或等额减支。不是历史财政赤字观测。高收入另有盟约的300+195闭合案属于另一组输入，不能用来抹掉本组120m缺口。,仅候选：可能单位换算、概括、纠错或真正遗漏；不能以字符串未命中判漏
nodes/r_5b1357a9c6/cards/t_0e763d/notes_postsubmission_interfaces.md,25,## 外籍三口径,104000|105000|111000|1915000|389000|69000|9825,- Houdaille印p49（本地 `downloads/pages/b4cf5e9825fc.md` L534–549本次重核）：为累计服役数、按1804前并合地区来源校正，111000莱茵、105000弗拉芒、69000瓦隆、104000意大利=389000；与1915000名1815疆界法国人合计后，还须扣An XII以前服役。不能把389000添入任一某日战区兵额，也不是1812非法籍军总数。,仅候选：可能单位换算、概括、纠错或真正遗漏；不能以字符串未命中判漏
nodes/r_5b1357a9c6/cards/t_0e763d/notes_postsubmission_interfaces.md,41,## PIG98：迟到来源，已读范围与暂不并表理由,40.1|57.8,【跨卡实质审计】已核F5定稿§4 E1/E2：E1用>20万门槛，结论先行用>30万，均附12–18月崩溃，口径未统一；E2把8–10万×6–7年约55–65万法籍，与该行55–70万总额含15–25万外籍也不一致。F2不采用该直接乘数。取s=.9、μ=.025的固定役期6–7年模型，8–10万年征约维持40.1–57.8万法国在册；本卡财政后的40–45万若按常退役1/6近似需年征约8.52–9.58万。几项军额包络可相容，但不能说社会层面已排除所有流量瓶颈。,仅候选：可能单位换算、概括、纠错或真正遗漏；不能以字符串未命中判漏
nodes/r_5b1357a9c6/cards/t_0e763d/notes_round2_sources.md,23,## Q2：已读主报告§0–5（至第155行）,56.71|691813,"- 新线索：Grab2013 p.118转Leggiere2007 p.69，1813-10-09一轮127,433、12月底到营72,265（56.71%）。将定点核对其保存正文；即便成立也只进分批锚点，不填全国年度实到。",仅候选：可能单位换算、概括、纠错或真正遗漏；不能以字符串未命中判漏
nodes/r_5b1357a9c6/cards/t_0e763d/notes_round2_sources.md,36,## P2：初读阶段仅协调台账线索（后文已完成定点核读）,39.5|40.5|56.676,P2已将F2初筛升级为按地区、盟军退出、法国支付边界及海军让步的联合账。其有限核心39.5–40.5m与乙联合乐观56.676m是不同条件地图，不得硬接F2 lite数。若读稿成立，F2保留早版压力测试并明确下游最终地图以P2为准；D2外圈6–10万不能整笔再叠到已含相关地区的F2需求。当前尚未据台账新增实证数。,仅候选：可能单位换算、概括、纠错或真正遗漏；不能以字符串未命中判漏
nodes/r_5b1357a9c6/cards/t_0e763d/notes_round2_sources.md,57,## 直接复核：Multhauf1971保存正文行78–117,417936000|8170000,"- 原句：“During the year following December 4, 1793, 6,000 private and communal saltpeter works had produced 8,170,000 kgm”。下一段：“The 6,000 works mentioned were shops for the leaching of naturally-saltpeterish earths ... turned over to the government for purification.” 前者并非全部纯化硝石、不应直接与成品火药吨数作等量账。",仅候选：可能单位换算、概括、纠错或真正遗漏；不能以字符串未命中判漏
nodes/r_5b1357a9c6/cards/t_0e763d/notes_round2_sources.md,70,## 二轮复算决定,463419|678622|789565,四生成器已执行，新增分期6行、分批1行、役期口径桥5行、粮秣范围桥2行；validator以几何级数闭式独立检查队列和两个净额，11段已保存引文作字面检查。全国年度实到仍空，1813只加partial_levy字段。固定总五年含训练、其余F2输入不变时，净额由+.789565‰变为−.463419‰，指定征额门槛2.262072‰或可靠比例门槛.678622。该变化修正的是条件净供兵推演，不是历史征兵人数。正文最终地图路由更新为P2的已分区联合账。,仅候选：可能单位换算、概括、纠错或真正遗漏；不能以字符串未命中判漏
nodes/r_5b1357a9c6/cards/t_0e763d/notes_round2_sources.md,72,## 二轮复算决定,23350|56.676|571650|595000,终审防误读：只读P2脚本1–128行和两行P2_joint_optimistic.csv，未执行他卡代码。mature_present本来就是总五年含一年训练的四队列，保留原自养军时同时取消同地区新增征兵；乙案基础(500000+200000)×.85=595000，需求571650，即取消全部新增省兵仍余23350。故本轮制度桥不能按56.676m全人口再扣一次净兵差。本卡完整旧→新和此下界保存在F2_round2_changes.md；只声明本卡目录文件，完成后不再改写已声明文件。,仅候选：可能单位换算、概括、纠错或真正遗漏；不能以字符串未命中判漏
nodes/r_5b1357a9c6/cards/t_0fed70/B6_british_overseas_empire 2.md,34,# ② 法律、司法与行政渗透,08242|243,【锚点】荷英接续统治借用旧有法律类别，界定谁是“本地人”、谁是“外来人”、谁可持有土地。康提1817抵抗中，这些类别被用于排除王位声索者；它们不是中立人口描述。锡兰1840土地条例要求当地人按严格条件证明权利，否则大片所谓未耕土地可列王室地。1833奴隶制废除法则把六岁以上被奴役者转为学徒，原占有者保留劳动服务权，并配置专任治安法官处理双方关系。[S08，242–243；S17，“Collusion…”及土地条例段；S15，I–VI、XVII–XIX],仅候选：可能单位换算、概括、纠错或真正遗漏；不能以字符串未命中判漏
nodes/r_5b1357a9c6/cards/t_0fed70/B6_british_overseas_empire 2.md,54,# ④ 经济、资源与运输,09418|426|750000|900001846,"【锚点】Drescher的反证不是“殖民奴隶制无矛盾”，而是1807前并非整个制度已经衰败：旧岛与特立尼达、圭亚那等新地不同，后者有扩展土地和生产的空间；他甚至判断1805—1813西印度市场比许多外部市场稳定。加拿大木材出口由1802—1805平均约9,000 loads，至1807约27,000、1809约90,000，1846约750,000；这是贸易量，不是皇家船厂适用木材。澳洲1813出现第一批商业羊毛船货；ABS回溯1848新南威尔士（含今维多利亚、昆士兰）输英羊毛5,657吨。这是局部目的地口径，不是全澳出口总量。[S09，418–426；S12a“Commerce de mâts”；S10a；S24]",仅候选：可能单位换算、概括、纠错或真正遗漏；不能以字符串未命中判漏
nodes/r_5b1357a9c6/cards/t_0fed70/B6_british_overseas_empire 2.md,70,# ⑤ 撷取和动员：上限由替补、回款、地方服从共同决定,14817|818,"【锚点】Buckley从官方往来中估算1795—1808政府为西印度团购买约13,400名被奴役者，花约£925,000；这不含其他奴隶军工劳力，亦不是13,400人在某年同时在役。1807禁贸易后，1808命令仍可将适役获救非洲人交给陆海军。1848演说列海外非印度军队约42,000人，不含炮兵工兵；这是和平后不同构成的参照，不是1803可抽调数量。[S05；S14，817–818]",仅候选：可能单位换算、概括、纠错或真正遗漏；不能以字符串未命中判漏
nodes/r_5b1357a9c6/cards/t_0fed70/B6_british_overseas_empire 2.md,90,# ⑦ 社会结构、阶层与土地,14820|828,【机制】英法对抗的收益并不平均：船东、保护关税受益者、包税者和殖民军供应商，可能因帝国转向获利；英国消费者、被强迫劳动者和边疆原住民承担不同成本。扩大英国制造品销量，甚至可能是英国纳税人供养殖民驻军的结果，而非新出现的自主购买力。[S14，820、828],仅候选：可能单位换算、概括、纠错或真正遗漏；不能以字符串未命中判漏
nodes/r_5b1357a9c6/cards/t_0fed70/B6_british_overseas_empire 2.md,92,# ⑦ 社会结构、阶层与土地,14863|869,【推演，中】S2/S5最可能强化“英国本土自由贸易要求—殖民种植园保护要求—定居者自治要求”的冲突。英国白人议会自治不自动释放黑人劳动多数，军事王室有时反能限制白人少数立法；但这种保护又与维持强制劳动和帝国控制并存。法国以反英口号援助地方反抗，若同时保留自己殖民地的强制劳动，可信度和支持范围便受限制；反抗者仍可能机会性利用其武器而不接受法国统治。[S14，863–869；S08；推演],仅候选：可能单位换算、概括、纠错或真正遗漏；不能以字符串未命中判漏
nodes/r_5b1357a9c6/cards/t_0fed70/B6_british_overseas_empire 2.md,128,# ⑫ 交流、移民、商人网络与情报,01243|08239|14833,【锚点】荷兰殖民家族可在英国占领后迁往爪哇，跨帝国官员和商人仍交换知识；Wilson记1814归还爪哇后英商并未随主权自动消失。地中海小岛曾作监听/走私节点；法国压制殖民品销售时，伦敦仓库积货与信用链断裂相连。1848议会材料亦指出大量英国移民前往美国而非本国殖民地。[S08，239、244；S07；S01，243；S14，833],仅候选：可能单位换算、概括、纠错或真正遗漏；不能以字符串未命中判漏
nodes/r_5b1357a9c6/cards/t_0fed70/B6_british_overseas_empire.md,34,# ② 法律、司法与行政渗透,08242|243,【锚点】荷英接续统治借用旧有法律类别，界定谁是“本地人”、谁是“外来人”、谁可持有土地。康提1817抵抗中，这些类别被用于排除王位声索者；它们不是中立人口描述。锡兰1840土地条例要求当地人按严格条件证明权利，否则大片所谓未耕土地可列王室地。1833奴隶制废除法则把六岁以上被奴役者转为学徒，原占有者保留劳动服务权，并配置专任治安法官处理双方关系。[S08，242–243；S17，“Collusion…”及土地条例段；S15，I–VI、XVII–XIX],仅候选：可能单位换算、概括、纠错或真正遗漏；不能以字符串未命中判漏
nodes/r_5b1357a9c6/cards/t_0fed70/B6_british_overseas_empire.md,54,# ④ 经济、资源与运输,09418|426|750000|900001846,"【锚点】Drescher的反证不是“殖民奴隶制无矛盾”，而是1807前并非整个制度已经衰败：旧岛与特立尼达、圭亚那等新地不同，后者有扩展土地和生产的空间；他甚至判断1805—1813西印度市场比许多外部市场稳定。加拿大木材出口由1802—1805平均约9,000 loads，至1807约27,000、1809约90,000，1846约750,000；这是贸易量，不是皇家船厂适用木材。澳洲1813出现第一批商业羊毛船货；ABS回溯1848新南威尔士（含今维多利亚、昆士兰）输英羊毛5,657吨。这是局部目的地口径，不是全澳出口总量。[S09，418–426；S12a“Commerce de mâts”；S10a；S24]",仅候选：可能单位换算、概括、纠错或真正遗漏；不能以字符串未命中判漏
nodes/r_5b1357a9c6/cards/t_0fed70/B6_british_overseas_empire.md,70,# ⑤ 撷取和动员：上限由替补、回款、地方服从共同决定,14817|818,"【锚点】Buckley从官方往来中估算1795—1808政府为西印度团购买约13,400名被奴役者，花约£925,000；这不含其他奴隶军工劳力，亦不是13,400人在某年同时在役。1807禁贸易后，1808命令仍可将适役获救非洲人交给陆海军。1848演说列海外非印度军队约42,000人，不含炮兵工兵；这是和平后不同构成的参照，不是1803可抽调数量。[S05；S14，817–818]",仅候选：可能单位换算、概括、纠错或真正遗漏；不能以字符串未命中判漏
nodes/r_5b1357a9c6/cards/t_0fed70/B6_british_overseas_empire.md,90,# ⑦ 社会结构、阶层与土地,14820|828,【机制】英法对抗的收益并不平均：船东、保护关税受益者、包税者和殖民军供应商，可能因帝国转向获利；英国消费者、被强迫劳动者和边疆原住民承担不同成本。扩大英国制造品销量，甚至可能是英国纳税人供养殖民驻军的结果，而非新出现的自主购买力。[S14，820、828],仅候选：可能单位换算、概括、纠错或真正遗漏；不能以字符串未命中判漏
nodes/r_5b1357a9c6/cards/t_0fed70/B6_british_overseas_empire.md,92,# ⑦ 社会结构、阶层与土地,14863|869,【推演，中】S2/S5最可能强化“英国本土自由贸易要求—殖民种植园保护要求—定居者自治要求”的冲突。英国白人议会自治不自动释放黑人劳动多数，军事王室有时反能限制白人少数立法；但这种保护又与维持强制劳动和帝国控制并存。法国以反英口号援助地方反抗，若同时保留自己殖民地的强制劳动，可信度和支持范围便受限制；反抗者仍可能机会性利用其武器而不接受法国统治。[S14，863–869；S08；推演],仅候选：可能单位换算、概括、纠错或真正遗漏；不能以字符串未命中判漏
nodes/r_5b1357a9c6/cards/t_0fed70/B6_british_overseas_empire.md,128,# ⑫ 交流、移民、商人网络与情报,01243|08239|14833,【锚点】荷兰殖民家族可在英国占领后迁往爪哇，跨帝国官员和商人仍交换知识；Wilson记1814条约议定归还、1816荷兰政府接收爪哇后，英商并未随主权自动消失。地中海小岛曾作监听/走私节点；法国压制殖民品销售时，伦敦仓库积货与信用链断裂相连。1848议会材料亦指出大量英国移民前往美国而非本国殖民地。[S08，239、244；S07；S01，243；S14，833],仅候选：可能单位换算、概括、纠错或真正遗漏；不能以字符串未命中判漏
nodes/r_5b1357a9c6/cards/t_0fed70/B6_british_overseas_empire.md,256,## B. 海外替代检验：被观察推翻的是哪一层命题？,102.5|572.6|94.7,"设α是其余美洲**新增**出口中归正式英国殖民地的假定比例；在各子项新增都非负的限制下，α∈[0,1]，可分给正式帝国的增量为αΔA。1808若覆盖北欧损失须α≥5.41/5.71＝**94.7%**；若含西葡须α≥**102.5%**；1811对北欧须α≥**572.6%**。这只是辨别所需份额的透明敏感性，**不是正式殖民地实测增长的上下界**：若组内某些外国市场负增长而殖民地增长更大，α可以超过1，固定份额解释就失效。亦未包括锡兰等被亚洲组混合的殖民地贡献。[S01；`trade_sensitivity.csv`]",仅候选：可能单位换算、概括、纠错或真正遗漏；不能以字符串未命中判漏
nodes/r_5b1357a9c6/cards/t_0fed70/notes_addenda.md,7,## S14 Molesworth＋政府答辩1848,831|835,- c831“England…has paid tribute to her colonies”是论战，不直接采作净福利结论。c835带种族主义、将海地化当危险，需批判其white settler自决不包括黑人多数的潜在矛盾。,仅候选：可能单位换算、概括、纠错或真正遗漏；不能以字符串未命中判漏
nodes/r_5b1357a9c6/cards/t_0fed70/notes_addenda.md,9,## S14 Molesworth＋政府答辩1848,869|871,- **反证cc869–871**西印度统计不全；Guiana移工支出不能当纯官僚成本；无殖民地也需舰队/邮船，故£4m不是全部可避免增量费用。政府称1845exports£15.1m、imports£13.4m以反驳9s/£：不同年/未复原地理口径，不拼接成1844→45增长68%。政府发言者抽取丢姓名，标“政府答辩者”不擅定Hawes。,仅候选：可能单位换算、概括、纠错或真正遗漏；不能以字符串未命中判漏
nodes/r_5b1357a9c6/cards/t_0fed70/notes_addenda.md,41,## 数据复算后的修正,16292981|16322980|299919,"1820军需官表原公布合计£1,629,298 1s6d；逐项实加£1,632,298 0s11d，相差£2,999 19s5d（约0.18%）。网页原表即如此，保留双数并只用约£1.63m，不擅改某殖地£3000。此前回报原合计有效，但不是已平账的账册。",仅候选：可能单位换算、概括、纠错或真正遗漏；不能以字符串未命中判漏
nodes/r_5b1357a9c6/cards/t_0fed70/notes_addenda.md,47,## S21–S24地图边界增补,1476|22464|256|470025,"- S24 ABS2003“The wool industry—looking back and forward”,来源页 https://www.abs.gov.au/Ausstats/abs@.nsf/46d1bc47ac9d0c7bca256c470025ff87/1476d522ebe22464ca256cae0015bad4!OpenDocument ; downloads/pages/32a25c5f3dca.md历史概览已读。其1848数5657吨/£683623限定NSW(含今Queensland/Victoria)对英国，并非全澳洲所有目的地；NMA教学摘要过简。因此本卡撤全澳出口总量口径，只用保守来源数作为局部供给尺度。原殖民表另对照中。",仅候选：可能单位换算、概括、纠错或真正遗漏；不能以字符串未命中判漏
nodes/r_5b1357a9c6/cards/t_0fed70/notes_empire.md,6,## S05 Buckley 1981，已读全文正文（网页OCR）,207708|2792,"- 页8：1805+1806购入2,792人、£207,708。军费与废奴冲突真实；作者的秘密内阁共识属解释（用了probably/inconceivable）不是找到会议记录。",仅候选：可能单位换算、概括、纠错或真正遗漏；不能以字符串未命中判漏
nodes/r_5b1357a9c6/cards/t_0fed70/notes_empire.md,12,## S06 West India Committee “Diseases and Medicine”,7838|9756,捕获 downloads/pages/7838a9756a45.md；已读首尾，未读中段，采用首段明确内容：1799-12至1803-01疾病死亡+病退速度要求向风背风群岛驻军每六年更换等规模；不是每六年人人死亡。30年代Marshall/Tulloch二十余年资料显示黑人士兵总体病亡低，但呼吸系统疾病更高，不能写生物种族免疫。高地基地超过2000–2500英尺较有益是后期调查，不倒填1803万能医学。,仅候选：可能单位换算、概括、纠错或真正遗漏；不能以字符串未命中判漏
nodes/r_5b1357a9c6/cards/t_1f7db4/Q2_integration_panel.md,56,## 2　有力的同源对照：莱茵并非沿一条直线“变成法国”,1203|2763|30.43,"|莱茵四省|1800/1–1804/5|9,081|2,763／30.43%|1,203／13.25%|",仅候选：可能单位换算、概括、纠错或真正遗漏；不能以字符串未命中判漏
nodes/r_5b1357a9c6/cards/t_1f7db4/Q2_integration_panel.md,60,## 2　有力的同源对照：莱茵并非沿一条直线“变成法国”,65220|87288,"|帝国合计*|1800/1–1804/5|313,616|65,220／20.80%|87,288／27.83%|",仅候选：可能单位换算、概括、纠错或真正遗漏；不能以字符串未命中判漏
nodes/r_5b1357a9c6/cards/t_1f7db4/Q2_integration_panel.md,61,## 2　有力的同源对照：莱茵并非沿一条直线“变成法国”,162831|30.71|64100,"|帝国合计*|1806–10|530,219|162,831／30.71%|64,100／12.09%|",仅候选：可能单位换算、概括、纠错或真正遗漏；不能以字符串未命中判漏
nodes/r_5b1357a9c6/cards/t_1f7db4/Q2_integration_panel.md,79,### 3.1　皮埃蒙特的实际速度与身体上限,214|219,"【锚点】Francesco Frasca法文研究（1990，pp.213–219）列出：11年级登记166,556人，征兵编入35,281人；加志愿者2,682与vélites280，组件和为38,243。原文p.214写38,242，p.219写38,243，差一人保留。",仅候选：可能单位换算、概括、纠错或真正遗漏；不能以字符串未命中判漏
nodes/r_5b1357a9c6/cards/t_1f7db4/Q2_integration_panel.md,81,### 3.1　皮埃蒙特的实际速度与身体上限,16007|37733|42.76|69319|88242,"征兵编入／登记为**21.18%**，不是配额仅完成21.18%。两期体格豁免／登记分别为16,007/69,319＝**23.09%**，37,733/88,242＝**42.76%**。体格淘汰上升可以来自健康、登记或标准变化，不能自动编码为政治抵抗。Frasca明确讨论童工、过早劳动、Sesia疟疾与糙皮病。",仅候选：可能单位换算、概括、纠错或真正遗漏；不能以字符串未命中判漏
nodes/r_5b1357a9c6/cards/t_1f7db4/Q2_integration_panel.md,91,### 3.2　为什么内圈仍不能当统一训练集,24560|42.4|49.3|95.99,"【锚点】比利时在Woolf的两期表中，réfractaires从10.7%到42.4%，deserters从49.3%到14.8%（p.160）；分母衔接不充分，不相加。Frasca转Darquenne经Stevens给出的长时期叫征225,147、编入216,111、重新编入24,560，也不能据216,111/225,147就宣称95.99%的独立个体完成率。",仅候选：可能单位换算、概括、纠错或真正遗漏；不能以字符串未命中判漏
nodes/r_5b1357a9c6/cards/t_1f7db4/Q2_integration_panel.md,123,### 4.2　发表材料也要审计,10499|1092|2812|31.01|3256,"正文p.1092称无改革多3,256名逃役者，总数10,499会高27%；附录p.61公式实际汇总**2,812名额外逃役者、3,256名额外送军者**。2,812/10,499＝26.78%，3,256/10,499＝31.01%。前者与正文27%、第4/5类49%的表述更相符。",仅候选：可能单位换算、概括、纠错或真正遗漏；不能以字符串未命中判漏
nodes/r_5b1357a9c6/cards/t_1f7db4/Q2_integration_panel.md,125,### 4.2　发表材料也要审计,2812|3256|444,"这是已页图核对的内部出入，不代表本卡已查清作者代码。附录又把S定义为真正到营者，却用人口征集份额系数构造ΔS，尚需核查变量实现。因此既不冻结“精确净增兵为零”，也不把3,256−2,812＝444冒充已识别的净增兵。**降负担可以有效降逃役的方向仍有发表证据；精确人数留作待复核项。**",仅候选：可能单位换算、概括、纠错或真正遗漏；不能以字符串未命中判漏
nodes/r_5b1357a9c6/cards/t_1f7db4/Q2_integration_panel.md,129,## 5　财政：会收税不等于可以为法国的下一场战争付账,11138406|201|202|6250000|78.21,"【锚点】Rowe（2003，pp.201–202）转一份1803法国备忘录：Roer当年paid税额11,138,406法郎，旧制估6,250,000。可算名义增加**78.21%**，但旧制税目、边界、物价与制度不同，且没有同年应征额，不能算收缴完成率或兼并净效应。",仅候选：可能单位换算、概括、纠错或真正遗漏；不能以字符串未命中判漏
nodes/r_5b1357a9c6/cards/t_1f7db4/Q2_integration_panel.md,133,## 5　财政：会收税不等于可以为法国的下一场战争付账,226.389345|342.260044|66.5,【锚点】Marion《法国财政史》卷IV（1925，p.321）列1812并合地区**预期**毛收入342.260044百万、净收入226.389345百万法郎。地区列数：比利时83、荷兰66.5、汉萨38.791、莱茵37.5、皮埃蒙特33、托斯卡纳22.5、利古里亚16、罗马16.5百万，合计313.791；原文有etc.，不替其补造剩余28.469044百万的地区归属。区域分项未逐项重申毛净，量级更近毛额，不能当统一实收表。,仅候选：可能单位换算、概括、纠错或真正遗漏；不能以字符串未命中判漏
nodes/r_5b1357a9c6/cards/t_1f7db4/Q2_integration_panel.md,251,### 1803–1848执行时间表：检查点而非必然历史,1088|1092,|1808–10|采用已出现的差异征额办法，以总到营而非低逃役率单独考核|强迫各省一样征额，会牺牲高成本地区的边际效果|RP23 pp.1088–1092；中|,仅候选：可能单位换算、概括、纠错或真正遗漏；不能以字符串未命中判漏
nodes/r_5b1357a9c6/cards/t_1f7db4/notes_final_validation.md,7,## 已核当前文件,2190.2|26729.0|38.3|5318.2|6034.0|7101.6,"模型总役期五年含一年训练，只形成四批受训兵；u一次性含训练/适任/部署折减，受训后留存0.90逐年作用。没有给新省虚构既有军队。第10年净可用兵（人/百万人口）：L −38.3至5,318.2；M −7,101.6至2,190.2；H −26,729.0至−6,034.0。它们是条件参数包络，不是预测置信区间。L有端点20年仍略负，不能继续使用修正前“所有低摩擦组合都转正”。",仅候选：可能单位换算、概括、纠错或真正遗漏；不能以字符串未命中判漏
nodes/r_5b1357a9c6/cards/t_1f7db4/notes_frasca.md,4,# Frasca1990法文原文（提取文本亲读）,15354|16007|1813473|1861852|204445|214|219|224127|2929|310459|332554|37733|395074|395193|6272|69319|71|88242|9201|9272,pp213–214数据：皮埃蒙特人口正文1813473、分六省224127+332554+395193+204445+395074+310459，和1861852；原文不闭合。11个年级登记166556；AnIX–XIII登记69319/豁免16007；1806–10登记88242/豁免37733；全期豁免53740；征兵编入35281，志愿2682，vélites280；总38242(p214)/38243(p219)。合计人数35281+2682+280=38243，与p219一致但p214差1。混合逃役/逃兵全期9272、两期6272和2929，其和9201差71；不能默改。另166556/11不等15354原文均值，亦保留。,仅候选：可能单位换算、概括、纠错或真正遗漏；不能以字符串未命中判漏
nodes/r_5b1357a9c6/cards/t_1f7db4/notes_frasca.md,10,# Frasca1990法文原文（提取文本亲读）,406|668|6938|942,- 宪兵不足长期存在；AnXI步406、骑262（总668）。被判réfractaires6938，自回211、捕942；非编入比例不相加当总完成率。,仅候选：可能单位换算、概括、纠错或真正遗漏；不能以字符串未命中判漏
nodes/r_5b1357a9c6/cards/t_1f7db4/notes_frasca.md,13,# Frasca1990法文原文（提取文本亲读）,24560|89267,p221比利时：AnVII–1813-11-15叫征225147、编入216111、逃役+逃兵89267、重新编入24560；人口3028705。编入累计可含再入伍，不知总人数去重，不直接216111/225147视全期成功率；亦不以216111/人口称6.12%。AnIX–1810豁免17.9%。脚注转Darquenne经Stevens，未亲读Darquenne。与Woolf/Rowe/RP23不少数字最终同属Hargenvilliers/Lacuée资料，不算四份独立原始样本。,仅候选：可能单位换算、概括、纠错或真正遗漏；不能以字符串未命中判漏
nodes/r_5b1357a9c6/cards/t_1f7db4/notes_rowe_grab.md,7,## Rowe 2003（doc efa2c87c4afb，PDF页=印页+14）,1203|2763,- 莱茵四省（Roer/Mont-Tonnerre/Rhin-et-Moselle/Sarre）：mobilised 9081/24186；draft dodgers2763/8138；其中被捕6%/8%；deserters1203/725。,仅候选：可能单位换算、概括、纠错或真正遗漏；不能以字符串未命中判漏
nodes/r_5b1357a9c6/cards/t_1f7db4/notes_rowe_grab.md,9,## Rowe 2003（doc efa2c87c4afb，PDF页=印页+14）,162831|64100|65220|87288,- 帝国（排Arno/Méditerranée/Ombrone/Vicariats de Pontrenoli）：mobilised313616/530219；draft dodgers65220/162831；被捕11%/20%；deserters87288/64100。,仅候选：可能单位换算、概括、纠错或真正遗漏；不能以字符串未命中判漏
nodes/r_5b1357a9c6/cards/t_1f7db4/notes_rowe_grab.md,14,## Rowe 2003（doc efa2c87c4afb，PDF页=印页+14）,11138406|201|202|6250000|78.21,印201–202财政：1803法国memoir称Roer当年paid 11138406 fr，旧制估6250000；原文是作者转录备忘录，不是本卡亲阅实收账或证明统一边界/税目。两数之比可以计算名义增加78.21%，但无应征额，不能算征收完成率；跨制度税目变化及改革/战争/物价混杂。,仅候选：可能单位换算、概括、纠错或真正遗漏；不能以字符串未命中判漏
nodes/r_5b1357a9c6/cards/t_1f7db4/notes_rowe_grab.md,20,## Grab 2013（英文章，提取文本亲读）,17750|22227,- p108–109：意大利王国1807–10逃征22227；欧仁1810-10-20估1806–10逃兵17750。期间和类别不相同且无分母，不相加/平均后造年度失败率。,仅候选：可能单位换算、概括、纠错或真正遗漏；不能以字符串未命中判漏
nodes/r_5b1357a9c6/cards/t_1f7db4/notes_rowe_grab.md,21,## Grab 2013（英文章，提取文本亲读）,625|70000,- p116–117：常规征兵确有渐进成功；意军1812约70000；荷兰反征兵骚乱未最终阻止新兵出发（转Schama p625）。这反对“外圈从不能征到人”，却不证低成本财政/政治整合。,仅候选：可能单位换算、概括、纠错或真正遗漏；不能以字符串未命中判漏
nodes/r_5b1357a9c6/cards/t_1f7db4/notes_rp23.md,25,## 附录与发表结果新增核读,554|555|66.24,- 附录p4：征集率N555、均29.59%；逃役N554、均14.95%、p25=3.556/p50=10.92/p75=21.69/max66.24%。此为省—年未说明人口加权的分布；不是全国加权率。,仅候选：可能单位换算、概括、纠错或真正遗漏；不能以字符串未命中判漏
nodes/r_5b1357a9c6/cards/t_1f7db4/notes_rp23.md,26,## 附录与发表结果新增核读,1074|32.66730|53.05406|54.66339|554,- 正文Table1印1074–75：N由554→534→365→292，强控制非完整新省样本。巴黎距离单位100公里（附录p7）；Table1 col3系数3.31115、ConleySE1.43014，col5 3.05406、ConleySE1.90045。边界col3 2.66730、ConleySE1.74814，col5 4.66339、SE3.63635。不可推出500/1000公里硬阈值。,仅候选：可能单位换算、概括、纠错或真正遗漏；不能以字符串未命中判漏
nodes/r_5b1357a9c6/cards/t_1f7db4/notes_rp23.md,28,## 附录与发表结果新增核读,1088|1089|554|555,- 正文Table4印1089：G4/5×1810逃役−4.99631pp，SE1.73068，N554；人口征兵份额−0.00024，SE0.00006，N555。基准1809；征兵份额1806–08已有差别，正文p1088承认1809可能开始差异征集。不能称全面随机政策试验。,仅候选：可能单位换算、概括、纠错或真正遗漏；不能以字符串未命中判漏
nodes/r_5b1357a9c6/cards/t_1f7db4/notes_rp23.md,29,## 附录与发表结果新增核读,10499|1092|2812|3256|444|5733,- 正文p1092与附录p61冲突：正文逃役增量3256、总10499、称高27%；附录逃役增量2812、送军增量3256；2812/10499才约27%，2812/5733约49%，吻合正文百分比。保留两版，不默默改正；附录将S定义到营者但用人口征集份额系数当ΔS，也需作者数据/代码澄清，不能用3256−2812硬称净扩军444已证。,仅候选：可能单位换算、概括、纠错或真正遗漏；不能以字符串未命中判漏
nodes/r_5b1357a9c6/cards/t_1f7db4/notes_sources_initial.md,7,## RP23（已刊数据首要目标）,0022050723000360|175583|20231057|366|71889,"Louis Rouanet & Ennio E. Piano, “Drafting the Great Army: The Political Economy of Conscription in Napoleonic France”, JEH83(4),2023,1057–1100, DOI10.1017/S0022050723000360。实读本地 `downloads/pages/ee71889de366.md` 第156–216行，版本为刊本HTML抽取。作者数据110省+Elba、1806–10，含比利时/莱茵/瑞士/意大利并合省；核心原件AN AF/IV/1124 n.1,n.9，本卡未阅档案。定义：draft dodging=被征后未按期到营，不含到营后的逃兵；conscription rate=被征/合格年级人口；replacement rate仅1806–09。税收人均取Peuchet1805书的1802/03截面，非年度税收面板。识字1816–20、农职/身高1820是后测量，不能不加区别当1803先定条件。年设省与年并合未必同一事件。复制库 DOI10.3886/E175583V1 (ICPSR175583)，2025迁移为V1.1，尚在获取文件。不可把网页声称110省转成已下载数据。",仅候选：可能单位换算、概括、纠错或真正遗漏；不能以字符串未命中判漏
nodes/r_5b1357a9c6/cards/t_1f7db4/notes_sources_initial.md,11,## W91（Woolf，亲读）,171|42.4|49.3,- 印160/PDF171：Hargenvilliers表区分called up/despatched/actually enrolled，不可混用。比利时九省至1804–05 réfractaires10.7%、deserters49.3%；1805–09前者42.4%、后者14.8%。两阶段比例的分母关系未由此页明确，不相加当唯一失败率。,仅候选：可能单位换算、概括、纠错或真正遗漏；不能以字符串未命中判漏
nodes/r_5b1357a9c6/cards/t_1f7db4/report_part1.md,56,## 2　有力的同源对照：莱茵并非沿一条直线“变成法国”,1203|2763|30.43,"|莱茵四省|1800/1–1804/5|9,081|2,763／30.43%|1,203／13.25%|",仅候选：可能单位换算、概括、纠错或真正遗漏；不能以字符串未命中判漏
nodes/r_5b1357a9c6/cards/t_1f7db4/report_part1.md,60,## 2　有力的同源对照：莱茵并非沿一条直线“变成法国”,65220|87288,"|帝国合计*|1800/1–1804/5|313,616|65,220／20.80%|87,288／27.83%|",仅候选：可能单位换算、概括、纠错或真正遗漏；不能以字符串未命中判漏
nodes/r_5b1357a9c6/cards/t_1f7db4/report_part1.md,61,## 2　有力的同源对照：莱茵并非沿一条直线“变成法国”,162831|30.71|64100,"|帝国合计*|1806–10|530,219|162,831／30.71%|64,100／12.09%|",仅候选：可能单位换算、概括、纠错或真正遗漏；不能以字符串未命中判漏
nodes/r_5b1357a9c6/cards/t_1f7db4/report_part1.md,79,### 3.1　皮埃蒙特的实际速度与身体上限,214|219,"【锚点】Francesco Frasca法文研究（1990，pp.213–219）列出：11年级登记166,556人，征兵编入35,281人；加志愿者2,682与vélites280，组件和为38,243。原文p.214写38,242，p.219写38,243，差一人保留。",仅候选：可能单位换算、概括、纠错或真正遗漏；不能以字符串未命中判漏
nodes/r_5b1357a9c6/cards/t_1f7db4/report_part1.md,81,### 3.1　皮埃蒙特的实际速度与身体上限,16007|37733|42.76|69319|88242,"征兵编入／登记为**21.18%**，不是配额仅完成21.18%。两期体格豁免／登记分别为16,007/69,319＝**23.09%**，37,733/88,242＝**42.76%**。体格淘汰上升可以来自健康、登记或标准变化，不能自动编码为政治抵抗。Frasca明确讨论童工、过早劳动、Sesia疟疾与糙皮病。",仅候选：可能单位换算、概括、纠错或真正遗漏；不能以字符串未命中判漏
nodes/r_5b1357a9c6/cards/t_1f7db4/report_part1.md,91,### 3.2　为什么内圈仍不能当统一训练集,24560|42.4|49.3|95.99,"【锚点】比利时在Woolf的两期表中，réfractaires从10.7%到42.4%，deserters从49.3%到14.8%（p.160）；分母衔接不充分，不相加。Frasca转Darquenne经Stevens给出的长时期叫征225,147、编入216,111、重新编入24,560，也不能据216,111/225,147就宣称95.99%的独立个体完成率。",仅候选：可能单位换算、概括、纠错或真正遗漏；不能以字符串未命中判漏
nodes/r_5b1357a9c6/cards/t_1f7db4/report_part1.md,123,### 4.2　发表材料也要审计,10499|1092|2812|31.01|3256,"正文p.1092称无改革多3,256名逃役者，总数10,499会高27%；附录p.61公式实际汇总**2,812名额外逃役者、3,256名额外送军者**。2,812/10,499＝26.78%，3,256/10,499＝31.01%。前者与正文27%、第4/5类49%的表述更相符。",仅候选：可能单位换算、概括、纠错或真正遗漏；不能以字符串未命中判漏
nodes/r_5b1357a9c6/cards/t_1f7db4/report_part1.md,125,### 4.2　发表材料也要审计,2812|3256|444,"这是已页图核对的内部出入，不代表本卡已查清作者代码。附录又把S定义为真正到营者，却用人口征集份额系数构造ΔS，尚需核查变量实现。因此既不冻结“精确净增兵为零”，也不把3,256−2,812＝444冒充已识别的净增兵。**降负担可以有效降逃役的方向仍有发表证据；精确人数留作待复核项。**",仅候选：可能单位换算、概括、纠错或真正遗漏；不能以字符串未命中判漏
nodes/r_5b1357a9c6/cards/t_1f7db4/report_part1.md,129,## 5　财政：会收税不等于可以为法国的下一场战争付账,11138406|201|202|6250000|78.21,"【锚点】Rowe（2003，pp.201–202）转一份1803法国备忘录：Roer当年paid税额11,138,406法郎，旧制估6,250,000。可算名义增加**78.21%**，但旧制税目、边界、物价与制度不同，且没有同年应征额，不能算收缴完成率或兼并净效应。",仅候选：可能单位换算、概括、纠错或真正遗漏；不能以字符串未命中判漏
nodes/r_5b1357a9c6/cards/t_1f7db4/report_part1.md,133,## 5　财政：会收税不等于可以为法国的下一场战争付账,226.389345|342.260044|66.5,【锚点】Marion《法国财政史》卷IV（1925，p.321）列1812并合地区**预期**毛收入342.260044百万、净收入226.389345百万法郎。地区列数：比利时83、荷兰66.5、汉萨38.791、莱茵37.5、皮埃蒙特33、托斯卡纳22.5、利古里亚16、罗马16.5百万，合计313.791；原文有etc.，不替其补造剩余28.469044百万的地区归属。区域分项未逐项重申毛净，量级更近毛额，不能当统一实收表。,仅候选：可能单位换算、概括、纠错或真正遗漏；不能以字符串未命中判漏
nodes/r_5b1357a9c6/cards/t_1f7db4/report_part2.md,106,### 1803–1848执行时间表：检查点而非必然历史,1088|1092,|1808–10|采用已出现的差异征额办法，以总到营而非低逃役率单独考核|强迫各省一样征额，会牺牲高成本地区的边际效果|RP23 pp.1088–1092；中|,仅候选：可能单位换算、概括、纠错或真正遗漏；不能以字符串未命中判漏
nodes/r_5b1357a9c6/cards/t_20658d/critique.md,40,### B. 最强竞争路径缺席：S0→1807 ＋ S2（项目定义的 S2）从未被 P6 计分（kind: scope / logic）,10232|11803|21805,"- 按 P6 自己的计价：该路径的 C 类节点只剩 C3–C10（无 C1 1803 马耳他、无 C2 1805 不进德意志），而 1805–07 的胜利是史实事件，不入奇迹栏；外生事件与路径 B 相同（英签约/俄不战/奥不再入场），且 B1b 的 1811–14 窗口、R1""关税容忍延长半衰期至 8–12 年""、G1""人质领土机制""（所得取自哈布斯堡，见 `t_f55d87` f_a10232ca）在该路径下**直接适用**，而在路径 B 下要么失效（G1：无普雷斯堡则巴伐利亚无取自哈布斯堡的所得）、要么须借用（见 C）。",仅候选：可能单位换算、概括、纠错或真正遗漏；不能以字符串未命中判漏
nodes/r_5b1357a9c6/cards/t_20658d/critique.md,86,"### F. 标题与正文失配：把""逻辑可构造""标题化为""合理现实可行""（kind: concept / bias）",30.15|60.018|70.15|80.0038|80.15,"- §1.1 表控制版：""存在，且不需要任何外生'奇迹'——它需要的是法国自己的一组选择""，置信""中""。同一节点结论 §1.4 给出无条件概率 P6 0.018–0.090、P8 0.0038–0.0727；`P6_choice_nodes.csv` 有三个 ≤0.25 的 C 类节点（C3 0.15–0.25、C7 0.15–0.25、C8 0.15–0.30），恰是 P6 奇迹定义（≤0.25）的阈值——只因它们被归入""选择栏""而不计。",仅候选：可能单位换算、概括、纠错或真正遗漏；不能以字符串未命中判漏
nodes/r_5b1357a9c6/cards/t_20658d/critique.md,99,"### G. 海军""第二未闭合项""部分是误读 P4（kind: fact）",747|876|902|974,"`P4_annual.csv` 1830 行：P/base：`budget_planning_floor=195`、A12＝111、吨比 .902、效能 .876；P/low：165、84、.769/.747；P/high：245、140、1.012/.974。即 **195m 线就是 P4 的 P 中档、就是 .902/.876**；165m（P2 闭合案）的比值 P4 已给（.769/.747）。节点结论 §2.3/§3③ 说"".902/.876 端点只在≥220m 成立""""195m 线比值应低于 P 档中位、本综合无法给出""，与 P4 表不符。P4 L31 的真正保留是：195 是""planning floor""，长期保 132 舰/12.9 万人""更应以 F3 的 220–260m 压力带重核实际人薪、造修""。→ 应改写为""195m 线＝.902/.876（planning floor 口径）；该 floor 能否买到 111 A12 未经造修实费核验""。这缩小了未闭合项，但不消除它。",仅候选：可能单位换算、概括、纠错或真正遗漏；不能以字符串未命中判漏
nodes/r_5b1357a9c6/cards/t_20658d/critique.md,144,## 5. 抽核记录,122250|174.98|18150.378|18480.168|215514|23597.6|28750|302250,"**数字**：F2 S6_max −122,250、S6_full −302,250、S6_lite ＋28,750 ✓；P2 乙 ＋23,597.6/−19.23m、丙 −215,514/＋174.98m ✓；P8 C1815 0.378–7.272%、O1848 0.168–4.443% ✓；P6 耐久/冲动表 ✓；B2 consol 4.40854→4.67417（＋26.6bp）✓；SP1 §18 中点合计 .96 ✓。",仅候选：可能单位换算、概括、纠错或真正遗漏；不能以字符串未命中判漏
nodes/r_5b1357a9c6/cards/t_219822/PT_portugal_brazil.md,22,### ① 决策结构与政治制度,2536|2545,"【锚点】否决点的病理：1805年底卡洛塔·若阿金娜政变阴谋（宣João精神失常、由其摄政）暴露，主谋是王妃本人；João避居Mafra修道院，""每个角落都看到叛逆""，1807全年几乎不见大臣与外交团（Manchester行2536–2545，引Pereira da Silva I,65–68）。夫妻分居、互为政敌，是1807决策瘫痪与1808后里约宫廷内斗的常量。",仅候选：可能单位换算、概括、纠错或真正遗漏；不能以字符串未命中判漏
nodes/r_5b1357a9c6/cards/t_219822/PT_portugal_brazil.md,34,### ③ 财政货币金融,1196|184|2581|7407,"【锚点】战时财政（1809–14）：英国补贴1809-12定为""维持30,000人之费""（Esdaile行2581）；英国直接承饷葡军之半（12线列团+3猎兵营，Oman行7407注184）；即便如此""摄政委员会岁入仅及所需之半""（Esdaile行1196）；本土加征""国防非常捐""（准强制借款）、印花税、王产出售、彩票，债务加深（Grab p.148）。Sherwig总口径：1808–15西葡合计受英援>£1,900万（`degruyter`目录+书评缓存；葡萄牙单列逐年表未亲读，不冻结）。",仅候选：可能单位换算、概括、纠错或真正遗漏；不能以字符串未命中判漏
nodes/r_5b1357a9c6/cards/t_219822/PT_portugal_brazil.md,42,### ④ 经济：产出、贸易结构、资源,842|848,【锚点】帝国贸易：1790s殖民商品占巴西再出口85%（糖、棉为大宗；棉至1800占28%）；1796–1806为黄金期；巴西棉1791–1801占利物浦进口40%（USP博士论文缓存，见SOURCES）；国产制造品占对帝国纺织发货30%（Pedreira pp.842–848）。,仅候选：可能单位换算、概括、纠错或真正遗漏；不能以字符串未命中判漏
nodes/r_5b1357a9c6/cards/t_219822/PT_portugal_brazil.md,48,### ⑤ 撷取与动员上限,1196|56000|70000|7157|7175,"【锚点】兵员峰值（1810–12实测）：正规军编制56,000/实有42,000（1809-09）→Bussaco战役期线团近满编（Oman行7157–7175）；1812初33,000正规军在威灵顿麾下（Esdaile行1196）；民兵48团名义70,000+实测约45,000；ordenança 16–60岁全民（Grab p.149）。合计正规+民兵+ordenança动员≈占总人口4–5%（300万人口给约12–15万武装人员），**前提是英国出军官、军饷之半、全部军械与部分军粮**。",仅候选：可能单位换算、概括、纠错或真正遗漏；不能以字符串未命中判漏
nodes/r_5b1357a9c6/cards/t_219822/PT_portugal_brazil.md,56,### ⑥ 军事,7270|7290|7295,【锚点】1809–14重建：Beresford葡军元帅+Forjaz战争部（Grab p.148）；英籍军官骨架化（葡主官必配英副手、每营2–4英上尉，Oman行7270–7290）；操典全面英化（Dundas 18机动/两列横队/Caçadores来复枪条例，Oman行7290–7295）；托雷斯韦德拉斯线（1万工人一年、三线29英里，Grab p.149）。,仅候选：可能单位换算、概括、纠错或真正遗漏；不能以字符串未命中判漏
nodes/r_5b1357a9c6/cards/t_219822/PT_portugal_brazil.md,63,### ⑦ 社会结构与阶层,311|654,"【锚点】巴西侧：里约城1799年4.5–6万人（白45%/奴35%/自由有色20%）；卡皮塔尼亚20万近半为奴；1790–1808年均近万非洲人入港；宫廷迁来后城市黑人口再增6–8万，Luccock估奴隶人口+200%（Schultz行311、654）。种植园主-商人克里奥尔精英（""1790年代世代""，Coimbra毕业生，Maxwell/e-JPH）。",仅候选：可能单位换算、概括、纠错或真正遗漏；不能以字符串未命中判漏
nodes/r_5b1357a9c6/cards/t_219822/PT_portugal_brazil.md,80,### ⑩ 科技与生产力,610|848,"【锚点】本土：Pombal国营纺织有基础（战前国产制造占对帝国纺织发货30%，Pedreira p.848），但无蒸汽、无焦炭冶铁；里斯本-波尔图造船业可造74炮级战列舰（出走舰队中Príncipe do Brazil 74、Meduza 74等为里斯本船厂产品；1806年下水的Martinho de Freitas 64""最新""——Strangford清单）；巴西：1785年禁工业令1808-04-01撤销（alvará，preo.ube.fr缓存）；1808年设Impressão Régia王家印刷所——**巴西史上第一台合法印刷机**（Schultz行610）；1810s英国机器纺织品经15%税率灌入，本土与巴西工业同被压制（Pedreira p.851）。",仅候选：可能单位换算、概括、纠错或真正遗漏；不能以字符串未命中判漏
nodes/r_5b1357a9c6/cards/t_219822/PT_portugal_brazil.md,86,### ⑪ 生态与人口,311|7171|8547,【锚点】生态约束：本土粮食缺口常态化（1811–15进口，Pedreira）；1810–11 Masséna入侵+焦土政策造成贝拉饥荒，托雷斯韦德拉斯线内难民死亡数万（Esdaile行8547半岛总图景；葡萄牙分区死亡数无冻结数字——缺口）。马匹短缺（Oman行7171）。巴西：无生态约束性瓶颈，奴隶贸易是人口再生产的核心通道（年均近万入里约一港，Schultz行311）。,仅候选：可能单位换算、概括、纠错或真正遗漏；不能以字符串未命中判漏
nodes/r_5b1357a9c6/cards/t_219822/PT_portugal_brazil.md,90,### ⑫ 交流与流动,3240|3248,"【锚点】英国因素的密度：英侨""Factory""（里斯本、波尔图两个特许商站）、1808-06伦敦成立对巴西贸易英商协会（16人含2议员，Manchester行3240）、1810条约设法尔茅斯-里约月班邮船（经马德拉，Art.XIII）；英国资本-情报-航运网覆盖全帝国。移民流：本土→巴西的移民传统（18世纪金矿潮）；1807–21宫廷+追随者约1–1.5万人西渡为史上最大单次精英转移；1808后英商登陆里约（1811年75家英商行，Manchester行3248）。",仅候选：可能单位换算、概括、纠错或真正遗漏；不能以字符串未命中判漏
nodes/r_5b1357a9c6/cards/t_219822/PT_portugal_brazil.md,116,## 二、⑬ 对法国政策菜单B1–B8的反应函数表,4910|4940|4960,"| **对西属美洲（B4衍生）** | 1808西班牙王室被废→卡洛塔四宣言主张摄政（1808-08-19/20，Coutinho起草、Sidney Smith修订，Manchester行4910–4940）；João真实目标是""把葡属美洲帝国扩展到拉普拉塔河""（Strangford判断，行4960）；英国是否决人（Canning 1808-09-02与11-26两令）；1812备航Maldonado又经英调停缩回（Light缓存：07月与布宜诺斯艾利斯协议）；1816英国注意力松弛即真吞Banda Oriental——**反应函数：英国管束松一格，拉普拉塔扩张进一格**（高置信，三点实测） |",仅候选：可能单位换算、概括、纠错或真正遗漏；不能以字符串未命中判漏
nodes/r_5b1357a9c6/cards/t_219822/PT_portugal_brazil.md,123,## 三、专题A：枫丹白露分割方案可执行性,21397|6627652,"**方案内容**（1807-10-27本约14条+公约7条，全文缓存 downloads/pages/a21397d83d22.md、d6627652fe2a.md）：北区（恩特雷杜罗-米尼奥+波尔图）予埃特鲁里亚王，称""北卢西塔尼亚王国""；南区（阿连特茹+阿尔加维）予戈多伊，称""阿尔加维亲王""；中区（贝拉、山后、埃斯特雷马杜拉含里斯本）法军占领""存押至总和平""、税入归法；两翼西班牙行政、税入归西；两新邦以西班牙王为保护人、依西班牙家法世袭、绝嗣归西王授封；海外殖民地法西平分（Art.13）；卡洛斯四世得""两美洲皇帝""名号期票（Art.12，至迟三年）；Art.8预留中区还布拉干萨换直布罗陀/特立尼达；Art.14保密、20日内换约。军事公约：法军25,000步+3,000骑，西军8,000步+3,000骑30炮归法将统辖；西军10,000占北、6,000占南；法军过境西班牙供养、法国发饷；巴约讷预备军40,000非经两方同意不得入西。",仅候选：可能单位换算、概括、纠错或真正遗漏；不能以字符串未命中判漏
nodes/r_5b1357a9c6/cards/t_219822/PT_portugal_brazil.md,178,"### 6.3 1820革命类比：法制世界的""波尔图时刻""",1231|4431,"- 【史实机制拆解】三燃料+一火花：(i)外籍元帅统军（Beresford；1817绞Gomes Freire十二人后民望崩坏）；(ii)君主缺位13年、里斯本自感""殖民地的殖民地""（a colony of a colony，Schultz行1231）；(iii)对巴垄断丧失→商人生存危机（Pedreira p.852：商人在革命中作用显著、诉求恢复垄断）；火花=1820-01西班牙Riego示范+Beresford恰离境赴里约（Manchester行4431）。",仅候选：可能单位换算、概括、纠错或真正遗漏；不能以字符串未命中判漏
nodes/r_5b1357a9c6/cards/t_219822/PT_portugal_brazil.md,219,### S5（秩序固化1815–48，主推情景，接§六）,4910|5100,22.【S5·1816】卡洛塔对拉普拉塔主张重启（反波拿巴正统旗）；英国否决人机制启动——锚：1808–12全套实测（Manchester行4910–5100）（中）。,仅候选：可能单位换算、概括、纠错或真正遗漏；不能以字符串未命中判漏
nodes/r_5b1357a9c6/cards/t_219822/PT_portugal_brazil.md,237,## 八、⑮ 能力上限表（历史峰值、崩溃点、未用潜力）,56000|7157,"| 正规军 | 编制56,000；实战峰值≈42,000（1809–12，Oman行7157）；前提：英国承饨一半+全部军械+英籍骨干 | 无外骨骼则回落至1801型：名义3万、战力低下（三周崩溃实测）；骑兵永受马匮约束 | 若由法国仓位提供同等外骨骼，同样可磨出3万级可用步兵（葡萄牙军团质量佐证） |",仅候选：可能单位换算、概括、纠错或真正遗漏；不能以字符串未命中判漏
nodes/r_5b1357a9c6/cards/t_219822/notes_brazil.md,4,"## S1. Schultz《Tropical Versailles》(Routledge 2001, EPUB全文=downloads/PT_Schultz_full.txt)",311|654,"- 里约人口底数：1799普查城区45,000–60,000（白45%/奴35%/自由有色20%）；1780卡皮塔尼亚20万人近半为奴；1790–1808年均近1万非洲人输入里约港（行311）；1818警察总监称：为供养随王室而来的3万""白人""，城市及腹地黑人口增6–8万；Luccock估1808–22里约奴隶人口+200%（行654）。",仅候选：可能单位换算、概括、纠错或真正遗漏；不能以字符串未命中判漏
nodes/r_5b1357a9c6/cards/t_219822/notes_brazil.md,10,"## S1. Schultz《Tropical Versailles》(Routledge 2001, EPUB全文=downloads/PT_Schultz_full.txt)",1231|1319,"- 1820–21（行1231–1319）：波尔图革命消息传里约引发辩论；1821-02里约兵变；02-24/26敕令波折（Vila Nova Portugal压下宪政方案）；03月底数百人联署反对João离巴；商界请愿：""巴西被如此抛弃，不可能长久与葡萄牙保持联合""；04风潮中被""簇拥上船""；佩德罗留任摄政至""国民总宪法在巴西确立""。",仅候选：可能单位换算、概括、纠错或真正遗漏；不能以字符串未命中判漏
nodes/r_5b1357a9c6/cards/t_219822/notes_manchester.md,6,## A. 1807危机与出走（txt行2690–2930）,2520|2545,"- 权力结构：Araújo（亲法拖延派）vs Rodrigo de Sousa Coutinho（主战亲英派，其兄任驻伦敦公使）；**1805年底卡洛塔政变阴谋**（宣João精神失常、由卡洛塔摄政）暴露后João隐居Mafra修道院、眩晕发作、""每个角落都看到叛逆""——1807年最终决策人几乎不见大臣与外交团（行2520–2545；Pereira da Silva I,65–68）。",仅候选：可能单位换算、概括、纠错或真正遗漏；不能以字符串未命中判漏
nodes/r_5b1357a9c6/cards/t_219822/notes_manchester.md,16,## B. 开港后的贸易与1810条约（行3230–3930）,203000|674000,"- 贸易量：里约1808年入港外旗船90艘→1810年422艘（外+葡）；1811年里约有207家葡商行+75家英商行；巴伊亚1807–10进口+50%、出口+15%；五个开放口岸关税收入较1808年前+20%；1808-08至12-31里约自英进口£674,000、对英出口£203,000。",仅候选：可能单位换算、概括、纠错或真正遗漏；不能以字符串未命中判漏
nodes/r_5b1357a9c6/cards/t_219822/notes_military_fiscal.md,5,## M1. Junot军团与1807入侵兵力,13000|28000|2830,"- 执行口径：Esdaile行1883""28,000法+13,000西趋里斯本，16,000西自加利西亚与埃斯特雷马杜拉""；Manchester行2830""Junot率23,000越境""；行2900：11-30入里斯本时前卫14人、全军1,200（山地暴雨强行军损耗）；Esdaile行1969：过半掉队、弃炮，Abrantes整编1,500精锐；行1979：三周内可用不足1万。",仅候选：可能单位换算、概括、纠错或真正遗漏；不能以字符串未命中判漏
nodes/r_5b1357a9c6/cards/t_219822/notes_military_fiscal.md,15,## M3. 葡萄牙军团（Légion Portugaise）,5725|6796,"- 越西班牙时大量开小差（Esdaile行1985：近1/3）；1810-06-15战争部报告实有6,796（步5,725+骑1,071）；1811-07-01缩编为3步团+1猎骑团；1812随大军团入俄（Smolensk、Valutina Gora、Borodino、Berezina）；1813-11-05外籍部队总解散令；至1814-05-05解散仅约千人归葡。Alorna死于柯尼斯堡。",仅候选：可能单位换算、概括、纠错或真正遗漏；不能以字符串未命中判漏
nodes/r_5b1357a9c6/cards/t_219822/notes_military_fiscal.md,20,## M4. Beresford葡军（英葡联军葡萄牙成分）,1300|56000|7157|7175,"- Oman vol3行7157–7175：编制56,000；1809-09实有42,000（过半新兵；22团仅193人）；1810 Bussaco战役时线团普遍1,200–1,300实额（近编制1,500）；骑兵永缺马（12团中4团下马守备，余8团实300–400/额594）——**葡萄牙非产马国+英军竞购**；炮兵满编优良。",仅候选：可能单位换算、概括、纠错或真正遗漏；不能以字符串未命中判漏
nodes/r_5b1357a9c6/cards/t_219822/notes_military_fiscal.md,22,## M4. Beresford葡军（英葡联军葡萄牙成分）,1196|184|2581,"- 英国直接承饷葡军之半（Oman注184：线列1、2、3、4、7、10、11、13、14、15、16、19团+1、2、3猎兵营）；补贴1809-12定为""维持30,000人之费""（Esdaile行2581）；1812年初""33,000葡正规军支撑威灵顿""（Esdaile行1196）；**即便有英国补贴，摄政委员会岁入仅及所需之半**（Esdaile行1196）。",仅候选：可能单位换算、概括、纠错或真正遗漏；不能以字符串未命中判漏
nodes/r_5b1357a9c6/cards/t_219822/notes_military_fiscal.md,24,## M4. Beresford葡军（英葡联军葡萄牙成分）,21141|2413|28000|917,"- 葡军战绩（revistamilitar.pt官史口径，注意含卫戍与民兵之别）：1812威灵顿全军约9万、过半为葡（此为总册口径，野战军中葡约四成）；Albuera 8,000/伤亡389；Bussaco 18,000/伤亡2,038（此处Bussaco数字含民兵）；Vitória 30,000/917；Nive 28,000/2,413；全战争280次战斗行动、葡正规军伤亡21,141（不含民兵ordenança）。〔revistamilitar.pt/artigopdf/105〕",仅候选：可能单位换算、概括、纠错或真正遗漏；不能以字符串未命中判漏
nodes/r_5b1357a9c6/cards/t_24b942/P4_naval_gap_projection.md,25,## 2. 模型契约、假设与可复算性,3400|705|811,|法国A12与I|F3限制总舰体、整备、合格人员（每舰800总员/450合格）、另拨非战列舰员额，A12向下取整；I另乘现役率。船体平均低/中/高3200/3500/3800**排水吨/舰**假设；对应英3400/3600/3900假设，不从James容量吨直接相除。|Clouet舰型74炮705人、80炮811人及排水量范围见F3；平均与分档为模型假设|,仅候选：可能单位换算、概括、纠错或真正遗漏；不能以字符串未命中判漏
nodes/r_5b1357a9c6/cards/t_24b942/P4_naval_gap_projection.md,29,## 2. 模型契约、假设与可复算性,1815.65|18151|1830.75|1830.95|925,|质量/训练|`T=(H_F×d_F)/(H_B×d_B)`为舰体排水吨代理；`E=(A12_F×d_F×q_F)/(A12_B×d_B×q_B)`为**舰队有效动员排水吨代理**。q法国W中1815 .65→1830 .75、P .65→.925；英国W 1→1.05、P1815 1→1830 .95；低/高各成组。官龄≥8年的份额、海训天数另列诊断，不又乘一次。|q及官龄份额均未由同口径史料回归校准；A12已有合格员过滤，q或重复折价，见敏感性|,仅候选：可能单位换算、概括、纠错或真正遗漏；不能以字符串未命中判漏
nodes/r_5b1357a9c6/cards/t_24b942/P4_naval_gap_projection.md,31,## 2. 模型契约、假设与可复算性,129|145.919|223.405|255.746,法国预算字段现在名为**planning floor**：低/中/高165/195/245百万法郎/年，不能理解为给定这么多就能保证舰体和人员。F3引用Todorov 1812造修评估223.405m、1813为255.746m、1814维持145.919m；都是**计划评估非支出**[1]。F3/F4联合情景中，800m法国净经常收入＋40m可兑现盟约＝300m旧债/非军＋25m新补偿＋20m储备＋300m陆军＋195m海军；陆军若升350m而其他不变则**缺50m**，未计晚P舰队超195m的追加。晚P若要长期保132艘H及129k人，更应以F3的**220–260m压力带**重核实际人薪、造修；因此P高端是财政尚未闭合的技术包络，不是获批计划。,仅候选：可能单位换算、概括、纠错或真正遗漏；不能以字符串未命中判漏
nodes/r_5b1357a9c6/cards/t_24b942/P4_naval_gap_projection.md,79,## 5. 英国的反应函数、财政和航线空间,12120|62.5|731,英反应时间：0—1年停止裁员与修ordinary、调站；1—3年补海员与新下水；3—7年扩船坞、再育工匠和采运新木材。这是B3规划时滞，不是十二个月召回全舰的实绩。P 1830要把英I57.5抬至A12 120需加约62.5艘完整配员战列舰，一旦原始修造记录或商海员召回资料显示做不到，**E的英国分母高估，法国P比值向上修**；相反，若议会提前保高常备编制，英选W端而法国仍P端，E降为.731。两股修正方向相反，故单说“和平英国弱”或“英国有无限财力”都偷换了决策过程。,仅候选：可能单位换算、概括、纠错或真正遗漏；不能以字符串未命中判漏
nodes/r_5b1357a9c6/cards/t_24b942/P4_naval_gap_projection.md,135,## 来源谱系与复算说明,1357|20260923|942,**复算：**在项目根运行`python3 nodes/r_5b1357a9c6/cards/t_24b942/build_p4.py`；输出本目录`P4_annual.csv`96行、`P4_four_snapshots.csv`24行、`P4_sensitivity.csv`18行；具体假设见本报告第2节及脚本顶部常量与所引F3/B3参数文件。脚本对存量恒等式、端点、A12≤H、巡航配员留额作算术断言，返回`all identity checks pass`。另运行`python3 nodes/r_5b1357a9c6/cards/t_24b942/verify_p4.py`，独立读取CSV并与上游F3/B3端点复核96/24/18行、存量恒等式、1815共点及比值，结果PASS；它**没有**独立验证工料、英国全年修舰速率、法国财政承受力、估计量统计识别或舰队战斗结果。完整源摘录在本卡`notes_sources.md`及`notes_added_20260923.md`。,仅候选：可能单位换算、概括、纠错或真正遗漏；不能以字符串未命中判漏
nodes/r_5b1357a9c6/cards/t_24b942/notes_sources.md,4,## F3、本轮法国海军（卡t_b1a536）,047|1357|223404900|255746100|501812|721814,"源：Nicola Peter Todorov, «Le redressement naval de 1810-1813 napoléonien…», 2008, HAL作者稿 `downloads/F3_Todorov_redressement_1810_1813.pdf`, doc 0fd6bd047f2a，p.15：1810夏帝国（含荷兰）战列舰50，1812约72，1814四月74；另Muracciole 1974 p.83提104“à flot ou en chantier”，不可作战舰；p.16转Ganteaume法真正海员约30000估计，不是普查；p.24注116计划的1812/13造修223404900/255746100法郎，不是实支。F3正文路径 `nodes/r_5b1357a9c6/cards/t_b1a536/F3_french_navy_capacity.md`，假设`F3_model_parameters.json`，完整逐年`F3_capacity.csv`：H、annual launches、total/qualified人员、A12/I、训练天数/因子，W海战不停/P于1815后停战。F3低/中/高端点为条件组合非统计CI；法国财政预算170–220百万法郎/年为条件，220–260最高档；F4联合账170–220可行有陆费、盟约及增税约束。F3对1830 W中A12=84、P=111。F3 `F3_quote_ledger.md`收录实际引文定位，Todorov的舰数引用须回其PDF p15；Ganteaume PDF p16原句 `estime le nombre de marins français à 30000`，转引而非我读原报告。",仅候选：可能单位换算、概括、纠错或真正遗漏；不能以字符串未命中判漏
nodes/r_5b1357a9c6/cards/t_24b942/notes_sources.md,7,## B3英国海军（卡t_998052）,19305759|741808,"James 1837 edition *Naval History* 年初年度舰表，Paul Benyon的HTML转录而不是我亲阅原表影本；B3 `table_historical.md`：1813海勤Line I102/ordinary22/H124、1814 I99/ordinary19/H118、1815 I47/ordinary62/H109；1808账籍Line237非海勤126。1803–14 Built共74，1808–12共46。英国1812票定总员145000含31400陆战队；FB Gregory Fremont-Barnes 2007 p44总拨款£19,305,759（可含运输，不等实支）。`B3_response.csv` W/P高低配对H、A12、I、现役巡防和小舰、常备人数与按1812价费用；`model_assumptions.md`特别交代H/A12/I、M=650L+280R+110C+O，三型含舰上陆战队，不再加全体陆战队；K=£4–6m+£85–105*总员为纯模型，W£15–21.5m，P£9–15.3m。英国年造Line 4–8常态/8–12高压，历史据James，B3五年包低30、高40，退出现数反算，非实测退役。",仅候选：可能单位换算、概括、纠错或真正遗漏；不能以字符串未命中判漏
nodes/r_5b1357a9c6/cards/t_27c409/SP2_part1.md,22,## §1 模板①：决策结构与政治制度（社会侧）,42.3|85.7,- 【锚点】1808年5–6月权威真空中社会自组织出**省洪塔网络**：29个初始洪塔585名成员中市政当局23.9%、教士23.6%、军官18.3%、王室地方当局14.7%、被延揽精英10.4%、有衔贵族仅3.2%、商人2.2%、行会与劳动阶层3.2%（Fraser App.2表2.1，据Hocquellet）。地区风格：阿拉贡教士42.3%；加泰军官27.9%+劳工19.7%（唯一劳工显著区）；阿斯图里亚斯市政85.7%。【机制】**洪塔=旧制度中层（市政+教士+中级军官）在权威斩首下的接管装置**，既非民众民主亦非大贵族复辟；它需要（a）中央权威瘫痪、（b）合法性符号（被俘国王）可援引、（c）镇压性驻军缺位三个条件才会成形。【推演】任何不同时满足三条件的情景（B4b同盟、1823式保王入境）都不产生反法洪塔网络（中高置信）。,仅候选：可能单位换算、概括、纠错或真正遗漏；不能以字符串未命中判漏
nodes/r_5b1357a9c6/cards/t_27c409/SP2_part1.md,35,## §3 模板③：财政货币金融（社会承受侧）,3443|3505,"- 【锚点】1798-09-15卡洛斯四世令拍卖慈善机构/医院/孤儿院/虔诚基金会地产，价款入vales赎回基金付3%息；1798–1808利息""时断时无""；1805后出售加速，至1808""规模可观""；1800年传统教会济贫体系已陷危机（Callahan行3443–3505）。【机制】**波旁已示范""不碰教会本体产权的教产变现""路径及其社会代价**（济贫收缩恰逢贫民激增）——为1836 Mendizábal与任何法胜世界的教产政策提供先例与阻力样本。",仅候选：可能单位换算、概括、纠错或真正遗漏；不能以字符串未命中判漏
nodes/r_5b1357a9c6/cards/t_27c409/SP2_part1.md,36,## §3 模板③：财政货币金融（社会承受侧）,1030|2145|7073|7770|7790,"- 【锚点】战后死锁（Fontana）：1815年国务会议公认""常入不敷常支""；Escoiquiz自估岁入350M/经常支出850M+/公债>12,000M reales（战前7,000M+战时增4,000M）；诸""募捐方案""合计150M对1,500M级年赤字；连遣散费都需向商界借40–50M而只得10M、分期、8%息（Fontana行2085–2145、7073、7770–7790）。1833年岁入仍""仅约1792帝国峰值之半""（Lawrence行1030区）。【机制】**""不触动权力与财富分配而找钱""的旧改革=对革命的替代方案，此即绝对君主制的quiebra**（Fontana总论）；该约束对任何1815后马德里政权（波拿巴/波旁/摄政）同样成立，除非美洲白银恢复或外部（法国）补贴。",仅候选：可能单位换算、概括、纠错或真正遗漏；不能以字符串未命中判漏
nodes/r_5b1357a9c6/cards/t_27c409/SP2_part1.md,37,## §3 模板③：财政货币金融（社会承受侧）,1099|30.5|3968,- 【锚点】战时社会融资实测：加利西亚junta 1808-11自称破产，圣地亚哥大主教出100万reales养军（Fraser行3968）；纳瓦拉Diputación1808年仅集得25万借款+7.2万捐（不足战前关税年入4%；Tone行1099）；教会机构被三方（西军/法军/游击）重复征取（Fitero修道院合计付30.5万reales+25.4万修缮；Tone行2400区）。,仅候选：可能单位换算、概括、纠错或真正遗漏；不能以字符串未命中判漏
nodes/r_5b1357a9c6/cards/t_27c409/SP2_part1.md,49,## §5 模板⑤：撷取与动员上限（社会承受面）,13000|1635|28000|7458,"- 【锚点】1808动员浪潮：老军~10万在爱国者手中+28,000在法控区/境外+13,000在丹麦；志愿+强征造≥200个新团；但""起义给西班牙的不是军队，而是军队的原料""（Esdaile SA印pp.94–96）。Junta Central 1809年quinta名义要建55万军（Esdaile PW行7458）——实际野战军峰值远低于此，Ocaña（1809-11-19）一役后""无从弥补巨大损失，兵源经一年抽取已枯""（Esdaile SA行1635）。",仅候选：可能单位换算、概括、纠错或真正遗漏；不能以字符串未命中判漏
nodes/r_5b1357a9c6/cards/t_27c409/SP2_part1.md,56,## §6 模板⑥：军事（社会-军队关系）,2751|4511,"- 【锚点】军官团社会学：贵族垄断上层+庞大受挫的subaltern层；Godoy年代将官330→411、宠信与买官侵蚀晋升；官俸1802+43%落后于生活费+59%（1780–98）；4,511名线列+militia军官中1808年仅2,751在队（Esdaile SA印pp.48–60）。【机制】**Aranjuez（1808-03）是西班牙史上第一次pronunciamiento**：""矛头完全是军事性的""（近卫军+fernandino贵族用民众作布景；同书印pp.59–67）——军队作为王朝仲裁者的角色在法军废立之前已经登场。",仅候选：可能单位换算、概括、纠错或真正遗漏；不能以字符串未命中判漏
nodes/r_5b1357a9c6/cards/t_27c409/SP2_part1.md,57,## §6 模板⑥：军事（社会-军队关系）,184000|8200,"- 【锚点】战争再造军队：1808年5–6月士兵大规模抛弃拒战军官；将帅被杀被废（Socorro等）；洪塔以饷粮控军；Palafox式民粹军阀与Cuesta式legitimist军阀并存（Esdaile SA ch.3）。战后：1814年军官16,000/位置8,200（184,000人军队）；裁战时团、半薪打击平民出身军官；4,000战俘军官带共济会归国（同书Epilogue）。",仅候选：可能单位换算、概括、纠错或真正遗漏；不能以字符串未命中判漏
nodes/r_5b1357a9c6/cards/t_27c409/SP2_part1.md,58,## §6 模板⑥：军事（社会-军队关系）,2247|2250,"- 【锚点】1814–20政变链（Mina→Porlier→Lacy→Vidal→Riego）全部依托**欠饷+晋升冤+美洲远征厌战**；1820成功的差异变量=许诺士兵""不去美洲、补饷、给地、放归""（Esdaile SA Epilogue）。1823年同一军队面对法军入侵即散（Lawrence行1720–1745）；1833年被Cea裁至45,000的军队镇不住卡洛斯起义，1837年Cristino军膨胀到>20万（Lawrence行2247–2250）。",仅候选：可能单位换算、概括、纠错或真正遗漏；不能以字符串未命中判漏
nodes/r_5b1357a9c6/cards/t_27c409/SP2_part1.md,63,## §7 模板⑦：社会结构与阶层,1050|470,"- 【锚点】教会：1797普查教会人口182,778/1,050万（毛）；调整值148,409≈1.5%（在俗70,840、男修53,098、修女24,471）；受祝圣司铎~60,000中仅~22,000任堂区职；近3,000堂区无本堂；**司铎密度北密南疏**（Álava 1:153、León 1:170 vs Córdoba 1:1,115、Seville 1:1,332）；塞维利亚王国303堂区/75万人vs加泰2,738堂区/80万人（Callahan行470–560）。教产：地产16,000平方英里=全国8%地表/18%耕地、年租5.65亿reales、什一税之外另有教会领主区14%市镇（Tone转引19世纪估算）。",仅候选：可能单位换算、概括、纠错或真正遗漏；不能以字符串未命中判漏
nodes/r_5b1357a9c6/cards/t_27c409/SP2_part1.md,66,## §7 模板⑦：社会结构与阶层,2660|69.2,"- 【锚点】城市劳动阶层与工匠：二日事件战斗者1/3为劳动贫民、被处决者过半为此层；工匠被处决比例=参战比例2倍（Fraser行2660区）；1808志愿兵中工匠权重高（Igualada签名者69.2%工匠）。【机制】城市平民的政治可用性双向：1808反法、1820s可被exaltados动员、1834可被反修会谣言点燃（matanza）——**""urban crowd""是符号动员的放大器而非稳定阵营**。",仅候选：可能单位换算、概括、纠错或真正遗漏；不能以字符串未命中判漏
nodes/r_5b1357a9c6/cards/t_27c409/SP2_part1.md,75,## §8 模板⑧：社会运动与抵抗传统（含二日事件机制）,2540|2620,2. 【锚点】点火：5月2日晨移送末代王子的马车前聚众→宫前枪响→全城巷战；15个可识别战斗群（8平民领导、5军人领导）；妇女占战斗者7%/伤亡11%；炮兵公园Daoíz/Velarde抗命开门发枪（Fraser行2540–2620）。,仅候选：可能单位换算、概括、纠错或真正遗漏；不能以字符串未命中判漏
nodes/r_5b1357a9c6/cards/t_27c409/SP2_part1.md,76,## §8 模板⑧：社会运动与抵抗传统（含二日事件机制）,2625|2665,"3. 【锚点】镇压示范：即决处决≥86战斗者+13非战斗者（=已识别战斗者1/7）；""携剪刀即枪决""；**镇压的阶级倾斜**（劳动贫民占被决过半）；法军刻意不碰西班牙正规军（Murat纳junta之请赦炮兵公园被俘军人）（Fraser行2625–2665）。",仅候选：可能单位换算、概括、纠错或真正遗漏；不能以字符串未命中判漏
nodes/r_5b1357a9c6/cards/t_27c409/SP2_part1.md,81,## §8 模板⑧：社会运动与抵抗传统（含二日事件机制）,3740|3760,"**8.3 起义中的社会暴力**：约50名西班牙高官显贵被刺杀（corregidores近1/4；半数在加泰/瓦伦西亚/阿拉贡；加泰社会复仇最烈，somatén入Villafranca欲屠显贵）；瓦伦西亚屠杀300+法侨（Fraser行3740–3760；Esdaile SA印p.78）。【机制】起义暴力三成分：反法、清算Godoy党羽、**阶级复仇**——第三成分说明""人民起义""内含对本国上层的威胁，是此后一切上层（含自由派）惧怕民众自武装的经验根源。",仅候选：可能单位换算、概括、纠错或真正遗漏；不能以字符串未命中判漏
nodes/r_5b1357a9c6/cards/t_27c409/SP2_part1.md,101,## §11 模板⑪：生态与人口,10541000|88.5,"- 【锚点】1797人口10,541,000（Censo de Godoy；另见downloads/f2_censo_godoy1797.pdf）；1787 Floridablanca为Fraser样本权重基。**1800–07战前灾难（1804大饥荒+安达卢西亚黄热病）损失35–51万>战争1808–14损失21.5–37.5万**（九区加权样本）；1800–14合计56–88.5万（6–10%），与Pérez Moreda 1797–1814估80万相合（Fraser App.5）。",仅候选：可能单位换算、概括、纠错或真正遗漏；不能以字符串未命中判漏
nodes/r_5b1357a9c6/cards/t_27c409/SP2_part2.md,40,## §14 模板⑮：能力上限表（社会侧抵抗与承受）,2247|7211,| 大众保王反动员（无外敌） | 1822–23 realista游击2–3万；1833–37卡洛斯北线3万+Cristino须20万+外国志愿1.8万才压平 | 卡洛斯侧同样逃役/强征；南部为其绝地；财政靠safe zone征收+外部小额援助 | 若正规军倒向（1833未发生），上限跳档 | Lawrence行2018、2247、7211、341 |,仅候选：可能单位换算、概括、纠错或真正遗漏；不能以字符串未命中判漏
nodes/r_5b1357a9c6/cards/t_27c409/SP2_part2.md,89,## §16 无占领时宪政会否出现（1820与1833–40作为政治文化证据）,1334|185,"1. **加的斯形态不可复制**（高置信）：其成立条件=王位空缺（以被俘国王名义行主权）+旧当局层层垮台+制宪会议困在唯一未陷落的激进商港（选民册1,334人的suplente机制、旁听席群众、加的斯商界财政）——上轮t_c2dbca已证""没有废立与占领，以被俘国王名义召开加的斯制宪会议的条件组合不再存在""；本卡补强：Cortes社会构成（185名正选中官员42/教士61/军官16/自由职业23/贵族10）本身就是战时非常规选举的产物（Esdaile PW ch.11）。",仅候选：可能单位换算、概括、纠错或真正遗漏；不能以字符串未命中判漏
nodes/r_5b1357a9c6/cards/t_27c409/SP2_part3.md,99,## §21 复用资产与交叉接口登记,7277722|854,- F2 资产：`downloads/f2_oman_vol3.txt`（doc 8e5a80a90ef6）、`downloads/f2_oman_vol4.txt`（doc 7277722ba854）Oman法军在西返表两切片；`downloads/f2_censo_godoy1797.pdf` 1797普查。S6西班牙增量22.5万（coordination_ledger F2行）与本卡§15.3兼并区兵力带并用不冲突（口径：全西occupation vs 北带annexation）。,仅候选：可能单位换算、概括、纠错或真正遗漏；不能以字符串未命中判漏
nodes/r_5b1357a9c6/cards/t_27c409/SP2_spain_society.md,22,## §1 模板①：决策结构与政治制度（社会侧）,42.3|85.7,- 【锚点】1808年5–6月权威真空中社会自组织出**省洪塔网络**：29个初始洪塔585名成员中市政当局23.9%、教士23.6%、军官18.3%、王室地方当局14.7%、被延揽精英10.4%、有衔贵族仅3.2%、商人2.2%、行会与劳动阶层3.2%（Fraser App.2表2.1，据Hocquellet）。地区风格：阿拉贡教士42.3%；加泰军官27.9%+劳工19.7%（唯一劳工显著区）；阿斯图里亚斯市政85.7%。【机制】**洪塔=旧制度中层（市政+教士+中级军官）在权威斩首下的接管装置**，既非民众民主亦非大贵族复辟；它需要（a）中央权威瘫痪、（b）合法性符号（被俘国王）可援引、（c）镇压性驻军缺位三个条件才会成形。【推演】任何不同时满足三条件的情景（B4b同盟、1823式保王入境）都不产生反法洪塔网络（中高置信）。,仅候选：可能单位换算、概括、纠错或真正遗漏；不能以字符串未命中判漏
nodes/r_5b1357a9c6/cards/t_27c409/SP2_spain_society.md,35,## §3 模板③：财政货币金融（社会承受侧）,3443|3505,"- 【锚点】1798-09-15卡洛斯四世令拍卖慈善机构/医院/孤儿院/虔诚基金会地产，价款入vales赎回基金付3%息；1798–1808利息""时断时无""；1805后出售加速，至1808""规模可观""；1800年传统教会济贫体系已陷危机（Callahan行3443–3505）。【机制】**波旁已示范""不碰教会本体产权的教产变现""路径及其社会代价**（济贫收缩恰逢贫民激增）——为1836 Mendizábal与任何法胜世界的教产政策提供先例与阻力样本。",仅候选：可能单位换算、概括、纠错或真正遗漏；不能以字符串未命中判漏
nodes/r_5b1357a9c6/cards/t_27c409/SP2_spain_society.md,36,## §3 模板③：财政货币金融（社会承受侧）,1030|2145|7073|7770|7790,"- 【锚点】战后死锁（Fontana）：1815年国务会议公认""常入不敷常支""；Escoiquiz自估岁入350M/经常支出850M+/公债>12,000M reales（战前7,000M+战时增4,000M）；诸""募捐方案""合计150M对1,500M级年赤字；连遣散费都需向商界借40–50M而只得10M、分期、8%息（Fontana行2085–2145、7073、7770–7790）。1833年岁入仍""仅约1792帝国峰值之半""（Lawrence行1030区）。【机制】**""不触动权力与财富分配而找钱""的旧改革=对革命的替代方案，此即绝对君主制的quiebra**（Fontana总论）；该约束对任何1815后马德里政权（波拿巴/波旁/摄政）同样成立，除非美洲白银恢复或外部（法国）补贴。",仅候选：可能单位换算、概括、纠错或真正遗漏；不能以字符串未命中判漏
nodes/r_5b1357a9c6/cards/t_27c409/SP2_spain_society.md,37,## §3 模板③：财政货币金融（社会承受侧）,1099|30.5|3968,- 【锚点】战时社会融资实测：加利西亚junta 1808-11自称破产，圣地亚哥大主教出100万reales养军（Fraser行3968）；纳瓦拉Diputación1808年仅集得25万借款+7.2万捐（不足战前关税年入4%；Tone行1099）；教会机构被三方（西军/法军/游击）重复征取（Fitero修道院合计付30.5万reales+25.4万修缮；Tone行2400区）。,仅候选：可能单位换算、概括、纠错或真正遗漏；不能以字符串未命中判漏
nodes/r_5b1357a9c6/cards/t_27c409/SP2_spain_society.md,49,## §5 模板⑤：撷取与动员上限（社会承受面）,13000|1635|28000|7458,"- 【锚点】1808动员浪潮：老军~10万在爱国者手中+28,000在法控区/境外+13,000在丹麦；志愿+强征造≥200个新团；但""起义给西班牙的不是军队，而是军队的原料""（Esdaile SA印pp.94–96）。Junta Central 1809年quinta名义要建55万军（Esdaile PW行7458）——实际野战军峰值远低于此，Ocaña（1809-11-19）一役后""无从弥补巨大损失，兵源经一年抽取已枯""（Esdaile SA行1635）。",仅候选：可能单位换算、概括、纠错或真正遗漏；不能以字符串未命中判漏
nodes/r_5b1357a9c6/cards/t_27c409/SP2_spain_society.md,56,## §6 模板⑥：军事（社会-军队关系）,2751|4511,"- 【锚点】军官团社会学：贵族垄断上层+庞大受挫的subaltern层；Godoy年代将官330→411、宠信与买官侵蚀晋升；官俸1802+43%落后于生活费+59%（1780–98）；4,511名线列+militia军官中1808年仅2,751在队（Esdaile SA印pp.48–60）。【机制】**Aranjuez（1808-03）是西班牙史上第一次pronunciamiento**：""矛头完全是军事性的""（近卫军+fernandino贵族用民众作布景；同书印pp.59–67）——军队作为王朝仲裁者的角色在法军废立之前已经登场。",仅候选：可能单位换算、概括、纠错或真正遗漏；不能以字符串未命中判漏
nodes/r_5b1357a9c6/cards/t_27c409/SP2_spain_society.md,57,## §6 模板⑥：军事（社会-军队关系）,184000|8200,"- 【锚点】战争再造军队：1808年5–6月士兵大规模抛弃拒战军官；将帅被杀被废（Socorro等）；洪塔以饷粮控军；Palafox式民粹军阀与Cuesta式legitimist军阀并存（Esdaile SA ch.3）。战后：1814年军官16,000/位置8,200（184,000人军队）；裁战时团、半薪打击平民出身军官；4,000战俘军官带共济会归国（同书Epilogue）。",仅候选：可能单位换算、概括、纠错或真正遗漏；不能以字符串未命中判漏
nodes/r_5b1357a9c6/cards/t_27c409/SP2_spain_society.md,58,## §6 模板⑥：军事（社会-军队关系）,2247|2250,"- 【锚点】1814–20政变链（Mina→Porlier→Lacy→Vidal→Riego）全部依托**欠饷+晋升冤+美洲远征厌战**；1820成功的差异变量=许诺士兵""不去美洲、补饷、给地、放归""（Esdaile SA Epilogue）。1823年同一军队面对法军入侵即散（Lawrence行1720–1745）；1833年被Cea裁至45,000的军队镇不住卡洛斯起义，1837年Cristino军膨胀到>20万（Lawrence行2247–2250）。",仅候选：可能单位换算、概括、纠错或真正遗漏；不能以字符串未命中判漏
nodes/r_5b1357a9c6/cards/t_27c409/SP2_spain_society.md,63,## §7 模板⑦：社会结构与阶层,1050|470,"- 【锚点】教会：1797普查教会人口182,778/1,050万（毛）；调整值148,409≈1.5%（在俗70,840、男修53,098、修女24,471）；受祝圣司铎~60,000中仅~22,000任堂区职；近3,000堂区无本堂；**司铎密度北密南疏**（Álava 1:153、León 1:170 vs Córdoba 1:1,115、Seville 1:1,332）；塞维利亚王国303堂区/75万人vs加泰2,738堂区/80万人（Callahan行470–560）。教产：地产16,000平方英里=全国8%地表/18%耕地、年租5.65亿reales、什一税之外另有教会领主区14%市镇（Tone转引19世纪估算）。",仅候选：可能单位换算、概括、纠错或真正遗漏；不能以字符串未命中判漏
nodes/r_5b1357a9c6/cards/t_27c409/SP2_spain_society.md,66,## §7 模板⑦：社会结构与阶层,2660|69.2,"- 【锚点】城市劳动阶层与工匠：二日事件战斗者1/3为劳动贫民、被处决者过半为此层；工匠被处决比例=参战比例2倍（Fraser行2660区）；1808志愿兵中工匠权重高（Igualada签名者69.2%工匠）。【机制】城市平民的政治可用性双向：1808反法、1820s可被exaltados动员、1834可被反修会谣言点燃（matanza）——**""urban crowd""是符号动员的放大器而非稳定阵营**。",仅候选：可能单位换算、概括、纠错或真正遗漏；不能以字符串未命中判漏
nodes/r_5b1357a9c6/cards/t_27c409/SP2_spain_society.md,75,## §8 模板⑧：社会运动与抵抗传统（含二日事件机制）,2540|2620,2. 【锚点】点火：5月2日晨移送末代王子的马车前聚众→宫前枪响→全城巷战；15个可识别战斗群（8平民领导、5军人领导）；妇女占战斗者7%/伤亡11%；炮兵公园Daoíz/Velarde抗命开门发枪（Fraser行2540–2620）。,仅候选：可能单位换算、概括、纠错或真正遗漏；不能以字符串未命中判漏
nodes/r_5b1357a9c6/cards/t_27c409/SP2_spain_society.md,76,## §8 模板⑧：社会运动与抵抗传统（含二日事件机制）,2625|2665,"3. 【锚点】镇压示范：即决处决≥86战斗者+13非战斗者（=已识别战斗者1/7）；""携剪刀即枪决""；**镇压的阶级倾斜**（劳动贫民占被决过半）；法军刻意不碰西班牙正规军（Murat纳junta之请赦炮兵公园被俘军人）（Fraser行2625–2665）。",仅候选：可能单位换算、概括、纠错或真正遗漏；不能以字符串未命中判漏
nodes/r_5b1357a9c6/cards/t_27c409/SP2_spain_society.md,81,## §8 模板⑧：社会运动与抵抗传统（含二日事件机制）,3740|3760,"**8.3 起义中的社会暴力**：约50名西班牙高官显贵被刺杀（corregidores近1/4；半数在加泰/瓦伦西亚/阿拉贡；加泰社会复仇最烈，somatén入Villafranca欲屠显贵）；瓦伦西亚屠杀300+法侨（Fraser行3740–3760；Esdaile SA印p.78）。【机制】起义暴力三成分：反法、清算Godoy党羽、**阶级复仇**——第三成分说明""人民起义""内含对本国上层的威胁，是此后一切上层（含自由派）惧怕民众自武装的经验根源。",仅候选：可能单位换算、概括、纠错或真正遗漏；不能以字符串未命中判漏
nodes/r_5b1357a9c6/cards/t_27c409/SP2_spain_society.md,101,## §11 模板⑪：生态与人口,10541000|88.5,"- 【锚点】1797人口10,541,000（Censo de Godoy；另见downloads/f2_censo_godoy1797.pdf）；1787 Floridablanca为Fraser样本权重基。**1800–07战前灾难（1804大饥荒+安达卢西亚黄热病）损失35–51万>战争1808–14损失21.5–37.5万**（九区加权样本）；1800–14合计56–88.5万（6–10%），与Pérez Moreda 1797–1814估80万相合（Fraser App.5）。",仅候选：可能单位换算、概括、纠错或真正遗漏；不能以字符串未命中判漏
nodes/r_5b1357a9c6/cards/t_27c409/SP2_spain_society.md,150,## §14 模板⑮：能力上限表（社会侧抵抗与承受）,2247|7211,| 大众保王反动员（无外敌） | 1822–23 realista游击2–3万；1833–37卡洛斯北线3万+Cristino须20万+外国志愿1.8万才压平 | 卡洛斯侧同样逃役/强征；南部为其绝地；财政靠safe zone征收+外部小额援助 | 若正规军倒向（1833未发生），上限跳档 | Lawrence行2018、2247、7211、341 |,仅候选：可能单位换算、概括、纠错或真正遗漏；不能以字符串未命中判漏
nodes/r_5b1357a9c6/cards/t_27c409/SP2_spain_society.md,199,## §16 无占领时宪政会否出现（1820与1833–40作为政治文化证据）,1334|185,"1. **加的斯形态不可复制**（高置信）：其成立条件=王位空缺（以被俘国王名义行主权）+旧当局层层垮台+制宪会议困在唯一未陷落的激进商港（选民册1,334人的suplente机制、旁听席群众、加的斯商界财政）——上轮t_c2dbca已证""没有废立与占领，以被俘国王名义召开加的斯制宪会议的条件组合不再存在""；本卡补强：Cortes社会构成（185名正选中官员42/教士61/军官16/自由职业23/贵族10）本身就是战时非常规选举的产物（Esdaile PW ch.11）。",仅候选：可能单位换算、概括、纠错或真正遗漏；不能以字符串未命中判漏
nodes/r_5b1357a9c6/cards/t_27c409/SP2_spain_society.md,305,## §21 复用资产与交叉接口登记,7277722|854,- F2 资产：`downloads/f2_oman_vol3.txt`（doc 8e5a80a90ef6）、`downloads/f2_oman_vol4.txt`（doc 7277722ba854）Oman法军在西返表两切片；`downloads/f2_censo_godoy1797.pdf` 1797普查。S6西班牙增量22.5万（coordination_ledger F2行）与本卡§15.3兼并区兵力带并用不冲突（口径：全西occupation vs 北带annexation）。,仅候选：可能单位换算、概括、纠错或真正遗漏；不能以字符串未命中判漏
nodes/r_5b1357a9c6/cards/t_27c409/notes_callahan_church.md,8,## 教会人口与地理（行470–560）,268|497|57000,"- 全国1司铎（有灵牧职）:497教民；**北密南疏**：Álava 1:153、León 1:170、Toro 1:268 vs Córdoba 1:1,115、Seville 1:1,332、Murcia 1:1,721；塞维利亚王国303堂区/75万人 vs 加泰2,738堂区/80万人；加的斯一个堂区57,000人。【与Tone的司铎密度-抵抗区重合互证；亦预示19–20世纪""去基督教化南部""】",仅候选：可能单位换算、概括、纠错或真正遗漏；不能以字符串未命中判漏
nodes/r_5b1357a9c6/cards/t_27c409/notes_esdaile_peninsular_war.md,11,## 战争规模与占领均衡,4268|7458,"- Junta Central曾下令quinta征55万人军队（1809）。〔行7458〕；约瑟夫1813年只有22,000名juramentados可用于守马德里。〔行4268〕",仅候选：可能单位换算、概括、纠错或真正遗漏；不能以字符串未命中判漏
nodes/r_5b1357a9c6/cards/t_27c409/notes_esdaile_peninsular_war.md,16,"## 加的斯与""西班牙革命""（ch.11，行2292–2787）",185|2590|2592,"- **185名本土正选代表构成：官员42、教士61、军官16、自由职业23、贵族/地主10、不明33**；商人制造商稀少，populacho全无。〔行2590–2592〕（注意：抓取文本另有""全体代表约三分之二为教士""句，与61/185≈33%不符，疑转写或原文口径问题——报告用61/185硬数）",仅候选：可能单位换算、概括、纠错或真正遗漏；不能以字符串未命中判漏
nodes/r_5b1357a9c6/cards/t_27c409/notes_esdaile_spanisharmy.md,14,## Ch.2 Godoy时代 1792–1808（折行471–830）,13296|14440|16164|2751|4511|46402|4952|87984|9526,"- **1808正规军实力**：线列步兵46,402人/编制87,984；骑兵14,440/16,164；军马9,526/13,296；线列+militia军官4,511人中仅2,751在队。〔印pp.48–49, 52〕",仅候选：可能单位换算、概括、纠错或真正遗漏；不能以字符串未命中判漏
nodes/r_5b1357a9c6/cards/t_27c409/notes_esdaile_spanisharmy.md,32,## Ch.3 军队与革命 May–Sept 1808（行956–1160）,13000|28000,"- 旧军约百余万人在爱国者手中；法控区/境外西军28,000+丹麦13,000——多数投向起义或自行解体。",仅候选：可能单位换算、概括、纠错或真正遗漏；不能以字符串未命中判漏
nodes/r_5b1357a9c6/cards/t_27c409/notes_esdaile_spanisharmy.md,43,## Epilogue 1814 and after（行2177–2255）——无占领时宪政问题的核心证据,184000|8200,"- 1814军隘：军官16,000人，184,000人的军队只容得下8,200个职位；裁撅的正是战时新建团；半薊落在平民/小贵族军官头上；4,000战俘军官归国（狱中接触共济会与自由主义）；Guervos个案（3月无饷、纸币抵饷、“死或抢”）；Soria团长1815年拒绝出征拿破仑除非发饷。",仅候选：可能单位换算、概括、纠错或真正遗漏；不能以字符串未命中判漏
nodes/r_5b1357a9c6/cards/t_27c409/notes_fontana_lawrence.md,11,## Fontana：1814–20的财政死锁（quiebra）,7770|7790,"- 军队欠饷细节：政府请商界出40–50M reales以""让部队领饷satisfecha地复员""，商界最终只肯给10M、分4–8个月、还要8%息——**连遣散费都要借高利贷**。〔行7770–7790〕",仅候选：可能单位换算、概括、纠错或真正遗漏；不能以字符串未命中判漏
nodes/r_5b1357a9c6/cards/t_27c409/notes_fontana_lawrence.md,22,### 1833–40卡洛斯战争,4655|4662,"- Mendizábal 1835/36：一次性quinta 100,000人（18–40岁男丁皆征；免役金4,000 reales或1,000+一匹马）；此前已有三轮各25,000。〔行4655–4662〕",仅候选：可能单位换算、概括、纠错或真正遗漏；不能以字符串未命中判漏
nodes/r_5b1357a9c6/cards/t_27c409/notes_fraser_cursed_war.md,25,## 附录2：29个初始洪塔585名成员社会构成（行11500–11640，Hocquellet博士论文+9洪塔）,42.3|63.6|85.7,- 地区差：阿拉贡教士42.3%最高；加泰军官27.9%+劳动阶层19.7%（唯一劳工显著区）；埃斯特雷马杜拉军官63.6%；阿斯图里亚斯市政85.7%。,仅候选：可能单位换算、概括、纠错或真正遗漏；不能以字符串未命中判漏
nodes/r_5b1357a9c6/cards/t_27c409/notes_fraser_cursed_war.md,31,## 附录5：人口账（行13510–13990；作者30万人样本，九地区，加权按1787 Floridablanca普查）,13510|13990,## 附录5：人口账（行13510–13990；作者30万人样本，九地区，加权按1787 Floridablanca普查）,仅候选：可能单位换算、概括、纠错或真正遗漏；不能以字符串未命中判漏
nodes/r_5b1357a9c6/cards/t_27c409/notes_tone_fatal_knot.md,18,## Ch.1 Guerrilla Country（行205–360）,7400|7572,"- Ribera反例：Tudela城7,572人中77人（多贵族）控制全部土地，直营67%（7,400英亩）；Corella 16贵族entail占12.5%耕地。Ribera精英""怕暴民甚于怕法国人""，易被法方拉拢；**Mina回忆：从未得到任何有衔贵族、mayorazgo所有者或富人的帮助**。",仅候选：可能单位换算、概括、纠错或真正遗漏；不能以字符串未命中判漏
nodes/r_5b1357a9c6/cards/t_27c409/notes_tone_fatal_knot.md,19,## Ch.1 Guerrilla Country（行205–360）,16675|2299|39489|71487,"- 全西教会（Tone引19世纪估算）：什一税约占农业净产出一半；教会señoríos=9城375镇2,299村=14%市镇；地产16,000平方英里=全国地表8%、耕地18%；地租年入5.65亿reales；神职：堂区司铎16,675（0.16%人口）+其他在俗神职39,489（0.38%）+修会71,487（0.69%）=人口1.23%。",仅候选：可能单位换算、概括、纠错或真正遗漏；不能以字符串未命中判漏
nodes/r_5b1357a9c6/cards/t_27c409/notes_tone_fatal_knot.md,48,## 榨取与动员定量（行2540–2720，转Joseba de la Torre）,13000|1650,"- 法军镇压兵力：Reille 1810年7月到任带8,000人；1811年1月Cafarelli+Chlopiski+Harispe+Reille共约13,000人扫荡；1811年5月Harispe撤后Reille 4,700+Cafarelli 2,400，扣守备后野战仅2,000+2,400≈游击同数；1811-05 Arlabán劫Masséna行李车队（护卫1,650人，杀240俘160）。",仅候选：可能单位换算、概括、纠错或真正遗漏；不能以字符串未命中判漏
nodes/r_5b1357a9c6/cards/t_29957a/R2_evidence_audit.md,13,## 1. 承重引文抽核（14项）,157|1809376,"| 03 | Crosby，印p145/PDF157；doc_verify定位“376 vessels arrived” | “In 1809, 376 vessels arrived at Kronstadt and St. Petersburg as compared to sixty for 1808.” | 1809已减压，不能把1807–1810整段写连续无恢复；艘数不是全国吨数 |",仅候选：可能单位换算、概括、纠错或真正遗漏；不能以字符串未命中判漏
nodes/r_5b1357a9c6/cards/t_29957a/R2_evidence_audit.md,17,## 1. 承重引文抽核（14项）,274|79.88|99.28,| 07 | Davey2009，印p263/PDF274表29，二次逐图看核 | Hemp：GB61、France2.4、America13.7、Spain/Portugal7、Holland/Germany/other15.9 | 麻列100；表未明按量/值，吨数尺度须同价映射假设；Flax列99.28、Tallow列79.88仍保留缺口；跨书共同Oddy来源，不是双原表互证 |,仅候选：可能单位换算、概括、纠错或真正遗漏；不能以字符串未命中判漏
nodes/r_5b1357a9c6/cards/t_29957a/R2_evidence_audit.md,32,## 2. 定量可复算项目,157|256,数据：76输入行（包含转引、辅助数据和作者估计）→157长表行，其中38是明确缺测、13是汇率倒数、16是损失端点摘要、8是替代尺度、6是人口端点。另256参数端点不是历史观察或随机样本。没有回归、p值、概率抽样或“成功格比例”。元数据通过只指9字段齐全。,仅候选：可能单位换算、概括、纠错或真正遗漏；不能以字符串未命中判漏
nodes/r_5b1357a9c6/cards/t_29957a/R2_russia_economy_nobility.md,53,### 1803–1815可用序列,33.3|577.811,| 1810 | 300 | 577.811 | 34.2 | 11.185 | 3.147 | 年均报价倒数约33.3银戈比，非倒数年均；25.4为时点未明另值 |,仅候选：可能单位换算、概括、纠错或真正遗漏；不能以字符串未命中判漏
nodes/r_5b1357a9c6/cards/t_29957a/R2_russia_economy_nobility.md,64,### 1803–1815可用序列,4550|70.8,"**【锚点】**Antonov记录国家机构以农奴“魂”为担保、5–6%名义息放贷；偿还期1819扩到12年、1824到24年、1830再扩。欠债庄园常由受托人接管收益，非立刻拍卖。国有信贷与私人转贷互通，不能把全部债务都说成奢侈消费。[S08,pp28–32] Kahan注46所载1800国家机构贵族债4550万/抵押70.8万魂只列旁证：网页注释受污染，未纳模型。",仅候选：可能单位换算、概括、纠错或真正遗漏；不能以字符串未命中判漏
nodes/r_5b1357a9c6/cards/t_29957a/R2_russia_economy_nobility.md,76,## ④ 经济、资源、运输与四港,860|940,"| 阿尔汉格尔斯克 | 冰期长，但1809后美船更多转入；Troshin记1809–11平均进口约940万卢布，早期约50万；不同价格币值，仅作方向证据[S03,p860] | S3绕行的重要出口；巴黎越封波海，北港与陆上中介越有利可图。无法把北港高运距直接等同无经济价值 |",仅候选：可能单位换算、概括、纠错或真正遗漏；不能以字符串未命中判漏
nodes/r_5b1357a9c6/cards/t_29957a/R2_russia_economy_nobility.md,142,## ⑪ 生态、人口与资源存量,4180.56|4378.5|4882.54|5286.45,"**【锚点】**Rashin回溯统计区、不含波兰芬兰，1811约4378.5万人；欧洲49省表1811为4180.56万、1838为4882.54万、1851为5286.45万。其表格并非严格同时疆界，女性漏计、户籍/实住差、部分西省过计均被作者指出。[S15,表6–10及章首] 敖德萨腹地仍受1845牛疫、1848严寒草料不足及歉收影响。[S07,pp66–69]",仅候选：可能单位换算、概括、纠错或真正遗漏；不能以字符串未命中判漏
nodes/r_5b1357a9c6/cards/t_29957a/R2_russia_economy_nobility.md,152,## ⑪ 生态、人口与资源存量,4378.5|5460,**【推演｜中低】**以4378.5万同统计比较区为起点、年增0.6–0.9%的条件推算，S5到1848约5460–6100万人。它是避免大规模破坏而仍有疾病/歉收的规划带，不是帝国当年精确疆界预测。人口更多可增加税源，也会增加对土地和生计的压力；不能保证人均改善。免于法国入侵不等于免于1816天气冲击或1840年代粮运危机。,仅候选：可能单位换算、概括、纠错或真正遗漏；不能以字符串未命中判漏
nodes/r_5b1357a9c6/cards/t_29957a/R2_russia_economy_nobility.md,177,## ⑮ 能力上限：历史水平、崩溃点与未用潜力,4378.5|5460,| 人口 | 1811比较区4378.5万[S15表6] | 疾病、食物、征发与统计漏误 | **中低**：1848同尺度5460–6100万的S5规划带；非精确疆界总数 |,仅候选：可能单位换算、概括、纠错或真正遗漏；不能以字符串未命中判漏
nodes/r_5b1357a9c6/cards/t_29957a/R2_russia_economy_nobility.md,247,### 原有市场的条件尺度,79.88|91.26|99.28,"**【锚点】**Davey所引Oddy回列1806目的地表：麻英61%、法2.4%、西葡7%、荷德等15.9%、美国13.7%；铁英75%、法2.22%。亚麻英91.26%，但该列合计99.28%；脂油英76%，全列合计仅79.88%。本卡逐图确认表格残差，不把空格补零或用残表算完整加权依赖。该表未明确分品百分比按数量还是按值，后续吨数尺度额外假设同品目的地份额可在近似同价下映为量；若估价不同，倍数只作等价采购规模，不能当严格吨数。[S02,p263表29]",仅候选：可能单位换算、概括、纠错或真正遗漏；不能以字符串未命中判漏
nodes/r_5b1357a9c6/cards/t_29957a/R2_russia_economy_nobility.md,319,## ⑭ 1803–1848五情景年表（30节点）,4882.54|5460,| 23｜1838 | 人口比较表4882.54万欧洲省[S15表10]→劳动税源增长 | 中：商业俄国仍以农业人口为主 | 中：无入侵优势不等人均跃升 | 中：人口增长可稀释可耕地/收入，非封锁独因 | 中：本卡规划总人口向1848的5460–6100万带延伸 | 中：俄对大陆干预潜力增，人口不可被法国税吏提取 |,仅候选：可能单位换算、概括、纠错或真正遗漏；不能以字符串未命中判漏
nodes/r_5b1357a9c6/cards/t_29957a/R2_russia_economy_nobility.md,400,## 实际使用,057|274,"| S02 | James Davey, *War, Naval Logistics and the British State: Supplying the Baltic Fleet 1808–1812*, doctoral thesis, University of Greenwich,2009，[repository PDF](https://gala.gre.ac.uk/id/eprint/5653/4/James%20Davey%202009%20-%20redacted.pdf) | 印pp262–265/PDF273–276；表29印263/PDF274逐图核。另读250–254不作R2核心论据。表29来自TNA FO22/63/7–11，**转引未亲阅**；脂油列残缺，亚麻列不闭合；份额按量/值未明，吨数映射另加同价假设 | `downloads/R2_Davey2009.pdf`；doc`9cdc057c893a`；`notes_crosby_davey.md` |",仅候选：可能单位换算、概括、纠错或真正遗漏；不能以字符串未命中判漏
nodes/r_5b1357a9c6/cards/t_29957a/R2_russia_economy_nobility.md,405,## 实际使用,0916458431|83211926|9780916458430,"| S07 | Patricia Herlihy,*Odessa:A History,1794–1914*,Harvard Ukrainian Research Institute，版权1986（抓取站标1991）；[第三方OCR](https://ebin.pub/odessa-a-history-1794-1914-0916458431-9780916458430.html) | 版权页、印pp37–44、64–70、95–101。表2.1币种未明；Morton1830p257为其底本，非本轮亲阅。港、银行、粮食/海峡/车运 | `downloads/pages/83d83211926c.md`；本卡`source_herlihy_37_42.txt`,`source_herlihy_transport.txt`,`source_herlihy_trade.txt`；`notes_credit_ports.md`,`notes_longrun.md` |",仅候选：可能单位换算、概括、纠错或真正遗漏；不能以字符串未命中判漏
nodes/r_5b1357a9c6/cards/t_29957a/R2_russia_economy_nobility.md,406,## 实际使用,0209|9780674972599,"| S08 | Sergei Antonov,*Bankrupts and Usurers of Imperial Russia:Debt,Property,and the Law in the Age of Dostoevsky and Tolstoy*,Harvard UP,2016，[第三方OCR](https://ebin.pub/bankrupts-and-usurers-of-imperial-russia-debt-property-and-the-law-in-the-age-of-dostoevsky-and-tolstoy-9780674972599.html) | Introduction pp28–32；信用机构、展期、抵押与私人信用互通；1855/59仅远期制度上限类比，不能倒灌1803 | `downloads/pages/05a0209a543e.md`；`source_antonov_credit_excerpt.txt`；`notes_credit_ports.md` |",仅候选：可能单位换算、概括、纠错或真正遗漏；不能以字符串未命中判漏
nodes/r_5b1357a9c6/cards/t_29957a/R2_russia_economy_nobility.md,407,## 实际使用,196640|2492650|2943372|45.5,"| S09 | Arcadius Kahan,“The Costs of ‘Westernization’ in Russia:The Gentry and the Economy in the Eighteenth Century”,*Slavic Review*25(1),1966,40–66，[DOI](https://doi.org/10.2307/2492650) | **只读Cambridge Extract与脚注4、5、6、43、46，非全文**。地租形式、商人保护主义。注46尾混入1927德国档案，1800债务45.5m与708k抵押只作为待复核旁证，不作模型输入 | `downloads/pages/f4d2943372ac.md`；`notes_credit_ports.md` |",仅候选：可能单位换算、概括、纠错或真正遗漏；不能以字符串未命中判漏
nodes/r_5b1357a9c6/cards/t_29957a/R2_russia_economy_nobility.md,410,## 实际使用,01273021|71024|74504,"| S12 | «Россия,разд.Финансовое хозяйство России(первая половина XIXвека)»,Rulex电子现代拼写版，网站自述源自Brockhaus/Efron词典，[网页](http://rulex.ru/01273021.htm) | 财政正文及版本说明；发行与汇率参照，未核原词典卷页。与S11年均不合不拼接。本卡原始币种争议留账，未作统一财政回归 | `downloads/pages/b71024f74504.md`；`notes_credit_ports.md` |",仅候选：可能单位换算、概括、纠错或真正遗漏；不能以字符串未命中判漏
nodes/r_5b1357a9c6/cards/t_29957a/R2_russia_economy_nobility.md,411,## 实际使用,162000|1974336|3112952|6165,"| S13 | John P. McKay,“Foreign Enterprise in Russian and Soviet Industry:A Long Term Perspective”,*Business History Review*48(3),1974,336–356，[DOI](https://doi.org/10.2307/3112952) | **摘要与注8等，非全文**。1800生铁162000公吨转引Strumilin I p204；技术输入与自主权机制不等于法国控制 | `downloads/pages/1b6165aee016.md`；`notes_credit_ports.md` |",仅候选：可能单位换算、概括、纠错或真正遗漏；不能以字符串未命中判漏
nodes/r_5b1357a9c6/cards/t_29957a/R2_russia_economy_nobility.md,412,## 实际使用,1874457|467127|70462842|9868,"| S14 | 俄总统图书馆，«Издан указ об обязанных крестьянах»，[1842释文](https://www.prlib.ru/history/1874457)；«Крестьянская реформа1861года»，[藏品导论](https://www.prlib.ru/collections/467127) | 前者全文、后者历史简介：1803/1842自愿解放、1837–41国有农民、1847清册、1816–19波海解放。是机构释文而非已读PSZ原敕；不采用不对齐的三千万/魂数比例 | `downloads/pages/f70462842c06.md`,`downloads/pages/454e935e9868.md`；`notes_crosby_davey.md` |",仅候选：可能单位换算、概括、纠错或真正遗漏；不能以字符串未命中判漏
nodes/r_5b1357a9c6/cards/t_29957a/R2_russia_economy_nobility.md,419,## 实际使用,619715|644|76741,| S21 | 俄总统图书馆，«Состоялось официальное открытие первой в России казённой железной дороги»，[条目](https://www.prlib.ru/history/619715) | 全文；1842批准、1846分段运行、1851全线644km。只作工程周期类比，累计80万工人等口径本卡不用 | `downloads/pages/61ed76741f61.md`；`notes_longrun.md` |,仅候选：可能单位换算、概括、纠错或真正遗漏；不能以字符串未命中判漏
nodes/r_5b1357a9c6/cards/t_29957a/R2_russia_economy_nobility.md,443,## 检索而未采用的晚期复核,101.5|47.25|6702|923,"Brockhaus/Efron «Александр I,Император Всероссийский»电子转录，http://www.brocgaus.ru/text/002/923.htm，保存`downloads/pages/a6702a368d37.md`，仅核财政相关段。1801–04外债47.25m银卢布、1810外债100m未明币种、1814荷债101.5m荷盾线索可追，但同段收入/欠款/预算口径混杂、未核原版卷页，故不据此填平国家债务年度表。该词典与S12非独立当代账。检索所得学生网页“存量债务≈一年收入所以年度收入几乎全用于债务”等混淆不采用。",仅候选：可能单位换算、概括、纠错或真正遗漏；不能以字符串未命中判漏
nodes/r_5b1357a9c6/cards/t_29957a/R2_russia_economy_nobility.md,449,## 引用限制与复现,1357|256|29957,复算：`python3 nodes/r_5b1357a9c6/cards/t_29957a/R2_model.py`，再运行同目录`R2_audit.py`独立Decimal复算并从分段稿生成正式报告。引文/口径末核见`R2_evidence_audit.md`。`R2_metadata_audit.json`只证明元数据键存在，不证明历史事实；`R2_crosby_snapshot.json`冻结原PDF哈希。数值来源逐行在`R2_inputs.csv`；模型参数在`R2_parameters.csv`；无概率采样、无p值，256个端点不是256次历史观测。,仅候选：可能单位换算、概括、纠错或真正遗漏；不能以字符串未命中判漏
nodes/r_5b1357a9c6/cards/t_29957a/model_protocol.md,9,# R2数据与模型预先口径,1440|15180|36600,5. 法国替代量：Davey1806 hemp英61/法2.4/西葡7/荷德等15.9/美国13.7；原表未明份额按数量或金额，计算额外假设同商品各目的地近似同价、份额可映为量；以Crosby约6万原书tons麻出口量仅作跨年尺度换算，不统一为公吨、不标1806精确观察；法基量1440原书tons，英36600原书tons，大陆15180原书tons(法+西葡+荷德等)，英份额/法=25.4167倍。法国直接吸收全英量需总市场26.4167倍；大陆若替全英则3.4111倍原基量。并不忽略荷德转口英国，故该大陆容量是偏宽的基准尺。另文采购包的10–35%以全部旧英国市场为分母，主模型r则以被堵而未由中立船保留部分为分母，两者不混称同一比例。,仅候选：可能单位换算、概括、纠错或真正遗漏；不能以字符串未命中判漏
nodes/r_5b1357a9c6/cards/t_29957a/model_protocol.md,10,# R2数据与模型预先口径,43.785|51848,6. S5 1848人口与产出：人口只做Rashin表6同统计比较区（不含波兰/芬兰）的1811底43.785m、年增.6–.9%的规划包络；不因未来俄波/芬/外高加索征服另加人口。该比较区不严格等同当年疆界，底表对部分后来区域回列，另有登记漏误。真实人均产出改变量没有可校准面板，工业与市场化产出给方向/时间窗，不伪造GDP。可选铁路/自由港均为制度工程，不自动继承史实年份。,仅候选：可能单位换算、概括、纠错或真正遗漏；不能以字符串未命中判漏
nodes/r_5b1357a9c6/cards/t_29957a/notes_credit_ports.md,6,"## A｜Sergei Antonov, Bankrupts and Usurers of Imperial Russia (Harvard UP 2016), Introduction pp.28–32",1859425.5|398.2,- pp.29–30：抵押庄园有优先债权，欠款更多以接管收入而非即刻拍卖处置；1855/59数据为远期制度上限类比，不倒灌1803（1855国家贵族贷款398.2百万银卢布、1859 425.5百万/66%私有农奴担保）。,仅候选：可能单位换算、概括、纠错或真正遗漏；不能以字符串未命中判漏
nodes/r_5b1357a9c6/cards/t_29957a/notes_credit_ports.md,12,"## Ka｜Arcadius Kahan, The Costs of “Westernization” in Russia, Slavic Review25(1),1966,40–66",45.5|708000,"- 注46第一句：1800地主对国家信用机构欠款45.5百万卢布、抵押708,000农奴（转引Borovoi1958 pp.76–78）；脚注后混入1927外交档案，网页污染明显，数字仅暂存并注明未对页。",仅候选：可能单位换算、概括、纠错或真正遗漏；不能以字符串未命中判漏
nodes/r_5b1357a9c6/cards/t_29957a/notes_credit_ports.md,18,"## H｜Patricia Herlihy, Odessa: A History,1794–1914 (版权1986；站标1991)",18042339509|18053399291|1806822927|1807336022|18081975013|18091776290|18103146994|18117747544|18125855045|18138861956,- p.39表2.1（转引Morton1830 p257；海运出口rubles未明币种，禁止并全国银值）：1804 2339509;1805 3399291;1806 822927;1807 336022;1808 1975013;1809 1776290;1810 3146994;1811 7747544;1812 5855045;1813 8861956。,仅候选：可能单位换算、概括、纠错或真正遗漏；不能以字符串未命中判漏
nodes/r_5b1357a9c6/cards/t_29957a/notes_credit_ports.md,28,## F｜Brockhaus/Efron财政条目电子改写版,1806.675|1807.5375|1808.4467|1809.4333|1810.254|1814.20,- 汇率1806 .675、1807 .5375、1808 .4467、1809 .4333、1810 .254、1814 .20，未标年均，不能与年均序列无缝拼接。,仅候选：可能单位换算、概括、纠错或真正遗漏；不能以字符串未命中判漏
nodes/r_5b1357a9c6/cards/t_29957a/notes_credit_ports.md,29,## F｜Brockhaus/Efron财政条目电子改写版,595.776|836,- 1817→1823纸币存量836→595.776m；1839银卢布本位、1843兑换。,仅候选：可能单位换算、概括、纠错或真正遗漏；不能以字符串未命中判漏
nodes/r_5b1357a9c6/cards/t_29957a/notes_credit_ports.md,34,## Fw｜俄文Wikipedia Ассигнационный рубль 年均表（仅分级辅助）,1805292.199110|1806319.239960|1807382.329505|1808477.368580|1809533.201300|1810577.810900|1812645.894400|1815825,年末纸币存量（百万）：1805 292.199110、1806 319.239960、1807 382.329505、1808 477.368580、1809 533.201300、1810 577.810900、1812 645.894400、1815 825。各缺年留空，禁止插值当观察。,仅候选：可能单位换算、概括、纠错或真正遗漏；不能以字符串未命中判漏
nodes/r_5b1357a9c6/cards/t_29957a/notes_credit_ports.md,38,"## P｜K.V. Pokidina 2022, Континентальная блокада и Положение о нейтральной торговле на1811год",34.7|38.8,- 1810/11/12进口20.6/23.1/23.2m、出口34.2/34.7/38.8m银卢布，引Zlotnikov1966 p132；包括何种再出口未在这里闭合。,仅候选：可能单位换算、概括、纠错或真正遗漏；不能以字符串未命中判漏
nodes/r_5b1357a9c6/cards/t_29957a/notes_credit_ports.md,43,"## I｜John P. McKay, Foreign Enterprise in Russian and Soviet Industry (1974)",156000|162000|3112952|6165,"BHR48(3),336–356,doi10.2307/3112952，Cambridge摘要及脚注，非正文；downloads/pages/1b6165aee016.md。注8：1800俄生铁162000公吨/英156000，转引Strumilin I p204。不能与条铁出口混用。摘要指出反复引入外国技术而保持经济主权，适用于S5自主工业化可能性，不是法国控制的证据。",仅候选：可能单位换算、概括、纠错或真正遗漏；不能以字符串未命中判漏
nodes/r_5b1357a9c6/cards/t_29957a/notes_crosby_davey.md,9,"## C｜Alfred W. Crosby Jr., America, Russia, Hemp, and Napoleon (Ohio State UP1965)",1618819|8403014,"- pp32–35：“Russia's main commercial problem ... one of internal transportation”。但p33强反证：“It was less expensive ... by these sledges from Moscow to the Baltic than the equivalent distance by sea.” 雪橇与水路组合/低劳费并非一切陆运都高到不可能；冬季集货春航，乌拉尔铁经Kama→Volga逆流→VyshnyVolochek→Ladoga→Neva。1797运河船载8,403,014普特另有1,618,819切特韦尔特等，单位不加总；驳船100–400吨（作者tons非公吨）。",仅候选：可能单位换算、概括、纠错或真正遗漏；不能以字符串未命中判漏
nodes/r_5b1357a9c6/cards/t_29957a/notes_crosby_davey.md,11,"## C｜Alfred W. Crosby Jr., America, Russia, Hemp, and Napoleon (Ohio State UP1965)",642|971,- p37英国常收彼堡出口1/2–2/3；1802英国971入港船642空载、932出港船仅39空载。p39注22：1800前后英国收俄麻35–40kt/总60kt；1803亚麻近10kt/15kt；与Davey1806亚麻91%范围不同，不能混成固定常数。,仅候选：可能单位换算、概括、纠错或真正遗漏；不能以字符串未命中判漏
nodes/r_5b1357a9c6/cards/t_29957a/notes_crosby_davey.md,13,"## C｜Alfred W. Crosby Jr., America, Russia, Hemp, and Napoleon (Ohio State UP1965)",1452233|1809376|5159798,"- p145彼堡/Kronstadt1808入60艘、1809 376艘（季能力1000为描述非严格上限）；进口1,452,233→5,159,798rubles，出口5,875,896→20,314,406rubles，币种段内未明，不并全国银值。",仅候选：可能单位换算、概括、纠错或真正遗漏；不能以字符串未命中判漏
nodes/r_5b1357a9c6/cards/t_29957a/notes_crosby_davey.md,24,"## D｜James Davey, War, Naval Logistics and the British State (Greenwich博士2009)",20249|2621809|722000|7520001810,- p2621809/10英国北欧麻采购£722000/752000，1810军海麻库存20249吨/年耗12000（转引，不本卡复核军需单位）。,仅候选：可能单位换算、概括、纠错或真正遗漏；不能以字符串未命中判漏
nodes/r_5b1357a9c6/cards/t_29957a/notes_crosby_davey.md,33,## S｜俄总统图书馆1842义务农民法释文,1874457|70462842,https://www.prlib.ru/history/1874457；downloads/pages/f70462842c06.md。已读全文。1803允许自愿赎地、1842自愿人身自由保留土地使用义务，贵族不广泛支持；1837–41国有农民改革/1847清册。引用«земля есть Божья»为1842斯摩棱斯克贵族恐惧的民间土地观转引，不当全农民直接调查；小规模说明自愿制改革瓶颈。,仅候选：可能单位换算、概括、纠错或真正遗漏；不能以字符串未命中判漏
nodes/r_5b1357a9c6/cards/t_29957a/notes_longrun.md,9,"## Rsh｜A.G. Rashin, Население России за100лет (1811–1913), chapter1网络版",181141.8056|181143.785|183848.8254|185152.8645|186361.1759|186369.960,表6俄国不含波兰/芬兰：1811 43.785m、1863 69.960m。表10欧洲俄国49省对齐：1811 41.8056m、1838 48.8254m、1851 52.8645m、1863 61.1759m。地界用后出区域对齐而非当年实控（例如1811列Bessarabia .3m），表7称50省而表10称49需保留。章首提示女人漏计、登记户籍非在场人口、西省过计；不是精密现代普查。,仅候选：可能单位换算、概括、纠错或真正遗漏；不能以字符串未命中判漏
nodes/r_5b1357a9c6/cards/t_29957a/notes_longrun.md,24,## Rail2｜总统图书馆首都干线条目,619715|644|76741,https://www.prlib.ru/history/619715；downloads/pages/61ed76741f61.md。实读全文，1842-02-01 OS/13 NS批准，1846分段运行，1851开通644km。只用年代和工程周期；所谓80万工人不明人次/人数，‘最先进’等不采。反事实可提前或延后窗口，不自动把1851全线倒放到1848。,仅候选：可能单位换算、概括、纠错或真正遗漏；不能以字符串未命中判漏
nodes/r_5b1357a9c6/cards/t_29957a/notes_postsubmission_R1.md,7,## 一、1811报价与币值,212|3293167,"收到R1关于麻价须区分名义/实际的提醒后，重读Crosby印pp212–213（PDF224–225，doc7e3293167a7c）。原文称至八月金属卢布在伦敦、汉堡、巴黎、阿姆斯特丹金融市场上涨30–40%；随后另写纸卢布贬值“slowed, halted, and was beginning to inch upward”。这是两种不同币值关系，不能把30–40%套成纸卢布对银升值幅度；也不能用1810/1811年均汇率直接平减1811一月/八月两端报价。",仅候选：可能单位换算、概括、纠错或真正遗漏；不能以字符串未命中判漏
nodes/r_5b1357a9c6/cards/t_29957a/notes_trade.md,4,## 末核补记（2026-09-23）,860|940,已再次完整读取PDF6/9/10（印856/859/860）回执：0.43/.69/.74为价格比；1812再出口不能倒灌1808–11；阿港进口940万是1809–11年均/名义卢布，不能把作者用四倍折价得出的‘五倍’当本卡精确复算。以下早期‘p9页尾未全读’状态由本补记更新。,仅候选：可能单位换算、概括、纠错或真正遗漏；不能以字符串未命中判漏
nodes/r_5b1357a9c6/cards/t_29957a/notes_trade.md,12,## T｜N.N. Troshin 2015,1809.69|1810.74,- p.856正文明确：1808贸易条件0.43（1807=1）、1809 .69、1810 .74、1811近同。出口价1808跌13%、1809增67%，进口1808约倍增、1809+18%。只录正文作者估算，不当全国实物量。,仅候选：可能单位换算、概括、纠错或真正遗漏；不能以字符串未命中判漏
nodes/r_5b1357a9c6/cards/t_29957a/notes_trade.md,13,## T｜N.N. Troshin 2015,0778|857,- p.857：俄国商船份额>9%，波罗的海约3.5%（作者口径）；美船1806/07 78→91、艘数占比1.8→3.5%、吨位2.8→5.3%。1809起英护航使中立贸易改善。作者称负影响限1808，推理过强：恢复到0.74仍非1。,仅候选：可能单位换算、概括、纠错或真正遗漏；不能以字符串未命中判漏
nodes/r_5b1357a9c6/cards/t_29957a/report_part1.md,53,### 1803–1815可用序列,33.3|577.811,| 1810 | 300 | 577.811 | 34.2 | 11.185 | 3.147 | 年均报价倒数约33.3银戈比，非倒数年均；25.4为时点未明另值 |,仅候选：可能单位换算、概括、纠错或真正遗漏；不能以字符串未命中判漏
nodes/r_5b1357a9c6/cards/t_29957a/report_part1.md,64,### 1803–1815可用序列,4550|70.8,"**【锚点】**Antonov记录国家机构以农奴“魂”为担保、5–6%名义息放贷；偿还期1819扩到12年、1824到24年、1830再扩。欠债庄园常由受托人接管收益，非立刻拍卖。国有信贷与私人转贷互通，不能把全部债务都说成奢侈消费。[S08,pp28–32] Kahan注46所载1800国家机构贵族债4550万/抵押70.8万魂只列旁证：网页注释受污染，未纳模型。",仅候选：可能单位换算、概括、纠错或真正遗漏；不能以字符串未命中判漏
nodes/r_5b1357a9c6/cards/t_29957a/report_part1.md,76,## ④ 经济、资源、运输与四港,860|940,"| 阿尔汉格尔斯克 | 冰期长，但1809后美船更多转入；Troshin记1809–11平均进口约940万卢布，早期约50万；不同价格币值，仅作方向证据[S03,p860] | S3绕行的重要出口；巴黎越封波海，北港与陆上中介越有利可图。无法把北港高运距直接等同无经济价值 |",仅候选：可能单位换算、概括、纠错或真正遗漏；不能以字符串未命中判漏
nodes/r_5b1357a9c6/cards/t_29957a/report_part1.md,142,## ⑪ 生态、人口与资源存量,4180.56|4378.5|4882.54|5286.45,"**【锚点】**Rashin回溯统计区、不含波兰芬兰，1811约4378.5万人；欧洲49省表1811为4180.56万、1838为4882.54万、1851为5286.45万。其表格并非严格同时疆界，女性漏计、户籍/实住差、部分西省过计均被作者指出。[S15,表6–10及章首] 敖德萨腹地仍受1845牛疫、1848严寒草料不足及歉收影响。[S07,pp66–69]",仅候选：可能单位换算、概括、纠错或真正遗漏；不能以字符串未命中判漏
nodes/r_5b1357a9c6/cards/t_29957a/report_part1.md,152,## ⑪ 生态、人口与资源存量,4378.5|5460,**【推演｜中低】**以4378.5万同统计比较区为起点、年增0.6–0.9%的条件推算，S5到1848约5460–6100万人。它是避免大规模破坏而仍有疾病/歉收的规划带，不是帝国当年精确疆界预测。人口更多可增加税源，也会增加对土地和生计的压力；不能保证人均改善。免于法国入侵不等于免于1816天气冲击或1840年代粮运危机。,仅候选：可能单位换算、概括、纠错或真正遗漏；不能以字符串未命中判漏
nodes/r_5b1357a9c6/cards/t_29957a/report_part2.md,61,### 原有市场的条件尺度,79.88|91.26|99.28,"**【锚点】**Davey所引Oddy回列1806目的地表：麻英61%、法2.4%、西葡7%、荷德等15.9%、美国13.7%；铁英75%、法2.22%。亚麻英91.26%，但该列合计99.28%；脂油英76%，全列合计仅79.88%。本卡逐图确认表格残差，不把空格补零或用残表算完整加权依赖。该表未明确分品百分比按数量还是按值，后续吨数尺度额外假设同品目的地份额可在近似同价下映为量；若估价不同，倍数只作等价采购规模，不能当严格吨数。[S02,p263表29]",仅候选：可能单位换算、概括、纠错或真正遗漏；不能以字符串未命中判漏
nodes/r_5b1357a9c6/cards/t_29957a/report_part2.md,117,## ⑮ 能力上限：历史水平、崩溃点与未用潜力,4378.5|5460,| 人口 | 1811比较区4378.5万[S15表6] | 疾病、食物、征发与统计漏误 | **中低**：1848同尺度5460–6100万的S5规划带；非精确疆界总数 |,仅候选：可能单位换算、概括、纠错或真正遗漏；不能以字符串未命中判漏
nodes/r_5b1357a9c6/cards/t_29957a/report_timeline.md,29,## ⑭ 1803–1848五情景年表（30节点）,4882.54|5460,| 23｜1838 | 人口比较表4882.54万欧洲省[S15表10]→劳动税源增长 | 中：商业俄国仍以农业人口为主 | 中：无入侵优势不等人均跃升 | 中：人口增长可稀释可耕地/收入，非封锁独因 | 中：本卡规划总人口向1848的5460–6100万带延伸 | 中：俄对大陆干预潜力增，人口不可被法国税吏提取 |,仅候选：可能单位换算、概括、纠错或真正遗漏；不能以字符串未命中判漏
nodes/r_5b1357a9c6/cards/t_2c3192/R3_russian_army.md,19,### ① 决策结构与政治制度,1810.1|825,"- 〔锚点〕保罗引入普鲁士式""君主亲任总司令""体制，皇帝军事秘书处长（adjutant-general，1812年前为Christoph Lieven）是""皇帝军务第一副手""（Lieven ch3 L825）。战争大臣序列：Arakcheev（1808–10，整肃行政）→Barclay（1810.1–1812，备战规划）——""1808年需要的是用恐怖恢复秩序的人，1810年需要的是能筹划战争的前线军人""（Lieven ch4 L1166–1172）。",仅候选：可能单位换算、概括、纠错或真正遗漏；不能以字符串未命中判漏
nodes/r_5b1357a9c6/cards/t_2c3192/R3_russian_army.md,21,### ① 决策结构与政治制度,1333|1369|1463|1465,"- 〔锚点〕指挥内斗结构性存在：Bagration/Tormasov军阶高于Barclay；Bennigsen""曾任总司令不愿居人下""；Ermolov绕过Barclay直报皇帝；皇帝8月9/11日两函亲自压Barclay进攻（Lieven ch5 L1333、L1369、L1463–1465）。1812年8月Kutuzov任命出自六显贵委员会，""由人民的意志、几乎违背君主的意愿""（Pushchin日记，Lieven ch6 L1715–1717）。",仅候选：可能单位换算、概括、纠错或真正遗漏；不能以字符串未命中判漏
nodes/r_5b1357a9c6/cards/t_2c3192/R3_russian_army.md,28,### ② 法律司法与行政渗透,1184|2729|2731,"- 〔锚点〕1811年建内卫军（внутренняя стража）：接管押送新兵/战俘，""从战争努力角度是天赐""；执行烈度：Riga内卫营1813年2月从25官585兵耗散到9官195兵，""扫荡乡间抓躲征者、抓路边人凑数""；Tambov省长因征兵迟缓被撤（Lieven ch4 L1184、ch10 L2729–2731）。",仅候选：可能单位换算、概括、纠错或真正遗漏；不能以字符串未命中判漏
nodes/r_5b1357a9c6/cards/t_2c3192/R3_russian_army.md,35,### ③ 财政货币金融（军队视角；总账归R2卡）,1810.2|1811.1|577,"- 〔锚点〕Speransky 1811年自报：1810年计划""收入125百万、支出225百万、债务577百万""卢布；停发纸币宣布（1810.2）与实际执行（1811.1）差一年、被迫再发4,300万（t_26cd47/russian_evidence.md E8，转录本）。",仅候选：可能单位换算、概括、纠错或真正遗漏；不能以字符串未命中判漏
nodes/r_5b1357a9c6/cards/t_2c3192/R3_russian_army.md,36,### ③ 财政货币金融（军队视角；总账归R2卡）,1256|1634,"- 〔锚点〕**本土作战的替代融资**：Alexander 1812年8月：""只有拿破仑作为侵略者踏上俄土，社会才会团结承担牺牲""——自愿捐输只在卫国战争可行（Lieven ch4 L1256）；1812年社会捐输约1亿卢布（同时代审慎估计，多为实物；ch7 L1970）；Pskov一省1,400万卢布=1811年战争部全军伙食预算1/3（ch6 L1634）。",仅候选：可能单位换算、概括、纠错或真正遗漏；不能以字符串未命中判漏
nodes/r_5b1357a9c6/cards/t_2c3192/R3_russian_army.md,44,### ④ 经济：军工产出与运输,102940|296000,"- 〔锚点〕火药弹药充裕：1812-07-22炮兵总监呈报三线park囤炮弹296,000发、枪弹4,400万发、火药17,500英担，帝国另储102,940英担、夏季再产18,000（Riehn p.154；同源Bogdanovich行222）。",仅候选：可能单位换算、概括、纠错或真正遗漏；不能以字符串未命中判漏
nodes/r_5b1357a9c6/cards/t_2c3192/R3_russian_army.md,50,### ⑤ 撷取与动员上限（峰值与崩溃点）,1933608|2271571,"- 〔锚点〕levy制度基线：1705–1825共90次levy；至1801累计2,271,571人，Alexander朝再征1,933,608人；被征占登记男丁：彼得朝3.6%→18世纪末7%→**19世纪初8%**（Keep p.145及注5，Shchepetil'nikov/Beskrovnyy/Aleksandrov三系）。",仅候选：可能单位换算、概括、纠错或真正遗漏；不能以字符串未命中判漏
nodes/r_5b1357a9c6/cards/t_2c3192/R3_russian_army.md,51,### ⑤ 撷取与动员上限（峰值与崩溃点）,1812.8|1813.8|2707,"- 〔锚点〕年度节奏：和平年1/500（叶卡捷琳娜常例）；1811年秋4/500（Rumiantsev对法解释：""比去年多""→1810<4/500；Bogdanovich行74）；**1812年三levy合计20/500**（Keep p.145）；82nd–85th三次总征1812.8–1813.8**共征65万+**，主要落在四成国有地农民身上；年龄上限提至40岁、身高降至约1.52米（Lieven ch10 L2707）。",仅候选：可能单位换算、概括、纠错或真正遗漏；不能以字符串未命中判漏
nodes/r_5b1357a9c6/cards/t_2c3192/R3_russian_army.md,53,### ⑤ 撷取与动员上限（峰值与崩溃点）,2811|32.5,"- 〔锚点〕**峰值实证**：1812–14动员总账（Riehn pp.87–90）：一线24.2万+二线13.7万+三线16.1万=48.8万，逐次投入42.8万；加1813年Lobanov后备军至战争结束**在册32.5万**（""纸面≠在列，近1/4患病""，Lieven ch10 L2811）。",仅候选：可能单位换算、概括、纠错或真正遗漏；不能以字符串未命中判漏
nodes/r_5b1357a9c6/cards/t_2c3192/R3_russian_army.md,55,### ⑤ 撷取与动员上限（峰值与崩溃点）,1254|1812.12|6734,"- 〔机制〕俄式动员的真正稀缺不是人而是**干部与装具**：""找军官军士始终比抓新兵难""（Lieven ch4 L1254）；贵族团1807–12发出3,000+委任状；1812.12皇帝令过剩文官转军官否则解职（L6734注41）。",仅候选：可能单位换算、概括、纠错或真正遗漏；不能以字符串未命中判漏
nodes/r_5b1357a9c6/cards/t_2c3192/R3_russian_army.md,59,### ⑥ 军事本体,104250|1236|1333|136000|188|190250|242000|280000|31000|34000|38000|53000|57000|87000,"- 〔锚点〕规模四集合（1812年6月）：编制48万+1,600炮（Bogdanovich行186）｜在册近60万（Lieven ch4 L1238）｜多线分布：西线280,000（除后备营200,000）、多瑙战区87,000（北调野战部分53,000/240炮）、芬兰30,000、高加索线+格鲁吉亚34,000、克里米亚/新俄19,500（Bogdanovich行188；Riehn p.89；Lieven L1238记""高加索42,000、芬兰31,000、克里米亚南乌17,500、多瑙近60,000""——口径差为战区边界划法，并列保留）｜一线三军242,000含哥萨克（Lieven L1236；另L1333：一军约136,000、二军约57,000、三军约48,000）；Riehn p.88细目为104,250+7,000/33,000+4,000/38,000+4,000，合计仅190,250——**Lieven与Riehn的一线口径差约5万**（Riehn计野战建制实力，Lieven含随军后备/要塞分遣元素），两系列各自内部一致，**禁止跨系列混算**（口径冲突表已入§8.2）。",仅候选：可能单位换算、概括、纠错或真正遗漏；不能以字符串未命中判漏
nodes/r_5b1357a9c6/cards/t_2c3192/R3_russian_army.md,62,### ⑥ 军事本体,1214|1218,"- 〔锚点〕轻步兵：50+个jaeger团（名义10万+），芬兰/高加索/多瑙老兵团最佳——萨克森军官对比Oertel新兵团与多瑙军Sacken部：""射击精准、火器射程两倍于我""（Lieven ch4 L1214–1218）。",仅候选：可能单位换算、概括、纠错或真正遗漏；不能以字符串未命中判漏
nodes/r_5b1357a9c6/cards/t_2c3192/R3_russian_army.md,64,### ⑥ 军事本体,614|713|717,"- 〔锚点〕马匹：250家私人马场（1800年）供重骑；英国军官证词俄重骑马""matchless""；**1813年拿破仑""补人易补马难""、缺骑兵被迫接受夏季停战**（Lieven ch1 L614、ch2 L713–717）。",仅候选：可能单位换算、概括、纠错或真正遗漏；不能以字符串未命中判漏
nodes/r_5b1357a9c6/cards/t_2c3192/R3_russian_army.md,65,### ⑥ 军事本体,1268|1294|1296|1300,"- 〔锚点〕战略层：Barclay 1810年3月备忘录首倡纵深防御（两翼设防营依托Riga/Bobruisk要塞）；Pfühl将其移植到中央=Drissa；**工程总监Oppermann 1811年8月：德维纳河""挡不住认真进攻""**；Dünaburg要塞1812年夏未完工、中央洞开；1812年3月已知法军第一波45万→Drissa可被掩护+侧翼包抄（""如乌尔姆之Mack""）；Barclay视Drissa为""无害的储栈+撤退中转""（Lieven ch4 L1268–1294）。真实战前思想=Chuikevich 1812年4月备忘录：""完全反着敌人想要的打""——撤退、轻骑袭交通线、""落回补给基地前避免大会战""、法比乌斯+威灵顿为范、""失去几省不足惧""（L1296）；**但""诱敌入腹地的具体预案实际上不存在""**（L1300）。",仅候选：可能单位换算、概括、纠错或真正遗漏；不能以字符串未命中判漏
nodes/r_5b1357a9c6/cards/t_2c3192/R3_russian_army.md,66,### ⑥ 军事本体,1085|1264|1812.5,"- 〔锚点〕多线战争实绩：芬兰1808–09（Barclay冰上远征）；多瑙1806–12（要塞战代价：1810 Rushchuk强攻2万人伤亡8,000，Lieven ch3 L1085；Kutuzov 1811–12冬围歼土主力促成1812.5布加勒斯特和约）；高加索/波斯1804–13持续消耗42,000人。**Barclay 1810年计算：23个师中8个必须留守芬兰/高加索/土境**（L1264）。",仅候选：可能单位换算、概括、纠错或真正遗漏；不能以字符串未命中判漏
nodes/r_5b1357a9c6/cards/t_2c3192/R3_russian_army.md,67,### ⑥ 军事本体,120000|2203,"- 〔锚点〕后勤：15个既有集散点+三大道新粮库（西境前置）：面粉120万公石+糁同量+燕麦160万公石；预备库8日行军间距""太疏太大""，撤退时多被毁；弹药58 park三线纵深至Novgorod–Kaluga（Riehn pp.153–154）。120,000人+40,000马/日需850辆大车（Lieven ch8 L2203）。",仅候选：可能单位换算、概括、纠错或真正遗漏；不能以字符串未命中判漏
nodes/r_5b1357a9c6/cards/t_2c3192/R3_russian_army.md,72,### ⑦ 社会结构与阶层,2344|775,"- 〔锚点〕士兵=终身抽离的农奴：役期25年、入伍平均年龄近22岁、""对被征者是生死之事——不太可能再见家人""；退伍不受村社欢迎、地主可禁止返村（Lieven ch2 L775；Keep p.146）；因此军队内部形成极强的团-战友忠诚——""帝国军队的力量在于老兵对战友与军团的忠诚""（Lieven ch8 L2344）。",仅候选：可能单位换算、概括、纠错或真正遗漏；不能以字符串未命中判漏
nodes/r_5b1357a9c6/cards/t_2c3192/R3_russian_army.md,101,### ⑪ 生态与人口,2729|683,"- 〔锚点〕人口基数：欧俄人口1750s才超过法国、居住高度分散；春秋泥泞断绝陆路（Lieven ch2 L683）；诺夫哥罗德省""部分村庄距省城700公里、道路是泥海""（省长1813年3月自辩，ch10 L2729）。",仅候选：可能单位换算、概括、纠错或真正遗漏；不能以字符串未命中判漏
nodes/r_5b1357a9c6/cards/t_2c3192/R3_russian_army.md,103,### ⑪ 生态与人口,2336|775,"- 〔锚点〕疾病：1812年12月追击中伤寒随战俘蔓延；医疗是commissariat最弱环节；出省即无民政机构可依托（ch8 L2336–2340）。和平期士兵死亡率亦高（""即使和平年代死亡率很高，对许多士兵这是无期徒刑""，ch2 L775）。",仅候选：可能单位换算、概括、纠错或真正遗漏；不能以字符串未命中判漏
nodes/r_5b1357a9c6/cards/t_2c3192/R3_russian_army.md,142,## 3. ⑭ 情景年表 1803–1848（S0史实基线上的S1/S2/S3/S5/S6分支，30条）,60756|811,"3. **1806–07**〔S0〕+60,756；Eylau-Friedland：出境作战暴露纸卢布拒收+commissariat瓦解（L767）；Friedland后""若需要继续战争毫无疑问做得到""但国库破产求和（L809–811）。〔S1推演〕英国若已中立化，1806年第四次同盟无英镑与普援→俄军更早退出战争、提尔西特条件更差（中高）。",仅候选：可能单位换算、概括、纠错或真正遗漏；不能以字符串未命中判漏
nodes/r_5b1357a9c6/cards/t_2c3192/R3_russian_army.md,144,## 3. ⑭ 情景年表 1803–1848（S0史实基线上的S1/S2/S3/S5/S6分支，30条）,1552|1810.12,"5. **1810**〔S0〕Barclay接任；3月纵深防御备忘录；正规军400–420k/1,552炮（Bogdanovich行151）；1810.12关税敕令与军备同步。〔S2推演〕大陆整固（法不吞并Oldenburg、贸易通融）：扩军节奏放缓至1811年4/500以下，但**不裁编制**（⑬B3行）——俄军1812年在列仍达45–55万带（中）。",仅候选：可能单位换算、概括、纠错或真正遗漏；不能以字符串未命中判漏
nodes/r_5b1357a9c6/cards/t_2c3192/R3_russian_army.md,146,## 3. ⑭ 情景年表 1803–1848（S0史实基线上的S1/S2/S3/S5/S6分支，30条）,1290|1812.3,7. **1812.3–6**〔S0〕已知法第一波45万（L1290）；三军242k布防；Drissa营春季动工；布加勒斯特和约（5月）释多瑙军。,仅候选：可能单位换算、概括、纠错或真正遗漏；不能以字符串未命中判漏
nodes/r_5b1357a9c6/cards/t_2c3192/R3_russian_army.md,147,## 3. ⑭ 情景年表 1803–1848（S0史实基线上的S1/S2/S3/S5/S6分支，30条）,1812.6|2334,8. **1812.6–12**〔S0〕战役：Borodino俄损4.5–5万（L1831）；83rd levy＞15万目标+民兵23万口径群；Tula月产1.6万枪；Kutuzov 97k→42k冬季追击损耗（L2334）；法军<2万人出境。,仅候选：可能单位换算、概括、纠错或真正遗漏；不能以字符串未命中判漏
nodes/r_5b1357a9c6/cards/t_2c3192/R3_russian_army.md,149,## 3. ⑭ 情景年表 1803–1848（S0史实基线上的S1/S2/S3/S5/S6分支，30条）,2811|32.5,"10. **1814**〔S0〕后备军32.5万在册横跨华沙公国——""对任何质疑其波兰要求者的军事底牌""（L2811）。",仅候选：可能单位换算、概括、纠错或真正遗漏；不能以字符串未命中判漏
nodes/r_5b1357a9c6/cards/t_2c3192/R3_russian_army.md,175,## 4. ⑮ 能力上限表（带来源）,2707|2729,| 年征兵 | 1–2/500男丁（≈8–16万） | 1812年20/500三levy+民兵；1812–14共65万+ | 军官荒→被服→枪械；行政链磨损（1813 Riga内卫营例） | Keep p.145；Lieven L2707、L2729–31 |,仅候选：可能单位换算、概括、纠错或真正遗漏；不能以字符串未命中判漏
nodes/r_5b1357a9c6/cards/t_2c3192/R3_russian_army.md,182,## 4. ⑮ 能力上限表（带来源）,2687|981,| 军费融资 | 岁入125M卢布（1810自报）长期赤字 | 本土轨：捐输1亿卢布+纸币增发；境外轨：英援£4.6m/年 | 纸卢布1811<1/4银值；境外无英援→半薪方案（Gurev） | Speransky（E8）；Lieven L981、L1970、L2687–91 |,仅候选：可能单位换算、概括、纠错或真正遗漏；不能以字符串未命中判漏
nodes/r_5b1357a9c6/cards/t_2c3192/R3_russian_army.md,216,### 5.1 分支表：法军1812年止于德维纳-第聂伯线（含复国波兰-立陶宛）,1256|915,"- 〔反证锚点群〕①Alexander 1811年6月对Caulaincourt：""可能、甚至很可能我们会被打败，但这不意味着他能dictate和平……我不会第一个拔剑，但我将最后一个收剑""（A2，回溯性）；②精英共识：1,500万人口波兰国＝生存威胁（Bennigsen文书L915）；③1812年8月对芬兰官员：侵略者踏上俄土才能团结社会（L1256）——**停线方案不减少""侵略""定性**；④军官层""若媾和就移民去打游击""（L2018）。",仅候选：可能单位换算、概括、纠错或真正遗漏；不能以字符串未命中判漏
nodes/r_5b1357a9c6/cards/t_2c3192/R3_russian_army.md,227,### 5.2 1812史实之外击败俄国的军事条件（回答卡问）,1290|1431,"- **条件一（针对i）：在边境省份强制决战，而非更深入。**〔机制〕俄军1812年7月初两军分离、赔率＞2:1（L1431）；Drissa营若被坚持使用＝""如乌尔姆之Mack被围""（L1290）。法军的真实机会窗＝1812年6月24日–8月初（两军会合前）；史实中Davout追击Bagration失之毫厘（Mogilev，L1431）。〔推演〕若Vilna–Vitebsk间达成合围歼灭一军或二军主力（-10到-15万俄军＋干部），俄军1813年再生能力砍半，B7停线随后可守（中置信；对抗性条件：Barclay撤退纪律恰为反制此着而设计）。",仅候选：可能单位换算、概括、纠错或真正遗漏；不能以字符串未命中判漏
nodes/r_5b1357a9c6/cards/t_2c3192/R3_russian_army.md,235,### 5.3 Falsifier检验（卡设定：无焦土无冬季条件下俄军仍可保野战军≥20万→有限战争胁迫力下调）,105000|133000|137000|161000|190250|196|428000|488000|95000,"- 〔数据〕用Riehn自洽链（pp.88–90，不与Lieven口径混算）：一线190,250（含1.5万哥萨克）＋二线137,000（实际可用约105,000）＋三线161,000（实际参战133,000，内含补充兵约95,000）＝总账488,000、逐次投入约428,000；扣陘80,000＋哥萨克/民兵与约20,000要塞卫戍，**逐次投入的正规军≈33万**——其中焦土与冬季**未参与**其生成：一二线在法军越境前已在账，三线基于1811年秋已充填的depot体系（Bogdanovich行196）与1812年7–8月征令。",仅候选：可能单位换算、概括、纠错或真正遗漏；不能以字符串未命中判漏
nodes/r_5b1357a9c6/cards/t_2c3192/notes_keep.md,3,# notes_keep.md — Keep《Soldiers of the Tsar》摘录（R3卡）,0099|1462|51956|5924,"**版本**：John L. H. Keep, *Soldiers of the Tsar: Army and Society in Russia, 1462–1874*, Clarendon Press/Oxford UP, 1985（PDF，Anna's Archive md5 1956f5924f0099fc1b2d11d22c727e1b；doc_id 1b4e36cd81ce）。引文按印刷页码（扫描页与印刷页基本对齐，OCR有噪声，关键句已在读取时人工校对）。",仅候选：可能单位换算、概括、纠错或真正遗漏；不能以字符串未命中判漏
nodes/r_5b1357a9c6/cards/t_2c3192/notes_keep.md,6,"## A. 征兵制度（ch.7 ""Recruitment and Service in the Ranks"", pp.145–177）",1252000|1933608|215|2271571|795000,"- p.145（印刷147）：**1705–1825共90次征兵levy**；至1801年估计征走2,271,571人（Shchepetil'nikov, SVM iv），**Alexander一世朝（1801–25）又征近2百万（1,933,608）**；实际入伍略低于名义（和平末十年、四年无levy时缺口10%）。Beskrovnyy按档案：1726–60=795,000、1767–99=1,252,000、1725–1801合计约215万；**Aleksandrov：被征""souls""占登记男丁比例从彼得朝3.6%→18世纪末7%→19世纪初8%**。",仅候选：可能单位换算、概括、纠错或真正遗漏；不能以字符串未命中判漏
nodes/r_5b1357a9c6/cards/t_2c3192/notes_keep.md,19,"## B. 军事殖民地（ch.12 ""The Army Takes to the Countryside"", pp.275–296）",154000|160000|374000|47000,"- p.286：**规模（1825年Alexander死时）**：Separate Corps of Military Settlements辖**160,000士兵（含近4,000军官）**；两位军事作者称**""几乎为俄军全部实力的三分之一""——按编制表（约90万）则实有仅约半**；步骑各20个团；Arakcheev称另有154,000""cantonists""儿童+8,000残废军人；加**374,000农民**（Chernyshev 1850官方报告数），**合计约75万人**〔Keep注：Arakcheev儿童数可能含全部家属，需批判使用；法方同期估计更低（6.4–7万在南部一说47,000）〕。",仅候选：可能单位换算、概括、纠错或真正遗漏；不能以字符串未命中判漏
nodes/r_5b1357a9c6/cards/t_2c3192/notes_lieven.md,3,# notes_lieven.md — Lieven《Russia Against Napoleon》摘录（R3卡）,0222|1131|1132|1322|1323|1574|2353|2354|2644|2645|2813|2814|489|5482|586|880|881,"**版本**：Dominic Lieven, *Russia Against Napoleon: The True Story of the Campaigns of War and Peace*, Viking Adult, First American edition, New York, 2010（EPUB，Anna's Archive md5 eb0222af5482cfb2b6afd837fb24a3e1）。本地全文转换：`downloads/R3_lieven_full.txt`（70个HTML分片，160万字符）。**EPUB无印刷页码**，引文以「章＋本地txt行号」定位；章界：ch2≈L586–880、ch3≈L881–1131、ch4（Preparing for War）≈L1132–1322、ch5（Retreat）≈L1323–1573、ch6（Borodino）≈L1574–1859、ch7（Home Front）≈L1860–2062、ch8（Advance from Moscow）≈L2063–2353、ch9（1813春）≈L2354–2644、ch10（Rebuilding the Army）≈L2645–2813、ch11+≈L2814ff。作者依据RGVIA档案（Fond 1征兵、Fond 103给养、Fond 125后备军、Fond 489团级人事档案，L373自述）。",仅候选：可能单位换算、概括、纠错或真正遗漏；不能以字符串未命中判漏
nodes/r_5b1357a9c6/cards/t_2c3192/notes_lieven.md,8,## A. 兵员与征兵,1236|242000|31000,"- **L1238**（ch4）：1812年6月在册（on the rolls）近60万；一线三军（含哥萨克）合计仅242,000（L1236），""不到拿破仑第一波的一半""。另部署：高加索42,000（对波斯作战）、芬兰31,000、克里米亚与南乌克兰17,500、多瑙河军近60,000（对土和约后刚释出）。",仅候选：可能单位换算、概括、纠错或真正遗漏；不能以字符串未命中判漏
nodes/r_5b1357a9c6/cards/t_2c3192/notes_lieven.md,10,## A. 兵员与征兵,1246|1248|13500|18500,"- **L1246–1250**（ch4）：Arakcheev 1808年10月设立后备新兵教养所（Reserve Recruit Depots，9个月初训）；1811年将一线depot受训新兵编为""第四营""（后备旅/师）；1812年3月拟合组三个后备军——**计划未实现**（L1248""reserve armies never existed in 1812""），因法军推进快＋后备营被抽去补一线（Tormasov第三军、里加卫戍18,500、Bobruisk/Kiev/Dünaburg要塞）。87个第四营中12入里加、6随Wittgenstein，其余并入撤退中的一、二军；Miloradovich在Borodino前夕带来约13,500人（L1250）。",仅候选：可能单位换算、概括、纠错或真正遗漏；不能以字符串未命中判漏
nodes/r_5b1357a9c6/cards/t_2c3192/notes_lieven.md,14,## A. 兵员与征兵,1184|2729|2731,"- **L2729–2731**（ch10）：执行链：省长受Arakcheev（战争大臣督促）压力；Tambov省长因征兵迟缓1812年12月被撤职；内卫部队（1811年建，L1184）押送新兵至数百公里外训练区，Riga内卫营1813年2月至Wenden时25军官585兵，离开时只剩9军官195兵；""扫荡乡间抓躲征者，甚至抓路边人凑数""。",仅候选：可能单位换算、概括、纠错或真正遗漏；不能以字符串未命中判漏
nodes/r_5b1357a9c6/cards/t_2c3192/notes_lieven.md,35,## D. 战争部・Barclay・情报・战略,1268|1810.3|1812.4,- **L1268**（ch4）：1810年3月Barclay备忘录首倡防御战略；1810.3–1812.4间**Barclay与Chernyshev都曾主张对普鲁士-华沙有限先发进攻**；纯防御派是普鲁士人Pfühl（1806年12月入俄役），其助手Wolzogen选定Drissa营地——但1811年10月连Wolzogen都主张进攻更合理。,仅候选：可能单位换算、概括、纠错或真正遗漏；不能以字符串未命中判漏
nodes/r_5b1357a9c6/cards/t_2c3192/notes_lieven.md,37,## D. 战争部・Barclay・情报・战略,1286|1290|1292,"- **L1286–1292**（ch4）：1812年6月Riga–Bobruisk之间唯一像样工事就是春季才动工的Drissa营；Pfühl方案预设法军抵达时已耗竭；**1812年3月Alexander、Barclay与情报官Chuikevich已知法第一波45万**——该规模可掩护+侧翼包抄Drissa，一军若入营可能被如乌尔姆之Mack被围（L1290）；Alexander仍以Drissa为表面计划：不能公开承认法军会深入大俄罗斯，否则""credit毁""；Pfühl是完美替罪羊。",仅候选：可能单位换算、概括、纠错或真正遗漏；不能以字符串未命中判漏
nodes/r_5b1357a9c6/cards/t_2c3192/notes_lieven.md,39,## D. 战争部・Barclay・情报・战略,1296|1300,"- **L1296–1300**（ch4）：Chuikevich备忘录：拿破仑体系靠大会战速胜；俄国要""完全反着敌人想要的打""——撤退、以优势轻骑袭交通线、消耗；""落回补给基地前避免大会战""；法比乌斯＋威灵顿半岛撤退为范；""失去几省不足惧，国家存亡系于军队存亡""；**1812战役只是摧毁拿破仑欧洲霸权的长期战争第一幕**。",仅候选：可能单位换算、概括、纠错或真正遗漏；不能以字符串未命中判漏
nodes/r_5b1357a9c6/cards/t_2c3192/notes_lieven.md,50,## E. 财政（承受力的钱侧）,2689|2691,"- **L2689–2691**（ch10）：**1812年Alexander未请英国补贴**——""在本国领土作战，他能无大困难地为战争融资""；1813年1月派Lieven赴伦敦：出境作战需金属货币、汇率崩坏难支撑；英给**£1.33m补贴＋Federal Paper份额£3.3m**（英俄普担保、付息、战后兑付；彼得堡与Stein、d'Ivernois设计）；折纸卢布""该款项原则上几乎可覆盖1813年剩余7个月德意志战役全部预计支出""；但到账慢、贴现汇兑损耗。",仅候选：可能单位换算、概括、纠错或真正遗漏；不能以字符串未命中判漏
nodes/r_5b1357a9c6/cards/t_2c3192/notes_lieven.md,84,## I. 1813年重建与后备军（ch9–10）,2811|325000,"- **L2811**（ch10）：**1813–14 Lobanov-Rostovsky后备军（Reserve Army）**：部署于华沙公国释放Bennigsen军参加1813秋战役；封锁Modlin/Zamosc致其1813冬陷落；战争结束时后备军在册**7,000+军官、325,000兵**——""纸面≠在列，许多未训练完毕或无枪、近1/4患病""；**""若战争继续，俄国在战场上继续出力毫无疑问；且在他索求波兰之地正好摆着25万+新锐""**〔1814年末俄军再生能力＋波兰谈判筹码的军事底牌〕。",仅候选：可能单位换算、概括、纠错或真正遗漏；不能以字符串未命中判漏
nodes/r_5b1357a9c6/cards/t_2c3192/notes_lieven.md,103,## L. 后勤计算锚点,120000|2203,"- **L2203**（ch8）：**120,000人＋40,000马一天的粮秣需850辆大车**；长期维持需数千辆；辎重队马夫自身也要吃——""辎重队可能吃光它要送的粮食""；俄国秋季土路+火炮车队后行进极慢——""这些现实很大程度上解释了Kutuzov 1812秋冬的困境""〔通用后勤定标，供B7分支计算〕。",仅候选：可能单位换算、概括、纠错或真正遗漏；不能以字符串未命中判漏
nodes/r_5b1357a9c6/cards/t_2c3192/notes_misc.md,4,## A. Bogdanovich卷I章III（上一轮缓存 downloads/pages/8f2c112edf2d.md，2021年LitObr加工本，1859年帝国军事史——护皇立场需批判）,1552|420000|738|764,"- 行151：编制基准：近卫步兵营满编764人、陆军营738；近卫骑兵中队160、陆军150；**1810年底正规军400–420,000人、1,552门炮**。",仅候选：可能单位换算、概括、纠错或真正遗漏；不能以字符串未命中判漏
nodes/r_5b1357a9c6/cards/t_2c3192/notes_misc.md,36,## E. 上一轮已核证据的复用指针（不重复摘录，引用时注原卡路径）,256|608|6635,"- **Clausewitz 1843英译**（downloads/pages/6635f608e21d.md）：pp.256–259德维纳-第聂伯停线批判：B1""事后提出""；B2""俄军初弱、战争进程中几乎必然翻倍""+""Encamp them? Impossible in winter""；B3波兰动员与占领军供养争夺同一资源；B4""20万人置于俄帝国腹地能否产生必要道德效果迫成和约，确实仍是一个问题""+p.259""比较所有因素后，波拿巴的计划是否不比另一方案含有更大的最终成功概率，是很值得怀疑的""——复用 limited_war_evidence.md B1–B4。",仅候选：可能单位换算、概括、纠错或真正遗漏；不能以字符串未命中判漏
nodes/r_5b1357a9c6/cards/t_2c3192/notes_riehn.md,6,"## A. 俄军基线（ch.6 The Russian Army, 印刷pp.83–91）",405659|595000|65000,"- p.86：**1801年Alexander即位时军队405,659人**；加哥萨克军约100,000、军事孤儿院/士官学校等约65,000（含杂项25,000），**总计约595,000**；但需对照帝国防务范围（芬兰—黑海—波斯—西伯利亚/奥伦堡线）。",仅候选：可能单位换算、概括、纠错或真正遗漏；不能以字符串未命中判漏
nodes/r_5b1357a9c6/cards/t_2c3192/notes_riehn.md,13,"## A. 俄军基线（ch.6 The Russian Army, 印刷pp.83–91）",104250|558,"  - 一军（Barclay）：150营132中队18哥萨克团49炮连=**104,250人+7,000哥萨克、558门炮**；",仅候选：可能单位换算、概括、纠错或真正遗漏；不能以字符串未命中判漏
nodes/r_5b1357a9c6/cards/t_2c3192/notes_riehn.md,16,"## A. 俄军基线（ch.6 The Russian Army, 印刷pp.83–91）",175250|938,"  - **一线合计175,250人+15,000哥萨克、938门炮**。",仅候选：可能单位换算、概括、纠错或真正遗漏；不能以字符串未命中判漏
nodes/r_5b1357a9c6/cards/t_2c3192/notes_riehn.md,17,"## A. 俄军基线（ch.6 The Russian Army, 印刷pp.83–91）",34000|53000|700012,"- p.89（增援流）：27师（12营8,000人无炮）7月3日加入二军；**布加勒斯特和约释放多瑙军（Chichagov）4步2骑师53,000人240炮，其中34,000于9月21日与三军会合，随后+7,000，12月又数千**；13师8,000人中4,000同期抵沃里尼亚+1,200随后；**芬兰军（Steinheil）3步师2龙骑团30,000人84炮，其中18,000人72炮9月前调至德维纳方向**。",仅候选：可能单位换算、概括、纠错或真正遗漏；不能以字符串未命中判漏
nodes/r_5b1357a9c6/cards/t_2c3192/notes_riehn.md,18,"## A. 俄军基线（ch.6 The Russian Army, 印刷pp.83–91）",105000|137000|34000,"- p.89（二线）：第2营+9/10中队+要塞卫戍等87营54中队约34,000+海军团哥萨克等4,000；I后备军（Meller-Zakomelsky，Toropets）补一军与Wittgenstein；II后备军（Oertel，Mozyr）独立至战役结束；**二线合计137,000人（含8,000哥萨克）434炮，实际可用于抗侵约105,000**。",仅候选：可能单位换算、概括、纠错或真正遗漏；不能以字符串未命中判漏
nodes/r_5b1357a9c6/cards/t_2c3192/notes_riehn.md,20,"## A. 俄军基线（ch.6 The Russian Army, 印刷pp.83–91）",428000|488000,"- p.90：**总账：一二三线488,000人，其中约428,000逐次投入对大军作战**（内含80,000+哥萨克与民兵、约20,000要塞卫戍）；亚洲边境部队与内地卫戍不计（前者约13–14万）；未动员民兵23–24万（Riehn认为偏高）。",仅候选：可能单位换算、概括、纠错或真正遗漏；不能以字符串未命中判漏
nodes/r_5b1357a9c6/cards/t_2c3192/notes_riehn.md,27,"## B. 俄军后勤准备（ch.8 Logistics, ""RUSSIAN LOGISTICS"", 印刷pp.153–154）",102940|296000,"- p.154：**炮兵总监1812年7月22日报告**：三线共囤**炮兵定装弹296,000发、轻武器弹4,400万发、火药17,500英担**；帝国其余地区另储102,940英担、夏季又产18,000英担〔军火不构成1812年俄军瓶颈——瓶颈在滑膛枪（见Lieven notes C）〕。",仅候选：可能单位换算、概括、纠错或真正遗漏；不能以字符串未命中判漏
nodes/r_5b1357a9c6/cards/t_3282da/SP1_spain_state.md,14,## §0 判决先行,2570|257625942873,"4. 【推演·中高】**联姻falsifier裁决（精确版）**：拿破仑对联姻请求的完整回应链=沉默（11-04收费尔南多信）→对卡洛斯否认收信（11-13""ignoro si existe""）→卡洛斯11-18自提联姻后，**1808-01-10书面""欣然同意""但附""荣誉之人不娶被其父公告羞辱之子""条件（西廷读为婉拒，02-05去信不再提；02-25拿破仑反问何以不提）**→1808-02/03把联姻升格为换取埃布罗割地的条件筹码→05月巴约讷九点方案第9点降格为""不阻其娶皇帝侄女""附于退位包〔LP-F L2570-2576, 2594, 2873; LP-G L1836〕。**联姻始终是工具而非政策：每一次""同意""都附带使其当下不可执行的条件，且价码逐月抬高（从驯服→割地→退位）**→""波旁立宪""终局只在拿破仑本人改变对西战略（接受B4b）的前提下成立；此改变在1807-11至1808-03有真实窗口（法方顾问Tournon-Simiane迟至03-24仍作此议；01-10信证明""同意""在外交语汇内可用），但被皇帝本人连续条件化至同于否决。",仅候选：可能单位换算、概括、纠错或真正遗漏；不能以字符串未命中判漏
nodes/r_5b1357a9c6/cards/t_3282da/SP1_spain_state.md,21,## §1 模板①：决策结构与政治制度,1360|2434,"**体制**：卡洛斯四世（1788即位）治下的""privado（宠臣）双轨制""。正式结构：五部（外交、战争、财政、海军、恩典司法）＋旧咨议会群（卡斯蒂利亚、印度、战争、海军部、财库、军事修会、宗教裁判所）〔Esd L1360〕。实际结构：Godoy 1792-98任首相，1798名义去职后仍总揽；1801任Generalísimo（大元帅）；1807-01任Gran Almirante de España e Indias、尊号""Alteza Serenísima""〔LP-F L2434〕。外交实务经Godoy私人代理Eugenio Izquierdo在巴黎直通Duroc/Talleyrand，绕开正式大使Masserano与国务系统〔LP-G L1832-1836〕——**双轨外交使国家在1808年3月危机中同时有两套互不知情的对法通道**。",仅候选：可能单位换算、概括、纠错或真正遗漏；不能以字符串未命中判漏
nodes/r_5b1357a9c6/cards/t_3282da/SP1_spain_state.md,22,## §1 模板①：决策结构与政治制度,2434|2446|24462532,"**否决点**：①王后María Luisa（Godoy权力的人身通道）；②王储费尔南多及其党（Escoiquiz教士、Infantado公爵、San Carlos公爵、Ayerbe侯、Orgaz伯、Bornos伯及仆从网络）〔LP-F L2434-2446, 2532〕；③司法大臣Caballero（关键时刻倒向反Godoy）〔LP-G L1848〕；④法国大使Beauharnais——1807-08起实际介入继承政治，""没有他的协作就无法理解埃斯科里亚尔阴谋""〔LP-F L2446〕。",仅候选：可能单位换算、概括、纠错或真正遗漏；不能以字符串未命中判漏
nodes/r_5b1357a9c6/cards/t_3282da/SP1_spain_state.md,23,## §1 模板①：决策结构与政治制度,2426|2428,"**正统性状态**：1807-10马德里咖啡馆间谍记录：下层公开称两王""reyes de mierda, irrisión del universo""，讽刺传单出自贵族与教会圈、由亲王仆从散发〔LP-F L2426-2428〕；亲王民望＝""救主""想象。【机制】旧制君主国的正统性未崩，但已从国王人身转移到""未来国王""人身——这解释了阿兰胡埃斯（政变靠动员对费尔南多的忠诚而非反王政）与1808年5-6月起义（以费尔南多之名）的连续性（机制引：正统性焦点转移；适用条件：王储未被玷污）。",仅候选：可能单位换算、概括、纠错或真正遗漏；不能以字符串未命中判漏
nodes/r_5b1357a9c6/cards/t_3282da/SP1_spain_state.md,35,## §3 模板③：财政、货币、金融（数字见notes_fiscal.md，此处系统化）,188|730,**岁入**：1796和平年730M rv（含美洲）；1803-07战时（1808年为拿破仑所备账目）：605/581/522/548/505M rv（不含美洲应收）〔Herr p140-141〕。美洲王室汇入1802-04均193M→1805-07均28M〔Herr p138〕。烟草专卖占本土常入近30%（古巴烟叶实物补贴）〔Mar p188〕。,仅候选：可能单位换算、概括、纠错或真正遗漏；不能以字符串未命中判漏
nodes/r_5b1357a9c6/cards/t_3282da/SP1_spain_state.md,37,## §3 模板③：财政、货币、金融（数字见notes_fiscal.md，此处系统化）,129|31.6,"**债务**：vales reales 1808-05存量**1,893,422,682 rv**（Consolidación基金1808年5月报告，ANP AF IV 1608B）；贴水1803年47%、1804-12月57%、1806-07月64%、1808-03月63%〔Herr App.C, p142〕。另荷兰债318M rv、欠法国国库31.6M、欠Cinco Gremios 129M〔Herr p141-147〕→浮动债务合计>2,400M rv，vales年息75M已等于Consolidación战时年收入〔Herr p141-142〕。",仅候选：可能单位换算、概括、纠错或真正遗漏；不能以字符串未命中判漏
nodes/r_5b1357a9c6/cards/t_3282da/SP1_spain_state.md,39,## §3 模板③：财政、货币、金融（数字见notes_fiscal.md，此处系统化）,1300|1650,"**教产变现（Consolidación）**：本土1798-1808拍卖约1,300-1,650M rv（Marichal引Herr总量1,300M；Herr分年契据合计约1,650M——两口径并存标出）〔Mar p151; Herr p148〕；美洲1805-09共15.4M pesos（新西班牙10.32M占2/3，汇欧12.97M）〔Mar p149-151〕；美洲版censos赎回**强制**（本土自愿）→墨西哥信贷体系被摧毁88%集中于教会基金资本、商会矿业法庭连番抗议——1810起义前紧张的财政根源〔Mar p149; Herr p147-148〕。",仅候选：可能单位换算、概括、纠错或真正遗漏；不能以字符串未命中判漏
nodes/r_5b1357a9c6/cards/t_3282da/SP1_spain_state.md,40,## §3 模板③：财政、货币、金融（数字见notes_fiscal.md，此处系统化）,234|29408015,"**白银生命线实测**：1808-10至1811-02官方汇加的斯29,408,015 pesos（Canga Argüelles表）；1809-11爱国政府岁入1,000M rv中**60%来自美洲**；1812-14跌至5%〔Mar p234-235〕。",仅候选：可能单位换算、概括、纠错或真正遗漏；不能以字符串未命中判漏
nodes/r_5b1357a9c6/cards/t_3282da/SP1_spain_state.md,57,## §5 模板⑤：撷取与动员上限,1376|2154|38500,"- 兵员上限：1808正规军纸面约10-13万+43团省militia；""至少100,000可动""〔Esd L1376〕；1808-14战争实测动员（正规+游击）峰值约15-20万在役+38,500游击（1812报刊口径）〔Esd L132〕；1809一次战役重建两个军（36,000+23,000）〔Esd L2154〕。",仅候选：可能单位换算、概括、纠错或真正遗漏；不能以字符串未命中判漏
nodes/r_5b1357a9c6/cards/t_3282da/SP1_spain_state.md,66,## §6 模板⑥：军事,291414|354461|360603,"**法军占领成本实测（B4a）**：1810-01-15西班牙法军Grand Total 360,603（境内324,996、present 262,051）〔Ledger F2, Oman III App.VII〕；1811-07-15 gross 354,461/present 291,414〔Ledger F2, Oman IV App.XVIII〕。F2定稿：S6-max含全西班牙需增22.5万驻军，占max-lite增量63%〔Ledger F2 S6分档〕。",仅候选：可能单位换算、概括、纠错或真正遗漏；不能以字符串未命中判漏
nodes/r_5b1357a9c6/cards/t_3282da/SP1_spain_state.md,95,## §10 模板⑩：科技与生产力,188|189,- 采矿科技链：Almadén汞矿→美洲银汞齐化：汞输美1720s约20万磅/年→世纪末250万磅/年；墨西哥铸币1781-90均19.2M→1791-1810均23.2M pesos/年（殖民史峰值）；银产量对汞供给弹性≈1:1.4（Garner）〔Mar p188-189〕。,仅候选：可能单位换算、概括、纠错或真正遗漏；不能以字符串未命中判漏
nodes/r_5b1357a9c6/cards/t_3282da/SP1_spain_state.md,133,## §13 1807–08桌面上的全部选项（含提出者与文书状态）,2347089|8090402,| 13 | **换朝—约瑟夫**＋巴约讷宪章 | 拿破仑；Junta de Bayona背书 | 05-05/05-10巴约讷让位文书〔NS-509e doc B〕；06-06敕令〔NS-509e doc C〕；07-07宪章（C5逐条）；Junta：限150员、首会65/75人、末会91人签署（含Infantado、Orgaz、P. Cevallos）〔unam.mx hisder/22/art11; dialnet 2347089; filosofia.org/hem/dep/boe/8090402签名页〕 | 【锚点】唯一实施的方案；三易其稿（Maret执笔，先仿威斯特法伦/那不勒斯，经Azanza/Urquijo等咨议增西班牙色彩）〔dialnet 2347089〕 |,仅候选：可能单位换算、概括、纠错或真正遗漏；不能以字符串未命中判漏
nodes/r_5b1357a9c6/cards/t_3282da/SP1_spain_state.md,178,## §15 模板⑬：对B1–B8政策菜单的反应函数表（西班牙国家视角）,234|3613|61810,| **B6 1810兼并潮+封锁严化 vs 许可证化** | （约瑟夫国）抗议剥地／（爱国国）无涉 | 严化→约瑟夫财政彻底破产+北部剥离（史实）；许可证化→若及于西属美洲贸易=釜底抽薪加的斯财源 | 1810剥地实测〔Esd L3613〕；白银60%依赖〔Mar p234〕 | 中高 |,仅候选：可能单位换算、概括、纠错或真正遗漏；不能以字符串未命中判漏
nodes/r_5b1357a9c6/cards/t_3282da/SP1_spain_state.md,240,## §17 模板⑮：能力上限表（峰值/崩溃点/未用潜力）,1376|1378132,"| 陆军 | 纸面13-15万+militia43团 | 可动约10万（1.4万在丹麦、2.5万在葡） | 军饷断+军官政治化（1808实测：军队卷入政变） | ""救王""动员态25万+（1808-14实测正规+游击）；外来王征兵→近零 | Esd L1376-1378, 132 |",仅候选：可能单位换算、概括、纠错或真正遗漏；不能以字符串未命中判漏
nodes/r_5b1357a9c6/cards/t_3282da/notes_army_church_society.md,13,## ⑥军事,1376|1378,"【事实】陆军编制1808：近卫步2团+近卫骑2团、线列步39团、瑞士6团、轻步12团、省militia 43团、重骑12、龙骑8、轻骑4、炮4、工兵1；兵源=外国逃兵雇佣兵+志愿+levas抓丁，役期8年〔Esd L1378〕。1808-05法军约90,000在西，集中于Toledo-Madrid-Burgos-Irún轴+巴塞罗那/Figueras；西班牙""至少100,000人可动""（部分在葡、部分在丹麦）〔Esd L1376〕。",仅候选：可能单位换算、概括、纠错或真正遗漏；不能以字符串未命中判漏
nodes/r_5b1357a9c6/cards/t_3282da/notes_army_church_society.md,15,## ⑥军事,2154132211|38500,"【事实】1809后重建：1809中Extremadura军36,000+中央军23,000；1812末20支最大游击队38,500人（报刊口径）；1812西正规军纸面尚可再出10万〔Esd L2154, 132, 211〕。",仅候选：可能单位换算、概括、纠错或真正遗漏；不能以字符串未命中判漏
nodes/r_5b1357a9c6/cards/t_3282da/notes_army_church_society.md,24,## ⑦社会结构与⑨教会,132164|38500,"【事实】游击首领社会构成：农民（Mina、Empecinado）、牧人、铁匠、教士（Merino等一长串）、退役军官、走私犯；1812末20大队38,500人；掳丁、处决抗拒交子者亦有〔Esd L128-132, 164〕。",仅候选：可能单位换算、概括、纠错或真正遗漏；不能以字符串未命中判漏
nodes/r_5b1357a9c6/cards/t_3282da/notes_court.md,25,## 3. 1807-11至1808-03：拿破仑的两个方案与决策时点（La Parra/Fugier重建）,17462|17510|18461892,"【事实】决策时点：La Parra：3月初拿破仑已坚决定意废卡洛斯四世（""a principios de marzo tomó la determinación en firme""），但未告人选；03-26收到阿兰胡埃斯消息（民众欢呼法国）；03-27获知卡洛斯退位→当日""决定irrevocable""废西班牙波旁并将王位提供给路易（Luis Bonaparte）；路易拒绝后再定人选〔LP-G L1846, 1892〕。C5已核：03-27致路易信=CG8 n°17510（Madec转引）；03-23致Murat真信（CG8 n°17462）命宫廷暂不受扰；所谓03-29""劝谨慎""信按Madec/Lentz为圣赫勒拿伪造〔C1警报〕。04-16致费尔南多信（1821 Panckoucke版重印）：若卡洛斯退位纯属自愿则承认费尔南多为王——外交条件表述，非已证真诚〔C5〕。",仅候选：可能单位换算、概括、纠错或真正遗漏；不能以字符串未命中判漏
nodes/r_5b1357a9c6/cards/t_3282da/notes_court.md,46,## 7. 决策结构（模板①素材）,2446|25322434,"【事实】否决点/派系：王后María Luisa为Godoy权力通道；费尔南多党（Escoiquiz、Infantado公爵、San Carlos公爵、Ayerbe侯、Orgaz伯、Bornos伯等贵族+仆从网络）；大臣Caballero（Gracia y Justicia）关键时刻反Godoy〔LP-F L2532, 2434-2446; LP-G L1848〕。Orgaz供词：Escoiquiz索30万reales贿赂Beauharnais家族，""estaba puesto en las manos de Bonaparte el establecimiento de S.A.""〔LP-F L2446〕。",仅候选：可能单位换算、概括、纠错或真正遗漏；不能以字符串未命中判漏
nodes/r_5b1357a9c6/cards/t_3282da/notes_court.md,47,## 7. 决策结构（模板①素材）,2426|2428,"【事实】舆论环境：1807-10马德里咖啡馆/tertulias公开辱骂两王与Godoy（""reyes de mierda, irrisión del universo""；""cada vez hay más miseria…todo se gasta en locuras""），讽刺传单由亲王或其随从的仆人散发，多出自贵族与教会圈（Egido研究）〔LP-F L2426-2428〕。",仅候选：可能单位换算、概括、纠错或真正遗漏；不能以字符串未命中判漏
nodes/r_5b1357a9c6/cards/t_3282da/notes_fiscal.md,14,## B. vales reales（纸面债务）与贬值,1804.12|1806.7|1808.3,- 贬值（对硬币贴水）：1802年9-26%；1803年47%；1804.12=57%；此后未回40%以内；1806.7=64%；1808.3=63%；1800年Cajas de Reducción实验期曾>70%〔Herr p142 + App.D〕。,仅候选：可能单位换算、概括、纠错或真正遗漏；不能以字符串未命中判漏
nodes/r_5b1357a9c6/cards/t_3282da/notes_fiscal.md,27,## C. 对法补贴与Ouvrard-Hope机器,31.135|31.6,- 1808基金仍欠法国国库7.9M法郎（31.6M rv）；欠荷兰银行318M rv（1805贷85M+1807贷233M；1821与荷方确认31.135M florins=249M rv）〔Herr p147注57-58〕。,仅候选：可能单位换算、概括、纠错或真正遗漏；不能以字符串未命中判漏
nodes/r_5b1357a9c6/cards/t_3282da/notes_fiscal.md,32,## D. Consolidación教产处置（本土+美洲）,1300|1650|208,"- 本土：1798-1808拍卖教会财产约1,300M rv（Marichal引Herr）〔Mar p151〕；Herr自己的分年（López Fando契据）：1803=84M、1804=123M、1805=106M、1806=136M、1807=208M+估169M、1808初=80M；1805-09扩大令后约600M=全部销售36%→总额≈1,650M rv〔Herr p148〕。",仅候选：可能单位换算、概括、纠错或真正遗漏；不能以字符串未命中判漏
nodes/r_5b1357a9c6/cards/t_3282da/notes_fiscal.md,47,## F. 供总装的能力上限（初步）,129|31.6,"- 纸债存量1808-05：1,893M rv vales（贴水63%）+荷兰债318M+法国欠31.6M+Cinco Gremios 129M+……→总浮动债务>2,400M rv（不含年金化旧债juros）；vales利息75M/年已超基金战时收入75M〔Herr App.C, p141-147〕。",仅候选：可能单位换算、概括、纠错或真正遗漏；不能以字符串未命中判漏
nodes/r_5b1357a9c6/cards/t_3ee1b0/PR_prussia.md,33,## ③ 财政、货币与金融,2700|6600,"【锚点】Iida转引Schmoller的1806表列纯国家收入约2,700万Reichstaler、军费1,600—1,700万；这是旧疆界量级、不是战后残普预算。[I，表5] Clark记国债由1806年3,500万塔勒增至1810年6,600万，兼有币制贬值、纸币和高息借款压力。[C12，“Citizenship”]",仅候选：可能单位换算、概括、纠错或真正遗漏；不能以字符串未命中判漏
nodes/r_5b1357a9c6/cards/t_3ee1b0/PR_prussia.md,111,## ⑪ 人口、生态与再生产,1070|1079.7|1693.5,"【锚点】旧国人口资料约900—1,070万，战后大致450—500万；差异来自年份疆界和旧统计，本卡用区间而不伪求一数。[L §5.1；I表5] HGIS给史实1818年1,079.7万、1852年1,693.5万，其间有小疆界变化；这是增长参照，不是残普人口。[HG p4] 1812东部征发与歉收叠加，军马死亡、种粮不足和局地儿童死亡上升。[C13／C62，东普供给段]",仅候选：可能单位换算、概括、纠错或真正遗漏；不能以字符串未命中判漏
nodes/r_5b1357a9c6/cards/t_3ee1b0/PR_prussia.md,115,## ⑪ 人口、生态与再生产,1300|720,"【推演｜中低数值、中高方向】残普以1808年450—500万为起点，假设40年年均净增0.8—1.2%，1848约**620—810万**；这是对无大战而仍有危机的包络，不是人口预测精度。严重S3可落到约550—720万；若1806战争完全避免且旧大疆界存续，则量级可能约1,300—1,800万，但法国将面对更强的潜在改盟者。减损收益不能抵销不存在的1815领土人口。",仅候选：可能单位换算、概括、纠错或真正遗漏；不能以字符串未命中判漏
nodes/r_5b1357a9c6/cards/t_3ee1b0/PR_prussia.md,163,#### 接收国账的史实校准：威斯特法利亚与萨克森（G2提供线索，本卡亲读原文）,0509|208|2768,"【锚点Ⅰ：接了地也接了债，而且一半领地被宗主抽走】威斯特法利亚是法国处置原普西部的真实样本。Grab记其库房除军费外还背“Servicing the huge debt inherited from the former rulers of this region”，1812年累积债估**1.4亿—2亿法郎**，且拿破仑将赠与将帅的帝国采邑免税而直接削减其歳入；它还须养本国25,000人并**支付驻本国的12,500名法军**。1809—13征召7万、另有3万志愿，进俄的2.2万人仅1,500生还。[S16 Grab，印p.101，实读`nodes/r_b55f2c1cf5/cards/t_208a11/sources/pages/2ad693d5ac13.md` L2768] Berding进一步说明机制：拿破仑在威国将领地中的**一半**连同其领主权利与收益赠与法国元帅将军大臣，“Das Königreich Westphalen verlor durch die Abtretung der Dotationsdomänen wichtige Einnahmequellen, was erheblich zum finanziellen Ruin des Landes beitrug”；更关键的是**由巴黎控制的帝国领地管理给一切触及受赠者领主性收入的改革上了闩**。[S19 Berding讲稿，实读`downloads/pages/cf0509d983d0.md` L19；该站转载有变音乱码]",仅候选：可能单位换算、概括、纠错或真正遗漏；不能以字符串未命中判漏
nodes/r_5b1357a9c6/cards/t_3ee1b0/PR_prussia.md,165,#### 接收国账的史实校准：威斯特法利亚与萨克森（G2提供线索，本卡亲读原文）,450800|870,"【锚点Ⅱ：接收王朝可能变成出纳，而且抵制交换型重划】ADB（Flathe）写萨克森的弗里德里希·奥古斯特在华沙“从未行使真正的君权、从未取当地civil list分文，反而从自己金库陆续向华沙国库垫付共**3,000万弗罗林**，直到1828年才由俄国以**450,800塔勒**补偿”；又载他1778年拒绝普鲁士提出的“以两劳西茨换上德领土”方案，理由是不能把“ihm ergebene und völlig treue Unterthanen”割让去调换。[ADB Flathe, Bd.7 S.787，实读`downloads/pages/af4f870b8ddf.md` L146–147；十九世纪传记、对传主同情，3,000万弗罗林数无第二来源]",仅候选：可能单位换算、概括、纠错或真正遗漏；不能以字符串未命中判漏
nodes/r_5b1357a9c6/cards/t_3ee1b0/PR_prussia.md,253,### 本卡数量推演,1070|1310,"|避免1806战争的较大普国1848|约1,310—1,790万|基数900—1,070万、42年增0.9—1.23%；含波兰地冲突风险，非强普必胜|",仅候选：可能单位换算、概括、纠错或真正遗漏；不能以字符串未命中判漏
nodes/r_5b1357a9c6/cards/t_3ee1b0/PR_prussia.md,262,### 本卡数量推演,2700|5400|6750,"【财政压力而非净收益测算】Marion经Mollien转引的600法郎/人年（饷与维持）、700（加造械补马）及那不勒斯900的不同口径，可作600—900的成本压力带。[M25，印322–323，回溯性] 中摩擦接管4.5—7.5万人对应**年2,700万—6,750万法郎的体系总军事资源成本**；其中地方实物和客户国付款不能再次全部算法国现金。增量1.5—6万人对应**900万—5,400万法郎/年**，仍未计接债、退休金和新增对俄野战。没有同疆界净税表，不宣称精确财政盈亏；以保留辅助国作基准，取消路线首先要证明新增净入能覆盖这些新增任务。",仅候选：可能单位换算、概括、纠错或真正遗漏；不能以字符串未命中判漏
nodes/r_5b1357a9c6/cards/t_3ee1b0/notes_economy_society.md,23,## KB16 经济改革争议,171|5895015,"Michael Kopsidis & Daniel W. Bromley, “The French revolution and German industrialization: dubious models and doubtful causality”, 2016；已读doc40e4b5895015 PDFpp12–13＝印171–172，“Agrarian reforms/abolish guilds”。指许多依附农民有强土地权；个人状态与土地身份相连，粗分人身/土地可能不适于所有地区。1810–11普农村营业自由比不少法系邦贯彻更广。作者是反单因法国移植解释，不据此推出法制无作用。",仅候选：可能单位换算、概括、纠错或真正遗漏；不能以字符串未命中判漏
nodes/r_5b1357a9c6/cards/t_3ee1b0/notes_economy_society.md,34,## E 工业资产,00651|91906,ERIH德文“Zur Industriegeschichte von Polen”，`downloads/pages/e00651d91906.md`L14整段已读：Tarnowitz1788蒸汽机（银铅排水），Gleiwitz1796焦炭高炉、Baildon引进与机器生产，国家初始投入后地主投资。只引这些点，不照录“欧洲/大陆第一”等有口径风险的冠词。煤铁资源不是立即财政收入，封锁技术/资本/运输会限制扩产。硝、铜、大麻未得同年普国总表，正文按进口/区域采购风险给条件而不造吨数。,仅候选：可能单位换算、概括、纠错或真正遗漏；不能以字符串未命中判漏
nodes/r_5b1357a9c6/cards/t_3ee1b0/notes_financial_addendum.md,6,## MU Steffen Murau 2023,217.1|217.2|53.5,- **数值冲突保留**：p12报1806末国债53.5m vs Clark1806=35m；期内时点/定义/或底本问题未核。不可混做增长率。Murau1820总217.2m=180m有息+11.2m纸币+25.9m省债，本身加和217.1m差0.1，舍入可能；不拿作法胜债务基线。,仅候选：可能单位换算、概括、纠错或真正遗漏；不能以字符串未命中判漏
nodes/r_5b1357a9c6/cards/t_3ee1b0/notes_financial_addendum.md,12,## M25 Marion1925（F2线索，本卡亲读）,219|342,"`downloads/F4_Marion_IV_1925.pdf`, doc1f18be55f219, PDF342–343=印322–323脚注及上下文：经Mollien回忆录转引，600fr/人仅饷＋维持，700加造械补马；那不勒斯900引争论；作者同时说实数因兵员分母很难定。只用600–900fr/可靠兵年作为**不同成本口径压力带**。取消中摩擦45–75k对应27–67.5m gross，额外15–60k锁兵对应9–54m；可能部分由当地/盟国承担，不能直接等于法国新增国库付款或净亏损。重叠避免：地方供养计为普地区成本时不能再全加法国现金支出。",仅候选：可能单位换算、概括、纠错或真正遗漏；不能以字符串未命中判漏
nodes/r_5b1357a9c6/cards/t_3ee1b0/notes_hgis.md,3,# HGIS人口和交通冻结,10796874|16935420,"- p4：1818总人口10,796,874；1852=16,935,420；1850添Hohenzollern、1834添Lichtenberg等小边界变化（同p），因此增长1.57倍不作完全固定疆界自然增长率。",仅候选：可能单位换算、概括、纠错或真正遗漏；不能以字符串未命中判漏
nodes/r_5b1357a9c6/cards/t_3ee1b0/notes_mobilization.md,5,## TA Satomi Takaoka 2021,219|280000,"- 印19：约280,000普军/半为Landwehr，注15转Shanahan p219；不是同日全部野战有效兵。3月17王令17–40岁且禁代役；东普2月18–45岁可买替代（不同制度不可混）。每市/县约3%人口Landwehr及供养费由自治机构负责。Vincke致Stein1808-09-30反普遍役引用（注13经Eckert/Walter，原信未读）；柏林/Breslau市争保豁免。",仅候选：可能单位换算、概括、纠错或真正遗漏；不能以字符串未命中判漏
nodes/r_5b1357a9c6/cards/t_3ee1b0/notes_mobilization.md,6,## TA Satomi Takaoka 2021,178308|25180,"- 印20：1803柏林人口178,308，军人与家属25,180，商人约半数1813议员；有投票权公民6.3%全市人口，102选区议员。书店1750=13/1804=32。1785可签名户95%**不等于普国识字率95%**。报纸读者偏有产军官官员有教育群体，报纸可成为征兵、募捐、公开财务工具。",仅候选：可能单位换算、概括、纠错或真正遗漏；不能以字符串未命中判漏
nodes/r_5b1357a9c6/cards/t_3ee1b0/notes_mobilization.md,9,## TA Satomi Takaoka 2021,2184|3150|4250,"补读TA PDFpp5–6=印21–22：报3150份1813/4250份1814，非全城舆论；国王限4/10组队、4/20装备、5/1训练，柏林任务4000步+576骑；地方记录仅13%志愿，6月底尚缺800人。至7月费用127,374塔勒、房租附加税收入40,570，约10%应税欠付，议会借10,000，仍缺。=>组织须强制与预算，不能将宣誓仪式当自愿率。脚注41原档LAB A Rep.000-02-01 Nr2184 Bl50–52、43 Bl137；45报1813-11-16No137；本卡仅通过TA转引未读原报/原档。",仅候选：可能单位换算、概括、纠错或真正遗漏；不能以字符串未命中判漏
nodes/r_5b1357a9c6/cards/t_3ee1b0/notes_treaties_diplomacy.md,19,## 俄方否决点的时间分段（本卡亲读，线索由1〲0032 t_91cbee提供）,20965|21085,"3. **1811年10月（硬化）**。Nesselrode致亚历山大报告，Vandal III附录III，`downloads/c12_vandal3_full.txt` 实读L20965起60行与L21085起75行；注670标“Archives de Saint-Pétersbourg”，仍为Vandal刊本。第4点：“Je regarde comme beaucoup plus important et même comme l’objet le plus essentiel de l’arrangement un article qui assurerait pour quelque temps l’existence politique de la Prusse.” 理由是普国“不是拿破仑侵俄的前卫，就是俄国用以抵制的前卫”；要求法国按偿款进度撤奥得要塞、“plus de la moitié en est payé, Glogau devrait être immédiatement restitué”，并提议用提尔西特关于汉诺威不还英则补普**30万人口**的条款来帮普清偿；另要求限但泽驻军、不往华沙驻法军、限华沙军额，并明言对“不复波兰”的书面保证价值有限。",仅候选：可能单位换算、概括、纠错或真正遗漏；不能以字符串未命中判漏
nodes/r_5b1357a9c6/cards/t_3ee1b0/notes_treaties_diplomacy.md,33,"## V1 Vandal, Napoléon et Alexandre Ier, I（1890，法文旧史/刊布文书，亲读Gutenberg转录）",12863|4030,"4. L4030附近，俄争取左易北200,000人口/柏林-柯尼斯堡连续疆域；法让秘密条件：若汉诺威入威斯特法利亚则返普400,000人口（通信12863）。=>俄方并未在此同意普国全灭。",仅候选：可能单位换算、概括、纠错或真正遗漏；不能以字符串未命中判漏
nodes/r_5b1357a9c6/cards/t_3ee1b0/notes_treaties_diplomacy.md,34,"## V1 Vandal, Napoléon et Alexandre Ier, I（1890，法文旧史/刊布文书，亲读Gutenberg转录）",7180|7315,5. L7180–7315亲读：1807-11-12 Champagny给Caulaincourt训令（皇帝审阅并加批），“两公国给俄↔西里西亚由法处置”，将普降为次等国；作者引训令“n'aurait plus qu'une population de deux millions”属谈判估算，不拿作真实剩余人口。确有边界有价的削普方案，不是后人纯设想；尚非全灭方案，俄回应待读。,仅候选：可能单位换算、概括、纠错或真正遗漏；不能以字符串未命中判漏
nodes/r_5b1357a9c6/cards/t_40198e/D1_annexed_inner.md,19,## 一、单位界定与数据基础,212|646,"【锚点】兼并时序：比利时+卢森堡1795-10-01（国民公会法令）；日内瓦→莱芒省1798-04-26；莱茵左岸1798年Rudler四省建制→1801吕内维尔割让→**1802-09-23正式并入**；皮埃蒙特1801-04-02设第27军区→**1802-09-11元老院法令并入**；利古里亚**1805-06-04**并为热那亚/蒙特诺特/亚平宁三省（Grab pp.2–17、646行清单；Rowe p.92；Frasca p.212注4–6）。1812年帝国峰值130省4,400万人中，本单位约785万人（比利时335万、莱茵180万、皮埃蒙特186万、利古里亚约55–65万、莱芒约22–26万）。",仅候选：可能单位换算、概括、纠错或真正遗漏；不能以字符串未命中判漏
nodes/r_5b1357a9c6/cards/t_40198e/D1_annexed_inner.md,33,### ②宪兵密度：低于本土的强制地板,15500|2700|2787|3416|668,"【锚点】帝国宪兵1809年15,500人（≈1/2,700居民）；**莱茵四省527人（≈1/3,416）**，四分之一本地人、法籍者须懂德语（Rowe p.181）；**皮埃蒙特an XI步骑668人（≈1/2,787）**，Menou卷宗称""数量不足长期未解，是其无力之因""（Frasca注34）；莱茵逃征者被捕率仅7% vs 全法16%；边界""每法里仅1名宪兵""。比利时/利古里亚/莱芒未获兵力数（缺口）。",仅候选：可能单位换算、概括、纠错或真正遗漏；不能以字符串未命中判漏
nodes/r_5b1357a9c6/cards/t_40198e/D1_annexed_inner.md,35,### ②宪兵密度：低于本土的强制地板,2700|3400|470,"【推演·中高】新并省常态宪兵密度≈1/2,700–1/3,400，即**每百万人370–470名宪兵**；但""照额交付""依赖的不是常态密度而是**可信的峰值强制预备**——这正是F2""3‰治安+1‰边防仅是低压测试""的微观注脚。",仅候选：可能单位换算、概括、纠错或真正遗漏；不能以字符串未命中判漏
nodes/r_5b1357a9c6/cards/t_40198e/D1_annexed_inner.md,38,### ③征兵实得率：三条收敛速度不同的曲线,24560|42.4|49.3|79000|89267,"【锚点】全序列见notes_conscription_tax.md。要点：比利时——1799年22,000配额只征得1/4；全期（an VII–1813）征召225,147、入伍216,111（=人口6.12%）、réfractaires+逃兵89,267（其中24,560再收编）、阵亡79,000（=35%）；逃征率10.7%→42.4%（1805–09）而开小差率49.3%→14.8%（结构从""入伍后逃""转为""拒不报到""）；1811后照莱茵轨迹收敛。莱茵——动员9,081（IX–XIII）+24,186（1806–10）；逃征30%→34%（帝国21%→31%、阿尔萨斯8%→17%）；开小差13%→**3%**（帝国12%）；全期血税80,000=人口1/20、过半未归；1811起""征前抵抗几乎消失""。皮埃蒙特——11个年级在册166,556；réformés 53,740（1/3；1806–10段达2/5）；实得38,242（=在册23%）；an XI仅500/4,000出发，拿破仑亲笔：""**这个国家只有靠征兵才能变成法国的**""；an XIII起良好（Sesia因疟疾/糙皮病除外）；Frasca总评：皮埃蒙特按征兵/人口比""在并合国中出类拔萃……军事精神在制度更替中幸存""。利古里亚——Lebrun对海员征集犹豫不前；聚合序列未获（缺口）。1806年横断面（Imbert/Darquenne）：**""一切并合省的入伍/人口比低于内地法国""**（全国均值2.01%，诺曼底与东部近3%）。",仅候选：可能单位换算、概括、纠错或真正遗漏；不能以字符串未命中判漏
nodes/r_5b1357a9c6/cards/t_40198e/D1_annexed_inner.md,43,### ④人均税负：预期已达老法国水准，实收另册,1072|11138406|36.9|625|66.5,"【锚点】Marion IV p.321（AF IV 1072，经F4图核）：1812年并合地预计毛额——比利时83M、莱茵37.5M、皮埃蒙特33M、利古里亚16M（莱芒不在表中：**它自1798年起就按老法国算，本身即整合完成的标志**）。人均：比利时24.8法郎、莱茵20.8、皮埃蒙特17.7、利古里亚≈25–29（人口分母带旗标）；对照荷兰66.5M/180万≈36.9（外圈最重）、全并合地毛≈24.4/净≈16.2。**唯一取得的省级实账**：Roer省1803年实纳11,138,406法郎 vs 旧制度约625万——名义+78%；Grab：莱茵、比利时税负均""显著重于旧制""（比利时1795年一次性战争税8,000万=奥治年额六倍）。Rowe关键限定：财产税全期稳定、增的是间接税与centimes additionnels；且因要塞-道路-机器支出，**莱茵可能是财政净流入区**（方向推断，无净额表）。",仅候选：可能单位换算、概括、纠错或真正遗漏；不能以字符串未命中判漏
nodes/r_5b1357a9c6/cards/t_40198e/D1_annexed_inner.md,45,### ④人均税负：预期已达老法国水准，实收另册,169.5|342|36.9,"【推演·中**】并合省财政""整合""的实义是**汲取结构标准化**而非净贡献最大化；1812表是预期非实收，F4已证""预期毛342/净226""与Gaudin""至多105""的落差。给P2：**内圈四区1812预期毛169.5M≈全并合地之半，但其人口也≈半——并合的""富矿""其实在外圈口岸（荷兰人均36.9），而外圈恰是封锁摧毁税基之地（F4对冲曲线）**。",仅候选：可能单位换算、概括、纠错或真正遗漏；不能以字符串未命中判漏
nodes/r_5b1357a9c6/cards/t_40198e/D1_annexed_inner.md,63,"### ⑧显贵归附：从拒绝到入仕的2–9年曲线，与""参与但不服从""的天花板",1261|38000|4994|824,"【锚点】负面开局：科隆首富Schaaffhausen 1800年拒任市长（""别人写信：听说你被市长职位威胁，我不希望你摊上""）；1803年科隆Guards of Honour 23名受邀显贵集体推脱；1797年比利时选举投给反法候选人。转折：1803–04年科隆三名旧Bürgermeister（Wittgenstein市长、Klespe副省长、Dumont省政委员）接受任命；1804年后莱茵副省长任命半数为旧贵族；皮埃蒙特106名炮兵军官1798年整建制转入法军、Balbo/Saluzzo/Cavour家族入仕、**1810年""三十最高纳税人""名单150人中114名旧贵族**；de Maistre 1806年绝望信：""我的家族是萨伏依唯一一个毫无例外坚持效忠陛下到最后一刻的""。天花板：Roer选举团1804年拒选贝尔纳多特、1810年改选两名被革职法官；""许多住在本省的法国人参选全部落选""；莱茵auditeurs响应""令人失望""，拿破仑对Borghese下令皮埃蒙特世家子弟""自愿或在被剥夺继承权与没收财产的威胁下""去圣西尔与巴黎。荣誉军团：1802年建、1814年38,000人中**civilians仅1,500（<4%）**——并合省文职显贵的荣誉通道实际很窄；两个荣誉军团屯垦试验营恰设在**亚历山德里亚与于利希**（皮埃蒙特与莱茵）；元老院有Degregory（1803）等零星并合省人；帝国赠产4,994笔3,000万法郎年金中824名将军占1,261笔——荣誉体系整体向军人倾斜。",仅候选：可能单位换算、概括、纠错或真正遗漏；不能以字符串未命中判漏
nodes/r_5b1357a9c6/cards/t_40198e/D1_annexed_inner.md,68,### ⑨经济整合：市场编入的真实红利与封锁的反噬,1300|70000|71,"【锚点】红利侧：比利时四煤省占帝国70,000矿工之半、产帝国煤近半；根特棉纺工人1,300（1806）→12,000（1816）；Verviers 1810年86厂25,000工人、产出比旧制+88%；列日=帝国第四大兵工业；莱茵纺织冶金受益于自由贸易+大市场+对英保护；农民受益于废领主制/什一税；1811年**法国对外贸易的19%经莱茵四省过境**（东西向重定向）；银行原始积累（Herstatt 10→26万塔勒、Schaaffhausen 8→25万，1796–1818）。反噬侧：安特卫普1800–05复兴→**1808–13封锁期海运枯竭**（转为军港）；科隆-荷兰贸易1807–09崩塌87%/71%；美因茨港进出口-42%/-44%；左岸原棉1812年14法郎/kg vs 右岸6法郎——**关税线把莱茵工业置于德意志对手的劣势**；科隆烟草业先衰后被1810年专卖终结；≥5,000名走私者活跃于美因茨-安特卫普带、1808年科隆出现走私保险公司、宪兵司令Georgeon本人涉案撤职；皮埃蒙特丝业受里昂保护主义之害；利古里亚港口经济被封锁绞杀。",仅候选：可能单位换算、概括、纠错或真正遗漏；不能以字符串未命中判漏
nodes/r_5b1357a9c6/cards/t_40198e/D1_annexed_inner.md,148,## 九、口径冲突与缺口登记（完整版见SOURCES.md）,1813473|1861852,"| 2 | 皮埃蒙特人口：六省相加1,861,852 vs Frasca正文1,813,473 | 人均值±2.6% | Frasca原表扫描/De Bartolomeis |",仅候选：可能单位换算、概括、纠错或真正遗漏；不能以字符串未命中判漏
nodes/r_5b1357a9c6/cards/t_40198e/notes_conscription_tax.md,21,"### 比利时9省（人口基数3,028,705，an VII–1813-11-15）",14100|42.4,"**F2用法**：比利时年均实得≈216,111/15.3年≈14,100/年≈人口0.47%/年（全期均值，含1798–99崩溃年与1812–13峰值）。成熟段（1806–13）机器可稳定交付配额，但逃征率42.4%意味着**毛征召须≈净需求的1.4–1.7倍**（含réformés则≈2倍）。",仅候选：可能单位换算、概括、纠错或真正遗漏；不能以字符串未命中判漏
nodes/r_5b1357a9c6/cards/t_40198e/notes_conscription_tax.md,38,"### 皮埃蒙特6省（人口1,861,852＝六省相加；Frasca正文总数1,813,473，两数并存待核）",1813473|1861852,"### 皮埃蒙特6省（人口1,861,852＝六省相加；Frasca正文总数1,813,473，两数并存待核）",仅候选：可能单位换算、概括、纠错或真正遗漏；不能以字符串未命中判漏
nodes/r_5b1357a9c6/cards/t_40198e/notes_conscription_tax.md,74,### 实收锚点（唯一取得的department级实账）,11138406|201|6250000,"- **Roer省1803年实纳11,138,406法郎 vs 旧制度约6,250,000**（Rowe p.201引1803法方备忘录）→兼并使Roer名义税负≈+78%；Rowe：财产税全期稳定、间接税与centimes additionnels递增；**且因基建+国家机器支出，该区可能是净流入区**（""no figures exist""，方向推断）。",仅候选：可能单位换算、概括、纠错或真正遗漏；不能以字符串未命中判漏
nodes/r_5b1357a9c6/cards/t_40198e/notes_conscription_tax.md,81,## 三、宪兵密度（Q1/Q2可用）,15500|2700,"| 帝国 | 15,500 | 1809 | ≈1/2,700人 | Rowe p.181 |",仅候选：可能单位换算、概括、纠错或真正遗漏；不能以字符串未命中判漏
nodes/r_5b1357a9c6/cards/t_40198e/notes_grab.md,35,### 经济整合,17382|27925|37300,"- 冶金：高炉59→87（1789–1811）；生铁24,000→37,300吨；铁器17,382→27,925吨；列日军械=帝国第四大兵工业。",仅候选：可能单位换算、概括、纠错或真正遗漏；不能以字符串未命中判漏
nodes/r_5b1357a9c6/cards/t_40198e/notes_grab.md,74,## 四、全帝国横断面（供D1定位）,1261|4994|824|862,"- 赠产（dotations）：至1814共4,994笔、3,000万法郎年金；824名将军得1,261笔逾1,600万（行862）——与D1""显贵归附""维度相关（帝国以并合区与藩属收入奖军官）。",仅候选：可能单位换算、概括、纠错或真正遗漏；不能以字符串未命中判漏
nodes/r_5b1357a9c6/cards/t_40198e/notes_rowe.md,12,### Table 3（印p.179）：逃征与开小差，an IX(1800/1)–1810,2763|615|65220,"| 逃征(draft dodgers) IX–XIII | 2,763 (30%) | 615 (8%) | 65,220 (21%) |",仅候选：可能单位换算、概括、纠错或真正遗漏；不能以字符串未命中判漏
nodes/r_5b1357a9c6/cards/t_40198e/notes_rowe.md,16,### Table 3（印p.179）：逃征与开小差，an IX(1800/1)–1810,1203|87288,"| 开小差(deserters) IX–XIII | 1,203 (13%) | 1,813 (23%) | 87,288 (28%) |",仅候选：可能单位换算、概括、纠错或真正遗漏；不能以字符串未命中判漏
nodes/r_5b1357a9c6/cards/t_40198e/notes_rowe.md,27,### 宪兵密度（印p.181）,15500|3416,"- 密度计算：527/180万 ≈ **1宪兵/3,416人**（弱于法国本土均值≈1/2,600——15,500/4,000万含新省）；边境""每法里(league)边界仅1名宪兵""。",仅候选：可能单位换算、概括、纠错或真正遗漏；不能以字符串未命中判漏
nodes/r_5b1357a9c6/cards/t_40198e/notes_rowe.md,49,## 1810国民自卫军重组（印p.187）,518|63000,"- 1810-07全国80万编制；Armée d'Anvers=63,000人，由Deux-Nèthes/Escaut/Dyle/Lys/Sambre-et-Meuse/Ourthe/Meuse-Inférieure+Roer组成，**Roer配额12,000**（Correspondance 20, pp.518–22）——比利时+Roer被编为同一防区（供D1""军事整合""维度）。",仅候选：可能单位换算、概括、纠错或真正遗漏；不能以字符串未命中判漏
nodes/r_5b1357a9c6/cards/t_40198e/notes_woolf.md,37,### 比利时九省（印pp.160–161）,42.4|49.3,"- **逃征率：10.7%（至1804–5）→42.4%（1805–9）；开小差率：49.3%→14.8%**——总不合覄60%→57%，但结构由""入伍后逃""转为""拒不报到""；与Rowe莱茵表同构。",仅候选：可能单位换算、概括、纠错或真正遗漏；不能以字符串未命中判漏
nodes/r_5b1357a9c6/cards/t_5b1d64/IT3_papacy_churches.md,3,# IT3｜教廷与诸教会：正统性的跨国供给者，欧洲唯一不可兼并的单位,10032|1357,研究卡 t_5b1d64（Sister 10032）· 运行 r_5b1357a9c6 · 单位=教廷（庇护七世、Consalvi、专约体制）＋各地天主教会（西班牙、蒂罗尔、比利时、旺代、罗马）＋新教邦国教会＋犹太人（1807大议会体制）。三段式标签：【锚点】=文书/史实（带来源）；【机制】=史实类比或理论机制（带适用条件）；【推演】=情景推断（高/中/低置信）。回忆录类标R（回溯性）；转引注明；权重知识明示待核。笔记与摘录：本卡目录 notes_*.md 五件；全部来源见 SOURCES.md。,仅候选：可能单位换算、概括、纠错或真正遗漏；不能以字符串未命中判漏
nodes/r_5b1357a9c6/cards/t_5b1d64/IT3_papacy_churches.md,47,### ③ 财政货币金融,063|2133|3214|4160,"【锚点】教皇国财政：经济落后、国库长期赤字、朝圣收入下滑（Grab L4160）；1797托伦蒂诺条约勒索2,100万法郎+割三使节区（Grab L330）；1809并省后教皇拒受200万法郎年金（枫丹白露Art.3以200万年金""替偿""已变卖领地——Grab与文书互证），靠施舍度日以保""被劫者""叙事。【口径警示】教皇国岁入的可靠序列本卡未获（Consalvi改革期约当数百万scudi级，权重知识、不冻结数字）；F4台账已载1810年帝国指令罗马应出净额约800万法郎/年（downloads/pages/82a063e7e022.md L2028–2133，""目标非实收""）。【机制】教会真正的财政意义不在教廷岁入而在**全欧教产存量与什一税已被各国拿走**：法国革命没收、德意志1803世俗化（3百万臣民易手）、西班牙Consolidación（Godoy借教皇简函卖教产——Grab L3214）。适用条件：**教产变现需要教皇合作才能让买主安心**（1801专约Art.13正是把这一背书卖给了法国）。【推演·高】S5/S6下教会不是征税对象而是""产权公证人""：每兼并一地，教产买主的安心程度=当地教会与教皇的和解程度；教廷手里最后的财政筹码是对既成事实的追认权。",仅候选：可能单位换算、概括、纠错或真正遗漏；不能以字符串未命中判漏
nodes/r_5b1357a9c6/cards/t_5b1d64/IT3_papacy_churches.md,53,### ⑤ 撷取与动员上限,2219|4188|5233|5245|79000,"【锚点】人力存量：法国帝国本土教区司铎约3.6万（组织条款3000堂区口径+权重知识，待核）；西班牙教职20万（Grab注3）或14.8–17万（1797普查通行口径，两说并列——notes_resistance A1）；教皇国教士1.7万/人口150万（Grab注32，密度1.1%全欧最高）；比利时1798–1813征兵216,111人、伤亡79,000（Grab L2219——教会宣讲服从下的实缴）。【机制】教会的""动员""不是拉队伍而是三件事：(a)合法性宣告（洪塔、誓词、Te Deum）；(b)日常合规生产（征兵讲坛、教理问答、为君祈祷）；(c)合规撤回（拒祈祷、拒圣事、拒宣誓——罗马1809–14全谱系实测，Grab L4188）。Esdaile反证已录：教士任游击指挥官罕见，加泰罗尼亚游击队多为世俗（IT2 txt L5233–5245）。【推演·高】**教会动员上限=把治安成本提高2–5倍的合法性罢工，而非独立军事力量**；它需要与征兵/占领/赋税冲突合取才引爆（蒂罗尔三因叠加、比利时1798征兵触发、西班牙王朝真空触发），单独的宗教冲突（1809绝罚）只产出消极抵抗。",仅候选：可能单位换算、概括、纠错或真正遗漏；不能以字符串未命中判漏
nodes/r_5b1357a9c6/cards/t_5b1d64/IT3_papacy_churches.md,62,### ⑧ 社会运动与抵抗传统,1057|2190|2247|3817,"【锚点】四个对照案例（详notes_resistance B）：旺代/舒昂（1793–99；专约釜底抽薪后1801–14无再燃——Grab L1057）；比利时农民战争（1798征兵触发、教士拒誓背景；1801–09和解八年；1809后拒祈祷/拒认主教/Stevens地下网络逆转——Grab L2190–2247）；蒂罗尔1809（征兵+反教权改革+地方权利三因，先于绝罚，有奥方联动——t_b09c54已核）；西班牙1808–13（教士在洪塔与话语动员中骨干、在军事指挥中罕见——Grab vs Esdaile并置）；另罗马消极抵抗（1809–14无起义、全面圣事抵制）；卡拉布里亚1806–08与1799 Sanfedismo（Ruffo枢机十字军先例——Grab L3817）。【机制提炼·高】起义=征兵/赋税/占领×教会冲突×外部战机的合取；教会冲突单因→消极抵抗；无教会冲突的征兵冲突→可镇压的暴动（1798比利时）。**教会变量的作用是把""可镇压的暴动""升级为""不可结案的圣战""并降低告密率**。",仅候选：可能单位换算、概括、纠错或真正遗漏；不能以字符串未命中判漏
nodes/r_5b1357a9c6/cards/t_5b1d64/IT3_papacy_churches.md,74,### ⑫ 交流与流动,1047|1048,【锚点】跨国网络清单：枢机通信网（被囚期地下化——Caiani档案谱系AN AF IV 1047–1048）；流亡司铎（法国大革命期3–4万出亡、专约后回流——权重知识，Grab叙事锚定方向）；传信部Propaganda Fide（枫丹白露Art.9要求随教皇驻地迁移——帝国明白其全球价值）；爱尔兰-罗马-西班牙的神学院网络；犹太商网与consistoire体系（1808官营化）。【推演·中高】S6下帝国接管Propaganda=接管天主教全球传教网的行政外壳，但各国（西、葡、爱、波）传教士的实际忠诚不可迁移——类比东印度公司接管莫卧儿名义主权：得壳不得魂。,仅候选：可能单位换算、概括、纠错或真正遗漏；不能以字符串未命中判漏
nodes/r_5b1357a9c6/cards/t_5b1d64/IT3_papacy_churches.md,87,## 三、能力上限表（⑮）,3228|5233,"| 起义催化 | 西班牙（洪塔骨干+话语动员）；蒂罗尔（三因合取）；卡拉布里亚 | 在""征兵/赋税×占领×战机""合取处把暴动升级为圣战、降低告密率、提供跨区联络 | 单因不引爆（1809绝罚后帝国核心区平静）；教士指挥罕见（Esdaile） | Grab L3228；Esdaile L5233；t_b09c54蒂罗尔包 |",仅候选：可能单位换算、概括、纠错或真正遗漏；不能以字符串未命中判漏
nodes/r_5b1357a9c6/cards/t_5b1d64/notes_consalvi_papalstate.md,3,# IT3 笔记四：Consalvi回忆录两卷+Pacca附件——教廷决策结构、1801谈判、1810婚礼、1806–08中立危机,681099|8111,来源：downloads/IT3_Consalvi_memoires_v1_1866.txt（doc 681099ce8111）、IT3_Consalvi_memoires_v2_1864.txt（doc d64e9e569b56）、IT3_Pacca_memoires_v2_fr_1833.txt。Crétineau-Joly编1864/1866版；当事人回忆（R类），编者注带正统派倾向，引用时标层级。,仅候选：可能单位换算、概括、纠错或真正遗漏；不能以字符串未命中判漏
nodes/r_5b1357a9c6/cards/t_5b1d64/notes_resistance_protestant_revival.md,4,## A. 西班牙（与SP2接口，本卡只承担教会侧）,1050|3147,"1.【事实（Grab L3147）】旧制度末西班牙：人口1,050万，修道院2,000所，教士200,000（Grab注3口径）。【口径警示】1797 Godoy普查常被引为总教职人员约14.8–17万（downloads/f2_censo_godoy1797.pdf在库未逐表核）；20万或含依附人员——**两口径并列不互填**。",仅候选：可能单位换算、概括、纠错或真正遗漏；不能以字符串未命中判漏
nodes/r_5b1357a9c6/cards/t_611e2b/PS_persia_afghanistan_punjab.md,27,### ①决策结构与政治制度,5429|546928,"【锚点】法特赫·阿里沙（1797–1834在位）以叔父阿迦·穆罕默德的征服为基座，1797–1801镇压Sadeq Khan Shaqaqi（叛军2万 vs 王军仅7,000）、Zand余党与胞弟两叛，1801处死开国首相Ebrahim Khan Kalantar；行""王子分省制""：诸子任省督（阿巴斯·米尔扎领阿塞拜疆35年、Dowlatshah终身领克尔曼沙阿、Farmanfarma领法尔斯至1834），各建小朝廷、自理对邻政权关系（Iranica Fath-Ali Shah条目，`downloads/pages/19fadd546928.md`）。【锚点】""永久征服政策""的功能是把竞争性王子的注意力引向外围、互不相攻（同上引ʿAżod-al-Dawla pp.116–17）。【锚点】继承结构性脆弱：阿巴斯1799年立储凭母系Devellü血统而非长幼；Golestān条约Art.4给俄国""承认储君并助其镇压反对派""之权；Torkamānčāy Art.13再保阿巴斯一系；1834年沙死后Farmanfarma即抗拒新储（同上；Iranica Golestan条目，`downloads/pages/fdd97c5429ee.md`）。",仅候选：可能单位换算、概括、纠错或真正遗漏；不能以字符串未命中判漏
nodes/r_5b1357a9c6/cards/t_611e2b/PS_persia_afghanistan_punjab.md,36,### ③财政货币金融,4000000|7270|7290|7740|7770,"【锚点】沙对Jones的自述（1809）：""每省有一王子，报告省入不超过政府开支；诺鲁兹贡品是马驼骡羊披肩珍珠而非钱；**现钱收入只够养我维持的部队与宫廷**；我有成堆宝石，但这种时候它们值什么？""（Jones 1834, pp.286–87，转引自Iranica Fath-Ali Shah条目——王室财政=省级截留+实物贡赋+珠宝窖藏，中央现金流极薄）。【锚点】阿塞拜疆军费自筹：英津贴不足且沙拒拨（德黑兰视阿塞拜疆为富省），阿巴斯自编财政登记册、废买官（Iranica Abbas Mirza，`downloads/pages/1834e51c1dbd.md`）。【锚点】外部现金价格序列：1809预备约津贴£100,000/年+训练装备1.6万步兵（Iranica Golestan）；1812-03-14定约200,000 toman≈£150,000/年，且""波斯惯例军饷预发六个月""写入专条（Kaye v1 p.138，`downloads/PS_kaye1851_v1_real.txt`行7270–7290）；1814德黑兰条约保留20万toman但加""非波斯挑衅""条件（同上行7740–7770）。【锚点】1828 Torkamānčāy赔款£4,000,000使国库破产、沙被迫变卖内库（Iranica Fath-Ali Shah）。",仅候选：可能单位换算、概括、纠错或真正遗漏；不能以字符串未命中判漏
nodes/r_5b1357a9c6/cards/t_611e2b/PS_persia_afghanistan_punjab.md,91,### ②法律行政 ③财政,25100|25230,"【锚点】Elphinstone财政账（1815, CHAP.IV）：全国名义岁入""近3 crore卢比""（1 crore≈£100万+），其中1 crore以上是半臣服王公自留的""账面贡赋""；实收""远低于2 crore""，其中约半数以teool（军事义务采邑）授出；**王室实际现金收入""9 million rupees以上""（0.9 crore）**；王室开支半crore；""王冠珍宝早已散尽，国王仅有的财富是一批珠宝，因找不到买主才得以保存""（`downloads/PS_elphinstone1815_caubul.txt` OCR行25100–25230）。省督（Haukim）包税；余额多以""就地签发给军队的支付令""消化。",仅候选：可能单位换算、概括、纠错或真正遗漏；不能以字符串未命中判漏
nodes/r_5b1357a9c6/cards/t_611e2b/PS_persia_afghanistan_punjab.md,96,### ④经济 ⑤动员上限 ⑥军事,1155|1180|13000|25360|25560,"【锚点】Elphinstone军制账（CHAP.VI）：杜兰尼部落义务骑12,000（teool条件+服役月饷；""杜兰尼腹地作战时国王能雇多少就有多少""）；**Gholaum Khauneh王室常备骑>13,000**（Qizilbash约1/3为精华；""若能按时发饷可翻倍""）；Karra Nokur征役骑（可折钱5–7 toman/名，实到低于额定）；Eeljauree民兵名义人口1/10从未足额；**火炮：Shuja 1809年白沙瓦之战仅5门，""比我在波斯所见任何火炮都差""**；骆驼回旋炮700–800（OCR行25360–25560）。Kaye补：Ahmad Shah时杜兰尼骑6,000+西部诸部与波斯裔饷军6,000；Timur Shah时全军约4万、几乎全骑（Kaye v1行1155–1180）。",仅候选：可能单位换算、概括、纠错或真正遗漏；不能以字符串未命中判漏
nodes/r_5b1357a9c6/cards/t_611e2b/PS_persia_afghanistan_punjab.md,114,### ③财政,12403900|185|1900600|577000,"【锚点】Murray估算（Prinsep 1834印pp.183–185）：土地税+贡赋Rs 1,24,03,900、关税19,00,600、印玺费5,77,000，**Khalsa国库岁入合计Rs 1,48,81,500（≈£150万）**；另jagir层1,09,28,000不入库；全境资源2.58 crore。**Govindgarh窖藏≥10 crore（£10m）**（""或更高，但保守取下限""）。",仅候选：可能单位换算、概括、纠错或真正遗漏；不能以字符串未命中判漏
nodes/r_5b1357a9c6/cards/t_611e2b/PS_persia_afghanistan_punjab.md,119,### ④经济 ⑤动员 ⑥军事,12811|14941|185|26950|27312|5670,"【锚点】Murray军力表（同上pp.185–186）：正规骑（Allard操练+Gorchurra）12,811；正规步兵14,941；**正规军合计27,752**；驻防军26,950；封建contingent 27,312；**总计82,014；火炮376门+骆驼炮370**；攻城炮务人员可集4–5,000。1805年（Holkar危机）全军仅2.4万（行5670）——**三十年扩军3.4倍**。",仅候选：可能单位换算、概括、纠错或真正遗漏；不能以字符串未命中判漏
nodes/r_5b1357a9c6/cards/t_611e2b/PS_persia_afghanistan_punjab.md,146,### 6.1 方案文本层（全部亲读）,1292|214,| Gardane训令1807-05-10 | 拟法军**2万**+法官训波斯军1.2万；全境路线要塞港口测绘；联马拉塔 | Iranica Gardane条目转引Corresp. XV pp.210–214（`downloads/pages/fcff28bd1292.md`） |,仅候选：可能单位换算、概括、纠错或真正遗漏；不能以字符串未命中判漏
nodes/r_5b1357a9c6/cards/t_611e2b/PS_persia_afghanistan_punjab.md,147,### 6.1 方案文本层（全部亲读）,21684|98385,"| Caulaincourt训令1807-11-12 | **4万法军经君士坦丁堡+4万俄军经高加索**；""越显虚幻，尝试越使英国恐惧"" | Vandal附录，`downloads/pages/13f4af98385b.md`行21684起（本轮复核在位） |",仅候选：可能单位换算、概括、纠错或真正遗漏；不能以字符串未命中判漏
nodes/r_5b1357a9c6/cards/t_611e2b/PS_persia_afghanistan_punjab.md,148,### 6.1 方案文本层（全部亲读）,10510|10590,| 拿破仑致亚历山大1808-02-02 | **5万（俄、法、或许些许奥）**；未到幼发拉底已使英国屈服；一月抵博斯普鲁斯、5-01在亚洲 | 同上行10510–10590（本轮复核在位） |,仅候选：可能单位换算、概括、纠错或真正遗漏；不能以字符串未命中判漏
nodes/r_5b1357a9c6/cards/t_611e2b/notes_afghan_punjab.md,45,## C. Kaye《History of the War in Afghanistan》vol.1 (1851),20050|20060|20440|20500|38000,"- 1838远征：孟加拉纵队自Ferozepore 1838-12-10出发，**约9,500战兵+38,000随军人员+约30,000骆驼**（骆驼从Bikaner/Jaisalmer征雇至枯竭，最后动用Hissar官营驼场；印pp.388–389，OCR行20440–20500）；舒贾新募军约6,000（2骑4步+骑炮1队，行20050–20060）；孟买师由海路至卡拉奇。",仅候选：可能单位换算、概括、纠错或真正遗漏；不能以字符串未命中判漏
nodes/r_5b1357a9c6/cards/t_611e2b/notes_afghan_punjab.md,50,## D. Prinsep《Origin of the Sikh Power》1834（Captain Murray口径，约1831–33）,12403900|1900600|25809500|577000,"- **岁入**：土地税+贡赋 Rs 1,24,03,900；关税 19,00,600；Mohurana印玺费 5,77,000；**Khalsa国库岁入合计 Rs 1,48,81,500（≈1.49 crore≈£150万）**；另jagir及老锡克家族领地岁入1,09,28,000不入国库→**全境资源 Rs 2,58,09,500**（Prinsep按莫卧儿Lahore soubah旧额校验认为估计可信）。",仅候选：可能单位换算、概括、纠错或真正遗漏；不能以字符串未命中判漏
nodes/r_5b1357a9c6/cards/t_611e2b/notes_afghan_punjab.md,52,## D. Prinsep《Origin of the Sikh Power》1834（Captain Murray口径，约1831–33）,12811|14941|23950|26950|27312,"- **军力（Murray表）**：正规骑兵（Allard操练+国马Gorchurra）12,811；正规步兵14,941；**正规军合计27,752**；驻防军26,950（骑3,000步23,950，含克什米尔）；西尔达尔封建contingent 27,312；**总计82,014**。**火炮376门+骆驼回旋炮370**；攻城时炮务人员可达4–5,000。骑炮附各团编制。",仅候选：可能单位换算、概括、纠错或真正遗漏；不能以字符串未命中判漏
nodes/r_5b1357a9c6/cards/t_611e2b/notes_expedition.md,12,## 2. Gardane本人的对印战役计划（据其与巴黎通信，印p.318–319，OCR行14404–14448）,14404|14448,## 2. Gardane本人的对印战役计划（据其与巴黎通信，印p.318–319，OCR行14404–14448）,仅候选：可能单位换算、概括、纠错或真正遗漏；不能以字符串未命中判漏
nodes/r_5b1357a9c6/cards/t_611e2b/notes_local_core.md,32,## 3. 与本卡直接相关的上一轮已核结论（复用，注路径）,21443|21684,"- 1807-11-12 Caulaincourt训令：4万法军经君士坦丁堡+4万俄军经高加索；""plus elle paraît chimérique, plus la tentative...épouvanterait les Anglais""（同上行21443起，印度段21684起；AAE Russie vol.144谱系）。",仅候选：可能单位换算、概括、纠错或真正遗漏；不能以字符串未命中判漏
nodes/r_5b1357a9c6/cards/t_611e2b/notes_local_core.md,33,## 3. 与本卡直接相关的上一轮已核结论（复用，注路径）,10510|10590,"- 1808-02-02拿破仑致亚历山大：5万人（俄、法、或许些许奥军）""ne serait pas arrivée sur l'Euphrate qu'elle ferait trembler l'Angleterre""；自称协议后1个月到博斯普鲁斯、3-15前决定、5-01可在亚洲——**宣示性时间表非核验工期**（同上行10510–10590）。",仅候选：可能单位换算、概括、纠错或真正遗漏；不能以字符串未命中判漏
nodes/r_5b1357a9c6/cards/t_611e2b/notes_local_core.md,35,## 3. 与本卡直接相关的上一轮已核结论（复用，注路径）,1120|361323912,- Baird 1801 Kosseir–Kena沙漠段：无水段33/34英里、夜行2.5英里/小时、人均携水2加仑、水袋泄漏导致次梯队行军取消、骆驼夫须付酬安抚（`downloads/pages/e6f361323912.md` 行1120–1400、1806–1915）。,仅候选：可能单位换算、概括、纠错或真正遗漏；不能以字符串未命中判漏
nodes/r_5b1357a9c6/cards/t_611e2b/notes_logistics.md,15,## 输入参数（全部有出处）,1120|361323912,"| 沙漠段实测 | Kosseir–Kena 120英里：Murray分队（数千人）即用**5,000骆驼**；无水段33/34英里夜行；人均携水2加仑；水袋漏损即取消次梯队行军；须付酬安抚驼夫 | Baird官史（`downloads/pages/e6f361323912.md`行1120–1400、附录C） |",仅候选：可能单位换算、概括、纠错或真正遗漏；不能以字符串未命中判漏
nodes/r_5b1357a9c6/cards/t_611e2b/sec1_head_persia.md,27,### ①决策结构与政治制度,5429|546928,"【锚点】法特赫·阿里沙（1797–1834在位）以叔父阿迦·穆罕默德的征服为基座，1797–1801镇压Sadeq Khan Shaqaqi（叛军2万 vs 王军仅7,000）、Zand余党与胞弟两叛，1801处死开国首相Ebrahim Khan Kalantar；行""王子分省制""：诸子任省督（阿巴斯·米尔扎领阿塞拜疆35年、Dowlatshah终身领克尔曼沙阿、Farmanfarma领法尔斯至1834），各建小朝廷、自理对邻政权关系（Iranica Fath-Ali Shah条目，`downloads/pages/19fadd546928.md`）。【锚点】""永久征服政策""的功能是把竞争性王子的注意力引向外围、互不相攻（同上引ʿAżod-al-Dawla pp.116–17）。【锚点】继承结构性脆弱：阿巴斯1799年立储凭母系Devellü血统而非长幼；Golestān条约Art.4给俄国""承认储君并助其镇压反对派""之权；Torkamānčāy Art.13再保阿巴斯一系；1834年沙死后Farmanfarma即抗拒新储（同上；Iranica Golestan条目，`downloads/pages/fdd97c5429ee.md`）。",仅候选：可能单位换算、概括、纠错或真正遗漏；不能以字符串未命中判漏
nodes/r_5b1357a9c6/cards/t_611e2b/sec1_head_persia.md,36,### ③财政货币金融,4000000|7270|7290|7740|7770,"【锚点】沙对Jones的自述（1809）：""每省有一王子，报告省入不超过政府开支；诺鲁兹贡品是马驼骡羊披肩珍珠而非钱；**现钱收入只够养我维持的部队与宫廷**；我有成堆宝石，但这种时候它们值什么？""（Jones 1834, pp.286–87，转引自Iranica Fath-Ali Shah条目——王室财政=省级截留+实物贡赋+珠宝窖藏，中央现金流极薄）。【锚点】阿塞拜疆军费自筹：英津贴不足且沙拒拨（德黑兰视阿塞拜疆为富省），阿巴斯自编财政登记册、废买官（Iranica Abbas Mirza，`downloads/pages/1834e51c1dbd.md`）。【锚点】外部现金价格序列：1809预备约津贴£100,000/年+训练装备1.6万步兵（Iranica Golestan）；1812-03-14定约200,000 toman≈£150,000/年，且""波斯惯例军饷预发六个月""写入专条（Kaye v1 p.138，`downloads/PS_kaye1851_v1_real.txt`行7270–7290）；1814德黑兰条约保留20万toman但加""非波斯挑衅""条件（同上行7740–7770）。【锚点】1828 Torkamānčāy赔款£4,000,000使国库破产、沙被迫变卖内库（Iranica Fath-Ali Shah）。",仅候选：可能单位换算、概括、纠错或真正遗漏；不能以字符串未命中判漏
nodes/r_5b1357a9c6/cards/t_611e2b/sec2_afghan_punjab_sind.md,9,### ②法律行政 ③财政,25100|25230,"【锚点】Elphinstone财政账（1815, CHAP.IV）：全国名义岁入""近3 crore卢比""（1 crore≈£100万+），其中1 crore以上是半臣服王公自留的""账面贡赋""；实收""远低于2 crore""，其中约半数以teool（军事义务采邑）授出；**王室实际现金收入""9 million rupees以上""（0.9 crore）**；王室开支半crore；""王冠珍宝早已散尽，国王仅有的财富是一批珠宝，因找不到买主才得以保存""（`downloads/PS_elphinstone1815_caubul.txt` OCR行25100–25230）。省督（Haukim）包税；余额多以""就地签发给军队的支付令""消化。",仅候选：可能单位换算、概括、纠错或真正遗漏；不能以字符串未命中判漏
nodes/r_5b1357a9c6/cards/t_611e2b/sec2_afghan_punjab_sind.md,14,### ④经济 ⑤动员上限 ⑥军事,1155|1180|13000|25360|25560,"【锚点】Elphinstone军制账（CHAP.VI）：杜兰尼部落义务骑12,000（teool条件+服役月饷；""杜兰尼腹地作战时国王能雇多少就有多少""）；**Gholaum Khauneh王室常备骑>13,000**（Qizilbash约1/3为精华；""若能按时发饷可翻倍""）；Karra Nokur征役骑（可折钱5–7 toman/名，实到低于额定）；Eeljauree民兵名义人口1/10从未足额；**火炮：Shuja 1809年白沙瓦之战仅5门，""比我在波斯所见任何火炮都差""**；骆驼回旋炮700–800（OCR行25360–25560）。Kaye补：Ahmad Shah时杜兰尼骑6,000+西部诸部与波斯裔饷军6,000；Timur Shah时全军约4万、几乎全骑（Kaye v1行1155–1180）。",仅候选：可能单位换算、概括、纠错或真正遗漏；不能以字符串未命中判漏
nodes/r_5b1357a9c6/cards/t_611e2b/sec2_afghan_punjab_sind.md,32,### ③财政,12403900|185|1900600|577000,"【锚点】Murray估算（Prinsep 1834印pp.183–185）：土地税+贡赋Rs 1,24,03,900、关税19,00,600、印玺费5,77,000，**Khalsa国库岁入合计Rs 1,48,81,500（≈£150万）**；另jagir层1,09,28,000不入库；全境资源2.58 crore。**Govindgarh窖藏≥10 crore（£10m）**（""或更高，但保守取下限""）。",仅候选：可能单位换算、概括、纠错或真正遗漏；不能以字符串未命中判漏
nodes/r_5b1357a9c6/cards/t_611e2b/sec2_afghan_punjab_sind.md,37,### ④经济 ⑤动员 ⑥军事,12811|14941|185|26950|27312|5670,"【锚点】Murray军力表（同上pp.185–186）：正规骑（Allard操练+Gorchurra）12,811；正规步兵14,941；**正规军合计27,752**；驻防军26,950；封建contingent 27,312；**总计82,014；火炮376门+骆驼炮370**；攻城炮务人员可集4–5,000。1805年（Holkar危机）全军仅2.4万（行5670）——**三十年扩军3.4倍**。",仅候选：可能单位换算、概括、纠错或真正遗漏；不能以字符串未命中判漏
nodes/r_5b1357a9c6/cards/t_611e2b/sec3_envelope_reactions.md,6,### 6.1 方案文本层（全部亲读）,1292|214,| Gardane训令1807-05-10 | 拟法军**2万**+法官训波斯军1.2万；全境路线要塞港口测绘；联马拉塔 | Iranica Gardane条目转引Corresp. XV pp.210–214（`downloads/pages/fcff28bd1292.md`） |,仅候选：可能单位换算、概括、纠错或真正遗漏；不能以字符串未命中判漏
nodes/r_5b1357a9c6/cards/t_611e2b/sec3_envelope_reactions.md,7,### 6.1 方案文本层（全部亲读）,21684|98385,"| Caulaincourt训令1807-11-12 | **4万法军经君士坦丁堡+4万俄军经高加索**；""越显虚幻，尝试越使英国恐惧"" | Vandal附录，`downloads/pages/13f4af98385b.md`行21684起（本轮复核在位） |",仅候选：可能单位换算、概括、纠错或真正遗漏；不能以字符串未命中判漏
nodes/r_5b1357a9c6/cards/t_611e2b/sec3_envelope_reactions.md,8,### 6.1 方案文本层（全部亲读）,10510|10590,| 拿破仑致亚历山大1808-02-02 | **5万（俄、法、或许些许奥）**；未到幼发拉底已使英国屈服；一月抵博斯普鲁斯、5-01在亚洲 | 同上行10510–10590（本轮复核在位） |,仅候选：可能单位换算、概括、纠错或真正遗漏；不能以字符串未命中判漏
nodes/r_5b1357a9c6/cards/t_656a10/X1_finance_houses.md,35,### 0.3 三个专题问题的答案（详见 §13–§16）,1300|3400,"- **1815–48 欧洲资本市场区间**：【演·中】详见 §16 的三情景数字带。核心数字：史实1815–48年欧洲主权与准主权年均新发行量本卡估**£1,500万–2,600万当量**（含英法主权、赔款、拉美、德意志诸邦与铁路早期），S2/S5 下为**£1,900万–3,400万**（法国公债市场化与大陆铁路提前，抵消拉美债市的缩小），S3 下为**£900万–1,700万**，S6 下为**£600万–1,300万**。长期利率：史实法国 rentes 1817–48 在**4.3%–9.1%**间（发行价55→87的隐含收益），S5 下本卡估**4.0%–6.5%**（无战败与占领溢价，但有""三分之一规则""的历史阴影溢价 50–150bp）。",仅候选：可能单位换算、概括、纠错或真正遗漏；不能以字符串未命中判漏
nodes/r_5b1357a9c6/cards/t_656a10/X1_finance_houses.md,133,### 3.1 各家的规模（可比口径：折算为英镑或荷兰盾）,1404|2500000,"| N. M. Rothschild 个人 | 1825-12 | 向英方出示账目证明身家 **£2,500,000** | Ferguson @1404 |",仅候选：可能单位换算、概括、纠错或真正遗漏；不能以字符串未命中判漏
nodes/r_5b1357a9c6/cards/t_656a10/X1_finance_houses.md,135,### 3.1 各家的规模（可比口径：折算为英镑或荷兰盾）,1116338|152000|160721|1709049|216813|223692|257224,"| Ouvrard 在 Hope 的账户 | 1807–1812 | 年末余额 1,116,338 fl.(1807)／1,709,049(1808)／216,813(1809)／223,692(1810)／−152,000(1811)／160,721(1812)；**十二年累计过账约1,200万盾≈2,400万法郎** | Wolff《Ouvrard》@257224 |",仅候选：可能单位换算、概括、纠错或真正遗漏；不能以字符串未命中判漏
nodes/r_5b1357a9c6/cards/t_656a10/X1_finance_houses.md,136,### 3.1 各家的规模（可比口径：折算为英镑或荷兰盾）,100.235|7506956|858,"| 汉堡银行 | 1813-11 | 库存白银 **7,506,956 Mark Banco 4 sch.**；储户债权 **7,489,343 Mk 12½ sch.**（准备率 **100.235%**） | Gartenlaube 1875, S.858（Wikisource 校对本，本卡亲读） |",仅候选：可能单位换算、概括、纠错或真正遗漏；不能以字符串未命中判漏
nodes/r_5b1357a9c6/cards/t_656a10/X1_finance_houses.md,137,### 3.1 各家的规模（可比口径：折算为英镑或荷兰盾）,143749931|740150,"| Banca di San Giorgio | 1804-12 | 统一公债 **740,150 luoghi × lire 194:4:4 ＝ 143,749,931:16:2 里拉**，付息4.5% | Assereto p11／印页174 |",仅候选：可能单位换算、概括、纠错或真正遗漏；不能以字符串未命中判漏
nodes/r_5b1357a9c6/cards/t_656a10/X1_finance_houses.md,145,"### 3.2 利率与价格：四个可比的""资本价格""刻度",1262|182000|188278|71,3. **法国复辟期 rentes**：1817年三档 **55／55／61½**（5%息）→ 隐含收益率 **9.09%／9.09%／8.13%**；1818年5月抬到 **76** → **6.58%**，9月跌到 **71** → **7.04%**；**1821年价87** → **5.75%**（Ziegler @182000、@188278、Ferguson @1262）。,仅候选：可能单位换算、概括、纠错或真正遗漏；不能以字符串未命中判漏
nodes/r_5b1357a9c6/cards/t_656a10/X1_finance_houses.md,170,### 4.1 1805–08 白银链：完整的物流—金流分解,1450000|5000000|6450000,"- 经 Parish 代理自 Vera Cruz 出口 **约6,450,000比索**，其中 Oliver 账户 **1,450,000**，其他途径 **5,000,000**。",仅候选：可能单位换算、概括、纠错或真正遗漏；不能以字符串未命中判漏
nodes/r_5b1357a9c6/cards/t_656a10/X1_finance_houses.md,173,### 4.1 1805–08 白银链：完整的物流—金流分解,2900000|422000|721000,"- Account X 结账：**53船货发票总值≈2,900,000美元**；20%进口税 **>560,000美元**付 Caja；15% ""compensations"" **422,000美元**。Buist 估 Parish 得 **721,000美元**，Hope 余约 **300,000美元**。",仅候选：可能单位换算、概括、纠错或真正遗漏；不能以字符串未命中判漏
nodes/r_5b1357a9c6/cards/t_656a10/X1_finance_houses.md,174,### 4.1 1805–08 白银链：完整的物流—金流分解,25780|3679835|772000,"- 'Diana' 号：**1807-10-20 抵朴次茅斯载3,679,835比索**，Charles＋Francis Baring 佣金及杂费 **£25,780**，**净得逾£772,000＝每比索4先令2便士**；法国国库按 **3.85法郎＋⅛%≈3.90法郎**受偿；按£1＝ƒ11.50、1法郎＝48荷兰分算，**Hope 与 Baring 合计每比索获利52荷兰分**（合计约191万荷兰盾）。",仅候选：可能单位换算、概括、纠错或真正遗漏；不能以字符串未命中判漏
nodes/r_5b1357a9c6/cards/t_656a10/X1_finance_houses.md,178,### 4.1 1805–08 白银链：完整的物流—金流分解,14167364|289445|3679835,"【锚·交叉】Ferguson 独立记述：""on one occasion Mexican piasters worth over 14 million francs were shipped across the Channel to the French Treasury by a British warship!""（@289445）——**本卡复算 3,679,835 × 3.85 ＝ 14,167,364 法郎，与之吻合**；但二者同指一事件，**不计为两个独立来源**。",仅候选：可能单位换算、概括、纠错或真正遗漏；不能以字符串未命中判漏
nodes/r_5b1357a9c6/cards/t_656a10/X1_finance_houses.md,187,### 4.2 货物结构：白银链同时是制造品出口链,1080|234|565|950,"【锚】Hope 的对美到货：1804年15笔近200万盾 → 1805年28笔234万 → 1806年95个账户逾950万 → **1807年106个账户逾1,080万** → 1808年逾565万 → 1809年近150万。（Buist 印页319、322–323）",仅候选：可能单位换算、概括、纠错或真正遗漏；不能以字符串未命中判漏
nodes/r_5b1357a9c6/cards/t_656a10/X1_finance_houses.md,190,### 4.2 货物结构：白银链同时是制造品出口链,2465|2590,"【机】**商人银行的""贷款""从来不是纯金融的**：它以商品专卖权、钻石、木材、羊毛（Ouvrard 委托代售的西班牙羊毛 2,590 包＋直运布里斯托的 2,465 包，Buist 印页303）作为回收渠道。**这是旧制度金融与19世纪后期纯金融的根本差别，也是它能在封锁下存活的原因。**",仅候选：可能单位换算、概括、纠错或真正遗漏；不能以字符串未命中判漏
nodes/r_5b1357a9c6/cards/t_656a10/X1_finance_houses.md,202,### 5.1 阿姆斯特丹对拿破仑体系的实测承受上限,660|720|7600|8300,"【机】**这是一条被实测出来的""市场容量曲线""**：两年内约 **8,300万盾名义、实际约7,600万盾**之后，市场停止吸收。按当时 £1≈ƒ11.5 折算，**约合£660–720万**。",仅候选：可能单位换算、概括、纠错或真正遗漏；不能以字符串未命中判漏
nodes/r_5b1357a9c6/cards/t_656a10/X1_finance_houses.md,217,### 5.3 英国方向：补贴与结算的上限,19891|4200,"【锚】1811–1815年英国付给盟国 **约£4,200万**（Ferguson @949）；**最后一年£1,000万**（Sherwig @19891）；1813年另送 **近100万支火枪**（同上）；1793–1816年为对法战争以借款与税收筹措 **逾£15亿**（同上）。",仅候选：可能单位换算、概括、纠错或真正遗漏；不能以字符串未命中判漏
nodes/r_5b1357a9c6/cards/t_656a10/X1_finance_houses.md,218,### 5.3 英国方向：补贴与结算的上限,2136916|323129|884|9789778,"【锚】1815年 Herries 与 Nathan 的账目合计 **£9,789,778**；峰值补贴 **每月£100万**；Nathan 到1815-10-20 累计提供金币 **£2,136,916（884箱55桶）**。（Ferguson @323129）",仅候选：可能单位换算、概括、纠错或真正遗漏；不能以字符串未命中判漏
nodes/r_5b1357a9c6/cards/t_656a10/X1_finance_houses.md,234,"## ⑥ ""军事""维度：金融网络的武装、护航与风险定价",295|326,【锚】Hope–Baring 合同：若挂英国许可证的船仍被英舰或私掠者扣押，**Baring 按每比索4先令6便士赔付 Hope**；Hope 须设法取得英国的安全通行保证，**最高价为货值的4%**。（Buist 印页295、326–327）,仅候选：可能单位换算、概括、纠错或真正遗漏；不能以字符串未命中判漏
nodes/r_5b1357a9c6/cards/t_656a10/X1_finance_houses.md,260,### 7.1 四个互不重叠的社会来源,3024|561,"【锚】法兰克福 Judengasse 的实测条件：**犹太人口被限为500户，每年只许12场婚礼，结婚年龄定在25岁，每年只许两名外来犹太人定居**；1780年代估计犹太人平均死亡率**比基督徒高58%**；街道长四分之一英里、宽不过十二英尺（有些地方不足十英尺），1711年已住 **3,024人**。（Ferguson @561–563）",仅候选：可能单位换算、概括、纠错或真正遗漏；不能以字符串未命中判漏
nodes/r_5b1357a9c6/cards/t_656a10/X1_finance_houses.md,273,### 7.2 婚姻与网络：资本的实际转移机制,200655|3248,"【锚】Nathan 1806年10月娶伦敦犹太社群领袖 Levi Barent Cohen 之女 Hannah，嫁妆 **£3,248**，并因此成为 Cohen 的合伙人；1807年的走私业务多与 Cohen 合办。（Ferguson @200655）",仅候选：可能单位换算、概括、纠错或真正遗漏；不能以字符串未命中判漏
nodes/r_5b1357a9c6/cards/t_656a10/X1_finance_houses.md,294,## ⑧ 社会运动与抵抗传统：走私者社会与反金融话语,198954|199383|234|360000,"【锚】1810-10-14 枫丹白露敕令后，两个步兵团进驻法兰克福，据密探 Thiard 报告 **234家商行被抄**；Mayer Amschel 被查获 **60,000古尔登**违禁品（约半为靛蓝），被追溯课特里亚农关税（罚近 **20,000法郎**），查获货物**总值约100,000古尔登当众焚毁**；**Bethmann 被罚逾360,000法郎**。（Ferguson @198954–199383）",仅候选：可能单位换算、概括、纠错或真正遗漏；不能以字符串未命中判漏
nodes/r_5b1357a9c6/cards/t_656a10/X1_finance_houses.md,302,## ⑧ 社会运动与抵抗传统：走私者社会与反金融话语,1501|1507,【锚·反金融话语的成形】1828年 Duncombe 的下院演说与《泰晤士报》「the unclean hands of a Jew and a man-midwife」、Macaulay 的「the Doctor and the Jew」讽刺诗（Ferguson @1501–1507）；1880–90年代德语世界的《法兰克福犹太人与人民福祉的搜刮》《俾斯麦与罗斯柴尔德》《罗斯柴尔德家族史》与 Sombart 1911年的「现代交易所是罗斯柴尔德式的（因而是犹太式的）」（Ferguson @434）。,仅候选：可能单位换算、概括、纠错或真正遗漏；不能以字符串未命中判漏
nodes/r_5b1357a9c6/cards/t_656a10/X1_finance_houses.md,330,### 9.3 「第六强权」与「金融操纵」的神话生产,220700|260000,"【锚】Ferguson 亦证伪「黑森选帝侯600万英镑存入罗斯柴尔德」之说：「only a few relatively unimportant items came into Mayer Amschel's possession」；大宗藏在选帝侯的乡间宅邸（Wilhelmshöhe 48箱、Löwenburg 24箱、Sababurg 47箱），**靠向法方 Lagrange 行贿260,000法郎**才保住其中42箱。（Ferguson @220700）",仅候选：可能单位换算、概括、纠错或真正遗漏；不能以字符串未命中判漏
nodes/r_5b1357a9c6/cards/t_656a10/X1_finance_houses.md,359,### 10.3 记账与市场基础设施,1049|1494,【锚】罗斯柴尔德到1815年**仍未采用复式记账**，而复式记账早在1494年由 Pacioli 描述、16世纪末已在多数欧洲国家广为人知（Ferguson @1049）。,仅候选：可能单位换算、概括、纠错或真正遗漏；不能以字符串未命中判漏
nodes/r_5b1357a9c6/cards/t_656a10/X1_finance_houses.md,374,## ⑪ 生态、人口与资源：白银这一实物约束,233.856|270520|63.2|7506956,"【锚】汉堡银行的白银库存在1813年为 **7,506,956 Mark Banco**（按 27¾ Mk ＝ 1科隆马克纯银折算 ≈ **270,520 科隆马克纯银 ≈ 63.2 吨纯银**，本卡按1科隆马克＝233.856克复算）。",仅候选：可能单位换算、概括、纠错或真正遗漏；不能以字符串未命中判漏
nodes/r_5b1357a9c6/cards/t_656a10/X1_finance_houses.md,416,### 12.3 流亡者资产：这一层的第三种收入,220700|24409|260000,"【锚】Ferguson 的三条件之一即「managing the investments of exiled rulers」（@24409）。黑森选帝侯案：证券由 Buderus 冒险穿越法军防线送到 Itzehoe；**行贿法方 Lagrange 260,000法郎**保住42箱。（@220700）",仅候选：可能单位换算、概括、纠错或真正遗漏；不能以字符串未命中判漏
nodes/r_5b1357a9c6/cards/t_656a10/X1_finance_houses.md,442,## ⑬ 对 B1–B8 政策菜单的反应函数表,177634|743627|749232,"| **B8 秩序建构（只采当时提过的方案）** | ①接受「联邦纸」式多国共同信用工具；②接受赔款证券化（Ouvrard 1816年方案）；③只做双边现金 | **②最可能被这一层接受并高价承做；①在法国主导下不可能，因为它要求债务人共同承诺** | 1813年 d'Ivernois–Stein 的「federative paper」由英俄普三方按 3/6:2/6:1/6 共同赎回；1817年 Ouvrard 的「让盟国自己接手发行」方案「failed to inspire enthusiasm in London, Berlin or St Petersburg」 | Sherwig @743627、@749232；Ziegler @177634 | 中 |",仅候选：可能单位换算、概括、纠错或真正遗漏；不能以字符串未命中判漏
nodes/r_5b1357a9c6/cards/t_656a10/X1_finance_houses.md,458,## ⑭ 情景年表 1803–1848（跨国金融网络维度，37条）,156056|5200,"| 1 | 1803 | 全 | Hope＋Baring 以**＄11.25m 美国6%债券对法支付5,200万法郎**、首月600万、此后每月200万，完成路易斯安那融资；英国首相事后获悉仍表示赞同 | Ziegler @156056 | 高（史实） |",仅候选：可能单位换算、概括、纠错或真正遗漏；不能以字符串未命中判漏
nodes/r_5b1357a9c6/cards/t_656a10/X1_finance_houses.md,464,## ⑭ 情景年表 1803–1848（跨国金融网络维度，37条）,329|3679835,"| 7 | 1806–07 | 全 | **英国以「净额判断」放行有限白银**：可接受上限500万–1,000万比索；'Diana' 号为法国国库运回3,679,835比索 | Buist 印页324、329 | 高（史实） |",仅候选：可能单位换算、概括、纠错或真正遗漏；不能以字符串未命中判漏
nodes/r_5b1357a9c6/cards/t_656a10/X1_finance_houses.md,468,## ⑭ 情景年表 1803–1848（跨国金融网络维度，37条）,198954|234,| 11 | 1810-10 | S0/S3/S6 | **法兰克福234家被抄、Bethmann 罚逾36万法郎、Mayer Amschel 被焚货10万古尔登** | Ferguson @198954 | 高（史实） |,仅候选：可能单位换算、概括、纠错或真正遗漏；不能以字符串未命中判漏
nodes/r_5b1357a9c6/cards/t_656a10/X1_finance_houses.md,471,## ⑭ 情景年表 1803–1848（跨国金融网络维度，37条）,7506956|858,"| 14 | 1813-06 | S0 | 拿破仑对汉堡课**4,800万法郎**罚金；11-04 达武封银行，至1814-04-17 取走**7,506,956 Mark Banco** | Gartenlaube S.858 | 高（史实） |",仅候选：可能单位换算、概括、纠错或真正遗漏；不能以字符串未命中判漏
nodes/r_5b1357a9c6/cards/t_656a10/X1_finance_houses.md,472,## ⑭ 情景年表 1803–1848（跨国金融网络维度，37条）,743627|749232,| 15 | 1813 | S0 | **「联邦纸」方案**：总额不超£500万，英／俄／普按3/6:2/6:1/6 共同赎回，英国赎回上限£250万；另定当年现金补贴£200万（俄2/3、普1/3） | Sherwig @743627、@749232 | 高（史实） |,仅候选：可能单位换算、概括、纠错或真正遗漏；不能以字符串未命中判漏
nodes/r_5b1357a9c6/cards/t_656a10/X1_finance_houses.md,474,## ⑭ 情景年表 1803–1848（跨国金融网络维度，37条）,323129|4200|9789778,"| 17 | 1814–15 | S0 | 1811–15年英对盟国付**约£4,200万**；1815年 Herries 与 Nathan 账目**£9,789,778**；峰值月补贴£100万 | Ferguson @949、@323129 | 高（史实） |",仅候选：可能单位换算、概括、纠错或真正遗漏；不能以字符串未命中判漏
nodes/r_5b1357a9c6/cards/t_656a10/X1_finance_houses.md,476,## ⑭ 情景年表 1803–1848（跨国金融网络维度，37条）,182000|194041|71,| 19 | 1816–18 | S0 | 法国赔款贷款：1817年**3.15亿法郎**（100/100/115，价55/55/61½）；1818-05-30 **2.65亿**（抬价至76）；9月跌至71，靠 Aix 会议三大外相亲自持债而修约 | Ziegler @182000、@194041 | 高（史实） |,仅候选：可能单位换算、概括、纠错或真正遗漏；不能以字符串未命中判漏
nodes/r_5b1357a9c6/cards/t_656a10/X1_finance_houses.md,485,## ⑭ 情景年表 1803–1848（跨国金融网络维度，37条）,1404|1408,| 28 | 1825 | S0 | Nathan 向英方出示账目证明身家**£250万**，并向英格兰银行输送巴黎金币解危 | Ferguson @1404–1408 | 高（史实） |,仅候选：可能单位换算、概括、纠错或真正遗漏；不能以字符串未命中判漏
nodes/r_5b1357a9c6/cards/t_656a10/X1_finance_houses.md,490,## ⑭ 情景年表 1803–1848（跨国金融网络维度，37条）,342729|54000,"| 33 | 1841–47 | S0 | 巴黎主权债承销已为罗斯柴尔德几乎独占：1841年 Hottinguer 只能接四分之一、Barings 仅得54,000法郎 rentes；1847年罗斯柴尔德独家但几乎卖不掉 | Ziegler @342729 | 高（史实） |",仅候选：可能单位换算、概括、纠错或真正遗漏；不能以字符串未命中判漏
nodes/r_5b1357a9c6/cards/t_656a10/X1_finance_houses.md,502,## ⑮ 能力上限表（带来源）,3450|660|720|7600|8300,"| **阿姆斯特丹对单一体系的年吸收** | 1805–07两年约**8,300万盾名义／7,600万实募**（≈£660–720万） | 拒绝普鲁士、德意志小邦与意大利王国；1810年兼并后归零 | 若 F1 实施，可恢复至年 **1,700–3,450万盾** | Buist 印页61–62 |",仅候选：可能单位换算、概括、纠错或真正遗漏；不能以字符串未命中判漏
nodes/r_5b1357a9c6/cards/t_656a10/X1_finance_houses.md,506,## ⑮ 能力上限表（带来源）,100.235|7506956|858,"| **汉堡银行白银库存** | 1813：**7,506,956 Mark Banco（≨63吨纯银）**，准备率 **100.235%** | 被军事征用搬空（制度本身无崩溃点） | 100%准备制不可扩张信用，不是可动员资源 | Gartenlaube S.858 |",仅候选：可能单位换算、概括、纠错或真正遗漏；不能以字符串未命中判漏
nodes/r_5b1357a9c6/cards/t_656a10/X1_finance_houses.md,508,## ⑮ 能力上限表（带来源）,1167000|293763,"| **单一商人银行的官方垫款** | 1814-05：政府欠 Nathan **£1,167,000** | Salomon 称其超出任何个人能承受 | 需多家联合才能再放大 | Ferguson @293763 |",仅候选：可能单位换算、概括、纠错或真正遗漏；不能以字符串未命中判漏
nodes/r_5b1357a9c6/cards/t_656a10/X1_finance_houses.md,509,## ⑮ 能力上限表（带来源）,182653|194041,"| **单笔主权发行的市场消化上限** | 1817：年内**3.15亿法郎**分三档成功 | 1818年**2.65亿＋抬价至76**即失败；年底未消化存货逾**8,000万法郎** | 取决于定价而非需求；价55可消化、价76不可 | Ziegler @182653、@194041 |",仅候选：可能单位换算、概括、纠错或真正遗漏；不能以字符串未命中判漏
nodes/r_5b1357a9c6/cards/t_656a10/X1_finance_houses.md,510,## ⑮ 能力上限表（带来源）,313544|969,| **欧洲外汇市场日吸收深度** | **£70万**（经验丰富的私人网络） | **£10万**（官方或单点操作即击穿汇率） | 可由多节点分散提升，但属技术而非资本 | Ferguson @969、@313544 |,仅候选：可能单位换算、概括、纠错或真正遗漏；不能以字符串未命中判漏
nodes/r_5b1357a9c6/cards/t_656a10/X1_finance_houses.md,512,## ⑮ 能力上限表（带来源）,329|3679835,"| **单艘舰的白银运力** | 'Diana' 一航 **3,679,835比索≈94吨纯银**（≈汉堡银行全库的1.5倍） | 取决于海军控制权 | 可重复；1794年两舰运£60万白银至汉堡 | Buist 印页329；Sherwig 印页46 |",仅候选：可能单位换算、概括、纠错或真正遗漏；不能以字符串未命中判漏
nodes/r_5b1357a9c6/cards/t_656a10/X1_finance_houses.md,513,## ⑮ 能力上限表（带来源）,1027|1240,"| **家族网络的资本积累速度** | 1816£90万–100万 → 1818 **£1,772,000**（两年＋75%） | 依赖战争与赔款业务；和平使利润降至**1.5%以下** | 属机会型而非制度型产能 | Ferguson @1027、@1240 |",仅候选：可能单位换算、概括、纠错或真正遗漏；不能以字符串未命中判漏
nodes/r_5b1357a9c6/cards/t_656a10/X1_finance_houses.md,560,#### 15.1.4 为什么伦敦在任何情景下都不会失去 B 职能（三条结构理由，高置信）,1408|408|871186,2. **英格兰银行提供了欧洲唯一的「最后贷款人＋国家债务管理人」双重职能**：1825年危机中它从巴黎调回主权金币解危（Ferguson @1408）；相对地，**法兰西银行在1805年的实测是在挤兑中只剩120万法郎**（Buist 印页301），并且到**1825年其资本约£300万、少于罗斯柴尔德家族的£408万**（Ferguson @871186）。,仅候选：可能单位换算、概括、纠错或真正遗漏；不能以字符串未命中判漏
nodes/r_5b1357a9c6/cards/t_656a10/X1_finance_houses.md,587,#### 15.2.1 先固定史实基准线（已核数列）,1478541|776650,"| 1836（Nathan 死） | 五家合计**略逾£600万**；Nathan 份额£1,478,541 | £776,650 | 7.7× |",仅候选：可能单位换算、概括、纠错或真正遗漏；不能以字符串未命中判漏
nodes/r_5b1357a9c6/cards/t_656a10/X1_finance_houses.md,589,#### 15.2.1 先固定史实基准线（已核数列）,356000|44000|874666,"另：1825年罗斯柴尔德资源为 **Baring 的9倍、巴黎最大本土对手 Laffitte 的11倍**，且**超过法兰西银行的资本（时约£300万）**；同年 James 本人损失 **£356,000**，随后两年利润£44,000 与 £124,000。**1818–44年平均年利润上，法兰克福与巴黎两家均高于伦敦家**（Ferguson @874666）。",仅候选：可能单位换算、概括、纠错或真正遗漏；不能以字符串未命中判漏
nodes/r_5b1357a9c6/cards/t_656a10/X1_finance_houses.md,599,#### 15.2.2 波拿巴秩序下的五个形态变量,1027|1264|408,| **规模上界** | 1825 £408万；1836 £600万 | **1836当量 £130–220万**（若 F2 不做）；**£400–700万**（若 F1＋F2 做） | 下界推导：1818年£177万中绝大部分来自1814–15英国补贴与1815–17英国公债投机（Ferguson @1027、@1264），二者在法胜世界均不存在；上界推导：若法国出现可与英国比肩的主权债市，则巴黎行的业务量可超史实伦敦行 |,仅候选：可能单位换算、概括、纠错或真正遗漏；不能以字符串未命中判漏
nodes/r_5b1357a9c6/cards/t_656a10/X1_finance_houses.md,623,#### 15.3.2 史实（S0）基准的硬锚点,1260|520,"- 法国：1817 **3.15亿法郎**（≈£1,260万）；1818 **2.65亿**签约但**后半取消**，有效约 **1.3亿**（≈£520万）；1821 最后一笔赔款贷款（Hottinguer/Delessert/Baguenault）。（Ziegler；Ferguson）",仅候选：可能单位换算、概括、纠错或真正遗漏；不能以字符串未命中判漏
nodes/r_5b1357a9c6/cards/t_656a10/X1_finance_houses.md,625,#### 15.3.2 史实（S0）基准的硬锚点,1300|1350,"- 法兰克福：1770–1815累计主要发行人合计约 **1.5亿古尔登**（奥 8,000万含转换、丹 1,600万、普 1,400万、巴 1,300万＋其他）→ 45年平均**约330万古尔登/年（≈£28万）**，峰年（1795）**1,350万 fl.（≈£115万）**。（Ullmann）",仅候选：可能单位换算、概括、纠错或真正遗漏；不能以字符串未命中判漏
nodes/r_5b1357a9c6/cards/t_656a10/X1_finance_houses.md,666,### 16.1 主线（中高置信）,100.235|234,> **跨国金融网络不是拿破仑失败的原因，它是拿破仑从未当真使用过的一项武器。** 他的体制在五个地方处置过它，每一次都选了相同的选项：**一次性的没收优于持续的信用**。热那亚（1805）削去三分之二的公债；巴黎（1806）剥夺 Ouvrard 全部财产而不是把他改造成国家承销商；阿姆斯特丹（1810）把年金从78m削到26m；法兰克福（1810）抄掉234家商行；汉堡（1813）搬空一家准备率100.235%的银行。**每一次没收都是实实在在的收入，每一次没收也都拆掉了一条法国日后要靠它收钱的管道。** 与此同时，他又因 Mollien 的一个重商主义错误，给敌人留着一条几乎免费的金属—汇票通道。,仅候选：可能单位换算、概括、纠错或真正遗漏；不能以字符串未命中判漏
nodes/r_5b1357a9c6/cards/t_656a10/X1_finance_houses.md,701,### 16.4 改判证据（六条，每条注明在哪里可找及会改变什么）,1619|62.5,"**E1·汉堡 agio 与汉堡—伦敦汇率的1803–14月度序列**。可找：Adolf Soetbeer《Beiträge und Materialien zur Beurtheilung von Geld- und Bankfragen》（Hamburg 1855）；汉堡商会行情单（Preis-Courant）；Staatsarchiv Hamburg, Bank von 1619 档案。**如果** agio 在1807–12年持续扩大且与封锁加严同步，则本卡 §6 的“摩擦成本≤62.5%”上调，且 S3 的金属效力应上调；**如果** agio 平稳而只有汇率波动，则封锁只伤信用不伤金属，本卡结论加强。",仅候选：可能单位换算、概括、纠错或真正遗漏；不能以字符串未命中判漏
nodes/r_5b1357a9c6/cards/t_656a10/notes_barings.md,9,"## A. 1796–1803：美国与路易斯安那（Baring 的""敌国融资""前史）",106875|138226,"- 1796年 Alexander Baring 在美国为 Hopes 与 Barings 买下**100万英亩、每英亩33美分**，总成本 **£106,875**；五十年后脱手时""got little more than they had originally paid for it""。（@138226）",仅候选：可能单位换算、概括、纠错或真正遗漏；不能以字符串未命中判漏
nodes/r_5b1357a9c6/cards/t_656a10/notes_barings.md,31,## B. 1817年法国赔款贷款（**1815–48资本市场的开创性事件**）,182000|315,"- **1817年总额与分档（硬数）**：""In all Barings raised **315 million francs** for the French government in 1817, in three tranches of **100 million, 100 million and 115 million**. The issues were an unqualified success; so much so that **the third tranche was brought out at the higher price of 61½** and the French bankers took **half** the amount instead of the **quarter** which they had put up for the first two tranches.""（@182000 附近）",仅候选：可能单位换算、概括、纠错或真正遗漏；不能以字符串未命中判漏
nodes/r_5b1357a9c6/cards/t_656a10/notes_barings.md,45,## C. 1818年贷款、罗斯柴尔德之怨与救援（**承销风险的上限实测**）,194041|71,"- **崩盘与救援**：认购迟滞，**9月8日已折价**，英国投资者恐慌抛售，**报价跌到71且乏人问津**。Baring 求助威灵顿：""As far as we are concerned we are amply prepared and could… make all our payments without a single further sale, but in collecting our own funds we should produce the same distress as if we were to sell stock.""恰逢 **Aix-la-Chapelle 会议**，而 **Metternich、Nesselrode、Hardenberg 三人都亲自参与了该笔贷款**、条款不改则自身巨亏。结果：**贷款后半取消，余款延至1819年支付**。（@194041）",仅候选：可能单位换算、概括、纠错或真正遗漏；不能以字符串未命中判漏
nodes/r_5b1357a9c6/cards/t_656a10/notes_barings.md,48,## C. 1818年贷款、罗斯柴尔德之怨与救援（**承销风险的上限实测**）,194859|720000,"- **利润**：一位 Barings 合伙人记：""we shortly afterwards settled the affairs relating to the French loan, which produced to the House **the enormous and unheard of profit of about £720,000**… forming as I conceive the most profitable undertaking in which any mercantile House ever engaged.""（@194859）",仅候选：可能单位换算、概括、纠错或真正遗漏；不能以字符串未命中判漏
nodes/r_5b1357a9c6/cards/t_656a10/notes_barings.md,50,## C. 1818年贷款、罗斯柴尔德之怨与救援（**承销风险的上限实测**）,136620|196385,"- 后果：Alexander Baring 自1818年起基本退出日常管理，转向旅行、政治与乡绅生活；1816/17年以 **£136,620** 从银行同业 Henry Drummond 手中买下 the Grange 庄园。（@196385）",仅候选：可能单位换算、概括、纠错或真正遗漏；不能以字符串未命中判漏
nodes/r_5b1357a9c6/cards/t_656a10/notes_barings.md,54,"## D. 1830s–1840s：巴黎市场的结构（对""1815–48区间""的直接材料）",342729|54000,"- 罗斯柴尔德在法国国债承销上的霸权与其代价：1841年一笔巨额贷款，**Hottinguer 只能从罗斯柴尔德手里接四分之一份额，Barings 最终只拿到54,000法郎的 rentes**；1844年 Hottinguer 坚持要一半、被拒后转为对立；1847年""Rothschild was alone in the field""，但因1847–48的经济政治问题几乎卖不掉，Francis Baring 讥""The Jew took the loan out of vanity""。（@342729）",仅候选：可能单位换算、概括、纠错或真正遗漏；不能以字符串未命中判漏
nodes/r_5b1357a9c6/cards/t_656a10/notes_barings.md,56,"## D. 1830s–1840s：巴黎市场的结构（对""1815–48区间""的直接材料）",444161|71,"- 1870–71：法国需在数月内筹 **£8,000万**赔款贷款，Barings 与 Rothschilds 联名出招股书，Barings 愿包 £200万自营＋£270万""our friends under our responsibility""；**结果完全不需要——单是巴黎的认购就超过所需，法国外省再认购一半有余**。（@444161）",仅候选：可能单位换算、概括、纠错或真正遗漏；不能以字符串未命中判漏
nodes/r_5b1357a9c6/cards/t_656a10/notes_buist.md,14,## A. 概览章（印页60–62；TXT 2660–2790）：Hope 与拿破仑财政的咬合序列,2694|2701,"- 1806初拿破仑清算法国财政体系、强力铲除 Ouvrard 及其同伙，**但放过 Hope 公司**（""spared the Company""）。理由：1805年末 Hope 已为西班牙开1,000万荷兰盾贷款，主要用途是付西班牙对法""贡款""。（TXT 2694–2701）",仅候选：可能单位换算、概括、纠错或真正遗漏；不能以字符串未命中判漏
nodes/r_5b1357a9c6/cards/t_656a10/notes_buist.md,15,## A. 概览章（印页60–62；TXT 2660–2790）：Hope 与拿破仑财政的咬合序列,2702|2712,"- 1807：法国政府先索回 Hope 手中的墨西哥汇票，后又醒悟只有 Hope 能兑现，于是**由拿破仑本人接替 Ouvrard 当 Hope 的合伙人**继续该操作。原文：""In 1807, the operation which Ouvrard had launched was continued, but now with Napoleon as Hope's partner."" 法国国库共收到 **10 million piastres≈近4,000万法郎**，其中**五分之三是以殖民地产品形式**由美国船运抵欧洲港口。（TXT 2702–2712）",仅候选：可能单位换算、概括、纠错或真正遗漏；不能以字符串未命中判漏
nodes/r_5b1357a9c6/cards/t_656a10/notes_buist.md,16,## A. 概览章（印页60–62；TXT 2660–2790）：Hope 与拿破仑财政的咬合序列,2713|2722,"- 1807另开西班牙3,000万盾贷款，同为支付西班牙对法义务；Hope 设法使旧西班牙债券与逾期息票尽量可转换，故即便足额认购现金也只有1,000万盾；**实际认购仅2,300万盾，最终流入法国金库的只有900万法郎**。（TXT 2713–2722）",仅候选：可能单位换算、概括、纠错或真正遗漏；不能以字符串未命中判漏
nodes/r_5b1357a9c6/cards/t_656a10/notes_buist.md,17,## A. 概览章（印页60–62；TXT 2660–2790）：Hope 与拿破仑财政的咬合序列,2723|2728,"- 荷兰国王路易·波拿巴扣住3,000万盾西班牙贷款许可，直到 Hope 联合另外四家阿姆斯特丹行为**荷兰王国**募到4,000万盾贷款才放行。（TXT 2723–2728）",仅候选：可能单位换算、概括、纠错或真正遗漏；不能以字符串未命中判漏
nodes/r_5b1357a9c6/cards/t_656a10/notes_buist.md,18,## A. 概览章（印页60–62；TXT 2660–2790）：Hope 与拿破仑财政的咬合序列,2729|2736,- 那不勒斯国王约瑟夫随即来求300万盾（小额），但市场已紧；解法是 Hope 暂时自担一部分，其余由其在法、荷的兄弟出资。（TXT 2729–2736）,仅候选：可能单位换算、概括、纠错或真正遗漏；不能以字符串未命中判漏
nodes/r_5b1357a9c6/cards/t_656a10/notes_buist.md,19,## A. 概览章（印页60–62；TXT 2660–2790）：Hope 与拿破仑财政的咬合序列,2737|2741,- **上限已到**：普鲁士代理人 Niebuhr 为筹对法战争摊款来阿姆斯特丹借款，被 Labouchere 拒绝；若干德意志小邦与**意大利王国**同样被拒。（TXT 2737–2741）,仅候选：可能单位换算、概括、纠错或真正遗漏；不能以字符串未命中判漏
nodes/r_5b1357a9c6/cards/t_656a10/notes_buist.md,22,## A. 概览章（印页60–62；TXT 2660–2790）：Hope 与拿破仑财政的咬合序列,2749|2762,"- 贸易与贷款交织：1802至战争结束，葡萄牙贷款带来**逾28万克拉钻石**入荷兰，维持阿姆斯特丹磨钻工人的就业连续性；巴西木(brazilwood)专卖维持该品贸易。与 Ouvrard 及后来与拿破仑的交易""released a flow of colonial produce which was largely directed towards Amsterdam""，又被美国因路易斯安那贷款须在荷兰支付而加速。（TXT 2749–2762）",仅候选：可能单位换算、概括、纠错或真正遗漏；不能以字符串未命中判漏
nodes/r_5b1357a9c6/cards/t_656a10/notes_buist.md,23,## A. 概览章（印页60–62；TXT 2660–2790）：Hope 与拿破仑财政的咬合序列,2763|2775,"- **债权人损失评估（反直觉）**：""of the loans discussed here, only those granted to Spain had ruinous consequences for the bondholders. France and Sweden arbitrarily reduced their debts by two-thirds, but did not abrogate them altogether. Russia and Austria were in arrears in varying degrees, but both ultimately rehabilitated their former debts… Amsterdam's amazing recovery as a loan centre and the amount of capital invested abroad in the decades after 1815 suggest that the losses suffered previously were limited.""（TXT 2763–2775）",仅候选：可能单位换算、概括、纠错或真正遗漏；不能以字符串未命中判漏
nodes/r_5b1357a9c6/cards/t_656a10/notes_buist.md,26,## A. 概览章（印页60–62；TXT 2660–2790）：Hope 与拿破仑财政的咬合序列,2789|2795,"- **权力关系判定**（Buist 本人的解释）：""They could have allowed the Mexican transaction to fail without fear of action on the part of the French government. There was also the point that the nucleus of the house was situated in England, and was thus beyond the reach of Napoleon.""（TXT 2789–2795）",仅候选：可能单位换算、概括、纠错或真正遗漏；不能以字符串未命中判漏
nodes/r_5b1357a9c6/cards/t_656a10/notes_buist.md,37,## C. 1804：法国财政窟窿与 Négociants Réunis（印页285–289；TXT 11795–11945）,11796|11803|18000000,"- 1804 Barbé-Marbois 预计**1804年9月缺口1.16亿法郎**；西班牙当年3月应付4,000万只到18,000,000（1,800万）；余额虽有票据在库但西班牙违约则无用。（TXT 11796–11803）",仅候选：可能单位换算、概括、纠错或真正遗漏；不能以字符串未命中判漏
nodes/r_5b1357a9c6/cards/t_656a10/notes_buist.md,38,## C. 1804：法国财政窟窿与 Négociants Réunis（印页285–289；TXT 11795–11945）,11804|11814,"- **1804-04-04** Marbois 与 Compagnie des Négociants Réunis（Ouvrard、Vanlerberghe、Desprez）订约：Ouvrard 取得对西班牙国库的汇票**3,200万法郎**（＝八个月的补贴），其中**一半立刻交部长**，另一半用于清付陆海军供货欠单。（TXT 11804–11814）",仅候选：可能单位换算、概括、纠错或真正遗漏；不能以字符串未命中判漏
nodes/r_5b1357a9c6/cards/t_656a10/notes_buist.md,40,## C. 1804：法国财政窟窿与 Négociants Réunis（印页285–289；TXT 11795–11945）,11826|11834,"- **1804-06**：为筹备进攻英国，Marbois 再向 Compagnie 要 **1.5亿法郎**；Ouvrard 再度垫款，但先扣除当时已达**4,800万**的陆海军欠货款。为承受这种体量，Compagnie 与 Armand Séguin、Michel 兄弟联手（Buist 评为""men of questionable propriety""）。（TXT 11826–11834）",仅候选：可能单位换算、概括、纠错或真正遗漏；不能以字符串未命中判漏
nodes/r_5b1357a9c6/cards/t_656a10/notes_buist.md,42,## C. 1804：法国财政窟窿与 Négociants Réunis（印页285–289；TXT 11795–11945）,11859|11867,- 但拿破仑离不开承包商的组织能力：1800–01意大利战役 Ouvrard 与 Vanlerberghe 用**稻草人(man of straw)投标**参与；拿破仑的对策是**尽量拖欠承包商的账**。（TXT 11859–11867）,仅候选：可能单位换算、概括、纠错或真正遗漏；不能以字符串未命中判漏
nodes/r_5b1357a9c6/cards/t_656a10/notes_buist.md,43,## C. 1804：法国财政窟窿与 Négociants Réunis（印页285–289；TXT 11795–11945）,11868|11878,- Hope 与 Ouvrard 的旧交：1802年因 **Rescriptions Bataves**（1795法国对荷战争摊款一半的荷兰政府债券；战时年赎300万盾、和平时加倍——因战和状态不确定而成高度投机性证券）。（TXT 11868–11878）,仅候选：可能单位换算、概括、纠错或真正遗漏；不能以字符串未命中判漏
nodes/r_5b1357a9c6/cards/t_656a10/notes_buist.md,44,## C. 1804：法国财政窟窿与 Négociants Réunis（印页285–289；TXT 11795–11945）,11879|11892|5825000,"- 1804-04-21 Labouchere 与 Barbé-Marbois 签约：Hope 与 Baring 取得全部**路易斯安那贷款债券**，对价含在巴黎交付 **5,825,000法郎**及承接当年9–10月到期的**1,500万法郎法国债券**。因 Compagnie 已深嵌法国财政，Hope 的路易斯安那款项**直接经 Desprez 过手**。（TXT 11879–11892）",仅候选：可能单位换算、概括、纠错或真正遗漏；不能以字符串未命中判漏
nodes/r_5b1357a9c6/cards/t_656a10/notes_buist.md,45,## C. 1804：法国财政窟窿与 Négociants Réunis（印页285–289；TXT 11795–11945）,11893|11904,"- 1804年 Labouchere 一度回避 Compagnie：拒绝 Desprez 以 Receveurs Généraux 债券为抵押的100–200万盾信贷，理由是 Hope 已被路易斯安那贷款和葡萄牙对法补贴占满。他的判断：""the demand on the Amsterdam money market from Paris was so heavy that every financial transaction was hazardous""；巴黎 Baguenault & Co. 语：""People are trying to do too much at once""；Labouchere 认为 Desprez 只能""以牺牲全欧洲每一个汇率为代价""维持运转。（TXT 11893–11904）",仅候选：可能单位换算、概括、纠错或真正遗漏；不能以字符串未命中判漏
nodes/r_5b1357a9c6/cards/t_656a10/notes_buist.md,47,## C. 1804：法国财政窟窿与 Négociants Réunis（印页285–289；TXT 11795–11945）,11905|11930,- 1804-05 西班牙宫廷派 Marqués de la Colonilla（法国银行家、在西获封）来谈：请 Hope 承做**500万比索(piastres)、6%**的贷款，等值法郎汇巴黎；1807/08/09三期在马德里以比索还本，西班牙允许自由出口比索。Labouchere 冷淡（De Smeth/Hogguer/Croese 已在做且不顺；Colonilla 先在巴黎兜售已降低信誉；荷兰公众手上压着滞销殖民地货、缺钱）。他建议先做100万比索、且以 Hope 1792年旧贷款未偿债券作支付。（TXT 11905–11930）,仅候选：可能单位换算、概括、纠错或真正遗漏；不能以字符串未命中判漏
nodes/r_5b1357a9c6/cards/t_656a10/notes_buist.md,48,## C. 1804：法国财政窟窿与 Négociants Réunis（印页285–289；TXT 11795–11945）,11931|11938,- Labouchere 曾问 **Alexander Baring：英国东印度公司是否愿以当期汇率的三分之二在西班牙买比索**——因 Pitt 复任后对法及其盟友政策转硬，Baring 未回应。（TXT 11931–11938）,仅候选：可能单位换算、概括、纠错或真正遗漏；不能以字符串未命中判漏
nodes/r_5b1357a9c6/cards/t_656a10/notes_buist.md,50,## C. 1804：法国财政窟窿与 Négociants Réunis（印页285–289；TXT 11795–11945）,11939|11946,- 1804-09末阿姆斯特丹传英西紧张；一个月后报英舰在**未宣战**情况下劫获三艘载近**500万比索**的西班牙护卫舰。（TXT 11939–11946）,仅候选：可能单位换算、概括、纠错或真正遗漏；不能以字符串未命中判漏
nodes/r_5b1357a9c6/cards/t_656a10/notes_buist.md,54,## D. Ouvrard 在西班牙攫取的权利（印页287–289；TXT 11947–12010）,11947|11960,"- 1804-10初 Ouvrard 赴西（拿破仑急于收回3,200万法郎的 Receveurs Généraux 债券），以迅速满足宫廷现金需要而得 Godoy 欢心；订约由 **Ouvrard 取代法国成为西班牙补贴债权人**。（TXT 11947–11960）",仅候选：可能单位换算、概括、纠错或真正遗漏；不能以字符串未命中判漏
nodes/r_5b1357a9c6/cards/t_656a10/notes_buist.md,55,## D. Ouvrard 在西班牙攫取的权利（印页287–289；TXT 11947–12010）,11961|11985,"- **1804-11-26** 新一组协议：①供应**200万公担(quintals)谷物**缓解西班牙饥荒；②成为西班牙陆海军承包商；③满足国家即时财政需要——对手方是 **Caja de Consolidación**（本为收回 vales reales 的偿债基金，实际成为政府辅助财源；原设 Bank of San Carlos 承担此职但因经营不善与投机亏损信用尽失）。Caja 获1,000万法郎贷款 + Michel 兄弟等法国行的大额信贷；Ouvrard 另承诺在荷兰募**1,000万盾**（De Smeth 与 Hogguer 此前办不到）。所有信贷 Ouvrard 收取 Caja 的汇票。（TXT 11961–11985）",仅候选：可能单位换算、概括、纠错或真正遗漏；不能以字符串未命中判漏
nodes/r_5b1357a9c6/cards/t_656a10/notes_buist.md,57,## D. Ouvrard 在西班牙攫取的权利（印页287–289；TXT 11947–12010）,11995|12012,- 西属美洲贸易制度史（Buist 的背景说明）：1778对全西班牙港口开放但限西班牙人；1796对英开战后专卖名存实亡；1797开放美洲港口给中立船（禁出口贵金属、回程须挂靠西班牙港）；1799因违规普遍全部关闭（仅准进口粮食）；1801因反对激烈重开并引入**特别许可证**；1802–04和平期恢复专卖；**1804-12许可证制度复活**——宫廷宠臣获得卖许可证的权利并雇代理人操作，**与 Ouvrard 的专卖权公然抵触**。（TXT 11995–12012）,仅候选：可能单位换算、概括、纠错或真正遗漏；不能以字符串未命中判漏
nodes/r_5b1357a9c6/cards/t_656a10/notes_buist.md,59,## D. Ouvrard 在西班牙攫取的权利（印页287–289；TXT 11947–12010）,12013|12018,- **1804-12-04** 补充协议：Espinosa 迫 François Ouvrard & Co. 须**为西班牙政府账户**运货往返美洲；金银装运佣金由 **1% 降至 ½%**。（TXT 12013–12018）,仅候选：可能单位换算、概括、纠错或真正遗漏；不能以字符串未命中判漏
nodes/r_5b1357a9c6/cards/t_656a10/notes_buist.md,61,## D. Ouvrard 在西班牙攫取的权利（印页287–289；TXT 11947–12010）,12031|12036,"- 在白银到达前，Ouvrard 只能**回头压榨法国国库与法兰西银行**（经 Négociants Réunis），""a course which added to France's monetary plight""。（TXT 12031–12036）",仅候选：可能单位换算、概括、纠错或真正遗漏；不能以字符串未命中判漏
nodes/r_5b1357a9c6/cards/t_656a10/notes_buist.md,62,## D. Ouvrard 在西班牙攫取的权利（印页287–289；TXT 11947–12010）,12037|12049,- 破局唯一钥匙＝**英国政府放行**。Buist：纯商业角度英国有理由放行（英国同样极缺贵金属，且放行后至少一部分比索会留在英国）；但 **Pitt 起初拒绝**——他知道拿破仑财政困难，而布洛涅法军正威胁英国安全。（TXT 12037–12049）,仅候选：可能单位换算、概括、纠错或真正遗漏；不能以字符串未命中判漏
nodes/r_5b1357a9c6/cards/t_656a10/notes_buist.md,66,## E. Hope–Ouvrard 1805年5月6日合同与代理网（印页290–295；TXT 12050–12300）,12050|12060,"- 前史：1803年冬 **Robert R. Livingston（美驻法公使）与 Daniel Parker** 曾提议向西班牙买**1,500万比索**（在 Vera Cruz、哈瓦那、蒙得维的亚交割），等值**5,700万法郎**分四期在阿姆斯特丹、汉堡、巴黎支付；Talleyrand 力促（他有商业利益），但 **Godoy 最后拒绝**（不愿付补贴＋怕英国反应）。（TXT 12050–12060）",仅候选：可能单位换算、概括、纠错或真正遗漏；不能以字符串未命中判漏
nodes/r_5b1357a9c6/cards/t_656a10/notes_buist.md,67,## E. Hope–Ouvrard 1805年5月6日合同与代理网（印页290–295；TXT 12050–12300）,12061|12080,"- 1805-03 Cabarrus（San Carlos 银行创办人、时任西宫廷财政顾问）另找 Labouchere 谈运墨西哥比索；Labouchere 回信谨慎但未拒绝，称""shipments to be routed direct from North America to Amsterdam without by-passing London""，并说凭对 Baring 及其美国伙伴的信任，一旦得知 Baring 收到款项即可对比索垫款。（TXT 12061–12080）",仅候选：可能单位换算、概括、纠错或真正遗漏；不能以字符串未命中判漏
nodes/r_5b1357a9c6/cards/t_656a10/notes_buist.md,70,## E. Hope–Ouvrard 1805年5月6日合同与代理网（印页290–295；TXT 12050–12300）,12097|12120,"- Labouchere 早在 **1805-02-14** 即向 Desprez 复函接受""比索＋西属美洲贸易许可证""之议，并提出全部原则：拒绝预付款（因会招致公开）、可在移交墨西哥汇票时提供**100万法郎、6%**、极端保密、必须由可信代理在当地集资并汇出；若 Hope 一个月后积极介入，汇票可在四五个月内在墨西哥提示。（TXT 12097–12120）",仅候选：可能单位换算、概括、纠错或真正遗漏；不能以字符串未命中判漏
nodes/r_5b1357a9c6/cards/t_656a10/notes_buist.md,71,## E. Hope–Ouvrard 1805年5月6日合同与代理网（印页290–295；TXT 12050–12300）,12121|12128,"- 时间表预估：**1805年9月**""我们在美国的朋友""可收到第一批比索，Desprez 可自**10或11月**起收到 Hope 的汇款；法国端由 **Baguenault** 经办（Labouchere 在巴黎办一切敏感事务的对手）。（TXT 12121–12128）",仅候选：可能单位换算、概括、纠错或真正遗漏；不能以字符串未命中判漏
nodes/r_5b1357a9c6/cards/t_656a10/notes_buist.md,72,## E. Hope–Ouvrard 1805年5月6日合同与代理网（印页290–295；TXT 12050–12300）,12129|12136,"- 作战原则：""If the affair could be kept completely 'American,' the cause of secrecy would be served and the costs reduced."" 并提出**临时关闭 Vera Cruz 港**、只许运比索的船进出，以免过多航次招来英国巡洋舰。（TXT 12129–12136）",仅候选：可能单位换算、概括、纠错或真正遗漏；不能以字符串未命中判漏
nodes/r_5b1357a9c6/cards/t_656a10/notes_buist.md,74,## E. Hope–Ouvrard 1805年5月6日合同与代理网（印页290–295；TXT 12050–12300）,12142|12155,- **1805-05-06 合同**（Hope & Co. 与 François Ouvrard & Co.）：签字人为 François Ouvrard（挂名，实为其兄弟的傀儡）。Ouvrard 原提议 Hope 直接加入其与西班牙宫廷的合同，**Labouchere 拒绝**——Hope 只当**佣金代理(commission agents)**。（TXT 12142–12155）,仅候选：可能单位换算、概括、纠错或真正遗漏；不能以字符串未命中判漏
nodes/r_5b1357a9c6/cards/t_656a10/notes_buist.md,76,## E. Hope–Ouvrard 1805年5月6日合同与代理网（印页290–295；TXT 12050–12300）,12156|12172,- 合同内容：Hope 在美国指派**总代理**（调度欧洲→美国→西属殖民地的货流及回程），总代理可在各殖民地指派特别代理、可雇美国商行；但在西属殖民地指派商行的权利仍属 François Ouvrard & Co.。Hope 须设法向英国政府求**安全通行保证**，但要谨慎以免被拒后连累其他操作；**安全通行的最高价＝货值的4%**。（TXT 12156–12172）,仅候选：可能单位换算、概括、纠错或真正遗漏；不能以字符串未命中判漏
nodes/r_5b1357a9c6/cards/t_656a10/notes_buist.md,77,## E. Hope–Ouvrard 1805年5月6日合同与代理网（印页290–295；TXT 12050–12300）,12173|12182,- 1805-09补充协议（佣金表）：自营运往西属美洲 **2%**；为第三方在欧美水域运货 **1%**；自美洲运回并托 Hope 的 **2%**，运往其他欧洲港 **1%**；一切保险 **½%**；总代理佣金由 Hope 自其报酬中支付。（TXT 12173–12182）,仅候选：可能单位换算、概括、纠错或真正遗漏；不能以字符串未命中判漏
nodes/r_5b1357a9c6/cards/t_656a10/notes_buist.md,78,## E. Hope–Ouvrard 1805年5月6日合同与代理网（印页290–295；TXT 12050–12300）,12183|12190,"- **比索佣金极低：仅 ½%**。但作为对价，Hope 可**自行出口任意份额的比索**，价格按""若直接为 Ouvrard & Co. 账户出口本应得到的价格""计，并可从中扣除已发生成本。（TXT 12183–12190）",仅候选：可能单位换算、概括、纠错或真正遗漏；不能以字符串未命中判漏
nodes/r_5b1357a9c6/cards/t_656a10/notes_buist.md,79,## E. Hope–Ouvrard 1805年5月6日合同与代理网（印页290–295；TXT 12050–12300）,12191|12200,- 由于 François Ouvrard & Co. 实际无法自己出口比索，这意味着 **Hope 可对比索为所欲为**。合同未定价，但 Labouchere 与 Ouvrard 私下议定 **每比索 3.75 法郎**。按比索名义汇率 **50 stuivers**、法郎略高于 **9¼ stuivers**：Hope 每比索毛利 **14 stuivers**。（TXT 12191–12200）,仅候选：可能单位换算、概括、纠错或真正遗漏；不能以字符串未命中判漏
nodes/r_5b1357a9c6/cards/t_656a10/notes_buist.md,81,## E. Hope–Ouvrard 1805年5月6日合同与代理网（印页290–295；TXT 12050–12300）,12201|12212,"- 第三份协议：比索条款的收益""rest jointly between Messrs. Hope & Co. and M. Auguste Ouvrard""，Hope 开专户，余额**与 Auguste Ouvrard 对半分**——即 Ouvrard 经另一兄弟拿走一半比索利润。（TXT 12201–12212）",仅候选：可能单位换算、概括、纠错或真正遗漏；不能以字符串未命中判漏
nodes/r_5b1357a9c6/cards/t_656a10/notes_buist.md,82,## E. Hope–Ouvrard 1805年5月6日合同与代理网（印页290–295；TXT 12050–12300）,12213|12217,- 签约两日后 Ouvrard 赴巴黎前，交给 Labouchere **近200万比索**的墨西哥国库汇票，及**50张**往西属殖民地的航次许可证。（TXT 12213–12217）,仅候选：可能单位换算、概括、纠错或真正遗漏；不能以字符串未命中判漏
nodes/r_5b1357a9c6/cards/t_656a10/notes_buist.md,84,## F. 代理网人事（印页295–297；TXT 12240–12300）,12240|12300|295,## F. 代理网人事（印页295–297；TXT 12240–12300）,仅候选：可能单位换算、概括、纠错或真正遗漏；不能以字符串未命中判漏
nodes/r_5b1357a9c6/cards/t_656a10/notes_buist.md,86,## F. 代理网人事（印页295–297；TXT 12240–12300）,12244|12262,- **1805-05-10** Labouchere 致 Sir Francis Baring：要点是中立船在运比索与殖民地产品去英国或英属殖民地、回程运英国货时须**免于英舰拿捕与没收**。理由话术：英国政府当然有兴趣由此**得到它一直缺的比索**，同时**夺回近年几乎被北美独占的贸易**。（TXT 12244–12262）,仅候选：可能单位换算、概括、纠错或真正遗漏；不能以字符串未命中判漏
nodes/r_5b1357a9c6/cards/t_656a10/notes_buist.md,87,## F. 代理网人事（印页295–297；TXT 12240–12300）,12263|12272,"- 同时 Labouchere 强调**不可妨碍美国人与西属美洲的贸易**，以免招来""某一方的评论与嫉妒""（指拿破仑），他要**同时保留经美国与经英国两条路线**。（TXT 12263–12272）",仅候选：可能单位换算、概括、纠错或真正遗漏；不能以字符串未命中判漏
nodes/r_5b1357a9c6/cards/t_656a10/notes_buist.md,88,## F. 代理网人事（印页295–297；TXT 12240–12300）,12275|12296,- **David Parish** 任总代理：苏格兰商人 John Parish（在汉堡积累巨富）的幼子；《亚眠和约》后在安特卫普自立门户；因 Talleyrand 及时通风而在战事重开时靠殖民地产品投机大赚。条件：**其经手全部交易利润的25%**；另设专户记 Hope 与 Parish 的利润份额，从与 Auguste Ouvrard 的共有账户中支付；差旅食宿实报实销；**并可自营**。（TXT 12275–12296）,仅候选：可能单位换算、概括、纠错或真正遗漏；不能以字符串未命中判漏
nodes/r_5b1357a9c6/cards/t_656a10/notes_buist.md,89,## F. 代理网人事（印页295–297；TXT 12240–12300）,12297|12310,- **Vera Cruz 代理：Armand Pierre Lestapis**（贝亚恩人，Hope 阿姆斯特丹办公室的西班牙文通信员，曾供职桑坦德 Juan Plante 行）。因担心墨西哥当局不容外国人，Labouchere 说服他**冒用已故同事 José Gabriel de Villanueva 的出生证**，并以该名向马德里申请护照。（TXT 12297–12310）,仅候选：可能单位换算、概括、纠错或真正遗漏；不能以字符串未命中判漏
nodes/r_5b1357a9c6/cards/t_656a10/notes_buist2.md,7,## G. 1805年法西金融危机（印页297–310；TXT 12330–12700）,12395|12420|8484375,"- **1805年10月西班牙1,000万盾贷款条款**：起息日1805-07-01；利率 **5½%**；十年内还本并付 **5% 溢价**；担保＝对**墨西哥王家国库的十张汇票，合计 8,484,375 比索**，到期日安排成万一西班牙政府不付、相关款项可在当年7月1日前到达 Hope 手中。Hope 佣金 **5%**（财政部长正式函写7%，差额2%归 Ouvrard）；利息款佣金 ½%、本金偿还 1%；承销价 **92½%**，约定对公众发行不得低于 95%。（TXT 12395–12420）",仅候选：可能单位换算、概括、纠错或真正遗漏；不能以字符串未命中判漏
nodes/r_5b1357a9c6/cards/t_656a10/notes_buist2.md,10,## G. 1805年法西金融危机（印页297–310；TXT 12330–12700）,1200000|12470|12478,"- 1805-06底：给陆海军承包商付款耗尽法兰西银行流动准备，Barbé-Marbois 紧急要求西班牙付 **300万比索**；钱来得慢，**9月底银行仅剩 1,200,000 法郎**。（TXT 12470–12478）",仅候选：可能单位换算、概括、纠错或真正遗漏；不能以字符串未命中判漏
nodes/r_5b1357a9c6/cards/t_656a10/notes_buist2.md,11,## G. 1805年法西金融危机（印页297–310；TXT 12330–12700）,12479|12486,- 比索出口压迫 Caja de Consolidación → **vales reales 大跌**；西班牙政府如1799年一样**规定人为牌价**，结果同样：硬币消失，**vales 跌至低于面值 58%**。（TXT 12479–12486）,仅候选：可能单位换算、概括、纠错或真正遗漏；不能以字符串未命中判漏
nodes/r_5b1357a9c6/cards/t_656a10/notes_buist2.md,12,## G. 1805年法西金融危机（印页297–310；TXT 12330–12700）,12487|12495,- Ouvrard 为自保必须托住 vales，唯一办法是**暂停比索出口**——法兰西银行因此失去生命线。（TXT 12487–12495）,仅候选：可能单位换算、概括、纠错或真正遗漏；不能以字符串未命中判漏
nodes/r_5b1357a9c6/cards/t_656a10/notes_buist2.md,14,## G. 1805年法西金融危机（印页297–310；TXT 12330–12700）,12505|12520,"- **1805年11月法兰西银行挤兑**：Desprez 直接去征收官处收现；此前已把对应义务证在法兰西银行贴现，银行须到期全额兑付；增发钞票只暂缓并助长不信任；11月初 Compagnie 困境外泄→""a veritable run on the Banque de France ensued""。Vanlerberghe 代表 Compagnie 披露**赤字 7,000万法郎，其中 2,600万欠国库**。Buist 判定主因：""The principal cause of the crash lay in Spain's failure to honour its commitments.""（TXT 12505–12520）",仅候选：可能单位换算、概括、纠错或真正遗漏；不能以字符串未命中判漏
nodes/r_5b1357a9c6/cards/t_656a10/notes_buist2.md,15,## G. 1805年法西金融危机（印页297–310；TXT 12330–12700）,12545|12560,"- 连锁破产链一：以 Receveurs Généraux **1,200万法郎**义务证为基础、由 Desprez 与各省首府及 Doyen、Récamier、Fulchiron、Thornton Power 组成的 **circulation（汇票循环）**崩溃 → **Récamier 与 Fulchiron 停付**。（TXT 12545–12560）",仅候选：可能单位换算、概括、纠错或真正遗漏；不能以字符串未命中判漏
nodes/r_5b1357a9c6/cards/t_656a10/notes_buist2.md,16,## G. 1805年法西金融危机（印页297–310；TXT 12330–12700）,12561|12580,- 连锁破产链二（更重要）：**Caja de Consolidación** 与巴黎 Hervás、Bastide、阿姆斯特丹 Croese、汉堡 **Meyer Michel David 与 Van Heyningen & Co.** 的汇兑循环，抵押是**200万比索的墨西哥汇票**；Ouvrard 拿不出钱、vales 崩盘 → 墨西哥汇票暂时一文不值 → **Hervás、Bastide → Croese → 汉堡 David & Van Heyningen 依次破产**。（TXT 12561–12580）,仅候选：可能单位换算、概括、纠错或真正遗漏；不能以字符串未命中判漏
nodes/r_5b1357a9c6/cards/t_656a10/notes_buist2.md,18,## G. 1805年法西金融危机（印页297–310；TXT 12330–12700）,12581|12592,- Croese 向阿姆斯特丹市参事申请 **12个月延期偿付**；受托人之一即 Labouchère。（TXT 12581–12592）,仅候选：可能单位换算、概括、纠错或真正遗漏；不能以字符串未命中判漏
nodes/r_5b1357a9c6/cards/t_656a10/notes_buist2.md,19,## G. 1805年法西金融危机（印页297–310；TXT 12330–12700）,12646|12660|3250|8700|9802000,"- **1806-02-08 法令**：Ouvrard、Desprez、Vanlerberghe 与 Michel 长兄合计欠国库 **8,700万法郎**；第一期须交出经 Hope 办的西班牙贷款所得、面值 **9,802,000 比索**的墨西哥汇票、Caja 开出的 **3,250万法郎**汇票；委托 Hope/Baguenault 代售的羊毛亦宣布为法国国库财产；陆海军供货**打五折、最高扣减1,800万法郎**。（TXT 12646–12660）",仅候选：可能单位换算、概括、纠错或真正遗漏；不能以字符串未命中判漏
nodes/r_5b1357a9c6/cards/t_656a10/notes_buist2.md,20,## G. 1805年法西金融危机（印页297–310；TXT 12330–12700）,1150|12690|12706|3250|8700,"- Mollien 复查后修正：Compagnie 负债非8,700万而是**接近1.42亿法郎**，资产约 8,000万，**真实赤字约 6,000万**；担保为近 **2,000万比索**西属美洲汇票及 Caja 的 **3,250万法郎**汇票（Michel 幼弟持近 **1,150万法郎**、Armand Séguin 约 **700万**）。（TXT 12690–12706）",仅候选：可能单位换算、概括、纠错或真正遗漏；不能以字符串未命中判漏
nodes/r_5b1357a9c6/cards/t_656a10/notes_buist2.md,21,## G. 1805年法西金融危机（印页297–310；TXT 12330–12700）,12715|12740|3250,"- **1806-05-10 Mollien–Izquierdo 协定**：西班牙实际承担仅 Compagnie 的实际赤字 **6,000万法郎**，以 **1,000万比索**西属美洲汇票（议定 **3.75法郎/比索**）加 **2,400万法郎** Espinosa 汇票支付；法国已持2,000万比索与3,250万法郎汇票，余 **1,000万比索与850万法郎退还西班牙**。Espinosa 汇票自1806-05-31起**每月现金300万法郎**兑付；西属美洲总督须奉命允许法国国库或其代理**自由出口**该1,000万比索。（TXT 12715–12740）",仅候选：可能单位换算、概括、纠错或真正遗漏；不能以字符串未命中判漏
nodes/r_5b1357a9c6/cards/t_656a10/notes_buist2.md,22,## G. 1805年法西金融危机（印页297–310；TXT 12330–12700）,12741|12760,"- 同日 Izquierdo 与 Compagnie 另立妥协：Compagnie 须交还全部 Caja 汇票并说服 Michel、Séguin 照办，并向西班牙国库付 **1,200万法郎**（Hope 1,000万盾贷款余款中的 400万＋羊毛款 300万＋财团联署汇票 500万）。（TXT 12741–12760）",仅候选：可能单位换算、概括、纠错或真正遗漏；不能以字符串未命中判漏
nodes/r_5b1357a9c6/cards/t_656a10/notes_buist2.md,28,### H1 许可证与贸易分成,12858|12875,- Parish 1806初抵美；Baring 要他暂缓兑付墨西哥汇票，因与英国政府达成协议在望，可由 Vera Cruz 直运伦敦。**Sir Francis Baring 是东印度公司董事、其子 Alexander 是英格兰银行董事**。（TXT 12858–12875）,仅候选：可能单位换算、概括、纠错或真正遗漏；不能以字符串未命中判漏
nodes/r_5b1357a9c6/cards/t_656a10/notes_buist2.md,29,### H1 许可证与贸易分成,12876|12886,- Lestapis 携 **100万比索**汇票赴 Vera Cruz，与 **Pedro Miguel de Echeverría、Francisco Luis de Septién** 两行合作。（TXT 12876–12886）,仅候选：可能单位换算、概括、纠错或真正遗漏；不能以字符串未命中判漏
nodes/r_5b1357a9c6/cards/t_656a10/notes_buist2.md,30,### H1 许可证与贸易分成,12897|12912,- 竞争：Espinosa 派 **Francisco Sarmiento** 赴美（费城商人 John Craig 的姻兄弟），Craig 得6张 Vera Cruz 许可证；巴尔的摩 **Robert Oliver**（与兄 John 掌该市最富最可靠商行之一）入局；西班牙驻费城公使 **Marqués de Yrujo** 知情并支持。（TXT 12897–12912）,仅候选：可能单位换算、概括、纠错或真正遗漏；不能以字符串未命中判漏
nodes/r_5b1357a9c6/cards/t_656a10/notes_buist2.md,31,### H1 许可证与贸易分成,12913|12924,- **1806年3月末/4月初 Parish–Craig–Oliver 协议**：Craig 与 Oliver 接手 Parish 许可证，付 **Parish 本人按发票值 2½%**、**其委托人按净收益 33⅓%**；Parish 保证 Vera Cruz 不被没收，但不担海难与海盗损失。（TXT 12913–12924）,仅候选：可能单位换算、概括、纠错或真正遗漏；不能以字符串未命中判漏
nodes/r_5b1357a9c6/cards/t_656a10/notes_buist2.md,32,### H1 许可证与贸易分成,12925|12931,- 另给 Parish **发票值20%** 的进口税款（经 Hope 汇给 Caja），Parish 再收 **5%** 服务佣金。（TXT 12925–12931）,仅候选：可能单位换算、概括、纠错或真正遗漏；不能以字符串未命中判漏
nodes/r_5b1357a9c6/cards/t_656a10/notes_buist2.md,33,### H1 许可证与贸易分成,12937|12950,- Vera Cruz 当地税费**实测区间**：进口税 **10%–20%（偶达30%）**；领事费 1–5%；战争税 1–5%；海事税 5–7½%。**总税费由1806年5月的 11% 升至1807年下半年的 33%**（波动大，无清晰趋势线）。（TXT 12937–12950）,仅候选：可能单位换算、概括、纠错或真正遗漏；不能以字符串未命中判漏
nodes/r_5b1357a9c6/cards/t_656a10/notes_buist2.md,34,### H1 许可证与贸易分成,12951|12958,- 保险：**往返航程保费＝货值 12½%**；Oliver 兄弟虚报货值以保全损时收回保费与 7½% 佣金。（TXT 12951–12958）,仅候选：可能单位换算、概括、纠错或真正遗漏；不能以字符串未命中判漏
nodes/r_5b1357a9c6/cards/t_656a10/notes_buist2.md,35,### H1 许可证与贸易分成,12965|12990,"- Craig 1807年6月死后条件恶化：Parish 由""净利三分之一""改为""巴尔的摩净货值的 37½%""，且20%进口税与自己佣金须从中出，只剩 **15%** 作 ""compensations""；适用八次装运；最后两次改为 Parish 与 Oliver 共同经营。（TXT 12965–12990）",仅候选：可能单位换算、概括、纠错或真正遗漏；不能以字符串未命中判漏
nodes/r_5b1357a9c6/cards/t_656a10/notes_buist2.md,36,### H1 许可证与贸易分成,13010|13030|155000|2900000|422000|566500|721000,"- **Account X 总账（Buist 复原）**：Hope 向 Auguste Ouvrard & Co. 与 Caja 结账的 **53船货发票总值 ≈ 2,900,000 美元**；20%进口税 **>560,000 美元**付 Caja；15% ""compensations"" **422,000 美元**。Buist 估 **Parish 得 566,500＋155,000＝721,000 美元**，**Hope 余约 300,000 美元**。（TXT 13010–13030）",仅候选：可能单位换算、概括、纠错或真正遗漏；不能以字符串未命中判漏
nodes/r_5b1357a9c6/cards/t_656a10/notes_buist2.md,38,### H1 许可证与贸易分成,13040|13050,"- 竞争者 **伦敦 Gordon & Murphy** 获西班牙政府许可从 Vera Cruz 取比索且 ""liberally supplied with trading licences""。（TXT 13040–13050）",仅候选：可能单位换算、概括、纠错或真正遗漏；不能以字符串未命中判漏
nodes/r_5b1357a9c6/cards/t_656a10/notes_buist2.md,43,"### H2 白银搬运与汇兑（**本卡""封锁下跨国结算技术""的原始材料**）",13103|13120,"- Oliver 兄弟拒运""西班牙王室财产""的比索（英舰必夺，实为法国国库所有更危险），改为**只运自己所有权下的比索**：以 **21% 折扣**买入 Parish 开在 Villanueva 名下的汇票（适用50万比索），Parish 抗议后降至 **17%**。1806年10月起空船可免许可证进 Vera Cruz，Parish 遂可与货物分开运银。（TXT 13103–13120）",仅候选：可能单位换算、概括、纠错或真正遗漏；不能以字符串未命中判漏
nodes/r_5b1357a9c6/cards/t_656a10/notes_buist2.md,44,"### H2 白银搬运与汇兑（**本卡""封锁下跨国结算技术""的原始材料**）",13121|13128|1450000|5000000|6450000,"- **总量**：经 Parish 代理自 Vera Cruz 出口 **约 6,450,000 比索**，其中 **1,450,000** 为 Oliver 账户，**5,000,000 由其他途径**。（TXT 13121–13128）",仅候选：可能单位换算、概括、纠错或真正遗漏；不能以字符串未命中判漏
nodes/r_5b1357a9c6/cards/t_656a10/notes_buist2.md,45,"### H2 白银搬运与汇兑（**本卡""封锁下跨国结算技术""的原始材料**）",13129|13136,"- **直运欧洲极少**：Hope 分类账仅两批共 **60,000 比索**。（TXT 13129–13136）",仅候选：可能单位换算、概括、纠错或真正遗漏；不能以字符串未命中判漏
nodes/r_5b1357a9c6/cards/t_656a10/notes_buist2.md,46,"### H2 白银搬运与汇兑（**本卡""封锁下跨国结算技术""的原始材料**）",13137|13144,- **主渠道＝预付款—汇票机制**：绝大部分比索用于**向北美商行预付其运欧货款**，商行再按预付额加**年息 6%** 对欧洲收货人开票；Parish 把汇票寄 Hope，Hope 到期提示付款。（TXT 13137–13144）,仅候选：可能单位换算、概括、纠错或真正遗漏；不能以字符串未命中判漏
nodes/r_5b1357a9c6/cards/t_656a10/notes_buist2.md,48,"### H2 白银搬运与汇兑（**本卡""封锁下跨国结算技术""的原始材料**）",13159|13172,"- **变体一（三角汇兑）**：Parish 对 **Baring & Co.** 开票并把汇票汇给他们——""the United States had a deficit on its balance of trade with England and so negotiable documents on well-established British houses were very much in demand.""Baring 再把美国商行开给欧陆收货人、在伦敦贴现的汇票汇给 Hope。（TXT 13159–13172）",仅候选：可能单位换算、概括、纠错或真正遗漏；不能以字符串未命中判漏
nodes/r_5b1357a9c6/cards/t_656a10/notes_buist2.md,51,"### H2 白银搬运与汇兑（**本卡""封锁下跨国结算技术""的原始材料**）",13181|13190,- **变体三（避免压汇率）**：为不压阿姆斯特丹—巴黎汇率，改由他行对 Hope 开票、自行汇巴黎：汉堡 **Matthiessen & Sillem**（因而承接 Baring 的汇款）、鹿特丹 Littledale & Dixon、安特卫普 David Parish & Co.、**法兰克福 Bethmann Brothers**。（TXT 13181–13190）,仅候选：可能单位换算、概括、纠错或真正遗漏；不能以字符串未命中判漏
nodes/r_5b1357a9c6/cards/t_656a10/notes_buist2.md,63,### H3 Hope 对美贸易规模（可复算序列，印页319–323）,1080|1080000|10800000,"| 1807 | 106个账户 | >1,080万（OCR""10,80,000""，按文义为10,800,000） |",仅候选：可能单位换算、概括、纠错或真正遗漏；不能以字符串未命中判漏
nodes/r_5b1357a9c6/cards/t_656a10/notes_buist2.md,66,### H3 Hope 对美贸易规模（可复算序列，印页319–323）,13191|13215,（TXT 13191–13215；1807年 Parish 汇款含经 Baring 者共**不足680万盾**，故非全部到货皆因 Parish）,仅候选：可能单位换算、概括、纠错或真正遗漏；不能以字符串未命中判漏
nodes/r_5b1357a9c6/cards/t_656a10/notes_buist2.md,69,### H4 英国政府的立场（**对 B2/B3/B6/X2 的直接接口**）,13440|13460,"- Baring 密使 James Richards 携带的备忘录显示英国政府态度**自相矛盾**：一方面愿促英国货出口西属殖民地，甚至准英商自**牙买加**运货到 Vera Cruz 并运回墨西哥产品与贵金属，**条件是这些进口须为英国臣民财产**；另一方面反对无限量比索运英，因为 **""four-fifths or five-sixths of these would ultimately find their way into the Spanish or French Treasuries and thereby become 'sinews of war.'""** 结论：**500万–1,000万比索的有限操作可接受**，但即使如此也会引起敏感，尤其海军界。（TXT 13440–13460）",仅候选：可能单位换算、概括、纠错或真正遗漏；不能以字符串未命中判漏
nodes/r_5b1357a9c6/cards/t_656a10/notes_buist2.md,71,### H4 英国政府的立场（**对 B2/B3/B6/X2 的直接接口**）,13505|13520,"- Gordon & Murphy 与 **Reid Irving & Co.** 已签为西班牙政府运 **1,000万比索**的合同，英国政府承诺**在该合同完成前不批新操作**；**Alexander Baring 凭英格兰银行董事身份**仍谈成一份交付合同（Buist 注：其信件未说明如何办到）。（TXT 13505–13520）",仅候选：可能单位换算、概括、纠错或真正遗漏；不能以字符串未命中判漏
nodes/r_5b1357a9c6/cards/t_656a10/notes_buist2.md,72,### H4 英国政府的立场（**对 B2/B3/B6/X2 的直接接口**）,13475|13530,- **1806-07 Hope–Baring 双合同结构**：双方均为**买方而非代理**；运费、海险及保险不保风险均分。合同一（对外用）：Hope 经 Vera Cruz 代理交付至多 **600万比索**上西班牙或中立船，转装 Baring 授权船；Baring 在收到提单后60日内于**巴黎**按每比索 **3.75法郎**支付，**每月上限200万法郎**；逾期月息 ½%。合同二（对内）：Hope 在英属西印度或美国港交货，Baring 在伦敦按未公开价格付款；若挂英国许可证的船仍被英舰或私掠者扣押，Baring 按每比索 **4先令6便士**赔付 Hope。（TXT 13475–13530）,仅候选：可能单位换算、概括、纠错或真正遗漏；不能以字符串未命中判漏
nodes/r_5b1357a9c6/cards/t_656a10/notes_buist2.md,73,### H4 英国政府的立场（**对 B2/B3/B6/X2 的直接接口**）,13560|13600|2753170,"- **1807-02** 国务参事 Louis 赴阿姆斯特丹签 **500万比索**合同（基准价3.75法郎）。1807-03-24 Hope 会签 Baring 合同。1807-04-17 Labouchère 收到**墨西哥汇票 2,753,170 比索**＋哈瓦那70万＋加拉加斯70万＝**逾400万比索**。Mollien 批准扩约，条件是最新汇票每比索 **3.85法郎**，1807-07-20 签补充合同，**Baring 从 Hope 手中接过控制权与风险**。（TXT 13560–13600）",仅候选：可能单位换算、概括、纠错或真正遗漏；不能以字符串未命中判漏
nodes/r_5b1357a9c6/cards/t_656a10/notes_buist2.md,74,### H4 英国政府的立场（**对 B2/B3/B6/X2 的直接接口**）,13620|13640|25780|3679835|772000,"- **'Diana' 号实绩（本卡最硬的一组数）**：1807年5月末出航（Charles Baring 押运），**1807-10-20 抵朴次茅斯，载 3,679,835 比索**；运费及相关费用须偿还**英格兰银行**；Charles Baring 与 Sir Francis Baring 的佣金及杂费索价 **£25,780**；**净得略逾 £772,000，即每比索 4先令2便士**。法国国库按每比索 **3.85法郎**＋Hope 代理 ⅛% 佣金 ≈ **3.90法郎**受偿。按 £1＝ƒ11.50、1法郎＝48荷兰分计，**Hope 与 Baring 合计每比索获利 52荷兰分**。（TXT 13620–13640）",仅候选：可能单位换算、概括、纠错或真正遗漏；不能以字符串未命中判漏
nodes/r_5b1357a9c6/cards/t_656a10/notes_buist2.md,75,### H4 英国政府的立场（**对 B2/B3/B6/X2 的直接接口**）,3679835|766632|772000,"  - 【可复算】3,679,835 × 4s2d ≈ £766,632（与£772,000净额差约0.7%，因含费用与其他批次口径）；每比索毛利52分 × 3.68m ≈ **191万荷兰盾**联合毛利。",仅候选：可能单位换算、概括、纠错或真正遗漏；不能以字符串未命中判漏
nodes/r_5b1357a9c6/cards/t_656a10/notes_buist2.md,76,### H4 英国政府的立场（**对 B2/B3/B6/X2 的直接接口**）,13641|13648,"- 同期另一艘**英国军舰**载 **200万比索**赴马耳他，为 **Gordon & Murphy** 账户——""the deliveries of piastres for the Spanish government continued normally alongside the Hope-Baring operations.""（TXT 13641–13648）",仅候选：可能单位换算、概括、纠错或真正遗漏；不能以字符串未命中判漏
nodes/r_5b1357a9c6/cards/t_656a10/notes_buist2.md,78,### H4 英国政府的立场（**对 B2/B3/B6/X2 的直接接口**）,13660|13700|245000|945000,"- **Nolte 哈瓦那换约**：西班牙财政部长通知书指明付**银币**，但因对英战争切断与墨西哥联系，古巴只剩**金 doblón**；Nolte 说服古巴税务总监 Don Rafael Gómez Roubaud 把 70万比索哈瓦那汇票换成 **Vera Cruz 的 945,000 比索汇票**（加价35%＝245,000比索：美国比索/金币比价差需加六分之一＋Vera Cruz→费城保费25%）；**14,000 比索的""茶敬""(handsel)大概是决定因素**。1807年底该汇票在 Vera Cruz 被立即承兑付讫。（TXT 13660–13700）",仅候选：可能单位换算、概括、纠错或真正遗漏；不能以字符串未命中判漏
nodes/r_5b1357a9c6/cards/t_656a10/notes_buist2.md,79,### H4 英国政府的立场（**对 B2/B3/B6/X2 的直接接口**）,13730|13742,"- **总结算**：留在法国手中的 **1,000万比索汇票中，逾600万经美国收妥**。1807年7月把余额交 Baring，部分原因是英舰对 Oliver 纵帆船骚扰加剧且拿不到英国许可证。（TXT 13730–13742）",仅候选：可能单位换算、概括、纠错或真正遗漏；不能以字符串未命中判漏
nodes/r_5b1357a9c6/cards/t_656a10/notes_buist2.md,80,### H4 英国政府的立场（**对 B2/B3/B6/X2 的直接接口**）,13600|13612,"- Mollien 1806年交法国驻费城总领事 De Beaujour 变卖的汇票：费城无人肯碰""政治污染的汇票""，最终仍由 Parish 走 Account X，**1807–1809三年付给 De Beaujour 逾100万比索**。（TXT 13600–13612）",仅候选：可能单位换算、概括、纠错或真正遗漏；不能以字符串未命中判漏
nodes/r_5b1357a9c6/cards/t_656a10/notes_buist2.md,88,### H5 封锁法令对该链的实际冲击（时间序列）,13429|13440|565,"- 结果：1808年荷兰对美进口账仍有 **565万盾**、1809 近150万盾——""the decline in the volume of business with America was more gradual than Labouchère suggested""。1809年5月 Hope 开始逐步关闭美国账户。（TXT 13429–13440）",仅候选：可能单位换算、概括、纠错或真正遗漏；不能以字符串未命中判漏
nodes/r_5b1357a9c6/cards/t_656a10/notes_buist2.md,92,### H6 商品市场机制（供 B5/X2 参照）,13300|13315,"- 鹿特丹行""总走极端""，不按 **system**（大行维持价格的温和卡特尔）出货；棉花经纪人兼买家联合压价；鹿特丹商人以激进销法覆盖德意志腹地。（TXT 13300–13315）",仅候选：可能单位换算、概括、纠错或真正遗漏；不能以字符串未命中判漏
nodes/r_5b1357a9c6/cards/t_656a10/notes_centres.md,39,### 4 法兰克福在法国统治下的实际遭遇（与上文合读）,234|360000,"- **1810-10-14 枫丹白露敕令**后两个步兵团进驻，**234家商行被抄**；**Bethmann 被罚逾360,000法郎**，Mayer Amschel 被罚近20,000法郎并被焚货值约100,000古尔登（Ferguson，见 notes_rothschild.md）。",仅候选：可能单位换算、概括、纠错或真正遗漏；不能以字符串未命中判漏
nodes/r_5b1357a9c6/cards/t_656a10/notes_centres.md,49,### 1 制度,804553|858|8887,"- **1770年起引入 Barrenvaluta（银条本位）并与 Speciesvaluta 并行，1790年 Speciescasse 被完全废止**——此后计价基准是躺在银行地窖里、盖有官验戳的**银条**，""外面世界任何货币混乱都伤不到它""。（Gustav Kopal，《Die Gartenlaube》1875年第52期 S.858，德文原刊 Wikisource 校对本，`downloads/pages/804553ad8887.md`，本卡已亲读）",仅候选：可能单位换算、概括、纠错或真正遗漏；不能以字符串未命中判漏
nodes/r_5b1357a9c6/cards/t_656a10/notes_centres.md,56,### 2 战时：从北欧第一金融中心到被搬空的地窖,17612|7506956,"- **硬数（已亲读原刊）**：1813-11-04 **达武下令查封该行**（""war doch der Bankfond Privateigenthum""——银行基金是私人财产）；元帅声称一切将归还，但目前急需钱打仗。到 **1814-04-17 为止银行全部库存 7,506,956 Bancomark 4 Schilling 被陆续取走**。Kopal 的反讽结论：这场抢劫""提供了该机构稳健性的最辉煌证明""——因为**储户的债权总额只有 7,489,343 Bancomark 12½ Schilling**，故银行**自有财产只减少了 17,612 Bancomark 7½ Schilling**。（同上，Wikisource 校对本）",仅候选：可能单位换算、概括、纠错或真正遗漏；不能以字符串未命中判漏
nodes/r_5b1357a9c6/cards/t_656a10/notes_centres.md,57,### 2 战时：从北欧第一金融中心到被搬空的地窖,100.235|7506956,"  - 【本卡复算】库存/负债＝7,506,956 ÷ 7,489,343 ＝ **100.235%**。这是**19世纪初欧洲唯一一次对一家百分之百准备金银行的""强制审计""**，结果是准备率略高于100%。它给""法制欧洲的货币制度""一个具体的比较基准：**汉堡制度是完全准备的银本位记账银行，法国体制下的法兰西银行是部分准备＋短票贴现，二者不可互换。**",仅候选：可能单位换算、概括、纠错或真正遗漏；不能以字符串未命中判漏
nodes/r_5b1357a9c6/cards/t_656a10/notes_centres.md,73,## 三、热那亚：**法兰西帝国如何处置一个被并省的金融中心**（本卡最硬的单一案例）,1407|1408|39000,"- 前史与规模：Casa delle compere e dei banchi di San Giorgio 设于1407年，1408年设立**意大利（多数专家认为也是欧洲）第一家公共存款—转账—信贷银行**，四个世纪中管理国家全部债务、几乎全部财政资源与大片领土。档案存世**逾39,000件**。（会议论文集前言，`rmoa.unina.it` 检索所见，**未亲读原书前言**，仅作背景）",仅候选：可能单位换算、概括、纠错或真正遗漏；不能以字符串未命中判漏
nodes/r_5b1357a9c6/cards/t_656a10/notes_centres.md,75,## 三、热那亚：**法兰西帝国如何处置一个被并省的金融中心**（本卡最硬的单一案例）,143749931|740150,"- **1804-12-28法 + 1805-02-04细则**（利古里亚共和国自主立法）：**全部公债（San Giorgio 的与国家各机关直接举借的）统一为 740,150 个 luoghi，每个面值 lire 194:4:4，名义总额 lire 143,749,931:16:2（moneta corrente）**，宣布为共和国**统一公债，付息 4.5%**；设委员会核验 luoghi 产权并登记新簿，三年内不能证明产权者注销；重生的 Banca di San Giorgio 受托管理该统一债务，为此把**关税、自由港、烟草与肉类消费税、汇票与保单印花**的税收划给它：**其中三分之一用于付 luoghi 利息，三分之二上缴共和国金库**。（亲读 PDF p11／印页174）",仅候选：可能单位换算、概括、纠错或真正遗漏；不能以字符串未命中判漏
nodes/r_5b1357a9c6/cards/t_656a10/notes_centres.md,80,## 三、热那亚：**法兰西帝国如何处置一个被并省的金融中心**（本卡最硬的单一案例）,18503740|22204488,"  - **全部 luoghi 的名义总额被削减至 18,503,740 法郎＝22,204,488 里拉**；",仅候选：可能单位换算、概括、纠错或真正遗漏；不能以字符串未命中判漏
nodes/r_5b1357a9c6/cards/t_656a10/notes_rothschild.md,11,"## A. 法兰克福作为金融中心的制度前史（对""重心""问题最重要的背景）",33900|34700,"- **Bethmann 兄弟（Simon Moritz & Johann Philipp）**：把阿姆斯特丹的 **Partialobligationen（分割债券）**制度引入德意志——把一笔大额贷款拆成可售小额债券卖给广泛投资人。典型案例：1778年对神圣罗马皇帝的 **20,000 古尔登**贷款拆成**二十张1,000古尔登债券**出售，扣自身可观佣金后把现金交维也纳帝国财库，并负责把利息按时从维也纳付给债券持有人。**1754–1778年 Bethmann 承销贷款近200万古尔登；此后五年内竟做了54笔、合计近3,000万古尔登**。另一家同类是 **Jakob Friedrich Gontard**。两家皆非犹太。（@约33900–34700）",仅候选：可能单位换算、概括、纠错或真正遗漏；不能以字符串未命中判漏
nodes/r_5b1357a9c6/cards/t_656a10/notes_rothschild.md,15,"## A. 法兰克福作为金融中心的制度前史（对""重心""问题最重要的背景）",41000|42500,- Nathan 1799年到曼彻斯特（非通说的1798）；1800年2月首封致伦敦 Harman & Co. 信。背景：**1800年前后单法兰克福就有约15家犹太行在进口英国纺织品；1799–1803年有8名德意志商人为此迁居曼彻斯特**。（@约41000–42500）,仅候选：可能单位换算、概括、纠错或真正遗漏；不能以字符串未命中判漏
nodes/r_5b1357a9c6/cards/t_656a10/notes_rothschild.md,23,"## B. 1806–1810：走私期（""封锁下结算技术""的第一手证据）",198954|199383|234|360000,"- **1810-10-14 枫丹白露敕令后的法兰克福大搜查**：两个步兵团进驻，据密探 Thiard 报告 **234家商行被抄**。Mayer Amschel 被查获 **60,000 古尔登**违禁品（约一半是靛蓝，推测由 Nathan 发来），被追溯课特里亚农关税（罚近 **20,000 法郎**），查获货物**总值约100,000古尔登全部当众焚毁**。**Bethmann 家族被罚逾 360,000 法郎**。（@198954–199383）",仅候选：可能单位换算、概括、纠错或真正遗漏；不能以字符串未命中判漏
nodes/r_5b1357a9c6/cards/t_656a10/notes_rothschild.md,26,"## B. 1806–1810：走私期（""封锁下结算技术""的第一手证据）",200655|3248,"- 1806-10 Nathan 娶 Levi Barent Cohen 之女 Hannah（嫁妆 £3,248），1807年与 Cohen 合伙做走私。1811年7月正式关闭曼彻斯特""Rothschild Brothers""，转伦敦银行业。（@200655）",仅候选：可能单位换算、概括、纠错或真正遗漏；不能以字符串未命中判漏
nodes/r_5b1357a9c6/cards/t_656a10/notes_rothschild.md,27,"## B. 1806–1810：走私期（""封锁下结算技术""的第一手证据）",220700|260000,"- 黑森选帝侯财产：Ferguson **明确否定**""600万英镑存入罗斯柴尔德""的传说——""only a few relatively unimportant items came into Mayer Amschel's possession""；债券（票息另存）由 Buderus 冒险穿越法军防线运到 Itzehoe；大宗藏在威廉的乡间宅邸：Wilhelmshöhe 北翼楼梯下24箱、宫内另24箱、Löwenburg 地窖24箱、Sababurg 猎庄47箱（多为银器）。**靠向法方 Lagrange 行贿 260,000 法郎**才保住其中42箱。（@220700）",仅候选：可能单位换算、概括、纠错或真正遗漏；不能以字符串未命中判漏
nodes/r_5b1357a9c6/cards/t_656a10/notes_rothschild.md,40,"## C. 1811–1813：对法国""合法走私""黄金（**本卡最重要的单条证据**）",14167364|3679835,"  - 【复算交叉】Buist 的 'Diana' 载 3,679,835 比索 × 3.85 法郎＝**14,167,364 法郎**——与 Ferguson 的""逾1,400万法郎""完全吻合。**两书为独立叙述但同指一事件**，不计为两个独立来源，但可互校数字。",仅候选：可能单位换算、概括、纠错或真正遗漏；不能以字符串未命中判漏
nodes/r_5b1357a9c6/cards/t_656a10/notes_rothschild.md,60,## E. 1814年官方委托与机制（1814补贴汇兑的核心）,1260|293763|4200,"- **补贴总量与份额**：1811–1815年英国付给盟国**约£4,200万**；罗斯柴尔德入场晚但迅速取得支配地位。1814年6月 Herries 列出已付普鲁士、奥地利、法王与英军之款（含未支付部分）合计 **1,260万法郎**。Liverpool 致 Castlereagh：""I do not know what we should have done without him last year [1814].""（@293763）",仅候选：可能单位换算、概括、纠错或真正遗漏；不能以字符串未命中判漏
nodes/r_5b1357a9c6/cards/t_656a10/notes_rothschild.md,64,## E. 1814年官方委托与机制（1814补贴汇兑的核心）,138888|555555,"  - **奥地利**：1813 Teplitz 约定补贴 **£100万**；1814-01 Chaumont 约增三分之二，**月付 £138,888**；法国战败后总额缩减为 **£555,555**。罗斯柴尔德**自愿放弃佣金**并提出按 **1英镑＝8.48盾（Gulden）**换汇，仍被财库副总裁 Barbier 与财政大臣 Ugarte 拒绝——理由是""应当用维也纳的银行""。（@963）",仅候选：可能单位换算、概括、纠错或真正遗漏；不能以字符串未命中判漏
nodes/r_5b1357a9c6/cards/t_656a10/notes_rothschild.md,80,## F. 1815：百日与滑铁卢（**反神话**）,1015|230000,"- 滑铁卢是**坏消息**：Nathan 手上压着贬值的金属、逾**£100万**的待售国库券（在阿姆斯特丹卖不掉，因和平使该市场突然极度宽松）、一堆半成品补贴合同。Roworth 在威灵顿军需总监处**被退回不需要的普鲁士币值 £230,000**。（@1015）",仅候选：可能单位换算、概括、纠错或真正遗漏；不能以字符串未命中判漏
nodes/r_5b1357a9c6/cards/t_656a10/notes_rothschild.md,82,## F. 1815：百日与滑铁卢（**反神话**）,1023|1264|61.1|61.5|82.75,"- 真正的大利在**1815年底至1817年的英国公债**：Herries 建议下于61.1/61.5买入3%consols并买 £450,000 Omnium@107；1816年底持有 **£1.2m 面值** consols（""very nearly equivalent to the entire capital of the firm""）；1817年7月 consols 逾82、持仓 **£1.6m 面值**；1817年11月以82.75卖出一笔（成本62）获利 **£130,000**——但**该笔本金是 Herries 建议下用政府资金投的**，故非其自有利润。（@1023/1264）",仅候选：可能单位换算、概括、纠错或真正遗漏；不能以字符串未命中判漏
nodes/r_5b1357a9c6/cards/t_656a10/notes_rothschild.md,84,## F. 1815：百日与滑铁卢（**反神话**）,1043|1051,"- **账目丑闻**：1815年操作中有逾 **£200万**的""虚拟""融通汇票(accommodation bills)；五兄弟**当时尚未采用复式记账**；Herries 因""maladministration""被下院质询（**主要质询者正是 Alexander Baring**）。最终 Davidson 做出的账目显示政府而非罗斯柴尔德是主要受益方；Herries 1816年10月军需总监职撤销时**光荣退职并获年金**。（@1043–1051）",仅候选：可能单位换算、概括、纠错或真正遗漏；不能以字符串未命中判漏
nodes/r_5b1357a9c6/cards/t_656a10/notes_rothschild.md,94,"## G. 1815–1848：战后形态（""波拿巴秩序下形态""的对照组）",1398|81.25,"- 1825年危机：1818–1823年英格兰银行钞票流通量**缩减约三分之一**；1824年短暂金流入→发行扩张，1825年又急剧收缩。Nathan 1825年4月对 Herries 说：""The consequence of admitting foreign goods… was, that all the gold was going out of the country. He had himself sent two millions within the last few weeks.""巴西债自85跌到81.25再到56；**墨西哥、哥伦比亚、秘鲁债全跌破20**；consols 自逾97跌破75。（@1398）",仅候选：可能单位换算、概括、纠错或真正遗漏；不能以字符串未命中判漏
nodes/r_5b1357a9c6/cards/t_656a10/notes_rothschild.md,95,"## G. 1815–1848：战后形态（""波拿巴秩序下形态""的对照组）",1404|1408,"- 1825年12月17日危机转折点：Nathan 向 Granville 的私人秘书**出示账目证明自己身家 £2½ 百万**；随后""if they can hold out till Monday or Tuesday, he will have enormous sums over in sovereigns from Paris""。（@1404–1408）",仅候选：可能单位换算、概括、纠错或真正遗漏；不能以字符串未命中判漏
nodes/r_5b1357a9c6/cards/t_66ee8d/OT_ottoman.md,16,## ⓪ 结论先行,1470|46240,"**关键量化锚点**（详见③⑤⑥⑮）：人口≈3,000万（Yaycioglu p.9）；中央国库年入1784=1,470万guruş（Cezar）、1826≈2亿kuruş、1839≈3–8亿kuruş（币值贬79%后）；新军1806年底22,685人+1,590官；耶尼切里1826名册13.5–14.5万 vs 伊斯坦布尔实际在勤<1万；1811年多瑙野战军峰值≈6万（对Kutuzov 46,240）；1826后新军至1829从未超过40,000。",仅候选：可能单位换算、概括、纠错或真正遗漏；不能以字符串未命中判漏
nodes/r_5b1357a9c6/cards/t_66ee8d/OT_ottoman.md,50,## ② 法律司法与行政渗透,284|498,"**【锚点】**行政渗透的实况由1804年timar大检查暴露：在册3,575个timar单位中2,047个""空缺""（持有人不到检），这些单位被打包委给十余名新秩序同盟大员管理（Kadı Abdurrahman 356、Alaeddin Pasha 498、Tayyar Pasha 320、Cabbaroğlu 284等——Yaycioglu pp.53-54引Cezar：1795年全国三分之一timar/zeamet已在七名大员手中）。**中央""直辖""财政军事资源的多数，实际以承包合同形态运行。**",仅候选：可能单位换算、概括、纠错或真正遗漏；不能以字符串未命中判漏
nodes/r_5b1357a9c6/cards/t_66ee8d/OT_ottoman.md,72,## ③ 财政、货币与金融,197.4|65093|69.3|88.4,"| 1841年军费快照 | 京畿4万兵=69.3M；要塞65,093兵=88.4M；总估197.4M kuruş（未含弹药帐篷） | 1841 | Meclis-i Vâlâ讨论数，经Aksan |",仅候选：可能单位换算、概括、纠错或真正遗漏；不能以字符串未命中判漏
nodes/r_5b1357a9c6/cards/t_66ee8d/OT_ottoman.md,88,## ④ 经济：产出、贸易、资源与运输,379|381,"**【锚点】贸易结构与封锁。**""拿破仑的大陆封锁在黎凡特从一开始就无效……决定因素不是政策而是海权。只有英国拥有执行其命令所需的海军力量""；双重封锁抬价，**获益者=埃及生产者与希腊承运人**（Puryear pp.379-380）。1809年上半年起法国劝土执行封锁""大多无果""；1810年拿破仑反而给黎凡特棉花开陆路关税减让吸引其入法（Puryear p.381）——**奥斯曼是大陆体系的漏斗而非成员**（与X2卡""体系机器""接口：黎凡特缺口无法用奥斯曼合作关闭，只能用法国海权关闭，而法国没有海权）。",仅候选：可能单位换算、概括、纠错或真正遗漏；不能以字符串未命中判漏
nodes/r_5b1357a9c6/cards/t_66ee8d/OT_ottoman.md,91,## ④ 经济：产出、贸易、资源与运输,1517|18309,"**【锚点】**埃及在帝国经济中的位置：名义义务=年贡+大战供兵3,000（Aksan）；1517年以来开罗七团1797年纸面18,309人；穆罕默德·阿里治下埃及转为""国家种植园""：垄断谷米糖棉出口，拿破仑战争的欧洲粮价景气使其暴富（Aksan：""War in Europe proved a boon…made Mehmed Ali a wealthy man""）——**法国胜利秩序下的欧洲高粮价=埃及次帝国的外生补贴**。",仅候选：可能单位换算、概括、纠错或真正遗漏；不能以字符串未命中判漏
nodes/r_5b1357a9c6/cards/t_66ee8d/OT_ottoman.md,126,## ⑥ 军事：陆军、海军、要塞与军事改革,359|387,"**【锚点】海军。**1807-05-10舰队主力出击对俄（Shaw p.377）；1807-07-01/04 Lemnos外海战平手后俄舰队解除封锁（Shaw p.387）；1807年2月新铸岸炮重创撤退的Duckworth舰队（Shaw p.359）；1827-10-20 Navarino：**57舰沉没、8,000人溺毙，全部奥斯曼与大部埃及舰队覆灭**（Aksan）；1839-07大海军上将Ahmed Fevzi举全舰队降于亚历山大港（Aksan）。**海军的历史功能=海峡守卫+运输，舰队决战三次全灭（1770、1827，另1853），但每次均在10–15年内重建**——木材、船厂与人力的再生能力真实存在，舰队学的再生能力不存在（与P4卡效能曲线接口）。",仅候选：可能单位换算、概括、纠错或真正遗漏；不能以字符串未命中判漏
nodes/r_5b1357a9c6/cards/t_66ee8d/OT_ottoman.md,130,## ⑥ 军事：陆军、海军、要塞与军事改革,1527|4910,"**【锚点】军事改革双轨。**塞利姆：新军+新财库+炮兵改革（4,910人""最能战""——Shaw）+快速炮兵；马哈茂德：1826-06-17 Asakir-i Mansure条例（初期12,000人、8团×1,527，私兵月饷20kuruş——Aksan）；1827-02 Hüsrev引入法式tabur（800人营）编制，目标""核心25,000、最终100,000""；1834 redif（普鲁士Landwehr式后备军）；1827军医学校、1834军官学校（Harbiye，1839年学员约400）。**改革的一贯瓶颈=军官层**：1834年法国观察者记军官""少教育、高文盲""；高级军官全出宫廷家户（Hüsrev一家50奴仆出30帕夏——Aksan）。",仅候选：可能单位换算、概括、纠错或真正遗漏；不能以字符串未命中判漏
nodes/r_5b1357a9c6/cards/t_66ee8d/OT_ottoman.md,282,## ⑭ 情景年表1803–1848（30条；标签=情景：条目；锚/机=锚点或机制引证；置信）,1350|990,"30. **S6（行省化最大版）**：奥斯曼不在任何可信S6地图内（连1808年俄案都只分其欧洲部分）；若法国强行伊利里亚式南下（波斯尼亚），参照巴尔干抵抗文法（⑧）+法国在伊利里亚已入不敷出（F4卡：伊利里亚1812年支出1,350万其中军海990万、收入长期不敷）→每向巴尔干推进一省，净耗递增。**S6对奥斯曼方向=负资产无穷大。**置信高。",仅候选：可能单位换算、概括、纠错或真正遗漏；不能以字符串未命中判漏
nodes/r_5b1357a9c6/cards/t_66ee8d/notes_aksan.md,7,## A. 耶尼切里：纸面与实际（ch.2/5）,1567|1606|1688|934|942,"- 【事实】在册与实战规模：1567约2万→长战末(1606)3.7万；此后""the mustered fighting force of the imperial infantry may never have exceeded 40,000, the effective force probably being considerably smaller""。1688年整册削2万名；1771年再削3万虚名（esame腐败）。txt行934、942。",仅候选：可能单位换算、概括、纠错或真正遗漏；不能以字符串未命中判漏
nodes/r_5b1357a9c6/cards/t_66ee8d/notes_aksan.md,8,## A. 耶尼切里：纸面与实际（ch.2/5）,1687|29530|4557|942,"- 【事实】esame（饷券）成为可买卖有价证券，商人、文官、乌理玛均持有；即位赏金（accession gift）恶性膨胀（1687年4,557 kese；Mahmud I散29,530 kese akçe）。""The Janissaries embodied a pre-modern social welfare system which extended throughout Ottoman society.""（耶尼切里=前现代全社会福利体系——废除它=大规模既得利益清算。）txt行942。",仅候选：可能单位换算、概括、纠错或真正遗漏；不能以字符串未命中判漏
nodes/r_5b1357a9c6/cards/t_66ee8d/notes_puryear_vandal.md,8,## A. Puryear（法国外交部档案为底本）,3280|3470,"- 【事实】Sébastiani训令（1806年5月，Talleyrand修订，28页手稿）核心：①""The sultan directly controlled only the center of his empire, while the pashas beyond ruled over detached provincial governments""（法方自己的评估：苏丹只直接控制帝国中心）；②""the entire Ottoman Empire must be wrested from Russia""；③海峡规则=**法国不能过，俄国也不能过**：""if France could not sail the Dardanelles neither could Russia""，若俄强行过峡土耳其应视为敌对行为并立即通报Marmont（达尔马提亚2.5万法军）；④暗示克里米亚收复前景；⑤商约调整、领事保护证限50张、1740年capitulations 85条继续、天主教保护权=""The first power of Europe must conserve that rank""；⑥巴黎-君士坦丁堡-巴格达通信线；⑦""Napoleon did not need any additional territory in the Balkans""（对土宣示口径）。txt行3280-3470，印刷pp.80-84。",仅候选：可能单位换算、概括、纠错或真正遗漏；不能以字符串未命中判漏
nodes/r_5b1357a9c6/cards/t_66ee8d/notes_puryear_vandal.md,13,## A. Puryear（法国外交部档案为底本）,14981|15020|379,"- 【事实·封锁】""Napoleon's Continental Blockade proved ineffective in the Levant from its inception…The deciding factor…was not policy but sea power. Only Britain possessed the naval strength requisite to enforce its orders.""；双重封锁抬高价格与利润，**受益者=埃及生产者与希腊承运人**；Latour-Maubourg劝土执行大陆封锁的努力""for the most part without success""。txt行14981-15020，印刷pp.379-380。",仅候选：可能单位换算、概括、纠错或真正遗漏；不能以字符串未命中判漏
nodes/r_5b1357a9c6/cards/t_66ee8d/notes_puryear_vandal.md,14,## A. Puryear（法国外交部档案为底本）,15020|15045,"- 【事实】1809上半年君士坦丁堡亲英派占上风；法国之友仅存宫廷线人（Franchini兄弟）；Galib""went over to the Moruzzis""。txt行15020-15045，印刷p.380。",仅候选：可能单位换算、概括、纠错或真正遗漏；不能以字符串未命中判漏
nodes/r_5b1357a9c6/cards/t_66ee8d/notes_shaw.md,8,## A. Nizam-i Cedid（新秩序军）与 Irad-i Cedid（新财库）,129|5560|5595,"- 【事实】1793-03-01 建立完全独立的 Irad-i Cedid（新收入）财库；Mustafa Reshid Efendi 任总监。收入来源：(1) 国库与圣城年利润超过10袋（purse）的包税田（iltizam），空缺时转入；(2) 迫击炮兵与海军的封地、以及年值超15,000 piasters而持有人失职的军事封地一律没收；(3) 各种消费税。年度盈余须存入战争专库。txt行5560-5595，印刷p.129。",仅候选：可能单位换算、概括、纠错或真正遗漏；不能以字符串未命中判漏
nodes/r_5b1357a9c6/cards/t_66ee8d/notes_shaw.md,9,## A. Nizam-i Cedid（新秩序军）与 Irad-i Cedid（新财库）,2536|4317|468|5724|6029|9263,"- 【事实】新军兵力序列（Shaw引档案登记）：1794-09-18正式条例颁布时468人+20官（编制期望12,000）；1797-05: 2,536人+27官；1799-09: 4,317+30；1800-04: 6,029+27；1801-07: 9,263+27；**1806年底：22,685人+1,590官，约半数驻安纳托利亚，其余驻伊斯坦布尔与巴尔干**。txt行5657-5724，印刷pp.130-132。",仅候选：可能单位换算、概括、纠错或真正遗漏；不能以字符串未命中判漏
nodes/r_5b1357a9c6/cards/t_66ee8d/notes_shaw.md,13,## A. Nizam-i Cedid（新秩序军）与 Irad-i Cedid（新财库）,5745|5768,- 【事实】军纪问题：1800年时90%士兵为土耳其农民与部落民；许多人领了武器军服即逃亡，组成新的强盗团伙，反而祸害西安纳托利亚与巴尔干。txt行5745-5768，印刷p.133。,仅候选：可能单位换算、概括、纠错或真正遗漏；不能以字符串未命中判漏
nodes/r_5b1357a9c6/cards/t_66ee8d/notes_shaw.md,14,## A. Nizam-i Cedid（新秩序军）与 Irad-i Cedid（新财库）,5806|5816,"- 【事实】塞利姆末年新军近23,000人，""armed with modern weapons, trained by European officers, and praised for their efficiency…by almost all the Europeans who observed them""。实战记录：1799加沙200人助Jezzar Pasha守城；1800亚历山大港登陆2,000人。txt行5806-5816，印刷pp.134-135。",仅候选：可能单位换算、概括、纠错或真正遗漏；不能以字符串未命中判漏
nodes/r_5b1357a9c6/cards/t_66ee8d/notes_shaw.md,18,## B. 旧军团（对照）,1482|3258|5212|5226,"- 【事实】1776年炮兵3,258人+炮车兵1,482人；de Tott 快速炮兵从500增至2,500人。txt行5212-5226。",仅候选：可能单位换算、概括、纠错或真正遗漏；不能以字符串未命中判漏
nodes/r_5b1357a9c6/cards/t_66ee8d/notes_shaw.md,20,## B. 旧军团（对照）,4910|5281,"- 【事实】新式改革炮兵（改编后）4,910人""by far the ablest fighting force""。txt行5281。",仅候选：可能单位换算、概括、纠错或真正遗漏；不能以字符串未命中判漏
nodes/r_5b1357a9c6/cards/t_66ee8d/notes_shaw.md,30,## C. 1806–07战争与英舰队危机（印刷pp.352–363）,14837|14860|15345|15360,- 【事实】波斯尼亚穆斯林贝伊两次拒绝法军过境往多瑙河（只允少量军官）；Bayraktar本人也反对法军到多瑙河（“would most certainly curb his own plans for the area”）。txt行14837-14860、15345-15360，pp.355-356、363。→即使盟友也否决法军入境：S4走廊的内部否决点实证。,仅候选：可能单位换算、概括、纠错或真正遗漏；不能以字符串未命中判漏
nodes/r_5b1357a9c6/cards/t_66ee8d/notes_shaw.md,31,## C. 1806–07战争与英舰队危机（印刷pp.352–363）,15410|15455|364,"- 【事实】1807春季攻势（奇异反事实锚点：奔溃前夕局面其实在好转）：大维齐尔30,000人4月在Edirne，05-24抵西利斯特拉，已奆Kalarash；Bayraktar自Ruschuk渡河，06-02围布加勒斯特；塞尔维亚-俄军会师被阻（Kara George 4月Negotin受重挫；06-03 Loznitza塞军被逐）。此时政变+提尔西特消息使双方“paralyzed”。txt行15410-15455，pp.363-364。",仅候选：可能单位换算、概括、纠错或真正遗漏；不能以字符串未命中判漏
nodes/r_5b1357a9c6/cards/t_66ee8d/notes_shaw.md,36,## D. 1807-05政变（印刷pp.377–383）——机制链,15700|15910|379,- 【事实】升级链：05-25晚塞利姆即令新军回营；05-27约600 yamak沿博斯普鲁斯南下（+300船运），塞利姆已允诺“end the Nizam-i Jedid once and for all”；05-28叛军会师耶尼切里于Et Meydan，炮兵队奉Musa之令加入；塞利姆当日正式解散新军、交出11名改革领袖（含Irad-i Cedid长官Ahmed Bey、铸币局长Ebubekir等，多人被处死）；05-29 Ataullah出废黜教令，穆斯塔法四世即位。txt行15700-15910，pp.379-383。,仅候选：可能单位换算、概括、纠错或真正遗漏；不能以字符串未命中判漏
nodes/r_5b1357a9c6/cards/t_66ee8d/notes_shaw.md,47,## F. Bayraktar反政变（1808年7月，印刷pp.398–405）,16496|16600,"- 【事实】鲁庝克委员会（Ruschuk committee）渗透宏廷：Refik任Reis、Behij任帝国库长（05-07）控薪饷以防军团反对；Bayraktar先以10,000人“狩猎”为名控Edirne。txt行16496-16600，pp.398-401。",仅候选：可能单位换算、概括、纠错或真正遗漏；不能以字符串未命中判漏
nodes/r_5b1357a9c6/cards/t_66ee8d/notes_shaw.md,48,## F. Bayraktar反政变（1808年7月，印刷pp.398–405）,16640|16770|402|404,"- 【事实】07-14自Edirne出发（大维齐尔前导+Bayraktar及鲁庝克军15,000，主力正规军留Edirne），封锁道路断绝通信；另遣Hajji Ali Agha奅袭Rumeli Feneri斩杀Kabakçı Mustafa；07-19觐见，07-21入城（3,000–5,000人），驱Ataullah；07-28 全军15,000入城夺宏廷——穆斯塔法四世拒退位，令宫奴杀塞利姆与马哈茂德；**塞利姆被杀，马哈茂德越屋顶逃生，当日即位为马哈茂德二世**。txt行16640-16770，pp.402-404。",仅候选：可能单位换算、概括、纠错或真正遗漏；不能以字符串未命中判漏
nodes/r_5b1357a9c6/cards/t_66ee8d/notes_yaycioglu.md,12,## B. 新秩序=与部分显贵的合伙，而非纯集权（ch.1，印刷pp.53-55）,243|2480|284|498,"- 【事实·引Cezar】1795年，全帝国1/3的timar与zeamet由七名帝国/省级大员控制。1804年大检查：在册timar 3,575单位，其中2,047""空缺""（持有人不到检），这些空缺单位被包给新秩序同盟成员：Kadı Abdurrahman Pasha（Konya省长）356单位、Alaeddin Pasha（Erzurum）498、Tayyar Pasha（Trabzon等）320、Cabbaroğlu Süleyman Bey 284、Hacı Mehmed Emin Agha（Diyarbakır）273、Abdi Bey 243、İbrahim Pasha（鲁米利亚省长）136、**İsmail of Ruse（=Tirsiniklioğlu）75单位（Silistre与Niğbolu）**、Karaosmanoğlu三支合计152、Kösepaşaoğlu 63、Tepedelenli Veli Pasha（Ali Pasha之子）20。txt行2440-2480，印刷pp.53-54。",仅候选：可能单位换算、概括、纠错或真正遗漏；不能以字符串未命中判漏
nodes/r_5b1357a9c6/cards/t_68821f/HT_haiti_caribbean 2.md,25,## §0 判决先行,150000000|60000000,"  - **§19修订（应F2 t_0e763d质疑）**：此处原写""法国在加勒比实际拿到过的最大收益""与""零战斗、零疫病损失""，均已收缩。150,000,000是**索赔面额**：1838年减至60,000,000、分期付到1883年，且款项进入 Caisse des dépôts 用于补偿**旧殖民者私人索赔**，不是法国国库净收入；分舰队成本、疫病损失均无名册证据。正确表述见§16与§19-④。",仅候选：可能单位换算、概括、纠错或真正遗漏；不能以字符串未命中判漏
nodes/r_5b1357a9c6/cards/t_68821f/HT_haiti_caribbean 2.md,33,## §0 判决先行,1770978|1876992,"5. **奴隶贸易的反事实增量是有界的**：1826–50年大西洋贸易总量（1,770,978）只比1801–25（1,876,992）低5.6%，尽管英国已退出并组织压制。约束在**需求侧（古巴＋巴西）**。因此""英国被击败→奴隶贸易爆炸""是错的；正确的量级见§16。",仅候选：可能单位换算、概括、纠错或真正遗漏；不能以字符串未命中判漏
nodes/r_5b1357a9c6/cards/t_68821f/HT_haiti_caribbean 2.md,70,## ③ 财政、货币、金融,108137|26500,"- 1818年收入超支出约**50万元**；1822年（并吞东部后）**全岛收入比1816年仅辖一区时还少26,500元**，赤字108,137元；",仅候选：可能单位换算、概括、纠错或真正遗漏；不能以字符串未命中判漏
nodes/r_5b1357a9c6/cards/t_68821f/HT_haiti_caribbean 2.md,73,## ③ 财政、货币、金融,1100000|1375000,"- 1826年运出**1,100,000西班牙金银元**（对海地币升水25%以上，折1,375,000海地元）另加数船咖啡；",仅候选：可能单位换算、概括、纠错或真正遗漏；不能以字符串未命中判漏
nodes/r_5b1357a9c6/cards/t_68821f/HT_haiti_caribbean 2.md,78,## ③ 财政、货币、金融,150000000|2780|3470|3750,"【本卡计算·假设透明】150,000,000法郎 ÷（5.0–5.4法郎／西班牙银元）＝2,780–3,000万银元；按海地币对银元贴水25%折算≈3,470–3,750万海地元；除以1826年政府总收入2,603,142元＝**赔款约等于海地政府13–14年的全部财政收入**。（假设：汇率取拿破仑战争后常见的5法郎／银元上下带；贴水取Mackenzie亲见的25%。此为本卡推算，非史料数字。）",仅候选：可能单位换算、概括、纠错或真正遗漏；不能以字符串未命中判漏
nodes/r_5b1357a9c6/cards/t_68821f/HT_haiti_caribbean 2.md,93,## ④ 经济：产出、贸易结构、资源,26000000|32000000,"| 咖啡 | 76,835,219 | 43,420,270 | >26,000,000 | （1819–24在29–44百万间） | ≈32,000,000余 |",仅候选：可能单位换算、概括、纠错或真正遗漏；不能以字符串未命中判漏
nodes/r_5b1357a9c6/cards/t_68821f/HT_haiti_caribbean 2.md,97,## ④ 经济：产出、贸易结构、资源,141000000|15700|37600|69000,"【本卡换算】1789年糖合计≈141,000,000法磅≈**69,000公吨**（1法磅＝0.4895kg）；1789年咖啡≈**37,600公吨**，1826年≈**15,700公吨**。",仅候选：可能单位换算、概括、纠错或真正遗漏；不能以字符串未命中判漏
nodes/r_5b1357a9c6/cards/t_68821f/HT_haiti_caribbean 2.md,99,## ④ 经济：产出、贸易结构、资源,13993|20550|34276|78029|8892|95045,"【对照锚点】新大陆糖产量（Reesse 经 Prinsen Geerligs, *General History of the Cane Sugar Industry*, 1919, p.11，经 *Business History Review* 论文转引）：法属殖民地1788年 **95,045吨**；英属1781–85均 78,029吨；巴西1796年 34,276吨；丹属1768年 20,550吨；**古巴1790年仅13,993吨**；荷属1785年 8,892吨。",仅候选：可能单位换算、概括、纠错或真正遗漏；不能以字符串未命中判漏
nodes/r_5b1357a9c6/cards/t_68821f/HT_haiti_caribbean 2.md,101,## ④ 经济：产出、贸易结构、资源,1007624|1090438|1396530|171620|264954|272300|43.4|572363|6508137|704487|77896|8000000,"【锚点】古巴的接替：哈瓦那糖出口 1786–90年均 1,090,438阿罗瓦 → 1826–30年均 **6,508,137阿罗瓦**（Erénchun, *Anales de la isla de Cuba*，经BHR转引）；哈瓦那出口糖箱 77,896箱(1790)→264,954箱(1827)；1827年普查约1,000座糖厂产8,000,000阿罗瓦，对比1775年453座厂产1,300,000阿罗瓦。古巴人口：1774年171,620→1792年272,300→1817年572,363→1827年704,487→1841年1,007,624→1861年1,396,530（奴隶占比1841年达峰值43.4%）。哈瓦那周边糖厂237座(1792)→416座(1806)。**咖啡技术由圣多明各难民带入**（Duke UP, *HAHR* 57:2）。",仅候选：可能单位换算、概括、纠错或真正遗漏；不能以字符串未命中判漏
nodes/r_5b1357a9c6/cards/t_68821f/HT_haiti_caribbean 2.md,106,## ④ 经济：产出、贸易结构、资源,14412|24125|435000|677138,"【锚点｜运输与资源】法国自身的运力：1816年法国私营船队 14,412艘／435,000吨 → 1825年 24,125艘／677,138吨（DUMAS硕论转引）。海地方面无造船业，宪法禁止出口造船木材与马匹（Mackenzie p.190：禁止出口金银币、军火、旧新铁铜、马匹母马骡驴、造船木材）。",仅候选：可能单位换算、概括、纠错或真正遗漏；不能以字符串未命中判漏
nodes/r_5b1357a9c6/cards/t_68821f/HT_haiti_caribbean 2.md,124,## ⑤ 撷取与动员上限（峰值与崩溃点）,1040|480,"**§19修订（应F2 t_0e763d质疑）——本档使用的三条限定**：①此5,000–8,000人须**从F2同年法国陆军可供给总量中扣除**，不是额外资源；②须另计**年度疾病补充流量**：按§11的观测带（牙买加白人驻军1803–36年均13%、最好年份6%），一支8,000人驻军的年补充需求为**480–1,040人**，优化姿态下仍不低于480；③6–12艘／5,000–8,000人／优化后损耗，三者都是**条件假设**，无单一史料直接给出该组合。",仅候选：可能单位换算、概括、纠错或真正遗漏；不能以字符串未命中判漏
nodes/r_5b1357a9c6/cards/t_68821f/HT_haiti_caribbean 2.md,212,## ⑪ 生态与人口：黄热病作为可调节的变量,375000|643000,"【人口数据·极不确定】Mackenzie vol.II, pp.109–110：引Humboldt称1802年全岛人口不超过375,000（Mackenzie自注「I am not aware on what data」）；德萨林死后（1806）曾称400,000；革命前全岛（含东部）推算643,000；1820年代海地政府按**1,000,000**估算人口以设计人头税。→ **区间40万–100万，差2.5倍，无普查。本卡一切榨取算术均带此不确定性。**",仅候选：可能单位换算、概括、纠错或真正遗漏；不能以字符串未命中判漏
nodes/r_5b1357a9c6/cards/t_68821f/HT_haiti_caribbean 2.md,278,## ⑭ S1／S2／S3／S5／S6 下本单位 1803–1848 年表（33条）,665000|666737|775000,"25. **1826–1834** 【锚】英属加勒比奴隶人口775,000（1807）→665,000（1834）；1834补偿分类总计666,737人。1833法第LXIV条排除锡兰与圣赫勒拿，开普／毛里求斯延期（上一轮 B6 卡已核，路径见协调台账）。",仅候选：可能单位换算、概括、纠错或真正遗漏；不能以字符串未命中判漏
nodes/r_5b1357a9c6/cards/t_68821f/HT_haiti_caribbean 2.md,281,## ⑭ S1／S2／S3／S5／S6 下本单位 1803–1848 年表（33条）,30000000|60000000|90000000,"28. **1838** 【锚】法海两项条约把赔款减至60,000,000法郎（另一表述为总额降至90,000,000，**本卡推断二者可调和**：已付约30,000,000＋余额60,000,000）。",仅候选：可能单位换算、概括、纠错或真正遗漏；不能以字符串未命中判漏
nodes/r_5b1357a9c6/cards/t_68821f/HT_haiti_caribbean 2.md,283,## ⑭ S1／S2／S3／S5／S6 下本单位 1803–1848 年表（33条）,1007624|43.4,"30. **1841／1844** 【锚】古巴人口1,007,624，奴隶占比达峰值43.4%；1844年多米尼加脱离海地独立。",仅候选：可能单位换算、概括、纠错或真正遗漏；不能以字符串未命中判漏
nodes/r_5b1357a9c6/cards/t_68821f/HT_haiti_caribbean 2.md,297,## ⑮ 能力上限表,32000000|44000000,"| 海地出口（咖啡） | 1789年76,835,219法磅；1824年一度回到44,000,000 | 1826年32,000,000余（不足1789年4/9） | 若和平＋低关税，咖啡有恢复到4,000–4,500万法磅的证据（1819–24实测） |",仅候选：可能单位换算、概括、纠错或真正遗漏；不能以字符串未命中判漏
nodes/r_5b1357a9c6/cards/t_68821f/HT_haiti_caribbean 2.md,298,## ⑮ 能力上限表,141000000|69000,"| 海地出口（糖） | 1789年141,000,000法磅（≈69,000吨） | **1818年198磅**——事实归零 | 无自由劳动路径可恢复；须强制 |",仅候选：可能单位换算、概括、纠错或真正遗漏；不能以字符串未命中判漏
nodes/r_5b1357a9c6/cards/t_68821f/HT_haiti_caribbean 2.md,300,## ⑮ 能力上限表,1040|480,"| 法国对加勒比陆军投送 | 首波≈19,500（分七港，Girard 注37）；1802全年上陆累计约35,000（Girard专著，经网页转录，**转录源不可靠**） | 累计死亡32,000（不完整登记）至50,000–60,000（可靠估计），**主体发生在1802疫季，故在1803分歧点上已大部沉没** | 可持续档＝5,000–8,000人据点驻军（**须从F2同年供给中扣除，另计年补充480–1,040人**），须用已获既往免疫的当地人群 |",仅候选：可能单位换算、概括、纠错或真正遗漏；不能以字符串未命中判漏
nodes/r_5b1357a9c6/cards/t_68821f/HT_haiti_caribbean 2.md,302,## ⑮ 能力上限表,250000|433061,"| 法国贩奴能力 | 1776–1800年433,061人登船（Slave Voyages） | 1801–25降至135,815；1826–50降至68,074 | 若无英国压制与对英外交约束，1826–50可回到150,000–250,000区间（§16推算） |",仅候选：可能单位换算、概括、纠错或真正遗漏；不能以字符串未命中判漏
nodes/r_5b1357a9c6/cards/t_68821f/HT_haiti_caribbean 2.md,312,### 主线（置信：中高）,150000000|60000000|90000000,"- **第一层（面额）**150,000,000法郎；**第二层（实际债权）**1838年两项条约减至60,000,000（另一表述为总额降至90,000,000），付款延续至1883年（Blancpain 篇名所示区间）；**第三层（法国国库净额）**＝未知：该款进入 Caisse générale des dépôts et consignations，用途是**补偿旧殖民者的私人索赔**，属对一个国内索赔阶级的转移支付，不是国库收入；分舰队与征收成本亦未计。",仅候选：可能单位换算、概括、纠错或真正遗漏；不能以字符串未命中判漏
nodes/r_5b1357a9c6/cards/t_68821f/HT_haiti_caribbean 2.md,330,### 备选结论群,1770978|180000|280000|400728|433061|440800|520900|85.5,"**A5的推算与假设（可复算）**：史实1826–50登船 1,770,978，其中法国 68,074、西班牙 400,728。反事实增量三源：①法属加勒比合法进口恢复到1801–25的水平并因新边疆上浮＝把法国旗登船由68,074抬到180,000–280,000（假设：回到1776–1800年433,061的40–65%，因需求已被古巴巴西分流）；②西班牙不受英压，古巴进口提前并提速＝400,728×(1.10–1.30)＝440,800–520,900；③非洲供给弹性与死亡率下降（无追逃、无拥挤）使登船—到岸比由85.5%升至88–90%，到岸增量另约3–5万。合计增量约**25–70万登船**，即总量提高**15–40%**。**这是一个有界增量，不是数量级跃升**——因为1826–50年的约束在需求侧（可用糖业土地与糖价），而非供给侧。",仅候选：可能单位换算、概括、纠错或真正遗漏；不能以字符串未命中判漏
nodes/r_5b1357a9c6/cards/t_68821f/HT_haiti_caribbean 2.md,363,## §18 交付给其他卡的硬接口,1040|480,"| **I-3 加勒比可持续档** | 法国在加勒比的可持续投送＝6–12艘舰＋5,000–8,000人据点驻军；超出即被疫病吃掉。**三限定：①驻军须从F2同年陆军供给中扣除；②另计年疾病补充480–1,040人（按6–13%/年观测带）；③本档为条件假设非观测值，疫季月率不可折年** | **F3、P4、B6、P8** |",仅候选：可能单位换算、概括、纠错或真正遗漏；不能以字符串未命中判漏
nodes/r_5b1357a9c6/cards/t_68821f/HT_haiti_caribbean 2.md,367,## §18 交付给其他卡的硬接口,150000000|60000000,"| **I-7 承认商品化** | 1825模式：约14艘舰、无战斗损失记录，取得**索赔面额**150,000,000法郎（1838减至60,000,000，付至1883）＋法国船货半税特权。**该款入 Caisse des dépôts 用于补偿旧殖民者私人索赔，非国库净收入；本卡只主张""军事投入维度上胁迫外交压倒再征服""，不主张净财政正回报**（§19-④） | **F4、P6、SA、P8、X1** |",仅候选：可能单位换算、概括、纠错或真正遗漏；不能以字符串未命中判漏
nodes/r_5b1357a9c6/cards/t_68821f/HT_haiti_caribbean 2.md,391,### ③ 驻军须从 F2 同年供给扣除；疫病补充另计；月率不可折年（**接受**）,1040|480,"- **纠正一**：5,000–8,000人据点驻军**不是额外资源**，须从 F2 当年法国陆军可供给总量中扣除；并**另列年度疾病补充流量**。按 Geggus 的牙买加观测带（1803–36 年均13%、最好年份6%），一支8,000人驻军的年补充需求为 **480–1,040 人**；优化姿态下仍不低于480人。此流量应进入 F2 的年抽人上限与 E1 的人口账。",仅候选：可能单位换算、概括、纠错或真正遗漏；不能以字符串未命中判漏
nodes/r_5b1357a9c6/cards/t_68821f/HT_haiti_caribbean 2.md,452,### ② 殖民地筹码化：本卡可数出的五例＋ IT2 的西西里，以及一个**可算的汇率**,150000000|24000000,"**本卡新增的可算结果（推论·中，假设透明）**：英国1814年为**赎回瓜德罗普**的付价是 **24,000,000法郎**；法国1825年向海地索取的面额是 **150,000,000法郎**。比值 **6.25×**。但瓜德罗普是一座**在产的、人口约九万至十万的糖岛**，海地则是法国**既不统治也不取得产品所有权**的一纸承认。",仅候选：可能单位换算、概括、纠错或真正遗漏；不能以字符串未命中判漏
nodes/r_5b1357a9c6/cards/t_68821f/HT_haiti_caribbean 2.md,477,### ② 本卡先补一个自己漏掉的定义（F2 点名的分岁点）：present 还是在册？,12300|6250,"→ **在册需求＝5,000/0.80 至 8,000/0.65 ＝ 6,250–12,300 人**。本卡之前把 present 当在册用，**低估约40%**。",仅候选：可能单位换算、概括、纠错或真正遗漏；不能以字符串未命中判漏
nodes/r_5b1357a9c6/cards/t_68821f/HT_haiti_caribbean 2.md,482,### ③ 两处校准纠正（F2 提出，本卡接受，且其中一处对我不利）,1040|480,"- **纠正二：不得向 F2 模型无差别加整笔热带死亡。** F2 的 μ=0.025 已计常态永久退出，调驻只能加**净增**：（6–13%）− 2.5% ＝ **3.5–10.5%**；若用期望值则 7.6–15.4% − 2.5% ＝ **5.1–12.9%**。另：480–1,040 是**死亡**，**退役／伤残／遣返另计**（Geggus 1790年代20,200人中另有近 1,500 人以伤残遣返）。",仅候选：可能单位换算、概括、纠错或真正遗漏；不能以字符串未命中判漏
nodes/r_5b1357a9c6/cards/t_68821f/HT_haiti_caribbean 2.md,490,### ④ 联算定稿（全部可复算，假设列名）,12300|1574|4055|6250,"| **有限据点**（本卡§5档） | 5,000–8,000 | **6,250–12,300** | 375–1,600 | **1,574–4,055** | **1.4–4.5%** | **6.3–17.2m法郎/年** |",仅候选：可能单位换算、概括、纠错或真正遗漏；不能以字符串未命中判漏
nodes/r_5b1357a9c6/cards/t_68821f/HT_haiti_caribbean 2.md,491,### ④ 联算定稿（全部可复算，假设列名）,1125|12690|18750|38500|4722|5005|53.9,"| **D层直接领有东部**（§20修订后的真实规模） | 15,000–25,000 | **18,750–38,500** | 1,125–5,005 | **4,722–12,690** | **4.1–14.1%** | **18.8–53.9m法郎/年** |",仅候选：可能单位换算、概括、纠错或真正遗漏；不能以字符串未命中判漏
nodes/r_5b1357a9c6/cards/t_68821f/HT_haiti_caribbean 2.md,496,### ⑤ 存量分支（F2 的三分支，本卡采纳并标注情景差异）,4250|48200|50750|6800,"- **分支① 从现军调驻**：欧洲少 4,250–6,800 在场（欧洲q=0.85），**不是另征同等人数**。S2 原人力余55,000 → 仍余 48,200–50,750。",仅候选：可能单位换算、概括、纠错或真正遗漏；不能以字符串未命中判漏
nodes/r_5b1357a9c6/cards/t_68821f/HT_haiti_caribbean 2.md,497,### ⑤ 存量分支（F2 的三分支，本卡采纳并标注情景差异）,12514|37486|40036|44286|5714|9964,"- **分支② 财政联算**（陆300m/700＋盟军20万）：**S2 原已缺 5,714，转驻后缺 9,964–12,514**；**S5 原余 44,286，后余 37,486–40,036**。",仅候选：可能单位换算、概括、纠错或真正遗漏；不能以字符串未命中判漏
nodes/r_5b1357a9c6/cards/t_68821f/HT_haiti_caribbean 2.md,502,### ⑥ 本卡的定性结论（保留，不降脚注、不与海军等权）,12514|5714|9964,"2. **财政维度：情景条件化，且这才是绑束的一面。** 6.3–17.2m/年 占 F4 的陆军300m线的 **2.1–5.7%**；在 S5 这是余额的小削，**在 S2 它把一个已存在的 5,714 人缺口推到 9,964–12,514，几乎翻倍**。→ **加勒比驻军的真正约束是财政，不是人力**；且它与 F4 的“不能同时保峰值陆军＋全欧驻防＋大扩舰”是同一约束的两个面。",仅候选：可能单位换算、概括、纠错或真正遗漏；不能以字符串未命中判漏
nodes/r_5b1357a9c6/cards/t_68821f/HT_haiti_caribbean 2.md,503,### ⑥ 本卡的定性结论（保留，不降脚注、不与海军等权）,12690|4722|53.9,"3. **量级的跳变在 D 层，不在有限据点。** 结合 §20 的修订（稳定持有东部需藩属王国或带预备队的野战军）：D 层直接领有的陆军账是 **18.8–53.9m/年＋年征 4,722–12,690**，即陆军300m线的 **6.3–18%**——**这已经不是次级成本**。→ **这独立地支持了 §20 把 D 层众数下移、改以 D′（归还西班牙主权、只取条约性准入）为主的修订。**",仅候选：可能单位换算、概括、纠错或真正遗漏；不能以字符串未命中判漏
nodes/r_5b1357a9c6/cards/t_68821f/HT_haiti_caribbean 3.md,25,## §0 判决先行,150000000|60000000,"  - **§19修订（应F2 t_0e763d质疑）**：此处原写""法国在加勒比实际拿到过的最大收益""与""零战斗、零疫病损失""，均已收缩。150,000,000是**索赔面额**：1838年减至60,000,000、分期付到1883年，且款项进入 Caisse des dépôts 用于补偿**旧殖民者私人索赔**，不是法国国库净收入；分舰队成本、疫病损失均无名册证据。正确表述见§16与§19-④。",仅候选：可能单位换算、概括、纠错或真正遗漏；不能以字符串未命中判漏
nodes/r_5b1357a9c6/cards/t_68821f/HT_haiti_caribbean 3.md,33,## §0 判决先行,1770978|1876992,"5. **奴隶贸易的反事实增量是有界的**：1826–50年大西洋贸易总量（1,770,978）只比1801–25（1,876,992）低5.6%，尽管英国已退出并组织压制。约束在**需求侧（古巴＋巴西）**。因此""英国被击败→奴隶贸易爆炸""是错的；正确的量级见§16。",仅候选：可能单位换算、概括、纠错或真正遗漏；不能以字符串未命中判漏
nodes/r_5b1357a9c6/cards/t_68821f/HT_haiti_caribbean 3.md,70,## ③ 财政、货币、金融,108137|26500,"- 1818年收入超支出约**50万元**；1822年（并吞东部后）**全岛收入比1816年仅辖一区时还少26,500元**，赤字108,137元；",仅候选：可能单位换算、概括、纠错或真正遗漏；不能以字符串未命中判漏
nodes/r_5b1357a9c6/cards/t_68821f/HT_haiti_caribbean 3.md,73,## ③ 财政、货币、金融,1100000|1375000,"- 1826年运出**1,100,000西班牙金银元**（对海地币升水25%以上，折1,375,000海地元）另加数船咖啡；",仅候选：可能单位换算、概括、纠错或真正遗漏；不能以字符串未命中判漏
nodes/r_5b1357a9c6/cards/t_68821f/HT_haiti_caribbean 3.md,78,## ③ 财政、货币、金融,150000000|2780|3470|3750,"【本卡计算·假设透明】150,000,000法郎 ÷（5.0–5.4法郎／西班牙银元）＝2,780–3,000万银元；按海地币对银元贴水25%折算≈3,470–3,750万海地元；除以1826年政府总收入2,603,142元＝**赔款约等于海地政府13–14年的全部财政收入**。（假设：汇率取拿破仑战争后常见的5法郎／银元上下带；贴水取Mackenzie亲见的25%。此为本卡推算，非史料数字。）",仅候选：可能单位换算、概括、纠错或真正遗漏；不能以字符串未命中判漏
nodes/r_5b1357a9c6/cards/t_68821f/HT_haiti_caribbean 3.md,93,## ④ 经济：产出、贸易结构、资源,26000000|32000000,"| 咖啡 | 76,835,219 | 43,420,270 | >26,000,000 | （1819–24在29–44百万间） | ≈32,000,000余 |",仅候选：可能单位换算、概括、纠错或真正遗漏；不能以字符串未命中判漏
nodes/r_5b1357a9c6/cards/t_68821f/HT_haiti_caribbean 3.md,97,## ④ 经济：产出、贸易结构、资源,141000000|15700|37600|69000,"【本卡换算】1789年糖合计≈141,000,000法磅≈**69,000公吨**（1法磅＝0.4895kg）；1789年咖啡≈**37,600公吨**，1826年≈**15,700公吨**。",仅候选：可能单位换算、概括、纠错或真正遗漏；不能以字符串未命中判漏
nodes/r_5b1357a9c6/cards/t_68821f/HT_haiti_caribbean 3.md,99,## ④ 经济：产出、贸易结构、资源,13993|20550|34276|78029|8892|95045,"【对照锚点】新大陆糖产量（Reesse 经 Prinsen Geerligs, *General History of the Cane Sugar Industry*, 1919, p.11，经 *Business History Review* 论文转引）：法属殖民地1788年 **95,045吨**；英属1781–85均 78,029吨；巴西1796年 34,276吨；丹属1768年 20,550吨；**古巴1790年仅13,993吨**；荷属1785年 8,892吨。",仅候选：可能单位换算、概括、纠错或真正遗漏；不能以字符串未命中判漏
nodes/r_5b1357a9c6/cards/t_68821f/HT_haiti_caribbean 3.md,101,## ④ 经济：产出、贸易结构、资源,1007624|1090438|1396530|171620|264954|272300|43.4|572363|6508137|704487|77896|8000000,"【锚点】古巴的接替：哈瓦那糖出口 1786–90年均 1,090,438阿罗瓦 → 1826–30年均 **6,508,137阿罗瓦**（Erénchun, *Anales de la isla de Cuba*，经BHR转引）；哈瓦那出口糖箱 77,896箱(1790)→264,954箱(1827)；1827年普查约1,000座糖厂产8,000,000阿罗瓦，对比1775年453座厂产1,300,000阿罗瓦。古巴人口：1774年171,620→1792年272,300→1817年572,363→1827年704,487→1841年1,007,624→1861年1,396,530（奴隶占比1841年达峰值43.4%）。哈瓦那周边糖厂237座(1792)→416座(1806)。**咖啡技术由圣多明各难民带入**（Duke UP, *HAHR* 57:2）。",仅候选：可能单位换算、概括、纠错或真正遗漏；不能以字符串未命中判漏
nodes/r_5b1357a9c6/cards/t_68821f/HT_haiti_caribbean 3.md,106,## ④ 经济：产出、贸易结构、资源,14412|24125|435000|677138,"【锚点｜运输与资源】法国自身的运力：1816年法国私营船队 14,412艘／435,000吨 → 1825年 24,125艘／677,138吨（DUMAS硕论转引）。海地方面无造船业，宪法禁止出口造船木材与马匹（Mackenzie p.190：禁止出口金银币、军火、旧新铁铜、马匹母马骡驴、造船木材）。",仅候选：可能单位换算、概括、纠错或真正遗漏；不能以字符串未命中判漏
nodes/r_5b1357a9c6/cards/t_68821f/HT_haiti_caribbean 3.md,124,## ⑤ 撷取与动员上限（峰值与崩溃点）,1040|480,"**§19修订（应F2 t_0e763d质疑）——本档使用的三条限定**：①此5,000–8,000人须**从F2同年法国陆军可供给总量中扣除**，不是额外资源；②须另计**年度疾病补充流量**：按§11的观测带（牙买加白人驻军1803–36年均13%、最好年份6%），一支8,000人驻军的年补充需求为**480–1,040人**，优化姿态下仍不低于480；③6–12艘／5,000–8,000人／优化后损耗，三者都是**条件假设**，无单一史料直接给出该组合。",仅候选：可能单位换算、概括、纠错或真正遗漏；不能以字符串未命中判漏
nodes/r_5b1357a9c6/cards/t_68821f/HT_haiti_caribbean 3.md,212,## ⑪ 生态与人口：黄热病作为可调节的变量,375000|643000,"【人口数据·极不确定】Mackenzie vol.II, pp.109–110：引Humboldt称1802年全岛人口不超过375,000（Mackenzie自注「I am not aware on what data」）；德萨林死后（1806）曾称400,000；革命前全岛（含东部）推算643,000；1820年代海地政府按**1,000,000**估算人口以设计人头税。→ **区间40万–100万，差2.5倍，无普查。本卡一切榨取算术均带此不确定性。**",仅候选：可能单位换算、概括、纠错或真正遗漏；不能以字符串未命中判漏
nodes/r_5b1357a9c6/cards/t_68821f/HT_haiti_caribbean 3.md,278,## ⑭ S1／S2／S3／S5／S6 下本单位 1803–1848 年表（33条）,665000|666737|775000,"25. **1826–1834** 【锚】英属加勒比奴隶人口775,000（1807）→665,000（1834）；1834补偿分类总计666,737人。1833法第LXIV条排除锡兰与圣赫勒拿，开普／毛里求斯延期（上一轮 B6 卡已核，路径见协调台账）。",仅候选：可能单位换算、概括、纠错或真正遗漏；不能以字符串未命中判漏
nodes/r_5b1357a9c6/cards/t_68821f/HT_haiti_caribbean 3.md,281,## ⑭ S1／S2／S3／S5／S6 下本单位 1803–1848 年表（33条）,30000000|60000000|90000000,"28. **1838** 【锚】法海两项条约把赔款减至60,000,000法郎（另一表述为总额降至90,000,000，**本卡推断二者可调和**：已付约30,000,000＋余额60,000,000）。",仅候选：可能单位换算、概括、纠错或真正遗漏；不能以字符串未命中判漏
nodes/r_5b1357a9c6/cards/t_68821f/HT_haiti_caribbean 3.md,283,## ⑭ S1／S2／S3／S5／S6 下本单位 1803–1848 年表（33条）,1007624|43.4,"30. **1841／1844** 【锚】古巴人口1,007,624，奴隶占比达峰值43.4%；1844年多米尼加脱离海地独立。",仅候选：可能单位换算、概括、纠错或真正遗漏；不能以字符串未命中判漏
nodes/r_5b1357a9c6/cards/t_68821f/HT_haiti_caribbean 3.md,297,## ⑮ 能力上限表,32000000|44000000,"| 海地出口（咖啡） | 1789年76,835,219法磅；1824年一度回到44,000,000 | 1826年32,000,000余（不足1789年4/9） | 若和平＋低关税，咖啡有恢复到4,000–4,500万法磅的证据（1819–24实测） |",仅候选：可能单位换算、概括、纠错或真正遗漏；不能以字符串未命中判漏
nodes/r_5b1357a9c6/cards/t_68821f/HT_haiti_caribbean 3.md,298,## ⑮ 能力上限表,141000000|69000,"| 海地出口（糖） | 1789年141,000,000法磅（≈69,000吨） | **1818年198磅**——事实归零 | 无自由劳动路径可恢复；须强制 |",仅候选：可能单位换算、概括、纠错或真正遗漏；不能以字符串未命中判漏
nodes/r_5b1357a9c6/cards/t_68821f/HT_haiti_caribbean 3.md,300,## ⑮ 能力上限表,1040|480,"| 法国对加勒比陆军投送 | 首波≈19,500（分七港，Girard 注37）；1802全年上陆累计约35,000（Girard专著，经网页转录，**转录源不可靠**） | 累计死亡32,000（不完整登记）至50,000–60,000（可靠估计），**主体发生在1802疫季，故在1803分歧点上已大部沉没** | 可持续档＝5,000–8,000人据点驻军（**须从F2同年供给中扣除，另计年补充480–1,040人**），须用已获既往免疫的当地人群 |",仅候选：可能单位换算、概括、纠错或真正遗漏；不能以字符串未命中判漏
nodes/r_5b1357a9c6/cards/t_68821f/HT_haiti_caribbean 3.md,302,## ⑮ 能力上限表,250000|433061,"| 法国贩奴能力 | 1776–1800年433,061人登船（Slave Voyages） | 1801–25降至135,815；1826–50降至68,074 | 若无英国压制与对英外交约束，1826–50可回到150,000–250,000区间（§16推算） |",仅候选：可能单位换算、概括、纠错或真正遗漏；不能以字符串未命中判漏
nodes/r_5b1357a9c6/cards/t_68821f/HT_haiti_caribbean 3.md,312,### 主线（置信：中高）,150000000|60000000|90000000,"- **第一层（面额）**150,000,000法郎；**第二层（实际债权）**1838年两项条约减至60,000,000（另一表述为总额降至90,000,000），付款延续至1883年（Blancpain 篇名所示区间）；**第三层（法国国库净额）**＝未知：该款进入 Caisse générale des dépôts et consignations，用途是**补偿旧殖民者的私人索赔**，属对一个国内索赔阶级的转移支付，不是国库收入；分舰队与征收成本亦未计。",仅候选：可能单位换算、概括、纠错或真正遗漏；不能以字符串未命中判漏
nodes/r_5b1357a9c6/cards/t_68821f/HT_haiti_caribbean 3.md,330,### 备选结论群,1770978|180000|280000|400728|433061|440800|520900|85.5,"**A5的推算与假设（可复算）**：史实1826–50登船 1,770,978，其中法国 68,074、西班牙 400,728。反事实增量三源：①法属加勒比合法进口恢复到1801–25的水平并因新边疆上浮＝把法国旗登船由68,074抬到180,000–280,000（假设：回到1776–1800年433,061的40–65%，因需求已被古巴巴西分流）；②西班牙不受英压，古巴进口提前并提速＝400,728×(1.10–1.30)＝440,800–520,900；③非洲供给弹性与死亡率下降（无追逃、无拥挤）使登船—到岸比由85.5%升至88–90%，到岸增量另约3–5万。合计增量约**25–70万登船**，即总量提高**15–40%**。**这是一个有界增量，不是数量级跃升**——因为1826–50年的约束在需求侧（可用糖业土地与糖价），而非供给侧。",仅候选：可能单位换算、概括、纠错或真正遗漏；不能以字符串未命中判漏
nodes/r_5b1357a9c6/cards/t_68821f/HT_haiti_caribbean 3.md,363,## §18 交付给其他卡的硬接口,1040|480,"| **I-3 加勒比可持续档** | 法国在加勒比的可持续投送＝6–12艘舰＋5,000–8,000人据点驻军；超出即被疫病吃掉。**三限定：①驻军须从F2同年陆军供给中扣除；②另计年疾病补充480–1,040人（按6–13%/年观测带）；③本档为条件假设非观测值，疫季月率不可折年** | **F3、P4、B6、P8** |",仅候选：可能单位换算、概括、纠错或真正遗漏；不能以字符串未命中判漏
nodes/r_5b1357a9c6/cards/t_68821f/HT_haiti_caribbean 3.md,367,## §18 交付给其他卡的硬接口,150000000|60000000,"| **I-7 承认商品化** | 1825模式：约14艘舰、无战斗损失记录，取得**索赔面额**150,000,000法郎（1838减至60,000,000，付至1883）＋法国船货半税特权。**该款入 Caisse des dépôts 用于补偿旧殖民者私人索赔，非国库净收入；本卡只主张""军事投入维度上胁迫外交压倒再征服""，不主张净财政正回报**（§19-④） | **F4、P6、SA、P8、X1** |",仅候选：可能单位换算、概括、纠错或真正遗漏；不能以字符串未命中判漏
nodes/r_5b1357a9c6/cards/t_68821f/HT_haiti_caribbean 3.md,391,### ③ 驻军须从 F2 同年供给扣除；疫病补充另计；月率不可折年（**接受**）,1040|480,"- **纠正一**：5,000–8,000人据点驻军**不是额外资源**，须从 F2 当年法国陆军可供给总量中扣除；并**另列年度疾病补充流量**。按 Geggus 的牙买加观测带（1803–36 年均13%、最好年份6%），一支8,000人驻军的年补充需求为 **480–1,040 人**；优化姿态下仍不低于480人。此流量应进入 F2 的年抽人上限与 E1 的人口账。",仅候选：可能单位换算、概括、纠错或真正遗漏；不能以字符串未命中判漏
nodes/r_5b1357a9c6/cards/t_68821f/HT_haiti_caribbean 3.md,452,### ② 殖民地筹码化：本卡可数出的五例＋ IT2 的西西里，以及一个**可算的汇率**,150000000|24000000,"**本卡新增的可算结果（推论·中，假设透明）**：英国1814年为**赎回瓜德罗普**的付价是 **24,000,000法郎**；法国1825年向海地索取的面额是 **150,000,000法郎**。比值 **6.25×**。但瓜德罗普是一座**在产的、人口约九万至十万的糖岛**，海地则是法国**既不统治也不取得产品所有权**的一纸承认。",仅候选：可能单位换算、概括、纠错或真正遗漏；不能以字符串未命中判漏
nodes/r_5b1357a9c6/cards/t_68821f/HT_haiti_caribbean 3.md,477,### ② 本卡先补一个自己漏掉的定义（F2 点名的分岁点）：present 还是在册？,12300|6250,"→ **在册需求＝5,000/0.80 至 8,000/0.65 ＝ 6,250–12,300 人**。本卡之前把 present 当在册用，**低估约40%**。",仅候选：可能单位换算、概括、纠错或真正遗漏；不能以字符串未命中判漏
nodes/r_5b1357a9c6/cards/t_68821f/HT_haiti_caribbean 3.md,482,### ③ 两处校准纠正（F2 提出，本卡接受，且其中一处对我不利）,1040|480,"- **纠正二：不得向 F2 模型无差别加整笔热带死亡。** F2 的 μ=0.025 已计常态永久退出，调驻只能加**净增**：（6–13%）− 2.5% ＝ **3.5–10.5%**；若用期望值则 7.6–15.4% − 2.5% ＝ **5.1–12.9%**。另：480–1,040 是**死亡**，**退役／伤残／遣返另计**（Geggus 1790年代20,200人中另有近 1,500 人以伤残遣返）。",仅候选：可能单位换算、概括、纠错或真正遗漏；不能以字符串未命中判漏
nodes/r_5b1357a9c6/cards/t_68821f/HT_haiti_caribbean 3.md,490,### ④ 联算定稿（全部可复算，假设列名）,12300|1574|4055|6250,"| **有限据点**（本卡§5档） | 5,000–8,000 | **6,250–12,300** | 375–1,600 | **1,574–4,055** | **1.4–4.5%** | **6.3–17.2m法郎/年** |",仅候选：可能单位换算、概括、纠错或真正遗漏；不能以字符串未命中判漏
nodes/r_5b1357a9c6/cards/t_68821f/HT_haiti_caribbean 3.md,491,### ④ 联算定稿（全部可复算，假设列名）,1125|12690|18750|38500|4722|5005|53.9,"| **D层直接领有东部**（§20修订后的真实规模） | 15,000–25,000 | **18,750–38,500** | 1,125–5,005 | **4,722–12,690** | **4.1–14.1%** | **18.8–53.9m法郎/年** |",仅候选：可能单位换算、概括、纠错或真正遗漏；不能以字符串未命中判漏
nodes/r_5b1357a9c6/cards/t_68821f/HT_haiti_caribbean 3.md,496,### ⑤ 存量分支（F2 的三分支，本卡采纳并标注情景差异）,4250|48200|50750|6800,"- **分支① 从现军调驻**：欧洲少 4,250–6,800 在场（欧洲q=0.85），**不是另征同等人数**。S2 原人力余55,000 → 仍余 48,200–50,750。",仅候选：可能单位换算、概括、纠错或真正遗漏；不能以字符串未命中判漏
nodes/r_5b1357a9c6/cards/t_68821f/HT_haiti_caribbean 3.md,497,### ⑤ 存量分支（F2 的三分支，本卡采纳并标注情景差异）,12514|37486|40036|44286|5714|9964,"- **分支② 财政联算**（陆300m/700＋盟军20万）：**S2 原已缺 5,714，转驻后缺 9,964–12,514**；**S5 原余 44,286，后余 37,486–40,036**。",仅候选：可能单位换算、概括、纠错或真正遗漏；不能以字符串未命中判漏
nodes/r_5b1357a9c6/cards/t_68821f/HT_haiti_caribbean 3.md,502,### ⑥ 本卡的定性结论（保留，不降脚注、不与海军等权）,12514|5714|9964,"2. **财政维度：情景条件化，且这才是绑束的一面。** 6.3–17.2m/年 占 F4 的陆军300m线的 **2.1–5.7%**；在 S5 这是余额的小削，**在 S2 它把一个已存在的 5,714 人缺口推到 9,964–12,514，几乎翻倍**。→ **加勒比驻军的真正约束是财政，不是人力**；且它与 F4 的“不能同时保峰值陆军＋全欧驻防＋大扩舰”是同一约束的两个面。",仅候选：可能单位换算、概括、纠错或真正遗漏；不能以字符串未命中判漏
nodes/r_5b1357a9c6/cards/t_68821f/HT_haiti_caribbean 3.md,503,### ⑥ 本卡的定性结论（保留，不降脚注、不与海军等权）,12690|4722|53.9,"3. **量级的跳变在 D 层，不在有限据点。** 结合 §20 的修订（稳定持有东部需藩属王国或带预备队的野战军）：D 层直接领有的陆军账是 **18.8–53.9m/年＋年征 4,722–12,690**，即陆军300m线的 **6.3–18%**——**这已经不是次级成本**。→ **这独立地支持了 §20 把 D 层众数下移、改以 D′（归还西班牙主权、只取条约性准入）为主的修订。**",仅候选：可能单位换算、概括、纠错或真正遗漏；不能以字符串未命中判漏
nodes/r_5b1357a9c6/cards/t_68821f/HT_haiti_caribbean.md,28,## §0 判决先行,150000000|60000000,"  - **§19修订（应F2 t_0e763d质疑）**：此处原写""法国在加勒比实际拿到过的最大收益""与""零战斗、零疫病损失""，均已收缩。150,000,000是**索赔面额**：1838年减至60,000,000、分期付到1883年，且款项进入 Caisse des dépôts 用于补偿**旧殖民者私人索赔**，不是法国国库净收入；分舰队成本、疫病损失均无名册证据。正确表述见§16与§19-④。",仅候选：可能单位换算、概括、纠错或真正遗漏；不能以字符串未命中判漏
nodes/r_5b1357a9c6/cards/t_68821f/HT_haiti_caribbean.md,36,## §0 判决先行,1770978|1876992,"5. **奴隶贸易的反事实增量是有界的**：1826–50年大西洋贸易总量（1,770,978）只比1801–25（1,876,992）低5.6%，尽管英国已退出并组织压制。约束在**需求侧（古巴＋巴西）**。因此""英国被击败→奴隶贸易爆炸""是错的；正确的量级见§16。",仅候选：可能单位换算、概括、纠错或真正遗漏；不能以字符串未命中判漏
nodes/r_5b1357a9c6/cards/t_68821f/HT_haiti_caribbean.md,73,## ③ 财政、货币、金融,108137|26500,"- 1818年收入超支出约**50万元**；1822年（并吞东部后）**全岛收入比1816年仅辖一区时还少26,500元**，赤字108,137元；",仅候选：可能单位换算、概括、纠错或真正遗漏；不能以字符串未命中判漏
nodes/r_5b1357a9c6/cards/t_68821f/HT_haiti_caribbean.md,76,## ③ 财政、货币、金融,1100000|1375000,"- 1826年运出**1,100,000西班牙金银元**（对海地币升水25%以上，折1,375,000海地元）另加数船咖啡；",仅候选：可能单位换算、概括、纠错或真正遗漏；不能以字符串未命中判漏
nodes/r_5b1357a9c6/cards/t_68821f/HT_haiti_caribbean.md,81,## ③ 财政、货币、金融,150000000|2780|3470|3750,"【本卡计算·假设透明】150,000,000法郎 ÷（5.0–5.4法郎／西班牙银元）＝2,780–3,000万银元；按海地币对银元贴水25%折算≈3,470–3,750万海地元；除以1826年政府总收入2,603,142元＝**赔款约等于海地政府13–14年的全部财政收入**。（假设：汇率取拿破仑战争后常见的5法郎／银元上下带；贴水取Mackenzie亲见的25%。此为本卡推算，非史料数字。）",仅候选：可能单位换算、概括、纠错或真正遗漏；不能以字符串未命中判漏
nodes/r_5b1357a9c6/cards/t_68821f/HT_haiti_caribbean.md,96,## ④ 经济：产出、贸易结构、资源,26000000|32000000,"| 咖啡 | 76,835,219 | 43,420,270 | >26,000,000 | （1819–24在29–44百万间） | ≈32,000,000余 |",仅候选：可能单位换算、概括、纠错或真正遗漏；不能以字符串未命中判漏
nodes/r_5b1357a9c6/cards/t_68821f/HT_haiti_caribbean.md,100,## ④ 经济：产出、贸易结构、资源,141000000|15700|37600|69000,"【本卡换算】1789年糖合计≈141,000,000法磅≈**69,000公吨**（1法磅＝0.4895kg）；1789年咖啡≈**37,600公吨**，1826年≈**15,700公吨**。",仅候选：可能单位换算、概括、纠错或真正遗漏；不能以字符串未命中判漏
nodes/r_5b1357a9c6/cards/t_68821f/HT_haiti_caribbean.md,102,## ④ 经济：产出、贸易结构、资源,13993|20550|34276|78029|8892|95045,"【对照锚点】新大陆糖产量（Reesse 经 Prinsen Geerligs, *General History of the Cane Sugar Industry*, 1919, p.11，经 *Business History Review* 论文转引）：法属殖民地1788年 **95,045吨**；英属1781–85均 78,029吨；巴西1796年 34,276吨；丹属1768年 20,550吨；**古巴1790年仅13,993吨**；荷属1785年 8,892吨。",仅候选：可能单位换算、概括、纠错或真正遗漏；不能以字符串未命中判漏
nodes/r_5b1357a9c6/cards/t_68821f/HT_haiti_caribbean.md,104,## ④ 经济：产出、贸易结构、资源,1007624|1090438|1396530|171620|264954|272300|43.4|572363|6508137|704487|77896|8000000,"【锚点】古巴的接替：哈瓦那糖出口 1786–90年均 1,090,438阿罗瓦 → 1826–30年均 **6,508,137阿罗瓦**（Erénchun, *Anales de la isla de Cuba*，经BHR转引）；哈瓦那出口糖箱 77,896箱(1790)→264,954箱(1827)；1827年普查约1,000座糖厂产8,000,000阿罗瓦，对比1775年453座厂产1,300,000阿罗瓦。古巴人口：1774年171,620→1792年272,300→1817年572,363→1827年704,487→1841年1,007,624→1861年1,396,530（奴隶占比1841年达峰值43.4%）。哈瓦那周边糖厂237座(1792)→416座(1806)。**咖啡技术由圣多明各难民带入**（Duke UP, *HAHR* 57:2）。",仅候选：可能单位换算、概括、纠错或真正遗漏；不能以字符串未命中判漏
nodes/r_5b1357a9c6/cards/t_68821f/HT_haiti_caribbean.md,109,## ④ 经济：产出、贸易结构、资源,14412|24125|435000|677138,"【锚点｜运输与资源】法国自身的运力：1816年法国私营船队 14,412艘／435,000吨 → 1825年 24,125艘／677,138吨（DUMAS硕论转引）。海地方面无造船业，宪法禁止出口造船木材与马匹（Mackenzie p.190：禁止出口金银币、军火、旧新铁铜、马匹母马骡驴、造船木材）。",仅候选：可能单位换算、概括、纠错或真正遗漏；不能以字符串未命中判漏
nodes/r_5b1357a9c6/cards/t_68821f/HT_haiti_caribbean.md,127,## ⑤ 撷取与动员上限（峰值与崩溃点）,1040|480,"**§19修订（应F2 t_0e763d质疑）——本档使用的三条限定**：①此5,000–8,000人须**从F2同年法国陆军可供给总量中扣除**，不是额外资源；②须另计**年度疾病补充流量**：按§11的观测带（牙买加白人驻军1803–36年均13%、最好年份6%），一支8,000人驻军的年补充需求为**480–1,040人**，优化姿态下仍不低于480；③6–12艘／5,000–8,000人／优化后损耗，三者都是**条件假设**，无单一史料直接给出该组合。",仅候选：可能单位换算、概括、纠错或真正遗漏；不能以字符串未命中判漏
nodes/r_5b1357a9c6/cards/t_68821f/HT_haiti_caribbean.md,188,## ⑩ 科技与生产力：甜菜糖这条被忽略的主线,1100000|95045,"> **❗ 外部勘误（经 Last Order 转达，本卡未复核、本轮不重搜）**：上述 3,500 吨据称是 **Montalivet 的展望值**，1813 年**实产约 1,100,000 kg（1,100 吨）**，则比值为 **约 1.2%**（本卡复算：1,100÷95,045＝1.16%，与转达值自洽）。**此勘误同时支配 ⑭ 第13条与 §18 的 I-5；推论方向不变且被加强**——甜菜替代能力越小，“殖民地蔗糖回流→甜菜工业死亡→本土无反殖民地利益集团→法国废奴推迟”这条机制越强。数字以 X3／P5 的核定为准。",仅候选：可能单位换算、概括、纠错或真正遗漏；不能以字符串未命中判漏
nodes/r_5b1357a9c6/cards/t_68821f/HT_haiti_caribbean.md,216,## ⑪ 生态与人口：黄热病作为可调节的变量,375000|643000,"【人口数据·极不确定】Mackenzie vol.II, pp.109–110：引Humboldt称1802年全岛人口不超过375,000（Mackenzie自注「I am not aware on what data」）；德萨林死后（1806）曾称400,000；革命前全岛（含东部）推算643,000；1820年代海地政府按**1,000,000**估算人口以设计人头税。→ **区间40万–100万，差2.5倍，无普查。本卡一切榨取算术均带此不确定性。**",仅候选：可能单位换算、概括、纠错或真正遗漏；不能以字符串未命中判漏
nodes/r_5b1357a9c6/cards/t_68821f/HT_haiti_caribbean.md,282,## ⑭ S1／S2／S3／S5／S6 下本单位 1803–1848 年表（33条）,665000|666737|775000,"25. **1826–1834** 【锚】英属加勒比奴隶人口775,000（1807）→665,000（1834）；1834补偿分类总计666,737人。1833法第LXIV条排除锡兰与圣赫勒拿，开普／毛里求斯延期（上一轮 B6 卡已核，路径见协调台账）。",仅候选：可能单位换算、概括、纠错或真正遗漏；不能以字符串未命中判漏
nodes/r_5b1357a9c6/cards/t_68821f/HT_haiti_caribbean.md,285,## ⑭ S1／S2／S3／S5／S6 下本单位 1803–1848 年表（33条）,30000000|60000000|90000000,"28. **1838** 【锚】法海两项条约把赔款减至60,000,000法郎（另一表述为总额降至90,000,000，**本卡推断二者可调和**：已付约30,000,000＋余额60,000,000）。",仅候选：可能单位换算、概括、纠错或真正遗漏；不能以字符串未命中判漏
nodes/r_5b1357a9c6/cards/t_68821f/HT_haiti_caribbean.md,287,## ⑭ S1／S2／S3／S5／S6 下本单位 1803–1848 年表（33条）,1007624|43.4,"30. **1841／1844** 【锚】古巴人口1,007,624，奴隶占比达峰值43.4%；1844年多米尼加脱离海地独立。",仅候选：可能单位换算、概括、纠错或真正遗漏；不能以字符串未命中判漏
nodes/r_5b1357a9c6/cards/t_68821f/HT_haiti_caribbean.md,301,## ⑮ 能力上限表,32000000|44000000,"| 海地出口（咖啡） | 1789年76,835,219法磅；1824年一度回到44,000,000 | 1826年32,000,000余（不足1789年4/9） | 若和平＋低关税，咖啡有恢复到4,000–4,500万法磅的证据（1819–24实测） |",仅候选：可能单位换算、概括、纠错或真正遗漏；不能以字符串未命中判漏
nodes/r_5b1357a9c6/cards/t_68821f/HT_haiti_caribbean.md,302,## ⑮ 能力上限表,141000000|69000,"| 海地出口（糖） | 1789年141,000,000法磅（≈69,000吨） | **1818年198磅**——事实归零 | 无自由劳动路径可恢复；须强制 |",仅候选：可能单位换算、概括、纠错或真正遗漏；不能以字符串未命中判漏
nodes/r_5b1357a9c6/cards/t_68821f/HT_haiti_caribbean.md,304,## ⑮ 能力上限表,1040|480,"| 法国对加勒比陆军投送 | 首波≈19,500（分七港，Girard 注37）；1802全年上陆累计约35,000（Girard专著，经网页转录，**转录源不可靠**） | 累计死亡32,000（不完整登记）至50,000–60,000（可靠估计），**主体发生在1802疫季，故在1803分歧点上已大部沉没** | 可持续档＝5,000–8,000人据点驻军（**须从F2同年供给中扣除，另计年补充480–1,040人**），须用已获既往免疫的当地人群 |",仅候选：可能单位换算、概括、纠错或真正遗漏；不能以字符串未命中判漏
nodes/r_5b1357a9c6/cards/t_68821f/HT_haiti_caribbean.md,306,## ⑮ 能力上限表,250000|433061,"| 法国贩奴能力 | 1776–1800年433,061人登船（Slave Voyages） | 1801–25降至135,815；1826–50降至68,074 | 若无英国压制与对英外交约束，1826–50可回到150,000–250,000区间（§16推算） |",仅候选：可能单位换算、概括、纠错或真正遗漏；不能以字符串未命中判漏
nodes/r_5b1357a9c6/cards/t_68821f/HT_haiti_caribbean.md,316,### 主线（置信：中高）,150000000|60000000|90000000,"- **第一层（面额）**150,000,000法郎；**第二层（实际债权）**1838年两项条约减至60,000,000（另一表述为总额降至90,000,000），付款延续至1883年（Blancpain 篇名所示区间）；**第三层（法国国库净额）**＝未知：该款进入 Caisse générale des dépôts et consignations，用途是**补偿旧殖民者的私人索赔**，属对一个国内索赔阶级的转移支付，不是国库收入；分舰队与征收成本亦未计。",仅候选：可能单位换算、概括、纠错或真正遗漏；不能以字符串未命中判漏
nodes/r_5b1357a9c6/cards/t_68821f/HT_haiti_caribbean.md,334,### 备选结论群,1770978|180000|280000|400728|433061|440800|520900|85.5,"**A5的推算与假设（可复算）**：史实1826–50登船 1,770,978，其中法国 68,074、西班牙 400,728。反事实增量三源：①法属加勒比合法进口恢复到1801–25的水平并因新边疆上浮＝把法国旗登船由68,074抬到180,000–280,000（假设：回到1776–1800年433,061的40–65%，因需求已被古巴巴西分流）；②西班牙不受英压，古巴进口提前并提速＝400,728×(1.10–1.30)＝440,800–520,900；③非洲供给弹性与死亡率下降（无追逃、无拥挤）使登船—到岸比由85.5%升至88–90%，到岸增量另约3–5万。合计增量约**25–70万登船**，即总量提高**15–40%**。**这是一个有界增量，不是数量级跃升**——因为1826–50年的约束在需求侧（可用糖业土地与糖价），而非供给侧。",仅候选：可能单位换算、概括、纠错或真正遗漏；不能以字符串未命中判漏
nodes/r_5b1357a9c6/cards/t_68821f/HT_haiti_caribbean.md,367,## §18 交付给其他卡的硬接口,1040|480,"| **I-3 加勒比可持续档** | 法国在加勒比的可持续投送＝6–12艘舰＋5,000–8,000人据点驻军；超出即被疫病吃掉。**三限定：①驻军须从F2同年陆军供给中扣除；②另计年疾病补充480–1,040人（按6–13%/年观测带）；③本档为条件假设非观测值，疫季月率不可折年** | **F3、P4、B6、P8** |",仅候选：可能单位换算、概括、纠错或真正遗漏；不能以字符串未命中判漏
nodes/r_5b1357a9c6/cards/t_68821f/HT_haiti_caribbean.md,371,## §18 交付给其他卡的硬接口,150000000|60000000,"| **I-7 承认商品化** | 1825模式：约14艘舰、无战斗损失记录，取得**索赔面额**150,000,000法郎（1838减至60,000,000，付至1883）＋法国船货半税特权。**该款入 Caisse des dépôts 用于补偿旧殖民者私人索赔，非国库净收入；本卡只主张""军事投入维度上胁迫外交压倒再征服""，不主张净财政正回报**（§19-④） | **F4、P6、SA、P8、X1** |",仅候选：可能单位换算、概括、纠错或真正遗漏；不能以字符串未命中判漏
nodes/r_5b1357a9c6/cards/t_68821f/HT_haiti_caribbean.md,395,### ③ 驻军须从 F2 同年供给扣除；疫病补充另计；月率不可折年（**接受**）,1040|480,"- **纠正一**：5,000–8,000人据点驻军**不是额外资源**，须从 F2 当年法国陆军可供给总量中扣除；并**另列年度疾病补充流量**。按 Geggus 的牙买加观测带（1803–36 年均13%、最好年份6%），一支8,000人驻军的年补充需求为 **480–1,040 人**；优化姿态下仍不低于480人。此流量应进入 F2 的年抽人上限与 E1 的人口账。",仅候选：可能单位换算、概括、纠错或真正遗漏；不能以字符串未命中判漏
nodes/r_5b1357a9c6/cards/t_68821f/HT_haiti_caribbean.md,456,### ② 殖民地筹码化：本卡可数出的五例＋ IT2 的西西里，以及一个**可算的汇率**,150000000|24000000,"**本卡新增的可算结果（推论·中，假设透明）**：英国1814年为**赎回瓜德罗普**的付价是 **24,000,000法郎**；法国1825年向海地索取的面额是 **150,000,000法郎**。比值 **6.25×**。但瓜德罗普是一座**在产的、人口约九万至十万的糖岛**，海地则是法国**既不统治也不取得产品所有权**的一纸承认。",仅候选：可能单位换算、概括、纠错或真正遗漏；不能以字符串未命中判漏
nodes/r_5b1357a9c6/cards/t_68821f/HT_haiti_caribbean.md,481,### ② 本卡先补一个自己漏掉的定义（F2 点名的分岁点）：present 还是在册？,12300|6250,"→ **在册需求＝5,000/0.80 至 8,000/0.65 ＝ 6,250–12,300 人**。本卡之前把 present 当在册用，**低估约40%**。",仅候选：可能单位换算、概括、纠错或真正遗漏；不能以字符串未命中判漏
nodes/r_5b1357a9c6/cards/t_68821f/HT_haiti_caribbean.md,486,### ③ 两处校准纠正（F2 提出，本卡接受，且其中一处对我不利）,1040|480,"- **纠正二：不得向 F2 模型无差别加整笔热带死亡。** F2 的 μ=0.025 已计常态永久退出，调驻只能加**净增**：（6–13%）− 2.5% ＝ **3.5–10.5%**；若用期望值则 7.6–15.4% − 2.5% ＝ **5.1–12.9%**。另：480–1,040 是**死亡**，**退役／伤残／遣返另计**（Geggus 1790年代20,200人中另有近 1,500 人以伤残遣返）。",仅候选：可能单位换算、概括、纠错或真正遗漏；不能以字符串未命中判漏
nodes/r_5b1357a9c6/cards/t_68821f/HT_haiti_caribbean.md,494,### ④ 联算定稿（全部可复算，假设列名）,12300|1574|4055|6250,"| **有限据点**（本卡§5档） | 5,000–8,000 | **6,250–12,300** | 375–1,600 | **1,574–4,055** | **1.4–4.5%** | **6.3–17.2m法郎/年** |",仅候选：可能单位换算、概括、纠错或真正遗漏；不能以字符串未命中判漏
nodes/r_5b1357a9c6/cards/t_68821f/HT_haiti_caribbean.md,495,### ④ 联算定稿（全部可复算，假设列名）,1125|12690|18750|38500|4722|5005|53.9,"| **D层直接领有东部**（§20修订后的真实规模） | 15,000–25,000 | **18,750–38,500** | 1,125–5,005 | **4,722–12,690** | **4.1–14.1%** | **18.8–53.9m法郎/年** |",仅候选：可能单位换算、概括、纠错或真正遗漏；不能以字符串未命中判漏
nodes/r_5b1357a9c6/cards/t_68821f/HT_haiti_caribbean.md,500,### ⑤ 存量分支（F2 的三分支，本卡采纳并标注情景差异）,4250|48200|50750|6800,"- **分支① 从现军调驻**：欧洲少 4,250–6,800 在场（欧洲q=0.85），**不是另征同等人数**。S2 原人力余55,000 → 仍余 48,200–50,750。",仅候选：可能单位换算、概括、纠错或真正遗漏；不能以字符串未命中判漏
nodes/r_5b1357a9c6/cards/t_68821f/HT_haiti_caribbean.md,501,### ⑤ 存量分支（F2 的三分支，本卡采纳并标注情景差异）,12514|37486|40036|44286|5714|9964,"- **分支② 财政联算**（陆300m/700＋盟军20万）：**S2 原已缺 5,714，转驻后缺 9,964–12,514**；**S5 原余 44,286，后余 37,486–40,036**。",仅候选：可能单位换算、概括、纠错或真正遗漏；不能以字符串未命中判漏
nodes/r_5b1357a9c6/cards/t_68821f/HT_haiti_caribbean.md,506,### ⑥ 本卡的定性结论（保留，不降脚注、不与海军等权）,12514|5714|9964,"2. **财政维度：情景条件化，且这才是绑束的一面。** 6.3–17.2m/年 占 F4 的陆军300m线的 **2.1–5.7%**；在 S5 这是余额的小削，**在 S2 它把一个已存在的 5,714 人缺口推到 9,964–12,514，几乎翻倍**。→ **加勒比驻军的真正约束是财政，不是人力**；且它与 F4 的“不能同时保峰值陆军＋全欧驻防＋大扩舰”是同一约束的两个面。",仅候选：可能单位换算、概括、纠错或真正遗漏；不能以字符串未命中判漏
nodes/r_5b1357a9c6/cards/t_68821f/HT_haiti_caribbean.md,507,### ⑥ 本卡的定性结论（保留，不降脚注、不与海军等权）,12690|4722|53.9,"3. **量级的跳变在 D 层，不在有限据点。** 结合 §20 的修订（稳定持有东部需藩属王国或带预备队的野战军）：D 层直接领有的陆军账是 **18.8–53.9m/年＋年征 4,722–12,690**，即陆军300m线的 **6.3–18%**——**这已经不是次级成本**。→ **这独立地支持了 §20 把 D 层众数下移、改以 D′（归还西班牙主权、只取条约性准入）为主的修订。**",仅候选：可能单位换算、概括、纠错或真正遗漏；不能以字符串未命中判漏
nodes/r_5b1357a9c6/cards/t_68821f/HT_haiti_caribbean.md,657,### ⑥ 【逻辑修正，F2 的最尖锐一点】成本低不等于战略最优，因为产出不同,28482|71099,"2. **C 不支配 D**。D 的特有产出（土地与劳动力容量）是 C 给不了的。二者的正确关系是**权衡**：D 买到的是一个 **10–15 年的撷取窗口**（§23），代价是 **S2 缺 28,482–71,099 人、S5 余量可被吃尽转赤**（本节④）。",仅候选：可能单位换算、概括、纠错或真正遗漏；不能以字符串未命中判漏
nodes/r_5b1357a9c6/cards/t_68821f/notes_haiti_state_economy.md,36,## ③ 财政：规模与脆弱性,1100000|1375000,"- 1826年运出 1,100,000 西班牙金银元（含25%以上升水，折海地币 1,375,000元）另加数船咖啡；",仅候选：可能单位换算、概括、纠错或真正遗漏；不能以字符串未命中判漏
nodes/r_5b1357a9c6/cards/t_68821f/notes_haiti_state_economy.md,57,## ⑤ 人口,375000|643000,"【事实｜pp.109–110】Mackenzie 引 Humboldt：1802全岛人口不超过 375,000（""I am not aware on what data""）；又记德萨林死后（1806）曾称 400,000；革命前全岛（含东部西属部分）推算 643,000。1820年代政府按 **1,000,000** 估算人口以设计人头税。",仅候选：可能单位换算、概括、纠错或真正遗漏；不能以字符串未命中判漏
nodes/r_5b1357a9c6/cards/t_68821f/notes_haiti_state_economy.md,61,## ⑥ 与赔款的连结（对1825–48推演的量化底座）,144664799|150000000|25542664|48822404|5000000|70299731,"- 敕令定额150,000,000法郎（分五年五期）＝法方按**1789年殖民地财产年收入**估值：糖48,822,404＋咖啡70,299,731＋棉靛等25,542,664＝144,664,799，加城市地产5,000,000，凑整150,000,000（1826-04-30法附表；转引自 Persée/Outre-Mers 2003 附录与法国国民议会2025年提案文本）。",仅候选：可能单位换算、概括、纠错或真正遗漏；不能以字符串未命中判漏
nodes/r_5b1357a9c6/cards/t_68821f/notes_postsubmission_declarations.md,162,## 声明16｜甜菜糖数字更正（X3 警报 → Last Order 在 Heckscher 印 pp.292–293 原文核实；总装口径，HT 正文不重开）（claim_type: fact）,1100000|3500000|7000000,"HT §10 与年表 #13 的「1813 年 334 家厂产甜菜糖 3,500 吨」系 **Montalivet 1813-02 向立法团的展望值**（7,000,000 livres ≈ 3,500,000 kg），非实产。Heckscher 印 pp.292–293 载同年后期 Montalivet 致皇帝报告：因技术无知与恶劣天气，**实产仅 1,100,000 kg，334 张执照中仅 158 张实际使用**；复辟后工商总监称品质极差，帝国崩溃后无一厂存活。",仅候选：可能单位换算、概括、纠错或真正遗漏；不能以字符串未命中判漏
nodes/r_5b1357a9c6/cards/t_68821f/notes_santodomingo_trade_treaties.md,27,## D. 大西洋奴隶贸易的量（反事实的分母）,68.8|94.2,"来源：**Slave Voyages / Trans-Atlantic Slave Trade Database, Estimates**，legacy-aws.slavevoyages.org/assessment/estimates 直取（缓存 `downloads/pages/f12aed68b23e.md`）。**估计值非观测值**，含补全系数（法国记录完整度94.2%，西班牙68.8%）。",仅候选：可能单位换算、概括、纠错或真正遗漏；不能以字符串未命中判漏
nodes/r_5b1357a9c6/cards/t_68821f/notes_santodomingo_trade_treaties.md,39,## D. 大西洋奴隶贸易的量（反事实的分母）,188|26288|73261,"【本卡的关键读法·推断·中高】**1807–1850年间压制体制的效果被高估了**：英国退出后，总量从1801–25的188万仅降到1826–50的177万（−5.6%）。真正塌落的是**英属与法属加勒比的合法进口**，而**西属美洲（古巴）与巴西替代了它**。→ 反事实推论：法国胜利、英国无力组织压制，**不会把大西洋贸易量提高一个数量级**，因为1820–50年的约束是**需求侧（古巴＋巴西的土地与糖价）而非供给侧**。合理增量来自：①法属加勒比恢复合法进口（把26,288抬回73,261量级甚至更高）；②法国重占/重建种植园所需的新增劳动力；③西班牙不受英压则古巴进口更早更顺。**量级估计见正文⑯。**",仅候选：可能单位换算、概括、纠错或真正遗漏；不能以字符串未命中判漏
nodes/r_5b1357a9c6/cards/t_68821f/notes_santodomingo_trade_treaties.md,46,"## E. 法国""非法贸易""的实际规模（说明压制的弱与需求的强）",14412|24125|435000|677138,"【事实·DUMAS论文】1815–17仅向古巴即有286次远征（各国合计）；法国商业船队1816年14,412艘/435,000吨→1825年24,125艘/677,138吨。",仅候选：可能单位换算、概括、纠错或真正遗漏；不能以字符串未命中判漏
nodes/r_5b1357a9c6/cards/t_68821f/notes_santodomingo_trade_treaties.md,54,## F. 1825年强制承认：炮舰外交的实测参数,30000000|60000000|90000000,"【事实】1838两项条约把赔款减至60,000,000法郎（Haïti-Référence）；法国国民议会2025提案说""ramenés à 90 millions en 1838""。**本卡推断（中）**：两说可调和——已付约30,000,000＋余额60,000,000＝90,000,000总额；表述差异在""余额""与""总额""。",仅候选：可能单位换算、概括、纠错或真正遗漏；不能以字符串未命中判漏
nodes/r_5b1357a9c6/cards/t_68821f/notes_santodomingo_trade_treaties.md,59,## G. 英属西印度的对照量（1807–1848）,1320086|241177|30088|665000|666737|775000|91037,"【事实】英属加勒比奴隶人口 **775,000（1807）→665,000（1834）**；1834补偿分类总数 666,737，其中田间劳动者241,177＋下级田间劳动者132,008，6岁以下91,037，""老弱病残""30,088。",仅候选：可能单位换算、概括、纠错或真正遗漏；不能以字符串未命中判漏
nodes/r_5b1357a9c6/cards/t_68821f/notes_santodomingo_trade_treaties.md,61,## G. 英属西印度的对照量（1807–1848）,1247401|15000000|165143|1734353|20000000|2112632|38427|5000000|5192|68613|82807,"【事实】**£20,000,000补偿**＝£15,000,000公债（罗斯柴尔德—蒙蒂菲奥里辛迪加承销）＋£5,000,000以3.5%减息年金形式；分配例：毛里求斯£2,112,632/68,613人，开普£1,247,401/38,427人，维尔京群岛£165,143/5,192人，巴巴多斯£1,734,353/82,807人。",仅候选：可能单位换算、概括、纠错或真正遗漏；不能以字符串未命中判漏
nodes/r_5b1357a9c6/cards/t_68821f/notes_santodomingo_trade_treaties.md,62,## G. 英属西印度的对照量（1807–1848）,33784|426,"【事实】毛里求斯糖出口 426吨(1812–14)→33,784吨(1830–34)，1825年关税平等化是触发因素。",仅候选：可能单位换算、概括、纠错或真正遗漏；不能以字符串未命中判漏
nodes/r_5b1357a9c6/cards/t_6f3beb/X2_continental_system_machine.md,17,## §0 判决先行,1806.10|1808.6|1809.7,"1. **（高）执行强度是可观测的价格，不是二值状态。** 莱茵边界的走私保费序列 6%(1800) → 10%(1801–02) → 26%(1806.10–1808.6) → 30%(1809.7) → **50%(1809末–1811)**，是本卡最硬的数据。Rowe明确给出成功判据：""insurance rates pushed to a level where non-French wares simply became uncompetitive.""（Rowe 2015, 印p.195）",仅候选：可能单位换算、概括、纠错或真正遗漏；不能以字符串未命中判漏
nodes/r_5b1357a9c6/cards/t_6f3beb/X2_continental_system_machine.md,18,## §0 判决先行,25700|35500,"2. **（中高）边际执行产出在保费≈50%处饱和。** 编制从1808年25,700增到1812年35,500，莱茵保费自1809年末的50%再未被推高；1809年新设的Rees–Bremen线保费只有**6–8%**，即**新建一条线的边际执行力接近于零**。",仅候选：可能单位换算、概括、纠错或真正遗漏；不能以字符串未命中判漏
nodes/r_5b1357a9c6/cards/t_6f3beb/X2_continental_system_machine.md,41,### 1.1 人力（【锚点】）,1300|829,"配套力量：帝国宪兵队 **1810年逾18,000官兵**（Ellis 2015 印p.32，转Emsley）；共和十一年霜月16日敕令准许省长征调 **50名步兵＋20–40名骑兵**的分遣队协助缉私，约 **1,300步兵＋220骑兵** 分配于安特卫普、克莱沃、科隆、美因茨、斯特拉斯堡、贝桑松、日内瓦七个总监区，**军人同样分缉获提成**；AHAD的结论一句话：""Séduisante, l'expérience est finalement un échec, **les soldats se faisant fraudeurs**!""（`downloads/pages/c829da0ae0b4.md`）",仅候选：可能单位换算、概括、纠错或真正遗漏；不能以字符串未命中判漏
nodes/r_5b1357a9c6/cards/t_6f3beb/X2_continental_system_machine.md,87,### 1.4 特里亚农税率（【锚点】，据Heckscher附录II页图人工读取，OCR失败）,201|202,"⚠️ **口径警告**：附录II在扫描本中为**旋转90°排版**，OCR全部失败，上表由 `doc_page_image` 渲染后人工读取。**1810列字号大、位置明确，可冻结**；1802–1806各列字号小且有花括号合并格，**个别数（尤其胡椒、可可、丁香的旧率）可能误读，不得单独引用**。其中原糖300、咖啡400、可可1,000、肉桂/胭脂虫/肉豆蔻2,000、靛蓝900五项与Heckscher正文印pp.201–202独立吻合，可用。",仅候选：可能单位换算、概括、纠错或真正遗漏；不能以字符串未命中判漏
nodes/r_5b1357a9c6/cards/t_6f3beb/X2_continental_system_machine.md,116,## §3（②）法律司法与行政渗透,201|202,"- 罪刑差别被走私者精确利用：**contrebande（禁品）** 可至五年徒刑／十年苦役加烙印乃至死刑；**fraude（应税品逃税）** 最高六个月轻罪刑＋通常为货值三倍的罚金＋五年警察监视（Ellis 1981 印pp.201–202）。Ellis读出：""the customs tribunals were disposed to convict on the lesser offence where they could not reasonably acquit suspects""。南锡法庭与警务记录显示走私者**熟知**：个人被捕比结伙被捕判得轻；携带""两用""器具（刀）比携带火器判得轻（Rowe 印pp.193–194）。",仅候选：可能单位换算、概括、纠错或真正遗漏；不能以字符串未命中判漏
nodes/r_5b1357a9c6/cards/t_6f3beb/X2_continental_system_machine.md,139,### 4.1 收入侧（【锚点】，三套口径并列，禁互填）,105.9|105.927667,- 特里亚农起至1811年底海关收入 **105.9百万法郎**（Heckscher 印p.221）；Marion记1810-08→1812-01非常关税累计 **105.927667百万**（F4卡）——**几乎同数但区间端点不同**，引用须标区间。,仅候选：可能单位换算、概括、纠错或真正遗漏；不能以字符串未命中判漏
nodes/r_5b1357a9c6/cards/t_6f3beb/X2_continental_system_machine.md,149,### 4.2 支出侧（【推演·MODEL】）,109.5|27200,"- **关键比值**：1809年编制27,200人，纯工资 13.6百万 ÷ 当年关税净收 11.6百万 ＝ **117%**。若用1812年编制与同年AHAD毛收入109.5百万比，则降至16%——**这正是""严格版""与""许可证版""的财政分水岭**。",仅候选：可能单位换算、概括、纠错或真正遗漏；不能以字符串未命中判漏
nodes/r_5b1357a9c6/cards/t_6f3beb/X2_continental_system_machine.md,169,### 5.1 四大转口港（【锚点】）,50000000|8000000,"| **黑尔戈兰** | 1808年英国花 **£500,000** 在这个约150英亩的小岛上修港、筑垒、建仓；约 **200名**英商与商号代表迁入并组成专门商会，人称""Little London""；1808年8–11月三个半月内**近120艘船**卸货；英商自估年进口 **£8,000,000**≈1808年英国出口总额(£50,000,000)的近六分之一——**Heckscher明说""almost certainly too high""** | Heckscher Part III ch.II（econlib全文对照；本地PDF印pp.178–179）|",仅候选：可能单位换算、概括、纠错或真正遗漏；不能以字符串未命中判漏
nodes/r_5b1357a9c6/cards/t_6f3beb/X2_continental_system_machine.md,170,### 5.1 四大转口港（【锚点】）,14500000|2900000|4500000,"| **哥德堡** | 1810-09 总督 von Rosen 记锚地 **19艘英国军舰＋1,124艘商船**，""such an appearance as it had never had since the Creation""；某日东风转向""several hundred vessels sailed away at the same time""。进口1807→1809翻两番，1810再增至五倍。**1810年原糖出口14,500,000磅（约为上年两倍）、咖啡4,500,000磅**（1808年为2,900,000磅与1,300,000磅）。11月给 von Rosen 的训令：对挂美旗等可接受旗的瑞典臣民货船，""His Majesty does not require you to recur to extremities of diligence, but on the contrary to **suppress facts and facilitate traffic**"" | Heckscher 印p.236；1808数据见Part III ch.II |",仅候选：可能单位换算、概括、纠错或真正遗漏；不能以字符串未命中判漏
nodes/r_5b1357a9c6/cards/t_6f3beb/X2_continental_system_machine.md,171,### 5.1 四大转口港（【锚点】）,3000000|5000000|95000,"| **马耳他** | 英国对马耳他出口年均 **£95,000(1801–05) → £3,000,000(1808) → £5,000,000(1812)**；在马英商 **5(1802)→20(1807)→60(1812)**；**1812年运往欧洲的英货有25%经马耳他**；Crouzet另记""at one point, 8.8% of exports from Britain were taken into Europe via Malta"" | Grab 2015 印p.103；Crouzet 1987 转引自 Juhász (AER 2018) |",仅候选：可能单位换算、概括、纠错或真正遗漏；不能以字符串未命中判漏
nodes/r_5b1357a9c6/cards/t_6f3beb/X2_continental_system_machine.md,220,### 6.1 唯一连续可观测的执行强度指标：走私保费,188|189,| 执政府期（Eichhoff 备忘录）| **10、15，甚至20%** | Rowe 印pp.188–189 n.5 |,仅候选：可能单位换算、概括、纠错或真正遗漏；不能以字符串未命中判漏
nodes/r_5b1357a9c6/cards/t_6f3beb/X2_continental_system_machine.md,235,### 6.2 能力上限的三条定量命题,25700|35500,"**命题1（执行的边际产出在≈50%处饱和）。** 编制自1808年25,700增至1812年35,500（＋38%），并在1809–11年间叠加了：Rees–Bremen线、荷兰并入、汉萨与北海岸并入、达武第三军全军缉私、枫丹白露刑罚暴增、cours prévôtales。**莱茵保费自1809年末的50%再未被推高**；而1809年新建的Rees–Bremen线只能把保费推到 **6–8%**——**新建一条线的边际执行力几乎为零**（这条线的失败Rowe明确归因于""devoid of any major natural obstacles""）。**→ 执行能力的上限不是人数，是地形与本地合作**。",仅候选：可能单位换算、概括、纠错或真正遗漏；不能以字符串未命中判漏
nodes/r_5b1357a9c6/cards/t_6f3beb/X2_continental_system_machine.md,273,## §7（⑥）军事：海关作为准军事组织，以及军队作为走私者,10685|829,"【锚点】海关被Clinquart（经AHAD转述）称为""une armée parallèle""；1810年拿破仑即要达武拟""把海关旅置于其麾下""的方案，1812年令Mathieu Dumas 说服 Collin de Sussy 起草**把35,000名海关人员组成武装力量**的法案，""ce projet resta à l'état d'embryon""。1813-08-17 达武下令以吕讷堡总监区人员编成两个800–900人营（第2帝国海关团，含步兵、一个骑兵中队、一个炮兵连乃至一支水上分队）；另有以布洛涅至巴约讷11个总监区 **10,685名 préposés** 编成19个不等员额营的方案（AHAD `downloads/pages/c829da0ae0b4.md`）。",仅候选：可能单位换算、概括、纠错或真正遗漏；不能以字符串未命中判漏
nodes/r_5b1357a9c6/cards/t_6f3beb/X2_continental_system_machine.md,285,### 8.1 谁拿到租金（【锚点】＋【MODEL】）,105.9|42.5,**（a）法国国库与皇帝私库。** 特里亚农起至1811年底海关 **105.9百万**；1810年剩余月份拍卖 **≈150百万**；荷尔斯泰因一役 **42.5百万**；法兰克福一役 **9百万**；贿赂收归的 Clérembault 50万＋拟收 Bourrienne 200万、Lachevardière 50万。**但这些是存量清算而非流量税**。,仅候选：可能单位换算、概括、纠错或真正遗漏；不能以字符串未命中判漏
nodes/r_5b1357a9c6/cards/t_6f3beb/X2_continental_system_machine.md,304,### 8.2 谁承担成本,489|71,"- **藩属的竞争性产业**：贝格出口自封锁前6,000万法郎降至1811年1,100万（Grab，经上一轮卡 t_f81a6f 转引）；科隆1807→1809进口−38%、出口−63%，对荷进口−87%、出口−71%（Rowe 印p.194）；意大利王国丝织厂数 **489(1806)→401(1811)**（Grab 2015 印p.108）。",仅候选：可能单位换算、概括、纠错或真正遗漏；不能以字符串未命中判漏
nodes/r_5b1357a9c6/cards/t_6f3beb/X2_continental_system_machine.md,383,## §14（⑬）对政策菜单 B1–B8 的反应函数,1350|990,"| **B5 奥地利肢解／婚姻** | 剥亚得里亚海岸（伊利里亚）／留给奥国 | **剥岸只把执法责任从奥国转到自己头上（中高）**：伊利里亚建省后英国改占Lussin(1809)与Lissa(1812)，“failed, however, to deter British activity in the Adriatic” | Grab 2015 印p.103；F4卡：伊利里亚1812支出1,350万中军海990万、收入长期不敞 |",仅候选：可能单位换算、概括、纠错或真正遗漏；不能以字符串未命中判漏
nodes/r_5b1357a9c6/cards/t_6f3beb/X2_continental_system_machine.md,478,## §17（⑭）反事实年表 1803–1848：封锁执行机器的命运,105.9|42.5,| 8 | 1810–11 | S0 | 拍卖现金≈150百万；荷尔斯泰42.5百万；法兰克福9百万；特里亚农至1811年底关税105.9百万——**全部为存量清算** | 【A＋【M】 |,仅候选：可能单位换算、概括、纠错或真正遗漏；不能以字符串未命中判漏
nodes/r_5b1357a9c6/cards/t_6f3beb/X2_continental_system_machine.md,497,## §17（⑭）反事实年表 1803–1848：封锁执行机器的命运,13000|19200,"| 27 | 1812–20 | S6 | 若继续并到奥德河—易北河线，则须守线由约10,000公里增至**13,000–15,000公里**；按帝国均密度（2.37–3.84人/公里）需加**7,100–19,200名**边境旅，年增纯工资**3.6–9.6百万**，含间接费（×1.6～2.2）**5.7–21.1百万** | 【P·MODEL·中】 |",仅候选：可能单位换算、概括、纠错或真正遗漏；不能以字符串未命中判漏
nodes/r_5b1357a9c6/cards/t_6f3beb/X2_continental_system_machine.md,516,## §18（⑮）能力上限表,105.9|307|42.5,| **财政（一次性）** | 1810–11：105.9＋150＋42.5＋9 ≈ **307百万** | 库存池耗尽（17–22月）| — | **不可作基线** |,仅候选：可能单位换算、概括、纠错或真正遗漏；不能以字符串未命中判漏
nodes/r_5b1357a9c6/cards/t_6f3beb/X2_continental_system_machine.md,555,### 19.4 已知缺口（诚实声明）,2473|35500|4035,"- **口径冲突（送总装）**：（i）法国关税收入三套口径（Heckscher／Marion／AHAD）；（ii）海关编制两套（35,000（Rowe，带构成） vs 35,500（AHAD））；（iii）缉获率两口径（人次 vs 重量）；（iv）donataires两套（Ellis“近6,000人／年3,000万法郎” vs F4卡“1810年初4,035人／>1,800万；1814登记≈2,473万”）。",仅候选：可能单位换算、概括、纠错或真正遗漏；不能以字符串未命中判漏
nodes/r_5b1357a9c6/cards/t_6f3beb/X2_continental_system_machine.md,565,## §20 供其他卡直接取用的接口,307|38.5,| **财政对弈表** | 严格版关稁5–35 vs 许可证版70–110（毛）；执行成28–38.5；一次性池≈307百万 | F4、P2、P8 |,仅候选：可能单位换算、概括、纠错或真正遗漏；不能以字符串未命中判漏
nodes/r_5b1357a9c6/cards/t_6f3beb/notes_enforcement_machine.md,44,## B. 法国海关行政自身的数字（AHAD＝Association pour l'Histoire de l'Administration des Douanes）,25700|27200|35500,"- **编制序列**：1801年12,500人 → 1808年25,700 → **1809年27,200** → **1812/1813年35,500** → 1814年23,000。（两页略有差异：一页作""35 500 douaniers en 1812""，另一页作""27 200 en 1809 à 35 500 en 1813""。）",仅候选：可能单位换算、概括、纠错或真正遗漏；不能以字符串未命中判漏
nodes/r_5b1357a9c6/cards/t_6f3beb/notes_enforcement_machine.md,49,## B. 法国海关行政自身的数字（AHAD＝Association pour l'Histoire de l'Administration des Douanes）,109.5|60.6,"- **法方关税收入口径（与Heckscher冲突，须并列）**：AHAD称（不含盐税）1807年**77百万** → 1809年**30百万**；1810年**70百万** → 1812年**109.5百万**。Heckscher（印p.197）则给1806=51.2、1807=60.6、1808=18.6、1809=11.6百万，Marion IV净额1808=18.559、1809=11.552。→ **三套数不可混用**；AHAD很可能是毛额（含罚没、许可证费、或含并合地），Heckscher/Marion为法国本部净额。本卡在正文以Heckscher/Marion为主线，AHAD数列为""毛口径上界""。",仅候选：可能单位换算、概括、纠错或真正遗漏；不能以字符串未命中判漏
nodes/r_5b1357a9c6/cards/t_6f3beb/notes_enforcement_machine.md,85,### D2 【核心数据】莱茵边界“走私保险费率”时间序列（印p.195／PDF212，注26–28；另印p.189／PDF205–206，注5–6）,189|206|212,### D2 【核心数据】莱茵边界“走私保险费率”时间序列（印p.195／PDF212，注26–28；另印p.189／PDF205–206，注5–6）,仅候选：可能单位换算、概括、纠错或真正遗漏；不能以字符串未命中判漏
nodes/r_5b1357a9c6/cards/t_6f3beb/notes_enforcement_machine.md,91,### D2 【核心数据】莱茵边界“走私保险费率”时间序列（印p.195／PDF212，注26–28；另印p.189／PDF205–206，注5–6）,188|189,| 执政府期（Eichhoff备忘录） | **10、15甚至20%** | Rowe印pp.188–189注5 |,仅候选：可能单位换算、概括、纠错或真正遗漏；不能以字符串未命中判漏
nodes/r_5b1357a9c6/cards/t_6f3beb/notes_enforcement_machine.md,133,"## E. Geoffrey Ellis, “The Continental System Revisited”，in Aaslestad & Joor 2015, pp.25–41（PDF44–59）",2473|4035,"- 印p.33：1814年 donataires 近 **6,000人**，赠产名义总值约 **年3,000万法郎**。（口径对账：F4卡徕 1810年初4,035人年收>1,800万、1814登记≈2,473万——Ellis的“近6,000人／3,000万”与之方向一致但数字不同，**不互相填补**。）",仅候选：可能单位换算、概括、纠错或真正遗漏；不能以字符串未命中判漏
nodes/r_5b1357a9c6/cards/t_6f3beb/notes_heckscher_enforcement.md,28,## 三、腐败：执行机器的内生漏率,196|212,"- 印p.196 / PDF212：拿破仑1811年初估算Bourrienne在汉堡获利""seven or eight million francs""；Bourrienne最终被禁签原产地证明并去职。",仅候选：可能单位换算、概括、纠错或真正遗漏；不能以字符串未命中判漏
nodes/r_5b1357a9c6/cards/t_6f3beb/notes_heckscher_enforcement.md,29,## 三、腐败：执行机器的内生漏率,1600000|2000000|219|2800000,"- 印p.203–204 / PDF219–220：拿破仑把贿赂**收归己有**——柯尼斯堡领事Clérembault放行14艘英船（货值2,800,000法郎），一案得800,000法郎、合计1,500,000–1,600,000；皇帝令其向外交部上交，拟令Bourrienne缴2,000,000、Lachevardière缴500,000给偿债基金；Clérembault已先自付500,000入皇帝私库(caisse de l'extraordinaire)。致Champagny 1811-01-01信结语：",仅候选：可能单位换算、概括、纠错或真正遗漏；不能以字符串未命中判漏
nodes/r_5b1357a9c6/cards/t_6f3beb/notes_heckscher_enforcement.md,36,"## 四、财政转向（fiscalism）：从""禁""到""抽租""",11600000|18600000|51200000|60600000,"- 印p.197 / PDF213 法国本国关税收入（法郎）：1806 = 51,200,000；1807 = 60,600,000；1808 = 18,600,000（""less than one-third""）；1809 = 11,600,000。",仅候选：可能单位换算、概括、纠错或真正遗漏；不能以字符串未命中判漏
nodes/r_5b1357a9c6/cards/t_6f3beb/notes_heckscher_enforcement.md,42,"## 四、财政转向（fiscalism）：从""禁""到""抽租""",215|5122,"- 印p.199 / PDF215 **缉获品法令（1810-01-12）**：禁止进口之货（除某些棉织品与针织品外），若来自军舰或持照私掠船捕获之敌方战利品，缴**48%**关税即可入境，称""origines permises""。【*Bulletin des lois* 4e sér., bull. 260, no. 5,122】",仅候选：可能单位换算、概括、纠错或真正遗漏；不能以字符串未命中判漏
nodes/r_5b1357a9c6/cards/t_6f3beb/notes_heckscher_enforcement.md,83,## 六、许可证制度（印pp.205–220 / PDF221–236）,219|234,"- 印p.218–219 / PDF234–235 **法国船运垄断**：1810-08-20致勒布伦（荷兰）信：""The article applies to all kinds of vessels, French, neutral or foreign; that is to say, with the exception that I do not grant licences to other than French vessels. In two words, I will not hear of any neutral vessel, and as a matter of fact there is in reality no such thing; for they are all vessels which violate the blockade and pay tribute to England."" 致欧仁9-19信更要求船须**在法国建造**。汉萨、但泽、意大利城市可得证但费率""unusually high""；盟国原则上与中立国同样被排除。",仅候选：可能单位换算、概括、纠错或真正遗漏；不能以字符串未命中判漏
nodes/r_5b1357a9c6/cards/t_6f3beb/notes_heckscher_enforcement.md,93,"### 7.1 财政成绩（**本卡""许可证版S3""收益上限的硬锚**）",150000000|238,"- 印p.222 / PDF238【转引Thiers】：1810年剩余数月内**没收货拍卖现金收入近150,000,000法郎**。",仅候选：可能单位换算、概括、纠错或真正遗漏；不能以字符串未命中判漏
nodes/r_5b1357a9c6/cards/t_6f3beb/notes_heckscher_enforcement.md,95,"### 7.1 财政成绩（**本卡""许可证版S3""收益上限的硬锚**）",19700000|42500000,"- 印p.226 / PDF242：荷尔斯泰因存货按特里亚农税率放入汉堡，**法国国库仅实物缴纳一项得19,700,000法郎，合计42,500,000法郎**；Rist述通宁(Tönning)公路昼夜车马不绝，""half the peasants of Holstein had deserted their fields""，""Cotton lay all about the fields like snow""。",仅候选：可能单位换算、概括、纠错或真正遗漏；不能以字符串未命中判漏
nodes/r_5b1357a9c6/cards/t_6f3beb/notes_heckscher_enforcement.md,98,### 7.2 司法与军事执行机器,223|238,"- 印p.222–223 / PDF238–239：新海关人员""is represented as a rabble scraped together from different countries""，昼夜入室搜查；Rist述汉堡 prévôtal court 为""a tribunal of blood ... the most frightful tool of fiscal despotism""，*Le Grand Prévôt*""half customs official and half judge""，位阶等同于省长与高等法院院长。",仅候选：可能单位换算、概括、纠错或真正遗漏；不能以字符串未命中判漏
nodes/r_5b1357a9c6/cards/t_6f3beb/notes_heckscher_enforcement.md,109,### 7.3 藩属与盟国的执行差异（**执行的政治边界**）,243|59.5,- 印p.227 / PDF243：普鲁士允许**以市价59.5%的政府债券按面值缴纳**特里亚农税，再以普鲁士完税证明放货过境；1811年春夏普鲁士证明被宣布无效并再次突击查抄。,仅候选：可能单位换算、概括、纠错或真正遗漏；不能以字符串未命中判漏
nodes/r_5b1357a9c6/cards/t_6f3beb/notes_heckscher_enforcement.md,114,### 7.4 焚货（autos-da-fé）的真实成色,1800000|228,"- 印p.228 / PDF244 **法兰克福实例**：1810-11首次清查，金币卷放进专设抽屉后""the goods became Swiss or Saxon instead of British""；实际付之一炬者价值仅**800,000法郎**，官方估价 **1,800,000**（OCR""1,&00,000""）。1811年春第二次清查，弗里德贝格犹太人Cassella充当替罪羊，仅其英国棉布被焚；市长坦言""When they were spread out, there seemed to be a lot of cloth, and they could give the impression of a great quantity at the burning""，目的是""to ward off unpleasantness from France, not to ruin our own population""。",仅候选：可能单位换算、概括、纠错或真正遗漏；不能以字符串未命中判漏
nodes/r_5b1357a9c6/cards/t_6f3beb/notes_heckscher_enforcement.md,128,### 7.6 波罗的海与哥德堡：执行机器够不到的地方,234|8000000|9000000,"- 印p.234 / PDF250：1810年夏600艘英国商船（挂各中立旗、货值£8,000,000–9,000,000）滞留哥德堡，9月进入波罗的海驶往瑞典、俄国、普鲁士港口；Champagny称其""wandering about like the fragments of a scattered army""；拿破仑以威胁与分赃利诱各国没收。",仅候选：可能单位换算、概括、纠错或真正遗漏；不能以字符串未命中判漏
nodes/r_5b1357a9c6/cards/t_6f3beb/notes_heckscher_enforcement.md,131,### 7.6 波罗的海与哥德堡：执行机器够不到的地方,14500000|4500000,"- 印p.236 / PDF252 **哥德堡数量**：进口1807→1809翻两番(quadrupled)，1810再增至五倍(quintupled)；原糖出口 **14,500,000磅**（约为上年两倍），咖啡 **4,500,000磅**，尚不计经瑞典本土转运出去的部分。",仅候选：可能单位换算、概括、纠错或真正遗漏；不能以字符串未命中判漏
nodes/r_5b1357a9c6/cards/t_7c3954/F5_french_society_succession 2.md,3,# F5 · 法国本土社会与政权存续（1803–1848）：单位卡全量模板 + 继承情景树,10032|3954,卡：t_7c3954｜Sister 10032｜单位＝法国本土社会（显贵、购国有产业农民、教会、保王派、雅各宾残余、征兵人口、舆论场）。,仅候选：可能单位换算、概括、纠错或真正遗漏；不能以字符串未命中判漏
nodes/r_5b1357a9c6/cards/t_7c3954/F5_french_society_succession 2.md,36,### ① 决策结构与政治制度（社会侧）,120300|1552942|1562|16200|3011007|357|5740|8300,"【事实】公投数字系列：an VIII 官方 3,011,007 赞成/1,562 反对——Langlois 证明系卢西安·波拿巴在 1800 年 2 月 5–7 日间最后一刻伪造，真实赞成票少于 1793 年宪法（相差约 35 万），且军队根本未投票 (S12)；an X 约 365 万赞成/8,300 反对（参与率约 45%）；an XII 约 357 万赞成/2,600 反对（约 40%）；1815 年附加法 1,552,942 赞成/5,740 反对（参与率约 20%，与 an VIII 同水平；陆军 120,300＋海军 16,200 票被官方表格膨胀为 45 万）(S13, S14)。",仅候选：可能单位换算、概括、纠错或真正遗漏；不能以字符串未命中判漏
nodes/r_5b1357a9c6/cards/t_7c3954/F5_french_society_succession 2.md,62,### ⑤ 撷取与动员上限（征兵机器全档案）——本卡核心维度,1477082|269884|347328,"- 基线（1798 Jourdan-Delbrel 法）：20 岁抽签，役期 5 年；执政府时期年征仅触及各年级 18.6%（an VIII–XII 五个年级共登记 1,477,082 人，征召 347,328，实际入营 269,884）。",仅候选：可能单位换算、概括、纠错或真正遗漏；不能以字符串未命中判漏
nodes/r_5b1357a9c6/cards/t_7c3954/F5_french_society_succession 2.md,67,### ⑤ 撷取与动员上限（征兵机器全档案）——本卡核心维度,1140000|1527000|2432335,"- 1813 年五连击：01-11 令 35 万（含 cohortes 10 万＋1809–12 年级追征 10 万＋1814 年级提前 15 万）；04-03 令 18 万（含**骑马荣誉卫队 1 万**——首次直接向显贵子弟伸手＋1814 年级 9 万＋1807–12 第一 ban 8 万）；08-24 令 3 万；09-27 皇帝以私权预签、10-09 元老院""补批""28 万（1815 年级 16 万＋1808–14 追征 12 万，11-20 敕令加至 16 万）；11-15 令 30 万（an XI–1814 全年级，15 万即征＋15 万备征）。**1812-09-01 至 1813-11-20 十五个月合计征召 1,527,000 人**；帝国全期征召合计 2,432,335（表列总额）／约 220 万（文本口径）(S10)。1813 当年五令合计 1,140,000 (S11)。",仅候选：可能单位换算、概括、纠错或真正遗漏；不能以字符串未命中判漏
nodes/r_5b1357a9c6/cards/t_7c3954/F5_french_society_succession 2.md,72,### ⑤ 撷取与动员上限（征兵机器全档案）——本卡核心维度,164770|175000|70119,"- 存量口径：1800 年大赦申请者 175,000；1808 年 Hargenvilliers 报告 an VII–1806 逃脱缉捕者累计超 25 万；1810 年官方在册 déserteurs+réfractaires 164,770；1813 年 1 月政府承认残余""顽固分子""约 5 万（Forrest pp.70, 119）(S1)。",仅候选：可能单位换算、概括、纠错或真正遗漏；不能以字符串未命中判漏
nodes/r_5b1357a9c6/cards/t_7c3954/F5_french_society_succession 2.md,76,### ⑤ 撷取与动员上限（征兵机器全档案）——本卡核心维度,315134|992,"- 1813–14 反弹：警务部 1813 年报告""逃兵与抗征者数目以前所未知的速度与比例增长""（Forrest p.119）；Hazebrouck（Nord）1813 年 1,200–1,500 名征召者暴动，抢劫、攻击副省长、焚烧档案；1814 年 Landes 国民卫队征召引发系列村庄骚乱（p.42）(S1)。1813 年 9 月整团整团由狱中 réfractaires 组成，""这些人从监狱里拖出来，营养不良，很快垮掉""（第 25 军区司令 1813-10-05 报告：123e 线列团回营 992 人，在械 513，入院 315，134 人体质弱到团长申请退役）(S10)。",仅候选：可能单位换算、概括、纠错或真正遗漏；不能以字符串未命中判漏
nodes/r_5b1357a9c6/cards/t_7c3954/F5_french_society_succession 2.md,95,### ⑦ 社会结构与阶层,49.3|7689,"【事实·购地者】Bodinier & Teyssier 全国综合（AHRF 1999 + 2000 专著）：第一起源国有产业（教会）售出约占国土 5.8%（含 1814 后清算约 6.5%），第二起源（流亡者）约 3.6%；教会战前地产约占国土略低于 6.5%（Lecarpentier 1908 估 5.95% 大体不误）；**买主九成来自本省**，多数为农村居民（第一起源：滨海塞纳 60%、厄尔省 83%），但按价值计农村买主仅得四成多；厄尔省第一起源买主 7,689 人中 49.3% 只买到不足 1 公顷 (S24, S25)。",仅候选：可能单位换算、概括、纠错或真正遗漏；不能以字符串未命中判漏
nodes/r_5b1357a9c6/cards/t_7c3954/F5_french_society_succession 2.md,121,### ⑨ 思潮、宗教、舆论与其管制,1049|1354|185|386|669,"**报刊与书籍检查**【事实】：1810-02-05 敕令建立出版总局（Direction générale de l'Imprimerie et de la Librairie，8 编 51 条）：巴黎印刷所限 60 家（1811-02-11 增至 80），brevet+宣誓准入，事前审查合法化（censure préalable），外国书进口须许可；拿破仑 1809-12-12 国务会议语：""印刷业不是一门生意……而是一个武器库，绝不能任由所有人取用"" (S38)。执行统计（Coffin 据总局周报 AF IV 1049/1354）：1811 年审 669 稿、改 163、禁 76（改禁率 >30%）；1812 年 1–3 月 185 稿改 39 禁 10，4–12 月 386 稿仅改 4 禁 1；1813 年改禁率 <3%——1811-12-13 拿破仑在国务会议痛斥审查过严（""On règlemente beaucoup trop""）后系统性放松 (S39)。省级政治报刊""实际上已不复为舆论因素""（Coffin）(S39)。歌谣、历书、colporteur 印品下沉管制：历书必须刊圣拿破仑节（8-15）与加冕-奥斯特里茨纪念（12-2）(S38)。",仅候选：可能单位换算、概括、纠错或真正遗漏；不能以字符串未命中判漏
nodes/r_5b1357a9c6/cards/t_7c3954/F5_french_society_succession 2.md,134,### ⑪ 生态与人口,147.7|34.7,【事实】适龄男性池：每年级约 30 万登记、经体检淘汰后可用约半数（⑤ 伊泽尔样本过半 réforme；Hargenvilliers 口径 an VIII–XIII 登记 147.7 万中仅 34.7 万被征）(S10)。,仅候选：可能单位换算、概括、纠错或真正遗漏；不能以字符串未命中判漏
nodes/r_5b1357a9c6/cards/t_7c3954/F5_french_society_succession.md,3,# F5 · 法国本土社会与政权存续（1803–1848）：单位卡全量模板 + 继承情景树,10032|3954,卡：t_7c3954｜Sister 10032｜单位＝法国本土社会（显贵、购国有产业农民、教会、保王派、雅各宾残余、征兵人口、舆论场）。,仅候选：可能单位换算、概括、纠错或真正遗漏；不能以字符串未命中判漏
nodes/r_5b1357a9c6/cards/t_7c3954/F5_french_society_succession.md,36,### ① 决策结构与政治制度（社会侧）,120300|1552942|1562|16200|3011007|357|5740|8300,"【事实】公投数字系列：an VIII 官方 3,011,007 赞成/1,562 反对——Langlois 证明系卢西安·波拿巴在 1800 年 2 月 5–7 日间最后一刻伪造，真实赞成票少于 1793 年宪法（相差约 35 万），且军队根本未投票 (S12)；an X 约 365 万赞成/8,300 反对（参与率约 45%）；an XII 官方赞成亦在 350 万量级/2,600 反对（约 40%；通行精确数 357 万级本卡未见原表，标待核）；1815 年附加法 1,552,942 赞成/5,740 反对（参与率约 20%，与 an VIII 同水平；陆军 120,300＋海军 16,200 票被官方表格膨胀为 45 万）(S13, S14)。",仅候选：可能单位换算、概括、纠错或真正遗漏；不能以字符串未命中判漏
nodes/r_5b1357a9c6/cards/t_7c3954/F5_french_society_succession.md,62,### ⑤ 撷取与动员上限（征兵机器全档案）——本卡核心维度,1477082|269884|347328,"- 基线（1798 Jourdan-Delbrel 法）：20 岁抽签，役期 5 年；执政府时期年征仅触及各年级 18.6%（an VIII–XII 五个年级共登记 1,477,082 人，征召 347,328，实际入营 269,884）。",仅候选：可能单位换算、概括、纠错或真正遗漏；不能以字符串未命中判漏
nodes/r_5b1357a9c6/cards/t_7c3954/F5_french_society_succession.md,67,### ⑤ 撷取与动员上限（征兵机器全档案）——本卡核心维度,1140000|1527000|2432335,"- 1813 年五连击：01-11 令 35 万（含 cohortes 10 万＋1809–12 年级追征 10 万＋1814 年级提前 15 万）；04-03 令 18 万（含**骑马荣誉卫队 1 万**——首次直接向显贵子弟伸手＋1814 年级 9 万＋1807–12 第一 ban 8 万）；08-24 令 3 万；09-27 皇帝以私权预签、10-09 元老院""补批""28 万（1815 年级 16 万＋1808–14 追征 12 万，11-20 敕令加至 16 万）；11-15 令 30 万（an XI–1814 全年级，15 万即征＋15 万备征）。**1812-09-01 至 1813-11-20 十五个月合计征召 1,527,000 人**；帝国全期征召合计 2,432,335（表列总额）／约 220 万（文本口径）(S10)。1813 当年五令合计 1,140,000 (S11)。",仅候选：可能单位换算、概括、纠错或真正遗漏；不能以字符串未命中判漏
nodes/r_5b1357a9c6/cards/t_7c3954/F5_french_society_succession.md,72,### ⑤ 撷取与动员上限（征兵机器全档案）——本卡核心维度,164770|175000|70119,"- 存量口径：1800 年大赦申请者 175,000；1808 年 Hargenvilliers 报告 an VII–1806 逃脱缉捕者累计超 25 万；1810 年官方在册 déserteurs+réfractaires 164,770；1813 年 1 月政府承认残余""顽固分子""约 5 万（Forrest pp.70, 119）(S1)。",仅候选：可能单位换算、概括、纠错或真正遗漏；不能以字符串未命中判漏
nodes/r_5b1357a9c6/cards/t_7c3954/F5_french_society_succession.md,76,### ⑤ 撷取与动员上限（征兵机器全档案）——本卡核心维度,315134|992,"- 1813–14 反弹：警务部 1813 年报告""逃兵与抗征者数目以前所未知的速度与比例增长""（Forrest p.119）；Hazebrouck（Nord）1813 年 1,200–1,500 名征召者暴动，抢劫、攻击副省长、焚烧档案；1814 年 Landes 国民卫队征召引发系列村庄骚乱（p.42）(S1)。1813 年 9 月整团整团由狱中 réfractaires 组成，""这些人从监狱里拖出来，营养不良，很快垮掉""（第 25 军区司令 1813-10-05 报告：123e 线列团回营 992 人，在械 513，入院 315，134 人体质弱到团长申请退役）(S10)。",仅候选：可能单位换算、概括、纠错或真正遗漏；不能以字符串未命中判漏
nodes/r_5b1357a9c6/cards/t_7c3954/F5_french_society_succession.md,95,### ⑦ 社会结构与阶层,49.3|7689,"【事实·购地者】Bodinier & Teyssier 全国综合（AHRF 1999 + 2000 专著）：第一起源国有产业（教会）售出约占国土 5.8%（含 1814 后清算约 6.5%），第二起源（流亡者）约 3.6%；教会战前地产约占国土略低于 6.5%（Lecarpentier 1908 估 5.95% 大体不误）；**买主九成来自本省**，多数为农村居民（第一起源：滨海塞纳 60%、厄尔省 83%），但按价值计农村买主仅得四成多；厄尔省第一起源买主 7,689 人中 49.3% 只买到不足 1 公顷 (S24, S25)。",仅候选：可能单位换算、概括、纠错或真正遗漏；不能以字符串未命中判漏
nodes/r_5b1357a9c6/cards/t_7c3954/F5_french_society_succession.md,121,### ⑨ 思潮、宗教、舆论与其管制,1049|1354|185|386|669,"**报刊与书籍检查**【事实】：1810-02-05 敕令建立出版总局（Direction générale de l'Imprimerie et de la Librairie，8 编 51 条）：巴黎印刷所限 60 家（1811-02-11 增至 80），brevet+宣誓准入，事前审查合法化（censure préalable），外国书进口须许可；拿破仑 1809-12-12 国务会议语：""印刷业不是一门生意……而是一个武器库，绝不能任由所有人取用"" (S38)。执行统计（Coffin 据总局周报 AF IV 1049/1354）：1811 年审 669 稿、改 163、禁 76（改禁率 >30%）；1812 年 1–3 月 185 稿改 39 禁 10，4–12 月 386 稿仅改 4 禁 1；1813 年改禁率 <3%——1811-12-13 拿破仑在国务会议痛斥审查过严（""On règlemente beaucoup trop""）后系统性放松 (S39)。省级政治报刊""实际上已不复为舆论因素""（Coffin）(S39)。歌谣、历书、colporteur 印品下沉管制：历书必须刊圣拿破仑节（8-15）与加冕-奥斯特里茨纪念（12-2）(S38)。",仅候选：可能单位换算、概括、纠错或真正遗漏；不能以字符串未命中判漏
nodes/r_5b1357a9c6/cards/t_7c3954/F5_french_society_succession.md,134,### ⑪ 生态与人口,147.7|34.7,【事实】适龄男性池：每年级约 30 万登记、经体检淘汰后可用约半数（⑤ 伊泽尔样本过半 réforme；Hargenvilliers 口径 an VIII–XIII 登记 147.7 万中仅 34.7 万被征）(S10)。,仅候选：可能单位换算、概括、纠错或真正遗漏；不能以字符串未命中判漏
nodes/r_5b1357a9c6/cards/t_7c3954/F5_french_society_succession.md,195,### 5.1 一般人口基线【事实+计算】,51.7|79.5,| 1821-05（史实死期） | 51.7 | **79.5%** |,仅候选：可能单位换算、概括、纠错或真正遗漏；不能以字符串未命中判漏
nodes/r_5b1357a9c6/cards/t_7c3954/F5_french_society_succession.md,197,### 5.1 一般人口基线【事实+计算】,59.6|67.4,| 1829-03（罗马王成年） | 59.6 | **67.4%** |,仅候选：可能单位换算、概括、纠错或真正遗漏；不能以字符串未命中判漏
nodes/r_5b1357a9c6/cards/t_7c3954/F5_french_society_succession.md,202,### 5.1 一般人口基线【事实+计算】,185015.0|31.3|67.4,分年代死亡概率（自 1803 视点）：1803–19 死 18.7%；**1820s 死 15.4%；1830s 死 23.7%；1840s 死 27.2%；活过 1850 15.0%**。中位死亡年龄 67.4（≈1837 年）；e34≈31.3 年（期望死年 ≈1834–35）。——一般人口口径下，“皇帝活到 1830s 中后期”才是中位情形；他 1821 年死亡处于最差五分位。,仅候选：可能单位换算、概括、纠错或真正遗漏；不能以字符串未命中判漏
nodes/r_5b1357a9c6/cards/t_7c3954/F5_french_society_succession.md,338,## 8. ⑭ 法国社会年表 1803–1848（分情景；≥25 条，每条带锚点或机制引用与置信）,2930|3550,"30. **[全情景] 人口底盘**：1806–48 法国人口约 2,930→3,550 万（INED 重建时段端点，本卡只用作量级；精确年序归 E1 卡 (S41)）；生育率长期下降独立于政体。高。",仅候选：可能单位换算、概括、纠错或真正遗漏；不能以字符串未命中判漏
nodes/r_5b1357a9c6/cards/t_86b684/X3_technology_industry.md,42,## ④经济：产能与存量（1803–15核账）,111572|173000,"18. 【锚点·棉纺】1812年帝国在活动纱锭（Montalivet 1813-02-25 Exposé）：Seine 133,448=帝国10%→**帝国总数≈133万锭**（旧法国≈103万）；根特Escaut省134,000=全帝国第一省；Nord 111,572；对照英国通行口径≈460–500万锭→**比值≈0.28**；法国纱支上限no.100 vs 英国更高；帝国自产原棉只够需求12%（Pinkney 1950；notes_steam_textiles §9–14）。口径警告：Ballot给Nord 1812年173,000锭，与Montalivet差5万——帝国统计""零碎而可疑""（Pinkney注9），总装以133万±区间使用。",仅候选：可能单位换算、概括、纠错或真正遗漏；不能以字符串未命中判漏
nodes/r_5b1357a9c6/cards/t_86b684/X3_technology_industry.md,43,## ④经济：产能与存量（1803–15核账）,258|669,"19. 【锚点·冶铁】法国：1780年代年产141k吨=欧洲木炭冶铁第一大国（UK同期仅69k）；但转换失败——唯一焦炭厂Le Creusot 1809–12年产仅2,300–3,000吨，1806年海军撤炮单；1819年全法生铁112.5k吨中焦炭仅2.0k；英国1806年258k吨、1825–29年均669k吨（Fremdling；Fordham表4；notes_chem_metal §3–6）。",仅候选：可能单位换算、概括、纠错或真正遗漏；不能以字符串未命中判漏
nodes/r_5b1357a9c6/cards/t_86b684/X3_technology_industry.md,159,## ⑭ 单位年表 1803–1848（S5主线，注S2/S3/S6变体；30条）,490|590,"| 30 | 1848 | S5终点盘点：帝国（含比-莱茵）铁路2,500–5,000km（中心3,500）；生铁700–900k吨（法430–590史实带+比160–250史实带+加速项）；蒸汽10–15万hp（法65k史实+比+加速项）；棉锭600–900万（帝国口径）；英国仍持发明前沿（铁路~10,000km、生铁~2M吨、棉锭~20M、蒸汽~490k hp） | §⑮与notes_railways §12–13 | 推M |",仅候选：可能单位换算、概括、纠错或真正遗漏；不能以字符串未命中判漏
nodes/r_5b1357a9c6/cards/t_86b684/notes_chem_metal.md,9,## B. 冶金——法国（Heckscher+Fremdling）,110.5|220.9|308.4|32941|376.7|40.9|430.8|74.3,"4. 【锚点】Fremdling（""Foreign Trade–Transfer–Adaptation: British Iron Making Technology on the Continent"", 载The Industrial Revolution in Iron, Routledge; 及ssoar.info/32941工作稿版）法国生铁系列（千吨）：**1819年112.5（木炭110.5+焦炭2.0）→1824/30均220.9→1836年308.4（焦炭15%）→1847年591.6（焦炭42.6%）→1848/50均430.8（焦炭40.9%）**；条铁1847年376.7（煤法74.3%）。1848–50法国生铁仍**59%木炭**冶炼。",仅候选：可能单位换算、概括、纠错或真正遗漏；不能以字符串未命中判漏
nodes/r_5b1357a9c6/cards/t_86b684/notes_chem_metal.md,11,## B. 冶金——法国（Heckscher+Fremdling）,258|669,6. 【锚点·基线】1781–90年均生铁：UK 69k吨 vs 法国141k吨（Fordham Sourcebook表4，转Mitchell）→**旧技术（木炭）时代法国是欧洲最大生铁国**；英国革命在燃料转换：1800年156k、1806年258k（Birch附录）、1825–29均669k吨。,仅候选：可能单位换算、概括、纠错或真正遗漏；不能以字符串未命中判漏
nodes/r_5b1357a9c6/cards/t_86b684/notes_chem_metal.md,17,## C. 冶金——比利时（瓦隆）与Cockerill,124.7|189.3|39.1|45.5|52.7|80.2,"10. 【锚点】比利时生铁（Fremdling表）：**1811年39.1k吨（全木炭）→1830年52.7（焦炭12.0）→1835年80.2（焦炭45.5，焦炭首超木炭在1830年代中）→1837年124.7→1846年189.3→1847年248.4（焦炭89.5%）**；1840年代瓦隆焦炭率≈90%，""传统木炭冶铁在瓦隆已退入市场缝隙，而同期德法仍以木炭为主""；北法长期买比利时生铁（≈法国产量10%，税率不到英铁一半）。",仅候选：可能单位换算、概括、纠错或真正遗漏；不能以字符串未命中判漏
nodes/r_5b1357a9c6/cards/t_86b684/notes_heckscher.md,7,## A. 法国纺织（印pp.276–283；缓存行5900–6160）,13470000|14590000|1750000|5915|5941|716,"1. 【锚点】1812年帝国棉纺出纱13,470,000 kg（加1/12损耗≈14,590,000 kg原棉需求）；意大利（那不勒斯Castellamare）+西班牙（Motril）棉供给3–4百万法磅≈平均1,750,000 kg——**帝国内产棉只覆盖需求约12%**（Heckscher据Chaptal, De l'industrie française, vol.II, pp.7,16计算；行5915–5941）。",仅候选：可能单位换算、概括、纠错或真正遗漏；不能以字符串未命中判漏
nodes/r_5b1357a9c6/cards/t_86b684/notes_heckscher.md,8,## A. 法国纺织（印pp.276–283；缓存行5900–6160）,5926|5936,"2. 【锚点】拿破仑1809：""只用羊毛、亚麻、丝……永远在大陆放逐棉花，因为我们没有殖民地""；1810设**100万法郎奖金征亚麻纺纱机**；1811-01禁棉织物入宫（行5926–5936）。",仅候选：可能单位换算、概括、纠错或真正遗漏；不能以字符串未命中判漏
nodes/r_5b1357a9c6/cards/t_86b684/notes_heckscher.md,10,## A. 法国纺织（印pp.276–283；缓存行5900–6160）,6014|6035,4. 【锚点】1814-04临时政府开边界→棉业整体崩溃，Richard Lenoir、Liévin Bauwens等龙头破产（曾受拿破仑1810–11贷款）；1814-12-17关税法对印英货征45–50生丁/米≈20–25%从价（行6014–6035）。,仅候选：可能单位换算、概括、纠错或真正遗漏；不能以字符串未命中判漏
nodes/r_5b1357a9c6/cards/t_86b684/notes_heckscher.md,11,## A. 法国纺织（印pp.276–283；缓存行5900–6160）,6030|6073,"5. 【锚点】Bauwens的机器纺纱厂靠**从英国""半绑架""来的5名工头**起家（""virtually kidnapped from England, and whom he detained half with their consent and half by violence""）；Mollien讥讽机器由""游荡的英国人——并非其国最好的机械师""建造（行6030–6073）。",仅候选：可能单位换算、概括、纠错或真正遗漏；不能以字符串未命中判漏
nodes/r_5b1357a9c6/cards/t_86b684/notes_heckscher.md,13,## A. 法国纺织（印pp.276–283；缓存行5900–6160）,6120|6135,7. 【锚点·大陆仅有的两项领先】**Jacquard织机**（初期仅服务丝织）与**Girard亚麻纺纱机**（1810专利，实现拿破仑悬赏；但Girard躲债逃奥地利，发明落入英国人之手，造就英国亚麻工业，25年后才回法国）（行6120–6135）。,仅候选：可能单位换算、概括、纠错或真正遗漏；不能以字符串未命中判漏
nodes/r_5b1357a9c6/cards/t_86b684/notes_heckscher.md,14,## A. 法国纺织（印pp.276–283；缓存行5900–6160）,6028|6030,"8. 【机制】Heckscher总判：帝国工业技术进步""总体不大""，几乎每方面落后英国；""没有英国人的帮助，凡涉及工程或金属加工的事几乎无法进展""（行6028–6030）。",仅候选：可能单位换算、概括、纠错或真正遗漏；不能以字符串未命中判漏
nodes/r_5b1357a9c6/cards/t_86b684/notes_heckscher.md,22,## B. 法国冶铁（印pp.283–286；行6140–6162）,6155|6162,"13. 【锚点】1814年法铁在外国竞争者面前""毫无防御力""，外货低于法价30–40%；需50%关税才能维持；Blanqui：法国冶铁进步""几乎全在1814年之后""（行6155–6162）。",仅候选：可能单位换算、概括、纠错或真正遗漏；不能以字符串未命中判漏
nodes/r_5b1357a9c6/cards/t_86b684/notes_heckscher.md,28,## C. 化学工业（印pp.286–291；行6163–6290）,6246|6265,16. 【锚点】Leblanc碱：发现约1789；发明人1806年死前数年已破产；对西班牙交通断绝（barilla断供）后才有经济价值；**价格从80–100法郎/100kg降到10法郎**；副产盐酸→氯制造；碱→肥皂（行6246–6265）。,仅候选：可能单位换算、概括、纠错或真正遗漏；不能以字符串未命中判漏
nodes/r_5b1357a9c6/cards/t_86b684/notes_heckscher.md,30,## C. 化学工业（印pp.286–291；行6163–6290）,6288|6300,"18. 【锚点】菘蓝靛蓝失败：规定种植32,000公顷、禁印度靛蓝（定为英国产品）、设3家帝国靛蓝厂、颁私人奖金；**1813年产出仅6,000 kg**（另意大利种植园500 kg anil）；1814年后仅一厂存续，""整个插曲消失得无影无踪""（行6288–6300）。",仅候选：可能单位换算、概括、纠错或真正遗漏；不能以字符串未命中判漏
nodes/r_5b1357a9c6/cards/t_86b684/notes_military_tech.md,14,## C. 英国军事技术：Congreve火箭与Shrapnel榴散弹,10137545|4966|6412,"7. 【锚点】Congreve火箭：源自迈索尔（Seringapatam 1799 Tipu使用）；Congreve约1805年首试；**1806年Boulogne（火箭+炸弹射城，""炸弹独自造成的破坏被英国人归功于火箭""）；1807年哥本哈根（火箭纵火但同时有6,412枚炸弹+4,966发实心弹为""强大辅助""）；1809年Aix岛数千发无一命中要害；Flushing火箭""打回自家炮位""；1811加的斯两军火箭均无效果；1813莱比锡""炸了几个弹药车、吓了几匹马——对大会战胜负毫无份额""**（Paixhans《Nouvelle force maritime》1822, Livre II, e-rara全文era-prod11.ethz.ch/download/pdf/10137545.pdf；**注意：Paixhans为法方当事人，其贬抑英国火箭有立场，然其逐战列举可供比对**）。法方谱系：Belair 1792""fouguettes""、Chevalier 1797、Eblé 1804试射——法国知其原理而未列装。",仅候选：可能单位换算、概括、纠错或真正遗漏；不能以字符串未命中判漏
nodes/r_5b1357a9c6/cards/t_86b684/notes_railways.md,19,## C. 1848技术前沿位置（供⑯与P5/P7）,137.9|2143|2915|490|577|9800,"12. 【锚点·史实1848基线】英国：铁路~9,800km(1850)/生铁~2.0M吨(1847峰)/煤~34M吨(1840-44均)/棉锭~20M(1850通行)/蒸汽~490k hp(1850)。法国：铁路2,915km(1850)/生铁591.6k吨(1847)/煤3.5M吨(1840-44均)/棉锭≈4.5M(1846通行)/蒸汽65k hp(1848, NBER)。比利时：生铁248.4k吨(1847)/煤4.1M吨/铁路577km(1845)。德意志：铁路2,143km(1845)/普鲁士生铁137.9k吨(1847)。",仅候选：可能单位换算、概括、纠错或真正遗漏；不能以字符串未命中判漏
nodes/r_5b1357a9c6/cards/t_86b684/notes_steam_textiles.md,5,## A. 英国蒸汽动力（Kanefsky系列，经Crafts 2004转载）,00200|0297.2003|120000|1468|160000|2060000|338|487500,"1. 【锚点】Crafts, ""Steam as a General Purpose Technology: A Growth Accounting Perspective"", Economic Journal 114 (2004)，表3（源Kanefsky 1979a博论p.338）：英国动力马力数——蒸汽 1760年5,000 / **1800年35,000** / **1830年160,000** / 1870年2,060,000；水力 1800年120,000 / 1830年160,000。**1830年英国蒸汽才与水力平价**；1830年蒸汽仅占总资本存量约1.5%。1850年蒸汽≈487,500 hp（Musson 1976 p.435经Kanefsky修正）。（web检索命中doi:10.1111/j.1468-0297.2003.00200.x正文；表3原文照录于检索结果）",仅候选：可能单位换算、概括、纠错或真正遗漏；不能以字符串未命中判漏
nodes/r_5b1357a9c6/cards/t_86b684/notes_steam_textiles.md,15,## B. 法国蒸汽动力,125000|4200,"8. 【推演接口·falsifier裁决】卡片falsifier：""1806–15大陆蒸汽机年增量已达英国三成→加速分支上调""。检验：英国1800→1830新增≈125,000 hp（年均≈4,200 hp）且18世纪已建2,000+台；法国1810存量≈200台（若均值10 hp≈2,000 hp），1839年才33,000 hp；即便把萨克森（Heckscher：棉纺几乎无蒸汽）、比利时（列日Cockerill 1807年才起步）、瑞士（水力路线）全加上，1806–15大陆年增量至多为英国的**5–10%量级，远低于30%**→falsifier不成立→扩散加速分支不上调，维持""能力差距25–30年""主线。【裁量·中高置信】",仅候选：可能单位换算、概括、纠错或真正遗漏；不能以字符串未命中判漏
nodes/r_5b1357a9c6/cards/t_86b684/notes_steam_textiles.md,19,## C. 法国棉纺（Pinkney 1950 + Heckscher + Montalivet）,111572|41168|83976|98231,"9. 【锚点】Pinkney, ""Paris, capitale du coton sous le Premier Empire"", Annales 5:1 (1950), pp.56–60（已存downloads/pages/93c84a41168f.md）转Montalivet《Exposé de la situation de l'Empire》1813-02-25, pp.68–73：**1812年在活动纱锭：Seine 133,448（=帝国总数10%、旧疆界总数近13%）；Nord 111,572；Seine-Inférieure 98,231；Rhône 83,976；Escaut（根特）134,000=全帝国唯一超过Seine的省**；阿尔萨斯两省≈巴黎的一半→**隐含帝国总纱锭≈133万，旧法国≈103万**。",仅候选：可能单位换算、概括、纠错或真正遗漏；不能以字符串未命中判漏
nodes/r_5b1357a9c6/cards/t_86b684/notes_steam_textiles.md,20,## C. 法国棉纺（Pinkney 1950 + Heckscher + Montalivet）,102000|173000,"10. 【口径冲突】Ballot 1923给Nord 1812年173,000锭（比Montalivet多约5万）、1811年仅102,000锭→帝国省级纱锭统计""fragmentaires et sujettes à caution""（Pinkney注9）。总装用133万±区间。",仅候选：可能单位换算、概括、纠错或真正遗漏；不能以字符串未命中判漏
nodes/r_5b1357a9c6/cards/t_87ba37/B5_british_industry_trade.md,16,### 两项不能遗漏的发现,424|425|426,2. **反Orders in Council不等于投降派。** 1812谢菲尔德请愿说，若命令为英国“just rights and independence”所必需，他们会“willingly bear the pressure without a murmur”；伯明翰请愿要求恢复贸易，理由包括更有力地支持正在进行的战争。法国能够利用商人压力争取交易，不能把请愿人数直接当成接受法国霸权的人数。【锚点：P12s cc424–425；P12b cc426–427】,仅候选：可能单位换算、概括、纠错或真正遗漏；不能以字符串未命中判漏
nodes/r_5b1357a9c6/cards/t_87ba37/B5_british_industry_trade.md,29,## ① 决策结构：谁能改变贸易政策？,439|889|895,"【锚点】1808-03-03利物浦商人请愿由Gascoyne提出，政府以税案规则反对受理；80票赞成、128票反对。Tarleton支持受理，却指出支持自己当选的1,461名选民无人签署。这是商人内部、城市政治与全国议会不重合的直接实例。1812伯明翰辩论中Baring、Rose、Mordaunt、Whitbread对困难程度和病因公开争论。【P08 cc889–895；P12b cc427–439】",仅候选：可能单位换算、概括、纠错或真正遗漏；不能以字符串未命中判漏
nodes/r_5b1357a9c6/cards/t_87ba37/B5_british_industry_trade.md,45,## ③ 财政、货币与商业信用,432|439,【锚点】1811-03-11辩论建议授权£6m Exchequer bills，同时明确并非预计全部需要；1793授权£5m、实放£2.2m是另一次事件，不移植成1811实放。辩论把拖欠链描述为商人→制造商→雇员；同场也说有好名字担保的票据不难贴现。1812议员又争论救济借款到期能否偿还，政府及委员会主席称能，不可据反对党一方断言已违约。【P11 cc328–345；P12b cc432、436、439】,仅候选：可能单位换算、概括、纠错或真正遗漏；不能以字符串未命中判漏
nodes/r_5b1357a9c6/cards/t_87ba37/B5_british_industry_trade.md,77,### 4.2 工业有国内资源支点，但纺织是双重暴露,329|554|587,"【锚点】Broadberry等《British Economic Growth, 1270–1870》重建量指数经BoE A4转录，统一重定1803=100：1815工业127.5、煤142.1、铁129.5；1848工业359.9、煤427.9、铁734.0、纺织442.7。它们是重建指数，不是吨数、机器数量或精确年际调查。Heckscher列纽卡斯尔—桑德兰煤海运年均1801–05为2.137m吨、1807–12为2.464m吨、1816–20为2.813m吨；这不是全国煤产量，但证明内外贸易危机并未抹去煤业增长。【I A4行542/554/587；H p329】",仅候选：可能单位换算、概括、纠错或真正遗漏；不能以字符串未命中判漏
nodes/r_5b1357a9c6/cards/t_87ba37/B5_british_industry_trade.md,79,### 4.2 工业有国内资源支点，但纺织是双重暴露,132.489|43.605|63.026|74.925,原棉毛进口1807为74.925m磅，1808为43.605m，1810为132.489m，1812为63.026m。如此大幅摆动意味着棉厂同时承受原料供给、库存和成品销路冲击；不能以当年进口直接等同当年棉产。H将1808原棉困难的一大部分归于美国禁运，而非单归法国。【H pp173–177、242】,仅候选：可能单位换算、概括、纠错或真正遗漏；不能以字符串未命中判漏
nodes/r_5b1357a9c6/cards/t_87ba37/B5_british_industry_trade.md,87,## ⑤ 撷取与动员上限,34.92|49.98|770|781,"【锚点】1811本产出口由1810的£49.98m降到£34.92m，转口£12.73m降至£9.02m；国家和工业却未随约30%的年度发货额跌幅自动消失。Jarrige经Crouzet转引1811六月曼城一带9,000纺工中3,000全时、2,500半时、3,500无工；劳动时间等价仅约47.2%，这是地方调查，不是全国就业率。【H p245；J p2注5，转引Crouzet1987 pp770–781】",仅候选：可能单位换算、概括、纠错或真正遗漏；不能以字符串未命中判漏
nodes/r_5b1357a9c6/cards/t_87ba37/B5_british_industry_trade.md,161,## ⑬ B1–B8反应函数：英国各群体不是被动靶子,238|247|61810,|B6 1810兼并＋严封锁/许可证自由化；俄婚/奥婚|库存、改线、信用救助、请求撤Orders、反走私损失|许可证规则可靠时先恢复回款和信用；严封锁先损伦敦殖民品、利物浦和出口厂，继而工人。婚姻仅在改变海关、俄国合作和预期时重要，不设独立“婚姻红利”|P11库存及好票据；H pp238–247；C反论。中高|,仅候选：可能单位换算、概括、纠错或真正遗漏；不能以字符串未命中判漏
nodes/r_5b1357a9c6/cards/t_87ba37/B5_british_industry_trade.md,186,## ⑭ 1803–1848条件年表（30节点）,238|247,|1810|H pp238–247严控与全球信用危机；P11回顾|S2选择可预期许可证会压低商人损失；S1回款正常化|S3去库存和商业破产集中；S6增设海关并吞并港口，兼增大陆反抗成本|沿S2|中高|,仅候选：可能单位换算、概括、纠错或真正遗漏；不能以字符串未命中判漏
nodes/r_5b1357a9c6/cards/t_87ba37/B5_british_industry_trade.md,247,### 15.2 原定“一半”反证：支持与反证都保留,329|342,3. P11直接证言指出货在南美两三年未售、回运糖咖啡也被堵；D41显示1804–06至1814–16拉美＋亚洲本产仅从3.828到5.233m，上升1.405m，而早期欧洲本产为13.721m。后者**不是1808–12缺口率**，但显示新市场不能因为理论人口庞大就按欧洲全部消费规模立即调用。【P11 cc329–342；D41】,仅候选：可能单位换算、概括、纠错或真正遗漏；不能以字符串未命中判漏
nodes/r_5b1357a9c6/cards/t_87ba37/B5_british_industry_trade.md,299,### 15.4 替代市场模型：只回答可补多少，不冒充GDP模型,35.169|58.8,若要求S3中英国整体出口恢复到史实，仅取r=20%、q=90%的较有利端点，也须新增非欧发货约20.67m（18.60/0.9），等于原非欧基准35.169m的约58.8%；本包络额外约11.13m，尚差约9.54m。**这不是证明更高替代物理上不可能，而是把主张者必须解释的支付与商品适销规模明确出来。**,仅候选：可能单位换算、概括、纠错或真正遗漏；不能以字符串未命中判漏
nodes/r_5b1357a9c6/cards/t_87ba37/B5_british_industry_trade.md,383,"### D40/D41/I/W｜Bank of England, *A millennium of macroeconomic data*，v3.1",610|611,- **W** A47：B复合周薪、D首选CPI，重定1803=100；原注1770–1882 CPI来自Feinstein1998；薪率链接Feinstein/Geary-Stark等。原公式1812 B610=B611×AR610/AR611，AR为充分就业货币收入。实际购买力=B/D，不能扣除未观测失业、短时及家庭结构。,仅候选：可能单位换算、概括、纠错或真正遗漏；不能以字符串未命中判漏
nodes/r_5b1357a9c6/cards/t_87ba37/B5_british_industry_trade.md,404,### P11｜“Commercial Credit”,338|342,- cc328–331商人—制造商—工人链、南美货积压；cc332–333六百万Exchequer bills建议授权；cc334–335“Exports were not trade”及“we ought to have returns”（上半句网页把exports断成ex ports，含该句的笔记将断字接合）；cc338–340好票据仍贴现；cc342糖咖啡回款被欧市场阻断；cc345美国本土制造替代风险。,仅候选：可能单位换算、概括、纠错或真正遗漏；不能以字符串未命中判漏
nodes/r_5b1357a9c6/cards/t_87ba37/B5_british_industry_trade.md,435,"### J｜François Jarrige, “Une « armée de justiciers » ? Justice et répression du luddisme en Angleterre (1811–1816)”",770|781,"- p2转引Crouzet1987 pp770–781的9000/3000/2500/3500劳动调查；p2旧劳动规制与市场化；p5转引Thomis约12,000军人和Thompson的拒射个案；pp5–6镇压与1824/25法律路径。",仅候选：可能单位换算、概括、纠错或真正遗漏；不能以字符串未命中判漏
nodes/r_5b1357a9c6/cards/t_87ba37/notes_boe_scope.md,9,# BoE历史序列：口径与异常,610|611,5. A47 B列weekly earnings、D首选CPI；原工作簿1812的B610=B611×AR610/AR611，AR表头为Feinstein1990/Geary-Stark2014充分就业收入；这些薪率不扣失业和短时工，粗实际工资=B/D仅作有工可做者的工资购买力。1812CPI同比11.02%，1816同比9.52%；这些不是仅封锁导致。A1人口列Y为GB+NI（不能叫完整联合王国含全爱尔兰）。,仅候选：可能单位换算、概括、纠错或真正遗漏；不能以字符串未命中判漏
nodes/r_5b1357a9c6/cards/t_87ba37/notes_cuenca_discovery.md,11,## S-Davis三级转引线索（不作为主表）,2117|61.1251814|62.4761824|65.0091834|65.0471844|65.634|948,"Neil Simpson, Informal Empire附录：downloads/pages/2117b6d948bd.md，实读全文。转引Rory Miller1993 p73←Davis pp96–101。拉美英国本产出口三年均£m：1804/6 1.125，1814/6 2.476，1824/6 5.009，1834/6 5.047，1844/6 5.634。文字称1814–46名义年增0.2%、数量3.4%；脚注引用Miller p72。该网站其余附录有缺标题/明显异常（如saving/investment表只有单列），所以不作主来源；将用BoE A41转录Davis交叉，不假装读到Davis原书。",仅候选：可能单位换算、概括、纠错或真正遗漏；不能以字符串未命中判漏
nodes/r_5b1357a9c6/cards/t_87ba37/notes_heckscher_orourke.md,12,"## H｜Eli F. Heckscher, The Continental System: An Economic Interpretation, Oxford 1922 英译版",30.5|37.8|42.9|50.9|59.3,- 印pp.324–327/PDF340–343：作者算排除爱尔兰/群岛后1805国内产品欧洲37.8%、美国30.5%、其余31.7%；1808=25.7/15.0/59.3；1811=42.9/6.2/50.9。份额上升可能分母坍塌，不等于市场增长；欧洲份额包括地中海、黎凡特组合。,仅候选：可能单位换算、概括、纠错或真正遗漏；不能以字符串未命中判漏
nodes/r_5b1357a9c6/cards/t_87ba37/notes_labour_petitions.md,20,## P12c｜伯明翰请愿,425|429|431|432|439|92274137,"同日cc425–440；初获downloads/pages/b774a39e237e.md仅excerpts，后web_fetch成功获完整页downloads/pages/92274137edfc.md并已读。cc427资本被日益贬值的存货占住；cc429 Baring明确反对幻想打开印度就会大增英制品需求。cc430 Rose与cc431 Mordaunt否认伯明翰已经饥荒，称救济税下降；cc437 Brougham称熟练五金工原25–35s周薪现12s（少工时与低工资混合），曼城25,000受救济；cc439 Lyttelton反称约半数失业并有友爱互助会缓冲。冲突是议员陈述，不拼成精确全国失业率。cc432声称1811贷款到期不能还，cc436财政大臣及cc439委员会主席否认；不可断言实际违约。",仅候选：可能单位换算、概括、纠错或真正遗漏；不能以字符串未命中判漏
nodes/r_5b1357a9c6/cards/t_87ba37/notes_nonenglish.md,5,"## J｜François Jarrige, Une « armée de justiciers » ? Justice et répression du luddisme en Angleterre (1811–1816)",4250|770|781,"- p2转引Crouzet1987 pp770–781：1811六月Manchester一带9,000纺织工，3,000全时、2,500半时、3,500失业；只是地方调查转引，不能全国外推。工时等价=4,250/9,000≈47.2%，不等于平均工资。",仅候选：可能单位换算、概括、纠错或真正遗漏；不能以字符串未命中判漏
nodes/r_5b1357a9c6/cards/t_87ba37/notes_nonenglish.md,19,## P08补记｜利物浦商人请愿,6305|889|895,HC Deb 03 March 1808 vol10 cc889–895，downloads/pages/6305bcbe013e.md，全文已读。Gascoyne呈递，议长及财政大臣援税案规则拒受，最后赞成接受80、反对128。Tarleton愿支持接受但称其1461支持选民无人签字；城市商人不等于全体城市统一政治意志。Tierney 40万人丧饭碗的警告为议场修辞，不入就业统计。,仅候选：可能单位换算、概括、纠错或真正遗漏；不能以字符串未命中判漏
nodes/r_5b1357a9c6/cards/t_87ba37/report_01_capacity.md,16,### 两项不能遗漏的发现,424|425|426,2. **反Orders in Council不等于投降派。** 1812谢菲尔德请愿说，若命令为英国“just rights and independence”所必需，他们会“willingly bear the pressure without a murmur”；伯明翰请愿要求恢复贸易，理由包括更有力地支持正在进行的战争。法国能够利用商人压力争取交易，不能把请愿人数直接当成接受法国霸权的人数。【锚点：P12s cc424–425；P12b cc426–427】,仅候选：可能单位换算、概括、纠错或真正遗漏；不能以字符串未命中判漏
nodes/r_5b1357a9c6/cards/t_87ba37/report_01_capacity.md,29,## ① 决策结构：谁能改变贸易政策？,439|889|895,"【锚点】1808-03-03利物浦商人请愿由Gascoyne提出，政府以税案规则反对受理；80票赞成、128票反对。Tarleton支持受理，却指出支持自己当选的1,461名选民无人签署。这是商人内部、城市政治与全国议会不重合的直接实例。1812伯明翰辩论中Baring、Rose、Mordaunt、Whitbread对困难程度和病因公开争论。【P08 cc889–895；P12b cc427–439】",仅候选：可能单位换算、概括、纠错或真正遗漏；不能以字符串未命中判漏
nodes/r_5b1357a9c6/cards/t_87ba37/report_01_capacity.md,45,## ③ 财政、货币与商业信用,432|439,【锚点】1811-03-11辩论建议授权£6m Exchequer bills，同时明确并非预计全部需要；1793授权£5m、实放£2.2m是另一次事件，不移植成1811实放。辩论把拖欠链描述为商人→制造商→雇员；同场也说有好名字担保的票据不难贴现。1812议员又争论救济借款到期能否偿还，政府及委员会主席称能，不可据反对党一方断言已违约。【P11 cc328–345；P12b cc432、436、439】,仅候选：可能单位换算、概括、纠错或真正遗漏；不能以字符串未命中判漏
nodes/r_5b1357a9c6/cards/t_87ba37/report_01_capacity.md,77,### 4.2 工业有国内资源支点，但纺织是双重暴露,329|554|587,"【锚点】Broadberry等《British Economic Growth, 1270–1870》重建量指数经BoE A4转录，统一重定1803=100：1815工业127.5、煤142.1、铁129.5；1848工业359.9、煤427.9、铁734.0、纺织442.7。它们是重建指数，不是吨数、机器数量或精确年际调查。Heckscher列纽卡斯尔—桑德兰煤海运年均1801–05为2.137m吨、1807–12为2.464m吨、1816–20为2.813m吨；这不是全国煤产量，但证明内外贸易危机并未抹去煤业增长。【I A4行542/554/587；H p329】",仅候选：可能单位换算、概括、纠错或真正遗漏；不能以字符串未命中判漏
nodes/r_5b1357a9c6/cards/t_87ba37/report_01_capacity.md,79,### 4.2 工业有国内资源支点，但纺织是双重暴露,132.489|43.605|63.026|74.925,原棉毛进口1807为74.925m磅，1808为43.605m，1810为132.489m，1812为63.026m。如此大幅摆动意味着棉厂同时承受原料供给、库存和成品销路冲击；不能以当年进口直接等同当年棉产。H将1808原棉困难的一大部分归于美国禁运，而非单归法国。【H pp173–177、242】,仅候选：可能单位换算、概括、纠错或真正遗漏；不能以字符串未命中判漏
nodes/r_5b1357a9c6/cards/t_87ba37/report_01_capacity.md,87,## ⑤ 撷取与动员上限,34.92|49.98|770|781,"【锚点】1811本产出口由1810的£49.98m降到£34.92m，转口£12.73m降至£9.02m；国家和工业却未随约30%的年度发货额跌幅自动消失。Jarrige经Crouzet转引1811六月曼城一带9,000纺工中3,000全时、2,500半时、3,500无工；劳动时间等价仅约47.2%，这是地方调查，不是全国就业率。【H p245；J p2注5，转引Crouzet1987 pp770–781】",仅候选：可能单位换算、概括、纠错或真正遗漏；不能以字符串未命中判漏
nodes/r_5b1357a9c6/cards/t_87ba37/report_02_reactions.md,12,## ⑬ B1–B8反应函数：英国各群体不是被动靶子,238|247|61810,|B6 1810兼并＋严封锁/许可证自由化；俄婚/奥婚|库存、改线、信用救助、请求撤Orders、反走私损失|许可证规则可靠时先恢复回款和信用；严封锁先损伦敦殖民品、利物浦和出口厂，继而工人。婚姻仅在改变海关、俄国合作和预期时重要，不设独立“婚姻红利”|P11库存及好票据；H pp238–247；C反论。中高|,仅候选：可能单位换算、概括、纠错或真正遗漏；不能以字符串未命中判漏
nodes/r_5b1357a9c6/cards/t_87ba37/report_02_reactions.md,37,## ⑭ 1803–1848条件年表（30节点）,238|247,|1810|H pp238–247严控与全球信用危机；P11回顾|S2选择可预期许可证会压低商人损失；S1回款正常化|S3去库存和商业破产集中；S6增设海关并吞并港口，兼增大陆反抗成本|沿S2|中高|,仅候选：可能单位换算、概括、纠错或真正遗漏；不能以字符串未命中判漏
nodes/r_5b1357a9c6/cards/t_87ba37/report_03_model_conclusion.md,35,### 15.2 原定“一半”反证：支持与反证都保留,329|342,3. P11直接证言指出货在南美两三年未售、回运糖咖啡也被堵；D41显示1804–06至1814–16拉美＋亚洲本产仅从3.828到5.233m，上升1.405m，而早期欧洲本产为13.721m。后者**不是1808–12缺口率**，但显示新市场不能因为理论人口庞大就按欧洲全部消费规模立即调用。【P11 cc329–342；D41】,仅候选：可能单位换算、概括、纠错或真正遗漏；不能以字符串未命中判漏
nodes/r_5b1357a9c6/cards/t_87ba37/report_03_model_conclusion.md,87,### 15.4 替代市场模型：只回答可补多少，不冒充GDP模型,35.169|58.8,若要求S3中英国整体出口恢复到史实，仅取r=20%、q=90%的较有利端点，也须新增非欧发货约20.67m（18.60/0.9），等于原非欧基准35.169m的约58.8%；本包络额外约11.13m，尚差约9.54m。**这不是证明更高替代物理上不可能，而是把主张者必须解释的支付与商品适销规模明确出来。**,仅候选：可能单位换算、概括、纠错或真正遗漏；不能以字符串未命中判漏
nodes/r_5b1357a9c6/cards/t_8a7b54/P8_probability_bands.md,11,## 一、事件、条件分母与演算方法,077|188|444|611,- **耐久**不用再把P6多层调整独立相乘。P6给单边冲动每18月.7及红线份额`r=.08/.10/.15/.20/.30`，英法和约至1848的敏感率`.522/.442/.290/.188/.077`；本卡对`r=.08–.20`作表间线性插值，以P6的条件秩序存续`P(D|H48)=.85`、`P(D|¬H48)=.35`，故`P(D|C)=.35+.50P(H48|C)=.444–.611`。这不是纯独立乘法：D是**给定**先前C的条件事件。红线份额无独立计数，以扩大至.30作翻转检验。[1],仅候选：可能单位换算、概括、纠错或真正遗漏；不能以字符串未命中判漏
nodes/r_5b1357a9c6/cards/t_8a7b54/P8_probability_bands.md,12,## 一、事件、条件分母与演算方法,174.98|215514|77.317,"- 严格的**A_full1848**：并合省制度可在几乎全欧日常征税、募兵、司法且继承时无需再征服；不是国王效忠、驻军到场或法典化。P2的丙仅77.317百万人（尚未包括全欧）在联合乐观财政、驻军、盟军角点仍缺**215,514在场兵与174.98百万法郎年军费**；故在P2固定技术、任务和财政包络内，A_full是**结构零**，不是把上游“没证据”误说成零机会。若容许本轮完全未预算的技术/财政/协定突破，给**0–0.5%的分析师失模容差**，绝非测得频率。[2]",仅候选：可能单位换算、概括、纠错或真正遗漏；不能以字符串未命中判漏
nodes/r_5b1357a9c6/cards/t_8a7b54/P8_probability_bands.md,24,## 二、主线、分叉和来源层级,39.5|40.5|56.676,| **S6外圈A层最大化** | 不宜仅以“奇迹数”衡量 | P2甲有限版约39.5–40.5m可结账；乙约56.676m存在联合乐观的**算术反例**；丙连最乐观角点也缺人缺钱。吞南德会丢盟军又需驻军，故不能把乙的保留藩军、自养税源当已经获得外圈精英合法转隶。[2] |,仅候选：可能单位换算、概括、纠错或真正遗漏；不能以字符串未命中判漏
nodes/r_5b1357a9c6/cards/t_8a7b54/P8_probability_bands.md,28,## 二、主线、分叉和来源层级,17090|17100|731|747|876|974,"【机制】P2有限版含贝格与旧税净损30m时，陆军330m需要把海军195m压至**165m**才有约17,090名在场余兵；再多17,100任务即翻负。P4和平档1830年法国对英战列舰舰体代理`.769–1.012`、年内动员×训练效能`.747–.974`，仅当造修、预算、人员与英国选择和平档均兑现；英国重回战时，P4同一法国中档效能`.876→.731`。因此**不能既取P2陆军资源乐观角，又取P4海军高角不支付竞争的30m及后来可能220–260m年造修**。P5和平大陆工业六区/英国1848量纲比S5`1.37–1.51`为条件包络而非法国可即取的税款，也不能替早年军事赤字融资。[2–4]",仅候选：可能单位换算、概括、纠错或真正遗漏；不能以字符串未命中判漏
nodes/r_5b1357a9c6/cards/t_8a7b54/P8_probability_bands.md,30,## 二、主线、分叉和来源层级,100.0|12251|156.7|159.5|269.9|281.3|376.1|45.1|464.9|58.0|74.6,【口径订正·P5提交后澄清】Ellis 1981附录G有两个平行出口编制：1806年上行455m／下行465m，1810年上行365m／下行377m；附录I目的地表与**下行A.N. F12 251**同源、标号相合，十五地合计464.9m／376.1m分别覆盖下行约100.0%／99.8%，故体系内市场份额应使用1806 **269.9/465=58.0%**、1810 **281.3/377=74.6%**，1813 **159.5/354=45.1%**。1817虽是**156.7/464=33.8%**，其十五地目的地表却只覆盖出口总额**69.5%**（此前三截面100.0%、99.8%、99.9%）：可说体系市场官方值下降、表外目的地增加，不可说所有外流只是大陆需求萎缩。两套编制差非15.3个月年化问题，1806不可年化；具体编制原因与A.N. F12 251原件未核。此贸易核对不生成概率先验，P8主表/脚本无需改动。[4],仅候选：可能单位换算、概括、纠错或真正遗漏；不能以字符串未命中判漏
nodes/r_5b1357a9c6/cards/t_8a7b54/P8_probability_bands.md,39,## 三、输出：胜利与八分问,44.4|61.1,| **长久：O1848** | 给定C存续 **44.4–61.1%**；无条件**0.17–4.44%**，中点1.27%。P6原判0.81–5.85%为竞争口径。王朝Y是独立条件事件，若按P6`.35–.50`则默认C×Y≈**0.13–3.64%**，不是O∧Y。[1] | 同第一列（主问） |,仅候选：可能单位换算、概括、纠错或真正遗漏；不能以字符串未命中判漏
nodes/r_5b1357a9c6/cards/t_8a7b54/P8_probability_bands.md,40,## 三、输出：胜利与八分问,39.5|40.5|56.676,| **①行省化** | 给定C，约39.5–40.5m有限A稳态至1835，**55–75%（P8时间/兑现裁量）**；贡献C∩有限A **0.21–5.45%**。乙56.676m并省到1848，给定O，选择吞并`.15–.30`×资源角`.20–.40`×精英归顺`.10–.30`×继承存续`.40–.70`＝**0.12–2.52%**（纯P8压力计算，不是P2估计），O贡献 **0.0002–0.112%**。整个欧洲A_full在既定资源为0、模型外0–0.5%；主线选有限直辖＋B/C层，不选乙激进端。[2] | 详左 |,仅候选：可能单位换算、概括、纠错或真正遗漏；不能以字符串未命中判漏
nodes/r_5b1357a9c6/cards/t_8a7b54/P8_probability_bands.md,41,## 三、输出：胜利与八分问,44.4|61.1,"| **②秩序与经济** | 给定C，O **44.4–61.1%**；X2在S5下1848“法国优先差序准入”**35–45%**、有限互惠关税同盟**25–35%**，各为边际非归一化带。巴黎优惠体系＋铸币兼容而非统一财政；六区/英工业总量比S5`1.37–1.51`**只是P5条件产量包络，不是概率**。X2 A原设的“拿破仑在位”前提到1848必须经过寿命折扣：本卡把35–45%延用为**后继者仍实行相同政策**的研究者压力读法，而非X2已经估计了继承转化率，更非断言79岁的皇帝必然执政；此格是待重估薄弱点。[3,4,8] | O：0.17–4.44%；X2 A：0.13–3.27%，B：0.095–2.55%（只乘C） |",仅候选：可能单位换算、概括、纠错或真正遗漏；不能以字符串未命中判漏
nodes/r_5b1357a9c6/cards/t_8a7b54/P8_probability_bands.md,42,## 三、输出：胜利与八分问,261|644|747|974,| **③海军** | 令可竞争的**狭义测试**为1830年P4“十二个月动员×训练效能”法国/英≥`.74`，不指全球制海或海战获胜。P4 P全区间`.747–.974`、W最高`.644`，所以条件于C，需至约1834和约不破`.261–.594`且后勤预算兑现率**P8裁量**`.45–.70`，相乘为**11.7–41.6%**。得到的物量级在P为舰体`.77–1.01`、效能`.75–.97`；W为`.55–.93/.28–.64`；英国升档会打断高效能线。 | **0.044–3.024%** C∩此测试；舰数端点不是胜率[3] |,仅候选：可能单位换算、概括、纠错或真正遗漏；不能以字符串未命中判漏
nodes/r_5b1357a9c6/cards/t_8a7b54/P8_probability_bands.md,88,## 六、文献、证据独立性与复算边界,10040|1357|174.980|215514.338|23597.608,"[2] 10040/P2《法国能把欧洲变成行省吗》乙丙联合乐观、人力财务闭合；`nodes/r_5b1357a9c6/cards/t_c98c24/P2_joint_optimistic.csv`，乙余额+23,597.608在场、财费余19.229m，丙−215,514.338、财缺174.980m；主文有限版预算冲突。资金、战力值为条件模型。",仅候选：可能单位换算、概括、纠错或真正遗漏；不能以字符串未命中判漏
nodes/r_5b1357a9c6/cards/t_8a7b54/P8_probability_bands.md,92,## 六、文献、证据独立性与复算边界,100.0|10038|12251|1357|2248,[4] 10038/P5《法国胜利后的大陆经济》§0–§3及`P5_growth.csv`，`nodes/r_5b1357a9c6/cards/t_ec2248/`；P5依据Ellis 1981附录I/G与Chaptal 1819印pp.203–204。P5提交后`notes_postsubmission_declarations.md`声明1、2核对Ellis附录G上/下行与附录I同源部务表，确认分母用1806年465m、1810年377m，另1813年354m、1817年464m；目的地分解覆盖率分别100.0%、99.8%、99.9%、69.5%。**此为Ellis转录的同一组数据互核，并非三个独立史料源**；原A.N. F12 251及Heils 1958仍未亲阅，两套编制差具体成因未定。P8未拿出口份额直接拟合概率。P5与P6引同卡不独立。,仅候选：可能单位换算、概括、纠错或真正遗漏；不能以字符串未命中判漏
nodes/r_5b1357a9c6/cards/t_8a7b54/P8_probability_bands.md,116,## 六、文献、证据独立性与复算边界,00378|04443192|07272|1357,**复算命令**：在项目根运行`python3 nodes/r_5b1357a9c6/cards/t_8a7b54/p8_tree.py`。它会核对P6 CSV输入、给出七维全角点与结算恒等式。另由**不调用P8函数**的独立算术核查：`C_low=.15×.40×.40×.35×.45=.00378`；`C_high=.30×.60×[(1−.70)×.60×.50×.60+.70×.50]=.07272`；`O_high=.07272×(.35+.50×.522)=.04443192`，与输出一致。**未做**历史频率验证、年份间动态校准、任何史料可据以给出学派数字的拟合；P2财政与P4船坞联立留负关联待后续重开。,仅候选：可能单位换算、概括、纠错或真正遗漏；不能以字符串未命中判漏
nodes/r_5b1357a9c6/cards/t_8a7b54/notes_inputs_02.md,3,# P8输入摘记 02｜P2、P4、P5、M1 原卡已读,174.98|185|39.5|40.5|56.676|57.165|66.23|77.317,P2《法国能把欧洲变成行省吗》前185行：甲/乙筛选直辖约39.5–40.5m，含贝格和退并旧净税损30m的可行例需要初始自养盟军25万、陆军330m、海军从195压到165m，需求55.86万人在场，余仅1.709万人；再多净税损14.1m或额外驻军1.71万就翻负。乙56.676m同基准需求66.23万、兵缺11.67万/财缺174.2m；但P2_joint_optimistic.csv低驻军、全保原B军+自养、陆军350m、减其他任务3万、高净税余时需求57.165万、人余2.36万/财余19.23m，算术翻正而政治承诺未证；丙77.317m同联合乐观仍缺21.55万人/174.98m。不能把乙“在给定状态的技术可行”改说为已实现A级稳态。,仅候选：可能单位换算、概括、纠错或真正遗漏；不能以字符串未命中判漏
nodes/r_5b1357a9c6/cards/t_8a7b54/notes_inputs_02.md,5,# P8输入摘记 02｜P2、P4、P5、M1 原卡已读,552|62.5|644|731|747|876|902|926|974,P4《海军差距》全前145行及其24行四截面：W 1830法/英吨位.552–.926、效能.282–.644；P停战.769–1.012/.747–.974；同档中.742/.449和.902/.876。英方反应若升级W而法仍P，中效能.731；法若−30%下水或−30%补员，W中效能.321/.305；无安特卫普.267。均为战列舰模型包络非胜率；1815 P为共前史、仅1820起可比，舰体与效能共用同一Q、预算与国家行为，不得当独立成功事件。英召回62.5战列舰能力未证。晚P高舰队年220–260m未入P2收支案，因此P4上沿与P2有限省制乐观角点不能无冲突相乘。,仅候选：可能单位换算、概括、纠错或真正遗漏；不能以字符串未命中判漏
nodes/r_5b1357a9c6/cards/t_8a7b54/notes_inputs_02.md,7,# P8输入摘记 02｜P2、P4、P5、M1 原卡已读,114.63|1806465|1810377|1817156.7|281.3|31.59|51.37|61.22|74.6|76.97,P5《大陆经济》前145行：1848六区/英工业总量比S2 1.55–1.67、S5 1.37–1.51、S3 1.59–1.74、S6 1.22–1.27；源作者强调这些是分量端点的条件包络，不是概率；S3高比值源于英受损并非大陆增长，S6被S5经济账支配。Ellis 1981 App I与G对1810体系内出口281.3m/总377m=74.6%，1817 156.7/464=33.8%；1812–13英国许可出口76.97/114.63m。P5同篇的1787–1824附录G行列1806出455、1810出365，与§0/§2.2引用1806 465/1810 377并存，似公历/共和历两套口径，待核具体行；P8仅采下游P5_growth结果，不用两套出口分母混算概率。,仅候选：可能单位换算、概括、纠错或真正遗漏；不能以字符串未命中判漏
nodes/r_5b1357a9c6/cards/t_8a7b54/notes_outcomes_04.md,5,# P8终局事件核验与跨卡冲突｜2026-09-23,174.98|215514|23598,"- P2 `P2_joint_optimistic.csv`乙案条件低驻军＋高税收＋B层盟军建制/自养100%保留＋陆军350m＋每兵700＋其他任务减30k时供需可闭，余23,598在场、19.229m法郎；更大丙案同条件仍缺215,514人及174.98m法郎。乙政治同意独立于物理。",仅候选：可能单位换算、概括、纠错或真正遗漏；不能以字符串未命中判漏
nodes/r_5b1357a9c6/cards/t_8a7b54/notes_outcomes_04.md,8,# P8终局事件核验与跨卡冲突｜2026-09-23,1848.35|372|901830,- SA `SA_south_america.md` §316–325：S2联邦化帝国.40–.55；S5若S2前史，南美联邦维持至1848 .35–.50。**口径冲突**：同表文字含“新西班牙”而MX §0/§372明言1848墨西哥事实独立≥.90，1830–45转独立≥.70；因而“整座西属美洲全留马德里1848”概率≤.10是逻辑上界，SA应限南美部分/自治形式；不许拿.40–.55称全殖民帝国概率。墨西哥独立与南美局部联邦可共存。已向Last Order报告。,仅候选：可能单位换算、概括、纠错或真正遗漏；不能以字符串未命中判漏
nodes/r_5b1357a9c6/cards/t_8b4a3e/SC_part2.md,36,### ④-A 三国资源底盘（海军物资视角）,2853653|88.3|92.6,"- 【权重知识·中置信，待锚】人口量级（用于⑮上限表）：丹麦本部约93万（1801普查92.6万）、挪威约88万（1801普查88.3万；条约导言口径""约90万""已锚，downloads/pages/2853653e1cb6.md）、公国约60万；瑞典本部约240万（1800）、芬兰约86–90万（1810）。除挪威90万外，其余为权重知识，本轮未独立核对普查原表——红队可查Statistiska centralbyrån历史序列与Rigsarkivet人口表。",仅候选：可能单位换算、概括、纠错或真正遗漏；不能以字符串未命中判漏
nodes/r_5b1357a9c6/cards/t_8b4a3e/SC_part2.md,61,### ⑤-B 丹麦-挪威,446|604,- 【锚点】炮艇战动员：1807年后以划桨炮艇重建近岸拒止（Ryan pp.445–446经t_d604cd E11）；战果上限=1810-07一次47艘（同一事件丹/挪归属两口径：Ryan记挪威双桅舰，Davey p89记丹麦炮艇——保留冲突）。,仅候选：可能单位换算、概括、纠错或真正遗漏；不能以字符串未命中判漏
nodes/r_5b1357a9c6/cards/t_8b4a3e/SC_part4.md,51,### ⑬-D 波罗的海封锁的可执行上限（本卡承重交付；供P4/P8/X2）,228|791,"2. **护航体系韧性**：单队400+艘（Boteler回忆，Davey p17）；汉尼岛集结""about 500""艘再启航（Ross回忆，Davey p228）；1809年补给船队Nore→贝尔特→Nargen全程38天（ADM 7/791/118，Davey p90）。",仅候选：可能单位换算、概括、纠错或真正遗漏；不能以字符串未命中判漏
nodes/r_5b1357a9c6/cards/t_8b4a3e/SC_part6.md,10,## ⑮ 能力上限表（各维度历史峰值/崩溃点/未用潜力；来源栏=锚点）,295|7086,| 海军 | 1807前：主力舰队（封存）＋群岛艇队；1807后：炮艇+私掠，单次战果峰值47艘 | 主力舰队存续（卡尔斯克鲁纳）+群岛舰队；1808与英共制波罗的海 | 无 | a19ef3dd7086.md；Davey p89；Barton p295 |,仅候选：可能单位换算、概括、纠错或真正遗漏；不能以字符串未命中判漏
nodes/r_5b1357a9c6/cards/t_8b4a3e/SC_scandinavia.md,94,### ④-A 三国资源底盘（海军物资视角）,2853653|88.3|92.6,"- 【权重知识·中置信，待锚】人口量级（用于⑮上限表）：丹麦本部约93万（1801普查92.6万）、挪威约88万（1801普查88.3万；条约导言口径""约90万""已锚，downloads/pages/2853653e1cb6.md）、公国约60万；瑞典本部约240万（1800）、芬兰约86–90万（1810）。除挪威90万外，其余为权重知识，本轮未独立核对普查原表——红队可查Statistiska centralbyrån历史序列与Rigsarkivet人口表。",仅候选：可能单位换算、概括、纠错或真正遗漏；不能以字符串未命中判漏
nodes/r_5b1357a9c6/cards/t_8b4a3e/SC_scandinavia.md,119,### ⑤-B 丹麦-挪威,446|604,- 【锚点】炮艇战动员：1807年后以划桨炮艇重建近岸拒止（Ryan pp.445–446经t_d604cd E11）；战果上限=1810-07一次47艘（同一事件丹/挪归属两口径：Ryan记挪威双桅舰，Davey p89记丹麦炮艇——保留冲突）。,仅候选：可能单位换算、概括、纠错或真正遗漏；不能以字符串未命中判漏
nodes/r_5b1357a9c6/cards/t_8b4a3e/SC_scandinavia.md,233,### ⑬-D 波罗的海封锁的可执行上限（本卡承重交付；供P4/P8/X2）,228|791,"2. **护航体系韧性**：单队400+艘（Boteler回忆，Davey p17）；汉尼岛集结""about 500""艘再启航（Ross回忆，Davey p228）；1809年补给船队Nore→贝尔特→Nargen全程38天（ADM 7/791/118，Davey p90）。",仅候选：可能单位换算、概括、纠错或真正遗漏；不能以字符串未命中判漏
nodes/r_5b1357a9c6/cards/t_8b4a3e/SC_scandinavia.md,306,## ⑮ 能力上限表（各维度历史峰值/崩溃点/未用潜力；来源栏=锚点）,295|7086,| 海军 | 1807前：主力舰队（封存）＋群岛艇队；1807后：炮艇+私掠，单次战果峰值47艘 | 主力舰队存续（卡尔斯克鲁纳）+群岛舰队；1808与英共制波罗的海 | 无 | a19ef3dd7086.md；Davey p89；Barton p295 |,仅候选：可能单位换算、概括、纠错或真正遗漏；不能以字符串未命中判漏
nodes/r_5b1357a9c6/cards/t_8b4a3e/notes_blockade.md,27,"### A3 1810–12英瑞""假战争""与Hanö基地（p226–232）",196|228,"- 【事实·回忆录】John Ross：商船在Hanö集结""about 500""艘才启航；""the tyrannical decrees of Buonaparte were thus rendered null and void on this part of the continent""（p228，Ross回忆录II p.196）。",仅候选：可能单位换算、概括、纠错或真正遗漏；不能以字符串未命中判漏
nodes/r_5b1357a9c6/cards/t_8b4a3e/notes_blockade.md,28,"### A3 1810–12英瑞""假战争""与Hanö基地（p226–232）",228|2345|36081|738,"- 【事实·舰志】1810-07-07 St George号舰志""employed carpenters on shore Building a slaughterhouse""；07-18首次""sent the butchers on shore to slaughter bullocks""；1810-06-12至09-29 St George领牛肉36,081磅=738人编制12周定量（p228–229，TNA ADM 51/2345）。",仅候选：可能单位换算、概括、纠错或真正遗漏；不能以字符串未命中判漏
nodes/r_5b1357a9c6/cards/t_8b4a3e/notes_sweden.md,18,## S-C 贝尔纳多特当选1810（p328–332）,329|604,- 【事实】8月10日等级会议秘密委员会先推奥古斯滕堡公爵；同日Bernadotte私人使者Fournier抵厄勒布鲁，暗示法国官方支持+承诺经济利益含800万法郎贷款；8月14日秘密委员会转向；一周后（8月21日）四等级一致选出（p328–329）——与t_d604cd S1（继承法9-26序言）互证。,仅候选：可能单位换算、概括、纠错或真正遗漏；不能以字符串未命中判漏
nodes/r_5b1357a9c6/cards/t_8f2668/IT2_naples_sicily.md,21,### 大陆王国,4408|649,"- 【锚点】主权的外部上限由帝国文书明定：1806-03-30约瑟夫受封令规定法、意、那不勒斯-西西里三冠""永不集于一人""（""les couronnes, soit de France, soit d'Italie, soit de Naples et de Sicile, ne puissent jamais être réunies sur la même tête""，Panckoucke编《Œuvres de Napoléon》IV，downloads/pages/649e54bf4408.md，复用t_7da32d已核锚点）；1811年帝国全权公使Durant的训令则把话挑明：王国与法国的关系由""1806-03-30宪制""固定，**王国被认定为帝国的一部分、王冠可归还(revertible)皇帝家族**（Davis p.154）。",仅候选：可能单位换算、概括、纠错或真正遗漏；不能以字符串未命中判漏
nodes/r_5b1357a9c6/cards/t_8f2668/IT2_naples_sicily.md,39,## ② 法律、司法与行政渗透,164188|184|494,"- 【锚点】渗透深度的两个日期：**1806-08-02废封建法**（""如同在法国，这是此后一切的法理前提""——终结一切私人司法权，Davis p.164）；**1806-08-08行政法**：14省（后加内Molise等至15）、50区、494 circondari、1,732 comuni，省督(Intendente)对内政大臣负责，市长由省督任命（Davis pp.164, 188脚注4）。1808-05-20司法组织法+1809年法典（含民事离婚，教士与法官团抵抗三年后由缪拉屈从皇帝强推）（Davis pp.183–184）。",仅候选：可能单位换算、概括、纠错或真正遗漏；不能以字符串未命中判漏
nodes/r_5b1357a9c6/cards/t_8f2668/IT2_naples_sicily.md,51,### 存量与流量,16700000|248579,"- 【锚点】旧制度基线：1790年岁入16,700,000 ducats（università直接税2.1m、arrendamenti 3.0m、gabella 2.9m、封建杂税1.6m、教会供3.0m；男爵仅付adoa 248,579）——""穷人实际上供养着国家、王室与贵族""（Bianchini数，Johnston v1 L2064）；1790年代末约18m ducats，其中约6m直接归封建主、政府12m、偿债3.2m（Davis p.177脚注52）。",仅候选：可能单位换算、概括、纠错或真正遗漏；不能以字符串未命中判漏
nodes/r_5b1357a9c6/cards/t_8f2668/IT2_naples_sicily.md,55,### 存量与流量,157160|364|4534000|750000,"- 【锚点】军费挤占：1808上半年战争部4,534,000 ducats（≈750,000/月）≈年化9m≈税收65–70%（Rambaud印p.364脚注）；**1812年军费占总预算80%**（Agar，ANP 31 AP 43）；1813战争预算57m里拉≈1806年全部国家收入（Davis pp.156–157, 160）。",仅候选：可能单位换算、概括、纠错或真正遗漏；不能以字符串未命中判漏
nodes/r_5b1357a9c6/cards/t_8f2668/IT2_naples_sicily.md,58,### 债务操作与金融清洗,26262|50426018,"- 【锚点】1806-08-24债务整理：全部债权发cedole入Gran Libro，1807-01-01起5%付息，可购beni nazionali；1808-11-15缪拉单方面5%→3%（拿破仑斥为违反拜永条约）；cedole市价仅面值18–20%；**转换中约33%旧债注销，国家债权人资本损失约75m ducats**；永久债务1808-04-30已减半至50,426,018 ducats；**至1815全王国债务减至不足1m ducats**（Davis pp.177–179; Rambaud L26262；Ermice口径）。",仅候选：可能单位换算、概括、纠错或真正遗漏；不能以字符串未命中判漏
nodes/r_5b1357a9c6/cards/t_8f2668/IT2_naples_sicily.md,60,### 债务操作与金融清洗,1275035|1280000|1289562|150156|2519444|575|6870,"- 【锚点】对帝国的""贡赋账""（Agar 1812-02-05清单）：已征4万义务兵、集枪8,000支炮3,000门、交一艘74炮舰+百余炮艇、偿荷法债务20m法郎、代养整支法国驻军（1808=17,404人→1810-10=40,154人）；未付帝国国库直接补贴（Davis pp.150, 156）。1810-06-23被迫承认对法欠债>9m法郎（分项：旧债2,519,444+荣誉军团年贡1,280,000+法军维持费1,275,035+对法贷款3m+1809战役费1,289,562；ANP 31 AP 575，Davis p.147脚注23）。**反向流动同样存在**：1807年拿破仑给约瑟夫个人月贴500,000法郎；1807年中Hope行贷款3m弗罗林（Johnston v1 L6870）；1808年皇帝年补贴50万法郎（拜永条约让步条款，Davis p.143）。",仅候选：可能单位换算、概括、纠错或真正遗漏；不能以字符串未命中判漏
nodes/r_5b1357a9c6/cards/t_8f2668/IT2_naples_sicily.md,72,## ④ 经济：产出、贸易、资源,289|42141,"- 【锚点】西西里侧：只有1/3土地耕种、产出仅潜力1/3；""罗马帝国的粮仓勉强自给""；出口税+官购1/3收成+垄断法团→粮食贸易衰败；战时英军+补贴流入→**牛价羊毛谷价几乎翻倍**、战时工业小繁荣（巴勒莫丝织、Girgenti毛麻、硫磺沥青矿）、英国人主导的entrepôt经济；战争结束→价格崩溃（Gregory pp.41–42, 141）。Marsala酒业（Woodhouse/Ingham）为英国资本嵌入的开端，战后延伸到柑橘与硫磺（Davis p.289）。",仅候选：可能单位换算、概括、纠错或真正遗漏；不能以字符串未命中判漏
nodes/r_5b1357a9c6/cards/t_8f2668/IT2_naples_sicily.md,81,## ⑤ 撷取与动员上限,219|220252,"- 【锚点】征兵史：1802年波旁试普遍征兵未果；约瑟夫1807引入抽签+出钱免役的志愿制（失败）；1808配额首次及于首都与卡拉布里亚；**实际以罪犯与被俘盗匪凑数**（1807-07首批赴大军团分遣队即由此构成；1808年2,000步+400骑赴西班牙""几乎全为罪犯""，1,000人被拿破仑退回）；**1809-03缪拉为讨好皇帝把配额加倍**→各省设逃役者收容营、逃亡率""巨大""；卡拉布里亚征兵引发适龄男子整城出逃（""Sicigliano、Aprigliano、S.Giovanni in Fiore见不到一个适龄青年""）；被押北上的囚犯征兵中途溃散入匪帮（Davis pp.219–220, 252）。",仅候选：可能单位换算、概括、纠错或真正遗漏；不能以字符串未命中判漏
nodes/r_5b1357a9c6/cards/t_8f2668/IT2_naples_sicily.md,82,## ⑤ 撷取与动员上限,13000|5545,"- 【锚点】累计撷取（Tugny将军官方账，ASN f.5545）：至1812-12供皇帝在西班牙与中欧的部队11,971步兵、2,050骑兵、1,994匹马；**1808年以来共19,501人、2,471匹马**（Davis p.158）。Cortese口径：合计约9,000人赴西班牙+13,000人赴德俄，""生还者少""（Davis p.252）。",仅候选：可能单位换算、概括、纠错或真正遗漏；不能以字符串未命中判漏
nodes/r_5b1357a9c6/cards/t_8f2668/IT2_naples_sicily.md,93,### 大陆王国：两支军队,13000|15590,"- 【锚点】战绩包络：对外——西班牙（巴塞罗那、赫罗纳，1807–13约9,000人）、俄国-德意志（1812–13约13,000人），""生还者少""；对内——1806–11卡拉布里亚战争（见⑤⑧）；1810年渡峡攻西西里失败（Cavaignac 3,500人夜渡，滩头受阻，损失600被俘；Davis p.152）；1815年对奥战争：Tolentino兵败，**军需部门崩溃是首因**（近卫靠抢民宅得口粮，Johnston v1 L15590）；奥地利《观察家报》1815-04-27：""这些部队的开小差无可比拟。""（Davis p.264）",仅候选：可能单位换算、概括、纠错或真正遗漏；不能以字符串未命中判漏
nodes/r_5b1357a9c6/cards/t_8f2668/IT2_naples_sicily.md,108,## ⑦ 社会结构与阶层,1073|1096|307173|326557|378402|87000,"- 【锚点】大陆：人口约500万（Johnston v1 L2086）；那不勒斯城1806=378,402→1811谷底307,173→1817=326,557，占大陆人口约10%（1800与1815比例不变）；**城中20–50%人口赤贫或濒于赤贫**；lazzaroni 1799年前约150,000（Davis pp.199–200; Johnston v1 L1933）。教士阶层约87,000–100,000人（三口径：Serristori 47k司铎+25k修士+26k修女；Gorani 87k；Bianchini 100k），教会年入约9m ducats而下层教士赤贫（Johnston v1 L1073-1096）。",仅候选：可能单位换算、概括、纠错或真正遗漏；不能以字符串未命中判漏
nodes/r_5b1357a9c6/cards/t_8f2668/IT2_naples_sicily.md,109,## ⑦ 社会结构与阶层,188|234,"- 【锚点】8-02废封建法的阶级结算：旧封建主保留几乎全部经济实体（磨坊油坊工场直接转私产、货币与实物地租照旧）；demani公用地判归旧主、村社仅保使用权待分割——""若照此实施，等于把半个世纪的公社-领主之争完全判给后者""（Davis pp.234–235）。封建委员会的再平衡（1809–11）把公地在旧主与村社间分割、村社份额再分小块永佃——**财政动机明文：给村社税基、增加纳税人数**（Davis p.188）。",仅候选：可能单位换算、概括、纠错或真正遗漏；不能以字符串未命中判漏
nodes/r_5b1357a9c6/cards/t_8f2668/IT2_naples_sicily.md,120,## ⑧ 社会运动与抵抗传统,231228|366,"- 【锚点】1806–11卡拉布里亚战争（falsifier主战场，详见notes_davis_5）：Maida（1806-07-02英军Stuart胜Reynier）触发总叛乱；领导层横切面=牧羊人（Coreme，自封将军""行使imperium mero e misto""）、庄园总管（Visciglia，以厂钱募三百人）、教士（Cozza）、富家子（Barberio）、职业capo-massa（Fra Diavolo、Panedigrano、Francatrippa）；社会基底=牧民亲族网+1799复仇账+公地资源战争（Zurlo 1790年代Sila调查：""穷人是强大地主争夺公共牧场与林地之战的步兵""，Davis p.224）；**镇压数字：一省5,421（1806–11）+Manhès自报900（1810–11冬）+Lagonegro一区366（1811年6–10月）**；1812年复叛并延续到王朝之后（Davis pp.209–231, 228）。",仅候选：可能单位换算、概括、纠错或真正遗漏；不能以字符串未命中判漏
nodes/r_5b1357a9c6/cards/t_8f2668/IT2_naples_sicily.md,121,## ⑧ 社会运动与抵抗传统,2590|2610|266297,"- 【锚点】烧炭党谱系：起源诸说并列（瑞士Tugendbund经Masséna军瑞士团1806驻Capua传入；耶拿后反波拿巴军官创立经""英国贵格商人Broadbent""入西西里）；实证节点：1810那不勒斯首会所（仿共济会苏格兰礼）、1811 Basilicata首省级会所、**1813卡拉布里亚首会所几可确定由省督Briot（国务会议成员、反波拿巴的老雅各宾）创建**；Saliceti-Maghella-Campochiaro三代警务长皆曾扶植以植入线人；1813-05取缔→""镇压只增加其数量与政治碎片化""；1813-09卡拉布里亚第一次烧炭党起义；1814-04-04 Zurlo颁令定为国家之敌；**1815年估计≥30,000成员（""纯属猜测""）；1816年Nunziante称仅卡拉布里亚>50,000（严重夸大）**；1817年初普利亚的Patriotti Europei+Filadelfi达30,000–40,000、1817-10 Annichiarico创Decisi（Davis pp.265–266, 297; Johnston v2 L2590-2610）。",仅候选：可能单位换算、概括、纠错或真正遗漏；不能以字符串未命中判漏
nodes/r_5b1357a9c6/cards/t_8f2668/IT2_naples_sicily.md,131,## ⑨ 思潮、宗教、民族意识、舆论,155|567748874,"- 【锚点】民族意识的三次显影：①1811-07 Durand报告：""反法情绪与那不勒斯民族意识因皇帝需索而增长""（Davis p.155）；②1813-12 Fouché：""在意大利，'独立'一词已获得魔力……征兵、税收、烦扰、剥夺、牺牲——这就是被法国统治的含义""（Weil iii.296，Davis p.260）；③缪拉同月致皇帝：""西班牙与德意志事件使人人头脑中充满独立、意大利联盟、意大利统一……最众多的阶级想要革命并用烧炭党传播共和思想，英国人以金钱与许诺怂恿之""（ANP 31 AP 6，Davis p.260）。**里米尼宣言（1815-03-30）是这套话语的王朝盗用**：""从阿尔卑斯到西西里……意大利独立！""+许诺""你们自选的政府、真正全国性的代表、一部宪法""并赞英国宪政（downloads/pages/567748874d93.md）——响应寥寥（""这不是一次进军而是一次凯旋""是Colletta对1820年Morelli的话；对里米尼，""意大利人明白在'意大利独立'旗下他们将成为那不勒斯王国的省份""，De Nicola转述城中议论，Davis p.273）。",仅候选：可能单位换算、概括、纠错或真正遗漏；不能以字符串未命中判漏
nodes/r_5b1357a9c6/cards/t_8f2668/IT2_naples_sicily.md,189,## 专项C：1820–21类比（对S5秩序运行推演的直接输入）,295|5443|5510,"- 【锚点】链条完整可溯：1818-01 Salerno烧炭党""议会""定纲领（西班牙宪法）与四城起义方案→1818年Pepe/Colletta奉命重组民兵时把烧炭党关系者安进指挥层（""实质国民卫队雏形""）→**1820-07-02 Nola骑兵团哗变→五日革命、七日颁宪**（""没有阴谋、没有计划、没有单一领袖的革命五天完成……没有犯下一件罪行""——Colletta，含夸张）→九个月议会（卸除comuni年80万ducats负担、废省督会议改选举省代表团、对封建残余再立法）→1821-02奥军入境、Rieti-Antrodoco溃败、议会解散（Davis pp.295–313; Johnston v2 L5443-5510）。",仅候选：可能单位换算、概括、纠错或真正遗漏；不能以字符串未命中判漏
nodes/r_5b1357a9c6/cards/t_8f2668/IT2_naples_sicily.md,236,## ⑭ 反事实年表 1803–1848（S0锚定，S1/S2/S3/S5/S6分支标注；≥25条）,13000|157,"14. [1812·S0锚] N供俄役兵力（累计13,000赴德俄）；卡罗琳摄政；预算80%军费——Davis pp.156–157——事实。",仅候选：可能单位换算、概括、纠错或真正遗漏；不能以字符串未命中判漏
nodes/r_5b1357a9c6/cards/t_8f2668/IT2_naples_sicily.md,241,## ⑭ 反事实年表 1803–1848（S0锚定，S1/S2/S3/S5/S6分支标注；≥25条）,264272|274,"19. [1815·S0锚] 里米尼宣言（03-30回溯署期）→响应寥寥→Tolentino（05-03）→Casalanza（05-20）→缪拉Pizzo枪决（10-13，semaphore传令）；政权移交""惊人平静""（内保卫队2–3万人维序；前政权雇员全部留任）——Davis pp.263–264, 272–274——事实。",仅候选：可能单位换算、概括、纠错或真正遗漏；不能以字符串未命中判漏
nodes/r_5b1357a9c6/cards/t_8f2668/IT2_naples_sicily.md,261,## ⑮ 能力上限表（带来源）,12067|46000|5545,"| 军队（大陆） | 在册46,000（1813-10，Johnston v1 L12067）；野战35,000+5,000骑（1815） | 1813省军团拒并入线列、闻出国即群逃（ASN f.5545）；1815军需崩溃 | 本土王朝+和平：常备5万可持续；对外净输出15–20k/5年；法国直辖征兵≈净零（高置信，见⑤） |",仅候选：可能单位换算、概括、纠错或真正遗漏；不能以字符串未命中判漏
nodes/r_5b1357a9c6/cards/t_8f2668/notes_davis.md,11,### 拜永条约 Treaty of Bayonne 1808-03-30（Murat受封条件）,1275035|1280000|1289562|2519444|575,"- p.147脚注23: 1810-06-23巴黎协议(ANP 31 AP 575)：确认那不勒斯欠债>900万法郎=旧债2,519,444法郎（以那不勒斯附近领地清偿）+荣誉军团年贡1,280,000+法军维持费1,275,035+法国贷款偿还300万（并入公债）+1809战役中那不勒斯军由意大利王国维持之费1,289,562。",仅候选：可能单位换算、概括、纠错或真正遗漏；不能以字符串未命中判漏
nodes/r_5b1357a9c6/cards/t_8f2668/notes_davis.md,14,### 约瑟夫留下的财政（1808）,11000000|1331809,"- p.144: Roederer把财政交Pignatelli，自称""繁荣""；实际无账簿；约瑟夫行前对大臣/宠臣/情妇大肆封赏，D'Aubusson估计总额高达11,000,000法郎[AAEP CP Naples 133, 1809-01-02]；军饷拖欠至少9个月。",仅候选：可能单位换算、概括、纠错或真正遗漏；不能以字符串未命中判漏
nodes/r_5b1357a9c6/cards/t_8f2668/notes_davis.md,17,### 约瑟夫留下的财政（1808）,193000|4781809,"- p.145: 缪拉：各部每月需100万ducats，现仅有193,000 [Le Brethon vi.478, 1809-01-06致拿破仑]。",仅候选：可能单位换算、概括、纠错或真正遗漏；不能以字符串未命中判漏
nodes/r_5b1357a9c6/cards/t_8f2668/notes_davis_2.md,19,### 1812：Agar/Mosbourg账目（书pp.156–157）,431812|437306,"- p.156: 1812-01帝国陆海军部再索437,306 ducats观察军维持费。Agar(已封Mosbourg伯爵)报告：岁入虽增，军费已占总预算80%；与法国/意大利王国比较无意义（人口财富不同）；王国大片土地未耕、土地税远低于法国农产4%估计、人均间接税低因消费低：""王国居民大多靠极少过活……衣着之奢仅存在于首都……人口多数靠零工、捕鱼和公共救济为生""[ANP 31 AP 43, 1812-04-01]。",仅候选：可能单位换算、概括、纠错或真正遗漏；不能以字符串未命中判漏
nodes/r_5b1357a9c6/cards/t_8f2668/notes_davis_2.md,22,### 1812：Agar/Mosbourg账目（书pp.156–157）,157|2000000|4000000|57000000|61000000|72000000|73000000|80000000|84000000,"- p.157: 预算数列（Mosbourg 1812-11-14 [ANP 31 AP 34]）：1813预算收入73,000,000里拉(新币) vs 支出80,000,000–84,000,000；1812实收72,000,000（内2,000,000王领租金用于抚恤/修路/赏赐）；须再筹4,000,000——已无领地可卖，只能靠土地交易税与管理增效。税收1808=57,000,000→1809=61,000,000→1812=73,000,000里拉；增长几乎全靠各省附加税（比1808多400万/年）；再增税""政治上危险""。1813战争预算57,000,000里拉≈1808年国家总收入。公债整理成功、荷兰贷款第五期已付。",仅候选：可能单位换算、概括、纠错或真正遗漏；不能以字符串未命中判漏
nodes/r_5b1357a9c6/cards/t_8f2668/notes_davis_3.md,31,### 土地税fondiaria（书pp.181–182）,4578894|589934|6000000|8000000,"- p.181: Roederer 1806-07-24报告：旧制度下每年财产税4,578,894 ducats中封建产业仅付589,934；民税含102种因省而异的杂捐（最普遍为focatico灶税）；无地籍。新税定额6,000,000 ducats/年（按法国类比本可期待8,000,000，""此地土地公认远比法国肥沃""，谨慎起见先定600万、三年内升至800万）。以1792年波旁decima估值为基（无地籍）。",仅候选：可能单位换算、概括、纠错或真正遗漏；不能以字符串未命中判漏
nodes/r_5b1357a9c6/cards/t_8f2668/notes_davis_3.md,39,### 教育（书pp.184–185）,1636|184|185,"- p.184-185: 1809 Zurlo自夸每comune已设男女小学、6新学院160学生、9新大学教席；**Cuoco另一报告揭露""Zurlo所指的小学只存在于内政大臣的幻想中""**；Cuoco方案（免费、两性、Pestalozzi法、公共教育局）被否（名义因偏离法国模式，实因其庇护人塔兰托大主教被Zurlo取代）；1811-12采纳Galdi版；实施推给地方财政→抗议；所办学校多为堂区神父的班。**1828年那不勒斯城仍只有29所男校1,636名学生、23所女校3,000名学生**；""1815年复辟派称法国学制改革只存在于纸上，恐怕并不太错""。",仅候选：可能单位换算、概括、纠错或真正遗漏；不能以字符串未命中判漏
nodes/r_5b1357a9c6/cards/t_8f2668/notes_davis_4.md,18,# Davis笔记(4)：ch.10王国重塑——省负担、工业、首都,305000|307173|324986|326557|378402,"- p.200: 首都人口：**1806=378,402；1809=305,000/350,000（两说）；1811=307,173（谷底）；1814=324,986；1817=326,557**[Pilati 1978]；无显著外迁证据→疾病与死亡率为主因；1809–10与1816–17两次生存危机与流行病。占大陆人口比1800≈10%、1815大致不变。**20–50%城市人口赤贫或濒于赤贫**[Martuscelli(1979); Villani(1978)163]。",仅候选：可能单位换算、概括、纠错或真正遗漏；不能以字符串未命中判漏
nodes/r_5b1357a9c6/cards/t_8f2668/notes_davis_5_calabria.md,10,## 1806年抵抗,212|215,"- p.212-215: Sila山区为震中（同1799）：Longobucco牧民网络（""一个大胆的灵魂就能把他们像一个身体一样动员""）；6-09十二个无地雇工竖波旁旗（首领牧羊人Coreme）；Maida后蔓延科森扎casali；领导层横切面：牧羊人Coreme（自封将军、""行使imperium mero e misto""、任命上尉、批婚配圣职——""看哪，牧羊人成王！""）；Visciglia（Corigliano公爵甘草厂总管，预支工钱募工三百人）；富家子Barberio；教士Cozza（勒索希腊礼社区）；Francatrippa勒索Acri 8,000 ducats；Panedigrano勒索Bisignano。",仅候选：可能单位换算、概括、纠错或真正遗漏；不能以字符串未命中判漏
nodes/r_5b1357a9c6/cards/t_8f2668/notes_davis_5_calabria.md,31,## Manhès大镇压1810–11（⑤⑧核心）,228|366,"- p.228: Lagonegro一区1811-06至10официально记录366名盗匪被杀/被俘/判死（含女扮男装随情人作战的Olivia Laurenzana）；1811-06 Manhès报告诸省平静——**""只是暂时间歇，次年失序复起并延续到缪拉王朝之后""**。",仅候选：可能单位换算、概括、纠错或真正遗漏；不能以字符串未命中判漏
nodes/r_5b1357a9c6/cards/t_8f2668/notes_davis_7_1820.md,8,## ch.14复辟,100000000|329,"- p.288: 维也纳安排：哈布斯堡保护全意大利；奥占领军驻王国至1818由那不勒斯出钱；那不勒斯另付奥1814、1815两次军事行动全部费用；**脚注29：1815–1825债务升至100,000,000 ducats=王国年收入的五倍**[Ostuni(1992)329-32]→复辟年收入≈2,000万ducats。",仅候选：可能单位换算、概括、纠错或真正遗漏；不能以字符串未命中判漏
nodes/r_5b1357a9c6/cards/t_8f2668/notes_falsifier.md,6,## 已核数据,157|57000000|61000000|72000000,"A. 王国（大陆）税收：1808=57,000,000里拉；1809=61,000,000；1812=72,000,000（Mosbourg 1812-11-14，Davis p.157）。按1 ducat≈4.25–4.4法郎/里拉换算：1808≈12.9–13.4m ducats、1812≈16.4–16.9m ducats。交叉：Bianchini 1790岁入16.7m ducats（Johnston v1 L2064）；1790年代末约18m ducats（Davis p.177脚注52）。",仅候选：可能单位换算、概括、纠错或真正遗漏；不能以字符串未命中判漏
nodes/r_5b1357a9c6/cards/t_8f2668/notes_falsifier.md,7,## 已核数据,157|364|4534000|750000,"B. 战争部预算：1808上半年4,534,000 ducats（≈750,000/月→年化9.0m ducats；1807-04曾达800,000/月）（Rambaud印p.364脚注）→**约为当年税收的65–70%**。1812年军费占总预算80%（Agar报告，Davis p.156）；1813战争预算57m里拉≈1806年国家总收入（Davis p.157）。",仅候选：可能单位换算、概括、纠错或真正遗漏；不能以字符串未命中判漏
nodes/r_5b1357a9c6/cards/t_8f2668/notes_falsifier.md,8,## 已核数据,212|4443,"C. 卡拉布里亚方向直接兵力：Masséna 1806-07率15,000南下（Davis p.212）；全王国法占领军1806春>40,000（Johnston v1 L4443）；由那不勒斯支付的法军1808=17,404人→1810-10=40,154人（Davis p.150）；驻科森扎2,000法军半数病倒（1806-10）；1810年西西里远征在卡拉布里亚集结22,000+法军15,000+2,000科西嘉（Davis p.152）。",仅候选：可能单位换算、概括、纠错或真正遗漏；不能以字符串未命中判漏
nodes/r_5b1357a9c6/cards/t_8f2668/notes_johnston_rambaud_primary.md,8,### 旧制度国情（v1）,1073|1096|47000|87000|9000000,"- v1 L1073-1096: 1800年前后全王国约100,000教士修士修女（Serristori: 47,000司铎+25,000修士+26,000修女；Gorani 1794: 87,000；Bianchini: 100,000）；教会年收入约9,000,000 ducats；下层教士赤贫（卡拉布里亚小村大教堂的议员""衣衫褴褛，全年不足100法郎可分""）。",仅候选：可能单位换算、概括、纠错或真正遗漏；不能以字符串未命中判漏
nodes/r_5b1357a9c6/cards/t_8f2668/notes_johnston_rambaud_primary.md,10,### 旧制度国情（v1）,130000000|1600000|16700000|2100000|248579|2900000|3000000,"- v1 L2064: Bianchini 1790年岁入估计：总额16,700,000 ducats——università直接税2,100,000、arrendamenti 3,000,000、gabella 2,900,000、民众封建杂税1,600,000、供教会3,000,000；**男爵仅付adoa 248,579 ducats**：""穷人实际上供养着国家、王室与贵族""。公债无人知晓确数，Bianchini估1806年不少于130,000,000 ducats。",仅候选：可能单位换算、概括、纠错或真正遗漏；不能以字符串未命中判漏
nodes/r_5b1357a9c6/cards/t_8f2668/notes_johnston_rambaud_primary.md,15,### 征服与卡拉布里亚战争（v1）,4052|4106,"- v1 L4052-4106: 1806-01中旬Masséna在罗马国家35,000人（一线25,000）；2月初可用30,000+24炮，Duhesme近10,000跟进；2-08渡加里利亚诺、2-14入那不勒斯（六日）。Johnston判断：即使再加50,000人也不够——伦巴第-威尼西亚的80,000到教皇国只剩40,000、到那不勒斯城只剩25,000，""渡海攻西西里的有效兵力将微不足道""。",仅候选：可能单位换算、概括、纠错或真正遗漏；不能以字符串未命中判漏
nodes/r_5b1357a9c6/cards/t_8f2668/notes_johnston_rambaud_primary.md,23,### 约瑟夫财政（v1）,10000000|3000000|6855|6880,"- v1 L6855-6880: Gran Libro首笔担保国产官方估值10,000,000 ducats；**1807年初起拿破仑给约瑟夫个人补助每月500,000法郎**；1807年中经里斯本-阿姆斯特丹从Hope行贷款名义3,000,000弗罗林。",仅候选：可能单位换算、概括、纠错或真正遗漏；不能以字符串未命中判漏
nodes/r_5b1357a9c6/cards/t_8f2668/notes_johnston_rambaud_primary.md,24,### 约瑟夫财政（v1）,6884|6900,"- v1 L6884-6900: 王宫用仆800人（月薪≤12 ducats）；21名将校获年金2,000–10,000 ducats的赏赐。",仅候选：可能单位换算、概括、纠错或真正遗漏；不能以字符串未命中判漏
nodes/r_5b1357a9c6/cards/t_8f2668/notes_johnston_rambaud_primary.md,28,### 缪拉军队与1814–15（v1）,12067|46000,"- v1 L12067: **缪拉军（不含境内法军）1812-07=29,000→1812-10=35,000→1813-10=46,000**；""从一个毫无军事传统、极不耐纪律的人口中短期征起""。",仅候选：可能单位换算、概括、纠错或真正遗漏；不能以字符串未命中判漏
nodes/r_5b1357a9c6/cards/t_8f2668/notes_johnston_rambaud_primary.md,29,### 缪拉军队与1814–15（v1）,11493|11529,"- v1 L11493/L11529: 1813-11缪拉一面向拿破仑开价（率40,000人入伦巴第、换皇帝宣布意大利独立），几天前已向Metternich开价（率80,000人、望盟国待他不逊于对Bernadotte与瑞典）。",仅候选：可能单位换算、概括、纠错或真正遗漏；不能以字符串未命中判漏
nodes/r_5b1357a9c6/cards/t_8f2668/notes_johnston_rambaud_primary.md,30,### 缪拉军队与1814–15（v1）,14865|14930|34000,"- v1 L14865-14930: 1815-03开战前御前会议自称可出**80,000人+12个省军团**；实际野战军**约35,000人、5,000骑、60炮**；近卫4–5,000为精锐""多为外籍""；缺轻步兵与重骑、炮兵军官训练差；奥军在意约60,000（四边形）+34,000分驻。",仅候选：可能单位换算、概括、纠错或真正遗漏；不能以字符串未命中判漏
nodes/r_5b1357a9c6/cards/t_8f2668/notes_johnston_rambaud_primary.md,35,### 复辟与秘密社团（v2）,2590|2610,"- v2 L2590-2610: 1816年末Patriotti Europei与Filadelfi在南普利亚以恐怖手段勒索会费，**1817年初达30,000–40,000人**；1817-10教士Ciro Annichiarico（1799年masse首领、因谋杀系狱四年）创Decisi，""你问我杀过多少人？谁知道呢，六七十个吧""。",仅候选：可能单位换算、概括、纠错或真正遗漏；不能以字符串未命中判漏
nodes/r_5b1357a9c6/cards/t_8f2668/notes_johnston_rambaud_primary.md,36,### 复辟与秘密社团（v2）,5443|5510,"- v2 L5443-5510: **1821年战争**：Colletta任战争大臣，纸面方案32,000正规军+42,000民兵上前线；实际集中正规军不超过25,000（扣除那不勒斯/Capua/Gaeta卫戍）；约百名老拿破仑军官来效力；两军部署（Pepe阿布鲁齐、Carrascosa加里利亚诺）；**Pepe部约25,000人、四分之三为民兵、部分无枪，Aquila无炮**；军官公开断言Carrascosa军不会支援。",仅候选：可能单位换算、概括、纠错或真正遗漏；不能以字符串未命中判漏
nodes/r_5b1357a9c6/cards/t_8f2668/notes_johnston_rambaud_primary.md,40,## Rambaud《Naples sous Joseph Bonaparte 1806-1808》(1911),23780|23800|40000000|55000000,"- L23780-23800(印p.324): fondiaria定额700万ducats+每ducat加5 grani减灾基金；那不勒斯人斥为""苛暴""；**Zurlo估全国土地净收入仅约40,000,000 ducats、认为500万已重；Roederer估55,000,000**。",仅候选：可能单位换算、概括、纠错或真正遗漏；不能以字符串未命中判漏
nodes/r_5b1357a9c6/cards/t_8f2668/notes_johnston_rambaud_primary.md,41,## Rambaud《Naples sous Joseph Bonaparte 1806-1808》(1911),23920|23945|2422839|5500000|700000,"- L23920-23945: 旧制度遗留巨额欠税；新政权武力催缴；**1807年fondiaria实收仅5,500,000（额定700万），其中至少100万是实物供应券或耗于地方开支；两卡拉布里亚省额定700,000 ducats实收仅450,000**；至1808-07-31 Roederer交权时当年经常税只收到2,422,839 ducats。""叛乱、盗匪、封锁须与这些结果并观。""",仅候选：可能单位换算、概括、纠错或真正遗漏；不能以字符串未命中判漏
nodes/r_5b1357a9c6/cards/t_8f2668/notes_johnston_rambaud_primary.md,42,## Rambaud《Naples sous Joseph Bonaparte 1806-1808》(1911),105000000|130000000|1796487|26090|26110|430000000|4823016|9258176,"- L26090-26110: 流动债务1808-01-01=9,258,176 ducats；+1808年荷兰借款担保1,796,487+并合女修院与银行4,823,016；**Bianchini估1806年债务总额（含未清算）达430,000,000 ducats**[口径为一切债权毛额，与Davis引Ermice约105,000,000、Johnston引Bianchini 130,000,000并列存异]。",仅候选：可能单位换算、概括、纠错或真正遗漏；不能以字符串未命中判漏
nodes/r_5b1357a9c6/cards/t_8f2668/notes_johnston_rambaud_primary.md,43,## Rambaud《Naples sous Joseph Bonaparte 1806-1808》(1911),10323000|26262|26270|50426018|7503000,"- L26262-26270: Roederer卸任时：Grand-Livre登记700万ducats；已偿cedole 10,323,000；流通中7,503,000；**永久债务1808-04-30降至50,426,018 ducats（约减半）**。",仅候选：可能单位换算、概括、纠错或真正遗漏；不能以字符串未命中判漏
nodes/r_5b1357a9c6/cards/t_8f2668/notes_johnston_rambaud_primary.md,49,## 复用上一轮t_7da32d已核一手锚点（原文见各downloads/pages/*.md）,4408|649,"- **1806-03-30约瑟夫受封令**（Panckoucke编《Œuvres de Napoléon》IV, 1821, Gutenberg 13192）：""les couronnes, soit de France, soit d'Italie, soit de Naples et de Sicile, ne puissent jamais être réunies sur la même tête""——法、意、那不勒斯-西西里三冠永不集于一人。downloads/pages/649e54bf4408.md。",仅候选：可能单位换算、概括、纠错或真正遗漏；不能以字符串未命中判漏
nodes/r_5b1357a9c6/cards/t_91cbee/R1_russia_court.md,42,### ① 决策结构与政治制度,12884|13100|457|463,"- **对舆论的系统性让步**。Speransky之流放（1812-03-17夜）：亚历山大对Novosiltsev自白""L'ennemi frappe à la porte de l'empire...Je joue gros jeu""，Vandal据Korf与Schilder材料判定为""向贵族与人民交出的抵押（gage）""；事后沙皇言""Si on t'avait coupé ta main droite serais-tu tranquille?""、""Non, Spéranski n'est pas un traître""（Vandal III行12884–13100，注457–463）【锚点】。彼得堡欢庆此为""对法国人的第一场胜利""（Schilder 244转引）【锚点】。",仅候选：可能单位换算、概括、纠错或真正遗漏；不能以字符串未命中判漏
nodes/r_5b1357a9c6/cards/t_91cbee/R1_russia_court.md,60,### ③ 财政、货币、金融（决策层视角；深度→R2）,23915|577,"- Speransky 1811-02-11《1810年度报告》自报改革起点：""125 миллионов доходу, 225 миллионов расходу, 577 миллионов долгу""（1.25亿卢布岁入/2.25亿支出/5.77亿债务）；纸币停发令1810-02-02宣布、1811-01-01才实施，其间被迫增发4,300万（dugward.ru转录，上一轮t_26cd47 E8已核，缓存`downloads/pages/56a23915a69c.md`）【锚点】。",仅候选：可能单位换算、概括、纠错或真正遗漏；不能以字符串未命中判漏
nodes/r_5b1357a9c6/cards/t_91cbee/R1_russia_court.md,71,### ⑤ 撷取与动员上限（决策层视角；深度→R3）,1345|255|8296|8460,"- 亚历山大1811-01-31亲笔给Czartoryski的兵力自报：一线240,500人（分师番号逐列）＋预备124,000＋新兵80,000（Vandal III行1313–1345；Czartoryski回忆II,255–278英译对应段亲核，`R1_czartoryski_memoirs_v2_real.txt`行8296–8460）【锚点】。Czartoryski泼冷水：""我常见俄国纸面十万人，实际六万""（同信）【锚点】。",仅候选：可能单位换算、概括、纠错或真正遗漏；不能以字符串未命中判漏
nodes/r_5b1357a9c6/cards/t_91cbee/R1_russia_court.md,84,### ⑦ 社会结构与阶层（决策层视角；深度→R2）,185|5227|5238,"- Savary对拿破仑之问（""是否存在离王座更远、离人民更近的另一个社会？""）的回答：除商人群体外无中间阶级，""贵族直接压在人民之上""（Vandal I行5227–5238，注185）【锚点】。",仅候选：可能单位换算、概括、纠错或真正遗漏；不能以字符串未命中判漏
nodes/r_5b1357a9c6/cards/t_91cbee/R1_russia_court.md,96,### ⑨ 思潮、宗教、民族意识、舆论传播,12770|12800|5100|5147,"- **沙龙=俄国的议会**。1807年提尔西特后：贵妇最敌对（""Françaises d'autrefois""——旧法国的法语文化人反对革命法国）；Savary遭全城回拜抵制一个半月；书店卖流亡文学反法小册（Vandal I行5100–5147）【锚点】。1812年3月主和派最后围攻：""L'Empereur est assiégé de toutes parts""（Löwenhielm 04-05报告）【锚点：Vandal III行12770–12800】。",仅候选：可能单位换算、概括、纠错或真正遗漏；不能以字符串未命中判漏
nodes/r_5b1357a9c6/cards/t_91cbee/R1_russia_court.md,98,### ⑨ 思潮、宗教、民族意识、舆论传播,17110|17150|202|5210,"- **外国思想供给者**：Joseph de Maistre（撒丁公使，1803–17在彼得堡）——Savary评""un homme d'esprit et un habitué de la maison de l'ambassadeur d'Autriche et de celui d'Angleterre""（Vandal I行5210）【锚点】；其名言""两人相斫的真实原因几乎从不是表面原因""被Vandal用作全书解释框架（Œuvres complètes XI,513；Vandal III行202–204）【锚点·转引】。Maistre对两位大公主的画像（""une colombe""；""我若是画家就寄给你她的一只眼睛""）出自其《Mémoires politiques et correspondance diplomatique》346/318（Vandal I行17110–17150转引）【锚点·转引】。",仅候选：可能单位换算、概括、纠错或真正遗漏；不能以字符串未命中判漏
nodes/r_5b1357a9c6/cards/t_91cbee/R1_russia_court.md,115,### ⑫ 交流与流动：王朝网络、流亡者、间谍,13069|13160,"- **流亡者与国际主战网**：1812年Speransky倒台后，""沙皇更完全地交给了欧洲流亡圈""——Armfeldt（瑞典）、Stein（普鲁士，自布拉格赶来）、Löwenhielm（瑞典）、Paulucci与Serra-Capriola（意大利）、Vernègues（法国保王流亡者）；Armfeldt跨欧地下网通d'Antraigues、Dumouriez（后者献""斯基泰人抗大流士""方案）、西班牙Cortes使节获正式引见（Vandal III行13069–13160）【锚点】。法国流亡者d'Allonville以""纯军事技术论证""劝战（Vandal III注85）【锚点】。",仅候选：可能单位换算、概括、纠错或真正遗漏；不能以字符串未命中判漏
nodes/r_5b1357a9c6/cards/t_91cbee/R1_russia_court.md,133,## §A 核心事件链证据（1801–1812）：卡面指定议题逐项落锚,1105|155000|230000|61811|8107|8460,"**A6 1811年初条件性进攻筹划**：1810-12-25致Czartoryski信（八问+兵力表230,000对155,000+""此时机仅现一次""+""拿破仑不能长生""论）；1811-01-31第二信（全部担保：短期内先发复国宣言、东界德维纳-别列津纳-第聂伯、五三宪法精神的""自由宪法""、纯个人联合；对奥以两公国换加利西亚；矢言不先手：""Mais tout change de face si les Polonais veulent se joindre à moi""）【锚点：Czartoryski回忆II英译行8107–8460亲核；Vandal III行1105–1400】。Czartoryski复信泼冷水（纸面兵力、Caulaincourt警觉、需先给确定性保证）。**该筹划因华沙不倒戈、奥地利冷淡而中止（1811春夏），转入防御；它证明亚历山大既非无条件主战也非被动羊羔，而是机会主义的均势操盘手。**",仅候选：可能单位换算、概括、纠错或真正遗漏；不能以字符串未命中判漏
nodes/r_5b1357a9c6/cards/t_91cbee/notes_vandal1.md,7,## A. 第二章「UNE RECONNAISSANCE DIPLOMATIQUE」（行4693–5866）——1807年提尔西特后的彼得堡,1697|5040,"1. 【事实｜行5000–5040+注174–176】皇太后Maria Feodorovna的""旧宫廷""（l'ancienne cour）=俄国最大社交权力：受谢恩、军官晋升吻手、两周一朝、沙皇本人每周两谒；Vandal类比""宪政国家的上议院""：""elle empêchait sans agir""——不批准即足以使措施无效【文献推断】。出处含Savary 1807-08-06报告与AN AF IV 1697备忘、Czartoryski回忆I,275/384、Choiseul-Gouffier回忆355。",仅候选：可能单位换算、概括、纠错或真正遗漏；不能以字符串未命中判漏
nodes/r_5b1357a9c6/cards/t_91cbee/notes_vandal1.md,9,## A. 第二章「UNE RECONNAISSANCE DIPLOMATIQUE」（行4693–5866）——1807年提尔西特后的彼得堡,5100|5150,"3. 【事实｜行5100–5150】沙龙抵制：Savary遍投名刺无人回拜；贵妇最敌对（""Françaises d'autrefois""）；当热·当吉安公爵案被反复引证；书店橱窗摆流亡文学反法小册。",仅候选：可能单位换算、概括、纠错或真正遗漏；不能以字符串未命中判漏
nodes/r_5b1357a9c6/cards/t_91cbee/notes_vandal1.md,11,## A. 第二章「UNE RECONNAISSANCE DIPLOMATIQUE」（行4693–5866）——1807年提尔西特后的彼得堡,5165|5200,"5. 【事实｜行5165–5200+注183】Savary 1807-09-23人物报告：Czartoryski""conduite inexplicable...opinion le place presque partout""（Savary私评""低于其名声""）；旧""救国委员会""四人组去向：Kochubey内相地位动摇、Novosiltsev""英式自由派...ridicule""、Bagration""sombre, ambitieux et n'aimant pas les Français""；Rumiantsev（商务相）与Budberg倾法。",仅候选：可能单位换算、概括、纠错或真正遗漏；不能以字符串未命中判漏
nodes/r_5b1357a9c6/cards/t_91cbee/notes_vandal1.md,13,## A. 第二章「UNE RECONNAISSANCE DIPLOMATIQUE」（行4693–5866）——1807年提尔西特后的彼得堡,185|5227|5238,"7. 【事实｜行5227–5238+注185】拿破仑追问""是否存在离王座更远、离人民更近的另一个社会""；Savary断然回答：除商人群体外无中间阶级，""la noblesse reposait directement sur le peuple""。",仅候选：可能单位换算、概括、纠错或真正遗漏；不能以字符串未命中判漏
nodes/r_5b1357a9c6/cards/t_91cbee/notes_vandal1.md,22,## B. 第三章「RUPTURE AVEC L'ANGLETERRE」（行5866–6755）——Wilson事件与1807-11对英断交,6145|6260,"13. 【事实｜行6145–6260】Sir Robert Wilson两度赴彼得堡：与英使Gower散发伦敦小册《Réflexions sur la paix de Tilsit》（含侮辱亚历山大、离间其与民族军队的段落）；早晨与""英国派首领""工作、白天陪近卫骑士军官（""未原谅奥斯特里茨者""）、晚上巡回沙龙""attisant la haine""；10-31舞会与皇太后女官长Lieven伯爵夫人开舞（""my English triumph""，Wilson II,380）。",仅候选：可能单位换算、概括、纠错或真正遗漏；不能以字符串未命中判漏
nodes/r_5b1357a9c6/cards/t_91cbee/notes_vandal3.md,9,## A. 第一章「LA RUSSIE SE PRÉPARE À ATTAQUER」（行128–2158）——1811初亚历山大的进攻筹划,1653|1655,"3. 【事实｜行246以下】华沙公国内情（Bignon报告转引）：军队5万、军饷拖欠7个月、贵族无法经里加/敖德萨出口谷物、高利贷吞噬地产（注4–6：Bignon致Champagny 1811-04-27/05-09/07-23；AN AF IV 1653–1655；Oginski回忆III, 23-24）。",仅候选：可能单位换算、概括、纠错或真正遗漏；不能以字符串未命中判漏
nodes/r_5b1357a9c6/cards/t_91cbee/notes_vandal3.md,11,## A. 第一章「LA RUSSIE SE PRÉPARE À ATTAQUER」（行128–2158）——1811初亚历山大的进攻筹划,1252|1310,"5. 【事实｜行1252–1310】亚历山大第二信（收信后一日两夜内复）：全部担保照给——先发复国宣言；新波兰含公国+三次瓜分俄占省+尽可能加利西亚；东界=德维纳-别列津纳-第聂伯；完全自治、本土政府军队行政；«dans tous les cas une constitution libérale»；纯个人联合=""autocrate en Russie, roi constitutionnel à Varsovie""。",仅候选：可能单位换算、概括、纠错或真正遗漏；不能以字符串未命中判漏
nodes/r_5b1357a9c6/cards/t_91cbee/notes_vandal3.md,12,## A. 第一章「LA RUSSIE SE PRÉPARE À ATTAQUER」（行128–2158）——1811初亚历山大的进攻筹划,106500|1345|44000,"6. 【事实｜行1313–1345】兵力自报：一线240,500+预备124,000；分师番号逐一列出（步8师×1万+骑4师×4千+哥萨克15团=106,500；第二军134,000；第三军44,000+新兵80,000）。对比第一信粗数：法方在德只能集15万，俄20万+波普丹13万+奥20万（备忘）。",仅候选：可能单位换算、概括、纠错或真正遗漏；不能以字符串未命中判漏
nodes/r_5b1357a9c6/cards/t_91cbee/notes_vandal3_part2.md,27,## D. 第十章（行12258–13300）—瑞典条约、和平党围攻、Speransky之夜、4月8日最后通牒,12884|13100|457|463,"31. 【事实｜行12884–13100+注457–463】Speransky倒台：①与Nesselrode通信证其始终劝和，主战党怕其中途收兵（Tegnér III,373）；②阴谋：Armfeldt为首+警寡大臣Balashov+""le violent Araktchéef""，套私信（伏尔泰式绰号）、构陷通Lauriston；③社会基础：tchinovnik恨考试入仕、增税民怨归""教士之子""；④沙皇需战前重建道德统一，自问牺牲Speransky换和解；⑤03-16夜Parrot见其怒泪、扬言枪毙（Schilder 242）；⑥03-17夜三小时面谈、当夜kibitka流放下诺夫哥罗德：«Adieu encore une fois, Michaël Mikailovitch»；⑦对Novosiltsev自白：«L'ennemi frappe à la porte de l'empire...Je joue gros jeu»=向贵族人民交""gage""；⑧彼得堡欢庆""une première victoire sur les Français""（Schilder 244）；⑨事后：""Si on t'avait coupé ta main droite serais-tu tranquille?""、""Non, Spéranski n'est pas un traître""；⑩后果：沙皇""更完全交给外国流亡圈""：Bernadotte、Armfeldt（总控官）、Stein、Löwenhielm、Paulucci/Serra-Capriola、Vernègues。注462：据Korf及Vogüé所传俄文材料。",仅候选：可能单位换算、概括、纠错或真正遗漏；不能以字符串未命中判漏
nodes/r_5b1357a9c6/cards/t_91cbee/notes_vandal3_part2.md,28,## D. 第十章（行12258–13300）—瑞典条约、和平党围攻、Speransky之夜、4月8日最后通牒,13100|13160,"32. 【事实｜行13100–13160】Armfeldt跨欧地下网：d'Antraigues、Dumouriez（""斯基泰人抗大流士""）、Serra-Capriola煽意、Cortes使节入俄、Bernadotte以意大利王座诱卡尔大公。",仅候选：可能单位换算、概括、纠错或真正遗漏；不能以字符串未命中判漏
nodes/r_5b1357a9c6/cards/t_998052/B3_royal_navy.md,87,## ⑦ 社会结构与阶层,3163|777,"【锚点】舰上从贵族及绅士家庭出身军官，到有长期学徒技术的木匠、熟练水手、普通海员、少年、陆战队组成等级社会。海军军官不能像陆军那样直接购买委任，但人脉庇护仍重要；中尉考试要求海上年资。James 1812名册有777名post-captains、566名commanders、3,163名lieutenants，不能全算在役。[FB人员章；J-VI40]",仅候选：可能单位换算、概括、纠错或真正遗漏；不能以字符串未命中判漏
nodes/r_5b1357a9c6/cards/t_998052/B3_royal_navy.md,121,## ⑪ 生态与人口,361|451,【锚点】波罗的海港口通常12月至3月冻结，风暴造成1811晚归灾难；北美木材质量和运输损耗使“到英国”也未必“合格入坞”。舰上疾病、热带服务、事故和重体力劳动消耗人员。[Ryan p451；Albion p361；FB医务章],仅候选：可能单位换算、概括、纠错或真正遗漏；不能以字符串未命中判漏
nodes/r_5b1357a9c6/cards/t_998052/B3_royal_navy.md,244,### 不是一条“英国永远每年多造十舰”的曲线,1271808|1351830|155,|海勤舰体|1809 H127，1808/09 I113；1813账籍244仅H124。[J16–J21]|继续战争可在1815保持H120–135，1830规划H130–155；不是从港勤栏简单搬来70舰，更不是物理绝对上限。主限制为修理、退出与人员，而非英国造不了155个壳体。中|,仅候选：可能单位换算、概括、纠错或真正遗漏；不能以字符串未命中判漏
nodes/r_5b1357a9c6/cards/t_998052/VALIDATION.md,31,## 必须继承的限度,146250|160850,- W125现役端点通过削巡防/小舰任务维持约146250人；若全球任务也取E高线则160850，不是免代价增加战列舰。,仅候选：可能单位换算、概括、纠错或真正遗漏；不能以字符串未命中判漏
nodes/r_5b1357a9c6/cards/t_998052/model_assumptions.md,43,## 对称比较端点（H／A12／I）,146250|160850,W后期125现役战列舰高端在本表只保100巡防、200小舰、15000其他人员，总146250；若要同时取E的125巡防/260小舰/16000其他人员则160850。响应CSV逐行列常备人员与费用，不给免成本额外舰；A12集中动员与常备人员不相加。,仅候选：可能单位换算、概括、纠错或真正遗漏；不能以字符串未命中判漏
nodes/r_5b1357a9c6/cards/t_998052/notes_final_checks.md,7,# B3最后口径复核记录,146250|160850,3. W后期I125配100巡防、200小舰、15000其他人员，总146250；若保持E所有舰种任务则160850。常备与A12集中动员为两种安排，禁止相加。,仅候选：可能单位换算、概括、纠错或真正遗漏；不能以字符串未命中判漏
nodes/r_5b1357a9c6/cards/t_998052/notes_late_checks.md,6,## 资料口径,10211378|12350606,"- 已查Fremont-Barnes p44实际表：1803 £10,211,378；1804 £12,350,606；1805–15脚本所录全部一致。年度总票人数是汇总，保留1803分期与1814争议。",仅候选：可能单位换算、概括、纠错或真正遗漏；不能以字符串未命中判漏
nodes/r_5b1357a9c6/cards/t_998052/notes_late_checks.md,11,## 1845技术锚点,0923|637044|71,Royal Museums Greenwich PAH0923，https://www.rmg.co.uk/collections/objects/rmgc-object-140870，缓存downloads/pages/b71a637044ed.md，已读完整实体说明。题名记1845-04-03 Rattler与Alecto背靠背牵引，检验螺旋桨与明轮，Rattler拖动Alecto。馆藏版画题名不是科学控制实验报告，不用来量化螺旋桨效率；足以约束1840s有真实皇家海军推进试验，不能1803凭空获得全蒸汽战列舰。,仅候选：可能单位换算、概括、纠错或真正遗漏；不能以字符串未命中判漏
nodes/r_5b1357a9c6/cards/t_998052/notes_synthesis_anchors.md,16,## H15｜Hansard 1815-06-14 vol31 cc806–820,140000|70000,"- 人数减140,000至70,000仍因回国索欠饷造成当期额外现金支出。此处seamen是演说简写，不据此推翻分项表含marines。",仅候选：可能单位换算、概括、纠错或真正遗漏；不能以字符串未命中判漏
nodes/r_5b1357a9c6/cards/t_998052/part_01_unit.md,87,## ⑦ 社会结构与阶层,3163|777,"【锚点】舰上从贵族及绅士家庭出身军官，到有长期学徒技术的木匠、熟练水手、普通海员、少年、陆战队组成等级社会。海军军官不能像陆军那样直接购买委任，但人脉庇护仍重要；中尉考试要求海上年资。James 1812名册有777名post-captains、566名commanders、3,163名lieutenants，不能全算在役。[FB人员章；J-VI40]",仅候选：可能单位换算、概括、纠错或真正遗漏；不能以字符串未命中判漏
nodes/r_5b1357a9c6/cards/t_998052/part_01_unit.md,121,## ⑪ 生态与人口,361|451,【锚点】波罗的海港口通常12月至3月冻结，风暴造成1811晚归灾难；北美木材质量和运输损耗使“到英国”也未必“合格入坞”。舰上疾病、热带服务、事故和重体力劳动消耗人员。[Ryan p451；Albion p361；FB医务章],仅候选：可能单位换算、概括、纠错或真正遗漏；不能以字符串未命中判漏
nodes/r_5b1357a9c6/cards/t_998052/part_04_capacity_conclusion.md,7,### 不是一条“英国永远每年多造十舰”的曲线,1271808|1351830|155,|海勤舰体|1809 H127，1808/09 I113；1813账籍244仅H124。[J16–J21]|继续战争可在1815保持H120–135，1830规划H130–155；不是从港勤栏简单搬来70舰，更不是物理绝对上限。主限制为修理、退出与人员，而非英国造不了155个壳体。中|,仅候选：可能单位换算、概括、纠错或真正遗漏；不能以字符串未命中判漏
nodes/r_5b1357a9c6/cards/t_9bd988/MX_new_spain_cuba.md,70,## §2 ②法律司法与行政渗透,119000|175000|290000|363000|398000|411000|416000|638000,"【锚点】行政渗透密度的实测：1786 年设 intendencia 制，全境十二个 intendencia 加内陆诸省。1793 年普查分省人口：瓜纳华托 398,000（印第安 175,000）、巴利亚多利德 290,000（119,000）、普埃夫拉 638,000（416,000）、瓦哈卡 411,000（363,000）（Humboldt 伯尔尼数字版英译快照）。",仅候选：可能单位换算、概括、纠错或真正遗漏；不能以字符串未命中判漏
nodes/r_5b1357a9c6/cards/t_9bd988/MX_new_spain_cuba.md,85,## §3 ③财政货币金融,255|256,"- **1780–1810 年从私人与法团筹得贷款 ≥3,000 万 pesos、捐输 500 万 pesos，全部运出境外**（p.255）。Marichal 明言此数低于 Klein 的估计，因为 Klein 用 cartas cuentas 会重复计算（p.255–256 及注 6）。",仅候选：可能单位换算、概括、纠错或真正遗漏；不能以字符串未命中判漏
nodes/r_5b1357a9c6/cards/t_9bd988/MX_new_spain_cuba.md,88,## §3 ③财政货币金融,6742915|8033000,"- **贷款结构**：墨西哥城商人行会 1782–1811 年经手有息贷款 8,033,000 pesos、无息""supplements"" 6,742,915 pesos；1810、1811 两年借的钱一分未还（p.257 表 8.1 与正文）。Valle Pavón 语：商人行会""changed from being a collector of capital … to operating as **an instrument of the royal treasury to extract and withdraw from circulation money that Mexico City proprietors had put aside for periods of scarcity**""（p.257）。",仅候选：可能单位换算、概括、纠错或真正遗漏；不能以字符串未命中判漏
nodes/r_5b1357a9c6/cards/t_9bd988/MX_new_spain_cuba.md,92,## §3 ③财政货币金融,15402040|166|525,"- **新西班牙实收 10,321,800 pesos（1805–09），汇欧 9,398,000**；全美洲＋菲律宾 15,402,040；新西班牙占约三分之二（p.166–167 表 4.2、4.3）。分教区：墨西哥 525 万、普埃夫拉 216 万、米却肯 96 万、瓜达拉哈拉 89 万、瓦哈卡 55 万。",仅候选：可能单位换算、概括、纠错或真正遗漏；不能以字符串未命中判漏
nodes/r_5b1357a9c6/cards/t_9bd988/MX_new_spain_cuba.md,140,## §5 ⑤撷取与动员上限,1300|255,"| 财政外汇（对欧洲） | 800 万 pesos/年 | 1,100–1,300 万（3–5 年） | 超过 1,300 万即须抽干信贷体系 | Marichal p.273、p.255、表4.2 |",仅候选：可能单位换算、概括、纠错或真正遗漏；不能以字符串未命中判漏
nodes/r_5b1357a9c6/cards/t_9bd988/MX_new_spain_cuba.md,142,## §5 ⑤撷取与动员上限,1393.5|4827500,"| 商人强制借贷 | — | 1809–11 三年内 4,827,500（有息850k+983k、无息1,393.5k+2,500k+1,194k） | 1810、1811 两年借款全未偿还，信用消失 | 表8.1 |",仅候选：可能单位换算、概括、纠错或真正遗漏；不能以字符串未命中判漏
nodes/r_5b1357a9c6/cards/t_9bd988/MX_new_spain_cuba.md,172,## §7 ⑦社会结构与阶层,4483569|5837000,"【锚点·人口】1793 年 Revillagigedo 普查 **4,483,569**（Humboldt 视为下限）；Humboldt 采 1804 年 **5,837,000**，并自估""**en 1808 la población de México fue superior a 6.500,000 almas**""（Antorcha 中译转录快照）。",仅候选：可能单位换算、概括、纠错或真正遗漏；不能以字符串未命中判漏
nodes/r_5b1357a9c6/cards/t_9bd988/MX_new_spain_cuba.md,298,### 13.2 社会与安全,33881|432000|7449,"【锚点】人口约 50 万（1804 普查 432,000；1810 普查 600,000；作者自承插值""sin un valor riguroso""）；圣多明各法国难民 **2 万–3 万**（官方至 1804-12-31 计 18,213；Pérez de la Riva 约 2 万；Marrero 3.2 万）；**圣地亚哥 1808 年 33,881 人中 7,449 人是法国人，超过全城两成**（doc 90b0ffc8ef9e p.276 及注，亲读）。",仅候选：可能单位换算、概括、纠错或真正遗漏；不能以字符串未命中判漏
nodes/r_5b1357a9c6/cards/t_9bd988/MX_new_spain_cuba.md,299,### 13.2 社会与安全,286900|436500|462965,"【锚点】奴隶：1790–1867 年输入约 **78 万**（NWIG）；1789–1833 年 462,965（eumed 快照）；1827 年全岛奴隶 286,900、1841 年 436,500（HAHR《Slave Prices in Cuba》快照）。",仅候选：可能单位换算、概括、纠错或真正遗漏；不能以字符串未命中判漏
nodes/r_5b1357a9c6/cards/t_9bd988/MX_new_spain_cuba.md,348,### 15.0 模型与口径,189|960,"【**必须先说的否定结论**】**1803 年补贴条约的要求，墨西哥白银在任何情景下都填不满。**Marichal 记法方索价每月 1,600 万 reales，并自行换算为""1.6 million silver pesos or dollars""；但同书 p.189 又以 4 亿 reales ＝ 2,000 万 pesos 换算（20 reales/peso）。**两处换算不一致，本卡不取中值而保留区间：月额 80–160 万 pesos，年额 960–1,920 万 pesos。**对照法国实得：可持续中枢 190 万 → 覆盖率 13%（全区间 5–34%）；1804–08 已发生的峰值 210–240 万 → **11–25%**。",仅候选：可能单位换算、概括、纠错或真正遗漏；不能以字符串未命中判漏
nodes/r_5b1357a9c6/cards/t_9bd988/MX_new_spain_cuba.md,365,### 15.1 情形 A：波旁续任、亲法（B4b 的美洲后果）,192.2|333.9|89.6,| **法国实得（四因子连乘）** | **89.6 ≈ 90 万** | **192.2 ≈ 190 万** | **333.9 ≈ 330 万 pesos/年** |,仅候选：可能单位换算、概括、纠错或真正遗漏；不能以字符串未命中判漏
nodes/r_5b1357a9c6/cards/t_9bd988/MX_new_spain_cuba.md,366,### 15.1 情形 A：波旁续任、亲法（B4b 的美洲后果）,1650|960,"| 折法郎（1 piastre＝5 fr） | 450 万 | 960 万 | 1,650 万 法郎/年 |",仅候选：可能单位换算、概括、纠错或真正遗漏；不能以字符串未命中判漏
nodes/r_5b1357a9c6/cards/t_9bd988/MX_new_spain_cuba.md,421,## §16 ⑭年表 1803–1848（S1／S2／S3／S5／S6 下的该单位，≥25 条）,2316|29408015,"9. **1808-11 至 1811-02** ｜〔锚〕西属美洲对加的斯官方汇款 29,408,015 pesos，其中墨西哥（含与哈瓦那合列项）约 2,316 万（Canga Argüelles 表，Marichal 表 7.4）。｜**A**：这笔钱的一部分（1/4–1/2）会改流向法国（中）；**C**：全部留在美洲（中高）。",仅候选：可能单位换算、概括、纠错或真正遗漏；不能以字符串未命中判漏
nodes/r_5b1357a9c6/cards/t_9bd988/MX_new_spain_cuba.md,426,## §16 ⑭年表 1803–1848（S1／S2／S3／S5／S6 下的该单位，≥25 条）,119.4|98.3,14. **1810–11** ｜〔锚〕墨西哥城商人行会 1810 年借出 98.3 万有息＋250 万无息、1811 年 119.4 万无息，**1810–11 两年借款全未偿还**（Marichal 表 8.1）。｜**三情形同向**：商人信用一旦被违约摧毁即不可恢复（高）。,仅候选：可能单位换算、概括、纠错或真正遗漏；不能以字符串未命中判漏
nodes/r_5b1357a9c6/cards/t_9bd988/MX_new_spain_cuba.md,504,### 口径冲突登记（交红队与总装）,70000|7906,"| 1 | 在册半岛人数 | Humboldt 70,000–80,000 | Navarro y Noriega 7,906 | 不取中值，分两档推演（§7） |",仅候选：可能单位换算、概括、纠错或真正遗漏；不能以字符串未命中判漏
nodes/r_5b1357a9c6/cards/t_9bd988/notes_humboldt_mining.md,7,"## 来源A：Alexander von Humboldt, *Essai politique sur le royaume de la Nouvelle-Espagne*, t.III（Paris: Schoell, 1811）",2125|2500000,"  → 换算：2,500,000 marcs × 8.5 pesos/marc ≈ 2,125 万 pesos 年外流（与 Marichal""铸币约 2,000–2,400 万 pesos""同量级）。**瓜纳华托一条矿脉 ≈ 全墨西哥白银的 1/4、全美洲的 1/6。**",仅候选：可能单位换算、概括、纠错或真正遗漏；不能以字符串未命中判漏
nodes/r_5b1357a9c6/cards/t_9bd988/notes_humboldt_mining.md,16,"## 来源A：Alexander von Humboldt, *Essai politique sur le royaume de la Nouvelle-Espagne*, t.III（Paris: Schoell, 1811）",156752|372|48952,"- 【事实·亲读 印p.372（对照组）】Freiberg 1789–99 年均 156,752 quintaux 矿石产 48,952 marcs 银。（用于说明墨西哥矿石品位低而规模大）",仅候选：可能单位换算、概括、纠错或真正遗漏；不能以字符串未命中判漏
nodes/r_5b1357a9c6/cards/t_9bd988/notes_marichal.md,36,## C. Iturrigaray 与白银发运（PDF p187–190 / 印 171–174）,243|833,"  来源：AGI Ultramar 833 ""Razón de las cantidades que se han librado sobre las Cajas Reales de América desde el 2 de agosto de 1804 hasta 8 de febrero de 1808""，转引 Calderón Quijano 1968 pp.242–243（Marichal 注 66）。**这是本卡""1804–08 白银汲取上限""的硬锚点。**",仅候选：可能单位换算、概括、纠错或真正遗漏；不能以字符串未命中判漏
nodes/r_5b1357a9c6/cards/t_9bd988/notes_marichal.md,58,## D. 韦拉克鲁斯白银出运：中立船与英国军舰（PDF p192–193、p224–226 / 印 176–177、208–210）,1248|2000000|3100000|551641,"  【口径冲突·本卡登记】表内 Gordon & Murphy 各项（3,100,000＋2,000,000＋1,000,000＋1,000,000＋551,641＋1,000,000）＝8,651,641，与正文一致；但 Diana 一项属 Hope 合约，表内日期 1807-08-24 与正文""1806 年 8 月底抵港""不同（抵港 vs 离港，或年份误植）。**本卡按""Gordon&Murphy 6 船 8.65m＋Hope/Diana 3.83m＝英舰运走约 1,248 万 pesos（1806-12 至 1808-08）""使用，并标注日期争议。**",仅候选：可能单位换算、概括、纠错或真正遗漏；不能以字符串未命中判漏
nodes/r_5b1357a9c6/cards/t_9bd988/notes_marichal.md,59,## D. 韦拉克鲁斯白银出运：中立船与英国军舰（PDF p192–193、p224–226 / 印 176–177、208–210）,208|3100000,"- 【事实·亲读】总督 Iturrigaray 对英舰取银的原话（1807-05-23 致 Soler）：""...the transshipment was carried out at sea; it sailed at last with 3,100,000 pesos which amounted to the total of the royal drafts (issued by the Consolidation Fund) and set out for England""（p224 / 印 208）。",仅候选：可能单位换算、概括、纠错或真正遗漏；不能以字符串未命中判漏
nodes/r_5b1357a9c6/cards/t_9bd988/notes_politics_society.md,32,"## C. 族群与人口结构（决定""谁能统治""）",70000|7906,"  → **本卡采区间：在册半岛人 8,000–15,000（Navarro y Noriega 下限 7,906 与 Humboldt 上限 70,000–80,000 之间，取靠近下限，因为首都仅 2,500 的自证）；占总人口 0.13%–0.25%。克里奥尔白人约 100–120 万；印第安人约 250 万（占五分之二，在瓜纳华托、巴利亚多利德、普埃夫拉、瓦哈卡四省达五分之三）；黑奴仅 6,000–10,000。**",仅候选：可能单位换算、概括、纠错或真正遗漏；不能以字符串未命中判漏
nodes/r_5b1357a9c6/cards/t_9bd988/notes_politics_society.md,42,## D. 古巴：忠诚的物质基础,33881|432000|7449,"- 【事实·亲读 doc 90b0ffc8ef9e p.276】人口与法国难民：""la población total de la isla rondaba **el medio millón de habitantes en 1808**""（1804 普查 432,000；1810 普查 600,000）；圣多明各法国难民 **20,000–30,000**（官方至 1804-12-31 计 18,213 人；Marrero 32,000，Pérez de la Riva 认为约 20,000）；Santiago de Cuba 1808 年 33,881 人中 **7,449 为法国人**（>20%）。",仅候选：可能单位换算、概括、纠错或真正遗漏；不能以字符串未命中判漏
nodes/r_5b1357a9c6/cards/t_9bd988/notes_politics_society.md,43,## D. 古巴：忠诚的物质基础,10261|18238|48820,"- 【事实·转引快照（Vázquez Cienfuegos, CSIC hdl 10261/48820 与 10261/18238）】**1808 年 7 月哈瓦那洪塔计划**：7-17 提出（Agustín de Ibarra、Francisco de Arango y Parreño、José de Ilincheta、conde de O'Reilly、síndico Tomás de la Cruz Muñoz）；7-20 正式宣告费尔南多七世；7-22 总督 Someruelos 公文承认""el independiente derecho que tienen las distintas provincias de gobernarse por sí mismas""；7-26 正式呈请设 Junta Superior；**7-27 仅征得 73 个签名（Arango 认为至少需 200），其中 46 人为半岛人**；旅长 **Francisco Montalvo** 拍桌宣称只要他活着佩剑，哈瓦那就不会有洪塔；计划当日撤回。",仅候选：可能单位换算、概括、纠错或真正遗漏；不能以字符串未命中判漏
nodes/r_5b1357a9c6/cards/t_9bd988/notes_politics_society.md,48,## D. 古巴：忠诚的物质基础,1110991|23130|309195|4969,"- 【事实·亲读 doc a6a2c8acc763 表1】古巴糖产/出口（公吨）：1750 = 4,969；**1800 = 28,761**；1850 = 294,952；1900 = 309,195（1894 年峰值 1,110,991，Moreno Fraginals vol.3）。咖啡出口五年均值高点 1830–34 = 23,130 吨。",仅候选：可能单位换算、概括、纠错或真正遗漏；不能以字符串未命中判漏
nodes/r_5b1357a9c6/cards/t_9bd988/notes_politics_society.md,50,## D. 古巴：忠诚的物质基础,240721|286900|436500|462965,"- 【事实·转引快照】1789–1833 年输入古巴奴隶 462,965 人（eumed 文章注 11）；Pezuela：1790–1821 经哈瓦那 240,721 人、经圣地亚哥等 6 万，合走私共近 40 万。1827 年普查：1,000 家 ingenios；全岛奴隶 286,900（1827）→436,500（1841）。",仅候选：可能单位换算、概括、纠错或真正遗漏；不能以字符串未命中判漏
nodes/r_5b1357a9c6/cards/t_9bd988/notes_politics_society.md,59,## F. 本卡登记的口径冲突,70000|7906,"1. 半岛人口：Humboldt 70,000–80,000 vs Navarro y Noriega 7,906（差近十倍）——不可平均，须分档推演。",仅候选：可能单位换算、概括、纠错或真正遗漏；不能以字符串未命中判漏
nodes/r_5b1357a9c6/cards/t_9f10b6/F4_french_finance_ruling_class.md,9,## 判断先行,495|683,【模型推演｜中置信】最可信的S5财政路径为：不废西班牙王、不远征俄国；核心税收保持、逐步松动原料贸易；法国陆军初期约40–45万，独立盟军约20–25万并自养（均为有条件在册量）；境外赠产逐步换为国内地产或年金；海军扩建分期。在1815–1820过渡期，以净经常收入800、可兑现盟约现金40、非军及旧债养老300、新增补偿25、储备积累20计，**陆海军联合预算只有495**。陆军300＋海军195可在现金账上闭合，但军力任务未必充分；陆军350＋海军195则缺50。此为条件算例，不是历史决算。[C-JUN，1810-06-06；M，pp.322–327；SG，pp.683–690；T，pp.24–25],仅候选：可能单位换算、概括、纠错或真正遗漏；不能以字符串未命中判漏
nodes/r_5b1357a9c6/cards/t_9f10b6/F4_french_finance_ruling_class.md,29,## ① 决策结构与政治制度,710|720|740,【锚点｜事实】财政征收由Gaudin主持，国库调度由Mollien主持；皇帝经财政行政会议逐项改变预算。1810年6月讨论普通收入710–720与特别资源补足740；7月又设想追加海关特别收益。1806年银行改革设置皇帝任命的行长、两名副行长，并在十五名理事中保留三名税务总收款人。银行仍是私人股份机构，不是财政部一个处室。[C-JUN；C-JUL，7月5日；PL，“Empire”节],仅候选：可能单位换算、概括、纠错或真正遗漏；不能以字符串未命中判漏
nodes/r_5b1357a9c6/cards/t_9f10b6/F4_french_finance_ruling_class.md,37,## ② 法律司法与行政渗透,295|307,【锚点｜事实】审计法院能够审查会计人员，却不能以同样方式控制大臣的政策和超支；Marion引Defermon说明其权力边界。地籍工程及职业化征收改善征收秩序，但地区制度不齐：荷兰、汉萨、罗马等一度保留独立财政管理，伊利里亚始终不同。[M，pp.295–297、307–313、321],仅候选：可能单位换算、概括、纠错或真正遗漏；不能以字符串未命中判漏
nodes/r_5b1357a9c6/cards/t_9f10b6/F4_french_finance_ruling_class.md,57,### 3.1 税基真的在扩张，但不全是实际新增现金,149.627|172.763|179.634|192.635|386.881472,"【锚点｜事实】烟草专卖1812总收益43，费用26；净17是减算值。登记、印花、地产1810账期净权利192.635，截至1811年4月1日才收179.634。**本轮图像核读修正了早前一项自我记录的“年份交叉”疑点：**p.305注1并非混写An XII与An XIII，而是明确分开两种口径——“Les chiffres diffèrent selon que l’on compte par année ou par exercice: ainsi pour l’an XIII c’était 172.763.591 pour l’exercice, mais seulement 149.627.795 encaissés pendant les 12 mois de l’an XIII”，并指出Gaudin与d’Ivernois的数字冲突正源于后者暗用“按年”口径。两数同属An XIII，比值86.61%仅为“十二个月现金占账期权利”，因账期长于十二个月，不等于欠缴率，也不得移植为其他税种的征收效率。这是反事实预算必须将“账面收入”与“当年可用现金”分列的同时代依据。直接税实收含本金和附加税1809为386.881472，不能与中央预算直接税约300多m混为同口径。[M，pp.304–305、309]",仅候选：可能单位换算、概括、纠错或真正遗漏；不能以字符串未命中判漏
nodes/r_5b1357a9c6/cards/t_9f10b6/F4_french_finance_ruling_class.md,77,### 3.3 债务、利率与银行不是同一变量,32.927267|56.730583,【锚点｜事实】1809年12月21日登记年金年度票息56.730583，其中法国私人持有32.927267、外国约5，剩余多为公机构或受限制资产持有，市场流通受限；这不是56.7m债务本金。低流通供给和官方托市可以维持价格，却不能证明巨大新发债同价成交。[M，pp.341–343],仅候选：可能单位换算、概括、纠错或真正遗漏；不能以字符串未命中判漏
nodes/r_5b1357a9c6/cards/t_9f10b6/F4_french_finance_ruling_class.md,105,## ⑥ 军事：财政检查不能缺席,335.529|378.328|520|558,【锚点｜文献推断】Marion转Mollien：600法郎/兵年含薪饷养护，700加武器和补马；1806年那不勒斯报告900遭批评，作者自己承认兵力和外国分摊使确数难定。1808军两部法定拨款335.529，Mollien另列378.328；1812法律520，回忆录558。不同列不是抽样误差，不能平均。[M，pp.322–324],仅候选：可能单位换算、概括、纠错或真正遗漏；不能以字符串未命中判漏
nodes/r_5b1357a9c6/cards/t_9f10b6/F4_french_finance_ruling_class.md,113,## ⑦ 社会结构与阶层：谁会接受和平？,4035|682|770|950,【锚点｜事实，经SG】1810年初赠产年收入超过18、受益人4035；1814年7月分层表：3500人年金500法郎（多为残废军人）、950人2000、770人4000，另约600人每人超过4000且这批人合计即达18m，四项相加约24.73m。此处的18m与1810年初全体赠产的8m以上“超过18”是不同群体的同数值，不得相加；1809年8月全体为15.165m。这里是年度私人收益，不是全部养老金。1808法令及1810年3月3日法令提供出售境外财产、再投资境内地产或年金的通道；法律许可不等于已成交。[SG，pp.682–690；MA],仅候选：可能单位换算、概括、纠错或真正遗漏；不能以字符串未命中判漏
nodes/r_5b1357a9c6/cards/t_9f10b6/F4_french_finance_ruling_class.md,140,### 1810–1812：产业、银行和粮食危机要分层,568|571,【锚点｜文献推断】Branda记商品投机、1810下半年价格崩落、银行紧缩和工业停工；巴黎1811年1–2月122起企业破产为后出统计转述，未亲核破产卷宗。Gabillard则质疑1807–1810存在广泛银行信用膨胀：贴现没有超出1805，银行券85→101的增长也有限；他更重视金属流动、去窖藏、原料短缺和封锁造成的市场畸变。二者部分兼容，但不能写成已证实的单一“全法信贷泡沫”。[B12；GA，pp.568–571],仅候选：可能单位换算、概括、纠错或真正遗漏；不能以字符串未命中判漏
nodes/r_5b1357a9c6/cards/t_9f10b6/F4_french_finance_ruling_class.md,239,### A．能力包络,4035|683,"|统治联盟补偿|1809-08全体15.165、1810-01超18（4,035人）、1814分层合计约24.73[SG p.683]|新增15–30/年压力带|除赠产外又承担全欧洲君主、旧债和全部免税赔偿|",仅候选：可能单位换算、概括、纠错或真正遗漏；不能以字符串未命中判漏
nodes/r_5b1357a9c6/cards/t_9f10b6/F4_french_finance_ruling_class.md,266,### B．S5：固定税收核心下的1815–1848,31964|44286|56.625|5714,【推演｜中】第二案是早期最接近“大陆霸权同时缓慢缩小海军差距”的可行形态，却有三项承重条件：T高端实现；盟约40真能兑现且未与养兵节省重复；法国陆军在约40–45万、单价约700量级。F2最终27格联算进一步收紧此案：300m÷700约42.86万法国在册；加20万盟军、按85%在场率，仅53.43万可用。对F2的S2中心任务54万约缺5714，成熟S5需求49万约余44286；对其S6-lite需求56.625万约缺31964。初期主线应为法国40–45万＋20–25万可靠盟军，并准备放慢部分造舰或缩小任务；不能把财政平账视为军力充分。按相同代理，S2需盟军约20.67万，lite需约23.76万。**盟军供兵与另付40m现金虽不是会计重复，能否同时履约仍须逐国核查。**[F2，最终主稿§③、27格联合表；本卡复算],仅候选：可能单位换算、概括、纠错或真正遗漏；不能以字符串未命中判漏
nodes/r_5b1357a9c6/cards/t_9f10b6/F4_french_finance_ruling_class.md,294,### C．S6：一个新省到底带来多少钱？,188|226.389345|342.260044,【锚点｜文献转录】Grab报告伊利里亚约150万人，1812支出预算13.5，其中军海9.9；地方收入长期不敷。不能拿1810预估收入15减1812支出13.5制造同年盈余。Marion列1812全部1792后并合地预期毛342.260044、净226.389345，并认为行政与工程使这些并合地整体最终成本超过其进款；这是作者概括，未在本卡重建为所有省份净亏总账。[GR pp.188–191；M p.321],仅候选：可能单位换算、概括、纠错或真正遗漏；不能以字符串未命中判漏
nodes/r_5b1357a9c6/cards/t_9f10b6/F4_french_finance_ruling_class.md,310,### C．S6：一个新省到底带来多少钱？,710|720,【参数依据与边界】20税额接近710–720除3700万的核心尺度，但不把它当新省实绩；24/12分别测试更高/较低货币化。地方支出、驻军、继承债务的存在以荷兰、罗马、伊利里亚为锚；**各分项具体数值为敏感性裁量**，D1/D2需用地区资料替换。它们不是回归系数，也不证明比利时恰好＋11或西班牙恰好−11。,仅候选：可能单位换算、概括、纠错或真正遗漏；不能以字符串未命中判漏
nodes/r_5b1357a9c6/cards/t_9f10b6/F4_french_finance_ruling_class.md,371,## 补2．1810年「非常关税」61.046m的构成与严格版S3下的区间,105927667|53622620|61.046,"【锚点｜事实】Marion p.306把这61.046m的来源逐项点名：1810年7月9日法令允许荷兰大量存在的殖民地货物由业主保留，**缴50%税**；8月5日与10月18日法令提高同类货物进口税并强化缉私；以及**许可证制度**，「qui permit d'en tirer même d'Angleterre et de les introduire en payant d'énormes droits」。同页给出两个时段数：**1810年7月法令后仅4个月即达53,622,620**；1810年8月至1812年1月1日累计105,927,667。原文未给各component的份额。[M，p.306]",仅候选：可能单位换算、概括、纠错或真正遗漏；不能以字符串未命中判漏
nodes/r_5b1357a9c6/cards/t_9f10b6/F4_french_finance_ruling_class.md,399,## 补4．专卖与毛额的通例警告,149.63|172.76,【通例｜裁量｜高】凡**专卖、régie、罚没与地产变现**四类收入，文献与网页常以毛额示人：烟草毛43/净17（费用占60%）、阿尔卑斯外盐烟régie1809毛18.849/1811毛23.139、登记类账期权利172.76而十二个月现金149.63（86.61%）、1813公社地产资本370m而当年可得约123m。**凡遇「专卖收入××」，未见费用行即应按被高估处理**；本卡所有模型用净口径，凡只有毛口径者单列且禁止并入T。,仅候选：可能单位换算、概括、纠错或真正遗漏；不能以字符串未命中判漏
nodes/r_5b1357a9c6/cards/t_9f10b6/F4_french_finance_ruling_class.md,467,### ③ 核心：贡赋退出不是预算窟窟，而是一条融资腿与其对应支出同时消失,156.4|161.7|372.5|43.7,恒等式：**372.5 ＝ 156.4（外部）＋161.7（本土国库）＋43.7（递延）＋10.7（银行）**（复算✓）。,仅候选：可能单位换算、概括、纠错或真正遗漏；不能以字符串未命中判漏
nodes/r_5b1357a9c6/cards/t_9f10b6/F4_french_finance_ruling_class.md,473,### ③ 核心：贡赋退出不是预算窟窟，而是一条融资腿与其对应支出同时消失,161.7|216.1|43.7,2. **和平释放的本土资源 ＝ 161.7＋43.7＋10.7 ＝ 216.1m/年**（国库加递延加银行三腿）。即使外部现金归零，本土释放额仍为其 **1.75–2.3 倍**。,仅候选：可能单位换算、概括、纠错或真正遗漏；不能以字符串未命中判漏
nodes/r_5b1357a9c6/cards/t_9f10b6/F4_french_finance_ruling_class.md,483,### ④ 局限与不可恢复项（不得隐瞄）,56.77|60.07,2. **11.5年是本卡选定的期间长度**；取11或12年各年均值变动约±4%。且**年均掩盖峰值**（1809年56.77m、1812年60.07m 对 1805年8.82m），不得当作任一年实际值。,仅候选：可能单位换算、概括、纠错或真正遗漏；不能以字符串未命中判漏
nodes/r_5b1357a9c6/cards/t_9f10b6/f4_audit.md,18,## 一、引文与数字抽核（本轮亲自复核，非转述旧记录）,044|180615|66.5|786|986,| 9 | M 印p.321／PDF341 | 图像 | 总收入**986**（An XIV-1806，15个月）、**786**（1809）确认；Gaudin 1811-04-30「105 millions au plus」分项55/7/20/10/12.5；Simplon「ne couvrira même pas les frais de son administration」；1812并合地342.260.044毛／226.389.345净，分地区83/66.5/38.791/37.5/33/22.5/16/16.5 |,仅候选：可能单位换算、概括、纠错或真正遗漏；不能以字符串未命中判漏
nodes/r_5b1357a9c6/cards/t_9f10b6/f4_audit.md,21,## 一、引文与数字抽核（本轮亲自复核，非转述旧记录）,164.488|48.428|655|675|75.473,| 12 | M 印pp.317–319／PDF337–339 | doc_read | 1805奥「dépassèrent 118 millions」但实收75.473.655、带回48.428；1809索250收164.488.675（76当地／88带回）；葡萄牙索100收6；Marion反驳Duncker「十亿普鲁士贡赋」传说 |,仅候选：可能单位换算、概括、纠错或真正遗漏；不能以字符串未命中判漏
nodes/r_5b1357a9c6/cards/t_9f10b6/f4_audit.md,25,## 一、引文与数字抽核（本轮亲自复核，非转述旧记录）,4035|683|770|950,| 16 | SG p.683 | 原缓存逐字比对 | 1809-08全体15.165.000；1810-01「plus de 18 millions … 4 035 donataires」；**1814-07分层：3.500×500、950×2.000、770×4.000，另约600人各逾4.000且该组合计即18m**——此18m与1810-01的18m是不同群体，不得相加 |,仅候选：可能单位换算、概括、纠错或真正遗漏；不能以字符串未命中判漏
nodes/r_5b1357a9c6/cards/t_9f10b6/f4_audit.md,38,## 二、机械复算（可重跑）,149.627795|172.763591|172.913472|208.561472|230|35.648|496.5|770|950,- 报告主要算例复算：`800+40−300−25−300−195−20=0`；`800+40−300−25−350−195−20=−50`；`750−300−25−195=230`；`496.5/37=13.4189…`（文书自取整14）；`208.561472−35.648=172.913472`；`1799/4284=41.99%`；`3500×0.0005+950×0.002+770×0.004+18=24.73`；`149.627795/172.763591=86.61%`（报告正文已同步为86.61%）。,仅候选：可能单位换算、概括、纠错或真正遗漏；不能以字符串未命中判漏
nodes/r_5b1357a9c6/cards/t_9f10b6/f4_audit.md,106,### 1　算术复核（全部通过）,41.993|43.393,| 百分比抽检 | 1272/4284; 1859/4284; 1799/4284; 503/4284; 123/4284 | 29.692/43.393/41.993/11.741/2.871% ✓与原表相符 |,仅候选：可能单位换算、概括、纠错或真正遗漏；不能以字符串未命中判漏
nodes/r_5b1357a9c6/cards/t_9f10b6/notes_branda_appendix.md,79,## 三、附表C：An XI(1803)–1814 非常融资来源全表（百万法郎）,41.993|43.393,"**本卡复算（全部通过）**：1272+224+137+62+69+95＝1,859 ✓；809+154+453+383＝1,799 ✓；1859+1799+503+123＝4,284 ✓；1272/4284＝29.692% ✓；1859/4284＝43.393% ✓；1799/4284＝41.993% ✓；503/4284＝11.741% ✓；123/4284＝2.871% ✓。**该表内部完全自洽。**",仅候选：可能单位换算、概括、纠错或真正遗漏；不能以字符串未命中判漏
nodes/r_5b1357a9c6/cards/t_9f10b6/notes_marion_model 2.md,18,## 实质摘录,32.927267|56.730583,- p341–343：`Le crédit est une ressource : et il peut être aussi un frein.` 此为Marion解释。1809-12-21年金总票息56.730583、法国私人32.927267、外国约5；许多公机构持有不得出售。不是债务本金。1808/1809地产换年金先例显示精英转为国家债权人有制度通道，不是市场深度无限。,仅候选：可能单位换算、概括、纠错或真正遗漏；不能以字符串未命中判漏
nodes/r_5b1357a9c6/cards/t_9f10b6/notes_marion_model 2.md,26,## 其他本轮复核,11768|815|849|89.55,"Leroy-Beaulieu, La Dette publique de la France..., Revue des Deux Mondes 3e période, tome6(1874), pp815–849，实读Wikisource，缓存11768f58f5af.md。第一节1823发行5%年金23m票息、价89.55；简化当前收益5/89.55=5.58%，不含手续费。只作后世历史类比；作者规范性赞扬信用诚实不能冒充中性事实。",仅候选：可能单位换算、概括、纠错或真正遗漏；不能以字符串未命中判漏
nodes/r_5b1357a9c6/cards/t_9f10b6/notes_marion_model 2.md,33,## 最终条件模型设计,1205|1815425|1830510|1848633|825,1848能力包络T=700×1.005^33至800×1.0125^33=825–1205m（约1810购买力规划单位，非真实已平减系列）；增长率是假设，不由复辟毛额直接估出。非军中心300×1.0075^n，补偿25，海陆联合中心上限1815 425→1830 510→1848 633，须再减储备、新借款偿付。,仅候选：可能单位换算、概括、纠错或真正遗漏；不能以字符串未命中判漏
nodes/r_5b1357a9c6/cards/t_9f10b6/notes_marion_model.md,7,## 实质摘录,149.627795|172.763591|172.7635911808|179.634|180.809|180.869|1810192.635|53.490825|84418101161811128.2411812144,- p305：droits réunis净AnXIII26.640，1807 85，1808 90，1809 111.844，1810 116，1811 128.241，1812 144。毛额AnXIII53.490825作者自己疑应33m。登记印花地产净AnXIII172.763591，1808 **180.869**（图像修OCR180.809），1810 192.635。脚注限定是账期权利；1811-04-01仅收到1810账期179.634；AnXIII12个月现金149.627795并不等于172.763591。同注前部作An XII、末部作An XIII，年份交叉不一致，不推精确到账率。,仅候选：可能单位换算、概括、纠错或真正遗漏；不能以字符串未命中判漏
nodes/r_5b1357a9c6/cards/t_9f10b6/notes_marion_model.md,16,## 实质摘录,32.927267|56.730583,- p341–343：`Le crédit est une ressource : et il peut être aussi un frein.` 此为Marion解释。1809-12-21年金总票息56.730583、法国私人32.927267、外国约5；许多公机构持有不得出售。不是债务本金。1808/1809地产换年金先例显示精英转为国家债权人有制度通道，不是市场深度无限。,仅候选：可能单位换算、概括、纠错或真正遗漏；不能以字符串未命中判漏
nodes/r_5b1357a9c6/cards/t_9f10b6/notes_marion_model.md,24,## 其他本轮复核,11768|815|849|89.55,"Leroy-Beaulieu, La Dette publique de la France..., Revue des Deux Mondes 3e période, tome6(1874), pp815–849，实读Wikisource，缓存11768f58f5af.md。第一节1823发行5%年金23m票息、价89.55；简化当前收益5/89.55=5.58%，不含手续费。只作后世历史类比；作者规范性赞扬信用诚实不能冒充中性事实。",仅候选：可能单位换算、概括、纠错或真正遗漏；不能以字符串未命中判漏
nodes/r_5b1357a9c6/cards/t_9f10b6/notes_marion_model.md,31,## 最终条件模型设计,1205|1815425|1830510|1848633|825,1848能力包络T=700×1.005^33至800×1.0125^33=825–1205m（约1810购买力规划单位，非真实已平减系列）；增长率是假设，不由复辟毛额直接估出。非军中心300×1.0075^n，补偿25，海陆联合中心上限1815 425→1830 510→1848 633，须再减储备、新借款偿付。,仅候选：可能单位换算、概括、纠错或真正遗漏；不能以字符串未命中判漏
nodes/r_5b1357a9c6/cards/t_9f10b6/notes_marion_model.md,35,## 最终影像校勘补记,13353495|13853495|188|24258000|24268000|335529000|786|986,"本轮在交付前重开p302、304、305、306、321、324原扫描：1807烟草制造零售税**13,353,495**（不是OCR13,853,495）；An XIV–1806烟草制造及关税合计**24,258,000**（不是24,268,000）。军两部1808法律拨款335,529,000已视觉确认；总收入AnXIV–1806=986m、1809=786m已确认。原扫描字形胜于OCR。OUV表1亦已重开PDF42核列与单位。Grab pp188–191段已重读确认伊利里亚150万人、1812预算13.5m/军海9.9m、长期入不敷出。",仅候选：可能单位换算、概括、纠错或真正遗漏；不能以字符串未命中判漏
nodes/r_5b1357a9c6/cards/t_9f10b6/notes_marion_model.md,36,## 最终影像校勘补记,18074|2111,新增PL银行证据：1806贴现5%、1807 4%，1808国库贷款40m、末帝国国家欠银行约50m。保留贴现率与年金收益率区别。1806法行长签字否决、两副行长、十五理事三名总收款人；省外里昂鲁昂1809、里尔1810。来源缓存54a70cc2111c.md，Empire节已重读。,仅候选：可能单位换算、概括、纠错或真正遗漏；不能以字符串未命中判漏
nodes/r_5b1357a9c6/cards/t_9f10b6/notes_marion_model.md,41,## 交付前联合复算与引文修订,1426|352,BR页脚在其所属页正文之后：盟军计算与逐年表为p13，总4284附表p14，26%脚注为p8注9。已同步报告、来源表及生成脚本。BR正文352/383、453/454等与附表不尽一致，保留而依附表录，不假装重核底账。,仅候选：可能单位换算、概括、纠错或真正遗漏；不能以字符串未命中判漏
nodes/r_5b1357a9c6/cards/t_afeae6/Q1_resistance_determinants.md,165,### 4.4 两个异常案例：最有信息量的行,1101|136000|187000,"**莱茵1796–99（配置1101却无大规模起义）**。这是唯一落在高风险配置却零值的案例。Rowe记录1794–97年莱茵驻法军 **136,000–187,000人，""about one-in-ten of the population""**，并直言""Armed resistance was out of the question, given French military power""（Rowe, ""Resistance, Collaboration or Third Way?"", in Esdaile ed. 2005, 印pp.72–73）。Rowe本人提出的反事实比较值得原样引用：若西班牙面对同等比例约130万驻军，是否还能同样反抗？——这是**比较论证，不是识别出的阈值或驻军因果效应**。它给推演的是一个上限概念：军事密度可以替代政治让步，但代价是同期的征发强度与长期怨恨。",仅候选：可能单位换算、概括、纠错或真正遗漏；不能以字符串未命中判漏
nodes/r_5b1357a9c6/cards/t_afeae6/Q1_resistance_determinants.md,197,### 5.3 税制与征管方式，不只是税率,188|232,"Woolf特别点出 droits réunis（酒、盐、烟间接税）征管方式招致最普遍怨恨，官员常粗暴；一个可量化的旁证是：1814年逃入法国的Joseph政府西班牙公务员中**逾40%是财政部雇员，警察官员仅占21%**（印p.232）。蒂罗尔1809向布雷西亚以北山谷的蔓延""owed as much to the dreaded introduction of a new consumption tax as to the excess production crisis of their iron ore mines""，磨坊主、面包师、客栈主、酒商、店主与农民一同罢市；贝格1813年1月制造业工人起义由急性工业危机引发（同页）。罗马的法国档案同样显示征兵动员点火：新征兵、关修院、逐教士、财政要求在数月内把一个原本""prêt à se soumettre""的地方推入""une opposition sans grandes violences""（Madelin, *La Rome de Napoléon*, 索引p.186）；而教士拒绝交出出生登记册、市长装作不懂法律、富人行贿、逃征者遁入 macchia，官方报纸却宣称征兵进行得""tranquillité""（索引pp.187–188）。**行政报告的""平静""不能未经对照就编码为零值**——这是本卡编码纪律的直接来源。",仅候选：可能单位换算、概括、纠错或真正遗漏；不能以字符串未命中判漏
nodes/r_5b1357a9c6/cards/t_afeae6/notes_esdaile_rowe.md,6,## E01 Esdaile导论，印pp.2–8，文件L599–888亲读,10500|3400,"- pp.5–6 西葡驻军高度集中都市/道路；西班牙94k vs葡25k为1808不同空间而非全域巡控。Tyrol1809只有3,400–4,500 Bavarians五据点，奥正规10,500边境待入侵；这是驻军数非每1000居民率，不编造分母。",仅候选：可能单位换算、概括、纠错或真正遗漏；不能以字符串未命中判漏
nodes/r_5b1357a9c6/cards/t_afeae6/notes_esdaile_rowe.md,12,"## R01 Michael Rowe, “Resistance, Collaboration or Third Way? Responses to Napoleonic Rule in Germany”, pp.67–90；本卡亲读pp.72–81（L3910–4360）",136000|187000,"- p.72 莱茵1794–97驻军136,000–187,000，“about one-in-ten of the population”。仅同期全域、不是1802年后常驻率。p.73：“Armed resistance was out of the question, given French military power.” 仍有宗教/象征抗命，禁止理解成全体支持。",仅候选：可能单位换算、概括、纠错或真正遗漏；不能以字符串未命中判漏
nodes/r_5b1357a9c6/cards/t_afeae6/notes_grab.md,2,# Grab实读摘录（Q1）,123456789|44567|653|89910,"版本：Alexander Grab, *Napoleon and the Transformation of Europe*, Palgrave 2003；全文提取快照 downloads/pages/2ad693d5ac13.md（源 https://ndl.ethernet.edu.et/bitstream/123456789/44567/1/2.Alexander%20Grab.pdf；sha edab7a3da65ecabaf8ac33b38a89910a0b10aacae4e3fea1de7a73ce653c2d91），doc 2ad693d5ac13。引印页与快照行；非逐页扫描校核。各章二手综合，依赖的史家不自动算独立证据。",仅候选：可能单位换算、概括、纠错或真正遗漏；不能以字符串未命中判漏
nodes/r_5b1357a9c6/cards/t_b0f045/US_united_states.md,19,## §0 结论先行（十条）,12866020|7239903|9638131,"8. 【演·中高】**S5（1815–48）下美国的决定性变量不是外交而是人口**：1810 年 7,239,903 → 1820 年 9,638,131 → 1830 年 12,866,020（Pitkin 引联邦人口普查），十年增幅 33%、约 24 年翻番。任何欧洲强权在北美大陆的领地都在这条曲线前解体。**""门罗类比""在 S5 中提前出现且针对法国，但其执行仍要借海权——因此美国的战略选择是""与英国靠拢（0.50–0.65）／自建关税-海军（0.20–0.30）／向法国购买式妥协（0.10–0.20）""。**",仅候选：可能单位换算、概括、纠错或真正遗漏；不能以字符串未命中判漏
nodes/r_5b1357a9c6/cards/t_b0f045/US_united_states.md,43,## ③ 财政、货币与金融,1125|11250000|54096,"【锚·Pitkin 行54096】""Interest, on $11,250,000"" —— 1803 年路易斯安那购地款中以 6% 公债形式交付的 1,125 万美元。",仅候选：可能单位换算、概括、纠错或真正遗漏；不能以字符串未命中判漏
nodes/r_5b1357a9c6/cards/t_b0f045/US_united_states.md,51,## ④ 经济：出口结构、转口与运输,1690|180647,"【锚·Perkins 行1690–1725】""in 1806 the United States exported $20 million worth of her own goods to Britain and only $2.7 million worth to France""；""The reexport trade expanded … from an infinitesimal amount in 1791 to $60 million in 1806. In 1806, 47 million pounds of coffee, more than 146 million pounds of sugar, and nearly 2 million pounds of cotton … were reexported to Europe""；政府以退税（drawbacks）几乎全额返还原进口关税；""This trade permitted goods from French and Spanish colonies in the Caribbean, as well as the Ile de France and Bourbon, to reach the home country. It cast the protection of a neutral flag over supplies Napoleon woefully needed""；""Britain scarcely benefited at all, for less than 5 per cent of all reexported commodities went to England and her colonies.""",仅候选：可能单位换算、概括、纠错或真正遗漏；不能以字符串未命中判漏
nodes/r_5b1357a9c6/cards/t_b0f045/US_united_states.md,53,## ④ 经济：出口结构、转口与运输,5300|6400,"【演·高】**美国转口贸易是大陆体系最大的单一漏斗，也是法国殖民地经济唯一的现实出口通道**；其规模（5,300–6,000 万美元／年）与法国全部并合地 1812 年预期毛收入（3.42 亿法郎 ≈ 6,400 万美元量级，按 5.3 法郎/美元粗折，F4 卡 Marion p.321）同阶。对法国而言，**允许这条通道运转所带来的殖民地产品变现，远大于把它关掉所能给英国造成的伤害**。",仅候选：可能单位换算、概括、纠错或真正遗漏；不能以字符串未命中判漏
nodes/r_5b1357a9c6/cards/t_b0f045/US_united_states.md,58,## ⑤ 撷取与动员上限,17405|17425,"【锚·Perkins 行17405–17425】1812-01-27 众议院以 **62:59** 否决 Cheves 提出的""12 艘战列舰＋20 艘巡航舰""造舰案；""Many Republicans, even sincere War Hawks, opposed expansion of a service they considered a heritage from Federalism.""",仅候选：可能单位换算、概括、纠错或真正遗漏；不能以字符串未命中判漏
nodes/r_5b1357a9c6/cards/t_b0f045/US_united_states.md,61,## ⑤ 撷取与动员上限,2650|2660,"【锚·Perkins 行2650–2660】杰斐逊的炮艇路线：Constellation 造价 30 万美元以上，一艘炮艇仅 10,000–14,000 美元，""Jefferson built hundreds""。",仅候选：可能单位换算、概括、纠错或真正遗漏；不能以字符串未命中判漏
nodes/r_5b1357a9c6/cards/t_b0f045/US_united_states.md,73,## ⑦ 社会结构与阶层,12866020|7239903|75360|75364|9638131,"【锛·Pitkin 行75360–75364（引联邦人口普查）】1810 年总人口 7,239,903；1820 年 9,638,131；1830 年 12,866,020。",仅候选：可能单位换算、概括、纠错或真正遗漏；不能以字符串未命中判漏
nodes/r_5b1357a9c6/cards/t_b0f045/US_united_states.md,95,## ⑩ 科技与生产力,36876|36882,"【锛·Pitkin 行36876–36882】1833 年美国本国棉织品出口 2,532,567 美元，其中约 36,000 美元输东印度、约 213,000 输中国、**90 万以上输墨西哥**，其余主要输中美联邦、哥伦比亚、巴西、布宜诺斯艾利斯与智利。",仅候选：可能单位换算、概括、纠错或真正遗漏；不能以字符串未命中判漏
nodes/r_5b1357a9c6/cards/t_b0f045/US_united_states.md,100,## ⑪ 生态、人口与土地,12866020|33.1|33.5|7239903|75360|75364|9638131,"【锛·Pitkin 行75360–75364】1810/1820/1830 人口 7,239,903／9,638,131／12,866,020→十年增幅 33.1%／33.5%，约 24 年翻番。",仅候选：可能单位换算、概括、纠错或真正遗漏；不能以字符串未命中判漏
nodes/r_5b1357a9c6/cards/t_b0f045/US_united_states.md,141,## ⑭ S1／S2／S3／S5／S6 下的美国年表 1803–1848（32 条）,1125|11250000|54096,"| 1 | 1803-04 | 路易斯安那转让：法国退出北美大陆；对价含 6% 公债 1,125 万美元 | 【锚】Pitkin 行54096 ""Interest, on $11,250,000"" | 高 |",仅候选：可能单位换算、概括、纠错或真正遗漏；不能以字符串未命中判漏
nodes/r_5b1357a9c6/cards/t_b0f045/US_united_states.md,142,## ⑭ S1／S2／S3／S5／S6 下的美国年表 1803–1848（32 条）,1359|2820|2885|4100|4200|6028,"| 2 | 1803–06 | 转口贸易由 1,359 万升至 6,028 万美元；本国出口稳定在 4,100–4,200 万 | 【锚】Pitkin 行2820–2885 | 高 |",仅候选：可能单位换算、概括、纠错或真正遗漏；不能以字符串未命中判漏
nodes/r_5b1357a9c6/cards/t_b0f045/US_united_states.md,148,## ⑭ S1／S2／S3／S5／S6 下的美国年表 1803–1848（32 条）,1300|2836|2866|943,"| 8 | 1807-12 | 禁运法。1808 本国出口 943 万、转口 1,300 万（＝1807 年的 19.4%／21.8%） | 【锚】Pitkin 行2836/2866 | 高 |",仅候选：可能单位换算、概括、纠错或真正遗漏；不能以字符串未命中判漏
nodes/r_5b1357a9c6/cards/t_b0f045/US_united_states.md,160,## ⑭ S1／S2／S3／S5／S6 下的美国年表 1803–1848（32 条）,2836|2866|678,| 20 | 1813–14 | 英国海岸封锁：1814 本国出口 678 万、转口 14.5 万（近乎归零） | 【锚】Pitkin 行2836/2866 末段 | 高 |,仅候选：可能单位换算、概括、纠错或真正遗漏；不能以字符串未命中判漏
nodes/r_5b1357a9c6/cards/t_b0f045/US_united_states.md,163,## ⑭ S1／S2／S3／S5／S6 下的美国年表 1803–1848（32 条）,4597|658,"| 23 | 1815 | 出口反弹至 4,597 万；转口仅 658 万——**转口时代一去不返** | 【锚】Pitkin 同表 | 高 |",仅候选：可能单位换算、概括、纠错或真正遗漏；不能以字符串未命中判漏
nodes/r_5b1357a9c6/cards/t_b0f045/US_united_states.md,165,## ⑭ S1／S2／S3／S5／S6 下的美国年表 1803–1848（32 条）,21816|2903|52975|53035,"| 25 | S2 1816–28 | 关税保护＋国内银行＋运河：美国走""内向增长""路线；1827–33 海关收入 1,971–2,903 万美元 | 【锚】Pitkin 行52975–53035 | 中高 |",仅候选：可能单位换算、概括、纠错或真正遗漏；不能以字符串未命中判漏
nodes/r_5b1357a9c6/cards/t_b0f045/US_united_states.md,170,## ⑭ S1／S2／S3／S5／S6 下的美国年表 1803–1848（32 条）,36876|36882|51830,"| 30 | S5 1830s | 美国棉织品成为拉美市场商品：1833 年出口 2,532,567 美元，>90 万销墨西哥 | 【锚】Pitkin 行36876–36882 | 高 |",仅候选：可能单位换算、概括、纠错或真正遗漏；不能以字符串未命中判漏
nodes/r_5b1357a9c6/cards/t_b0f045/US_united_states.md,171,## ⑭ S1／S2／S3／S5／S6 下的美国年表 1803–1848（32 条）,41745|41755|477.3|51833,| 31 | S5 1833 | 对华支付结构转变：广州进口中英国汇票 477.3 万美元 vs 银元与银块 68.3 万美元 → **白银流被伦敦汇票取代** | 【锚】Pitkin 行41745–41755 | 高 |,仅候选：可能单位换算、概括、纠错或真正遗漏；不能以字符串未命中判漏
nodes/r_5b1357a9c6/cards/t_b0f045/US_united_states.md,172,## ⑭ S1／S2／S3／S5／S6 下的美国年表 1803–1848（32 条）,1810724|18301287|51836|75360|75364,"| 32 | S5 1836–48 | 德克萨斯—俄勒冈—加利福尼亚序列：人口曲线（1810 724 万→1830 1,287 万）决定结果，欧洲外交只改变时点与代价 | 【锚】人口 Pitkin 行75360–75364；【演】1848 前抵太平洋概率 0.60–0.80 | 中高 |",仅候选：可能单位换算、概括、纠错或真正遗漏；不能以字符串未命中判漏
nodes/r_5b1357a9c6/cards/t_b0f045/US_united_states.md,187,## ⑮ 能力上限表（历史峰值／崩溃点／未用潜力）,29032506|7296020,"| 海关收入 | 16,363,550 美元（1808，Pitkin）／29,032,506（1833） | 7,296,020 美元（1809） | 1830 年代的 2,000–2,900 万美元可支撑 15–20 艘远洋舰的海军（中低，需另证造船与人员） |",仅候选：可能单位换算、概括、纠错或真正遗漏；不能以字符串未命中判漏
nodes/r_5b1357a9c6/cards/t_b0f045/US_united_states.md,205,## 专题 A · S1／S2／S3 下英美战争更可能还是更不可能,4552|4615,"| C2 强征水手争议未被制度化解决 | Monroe 称 6,257 人；联邦党称 <800（行4552–4615） | 可由和平期仲裁解决 | 存续（与法国无关） | 存续且恶化 |",仅候选：可能单位换算、概括、纠错或真正遗漏；不能以字符串未命中判漏
nodes/r_5b1357a9c6/cards/t_b0f045/notes_capacity.md,39,## D. 军事与财政的结构上限（Perkins）,17405|17425,3. **海军扩建被否决**（行17405–17425）：Cheves提12艘战列舰+20艘巡航舰；“the House rejected naval building on January 27 [1812] by a vote of **sixty-two to fifty-nine**”，尽管联邦党几乎一致支持。,仅候选：可能单位换算、概括、纠错或真正遗漏；不能以字符串未命中判漏
nodes/r_5b1357a9c6/cards/t_b1a536/F3_french_navy_capacity.md,41,## ③ 财政、货币与采购金融,145919400|2234049001813|2557461001814,"【锚点】1810年方案讨论海军每年约2亿法郎；1812的建设/维持评估223,404,900，1813为255,746,100，1814维持评估145,919,400；1812预算又削至1.9亿。这些是计划与预算，不是实支。[S01，p24注116] 1810年11月6日购北方桅材允许至多五分之一有担保预付，余款在但泽、吕贝克交货后付，并列300万法郎采购运输信用。[S05]",仅候选：可能单位换算、概括、纠错或真正遗漏；不能以字符串未命中判漏
nodes/r_5b1357a9c6/cards/t_b1a536/F3_french_navy_capacity.md,73,## ⑦ 社会阶层与劳工,2850|5200,"【锚点】工匠、缆索/帆具工、承包商、海员家庭、海军军官与强迫劳动者构成海军经济。布雷斯特1807仍有5,200多工人，失业和工役化引发不满；安特卫普工人由1804年500增到1807年2,850。革命引起军官流亡、晋升和组织断裂，但工程设计传统没有一并消失。[S03；S16]",仅候选：可能单位换算、概括、纠错或真正遗漏；不能以字符串未命中判漏
nodes/r_5b1357a9c6/cards/t_b1a536/F3_french_navy_capacity.md,233,### 吨位不等于效能,3080|3704|3875|4830|5095,"【锚点】民间舰型汇编所列74炮约3,080满载吨、80炮3,704–3,875吨、三层甲板约4,830–5,095吨，员额亦不同；条目混有后期改装，不能当统一1810标准。[S11]",仅候选：可能单位换算、概括、纠错或真正遗漏；不能以字符串未命中判漏
nodes/r_5b1357a9c6/cards/t_b1a536/F3_french_navy_capacity.md,235,### 吨位不等于效能,34.0|38.0|38.85|46.3|56.0|61.2,"【推演】为不拿舰数伪装成吨位，模型以平均满载3,200／3,500／3,800吨作范围尺。1830主线**船体排水量**W约38.0万吨，P约46.3万吨；**已具动员条件部分**W约29.4万吨，P约38.85万吨。宽包络船体分别24.4–56.0、34.0–61.2万吨。此为混合舰队假设估值，不能与英国旧式burthen吨直接相除。",仅候选：可能单位换算、概括、纠错或真正遗漏；不能以字符串未命中判漏
nodes/r_5b1357a9c6/cards/t_b1a536/F3_french_navy_capacity.md,509,### S17｜实际下水最小清单的读到版本（代理有界核读）,07268|71,|T|https://en.wikipedia.org/wiki/T%C3%A9m%C3%A9raire-class_ship_of_the_line ，Duquesne/Danube/Small Variant的建造表|downloads/pages/07268e71e6e2.md|,仅候选：可能单位换算、概括、纠错或真正遗漏；不能以字符串未命中判漏
nodes/r_5b1357a9c6/cards/t_b1a536/F3_quote_ledger.md,42,## Q10｜S07,386|391,定位：`downloads/pages/f9f391a5effc.md` 第386行。限制：职业登记不等军舰可用熟练人数。,仅候选：可能单位换算、概括、纠错或真正遗漏；不能以字符串未命中判漏
nodes/r_5b1357a9c6/cards/t_b1a536/notes_core.md,16,## S01 Todorov 2008：已读HAL全文相关四节与p15表图,18107584|21000,"- p17：荷兰1806水手7,693（注83全海军现役12,373），1810报告不到4,000用于艇队和战列舰；丹麦1810 7,584另有1808起在Flessingue约1,000，立即只能再给200；挪威21,000“海役应征人”不是21,000法国可用熟练水手。1812普鲁士须供2舰员，丹麦增2舰900人；均需政治履约。",仅候选：可能单位换算、概括、纠错或真正遗漏；不能以字符串未命中判漏
nodes/r_5b1357a9c6/cards/t_b1a536/notes_core.md,64,## S09 私掠（独立法语学术章节）,1300|145314,- §40：1803–15发1542letters；1803–14 5314俘获，对方捕440私掠舰与27000水手；英商船1800/05/10=17885/22805/22703。不能5314除1810存量得损失率（时段/周转/赎回/复俘）。“1300万fr总售值”异常偏低不用于收益测算。,仅候选：可能单位换算、概括、纠错或真正遗漏；不能以字符串未命中判漏
nodes/r_5b1357a9c6/cards/t_b1a536/notes_core.md,74,## S11 舰型（民间专业汇编，非权威逐舰冻结）,1130|3080|3704|3875|4830|5095|705,- 74表有705员及3080tpc；80为15军官+796人，3704/3875t；118约1000–1130、4830–5095t。混年代改装数据，模型平均800人、3500t只是透明尺。,仅候选：可能单位换算、概括、纠错或真正遗漏；不能以字符串未命中判漏
nodes/r_5b1357a9c6/cards/t_b1a536/notes_yards.md,26,## 来源代码、URL及定位,07268|71,- T：https://en.wikipedia.org/wiki/T%C3%A9m%C3%A9raire-class_ship_of_the_line ，Duquesne/Danube/Small Variant各表；缓存`downloads/pages/07268e71e6e2.md`。分列开工、下水、完工；Commerce de Lyon为1803-11、1807-04-09、1808-03。,仅候选：可能单位换算、概括、纠错或真正遗漏；不能以字符串未命中判漏
nodes/r_5b1357a9c6/cards/t_b1a536/notes_yards.md,40,## 厂级规划锚点：不进入实际下水CSV,042|188,1811-03-05致Decrès：https://napoleon-histoire.com/correspondance-de-napoleon-ier-mars-1811/ ，缓存`downloads/pages/f042c1f13d31.md`行188，起句“j’ai pris un décret pour porter à dix-huit”。已读现代全文转录：要求Anvers18船台，每舰占台三年，对应年6艘，并保留6—8艘待下水；属于目标，不证明18台已投产。点名六舰要1811下水，但名单中Gaulois和Conquérant为1812年4月。,仅候选：可能单位换算、概括、纠错或真正遗漏；不能以字符串未命中判漏
nodes/r_5b1357a9c6/cards/t_b1a536/part_01_unit.md,41,## ③ 财政、货币与采购金融,145919400|2234049001813|2557461001814,"【锚点】1810年方案讨论海军每年约2亿法郎；1812的建设/维持评估223,404,900，1813为255,746,100，1814维持评估145,919,400；1812预算又削至1.9亿。这些是计划与预算，不是实支。[S01，p24注116] 1810年11月6日购北方桅材允许至多五分之一有担保预付，余款在但泽、吕贝克交货后付，并列300万法郎采购运输信用。[S05]",仅候选：可能单位换算、概括、纠错或真正遗漏；不能以字符串未命中判漏
nodes/r_5b1357a9c6/cards/t_b1a536/part_01_unit.md,73,## ⑦ 社会阶层与劳工,2850|5200,"【锚点】工匠、缆索/帆具工、承包商、海员家庭、海军军官与强迫劳动者构成海军经济。布雷斯特1807仍有5,200多工人，失业和工役化引发不满；安特卫普工人由1804年500增到1807年2,850。革命引起军官流亡、晋升和组织断裂，但工程设计传统没有一并消失。[S03；S16]",仅候选：可能单位换算、概括、纠错或真正遗漏；不能以字符串未命中判漏
nodes/r_5b1357a9c6/cards/t_b1a536/part_02_supply_model.md,115,### 吨位不等于效能,3080|3704|3875|4830|5095,"【锚点】民间舰型汇编所列74炮约3,080满载吨、80炮3,704–3,875吨、三层甲板约4,830–5,095吨，员额亦不同；条目混有后期改装，不能当统一1810标准。[S11]",仅候选：可能单位换算、概括、纠错或真正遗漏；不能以字符串未命中判漏
nodes/r_5b1357a9c6/cards/t_b1a536/part_02_supply_model.md,117,### 吨位不等于效能,34.0|38.0|38.85|46.3|56.0|61.2,"【推演】为不拿舰数伪装成吨位，模型以平均满载3,200／3,500／3,800吨作范围尺。1830主线**船体排水量**W约38.0万吨，P约46.3万吨；**已具动员条件部分**W约29.4万吨，P约38.85万吨。宽包络船体分别24.4–56.0、34.0–61.2万吨。此为混合舰队假设估值，不能与英国旧式burthen吨直接相除。",仅候选：可能单位换算、概括、纠错或真正遗漏；不能以字符串未命中判漏
nodes/r_5b1357a9c6/cards/t_b5dab4/PL_poland_lithuania 2.md,26,## 一、方法与材料边界,00322|524|6224|7830|8086|9160,【材料边界】本轮亲读：Czubaty 2018全文（PDF p1–34，downloads/c18_czubaty2018.pdf，doc c60ccb20b50e）；Czartoryski—亚历山大1810–13通信（回忆录英译v2，downloads/R1_czartoryski_memoirs_v2_real.txt 行8086–9160——同期信件之后世编刊英译，未对校法文原刊；Vandal转引的同批信不另计独立证据）；Rychel-Mantur 2025（Serra驻华沙报告研究，downloads/pages/12d7830a524e.md）；Filipiak（军事供宿研究，doc 2c00322bdf10）；Tokarz《Armja Królestwa Polskiego 1815–1830》1917全文（downloads/pages/d6224d1eedd9.md）；1807宪法与1808–12犹太人法令文本（Wikiźródła与statusprawnyzydow.historia.uw.edu.pl转录）；公国证券史汇编（historycznepapiery.pl）；1831起义军队与财政专文。Kukiel兵力数与部长会议1812-11-17报告经napoleon.org.pl论坛转引，**未亲核原页**，全程标转引。Żółtowski 1890–92财政专著与Grochulska 1967贸易专著未取得原卷——公国无逐年决算系列可冻结，凡比例（军费2/3或90%）皆报作者口径不合并。POLONA未产出本卡未有之独立文书，未列为已用来源。,仅候选：可能单位换算、概括、纠错或真正遗漏；不能以字符串未命中判漏
nodes/r_5b1357a9c6/cards/t_b5dab4/PL_poland_lithuania 2.md,34,## ① 决策结构与政治制度,366|367,"【锚点】1807-07-22拿破仑钦定宪法：权力集中于萨克森王弗里德里希·奥古斯特，""rząd jest w osobie króla""（政府在国王一人）；国王经中央集权行政独占行政权、统军、任命法官、可以行政命令""补全""宪法；两院议会无立法倡议权、辩论受限；sejmiki与新设乡镇会议只剩选举职能。[Czubaty pp.366–367] Handelsman定性：""urządzenie władzy silnej, prawie autorytarnej...z zachowaniem pozorów życia parlamentarnego""（强的、近乎威权的权力安排，保留议会生活表象）；Kallas：""有限立宪君主制""。[Czubaty p.367]",仅候选：可能单位换算、概括、纠错或真正遗漏；不能以字符串未命中判漏
nodes/r_5b1357a9c6/cards/t_b5dab4/PL_poland_lithuania 2.md,48,## ② 法律司法与行政渗透,379|386|604,"【锚点】渗透实绩与超载并存：10省100县任命制行政（复用上一轮Grab口径，nodes/r_b55f2c1cf5/cards/t_d604cd/c18_eastern_frontier.md）；《Dziennik Praw》与省公报制度化政令下达；审查与宣传体系；初等中等教育扩张。但深化委员会报告：官员数""超过奥地利政府官员数三倍以上""，低薪逐走""有德有能者""，上层指令落在""niezdolne narzędzia""（无能的工具）上；Godlewski估行政9,000人、雇尽""几乎所有识字者""；众议院呈文：""Wylęgła się już oligarchia...Powstała anarchia""（孵出了官僚寡头制……产生了无政府）。[Czubaty pp.379–386]",仅候选：可能单位换算、概括、纠错或真正遗漏；不能以字符串未命中判漏
nodes/r_5b1357a9c6/cards/t_b5dab4/PL_poland_lithuania 2.md,83,## ④ 经济：产出、贸易、资源、运输,104000|155000|2022.31,"【锚点】人口与幅员：1807年约2.6m/104,000 km²；1809年加加利西亚后4.2–4.3m/155,000 km²。[通说口径，thesis.eur.nl；polityka.pl] 农业国：folwark庄园＋三圃制为主，庄园以农奴劳役与酒类专营（propinacja）为现金源；封锁压谷价后地主把负担下移给农民、扩建酿酒坊。[doi 10.17951/sil.2022.31.1.93-123]",仅候选：可能单位换算、概括、纠错或真正遗漏；不能以字符串未命中判漏
nodes/r_5b1357a9c6/cards/t_b5dab4/PL_poland_lithuania 2.md,93,## ⑤ 撷取与动员上限（峰值与崩溃点）,41.8|7212,"【锚点】兵员撷取实测序列：宪法定额30k（人口2.6m=1.15%）；1810–11纸面59,200（4.2m=1.4%）；1812部长会议报74,722（不含法饷单位与辎重营）、Kukiel全口径108k（=1.7–2.5%）；1809年战时公国军一年翻倍（30k→60k级，含加利西亚新编6团）。[Filipiak p.216；polityka.pl；napoleon.org.pl转引Kukiel] 1831年会议王国镜像：41.8k→87k+（5个月，人口4m=2.2%），新征令逾5万且克拉科夫超额报到。[czasopisma.uwm 7212；Tokarz行890]",仅候选：可能单位换算、概括、纠错或真正遗漏；不能以字符串未命中判漏
nodes/r_5b1357a9c6/cards/t_b5dab4/PL_poland_lithuania 2.md,109,## ⑥ 军事,36311|36998|5607,"【锚点】编成与部署（1812）：V军全波兰36,311–36,998人（Poniatowski）＋Rożniecki第4轻骑师5,607；""格但斯克师""（5、10、11团）在I/X军、""西班牙师""（4、7、9团）在IX军、维斯瓦军团与近卫枪骑在近卫，6/8/9枪骑与14胸甲散在各预备骑兵军——**波兰军力的2/5以上被拆散充当帝国填充物**。[napoleon.org.pl汇总Bielecki/Zych口径] 1812损失：80k出征约15k生还；1813年Poniatowski仍重建30k随法至莱比锡。[通说口径] 1809年战役自证：Raszyn阻滞→弃华沙→反攻加利西亚，以战促和获八县（复用上一轮Grab口径）。",仅候选：可能单位换算、概括、纠错或真正遗漏；不能以字符串未命中判漏
nodes/r_5b1357a9c6/cards/t_b5dab4/PL_poland_lithuania.md,26,## 一、方法与材料边界,00322|524|6224|7830|8086|9160,【材料边界】本轮亲读：Czubaty 2018全文（PDF p1–34，downloads/c18_czubaty2018.pdf，doc c60ccb20b50e）；Czartoryski—亚历山大1810–13通信（回忆录英译v2，downloads/R1_czartoryski_memoirs_v2_real.txt 行8086–9160——同期信件之后世编刊英译，未对校法文原刊；Vandal转引的同批信不另计独立证据）；Rychel-Mantur 2025（Serra驻华沙报告研究，downloads/pages/12d7830a524e.md）；Filipiak（军事供宿研究，doc 2c00322bdf10）；Tokarz《Armja Królestwa Polskiego 1815–1830》1917全文（downloads/pages/d6224d1eedd9.md）；1807宪法与1808–12犹太人法令文本（Wikiźródła与statusprawnyzydow.historia.uw.edu.pl转录）；公国证券史汇编（historycznepapiery.pl）；1831起义军队与财政专文。Kukiel兵力数与部长会议1812-11-17报告经napoleon.org.pl论坛转引，**未亲核原页**，全程标转引。Żółtowski 1890–92财政专著与Grochulska 1967贸易专著未取得原卷——公国无逐年决算系列可冻结，凡比例（军费2/3或90%）皆报作者口径不合并。POLONA未产出本卡未有之独立文书，未列为已用来源。,仅候选：可能单位换算、概括、纠错或真正遗漏；不能以字符串未命中判漏
nodes/r_5b1357a9c6/cards/t_b5dab4/PL_poland_lithuania.md,34,## ① 决策结构与政治制度,366|367,"【锚点】1807-07-22拿破仑钦定宪法：权力集中于萨克森王弗里德里希·奥古斯特，""rząd jest w osobie króla""（政府在国王一人）；国王经中央集权行政独占行政权、统军、任命法官、可以行政命令""补全""宪法；两院议会无立法倡议权、辩论受限；sejmiki与新设乡镇会议只剩选举职能。[Czubaty pp.366–367] Handelsman定性：""urządzenie władzy silnej, prawie autorytarnej...z zachowaniem pozorów życia parlamentarnego""（强的、近乎威权的权力安排，保留议会生活表象）；Kallas：""有限立宪君主制""。[Czubaty p.367]",仅候选：可能单位换算、概括、纠错或真正遗漏；不能以字符串未命中判漏
nodes/r_5b1357a9c6/cards/t_b5dab4/PL_poland_lithuania.md,48,## ② 法律司法与行政渗透,379|386|604,"【锚点】渗透实绩与超载并存：10省100县任命制行政（复用上一轮Grab口径，nodes/r_b55f2c1cf5/cards/t_d604cd/c18_eastern_frontier.md）；《Dziennik Praw》与省公报制度化政令下达；审查与宣传体系；初等中等教育扩张。但深化委员会报告：官员数""超过奥地利政府官员数三倍以上""，低薪逐走""有德有能者""，上层指令落在""niezdolne narzędzia""（无能的工具）上；Godlewski估行政9,000人、雇尽""几乎所有识字者""；众议院呈文：""Wylęgła się już oligarchia...Powstała anarchia""（孵出了官僚寡头制……产生了无政府）。[Czubaty pp.379–386]",仅候选：可能单位换算、概括、纠错或真正遗漏；不能以字符串未命中判漏
nodes/r_5b1357a9c6/cards/t_b5dab4/PL_poland_lithuania.md,83,## ④ 经济：产出、贸易、资源、运输,104000|155000|2022.31,"【锚点】人口与幅员：1807年约2.6m/104,000 km²；1809年加加利西亚后4.2–4.3m/155,000 km²。[通说口径，thesis.eur.nl；polityka.pl] 农业国：folwark庄园＋三圃制为主，庄园以农奴劳役与酒类专营（propinacja）为现金源；封锁压谷价后地主把负担下移给农民、扩建酿酒坊。[doi 10.17951/sil.2022.31.1.93-123]",仅候选：可能单位换算、概括、纠错或真正遗漏；不能以字符串未命中判漏
nodes/r_5b1357a9c6/cards/t_b5dab4/PL_poland_lithuania.md,93,## ⑤ 撷取与动员上限（峰值与崩溃点）,41.8|7212,"【锚点】兵员撷取实测序列：宪法定额30k（人口2.6m=1.15%）；1810–11纸面59,200（4.2m=1.4%）；1812部长会议报74,722（不含法饷单位与辎重营）、Kukiel全口径108k（=1.7–2.5%）；1809年战时公国军一年翻倍（30k→60k级，含加利西亚新编6团）。[Filipiak p.216；polityka.pl；napoleon.org.pl转引Kukiel] 1831年会议王国镜像：41.8k→87k+（5个月，人口4m=2.2%），新征令逾5万且克拉科夫超额报到。[czasopisma.uwm 7212；Tokarz行890]",仅候选：可能单位换算、概括、纠错或真正遗漏；不能以字符串未命中判漏
nodes/r_5b1357a9c6/cards/t_b5dab4/PL_poland_lithuania.md,109,## ⑥ 军事,36311|36998|5607,"【锚点】编成与部署（1812）：V军全波兰36,311–36,998人（Poniatowski）＋Rożniecki第4轻骑师5,607；""格但斯克师""（5、10、11团）在I/X军、""西班牙师""（4、7、9团）在IX军、维斯瓦军团与近卫枪骑在近卫，6/8/9枪骑与14胸甲散在各预备骑兵军——**波兰军力的2/5以上被拆散充当帝国填充物**。[napoleon.org.pl汇总Bielecki/Zych口径] 1812损失：80k出征约15k生还；1813年Poniatowski仍重建30k随法至莱比锡。[通说口径] 1809年战役自证：Raszyn阻滞→弃华沙→反攻加利西亚，以战促和获八县（复用上一轮Grab口径）。",仅候选：可能单位换算、概括、纠错或真正遗漏；不能以字符串未命中判漏
nodes/r_5b1357a9c6/cards/t_b5dab4/PL_poland_lithuania.md,121,## ⑦ 社会结构与阶层,2010.001|395|700000,"【锚点】犹太社群（人口约7–8%，华沙更高）：宪法与1808-05-09征兵令名义普遍平等（每kahał仅1拉比1领唱免役）→1808-09-07/10-17敕令中止公民与政治权利10年（未刊布、密送省长执行；个案豁免的配套章程从未颁布；世袭公民权特许费2,400złp）；1808-11-19十年禁购地产；另有koszerne宰牲税、婚姻许可费360złp、华沙""票捐""、外籍犹太人入境税。1812-01-29以年缴700,000złp赎全体现役（敕令自称应犹太代表所请""dobrowolnie""，理由部分是歧视表述）；1812-11-07战时未协商加倍至1.4m；1812-10-30禁酿售酒敕令因国亡未生效。**同时**1812总联盟接受kahały加入声明背书。[statusprawnyzydow转录敕令原文；doi 10.12775/sit.2010.001；Czubaty p.383] 1811改革委员会报告仍主张禁犹太人酒业。[Czubaty p.395]",仅候选：可能单位换算、概括、纠错或真正遗漏；不能以字符串未命中判漏
nodes/r_5b1357a9c6/cards/t_b5dab4/PL_poland_lithuania.md,202,### A2. 动员上限与财政承受（模型，参数全注）,30.9|59.2|74.7,基准参数（实测锚点）：公国4.3m人口纸青59.2k（1.4%）、战时74.7–108k（1.7–2.5%）；会议王国4m人口养30k（0.75%）财政可持续（军费30.9m złp≈预算之半）；公国29m złp年收养不起25m军费（欠账实测）。,仅候选：可能单位换算、概括、纠错或真正遗漏；不能以字符串未命中判漏
nodes/r_5b1357a9c6/cards/t_b5dab4/PL_poland_lithuania.md,236,### B2'. 会议王国的可持续性账（实测）,152.1|234|44.2,"【锚点】经济上**可持续且改善**：军费从公国时长期欠账变为现金全额支付（士兵日给养21→15⅚ gr而伙食不降；粮秣全部现金化：每年furaz˙ 5m+口粮2.7m złp）；Lubecki消灭赤字、强制康斯坦丁守预算（超支自裁1,000人=1m złp）；1825土地信贷会、1828波兰银行；起义前夜国库资产152.1m、负债44.2m złp。[Tokarz行234–248；powstanielistopadowe.com/15]",仅候选：可能单位换算、概括、纠错或真正遗漏；不能以字符串未命中判漏
nodes/r_5b1357a9c6/cards/t_b5dab4/notes_czartoryski.md,14,"## 2. Czartoryski 复信 1811-01（""1%""=OCR，当为1月18/30日）[行8296–8459]",8296|8459,"## 2. Czartoryski 复信 1811-01（""1%""=OCR，当为1月18/30日）[行8296–8459]",仅候选：可能单位换算、概括、纠错或真正遗漏；不能以字符串未命中判漏
nodes/r_5b1357a9c6/cards/t_b5dab4/notes_fiscal_army_1831.md,10,## B. 公国财政核数（Rychel-Mantur 2025 = Serra文；Filipiak；债券史料汇编）,1411000|524|7830|918662,"5. 【事实】1807-09 Senfft报Champagny：赤字约5.5百万złp（原文918,662普塔勒×6）；1807-11 Kochanowski：年底军粮尚需1,411,000 złp。[Rychel-Mantur, downloads/pages/12d7830a524e.md 行60、94]",仅候选：可能单位换算、概括、纠错或真正遗漏；不能以字符串未命中判漏
nodes/r_5b1357a9c6/cards/t_b5dab4/notes_fiscal_army_1831.md,16,## B. 公国财政核数（Rychel-Mantur 2025 = Serra文；Filipiak；债券史料汇编）,196|31500,"11. 【事实】1810-02-03巴黎公约：巴约讷债务转换，扣除已付后新债**19,631,500 fr**，自1811年起10年摊还、5%；新发100,000 fr债券196张＋1张31,500 fr。旧1万fr债券未销毁，法国政府用其中一部分支付军队欠款；据1819柏林公约art.8与1821维也纳公约art.3，这些债券**全部成为波兰王国的负担**。[historycznepapiery.pl]",仅候选：可能单位换算、概括、纠错或真正遗漏；不能以字符串未命中判漏
nodes/r_5b1357a9c6/cards/t_b5dab4/notes_fiscal_army_1831.md,17,## B. 公国财政核数（Rychel-Mantur 2025 = Serra文；Filipiak；债券史料汇编）,1997270|3148732|349150|4352176,"12. 【事实】拿破仑的对价减免（1810巴黎公约框架）：放弃印花纸等债权4,352,176 fr＋军服款349,150 fr；盐款3,148,732→1,500,000 fr；火炮款1,997,270→1,500,000 fr；此3百万连同上年借的1百万以债券入法国出纳。[同上]",仅候选：可能单位换算、概括、纠错或真正遗漏；不能以字符串未命中判漏
nodes/r_5b1357a9c6/cards/t_b5dab4/notes_fiscal_army_1831.md,19,## B. 公国财政核数（Rychel-Mantur 2025 = Serra文；Filipiak；债券史料汇编）,1097|2016.63|3340000,"14. 【事实】国内融资：1808年4.5百万złp国民贷款（抵押国有地产，自愿失败后对华沙商人资本家强制摊派）；1810-05-30结算：发行1,097张合3,340,000 złp。1810-12-01 Manteuffel方案设Komisja do Dyrekcji Biletów Kasowych（**直属国王、独立于波兰政府**），纸币bilety kasowe印9百万złp，1811-07实际开始流通，**流通量不超过3百万**（兑换贴水2%+，信任缺失）；1813俄军入境挤兑，全部兑现；余下万余张1815–16应由清算委员会赎回，**从未兑现**。[uni lublin: doi 10.17951/g.2016.63.1.41；historycznepapiery.pl]",仅候选：可能单位换算、概括、纠错或真正遗漏；不能以字符串未命中判漏
nodes/r_5b1357a9c6/cards/t_b5dab4/notes_fiscal_army_1831.md,21,## B. 公国财政核数（Rychel-Mantur 2025 = Serra文；Filipiak；债券史料汇编）,1760083|74598|75115|869807|8821801815,"16. 【事实|EUR硕士论文引Kowalczyk等】公国公共支出**90%用于军事**（一说；与Grab""2/3预算""并存，须并列不合并）；艺匠被摊派供宿至12名士兵；1813-09-09亚历山大令废对英货附加税：1813关税收入869,807 złp低于1811（尚在关税战中）的882,180，1815年翻倍至1,760,083——**腐败与走私之证**。[thesis.eur.nl 74598/75115]",仅候选：可能单位换算、概括、纠错或真正遗漏；不能以字符串未命中判漏
nodes/r_5b1357a9c6/cards/t_b5dab4/notes_fiscal_army_1831.md,22,## B. 公国财政核数（Rychel-Mantur 2025 = Serra文；Filipiak；债券史料汇编）,18856|20844131,"17. 【事实】战争索赔：中央清算委员会（KCLKW，1808-05-13设）受理战争征发索赔，总额粗估**约300百万złp**""无法细算""（1809-03国务委员会答Woronicz）；仅""国家当局""开出的收据获认——法军军官收据全部拒赔。[doi 10.4467/20844131ks.23.034.18856]",仅候选：可能单位换算、概括、纠错或真正遗漏；不能以字符串未命中判漏
nodes/r_5b1357a9c6/cards/t_b5dab4/notes_fiscal_army_1831.md,24,## B. 公国财政核数（Rychel-Mantur 2025 = Serra文；Filipiak；债券史料汇编）,2022.31|211900|233200|254300,"19. 【事实】农业负担：kontyngent liwerunkowy（实物军粮征发）自1809年占国库收入10%以上；1809、1811年多次加征；Kalisz省牛存栏1800年254,300→1807年233,200→1811年211,900。地产封赏（Dąbrowski/Zajączek各百万fr级、1810-01-16法国donataires）另削税基。[doi 10.17951/sil.2022.31.1.93-123]",仅候选：可能单位换算、概括、纠错或真正遗漏；不能以字符串未命中判漏
nodes/r_5b1357a9c6/cards/t_b5dab4/notes_fiscal_army_1831.md,28,## C. 军队口径（1807–1813）,12764|4132|42279,"21. 【事实】1810春–1811扩军近倍：17步团＋16骑团；纸面42,279步兵＋12,764骑兵＋4,132技术兵种=**59,200**（人口4.2m）；病员逃兵扣5–10%。1808年一个师（4、7、9团）转法国军饷赴西班牙；1811年""格但斯克师""（5、10、11团＋9枪骑）转法国军饷。战前两年准备花费数千万złp（部分法国信贷），**每10złp有1去莫德林要塞**。[polityka.pl Pomocnik Historyczny]",仅候选：可能单位换算、概括、纠错或真正遗漏；不能以字符串未命中判漏
nodes/r_5b1357a9c6/cards/t_b5dab4/notes_fiscal_army_1831.md,29,## C. 军队口径（1807–1813）,103.5|36311|36998|83.5,"22. 【事实|转引】1812动员：部长会议1812-11-17报告**74,722人**（不含维斯瓦军团补充兵与法国出资的辎重营）；Kukiel《Wojna 1812》t.I s.162：公国动员**108,000**（含法波编队与国民卫队，按领土口径）；文献区间83.5k–98k（视是否计法饷单位）；Bielecki：波人83.5k＋立陶宛20k≈103.5k；V军36,311–36,998人全波兰（Poniatowski）；100k为通行整数。[napoleon.org.pl论坛引档与Kukiel——转引层级，标注]",仅候选：可能单位换算、概括、纠错或真正遗漏；不能以字符串未命中判漏
nodes/r_5b1357a9c6/cards/t_b5dab4/notes_fiscal_army_1831.md,32,## C. 军队口径（1807–1813）,157928176|2127420|6224|7978803|89942911,"25. 【事实】1813–15占领负担：俄军1813全年＋1814头4个月给养**157,928,176 złp**；1814-05至1815-05再**89,942,911 złp**；1814/15预算赤字预计7,978,803 złp。俄国财政承担波军重建（保留追偿权）：月付2,127,420 złp；至1817-09-20累计66百万złp。[Tokarz 1917, downloads/pages/d6224d1eedd9.md 行70]",仅候选：可能单位换算、概括、纠错或真正遗漏；不能以字符串未命中判漏
nodes/r_5b1357a9c6/cards/t_b5dab4/notes_fiscal_army_1831.md,42,## E. 会议王国1815–30与1831（S5类比库）,20700000|234|27500|30.4|30949467|31.4|377460|5562049|908,"31. 【事实】王国军费：1816后7个月仅5,562,049 złp（此前俄国出资）；**1817年首个军费预算20,700,000 złp≈总预算60m的34%；1818年30,949,467 złp>总预算61m之半**；此比例±维持到1830。1820年Węgleński（波兰财长）提议裁军1万省钱——**康斯坦丁挡下**；军定额30,000（原案40,000），实际22k→29k，1830-11月低至27,500。[Tokarz 行234–248＋搜索快照；行908预算表：1826–31年30.4m→31.4m＋Zamość要塞年拨377,460＋1829–30超编3,500人专款]",仅候选：可能单位换算、概括、纠错或真正遗漏；不能以字符串未命中判漏
nodes/r_5b1357a9c6/cards/t_b5dab4/notes_fiscal_army_1831.md,45,## E. 会议王国1815–30与1831（S5类比库）,152117656|34646775|44189175,"34. 【事实】1830起义前夜国库：**资产152,117,656 złp、负债44,189,175 złp**；波兰银行可动用现金34,646,775 złp（1830-12-30）。[powstanielistopadowe.com/15]",仅候选：可能单位换算、概括、纠错或真正遗漏；不能以字符串未命中判漏
nodes/r_5b1357a9c6/cards/t_b5dab4/notes_prior_round.md,9,## A. 华沙公国国家建设与财政（Czubaty 2018 = P1；Grab 2003 = P2；波兰历史博物馆 = P3）,3000000|4701326|47366220|5146002,"3. 【史料冲突】巴约讷：Grab p.183 = 普王室地产估值4,300万法郎、法国转售2,000万；波兰历史博物馆 = 居民所欠原普政府债权47,366,220法郎，1808-05-10约定以2,000万法郎票据交换、三年偿付；另有放弃收入4,701,326法郎；盐矿炮兵供应款5,146,002减至3,000,000。Czubaty p.394""巴约讷债务人还款""支持债权解释。两资产不得混算。[P1 p.394; P2 p.183; P3 downloads/pages/719fb33fecec.md]",仅候选：可能单位换算、概括、纠错或真正遗漏；不能以字符串未命中判漏
nodes/r_5b1357a9c6/cards/t_b5dab4/notes_prior_round.md,23,## C. 1811亚历山大—Czartoryski诱降（Vandal t.III = P8）,255|494198,"11. 【事实|转引】1811年秘密通信（原刊Czartoryski回忆录附录II, 255–278）：亚历山大探询以立宪复国换波兰效忠；Czartoryski问疆域、1791宪制、商业出路；俄方设想5万波军＋5万普军。亚历山大以拿破仑""并非永生""质疑法国保证的持续性。[downloads/pages/cd494198d45d.md]",仅候选：可能单位换算、概括、纠错或真正遗漏；不能以字符串未命中判漏
nodes/r_5b1357a9c6/cards/t_b5dab4/notes_prior_round.md,28,## D. 立陶宛1812（Nawrot = P6）,283|3225|33326,"13. 【事实|转引】1812-07-01维尔纽斯临时政府委员会；军事委员会Aleksander Sapieha主持。战前讨论最多14团约3万人；因破坏与财力不足定9个正规团（5步4骑）约1.5万编制。""Niemożliwe jest formowanie 14 regimentów, bo brak pieniędzy i środków""（Sapieha致妻1812-07-27, B Czart. ew.3225转引）。[Nawrot pp.281–283; downloads/pages/9af33326aacf.md]",仅候选：可能单位换算、概括、纠错或真正遗漏；不能以字符串未命中判漏
nodes/r_5b1357a9c6/cards/t_b702da/X4_ideas_nationalism_movements.md,14,### J1 无1813解放战争，德意志民族主义的生长速度（方向中高置信，时点中置信）,217630|489|598,"- 【事实/转引】Planert 2007核心结论（经Brophy与Dörfler两书评亲读转引，`downloads/pages/a9c217630acd.md`、`c41d03e2f9a8.md`）：""民族观念""对南德日常生活几无影响（p.659）；""继承的忠诚、地方主义与教派态度决定大多数人的世界观与行动""（p.659）；1813年""全德意志民族起义""在普鲁士之外不成立（p.489）；民族热情是""阶层与区域特定""现象（p.598）；""德意志民族战争""是事后""建构工作""（p.620），南德政府为邦国整合把多义经验削成单一传统（p.627）。",仅候选：可能单位换算、概括、纠错或真正遗漏；不能以字符串未命中判漏
nodes/r_5b1357a9c6/cards/t_b702da/X4_ideas_nationalism_movements.md,15,### J1 无1813解放战争，德意志民族主义的生长速度（方向中高置信，时点中置信）,280720|5379,"- 【事实】动员构成：1813年2月3日号召的freiwillige Jäger到5月底约1万人（步7,000＋骑3,000，Meyers 1905，`downloads/pages/7abf9a5379e3.md`）；普鲁士1813年总动员280,720人（Hagemann 2015，【转引】经书评摘录）＝男性人口约3%（Klöffler，检索摘录）——志愿者约占总额十分之一，主体是征兵与Landwehr义务兵。""民族起义""在人力构成上首先是国家机器动员。",仅候选：可能单位换算、概括、纠错或真正遗漏；不能以字符串未命中判漏
nodes/r_5b1357a9c6/cards/t_b702da/X4_ideas_nationalism_movements.md,76,## §2 ①场的节点与守门人（决策结构）,13000|459,"| 出版商-书展 | 莱比锡书展为德语场枢纽；巴黎Nicolle等（Staël合同13,000法郎，`1ff459f0bfec.md`） | 1810出版总局执照制；藩属仿制 | 出版资本向""技术-实用-文学""避险迁移；政治书外印内走（走私）（中高） |",仅候选：可能单位换算、概括、纠错或真正遗漏；不能以字符串未命中判漏
nodes/r_5b1357a9c6/cards/t_b702da/X4_ideas_nationalism_movements.md,103,## §4 ③出版-庇护经济（财政）,13000|459,"- Staël《De l'Allemagne》版权费13,000法郎、印数按合同三卷八开（`1ff459f0bfec.md` L39段）——一线作者的市场价；被销毁后1813年伦敦John Murray印行【权重记忆】，同社1821年出版《烧炭党回忆录》（已核书名页，`X4_Carbonari_Memoirs_1821.txt`卷首）——**伦敦出版业=欧洲异见的清算所**（S1/S2存续；B1后此清算所迁址，J2）。",仅候选：可能单位换算、概括、纠错或真正遗漏；不能以字符串未命中判漏
nodes/r_5b1357a9c6/cards/t_b702da/X4_ideas_nationalism_movements.md,118,## §5 ④书报市场底数（经济）,1493|47000|68000,"- 【事实】教育机器规模：法国1813年lycées在校68,000 vs 私校47,000；baccalauréat 1809年31人→1813年1,700人（Grab L1493）；德意志大学生总数c.1800约7–9千【权重记忆：Eulenburg 1904】。",仅候选：可能单位换算、概括、纠错或真正遗漏；不能以字符串未命中判漏
nodes/r_5b1357a9c6/cards/t_b702da/X4_ideas_nationalism_movements.md,130,## §6 ⑤成员与动员实测（撷取上限）,559|604,| 蒂罗尔起义武装 | 1809 | 数万（对法-巴联军多次野战获胜） | Grab L559-604（未给总数；【权重记忆：2–4万峰值】） |,仅候选：可能单位换算、概括、纠错或真正遗漏；不能以字符串未命中判漏
nodes/r_5b1357a9c6/cards/t_b702da/X4_ideas_nationalism_movements.md,137,## §6 ⑤成员与动员实测（撷取上限）,0165|641153,"| Peterloo集会 | 1819-08-16 | ≈60,000人；骑兵清场，死11–18【死数权重记忆：Poole 2019定15–18】 | `pages/0165ca641153.md`（TNA） |",仅候选：可能单位换算、概括、纠错或真正遗漏；不能以字符串未命中判漏
nodes/r_5b1357a9c6/cards/t_b702da/X4_ideas_nationalism_movements.md,160,## §8 ⑦承载阶层与识字底盘（社会结构）,2680|57.7|640,"- 福音派/卫理公会：工匠、矿工、渔村、小店主；女性占57.7%（Field摘录）——**英国工业带的教派密度与国教堂缺口重合**（Field：13工业郡每教堂2,680人 vs 全国640人，1801；该带占1801年Wesleyan会员55%）。",仅候选：可能单位换算、概括、纠错或真正遗漏；不能以字符串未命中判漏
nodes/r_5b1357a9c6/cards/t_b702da/X4_ideas_nationalism_movements.md,318,## §16 ⑮能力上限表：各思潮/运动的峰值、崩溃点与未用潜力,68000|720000,"| 帝国官方思想机器 | lycées 68,000生；bac 1,700/年；报刊垄断；720,000欧洲兵的军营社会化 | 不能生产忠诚只能生产能力（J4）；继承时刻中立 | 藩属扩张余地巨大 | 每年新增数千名“国家能力人”；方向不可控（高） |",仅候选：可能单位换算、概括、纠错或真正遗漏；不能以字符串未命中判漏
nodes/r_5b1357a9c6/cards/t_b702da/notes_X4_evidence.md,6,## A. 民族主义祛魅（Planert 线）——反事实基线的承重证据,481|489|598,"   - Dörfler (sehepunkte 9/2009)，存 downloads/pages/c41d03e2f9a8.md：Planert 命题分解——(i) 18世纪已存在""现代民族主义""全部要素(p.481)，革命/1813都不是民族意识的创生点；(ii) 1813年""全德意志民族起义""在普鲁士之外不成立(p.489)；(iii) 民族主义热情是""schichten- und regionenspezifisch""（阶层与区域特定）现象(p.598)；(iv) ""德意志民族战争""的观念是事后""Konstruktionsarbeit""（建构工作）的产物(p.620)，南德各邦政府为了""Staatsintegration""把多义经验削成单一传统(p.627)；(v) 1813年南德换边并未带来负担减轻，""解放战争""没有引发热情；(vi) 神职人员按士兵对宗教的态度而非国籍评判之；民众与""敌军""照常做生意。",仅候选：可能单位换算、概括、纠错或真正遗漏；不能以字符串未命中判漏
nodes/r_5b1357a9c6/cards/t_b702da/notes_X4_evidence.md,32,## E. 帝国教育机器（法国）——思想再生产的国家化,1493|47000|6400|68000,"  - L1493：1802年Fourcroy法创45所lycées；巴黎Lycée Impérial 1000生、Lycée Bonaparte 800生；6400奖学金中2400给官员军官之子；1813官方报告：lycées 68,000生 vs 私立47,000生；1808-03帝国大学144条敕令垄断全国中等教育；1809设baccalauréat：首年31人→1813年1,700人。",仅候选：可能单位换算、概括、纠错或真正遗漏；不能以字符串未命中判漏
nodes/r_5b1357a9c6/cards/t_b702da/notes_X4_evidence.md,42,## F. 宪章运动量化（英国）,3207|3500000|43000|827,"- Hansard 1842-05-03（HC Deb vol 63 cc13-25），存 downloads/pages/d827ad3207c2.md：Duncombe陈述1842全国请愿签名""very nearly 3,500,000""（含相当部分劳工妻子与数百青年）；自称覆盖100万+劳工家庭。〔parliament.uk教育页给3.3m、43,000来自伯明翰；1839请愿1.28m通说，待补硬源或标准据〕",仅候选：可能单位换算、概括、纠错或真正遗漏；不能以字符串未命中判漏
nodes/r_5b1357a9c6/cards/t_b702da/notes_X4_evidence.md,101,## O. 宪章请愿（Hansard亲读存档）,3207|3500000|827,"- 1842-05-03 Duncombe（vol 63 cc13-25，downloads/pages/d827ad3207c2.md）：签名""very nearly 3,500,000""，含大量工人妻子与数百青少年；自称覆盖百万工人家庭。",仅候选：可能单位换算、概括、纠错或真正遗漏；不能以字符串未命中判漏
nodes/r_5b1357a9c6/cards/t_b702da/notes_X4_evidence.md,106,"## P. 卫理公会与福音派（Field, BJRL 76(1) 1994 检索摘录，manchesterhive PDF未全读）",232000|57.7|5911,"- 1830年英格兰Wesleyan正式会员约232,000（自1767年记录以来十倍增长）；会众规模=会员2–6倍（中位3–4倍）→1830年前后Wesleyan人口约60–80万；女性占57.7%（1745–1832汇总）；1809→1810年增5,911人=年率4.5%（Wesley Hist. Soc. Proceedings摘录）。",仅候选：可能单位换算、概括、纠错或真正遗漏；不能以字符串未命中判漏
nodes/r_5b1357a9c6/cards/t_b9e29c/B4_british_army_home_defence.md,61,### 2.2 “38万志愿兵”究竟是什么,334710|336404|351508|380193,"**【锚点】**Fortescue附录III p.294给的是GB志愿兵**all ranks**：1803-12-16为380,193；1804年1月为380,258（骑28,943、步341,011、炮10,304）；1805-01-01为360,814；1806年351,508；1807年334,710；1808年336,404。不能把步兵341,011误作全体志愿兵，也不能把38万写成38万正规军。[S01，PDF318图]",仅候选：可能单位换算、概括、纠错或真正遗漏；不能以字符串未命中判漏
nodes/r_5b1357a9c6/cards/t_b9e29c/B4_british_army_home_defence.md,88,### 2.3 征募是流量，不是把民兵再造一遍,249600|29121,"现代细读修正了纯人口解释：团长权利、团认同、第二营输血、赏金、家庭补助、制造业机会工资和海外病亡预期均限制供给。[S01 p.154；S03 pp.24–29,121–122] Linch的“线列步兵249,600理论上限”是按团营结构推算，不是英国经济和社会的绝对极限。[S03 p.28]",仅候选：可能单位换算、概括、纠错或真正遗漏；不能以字符串未命中判漏
nodes/r_5b1357a9c6/cards/t_b9e29c/B4_british_army_home_defence.md,90,### 2.3 征募是流量，不是把民兵再造一遍,2537|6081,"**【锚点】**Linch估计1807–13年均死亡、退役、逃亡等减员22,695，约10.8%；普通团募平均每年比损失少约8,000。[S03 pp.22–23] **【推演／中高】**若拿破仑不给英国持续大陆战场，减少英国战役损失，则英国即使征募不变，也能保留更多训练骨干；但和平裁军和降低赏金又会减少流入，不能只作“少死多少，永久多多少”的静态加法。1814战和/赏金变动时两个半年征募6,081→2,537，提供了响应机制而非纯价格因果系数。[S03 p.121]",仅候选：可能单位换算、概括、纠错或真正遗漏；不能以字符串未命中判漏
nodes/r_5b1357a9c6/cards/t_b9e29c/B4_british_army_home_defence.md,149,## 五、1803–15质量与海外投送：成长不是直线,338|4795|5400,"| 1806西西里—Calabria—Maida | Stuart部登船返回4,795 rank/file，all ranks约5,400–5,500；6月26日启航，7月1日晚人员枪炮牲畜卸完；因缺载马船仅16名骑兵作传令[S02 pp.338–340] | 能赢局部会战不等于能长期占领南意；骑兵/炮马比步兵“座位”更制约完整合成军投送。登陆时滩头敌弱，不能类比强抵抗 |",仅候选：可能单位换算、概括、纠错或真正遗漏；不能以字符串未命中判漏
nodes/r_5b1357a9c6/cards/t_b9e29c/B4_british_army_home_defence.md,174,### 6.1 计算边界与输入,58000|64614,"**库存—到达率试算。**以1805年1月GB约58,000正规军作为夏季情景的保守库存尺度，乘以一个包括地理接近、调动意愿、驻防扣留、健康/编成、到达时滞的综合到达率a。a是研究者假设，非统计估计。正规军区间R=58,000×a，取整到千；民兵M另列，不转成“正规军等价兵”。未计爱尔兰抽调、海外返航、海军陆战队临时上岸；这些都需要额外来源和时间。另表以S07所列6月64,614作库存敏感性，不能将两日期的差值当作已校准增长。新增运输驻点证据不支持将Essex永久排在Kent之下，故另设Essex同Kent到达率备选。[增补第三节；B4_British_strength_sensitivity.csv]",仅候选：可能单位换算、概括、纠错或真正遗漏；不能以字符串未命中判漏
nodes/r_5b1357a9c6/cards/t_b9e29c/B4_transport_warning_supplement.md,19,### 2.1 蒙特耶尔表能证明什么,2473|444|456,"**【事实／已看刊本影像】**Desbrière IV第三部分pp.444–445所刊Montreuil第一、第二escadrilles编配：216军用艇提供20,232名战斗员船位（36×130＋108×100＋72×66），相对计划24,853人少4,621位；另126运输艇。马位总计1,391，需求1,616，少225；其中216马位已包含在军用艇内，不可重加。运输乘员2,473席/需求2,063，余410不能自动补作战编制缺口。这是一个军团的计划，不是全船队、实装人数、全军最低马数或每潮吞吐。邻文p.442战争部长致Ney函署1805-03-30；pp.443–444另把军队辎重园（原文parc de l’armée）的107车、456匹挽马列为待皇帝从备用马厩份额中另行指定，因此1,616需求/1,391马位不能视为已经覆盖全部作战运输纵列。该另列项目也不可直接叠加到本卡假定10%马率后再作全军缺额。[S18 pp.442–445]",仅候选：可能单位换算、概括、纠错或真正遗漏；不能以字符串未命中判漏
nodes/r_5b1357a9c6/cards/t_b9e29c/B4_transport_warning_supplement.md,21,### 2.1 蒙特耶尔表能证明什么,1296|432|504|756,"**【模型算术】**仅为显示规模，若重复这种“20,232战斗席＋126辅助运输艇”的编配单元，2/4/8/12万人分别需要1/2/4/6组，即216/432/864/1,296军用艇，配126/252/504/756辅助艇。8万人在此类比中对应1,368艇，而不是216艇随意多装四倍。**这不是全军最低艇数**：艇型、重装分配可变；原表本身还有马位不足，不能称“四套完整军团”。四组仅给5,564马位，若另设H=0.10F，则80k需要8,000匹马、尚差2,436位；这个差值只揭示两项假设不兼容，不是史实全军马位缺额。蒙特耶尔编配和布洛涅港口吞吐也不是同一地理对象，必须由F3按具体出发港配船。",仅候选：可能单位换算、概括、纠错或真正遗漏；不能以字符串未命中判漏
nodes/r_5b1357a9c6/cards/t_b9e29c/B4_transport_warning_supplement.md,82,### 3.1 驻地核对的限度,58000|64614,"因此保留旧48格的a为可改假设，另作`B4_British_strength_sensitivity.csv`：一项用六月64,614库存替换58,000；另一项让Essex采用Kent同一到达率。该地理备选可将Essex/W1/20k的C改I；40k铰链与80k完整合成军局部优势不因这一个调整而自动消失。结果为裁量性敏感性，不是拟合估计。",仅候选：可能单位换算、概括、纠错或真正遗漏；不能以字符串未命中判漏
nodes/r_5b1357a9c6/cards/t_b9e29c/B4_validation_note.md,31,## 仍须保留的限制,444|456,5. 初次校验时F3/预警回复尚未收到；提交后接口现已回传，仍不提供80k完整卸载或72h可靠预警的实绩。F3提示的107车/456挽马已在本地Desbrière pp.442–444邻文OCR回读并补入来源与增补，强调原马位表不涵盖已闭合的全部作战运输纵列。B3所列舰艇/电报新细节未由B4另读，不能称B4独立验证。CSV假设及算术未因此改变。下游可替换未验证输入，不应把“未证成”当“概率为零”。,仅候选：可能单位换算、概括、纠错或真正遗漏；不能以字符串未命中判漏
nodes/r_5b1357a9c6/cards/t_b9e29c/notes_Chilcott_2006.md,4,# S20：Chilcott新增运输与防御计划证据,166|230|234|256|25659|5085|5655647|8408,原文件 https://researchspace.bathspa.ac.uk/1461/1/Christopher%20Chilcott%20-%202006.pdf ；本地`downloads/B4_Chilcott_Maintaining_British_Army_2006.pdf`；sha256 `ad3fc15a73a7a20c5655647ecdac5e25659bee8408a4eab32b5a0e015abc5085`；doc `ad3fc15a73a7`。完整PDF含重复正文，本文只引首份页码。未全读，只读书内132–135、162–166、230–234、242–246。,仅候选：可能单位换算、概括、纠错或真正遗漏；不能以字符串未命中判漏
nodes/r_5b1357a9c6/cards/t_b9e29c/notes_Chilcott_2006.md,14,## 运输力量驻地（p165，PDF174，figure19）,11805|21803,源注532：TNA（旧PRO）WO17/53/2，1803-11；WO17/54/1，1805-04。此处是Royal Wagon Train后勤中队，不是野战骑兵中队或全部步兵驻屯；只能支持运输节点和调配能力。四个较小Depot Troops不可当四个同规模active troops。作者明确这些地点是作业重心，人员也外派。,仅候选：可能单位换算、概括、纠错或真正遗漏；不能以字符串未命中判漏
nodes/r_5b1357a9c6/cards/t_b9e29c/notes_interface_french.md,18,### Montreuil编配，p445图像核定,444|456|5360|5585,"- 提交后按F3提示回读本地OCR约5360–5585行：p442函署Paris，30 mars 1805；pp443–444另列“Les 456 chevaux de trait pour les 107 voitures attachées au parc de l’armée”，须“être portés pour mémoire”待皇帝分配备用马厩份额。这不是全纵列已编载完毕，不能以1,616代表所有马匹需求。保留原文parc de l’armée，不无条件译成一套已完备军团辎重；也不把456叠加到独立假设的10%马率后倒算史实缺额。",仅候选：可能单位换算、概括、纠错或真正遗漏；不能以字符串未命中判漏
nodes/r_5b1357a9c6/cards/t_be9258/IT1_kingdom_of_italy.md,3,# IT1 · 意大利王国（Repubblica Italiana 1802–05 / Regno d'Italia 1805–14）——单位国情与三分支推演,10032|1357|9258,**卡**：t_be9258 ｜ **Sister 10032** ｜ 运行 r_5b1357a9c6 ｜ 交付：单位模板①–⑯全量＋三分支概率＋SOURCES.md,仅候选：可能单位换算、概括、纠错或真正遗漏；不能以字符串未命中判漏
nodes/r_5b1357a9c6/cards/t_be9258/IT1_kingdom_of_italy.md,40,## 2. ①决策结构与政治制度,074|523|5541|6973,- 1805-03-17第一宪制法令：art.1拿破仑为意大利王；art.3外军撤出那不勒斯/爱奥尼亚/马耳他后王冠移交合法男嗣（亲生或收养）；art.4自该时起**法意两冠永不集于一人**、继承人须常住意大利（`downloads/pages/523d0f5541c4.md`；意文重排本`downloads/c6_1805_italian_statute.pdf` doc 0c6c074f6973 p.5）。,仅候选：可能单位换算、概括、纠错或真正遗漏；不能以字符串未命中判漏
nodes/r_5b1357a9c6/cards/t_be9258/IT1_kingdom_of_italy.md,43,## 2. ①决策结构与政治制度,2856|2890|413,"- **1810年1–3月继承重排文书群（本卡新增直核）**：1810-01-03致Aldini——为欧仁作为""prince italien""设永久apanage（""la branche du prince de Venise""，domaines百万+villa Bonaparte），明言""Par le statut du royaume, je l'ai appelé au trône en cas que je n'aie point d'enfant""（`downloads/pages/df27e5314cf3.md` L413）；1810-02-17元老院法令：罗马并入**法国**（art.1）、罗马为帝国第二城（art.6）、**皇太子称罗马王（art.7）**、皇帝须十年内在罗马圣彼得加冕（art.10）（同文件L2856–2890）；1810-03-01致元老院咨文：**法兰克福大公国身后归欧仁世袭**，""Élevé au grand-duché de Francfort, nos peuples d'Italie ne seront pas pour cela privés de ses soins et de son administration""（同文件L3306–3320）。",仅候选：可能单位换算、概括、纠错或真正遗漏；不能以字符串未命中判漏
nodes/r_5b1357a9c6/cards/t_be9258/IT1_kingdom_of_italy.md,61,## 4. ③财政货币金融（Prina机器）,515|539|8200,"【锚点】**1802–1811岁入几乎翻倍**（""almost doubled state revenues""，Grab p.162）。〔权重记忆·待核〕具体量级通说为约8,200万→1.44亿里拉（应出自Grab JMIS 1998/Zaghi 1986 pp.515–539，本轮未直核该数，仅冻结""近翻倍""〕。",仅候选：可能单位换算、概括、纠错或真正遗漏；不能以字符串未命中判漏
nodes/r_5b1357a9c6/cards/t_be9258/IT1_kingdom_of_italy.md,63,## 4. ③财政货币金融（Prina机器）,446|7407,【锚点】公债：Monte Napoleone（1805，财政部下设，发行rendita债券）承接整合公债；两类债券（3.5%息券/可购国产券）（Grab p.161；Banca d'Italia货币史年表`downloads/pages/ab7407c7b446.md`）。,仅候选：可能单位换算、概括、纠错或真正遗漏；不能以字符串未命中判漏
nodes/r_5b1357a9c6/cards/t_be9258/IT1_kingdom_of_italy.md,86,## 6. ⑤撷取与动员上限,155000|171|70000,"【锚点】**1802–1814共征155,000人；1812年常备军达70,000**（Grab p.162，注16即其JMH 1995研究谱系）；意军战于西班牙、德意志、俄国；**1812俄役：王国派27,000人，仅约1,000人生还**（Grab p.171 n.34）。",仅候选：可能单位换算、概括、纠错或真正遗漏；不能以字符串未命中判漏
nodes/r_5b1357a9c6/cards/t_be9258/IT1_kingdom_of_italy.md,90,## 6. ⑤撷取与动员上限,12900|155000,"- 年均征兵：155,000/12年≈12,900/年≈人口的1.9‰（以670万计）——低于法国本土常态（F2卡：法国0.2%年征参数）；**1813年surge**（重建5万军，it.wiki转引Giuntella）证明危机年可达3–4‰但以1809式起义风险为代价。",仅候选：可能单位换算、概括、纠错或真正遗漏；不能以字符串未命中判漏
nodes/r_5b1357a9c6/cards/t_be9258/IT1_kingdom_of_italy.md,100,## 7. ⑥军事（陆军+海军）,1357|6864746209|741810|741811|741812|801811,"【锚点】海军（威尼斯翼）：威尼斯船厂1810–12下水5艘战列舰——Rivoli(74, 1810-09-06)、Mont Saint-Bernard(74/80, 1811-06-09)、Rigeneratore(74, 1811-07-07)、Castiglione(74, 1812-08-02)、Real Italiano(74, 1812-08-15)（F3卡逐舰表`nodes/r_5b1357a9c6/cards/t_b1a536/yards_launches_1807_1813.csv` L47–51，上游threedecks.org转Ilari《La Marina Italiana di Napoleone》，网络二级来源；法/意船籍归属未解，F3已标）；1811-07-31拿破仑令调600水手赴威尼斯配员（F3 notes_core.md L48引`downloads/pages/6864746209f3.md`）。",仅候选：可能单位换算、概括、纠错或真正遗漏；不能以字符串未命中判漏
nodes/r_5b1357a9c6/cards/t_be9258/IT1_kingdom_of_italy.md,195,### 15.2 分支B：罗马王/皇子统一王国——继承后主线,1300|230,"【推演·1815–48类比（中）】统一王国（北+中，人口约1,100–1,300万〔推算：王国670万+托斯卡纳约110万+教皇国约230万+帕尔马摩德纳约80万，权重记忆口径待Q2核〕）在1830年代成为欧洲第五强量级；1820–21式军官立宪运动转化为""要求宪章+对法平等""的院内运动；1848冲击波下的诉求=脱离法国监护的完全主权，而非统一本身——**风险倒置：统一王国是法国霸权的最大受益者也是最先要求""毕业""的藩属**（机制类比：G1卡""主权底线""条件；美洲克里奥尔精英类比由SA卡持有）。",仅候选：可能单位换算、概括、纠错或真正遗漏；不能以字符串未命中判漏
nodes/r_5b1357a9c6/cards/t_be9258/IT1_kingdom_of_italy.md,247,## 16. ⑭S1/S2/S3/S5/S6情景年表（1803–1848，30条）,523|5541,"| 23 | 1829-03 | S5 | 罗马王18岁：1805 art.3–4自动分冠条款执行压力最大点；巴黎若拖延→italici puri话语再生（""继承人常驻意大利""条款成动员口号） | `523d0f5541c4.md` art.4常驻条款 | 中 |",仅候选：可能单位换算、概括、纠错或真正遗漏；不能以字符串未命中判漏
nodes/r_5b1357a9c6/cards/t_be9258/IT1_kingdom_of_italy.md,253,## 16. ⑭S1/S2/S3/S5/S6情景年表（1803–1848，30条）,7027396|977,"| 29 | 1848± | S6 | 对照组实绩平移：三轮起义+军队过半忠诚+行政全程运转；镇压需同量级Radetzky军（≈7万）；""可运行不可赢得"" | Sondhaus（`977ad00e38d7.md`）；Hilleprandt（`7027396ad89a.md`） | 中高 |",仅候选：可能单位换算、概括、纠错或真正遗漏；不能以字符串未命中判漏
nodes/r_5b1357a9c6/cards/t_be9258/notes_1810_succession_docs.md,24,## 3. 1810-03-01 致元老院咨文（Frankfurt继承；L3306–3320）,1011|3578,- 解读（推断）：与1806-02-16收养法令（t_7da32d锚点：无亲生子时欧仁继意大利王位）对读，1810年1–3月文书群构成**继承格局的同期重排**：意大利王冠腾出（预期归亲生子），欧仁补偿以法兰克福+威尼斯亲王apanage+Raab亲王领（L1011：Raab公国给欧仁及男性后裔，岁入50万法郎清单）+Navarre公爵领归约瑟芬转欧仁男嗣（L3578）。,仅候选：可能单位换算、概括、纠错或真正遗漏；不能以字符串未命中判漏
nodes/r_5b1357a9c6/cards/t_be9258/notes_grab_transformation.md,28,## 财政（模板③用；Prina）,4008|4010,"- 最大年度支出=**驻王国25,000法军的维持费+扩张中的意大利军，通常占预算50%**（L4008–4010，Grab注14）。",仅候选：可能单位换算、概括、纠错或真正遗漏；不能以字符串未命中判漏
nodes/r_5b1357a9c6/cards/t_be9258/notes_grab_transformation.md,38,## 征兵与军队（模板⑤⑥用）,155000|4049|4052|70000,"- **1802–1814共征155,000人；1812年意大利军扩至70,000人**（L4049–4052，Grab注16=其JMH研究）。",仅候选：可能单位换算、概括、纠错或真正遗漏；不能以字符串未命中判漏
nodes/r_5b1357a9c6/cards/t_be9258/notes_grab_transformation.md,74,## 那不勒斯对照（分支C与IT2接口）,1807.11|1808.5|1810.8,- 那不勒斯1806–14：Joseph两年→Murat（1808.5起）；500万人口；1806年8月废封建（无偿废司法权、封建费可赎、领地变私产）；Feudal Commission 1807.11–1810.8；结果：男爵失司法权保有产权，仍为统治集团；农民所得甚微。,仅候选：可能单位换算、概括、纠错或真正遗漏；不能以字符串未命中判漏
nodes/r_5b1357a9c6/cards/t_c69786/B1_britain_politics.md,66,### 给B2的明确答复：财政部与英格兰银行撤离文书,597|598,【锚点·证据边界】本轮**没有取得1803–05财政部或英格兰银行签发的伦敦失守处置命令、付款连续性安排、预设媾和授权**。旧材料有“账册送伦敦塔、三十车运金、十二批护卫、Brook Watson负责”的线索，转引Peter A. Lloyd《The French Are Coming!》p.93及John Brooke《King George III》pp.597–598；承重书页尚未读到，故**不把这些细节纳入已核能力表**，更不把银行黄金等同全部国库。[L4],仅候选：可能单位换算、概括、纠错或真正遗漏；不能以字符串未命中判漏
nodes/r_5b1357a9c6/cards/t_c69786/B1_britain_politics.md,217,## 九、能力包络：从国家资源到政治决定〔模板③–⑫〕,50.2|62.8|71.0,| ③财政、货币、银行 | BoE整理序列：1804/05收入£50.2m、支出£62.8m；1811/12收入£71.0m、支出£87.3m、利息£24.6m。1797可暂停兑付。都不是无限极限[K1、L3] | 无盟友省补贴陆战，但贸易损失压税基；伦敦清算停顿可先于存量债务危机触发和平。保存债权是金融精英支持任何新安排的条件 |,仅候选：可能单位换算、概括、纠错或真正遗漏；不能以字符串未命中判漏
nodes/r_5b1357a9c6/cards/t_c69786/B1_britain_politics.md,233,### 数量不能混口径,806|813,【新增锚点·事实】1815年6月14日，财政大臣Vansittart已经在议会提出：如果法国与大陆列强达成安排，“that expense now incurred for our armies would cease”，原给陆军的拨款“could be applied to the service of our navy”（cc806–807）。**大陆伙伴退出之后改打海战，是当时明确提出过的政府选项，不只是本卡现代推算。**但这是英国可能继续战争的条件方案，不是英法共同和平后的已定预算。Tierney随即反驳欠款可能再次积累、军需估计偏低（cc809–813）；部长本人也承认海员裁减因清付欠饷反使当期现金支出上升。[K4],仅候选：可能单位换算、概括、纠错或真正遗漏；不能以字符串未命中判漏
nodes/r_5b1357a9c6/cards/t_c69786/B1_britain_politics.md,417,## 十七、有来源的能力上限表〔模板⑮〕,59850|88400,"| 武装共存的海军年度包【模型】 | B3示范45–70艘现役战列舰、59,850–88,400总人力，约£9.09–15.28m/年，按1812成本水平 | 完整基地/信用/采购的选择包，非1804伦敦失守后的即用能力，也不是1830名义预算；舰型与其他任务成套，不拆取所有低值 | K6 |",仅候选：可能单位换算、概括、纠错或真正遗漏；不能以字符串未命中判漏
nodes/r_5b1357a9c6/cards/t_c69786/B1_britain_politics.md,497,### L7｜Chilcott：1803年11月地方仍规划撤移,243|784,"- p.242 fn779、p.243 fn784：Orders, General Meeting of the Lieutenancy, Sarum, 19 November 1803，WSRO1719/30，**转引Chilcott，未阅原卷**。p.243称“the greater part of this county is highly favourable for the removal, not only of inhabitants, but of large flocks of sheep requiring space; they must therefore take their route over the downs”。p.242另记押畜人员与牲畜给养安排。",仅候选：可能单位换算、概括、纠错或真正遗漏；不能以字符串未命中判漏
nodes/r_5b1357a9c6/cards/t_c69786/B1_britain_politics.md,636,### K1｜B2/Bank of England宏观历史序列,129|131,- 财政£million名义财年：A27!AT/AV/AW128、129、134、135、139；对应1804/05、1805/06、1810/11、1811/12、1815/16，1月5日年终。历年consol收益率A31!T130=4.4085408495%；T131=4.6741684621%，差约26.56bp。,仅候选：可能单位换算、概括、纠错或真正遗漏；不能以字符串未命中判漏
nodes/r_5b1357a9c6/cards/t_c69786/B1_britain_politics.md,663,### K6｜B3舰队、人力与年度预算包络,147250|59850|88400,"- 武装和平A_low/A_high包：战列舰45/70、巡防舰50/75、小巡航60/90、其他人员10,000/12,000；总人力59,850/88,400；成本£9.08725–15.282m/年（整个包络）。持续战争W_low/high：130,000/147,250人，成本£15.05–21.46125m/年。",仅候选：可能单位换算、概括、纠错或真正遗漏；不能以字符串未命中判漏
nodes/r_5b1357a9c6/cards/t_c69786/B1a_landing_decision.md,47,### 给B2的明确答复：财政部与英格兰银行撤离文书,597|598,【锚点·证据边界】本轮**没有取得1803–05财政部或英格兰银行签发的伦敦失守处置命令、付款连续性安排、预设媾和授权**。旧材料有“账册送伦敦塔、三十车运金、十二批护卫、Brook Watson负责”的线索，转引Peter A. Lloyd《The French Are Coming!》p.93及John Brooke《King George III》pp.597–598；承重书页尚未读到，故**不把这些细节纳入已核能力表**，更不把银行黄金等同全部国库。[L4],仅候选：可能单位换算、概括、纠错或真正遗漏；不能以字符串未命中判漏
nodes/r_5b1357a9c6/cards/t_c69786/B1b_acceptance_equilibrium.md,62,## 九、能力包络：从国家资源到政治决定〔模板③–⑫〕,50.2|62.8|71.0,| ③财政、货币、银行 | BoE整理序列：1804/05收入£50.2m、支出£62.8m；1811/12收入£71.0m、支出£87.3m、利息£24.6m。1797可暂停兑付。都不是无限极限[K1、L3] | 无盟友省补贴陆战，但贸易损失压税基；伦敦清算停顿可先于存量债务危机触发和平。保存债权是金融精英支持任何新安排的条件 |,仅候选：可能单位换算、概括、纠错或真正遗漏；不能以字符串未命中判漏
nodes/r_5b1357a9c6/cards/t_c69786/B1b_acceptance_equilibrium.md,78,### 数量不能混口径,806|813,【新增锚点·事实】1815年6月14日，财政大臣Vansittart已经在议会提出：如果法国与大陆列强达成安排，“that expense now incurred for our armies would cease”，原给陆军的拨款“could be applied to the service of our navy”（cc806–807）。**大陆伙伴退出之后改打海战，是当时明确提出过的政府选项，不只是本卡现代推算。**但这是英国可能继续战争的条件方案，不是英法共同和平后的已定预算。Tierney随即反驳欠款可能再次积累、军需估计偏低（cc809–813）；部长本人也承认海员裁减因清付欠饷反使当期现金支出上升。[K4],仅候选：可能单位换算、概括、纠错或真正遗漏；不能以字符串未命中判漏
nodes/r_5b1357a9c6/cards/t_c69786/B1c_1815_1848.md,133,## 十七、有来源的能力上限表〔模板⑮〕,59850|88400,"| 武装共存的海军年度包【模型】 | B3示范45–70艘现役战列舰、59,850–88,400总人力，约£9.09–15.28m/年，按1812成本水平 | 完整基地/信用/采购的选择包，非1804伦敦失守后的即用能力，也不是1830名义预算；舰型与其他任务成套，不拆取所有低值 | K6 |",仅候选：可能单位换算、概括、纠错或真正遗漏；不能以字符串未命中判漏
nodes/r_5b1357a9c6/cards/t_c69786/notes_budget1815.md,13,## 主张、反驳与准确范围,140000|70000,"【事实·部长说明】c.807称1814以前海员拨款基数140,000，前一年削至70,000，却因远航人员返国要求清欠而增加当期拨付：“this, instead of a diminution, had caused a great additional expense”。这不是本卡独立核验的在役点名册，也不是可无条件移用到架空的海军规模。",仅候选：可能单位换算、概括、纠错或真正遗漏；不能以字符串未命中判漏
nodes/r_5b1357a9c6/cards/t_c69786/notes_capacity.md,4,## K1 B2已构建BoE序列（本轮交叉输入；本人不重复解算整工作簿）,044211|10041,- 数据构建者Sister10041、卡t_044211；实际读取其 `B2_series.csv` 首段字段及1804/1805/1810/1811/1815行（grep完整财政/收益率字段），用户授权采用 `BoE_selected_cached_values.xlsx` 缓存数据。,仅候选：可能单位换算、概括、纠错或真正遗漏；不能以字符串未命中判漏
nodes/r_5b1357a9c6/cards/t_c69786/notes_capacity.md,6,## K1 B2已构建BoE序列（本轮交叉输入；本人不重复解算整工作簿）,131|71.0|73.0|81.6,- 1810 calendar consol yield=4.4085408495%；1811=4.6741684621%，升0.2656276百分点≈26.56基点；单元A31!T130/T131。按财年列1810/11收入£73.0m、支出£81.6m、利息£24.4m；1811/12收入£71.0m、支出£87.3m、利息£24.6m（A27!AT/AV/AW134、135）。财年终点5 January，不能与calendar收益率同日比较。,仅候选：可能单位换算、概括、纠错或真正遗漏；不能以字符串未命中判漏
nodes/r_5b1357a9c6/cards/t_c69786/notes_capacity_update.md,13,## K6 B3包络（初稿输入，本次实读）,147250|59850|88400,"- 武装和平A_low/A_high：现役战列舰45/70、巡防舰50/75、小巡航60/90；总人力59,850/88,400。持续战W_low/high人力130,000/147,250。舰上陆战队已计入，不重复加。",仅候选：可能单位换算、概括、纠错或真正遗漏；不能以字符串未命中判漏
nodes/r_5b1357a9c6/cards/t_c69786/notes_capacity_update.md,27,## K5/K6本次续核完成,147250|30350|59850|88400,"- B3_calculations.json全部短件已读：P=30,350人、成本6.57975–9.18675m；A_low=59,850人、9.08725–12.28425m；A_high=88,400人、11.514–15.282m；W_low=130,000人、15.05–19.65m；W_high=147,250人、16.51625–21.46125m。均模型，且原文件标annual_source_loaded=false；元数据审计不等于史料审计。本卡不据此独立认证舰艇输出。",仅候选：可能单位换算、概括、纠错或真正遗漏；不能以字符串未命中判漏
nodes/r_5b1357a9c6/cards/t_c69786/notes_factions 2.md,15,## P2 旧轮C16授权复用摘要（本轮实读旧报告，未冒充重读原件）,2355|8071970|858|892,"- Cookson, *The Friends of Peace* (1982)三章公开摘要：地方和平网络强在West Riding/兰开夏及1812–13 East Midlands袜业区；正式组织仅少数请愿临时委员会。原摘要保存在 `downloads/pages/d9d4b8071970.md`、`d2355a2cc858.md`、`dffade892ace.md`；这是同一作者，不当三独立证人。",仅候选：可能单位换算、概括、纠错或真正遗漏；不能以字符串未命中判漏
nodes/r_5b1357a9c6/cards/t_c69786/notes_factions.md,15,## P2 旧轮C16授权复用摘要（本轮实读旧报告，未冒充重读原件）,2355|8071970|858|892,"- Cookson, *The Friends of Peace* (1982)三章公开摘要：地方和平网络强在West Riding/兰开夏及1812–13 East Midlands袜业区；正式组织仅少数请愿临时委员会。原摘要保存在 `downloads/pages/d9d4b8071970.md`、`d2355a2cc858.md`、`dffade892ace.md`；这是同一作者，不当三独立证人。",仅候选：可能单位换算、概括、纠错或真正遗漏；不能以字符串未命中判漏
nodes/r_5b1357a9c6/cards/t_c69786/notes_landing.md,27,## L4 财政部/银行撤离：已查到与没查到,24084|597|598|70707,"- 旧轮百科线索（`downloads/pages/24084fc70707.md`）引Peter A. Lloyd, *The French Are Coming!* (1992), p.93；John Brooke, *King George III* (1974), pp.597–598：银行账册送伦敦塔、财宝三十车、十二组护卫接力、Brook Watson负责。",仅候选：可能单位换算、概括、纠错或真正遗漏；不能以字符串未命中判漏
nodes/r_5b1357a9c6/cards/t_c87512/P6_victory_paths_wargame.md,82,### 1.2 硬约束（引擎强制）,230|495,3. **财政恒等式**：可得＝F4高收入＋盟约案495m（或无盟约案230m＋另筹海军）＋关税净额；需求＝在场兵力×700法郎/兵年（外圈按900）＋海军预算。,仅候选：可能单位换算、概括、纠错或真正遗漏；不能以字符串未命中判漏
nodes/r_5b1357a9c6/cards/t_c87512/P6_victory_paths_wargame.md,209,### 3.1 T1 封锁互斥定理,202|214|255,"【锚】X2 L21引Ellis 1981印p.202：""the efficacy of the Blockade stood in inverse ratio to the extent of Napoleon's military involvements""。【锚】X2 L255：对英伤害峰值需合取""大陆严格控制∧英美断裂""，1803–14只成立两段（1808上半年、1810–12），""法国只能生产合取式的一半""。【锚】R1 L209/L214：关税容忍是唯一同时打动沙皇人身安全、外交精英、财政、贵族怨气、贸易基座、宫廷六列的让步，""但制度上等于放弃S3""。【锚】SC：海峡1805年通行11,537艘对单次最大截获47艘；执行上限在""名义线以下饥荒线以上""。【锚】US：1810-03-23朗布依埃敕令扣押一切进法港美船——法国亲手切断了自己的白银与中立运输管道。【锚】MX：法国从墨西哥白银的实得最大值出现在对西班牙控制最弱的路径上。【锚】F4补订②③：严格版S3使非常关税→0–15m、总关税由≈97m落至15–35m，同时税基损伤−60至−110m/年。",仅候选：可能单位换算、概括、纠错或真正遗漏；不能以字符串未命中判漏
nodes/r_5b1357a9c6/cards/t_c87512/P6_victory_paths_wargame.md,217,### 3.2 T2 行省化互斥定理,56.625|59.5,"【锚】F2：S6-lite中心需56.625万、供59.5万、余2.875万；""3万盟军在册退出后只余0.325万""。【锚】D2 L18：外圈治安实测6–10万＝该富余的2–3倍。【锚】F4：S6每百万人净得测试 富裕低摩擦+11／中等+2／贫弱高摩擦−11；每百万人继承100m债务@6%即−6/年。【锚】G1：吞并南德＝33k即时盟军换60–90k驻军需求＋十年负净供兵。【锚】Q2：每百万新人口第10年净兵在中高摩擦区为负。【锚】D1：内圈五区785万人耗费一整代行政干部（98省长人次、452 auditeurs管道）与20年。",仅候选：可能单位换算、概括、纠错或真正遗漏；不能以字符串未命中判漏
nodes/r_5b1357a9c6/cards/t_c87512/P6_victory_paths_wargame.md,265,### 4.1 逐年对弈表,380193|467.5,"| 1803 | 全部资源压海峡；布洛涅集结；暂停一切大陆新动作 | 英B1：续战并封锁；B3：责任区编制到位、无固定72h预警但巡航线在位；B4：志愿兵1803-12达380,193（全军衔）；奥R/A：观望，无触发即不动 | 人力540k需求 vs 供给467.5–680k（TIGHT）；财政+42m | 0 |",仅候选：可能单位换算、概括、纠错或真正遗漏；不能以字符串未命中判漏
nodes/r_5b1357a9c6/cards/t_c87512/P6_victory_paths_wargame.md,409,"### 5.10 1812｜签约年：以""欧洲总和约""固化，而不是征俄",378|495,| **结算** | 人力540k（TIGHT）；财政+3m——**引擎在此给出本路径最重要的一次强制取舍**：若1813年后仍维持S2姿态（在场54万），陆军378m＋海军195m＝573m将超出F4可得（495m＋关税≈551m），逐年缺7–22m |,仅候选：可能单位换算、概括、纠错或真正遗漏；不能以字符串未命中判漏
nodes/r_5b1357a9c6/cards/t_c87512/P6_victory_paths_wargame.md,628,### 10.1 三层版图表（`P6_max_extent.csv`；只列已核分量，未取得人口数者明写缺口）,1439.2|2128.3|680.2,"**体系外**：英国（UK 1821年2,128.3万＝GB 1,439.2万＋爱尔兰680.2万，Porter《Progress of the Nation》印pp.8–11，经E1）。",仅候选：可能单位换算、概括、纠错或真正遗漏；不能以字符串未命中判漏
nodes/r_5b1357a9c6/cards/t_c87512/notes_inputs_core.md,10,## A. 法国侧能力包络,30.225|56.625|59.5|63.75|92.225,A2 [卡] 同上 L11 / L271–275（表）：S2中心 供59.5万 需54万 余5.5万；S5中心 供63.75万 需49万 余14.75万；S6-lite 需56.625万 余2.875万（「3万盟军在册退出后只余0.325万」）；S6-max 需92.225万、宽给80万仍缺12.225万；S6-full 缺30.225万。原文自限：「数字是情景假设下的账，不是从史料中发现的自然上限。」,仅候选：可能单位换算、概括、纠错或真正遗漏；不能以字符串未命中判漏
nodes/r_5b1357a9c6/cards/t_c87512/notes_inputs_core.md,12,## A. 法国侧能力包络,230|31964|44286|495|5714,"A3 [台账] F4（L?，""F4 t_9f10b6 提交""条）：S5固定1810年6月普通账核心 T=700–800、N=270–330、K=15–30；无盟约中心 750−300−25−195=230m 陆军余量；高收入+盟约 800+40−300−25−20=**495m 供陆海**：陆300+海195闭合；陆350+海195缺50。F2联算：300m÷700法郎/兵年=42.86万法国在册，+20万盟军×0.85=53.43万在场 → S2差5,714人、S6-lite差31,964人、S5余44,286人。",仅候选：可能单位换算、概括、纠错或真正遗漏；不能以字符串未命中判漏
nodes/r_5b1357a9c6/cards/t_c87512/notes_inputs_core.md,18,## A. 法国侧能力包络,72.145|942,A6 [卡] t_24b942/P4_four_snapshots.csv 表头+首行：1815 W low：法舰体72.145 vs 英120；A12 50 vs 105；吨位比0.5658；效能比0.2595。[台账]P4中期：1830 中位 **吨位比 W 0.742 / P 0.902；效能比 W 0.449 / P 0.876**。,仅候选：可能单位换算、概括、纠错或真正遗漏；不能以字符串未命中判漏
nodes/r_5b1357a9c6/cards/t_c87512/notes_inputs_core.md,70,## E. 边缘与跨国,202|255,"E1 [卡] t_6f3beb/X2_continental_system_machine.md L21：「**Ellis法则：封锁效力与大陆军事投入成反比**。""the efficacy of the Blockade stood in inverse ratio to the extent of Napoleon's military involvements""（Ellis 1981, 印p.202）。**S3（最严封锁）与大规模战争不相容；要最大化封锁，必须先停止战争——而停止战争又拆掉了封锁的理由。**」L22/L255：对英伤害峰值需合取（大陆严格控制∧英美断裂），1803–14只成立两段（1808上半年、1810–12），「**法国只能生产合取式的一半**」。L385（B7行）：「接受1810关税是机器的最优选择（中高）」。[台账]X2最优策「保护版」：殖民品改从价40–60%、取消逐船许可证、不再为封锁并地→关税60–90m/年、边境旅缩至1.8–2.2万、净+36至+76m/年（MODEL）。",仅候选：可能单位换算、概括、纠错或真正遗漏；不能以字符串未命中判漏
nodes/r_5b1357a9c6/cards/t_c87512/part_01_head.md,82,### 1.2 硬约束（引擎强制）,230|495,3. **财政恒等式**：可得＝F4高收入＋盟约案495m（或无盟约案230m＋另筹海军）＋关税净额；需求＝在场兵力×700法郎/兵年（外圈按900）＋海军预算。,仅候选：可能单位换算、概括、纠错或真正遗漏；不能以字符串未命中判漏
nodes/r_5b1357a9c6/cards/t_c87512/part_02_inputs.md,93,### 3.1 T1 封锁互斥定理,202|214|255,"【锚】X2 L21引Ellis 1981印p.202：""the efficacy of the Blockade stood in inverse ratio to the extent of Napoleon's military involvements""。【锚】X2 L255：对英伤害峰值需合取""大陆严格控制∧英美断裂""，1803–14只成立两段（1808上半年、1810–12），""法国只能生产合取式的一半""。【锚】R1 L209/L214：关税容忍是唯一同时打动沙皇人身安全、外交精英、财政、贵族怨气、贸易基座、宫廷六列的让步，""但制度上等于放弃S3""。【锚】SC：海峡1805年通行11,537艘对单次最大截获47艘；执行上限在""名义线以下饥荒线以上""。【锚】US：1810-03-23朗布依埃敕令扣押一切进法港美船——法国亲手切断了自己的白银与中立运输管道。【锚】MX：法国从墨西哥白银的实得最大值出现在对西班牙控制最弱的路径上。【锚】F4补订②③：严格版S3使非常关税→0–15m、总关税由≈97m落至15–35m，同时税基损伤−60至−110m/年。",仅候选：可能单位换算、概括、纠错或真正遗漏；不能以字符串未命中判漏
nodes/r_5b1357a9c6/cards/t_c87512/part_02_inputs.md,101,### 3.2 T2 行省化互斥定理,56.625|59.5,"【锚】F2：S6-lite中心需56.625万、供59.5万、余2.875万；""3万盟军在册退出后只余0.325万""。【锚】D2 L18：外圈治安实测6–10万＝该富余的2–3倍。【锚】F4：S6每百万人净得测试 富裕低摩擦+11／中等+2／贫弱高摩擦−11；每百万人继承100m债务@6%即−6/年。【锚】G1：吞并南德＝33k即时盟军换60–90k驻军需求＋十年负净供兵。【锚】Q2：每百万新人口第10年净兵在中高摩擦区为负。【锚】D1：内圈五区785万人耗费一整代行政干部（98省长人次、452 auditeurs管道）与20年。",仅候选：可能单位换算、概括、纠错或真正遗漏；不能以字符串未命中判漏
nodes/r_5b1357a9c6/cards/t_c87512/part_03_pathA_B.md,7,### 4.1 逐年对弈表,380193|467.5,"| 1803 | 全部资源压海峡；布洛涅集结；暂停一切大陆新动作 | 英B1：续战并封锁；B3：责任区编制到位、无固定72h预警但巡航线在位；B4：志愿兵1803-12达380,193（全军衔）；奥R/A：观望，无触发即不动 | 人力540k需求 vs 供给467.5–680k（TIGHT）；财政+42m | 0 |",仅候选：可能单位换算、概括、纠错或真正遗漏；不能以字符串未命中判漏
nodes/r_5b1357a9c6/cards/t_c87512/part_03_pathA_B.md,151,"### 5.10 1812｜签约年：以""欧洲总和约""固化，而不是征俄",378|495,| **结算** | 人力540k（TIGHT）；财政+3m——**引擎在此给出本路径最重要的一次强制取舍**：若1813年后仍维持S2姿态（在场54万），陆军378m＋海军195m＝573m将超出F4可得（495m＋关税≈551m），逐年缺7–22m |,仅候选：可能单位换算、概括、纠错或真正遗漏；不能以字符串未命中判漏
nodes/r_5b1357a9c6/cards/t_c87512/part_05_verdict.md,61,### 10.1 三层版图表（`P6_max_extent.csv`；只列已核分量，未取得人口数者明写缺口）,1439.2|2128.3|680.2,"**体系外**：英国（UK 1821年2,128.3万＝GB 1,439.2万＋爱尔兰680.2万，Porter《Progress of the Nation》印pp.8–11，经E1）。",仅候选：可能单位换算、概括、纠错或真正遗漏；不能以字符串未命中判漏
nodes/r_5b1357a9c6/cards/t_c8b161/IE_ireland.md,10,## 0. 结论先行,309871|311971|680864|683164|768535|770535,"**主线判决（中高置信）**：爱尔兰在1803–1815年间既不是""英国随时会崩的软肋""，也不是""纯属幻想的第二战场""，而是一个**其军事价值完全由法国投送量决定、而非由爱尔兰人热情决定的可变量**。法国自己的文书已经把这条因果关系写死了：1803年8月8日拿破仑对Decrès提出25,000人＋40,000支枪，**条件是登陆时有20,000爱尔兰人加入**——即法方把爱尔兰动员当作*待兑现的条件*，不是可依赖的资源【锚：Wheeler & Broadley 1908，字符768535–770535，引 Bingham II:25】。反过来，1798年Humbert以约1,000人就迫使英方在西部投入数倍兵力，并使Killala一度有4,000名武装叛军【锚：同上，字符309871–311971】——证明**边际投送的回报率极高**，但**零投送的回报率为零**：1803年7月23日无法军的起义，都柏林实际出动者约80人【锚：同上，字符680864–683164，惟该书误系为6月23日，本卡按O'Donnell更正为7月23日】。",仅候选：可能单位换算、概括、纠错或真正遗漏；不能以字符串未命中判漏
nodes/r_5b1357a9c6/cards/t_c8b161/IE_ireland.md,42,## ② 法律、司法与行政渗透,184000|208400,"**【锚】法律上的宗教排除并未随1793年放松而消失**：1793年《天主教救济法》给了40先令自由持有人选举权，但天主教徒仍不得进入议会、不得任高级法官。因此**存在一个庞大的""有票无席""选民群**：1815年登记的约208,400名郡自由持有人中，约184,000人（88%）属40先令一级【锚：History of Parliament Online, Survey IV】。",仅候选：可能单位换算、概括、纠错或真正遗漏；不能以字符串未命中判漏
nodes/r_5b1357a9c6/cards/t_c8b161/IE_ireland.md,48,## ③ 财政、货币与金融,112704800|1244500|230|28550000|4104500,"**【锚】联合的财政条款是定时炸弹**：Castlereagh定爱尔兰承担帝国开支的 **2/17**；联合条款第七条规定两国国库在两债清偿、或税负比达2:15前不合并。结果：爱尔兰国债由1801年1月的£28,550,000（年息£1,244,500）膨胀到1817年1月的£112,704,800（年息£4,104,500）；同期英国债务负担增60%，**爱尔兰增230%**【锚：Hansard, Commons 1849-07-13, cc334–337】。",仅候选：可能单位换算、概括、纠错或真正遗漏；不能以字符串未命中判漏
nodes/r_5b1357a9c6/cards/t_c8b161/IE_ireland.md,74,### 5.1 三条独立的历史标尺,302861|309871,"| 有法军核心时的地方动员 | 1798年8月Humbert带1,000人，""a few hundred""立即加入；9月23日Killala城内约4,000名武装叛军 | W&B 1908 字符302861、309871 |",仅候选：可能单位换算、概括、纠错或真正遗漏；不能以字符串未命中判漏
nodes/r_5b1357a9c6/cards/t_c8b161/IE_ireland.md,95,### 5.2 动员上限函数（模型推演，参数显式）,298633|302861,"**假设与边界**：(i) 参与率上限以1798年韦克斯福德为准，不外推到全岛；(ii) 枪支是硬约束——爱尔兰本地无兵工厂，1798年的主要武器是长矛；(iii) 上表是**动员**不是**战斗力**，1798年Castlebar中加入Humbert的爱尔兰人""beat an ignoble retreat""【锚：W&B 字符302861】；(iv) 所有情形都假定法军在登陆后能就地取粮——1798年Killala的法军""content merely to live on bread or potatoes, to drink water""【锚：W&B 字符298633】，这条对爱尔兰成立，对英格兰不成立。",仅候选：可能单位换算、概括、纠错或真正遗漏；不能以字符串未命中判漏
nodes/r_5b1357a9c6/cards/t_c8b161/IE_ireland.md,117,## ⑥ 军事：爱尔兰作为兵源与战场,220469|38945,"**【锚】爱尔兰是英军的人力支柱**：1808–15年，14万余名士兵样本中爱尔兰出生者占 **32%**（英格兰53%、苏格兰14%）；1807–15年士官30%为爱尔兰人；半岛与滑铁卢诸团军官33%为爱尔兰出生；1793–1815年至少150,000名爱尔兰人入英军【锚：BJMH 研究札记与综述文，journals.gold.ac.uk】。英军兵力由1793年38,945增至1813年220,469【锚：同上，据 H.C. 1813-14 (16) xi, 269】。",仅候选：可能单位换算、概括、纠错或真正遗漏；不能以字符串未命中判漏
nodes/r_5b1357a9c6/cards/t_c8b161/IE_ireland.md,174,## ⑪ 生态与人口,1361491697000026|655|8525000,"**【锚】人口轨迹**：1800年约500万 → 1820年约700万 → 1845年约850万（Boyle & Ó Gráda 推算前夕8,525,000）；1841年普查8,175,124；1851年约655万【锚：Ó Gráda, ""Ireland's Great Famine: An overview""；Boyle & Ó Gráda, doi 10.2307/2061350；Ó Gráda, doi 10.1017/s1361491697000026 省级表】。",仅候选：可能单位换算、概括、纠错或真正遗漏；不能以字符串未命中判漏
nodes/r_5b1357a9c6/cards/t_c8b161/IE_ireland.md,181,## ⑫ 交流与流动,1672|768535,"**【锚】流亡者网络**：巴黎的联合爱尔兰人代理（Lewins、T.A. Emmet、O'Connor、MacNeven）；O'Connor后来成为法国将军；爱尔兰军团作为流亡者的收容与组织形式。拿破仑1803年拒绝接见任何爱尔兰流亡者，理由是他们""divided in opinion and constantly quarrelled amongst themselves""【锚：W&B 1908，字符768535】。上一轮已核：T.A. Emmet日记记1803-05-30 Dalton传达Berthier远征意向、并称约25,000人，7月19日才首次与Berthier面谈；1803-09-07致拿破仑备忘录（AN AF IV/1672/2/209–216r）【转引：Kleinman 2005，见 irish_fulton.md §I1–I2】。",仅候选：可能单位换算、概括、纠错或真正遗漏；不能以字符串未命中判漏
nodes/r_5b1357a9c6/cards/t_c8b161/IE_ireland.md,217,## ⑭ S1／S2／S3／S5／S6下的爱尔兰单位年表（1803–1848）,1803.07|680864,| 1 | 1803.07 | ★S0 | 埃米特起义。都柏林实出约80人，克尔沃登首席大法官被杀；贝尔法斯特罗素尔、基尔达尔奎格利同日尝试均失败 | 【锚：W&B 1908 字符680864，其日期误作6月23日，据O'Donnell更7月23日】 | 高 |,仅候选：可能单位换算、概括、纠错或真正遗漏；不能以字符串未命中判漏
nodes/r_5b1357a9c6/cards/t_c8b161/IE_ireland.md,218,## ⑭ S1／S2／S3／S5／S6下的爱尔兰单位年表（1803–1848）,1803.08|768535,"| 2 | 1803.08–12 | S2分叉点 | 拿破仑8月8日对Decrès提出25,000人＋40,000支枪，**条件是登陆时20,000爱尔兰人加入**；若改为无条件投送，这是整个1803–15年最高回报率的单一转向 | 【锚：同上字符768535；Kleinman转录同日信】 | 高（锚）／中（推） |",仅候选：可能单位换算、概括、纠错或真正遗漏；不能以字符串未命中判漏
nodes/r_5b1357a9c6/cards/t_c8b161/IE_ireland.md,221,## ⑭ S1／S2／S3／S5／S6下的爱尔兰单位年表（1803–1848）,1804.09|8063|952513,"| 5 | 1804.09 | S2 | 【推演】Lough Swilly方案：Augereau率Brest 18,000人，另Texel 25,000人二波，首要目标都柏林。若执行且海上通道维3周，都柏林失守概率0.55–0.70 | 【锚：同上字符952513，引Corr. no.8063】＋【机：⑤动员函数】 | 中 |",仅候选：可能单位换算、概括、纠错或真正遗漏；不能以字符串未命中判漏
nodes/r_5b1357a9c6/cards/t_c8b161/IE_ireland.md,228,## ⑭ S1／S2／S3／S5／S6下的爱尔兰单位年表（1803–1848）,13178|13230,| 12 | 1811 | ★S0 | 英爱民兵合并互换法通过；爱尔兰人力开始法定可外调 | 【锚：Fortescue 1909 行13178–13230】 | 高 |,仅候选：可能单位换算、概括、纠错或真正遗漏；不能以字符串未命中判漏
nodes/r_5b1357a9c6/cards/t_c8b161/IE_ireland.md,257,## ⑮ 能力上限表（各维度历史峰值、崩溃点、未用潜力）,117917|280000,"| 宣誓组织规模 | 阿尔斯特117,917（1797-05）；全国约280,000（1798初）【encyclopedia.com】 | 领导层被捕后数周内瓦解（1798-03、1803） | “宣誓人数”从未转化为武装人数；差距就是枪支 |",仅候选：可能单位换算、概括、纠错或真正遗漏；不能以字符串未命中判漏
nodes/r_5b1357a9c6/cards/t_c8b161/notes_ie.md,11,### A1｜1796 Bantry（Hoche）,41160|61200,"- 【事实·研究者转引】出航携 41,160 stands of arms、野炮20门、攻城炮9门、火药61,200桶、枪弹700万发、燧石70万。来源：W&M硕/博论文 *The Society of United Irishmen and the Rebellion of 1798*（doi 10.21220/s2-d1my-pa56），引 Tone。→ 火药""61,200 barrels""量级可疑（未核单位），只用""随船携带四万余支枪""这一项。",仅候选：可能单位换算、概括、纠错或真正遗漏；不能以字符串未命中判漏
nodes/r_5b1357a9c6/cards/t_c8b161/notes_ie.md,12,### A1｜1796 Bantry（Hoche）,5550|6500|69809|71809,"- 【事实·本地缓存】Grouchy在Bantry可用兵 **6,500**；Bouvet 12月22日在Bear Haven下锚，仅8艘战列舰＋7艘他船，余被吹散。来源：Wheeler & Broadley, *Napoleon and the Invasion of England*(1908)，本地 `downloads/pages/5550fd06ab38.md` 字符69809–71809（引 Mahan I:355–356）。",仅候选：可能单位换算、概括、纠错或真正遗漏；不能以字符串未命中判漏
nodes/r_5b1357a9c6/cards/t_c8b161/notes_ie.md,17,### A2｜1797 Texel（未出海）,21000|258|85181|87381|88653|90153,"- 【事实·本地缓存】计划：Daendels荷军 **15,000** ＋ Humbert法军 **6,000** ＝ 21,000，由de Winter 16艘战列舰＋12艘巡航舰运往爱尔兰北部；同时Brest出12舰载6,000–8,000人（Hoche）趋南或西岸。1797年10月11日Camperdown，Duncan夺15艘中9艘，计划报废。来源：同上，字符85181–87381、88653–90153（引 Desbrière I:258）。",仅候选：可能单位换算、概括、纠错或真正遗漏；不能以字符串未命中判漏
nodes/r_5b1357a9c6/cards/t_c8b161/notes_ie.md,20,### A3｜1798 Humbert,291515|293815|298633|300633,"- 【事实·本地缓存】督政府最终只肯派 **1,000人＋4,000支枪**、5艘巡航舰；作者评""hopelessly inadequate""。8月22日Killala登陆；Killala守军50–200名fencibles与义勇兵被三连掷弹兵击溃，法方3伤2亡，俘23人。（同上，字符291515–293815、298633–300633）",仅候选：可能单位换算、概括、纠错或真正遗漏；不能以字符串未命中判漏
nodes/r_5b1357a9c6/cards/t_c8b161/notes_ie.md,21,### A3｜1798 Humbert,302861|304561|592,"- 【事实·本地缓存】8月25日向Castlebar进军，当面Lake约 **1,700人**（引 Fortescue, *History of the British Army* IV:592）；Humbert报告称当面6,000。仅""a few hundred sons of the soil""加入。（字符302861–304561）",仅候选：可能单位换算、概括、纠错或真正遗漏；不能以字符串未命中判漏
nodes/r_5b1357a9c6/cards/t_c8b161/notes_ie.md,22,### A3｜1798 Humbert,212|309871|313238,"- 【事实·本地缓存】9月23日Killala城内 **约4,000名叛军** 被Trench的1,200名fencibles/义勇兵/民兵击败。Humbert名言：若再增援 **两千人**，""Ireland would be free""（作者转述其致督政府信）。Lecky反问：若1797前后登陆的是14,000–15,000名Humbert式军队会如何。（字符309871–313238，引 Lecky VIII:212）",仅候选：可能单位换算、概括、纠错或真正遗漏；不能以字符串未命中判漏
nodes/r_5b1357a9c6/cards/t_c8b161/notes_ie.md,23,### A3｜1798 Humbert,372|5125,"- 【事实·研究者】Ballinamuck（1798-09-08）法军投降后，逃散叛军约 **500人被屠杀**，被俘90人多数即决处死。来源：Wildman, *Rebellion, invasion and occupation: a military history of Ireland, 1793–1815*（doi 10.26021/5125），引 Pakenham pp.370–372、Murtagh 2003 p.186。",仅候选：可能单位换算、概括、纠错或真正遗漏；不能以字符串未命中判漏
nodes/r_5b1357a9c6/cards/t_c8b161/notes_ie.md,26,### A4｜1803–05 拿破仑本人的方案,5550|768535|770535,"- 【事实·本地缓存＋转引】1803年8月8日致Decrès：向巴黎的联合爱尔兰人代理提出 **25,000人与40,000支枪**，附炮兵弹药，**条件是登陆时有20,000爱尔兰人加入法军**；并愿以承认爱尔兰独立为对英媾和的条件。定位：`downloads/pages/5550fd06ab38.md` 字符768535–770535（作者注引 Bingham II:25；另引《Correspondance》）。与上一轮 irish_fulton.md §I2 所引 Kleinman 转录之同日信（""le gouvernement s'engage à ne pas faire la paix avec l'Angleterre tant que l'indépendance de l'Irlande ne soit constatée""）互证。",仅候选：可能单位换算、概括、纠错或真正遗漏；不能以字符串未命中判漏
nodes/r_5b1357a9c6/cards/t_c8b161/notes_ie.md,29,### A4｜1803–05 拿破仑本人的方案,557|8063|952513|954713,"- 【事实·本地缓存】1804年9月方案：Brest的 **18,000人** 由Augereau率、乘Ganteaume 20舰绕道登爱；若风向利于布洛涅渡海则回航护渡，否则护送Texel的 **7艘巴达维亚战列舰、25,000人** 至 **Lough Swilly**；**首要目标是夺取都柏林**；若不能登爱则转攻苏格兰。9月29日致Decrès（Corr. no.8063, IX:557）：""One of these two operations must succeed … whether I have 30,000 or 40,000 men in Ireland, or whether I am both in England and Ireland, the success of the war is with us.""（字符952513–954713）",仅候选：可能单位换算、概括、纠错或真正遗漏；不能以字符串未命中判漏
nodes/r_5b1357a9c6/cards/t_c8b161/notes_ie.md,48,"### B2｜爱尔兰对英军的人力贡献（""软肋""的反面）",220469|230469|38945,"- 【事实·量化研究】1808–15年，204个骑步兵团14万余名士兵样本中，**爱尔兰出生者占32%**（英格兰53%、苏格兰14%）；1807–15年士官中30%为爱尔兰人；半岛与滑铁卢诸团军官中33%为爱尔兰出生（1813年团检阅回报估35%）。英军兵力1793年38,945 → 1813年220,469（另一处作230,469）。来源：British Journal for Military History 研究札记（journals.gold.ac.uk）；JMHDS 论文。",仅候选：可能单位换算、概括、纠错或真正遗漏；不能以字符串未命中判漏
nodes/r_5b1357a9c6/cards/t_c8b161/notes_ie.md,55,## C. 联合王国内的爱尔兰：制度与财政,112704800|1244500|17720000|230|28238400|28550000|3000000|4104500|450505000|734522100,"- 【事实·同期议会辩论】1801年1月5日英国债£450,505,000（年息£17,720,000），爱尔兰债£28,550,000（年息£1,244,500）；至1817年1月5日英国债£734,522,100（息£28,238,400），爱尔兰债£112,704,800（息£4,104,500）——十六年间英国债务负担增60%，**爱尔兰增230%**。联合条款第七条规定两国国库在两债清偿或税负比达2:15前不合并；Castlereagh定爱尔兰承担帝国开支 **2/17**。促成联合的贿赂支出£3,000,000亦记在爱尔兰账上。来源：Hansard, Commons, 1849-07-13, ""Fiscal Relations between Great Britain and Ireland"", cc334–341。",仅候选：可能单位换算、概括、纠错或真正遗漏；不能以字符串未命中判漏
nodes/r_5b1357a9c6/cards/t_c8b161/notes_ie.md,59,## C. 联合王国内的爱尔兰：制度与财政,184000|208400,"- 【事实·史家】1815年登记的约208,400名郡自由持有人中，**约184,000人（88%）是40先令一级**。来源：History of Parliament Online, 1820–1832, Survey IV: Ireland。",仅候选：可能单位换算、概括、纠错或真正遗漏；不能以字符串未命中判漏
nodes/r_5b1357a9c6/cards/t_c8b161/notes_ie.md,66,## D. 社会、经济、人口,5000000|7000000|8500000|8525000,"- 【事实·史家】人口：1800年约5,000,000 → 1820年约7,000,000 → 1845年约8,500,000（Boyle & Ó Gráda 推算前夕8,525,000）；1841年普查8,175,124；1851年6.55m。来源：Ó Gráda, ""Ireland's Great Famine: An overview""（doi 10.1484/m.corn-eb.4.00018）；Boyle & Ó Gráda（doi 10.2307/2061350）。",仅候选：可能单位换算、概括、纠错或真正遗漏；不能以字符串未命中判漏
nodes/r_5b1357a9c6/cards/t_c8b161/notes_ie.md,68,## D. 社会、经济、人口,1040816|1361491697000026,"- 【事实·史家】饥荒超额死亡 **约100万**（Mokyr 1980作约110万；Boyle & Ó Gráda 1986作约100万），另有约30万被阻止的出生；1841–51年净外迁约100–104万，1845–50年代初离境总数约150万。来源：同上二文；Ó Gráda, ""Migration as disaster relief""（doi 10.1017/s1361491697000026），其省级表 Ireland：人口8,175,124、外迁1,040,816、死亡1,000,000。",仅候选：可能单位换算、概括、纠错或真正遗漏；不能以字符串未命中判漏
nodes/r_5b1357a9c6/cards/t_c8b161/notes_ie.md,72,## D. 社会、经济、人口,117917|280000|38567|69190,"- 【事实·联合爱尔兰人规模】阿尔斯特宣誓人数1796年10月38,567 → 1797年2月69,190 → 1797年5月117,917；1798年初全国宣誓约280,000（共和派自称300,000）。来源：encyclopedia.com ""United Irish Societies from 1791 to 1803""；Society of United Irishmen 条目。",仅候选：可能单位换算、概括、纠错或真正遗漏；不能以字符串未命中判漏
nodes/r_5b1357a9c6/cards/t_c98c24/P2_provincialization_verdict.md,9,## 结论先行,39.5|40.5,- **主线，中高置信（方向）；中置信（边界、时点）：** 1806–1810巩固比利时、左莱茵、皮埃蒙特、利古里亚、莱芒；帕尔马另列。1810–1820保留托斯卡纳、瓦莱的有条件直辖，至多增加享有真实法国市场准入的贝格；意大利王国、南德、荷兰仍保独立机器，罗马归教廷，西班牙保波旁。**持续经营的直辖范围约39.5–40.5百万人口代理，约1825–1835年达到制度稳态。** 这是地区清单的合计，不是同年普查，更不是已经解出唯一全球最优疆界。,仅候选：可能单位换算、概括、纠错或真正遗漏；不能以字符串未命中判漏
nodes/r_5b1357a9c6/cards/t_c98c24/P2_provincialization_verdict.md,10,## 结论先行,54.55|66.23,- **四地全并，低可行性：** 北意王国、德西、伊利里亚、加泰新增13.1百万人。若连荷兰、汉萨、罗马等历史外圈一并保留，中心账需66.23万在场军，偏宽人力供给仅54.55万；在给定财政案下年军费缺174.2百万法郎。可以组织省长办公厅，不能由此证明能支付驻军并替代原盟军。**联合乐观反例能让此层在算术上闭合，故本卡保留约56.7m的低置信政治协约分支，不宣称乙全并技术上绝不可能。**,仅候选：可能单位换算、概括、纠错或真正遗漏；不能以字符串未命中判漏
nodes/r_5b1357a9c6/cards/t_c98c24/P2_provincialization_verdict.md,11,## 结论先行,228.7|51.06|99.04,- **南德、那不勒斯与全西班牙再并，高置信否决主线：** 即使不吞并英国、俄国、奥斯曼和哈布斯堡全部领地，中心需求已99.04万在场军，模型供给51.06万，年军费缺532.6百万法郎。低驻军、高税余角点仍缺228.7百万。这不是欧洲民族必然反法的推断，而是盟军消失、驻防立即增加、税兵收益滞后与政治契约破坏共同造成的结果。,仅候选：可能单位换算、概括、纠错或真正遗漏；不能以字符串未命中判漏
nodes/r_5b1357a9c6/cards/t_c98c24/P2_provincialization_verdict.md,70,### 4. 财政：毛预算不是巴黎净资源,226.389345|342.260044,【锚点】Marion印321列1812年度、1792年以来新并地区预算总毛额342.260044百万、净额226.389345百万法郎；这仍不是扣除全部驻军、旧债、工程后的巴黎净得。分区毛额如下：[S3],仅候选：可能单位换算、概括、纠错或真正遗漏；不能以字符串未命中判漏
nodes/r_5b1357a9c6/cards/t_c98c24/P2_provincialization_verdict.md,157,### 3. 征募、损耗与自治军机会成本,120.4|39.23|430.6,【推演】即使100%保留原B军，乙四地＋外圈中值仍缺约6.70万在场、120.4百万军费；丙仍缺39.23万在场、430.6百万军费。保留军队确实改善结果，但在此任务地图下不够。若保留本地军权、预算权、王朝与司法否决点才取得合作，其实际制度已接近B而不是均一法国省。,仅候选：可能单位换算、概括、纠错或真正遗漏；不能以字符串未命中判漏
nodes/r_5b1357a9c6/cards/t_c98c24/P2_provincialization_verdict.md,163,### 4. 财政闭合的可选方案，不隐瞒牺牲,17093|243000|25686|434286|558600|575693,"本卡的可行修正：盟军在册25万，陆军330、海军165；退并省减少旧中央净税30，则法国陆军实际底盘300；贝格另产生4的假设现金。可支付法国434,286在册；并贝格失7,000原盟军后，余243,000自养盟军。合计575,693在场，对558,600需求余17,093。无贝格方案余25,686。两者皆符合F5的和平法国军人力量级，但要求全年按期支付，不借欠饷假装节约。",仅候选：可能单位换算、概括、纠错或真正遗漏；不能以字符串未命中判漏
nodes/r_5b1357a9c6/cards/t_c98c24/P2_provincialization_verdict.md,171,### 5. 敏感性不是统计区间,228.7|282.2|33.3|334.6|896.9,`P2_corners.csv`独立交叉驻军三档与税余三档。固定其他条件：乙筛选含贝格军费缺口4.3–41.3百万；乙四地5.6–282.2；乙四地＋外圈33.3–334.6；丙228.7–896.9。低驻军/低税余的对角线不是下界，高驻军/高税余也不是上界。,仅候选：可能单位换算、概括、纠错或真正遗漏；不能以字符串未命中判漏
nodes/r_5b1357a9c6/cards/t_c98c24/P2_provincialization_verdict.md,173,### 5. 敏感性不是统计区间,174.98|57.165,**主动反例测试成功翻转乙、未翻转丙。** 再同时取低驻军、全部原B军建制与自养来源保留、陆军350百万、700法郎单价、其他任务减少3万在场及高税余，乙四地＋外圈需求57.165万，物理供给余2.36万、军费余19.23百万；**故乙全并不能以纯技术不可能结案。** 同案丙仍短21.55万在场和174.98百万军费。详`P2_joint_optimistic.csv`。乙的反例不是概率预测：需原盟军在王朝及法理重组后继续忠诚、控制军密度降至低档，财政保持高位，还须从海军/其他项目让出军费与战区任务。保留军队建制不必然等于保留王朝主权；若军队真正改受法国直接指挥、地方税经中央授权持续自养，它仍可能是A。这正是须由IT1/G1等政治证据判定的分叉，而不能靠重新定义把反例排除。,仅候选：可能单位换算、概括、纠错或真正遗漏；不能以字符串未命中判漏
nodes/r_5b1357a9c6/cards/t_c98c24/P2_provincialization_verdict.md,213,### 3. 1.5倍检验：给出条件结论，不伪造分母,43022|64533,"- 丙64,533；分母小于43,022即触发。但1820–1840可能扩充人员，静态1812对照不是长期技术不可能性证明。",仅候选：可能单位换算、概括、纠错或真正遗漏；不能以字符串未命中判漏
nodes/r_5b1357a9c6/cards/t_c98c24/notes_inputs_1.md,5,# 输入审阅 1（2026-09-23）,108138|42.4|470|668,- D1：1795–1805已并内圈比利时、莱茵、皮埃蒙特、利古里亚、莱芒约785万人；1812预算预期毛税比83、莱37.5、皮33、利16百万法郎；Woolf pp.76–81全帝国306任省长32人旧法国疆界外，莱茵16/15法籍、比利时28/25法籍、皮埃蒙特22/9意籍。D1推算新增500万人12–15省长、40–60副省长；1813审计官auditeurs管道452人不是452空缺。Rowe p.181莱茵527宪兵/180万人；Frasca注34皮埃蒙特668/186万人，D1建每百万人370–470常态宪兵密度压力带。比利时征前逃避后期高达42.4%，莱茵1806–10 8138/24186=33.65% vs 阿尔萨斯17.12%；后者入伍后逃亡3.00% vs 13.23%。本土化取决于低额、地方任官、法治程序和教会和平；1798比利时起义、1809教廷绝罚乃风险锚点。,仅候选：可能单位换算、概括、纠错或真正遗漏；不能以字符串未命中判漏
nodes/r_5b1357a9c6/cards/t_c98c24/notes_inputs_1.md,6,# 输入审阅 1（2026-09-23）,28562|66.5,"- D2：托/帕/罗/荷/汉/伊/加泰/瓦莱外圈八类。1812毛税目标荷66.5、汉38.791、托22.5、罗16.5，不是实收；Gaudin增收至多荷55、汉20、伊10、罗12.5；仅伊利里亚1812开销13.5、瓦莱税不抵行政有净耗实证。荷兰西部驻军约15,000/两百万（7.5‰，时间-区域错配，不能推全区长驻），伊利里亚峰值28,562/150万（19‰，含野战，不能另加）；外圈合计6–10万驻军为姐妹卡估算，并非定期点名表。伊利里亚年3,000征实得对令18,000；罗马首征三分一拒一半逃；加泰省化未敢将敕令公布。S3封锁毁海港税基；贸易自由化与留教廷主权可能转移边界。北意王国行政现成但合并会丢自养军与首都自治溢价；贝格工业派有求关税同盟内准入者，非整个德西一致。",仅候选：可能单位换算、概括、纠错或真正遗漏；不能以字符串未命中判漏
nodes/r_5b1357a9c6/cards/t_c98c24/notes_inputs_1.md,8,# 输入审阅 1（2026-09-23）,226.389345|342.260044,- Q2：Q2条件模型5年役期含一年训练、0.8可用折算、年留存0.9，百万人第10年净兵L −0.04至+5.32千、M −7.10至+2.19千、H −26.73至−6.03千，条件参数非CI。旧藩属贡献为并省基线，**不能用兼并后毛产出减零**。Marion毛342.260044/预期净226.389345不等于巴黎净额。实际保留三年审计门槛。,仅候选：可能单位换算、概括、纠错或真正遗漏；不能以字符串未命中判漏
nodes/r_5b1357a9c6/cards/t_c98c24/notes_inputs_1.md,9,# 输入审阅 1（2026-09-23）,110.225|30.225|56.625|59.5|92.225,- F2 S6 lite 59.5万可用 vs中心需56.625万（仅余2.875）；max 80万可用 vs92.225万缺12.225，full需110.225万缺30.225。此乃占领/野战分档的方案现有测算，不能把D2外圈6–10万全额叠加（部分必已算入F2）；后续将按地区显式去重。,仅候选：可能单位换算、概括、纠错或真正遗漏；不能以字符串未命中判漏
nodes/r_5b1357a9c6/cards/t_c98c24/notes_inputs_2.md,7,# 输入审阅 2：财政、军力、政治（2026-09-23）,42.857|495,**口径冲突2：税收与驻军双重记账。** F4月度普通账高收入+盟约案例800+40−300−25−20=495m陆海联合（陆300+海195）；700法郎/在册兵年，法国42.857万+20万盟军在册×.85=53.43万在场，S2中心54万就短0.5714万，S6-lite短3.1964万；加25万盟军则余1.0536万。另本地供养的意法驻军和盟国兵费用不得既从法国L扣又作为地区T净贡；用两个账“中央现金”和“区域留用”，增量仅征巴黎追加派遣部分。F2 600/700/900每兵年是Mollien回忆录经Marion转述的费用，非线性精确实支。,仅候选：可能单位换算、概括、纠错或真正遗漏；不能以字符串未命中判漏
nodes/r_5b1357a9c6/cards/t_c98c24/notes_inputs_2.md,9,# 输入审阅 2：财政、军力、政治（2026-09-23）,351813|40.1|4190|57.8,**政治反事实锚点**：IT1王国峰值670万/法典省制自养4.5–5.5万和平军，1805-03-17宪制法art.3/4承诺法意两冠在皇子继承后分开，直接兼并逆法理且把本国军旗降格。G2威斯特法利亚约200万人、25k配额+自养法军12.5k；贝格约100万、5–8k配额及法典省制，工业派请求并法而科隆商会反对关税内平等。南德自养，巴/符/巴登配额30k+12k+8k，1813 Ried保证巴伐利亚领土+主权换36k野战军；法国并合会失此缓冲。那不勒斯大陆500万、岛150万，B藩属已经军费约80%预算，A直接接管卡拉布里亚与军官政治；对法国负增量。荷兰200万，兼并期西部15k法国驻军；瑞士1803调停制不驻法国常备军而条约供约16k，为A/B对照。F1中枢1811纸面发文折年率约4190封达到峰，S6全欧若沿单人中枢机制需求2.5–4倍（模型判断，不能转化为“B局部额外2.5–4倍”）；1806邦联、意副王、家族国证明行政代理可行，但真正政治分权与拿破仑保留单边处置权矛盾。F5的年征8–10万和平容忍与人数有对账勘误：采F2定稿法籍在册40.1–57.8万按6–7年+耗损，法国40–45万须年征8.52–9.58万；含盟军总55–70万须国别分担；>20–30万/年持续为触发带而非硬历史定律。继承可能在1820–35，1813摄政法是危机触发，1829皇子成年第二交接。,仅候选：可能单位换算、概括、纠错或真正遗漏；不能以字符串未命中判漏
nodes/r_5b1357a9c6/cards/t_c98c24/notes_model_audit.md,6,## 本轮修正,228.7|33.3|334.6|896.9,3. low/mid/high原列同时改变驻军与税余，不能当上下界。新增P2_corners.csv把三档驻军与三档税余独立交叉。乙四地含外圈军费缺口33.3–334.6m，丙228.7–896.9m，均在固定20万盟军、300m军预算和700法郎单价下；不是任意政策下的不可能性证明。,仅候选：可能单位换算、概括、纠错或真正遗漏；不能以字符串未命中判漏
nodes/r_5b1357a9c6/cards/t_c98c24/notes_model_audit.md,7,## 本轮修正,43.429|57.569,4. 新增P2_policy_closure.csv：25万初始自养盟军、330m转移前陆军预算（从F4海军示例195m递减30m至165m）、退并省丧失旧中央净税30m。含贝格并省后盟军24.3万、可支付法国在册43.429万，合57.569万在场，需求55.86万、余1.709万；无贝格余2.569万。税损60m或额外任务3万使含贝格方案转负。由此财政可闭合但不是自动闭合。,仅候选：可能单位换算、概括、纠错或真正遗漏；不能以字符串未命中判漏
nodes/r_5b1357a9c6/cards/t_c98c24/notes_model_audit.md,14,## 指标含义,28000|540000,- F2_S2_DEMAND=540000是已含中央预备、旧法国、内圈、海外/边境任务的基线。内圈人口从7m改7.85m，只修原28000任务至31400，非重加。原北意25k、威国12.5k、南意20k法军任务从新增驻军中扣除；其具体驻地分布仍是依赖模型而非同日军表。,仅候选：可能单位换算、概括、纠错或真正遗漏；不能以字符串未命中判漏
nodes/r_5b1357a9c6/cards/t_c98c24/notes_model_audit.md,28,## 提交前主动反证及复跑,174.980|215514.3|23597.6|571,"联合乐观角点新增为P2_joint_optimistic.csv：低驻军、全留B軍建制和自养来源、700法郎军价、350m陆军预算、任务减3万、高税余。乙四地含外圈算术转正：在场余23,597.6、军费余19.229m；丙仍缺215,514.3在场及174.980m。此反例修正“乙技术不可行”可能误读，已报Last Order #571；主线改判仍需政治证据。保留原建制不必然等于保留国家主权，禁止为维护主线而定义排除反例。",仅候选：可能单位换算、概括、纠错或真正遗漏；不能以字符串未命中判漏
nodes/r_5b1357a9c6/cards/t_c98c24/notes_model_audit.md,30,## 提交前主动反证及复跑,1458|254929265|256|356392|479|822981|8964215|943|9632,最终脚本连续运行两次，全部CSV逐字节sha256一致；P2_budget.csv与scenario_summary.csv一致。21主表、63驻军×税余角点、48政策闭合、2联合乐观、62地区明细、1458敏感性行；敏感性含重复同值路径，不作频率统计。四份亲读PDF工作区路径均exists=True。主要哈希：P2_budget.csv 77b02fc7feb3be7bda0a5a40c39d254929265cf149d479c172f943e5e12caf40；P2_joint_optimistic.csv 5bc49ff0e4c356392e7b822981fa2bc4a40d8964215edc1b9ab7bb5cb9632d01。交付为Markdown/CSV，无另行版面渲染验证。,仅候选：可能单位换算、概括、纠错或真正遗漏；不能以字符串未命中判漏
nodes/r_5b1357a9c6/cards/t_c98c24/notes_primary_1.md,3,# 一手/专著摘录：人员、征兵、财政、荷兰（已亲读版本）,1581798|1814306|230|232|243|42.4|49.3|720|81112,"**Woolf, _Napoleon's Integration of Europe_ (1991), PDF doc 46acd720f176，印页75–81=PDF86–92；印页158–161=PDF169–172；印页230–232=PDF241–243。** 直接核：印75 “Between 1800 and 1814 306 prefects were nominated; we have details of the careers of 281.” 印76 “only 32 prefects, or 12 per cent, came from outside France's pre-1789 frontiers, although the 43 annexed departments constituted one-third of the total 130”; 98人曾任44并合省长，**历任不是1812同时供应**。印76 auditor出身42人升省长，1813为约1/4；印77莱茵15/16、比利时25/28法籍，皮埃蒙特9/22意籍、荷兰7荷4比3法籍、汉萨3比2法籍：当地省长模式非一条直线。印74–75邻接协作必要，具体措辞“Local collaboration was essential for the functioning of the administration, from sub-prefects to judges, from financial agents to mayors.” 印81 112次并合省长任命37名曾任他省长，部分auditeurs进入。印158 1798 Jourdan五年义务；印160平均每三名可应征年级一人医汰，征前逃避比利时10.7→42.4%、征后逃亡49.3→14.8%（窗口非相同）；印232对新并荷兰征兵暴动及税收恶化。**政治性反例**：读Woolf印230–32，其认为地方民变有短期骤增与战役空虚触发，不能把无外援解释为无一切抵抗；法国官员常将任何抵抗标签“匪患”。",仅候选：可能单位换算、概括、纠错或真正遗漏；不能以字符串未命中判漏
nodes/r_5b1357a9c6/cards/t_c98c24/notes_primary_1.md,5,# 一手/专著摘录：人员、征兵、财政、荷兰（已亲读版本）,1195|15500|1803668|196,"**Rowe, _From Reich to State_ (2003), PDF doc efa2c87c4afb；印页168=PDF182，印179=PDF193，印181–182=PDF195–196。** 印168 Table1含年各省征额，人口莱茵4省只1,280,942 vs D1地区人口180万（不同边界/时点/口径，不能将527除180万称为同源历史观测密度；若1.28m为183?同表校准更高密度0.41‰）。印179 Table3明确莱茵1806–10动员24,186，征前逃8,138，征后逃725；阿尔萨斯13,933/2,386/1,843；印181 “it totalled 15,500 men in the empire in 1809, with 527 stationed in the Rhineland after its introduction in 1798.” 当地四分之一、法籍须会德语。**重要新发现**：全帝国15500是1809点名而非1812点名；超过1.5×阈值不得把1809冒充1812供给；既有 D1 四省527与PI 1803 668合计1195已包含于帝国总量，不能把“内圈新增”和基数相加。印182 Dormagen 1811机动纵队34宪兵，235法郎/五天（另供给工资），Roer逃役2000→670数周，但非全年兵员增量。印169–70基层市长编册与集体责任，不能仅用中央行政人头预测税兵完成。",仅候选：可能单位换算、概括、纠错或真正遗漏；不能以字符串未命中判漏
nodes/r_5b1357a9c6/cards/t_c98c24/notes_primary_1.md,7,# 一手/专著摘录：人员、征兵、财政、荷兰（已亲读版本）,044|1072|219|66.5,"**Marion, _Histoire financière de la France_, IV (1925), PDF doc 1f18be55f219，印页321–323=PDF341–343。** 直接核印321 Gaudin 1811-04-30预计新并最增105m：荷55、南荷7、汉20、伊10、罗12.5；辛普朗“le produit de ses contributions ne couvrira même pas les frais de son administration”。1812所有1792年以来并地预算“342.260.044 bruts. 226.389.345 nets”，分项比83、荷66.5、汉38.791、莱37.5、皮33、托22.5、利16、罗16.5；末语“ils finissaient par coûter au Trésor plus qu'ils ne lui rapportaient”是Marion判断不等于逐省净流实账。印322 Mollien回忆录经Marion转引600法郎/人年薪饷+养护，700含武器补马；印323 Marion自己说不同部队和外国分摊使确数“Question insoluble”。上述不是精确边际军价。PDF对应页查实；其脚注AN AF IV 1072仅被引，并非本卡亲阅。",仅候选：可能单位换算、概括、纠错或真正遗漏；不能以字符串未命中判漏
nodes/r_5b1357a9c6/cards/t_c98c24/notes_primary_1.md,9,# 一手/专著摘录：人员、征兵、财政、荷兰（已亲读版本）,189|1901811|1921813|261|86884,"**Johan Joor, “A Very Rebellious Disposition,” _Soldiers, Citizens and Civilians_ (2009), PDF doc caa0e8d86884，印页189–192=PDF200–203。** 印189 王国期45%(261)骚乱、起义1/3此前；印190 1811–12至少20征兵暴动、1813四城连锁；印191 明确“western part of Holland… averaging some 15,000 men”直至1813末，**仅西部军队非全部荷兰，且是当局意图维持的平均而非行政治安兵**；骚乱动因军事35%、财税封锁26%、反政权24%、宗教4%。印192 1813-11-15政府外逃。这允许法国直辖高成本校准，但和平/通商改变动因并不按26%机械回落26%事件率。",仅候选：可能单位换算、概括、纠错或真正遗漏；不能以字符串未命中判漏
nodes/r_5b1357a9c6/cards/t_c98c24/notes_primary_2.md,5,# 宪兵机构与人员边界（亲读）,077|18111400|4140|444|751,"2. Thierry Lentz, “La gendarmerie du Consulat et de l’Empire,” Fondation Napoléon，`downloads/pages/fece444af077.md`，https://www.napoleon.org/histoire-des-2-empires/articles/la-gendarmerie-du-consulat-et-de-lempire/。开头明列省内领土、军中prévôtale、西班牙、海事、精锐、巴黎等专门部队之后写“les effectifs de « ces » gendarmeries ... 30 600 hommes en 1813”。其法国帝国末34个légions地理覆盖包括Mayence/Turin/Gênes/Florence/Rome/Laibach/Amsterdam/Groningue/Hambourg，而非134省1万五+另外的诸外国警察。每brigade原则一名军士五宪兵，最多2500 brigade不是每年可组建2500个。西班牙20队=4140含军官、1740马，另1810加泰751→1811 1400；注意2006 Lepetit中的最初4000士兵不同含军官口径。来源研究彼此可能重叠同一军档，不能当独立互证。",仅候选：可能单位换算、概括、纠错或真正遗漏；不能以字符串未命中判漏
nodes/r_5b1357a9c6/cards/t_c98c24/notes_primary_2.md,7,# 宪兵机构与人员边界（亲读）,0715|11179|180115689|181126000|982,"3. 《Manuel-04》“La Révolution et l’Empire”署A.B.，历史宪兵学会网站，`downloads/pages/982acebc0715.md`，https://www.force-publique.net/sources/Livres/Manuel/Manuel-04.html。§B.3写1801 15,689，其中骑11,179、2500 brigades；1811 26,000跨法国统治领土，并直接警告只是règlements预定数字、实际在地可能更少，绝不能用26000作1812到岗人数。该手册没给1812实际统一点名；与Lentz可能同一既有统计传统，非独立来源。",仅候选：可能单位换算、概括、纠错或真正遗漏；不能以字符串未命中判漏
nodes/r_5b1357a9c6/cards/t_c98c24/phase_design.md,9,# 冻结阶段与术语（P2，2026-09-23）,39.5|40.5,|丙1820–40压力|北意与德西全面保有后再A化南德三邦~6–8m（卡G1国家边界变化较大，模型仅6m最窄方案）、那不勒斯本土~5m、西班牙非加泰部分~9.6m；切勿再加全西10.54m与先算加泰0.9m。此系高压反例。|主线保南德有兵有税君主、意大利王国、那不勒斯一国、波旁西班牙之B/C；最大有条件直辖疆域~39.5–40.5m人口代理（旧法30+D1 7.85+托1.1+帕0.4+瓦0.126+贝格0–1），最早1825–35完成制度稳态。罗马A有归还教廷与留帝国省不可同时之主权选择。|每次君主死亡/摄政/皇子成年（1829）及多地经济危机重新检验，同步高压触发退出并省返回盟邦，而非无条件延长征兵或征欠。|,仅候选：可能单位换算、概括、纠错或真正遗漏；不能以字符串未命中判漏
nodes/r_5b1357a9c6/cards/t_ca3e8d/EG_egypt_red_sea.md,44,### 1.3 「→红海分支关闭」——结论成立但归因需改写（判定·高置信）,17367|361323912,- 【锚点】红海物流：Qusayr–Kena走廊33/34英里无水段、水袋损耗、梯队节奏（Baird 1801实测，t_c17367/S5，downloads/pages/e6f361323912.md）；苏伊士造舰=驼运拆件100–150吨级（Marsot p176）。,仅候选：可能单位换算、概括、纠错或真正遗漏；不能以字符串未命中判漏
nodes/r_5b1357a9c6/cards/t_ca3e8d/EG_egypt_red_sea.md,60,### ② 法律司法与行政渗透,4810|9158|9175,"- 【锚点】行政渗透深度（Fahmy核心论题）：征兵+专卖使国家首次直达村落——点名册、通行证、体检、烙印/牌照式管控；""Gone were the days when an Ottoman vali…could issue an order…and be practically ignored""（Fahmy L4810）。供养13万军队的官僚机器=税册+征发+军服工厂+邮驿+军医体系（Fahmy L9158–9175）。",仅候选：可能单位换算、概括、纠错或真正遗漏；不能以字符串未命中判漏
nodes/r_5b1357a9c6/cards/t_ca3e8d/EG_egypt_red_sea.md,66,### ③ 财政货币金融,2347|9180|9200,- 【锚点】支出黑洞：Morea战役花20–25 million riyals（Aksan L2347）；欠饷15–20个月（Fahmy L9180–9200）；1832起连年低水/疫灾下仍两线用兵。,仅候选：可能单位换算、概括、纠错或真正遗漏；不能以字符串未命中判漏
nodes/r_5b1357a9c6/cards/t_ca3e8d/EG_egypt_red_sea.md,78,### ⑤ 撷取与动员上限,12933|4597|4806,"- 【锚点】兵员：1822-02-18首道征兵令（上埃及4,000人、名义3年役期）→<1年Banī 'Adī营已训30,000→mid-1830s累计conscripts达130,000（Fahmy L4597–4806，人口口径500万→2.6%）；Scott 1837：额定90,550/实额≤80,000（埃籍正规），叙募+非正规可近倍（notes_aksan_scott D1）。海军另有（叙役六年报告：海军失踪20,000——侧证海军人员数万级，Fahmy L12933）。",仅候选：可能单位换算、概括、纠错或真正遗漏；不能以字符串未命中判漏
nodes/r_5b1357a9c6/cards/t_ca3e8d/EG_egypt_red_sea.md,79,### ⑤ 撷取与动员上限,12930|12938|2137|4770,"- 【锚点】崩溃信号（上限已越的证据）：1823下埃及大乱；1824上埃及30,000人起义（两周镇压、4,000死）；点名缺员10–25%；叙役六年陆军失踪60,000+海军20,000≈每2征1逃；自残避役与村落连坐（Fahmy L4770–4800、L12930–12938；Aksan L2137互证）。",仅候选：可能单位换算、概括、纠错或真正遗漏；不能以字符串未命中判漏
nodes/r_5b1357a9c6/cards/t_ca3e8d/EG_egypt_red_sea.md,86,### ⑥ 军事,2905|2917|2950,"- 【锚点】海军：1807 Africa号赴英装配→购舰被拒→希腊代理自建+租马斯喀特船；红海队18艘100–150吨（1811）；Navarino前地中海舰队=买船+改装（1827阿里predicted全灭""30–40 thousand men""级人员——其信中自估，Fahmy L2905）；**1827-10-20 Navarino：联合舰队57舰沉、8,000人溺，埃舰多数覆灭**（Aksan L2031；Fahmy L2917）；1829-06起Cerisy建亚历山大arsenal自造舰队（Fahmy L2950）；1839-07-16奥斯曼舰队自献亚历山大（Driault 1930 t.I目录）——一夜之间埃及握东地中海最大舰队而不敢用之对英。",仅候选：可能单位换算、概括、纠错或真正遗漏；不能以字符串未命中判漏
nodes/r_5b1357a9c6/cards/t_ca3e8d/EG_egypt_red_sea.md,87,### ⑥ 军事,2890|2935,"- 【锚点】海军差距自评：阿里Navarino前信：""我们虽是战争之人，于此艺尚在字母表(alif ba)阶段，而欧洲人早已理论付诸实践""（Fahmy L2890–2935）；Scott 1837：""not powerful enough to cope with the fleets of the great European powers""。",仅候选：可能单位换算、概括、纠错或真正遗漏；不能以字符串未命中判漏
nodes/r_5b1357a9c6/cards/t_ca3e8d/EG_egypt_red_sea.md,93,### ⑦ 社会结构与阶层,1245|4546|4606,"- 【锚点】奴隶与族群：苏丹战役最初为造奴隶军（1821-08首批1,900人；2,400→1,245的死亡率；""like sheep with the rot""）失败后才转向fellah（Fahmy L4546–4606）——埃及军队的种族工程起点。",仅候选：可能单位换算、概括、纠错或真正遗漏；不能以字符串未命中判漏
nodes/r_5b1357a9c6/cards/t_ca3e8d/EG_egypt_red_sea.md,131,### 3.1 单位性质与量级（十二维压缩）,1420800|264268,"- 【锚点】财政：突尼斯beylik 1800–02年均岁入1,420,800皮亚斯特+私掠收益264,268（**私掠占岁入15.7%，且此为活动高峰年**）；阿尔及尔deylik 1786–88岁入约250万法郎/年（不含私掠与欧洲贡金）（Panzac p142）。",仅候选：可能单位换算、概括、纠错或真正遗漏；不能以字符串未命中判漏
nodes/r_5b1357a9c6/cards/t_ca3e8d/EG_egypt_red_sea.md,133,### 3.1 单位性质与量级（十二维压缩）,1050|1065|1494|1606|630,"- 【锚点】奴隶存量（祛魅数据）：阿尔及尔630（1795）→1,050（1799）→1,494（1811）→1,645（1813）→1,065（1816）；Exmouth 1816春赎放全境：阿尔及尔1,606+突尼斯900+的黎波里580（Panzac p126–127）。奶那不勒斯人最多（其王拒赎）。",仅候选：可能单位换算、概括、纠错或真正遗漏；不能以字符串未命中判漏
nodes/r_5b1357a9c6/cards/t_ca3e8d/EG_egypt_red_sea.md,144,### 3.3 1830阿尔及尔类比的适用边界（对P2/Q1接口）,2347|2946|2950,"- 【锚点】1828–30法国曾邀阿里代取的黎波里+突尼斯+阿尔及尔，阿里经反复外交后拒（""too costly…divert him from the provinces he strongly desired""，Fahmy L2946–2950；Aksan L2347互证""French talked of joint operations…but then occupied Algeria themselves in 1830""）。→ 法国自己下场=代理人方案破产的直接后果。",仅候选：可能单位换算、概括、纠错或真正遗漏；不能以字符串未命中判漏
nodes/r_5b1357a9c6/cards/t_ca3e8d/notes_aksan_scott.md,11,## B. Aksan：瓦哈比战争与代价,170000|2127,"1. 【L2127–2129】瓦哈比=汉巴里净化运动，视奥斯曼王朝非法；Diriyah神权国（Ibn Saud家族）；素丹1811令阿里收复两圣城。Tusun初败；**1813年收复麦加麦地那，代价8,000人、25,000头牲畜、170,000钱袋(purse)**；1818 Ibrahim破内志、Diriyah夷平、Abdullah解京处决；Ibrahim授Hijaz总督；**1824瓦哈比复占内志**；**阿里保持也门与Hijaz至1840**。",仅候选：可能单位换算、概括、纠错或真正遗漏；不能以字符串未命中判漏
nodes/r_5b1357a9c6/cards/t_ca3e8d/notes_aksan_scott.md,22,## D. Scott 1837（英军中校实地）：埃军军表与战略判词,3760|530|6633|6660|6890|70400,"1. 【L6633–6660】编制表：炮兵3,760+工兵桥梁2,000+骑兵13团6,890+近卫3团(9营)7,200+线列22团70,400+要塞老兵300=**额定90,550**；骑团530人/6连，步团3,200人/4营8连；**实额""cannot be calculated at more than eighty thousand""（多团骨架化）**；脚注：此为埃及本土征募，叙利亚征募+贝都因等非正规""perhaps swell his ranks to nearly double that amount""。上校月薪8,000皮亚斯特≈£88。",仅候选：可能单位换算、概括、纠错或真正遗漏；不能以字符串未命中判漏
nodes/r_5b1357a9c6/cards/t_ca3e8d/notes_aksan_scott.md,24,## D. Scott 1837（英军中校实地）：埃军军表与战略判词,4020|4040,"3. 【L4020–4040】英国杠杆判词：**""it would be extremely difficult for any power whatever to attack Egypt, without the consent of England—so long as she maintains her maritime superiority""；""A simple blockade of the Egyptian ports would do this[毁灭他], without firing a shot or landing a soldier—whilst an army of thirty thousand men would effect the conquest of the country""**；土耳其舰队毁后（Navarino""untoward event""引Slade）英国须以埃及为印度屏障；俄国若图印度必先取埃及。→ 1837英军职业判断：3万陆军+制海权=征服埃及门槛；亦即对任何""法国工具化埃及""方案的英方成本标尺。",仅候选：可能单位换算、概括、纠错或真正遗漏；不能以字符串未命中判漏
nodes/r_5b1357a9c6/cards/t_ca3e8d/notes_fahmy.md,6,## A. 军队的诞生与结构（ch2–3）,4370|4380,"2. 【L4370–4380】1822年Sève+Osman Nureddin+Ahmed Muhendis起草的建军方案被阿里否决，理由=""盲抄拿破仑军制""：""这方案妙极，但拿破仑用它带的是数千人老兵之军，我们的军是新创的""；两周后勒令按Selim III的nizam-i cedid奥斯曼军制重拟。→ 埃军=奥斯曼-法国混合体，非""海外法军""。",仅候选：可能单位换算、概括、纠错或真正遗漏；不能以字符串未命中判漏
nodes/r_5b1357a9c6/cards/t_ca3e8d/notes_fahmy.md,7,## A. 军队的诞生与结构（ch2–3）,1245|4546|4560|4579,"3. 【L4546–4560】苏丹奴隶兵路线失败：1821-08首批1,900人抵Isna；Aswan兵营接收；沿途大量死亡（""像烂疫之羊般死去""）；2,400人抵Aswan仅1,245人活着到开罗【L4579】；阿里雇美国医生治""此族""。",仅候选：可能单位换算、概括、纠错或真正遗漏；不能以字符串未命中判漏
nodes/r_5b1357a9c6/cards/t_ca3e8d/notes_fahmy.md,8,## A. 军队的诞生与结构（ch2–3）,4597|4606,"4. 【L4597–4606】1822-02-18致Jirja总督Ahmed Pasha Tahir令=首份征埃及农民令：上埃及征约4,000人，初定3年役期给证放归（后成无限期）；动机=替换不耐苏丹气候的土耳其兵，非levée en masse。",仅候选：可能单位换算、概括、纠错或真正遗漏；不能以字符串未命中判漏
nodes/r_5b1357a9c6/cards/t_ca3e8d/notes_fahmy.md,9,## A. 军队的诞生与结构（ch2–3）,4610|4615|4620|5573,"5. 【L4610–4615】军官团=马穆鲁克学校：Aswan（阿里的mamluks，Douin记300–400人；al-Rāf'ī记学员共约1,000【L5573】）+Farshūṭ（Ibrahim的）；Sève任首席教官【L4620】。",仅候选：可能单位换算、概括、纠错或真正遗漏；不能以字符串未命中判漏
nodes/r_5b1357a9c6/cards/t_ca3e8d/notes_fahmy.md,10,## A. 军队的诞生与结构（ch2–3）,4713|4719,"6. 【L4713–4719】<1年内Banī 'Adī新营已训30,000人；Aswan/Farshūṭ先成10营×800人。",仅候选：可能单位换算、概括、纠错或真正遗漏；不能以字符串未命中判漏
nodes/r_5b1357a9c6/cards/t_ca3e8d/notes_fahmy.md,13,## A. 军队的诞生与结构（ch2–3）,4770|4820,"9. 【L4770–4800】1824-03-22城堡火药库爆炸死4,000+（疑旧军阿尔巴尼亚人/马穆鲁克纵火）；新军一营控场。1824-04上埃及大起义：30,000+男女，Shaykh Raḍwān自称mahdi、斥阿里为异教徒；曾传700士兵倒戈、45军官被当众枪决；Osman Bey以500骑+3,000新军步兵两周平定，死4,000+。→新军对本乡本族开枪不手软（军士杀父获升中尉【L4820】）。",仅候选：可能单位换算、概括、纠错或真正遗漏；不能以字符串未命中判漏
nodes/r_5b1357a9c6/cards/t_ca3e8d/notes_fahmy.md,14,## A. 军队的诞生与结构（ch2–3）,4801|4806,"10. 【L4801–4806】由此放开征兵闸门：""conscription waves frantically followed each other so that by the mid-1830s the number of conscripts had already reached 130,000""；人口约500万→军队=人口2.6%。",仅候选：可能单位换算、概括、纠错或真正遗漏；不能以字符串未命中判漏
nodes/r_5b1357a9c6/cards/t_ca3e8d/notes_fahmy.md,18,## B. 供养机器与极限（ch4–5）,9158|9175,"1. 【L9158–9175】""Sustaining an army of around 130,000 men on a more or less constant war footing was no easy task""：更高税率、跨数百英里征发粮食、军服工厂、驱动工厂的马骡牛、邮驿、现代医疗体系——""经济-官僚结构""是军队的另一半。",仅候选：可能单位换算、概括、纠错或真正遗漏；不能以字符串未命中判漏
nodes/r_5b1357a9c6/cards/t_ca3e8d/notes_fahmy.md,20,## B. 供养机器与极限（ch4–5）,12930|12938,"3. 【L12930–12938】逃兵总账：叙役六年后报告：陆军失踪60,000+海军20,000；""army could not have been larger than 130,000, this means that for every two conscripts, one soldier managed to desert""；点名缺员10–25%。Fahmy解读=民众以脚投票反抗此政权（其反民族主义叙事核心）。",仅候选：可能单位换算、概括、纠错或真正遗漏；不能以字符串未命中判漏
nodes/r_5b1357a9c6/cards/t_ca3e8d/notes_fahmy.md,25,## C. 1827断裂与1828–33转向（ch1）,2890|2935,"2. 【L2890–2935】大维齐尔斥欧洲舰队为""ayağı patırdıları""（喧嚣噪音）；阿里Navarino前致驻京代理Najib Efendi信（全引）：""若欧洲人不是虚张……我们必须承认无法与之对抗，唯一结局是全舰队沉没、三四万人丧命……我们虽是战争之人(ehl-i harb)，于此艺尚在字母表(alif ba)阶段，而欧洲人早已理论付诸实践……两害相权取其轻：希腊独立+奥地利调停""。→ 埃及统治者对欧陆海军差距的自我认知=能力上限的第一手陈述。",仅候选：可能单位换算、概括、纠错或真正遗漏；不能以字符串未命中判漏
nodes/r_5b1357a9c6/cards/t_ca3e8d/notes_fahmy.md,27,## C. 1827断裂与1828–33转向（ch1）,2946|2950,"4. 【L2946–2950】1828–30法国提议阿里代取的黎波里+突尼斯+阿尔及尔（Drovetti–Polignac方案）：""After some consideration and a lot of diplomatic exchange…the expedition was too costly to merit taking the risks involved and that it would divert him from the provinces he strongly desired [Syria]""。→ 巴尔巴里换叙利亚不换：阿里拒当法国北非代理人。",仅候选：可能单位换算、概括、纠错或真正遗漏；不能以字符串未命中判漏
nodes/r_5b1357a9c6/cards/t_ca3e8d/notes_fahmy.md,32,## D. 终局参数（intro/ch7）,1030|1040,"1. 【L1030–1040】1838 Balta Liman商约（针对阿里垄断制）+1841 firman：剥夺二十年所获领土、平时军限18,000人（""only a small fraction of its original size""）；随之工厂失军需市场+失关税保护而衰。",仅候选：可能单位换算、概括、纠错或真正遗漏；不能以字符串未命中判漏
nodes/r_5b1357a9c6/cards/t_ca3e8d/notes_fahmy.md,33,## D. 终局参数（intro/ch7）,1040|1045,2. 【L1040–1045】此后外国商人放贷→债务螺旋→三十年后财政危机→1882英占（Fahmy长线叙）。,仅候选：可能单位换算、概括、纠错或真正遗漏；不能以字符串未命中判漏
nodes/r_5b1357a9c6/cards/t_ca3e8d/notes_marsot.md,8,## A. 1810–1813 粮食贸易=对英供应（PDF p158–161，印刷pp.146–149）【证伪线核心】,3060000|347521,"4. 1811年末Drovetti估间接税+关税+appaltos年入800万pts；1813：40,000 ardabs卖3,060,000 pts；Drovetti称阿里年入2,000万法郎（埃档保守：1813–14首次预算增347,521 pts，年入略低于900万法郎）。",仅候选：可能单位换算、概括、纠错或真正遗漏；不能以字符串未命中判漏
nodes/r_5b1357a9c6/cards/t_ca3e8d/notes_marsot.md,36,## E. 终局与继承（PDF p264–268）,14081500|75227500,"2. 1841–42：债务达8,000万法郎（£2.4m）；高汛淹田；1844牛瘟；税欠14,081,500/75,227,500 pts（≈19%）。",仅候选：可能单位换算、概括、纠错或真正遗漏；不能以字符串未命中判漏
nodes/r_5b1357a9c6/cards/t_ca3e8d/notes_panzac_barbary.md,15,## B. 奴隶经济的实际规模（PDF p126–129）,1420800|264268,"4. 国家份额：突尼斯贝伊1800–02岁入均1,420,800皮亚斯特+私掠收益264,268=**私掠占beylik岁入15.7%（活动高峰期）**；阿尔及尔deylik 1786–88岁入约250万法郎/年（不含私掠与欧洲贡金）。→ 私掠是可观但非主干财源；巴尔巴里政权=小型租金国家。",仅候选：可能单位换算、概括、纠错或真正遗漏；不能以字符串未命中判漏
nodes/r_5b1357a9c6/cards/t_cbaee3/G2_north_german_states.md,25,## ⓪ 单位构成与总览,35.5|6004|736773,"配额与日期出处：莱茵邦联条约第38条与成员表（`downloads/pages/227f1cf6004e.md`；de.wikipedia成员列表`downloads/pages/cde736773ad3.md`，三级来源，用于配额汇总；萨克森/威斯特法利亚等关键项均有独立印证）。1808年邦联39邦、35.5万km²、1400万人、总承诺126,000人；**""本应调节成员关系并与拿破仑谈判的中央议事会从未开会""**（Grab p.94：""A central diet, which was supposed to regulate relations among members and negotiate with Napoleon, never met.""）。",仅候选：可能单位换算、概括、纠错或真正遗漏；不能以字符串未命中判漏
nodes/r_5b1357a9c6/cards/t_cbaee3/G2_north_german_states.md,34,"### 萨克森：弗里德里希·奥古斯特——合法主义的""正义者""",1614|71878|786|870,"【锚点】ADB传记（H. Th. Flathe, ""Friedrich August III./I."", *Allgemeine Deutsche Biographie* Bd.7, 1878, S.786–789；本地`downloads/pages/af4f870b8ddf.md`）：性格是""bis zur Pedanterie getriebene Ordnung und Pünktlichkeit""（近乎迂腐的秩序与守时）、绰号""der Gerechte""（正义者）源于""unerschütterlicher Rechtssinn""（不可动摇的法权感）；**不容许兄弟、宠臣Marcolini、母亲染指政治**——决策高度集中于国王本人，而国王本人厌恶决断。1768年亲政以来的执政风格：财政整理、削减军队、中立主义。1791年被奉波兰世袭王冠时，""behutsam""以""三邻国一致同意""这一不可达条件婉拒。1806年前拒绝普鲁士主导的北德邦联方案，主张以1614年萨克森诸系""Erbeinigung""（世袭协约）为基础、""jede Unterordnung unter Preußen abzuwehren""（抵御一切对普隶属）。",仅候选：可能单位换算、概括、纠错或真正遗漏；不能以字符串未命中判漏
nodes/r_5b1357a9c6/cards/t_cbaee3/G2_north_german_states.md,91,### 威斯特法利亚：结构性破产的解剖,0509|4035,"【锚点】(i) 军费为最大支出：25,000本国军+12,500法军军饷由威国承担（宪法第5条；rhine_notes §3.2）。(ii) 赠地：**拿破仑攫取半数领地(domaines)的所有权与处分权，连同其上领主权利与收益赠予法国元帅将军大臣**；""威斯特法利亚因让渡赠地失去重要财源，这实质性地促成了国家的财政毁灭。国家财政陷入紊乱，税收螺旋不得不持续拧紧。此外收益向法国的持续转移加剧了经济困难……巴黎管理的皇家领地给一切触及受赠者收入的改革上了闩""（Berding前引手稿，德文原文见`cf0509d983d0.md`；同判断见Grab p.101引Berding""没有一个国家比威斯特法利亚王国更深受赠地政策之害""）。(iii) 旧债承接+宫廷开支；1812年累计债务估140–200百万法郎（Grab p.101）。(iv) 应对手段：""出售国有产、强制借款、对债权人停付""（Grab p.101）。F4卡对赠产的法国侧账目（1810年赠产收入>1,800万、4,035人受赠）与此对接——**同一笔钱在法国是""赠产收入""，在威国是税基失血**。",仅候选：可能单位换算、概括、纠错或真正遗漏；不能以字符串未命中判漏
nodes/r_5b1357a9c6/cards/t_cbaee3/G2_north_german_states.md,96,### 贝格：税制现代化+市场窒息并存,18150|381,"【锚点】Murat废贵族免税、Beugnot推法式直接税；土地税受制于无地籍测量；盐烟等间接税+关税使**公共收入到1813年增至三倍**（Grab p.97）；但同期出口从6,000万法郎跌至1,100万（1811，Grab pp.97–98）。Nesselrode（贝格内政大臣）1810年10月即请拨10万法郎救济失业工人、Cronenberg一市镇800户赤贫、并请求以修路吸收失业以防暴动（Schmidt p.381注2，`G2_schmidt_berg_1905.txt`行18150段）。",仅候选：可能单位换算、概括、纠错或真正遗漏；不能以字符串未命中判漏
nodes/r_5b1357a9c6/cards/t_cbaee3/G2_north_german_states.md,100,### 汉萨：从金融枢纽到罚没对象,37.7|3765|857,"【锚点】1806年英货没收：汉堡定额1,700万法郎、吕贝克200万、不来梅拖延一年仅结37.7万（Heckscher, *The Continental System*, 1922英译本, p.164；本地缓存`downloads/pages/70cc6a857e5f.md`行3765段）。1813年再占领后：**罚金4,800万法郎（≈2,500万汉堡银行马克）**，先扣30名富商为质征收首期；1813-06-08帝国敕令宣布汉堡""法外""三个月；**1813-11-05达武查封汉堡银行，库存白银7,489,343马克·班科**；年末逐出无六月存粮居民约2万人、焚毁市郊8,000余户（geschichtsbuch.hamburg.de""Franzosenzeit""；de.wikipedia ""Louis-Nicolas Davout""；Welt 2013-12回顾；三者非独立，事实框架另见Pehmöller 1814年银行专史与Davout本人1814年《Mémoire au Roi》所开启的对抗性文献群——本卡未亲读后二者，列为谱系）。F4卡已核Marion p.321：1812年帝国对汉萨三省的**预期**毛税34–38.791百万法郎——对照汉堡单城1813年被罚48百万，**罚没一次≈全汉萨年税目标1.3倍**：帝国在汉萨的边际财政形态已从征税退化为掠夺。",仅候选：可能单位换算、概括、纠错或真正遗漏；不能以字符串未命中判漏
nodes/r_5b1357a9c6/cards/t_cbaee3/G2_north_german_states.md,105,### 萨克森：健全财政+为华沙输血,450800|4941|915,"【锚点】ADB：弗里德里希·奥古斯特以理财著称（父债清偿、蒂申赔款600万弗罗林不入私囊反赎回汉诺威抵押领地）；**作为华沙公爵从未从华沙civil list取分文，反而从自己金库累计垫付华沙国库3,000万弗罗林（塔勒本位的账目名义，ADB原文""30 Mill. Fl.""），1828年才由俄国以450,800塔勒象征性补偿**。莱比锡1806年英货清点915万法郎、以600万赎回（Heckscher p.164）；萨克森政府为保集市""显然阻止了""更严执行（Heckscher行4941段）。",仅候选：可能单位换算、概括、纠错或真正遗漏；不能以字符串未命中判漏
nodes/r_5b1357a9c6/cards/t_cbaee3/G2_north_german_states.md,118,### 萨克森：大陆体系的最大工业赢家,18150|232|23667|23700,"【锚点】关税不对称的直接文书证据：埃尔伯费尔德商人1810-11-14陈情书抱怨""自特里亚农税则实施以来，与**未实施该税则的萨克森**竞争已不可能""（Schmidt p.383，`G2_schmidt_berg_1905.txt`行18150段）；Bacher报告（1810-10-02，Schmidt附录F原文行23667–23700+Heckscher pp.231–232英译）：萨克森国王""曾花费极巨款项扶植如今在其国内繁荣的细洋纱、印花布、印度布与各类棉织工厂""；若强迫萨克森把海关警戒线从维滕贝格延伸到波希米亚边界并对原棉征税，""这一痛苦牺牲将把萨克森整个山区[厄尔士山]压入最深的贫困，对法国毫无好处，只会富了奥地利政府和商人""，棉纺工人将被迫移民去英国人经营的奥地利工厂。",仅候选：可能单位换算、概括、纠错或真正遗漏；不能以字符串未命中判漏
nodes/r_5b1357a9c6/cards/t_cbaee3/G2_north_german_states.md,119,### 萨克森：大陆体系的最大工业赢家,230|255|6550|915,"【锚点】莱比锡集市序列（Heckscher）：1806年没收清点915万赎600万；1807年秋汉萨-荷尔斯泰因封锁使英棉纱价涨逾150%；1810米迦勒集市殖民地货储值**6,550万法郎**（仅1/6留城，地窖库房全满）；**1811年夏起英货供应""实际中止""**、殖民货跌至无足轻重——贸易改道柯尼斯堡-里加-布罗迪-维也纳，""维也纳获得了此前属于莱比锡的大陆贸易中心地位的很大部分""（pp.253–255）。萨克森服从封锁的""良好意愿""高于他邦，原因正是其纺织业受益于排英（p.230）。",仅候选：可能单位换算、概括、纠错或真正遗漏；不能以字符串未命中判漏
nodes/r_5b1357a9c6/cards/t_cbaee3/G2_north_german_states.md,132,### 威斯特法利亚/汉萨/汉诺威/梅克伦堡,1475|166|55.5,"- 汉萨：1806前汉堡为英货大陆总分销与咖啡进口老城；1807年咖啡价一度比莱比锡高20%、货物反向从莱比锡运汉堡（Heckscher p.170）；1807上半年Brune治下1,475船、59万吨货无阻入港（p.166）；1812年汉堡一地焚英货55.5万法郎（Grab p.94）。",仅候选：可能单位换算、概括、纠错或真正遗漏；不能以字符串未命中判漏
nodes/r_5b1357a9c6/cards/t_cbaee3/G2_north_german_states.md,202,## ⑪ 生态与人口,1020|1090,"【锚点】人口存量（Grab）：威国200万、贝格100万、法兰克福30万、莱茵邦联总量1,400万；ACJR 1750权重（千人）：汉诺威1,090、萨克森王国1,020、梅克伦堡-什未林217。增长率1815–50（Kopsidis表3）：萨克森王国1.5%/年（三早期工业化邦之一）、梅克伦堡-什未林1.3%（农业出口驱动）、西北集团（威斯特法利亚0.8%、不伦瑞克0.6%、汉诺威0.8%、石荷0.8%）显著偏低。战争人口冲击：威国22,000入俄生还1,500（-1%总人口的青年男性单役损失）；汉堡1813–14被逐2万+焚8,000户+围城饥疫（城史称人口锐减，本卡不给精确超额死亡数——缺口：Aaslestad *1813* 专著与市档案统计未取得）。",仅候选：可能单位换算、概括、纠错或真正遗漏；不能以字符串未命中判漏
nodes/r_5b1357a9c6/cards/t_cbaee3/G2_north_german_states.md,209,## ⑫ 交流与流动,166|183254|255,"【锚点】(i) 技工流动：贝格→左岸（科隆商会承认左岸新工业靠贝格移厂）、贝格→英国（Remscheid案）、萨克森←英国技工（1801开姆尼茨）；Bacher警告的""棉纺工人从萨克森、福格特兰、巴伐利亚、巴登、瑞士移向奥地利英资工厂""是帝国官员对技能外流的实时建模。(ii) 商人网络：汉堡商人经丹麦-波罗的海线重组贸易（Marzagalli）；莱比锡集市的犹太中间商（Jierante）1810–11改道柯尼斯堡-里加-布罗迪-维也纳（Heckscher pp.183, 254–255）。(iii) 流亡者：黑森选侯居布拉格（资助Dörnberg案）、汉诺威军人赴英（KGL）、Stein入俄廷——**北德是反法流亡人才的主要供给地**。(iv) 情报-走私复合体：黑尔戈兰（英占1807）为北海走私总仓；Bourrienne在汉堡边收贿边为法军采购英国呢料制服（Heckscher p.166）。",仅候选：可能单位换算、概括、纠错或真正遗漏；不能以字符串未命中判漏
nodes/r_5b1357a9c6/cards/t_ccdcc8/NL_netherlands_switzerland.md,16,## 0. 结论先行,063|999,"**对B6/S6的答案（先行版）**：兼并模式与调停模式的承受度差，不在""主权变更""这个法律事实（荷兰街头对国旗更换几乎无反应，Joor：骚乱无国族维度），而在**撷取方式**：直接征兵＋削债＋海关暴力=兼并的全部财政军事目的，也是全部政治毒性所在。故""能不能并""是错误问法，正确问法是""并了之后你还能得到什么""。荷兰答案：得到一支被仇恨的海关队伍和15,000人的常驻镇压部队（Joor p.191），失去金融合作、海军人力的自愿供给和一个本来省钱的行政机器（拿破仑自己承认荷兰行政«plus économique que la nôtre»，1810-07致Lebrun，downloads/pages/82a063e7e022.md L999）。瑞士答案：若并省，将把欧洲唯一自愿供兵的中立山地邦变成第二个提契诺-瓦莱式净消耗区，并触发1798–1802年三次证明过的山地起义传统。**S6在这两个单位上的结论：荷兰=能并而不该并；瑞士=不必并也不能并。**（置信中高；改判证据见⑯。）",仅候选：可能单位换算、概括、纠错或真正遗漏；不能以字符串未命中判漏
nodes/r_5b1357a9c6/cards/t_ccdcc8/NL_netherlands_switzerland.md,46,## ② 法律、司法与行政渗透,063|999,"【锚点】行政効率获皇帝本人认证：1810-07致Lebrun«désirant conserver l'administration hollandaise, qui est plus économique que la nôtre»（82a063e7e022.md L999）。",仅候选：可能单位换算、概括、纠错或真正遗漏；不能以字符串未命中判漏
nodes/r_5b1357a9c6/cards/t_ccdcc8/NL_netherlands_switzerland.md,53,## ③ 财政、货币与金融,17036|17046,- 国债：**1795年7.60亿盾→1803年11.26亿盾**（Kossmann，via Grab p.65 n.13）；兼并时全债年息折**78m法郎**（≈37m盾）（Marion IV p.325，`downloads/F4_Marion_IV_1925.txt` L17036–17046）。,仅候选：可能单位换算、概括、纠错或真正遗漏；不能以字符串未命中判漏
nodes/r_5b1357a9c6/cards/t_ccdcc8/NL_netherlands_switzerland.md,55,## ③ 财政、货币与金融,063|1072|66.5,"- 拿破仑的需求门槛：1810-07-25致Mollien——荷兰须缴足以覆盖""le tiers de sa dette""（28m法郎）＋文武养老金＋民政（«puisque tout cela ne me rend rien»）＋陆军10m盾＋海军6m盾（≈32m法郎），合计«une soixantaine de millions»/年（82a063e7e022.md L1927段；F4已标""目标非实收""）。对照：1812年帝国预期荷兰七省毛收入66.5m法郎（Marion p.321引AF IV 1072），而Marion总评并合省""最终花掉的比缴上来的多""。",仅候选：可能单位换算、概括、纠错或真正遗漏；不能以字符串未命中判漏
nodes/r_5b1357a9c6/cards/t_ccdcc8/NL_netherlands_switzerland.md,68,## ④ 经济：产出、贸易、资源,2700|561,"- 贸易与航运：进阿姆斯特丹等荷兰港船只**1805年2,700艘→1809年259艘**（Grab p.70 n.24，引Schama pp.560–561）；封锁期贸易总值约降30%（Grab p.70）；1808-09法国对荷兰输法/比/德市场加征出口限制（Grab p.70）。",仅候选：可能单位换算、概括、纠错或真正遗漏；不能以字符串未命中判漏
nodes/r_5b1357a9c6/cards/t_ccdcc8/NL_netherlands_switzerland.md,90,## ⑥ 军事,063|1001|1171|1173|1814.4|64010|905,"- 海军：1799-08 Texel舰队未战而降（奥兰治派水兵哗变背景，`downloads/pages/f64010c80a00.md`皇家博物馆图录）；1806–10荷兰海军为王国主力军种；兼并当日拿破仑即令清点重组荷兰海军、所有军官转帝国役（82a063e7e022.md L266）；令鹿特丹/阿姆斯特丹开工5舰3巡防、武装13舰分舰队""让荷兰人看到船台与锚地将重新活跃""（L905）；1811年目标默兹5舰+特塞尔9舰（L1001）；帝国舰队推算表按""20艘荷兰战列舰""入账、1812年底总目标110–115艘（L1171–1173）。F3卡口径：帝国战列舰1810夏50→1814.4达74""含荷""（coordination_ledger F3行）——**荷兰船台与水手是帝国海军扩张表的实体组成部分**。",仅候选：可能单位换算、概括、纠错或真正遗漏；不能以字符串未命中判漏
nodes/r_5b1357a9c6/cards/t_ccdcc8/NL_netherlands_switzerland.md,103,## ⑧ 社会运动与抵抗传统,183192|189|261,"【锚点】抵抗密度：旧制度荷兰省两个世纪约80起revolt vs 拿破仑七年同域>40起（Dekker对照，Joor p.193 n.30）；全国>580起unrest、>80起revolt、6起阴谋（Joor p.187）；unrest的45%（261起）发生在王国期——**兼并前已是高骚动社会**（Joor p.189）。形态学：传统""旧剧目""（Tilly）——面粉税骚乱、孤儿抢回、征册焚毁、羞辱性摘帽（1809鹿特丹人群系统收缴城市卫队军官的ringkragen金属徽，Joor p.193 n.29）；暴力""功能性""，几乎不杀人；妇女为起事引导者（Joor p.192）。**无游击战**：无山地、高城市化、无民兵传统（与西班牙/蒂罗尔的全部结构条件相反）。1813-11-15阿姆斯特丹起义（焚海关哨所、逐Duterrage）直接终结法国统治（Joor pp.183,192），横幅是""For Peace and Trade!""（p.194）。",仅候选：可能单位换算、概括、纠错或真正遗漏；不能以字符串未命中判漏
nodes/r_5b1357a9c6/cards/t_ccdcc8/NL_netherlands_switzerland.md,109,## ⑨ 思潮、宗教、民族意识与舆论,188|196,"【锚点】爱国者-巴达维亚启蒙传统（1780s van der Capellen《Aan het Volk van Nederland》以降）在1801后转入低潮；Maria Aletta Hulshoff（牧师之女）1806年《告巴达维亚人民书》反君主制小册子案（判两年，出狱再犯，Joor pp.187–188）——**残存的是共和-民主异议，不是民族主义**。1810-02-05帝国书报审查令施行于荷兰（Verheijen ch.8）；Lebrun加严审查并焚毁近200万法郎违禁货（Grab p.73）。文学界以圣经隐喻/古典类比写""祖国诗""（Jensen，via Verheijen导言）——民族感在兼并压力下成形，1813年爆发为""Oranje boven""。新教牧师鼓励抗议但抗议非宗教动机（Joor pp.196–197）；与教皇冲突、民事婚姻等在新教荷兰**不构成动员议题**（1809法典已删民事婚姻，1811年才随法国法进入）。",仅候选：可能单位换算、概括、纠错或真正遗漏；不能以字符串未命中判漏
nodes/r_5b1357a9c6/cards/t_ccdcc8/NL_netherlands_switzerland.md,155,## ③ 财政、货币与金融,59273|77153|91695,"- 联邦财政总盘：490,507瑞士镑/年（调停法Art.2分摊表：伯尔尼91,695、苏黎世77,153、沃州59,273…），**不及帝国一个中等省份**；无联邦税、无联邦债、无中央银行；铸币成色由议事会定但各邦自铸（Art.7；Grab p.119：统一货币始终未建立）。",仅候选：可能单位换算、概括、纠错或真正遗漏；不能以字符串未命中判漏
nodes/r_5b1357a9c6/cards/t_ccdcc8/NL_netherlands_switzerland.md,171,## ⑤ 撷取与动员上限,1300|413,"- 俄役损耗：入俄7,000–10,000（卢塞恩档案馆7–9千；Grab 9,000；Weiach刊10,000），生还约700–1,300（10–15%）（三源并列，数字带）；标准专著Albert Maag 1900（413页，用联邦档案）存在、本卡未取全文。",仅候选：可能单位换算、概括、纠错或真正遗漏；不能以字符串未命中判漏
nodes/r_5b1357a9c6/cards/t_ccdcc8/NL_netherlands_switzerland.md,308,## NL年表（28条）,063|1001|1171,| 17 | 1815–20·S5 | 帝国胜利固化：荷兰七省海军计划延续（特塞尔/默兹船台续建），但阿姆斯特丹资本拒认购法系公债，帝国只得靠巴黎银行家与强制储蓄 | 82a063e7e022 L1001/L1171；机制：信用没收悖论 | 中高 |,仅候选：可能单位换算、概括、纠错或真正遗漏；不能以字符串未命中判漏
nodes/r_5b1357a9c6/cards/t_ccdcc8/notes_1810_1848_web.md,12,## A. 瓦莱兼并（1810）与辛普隆省,1280|9600,"- 终局：**1813-12-26省长Rambuteau弃锡永出逃，12-29奥军入圣莫里斯**（HLS）；1815-08-04苏黎世签署入盟约，瓦莱为第20邦，出联邦兵1,280人、年缴9,600瑞郎（vs.ch）。",仅候选：可能单位换算、概括、纠错或真正遗漏；不能以字符串未命中判漏
nodes/r_5b1357a9c6/cards/t_ccdcc8/notes_grab.md,32,### 荷兰王国 1806–10,2700|71,"- **大陆封锁经济损失：进港船只1805年2,700艘→1809年259艘**（p.70, n.24）；封锁期荷兰贸易总值约降30%；1808-09拿破仑对荷兰输法/比/德市场加出口限制；莱顿商店公开陈列英货（n.25）；路易拖延敕令、宽释帝国法令、发对英贸易执照（pp.70–71）。",仅候选：可能单位换算、概括、纠错或真正遗漏；不能以字符串未命中判漏
nodes/r_5b1357a9c6/cards/t_ccdcc8/notes_primary_finance.md,10,## A. 1810年7月拿破仑通信（downloads/pages/82a063e7e022.md，napoleon-histoire.com转录《Correspondance de Napoléon Ier》1810年7月卷；OCR有瑕疵，引用标行号）,1001|1171|1173|861812|905,6. **荷兰海军吸纳**（L266、L905、L1001、L1171-1173）：签兼并令当日即令勘察荷兰海军并重组（所有文武官员«employés à mon service»）；令鹿特丹/阿姆斯特丹开工5舰3巡防；1811年要求默兹泊地5舰+特塞尔9舰；舰队推算表：1812-01-01法舰66+荷兰20=86，1812年底目标110–115艘（含20荷兰舰）。荷兰兵团获法军线列番号+鹰旗（L430）。,仅候选：可能单位换算、概括、纠错或真正遗漏；不能以字符串未命中判漏
nodes/r_5b1357a9c6/cards/t_ccdcc8/notes_primary_finance.md,17,## B. Marion《Histoire financière de la France》IV (1925)，downloads/F4_Marion_IV_1925.txt（OCR）,17036|17046|62.3,"1. **荷兰债务三分之一化**（印p.325，txt L17036-17046）：«la dette considérable, 78 millions, fut répudiée pour les deux tiers (1) mais inscrite pour un tiers à la charge du Trésor français, qui eut alors à payer outre 62 millions de rentes françaises 26 de rentes hollandaises.»——78m法郎**年金**削至26m（年息非本金）；法国国债总额（1811年预算法）：法国永久年金62.3m+终身年金16.3m+养老金38.9m，荷兰债另计。",仅候选：可能单位换算、概括、纠错或真正遗漏；不能以字符串未命中判漏
nodes/r_5b1357a9c6/cards/t_ccdcc8/notes_primary_finance.md,20,## B. Marion《Histoire financière de la France》IV (1925)，downloads/F4_Marion_IV_1925.txt（OCR）,0463.3|17558|45.18,4. 帝国国债增幅（p.335段，txt L17558+）：除去保留的26m荷兰年金，帝国十年战争仅增18m法郎年金（an XII 45.18m→1814-04 63.3m consolidés）——反衬：荷兰是帝国境内唯一被大规模削债的成熟公债体。,仅候选：可能单位换算、概括、纠错或真正遗漏；不能以字符串未命中判漏
nodes/r_5b1357a9c6/cards/t_ccdcc8/notes_swiss_docs.md,8,"## A. 《调停法》联邦法部分（Acte de médiation, 1803-02-19）",1184|1205|1315|1482|2292|39451|409|50.9|59273|77153|7739|835|902|91695,"- **Art.2 联邦兵额15,203人**：伯尔尼2,292、苏黎世1,929、沃州1,482、圣加仑1,315、阿尔高1,205、格劳宾登1,000、提契诺902、卢塞恩867、图尔高835、弗里堡620、阿彭策尔486、索洛图恩452、巴塞尔409、施维茨301、格拉鲁斯241、沙夫豪森233、翁特瓦尔登191、楚格125、乌里118；**联邦经费490,507瑞士镑/年**（伯尔尼91,695、苏黎世77,153、沃州59,273、圣加仑39,451…格劳宾登12,000、乌里1,184）。——新邦（沃、圣加仑、阿尔高、图尔高、提契诺、格劳宾登）合计兵额7,739=总额的50.9%：**调停体制的军事重心压在被它解放的前属地上**（计算为本卡推断）。",仅候选：可能单位换算、概括、纠错或真正遗漏；不能以字符串未命中判漏
nodes/r_5b1357a9c6/cards/t_e0038f/D2_annexed_outer.md,38,## §1 单位速览（详表见D2_indicators.csv，逐单位出处见notes_*.md）,1810.7|66.5,| 荷兰 | 1810.7 | ~200万 | 80+revolts的67%；1811/1813两轮征兵起义 | 缺面板；征兵=35%骚乱动因 | 预期毛66.5m；tiercement 78→26m |,仅候选：可能单位换算、概括、纠错或真正遗漏；不能以字符串未命中判漏
nodes/r_5b1357a9c6/cards/t_e0038f/D2_annexed_outer.md,39,## §1 单位速览（详表见D2_indicators.csv，逐单位出处见notes_*.md）,1810.12|38.8,"| 汉萨三省 | 1810.12 | ~130万 | 两年顺从假象→1813-02总爆发 | ""desertion extensive"" | 预期毛38.8m；1813罚金48m=1.3倍年目标 |",仅候选：可能单位换算、概括、纠错或真正遗漏；不能以字符串未命中判漏
nodes/r_5b1357a9c6/cards/t_e0038f/D2_annexed_outer.md,41,## §1 单位速览（详表见D2_indicators.csv，逐单位出处见notes_*.md）,1810.2|1812.1,| 加泰罗尼亚 | 1810.2/1812.1 | ~90万 | 连续公开战争（先于并合） | 0（未敢实施） | 敕令Art.VI以省养军；Gaudin清单缺席=0 |,仅候选：可能单位换算、概括、纠错或真正遗漏；不能以字符串未命中判漏
nodes/r_5b1357a9c6/cards/t_e0038f/D2_annexed_outer.md,146,## §5 外圈反事实年表（⑭）：S2／S5／S6分支下的1803–1848（30条，带锚点/机制与置信）,4608|646,4. ［S0｜1809-10｜申布伦割伊利里亚；1810-11瓦莱敕令；1810-07荷兰、1810-12汉萨/奥尔登堡并合；帝国130省44M人峰值｜锚：Grab L646、L4608］。,仅候选：可能单位换算、概括、纠错或真正遗漏；不能以字符串未命中判漏
nodes/r_5b1357a9c6/cards/t_e0038f/D2_annexed_outer.md,180,### 6.1 北意大利（意大利王国并合）——技术上最容易、政治上最亏本,1020|17750|22227,"【锚点】王国机器已全套法制化：1802年起年度征兵、省长制、法典（G-con：意大利共和国1802即引入征兵）；1807–10王国refractaires 22,227、Eugène估1806–10逃兵17,750（G-con L136/L181）——机器在抵抗中照常产出（对照：同期王国军在西班牙、俄国成建制作战）。米兰精英与欧仁体制=帝国最成功的藩属统治联盟（接IT1）。1808马尔凯三省（旧教皇领）并入王国后三个月即因1,020人征兵令多社区起义、被Lemarois焚村镇压（G-con L140）。",仅候选：可能单位换算、概括、纠错或真正遗漏；不能以字符串未命中判漏
nodes/r_5b1357a9c6/cards/t_e0038f/D2_annexed_outer.md,192,### 6.3 全西班牙——试点已证伪的外推,3364|3367|3599,"【锚点】加泰=全西班牙省化的先行试验区：1810-02军政府（收入全入军库）、1812-01四省、法国省长总监全套、语言让步实验、军事法庭并行——**在法军全西驻军35万峰值（F2 Oman口径）、加泰本地数万驻军条件下，民政1813-03自行撤销；法律并合始终不敢公布**。同期：约瑟夫王国的prefecturas在南部中部""渐成现实""（Esdaile L3599）但其税收从未覆盖战争成本；Suchet模式（阿拉贡/瓦伦西亚）=以保留封建法权换粮饷的军事殖民（Grab L3364–3367）。",仅候选：可能单位换算、概括、纠错或真正遗漏；不能以字符串未命中判漏
nodes/r_5b1357a9c6/cards/t_e0038f/notes_catalonia.md,27,## 3年内抵抗【锚点】,2298|6649,"- 兼并前抵抗基线（1808–09）：两次布鲁克伏击（1808-06）；赫罗纳三围：1809围城7个月，12-11陷落时""守军三分之二、居民一半死亡；法军亦死约14,000；牵制加泰法军整整六个月""（Esdaile L2298）；somatén（民壮）+miquelets（志愿雇佣团）体系；1809-12-18 Augereau本人在菲格拉斯附近遭伏击（Esdaile L6649）。",仅候选：可能单位换算、概括、纠错或真正遗漏；不能以字符串未命中判漏
nodes/r_5b1357a9c6/cards/t_e0038f/notes_catalonia.md,31,## 3年内抵抗【锚点】,354461|360603,"- 镇压成本：加泰常驻法军数万量级（F2卡Oman表：1810-01西班牙法军总360,603中第七军/加泰军为大项；1811-07返表gross 354,461——加泰分军数字由F2卡接口另取，不在此冻结）。",仅候选：可能单位换算、概括、纠错或真正遗漏；不能以字符串未命中判漏
nodes/r_5b1357a9c6/cards/t_e0038f/notes_grab_common.md,7,## 外圈定义【锚点】,4608|646|750000,"- 帝国领土峰值：1810末兼并汉萨+奥尔登堡后达750,000km²、4,400万人、130省（1812口径）（G-md L646、L4608）。",仅候选：可能单位换算、概括、纠错或真正遗漏；不能以字符串未命中判漏
nodes/r_5b1357a9c6/cards/t_e0038f/notes_grab_common.md,12,## 直接并合区共同机制【锚点】,1261|4994|824|862,"- 赠地（dotations）：至1814帝国境外没收地产赠4,994笔共3,000万法郎年入，824名将军得1,261笔逾1,600万；受赠人保留领主费、违背法典；华沙案例损失国家岁入20%；“伍尔夫：整合的现代化理想与榨取实践之间不可解的矛盾的最好例证”（G-md L862）。→S6制度自蚀机制，D2断裂点表用。",仅候选：可能单位换算、概括、纠错或真正遗漏；不能以字符串未命中判漏
nodes/r_5b1357a9c6/cards/t_e0038f/notes_hansa.md,14,## 3年内抵抗：从顺从到爆炸【锚点】,2553|555000,"- 惩罚升级：1812-06设Toll Court；糖/咖啡走私判十年苦役+烙印；1812-11两人因220磅烟草面临死刑；1812汉堡一地焚英货555,000法郎（Grab，G-md L2553）。",仅候选：可能单位换算、概括、纠错或真正遗漏；不能以字符串未命中判漏
nodes/r_5b1357a9c6/cards/t_e0038f/notes_hansa.md,15,## 3年内抵抗：从顺从到爆炸【锚点】,131|2875,"- **1813-02-24汉堡自发起义**：导火索=当众逮捕小走私者+被押征兵者脱逃；失业工人/妇女/儿童毁栅栏海关岗亭、掷石douaniers并抛入运河、扯法国旗与鹰徽；唱市歌Auf Hamburgs Wohlergehn；""针对税吏海关警察而非法军或法国家庭""=""自然正义""；法方即决处决反而激化；**连锁引爆Harburg、吕贝克、Stade、Lüneburg及易北河沿岸城镇起义**（pp.130–131；Grab G-md L2875）。",仅候选：可能单位换算、概括、纠错或真正遗漏；不能以字符串未命中判漏
nodes/r_5b1357a9c6/cards/t_e0038f/notes_holland.md,11,## 3年内抵抗（1810.7–1813.11）【锚点·硬数字】,188|189|261,"- Joor总量：全期（1806–13）""unrest""类集体行动580+，其中**revolts（20人以上暴力对抗当局）80+**；王国期占unrest 45%（261起）、revolts仅33%→**并合后3年集中67%的revolts，抵抗强度在兼并后上升**（Joor pp.188–189）。",仅候选：可能单位换算、概括、纠错或真正遗漏；不能以字符串未命中判漏
nodes/r_5b1357a9c6/cards/t_e0038f/notes_holland.md,37,## 阿姆斯特丹专块（Joor另章）【锚点·硬数字】,180000|202000|221000|41.7,"- 人口：221,000（1795）→约202,000（1809）→**约180,000（1815）**；1809–12年均死亡率41.7（文作per cent，按其ch.9""35 per thousand""口径应为千分率——单位以‰理解，标注原文异常）；1811年后迁出>迁入（数十年乃至数百年来首次）；空屋成片坍塌（pp.264–265）。",仅候选：可能单位换算、概括、纠错或真正遗漏；不能以字符串未命中判漏
nodes/r_5b1357a9c6/cards/t_e0038f/notes_illyria.md,5,## 兼并与结构【锚点】,4497|4501,"- 1809-10申布伦条约后设立；55,000km²、150万人；斯洛文尼亚/克罗地亚/塞尔维亚/意大利/德意志五族群；五种语言（斯洛文尼亚语、塞尔维亚-克罗地亚语、意大利语、德语、法语）；天主教多数+约20%东正教少数；奥、威尼斯、罗马法与地方习惯并存（G-md L4497–4501）。",仅候选：可能单位换算、概括、纠错或真正遗漏；不能以字符串未命中判漏
nodes/r_5b1357a9c6/cards/t_e0038f/notes_illyria.md,8,## 兼并与结构【锚点】,4507|4509,- 1811-04-15组织敕令：6个民政省+军事克罗地亚省；96治安官辖区、11初审法院；省督（intendant）职权类法国省长，**除一人外全部为法国人、出自参政院auditeurs**；区级sub-delegates多为伊利里亚人；大城市市长由皇帝任命；1812-01拿破仑法典生效（G-md L4507–4509）。,仅候选：可能单位换算、概括、纠错或真正遗漏；不能以字符串未命中判漏
nodes/r_5b1357a9c6/cards/t_e0038f/notes_illyria.md,18,## 征兵实得【锚点·硬数字】,28562|4554,"- 兼并前军队=法意达尔马提亚军团，峰值28,562人；1810首次征兵令；**1810-11皇帝令征18,000人，此后三年每年实得仅约3,000人**；反征兵骚乱多处爆发、警察被袭；数百士兵开小差入匪帮；城市中产入国民卫队避役、贵族子弟“合法”规避、的里雅斯特犹太人请愿准许代役（G-md L4554）。",仅候选：可能单位换算、概括、纠错或真正遗漏；不能以字符串未命中判漏
nodes/r_5b1357a9c6/cards/t_e0038f/notes_illyria.md,29,## 财政【锚点·接F4】,1350|1357|188|990,"- F4台账（Grab pp.188–191）：1812支出1,350万法郎，其中军事+海军990万；收入长期不敷（nodes/r_5b1357a9c6/coordination_ledger.md F4条）。Gaudin 1811-04-30估最近并合地增收表中伊利里亚10m（目标非实收，Marion IV p.321系）。",仅候选：可能单位换算、概括、纠错或真正遗漏；不能以字符串未命中判漏
nodes/r_5b1357a9c6/cards/t_e0038f/notes_illyria.md,33,## 终局【锚点】,4564|4572,- 1813拿破仑与Metternich谈判中把伊利里亚当让价筹码；1813-08奥军入侵引发克罗地亚等地反法起义；大批公务员叛逃或离任；总政府退往的里雅斯特再退帕尔马；维也纳会议归还奥地利；“几乎无伊利里亚人惋惜拿破仑政权崩溃”（G-md L4564–4572）。,仅候选：可能单位换算、概括、纠错或真正遗漏；不能以字符串未命中判漏
nodes/r_5b1357a9c6/cards/t_e0038f/notes_italy_units.md,7,## 托斯卡纳【锚点】,4145|4151,- 社会反应：乡村匪患盛行→有产阶级欢迎新政权恢复秩序、总体支持法治；**同一批人怨恨封锁**（利沃诺与依赖出口的农业受重创）；征税+征兵激起下层抵抗（G-md L4145–4151）。,仅候选：可能单位换算、概括、纠错或真正遗漏；不能以字符串未命中判漏
nodes/r_5b1357a9c6/cards/t_e0038f/notes_italy_units.md,22,## 罗马（Tibre/Trasimène）【锚点】,063|2133,"- 财政接口（F4台账已核）：1810-07末财政会议罗马预算指令（downloads/pages/82a063e7e022.md L2028–2133）：罗马80万人应出净额≈8m法郎/年（11m减民用1.5m+教皇年金1.2m；目标非实收）；Marion p.321罗马国家1812预期毛16.5m；Gaudin 1811-04罗马-Trasimène增收""至多12.5m""。罗马200m地产专户承接110m债（F4台账）。",仅候选：可能单位换算、概括、纠错或真正遗漏；不能以字符串未命中判漏
nodes/r_5b1357a9c6/cards/t_e0038f/notes_italy_units.md,26,## 意大利并合区共通征兵机制【锚点】,17750|22227,"- 意大利王国实得口径（类比尺）：refractaires 1807–10=22,227人；Eugène估1806–10逃兵17,750人（G-con L136、L181）；1813-01法国政府承认法国+并合地有50,000""叛乱者""（多为逃兵）（G-con L187）。",仅候选：可能单位换算、概括、纠错或真正遗漏；不能以字符串未命中判漏
nodes/r_5b1357a9c6/cards/t_e0038f/notes_rome.md,10,## 征兵实得【锚点·硬数字】（Madelin第一手级数字）,1520|25940,"- **1811年级**：Trasimène 536名征兵三倍护送下仍逃80（≈15%押运途中损耗，L25940段）；罗马60名补入17e de ligne者，军医汰除27名重病（=54%实际不合格，AF IV 1520公报1812-02-12，L25940段注6）；1811-06-09罗马conscrits""囚徒式""关押圣天使堡、母亲围堡恸哭。",仅候选：可能单位换算、概括、纠错或真正遗漏；不能以字符串未命中判漏
nodes/r_5b1357a9c6/cards/t_e0038f/notes_rome.md,16,## 3年内抵抗【锚点】,17547|17607,"- 形态=**消极抵抗全谱系+征兵触发暴力+匪患政治化**，无统一起义：拒宣誓、拒官方庆典、拒由合作教士施洗（Grab）；1810匪帮复振十源合流（那不勒斯Fra Diavolo残部、西西里英庇匪帮由蓬蒂内沼泽登陆、奇维塔韦基亚苦役犯逃亡、被裁教皇宪警反水带路、réfractaires——Madelin L17547–17607）；réfractaires加入使匪患""带上隐约政治色彩、某些日子俨然宗教十字军""；**""善良人""（市长、副市长、业主）拒绝告发**——Carpineto市长被匪劫仍视匪为""天意复仇者""不报案（L17607）。",仅候选：可能单位换算、概括、纠错或真正遗漏；不能以字符串未命中判漏
nodes/r_5b1357a9c6/cards/t_e0038f/notes_rome.md,17,## 3年内抵抗【锚点】,18890|18966,"- 教会冲突（IT3细部+Madelin数字）：翁布里亚（Trasimène）：12主教中9人1810-06-10前被清除（4囚4继+5附议拒誓、仅3宣誓）；chanoines 130拒/400宣；佩鲁贾200教士仅6拒；**但此后大量宣誓者撤誓，至1811翁布里亚教士半数遭流放或褫职**（L18890–18966）。罗马城相反：主教（经Tournon""签名下方留白写保留""的变通）多宣誓、**下级教士拒誓**；Radet宪兵押解拒誓者赴皮亚琴察苦役候审（L18966–19000）。",仅候选：可能单位换算、概括、纠错或真正遗漏；不能以字符串未命中判漏
nodes/r_5b1357a9c6/cards/t_e0038f/notes_rome.md,26,## 财政/走私【锚点·接F4】,063|2133,"- 1810-07财政会议罗马指令：80万人应出净额≈8m fr/年（11m−民用1.5m−教皇年金1.2m；**目标非实收**）（F4已核，downloads/pages/82a063e7e022.md L2028–2133）；Marion p.321罗马国家1812预期毛16.5m；Gaudin 1811-04罗马-Trasimène增收""至多12.5m""；罗马200m地产专户承接110m债（F4台账）→**解法=卖教产/卖公产，非经常税收**。",仅候选：可能单位换算、概括、纠错或真正遗漏；不能以字符串未命中判漏
nodes/r_5b1357a9c6/cards/t_e0038f/notes_valais.md,25,## 征兵实得【锚点·小数字】,3612|6185,"- 1810-11-29拿破仑批示：查明""瓦莱征兵能出多少产品""以补足营甚至建小团；1811-09-15/16批示：**解散瓦莱营、军官转11e léger、在辛普朗省征1811年级兵补入**（D引Picard-Tuetey t.4 no.6185——省长本人请求建立征兵）；1812-09-21省府编制1811年级征兵表（三区应征/免除/汰除及原因——身高不足、畸形、残疾）（A：AN F/7/3612）→**征兵已实施但产出极小（营级/数百人尺度）**；对比capitulation旧制=瓦莱人对""为法国当兵拿钱""传统接受、对""义务征兵""抵触但未起义。",仅候选：可能单位换算、概括、纠错或真正遗漏；不能以字符串未命中判漏
nodes/r_5b1357a9c6/cards/t_eaa841/P7_world_chronicle_1803_1848.md,10,## §0 本卡交付什么、按什么规则写,39.5|40.5,**路径B前提（P6 §5，本年表全程遵守）**：1803马耳他交俄国调停、战争不重开→1804称帝+对英写定交易清单+昂吉安司法结案→1805意大利王冠分冠条款+不并热那亚+给奥地利海口保证→无第三次同盟→1806早窗（汉诺威归还+莱茵邦联窄版）→无耶拿→1807保护性财政关税（非封锁）+对俄关税容忍商约+不建华沙公国→1808 B4b承认费尔南多+联姻→1809教廷和解、无奥战→1810不并荷兰汉萨、奥地利联姻→1811统合公债+关金几尼通道+罗马王生→1812英法总和约、不征俄→1813降S5和平姿态→1814冲动导非红线项目→1815秩序固化（A层≈39.5–40.5百万人+法典化藩属+条约国）。,仅候选：可能单位换算、概括、纠错或真正遗漏；不能以字符串未命中判漏
nodes/r_5b1357a9c6/cards/t_eaa841/P7_world_chronicle_1803_1848.md,21,## §1 八分问终局汇总表（1848视点，路径B条件下）,39.5|40.5,"| 1 | **是否存在法国将欧洲行省化的合理可行路径（最重要）** | 三层答：**字面版（A层覆盖大陆）不存在**——不是""很难""是账算不平（F2缺口12.2–30.2万、D2外圈治安6–10万=余量2–3倍、F4每百万贫弱区−11m）；**边界版存在且部分已被史实实现**——A层上限≈旧法国+内圈+托斯卡纳/帕尔马型+条件贝格型≈39.5–40.5百万人，1825–35制度稳态，此外每一公里为负资产；**控制版存在且0奇迹**——大陆四层控制+俄受约束+英国不败而接受，需要的不是军事奇迹而是法国自己的两个制度开关（保护性关税替代封锁；B4b保留波旁） | 字面版否定：高；边界版：中高；控制版存在：中；实现概率三读法＝独立乘积0.004–0.032／共因模型0.018–0.090／条件于框架被采纳0.30–0.50 | P6;P2;D1;D2;Q1;Q2;F2;F4 |",仅候选：可能单位换算、概括、纠错或真正遗漏；不能以字符串未命中判漏
nodes/r_5b1357a9c6/cards/t_eaa841/P7_world_chronicle_1803_1848.md,35,## §2 四账一致性校验判决（详表见P7_consistency.csv）,467.5|63.75,| **人力账** | **闭合**（条件：B4b兑现+无外圈+盟约在场） | 1803–12需467.5–680k/供540k（TIGHT非负）；1813后需49万/供63.75万（F2）或55.86万/57.57万（P2财政约束后，余1.71万紧闭合）；年征8–12万带未触F5的20–30万崩溃触发带；全程无同一机动军双战区 | MAN-01至05 |,仅候选：可能单位换算、概括、纠错或真正遗漏；不能以字符串未命中判漏
nodes/r_5b1357a9c6/cards/t_eaa841/P7_world_chronicle_1803_1848.md,140,### 1805,11805|28721,"  ｜【锚】R3：1805年+28,721、炮兵改革完成〔R3亲读Riehn/Lieven〕 ｜【机】R1 1805行：若法止步莱茵→不入盟概率升【推·中】 ｜〔R3;R1〕",仅候选：可能单位换算、概括、纠错或真正遗漏；不能以字符串未命中判漏
nodes/r_5b1357a9c6/cards/t_eaa841/P7_world_chronicle_1803_1848.md,152,### 1805,4100|4200|6028,"- **〔AT1805-01·经济·中高〕** 无特拉法加亦无战时中立品红利：法西商船队照常航行→美国转口贸易无战争溢价（史实1806年6,028万美元的中立承运高峰不出现）；美国本国出口沿4,100–4,200万美元线自然增长",仅候选：可能单位换算、概括、纠错或真正遗漏；不能以字符串未命中判漏
nodes/r_5b1357a9c6/cards/t_eaa841/P7_world_chronicle_1803_1848.md,321,### 1810,234|307,- **〔EU1810-07·财政·中高〕** 无1810–11大陆信用危机：无特里亚农存量清算、无没收拍卖（史实1810–11一次性池≈307m不发生）；法兰克福不被抄家（史实234家）、汉堡银行不被搬空——大陆金融网络完好进入和平,仅候选：可能单位换算、概括、纠错或真正遗漏；不能以字符串未命中判漏
nodes/r_5b1357a9c6/cards/t_eaa841/P7_world_chronicle_1803_1848.md,375,### 1812,378|495,- **〔EU1812-02·财政·高〕** 预算恒等式强制取舍显形：维持S2姿态（在场54万）则陆军378m+海军195m=573m超出F4可得（495m+关税≈551m），逐年缺7–22m→和约后必须降姿态,仅候选：可能单位换算、概括、纠错或真正遗漏；不能以字符串未命中判漏
nodes/r_5b1357a9c6/cards/t_eaa841/P7_world_chronicle_1803_1848.md,379,### 1812,57.2|688|888.7,- **〔EU1812-04·财政·中高〕** 财政调整启动：非息支出G由57.2向42–43过渡（12–24个月线性降），军费降档，所得税降率保留机制；1815年债务面额约688–767m（对照史实888.7m）,仅候选：可能单位换算、概括、纠错或真正遗漏；不能以字符串未命中判漏
nodes/r_5b1357a9c6/cards/t_eaa841/P7_world_chronicle_1803_1848.md,380,### 1812,40.7|687.9,"  ｜【锚】B2 S2纪律线模型（1811起R66/G42/5%）：D 1815=687.9、含过渡719–767〔B2定稿CSV〕；史实1815 D=888.717、I/R 40.7%〔B2亲读BoE表〕 ｜【机】B2：S2至1848息收比26–39%不越60%探针；""陆转海""预算菜单（Vansittart 1815-06-14先例）〔台账B2〕 ｜〔B2〕",仅候选：可能单位换算、概括、纠错或真正遗漏；不能以字符串未命中判漏
nodes/r_5b1357a9c6/cards/t_eaa841/P7_world_chronicle_1803_1848.md,465,### 1815,39.5|40.5,- **〔EU1815-02·边界·中高〕** A层直辖版图定格：旧法国+比利时+莱茵左岸+皮埃蒙特+利古里亚+莱芒/瓦莱+帕尔马-托斯卡纳型+条件性贝格型，人口代理39.5–40.5百万，此外每一公里为负资产；1825–35达制度稳态,仅候选：可能单位换算、概括、纠错或真正遗漏；不能以字符串未命中判漏
nodes/r_5b1357a9c6/cards/t_eaa841/P7_world_chronicle_1803_1848.md,682,### 1822,2473|4035,"  ｜【锚】赠产1810初年收入>1,800万（4,035人）、1814登记≈2,473万〔F4亲读+台账〕 ｜【机】F4/F5：军政精英资产内地化=统治联盟与和平秩序绑定的物质机制 ｜〔F4;F5;X1〕",仅候选：可能单位换算、概括、纠错或真正遗漏；不能以字符串未命中判漏
nodes/r_5b1357a9c6/cards/t_eaa841/P7_world_chronicle_1803_1848.md,965,### 1833,15982|421494,"- **〔EU1833-01·军力·中高〕** 和平军队实额对照系：1833-01-01法国史实实额421,494（含宪兵15,982、外籍部队等）为S5法军40–45万在册主线的同量级独立锚",仅候选：可能单位换算、概括、纠错或真正遗漏；不能以字符串未命中判漏
nodes/r_5b1357a9c6/cards/t_eaa841/P7_world_chronicle_1803_1848.md,1170,### 1841,43.4|436500,"- **〔AT1841-01·社会·高〕** 古巴奴隶人口达峰（1841年436,500、占比43.4%）；糖业向1850年29.5万吨爬升——奴隶-糖复合体是法西体系大西洋侧最大经济引擎兼最大政治隐患",仅候选：可能单位换算、概括、纠错或真正遗漏；不能以字符串未命中判漏
nodes/r_5b1357a9c6/cards/t_eaa841/P7_world_chronicle_1803_1848.md,1175,### 1841,197.4|65093|69.3|88.4,"- **〔OR1841-01·财政·中〕** 奥斯曼军费快照对照：京畿4万兵69.3M+要塞65,093兵88.4M≈总197.4M kuruş——收缩但未被瓜分的C层条约国财政；坦齐马特变形版（Gülhane型改革联盟在，模板从英法双源变为法式单源；""奥斯曼主义""话语更早出现）",仅候选：可能单位换算、概括、纠错或真正遗漏；不能以字符串未命中判漏
nodes/r_5b1357a9c6/cards/t_eaa841/P7_world_chronicle_1803_1848.md,1336,### 1848,1080|21848|51848,  ｜【锚】史实1848-04-10 Kennington Common〔B5 KC〕；B2 1848检查点：S2/S5含过渡645–1080〔B2定稿〕 ｜【机】B5 1848行：S2工业79–100%史实（中低）；B1：法国若不同时满足复战三门槛（威胁/伙伴/供款）则英国维持共存 ｜〔B5;B2;B1〕,仅候选：可能单位换算、概括、纠错或真正遗漏；不能以字符串未命中判漏
nodes/r_5b1357a9c6/cards/t_eaa841/P7_world_chronicle_1803_1848.md,1382,## §5 方法申明与缺口,1205|825,"- **缺口**：①东方/亚洲栏1816–48部分年份以趋势条目填充，其分辨率低于欧洲栏——OT/EG/PS/IN卡的S5年表本身即分段而非逐年；②P2乙层""联合乐观反例""分叉（技术可行vs政治低置信）未在年表展开——若Last Order决定派分叉卡，1830s意-德-伊利里亚诸行需加备选版；③S5后期（1836–48）法国财政年表依赖F4模型带（825–1205m），无独立校准线；④英国1812后内政（改革/宪章）诸行依赖B1/B5的""窗口""判断，窗口宽度±5年应视为条目日期的固有误差。",仅候选：可能单位换算、概括、纠错或真正遗漏；不能以字符串未命中判漏
nodes/r_5b1357a9c6/cards/t_eaa841/raw_yeartables.md,5,### file: F1_napoleon_center.md (42 rows),1663|516,"**1810许可证**【事实】封锁体系内由皇帝亲设、亲价、亲签的例外通道：""他只对法国船放宽（附加税），条件是持他高价出售的许可证，且须出口等值法国货——出口条件如何被遵守，天知道""；许可证代理人""借着欺骗国家元首的意愿发了横财""（Mollien, *Mémoires* t.III, 1811章，downloads/f1_mollien_memoires_t3.txt 行~390–430；大臣回忆录，与1811年30封致海关总长Collin de Sussy许可证信件互证——CG T11注20）。【事实】1811年危机中同步动作：向卢昂等地下政府订单+放宽部分封锁规则（T11导言）。【裁量】克制的结构：**例外权而非规则改革**——许可证不可转为对等条约（见B7行：俄方1811–12曾提议""双方约定每年许可证数量""而被拒，Chaptal回忆，f81b516f33c4.md 行1663；回忆录断言，方向与1812-04-08俄方照会的通商条件一致——C1节点20）。",仅候选：可能单位换算、概括、纠错或真正遗漏；不能以字符串未命中判漏
nodes/r_5b1357a9c6/cards/t_eaa841/raw_yeartables.md,12,### file: F1_napoleon_center.md (42 rows),069|1924311,"| 1808 | 致Louis信（CG 19243，11-12） | ""罗马人把法律给予盟邦：法国为何不让荷兰采用她的法律？……你还必须采用法国货币体系……**相同的民法与相同的货币把各国的纽带收紧**"" | 转引HAL论文（f1_gouverner_naples_hal.pdf，doc febfac069eb6，注43/47） |",仅候选：可能单位换算、概括、纠错或真正遗漏；不能以字符串未命中判漏
nodes/r_5b1357a9c6/cards/t_eaa841/raw_yeartables.md,14,### file: F1_napoleon_center.md (42 rows),20593|6310869|7489,"| 1810 | Champagny 12-08报告+咨文 | 体系的官方自画像：五次和约""牺牲大部分征服""；封锁=对英敕令的对等报复；并荷兰以参议院法令宪制化；汉堡—吕贝克、易北—威悉—埃姆斯运河计划（15–20M法郎，4–5年）；""塞纳河将与波罗的海相连""；**""只要英国坚持敕令，陛下就坚持法令""** | 全文缓存 9cdf68d9bb9b.md；印本Gallica bpt6k6310869z；**同月通信证明拿破仑亲自改定该报告**（cd7489b20593.md）——因此这是中枢自我陈述，不是大臣独立见解 |",仅候选：可能单位换算、概括、纠错或真正遗漏；不能以字符串未命中判漏
nodes/r_5b1357a9c6/cards/t_eaa841/raw_yeartables.md,94,### file: annual_levies_evidence.md (31 rows),120000|122500|245000,"|1811年12月120,000；1812另两次245,000，约半为National Guard|前项有明确征令年月，年级仍未由摘录证实；后项混入国民卫队，不能称全部为新征陆军。|不相加成1812征额；不把“约半”改写为精确122,500人。|",仅候选：可能单位换算、概括、纠错或真正遗漏；不能以字符串未命中判漏
nodes/r_5b1357a9c6/cards/t_eaa841/raw_yeartables.md,95,### file: annual_levies_evidence.md (31 rows),120000|137000,"|1813新增350,000；1812年9月120,000仍在depots|这是最显著的流量/存量混合：1812年征令形成的人力可能在1813年仍处补充营；在补充营不等于未被军队编入，更不等于已进入野战军。|350,000的统计截止日及“新增”定义待查；120,000单列为旧征令关联的补充营状态，禁止作为1813新增再计。也不默认120,000就是后来所列1813级137,000的全部或子集。|",仅候选：可能单位换算、概括、纠错或真正遗漏；不能以字符串未命中判漏
nodes/r_5b1357a9c6/cards/t_eaa841/raw_yeartables.md,262,### 1810–1812：产业、银行和粮食危机要分层,4035|683,"|统治联盟补偿|1809-08全体15.165、1810-01超18（4,035人）、1814分层合计约24.73[SG p.683]|新增15–30/年压力带|除赠产外又承担全欧洲君主、旧债和全部免税赔偿|",仅候选：可能单位换算、概括、纠错或真正遗漏；不能以字符串未命中判漏
nodes/r_5b1357a9c6/cards/t_eaa841/raw_yeartables.md,279,### file: F5_french_society_succession 2.md (9 rows),1140000|1527000|2432335,"- 1813 年五连击：01-11 令 35 万（含 cohortes 10 万＋1809–12 年级追征 10 万＋1814 年级提前 15 万）；04-03 令 18 万（含**骑马荣誉卫队 1 万**——首次直接向显贵子弟伸手＋1814 年级 9 万＋1807–12 第一 ban 8 万）；08-24 令 3 万；09-27 皇帝以私权预签、10-09 元老院""补批""28 万（1815 年级 16 万＋1808–14 追征 12 万，11-20 敕令加至 16 万）；11-15 令 30 万（an XI–1814 全年级，15 万即征＋15 万备征）。**1812-09-01 至 1813-11-20 十五个月合计征召 1,527,000 人**；帝国全期征召合计 2,432,335（表列总额）／约 220 万（文本口径）(S10)。1813 当年五令合计 1,140,000 (S11)。",仅候选：可能单位换算、概括、纠错或真正遗漏；不能以字符串未命中判漏
nodes/r_5b1357a9c6/cards/t_eaa841/raw_yeartables.md,280,### file: F5_french_society_succession 2.md (9 rows),315134|992,"- 1813–14 反弹：警务部 1813 年报告""逃兵与抗征者数目以前所未知的速度与比例增长""（Forrest p.119）；Hazebrouck（Nord）1813 年 1,200–1,500 名征召者暴动，抢劫、攻击副省长、焚烧档案；1814 年 Landes 国民卫队征召引发系列村庄骚乱（p.42）(S1)。1813 年 9 月整团整团由狱中 réfractaires 组成，""这些人从监狱里拖出来，营养不良，很快垮掉""（第 25 军区司令 1813-10-05 报告：123e 线列团回营 992 人，在械 513，入院 315，134 人体质弱到团长申请退役）(S10)。",仅候选：可能单位换算、概括、纠错或真正遗漏；不能以字符串未命中判漏
nodes/r_5b1357a9c6/cards/t_eaa841/raw_yeartables.md,289,### file: F5_french_society_succession.md (36 rows),1140000|1527000|2432335,"- 1813 年五连击：01-11 令 35 万（含 cohortes 10 万＋1809–12 年级追征 10 万＋1814 年级提前 15 万）；04-03 令 18 万（含**骑马荣誉卫队 1 万**——首次直接向显贵子弟伸手＋1814 年级 9 万＋1807–12 第一 ban 8 万）；08-24 令 3 万；09-27 皇帝以私权预签、10-09 元老院""补批""28 万（1815 年级 16 万＋1808–14 追征 12 万，11-20 敕令加至 16 万）；11-15 令 30 万（an XI–1814 全年级，15 万即征＋15 万备征）。**1812-09-01 至 1813-11-20 十五个月合计征召 1,527,000 人**；帝国全期征召合计 2,432,335（表列总额）／约 220 万（文本口径）(S10)。1813 当年五令合计 1,140,000 (S11)。",仅候选：可能单位换算、概括、纠错或真正遗漏；不能以字符串未命中判漏
nodes/r_5b1357a9c6/cards/t_eaa841/raw_yeartables.md,290,### file: F5_french_society_succession.md (36 rows),315134|992,"- 1813–14 反弹：警务部 1813 年报告""逃兵与抗征者数目以前所未知的速度与比例增长""（Forrest p.119）；Hazebrouck（Nord）1813 年 1,200–1,500 名征召者暴动，抢劫、攻击副省长、焚烧档案；1814 年 Landes 国民卫队征召引发系列村庄骚乱（p.42）(S1)。1813 年 9 月整团整团由狱中 réfractaires 组成，""这些人从监狱里拖出来，营养不良，很快垮掉""（第 25 军区司令 1813-10-05 报告：123e 线列团回营 992 人，在械 513，入院 315，134 人体质弱到团长申请退役）(S10)。",仅候选：可能单位换算、概括、纠错或真正遗漏；不能以字符串未命中判漏
nodes/r_5b1357a9c6/cards/t_eaa841/raw_yeartables.md,297,### file: F5_french_society_succession.md (36 rows),51.7|79.5,| 1821-05（史实死期） | 51.7 | **79.5%** |,仅候选：可能单位换算、概括、纠错或真正遗漏；不能以字符串未命中判漏
nodes/r_5b1357a9c6/cards/t_eaa841/raw_yeartables.md,299,### file: F5_french_society_succession.md (36 rows),59.6|67.4,| 1829-03（罗马王成年） | 59.6 | **67.4%** |,仅候选：可能单位换算、概括、纠错或真正遗漏；不能以字符串未命中判漏
nodes/r_5b1357a9c6/cards/t_eaa841/raw_yeartables.md,424,### file: B2_britain_fiscal.md (54 rows),42.4|53.0|572.810,|1803|42.4|53.0|20.7|48.8%|10.6|572.810|5.145%|,仅候选：可能单位换算、概括、纠错或真正遗漏；不能以字符串未命中判漏
nodes/r_5b1357a9c6/cards/t_eaa841/raw_yeartables.md,425,### file: B2_britain_fiscal.md (54 rows),38.6|60.1|72.9,|1806|60.1|72.9|23.2|38.6%|12.8|645.219|4.887%|,仅候选：可能单位换算、概括、纠错或真正遗漏；不能以字符串未命中判漏
nodes/r_5b1357a9c6/cards/t_eaa841/raw_yeartables.md,426,### file: B2_britain_fiscal.md (54 rows),73.0|81.6,|1810|73.0|81.6|24.4|33.4%|8.6|688.465|4.409%|,仅候选：可能单位换算、概括、纠错或真正遗漏；不能以字符串未命中判漏
nodes/r_5b1357a9c6/cards/t_eaa841/raw_yeartables.md,428,### file: B2_britain_fiscal.md (54 rows),37.6|70.3|94.8,|1812|70.3|94.8|26.4|37.6%|24.5|734.691|5.013%|,仅候选：可能单位换算、概括、纠错或真正遗漏；不能以字符串未命中判漏
nodes/r_5b1357a9c6/cards/t_eaa841/raw_yeartables.md,429,### file: B2_britain_fiscal.md (54 rows),111.1|36.4|36.5|74.7,|1813|74.7|111.1|27.3|36.5%|36.4|816.608|5.113%|,仅候选：可能单位换算、概括、纠错或真正遗漏；不能以字符串未命中判漏
nodes/r_5b1357a9c6/cards/t_eaa841/raw_yeartables.md,430,### file: B2_britain_fiscal.md (54 rows),32.2|40.7|79.1|99.5,|1815|79.1|99.5|32.2|40.7%|20.4|888.717|5.036%|,仅候选：可能单位换算、概括、纠错或真正遗漏；不能以字符串未命中判漏
nodes/r_5b1357a9c6/cards/t_eaa841/raw_yeartables.md,431,### file: B2_britain_fiscal.md (54 rows),32.9|47.5|69.2|71.3,|1816|69.2|71.3|32.9|47.5%|2.1|885.683|4.810%|,仅候选：可能单位换算、概括、纠错或真正遗漏；不能以字符串未命中判漏
nodes/r_5b1357a9c6/cards/t_eaa841/raw_yeartables.md,432,### file: B2_britain_fiscal.md (54 rows),31.4|52.4|56.5|59.9,|1822|59.9|56.5|31.4|52.4%|−3.4|879.183|3.764%|,仅候选：可能单位换算、概括、纠错或真正遗漏；不能以字符串未命中判漏
nodes/r_5b1357a9c6/cards/t_eaa841/raw_yeartables.md,433,### file: B2_britain_fiscal.md (54 rows),51.9|53.6|54.5,|1830|54.5|51.9|29.2|53.6%|−2.6|840.419|3.394%|,仅候选：可能单位换算、概括、纠错或真正遗漏；不能以字符串未命中判漏
nodes/r_5b1357a9c6/cards/t_eaa841/raw_yeartables.md,434,### file: B2_britain_fiscal.md (54 rows),57.8|59.0,|1848|57.8|59.0|28.7|49.7%|1.2|831.400|3.521%|,仅候选：可能单位换算、概括、纠错或真正遗漏；不能以字符串未命中判漏
nodes/r_5b1357a9c6/cards/t_eaa841/raw_yeartables.md,460,### file: B2_britain_fiscal.md (54 rows),1626|902,|1829—30|S2与不裁军线首次严重分化。[模型]|S2含过渡债务约690—902；不裁军约1626、债息/收入约63%，行政节流成为主议程|中|,仅候选：可能单位换算、概括、纠错或真正遗漏；不能以字符串未命中判漏
nodes/r_5b1357a9c6/cards/t_eaa841/raw_yeartables.md,465,### file: B2_britain_fiscal.md (54 rows),1143|1218|665|985,|1839—40|模型持久封锁适应线债务升近985。[模型]|S3含过渡约1143—1218且尚未越60%，财政政治更紧；S2含过渡约665—1000，仍有威慑预算|中低|,仅候选：可能单位换算、概括、纠错或真正遗漏；不能以字符串未命中判漏
nodes/r_5b1357a9c6/cards/t_eaa841/raw_yeartables.md,470,### file: B2_britain_fiscal.md (54 rows),1080|831,|1848|历史D831、I/R49.7%；模型检查点。[D1]|S2/S5含过渡面额约645—1080；封锁适应含过渡已在1844—47越60%，其尾部不作可融资预测；仍不预定法国霸权瓦解|中低|,仅候选：可能单位换算、概括、纠错或真正遗漏；不能以字符串未命中判漏
nodes/r_5b1357a9c6/cards/t_eaa841/raw_yeartables.md,474,### file: B2_britain_fiscal.md (54 rows),30.6|502.2|553.2|595.7,|S1早和平|1806起48/24/4.25%；1.25%；净还现款封顶2|595.7|553.2|502.2|30.6%|,仅候选：可能单位换算、概括、纠错或真正遗漏；不能以字符串未命中判漏
nodes/r_5b1357a9c6/cards/t_eaa841/raw_yeartables.md,475,### file: B2_britain_fiscal.md (54 rows),607.2|652.2|687.9,|S2纪律较强|1811起66/42/5%；1%；净还封顶1.5|687.9|652.2|607.2|26.2%|,仅候选：可能单位换算、概括、纠错或真正遗漏；不能以字符串未命中判漏
nodes/r_5b1357a9c6/cards/t_eaa841/raw_yeartables.md,543,### file: B3_royal_navy.md (65 rows),1271808|1351830|155,|海勤舰体|1809 H127，1808/09 I113；1813账籍244仅H124。[J16–J21]|继续战争可在1815保持H120–135，1830规划H130–155；不是从港勤栏简单搬来70舰，更不是物理绝对上限。主限制为修理、退出与人员，而非英国造不了155个壳体。中|,仅候选：可能单位换算、概括、纠错或真正遗漏；不能以字符串未命中判漏
nodes/r_5b1357a9c6/cards/t_eaa841/raw_yeartables.md,602,### file: B4_british_army_home_defence.md (73 rows),338|4795|5400,"| 1806西西里—Calabria—Maida | Stuart部登船返回4,795 rank/file，all ranks约5,400–5,500；6月26日启航，7月1日晚人员枪炮牲畜卸完；因缺载马船仅16名骑兵作传令[S02 pp.338–340] | 能赢局部会战不等于能长期占领南意；骑兵/炮马比步兵“座位”更制约完整合成军投送。登陆时滩头敌弱，不能类比强抵抗 |",仅候选：可能单位换算、概括、纠错或真正遗漏；不能以字符串未命中判漏
nodes/r_5b1357a9c6/cards/t_eaa841/raw_yeartables.md,670,### file: B5_british_industry_trade.md (60 rows),238|247,|1810|H pp238–247严控与全球信用危机；P11回顾|S2选择可预期许可证会压低商人损失；S1回款正常化|S3去库存和商业破产集中；S6增设海关并吞并港口，兼增大陆反抗成本|沿S2|中高|,仅候选：可能单位换算、概括、纠错或真正遗漏；不能以字符串未命中判漏
nodes/r_5b1357a9c6/cards/t_eaa841/raw_yeartables.md,770,### file: report_02_reactions.md (30 rows),238|247,|1810|H pp238–247严控与全球信用危机；P11回顾|S2选择可预期许可证会压低商人损失；S1回款正常化|S3去库存和商业破产集中；S6增设海关并吞并港口，兼增大陆反抗成本|沿S2|中高|,仅候选：可能单位换算、概括、纠错或真正遗漏；不能以字符串未命中判漏
nodes/r_5b1357a9c6/cards/t_eaa841/raw_yeartables.md,840,### file: IE_ireland.md (40 rows),1803.07|680864,| 1 | 1803.07 | ★S0 | 埃米特起义。都柏林实出约80人，克尔沃登首席大法官被杀；贝尔法斯特罗素尔、基尔达尔奎格利同日尝试均失败 | 【锚：W&B 1908 字符680864，其日期误作6月23日，据O'Donnell更7月23日】 | 高 |,仅候选：可能单位换算、概括、纠错或真正遗漏；不能以字符串未命中判漏
nodes/r_5b1357a9c6/cards/t_eaa841/raw_yeartables.md,841,### file: IE_ireland.md (40 rows),1803.08|768535,"| 2 | 1803.08–12 | S2分叉点 | 拿破仑8月8日对Decrès提出25,000人＋40,000支枪，**条件是登陆时20,000爱尔兰人加入**；若改为无条件投送，这是整个1803–15年最高回报率的单一转向 | 【锚：同上字符768535；Kleinman转录同日信】 | 高（锚）／中（推） |",仅候选：可能单位换算、概括、纠错或真正遗漏；不能以字符串未命中判漏
nodes/r_5b1357a9c6/cards/t_eaa841/raw_yeartables.md,844,### file: IE_ireland.md (40 rows),1804.09|8063|952513,"| 5 | 1804.09 | S2 | 【推演】Lough Swilly方案：Augereau率Brest 18,000人，另Texel 25,000人二波，首要目标都柏林。若执行且海上通道维3周，都柏林失守概率0.55–0.70 | 【锚：同上字符952513，引Corr. no.8063】＋【机：⑤动员函数】 | 中 |",仅候选：可能单位换算、概括、纠错或真正遗漏；不能以字符串未命中判漏
nodes/r_5b1357a9c6/cards/t_eaa841/raw_yeartables.md,851,### file: IE_ireland.md (40 rows),13178|13230,| 12 | 1811 | ★S0 | 英爱民兵合并互换法通过；爱尔兰人力开始法定可外调 | 【锚：Fortescue 1909 行13178–13230】 | 高 |,仅候选：可能单位换算、概括、纠错或真正遗漏；不能以字符串未命中判漏
nodes/r_5b1357a9c6/cards/t_eaa841/raw_yeartables.md,933,### 1803–1815可用序列,33.3|577.811,| 1810 | 300 | 577.811 | 34.2 | 11.185 | 3.147 | 年均报价倒数约33.3银戈比，非倒数年均；25.4为时点未明另值 |,仅候选：可能单位换算、概括、纠错或真正遗漏；不能以字符串未命中判漏
nodes/r_5b1357a9c6/cards/t_eaa841/raw_yeartables.md,944,### 1803–1815可用序列,4378.5|5460,| 人口 | 1811比较区4378.5万[S15表6] | 疾病、食物、征发与统计漏误 | **中低**：1848同尺度5460–6100万的S5规划带；非精确疆界总数 |,仅候选：可能单位换算、概括、纠错或真正遗漏；不能以字符串未命中判漏
nodes/r_5b1357a9c6/cards/t_eaa841/raw_yeartables.md,960,### 1803–1815可用序列,33.3|577.811,| 1810 | 300 | 577.811 | 34.2 | 11.185 | 3.147 | 年均报价倒数约33.3银戈比，非倒数年均；25.4为时点未明另值 |,仅候选：可能单位换算、概括、纠错或真正遗漏；不能以字符串未命中判漏
nodes/r_5b1357a9c6/cards/t_eaa841/raw_yeartables.md,972,### file: report_part2.md (7 rows),4378.5|5460,| 人口 | 1811比较区4378.5万[S15表6] | 疾病、食物、征发与统计漏误 | **中低**：1848同尺度5460–6100万的S5规划带；非精确疆界总数 |,仅候选：可能单位换算、概括、纠错或真正遗漏；不能以字符串未命中判漏
nodes/r_5b1357a9c6/cards/t_eaa841/raw_yeartables.md,983,### file: R3_russian_army.md (18 rows),60756|811,"3. **1806–07**〔S0〕+60,756；Eylau-Friedland：出境作战暴露纸卢布拒收+commissariat瓦解（L767）；Friedland后""若需要继续战争毫无疑问做得到""但国库破产求和（L809–811）。〔S1推演〕英国若已中立化，1806年第四次同盟无英镑与普援→俄军更早退出战争、提尔西特条件更差（中高）。",仅候选：可能单位换算、概括、纠错或真正遗漏；不能以字符串未命中判漏
nodes/r_5b1357a9c6/cards/t_eaa841/raw_yeartables.md,985,### file: R3_russian_army.md (18 rows),1552|1810.12,"5. **1810**〔S0〕Barclay接任；3月纵深防御备忘录；正规军400–420k/1,552炮（Bogdanovich行151）；1810.12关税敕令与军备同步。〔S2推演〕大陆整固（法不吞并Oldenburg、贸易通融）：扩军节奏放缓至1811年4/500以下，但**不裁编制**（⑬B3行）——俄军1812年在列仍达45–55万带（中）。",仅候选：可能单位换算、概括、纠错或真正遗漏；不能以字符串未命中判漏
nodes/r_5b1357a9c6/cards/t_eaa841/raw_yeartables.md,987,### file: R3_russian_army.md (18 rows),1290|1812.3,7. **1812.3–6**〔S0〕已知法第一波45万（L1290）；三军242k布防；Drissa营春季动工；布加勒斯特和约（5月）释多瑙军。,仅候选：可能单位换算、概括、纠错或真正遗漏；不能以字符串未命中判漏
nodes/r_5b1357a9c6/cards/t_eaa841/raw_yeartables.md,988,### file: R3_russian_army.md (18 rows),1812.6|2334,8. **1812.6–12**〔S0〕战役：Borodino俄损4.5–5万（L1831）；83rd levy＞15万目标+民兵23万口径群；Tula月产1.6万枪；Kutuzov 97k→42k冬季追击损耗（L2334）；法军<2万人出境。,仅候选：可能单位换算、概括、纠错或真正遗漏；不能以字符串未命中判漏
nodes/r_5b1357a9c6/cards/t_eaa841/raw_yeartables.md,990,### file: R3_russian_army.md (18 rows),2811|32.5,"10. **1814**〔S0〕后备军32.5万在册横跨华沙公国——""对任何质疑其波兰要求者的军事底牌""（L2811）。",仅候选：可能单位换算、概括、纠错或真正遗漏；不能以字符串未命中判漏
nodes/r_5b1357a9c6/cards/t_eaa841/raw_yeartables.md,1060,### file: A_austria.md (28 rows),0515|0904,**1809年肢解确实不是纯粹后人的幻想，但必须拆开判断。** 匈牙利独立与自选国王有公开宣言；波希米亚三圈割给萨克森有拿破仑亲发谈判照会；伊利里亚割让已实施；全割加利西亚及另立王国有外交史转引的方案。它们不构成一份已经批准、拥有地方合作者和行政预算的“奥地利、波希米亚、匈牙利三国独立—法国全面并省”总方案。[N0515；N0904；T09；V09],仅候选：可能单位换算、概括、纠错或真正遗漏；不能以字符串未命中判漏
nodes/r_5b1357a9c6/cards/t_eaa841/raw_yeartables.md,1166,### file: NL_netherlands_switzerland.md (58 rows),063|1001|1171,| 17 | 1815–20·S5 | 帝国胜利固化：荷兰七省海军计划延续（特塞尔/默兹船台续建），但阿姆斯特丹资本拒认购法系公债，帝国只得靠巴黎银行家与强制储蓄 | 82a063e7e022 L1001/L1171；机制：信用没收悖论 | 中高 |,仅候选：可能单位换算、概括、纠错或真正遗漏；不能以字符串未命中判漏
nodes/r_5b1357a9c6/cards/t_eaa841/raw_yeartables.md,1242,### file: SC_part6.md (1 rows),295|7086,| 海军 | 1807前：主力舰队（封存）＋群岛艇队；1807后：炮艇+私掠，单次战果峰值47艘 | 主力舰队存续（卡尔斯克鲁纳）+群岛舰队；1808与英共制波罗的海 | 无 | a19ef3dd7086.md；Davey p89；Barton p295 |,仅候选：可能单位换算、概括、纠错或真正遗漏；不能以字符串未命中判漏
nodes/r_5b1357a9c6/cards/t_eaa841/raw_yeartables.md,1274,### file: SC_scandinavia.md (31 rows),295|7086,| 海军 | 1807前：主力舰队（封存）＋群岛艇队；1807后：炮艇+私掠，单次战果峰值47艘 | 主力舰队存续（卡尔斯克鲁纳）+群岛舰队；1808与英共制波罗的海 | 无 | a19ef3dd7086.md；Davey p89；Barton p295 |,仅候选：可能单位换算、概括、纠错或真正遗漏；不能以字符串未命中判漏
nodes/r_5b1357a9c6/cards/t_eaa841/raw_yeartables.md,1279,### file: IT1_kingdom_of_italy.md (37 rows),074|523|5541|6973,- 1805-03-17第一宪制法令：art.1拿破仑为意大利王；art.3外军撤出那不勒斯/爱奥尼亚/马耳他后王冠移交合法男嗣（亲生或收养）；art.4自该时起**法意两冠永不集于一人**、继承人须常住意大利（`downloads/pages/523d0f5541c4.md`；意文重排本`downloads/c6_1805_italian_statute.pdf` doc 0c6c074f6973 p.5）。,仅候选：可能单位换算、概括、纠错或真正遗漏；不能以字符串未命中判漏
nodes/r_5b1357a9c6/cards/t_eaa841/raw_yeartables.md,1282,### file: IT1_kingdom_of_italy.md (37 rows),2856|2890|413,"- **1810年1–3月继承重排文书群（本卡新增直核）**：1810-01-03致Aldini——为欧仁作为""prince italien""设永久apanage（""la branche du prince de Venise""，domaines百万+villa Bonaparte），明言""Par le statut du royaume, je l'ai appelé au trône en cas que je n'aie point d'enfant""（`downloads/pages/df27e5314cf3.md` L413）；1810-02-17元老院法令：罗马并入**法国**（art.1）、罗马为帝国第二城（art.6）、**皇太子称罗马王（art.7）**、皇帝须十年内在罗马圣彼得加冕（art.10）（同文件L2856–2890）；1810-03-01致元老院咨文：**法兰克福大公国身后归欧仁世袭**，""Élevé au grand-duché de Francfort, nos peuples d'Italie ne seront pas pour cela privés de ses soins et de son administration""（同文件L3306–3320）。",仅候选：可能单位换算、概括、纠错或真正遗漏；不能以字符串未命中判漏
nodes/r_5b1357a9c6/cards/t_eaa841/raw_yeartables.md,1308,### file: IT1_kingdom_of_italy.md (37 rows),523|5541,"| 23 | 1829-03 | S5 | 罗马王18岁：1805 art.3–4自动分冠条款执行压力最大点；巴黎若拖延→italici puri话语再生（""继承人常驻意大利""条款成动员口号） | `523d0f5541c4.md` art.4常驻条款 | 中 |",仅候选：可能单位换算、概括、纠错或真正遗漏；不能以字符串未命中判漏
nodes/r_5b1357a9c6/cards/t_eaa841/raw_yeartables.md,1312,### file: IT1_kingdom_of_italy.md (37 rows),7027396|977,"| 29 | 1848± | S6 | 对照组实绩平移：三轮起义+军队过半忠诚+行政全程运转；镇压需同量级Radetzky军（≈7万）；""可运行不可赢得"" | Sondhaus（`977ad00e38d7.md`）；Hilleprandt（`7027396ad89a.md`） | 中高 |",仅候选：可能单位换算、概括、纠错或真正遗漏；不能以字符串未命中判漏
nodes/r_5b1357a9c6/cards/t_eaa841/raw_yeartables.md,1467,### file: OT_ottoman.md (43 rows),197.4|65093|69.3|88.4,"| 1841年军费快照 | 京畿4万兵=69.3M；要塞65,093兵=88.4M；总估197.4M kuruş（未含弹药帐篷） | 1841 | Meclis-i Vâlâ讨论数，经Aksan |",仅候选：可能单位换算、概括、纠错或真正遗漏；不能以字符串未命中判漏
nodes/r_5b1357a9c6/cards/t_eaa841/raw_yeartables.md,1626,### file: IN1_east_india_company 2.md (57 rows),19186|19210,| 24 | 1833–34 | S0 | 特许状法：公司停止一切商业，领地债务法定由印度岁入承担，股息 10.5% 由印度岁入支付 | 【A】Dutt 转引法条文（行 19186–19210） | 高 |,仅候选：可能单位换算、概括、纠错或真正遗漏；不能以字符串未命中判漏
nodes/r_5b1357a9c6/cards/t_eaa841/raw_yeartables.md,1684,### file: IN1_east_india_company.md (57 rows),19186|19210,| 24 | 1833–34 | S0 | 特许状法：公司停止一切商业，领地债务法定由印度岁入承担，股息 10.5% 由印度岁入支付 | 【A】Dutt 转引法条文（行 19186–19210） | 高 |,仅候选：可能单位换算、概括、纠错或真正遗漏；不能以字符串未命中判漏
nodes/r_5b1357a9c6/cards/t_eaa841/raw_yeartables.md,1709,### file: IN2_indian_states_french_indian_ocean 2.md (5 rows),378|379,"| 1803 | Decaen自请：6战列舰+3,000步兵+500骑兵，""利用马拉塔战争"" | Prentout via Kaeppelin；Sen转Prentout pp.378–379（另有数千人+6舰+2 flûtes+4巡航舰版） | 登陆英国优先；舰队去安的列斯 |",仅候选：可能单位换算、概括、纠错或真正遗漏；不能以字符串未命中判漏
nodes/r_5b1357a9c6/cards/t_eaa841/raw_yeartables.md,1711,### file: IN2_indian_states_french_indian_ocean 2.md (5 rows),13000|13877|14078,"| 1808-05/06 | 第一波Lorient 20舰4,000人十月出航+Brest 20舰13,000人；精确令：Nantes 12+Lorient 13+Brest 31=56舰，**19,600兵+10,600水手**；土伦舰队同时送20,000人登埃及 | Corr. XVII 13877（05-13）、14078（06-10）；前后5信催办 | 西班牙起义与拜伦；""这一次是决定性地""放弃（Sen） |",仅候选：可能单位换算、概括、纠错或真正遗漏；不能以字符串未命中判漏
nodes/r_5b1357a9c6/cards/t_eaa841/raw_yeartables.md,1715,### file: IN2_indian_states_french_indian_ocean 3.md (33 rows),378|379,"| 1803 | Decaen自请：6战列舰+3,000步兵+500骑兵，""利用马拉塔战争"" | Prentout via Kaeppelin；Sen转Prentout pp.378–379（另有数千人+6舰+2 flûtes+4巡航舰版） | 登陆英国优先；舰队去安的列斯 |",仅候选：可能单位换算、概括、纠错或真正遗漏；不能以字符串未命中判漏
nodes/r_5b1357a9c6/cards/t_eaa841/raw_yeartables.md,1717,### file: IN2_indian_states_french_indian_ocean 3.md (33 rows),13000|13877|14078,"| 1808-05/06 | 第一波Lorient 20舰4,000人十月出航+Brest 20舰13,000人；精确令：Nantes 12+Lorient 13+Brest 31=56舰，**19,600兵+10,600水手**；土伦舰队同时送20,000人登埃及 | Corr. XVII 13877（05-13）、14078（06-10）；前后5信催办 | 西班牙起义与拜伦；""这一次是决定性地""放弃（Sen） |",仅候选：可能单位换算、概括、纠错或真正遗漏；不能以字符串未命中判漏
nodes/r_5b1357a9c6/cards/t_eaa841/raw_yeartables.md,1746,### file: IN2_indian_states_french_indian_ocean 3.md (33 rows),617|618,"28. 1811–48｜S6｜印度方向对S6毫无贡献且持续失血（驻军/护航/行政贴补）；行省化资源优先级下印度洋必被放弃（史实1810拿破仑Moniteur按语已预演此逻辑：""每年2000万=10舰""）｜Sen转Prentout pp.617–618｜高",仅候选：可能单位换算、概括、纠错或真正遗漏；不能以字符串未命中判漏
nodes/r_5b1357a9c6/cards/t_eaa841/raw_yeartables.md,1749,### file: IN2_indian_states_french_indian_ocean.md (34 rows),378|379,"| 1803 | Decaen自请：6战列舰+3,000步兵+500骑兵，""利用马拉塔战争"" | Prentout via Kaeppelin；Sen转Prentout pp.378–379（另有数千人+6舰+2 flûtes+4巡航舰版） | 登陆英国优先；舰队去安的列斯 |",仅候选：可能单位换算、概括、纠错或真正遗漏；不能以字符串未命中判漏
nodes/r_5b1357a9c6/cards/t_eaa841/raw_yeartables.md,1751,### file: IN2_indian_states_french_indian_ocean.md (34 rows),13000|13877|14078,"| 1808-05/06 | 第一波Lorient 20舰4,000人十月出航+Brest 20舰13,000人；精确令：Nantes 12+Lorient 13+Brest 31=56舰，**19,600兵+10,600水手**；土伦舰队同时送20,000人登埃及 | Corr. XVII 13877（05-13）、14078（06-10）；前后5信催办 | 西班牙起义与拜伦；""这一次是决定性地""放弃（Sen） |",仅候选：可能单位换算、概括、纠错或真正遗漏；不能以字符串未命中判漏
nodes/r_5b1357a9c6/cards/t_eaa841/raw_yeartables.md,1780,### file: IN2_indian_states_french_indian_ocean.md (34 rows),617|618,"28. 1811–48｜S6｜印度方向对S6毫无贡献且持续失血（驻军/护航/行政贴补）；行省化资源优先级下印度洋必被放弃（史实1810拿破仑Moniteur按语已预演此逻辑：""每年2000万=10舰""）｜Sen转Prentout pp.617–618｜高",仅候选：可能单位换算、概括、纠错或真正遗漏；不能以字符串未命中判漏
nodes/r_5b1357a9c6/cards/t_eaa841/raw_yeartables.md,1787,### file: US_united_states.md (27 rows),1125|11250000|54096,"| 1 | 1803-04 | 路易斯安那转让：法国退出北美大陆；对价含 6% 公债 1,125 万美元 | 【锚】Pitkin 行54096 ""Interest, on $11,250,000"" | 高 |",仅候选：可能单位换算、概括、纠错或真正遗漏；不能以字符串未命中判漏
nodes/r_5b1357a9c6/cards/t_eaa841/raw_yeartables.md,1788,### file: US_united_states.md (27 rows),1359|2820|2885|4100|4200|6028,"| 2 | 1803–06 | 转口贸易由 1,359 万升至 6,028 万美元；本国出口稳定在 4,100–4,200 万 | 【锚】Pitkin 行2820–2885 | 高 |",仅候选：可能单位换算、概括、纠错或真正遗漏；不能以字符串未命中判漏
nodes/r_5b1357a9c6/cards/t_eaa841/raw_yeartables.md,1793,### file: US_united_states.md (27 rows),1300|2836|2866|943,"| 8 | 1807-12 | 禁运法。1808 本国出口 943 万、转口 1,300 万（＝1807 年的 19.4%／21.8%） | 【锚】Pitkin 行2836/2866 | 高 |",仅候选：可能单位换算、概括、纠错或真正遗漏；不能以字符串未命中判漏
nodes/r_5b1357a9c6/cards/t_eaa841/raw_yeartables.md,1804,### file: US_united_states.md (27 rows),2836|2866|678,| 20 | 1813–14 | 英国海岸封锁：1814 本国出口 678 万、转口 14.5 万（近乎归零） | 【锚】Pitkin 行2836/2866 末段 | 高 |,仅候选：可能单位换算、概括、纠错或真正遗漏；不能以字符串未命中判漏
nodes/r_5b1357a9c6/cards/t_eaa841/raw_yeartables.md,1807,### file: US_united_states.md (27 rows),4597|658,"| 23 | 1815 | 出口反弹至 4,597 万；转口仅 658 万——**转口时代一去不返** | 【锚】Pitkin 同表 | 高 |",仅候选：可能单位换算、概括、纠错或真正遗漏；不能以字符串未命中判漏
nodes/r_5b1357a9c6/cards/t_eaa841/raw_yeartables.md,1817,### file: HT_haiti_caribbean 2.md (41 rows),108137|26500,"- 1818年收入超支出约**50万元**；1822年（并吞东部后）**全岛收入比1816年仅辖一区时还少26,500元**，赤字108,137元；",仅候选：可能单位换算、概括、纠错或真正遗漏；不能以字符串未命中判漏
nodes/r_5b1357a9c6/cards/t_eaa841/raw_yeartables.md,1820,### file: HT_haiti_caribbean 2.md (41 rows),1100000|1375000,"- 1826年运出**1,100,000西班牙金银元**（对海地币升水25%以上，折1,375,000海地元）另加数船咖啡；",仅候选：可能单位换算、概括、纠错或真正遗漏；不能以字符串未命中判漏
nodes/r_5b1357a9c6/cards/t_eaa841/raw_yeartables.md,1843,### file: HT_haiti_caribbean 2.md (41 rows),665000|666737|775000,"25. **1826–1834** 【锚】英属加勒比奴隶人口775,000（1807）→665,000（1834）；1834补偿分类总计666,737人。1833法第LXIV条排除锡兰与圣赫勒拿，开普／毛里求斯延期（上一轮 B6 卡已核，路径见协调台账）。",仅候选：可能单位换算、概括、纠错或真正遗漏；不能以字符串未命中判漏
nodes/r_5b1357a9c6/cards/t_eaa841/raw_yeartables.md,1846,### file: HT_haiti_caribbean 2.md (41 rows),30000000|60000000|90000000,"28. **1838** 【锚】法海两项条约把赔款减至60,000,000法郎（另一表述为总额降至90,000,000，**本卡推断二者可调和**：已付约30,000,000＋余额60,000,000）。",仅候选：可能单位换算、概括、纠错或真正遗漏；不能以字符串未命中判漏
nodes/r_5b1357a9c6/cards/t_eaa841/raw_yeartables.md,1848,### file: HT_haiti_caribbean 2.md (41 rows),1007624|43.4,"30. **1841／1844** 【锚】古巴人口1,007,624，奴隶占比达峰值43.4%；1844年多米尼加脱离海地独立。",仅候选：可能单位换算、概括、纠错或真正遗漏；不能以字符串未命中判漏
nodes/r_5b1357a9c6/cards/t_eaa841/raw_yeartables.md,1859,### file: HT_haiti_caribbean 3.md (43 rows),108137|26500,"- 1818年收入超支出约**50万元**；1822年（并吞东部后）**全岛收入比1816年仅辖一区时还少26,500元**，赤字108,137元；",仅候选：可能单位换算、概括、纠错或真正遗漏；不能以字符串未命中判漏
nodes/r_5b1357a9c6/cards/t_eaa841/raw_yeartables.md,1862,### file: HT_haiti_caribbean 3.md (43 rows),1100000|1375000,"- 1826年运出**1,100,000西班牙金银元**（对海地币升水25%以上，折1,375,000海地元）另加数船咖啡；",仅候选：可能单位换算、概括、纠错或真正遗漏；不能以字符串未命中判漏
nodes/r_5b1357a9c6/cards/t_eaa841/raw_yeartables.md,1885,### file: HT_haiti_caribbean 3.md (43 rows),665000|666737|775000,"25. **1826–1834** 【锚】英属加勒比奴隶人口775,000（1807）→665,000（1834）；1834补偿分类总计666,737人。1833法第LXIV条排除锡兰与圣赫勒拿，开普／毛里求斯延期（上一轮 B6 卡已核，路径见协调台账）。",仅候选：可能单位换算、概括、纠错或真正遗漏；不能以字符串未命中判漏
nodes/r_5b1357a9c6/cards/t_eaa841/raw_yeartables.md,1888,### file: HT_haiti_caribbean 3.md (43 rows),30000000|60000000|90000000,"28. **1838** 【锚】法海两项条约把赔款减至60,000,000法郎（另一表述为总额降至90,000,000，**本卡推断二者可调和**：已付约30,000,000＋余额60,000,000）。",仅候选：可能单位换算、概括、纠错或真正遗漏；不能以字符串未命中判漏
nodes/r_5b1357a9c6/cards/t_eaa841/raw_yeartables.md,1890,### file: HT_haiti_caribbean 3.md (43 rows),1007624|43.4,"30. **1841／1844** 【锚】古巴人口1,007,624，奴隶占比达峰值43.4%；1844年多米尼加脱离海地独立。",仅候选：可能单位换算、概括、纠错或真正遗漏；不能以字符串未命中判漏
nodes/r_5b1357a9c6/cards/t_eaa841/raw_yeartables.md,1903,### file: HT_haiti_caribbean.md (43 rows),108137|26500,"- 1818年收入超支出约**50万元**；1822年（并吞东部后）**全岛收入比1816年仅辖一区时还少26,500元**，赤字108,137元；",仅候选：可能单位换算、概括、纠错或真正遗漏；不能以字符串未命中判漏
nodes/r_5b1357a9c6/cards/t_eaa841/raw_yeartables.md,1906,### file: HT_haiti_caribbean.md (43 rows),1100000|1375000,"- 1826年运出**1,100,000西班牙金银元**（对海地币升水25%以上，折1,375,000海地元）另加数船咖啡；",仅候选：可能单位换算、概括、纠错或真正遗漏；不能以字符串未命中判漏
nodes/r_5b1357a9c6/cards/t_eaa841/raw_yeartables.md,1929,### file: HT_haiti_caribbean.md (43 rows),665000|666737|775000,"25. **1826–1834** 【锚】英属加勒比奴隶人口775,000（1807）→665,000（1834）；1834补偿分类总计666,737人。1833法第LXIV条排除锡兰与圣赫勒拿，开普／毛里求斯延期（上一轮 B6 卡已核，路径见协调台账）。",仅候选：可能单位换算、概括、纠错或真正遗漏；不能以字符串未命中判漏
nodes/r_5b1357a9c6/cards/t_eaa841/raw_yeartables.md,1932,### file: HT_haiti_caribbean.md (43 rows),30000000|60000000|90000000,"28. **1838** 【锚】法海两项条约把赔款减至60,000,000法郎（另一表述为总额降至90,000,000，**本卡推断二者可调和**：已付约30,000,000＋余额60,000,000）。",仅候选：可能单位换算、概括、纠错或真正遗漏；不能以字符串未命中判漏
nodes/r_5b1357a9c6/cards/t_eaa841/raw_yeartables.md,1934,### file: HT_haiti_caribbean.md (43 rows),1007624|43.4,"30. **1841／1844** 【锚】古巴人口1,007,624，奴隶占比达峰值43.4%；1844年多米尼加脱离海地独立。",仅候选：可能单位换算、概括、纠错或真正遗漏；不能以字符串未命中判漏
nodes/r_5b1357a9c6/cards/t_eaa841/raw_yeartables.md,1962,### file: MX_new_spain_cuba.md (34 rows),2316|29408015,"9. **1808-11 至 1811-02** ｜〔锚〕西属美洲对加的斯官方汇款 29,408,015 pesos，其中墨西哥（含与哈瓦那合列项）约 2,316 万（Canga Argüelles 表，Marichal 表 7.4）。｜**A**：这笔钱的一部分（1/4–1/2）会改流向法国（中）；**C**：全部留在美洲（中高）。",仅候选：可能单位换算、概括、纠错或真正遗漏；不能以字符串未命中判漏
nodes/r_5b1357a9c6/cards/t_eaa841/raw_yeartables.md,1967,### file: MX_new_spain_cuba.md (34 rows),119.4|98.3,14. **1810–11** ｜〔锚〕墨西哥城商人行会 1810 年借出 98.3 万有息＋250 万无息、1811 年 119.4 万无息，**1810–11 两年借款全未偿还**（Marichal 表 8.1）。｜**三情形同向**：商人信用一旦被违约摧毁即不可恢复（高）。,仅候选：可能单位换算、概括、纠错或真正遗漏；不能以字符串未命中判漏
nodes/r_5b1357a9c6/cards/t_eaa841/raw_yeartables.md,1990,### file: SA_south_america.md (32 rows),7744|9118,"| **B6a** | 1810 兼并＋封锁加严（S3 方向） | ①服从马德里的贸易禁令②地方自行开港③走私常态化 | **②③**：地方财政无法在禁令下发饷，必然开港 | 1807 年后禁令实测：4 百万 pesos 货入境、关税仅收 9.6 万而应收 150 万（`06e7744d9118.md` 行 56） | ""禁令只提高走私价格，不减少走私量"" | 高 |",仅候选：可能单位换算、概括、纠错或真正遗漏；不能以字符串未命中判漏
nodes/r_5b1357a9c6/cards/t_eaa841/raw_yeartables.md,2007,### file: SA_south_america.md (32 rows),7744|9118,"| 17 | 1809-09-30 | Moreno 代表""两万地产者""呈文，主张对英开放以救财政；自举法国在西班牙王位继承战争中取得对美自由贸易之先例 | 【锚点】`06e7744d9118.md` | 事实 |",仅候选：可能单位换算、概括、纠错或真正遗漏；不能以字符串未命中判漏
nodes/r_5b1357a9c6/cards/t_eaa841/raw_yeartables.md,2024,### file: X1_finance_houses.md (58 rows),1300|3400,"- **1815–48 欧洲资本市场区间**：【演·中】详见 §16 的三情景数字带。核心数字：史实1815–48年欧洲主权与准主权年均新发行量本卡估**£1,500万–2,600万当量**（含英法主权、赔款、拉美、德意志诸邦与铁路早期），S2/S5 下为**£1,900万–3,400万**（法国公债市场化与大陆铁路提前，抵消拉美债市的缩小），S3 下为**£900万–1,700万**，S6 下为**£600万–1,300万**。长期利率：史实法国 rentes 1817–48 在**4.3%–9.1%**间（发行价55→87的隐含收益），S5 下本卡估**4.0%–6.5%**（无战败与占领溢价，但有""三分之一规则""的历史阴影溢价 50–150bp）。",仅候选：可能单位换算、概括、纠错或真正遗漏；不能以字符串未命中判漏
nodes/r_5b1357a9c6/cards/t_eaa841/raw_yeartables.md,2026,### file: X1_finance_houses.md (58 rows),100.235|7506956|858,"| 汉堡银行 | 1813-11 | 库存白银 **7,506,956 Mark Banco 4 sch.**；储户债权 **7,489,343 Mk 12½ sch.**（准备率 **100.235%**） | Gartenlaube 1875, S.858（Wikisource 校对本，本卡亲读） |",仅候选：可能单位换算、概括、纠错或真正遗漏；不能以字符串未命中判漏
nodes/r_5b1357a9c6/cards/t_eaa841/raw_yeartables.md,2030,### file: X1_finance_houses.md (58 rows),156056|5200,"| 1 | 1803 | 全 | Hope＋Baring 以**＄11.25m 美国6%债券对法支付5,200万法郎**、首月600万、此后每月200万，完成路易斯安那融资；英国首相事后获悉仍表示赞同 | Ziegler @156056 | 高（史实） |",仅候选：可能单位换算、概括、纠错或真正遗漏；不能以字符串未命中判漏
nodes/r_5b1357a9c6/cards/t_eaa841/raw_yeartables.md,2036,### file: X1_finance_houses.md (58 rows),329|3679835,"| 7 | 1806–07 | 全 | **英国以「净额判断」放行有限白银**：可接受上限500万–1,000万比索；'Diana' 号为法国国库运回3,679,835比索 | Buist 印页324、329 | 高（史实） |",仅候选：可能单位换算、概括、纠错或真正遗漏；不能以字符串未命中判漏
nodes/r_5b1357a9c6/cards/t_eaa841/raw_yeartables.md,2040,### file: X1_finance_houses.md (58 rows),198954|234,| 11 | 1810-10 | S0/S3/S6 | **法兰克福234家被抄、Bethmann 罚逾36万法郎、Mayer Amschel 被焚货10万古尔登** | Ferguson @198954 | 高（史实） |,仅候选：可能单位换算、概括、纠错或真正遗漏；不能以字符串未命中判漏
nodes/r_5b1357a9c6/cards/t_eaa841/raw_yeartables.md,2043,### file: X1_finance_houses.md (58 rows),7506956|858,"| 14 | 1813-06 | S0 | 拿破仑对汉堡课**4,800万法郎**罚金；11-04 达武封银行，至1814-04-17 取走**7,506,956 Mark Banco** | Gartenlaube S.858 | 高（史实） |",仅候选：可能单位换算、概括、纠错或真正遗漏；不能以字符串未命中判漏
nodes/r_5b1357a9c6/cards/t_eaa841/raw_yeartables.md,2044,### file: X1_finance_houses.md (58 rows),743627|749232,| 15 | 1813 | S0 | **「联邦纸」方案**：总额不超£500万，英／俄／普按3/6:2/6:1/6 共同赎回，英国赎回上限£250万；另定当年现金补贴£200万（俄2/3、普1/3） | Sherwig @743627、@749232 | 高（史实） |,仅候选：可能单位换算、概括、纠错或真正遗漏；不能以字符串未命中判漏
nodes/r_5b1357a9c6/cards/t_eaa841/raw_yeartables.md,2046,### file: X1_finance_houses.md (58 rows),323129|4200|9789778,"| 17 | 1814–15 | S0 | 1811–15年英对盟国付**约£4,200万**；1815年 Herries 与 Nathan 账目**£9,789,778**；峰值月补贴£100万 | Ferguson @949、@323129 | 高（史实） |",仅候选：可能单位换算、概括、纠错或真正遗漏；不能以字符串未命中判漏
nodes/r_5b1357a9c6/cards/t_eaa841/raw_yeartables.md,2048,### file: X1_finance_houses.md (58 rows),182000|194041|71,| 19 | 1816–18 | S0 | 法国赔款贷款：1817年**3.15亿法郎**（100/100/115，价55/55/61½）；1818-05-30 **2.65亿**（抬价至76）；9月跌至71，靠 Aix 会议三大外相亲自持债而修约 | Ziegler @182000、@194041 | 高（史实） |,仅候选：可能单位换算、概括、纠错或真正遗漏；不能以字符串未命中判漏
nodes/r_5b1357a9c6/cards/t_eaa841/raw_yeartables.md,2057,### file: X1_finance_houses.md (58 rows),1404|1408,| 28 | 1825 | S0 | Nathan 向英方出示账目证明身家**£250万**，并向英格兰银行输送巴黎金币解危 | Ferguson @1404–1408 | 高（史实） |,仅候选：可能单位换算、概括、纠错或真正遗漏；不能以字符串未命中判漏
nodes/r_5b1357a9c6/cards/t_eaa841/raw_yeartables.md,2062,### file: X1_finance_houses.md (58 rows),342729|54000,"| 33 | 1841–47 | S0 | 巴黎主权债承销已为罗斯柴尔德几乎独占：1841年 Hottinguer 只能接四分之一、Barings 仅得54,000法郎 rentes；1847年罗斯柴尔德独家但几乎卖不掉 | Ziegler @342729 | 高（史实） |",仅候选：可能单位换算、概括、纠错或真正遗漏；不能以字符串未命中判漏
nodes/r_5b1357a9c6/cards/t_eaa841/raw_yeartables.md,2076,### file: X1_finance_houses.md (58 rows),1478541|776650,"| 1836（Nathan 死） | 五家合计**略逾£600万**；Nathan 份额£1,478,541 | £776,650 | 7.7× |",仅候选：可能单位换算、概括、纠错或真正遗漏；不能以字符串未命中判漏
nodes/r_5b1357a9c6/cards/t_eaa841/raw_yeartables.md,2077,### file: X1_finance_houses.md (58 rows),1027|1264|408,| **规模上界** | 1825 £408万；1836 £600万 | **1836当量 £130–220万**（若 F2 不做）；**£400–700万**（若 F1＋F2 做） | 下界推导：1818年£177万中绝大部分来自1814–15英国补贴与1815–17英国公债投机（Ferguson @1027、@1264），二者在法胜世界均不存在；上界推导：若法国出现可与英国比肩的主权债市，则巴黎行的业务量可超史实伦敦行 |,仅候选：可能单位换算、概括、纠错或真正遗漏；不能以字符串未命中判漏
nodes/r_5b1357a9c6/cards/t_eaa841/raw_yeartables.md,2106,### file: X2_continental_system_machine.md (60 rows),50000000|8000000,"| **黑尔戈兰** | 1808年英国花 **£500,000** 在这个约150英亩的小岛上修港、筑垒、建仓；约 **200名**英商与商号代表迁入并组成专门商会，人称""Little London""；1808年8–11月三个半月内**近120艘船**卸货；英商自估年进口 **£8,000,000**≈1808年英国出口总额(£50,000,000)的近六分之一——**Heckscher明说""almost certainly too high""** | Heckscher Part III ch.II（econlib全文对照；本地PDF印pp.178–179）|",仅候选：可能单位换算、概括、纠错或真正遗漏；不能以字符串未命中判漏
nodes/r_5b1357a9c6/cards/t_eaa841/raw_yeartables.md,2107,### file: X2_continental_system_machine.md (60 rows),14500000|2900000|4500000,"| **哥德堡** | 1810-09 总督 von Rosen 记锚地 **19艘英国军舰＋1,124艘商船**，""such an appearance as it had never had since the Creation""；某日东风转向""several hundred vessels sailed away at the same time""。进口1807→1809翻两番，1810再增至五倍。**1810年原糖出口14,500,000磅（约为上年两倍）、咖啡4,500,000磅**（1808年为2,900,000磅与1,300,000磅）。11月给 von Rosen 的训令：对挂美旗等可接受旗的瑞典臣民货船，""His Majesty does not require you to recur to extremities of diligence, but on the contrary to **suppress facts and facilitate traffic**"" | Heckscher 印p.236；1808数据见Part III ch.II |",仅候选：可能单位换算、概括、纠错或真正遗漏；不能以字符串未命中判漏
nodes/r_5b1357a9c6/cards/t_eaa841/raw_yeartables.md,2120,### file: X2_continental_system_machine.md (60 rows),105.9|42.5,| 8 | 1810–11 | S0 | 拍卖现金≈150百万；荷尔斯泰42.5百万；法兰克福9百万；特里亚农至1811年底关税105.9百万——**全部为存量清算** | 【A＋【M】 |,仅候选：可能单位换算、概括、纠错或真正遗漏；不能以字符串未命中判漏
nodes/r_5b1357a9c6/cards/t_eaa841/raw_yeartables.md,2139,### file: X2_continental_system_machine.md (60 rows),13000|19200,"| 27 | 1812–20 | S6 | 若继续并到奥德河—易北河线，则须守线由约10,000公里增至**13,000–15,000公里**；按帝国均密度（2.37–3.84人/公里）需加**7,100–19,200名**边境旅，年增纯工资**3.6–9.6百万**，含间接费（×1.6～2.2）**5.7–21.1百万** | 【P·MODEL·中】 |",仅候选：可能单位换算、概括、纠错或真正遗漏；不能以字符串未命中判漏
nodes/r_5b1357a9c6/cards/t_eaa841/raw_yeartables.md,2179,### file: X3_technology_industry.md (31 rows),490|590,"| 30 | 1848 | S5终点盘点：帝国（含比-莱茵）铁路2,500–5,000km（中心3,500）；生铁700–900k吨（法430–590史实带+比160–250史实带+加速项）；蒸汽10–15万hp（法65k史实+比+加速项）；棉锭600–900万（帝国口径）；英国仍持发明前沿（铁路~10,000km、生铁~2M吨、棉锭~20M、蒸汽~490k hp） | §⑮与notes_railways §12–13 | 推M |",仅候选：可能单位换算、概括、纠错或真正遗漏；不能以字符串未命中判漏
nodes/r_5b1357a9c6/cards/t_eaa841/raw_yeartables.md,2190,### file: X4_ideas_nationalism_movements.md (47 rows),559|604,| 蒂罗尔起义武装 | 1809 | 数万（对法-巴联军多次野战获胜） | Grab L559-604（未给总数；【权重记忆：2–4万峰值】） |,仅候选：可能单位换算、概括、纠错或真正遗漏；不能以字符串未命中判漏
nodes/r_5b1357a9c6/cards/t_eaa841/raw_yeartables.md,2192,### file: X4_ideas_nationalism_movements.md (47 rows),0165|641153,"| Peterloo集会 | 1819-08-16 | ≈60,000人；骑兵清场，死11–18【死数权重记忆：Poole 2019定15–18】 | `pages/0165ca641153.md`（TNA） |",仅候选：可能单位换算、概括、纠错或真正遗漏；不能以字符串未命中判漏
nodes/r_5b1357a9c6/cards/t_eaa841/raw_yeartables.md,2293,### file: D2_annexed_outer.md (12 rows),1810.7|66.5,| 荷兰 | 1810.7 | ~200万 | 80+revolts的67%；1811/1813两轮征兵起义 | 缺面板；征兵=35%骚乱动因 | 预期毛66.5m；tiercement 78→26m |,仅候选：可能单位换算、概括、纠错或真正遗漏；不能以字符串未命中判漏
nodes/r_5b1357a9c6/cards/t_eaa841/raw_yeartables.md,2294,### file: D2_annexed_outer.md (12 rows),1810.12|38.8,"| 汉萨三省 | 1810.12 | ~130万 | 两年顺从假象→1813-02总爆发 | ""desertion extensive"" | 预期毛38.8m；1813罚金48m=1.3倍年目标 |",仅候选：可能单位换算、概括、纠错或真正遗漏；不能以字符串未命中判漏
nodes/r_5b1357a9c6/cards/t_eaa841/raw_yeartables.md,2296,### file: D2_annexed_outer.md (12 rows),1810.2|1812.1,| 加泰罗尼亚 | 1810.2/1812.1 | ~90万 | 连续公开战争（先于并合） | 0（未敢实施） | 敕令Art.VI以省养军；Gaudin清单缺席=0 |,仅候选：可能单位换算、概括、纠错或真正遗漏；不能以字符串未命中判漏
nodes/r_5b1357a9c6/cards/t_ec2248/P5_continental_economy_1815_1848.md,4,# P5 · 大陆经济秩序推演 1815–1848：产业地理、货币、基建与阶级分配,417|684,依赖卡（均已验收）：X2 t_6f3beb（大陆体系执行机器）、X3 t_86b684（科技工业）、E1 t_02f417（生态人口资源）、B5 t_87ba37（英国工业贸易劳工）、F4 t_9f10b6（法国财政银行）,仅候选：可能单位换算、概括、纠错或真正遗漏；不能以字符串未命中判漏
nodes/r_5b1357a9c6/cards/t_ec2248/P5_continental_economy_1815_1848.md,16,## §0 判决先行,12251|143.4|156.7|281.3|56.2|58.0|71|74.6,1. **法国霸权的商业价值可以精确称量。** Ellis 1981 附录 I（源 A.N. F12 251）显示，1810 年法国出口的 **74.6%** 流向体系内大陆市场（德意志诸邦 143.4m＋意大利王国 51.6m＋其他意邦 20.5m＋瑞士 21.2m＋荷兰 44.6m＝281.3m，分母为附录 G 同年出口总额 377m）；1806 年为 58.0%。而 1817 年——波旁复辟、体系解体、和平恢复——这一比重跌到 **33.8%**（156.7/464m）。仅德意志诸邦一项由 1810 年的 143.4m 跌至 1817 年的 56.2m（**−61%**），意大利王国由 51.6m 跌至 15.1m（**−71%**）。,仅候选：可能单位换算、概括、纠错或真正遗漏；不能以字符串未命中判漏
nodes/r_5b1357a9c6/cards/t_ec2248/P5_continental_economy_1815_1848.md,21,## §0 判决先行,182005221|1820102409|46.37,"3. **法国产业的积累能力有一个来自同时代官方账的硬上限。** Chaptal 1819 年《De l'industrie françoise》给出制造业毛产值 **1,820,102,409 法郎**的完整分解：本国原料 416m＋**进口原料 186m**＋工资 844m＋一般费用（工具损耗、修理、能源、建设与机器初投资利息）192m＋**厂主利润 182,005,221**。即**利润份额恰为 10.00%，固定资本消耗＋利息仅 10.55%，工资 46.37%，进口原料 10.22%**。以马克思式口径粗算 s/v≈21.6%、s/(c+v)≈11.1%、c/v≈0.94。",仅候选：可能单位换算、概括、纠错或真正遗漏；不能以字符串未命中判漏
nodes/r_5b1357a9c6/cards/t_ec2248/P5_continental_economy_1815_1848.md,25,## §0 判决先行,1311|1540,"   - S0（史实）＝**1.17**（大陆 1,540 vs 英国 1,311，指数×千人/1000）",仅候选：可能单位换算、概括、纠错或真正遗漏；不能以字符串未命中判漏
nodes/r_5b1357a9c6/cards/t_ec2248/P5_continental_economy_1815_1848.md,66,### 2.1 法国对外贸易官方值 1787–1824（Ellis 1981 附录 G，印 pp.285–286＝PDF 305–306，本卡亲读页图文字层）,12251|98.0,"| **1806（下行·A.N. F12 251，标 ""Yr. XIV—1806""）** | **532** | **465** | **997** | 98.0% |",仅候选：可能单位换算、概括、纠错或真正遗漏；不能以字符串未命中判漏
nodes/r_5b1357a9c6/cards/t_ec2248/P5_continental_economy_1815_1848.md,68,### 2.1 法国对外贸易官方值 1787–1824（Ellis 1981 附录 G，印 pp.285–286＝PDF 305–306，本卡亲读页图文字层）,12251|74.9,| **1810（下行·A.N. F12 251）** | **385** | **377** | **762** | 74.9% |,仅候选：可能单位换算、概括、纠错或真正遗漏；不能以字符串未命中判漏
nodes/r_5b1357a9c6/cards/t_ec2248/P5_continental_economy_1815_1848.md,70,### 2.1 法国对外贸易官方值 1787–1824（Ellis 1981 附录 G，印 pp.285–286＝PDF 305–306，本卡亲读页图文字层）,12251|451,> **两套口径的使用规则（应 P8 t_8a7b54 质询补记，见 `notes_postsubmission_declarations.md` 声明1）**：本表上行＝1838 年《Statistique générale》系（经 Vogel i.451、Levasseur ii.100）；下行＝**A.N. F12 251 部务表**（经 Heils 1958 p.209）。**附录 I 的源正是 A.N. F12 251（pièces 125–8…），故 §2.2 与 §0 的份额分母一律取下行（465／377）**；1813（354）与 1817（464）只有一套。上下两套差 0.3–8.2%（出口栏），属**编制口径差异而非期间长短差异**（若为期间差，1806 下行应比上行高约 28% 而非 2.2%），**故不得对 1806 行做年化折算**。,仅候选：可能单位换算、概括、纠错或真正遗漏；不能以字符串未命中判漏
nodes/r_5b1357a9c6/cards/t_ec2248/P5_continental_economy_1815_1848.md,89,### 2.2 法国出口目的地 1806–1817（Ellis 1981 附录 I，印 pp.288–289；源 A.N. F12 251 逐件 pièces 125–8…226–9）,126.1|269.9|40.1|45.9|56.5|58.0|65.3,| 1806 | 126.1 | 40.1 | 20.5 | 26.7 | 56.5 | **269.9** | **58.0%** | 65.3 | 45.9 | — |,仅候选：可能单位换算、概括、纠错或真正遗漏；不能以字符串未命中判漏
nodes/r_5b1357a9c6/cards/t_ec2248/P5_continental_economy_1815_1848.md,90,### 2.2 法国出口目的地 1806–1817（Ellis 1981 附录 I，印 pp.288–289；源 A.N. F12 251 逐件 pièces 125–8…226–9）,143.4|281.3|38.3|74.6,| 1810 | 143.4 | 51.6 | 20.5 | 21.2 | 44.6 | **281.3** | **74.6%** | 38.3 | 4.4 | 38.9 |,仅候选：可能单位换算、概括、纠错或真正遗漏；不能以字符串未命中判漏
nodes/r_5b1357a9c6/cards/t_ec2248/P5_continental_economy_1815_1848.md,91,### 2.2 法国出口目的地 1806–1817（Ellis 1981 附录 I，印 pp.288–289；源 A.N. F12 251 逐件 pièces 125–8…226–9）,114.6|159.5|31.6|45.1|47.9|72.5,| 1813 | 72.5 | 47.9 | 16.3 | 22.8 | 0（并入汉萨） | **159.5** | **45.1%** | 22.2 | 31.6 | **114.6** |,仅候选：可能单位换算、概括、纠错或真正遗漏；不能以字符串未命中判漏
nodes/r_5b1357a9c6/cards/t_ec2248/P5_continental_economy_1815_1848.md,92,### 2.2 法国出口目的地 1806–1817（Ellis 1981 附录 I，印 pp.288–289；源 A.N. F12 251 逐件 pièces 125–8…226–9）,156.7|41.8|50.1|56.2,| 1817 | 56.2 | 15.1 | 18.0 | 19.2 | 48.3 | **156.7** | **33.8%** | 50.1 | 41.8 | 41.6 |,仅候选：可能单位换算、概括、纠错或真正遗漏；不能以字符串未命中判漏
nodes/r_5b1357a9c6/cards/t_ec2248/P5_continental_economy_1815_1848.md,98,### 2.2 法国出口目的地 1806–1817（Ellis 1981 附录 I，印 pp.288–289；源 A.N. F12 251 逐件 pièces 125–8…226–9）,33.2|54.3|61.8|65.3|65.6,4. **入侵西班牙的即时商业代价**：1806–07 年 65.3/65.6m → 1808 年 33.2m（腰斩）→ 1813 年 22.2m；1814–16 年波旁复位后回到 61.8/54.3/56.6m。**B4b（保留波旁＋联姻）的经济价值由此获得独立于 SP1 政治论证的数量证据：一年约三千万法郎官方值，持续六年。**,仅候选：可能单位换算、概括、纠错或真正遗漏；不能以字符串未命中判漏
nodes/r_5b1357a9c6/cards/t_ec2248/P5_continental_economy_1815_1848.md,126,### 2.4 人均工业化水平与人均 GDP（Bairoch 1982 表 9；Maddison Project 2020）,1572|2276|2358|2611|2665|2944|3006|3779,"Maddison 2020 人均 GDP（2011 年国际元）1820→1850：法国 1,809→2,546（CAGR **1.15%**）；英国 3,306→4,332（CAGR **0.91%**）；意大利 2,665→2,611（**−0.07%**）；荷兰 3,006→3,779；德意志 1,572→2,276（1.24%）；西班牙 1,600→1,706（0.21%）；比利时 2,358→2,944（0.74%）。",仅候选：可能单位换算、概括、纠错或真正遗漏；不能以字符串未命中判漏
nodes/r_5b1357a9c6/cards/t_ec2248/P5_continental_economy_1815_1848.md,127,### 2.4 人均工业化水平与人均 GDP（Bairoch 1982 表 9；Maddison Project 2020）,31.3|36.4,"**【锚点读数·中】史实 1820–1850 年法国的人均 GDP 增速高于英国**（1.15% vs 0.91%），因为英国人口增速远高（21.2→27.2m vs 31.3→36.4m）。**""英国领先""在 1815–48 是工业结构与总量的领先，不是人均增速的领先。**这一点对本卡至关重要：**S5 若使法国的人口增长被移民与更早的粮食贸易改变，人均与总量的排序会分岔**，故本卡的一切增长陈述都指明是""人均工业化指数""还是""工业总量""。",仅候选：可能单位换算、概括、纠错或真正遗漏；不能以字符串未命中判漏
nodes/r_5b1357a9c6/cards/t_ec2248/P5_continental_economy_1815_1848.md,150,### 3.2 波罗的海谷物：法国买不到它想要的粮，也断不了英国的粮,171708|188259|254094|36718|78248,"【锚点·E1】敖德萨单港小麦出口（公吨）：1812＝36,718／1815＝171,708／1816＝188,259／1830＝78,248／1848＝254,094（1816 为""无夏之年""危机峰值，1812 为俄土战争末年；E1 要求引用时带条件：**俄港粮≠法国可购粮，须俄国意愿＋海峡＋航运三重条件**）。",仅候选：可能单位换算、概括、纠错或真正遗漏；不能以字符串未命中判漏
nodes/r_5b1357a9c6/cards/t_ec2248/P5_continental_economy_1815_1848.md,174,## §4 产业地理：五个区块的分别推演,230|232,"| **德意志诸邦** | 贝格出口 6,000万→1,100万；萨克森为体系最大工业赢家（Heckscher pp.230–232／302–306，Bacher 官方否定对萨关税延伸）；Keller–Shiue 2014：关税同盟使城市对小麦价差 −5.5% | **12.0–15.0**（史实 12.6）＝**95–119%** | 下界＝分层准入延续；上界＝X2 的 B 分支（有限关税同盟）实现 |",仅候选：可能单位换算、概括、纠错或真正遗漏；不能以字符串未命中判漏
nodes/r_5b1357a9c6/cards/t_ec2248/P5_continental_economy_1815_1848.md,191,## §5 替代工业：三个配方、三种命运，一条可证伪的规律,1100000|3500000|7000000,"| **甜菜糖** | 先令种 32,000、后 100,000 公顷（后项未实现）；Montalivet 1813-02 向立法团**展望** 7,000,000 livres≈3,500,000 kg、334 家厂；**同年后期致皇帝报告实产仅 1,100,000 kg、334 张执照中仅 158 张实际使用**（H pp.292–293） | **展望 vs 实产**——本项目已由 X3 警报、Last Order 原文核实并更正 HT 卡 | 帝国崩溃后无一厂存活；两年后新开两厂；1820 年代末在高殖民糖关税下复活 |",仅候选：可能单位换算、概括、纠错或真正遗漏；不能以字符串未命中判漏
nodes/r_5b1357a9c6/cards/t_ec2248/P5_continental_economy_1815_1848.md,231,"### 6.3 本卡的独有推论：法郎区在 1815–48 实际上是一个""白银区""，因此它的命运绑在马德里",20500|36063272,"【锚点·本人 MX 卡】1798 年新西班牙铸币 2,400 万 pesos＝全美洲 67%；Torrente 表载革命前美洲贵金属年产合计 36,063,272 pesos（墨 22.17m／秘 5.32m／智 1.74m／拉普拉塔 4.2–4.9m／新格拉纳达 2.6m）；年产 250 万 marcs 需汞 17,000–25,000 quintales，阿尔马登峰值 18,000–20,500；1810 年后墨西哥矿业崩落。",仅候选：可能单位换算、概括、纠错或真正遗漏；不能以字符串未命中判漏
nodes/r_5b1357a9c6/cards/t_ec2248/P5_continental_economy_1815_1848.md,234,"### 6.3 本卡的独有推论：法郎区在 1815–48 实际上是一个""白银区""，因此它的命运绑在马德里",234|7506956,"- 史实式废立＋美洲独立 → 1820–40 年代欧洲白银短缺与史实同构或更糟，因为法国同时排除英国的印度—中国白银三角与汉堡银汇市场（X1 已证法国 1810–13 亲手摧毁后者：1810-10 法兰克福 234 家被抄、1813 汉堡罚 4,800 万并搬空银行 7,506,956 Mark Banco）。",仅候选：可能单位换算、概括、纠错或真正遗漏；不能以字符串未命中判漏
nodes/r_5b1357a9c6/cards/t_ec2248/P5_continental_economy_1815_1848.md,273,### 7.2 斯海尔德河与安特卫普：史实里被锁了四十八年的港口,17141640|22759,"【锚点】**1839-04-19 比荷条约第 9 条第 3 款**为尼德兰在斯海尔德河及其河口设航行税；直到 **1863-05-12** 才由比利时以 **17,141,640 荷兰盾**一次性赎买（1863-07-20 二十国一般条约分摊，英国承担最大一份），同时取消比利时港口吨税、斯海尔德引水费降 20/25/30%、安特卫普市地方税全面下调（*London Gazette* 1863-08-04 第 22759 号 p.3900 条约全文）。",仅候选：可能单位换算、概括、纠错或真正遗漏；不能以字符串未命中判漏
nodes/r_5b1357a9c6/cards/t_ec2248/P5_continental_economy_1815_1848.md,293,### 7.4 铁路：谁来建、用谁的钱,250000|495,"1. **国家出下部工程在 S5 里比史实更可行**（无议会预算否决点），但**铁路资本与海军扩建竞争同一笔钱**：F4 的 S5 高收入盟约案给陆海联合 495m（陆 300＋海 195 闭合），而 F3 的 1830 年高档需 220–260m/年。按 1840 年代法国造价量级 **250,000–400,000 法郎/km**（史实巴黎—奥尔良、巴黎—鲁昂量级；**本卡未取逐线决算，标为量级假设**），3,500 km 需 8.75–14 亿法郎分十五年＝**年 5,800 万–9,300 万法郎**——恰在 F4""中心案""可腾挪与不可腾挪的边界上。",仅候选：可能单位换算、概括、纠错或真正遗漏；不能以字符串未命中判漏
nodes/r_5b1357a9c6/cards/t_ec2248/P5_continental_economy_1815_1848.md,339,### 8.3 贡赋→税收：一次阶级转移，四条红线,2473|4035,"**S5 秩序的阶级基础（本卡裁量·中高）**：显贵得到低直接税与产权安全；农民得到无封建义务但承担征兵与间接税；工业资产阶级得到保护性关税租金；军队得到缩编后的职位与赠产（F4：赠产 1810 初年收入 >1,800 万、4,035 人；1814 登记≈2,473 万）。**这个联盟在和平期可以运转，其断裂点是继承时刻**（F5：1814 年证明精英对波拿巴王朝本身忠诚≈0；加权无条件存续至 1848 约 40–55%，""行政国家存续而王朝更替""形态 ≥70%）。",仅候选：可能单位换算、概括、纠错或真正遗漏；不能以字符串未命中判漏
nodes/r_5b1357a9c6/cards/t_ec2248/P5_continental_economy_1815_1848.md,370,### 9.2 1848 年工业总量（人均指数×人口）与英国之比,1311|1540,"| S0 | 1,540 | 100% | 1,311 | 100% | **1.17** |",仅候选：可能单位换算、概括、纠错或真正遗漏；不能以字符串未命中判漏
nodes/r_5b1357a9c6/cards/t_ec2248/P5_continental_economy_1815_1848.md,371,### 9.2 1848 年工业总量（人均指数×人口）与英国之比,1036|1311|2192,"| S2 | 1,608–2,192 | 104–142% | 1,036–1,311 | 79–100% | **1.55–1.67** |",仅候选：可能单位换算、概括、纠错或真正遗漏；不能以字符串未命中判漏
nodes/r_5b1357a9c6/cards/t_ec2248/P5_continental_economy_1815_1848.md,372,### 9.2 1848 年工业总量（人均指数×人口）与英国之比,1036|1233|1646,"| S3 | 1,233–1,646 | **80–107%** | 708–1,036 | 54–79% | **1.59–1.74** |",仅候选：可能单位换算、概括、纠错或真正遗漏；不能以字符串未命中判漏
nodes/r_5b1357a9c6/cards/t_ec2248/P5_continental_economy_1815_1848.md,373,### 9.2 1848 年工业总量（人均指数×人口）与英国之比,1154|1429|1586|2156,"| S5 | 1,586–2,156 | 103–140% | 1,154–1,429 | 88–109% | **1.37–1.51** |",仅候选：可能单位换算、概括、纠错或真正遗漏；不能以字符串未命中判漏
nodes/r_5b1357a9c6/cards/t_ec2248/P5_continental_economy_1815_1848.md,374,### 9.2 1848 年工业总量（人均指数×人口）与英国之比,1249|1311|1598,"| S6 | 1,249–1,598 | 81–104% | 984–1,311 | 75–100% | **1.22–1.27** |",仅候选：可能单位换算、概括、纠错或真正遗漏；不能以字符串未命中判漏
nodes/r_5b1357a9c6/cards/t_ec2248/P5_continental_economy_1815_1848.md,498,### 12.3 改判证据（≥2，本卡列 7 条）,12251|74.6,"| **E1** | **A.N. F12 251 逐件原表**（Ellis 附录 G/I 的底本）显示目的地分类口径在 1814 年前后变更 | §2.2 的""1810 年 74.6%→1817 年 33.8%""崩塌，§0 第 1 条的""一亿二千万法郎/年""须重算 |",仅候选：可能单位换算、概括、纠错或真正遗漏；不能以字符串未命中判漏
nodes/r_5b1357a9c6/cards/t_ec2248/P5_continental_economy_1815_1848.md,527,## §14 交给其他卡的硬接口,45.1|58.0|74.6,| **贸易依赖度** | 法国出口对体系内大陆市场的依赖：1806 年 58.0%、1810 年 74.6%、1813 年 45.1%、1817 年 33.8%（Ellis 附录 G/I，`P5_trade.csv`） | P6（法国为何必须保有欧洲）、P7 年表、P8、SP1（入侵西班牙的商业代价）、PR（消灭普鲁士＝消灭客户） |,仅候选：可能单位换算、概括、纠错或真正遗漏；不能以字符串未命中判漏
nodes/r_5b1357a9c6/cards/t_ec2248/P5_continental_economy_1815_1848.md,528,## §14 交给其他卡的硬接口,182.0|1820.1|46.37|602,"| **Chaptal 分解** | 法国制造业毛产值 1,820.1m＝原料 602m（其中进口 186m＝10.22%）＋工资 844m（46.37%）＋一般费用 192m＋利润 182.0m（**10.00%**）；s/v≈21.6%、s/(c+v)≈11.1% | F4（抽取强度分母）、X3（载体型技术的财务解释）、X1（无股权融资）、P2 |",仅候选：可能单位换算、概括、纠错或真正遗漏；不能以字符串未命中判漏
nodes/r_5b1357a9c6/cards/t_ec2248/notes_agrarian_fiscal.md,42,## 三、贡赋→税收转型（复用本人 F4 卡已验收结论，附本卡的分配读法）,105.9|307|42.5,【事实·X2（本人卡）】1810–11 并地式存量清算一次性池 ≈307m（105.9＋150＋42.5＋9），库存池 17–22 月耗尽，**不可作基线**。,仅候选：可能单位换算、概括、纠错或真正遗漏；不能以字符串未命中判漏
nodes/r_5b1357a9c6/cards/t_ec2248/notes_agrarian_fiscal.md,50,## 四、阶级结构的三个可量化事实（供正文分配表）,182005221|1820102409|794,"3. 【Chaptal 1819，本卡亲读，见 notes_chaptal.md】法国制造业毛产值 1,820,102,409 法郎的构成：本国原料 416m＋进口原料 186m＋**工资 844m**＋一般费用（工具损耗、修理、取暖照明、初始建设与机器资本利息）192m＋**厂主利润 182,005,221**。→ 利润仅占产值 **10.0%**、固定资本消耗＋利息仅 **10.5%**、工资占 **46.4%**。**这是一个低利润率、低固定资本、劳动密集的产业结构**；以马克思式口径粗算：c＝794m、v＝844m、s＝182m → **剩余价值率 s/v ≈ 21.6%、利润率 s/(c+v) ≈ 11.1%、资本有机构成 c/v ≈ 0.94**（口径警告：Chaptal 的""main d'œuvre""含手工业者自雇收入，非纯雇佣工资；""一般费用""把折旧与利息混列；故上述比率是**结构指示器不是马克思意义上的严格价值量**）。",仅候选：可能单位换算、概括、纠错或真正遗漏；不能以字符串未命中判漏
nodes/r_5b1357a9c6/cards/t_ec2248/notes_chaptal.md,25,## 二、份额与结构比率（本卡计算）,46.37|844.000,| 工资/手工（main d'œuvre） | 844.000 | 46.37% |,仅候选：可能单位换算、概括、纠错或真正遗漏；不能以字符串未命中判漏
nodes/r_5b1357a9c6/cards/t_ec2248/notes_chaptal.md,39,## 四、其他可用数字（同书）,2802081|47635377,"- 啤酒：1811–1817 纳税平均 2,802,081 hl/年，平均消费价 17 法郎/hl → 年商业额 47,635,377 法郎（作者自述因逃税偏低）。",仅候选：可能单位换算、概括、纠错或真正遗漏；不能以字符串未命中判漏
nodes/r_5b1357a9c6/cards/t_ec2248/notes_chaptal.md,40,## 四、其他可用数字（同书）,13750000|41250000|55000000,"- 蒸馏：全国年用于蒸馏的葡萄酒 550 万 hl → 至少 110 万 hl 烧酒，按 50 法郎/hl 计值 55,000,000 法郎；所用酒按 7.5 法郎/hl 计值 41,250,000 法郎；余 13,750,000 为蒸馏的费用与利润。",仅候选：可能单位换算、概括、纠错或真正遗漏；不能以字符串未命中判漏
nodes/r_5b1357a9c6/cards/t_ec2248/notes_chaptal.md,41,## 四、其他可用数字（同书）,110000|14630400|16497250|20447750|3950500|770000,"- 皮革：牛皮总值 16,497,250＋进口带毛皮 3,950,500 ＝ 20,447,750 法郎；小牛皮 14,630,400；马皮 110,000 张＝770,000 法郎。",仅候选：可能单位换算、概括、纠错或真正遗漏；不能以字符串未命中判漏
nodes/r_5b1357a9c6/cards/t_ec2248/notes_ellis_appendices.md,78,## 二、附录 I｜法国出口主要目的地 1805 年 9 月–1817 年（官方值，百万法郎；印 pp.288–289＝PDF 308–309）,126.13|249.4|40.06|45.92|56.55|65.31,"1. **1806 年法国最大单一出口市场不是殖民地也不是英国，而是莱茵邦联（126.13m）**，其次西班牙 65.31m、荷兰 56.55m、美国 45.92m、意大利王国 40.06m。以 1806 年法国出口总额 455–465m 计，**德意志诸邦独占 27–28%，德＋意＋瑞＋荷四块""体系内大陆市场""合计 249.4m＝出口总额的 54%**。",仅候选：可能单位换算、概括、纠错或真正遗漏；不能以字符串未命中判漏
nodes/r_5b1357a9c6/cards/t_ec2248/notes_ellis_appendices.md,79,## 二、附录 I｜法国出口主要目的地 1805 年 9 月–1817 年（官方值，百万法郎；印 pp.288–289＝PDF 308–309）,143.39|51.65|56.21|71,"2. **政治控制的可计量商业价值**：德意志诸邦 1810 年峰值 143.39m → 1817 年 56.21m（**−61%**）；意大利王国 51.65m(1810)→15.10m(1817)（**−71%**）。两项合计年损约 **124m 法郎官方值**。这是""法国霸权秩序＝法国出口的制度性需求""的最强单项证据。",仅候选：可能单位换算、概括、纠错或真正遗漏；不能以字符串未命中判漏
nodes/r_5b1357a9c6/cards/t_ec2248/notes_ellis_appendices.md,104,## 四、附录 D｜斯特拉斯堡河运贸易量 1809-01–1812-06（印 pp.281–282＝PDF 301–302，本卡亲读）,235841|87.8,"| 1810 | 207,050 | 28,791 | **235,841** | 87.8% | 23,584 |",仅候选：可能单位换算、概括、纠错或真正遗漏；不能以字符串未命中判漏
nodes/r_5b1357a9c6/cards/t_ec2248/notes_ellis_appendices.md,105,## 四、附录 D｜斯特拉斯堡河运贸易量 1809-01–1812-06（印 pp.281–282＝PDF 301–302，本卡亲读）,265570|81.6,"| 1811 | 216,654 | 48,916 | **265,570** | 81.6% | 26,557 |",仅候选：可能单位换算、概括、纠错或真正遗漏；不能以字符串未命中判漏
nodes/r_5b1357a9c6/cards/t_ec2248/notes_ellis_appendices.md,106,## 四、附录 D｜斯特拉斯堡河运贸易量 1809-01–1812-06（印 pp.281–282＝PDF 301–302，本卡亲读）,136703|85.6,"| 1812 上半年 | 117,085 | 19,618 | **136,703** | 85.6% | 13,670 |",仅候选：可能单位换算、概括、纠错或真正遗漏；不能以字符串未命中判漏
nodes/r_5b1357a9c6/cards/t_ec2248/notes_ellis_appendices.md,113,## 四、附录 D｜斯特拉斯堡河运贸易量 1809-01–1812-06（印 pp.281–282＝PDF 301–302，本卡亲读）,235.8|260.5|265.6,"3. **与 X2 的 Spaulding 序列对账（跨卡校准）**：X2 已录 Aaslestad&Joor 表 7.1–7.4（Spaulding）：莱茵上行通行税 **1811 年仅为 1807 年的 26%**，且下游−¾、中游−⅔、上游<−½。Ellis 附录 D 则显示 **1809–1811 总量持平**（260.5k→235.8k→265.6k）且上行量 1811 年反而最高（48,916）。**两者不矛盾，因为（a）崩落发生在 1807→1809，Ellis 的序列从已经落底的 1809 开始；（b）两者度量不同事物——Spaulding 量的是沿河各站的上行通行税收（且含过境贸易），Ellis 量的是斯堡一站的进出实物量**。总装时不得把两序列拼接或互相反驳。",仅候选：可能单位换算、概括、纠错或真正遗漏；不能以字符串未命中判漏
nodes/r_5b1357a9c6/cards/t_ec2248/notes_infrastructure.md,22,## 二、斯海尔德河与安特卫普：史实里被锁了 48 年的港口,1542720|17141640|22759|655,"- 【事实】1839-04-19 比荷条约第 9 条第 3 款为尼德兰在斯海尔德河及其河口**设立航行税**；该税直到 **1863-05-12** 才由比利时以 **17,141,640 荷兰盾**一次性资本化赎买（1863-07-20 二十国一般条约分摊，英国承担其中最大一份；法国份额约 1,542,720 法郎——分摊表的国别对齐在 OCR 中不完全可靠，本卡只冻结总额与""英国最大份""）。同时取消比利时港口吨税、斯海尔德引水费降 20/25/30%、安特卫普市地方税全面下调。来源：*London Gazette* 1863-08-04 第 22759 号 p.3900 条约全文（`https://www.thegazette.co.uk/London/issue/22759/page/3900/data.pdf`）；Avalon Project 美比条约系列 bel003/bel004/bel006；US Statutes at Large 13 p.655。",仅候选：可能单位换算、概括、纠错或真正遗漏；不能以字符串未命中判漏
nodes/r_5b1357a9c6/cards/t_ec2248/notes_infrastructure.md,46,## 四、铁路：谁来建、用谁的钱,250000|495,"1. **国家出下部工程**在 S5 里比史实更可行：F4 的 S5 过渡期算例给出陆海联合预算 495m 而无议会预算否决点；但 F4 同样证明""不能同时保峰值陆军＋全欧驻防＋大扩舰""——**铁路资本是与海军扩建直接竞争的同一笔钱**（F3 高档需 220–260m/年）。按 1840 年代法国造价粗估 250,000–400,000 法郎/km（史实巴黎—奥尔良、巴黎—鲁昂量级，本卡未取逐线决算，标为量级假设），3,500 km 需 8.75–14 亿法郎分 15 年＝**年 5,800 万–9,300 万法郎**，恰在 F4 ""中心案""可腾挪与不可腾挪的边界上。",仅候选：可能单位换算、概括、纠错或真正遗漏；不能以字符串未命中判漏
nodes/r_5b1357a9c6/cards/t_ec2248/notes_money.md,11,## 一、锚点：法郎 germinal 与 1:15.5（1803）,132644|446|7407,"- 【事实·复用】1806-03-21 法令把法国币制延伸至意大利王国，新里拉与法郎""stesse caratteristiche""：银币毛重 5 g、成色 900‰、100 分制、法定金银比 1:15.5；意大利银行年表另载**王国里拉在法国亦具法偿资格**。1811 年那不勒斯引入里拉与十进制时遭强烈抵制、波旁旧银币仍占流通优势。来源：上一轮 `nodes/r_b55f2c1cf5/cards/t_f81a6f/money_infrastructure.md` §一（转引意大利银行货币博物馆 `downloads/pages/adb47a132644.md`、年表 `ab7407c7b446.md`）。",仅候选：可能单位换算、概括、纠错或真正遗漏；不能以字符串未命中判漏
nodes/r_5b1357a9c6/cards/t_ec2248/notes_postsubmission_declarations.md,9,## 声明1｜Ellis 附录 G 两套口径与附录 I 的对应关系（应 P8 t_8a7b54／10042 质疑）（claim_type: fact）,58.0|74.6,**质疑内容**：§0／§2.2 用 1806 年出口 465m、1810 年 377m 作目的地份额的分母（得 58.0%／74.6%），而 §2.1 表格同年出口列为 455m／365m，两处不一致。,仅候选：可能单位换算、概括、纠错或真正遗漏；不能以字符串未命中判漏
nodes/r_5b1357a9c6/cards/t_ec2248/notes_postsubmission_declarations.md,21,## 声明1｜Ellis 附录 G 两套口径与附录 I 的对应关系（应 P8 t_8a7b54／10042 质疑）（claim_type: fact）,102.2|103.0,   - 对上行（455／365）＝**102.2%／103.0%**——子集大于全集，不可能。,仅候选：可能单位换算、概括、纠错或真正遗漏；不能以字符串未命中判漏
nodes/r_5b1357a9c6/cards/t_ec2248/notes_postsubmission_declarations.md,24,## 声明1｜Ellis 附录 G 两套口径与附录 I 的对应关系（应 P8 t_8a7b54／10042 质疑）（claim_type: fact）,269.9|281.3|45.1|58.0|59.3|74.6|77.1,**份额的方向性影响**：若误用上行分母，份额会**更高**——1806 为 269.9/455＝**59.3%**、1810 为 281.3/365＝**77.1%**（本卡公布的 58.0%／74.6% 是较保守的一端）。1813 与 1817 只有一套数，45.1%／33.8% 不受影响。**因此无论取哪一套，P5 §0 第 1 条的结论方向与量级均不变。**,仅候选：可能单位换算、概括、纠错或真正遗漏；不能以字符串未命中判漏
nodes/r_5b1357a9c6/cards/t_ec2248/notes_postsubmission_declarations.md,36,## 声明2｜1817 年覆盖率的读法（附带，供 P8 一并使用）（claim_type: fact）,100.0|322.4,"附录 I 十五个目的地 1817 年合计 322.4，仅为附录 G 同年出口总额 464 的 **69.5%**；1806／1810／1813 三年则为 100.0%／99.8%／99.9%。**这不是数据缺失，而是 1815 年后法国出口重新流向该表未列的目的地（美洲、黎凡特深处、殖民地）。** 故 §0 第 2 条""帝国市场与海洋市场是替代品""所依据的不只是总额回升，还有这一覆盖率断裂本身。**P8 在做跨年份份额比较时，须同时报告""分解覆盖率""这一列，否则 1817 年的 33.8% 会被误读为单纯的市场萎缩。**",仅候选：可能单位换算、概括、纠错或真正遗漏；不能以字符串未命中判漏
nodes/r_5b1357a9c6/cards/t_f314c4/SA_south_america.md,52,# ③ 财政、货币与金融,1352348|23383672|24736020|34152189|451,"【锚点·矿产】英国 1806 年情报表（Castlereagh vol. VII 印 pp.451–452）：墨西哥 1806 年产金 1,352,348＋产银 23,383,672＝**24,736,020 dollars**，并注明""less than the usual produce, the average of several preceding years being about twenty-seven millions""；卡塔赫纳（新格拉纳达出海口）""perhaps not much exceeding a million of dollars per annum""；拉普拉塔被描述为""an important debouchure for the mines of Potosi""。同一份文件把秘鲁 1780–89 年十年合计 34,152,189 dollars 误标为""Annual produce""，编者只加了一句""So in MS.""",仅候选：可能单位换算、概括、纠错或真正遗漏；不能以字符串未命中判漏
nodes/r_5b1357a9c6/cards/t_f314c4/SA_south_america.md,53,# ③ 财政、货币与金融,1020|1040|1735380|22170740|36063272|5317988,"【锚点·矿产·对照】Torrente 的""革命前最后时期年产表""（印本表，`SA_Torrente_HistRevHispanoAmericana.txt` 行 1020–1040）：墨西哥 22,170,740 pesos；秘鲁 5,317,988；智利 1,735,380；布宜诺斯艾利斯含上秘鲁约 4.2–4.9 百万（OCR 残缺）；新格拉纳达约 2.6 百万；**合计 36,063,272 pesos**。",仅候选：可能单位换算、概括、纠错或真正遗漏；不能以字符串未命中判漏
nodes/r_5b1357a9c6/cards/t_f314c4/SA_south_america.md,54,# ③ 财政、货币与金融,1300|3300,"→ **本卡采用口径：西属美洲年产贵金属约 3,300–3,800 万 pesos，其中墨西哥约六成，整个南美约 1,300–1,500 万 pesos。**（两个独立来源同量级，英方情报明显更差。）",仅候选：可能单位换算、概括、纠错或真正遗漏；不能以字符串未命中判漏
nodes/r_5b1357a9c6/cards/t_f314c4/SA_south_america.md,55,# ③ 财政、货币与金融,1200000|7500001803|860|9200001801,"【锚点·财政流】布宜诺斯艾利斯王室财库的支柱是波托西 situado：1790 年代年均逾 1,200,000 pesos，1800 年代回落至约 920,000，1801–1810 年均低于 750,000，1803 年为零（Galarza，*Anuario del Centro de Estudios Históricos*，检索页文本）。对宗主国汇款自 1791–1805 年的 860 万 pesos 崩落至 1806–1810 年的 16.2 万（Halperín Donghi 经 Galarza 转述）。",仅候选：可能单位换算、概括、纠错或真正遗漏；不能以字符串未命中判漏
nodes/r_5b1357a9c6/cards/t_f314c4/SA_south_america.md,56,# ③ 财政、货币与金融,1170|1275000|5375000,"【锚点·财政流】秘鲁：1800 年总收入 7,375,786／Propios 2,101,918／军费 1,450,810／总支出 2,009,681；1809 年总收入 3,624,276／Propios 1,622,889／军费 1,787,163／总支出 3,334,176；1812 年总收入 5,270,963／Propios 3,958,036（Contreras 表 2，检索页文本，源注 AGI Lima 1166／1170-A／1170-D 与 Abascal《Memoria》）。1812 年 Abascal 自述军费已升至 200 万 pesos／年、situados 升至 1,275,000、总需求 5,375,000 而 Propios 仅 360 万。",仅候选：可能单位换算、概括、纠错或真正遗漏；不能以字符串未命中判漏
nodes/r_5b1357a9c6/cards/t_f314c4/SA_south_america.md,57,# ③ 财政、货币与金融,1357|29408015|833|988,"【锚点·财政流】加的斯生命线：1808-10 至 1811-02 西属美洲对加的斯官方汇款合计 **29,408,015 pesos**，其中墨西哥项约 2,300 万；1809–11 爱国政府收入的 **60% 来自美洲**，1812–14 则""scarcely 5%""（Marichal 2007，经兄弟卡 MX 的 `nodes/r_5b1357a9c6/cards/t_9bd988/notes_marichal.md` 亲读转引，含 AGI Ultramar 833 与 Canga Argüelles 表 7.4）。",仅候选：可能单位换算、概括、纠错或真正遗漏；不能以字符串未命中判漏
nodes/r_5b1357a9c6/cards/t_f314c4/SA_south_america.md,67,# ④ 经济：产出、贸易结构与运输,7392|7399|7744|9118,"【锚点】拉普拉塔的出口是**畜产（皮革、腌肉、油脂）＋转口白银**；Moreno 代表""veinte mil propietarios""，其诉求是""frutos""的出口价格（`06e7744d9118.md` 行 273）。委内瑞拉是**可可与靛蓝**单一作物经济：Depons 1806 年的描述中，可可种植园""toutes au nord""，奥里图科可可品质最优（`downloads/SA_Depons_TerreFerme_v2.txt` 行 7392–7399）。秘鲁是**白银＋沿海种植园**，其纺织业（obrajes）自 1778 年自由贸易后衰落，Abascal 自述""han venido a arruinarse a un tiempo las estancias y obrajes""（经 Hamnett 转引）。",仅候选：可能单位换算、概括、纠错或真正遗漏；不能以字符串未命中判漏
nodes/r_5b1357a9c6/cards/t_f314c4/SA_south_america.md,77,# ⑤ 撷取与动员上限,428|6378|947,"【锚点】秘鲁：正规军自 1809 年 **1,500** 人增至 1813 年 2 月 **8,000**，民兵约 **40,000**（Hamnett，`downloads/pages/ef6378c5d947.md` 行 428–430）。",仅候选：可能单位换算、概括、纠错或真正遗漏；不能以字符串未命中判漏
nodes/r_5b1357a9c6/cards/t_f314c4/SA_south_america.md,125,# ⑨ 思潮、宗教、民族意识与舆论传播,261512|533|60954,"【锚点】舆论战是**双向且由王室出资**的：利马 1810 年 10 月创《Gaceta del Gobierno de Lima》，阿巴斯卡尔任内出 533 号，与《Gaceta de Buenos Aires》公开论战（Morán 等，*Historia Regional* 检索页文本，`https://historiaregional.org/ojs/index.php/historiaregional/article/download/721/1313`——**本卡仅读检索页文本，未取全文**）。同一文献给出秘鲁""爱国捐输""逐年额：1808 年 92,369 pesos 2 reales、1809 年 431,947、1810 年约 73,592、1811 年 262,888、1812 年 241,094、1813 年 177,075、1814 年 9,533、1815 年 9,742、1816 年 397；利马占 65.8%，阿雷基帕为地方之首（261,512 pesos 3 reales，占地方捐输 59%），瓜亚基尔第三（60,954 pesos 3 reales，13.7%）。",仅候选：可能单位换算、概括、纠错或真正遗漏；不能以字符串未命中判漏
nodes/r_5b1357a9c6/cards/t_f314c4/SA_south_america.md,130,# ⑨ 思潮、宗教、民族意识与舆论传播,7744|9118,"【推演·中】反之，**英国的意识形态位置在 1808 年后急剧改善**：它从""异端敌人""变成""西班牙独立的恩人""。Moreno 1809 年的论证已经把亲英写成爱国：""no puede ser hoy día buen español el que mire con pesar el comercio de la Gran Bretaña""（`06e7744d9118.md` 行 273 附近）。这是英国渗透的真正机制——**不是舰队，是同盟资格。**",仅候选：可能单位换算、概括、纠错或真正遗漏；不能以字符串未命中判漏
nodes/r_5b1357a9c6/cards/t_f314c4/SA_south_america.md,146,# ⑪ 生态、人口与资源,6040|6060,"【锚点】llanos 的生态—军事耦合：llaneros 被描述为""aficionados al pillaje""的骑手群体，与潘帕斯和墨西哥北部的牧人同类（Torrente 行 6040–6060）。",仅候选：可能单位换算、概括、纠错或真正遗漏；不能以字符串未命中判漏
nodes/r_5b1357a9c6/cards/t_f314c4/SA_south_america.md,174,## (b) 1806–07：实测与政策转向,13200|386,"【锚点】兵力上限：对墨西哥""not less than 10,000 men""，构成为三分之二英军＋三分之一黑人西印度团；拼盘合计 **13,200**（含下马骑兵 1,200 与炮兵），""若对美战争之虞消失""可再抽 3,000；本土防务不变（印 pp.385–386）。",仅候选：可能单位换算、概括、纠错或真正遗漏；不能以字符串未命中判漏
nodes/r_5b1357a9c6/cards/t_f314c4/SA_south_america.md,208,# ⑬ 对 B1–B8 政策菜单的反应函数,7744|9118,"| B1 | 入侵英国（成功登陆并迫和） | ①照旧效忠马德里②趁英海军收缩加速走私合法化③宣布中立港 | **②**：不改变政治归属，但立刻把""英国货""改写为""中立货""，关税照收 | 1809 年蒙得维的亚以 20 笔英国生意收入逾 70 万 pesos 并按时发饷（Moreno，`06e7744d9118.md` 行 82） | 1807–09 年""中立贸易""合法化的路径依赖 | 中高 |",仅候选：可能单位换算、概括、纠错或真正遗漏；不能以字符串未命中判漏
nodes/r_5b1357a9c6/cards/t_f314c4/SA_south_america.md,210,# ⑬ 对 B1–B8 政策菜单的反应函数,13200|386,"| B2 | 对奥普宽（少战事） | ①无直接反应 | **英国可抽调更多兵力→南美港口被占风险上升** | 1807 年英国自设上限 13,200 人（印 pp.385–386）在""无欧陆战事""时可增 3,000 | B4 卡""S2 无半岛战争→英国留岛兵更多""同构（台账 B4 条） | 中 |",仅候选：可能单位换算、概括、纠错或真正遗漏；不能以字符串未命中判漏
nodes/r_5b1357a9c6/cards/t_f314c4/SA_south_america.md,216,# ⑬ 对 B1–B8 政策菜单的反应函数,7744|9118,"| **B6a** | 1810 兼并＋封锁加严（S3 方向） | ①服从马德里的贸易禁令②地方自行开港③走私常态化 | **②③**：地方财政无法在禁令下发饷，必然开港 | 1807 年后禁令实测：4 百万 pesos 货入境、关税仅收 9.6 万而应收 150 万（`06e7744d9118.md` 行 56） | ""禁令只提高走私价格，不减少走私量"" | 高 |",仅候选：可能单位换算、概括、纠错或真正遗漏；不能以字符串未命中判漏
nodes/r_5b1357a9c6/cards/t_f314c4/SA_south_america.md,257,# ⑭ 1803–1848 年表（≥25 条，带锚点／机制引与置信）,7744|9118,"| 17 | 1809-09-30 | Moreno 代表""两万地产者""呈文，主张对英开放以救财政；自举法国在西班牙王位继承战争中取得对美自由贸易之先例 | 【锚点】`06e7744d9118.md` | 事实 |",仅候选：可能单位换算、概括、纠错或真正遗漏；不能以字符串未命中判漏
nodes/r_5b1357a9c6/cards/t_f314c4/SA_south_america.md,290,# ⑮ 能力上限表（带来源）,1020|1040|1300|3300|451|63.7,"| 西属美洲贵金属年产 | 约 3,300–3,800 万 pesos，南美部分 1,300–1,500 万 | 1812 后秘鲁登记白银由 63.7 万 marcos 落至年均 30 万 | Torrente 行 1020–1040；Castlereagh 印 pp.451–452；Hamnett |",仅候选：可能单位换算、概括、纠错或真正遗漏；不能以字符串未命中判漏
nodes/r_5b1357a9c6/cards/t_f314c4/notes_castlereagh_vol7.md,55,## 2. Castlereagh 无日期〈Memorandum relative to Spanish America〉（印 pp.385–389；txt 行 17811–18010）,13200|19422|386,"- 【事实·亲读】拼盘表（印 p.386）：直布罗陀 4 团 4,000 + 马德拉 1 团 1,000 + 黑人团 4 个 4,000 + 欧洲团 3 个 3,000 = 12,000，加下马骑兵 1,200 与炮兵 = **13,200**；若对美（美国）战争之虞消失，可再抽 3,000。西印度现有 19,422 人（另牙买加 5,000、自开普在途的 60 团一营），""usual force in that quarter not exceeding 15 or 16,000""。",仅候选：可能单位换算、概括、纠错或真正遗漏；不能以字符串未命中判漏
nodes/r_5b1357a9c6/cards/t_f314c4/notes_castlereagh_vol7_b.md,46,"## 5.〈Produce of the Mines of Spanish America, in 1806〉（印 pp.451–452；行 21038–21075）",1352348|23383672|24736020,"- 【事实·亲读】墨西哥 1806：金 1,352,348 dollars + 银 23,383,672 = **24,736,020**；附注""This is less than the usual produce, the average of several preceding years being about **twenty-seven millions of dollars**""。韦拉克鲁斯距墨西哥城 220 英里。",仅候选：可能单位换算、概括、纠错或真正遗漏；不能以字符串未命中判漏
nodes/r_5b1357a9c6/cards/t_f314c4/notes_castlereagh_vol7_b.md,47,"## 5.〈Produce of the Mines of Spanish America, in 1806〉（印 pp.451–452；行 21038–21075）",29126024|34152189|4424035|602130,"- 【事实·亲读】秘鲁：列 1780–89 十年金银产：银器 602,130 + 银锭 29,126,024 + 金 4,424,035，合 34,152,189，文内却写作 ""Annual produce, about 34,152,189""，编者加脚注 ""So in MS.""",仅候选：可能单位换算、概括、纠错或真正遗漏；不能以字符串未命中判漏
nodes/r_5b1357a9c6/cards/t_f314c4/notes_peru_abascal.md,17,"## A. Hamnett, *La política contrarrevolucionaria del Virrey Abascal: Perú, 1806–1816*（IEP Documento de trabajo 112, Lima 2000）",230825251809|23416082|246000|637000,"- 【事实·亲读】**经济底色**：1790 年代利马主国库年均收入 460 万 pesos、年盈余超百万；登记白银 1777 年 246,000 marcos → 1799 年 637,000 marcos，1808–09 仍高；1812 后年均仅 300,000 marcos。1801–05 利马造币厂产 $23,082,525，1809–13 产 $23,416,082，""la mayor parte fue exportada y no permaneció en el virreinato""→ 秘鲁**有银但缺流通货币与投资**。",仅候选：可能单位换算、概括、纠错或真正遗漏；不能以字符串未命中判漏
nodes/r_5b1357a9c6/cards/t_f314c4/notes_plata_economy.md,21,## B. 结构背景（供三情形推演的参数）,151762|5380751|692217|860,"- 【事实·转引·须标】Halperín Donghi 的经典系列经 Galarza（LARR，2023 前后）转述：布宜诺斯艾利斯对宗主国的汇款自 1791–1805 年的 860 万 pesos 降至 1806–1810 年的 16.2 万 pesos（""hard silver""）；内地各库对首都的汇款自 1801–05 的 151,762 pesos 升至 1806–10 的 692,217 pesos。1801–1810 年内地（不含上秘鲁）贡献仅占同期 situado 的 5.4%，仅补上 1790 年代 situado 下滑额（5,380,751 pesos）的 8.7%。",仅候选：可能单位换算、概括、纠错或真正遗漏；不能以字符串未命中判漏
nodes/r_5b1357a9c6/cards/t_f314c4/notes_plata_economy.md,23,## B. 结构背景（供三情形推演的参数）,1200000|30.1650|750000|920000,"- 【事实·转引】另一篇（Galarza,《Centralización de recursos fiscales bajo el reformismo borbónico》, *Anuario del Centro de Estudios Históricos*, DOI 10.35305/ac.v21i30.1650，检索页文本）：1790 年代 situado 年均逾 1,200,000 pesos；1800 年代回落至约 920,000；1801–1810 年均低于 750,000；1803 年无任何波托西汇入；1800 年曾超过 200 万。",仅候选：可能单位换算、概括、纠错或真正遗漏；不能以字符串未命中判漏
nodes/r_5b1357a9c6/cards/t_f314c4/notes_torrente_venezuela_plata.md,35,## 3. 保王军的社会构成（印 p.52 附近；txt 行 3715–3740）——本卡最重要的社会学锚点,6040|6060,"- 【事实·亲读】llaneros 描写（行 6040–6060）：与布宜诺斯艾利斯潘帕斯与墨西哥北部牧人性质相近，""aficionados al pillaje""，在白人身上只尊重""el solo signo representativo del poder i de la fuerza de un brillante trono""，""con cuyo prestigio fueron las columnas principales de los gefes realistas **Boves i Morales**""。",仅候选：可能单位换算、概括、纠错或真正遗漏；不能以字符串未命中判漏
nodes/r_5b1357a9c6/cards/t_f4bb81/A_austria.md,11,## 判决先行,0515|0904,**1809年肢解确实不是纯粹后人的幻想，但必须拆开判断。** 匈牙利独立与自选国王有公开宣言；波希米亚三圈割给萨克森有拿破仑亲发谈判照会；伊利里亚割让已实施；全割加利西亚及另立王国有外交史转引的方案。它们不构成一份已经批准、拥有地方合作者和行政预算的“奥地利、波希米亚、匈牙利三国独立—法国全面并省”总方案。[N0515；N0904；T09；V09],仅候选：可能单位换算、概括、纠错或真正遗漏；不能以字符串未命中判漏
nodes/r_5b1357a9c6/cards/t_f4bb81/A_austria.md,37,## ② 法律、司法与行政：不是等着法国带来法典的空白,1142|284,【锚点】1811年6月1日ABGB颁行敕令指定1812年1月1日在“gesammten Deutschen Erbländer”施行；这里是历史行政法概念，不是只含德语族群。§16承认天赋权利并禁止人身奴役；敕令同时保留特别军事、商业、政治和财政法规，货币债权优先受1811财政敕令调整；§1142仍承认特定土地权转移收费。匈牙利不在这次通行辖区。[AB：敕令；§§16、284、1142],仅候选：可能单位换算、概括、纠错或真正遗漏；不能以字符串未命中判漏
nodes/r_5b1357a9c6/cards/t_f4bb81/A_austria.md,227,## ⑭ 1803—1848五情景年表（31个决策时段）,0904|81809,|8 1809秋|三圈割萨克森照会、伊利里亚割让、15万上限/85m法郎一次结算。[N0904；T09] 多套案是谈判替代|若有战后和约，争取较少海口剥夺（M）|B路以最终边界换不再逐次割地（M）|严和约与贸易义务相叠，成为持续规避根源（M）|A路无需交历史赔款；B路按条约清算并争商业通达（H）|从照会扩大到全邦并省属新增政策，不是执行既定全图（H）|,仅候选：可能单位换算、概括、纠错或真正遗漏；不能以字符串未命中判漏
nodes/r_5b1357a9c6/cards/t_f4bb81/VALIDATION.md,7,## 已执行,120.8677|145.9527|51.1|55.2,- 数字：`A_calculations.py`运行成功。9年同银值财政抄表、14项情景假设；1809缺口55.2、1810缺口51.1mCM；占领三个假设桶合计10–18万，减半检验5–9万；人口指数120.8677–145.9527。,仅候选：可能单位换算、概括、纠错或真正遗漏；不能以字符串未命中判漏
nodes/r_5b1357a9c6/cards/t_f4bb81/notes_army_monetary.md,9,"## M13｜Daniel M. Messman, The Austrian Army in the War of the Sixth Coalition: A Reassessment, UNT硕士论文，2020-12",178000|259000,"- 裁军目标178,000，放假30,000多以符150,000；总花名册259,000（转Wlaschütz pp.4–5）。尽量保留军官、技术兵、半薪supernumeraries与召回地址。军额≠全部训练人力。",仅候选：可能单位换算、概括、纠错或真正遗漏；不能以字符串未命中判漏
nodes/r_5b1357a9c6/cards/t_f4bb81/notes_economy_law_society.md,19,"## G11｜Simone Gingrich, Foreign trade and early industrialisation in the Habsburg Monarchy and the United Kingdom — Two extremes in comparison",667251|71,- 表1人口28.511m、面积667251 km²；本文统计历史边界与反事实剩余奥国不相同，不作为1810/1848同疆人口；1840农业71%只Cisleithania，不许说1830全帝国71%。,仅候选：可能单位换算、概括、纠错或真正遗漏；不能以字符串未命中判漏
nodes/r_5b1357a9c6/cards/t_f4bb81/notes_fiscal_table.md,19,# AX91｜最终财政口径表（银值而非不变购买力）,214.8|51.1|55.2|67.9,因此1809缺口55.2、1810缺口51.1mCM为收入-支出的会计缺口，不等于新增债务；有铸币税/英国补助/现金存量变化等融资渠道。1809军事/收入66.8/31.1≈214.8%，不是可持续军费率。1804/1810收入78→25下降67.9%银值；并非不变国界真实税收生产率下降67.9%。,仅候选：可能单位换算、概括、纠错或真正遗漏；不能以字符串未命中判漏
nodes/r_5b1357a9c6/cards/t_f4bb81/part_01_core.md,11,## 判决先行,0515|0904,**1809年肢解确实不是纯粹后人的幻想，但必须拆开判断。** 匈牙利独立与自选国王有公开宣言；波希米亚三圈割给萨克森有拿破仑亲发谈判照会；伊利里亚割让已实施；全割加利西亚及另立王国有外交史转引的方案。它们不构成一份已经批准、拥有地方合作者和行政预算的“奥地利、波希米亚、匈牙利三国独立—法国全面并省”总方案。[N0515；N0904；T09；V09],仅候选：可能单位换算、概括、纠错或真正遗漏；不能以字符串未命中判漏
nodes/r_5b1357a9c6/cards/t_f4bb81/part_01_core.md,37,## ② 法律、司法与行政：不是等着法国带来法典的空白,1142|284,【锚点】1811年6月1日ABGB颁行敕令指定1812年1月1日在“gesammten Deutschen Erbländer”施行；这里是历史行政法概念，不是只含德语族群。§16承认天赋权利并禁止人身奴役；敕令同时保留特别军事、商业、政治和财政法规，货币债权优先受1811财政敕令调整；§1142仍承认特定土地权转移收费。匈牙利不在这次通行辖区。[AB：敕令；§§16、284、1142],仅候选：可能单位换算、概括、纠错或真正遗漏；不能以字符串未命中判漏
nodes/r_5b1357a9c6/cards/t_f4bb81/part_03_timeline.md,14,## ⑭ 1803—1848五情景年表（31个决策时段）,0904|81809,|8 1809秋|三圈割萨克森照会、伊利里亚割让、15万上限/85m法郎一次结算。[N0904；T09] 多套案是谈判替代|若有战后和约，争取较少海口剥夺（M）|B路以最终边界换不再逐次割地（M）|严和约与贸易义务相叠，成为持续规避根源（M）|A路无需交历史赔款；B路按条约清算并争商业通达（H）|从照会扩大到全邦并省属新增政策，不是执行既定全图（H）|,仅候选：可能单位换算、概括、纠错或真正遗漏；不能以字符串未命中判漏
nodes/r_5b1357a9c6/cards/t_f55d87/G1_south_german_states.md,24,## ①决策结构与政治制度,085|6826,"**巴伐利亚**。【锚点】Max IV./I. Joseph（1799即位选侯，1806-01-01称王）与首相Montgelas的双头体制：Montgelas 1796年Ansbach备忘录即已提交完整改革纲领，理念＝""自上而下的革命以免自下而上的革命""（HLB/Weigand，`downloads/pages/5df7f181c2a5.md`）。1806年废除旧等级会议；四部制＋咨询国务院（Grab p.103）；1808-02-13 Montgelas在秘密国务会议提交宪法草案，七天后国王原则批准（HLB）。1808-05-01/25宪法：全国15个Kreis（Generalkommissar≈法国省长）、贵族与教士纳税平等、国民代表机关——但该机关**从未召集**，Montgelas到1818/19仍认为巴伐利亚人""不够成熟""；王储路德维希对此不满（HLB）。【机制】决策集中于王-相二人；否决点：王储派（反法、亲立宪）、军队（Wrede既是对法合作的执行人又是1813年转向的谈判人——Ried签字人即Wrede）、陪臣化贵族（局部梗阻，见⑦）。正统性来源自我加固：王衔与主权来自拿破仑（普雷斯堡和约""de la plénitude de la souveraineté""，HLB蒂罗尔条目），但宪法把邦联成员资格写成自家根本法第一条（§1，`downloads/pages/5b085cf6826c.md`），即把外部依附转译为内部主权行为。【推演】法国胜利情景下该结构稳定至Montgelas退场（史实1817年被王储集团逐出；S5下同类代际更替1815–25之间发生，高置信），此后决策重心移向王储-军队-官僚三角，对法政策从""利益联盟""退向""条约照办""（中高）。",仅候选：可能单位换算、概括、纠错或真正遗漏；不能以字符串未命中判漏
nodes/r_5b1357a9c6/cards/t_f55d87/G1_south_german_states.md,26,## ①决策结构与政治制度,4416|636|950,"**符腾堡**。【锚点】弗里德里希一世＝个人绝对主义：1797年即位即与""自主自信的旧等级""缠斗；1805-12-30（升王前两天）武力夺取等级金库与档案、逮捕等级领袖、废除旧宪法（Siemann传记，`downloads/pages/4e950a03a636.md`；Landstände条目，`downloads/pages/2f8f4416ec15.md`）；主持大臣Wintzingerode；设警察部与最高书刊检查署；1805-10-03 Ludwigsburg与拿破仑会晤后结盟。【机制】""拿破仑保护伞下的国内绝对主义""：对法忠诚是对内镇压与消化新领土（面积翻倍、9帝国城市＋教产）的外部条件；国内无否决点（等级已粉碎、军队效忠国王）。【推演】此结构在法国胜利下最稳定也最脆弱：稳定在于无内部反对，脆弱在于一切系于国王一人损益表——1816年弗里德里希死后威廉一世的代际转换（史实反拿破仑、娶俄国大公女）在S5下同样发生，符腾堡是三邦中最可能借代际更替向俄国再保险的一个（中）。",仅候选：可能单位换算、概括、纠错或真正遗漏；不能以字符串未命中判漏
nodes/r_5b1357a9c6/cards/t_f55d87/G1_south_german_states.md,40,## ③财政货币金融,0144348752|085|1170|23000000|6826,"【锚点】**巴伐利亚**：国债1804年约1.07亿fl→1811年1.18亿fl，同期国家资产估值仅略超2亿fl（Weis讲稿p.54，doc 0144348752eb；Grab p.105同引1.18亿）。宪法§2把地税上限定为收益的1/5（`downloads/pages/5b085cf6826c.md`）。世俗化的财政真相（Weis第7节全文核读）：Montgelas自称年净收益100万fl不可验证；**经常账户扣除养老金、堂区再拨与承接修道院债务后为赤字**；救命钱是1812年前变卖""国有化不动产""的约**2,000万fl一次性收入**；1825年官方终账全部净得仅**370万fl**（含托钵僧残项不过约500万）——对比：1798年修道院尚存时国家数月内即从其抽走500万，1800年法军占领费一年即500万，纽伦堡1806年并入带来2,200万债务（或1819年账1,170万）、班贝格约400–500万。真正的长期收益形态是**接管修道院地租（至1848年占国家预算至多1/4——HLB/Müller条目）与9.7万公顷林地国有化**。对法支付：拜罗伊特公国以""23,000,000法郎——几乎相当于巴伐利亚国家一年收入——""购自拿破仑（1808埃尔福特开价，1810交割；HdBG门户）；Weis注称""ab 1808 an Napoleon 20 Millionen fl.""（AE档案）——**两处货币与数额冲突（23M法郎≈10.7M fl vs 20M fl），本卡并列不调和**，量级判断取""占年收入很大比例乃至相当一年收入的现金外流""。【机制】南德财政模式＝""以教会资本与新领土税基赎买军事同盟""：世俗化与陪臣化提供一次性资本与新增税基，法国同盟提供领土；但军事成本（Grab p.104–105：""高军事成本导致预算赤字""）与对法现金支付把收益即时抽走。这就是F4台账""贡赋帝国""逻辑在盟邦侧的镜像：**法国不但不补贴盟邦，还向盟邦出售领土收现金**。【推演】S2/S5和平化后该模式转正：无战争损耗，新税基（统一税制、地籍清丈、间接税——Grab p.105）继续成熟，1820年代南德财政整固（史实亦然）在法国霸权下同样发生，但多一项持续项：邦联军费分摊与法军过境给养（中高）。S3封锁加严则关税与消费税基受损，南德以农产品与内陆过境为主、受害弱于汉萨/贝格，但蒂罗尔式""税负+20%""的边缘区随时可能出现（中）。S6吞并则法国承接1.18亿fl巴伐利亚债务——按F4的S6分地区阈值表逻辑（Marion p.321口径），南德是""中等摩擦""区，每百万人净得为低正至负，吞并在财政上劣于现状（高置信，详⑮与专题C）。",仅候选：可能单位换算、概括、纠错或真正遗漏；不能以字符串未命中判漏
nodes/r_5b1357a9c6/cards/t_f55d87/G1_south_german_states.md,82,## ⑫交流与流动,085|6826,【锚点】巴伐利亚宪法§8：未经君主许可禁止移民、出国、入外国役、受外国俸禄勋章，违者夺公民权（`downloads/pages/5b085cf6826c.md`）——人口与效忠被明文圈禁。官僚流动：蒂罗尔接收时连奥地利在职与退休官僚一并接管（HLB蒂罗尔条目）；南德诸邦相互挖角法学与行政人才（Reitzenstein本人即弗兰肯贵族入巴登籍）。王朝联姻网：欧仁×Augusta（慕尼黑）、Stéphanie×Karl（卡尔斯鲁厄）、热罗姆×Catherine（斯图加特）（Grab p.103）——法国把三邦纳入帝国家族体系。情报与外交：法国公使在慕尼黑/斯图加特/卡尔斯鲁厄的常驻网络（Bignon案例见①）；奥地利方向的秘密通道在1813年被证实随时可激活（Ried谈判即经Wrede军事渠道）。【机制】南德是法奥意三角的人员-情报-物资走廊；其精英层的多语多籍流动性意味着任何霸权都只能租用而非独占其忠诚。【推演】S5下移民禁令与邦联义务并存→南德人才向法国体系内流动（巴黎、米兰、威斯特伐利亚宫廷任职），德意志民族网络（大学、出版）转入奥地利-北德避风港（中）；S6下精英外流（维也纳/俄国）成为主要减压阀，重演法国大革命流亡贵族结构（中低）。,仅候选：可能单位换算、概括、纠错或真正遗漏；不能以字符串未命中判漏
nodes/r_5b1357a9c6/cards/t_f55d87/notes_wurtt_baden_tyrol.md,5,## A. 符腾堡：弗里德里希一世（1797–1816）,289|636|950,来源W1：LEO-BW人物条目，传记正文＝Wolfram Siemann撰《Lexikon Haus Württemberg》(1997) S.289–292全文转载，保存 `downloads/pages/4e950a03a636.md`。,仅候选：可能单位换算、概括、纠错或真正遗漏；不能以字符串未命中判漏
nodes/r_5b1357a9c6/cards/t_f55d87/notes_wurtt_baden_tyrol.md,51,## C. 蒂罗尔（1805–1810）：巴伐利亚汲取-整合失败的界碑案例,15559|268,"- 拿破仑态度：初期""让奥地利人随意处置蒂罗尔；我绝不卷入山地战""（致Berthier）；07-12 Znaim停战明令奥军撤出蒂罗尔与福拉尔贝格；拿破仑致Lefebvre：""我同意停战主要就是为了镇压蒂罗尔""；07-20指令：""不要讲道理，要严厉。解除全境武装，抓大量人质，杀一儆百""（Corr. 15559, pp.267–268）。",仅候选：可能单位换算、概括、纠错或真正遗漏；不能以字符串未命中判漏
nodes/r_b55f2c1cf5/cards/t_104134/c2_naval_econ_data.md,42,## 主源与核对源,148929|54800|93512,"核对线索：Gregory Fremont-Barnes, *The Royal Navy 1793–1815*, Osprey 2007，导言第4页附近的“Number of first to sixth rate ships at key points, 1793–1815”，实际读取第三方转录 https://epdf.tips/the-royal-navy-1793-1815.html ，本地 `downloads/pages/7f93512d05f7.md` 行150–203：1803 line32/54800吨，1805 line83/148929吨，与James吻合。它可能沿用James；仅是转录一致性复核，不算独立档案证实。1804尚无第二来源。该书Total口径仅first to sixth rates，与James全体Cruisers不一致。",仅候选：可能单位换算、概括、纠错或真正遗漏；不能以字符串未命中判漏
nodes/r_b55f2c1cf5/cards/t_104134/c2_naval_econ_data.md,60,## 已补区域截面与贸易、战俘,2710|45933|634,战俘见`manpower/prisoners.csv`：Hansard HC1811-06-14卷20栏634（`downloads/pages/581d84a8bc6e.md`）报告法国在England战俘45933人，parole2710人与其包含关系未明，不相加。没有陆海军拆分，不能从法国海员数直接扣除。报告日也不能当作明确盘点日。,仅候选：可能单位换算、概括、纠错或真正遗漏；不能以字符串未命中判漏
nodes/r_b55f2c1cf5/cards/t_104134/c2_naval_econ_data.md,70,### 战争税冲突复核入口,1131|1159|202|212|65764,"【事实】冲突双方不是两本书，而是**同一Hansard网页第15项表内的分项与报告合计**：HC Deb 20 June 1809, vol.14, cc1131–1159, resolution 15。本地`downloads/pages/d79be65764b5.md`第202—204行（1807）及210—212行（1809）。双方均以4月5日为年终、GB、名义英镑。",仅候选：可能单位换算、概括、纠错或真正遗漏；不能以字符串未命中判漏
nodes/r_b55f2c1cf5/cards/t_208a11/c14_army_sustainability.md,31,### 1. 累计动员显示能力，也显示口径问题,202.5|215|265.5,【文献推断｜Houdaille 1972 pp.48–49，转引Darquenne对AF IV的分析】an VII至1813年11月15日，按1804疆域，征召265.5万人，实纳248万人。扣an VII至an XI约33万人后为215万人；登记册经疆域、入伍时期及重复项校正得到202.5万人。差额12.5万人可能对应海军，作者明确志愿者口径仍不明。这是累计对账，不能当成1803–1815每年征兵系列。,仅候选：可能单位换算、概括、纠错或真正遗漏；不能以字符串未命中判漏
nodes/r_b55f2c1cf5/cards/t_208a11/c14_army_sustainability.md,33,### 1. 累计动员显示能力，也显示口径问题,42.5|43.1|77.5,【文献推断｜Houdaille pp.49–50】1790–1795出生男性成年群体约180万、服役约77.5万、截至1815损失约37万，人口基数本身以出生与存活率估算。原文服役42.5%与取整人数计算约43.1%不完全相符；保留原文，不伪造高精度。作者修订了1970早文相关错误。该群体高负担说明末期动员剧烈，不能把它当所有世代每年都可抽取的稳定比例。,仅候选：可能单位换算、概括、纠错或真正遗漏；不能以字符串未命中判漏
nodes/r_b55f2c1cf5/cards/t_208a11/c14_army_sustainability.md,59,## 三、“逃兵地理＝同意边界”不成立为直接测量,10499|3256,【事实：源内算术警报】该文随后称额外3256逃役者对10499基数意味“27%”，直接相除约31%；而额外入伍与额外逃役又同列3256。故本卡不把这一粗算段作为兵力收益参数；只保留已明确的制度机制和作者回归结论。,仅候选：可能单位换算、概括、纠错或真正遗漏；不能以字符串未命中判漏
nodes/r_b55f2c1cf5/cards/t_208a11/c14_army_sustainability.md,63,## 三、“逃兵地理＝同意边界”不成立为直接测量,1126|1147|2530,【文献推断｜Forrest 1989 pp.70–72】判决名册“more valuable as a guide to police activity than as a measure of public opinion”。共和七至十三年累计报告中，7省逃避比例低于10%，16省超过40%，其中4省过半；这是征集前逃役与入伍后逃亡混合的累计口径。1810 Aveyron的2530与1813 Gironde、Haute-Garonne各逾2000，则是境内逃役者报告存量，无同一分母，不能直接相减。（转引AN AF IV 1123、1126、1147，未亲查。）,仅候选：可能单位换算、概括、纠错或真正遗漏；不能以字符串未命中判漏
nodes/r_b55f2c1cf5/cards/t_208a11/c14_army_sustainability.md,65,## 三、“逃兵地理＝同意边界”不成立为直接测量,2863|2952,【事实：Forrest转引同期报告，p.72注163】Vosges在1807年报告提前调用的1808年级549人，仅5人尚未出发；5人的教育、宗教培训、军车夫及暂离情形均另有说明。“未出发”并不等于逃役，“出发”也不证明抵达。详见`conscription_occupation_evidence.md`及缓存81f2084d72ce.md行2863–2952。,仅候选：可能单位换算、概括、纠错或真正遗漏；不能以字符串未命中判漏
nodes/r_b55f2c1cf5/cards/t_208a11/c14_army_sustainability.md,79,## 四附、马匹与干部：能够重建，但不能忽略质量和时滞,5051|5251|56918|65418|67704,【文献推断｜Dawson 2013，Table 11后总结、注49】作者报1812-11-12至1813-05-20累计65418人配马，其中56918骑兵、8500运输驾驭人员。正文另报采购81918匹，其中67704挽马（注13）。这些是采购/累计配装，不是同日战场存量。主研究者已复核原页面对应段；其原档仅转引，注49日期早于统计截止日期，Table 2正文5251与表尾5051冲突，月平均亦有疑点，故**全部精确重建总量暂不作为模型校准参数**。可采用的较窄结论是确曾进行大规模补马，而非俄征后毫无恢复能力。,仅候选：可能单位换算、概括、纠错或真正遗漏；不能以字符串未命中判漏
nodes/r_b55f2c1cf5/cards/t_208a11/c14_army_sustainability.md,91,### 1. 1810年缩编—地方供养方案,1576|1627,【事实：文书内容】1810年1月30日战争行政会议口授要求伊利里亚8个步兵团各仅留2营，其余回法国补充基地；2个骑兵团各留2个中队、每中队拟补至200人。炮兵辎重营军马上限400、其他运输服务200，意大利军预算上限3000万法郎；伊利里亚军务400万与军需800万明确不含宪兵、边防团等。它同时要求明确部队实员、医院人员和地方民政费用，说明军事账不能只报一个总人数。[P1810，完整日期与标题“NOTES DICTÉES…”；缓存df27e5314cf3.md行1576–1627],仅候选：可能单位换算、概括、纠错或真正遗漏；不能以字符串未命中判漏
nodes/r_b55f2c1cf5/cards/t_208a11/conscription_occupation_evidence.md,22,### 1.1 地域差异与指标限制,157|71,"| p.71，注157 | “the Aisne, the Haute-Marne, and the Meurthe ... only 8 percent ... the Cote d’Or 6 percent, the Doubs 5 percent” | 【事实·转引】Hargenvilliers对共和七年至十三年的累计报告。Forrest上下文把desertion与insoumission共同讨论，不可直接当成严格定义的入伍后逃兵率。 |",仅候选：可能单位换算、概括、纠错或真正遗漏；不能以字符串未命中判漏
nodes/r_b55f2c1cf5/cards/t_208a11/conscription_occupation_evidence.md,23,### 1.1 地域差异与指标限制,157|71,| p.71，注157 | “seven departments ... below 10 percent”; “sixteen departments ... in excess of 40 percent”; “in four ... more than half” | 【事实·转引】同一时期的地域差异；不是每年都具有这些比例，也不是全国人口拒绝服役比例。 |,仅候选：可能单位换算、概括、纠错或真正遗漏；不能以字符串未命中判漏
nodes/r_b55f2c1cf5/cards/t_208a11/horse_cadre_evidence.md,67,### E5｜干部短缺是真问题；“干部全灭”不是,258|346986,定位：`downloads/pages/ce0b4d346986.md`，248–258行，日期、收件人及全文段已实读；原始URL见文末。尚未与《Correspondance》纸本卷页／信号对校，因此引用标“网页转录”，不冒充查阅原折。,仅候选：可能单位换算、概括、纠错或真正遗漏；不能以字符串未命中判漏
nodes/r_b55f2c1cf5/cards/t_208a11/horse_cadre_evidence.md,85,## Dawson数据质量审查：不应整表直接入模型,3439|5051|5251,"【事实｜原文内部不一致】网页Table 2正文称实际5,251匹，表尾却为5,051；本文不采该数。另将49匹死亡相对于3,439匹接收称5.6%，二者不能直接相除得到该比例；可能另有分母，原文未解释。脚注[37]将讨论1813的报告写成“25 April 1815”。总结段部分“每月”速率与其所列跨月区间亦不相称。表格提取存在空表头，尤其Table 10，不得凭列位置猜军种。",仅候选：可能单位换算、概括、纠错或真正遗漏；不能以字符串未命中判漏
nodes/r_b55f2c1cf5/cards/t_208a11/losses_source_audit.md,36,## 逐条可复核锚点,1800000|370000|42.5|43.1|775|775000,|L09|H72 pp.49–50|1790–95出生群约1800000、服役约775000、死约370000，作者报42.5%和20.5%；775/1800实际约43.1%，原文取整不整齐，保留原数，不粉饰精确。|,仅候选：可能单位换算、概括、纠错或真正遗漏；不能以字符串未命中判漏
nodes/r_b55f2c1cf5/cards/t_26cd47/c12_russia_problem.md,159,### 8.1 承重来源（以下均实际读到相关正文）,1643|283|295|3225|33326,"- **P3** Dariusz Nawrot，“Komitet Wojskowy na Litwie w 1812 r.”，*Studia i Materiały* VIII, Warszawa 2018，pp.281–283、295–296；`downloads/pages/9af33326aacf.md`。p.295：“ponad 20-tysięczne siły zbrojne”；“około 12,5 tys. ludzi, na dzień 1 grudnia 1812 r.”。https://academic-journals.eu/pl/download?path=%2Fuploads%2FZm9sZGVycHVibWVkaWE%3D%2Fdocuments%2Fstudia_i_materialy_viii_nawrot_komitet_wojskowy_na_litwie_w_1812.pdf 。档号B Czart. ew.3225、RGADA f.12 b.262 cz.5、AN AF IV 1643 pl.2 nr46均转引。",仅候选：可能单位换算、概括、纠错或真正遗漏；不能以字符串未命中判漏
nodes/r_b55f2c1cf5/cards/t_26cd47/c12_russia_problem.md,164,### 8.1 承重来源（以下均实际读到相关正文）,748|8863344,"- **R4** Ana-Maria Lepăr，“Bucharest during the Peace of 1812”, *Hiperboreea* 2(2), 2015, pp.122–132；已读pp.122–124相关段，`downloads/pages/45dd82f748a7.md`。p.124：“on 16th/28th of May 1812 … officially signed”。https://docslib.org/doc/8863344/bucharest-during-the-peace-of-1812-ana-maria-lep%C4%83r-abstract 。正式条约底本经其转引，未读。",仅候选：可能单位换算、概括、纠错或真正遗漏；不能以字符串未命中判漏
nodes/r_b55f2c1cf5/cards/t_2c338c/britdef.md,32,### H：Peter Hicks，The Militarisation of society in Georgian Britain and Napoleonic France,380000|480000|615000,"同页Hicks报告1803年志愿兵约380,000人，并讨论小单位拒绝合并、拒绝出本地区、正规军指挥权不足及武器训练瓶颈。该数无明确同日统计口径，不能与其他书的350,000、480,000或全国总动员615,000直接相加/替换。Hicks是综述，相关论证依赖Cookson，不能把二者算两条独立证据。该文把后续志愿兵向民兵模式转变压缩处理，不用它确认具体解散日期。",仅候选：可能单位换算、概括、纠错或真正遗漏；不能以字符串未命中判漏
nodes/r_b55f2c1cf5/cards/t_2c338c/britdef.md,36,"### L：Kevin Linch，An ‘Unpleasant Dilemma’: The Portsmouth Volunteers and the limits of loyalism, 1803–1805",104015|201803,https://eprints.whiterose.ac.uk/id/eprint/104015/3/The%20Portsmouth%20Volunteers%201803-1805%20article%20v2.pdf,仅候选：可能单位换算、概括、纠错或真正遗漏；不能以字符串未命中判漏
nodes/r_b55f2c1cf5/cards/t_2c338c/britdef.md,39,"### L：Kevin Linch，An ‘Unpleasant Dilemma’: The Portsmouth Volunteers and the limits of loyalism, 1803–1805",2787|6600,"- 【事实：转引自Linch，注31】Portsmouth驻军约6,600人（包括民兵）；原据TNA WO17/2787，驻地月报1803年9月1日至1804年6月30日。不是全国正规军数，也不等于可以全部离城投入London会战。",仅候选：可能单位换算、概括、纠错或真正遗漏；不能以字符串未命中判漏
nodes/r_b55f2c1cf5/cards/t_2c338c/britdef.md,67,## 3. 数量口径：当前可冻结与不可冻结,5400|6600,"【裁量】仅可冻结Linch的Portsmouth约6,600（含民兵、特定驻地）、K的当地羊群5,400（非兵力），及Fortescue缺枪机制。**全国正规军/民兵/志愿兵在1803、1804、1805各年的可战人数仍留缺**。",仅候选：可能单位换算、概括、纠错或真正遗漏；不能以字符串未命中判漏
nodes/r_b55f2c1cf5/cards/t_2c338c/c11_invasion_england.md,46,### 2.1 一张确实可核的军团编配表,1613|444|456,"【事实】p.444将运输乘员需求分为450名驻船人员和1,613名非战斗人员；p.443–444另列军团公园107辆车所需456匹挽马，须待皇帝安排预备马厩。p.445末段又称Soult所报自身军团缺近5,000人船位。**后者不是前表4,621的约数或同一军团另一总数**；不得相加成全军统一缺额。",仅候选：可能单位换算、概括、纠错或真正遗漏；不能以字符串未命中判漏
nodes/r_b55f2c1cf5/cards/t_2c338c/c11_invasion_england.md,192,### 实际使用材料,19763|30807055|7891,- **S9** Pierre Carles，“Le corps irlandais au service de la France sous le Consulat et l’Empire”，*Revue historique des Armées*，1976，3-2，pp.23–54；https://www.persee.fr/doc/rharm_0035-3299_1976_num_3_2_7891 ；`downloads/pages/e30807055e5f.md`。人数定位用日期对应组织/检阅段及注8–11，未伪补精确影印单页。,仅候选：可能单位换算、概括、纠错或真正遗漏；不能以字符串未命中判漏
nodes/r_b55f2c1cf5/cards/t_2c338c/c11_invasion_england.md,197,### 实际使用材料,0208.12461|104015|201803|232|344|4536,"- **S14** Kevin Linch，“An ‘Unpleasant Dilemma’: The Portsmouth Volunteers and the limits of loyalism, 1803–1805”，*Journal for Eighteenth-Century Studies* 40(3)，2017，pp.327–344，DOI 10.1111/1754-0208.12461；作者稿https://eprints.whiterose.ac.uk/id/eprint/104015/3/The%20Portsmouth%20Volunteers%201803-1805%20article%20v2.pdf ；`downloads/pages/f0bc4536ba86.md`。按章节和注号定位，未读尽全文；229/232人的检查数据内在不合，排除不用。",仅候选：可能单位换算、概括、纠错或真正遗漏；不能以字符串未命中判漏
nodes/r_b55f2c1cf5/cards/t_3dc3c2/early_evidence.md,7,### B1 1803-08-22出港瓶颈,444|7030,"【事实·转引】Bonaparte致Bruix：« Il faudra donc, comme l’a fait le général Latouche, les tenir en rade »。Michèle Battesti,“Napoléon et la ‘descente’ en Angleterre.1re partie:Les multiples projets de1778à1803”，Revue du Souvenir Napoléonien444,pp.3–17；网页年份2003、月份déc.–janv.，不补跨年。注19指旧Correspondance7030。史家概述每潮约百艘出港，非本次核验港口数据。",仅候选：可能单位换算、概括、纠错或真正遗漏；不能以字符串未命中判漏
nodes/r_b55f2c1cf5/cards/t_3dc3c2/late_evidence.md,12,### N09-A 1809-09-30至10-14：减轻奥国割地,1060|1119|15888|228|230|295,"【文献推断·Vandal】放弃为华沙索取东加利西亚额外领土：« il renonça à rien exiger de ce côté pour les Polonais »。此句是史家叙述，非拿破仑原话。V2行1060–1119，注227指Correspondance 15888。注230转引de Clercq II,295，俄得领土规定四十万人口、不含Brody；这是条约口径非人口统计核验。列支敦士登、布布纳争取减让。注228转引考兰古9/13报告，沙皇要俄国所得多于公国。",仅候选：可能单位换算、概括、纠错或真正遗漏；不能以字符串未命中判漏
nodes/r_b55f2c1cf5/cards/t_3dc3c2/late_evidence.md,37,### N11-B 1811-05-05至06-01：奥尔登堡赔偿—波兰联动,1048|1087|223,"【事实·转引】考兰古5/7报告记沙皇称仅埃尔福特不足；V3行1048–1087注220。洛里斯顿6/1私人信：« Je pense que si l’empereur Napoléon a cette intention, cela remplirait le double but de la compensation et de la convention pour la Pologne. » 注223，前文指波兰土地。",仅候选：可能单位换算、概括、纠错或真正遗漏；不能以字符串未命中判漏
nodes/r_b55f2c1cf5/cards/t_759180/audit_econ.md,14,## 收束补记：实际抽核量与高风险原卡对照,106112|3344|355937|465393|465403,"【更正本审计的表述】C4第4项所报总年负担只核对了转录数，不代表加总无误。原卡第34行已明示：355,937镑10先令＋106,112＋3,344＝465,393镑10先令，与转录总额465,403镑10先令差10镑。属于原卡已声明待影印核对项，不列新发现，不以此总数校准。",仅候选：可能单位换算、概括、纠错或真正遗漏；不能以字符串未命中判漏
nodes/r_b55f2c1cf5/cards/t_759180/audit_econ.md,32,## C4：10项,088|214|215,|3|危机中仍签750万镑贷款，S59|P`bff7e2ccf088.md` L74，cc214–215|相符：发言称当日上午已订约，不能推出所有将来情景均能融资。|,仅候选：可能单位换算、概括、纠错或真正遗漏；不能以字符串未命中判漏
nodes/r_b55f2c1cf5/cards/t_759180/audit_econ.md,33,## C4：10项,355937|465403,"|4|利息与总年负担区分|同上L74|355,937镑10先令是利息；465,403镑10先令包括偿债基金及管理费，源卡区分正确。|",仅候选：可能单位换算、概括、纠错或真正遗漏；不能以字符串未命中判漏
nodes/r_b55f2c1cf5/cards/t_759180/audit_econ.md,34,## C4：10项,214|4864267,"|5|1811所得税评定与现金实收|同上L72，cc213–214|11.8百万是净评定收益估计，已收4,864,267；不是同一收入观察。|",仅候选：可能单位换算、概括、纠错或真正遗漏；不能以字符串未命中判漏
nodes/r_b55f2c1cf5/cards/t_759180/audit_econ.md,36,## C4：10项,58.25|62.67|813031,|7|58.25与62.67百万税收|P`bb07a813031b.md` L122–126，表2及注a|数值相符；1810中心五年平均、1815三年平均，入Exchequer净额且地域有问题。|,仅候选：可能单位换算、概括、纠错或真正遗漏；不能以字符串未命中判漏
nodes/r_b55f2c1cf5/cards/t_759180/audit_econ.md,51,## C9：10项,25240612|417,|7|4%＋佣金政策，S53|P`25240612f417.md` L390–392|明确要求4%利息、每年不超过0.5%佣金；现有中间商每三月0.5%是被批评安排。综合未展开时间单位，建议补“年”。指令不是执行实绩。|,仅候选：可能单位换算、概括、纠错或真正遗漏；不能以字符串未命中判漏
nodes/r_b55f2c1cf5/cards/t_759180/audit_econ.md,53,## C9：10项,004521|1460,|9|英国收入税1816近20%，S81|P`004521d1e27f.md` L50–54，Neal，转引Mitchell p581|原文明载1816废税、该年收入1460万镑近毛收入20%、1818几乎消失。**不是日期矛盾**；本轮未独立核Mitchell年度账，不能进一步声称纯1816新评定税额或税废后即无回款。|,仅候选：可能单位换算、概括、纠错或真正遗漏；不能以字符串未命中判漏
nodes/r_b55f2c1cf5/cards/t_759180/audit_econ.md,64,## C10：10项,0205|0532|214|463,|5|联合检验与单项检验不同|同PDF12表3|四列联合p＝.0532／.463／.0205／.214；不宜由两项不显著抹去其他统计证据，也不照搬正文“5%”覆盖表内.0532。|,仅候选：可能单位换算、概括、纠错或真正遗漏；不能以字符串未命中判漏
nodes/r_b55f2c1cf5/cards/t_759180/audit_econ.md,98,## C16：10项,180710.44|180816.59|180918.01|261,|9|美国以外美洲短期增量|同PDF261／印245，已看页图|本土品：1807 10.44、1808 16.59、1809 18.01百万镑相符。表头Rest of America，不能叫拉美大陆分项。|,仅候选：可能单位换算、概括、纠错或真正遗漏；不能以字符串未命中判漏
nodes/r_b55f2c1cf5/cards/t_759180/audit_econ.md,99,## C16：10项,256|261,|10|1810–11该市场也收缩|同PDF261页图，另PDF256／印240|本土品15.64→11.94，转口2.04→.90百万镑；作者描述南美回款失败。支持“不是无限缓冲”，不识别所有反事实中的英国续战概率。|,仅候选：可能单位换算、概括、纠错或真正遗漏；不能以字符串未命中判漏
nodes/r_b55f2c1cf5/cards/t_759180/audit_forces.md,43,## 三、C2审查矩阵,135666|148929|54800,【裁量】三张图的英国海勤现役吨位54800／135666／148929与CSV一致。它们是英国一侧既有吨位数据，不是英法吨位比，更不是效能比。本审查没有因1830比较不可得而否定这组观测。,仅候选：可能单位换算、概括、纠错或真正遗漏；不能以字符串未命中判漏
nodes/r_b55f2c1cf5/cards/t_759180/audit_forces.md,54,## 四、C3审查矩阵,063|615|6621810,|3-06|1810存在沿岸训练提案|`P/82a063e7e022.md`行615–662，1810-07-13致Decrès|【事实】“pourraient s’amariner”及取最熟练人员补大舰，支持当时可考虑的替代轨；文书不是实施效果。|,仅候选：可能单位换算、概括、纠错或真正遗漏；不能以字符串未命中判漏
nodes/r_b55f2c1cf5/cards/t_759180/audit_forces.md,70,## 五、C14审查矩阵,1145000|320000|367|870000,|14-03|约87万原式|H72行367–377，印刷42页；`C14/c14_manpower.csv`行13|【文献推断】1145000+30000+15000−320000=870000，算术正确；非实际点名数。|,仅候选：可能单位换算、概括、纠错或真正遗漏；不能以字符串未命中判漏
nodes/r_b55f2c1cf5/cards/t_759180/audit_forces.md,71,## 五、C14审查矩阵,300.000|578|612|890.000,|14-04|89万修订／约90万结论|H72行578–612，结论及注“300.000 retours et 890.000 morts”，印刷42页脚注、50页结论；CSV行14|【文献推断】同研究回返修正，非独立估计区间。S84“87–90万”须说明。|,仅候选：可能单位换算、概括、纠错或真正遗漏；不能以字符串未命中判漏
nodes/r_b55f2c1cf5/cards/t_759180/audit_forces.md,73,## 五、C14审查矩阵,265.5|529|533,|14-06|累计征召265.5万／编入248万|H72行529–533，印刷48–49页；CSV行2–3|【文献推断／转引】1804疆域（莱茵左岸及皮埃蒙特），anVII至1813-11-15；非全时期全帝国年度流量。|,仅候选：可能单位换算、概括、纠错或真正遗漏；不能以字符串未命中判漏
nodes/r_b55f2c1cf5/cards/t_759180/audit_forces.md,74,## 五、C14审查矩阵,202.5|215|533,|14-07|扣33万后215万，与202.5万差12.5万|H72行533–553，印刷49页；CSV行4–5|【文献推断】差额可能涉及海军，不是已证海军征募数；不能拿它校准海军实到。|,仅候选：可能单位换算、概括、纠错或真正遗漏；不能以字符串未命中判漏
nodes/r_b55f2c1cf5/cards/t_759180/audit_forces.md,75,## 五、C14审查矩阵,42.5|43.1|575|77.5,|14-08|1790–95世代人数与死亡|H72行563–575及末注，印刷49–50页|【文献推断】77.5万、37万、约180万；原文42.5%与粗数约43.1%不齐。卡已说明，不另判错误；不能转成年均稳定征募率。|,仅候选：可能单位换算、概括、纠错或真正遗漏；不能以字符串未命中判漏
nodes/r_b55f2c1cf5/cards/t_759180/audit_forces.md,76,## 五、C14审查矩阵,439|461,|14-09|西葡11万与俄征27万|H72行439–461，印刷45–46页；CSV行17–18|【文献推断】前者回返假设下法国人与外国人损耗，后者作者假设未归数；不是全联军死亡，不可直接当S2省下的可用军队。|,仅候选：可能单位换算、概括、纠错或真正遗漏；不能以字符串未命中判漏
nodes/r_b55f2c1cf5/cards/t_759180/audit_forces.md,79,## 五、C14审查矩阵,1576|16271810,|14-12|和平减费选项确有同期锚|`P/df27e5314cf3.md`行1576–1627，1810-01-30口授；CSV F01–F03|【事实】意大利3000万上限，伊利里亚400万+800万且有排除项；减营、减中队、就地供养均有文本。非实支，不给全国常备军可养上限。|,仅候选：可能单位换算、概括、纠错或真正遗漏；不能以字符串未命中判漏
nodes/r_b55f2c1cf5/cards/t_759180/audit_forces.md,114,### I-03　有限比较被“缺口”总括遮蔽,65.2|71.6,2. 现役占海勤两栏合计约28.8%→65.2%→71.6%（1803／04／05）。这是**分类动员比例**，不是适航率、训练合格率或即战率。它能展示战争动员幅度，不能外推1830。,仅候选：可能单位换算、概括、纠错或真正遗漏；不能以字符串未命中判漏
nodes/r_b55f2c1cf5/cards/t_759180/audit_forces.md,115,### I-03　有限比较被“缺口”总括遮蔽,135666|148929|54800,3. 英国现役战列舰吨位54800→135666→148929已在数据表，不宜把“缺英法同口径吨位比”写成“没有吨位资料”。,仅候选：可能单位换算、概括、纠错或真正遗漏；不能以字符串未命中判漏
nodes/r_b55f2c1cf5/cards/t_759180/audit_region.md,73,## 三、C7：10项,10520|10547,|7.9|5万联军在抵印前威慑英国|同文件10520–10547行，1808-02-02信引文|通过于意图及劝说层；“一个月到博斯普鲁斯”是文书预测，不是后勤认证。|,仅候选：可能单位换算、概括、纠错或真正遗漏；不能以字符串未命中判漏
nodes/r_b55f2c1cf5/cards/t_759180/audit_timeline.md,30,## C17引文抽查（12组）,1576|1627,|9|意大利军预算≤3000万；另伊利里亚炮兵辎重≤400马|`downloads/pages/df27e5314cf3.md` 1576–1627|分别通过；400马与裁营裁骑属前段伊利里亚，不能归意大利军。意大利部分含跨地区重配、让法国并合部门分担，不能单读为全国净削减；综合括号压缩须分清地区|,仅候选：可能单位换算、概括、纠错或真正遗漏；不能以字符串未命中判漏
nodes/r_b55f2c1cf5/cards/t_759180/critique.md,129,### RT10｜P2｜损耗区间与数据冻结称谓超出核验状态,265.5|9825,【事实·核读／子审】Houdaille缓存`downloads/pages/b4cf5e9825fc.md`印42页总数式为87万；回返修正脚注为89万、结论取约90万（细定位见`audit_forces.md`14-03/04）。这是同研究修订，不是统计区间。缺失表格使法国出生人口、外国军籍及具体合计母体尚不能完全认证；征召265.5万的1804疆域口径不能搬给死亡总数。,仅候选：可能单位换算、概括、纠错或真正遗漏；不能以字符串未命中判漏
nodes/r_b55f2c1cf5/cards/t_75e9a5/c13_settlement_design.md,232,## 八、引文定位及材料状态,1986040|973,"- **S11** Robert Jervis，“Paul Schroeder: Bringing Moderation, Morality, and Progress Back In”，H-Diplo/ISSF Forum 28；`downloads/pages/a973c8fab9ef.md`，文件约148–176行；https://issforum.org/forums/28 。是Jervis对Schroeder的解释，不是Schroeder本人原句。原论文DOI 10.2307/1986040仅题录，未读正文。",仅候选：可能单位换算、概括、纠错或真正遗漏；不能以字符串未命中判漏
nodes/r_b55f2c1cf5/cards/t_7ee3b0/c3_naval_race_model.md,109,### 3.2 英国舰材脆弱性存在，但“有依赖”不等于“已断供”,1186|5188,"【事实｜Davey转引，非新增模型输入】C2迟到补遗记录1801俄国大麻进口37,000 tons、超过21英寸Riga桅杆1,186根及同尺寸美国桅杆198根；1809组织运输5,188根pine sticks。前者不是纯海军采购，后者不是已到货全年量，吨制及上游统计未完成核对。本卡只用来辨认材料约束，不以它们补年度平衡。[D3、E6]",仅候选：可能单位换算、概括、纠错或真正遗漏；不能以字符串未命中判漏
nodes/r_b55f2c1cf5/cards/t_7ee3b0/c3_naval_race_model.md,164,## 七、可复查短引文与书目,615|660,- **E1** 同收信人，1810-07-13：“les équipages pourraient s’amariner en peu de temps”；“on prendrait les matelots les plus amarinés et les plus habiles des flottilles”。同缓存行615—660。前句为预期、后句为人员转换规则，非实际海上日。原转录内部人数和船数有不一致，不用于冻结编制总量。,仅候选：可能单位换算、概括、纠错或真正遗漏；不能以字符串未命中判漏
nodes/r_b55f2c1cf5/cards/t_7ee3b0/c3_naval_race_model.md,167,## 七、可复查短引文与书目,1690|755,"- **E4** William James, *The Naval History of Great Britain*, new ed., IV (Richard Bentley & Son, **1886**)，p.108：“After a stay here of 16 days, the French squadron weighed and set sail for Cayenne”；p.114：“a gale or hurricane overtook the squadron, scattering the ships in every direction”；p.116记英舰也失散。`downloads/pages/d6e755fb0b5d.md`行1690—1703、1765以下；卡内`materials/James_1886_IV_sortie_passages.md` A—F。[扫描PDF](https://www.ibiblio.org/hyperwar/NHC/NewPDFs/UK/UK,%20Naval%20History%20of%20Great%20Britain%204.pdf)。不是1837版同页。",仅候选：可能单位换算、概括、纠错或真正遗漏；不能以字符串未命中判漏
nodes/r_b55f2c1cf5/cards/t_95ef51/c4_endurance_scenarios.md,27,## 2. 英国：压力指标，而非崩溃刻度,106112|214|3344|35593710|46540310,"|融资条件|U1 cc214–216：当日议定£7.5m贷款，年度利息£355,937 10s；另有偿债基金£106,112、管理费£3,344|合约利息不是全债务平均收益率；含偿债基金总年负担£465,403 10s也不是纯利息；最差发行条件未识别|",仅候选：可能单位换算、概括、纠错或真正遗漏；不能以字符串未命中判漏
nodes/r_b55f2c1cf5/cards/t_95ef51/c4_endurance_scenarios.md,34,## 2. 英国：压力指标，而非崩溃刻度,46539310|46540310,"【事实】U1贷款每£100认购配£100的3% reduced、£20的3% consols、£20的4% stock，另配长期年金。因此筹得现金与新增债券面额不同。该网页所列利息、偿债基金、管理费三项之和为£465,393 10s，与所报总额£465,403 10s相差£10；保留差异待影印核对，不用总额校准。发言者虽称融资条件有利，也报告某类新借款成本较上年上升。**【裁量｜高】应判为仍能融资且有压力，既非“没有危机”，也非“已财政崩溃”。**",仅候选：可能单位换算、概括、纠错或真正遗漏；不能以字符串未命中判漏
nodes/r_b55f2c1cf5/cards/t_95ef51/c4_endurance_scenarios.md,223,## 10. 来源台账与核验层级,00144|6738,"- **H5** Lawrence Freedman评Roger Knight, *Britain against Napoleon: The Organisation of Victory, 1793–1815*，FT书评；`01c0c0eb46a8.md`；https://www.ft.com/content/09dfe7f0-6738-11e3-a5f9-00144feabdc0 。非Knight本人原页。",仅候选：可能单位换算、概括、纠错或真正遗漏；不能以字符串未命中判漏
nodes/r_b55f2c1cf5/cards/t_95ef51/c4_endurance_scenarios.md,225,## 10. 来源台账与核验层级,2111|430200035,"- **F2** Alain Plessis, 法兰西银行研究，*Revue du Souvenir Napoléonien* 430,2000,35–43，网页“Napoléon et sa Banque”节及注17–22bis；`54a70cc2111c.md`；https://www.napoleon.org/histoire-des-2-empires/articles/la-banque-de-france-une-des-grandes-institutions-napoleoniennes/ 。Ramon原书与原信未亲阅。",仅候选：可能单位换算、概括、纠错或真正遗漏；不能以字符串未命中判漏
nodes/r_b55f2c1cf5/cards/t_95ef51/fr_crisis_checks.md,33,### E2｜1810年：4500万法郎用于结清旧预算拖欠,562|61139,- **定位**：Gabillard p.562；缓存`downloads/pages/e4f61139af7d.md`，检索`un prêt au Trésor de 45 millions`。保留抓取文本缺标点的原貌；意为清偿1801–1809各预算年度拖欠。,仅候选：可能单位换算、概括、纠错或真正遗漏；不能以字符串未命中判漏
nodes/r_b55f2c1cf5/cards/t_95ef51/fr_crisis_checks.md,87,### E6｜1812年国内间接税：已有可观收入基础，但口径待原账,557|558|561,- **制度意义【文献推断｜Gabillard】**：pp.557–558明确说岁入增长主要来自间接税与关税；革命遗留的直接税体系征收较有效率，但“四项老税”估值僵硬，不能随经济增长自动扩张。p.561指出1806年7月Caisse de Service使税款随征收进度可供国库使用。故法国已有税种、征收和现金调拨基础，不是只能靠国外贡赋的财政空壳。,仅候选：可能单位换算、概括、纠错或真正遗漏；不能以字符串未命中判漏
nodes/r_b55f2c1cf5/cards/t_95ef51/fr_crisis_checks.md,104,## 国内税收转型：已存在什么，尚不能证明什么,557|562,【文献推断｜Gabillard pp.557–562；Plessis末节】已存在三层基础：可运转的国内直接及间接税征收；改善税款入库与支付时序的Caisse de Service等机构；有选择的银行信用和国库融资。Plessis明确叙述银行对国库贷款，故Gabillard“从不借助银行融资”的绝对表达不能照抄。C9另外核得1810年商业贴现和偿债基金票据指令；本卡不再重复计为新增独立证据。,仅候选：可能单位换算、概括、纠错或真正遗漏；不能以字符串未命中判漏
nodes/r_b55f2c1cf5/cards/t_95ef51/fr_crisis_checks.md,123,## 缺口、排除项与下一步最小复核,556|557|561,- **财政缺口**：Gabillard p.557图表缺失；4500万与2亿均需原账和毛净口径。p.556旧预算余额数字在OCR中丢失，p.561起讫纪年“an xvii”可疑，均不引用为精确量。,仅候选：可能单位换算、概括、纠错或真正遗漏；不能以字符串未命中判漏
nodes/r_b55f2c1cf5/cards/t_95ef51/uk_fiscal_checks.md,40,## 3. O’Brien税收表：58.25与62.67百万都不是单年值,58.25|62.67,## 3. O’Brien税收表：58.25与62.67百万都不是单年值,仅候选：可能单位换算、概括、纠错或真正遗漏；不能以字符串未命中判漏
nodes/r_b55f2c1cf5/cards/t_95ef51/uk_fiscal_checks.md,69,## 5. 1811借款：危机中的融资条件，而不是“无压力”,106112|3344|35593710|46540310,"【事实：预算发言记载】当日上午议定£7.5m借款；每认购£100配£100的3% reduced、£20的3% consols、£20的4% stock，另有长期年金。其年度利息 **£355,937 10s**，偿债基金£106,112，管理费£3,344，合计£465,403 10s。",仅候选：可能单位换算、概括、纠错或真正遗漏；不能以字符串未命中判漏
nodes/r_b55f2c1cf5/cards/t_a8401d/c17_sources.md,40,## 二、抽查锚点（短引可用于红队回放）,1576|1627,9. 【事实·现代文书转录】1810-01-30行政会议口授：`Le budget de l’armée d’Italie ne doit pas dépasser 30 millions`；`pas plus de 400 chevaux`。`downloads/pages/df27e5314cf3.md`行1576–1627。分别为地方预算上限与炮兵辎重马匹上限，不是实付/实马/全国和平定额；1.7与53百万矛盾数字不入账。,仅候选：可能单位换算、概括、纠错或真正遗漏；不能以字符串未命中判漏
nodes/r_b55f2c1cf5/cards/t_a8401d/c17_sources.md,45,## 二、抽查锚点（短引可用于红队回放）,18011809|562|61139,14. 【文献推断·Gabillard】`un prêt au Trésor de 45 millions pour solder les arriérés des exercices de 1801 1809`。`downloads/pages/e4f61139af7d.md`，Gabillard p.562；单源二手，非1810税收或季度流水。,仅候选：可能单位换算、概括、纠错或真正遗漏；不能以字符串未命中判漏
nodes/r_b55f2c1cf5/cards/t_a8401d/calendar_evidence.md,26,## 一、1805年日期链,14035|14042,| **10月7日，Q4：到达Mack后方多瑙河** | 【事实：据F，p.271】“by the 7th of October one hundred thousand men had reached the Danube in his rear”；F行14035–14042。 | 这是作者所述特定到达节点，非逐军渡莱茵日程；人数未在本核查独立验算。 |,仅候选：可能单位换算、概括、纠错或真正遗漏；不能以字符串未命中判漏
nodes/r_b55f2c1cf5/cards/t_a8401d/calendar_evidence.md,33,### 反证与日期差异,13919|13925,"3. 【事实：反证】C p.277行13919–13925记布洛涅防卫军规划25,000人，p.275又记第三营替换战斗营。它反对把F“not a man”解释为全港无人；同时这只是留下守军的计划证据，不证明规划数全部实际到位。",仅候选：可能单位换算、概括、纠错或真正遗漏；不能以字符串未命中判漏
nodes/r_b55f2c1cf5/cards/t_b7b7b1/c16_britain_under_defeat.md,134,## 四、“蓝水退路”核算：有缓冲，非无限替代,100.3|40.6|93.0,【模型推演｜描述性算术】1808相对1807：美国D减少6.61，其余美洲D增加6.15，增量／损失约93.0%；含转口时为6.82／6.80≈100.3%。这仅说明汇总美洲市场缓冲**美国市场**收缩，不是拉美对欧洲替代率。1808其余美洲D／全球D≈40.6%是份额，也不是替代率。,仅候选：可能单位换算、概括、纠错或真正遗漏；不能以字符串未命中判漏
nodes/r_b55f2c1cf5/cards/t_b7b7b1/trade_evidence.md,7,## 结论与完成边界,238|247,【事实｜本次阅读范围】先检查工作区downloads及Kaufmann/Platt文件名，复用Heckscher原PDF；读印页173–178、238–247，并目视核对印页175、244、245的图像。Kaufmann只取得文件题录；Platt取得可核查的转引指向；Crouzet取得Chaloner书评全文与其中的原书引句，未取得三人的目标专著正文。以下不冒充完成了三书原文核验。**分地区拉美年表仍是实质缺口**，而非零值。,仅候选：可能单位换算、概括、纠错或真正遗漏；不能以字符串未命中判漏
nodes/r_b55f2c1cf5/cards/t_b7b7b1/trade_evidence.md,61,### 1808对1807,36.4|40.6|40.88|49.97,【模型推演｜另一个必须拒绝的算法】1808年其余美洲国内品16.59/全球国内品40.88＝**40.6%**；若加转口则18.17/49.97＝**36.4%**。这是存量份额，不是增量替代率。它与文献中“1808拉美占英国出口40%”数值接近，构成应追溯原表的警报；**数值接近不是同源证明**。,仅候选：可能单位换算、概括、纠错或真正遗漏；不能以字符串未命中判漏
nodes/r_b55f2c1cf5/cards/t_b7b7b1/trade_evidence.md,67,## 三、1810–1812为何不能外推繁荣,30.1|34.92|49.98|55.9,【模型推演｜原表算术】1810→1811，其余美洲国内品由15.64降至11.94百万镑，下降**23.7%**；转口由2.04降至0.90，下降**55.9%**。两类合计减少4.84百万镑、下降**27.4%**。全球国内品同期49.98→34.92，下降**30.1%**。1811其余美洲国内品仍比1807高1.50百万镑，但高于某个基期绝不等于足以抵补同时发生的欧洲和美国损失。,仅候选：可能单位换算、概括、纠错或真正遗漏；不能以字符串未命中判漏
nodes/r_b55f2c1cf5/cards/t_b7b7b1/trade_evidence.md,79,## 三、1810–1812为何不能外推繁荣,243|247,【事实｜同时代证词，转引】印页243转引1811年2月商人集会材料，称累积货物因出口受阻而“the goods became a burthen”。印页246–247转引Tooke所收1810年11月22日利物浦来信，把殖民地/美洲商品进口过量与南美制造品出货的过度乐观同时列为困境来源。这些是同时代论述，经Heckscher/Tooke转引，不是假称查读商会原档。,仅候选：可能单位换算、概括、纠错或真正遗漏；不能以字符串未命中判漏
nodes/r_b55f2c1cf5/cards/t_bef693/c9_war_finance.md,70,### 2. 藩属与战败国,208|219,| 威斯特伐利亚债务 | Grab p.101：1812年累计140–200百万法郎；p.219注43转引Connelly p.208 | 含前统治者遗留债务；不是全欠法国，也不是全由拿破仑新增 |,仅候选：可能单位换算、概括、纠错或真正遗漏；不能以字符串未命中判漏
nodes/r_b55f2c1cf5/cards/t_bef693/c9_war_finance.md,122,### 2. 赠产：能够内地化，但不能免费补偿所有人,15165000|4035|683,"【文献推断｜Senkowska-Gluck】1809年8月已分配赠产年收入为15,165,000法郎；1810年1月超过1800万，受益人4035。[S2，p.683] 这些是受益人收入，不是国库税收，也不是赠产资本价值。",仅候选：可能单位换算、概括、纠错或真正遗漏；不能以字符串未命中判漏
nodes/r_b55f2c1cf5/cards/t_bef693/c9_war_finance.md,136,### 2. 赠产：能够内地化，但不能免费补偿所有人,1221|30698,"【文献推断｜Senkowska-Gluck】重读原文发现两项执行边界：p.690明确说，为强制购置相称住宅而扣留majorat收入的安排未生效，因为扣留形式从未规定；**这条不实施陈述仅指住宅条款，不能扩大为境外赠产出售从未执行。**p.693结尾则说整个赠产体系“s’est écroulé avant d’avoir été parachevé, avant d’avoir atteint son plein développement”，即未完成、未充分发展即告崩溃。文章没有提供本卡所需的出售转投合规率。p.690注1还记录Cambacérès担忧新委员会偏向王室财产安全而非受赠人收益，提示执行中的利益冲突（转引AN AF IV 1221、BB30 698，原档未阅）。",仅候选：可能单位换算、概括、纠错或真正遗漏；不能以字符串未命中判漏
nodes/r_b55f2c1cf5/cards/t_bef693/c9_war_finance.md,217,## 八、来源、版本与独立性,1660|201660|813031,"| S4 | Patrick K. O’Brien，“The Political Economy of British Taxation, 1660–1815”，EcHR 41(1), 1988, pp.1–32；表1及随后论借款段 | http://slantchev.ucsd.edu/courses/ps143a/readings/O'Brien%20-%20Political%20Economy%20of%20British%20Taxation,%201660-1815.pdf ；`downloads/pages/bb07a813031b.md` |",仅候选：可能单位换算、概括、纠错或真正遗漏；不能以字符串未命中判漏
nodes/r_b55f2c1cf5/cards/t_bef693/c9_war_finance.md,220,## 八、来源、版本与独立性,123456789|219|44567,"| S7 | Alexander Grab，Napoleon and the Transformation of Europe，Palgrave, 2003；pp.101、161–162、219注43 | https://ndl.ethernet.edu.et/bitstream/123456789/44567/1/2.Alexander%20Grab.pdf ；`downloads/pages/2ad693d5ac13.md`；Connelly、Berding均明确为转引 |",仅候选：可能单位换算、概括、纠错或真正遗漏；不能以字符串未命中判漏
nodes/r_b55f2c1cf5/cards/t_bef693/extraction_evidence.md,19,## 1. 实际读到的版本与本地留存,123456789|219|44567,"| G | Alexander Grab, *Napoleon and the Transformation of Europe*, Palgrave Macmillan, 2003 | https://ndl.ethernet.edu.et/bitstream/123456789/44567/1/2.Alexander%20Grab.pdf ；`downloads/pages/2ad693d5ac13.md` | 已阅读相关pp.26–28、101、161–162、219及上下文；非全书通读 |",仅候选：可能单位换算、概括、纠错或真正遗漏；不能以字符串未命中判漏
nodes/r_b55f2c1cf5/cards/t_bef693/extraction_evidence.md,58,### 2.3 内部差异：必须保留，不能悄悄修正,129|352|382,"- B2 p.7正文项目写节省 **352百万**；同页前段给253+129≈382，p.13总表给 **383**。后者使809+154+453+383=1,799成立。**建议采用p.13总表并明注正文352疑似排印/版本错误，尚未图像对校。**",仅候选：可能单位换算、概括、纠错或真正遗漏；不能以字符串未命中判漏
nodes/r_b55f2c1cf5/cards/t_bef693/extraction_evidence.md,131,## 6. 西班牙占领净成本：能证到哪里,554|71,【事实｜文献内容，回溯性转引】Gabillard p.554说，据Mollien，运往西班牙的金属货币平均每年30百万法郎，1811年71百万。这是**Mollien回忆录转引自Gabillard**；该句没有清晰给出平均数的起讫年，不能乘六生成年份总计。金属货币运输不是整个战区的净军费，也不含所有法国境内装备、人员补充和运输支出。,仅候选：可能单位换算、概括、纠错或真正遗漏；不能以字符串未命中判漏
nodes/r_b55f2c1cf5/cards/t_bef693/extraction_evidence.md,139,### 6.1 补核：1810年5月5日致Mollien信（同时代锚点）,25240612|402|417,"【事实｜文书内容】已实际读取 `downloads/pages/25240612f417.md` 第394–402行。来源：https://napoleon-histoire.com/correspondance-de-napoleon-ier-mai-1810/ 。精确定位为“Anvers, 5 mai 1810”，当日致Mollien的**第二封信**，首句涉及西班牙军第8、第2、第6军军饷，勿与前一封论法兰西银行的信混淆。",仅候选：可能单位换算、概括、纠错或真正遗漏；不能以字符串未命中判漏
nodes/r_b55f2c1cf5/cards/t_c17367/c7_orient_india.md,111,### 3.2 陆路表,518|519,"|占领区财政与敌意|1799克莱贝尔信称额外征敛可能引发起义、欠款近1200万；拿破仑后来反驳，称仅150万欠饷、1600万应收。[S10,pp.518–519]|【事实】双方争议存在；【限制】数字不可择一当冻结真值。至少说明命令、应收税、实际现金和社会顺服不可混同。|",仅候选：可能单位换算、概括、纠错或真正遗漏；不能以字符串未命中判漏
nodes/r_b55f2c1cf5/cards/t_c17367/c7_orient_india.md,233,## 九、可复核来源、版本与同源关系,1120|361323912,"- **S5** Intelligence Branch, Division of the Chief of the Staff, India, *Frontier and Overseas Expeditions from India*, vol.VI, *Expeditions Overseas*，Calcutta: Superintendent Government Printing,1911，第二章“Egyptian Expedition of 1801”，pp.9–14，附录C pp.18–19。https://archive.org/stream/ExpeditionsOverseas/Expeditions%20Overseas_djvu.txt ；`downloads/pages/e6f361323912.md`，行1120–1400、1806–1915。OCR可读，未对校全部影像。正文是后出官方史，附录为较早命令的转印；不因“官方”就豁免批判。",仅候选：可能单位换算、概括、纠错或真正遗漏；不能以字符串未命中判漏
nodes/r_b55f2c1cf5/cards/t_c17367/c7_orient_india.md,245,## 九、可复核来源、版本与同源关系,1292|1673|209212|841,"- **S16** Jean Calmard, “Gardane Mission,” *Encyclopaedia Iranica*,2000，更新2013。https://www.iranicaonline.org/articles/gardane-mission/ ；`downloads/pages/fcff28bd1292.md`，按段首“His credentials”“The mission was warmly received”“Gardane assured”“Gardane’s mission…was also hampered”定位。已读正文和书目。伊朗主体性及文书档案均**转引自此条目**。其中档案线索：AAE CP Perse vols.8–11,15；Turquie vols.205–209,212；SHAT Gardane个人档8Yd/841/GB2/S及MS1673；TNA FO60/1–3,FO248/1–18；IOR G/29 vols.20–31。Qajar材料包括Donbolī,*Maʾāṯer-e solṭānīya*及Hedāyat等；未亲读。",仅候选：可能单位换算、概括、纠错或真正遗漏；不能以字符串未命中判漏
nodes/r_b55f2c1cf5/cards/t_c2dbca/americas_haiti.md,14,## 学派比较与juntas,2008319|44896|5084,"[A] Jeremy Adelman,“An Age of Imperial Revolutions”,AHR113(2),2008,319–340，实际读开篇及注32–39附近连续正文。https://academic.oup.com/ahr/article-pdf/113/2/319/44896/113-2-319.pdf ；缓存downloads/pages/faaeb1cd5084.md行248–317。开篇319–320：『There was little that was inevitable about imperial demise.』注32附近：『the growing weakness of state structures did not provoke secessionist movements』；注39附近：『It was these civil wars that yielded to independence, and not secession that sparked the civil war.』后两句单页未图像核定。战争、信用、商人、奴隶贸易和统治联盟重组并非单向导致分离；自由贸易也可增强帝国财政。王室迁巴西保留主权象征，而后重新集中权力又可破坏自治契约。未读作者Sovereignty and Revolution专著，不以论文充作全书。",仅候选：可能单位换算、概括、纠错或真正遗漏；不能以字符串未命中判漏
nodes/r_b55f2c1cf5/cards/t_c2dbca/britain_silver.md,23,## 白银支付链,1442|18502000|202000,"【事实·Marichal记述】Carlos Marichal，“El comercio neutral y los consorcios extranjeros en Veracruz,1805–1808”，载Yuste López、Souto Mantecón编El Comercio Exterior de México1713–1850，2000，pp.163–192。https://carlosmarichal.colmex.mx/finanzas-coloniales/Comercio%20neutral%202000.pdf ；缓存downloads/pages/63d42a1442bd.md。关键节“La segunda guerra naval…”与“Las operaciones del consorcio Hope y Baring…”；关键行156–190、237–325；注18、27、30、32。无可靠逐页映射，不虚配引句页码。",仅候选：可能单位换算、概括、纠错或真正遗漏；不能以字符串未命中判漏
nodes/r_b55f2c1cf5/cards/t_c2dbca/c5_iberia_americas.md,114,## 七、总装用约束与未决,284|295,6. 【未验证】Robertson正文、Buist295–356、Fortescue VI、Escoiquiz/Savary连续证词、1815官刊影像、Roussier284–285影像、法方代理训令待补。这些分别决定介入史、银流净额、英国文书互证、联姻真诚性、法条转录、复奴训令异文及正式代理身份。,仅候选：可能单位换算、概括、纠错或真正遗漏；不能以字符串未命中判漏
nodes/r_b55f2c1cf5/cards/t_c2dbca/c5_iberia_americas.md,136,### 拉美与英国、白银,1442|2000163|202000,"- B2 Carlos Marichal,“El comercio neutral y los consorcios extranjeros en Veracruz,1805–1808”，载Carmen Yuste López、Matilde Souto Mantecón编El Comercio Exterior de México1713–1850,Instituto Mora/IIH-UNAM/Universidad Veracruzana,2000,163–192，实读两核心节及注18/27/30/32。https://carlosmarichal.colmex.mx/finanzas-coloniales/Comercio%20neutral%202000.pdf ；缓存63d42a1442bd.md。",仅候选：可能单位换算、概括、纠错或真正遗漏；不能以字符串未命中判漏
nodes/r_b55f2c1cf5/cards/t_c2dbca/c5_iberia_americas.md,142,### 海地法源,1727377|31815|71,- H3 1815-03-29法令百科转录，https://fr.wikipedia.org/wiki/D%C3%A9cret_imp%C3%A9rial_abolissant_la_traite_des_Noirs ，缓存a1727377ccf1.md；Archives71馆藏说明https://www.archives71.fr/decouvrir/apprendre-et-se-divertir/zooms/zooms-archives/bicentenaire-de-labolition-de-la-traite-negriere ，缓存3a99c93d0002.md，确认Document2为Bulletin des lois禁贩令，未得影像。,仅候选：可能单位换算、概括、纠错或真正遗漏；不能以字符串未命中判漏
nodes/r_b55f2c1cf5/cards/t_c2dbca/spain_evidence.md,33,## afrancesados：支持基础及解释争论,0292|1055902,【事实·研究统计】López Tabar，《El fracaso de la tercera vía. José I y los afrancesados (1808–1813)》pp.40–41，以其搜集逾4000人的名录为分母：约58%属行政系统；979名军事人员主要为军官；252名教士，多为城市、受教育的教会人士；近百贵族。不是全国民意抽样，不可换算成支持率，类别可能交叠不可简单求和。原文『Casi un 58% de las personas recogidas en este censo pertenecen a la administración.』缓存 `downloads/pages/2c14f1e0292d.md`；https://www.cervantesvirtual.com/descargaPdf/el-fracaso-de-la-tercera-via-jose-i-y-los-afrancesados-1808-1813-1055902/ 。实际取得为网页工具抽取文本，非本地完整PDF。,仅候选：可能单位换算、概括、纠错或真正遗漏；不能以字符串未命中判漏
nodes/r_b55f2c1cf5/cards/t_c2dbca/spain_evidence.md,37,## afrancesados：支持基础及解释争论,038|8410|931299|944,"【文献推断·Dufour】《Los afrancesados o una cuestión política: los límites del despotismo ilustrado》，Cuadernos de Historia Moderna. Anejos VI (2007), pp.269–277，强调契约宪制的变化，却批评等级结构与惧怕人民的社会边界。其证据包括1811年8月19日Gazeta de Madrid n231 p944对加的斯改革滑向『una república imaginaria』的指责（转引，未亲见报纸）。缓存 `downloads/pages/4ecf038a8410.md`；https://www.cervantesvirtual.com/descargaPdf/los-afrancesados-o-una-cuestion-politica-los-limites-del-despotismo-ilustrado-931299/ 。",仅候选：可能单位换算、概括、纠错或真正遗漏；不能以字符串未命中判漏
nodes/r_b55f2c1cf5/cards/t_d604cd/c18_eastern_frontier.md,29,### 2.1 行政、法律与社会基础,378|391,【文献推断｜Czubaty】公国的现代性不应只看是否复制法国法律，而应看国家是否发展行政协调、财税、教育和社会改造能力。他同时记录人员短缺、低薪、过重行政成本及地方执行问题，拒绝将法令和实际社会转型视为同一件事。[P1，pp.378–391],仅候选：可能单位换算、概括、纠错或真正遗漏；不能以字符串未命中判漏
nodes/r_b55f2c1cf5/cards/t_d604cd/c18_eastern_frontier.md,49,### 2.2 军事、债务与财政口径表,3000000|4701326|5146002,"|附属结算|【事实｜博物馆叙述】其他放弃收入4,701,326法郎；盐矿及炮兵供应款由5,146,002减至3,000,000，限1808年7月1日前付。[P3]|分别保留，不与债权面值、地产封赏拼成总债务。|",仅候选：可能单位换算、概括、纠错或真正遗漏；不能以字符串未命中判漏
nodes/r_b55f2c1cf5/cards/t_d604cd/c18_eastern_frontier.md,99,### 3.2 1812立陶宛：热情怎样才能变成部队,1646|5479|685,"【定位】资金见[P6，pp.288–290]；人数和组织完成时间见结尾pp.294以后“Pomimo wskazanych przeszkód…”段。资金请求原件仅经作者引AN AF IV 1646, pl.7, no.27；批准命令引AF IV 685, pl.5479。",仅候选：可能单位换算、概括、纠错或真正遗漏；不能以字符串未命中判漏
nodes/r_b55f2c1cf5/cards/t_d604cd/c18_eastern_frontier.md,249,### 波兰与法俄文书,123456789|185|243|44567,"- **P2** Alexander Grab, *Napoleon and the Transformation of Europe*, 2003，第11章，pp.180–185及第11章注13（Handelsman p.243）。`downloads/pages/2ad693d5ac13.md`；https://ndl.ethernet.edu.et/bitstream/123456789/44567/1/2.Alexander%20Grab.pdf 。",仅候选：可能单位换算、概括、纠错或真正遗漏；不能以字符串未命中判漏
nodes/r_b55f2c1cf5/cards/t_d604cd/c18_eastern_frontier.md,253,### 波兰与法俄文书,33326|7022|82018,"- **P6** Dariusz Nawrot, “Komitet Wojskowy na Litwie w 1812 r.”, *Studia i Materiały*, t.8, 2018, ARX REGIA，ISBN 978-83-7022-250-5，pp.288–290及结尾动员段。`downloads/pages/9af33326aacf.md`；https://academic-journals.eu/pl/download?path=%2Fuploads%2FZm9sZGVycHVibWVkaWE%3D%2Fdocuments%2Fstudia_i_materialy_viii_nawrot_komitet_wojskowy_na_litwie_w_1812.pdf 。",仅候选：可能单位换算、概括、纠错或真正遗漏；不能以字符串未命中判漏
nodes/r_b55f2c1cf5/cards/t_f3c44f/c10_causal_evidence.md,34,## 三、主证据矩阵,01538.08162|0169|4031,"|Buggle：2013稿，非2016刊本[5]|19世纪民法典采用且保留；边界侧90年以上对短期/未采用；2003 SOEP信任等|50公里历史法律边界样本表4(5)：信任0.0485(SE.0169)，N4031，近似区间[.01538,.08162]；州FE|处理包括1815后保留；迁移与祖籍未识别；微观人数不等于独立处理数；边界主表为异方差稳健而非空间聚类|法治遗产可能影响社会合作；不能证明1848前合法性，也不能把信任变成服从法国|",仅候选：可能单位换算、概括、纠错或真正遗漏；不能以字符串未命中判漏
nodes/r_b55f2c1cf5/cards/t_f3c44f/c10_causal_evidence.md,35,## 三、主证据矩阵,0403|0692|07237|12901|208|28699|34363,"|Lecce–Ogliari 2019-03稿[4]|447普鲁士县；被法国并合/卫星国×新教人口份额；1886男性小学教师工资对数|表3(5)交互−.208(SE.0403)，近似区间[−.28699,−.12901]；按前拿破仑政治单位聚类SE.0692时[−.34363,−.07237]|宗教非随机且主测量为1871；工资非GDP；后处理控制；19地区DID存在1750前期交互显著；文化与制度接近性难完全分离|反对无条件同质收益外推；不是新教有害、不是宗教本质论，也不是欧洲普适阈值|",仅候选：可能单位换算、概括、纠错或真正遗漏；不能以字符串未命中判漏
nodes/r_b55f2c1cf5/cards/t_f3c44f/c10_causal_evidence.md,36,## 三、主证据矩阵,2215|6206,|Dincecco 2009刊本文本[6]|11国长面板财政集中×支出约束；人均公共收入的对数、黄金计价|OLS-PCSE及AR(1)，表6(2)集中专制.2215，集中有限政府.6206；详下|改革受战争与财政危机内生影响；PCSE解决误差结构不解决内生性；城市化可能是中介|把征收集中与支出约束分开；不得称拿破仑使税收增加22%/62%|,仅候选：可能单位换算、概括、纠错或真正遗漏；不能以字符串未命中判漏
nodes/r_b55f2c1cf5/cards/t_f3c44f/c10_causal_evidence.md,39,## 三、主证据矩阵,05703.29497|0607|0749|10820|2010.176|255|40180,"|Franck–Michalopoulos 2017 WP[9]|法国革命流亡比例；省级长期收入、产业与教育|1792夏温异常工具。表4：1860 log人均GDP −.255(SE.0749)，近似区间[−.40180,−.10820]；2010 .176(.0607)，[.05703,.29497]|气候可经其他渠道影响长期结果；流亡处理尺度未完成原页复核，禁止换算百分比；跨世纪迁移/政策|表明分配变动可能短期与长期异号；不是拿破仑工业政策效应，且流亡早于1803分岔|",仅候选：可能单位换算、概括、纠错或真正遗漏；不能以字符串未命中判漏
nodes/r_b55f2c1cf5/cards/t_f3c44f/c10_causal_evidence.md,43,### 效应量补注,0205|0532|165681.43368|214|3297|408|463|634|650.330,"【事实】ACJR表3西易北、1750人口加权：1850系数−.160(SE.250)，近似区间[−.650,.330]；1900系数.634(.408)，近似区间[−.16568,1.43368]。单位是每一法国存在年对应的城市化百分点差，参照1700，不是年增长率。作者将19年折为约12个百分点，**那是点估计，不是确定的12个百分点增长**。本表西易北加权的处理后联合p=.0532，全样本加权p=.0205；未加权为.463与.214。[1，p.3297表3]",仅候选：可能单位换算、概括、纠错或真正遗漏；不能以字符串未命中判漏
nodes/r_b55f2c1cf5/cards/t_f3c44f/c10_causal_evidence.md,45,### 效应量补注,0532|212|3296|3297,"【事实】ACJR确已进行10,000次wild-bootstrap，不可误说作者完全没有少簇处理。其注14报告西易北加权1900年p从.146升至.285；未加权从.212降至.115。本文常规区间不能替代这些结果。正文把联合检验概括为5%显著，与表3列1的.0532有轻微不一致，本报告以原表为准。[1，pp.3296–3297]",仅候选：可能单位换算、概括、纠错或真正遗漏；不能以字符串未命中判漏
nodes/r_b55f2c1cf5/cards/t_f3c44f/c10_causal_evidence.md,49,### 效应量补注,27524.7048|5612,"【事实】Juhász表1圆括号为省聚类、花括号为généralité聚类；本文短期主行选择后者SE10.00（40簇）。有效距离是至伦敦最短路线距离的自然对数。分母固定1811人口。表4(9)1840年1812纱锭系数2.49(1.13)，近似区间[.2752,4.7048]；表4(13)1887年5.17(1.22)，[2.7788,7.5612]，此处圆括号是异方差稳健SE（并非省聚类；长期截面一省一行），花括号另报généralité聚类SE。它们是产业区位持续性的斜率，不是纺织总产值乘数。表4(9)/(13)的KP F分别7.404/8.281，另有控制规格降至约3.2；这提示弱工具风险，上述正态区间只能作描述，不能替代弱工具稳健区间。[3，pp.42、45]",仅候选：可能单位换算、概括、纠错或真正遗漏；不能以字符串未命中判漏
nodes/r_b55f2c1cf5/cards/t_f3c44f/c10_causal_evidence.md,53,### 效应量补注,03934|05104|14439.29861|2215|52057.72063|6206,"【模型推演】Dincecco表6(2)由系数/绝对z值重建：.2215/5.63≈SE.03934，近似95%区间[.14439,.29861]；.6206/12.16≈SE.05104，区间[.52057,.72063]。这是四舍五入输入的算术近似。两者都对“碎片化且专制”基组，**不是**宪政相对集中专制的增量；差值显著性需要协方差。对数点也不能直接读成精确百分比。[6，表6]",仅候选：可能单位换算、概括、纠错或真正遗漏；不能以字符串未命中判漏
nodes/r_b55f2c1cf5/cards/t_f3c44f/c10_causal_evidence.md,163,### 主文献和保留材料,3285|8835,"1. **Acemoglu, Cantoni, Johnson & Robinson (2011)**, “The Consequences of Radical Reform: The French Revolution,” *AER* 101(7):3286–3307，DOI **10.1257/aer.101.7.3286**。实际刊本：`downloads/c10_acjr2011.pdf`，doc **8835f54b20f5**。PDF页+3285=刊页。来源：https://economics.mit.edu/sites/default/files/publications/The%20Consequences%20of%20Radical%20Reform%20-%20The%20French%20Re_0.pdf 。关键表3 PDF12；表6 PDF17；结论/福利脚注PDF19。",仅候选：可能单位换算、概括、纠错或真正遗漏；不能以字符串未命中判漏
nodes/r_b55f2c1cf5/cards/t_f3c44f/c10_causal_evidence.md,168,### 主文献和保留材料,0022050709000345|1650|201650|554823,"6. **Dincecco (2009)**, “Fiscal Centralization, Limited Government, and Public Revenues in Europe, 1650–1913,” *JEH*69(1):48–103，DOI **10.1017/S0022050709000345**。刊本文本快照`downloads/pages/554823b77f69.md`，表6 L1825–1934；来源 https://pages.ucsd.edu/~bslantchev/courses/ps143a/readings/Dincecco%20-%20Fiscal%20Centralization,%20Limited%20Government,%20and%20Public%20Revenues%20in%20Europe,%201650-1913.pdf 。原表页图未核，引用表号/行定位。",仅候选：可能单位换算、概括、纠错或真正遗漏；不能以字符串未命中判漏
nodes/r_b55f2c1cf5/cards/t_f3c44f/mechanism_audit.md,105,### 局限,1189|1190,【事实】pp.1189–1190讨论法国统治时长作为制度变动的额外控制；不是用该变量识别拿破仑总效应。自由化可能与货币、度量衡、运输合作联动，估计不能纯归因于名义税率下调。,仅候选：可能单位换算、概括、纠错或真正遗漏；不能以字符串未命中判漏
nodes/r_b55f2c1cf5/cards/t_f81a6f/c15_continental_economy.md,93,## 四、原料瓶颈与替代品：数据冻结表,201|202,| 原棉 | 成品保护与原棉短缺可同时出现；贝格有进口受阻证据。 | G p.98；H pp.201–202的特里亚农税目为从量税。 | 【模型推演】没有稳定原棉来源，保护率提高可能同时损伤纺织生产；不可将关税保护当成实物供给。 |,仅候选：可能单位换算、概括、纠错或真正遗漏；不能以字符串未命中判漏
nodes/r_b55f2c1cf5/cards/t_f81a6f/c15_continental_economy.md,119,## 六、交通工程：有实物成果，没有完成的大陆运输网,1098|5670,| 圣康坦运河 | Cambrai—Saint-Quentin连接段52公里；1802-07-16开工，1810-04-28开通仪式，真正投用在同年10月；22座船闸、两条隧道5670及1098米。[Q，La construction/Ouvrages d’art] | 现称Cambrai—Chauny的92公里全部新挖；仪式即充分运营。 |,仅候选：可能单位换算、概括、纠错或真正遗漏；不能以字符串未命中判漏
nodes/r_b55f2c1cf5/cards/t_f81a6f/c15_continental_economy.md,247,## 来源、独立性与核验索引,132644|446|7407,- **B1/B2**：意大利银行[货币博物馆](https://www.bancaditalia.it/servizi-cittadino/musei-e-visite/museo-moneta/monete-oro/index.html)、[年表](https://www.bancaditalia.it/servizi-cittadino/mostre-ed-eventi/mostra-moneta/esplora/stanza-a/cronologia/index.html)，缓存 `adb47a132644.md`、`ab7407c7b446.md`（均在 `downloads/pages/`）。同机构叙述，非两个独立原法令核验。,仅候选：可能单位换算、概括、纠错或真正遗漏；不能以字符串未命中判漏
nodes/r_b55f2c1cf5/cards/t_f81a6f/growth_debate.md,64,### 3.2 跨市场价格楔子,293.3|307,【事实：WP Section 4，Figure 7 后、Figure 8 前；转引 Frankel 1982 pp.307–308】利物浦棉价相对查尔斯顿的溢价，1807年为27.5%，禁运最后两个月为293.3%。这是两个市场间的商品价格差，不是估计出来的全国统一从价贸易税率。,仅候选：可能单位换算、概括、纠错或真正遗漏；不能以字符串未命中判漏
nodes/r_b55f2c1cf5/cards/t_f81a6f/growth_debate.md,98,## 4. 福利量化：工作论文表4的实际数字,49.4|61.2,| 相对进口价格上涨 % | 11.9 | 61.2 | 49.4 | 8.6 | 21.0 |,仅候选：可能单位换算、概括、纠错或真正遗漏；不能以字符串未命中判漏
nodes/r_b55f2c1cf5/cards/t_f81a6f/money_infrastructure.md,30,## 三、圣康坦运河：开通了连接段，未消除全程瓶颈,1098|5670,"【事实】圣康坦与康布雷两市建筑遗产部门合编手册《Le canal de Saint-Quentin》，“Un canal de jonction／La construction／Ouvrages d’art”三节：现代名称下坎布雷—绍尼约92公里包含旧克罗扎运河；真正坎布雷—圣康坦连接段为**52公里**。1802年7月16日开工，1810年4月28日举行开通仪式，但“Sa mise en service débute réellement en octobre”。主要实绩为两隧道5,670米、1,098米及连接段22座船闸；不能把92公里全部记作拿破仑新挖。[8]",仅候选：可能单位换算、概括、纠错或真正遗漏；不能以字符串未命中判漏
nodes/r_b55f2c1cf5/cards/t_f81a6f/money_infrastructure.md,51,## 已读来源及保存索引,446|7407,- [2] [意大利银行年表](https://www.bancaditalia.it/servizi-cittadino/mostre-ed-eventi/mostra-moneta/esplora/stanza-a/cronologia/index.html)：`ab7407c7b446`，1806、1808、1811节。,仅候选：可能单位换算、概括、纠错或真正遗漏；不能以字符串未命中判漏
