case,ally_retained_fraction,fr_cost,initial_army_budget_Mfr,years,baseline_task_shift,removed_historical_tax_net_Mfr,human_balance_present,budget_gap_Mfr,lost_B_roster,required_fr_roster
B_select_Berg_1825,0,600,250,0,-30000,0,60449.999992000055,3.3294117703529196,7000.0,428882.35295058816
B_select_Berg_1825,0,600,250,0,-30000,30,60449.999992000055,33.32941177035292,7000.0,428882.35295058816
B_select_Berg_1825,0,600,250,0,-30000,60,60449.999992000055,63.32941177035292,7000.0,428882.35295058816
B_select_Berg_1825,0,600,250,0,0,0,30449.999992000055,24.505882358588224,7000.0,464176.470597647
B_select_Berg_1825,0,600,250,0,0,30,30449.999992000055,54.505882358588224,7000.0,464176.470597647
B_select_Berg_1825,0,600,250,0,0,60,30449.999992000055,84.50588235858822,7000.0,464176.470597647
B_select_Berg_1825,0,600,250,0,30000,0,449.9999920000555,45.68235294682347,7000.0,499470.5882447058
B_select_Berg_1825,0,600,250,0,30000,30,449.9999920000555,75.68235294682347,7000.0,499470.5882447058
B_select_Berg_1825,0,600,250,0,30000,60,449.9999920000555,105.68235294682347,7000.0,499470.5882447058
B_select_Berg_1825,0,600,250,10,-30000,0,63699.85499200004,3.3294117703529196,7000.0,428882.35295058816
B_select_Berg_1825,0,600,250,10,-30000,30,63699.85499200004,33.32941177035292,7000.0,428882.35295058816
B_select_Berg_1825,0,600,250,10,-30000,60,63699.85499200004,63.32941177035292,7000.0,428882.35295058816
B_select_Berg_1825,0,600,250,10,0,0,33699.85499200004,24.505882358588224,7000.0,464176.470597647
B_select_Berg_1825,0,600,250,10,0,30,33699.85499200004,54.505882358588224,7000.0,464176.470597647
B_select_Berg_1825,0,600,250,10,0,60,33699.85499200004,84.50588235858822,7000.0,464176.470597647
B_select_Berg_1825,0,600,250,10,30000,0,3699.854992000037,45.68235294682347,7000.0,499470.5882447058
B_select_Berg_1825,0,600,250,10,30000,30,3699.854992000037,75.68235294682347,7000.0,499470.5882447058
B_select_Berg_1825,0,600,250,10,30000,60,3699.854992000037,105.68235294682347,7000.0,499470.5882447058
B_select_Berg_1825,0,600,300,0,-30000,0,60449.999992000055,-46.67058822964708,7000.0,428882.35295058816
B_select_Berg_1825,0,600,300,0,-30000,30,60449.999992000055,-16.67058822964708,7000.0,428882.35295058816
B_select_Berg_1825,0,600,300,0,-30000,60,60449.999992000055,13.32941177035292,7000.0,428882.35295058816
B_select_Berg_1825,0,600,300,0,0,0,30449.999992000055,-25.494117641411776,7000.0,464176.470597647
B_select_Berg_1825,0,600,300,0,0,30,30449.999992000055,4.505882358588224,7000.0,464176.470597647
B_select_Berg_1825,0,600,300,0,0,60,30449.999992000055,34.505882358588224,7000.0,464176.470597647
B_select_Berg_1825,0,600,300,0,30000,0,449.9999920000555,-4.317647053176529,7000.0,499470.5882447058
B_select_Berg_1825,0,600,300,0,30000,30,449.9999920000555,25.68235294682347,7000.0,499470.5882447058
B_select_Berg_1825,0,600,300,0,30000,60,449.9999920000555,55.68235294682347,7000.0,499470.5882447058
B_select_Berg_1825,0,600,300,10,-30000,0,63699.85499200004,-46.67058822964708,7000.0,428882.35295058816
B_select_Berg_1825,0,600,300,10,-30000,30,63699.85499200004,-16.67058822964708,7000.0,428882.35295058816
B_select_Berg_1825,0,600,300,10,-30000,60,63699.85499200004,13.32941177035292,7000.0,428882.35295058816
B_select_Berg_1825,0,600,300,10,0,0,33699.85499200004,-25.494117641411776,7000.0,464176.470597647
B_select_Berg_1825,0,600,300,10,0,30,33699.85499200004,4.505882358588224,7000.0,464176.470597647
B_select_Berg_1825,0,600,300,10,0,60,33699.85499200004,34.505882358588224,7000.0,464176.470597647
B_select_Berg_1825,0,600,300,10,30000,0,3699.854992000037,-4.317647053176529,7000.0,499470.5882447058
B_select_Berg_1825,0,600,300,10,30000,30,3699.854992000037,25.68235294682347,7000.0,499470.5882447058
B_select_Berg_1825,0,600,300,10,30000,60,3699.854992000037,55.68235294682347,7000.0,499470.5882447058
B_select_Berg_1825,0,600,350,0,-30000,0,60449.999992000055,-96.67058822964708,7000.0,428882.35295058816
B_select_Berg_1825,0,600,350,0,-30000,30,60449.999992000055,-66.67058822964708,7000.0,428882.35295058816
B_select_Berg_1825,0,600,350,0,-30000,60,60449.999992000055,-36.67058822964708,7000.0,428882.35295058816
B_select_Berg_1825,0,600,350,0,0,0,30449.999992000055,-75.49411764141178,7000.0,464176.470597647
B_select_Berg_1825,0,600,350,0,0,30,30449.999992000055,-45.494117641411776,7000.0,464176.470597647
B_select_Berg_1825,0,600,350,0,0,60,30449.999992000055,-15.494117641411776,7000.0,464176.470597647
B_select_Berg_1825,0,600,350,0,30000,0,449.9999920000555,-54.31764705317653,7000.0,499470.5882447058
B_select_Berg_1825,0,600,350,0,30000,30,449.9999920000555,-24.31764705317653,7000.0,499470.5882447058
B_select_Berg_1825,0,600,350,0,30000,60,449.9999920000555,5.682352946823471,7000.0,499470.5882447058
B_select_Berg_1825,0,600,350,10,-30000,0,63699.85499200004,-96.67058822964708,7000.0,428882.35295058816
B_select_Berg_1825,0,600,350,10,-30000,30,63699.85499200004,-66.67058822964708,7000.0,428882.35295058816
B_select_Berg_1825,0,600,350,10,-30000,60,63699.85499200004,-36.67058822964708,7000.0,428882.35295058816
B_select_Berg_1825,0,600,350,10,0,0,33699.85499200004,-75.49411764141178,7000.0,464176.470597647
B_select_Berg_1825,0,600,350,10,0,30,33699.85499200004,-45.494117641411776,7000.0,464176.470597647
B_select_Berg_1825,0,600,350,10,0,60,33699.85499200004,-15.494117641411776,7000.0,464176.470597647
B_select_Berg_1825,0,600,350,10,30000,0,3699.854992000037,-54.31764705317653,7000.0,499470.5882447058
B_select_Berg_1825,0,600,350,10,30000,30,3699.854992000037,-24.31764705317653,7000.0,499470.5882447058
B_select_Berg_1825,0,600,350,10,30000,60,3699.854992000037,5.682352946823471,7000.0,499470.5882447058
B_select_Berg_1825,0,700,250,0,-30000,0,60449.999992000055,46.21764706541171,7000.0,428882.35295058816
B_select_Berg_1825,0,700,250,0,-30000,30,60449.999992000055,76.21764706541171,7000.0,428882.35295058816
B_select_Berg_1825,0,700,250,0,-30000,60,60449.999992000055,106.21764706541171,7000.0,428882.35295058816
B_select_Berg_1825,0,700,250,0,0,0,30449.999992000055,70.92352941835293,7000.0,464176.470597647
B_select_Berg_1825,0,700,250,0,0,30,30449.999992000055,100.92352941835293,7000.0,464176.470597647
B_select_Berg_1825,0,700,250,0,0,60,30449.999992000055,130.92352941835293,7000.0,464176.470597647
B_select_Berg_1825,0,700,250,0,30000,0,449.9999920000555,95.62941177129403,7000.0,499470.5882447058
B_select_Berg_1825,0,700,250,0,30000,30,449.9999920000555,125.62941177129403,7000.0,499470.5882447058
B_select_Berg_1825,0,700,250,0,30000,60,449.9999920000555,155.62941177129403,7000.0,499470.5882447058
B_select_Berg_1825,0,700,250,10,-30000,0,63699.85499200004,46.21764706541171,7000.0,428882.35295058816
B_select_Berg_1825,0,700,250,10,-30000,30,63699.85499200004,76.21764706541171,7000.0,428882.35295058816
B_select_Berg_1825,0,700,250,10,-30000,60,63699.85499200004,106.21764706541171,7000.0,428882.35295058816
B_select_Berg_1825,0,700,250,10,0,0,33699.85499200004,70.92352941835293,7000.0,464176.470597647
B_select_Berg_1825,0,700,250,10,0,30,33699.85499200004,100.92352941835293,7000.0,464176.470597647
B_select_Berg_1825,0,700,250,10,0,60,33699.85499200004,130.92352941835293,7000.0,464176.470597647
B_select_Berg_1825,0,700,250,10,30000,0,3699.854992000037,95.62941177129403,7000.0,499470.5882447058
B_select_Berg_1825,0,700,250,10,30000,30,3699.854992000037,125.62941177129403,7000.0,499470.5882447058
B_select_Berg_1825,0,700,250,10,30000,60,3699.854992000037,155.62941177129403,7000.0,499470.5882447058
B_select_Berg_1825,0,700,300,0,-30000,0,60449.999992000055,-3.782352934588289,7000.0,428882.35295058816
B_select_Berg_1825,0,700,300,0,-30000,30,60449.999992000055,26.21764706541171,7000.0,428882.35295058816
B_select_Berg_1825,0,700,300,0,-30000,60,60449.999992000055,56.21764706541171,7000.0,428882.35295058816
B_select_Berg_1825,0,700,300,0,0,0,30449.999992000055,20.923529418352928,7000.0,464176.470597647
B_select_Berg_1825,0,700,300,0,0,30,30449.999992000055,50.92352941835293,7000.0,464176.470597647
B_select_Berg_1825,0,700,300,0,0,60,30449.999992000055,80.92352941835293,7000.0,464176.470597647
B_select_Berg_1825,0,700,300,0,30000,0,449.9999920000555,45.62941177129403,7000.0,499470.5882447058
B_select_Berg_1825,0,700,300,0,30000,30,449.9999920000555,75.62941177129403,7000.0,499470.5882447058
B_select_Berg_1825,0,700,300,0,30000,60,449.9999920000555,105.62941177129403,7000.0,499470.5882447058
B_select_Berg_1825,0,700,300,10,-30000,0,63699.85499200004,-3.782352934588289,7000.0,428882.35295058816
B_select_Berg_1825,0,700,300,10,-30000,30,63699.85499200004,26.21764706541171,7000.0,428882.35295058816
B_select_Berg_1825,0,700,300,10,-30000,60,63699.85499200004,56.21764706541171,7000.0,428882.35295058816
B_select_Berg_1825,0,700,300,10,0,0,33699.85499200004,20.923529418352928,7000.0,464176.470597647
B_select_Berg_1825,0,700,300,10,0,30,33699.85499200004,50.92352941835293,7000.0,464176.470597647
B_select_Berg_1825,0,700,300,10,0,60,33699.85499200004,80.92352941835293,7000.0,464176.470597647
B_select_Berg_1825,0,700,300,10,30000,0,3699.854992000037,45.62941177129403,7000.0,499470.5882447058
B_select_Berg_1825,0,700,300,10,30000,30,3699.854992000037,75.62941177129403,7000.0,499470.5882447058
B_select_Berg_1825,0,700,300,10,30000,60,3699.854992000037,105.62941177129403,7000.0,499470.5882447058
B_select_Berg_1825,0,700,350,0,-30000,0,60449.999992000055,-53.78235293458829,7000.0,428882.35295058816
B_select_Berg_1825,0,700,350,0,-30000,30,60449.999992000055,-23.78235293458829,7000.0,428882.35295058816
B_select_Berg_1825,0,700,350,0,-30000,60,60449.999992000055,6.217647065411711,7000.0,428882.35295058816
B_select_Berg_1825,0,700,350,0,0,0,30449.999992000055,-29.076470581647072,7000.0,464176.470597647
B_select_Berg_1825,0,700,350,0,0,30,30449.999992000055,0.9235294183529277,7000.0,464176.470597647
B_select_Berg_1825,0,700,350,0,0,60,30449.999992000055,30.923529418352928,7000.0,464176.470597647
B_select_Berg_1825,0,700,350,0,30000,0,449.9999920000555,-4.370588228705969,7000.0,499470.5882447058
B_select_Berg_1825,0,700,350,0,30000,30,449.9999920000555,25.62941177129403,7000.0,499470.5882447058
B_select_Berg_1825,0,700,350,0,30000,60,449.9999920000555,55.62941177129403,7000.0,499470.5882447058
B_select_Berg_1825,0,700,350,10,-30000,0,63699.85499200004,-53.78235293458829,7000.0,428882.35295058816
B_select_Berg_1825,0,700,350,10,-30000,30,63699.85499200004,-23.78235293458829,7000.0,428882.35295058816
B_select_Berg_1825,0,700,350,10,-30000,60,63699.85499200004,6.217647065411711,7000.0,428882.35295058816
B_select_Berg_1825,0,700,350,10,0,0,33699.85499200004,-29.076470581647072,7000.0,464176.470597647
B_select_Berg_1825,0,700,350,10,0,30,33699.85499200004,0.9235294183529277,7000.0,464176.470597647
B_select_Berg_1825,0,700,350,10,0,60,33699.85499200004,30.923529418352928,7000.0,464176.470597647
B_select_Berg_1825,0,700,350,10,30000,0,3699.854992000037,-4.370588228705969,7000.0,499470.5882447058
B_select_Berg_1825,0,700,350,10,30000,30,3699.854992000037,25.62941177129403,7000.0,499470.5882447058
B_select_Berg_1825,0,700,350,10,30000,60,3699.854992000037,55.62941177129403,7000.0,499470.5882447058
B_select_Berg_1825,0,900,250,0,-30000,0,60449.999992000055,131.9941176555293,7000.0,428882.35295058816
B_select_Berg_1825,0,900,250,0,-30000,30,60449.999992000055,161.9941176555293,7000.0,428882.35295058816
B_select_Berg_1825,0,900,250,0,-30000,60,60449.999992000055,191.9941176555293,7000.0,428882.35295058816
B_select_Berg_1825,0,900,250,0,0,0,30449.999992000055,163.75882353788234,7000.0,464176.470597647
B_select_Berg_1825,0,900,250,0,0,30,30449.999992000055,193.75882353788234,7000.0,464176.470597647
B_select_Berg_1825,0,900,250,0,0,60,30449.999992000055,223.75882353788234,7000.0,464176.470597647
B_select_Berg_1825,0,900,250,0,30000,0,449.9999920000555,195.5235294202352,7000.0,499470.5882447058
B_select_Berg_1825,0,900,250,0,30000,30,449.9999920000555,225.5235294202352,7000.0,499470.5882447058
B_select_Berg_1825,0,900,250,0,30000,60,449.9999920000555,255.5235294202352,7000.0,499470.5882447058
B_select_Berg_1825,0,900,250,10,-30000,0,63699.85499200004,131.9941176555293,7000.0,428882.35295058816
B_select_Berg_1825,0,900,250,10,-30000,30,63699.85499200004,161.9941176555293,7000.0,428882.35295058816
B_select_Berg_1825,0,900,250,10,-30000,60,63699.85499200004,191.9941176555293,7000.0,428882.35295058816
B_select_Berg_1825,0,900,250,10,0,0,33699.85499200004,163.75882353788234,7000.0,464176.470597647
B_select_Berg_1825,0,900,250,10,0,30,33699.85499200004,193.75882353788234,7000.0,464176.470597647
B_select_Berg_1825,0,900,250,10,0,60,33699.85499200004,223.75882353788234,7000.0,464176.470597647
B_select_Berg_1825,0,900,250,10,30000,0,3699.854992000037,195.5235294202352,7000.0,499470.5882447058
B_select_Berg_1825,0,900,250,10,30000,30,3699.854992000037,225.5235294202352,7000.0,499470.5882447058
B_select_Berg_1825,0,900,250,10,30000,60,3699.854992000037,255.5235294202352,7000.0,499470.5882447058
B_select_Berg_1825,0,900,300,0,-30000,0,60449.999992000055,81.9941176555293,7000.0,428882.35295058816
B_select_Berg_1825,0,900,300,0,-30000,30,60449.999992000055,111.9941176555293,7000.0,428882.35295058816
B_select_Berg_1825,0,900,300,0,-30000,60,60449.999992000055,141.9941176555293,7000.0,428882.35295058816
B_select_Berg_1825,0,900,300,0,0,0,30449.999992000055,113.75882353788234,7000.0,464176.470597647
B_select_Berg_1825,0,900,300,0,0,30,30449.999992000055,143.75882353788234,7000.0,464176.470597647
B_select_Berg_1825,0,900,300,0,0,60,30449.999992000055,173.75882353788234,7000.0,464176.470597647
B_select_Berg_1825,0,900,300,0,30000,0,449.9999920000555,145.5235294202352,7000.0,499470.5882447058
B_select_Berg_1825,0,900,300,0,30000,30,449.9999920000555,175.5235294202352,7000.0,499470.5882447058
B_select_Berg_1825,0,900,300,0,30000,60,449.9999920000555,205.5235294202352,7000.0,499470.5882447058
B_select_Berg_1825,0,900,300,10,-30000,0,63699.85499200004,81.9941176555293,7000.0,428882.35295058816
B_select_Berg_1825,0,900,300,10,-30000,30,63699.85499200004,111.9941176555293,7000.0,428882.35295058816
B_select_Berg_1825,0,900,300,10,-30000,60,63699.85499200004,141.9941176555293,7000.0,428882.35295058816
B_select_Berg_1825,0,900,300,10,0,0,33699.85499200004,113.75882353788234,7000.0,464176.470597647
B_select_Berg_1825,0,900,300,10,0,30,33699.85499200004,143.75882353788234,7000.0,464176.470597647
B_select_Berg_1825,0,900,300,10,0,60,33699.85499200004,173.75882353788234,7000.0,464176.470597647
B_select_Berg_1825,0,900,300,10,30000,0,3699.854992000037,145.5235294202352,7000.0,499470.5882447058
B_select_Berg_1825,0,900,300,10,30000,30,3699.854992000037,175.5235294202352,7000.0,499470.5882447058
B_select_Berg_1825,0,900,300,10,30000,60,3699.854992000037,205.5235294202352,7000.0,499470.5882447058
B_select_Berg_1825,0,900,350,0,-30000,0,60449.999992000055,31.994117655529294,7000.0,428882.35295058816
B_select_Berg_1825,0,900,350,0,-30000,30,60449.999992000055,61.994117655529294,7000.0,428882.35295058816
B_select_Berg_1825,0,900,350,0,-30000,60,60449.999992000055,91.9941176555293,7000.0,428882.35295058816
B_select_Berg_1825,0,900,350,0,0,0,30449.999992000055,63.758823537882336,7000.0,464176.470597647
B_select_Berg_1825,0,900,350,0,0,30,30449.999992000055,93.75882353788234,7000.0,464176.470597647
B_select_Berg_1825,0,900,350,0,0,60,30449.999992000055,123.75882353788234,7000.0,464176.470597647
B_select_Berg_1825,0,900,350,0,30000,0,449.9999920000555,95.5235294202352,7000.0,499470.5882447058
B_select_Berg_1825,0,900,350,0,30000,30,449.9999920000555,125.5235294202352,7000.0,499470.5882447058
B_select_Berg_1825,0,900,350,0,30000,60,449.9999920000555,155.5235294202352,7000.0,499470.5882447058
B_select_Berg_1825,0,900,350,10,-30000,0,63699.85499200004,31.994117655529294,7000.0,428882.35295058816
B_select_Berg_1825,0,900,350,10,-30000,30,63699.85499200004,61.994117655529294,7000.0,428882.35295058816
B_select_Berg_1825,0,900,350,10,-30000,60,63699.85499200004,91.9941176555293,7000.0,428882.35295058816
B_select_Berg_1825,0,900,350,10,0,0,33699.85499200004,63.758823537882336,7000.0,464176.470597647
B_select_Berg_1825,0,900,350,10,0,30,33699.85499200004,93.75882353788234,7000.0,464176.470597647
B_select_Berg_1825,0,900,350,10,0,60,33699.85499200004,123.75882353788234,7000.0,464176.470597647
B_select_Berg_1825,0,900,350,10,30000,0,3699.854992000037,95.5235294202352,7000.0,499470.5882447058
B_select_Berg_1825,0,900,350,10,30000,30,3699.854992000037,125.5235294202352,7000.0,499470.5882447058
B_select_Berg_1825,0,900,350,10,30000,60,3699.854992000037,155.5235294202352,7000.0,499470.5882447058
B_select_Berg_1825,0.5,600,250,0,-30000,0,63424.999992000055,3.229411770352897,3500.0,425382.35295058816
B_select_Berg_1825,0.5,600,250,0,-30000,30,63424.999992000055,33.2294117703529,3500.0,425382.35295058816
B_select_Berg_1825,0.5,600,250,0,-30000,60,63424.999992000055,63.2294117703529,3500.0,425382.35295058816
B_select_Berg_1825,0.5,600,250,0,0,0,33424.999992000055,24.4058823585882,3500.0,460676.470597647
B_select_Berg_1825,0.5,600,250,0,0,30,33424.999992000055,54.4058823585882,3500.0,460676.470597647
B_select_Berg_1825,0.5,600,250,0,0,60,33424.999992000055,84.4058823585882,3500.0,460676.470597647
B_select_Berg_1825,0.5,600,250,0,30000,0,3424.9999920000555,45.582352946823505,3500.0,495970.5882447058
B_select_Berg_1825,0.5,600,250,0,30000,30,3424.9999920000555,75.5823529468235,3500.0,495970.5882447058
B_select_Berg_1825,0.5,600,250,0,30000,60,3424.9999920000555,105.5823529468235,3500.0,495970.5882447058
B_select_Berg_1825,0.5,600,250,10,-30000,0,65049.927492000046,3.229411770352897,3500.0,425382.35295058816
B_select_Berg_1825,0.5,600,250,10,-30000,30,65049.927492000046,33.2294117703529,3500.0,425382.35295058816
B_select_Berg_1825,0.5,600,250,10,-30000,60,65049.927492000046,63.2294117703529,3500.0,425382.35295058816
B_select_Berg_1825,0.5,600,250,10,0,0,35049.927492000046,24.4058823585882,3500.0,460676.470597647
B_select_Berg_1825,0.5,600,250,10,0,30,35049.927492000046,54.4058823585882,3500.0,460676.470597647
B_select_Berg_1825,0.5,600,250,10,0,60,35049.927492000046,84.4058823585882,3500.0,460676.470597647
B_select_Berg_1825,0.5,600,250,10,30000,0,5049.927492000046,45.582352946823505,3500.0,495970.5882447058
B_select_Berg_1825,0.5,600,250,10,30000,30,5049.927492000046,75.5823529468235,3500.0,495970.5882447058
B_select_Berg_1825,0.5,600,250,10,30000,60,5049.927492000046,105.5823529468235,3500.0,495970.5882447058
B_select_Berg_1825,0.5,600,300,0,-30000,0,63424.999992000055,-46.7705882296471,3500.0,425382.35295058816
B_select_Berg_1825,0.5,600,300,0,-30000,30,63424.999992000055,-16.770588229647103,3500.0,425382.35295058816
B_select_Berg_1825,0.5,600,300,0,-30000,60,63424.999992000055,13.229411770352897,3500.0,425382.35295058816
B_select_Berg_1825,0.5,600,300,0,0,0,33424.999992000055,-25.5941176414118,3500.0,460676.470597647
B_select_Berg_1825,0.5,600,300,0,0,30,33424.999992000055,4.405882358588201,3500.0,460676.470597647
B_select_Berg_1825,0.5,600,300,0,0,60,33424.999992000055,34.4058823585882,3500.0,460676.470597647
B_select_Berg_1825,0.5,600,300,0,30000,0,3424.9999920000555,-4.417647053176495,3500.0,495970.5882447058
B_select_Berg_1825,0.5,600,300,0,30000,30,3424.9999920000555,25.582352946823505,3500.0,495970.5882447058
B_select_Berg_1825,0.5,600,300,0,30000,60,3424.9999920000555,55.582352946823505,3500.0,495970.5882447058
B_select_Berg_1825,0.5,600,300,10,-30000,0,65049.927492000046,-46.7705882296471,3500.0,425382.35295058816
B_select_Berg_1825,0.5,600,300,10,-30000,30,65049.927492000046,-16.770588229647103,3500.0,425382.35295058816
B_select_Berg_1825,0.5,600,300,10,-30000,60,65049.927492000046,13.229411770352897,3500.0,425382.35295058816
B_select_Berg_1825,0.5,600,300,10,0,0,35049.927492000046,-25.5941176414118,3500.0,460676.470597647
B_select_Berg_1825,0.5,600,300,10,0,30,35049.927492000046,4.405882358588201,3500.0,460676.470597647
B_select_Berg_1825,0.5,600,300,10,0,60,35049.927492000046,34.4058823585882,3500.0,460676.470597647
B_select_Berg_1825,0.5,600,300,10,30000,0,5049.927492000046,-4.417647053176495,3500.0,495970.5882447058
B_select_Berg_1825,0.5,600,300,10,30000,30,5049.927492000046,25.582352946823505,3500.0,495970.5882447058
B_select_Berg_1825,0.5,600,300,10,30000,60,5049.927492000046,55.582352946823505,3500.0,495970.5882447058
B_select_Berg_1825,0.5,600,350,0,-30000,0,63424.999992000055,-96.7705882296471,3500.0,425382.35295058816
B_select_Berg_1825,0.5,600,350,0,-30000,30,63424.999992000055,-66.7705882296471,3500.0,425382.35295058816
B_select_Berg_1825,0.5,600,350,0,-30000,60,63424.999992000055,-36.7705882296471,3500.0,425382.35295058816
B_select_Berg_1825,0.5,600,350,0,0,0,33424.999992000055,-75.5941176414118,3500.0,460676.470597647
B_select_Berg_1825,0.5,600,350,0,0,30,33424.999992000055,-45.5941176414118,3500.0,460676.470597647
B_select_Berg_1825,0.5,600,350,0,0,60,33424.999992000055,-15.594117641411799,3500.0,460676.470597647
B_select_Berg_1825,0.5,600,350,0,30000,0,3424.9999920000555,-54.417647053176495,3500.0,495970.5882447058
B_select_Berg_1825,0.5,600,350,0,30000,30,3424.9999920000555,-24.417647053176495,3500.0,495970.5882447058
B_select_Berg_1825,0.5,600,350,0,30000,60,3424.9999920000555,5.582352946823505,3500.0,495970.5882447058
B_select_Berg_1825,0.5,600,350,10,-30000,0,65049.927492000046,-96.7705882296471,3500.0,425382.35295058816
B_select_Berg_1825,0.5,600,350,10,-30000,30,65049.927492000046,-66.7705882296471,3500.0,425382.35295058816
B_select_Berg_1825,0.5,600,350,10,-30000,60,65049.927492000046,-36.7705882296471,3500.0,425382.35295058816
B_select_Berg_1825,0.5,600,350,10,0,0,35049.927492000046,-75.5941176414118,3500.0,460676.470597647
B_select_Berg_1825,0.5,600,350,10,0,30,35049.927492000046,-45.5941176414118,3500.0,460676.470597647
B_select_Berg_1825,0.5,600,350,10,0,60,35049.927492000046,-15.594117641411799,3500.0,460676.470597647
B_select_Berg_1825,0.5,600,350,10,30000,0,5049.927492000046,-54.417647053176495,3500.0,495970.5882447058
B_select_Berg_1825,0.5,600,350,10,30000,30,5049.927492000046,-24.417647053176495,3500.0,495970.5882447058
B_select_Berg_1825,0.5,600,350,10,30000,60,5049.927492000046,5.582352946823505,3500.0,495970.5882447058
B_select_Berg_1825,0.5,700,250,0,-30000,0,63424.999992000055,45.767647065411666,3500.0,425382.35295058816
B_select_Berg_1825,0.5,700,250,0,-30000,30,63424.999992000055,75.76764706541167,3500.0,425382.35295058816
B_select_Berg_1825,0.5,700,250,0,-30000,60,63424.999992000055,105.76764706541167,3500.0,425382.35295058816
B_select_Berg_1825,0.5,700,250,0,0,0,33424.999992000055,70.47352941835288,3500.0,460676.470597647
B_select_Berg_1825,0.5,700,250,0,0,30,33424.999992000055,100.47352941835288,3500.0,460676.470597647
B_select_Berg_1825,0.5,700,250,0,0,60,33424.999992000055,130.47352941835288,3500.0,460676.470597647
B_select_Berg_1825,0.5,700,250,0,30000,0,3424.9999920000555,95.17941177129404,3500.0,495970.5882447058
B_select_Berg_1825,0.5,700,250,0,30000,30,3424.9999920000555,125.17941177129404,3500.0,495970.5882447058
B_select_Berg_1825,0.5,700,250,0,30000,60,3424.9999920000555,155.17941177129404,3500.0,495970.5882447058
B_select_Berg_1825,0.5,700,250,10,-30000,0,65049.927492000046,45.767647065411666,3500.0,425382.35295058816
B_select_Berg_1825,0.5,700,250,10,-30000,30,65049.927492000046,75.76764706541167,3500.0,425382.35295058816
B_select_Berg_1825,0.5,700,250,10,-30000,60,65049.927492000046,105.76764706541167,3500.0,425382.35295058816
B_select_Berg_1825,0.5,700,250,10,0,0,35049.927492000046,70.47352941835288,3500.0,460676.470597647
B_select_Berg_1825,0.5,700,250,10,0,30,35049.927492000046,100.47352941835288,3500.0,460676.470597647
B_select_Berg_1825,0.5,700,250,10,0,60,35049.927492000046,130.47352941835288,3500.0,460676.470597647
B_select_Berg_1825,0.5,700,250,10,30000,0,5049.927492000046,95.17941177129404,3500.0,495970.5882447058
B_select_Berg_1825,0.5,700,250,10,30000,30,5049.927492000046,125.17941177129404,3500.0,495970.5882447058
B_select_Berg_1825,0.5,700,250,10,30000,60,5049.927492000046,155.17941177129404,3500.0,495970.5882447058
B_select_Berg_1825,0.5,700,300,0,-30000,0,63424.999992000055,-4.232352934588334,3500.0,425382.35295058816
B_select_Berg_1825,0.5,700,300,0,-30000,30,63424.999992000055,25.767647065411666,3500.0,425382.35295058816
B_select_Berg_1825,0.5,700,300,0,-30000,60,63424.999992000055,55.767647065411666,3500.0,425382.35295058816
B_select_Berg_1825,0.5,700,300,0,0,0,33424.999992000055,20.473529418352882,3500.0,460676.470597647
B_select_Berg_1825,0.5,700,300,0,0,30,33424.999992000055,50.47352941835288,3500.0,460676.470597647
B_select_Berg_1825,0.5,700,300,0,0,60,33424.999992000055,80.47352941835288,3500.0,460676.470597647
B_select_Berg_1825,0.5,700,300,0,30000,0,3424.9999920000555,45.17941177129404,3500.0,495970.5882447058
B_select_Berg_1825,0.5,700,300,0,30000,30,3424.9999920000555,75.17941177129404,3500.0,495970.5882447058
B_select_Berg_1825,0.5,700,300,0,30000,60,3424.9999920000555,105.17941177129404,3500.0,495970.5882447058
B_select_Berg_1825,0.5,700,300,10,-30000,0,65049.927492000046,-4.232352934588334,3500.0,425382.35295058816
B_select_Berg_1825,0.5,700,300,10,-30000,30,65049.927492000046,25.767647065411666,3500.0,425382.35295058816
B_select_Berg_1825,0.5,700,300,10,-30000,60,65049.927492000046,55.767647065411666,3500.0,425382.35295058816
B_select_Berg_1825,0.5,700,300,10,0,0,35049.927492000046,20.473529418352882,3500.0,460676.470597647
B_select_Berg_1825,0.5,700,300,10,0,30,35049.927492000046,50.47352941835288,3500.0,460676.470597647
B_select_Berg_1825,0.5,700,300,10,0,60,35049.927492000046,80.47352941835288,3500.0,460676.470597647
B_select_Berg_1825,0.5,700,300,10,30000,0,5049.927492000046,45.17941177129404,3500.0,495970.5882447058
B_select_Berg_1825,0.5,700,300,10,30000,30,5049.927492000046,75.17941177129404,3500.0,495970.5882447058
B_select_Berg_1825,0.5,700,300,10,30000,60,5049.927492000046,105.17941177129404,3500.0,495970.5882447058
B_select_Berg_1825,0.5,700,350,0,-30000,0,63424.999992000055,-54.232352934588334,3500.0,425382.35295058816
B_select_Berg_1825,0.5,700,350,0,-30000,30,63424.999992000055,-24.232352934588334,3500.0,425382.35295058816
B_select_Berg_1825,0.5,700,350,0,-30000,60,63424.999992000055,5.767647065411666,3500.0,425382.35295058816
B_select_Berg_1825,0.5,700,350,0,0,0,33424.999992000055,-29.526470581647118,3500.0,460676.470597647
B_select_Berg_1825,0.5,700,350,0,0,30,33424.999992000055,0.4735294183528822,3500.0,460676.470597647
B_select_Berg_1825,0.5,700,350,0,0,60,33424.999992000055,30.473529418352882,3500.0,460676.470597647
B_select_Berg_1825,0.5,700,350,0,30000,0,3424.9999920000555,-4.820588228705958,3500.0,495970.5882447058
B_select_Berg_1825,0.5,700,350,0,30000,30,3424.9999920000555,25.179411771294042,3500.0,495970.5882447058
B_select_Berg_1825,0.5,700,350,0,30000,60,3424.9999920000555,55.17941177129404,3500.0,495970.5882447058
B_select_Berg_1825,0.5,700,350,10,-30000,0,65049.927492000046,-54.232352934588334,3500.0,425382.35295058816
B_select_Berg_1825,0.5,700,350,10,-30000,30,65049.927492000046,-24.232352934588334,3500.0,425382.35295058816
B_select_Berg_1825,0.5,700,350,10,-30000,60,65049.927492000046,5.767647065411666,3500.0,425382.35295058816
B_select_Berg_1825,0.5,700,350,10,0,0,35049.927492000046,-29.526470581647118,3500.0,460676.470597647
B_select_Berg_1825,0.5,700,350,10,0,30,35049.927492000046,0.4735294183528822,3500.0,460676.470597647
B_select_Berg_1825,0.5,700,350,10,0,60,35049.927492000046,30.473529418352882,3500.0,460676.470597647
B_select_Berg_1825,0.5,700,350,10,30000,0,5049.927492000046,-4.820588228705958,3500.0,495970.5882447058
B_select_Berg_1825,0.5,700,350,10,30000,30,5049.927492000046,25.179411771294042,3500.0,495970.5882447058
B_select_Berg_1825,0.5,700,350,10,30000,60,5049.927492000046,55.17941177129404,3500.0,495970.5882447058
B_select_Berg_1825,0.5,900,250,0,-30000,0,63424.999992000055,130.84411765552932,3500.0,425382.35295058816
B_select_Berg_1825,0.5,900,250,0,-30000,30,63424.999992000055,160.84411765552932,3500.0,425382.35295058816
B_select_Berg_1825,0.5,900,250,0,-30000,60,63424.999992000055,190.84411765552932,3500.0,425382.35295058816
B_select_Berg_1825,0.5,900,250,0,0,0,33424.999992000055,162.6088235378823,3500.0,460676.470597647
B_select_Berg_1825,0.5,900,250,0,0,30,33424.999992000055,192.6088235378823,3500.0,460676.470597647
B_select_Berg_1825,0.5,900,250,0,0,60,33424.999992000055,222.6088235378823,3500.0,460676.470597647
B_select_Berg_1825,0.5,900,250,0,30000,0,3424.9999920000555,194.37352942023523,3500.0,495970.5882447058
B_select_Berg_1825,0.5,900,250,0,30000,30,3424.9999920000555,224.37352942023523,3500.0,495970.5882447058
B_select_Berg_1825,0.5,900,250,0,30000,60,3424.9999920000555,254.37352942023523,3500.0,495970.5882447058
B_select_Berg_1825,0.5,900,250,10,-30000,0,65049.927492000046,130.84411765552932,3500.0,425382.35295058816
B_select_Berg_1825,0.5,900,250,10,-30000,30,65049.927492000046,160.84411765552932,3500.0,425382.35295058816
B_select_Berg_1825,0.5,900,250,10,-30000,60,65049.927492000046,190.84411765552932,3500.0,425382.35295058816
B_select_Berg_1825,0.5,900,250,10,0,0,35049.927492000046,162.6088235378823,3500.0,460676.470597647
B_select_Berg_1825,0.5,900,250,10,0,30,35049.927492000046,192.6088235378823,3500.0,460676.470597647
B_select_Berg_1825,0.5,900,250,10,0,60,35049.927492000046,222.6088235378823,3500.0,460676.470597647
B_select_Berg_1825,0.5,900,250,10,30000,0,5049.927492000046,194.37352942023523,3500.0,495970.5882447058
B_select_Berg_1825,0.5,900,250,10,30000,30,5049.927492000046,224.37352942023523,3500.0,495970.5882447058
B_select_Berg_1825,0.5,900,250,10,30000,60,5049.927492000046,254.37352942023523,3500.0,495970.5882447058
B_select_Berg_1825,0.5,900,300,0,-30000,0,63424.999992000055,80.84411765552932,3500.0,425382.35295058816
B_select_Berg_1825,0.5,900,300,0,-30000,30,63424.999992000055,110.84411765552932,3500.0,425382.35295058816
B_select_Berg_1825,0.5,900,300,0,-30000,60,63424.999992000055,140.84411765552932,3500.0,425382.35295058816
B_select_Berg_1825,0.5,900,300,0,0,0,33424.999992000055,112.6088235378823,3500.0,460676.470597647
B_select_Berg_1825,0.5,900,300,0,0,30,33424.999992000055,142.6088235378823,3500.0,460676.470597647
B_select_Berg_1825,0.5,900,300,0,0,60,33424.999992000055,172.6088235378823,3500.0,460676.470597647
B_select_Berg_1825,0.5,900,300,0,30000,0,3424.9999920000555,144.37352942023523,3500.0,495970.5882447058
B_select_Berg_1825,0.5,900,300,0,30000,30,3424.9999920000555,174.37352942023523,3500.0,495970.5882447058
B_select_Berg_1825,0.5,900,300,0,30000,60,3424.9999920000555,204.37352942023523,3500.0,495970.5882447058
B_select_Berg_1825,0.5,900,300,10,-30000,0,65049.927492000046,80.84411765552932,3500.0,425382.35295058816
B_select_Berg_1825,0.5,900,300,10,-30000,30,65049.927492000046,110.84411765552932,3500.0,425382.35295058816
B_select_Berg_1825,0.5,900,300,10,-30000,60,65049.927492000046,140.84411765552932,3500.0,425382.35295058816
B_select_Berg_1825,0.5,900,300,10,0,0,35049.927492000046,112.6088235378823,3500.0,460676.470597647
B_select_Berg_1825,0.5,900,300,10,0,30,35049.927492000046,142.6088235378823,3500.0,460676.470597647
B_select_Berg_1825,0.5,900,300,10,0,60,35049.927492000046,172.6088235378823,3500.0,460676.470597647
B_select_Berg_1825,0.5,900,300,10,30000,0,5049.927492000046,144.37352942023523,3500.0,495970.5882447058
B_select_Berg_1825,0.5,900,300,10,30000,30,5049.927492000046,174.37352942023523,3500.0,495970.5882447058
B_select_Berg_1825,0.5,900,300,10,30000,60,5049.927492000046,204.37352942023523,3500.0,495970.5882447058
B_select_Berg_1825,0.5,900,350,0,-30000,0,63424.999992000055,30.844117655529317,3500.0,425382.35295058816
B_select_Berg_1825,0.5,900,350,0,-30000,30,63424.999992000055,60.84411765552932,3500.0,425382.35295058816
B_select_Berg_1825,0.5,900,350,0,-30000,60,63424.999992000055,90.84411765552932,3500.0,425382.35295058816
B_select_Berg_1825,0.5,900,350,0,0,0,33424.999992000055,62.6088235378823,3500.0,460676.470597647
B_select_Berg_1825,0.5,900,350,0,0,30,33424.999992000055,92.6088235378823,3500.0,460676.470597647
B_select_Berg_1825,0.5,900,350,0,0,60,33424.999992000055,122.6088235378823,3500.0,460676.470597647
B_select_Berg_1825,0.5,900,350,0,30000,0,3424.9999920000555,94.37352942023523,3500.0,495970.5882447058
B_select_Berg_1825,0.5,900,350,0,30000,30,3424.9999920000555,124.37352942023523,3500.0,495970.5882447058
B_select_Berg_1825,0.5,900,350,0,30000,60,3424.9999920000555,154.37352942023523,3500.0,495970.5882447058
B_select_Berg_1825,0.5,900,350,10,-30000,0,65049.927492000046,30.844117655529317,3500.0,425382.35295058816
B_select_Berg_1825,0.5,900,350,10,-30000,30,65049.927492000046,60.84411765552932,3500.0,425382.35295058816
B_select_Berg_1825,0.5,900,350,10,-30000,60,65049.927492000046,90.84411765552932,3500.0,425382.35295058816
B_select_Berg_1825,0.5,900,350,10,0,0,35049.927492000046,62.6088235378823,3500.0,460676.470597647
B_select_Berg_1825,0.5,900,350,10,0,30,35049.927492000046,92.6088235378823,3500.0,460676.470597647
B_select_Berg_1825,0.5,900,350,10,0,60,35049.927492000046,122.6088235378823,3500.0,460676.470597647
B_select_Berg_1825,0.5,900,350,10,30000,0,5049.927492000046,94.37352942023523,3500.0,495970.5882447058
B_select_Berg_1825,0.5,900,350,10,30000,30,5049.927492000046,124.37352942023523,3500.0,495970.5882447058
B_select_Berg_1825,0.5,900,350,10,30000,60,5049.927492000046,154.37352942023523,3500.0,495970.5882447058
B_select_Berg_1825,1,600,250,0,-30000,0,66399.99999200006,3.1294117703529025,0.0,421882.35295058816
B_select_Berg_1825,1,600,250,0,-30000,30,66399.99999200006,33.1294117703529,0.0,421882.35295058816
B_select_Berg_1825,1,600,250,0,-30000,60,66399.99999200006,63.1294117703529,0.0,421882.35295058816
B_select_Berg_1825,1,600,250,0,0,0,36399.999992000055,24.305882358588235,0.0,457176.470597647
B_select_Berg_1825,1,600,250,0,0,30,36399.999992000055,54.305882358588235,0.0,457176.470597647
B_select_Berg_1825,1,600,250,0,0,60,36399.999992000055,84.30588235858824,0.0,457176.470597647
B_select_Berg_1825,1,600,250,0,30000,0,6399.9999920000555,45.48235294682348,0.0,492470.5882447058
B_select_Berg_1825,1,600,250,0,30000,30,6399.9999920000555,75.48235294682348,0.0,492470.5882447058
B_select_Berg_1825,1,600,250,0,30000,60,6399.9999920000555,105.48235294682348,0.0,492470.5882447058
B_select_Berg_1825,1,600,250,10,-30000,0,66399.99999200006,3.1294117703529025,0.0,421882.35295058816
B_select_Berg_1825,1,600,250,10,-30000,30,66399.99999200006,33.1294117703529,0.0,421882.35295058816
B_select_Berg_1825,1,600,250,10,-30000,60,66399.99999200006,63.1294117703529,0.0,421882.35295058816
B_select_Berg_1825,1,600,250,10,0,0,36399.999992000055,24.305882358588235,0.0,457176.470597647
B_select_Berg_1825,1,600,250,10,0,30,36399.999992000055,54.305882358588235,0.0,457176.470597647
B_select_Berg_1825,1,600,250,10,0,60,36399.999992000055,84.30588235858824,0.0,457176.470597647
B_select_Berg_1825,1,600,250,10,30000,0,6399.9999920000555,45.48235294682348,0.0,492470.5882447058
B_select_Berg_1825,1,600,250,10,30000,30,6399.9999920000555,75.48235294682348,0.0,492470.5882447058
B_select_Berg_1825,1,600,250,10,30000,60,6399.9999920000555,105.48235294682348,0.0,492470.5882447058
B_select_Berg_1825,1,600,300,0,-30000,0,66399.99999200006,-46.8705882296471,0.0,421882.35295058816
B_select_Berg_1825,1,600,300,0,-30000,30,66399.99999200006,-16.870588229647097,0.0,421882.35295058816
B_select_Berg_1825,1,600,300,0,-30000,60,66399.99999200006,13.129411770352903,0.0,421882.35295058816
B_select_Berg_1825,1,600,300,0,0,0,36399.999992000055,-25.694117641411765,0.0,457176.470597647
B_select_Berg_1825,1,600,300,0,0,30,36399.999992000055,4.305882358588235,0.0,457176.470597647
B_select_Berg_1825,1,600,300,0,0,60,36399.999992000055,34.305882358588235,0.0,457176.470597647
B_select_Berg_1825,1,600,300,0,30000,0,6399.9999920000555,-4.517647053176518,0.0,492470.5882447058
B_select_Berg_1825,1,600,300,0,30000,30,6399.9999920000555,25.482352946823482,0.0,492470.5882447058
B_select_Berg_1825,1,600,300,0,30000,60,6399.9999920000555,55.48235294682348,0.0,492470.5882447058
B_select_Berg_1825,1,600,300,10,-30000,0,66399.99999200006,-46.8705882296471,0.0,421882.35295058816
B_select_Berg_1825,1,600,300,10,-30000,30,66399.99999200006,-16.870588229647097,0.0,421882.35295058816
B_select_Berg_1825,1,600,300,10,-30000,60,66399.99999200006,13.129411770352903,0.0,421882.35295058816
B_select_Berg_1825,1,600,300,10,0,0,36399.999992000055,-25.694117641411765,0.0,457176.470597647
B_select_Berg_1825,1,600,300,10,0,30,36399.999992000055,4.305882358588235,0.0,457176.470597647
B_select_Berg_1825,1,600,300,10,0,60,36399.999992000055,34.305882358588235,0.0,457176.470597647
B_select_Berg_1825,1,600,300,10,30000,0,6399.9999920000555,-4.517647053176518,0.0,492470.5882447058
B_select_Berg_1825,1,600,300,10,30000,30,6399.9999920000555,25.482352946823482,0.0,492470.5882447058
B_select_Berg_1825,1,600,300,10,30000,60,6399.9999920000555,55.48235294682348,0.0,492470.5882447058
B_select_Berg_1825,1,600,350,0,-30000,0,66399.99999200006,-96.8705882296471,0.0,421882.35295058816
B_select_Berg_1825,1,600,350,0,-30000,30,66399.99999200006,-66.8705882296471,0.0,421882.35295058816
B_select_Berg_1825,1,600,350,0,-30000,60,66399.99999200006,-36.8705882296471,0.0,421882.35295058816
B_select_Berg_1825,1,600,350,0,0,0,36399.999992000055,-75.69411764141176,0.0,457176.470597647
B_select_Berg_1825,1,600,350,0,0,30,36399.999992000055,-45.694117641411765,0.0,457176.470597647
B_select_Berg_1825,1,600,350,0,0,60,36399.999992000055,-15.694117641411765,0.0,457176.470597647
B_select_Berg_1825,1,600,350,0,30000,0,6399.9999920000555,-54.51764705317652,0.0,492470.5882447058
B_select_Berg_1825,1,600,350,0,30000,30,6399.9999920000555,-24.517647053176518,0.0,492470.5882447058
B_select_Berg_1825,1,600,350,0,30000,60,6399.9999920000555,5.482352946823482,0.0,492470.5882447058
B_select_Berg_1825,1,600,350,10,-30000,0,66399.99999200006,-96.8705882296471,0.0,421882.35295058816
B_select_Berg_1825,1,600,350,10,-30000,30,66399.99999200006,-66.8705882296471,0.0,421882.35295058816
B_select_Berg_1825,1,600,350,10,-30000,60,66399.99999200006,-36.8705882296471,0.0,421882.35295058816
B_select_Berg_1825,1,600,350,10,0,0,36399.999992000055,-75.69411764141176,0.0,457176.470597647
B_select_Berg_1825,1,600,350,10,0,30,36399.999992000055,-45.694117641411765,0.0,457176.470597647
B_select_Berg_1825,1,600,350,10,0,60,36399.999992000055,-15.694117641411765,0.0,457176.470597647
B_select_Berg_1825,1,600,350,10,30000,0,6399.9999920000555,-54.51764705317652,0.0,492470.5882447058
B_select_Berg_1825,1,600,350,10,30000,30,6399.9999920000555,-24.517647053176518,0.0,492470.5882447058
B_select_Berg_1825,1,600,350,10,30000,60,6399.9999920000555,5.482352946823482,0.0,492470.5882447058
B_select_Berg_1825,1,700,250,0,-30000,0,66399.99999200006,45.31764706541168,0.0,421882.35295058816
B_select_Berg_1825,1,700,250,0,-30000,30,66399.99999200006,75.31764706541168,0.0,421882.35295058816
B_select_Berg_1825,1,700,250,0,-30000,60,66399.99999200006,105.31764706541168,0.0,421882.35295058816
B_select_Berg_1825,1,700,250,0,0,0,36399.999992000055,70.0235294183529,0.0,457176.470597647
B_select_Berg_1825,1,700,250,0,0,30,36399.999992000055,100.0235294183529,0.0,457176.470597647
B_select_Berg_1825,1,700,250,0,0,60,36399.999992000055,130.0235294183529,0.0,457176.470597647
B_select_Berg_1825,1,700,250,0,30000,0,6399.9999920000555,94.72941177129405,0.0,492470.5882447058
B_select_Berg_1825,1,700,250,0,30000,30,6399.9999920000555,124.72941177129405,0.0,492470.5882447058
B_select_Berg_1825,1,700,250,0,30000,60,6399.9999920000555,154.72941177129405,0.0,492470.5882447058
B_select_Berg_1825,1,700,250,10,-30000,0,66399.99999200006,45.31764706541168,0.0,421882.35295058816
B_select_Berg_1825,1,700,250,10,-30000,30,66399.99999200006,75.31764706541168,0.0,421882.35295058816
B_select_Berg_1825,1,700,250,10,-30000,60,66399.99999200006,105.31764706541168,0.0,421882.35295058816
B_select_Berg_1825,1,700,250,10,0,0,36399.999992000055,70.0235294183529,0.0,457176.470597647
B_select_Berg_1825,1,700,250,10,0,30,36399.999992000055,100.0235294183529,0.0,457176.470597647
B_select_Berg_1825,1,700,250,10,0,60,36399.999992000055,130.0235294183529,0.0,457176.470597647
B_select_Berg_1825,1,700,250,10,30000,0,6399.9999920000555,94.72941177129405,0.0,492470.5882447058
B_select_Berg_1825,1,700,250,10,30000,30,6399.9999920000555,124.72941177129405,0.0,492470.5882447058
B_select_Berg_1825,1,700,250,10,30000,60,6399.9999920000555,154.72941177129405,0.0,492470.5882447058
B_select_Berg_1825,1,700,300,0,-30000,0,66399.99999200006,-4.682352934588323,0.0,421882.35295058816
B_select_Berg_1825,1,700,300,0,-30000,30,66399.99999200006,25.317647065411677,0.0,421882.35295058816
B_select_Berg_1825,1,700,300,0,-30000,60,66399.99999200006,55.31764706541168,0.0,421882.35295058816
B_select_Berg_1825,1,700,300,0,0,0,36399.999992000055,20.023529418352894,0.0,457176.470597647
B_select_Berg_1825,1,700,300,0,0,30,36399.999992000055,50.023529418352894,0.0,457176.470597647
B_select_Berg_1825,1,700,300,0,0,60,36399.999992000055,80.0235294183529,0.0,457176.470597647
B_select_Berg_1825,1,700,300,0,30000,0,6399.9999920000555,44.72941177129405,0.0,492470.5882447058
B_select_Berg_1825,1,700,300,0,30000,30,6399.9999920000555,74.72941177129405,0.0,492470.5882447058
B_select_Berg_1825,1,700,300,0,30000,60,6399.9999920000555,104.72941177129405,0.0,492470.5882447058
B_select_Berg_1825,1,700,300,10,-30000,0,66399.99999200006,-4.682352934588323,0.0,421882.35295058816
B_select_Berg_1825,1,700,300,10,-30000,30,66399.99999200006,25.317647065411677,0.0,421882.35295058816
B_select_Berg_1825,1,700,300,10,-30000,60,66399.99999200006,55.31764706541168,0.0,421882.35295058816
B_select_Berg_1825,1,700,300,10,0,0,36399.999992000055,20.023529418352894,0.0,457176.470597647
B_select_Berg_1825,1,700,300,10,0,30,36399.999992000055,50.023529418352894,0.0,457176.470597647
B_select_Berg_1825,1,700,300,10,0,60,36399.999992000055,80.0235294183529,0.0,457176.470597647
B_select_Berg_1825,1,700,300,10,30000,0,6399.9999920000555,44.72941177129405,0.0,492470.5882447058
B_select_Berg_1825,1,700,300,10,30000,30,6399.9999920000555,74.72941177129405,0.0,492470.5882447058
B_select_Berg_1825,1,700,300,10,30000,60,6399.9999920000555,104.72941177129405,0.0,492470.5882447058
B_select_Berg_1825,1,700,350,0,-30000,0,66399.99999200006,-54.68235293458832,0.0,421882.35295058816
B_select_Berg_1825,1,700,350,0,-30000,30,66399.99999200006,-24.682352934588323,0.0,421882.35295058816
B_select_Berg_1825,1,700,350,0,-30000,60,66399.99999200006,5.317647065411677,0.0,421882.35295058816
B_select_Berg_1825,1,700,350,0,0,0,36399.999992000055,-29.976470581647106,0.0,457176.470597647
B_select_Berg_1825,1,700,350,0,0,30,36399.999992000055,0.023529418352893572,0.0,457176.470597647
B_select_Berg_1825,1,700,350,0,0,60,36399.999992000055,30.023529418352894,0.0,457176.470597647
B_select_Berg_1825,1,700,350,0,30000,0,6399.9999920000555,-5.270588228705947,0.0,492470.5882447058
B_select_Berg_1825,1,700,350,0,30000,30,6399.9999920000555,24.729411771294053,0.0,492470.5882447058
B_select_Berg_1825,1,700,350,0,30000,60,6399.9999920000555,54.72941177129405,0.0,492470.5882447058
B_select_Berg_1825,1,700,350,10,-30000,0,66399.99999200006,-54.68235293458832,0.0,421882.35295058816
B_select_Berg_1825,1,700,350,10,-30000,30,66399.99999200006,-24.682352934588323,0.0,421882.35295058816
B_select_Berg_1825,1,700,350,10,-30000,60,66399.99999200006,5.317647065411677,0.0,421882.35295058816
B_select_Berg_1825,1,700,350,10,0,0,36399.999992000055,-29.976470581647106,0.0,457176.470597647
B_select_Berg_1825,1,700,350,10,0,30,36399.999992000055,0.023529418352893572,0.0,457176.470597647
B_select_Berg_1825,1,700,350,10,0,60,36399.999992000055,30.023529418352894,0.0,457176.470597647
B_select_Berg_1825,1,700,350,10,30000,0,6399.9999920000555,-5.270588228705947,0.0,492470.5882447058
B_select_Berg_1825,1,700,350,10,30000,30,6399.9999920000555,24.729411771294053,0.0,492470.5882447058
B_select_Berg_1825,1,700,350,10,30000,60,6399.9999920000555,54.72941177129405,0.0,492470.5882447058
B_select_Berg_1825,1,900,250,0,-30000,0,66399.99999200006,129.69411765552934,0.0,421882.35295058816
B_select_Berg_1825,1,900,250,0,-30000,30,66399.99999200006,159.69411765552934,0.0,421882.35295058816
B_select_Berg_1825,1,900,250,0,-30000,60,66399.99999200006,189.69411765552934,0.0,421882.35295058816
B_select_Berg_1825,1,900,250,0,0,0,36399.999992000055,161.45882353788232,0.0,457176.470597647
B_select_Berg_1825,1,900,250,0,0,30,36399.999992000055,191.45882353788232,0.0,457176.470597647
B_select_Berg_1825,1,900,250,0,0,60,36399.999992000055,221.45882353788232,0.0,457176.470597647
B_select_Berg_1825,1,900,250,0,30000,0,6399.9999920000555,193.2235294202352,0.0,492470.5882447058
B_select_Berg_1825,1,900,250,0,30000,30,6399.9999920000555,223.2235294202352,0.0,492470.5882447058
B_select_Berg_1825,1,900,250,0,30000,60,6399.9999920000555,253.2235294202352,0.0,492470.5882447058
B_select_Berg_1825,1,900,250,10,-30000,0,66399.99999200006,129.69411765552934,0.0,421882.35295058816
B_select_Berg_1825,1,900,250,10,-30000,30,66399.99999200006,159.69411765552934,0.0,421882.35295058816
B_select_Berg_1825,1,900,250,10,-30000,60,66399.99999200006,189.69411765552934,0.0,421882.35295058816
B_select_Berg_1825,1,900,250,10,0,0,36399.999992000055,161.45882353788232,0.0,457176.470597647
B_select_Berg_1825,1,900,250,10,0,30,36399.999992000055,191.45882353788232,0.0,457176.470597647
B_select_Berg_1825,1,900,250,10,0,60,36399.999992000055,221.45882353788232,0.0,457176.470597647
B_select_Berg_1825,1,900,250,10,30000,0,6399.9999920000555,193.2235294202352,0.0,492470.5882447058
B_select_Berg_1825,1,900,250,10,30000,30,6399.9999920000555,223.2235294202352,0.0,492470.5882447058
B_select_Berg_1825,1,900,250,10,30000,60,6399.9999920000555,253.2235294202352,0.0,492470.5882447058
B_select_Berg_1825,1,900,300,0,-30000,0,66399.99999200006,79.69411765552934,0.0,421882.35295058816
B_select_Berg_1825,1,900,300,0,-30000,30,66399.99999200006,109.69411765552934,0.0,421882.35295058816
B_select_Berg_1825,1,900,300,0,-30000,60,66399.99999200006,139.69411765552934,0.0,421882.35295058816
B_select_Berg_1825,1,900,300,0,0,0,36399.999992000055,111.45882353788232,0.0,457176.470597647
B_select_Berg_1825,1,900,300,0,0,30,36399.999992000055,141.45882353788232,0.0,457176.470597647
B_select_Berg_1825,1,900,300,0,0,60,36399.999992000055,171.45882353788232,0.0,457176.470597647
B_select_Berg_1825,1,900,300,0,30000,0,6399.9999920000555,143.2235294202352,0.0,492470.5882447058
B_select_Berg_1825,1,900,300,0,30000,30,6399.9999920000555,173.2235294202352,0.0,492470.5882447058
B_select_Berg_1825,1,900,300,0,30000,60,6399.9999920000555,203.2235294202352,0.0,492470.5882447058
B_select_Berg_1825,1,900,300,10,-30000,0,66399.99999200006,79.69411765552934,0.0,421882.35295058816
B_select_Berg_1825,1,900,300,10,-30000,30,66399.99999200006,109.69411765552934,0.0,421882.35295058816
B_select_Berg_1825,1,900,300,10,-30000,60,66399.99999200006,139.69411765552934,0.0,421882.35295058816
B_select_Berg_1825,1,900,300,10,0,0,36399.999992000055,111.45882353788232,0.0,457176.470597647
B_select_Berg_1825,1,900,300,10,0,30,36399.999992000055,141.45882353788232,0.0,457176.470597647
B_select_Berg_1825,1,900,300,10,0,60,36399.999992000055,171.45882353788232,0.0,457176.470597647
B_select_Berg_1825,1,900,300,10,30000,0,6399.9999920000555,143.2235294202352,0.0,492470.5882447058
B_select_Berg_1825,1,900,300,10,30000,30,6399.9999920000555,173.2235294202352,0.0,492470.5882447058
B_select_Berg_1825,1,900,300,10,30000,60,6399.9999920000555,203.2235294202352,0.0,492470.5882447058
B_select_Berg_1825,1,900,350,0,-30000,0,66399.99999200006,29.69411765552934,0.0,421882.35295058816
B_select_Berg_1825,1,900,350,0,-30000,30,66399.99999200006,59.69411765552934,0.0,421882.35295058816
B_select_Berg_1825,1,900,350,0,-30000,60,66399.99999200006,89.69411765552934,0.0,421882.35295058816
B_select_Berg_1825,1,900,350,0,0,0,36399.999992000055,61.458823537882324,0.0,457176.470597647
B_select_Berg_1825,1,900,350,0,0,30,36399.999992000055,91.45882353788232,0.0,457176.470597647
B_select_Berg_1825,1,900,350,0,0,60,36399.999992000055,121.45882353788232,0.0,457176.470597647
B_select_Berg_1825,1,900,350,0,30000,0,6399.9999920000555,93.2235294202352,0.0,492470.5882447058
B_select_Berg_1825,1,900,350,0,30000,30,6399.9999920000555,123.2235294202352,0.0,492470.5882447058
B_select_Berg_1825,1,900,350,0,30000,60,6399.9999920000555,153.2235294202352,0.0,492470.5882447058
B_select_Berg_1825,1,900,350,10,-30000,0,66399.99999200006,29.69411765552934,0.0,421882.35295058816
B_select_Berg_1825,1,900,350,10,-30000,30,66399.99999200006,59.69411765552934,0.0,421882.35295058816
B_select_Berg_1825,1,900,350,10,-30000,60,66399.99999200006,89.69411765552934,0.0,421882.35295058816
B_select_Berg_1825,1,900,350,10,0,0,36399.999992000055,61.458823537882324,0.0,457176.470597647
B_select_Berg_1825,1,900,350,10,0,30,36399.999992000055,91.45882353788232,0.0,457176.470597647
B_select_Berg_1825,1,900,350,10,0,60,36399.999992000055,121.45882353788232,0.0,457176.470597647
B_select_Berg_1825,1,900,350,10,30000,0,6399.9999920000555,93.2235294202352,0.0,492470.5882447058
B_select_Berg_1825,1,900,350,10,30000,30,6399.9999920000555,123.2235294202352,0.0,492470.5882447058
B_select_Berg_1825,1,900,350,10,30000,60,6399.9999920000555,153.2235294202352,0.0,492470.5882447058
B_full_historical_outer_1815,0,600,250,0,-30000,0,-125650.00000800006,134.69411765270593,104000.0,647823.5294211765
B_full_historical_outer_1815,0,600,250,0,-30000,0,-125650.00000800006,134.69411765270593,104000.0,647823.5294211765
B_full_historical_outer_1815,0,600,250,0,-30000,0,-125650.00000800006,134.69411765270593,104000.0,647823.5294211765
B_full_historical_outer_1815,0,600,250,0,0,0,-155650.00000800006,155.8705882409413,104000.0,683117.6470682354
B_full_historical_outer_1815,0,600,250,0,0,0,-155650.00000800006,155.8705882409413,104000.0,683117.6470682354
B_full_historical_outer_1815,0,600,250,0,0,0,-155650.00000800006,155.8705882409413,104000.0,683117.6470682354
B_full_historical_outer_1815,0,600,250,0,30000,0,-185650.00000800006,177.04705882917654,104000.0,718411.7647152942
B_full_historical_outer_1815,0,600,250,0,30000,0,-185650.00000800006,177.04705882917654,104000.0,718411.7647152942
B_full_historical_outer_1815,0,600,250,0,30000,0,-185650.00000800006,177.04705882917654,104000.0,718411.7647152942
B_full_historical_outer_1815,0,600,250,10,-30000,0,-86713.64200800005,134.69411765270593,104000.0,647823.5294211765
B_full_historical_outer_1815,0,600,250,10,-30000,0,-86713.64200800005,134.69411765270593,104000.0,647823.5294211765
B_full_historical_outer_1815,0,600,250,10,-30000,0,-86713.64200800005,134.69411765270593,104000.0,647823.5294211765
B_full_historical_outer_1815,0,600,250,10,0,0,-116713.64200800005,155.8705882409413,104000.0,683117.6470682354
B_full_historical_outer_1815,0,600,250,10,0,0,-116713.64200800005,155.8705882409413,104000.0,683117.6470682354
B_full_historical_outer_1815,0,600,250,10,0,0,-116713.64200800005,155.8705882409413,104000.0,683117.6470682354
B_full_historical_outer_1815,0,600,250,10,30000,0,-146713.64200800005,177.04705882917654,104000.0,718411.7647152942
B_full_historical_outer_1815,0,600,250,10,30000,0,-146713.64200800005,177.04705882917654,104000.0,718411.7647152942
B_full_historical_outer_1815,0,600,250,10,30000,0,-146713.64200800005,177.04705882917654,104000.0,718411.7647152942
B_full_historical_outer_1815,0,600,300,0,-30000,0,-125650.00000800006,84.69411765270593,104000.0,647823.5294211765
B_full_historical_outer_1815,0,600,300,0,-30000,0,-125650.00000800006,84.69411765270593,104000.0,647823.5294211765
B_full_historical_outer_1815,0,600,300,0,-30000,0,-125650.00000800006,84.69411765270593,104000.0,647823.5294211765
B_full_historical_outer_1815,0,600,300,0,0,0,-155650.00000800006,105.87058824094129,104000.0,683117.6470682354
B_full_historical_outer_1815,0,600,300,0,0,0,-155650.00000800006,105.87058824094129,104000.0,683117.6470682354
B_full_historical_outer_1815,0,600,300,0,0,0,-155650.00000800006,105.87058824094129,104000.0,683117.6470682354
B_full_historical_outer_1815,0,600,300,0,30000,0,-185650.00000800006,127.04705882917654,104000.0,718411.7647152942
B_full_historical_outer_1815,0,600,300,0,30000,0,-185650.00000800006,127.04705882917654,104000.0,718411.7647152942
B_full_historical_outer_1815,0,600,300,0,30000,0,-185650.00000800006,127.04705882917654,104000.0,718411.7647152942
B_full_historical_outer_1815,0,600,300,10,-30000,0,-86713.64200800005,84.69411765270593,104000.0,647823.5294211765
B_full_historical_outer_1815,0,600,300,10,-30000,0,-86713.64200800005,84.69411765270593,104000.0,647823.5294211765
B_full_historical_outer_1815,0,600,300,10,-30000,0,-86713.64200800005,84.69411765270593,104000.0,647823.5294211765
B_full_historical_outer_1815,0,600,300,10,0,0,-116713.64200800005,105.87058824094129,104000.0,683117.6470682354
B_full_historical_outer_1815,0,600,300,10,0,0,-116713.64200800005,105.87058824094129,104000.0,683117.6470682354
B_full_historical_outer_1815,0,600,300,10,0,0,-116713.64200800005,105.87058824094129,104000.0,683117.6470682354
B_full_historical_outer_1815,0,600,300,10,30000,0,-146713.64200800005,127.04705882917654,104000.0,718411.7647152942
B_full_historical_outer_1815,0,600,300,10,30000,0,-146713.64200800005,127.04705882917654,104000.0,718411.7647152942
B_full_historical_outer_1815,0,600,300,10,30000,0,-146713.64200800005,127.04705882917654,104000.0,718411.7647152942
B_full_historical_outer_1815,0,600,350,0,-30000,0,-125650.00000800006,34.69411765270593,104000.0,647823.5294211765
B_full_historical_outer_1815,0,600,350,0,-30000,0,-125650.00000800006,34.69411765270593,104000.0,647823.5294211765
B_full_historical_outer_1815,0,600,350,0,-30000,0,-125650.00000800006,34.69411765270593,104000.0,647823.5294211765
B_full_historical_outer_1815,0,600,350,0,0,0,-155650.00000800006,55.87058824094129,104000.0,683117.6470682354
B_full_historical_outer_1815,0,600,350,0,0,0,-155650.00000800006,55.87058824094129,104000.0,683117.6470682354
B_full_historical_outer_1815,0,600,350,0,0,0,-155650.00000800006,55.87058824094129,104000.0,683117.6470682354
B_full_historical_outer_1815,0,600,350,0,30000,0,-185650.00000800006,77.04705882917654,104000.0,718411.7647152942
B_full_historical_outer_1815,0,600,350,0,30000,0,-185650.00000800006,77.04705882917654,104000.0,718411.7647152942
B_full_historical_outer_1815,0,600,350,0,30000,0,-185650.00000800006,77.04705882917654,104000.0,718411.7647152942
B_full_historical_outer_1815,0,600,350,10,-30000,0,-86713.64200800005,34.69411765270593,104000.0,647823.5294211765
B_full_historical_outer_1815,0,600,350,10,-30000,0,-86713.64200800005,34.69411765270593,104000.0,647823.5294211765
B_full_historical_outer_1815,0,600,350,10,-30000,0,-86713.64200800005,34.69411765270593,104000.0,647823.5294211765
B_full_historical_outer_1815,0,600,350,10,0,0,-116713.64200800005,55.87058824094129,104000.0,683117.6470682354
B_full_historical_outer_1815,0,600,350,10,0,0,-116713.64200800005,55.87058824094129,104000.0,683117.6470682354
B_full_historical_outer_1815,0,600,350,10,0,0,-116713.64200800005,55.87058824094129,104000.0,683117.6470682354
B_full_historical_outer_1815,0,600,350,10,30000,0,-146713.64200800005,77.04705882917654,104000.0,718411.7647152942
B_full_historical_outer_1815,0,600,350,10,30000,0,-146713.64200800005,77.04705882917654,104000.0,718411.7647152942
B_full_historical_outer_1815,0,600,350,10,30000,0,-146713.64200800005,77.04705882917654,104000.0,718411.7647152942
B_full_historical_outer_1815,0,700,250,0,-30000,0,-125650.00000800006,199.47647059482358,104000.0,647823.5294211765
B_full_historical_outer_1815,0,700,250,0,-30000,0,-125650.00000800006,199.47647059482358,104000.0,647823.5294211765
B_full_historical_outer_1815,0,700,250,0,-30000,0,-125650.00000800006,199.47647059482358,104000.0,647823.5294211765
B_full_historical_outer_1815,0,700,250,0,0,0,-155650.00000800006,224.1823529477648,104000.0,683117.6470682354
B_full_historical_outer_1815,0,700,250,0,0,0,-155650.00000800006,224.1823529477648,104000.0,683117.6470682354
B_full_historical_outer_1815,0,700,250,0,0,0,-155650.00000800006,224.1823529477648,104000.0,683117.6470682354
B_full_historical_outer_1815,0,700,250,0,30000,0,-185650.00000800006,248.88823530070596,104000.0,718411.7647152942
B_full_historical_outer_1815,0,700,250,0,30000,0,-185650.00000800006,248.88823530070596,104000.0,718411.7647152942
B_full_historical_outer_1815,0,700,250,0,30000,0,-185650.00000800006,248.88823530070596,104000.0,718411.7647152942
B_full_historical_outer_1815,0,700,250,10,-30000,0,-86713.64200800005,199.47647059482358,104000.0,647823.5294211765
B_full_historical_outer_1815,0,700,250,10,-30000,0,-86713.64200800005,199.47647059482358,104000.0,647823.5294211765
B_full_historical_outer_1815,0,700,250,10,-30000,0,-86713.64200800005,199.47647059482358,104000.0,647823.5294211765
B_full_historical_outer_1815,0,700,250,10,0,0,-116713.64200800005,224.1823529477648,104000.0,683117.6470682354
B_full_historical_outer_1815,0,700,250,10,0,0,-116713.64200800005,224.1823529477648,104000.0,683117.6470682354
B_full_historical_outer_1815,0,700,250,10,0,0,-116713.64200800005,224.1823529477648,104000.0,683117.6470682354
B_full_historical_outer_1815,0,700,250,10,30000,0,-146713.64200800005,248.88823530070596,104000.0,718411.7647152942
B_full_historical_outer_1815,0,700,250,10,30000,0,-146713.64200800005,248.88823530070596,104000.0,718411.7647152942
B_full_historical_outer_1815,0,700,250,10,30000,0,-146713.64200800005,248.88823530070596,104000.0,718411.7647152942
B_full_historical_outer_1815,0,700,300,0,-30000,0,-125650.00000800006,149.47647059482358,104000.0,647823.5294211765
B_full_historical_outer_1815,0,700,300,0,-30000,0,-125650.00000800006,149.47647059482358,104000.0,647823.5294211765
B_full_historical_outer_1815,0,700,300,0,-30000,0,-125650.00000800006,149.47647059482358,104000.0,647823.5294211765
B_full_historical_outer_1815,0,700,300,0,0,0,-155650.00000800006,174.1823529477648,104000.0,683117.6470682354
B_full_historical_outer_1815,0,700,300,0,0,0,-155650.00000800006,174.1823529477648,104000.0,683117.6470682354
B_full_historical_outer_1815,0,700,300,0,0,0,-155650.00000800006,174.1823529477648,104000.0,683117.6470682354
B_full_historical_outer_1815,0,700,300,0,30000,0,-185650.00000800006,198.88823530070596,104000.0,718411.7647152942
B_full_historical_outer_1815,0,700,300,0,30000,0,-185650.00000800006,198.88823530070596,104000.0,718411.7647152942
B_full_historical_outer_1815,0,700,300,0,30000,0,-185650.00000800006,198.88823530070596,104000.0,718411.7647152942
B_full_historical_outer_1815,0,700,300,10,-30000,0,-86713.64200800005,149.47647059482358,104000.0,647823.5294211765
B_full_historical_outer_1815,0,700,300,10,-30000,0,-86713.64200800005,149.47647059482358,104000.0,647823.5294211765
B_full_historical_outer_1815,0,700,300,10,-30000,0,-86713.64200800005,149.47647059482358,104000.0,647823.5294211765
B_full_historical_outer_1815,0,700,300,10,0,0,-116713.64200800005,174.1823529477648,104000.0,683117.6470682354
B_full_historical_outer_1815,0,700,300,10,0,0,-116713.64200800005,174.1823529477648,104000.0,683117.6470682354
B_full_historical_outer_1815,0,700,300,10,0,0,-116713.64200800005,174.1823529477648,104000.0,683117.6470682354
B_full_historical_outer_1815,0,700,300,10,30000,0,-146713.64200800005,198.88823530070596,104000.0,718411.7647152942
B_full_historical_outer_1815,0,700,300,10,30000,0,-146713.64200800005,198.88823530070596,104000.0,718411.7647152942
B_full_historical_outer_1815,0,700,300,10,30000,0,-146713.64200800005,198.88823530070596,104000.0,718411.7647152942
B_full_historical_outer_1815,0,700,350,0,-30000,0,-125650.00000800006,99.47647059482358,104000.0,647823.5294211765
B_full_historical_outer_1815,0,700,350,0,-30000,0,-125650.00000800006,99.47647059482358,104000.0,647823.5294211765
B_full_historical_outer_1815,0,700,350,0,-30000,0,-125650.00000800006,99.47647059482358,104000.0,647823.5294211765
B_full_historical_outer_1815,0,700,350,0,0,0,-155650.00000800006,124.1823529477648,104000.0,683117.6470682354
B_full_historical_outer_1815,0,700,350,0,0,0,-155650.00000800006,124.1823529477648,104000.0,683117.6470682354
B_full_historical_outer_1815,0,700,350,0,0,0,-155650.00000800006,124.1823529477648,104000.0,683117.6470682354
B_full_historical_outer_1815,0,700,350,0,30000,0,-185650.00000800006,148.88823530070596,104000.0,718411.7647152942
B_full_historical_outer_1815,0,700,350,0,30000,0,-185650.00000800006,148.88823530070596,104000.0,718411.7647152942
B_full_historical_outer_1815,0,700,350,0,30000,0,-185650.00000800006,148.88823530070596,104000.0,718411.7647152942
B_full_historical_outer_1815,0,700,350,10,-30000,0,-86713.64200800005,99.47647059482358,104000.0,647823.5294211765
B_full_historical_outer_1815,0,700,350,10,-30000,0,-86713.64200800005,99.47647059482358,104000.0,647823.5294211765
B_full_historical_outer_1815,0,700,350,10,-30000,0,-86713.64200800005,99.47647059482358,104000.0,647823.5294211765
B_full_historical_outer_1815,0,700,350,10,0,0,-116713.64200800005,124.1823529477648,104000.0,683117.6470682354
B_full_historical_outer_1815,0,700,350,10,0,0,-116713.64200800005,124.1823529477648,104000.0,683117.6470682354
B_full_historical_outer_1815,0,700,350,10,0,0,-116713.64200800005,124.1823529477648,104000.0,683117.6470682354
B_full_historical_outer_1815,0,700,350,10,30000,0,-146713.64200800005,148.88823530070596,104000.0,718411.7647152942
B_full_historical_outer_1815,0,700,350,10,30000,0,-146713.64200800005,148.88823530070596,104000.0,718411.7647152942
B_full_historical_outer_1815,0,700,350,10,30000,0,-146713.64200800005,148.88823530070596,104000.0,718411.7647152942
B_full_historical_outer_1815,0,900,250,0,-30000,0,-125650.00000800006,329.0411764790589,104000.0,647823.5294211765
B_full_historical_outer_1815,0,900,250,0,-30000,0,-125650.00000800006,329.0411764790589,104000.0,647823.5294211765
B_full_historical_outer_1815,0,900,250,0,-30000,0,-125650.00000800006,329.0411764790589,104000.0,647823.5294211765
B_full_historical_outer_1815,0,900,250,0,0,0,-155650.00000800006,360.80588236141193,104000.0,683117.6470682354
B_full_historical_outer_1815,0,900,250,0,0,0,-155650.00000800006,360.80588236141193,104000.0,683117.6470682354
B_full_historical_outer_1815,0,900,250,0,0,0,-155650.00000800006,360.80588236141193,104000.0,683117.6470682354
B_full_historical_outer_1815,0,900,250,0,30000,0,-185650.00000800006,392.57058824376475,104000.0,718411.7647152942
B_full_historical_outer_1815,0,900,250,0,30000,0,-185650.00000800006,392.57058824376475,104000.0,718411.7647152942
B_full_historical_outer_1815,0,900,250,0,30000,0,-185650.00000800006,392.57058824376475,104000.0,718411.7647152942
B_full_historical_outer_1815,0,900,250,10,-30000,0,-86713.64200800005,329.0411764790589,104000.0,647823.5294211765
B_full_historical_outer_1815,0,900,250,10,-30000,0,-86713.64200800005,329.0411764790589,104000.0,647823.5294211765
B_full_historical_outer_1815,0,900,250,10,-30000,0,-86713.64200800005,329.0411764790589,104000.0,647823.5294211765
B_full_historical_outer_1815,0,900,250,10,0,0,-116713.64200800005,360.80588236141193,104000.0,683117.6470682354
B_full_historical_outer_1815,0,900,250,10,0,0,-116713.64200800005,360.80588236141193,104000.0,683117.6470682354
B_full_historical_outer_1815,0,900,250,10,0,0,-116713.64200800005,360.80588236141193,104000.0,683117.6470682354
B_full_historical_outer_1815,0,900,250,10,30000,0,-146713.64200800005,392.57058824376475,104000.0,718411.7647152942
B_full_historical_outer_1815,0,900,250,10,30000,0,-146713.64200800005,392.57058824376475,104000.0,718411.7647152942
B_full_historical_outer_1815,0,900,250,10,30000,0,-146713.64200800005,392.57058824376475,104000.0,718411.7647152942
B_full_historical_outer_1815,0,900,300,0,-30000,0,-125650.00000800006,279.0411764790589,104000.0,647823.5294211765
B_full_historical_outer_1815,0,900,300,0,-30000,0,-125650.00000800006,279.0411764790589,104000.0,647823.5294211765
B_full_historical_outer_1815,0,900,300,0,-30000,0,-125650.00000800006,279.0411764790589,104000.0,647823.5294211765
B_full_historical_outer_1815,0,900,300,0,0,0,-155650.00000800006,310.80588236141193,104000.0,683117.6470682354
B_full_historical_outer_1815,0,900,300,0,0,0,-155650.00000800006,310.80588236141193,104000.0,683117.6470682354
B_full_historical_outer_1815,0,900,300,0,0,0,-155650.00000800006,310.80588236141193,104000.0,683117.6470682354
B_full_historical_outer_1815,0,900,300,0,30000,0,-185650.00000800006,342.57058824376475,104000.0,718411.7647152942
B_full_historical_outer_1815,0,900,300,0,30000,0,-185650.00000800006,342.57058824376475,104000.0,718411.7647152942
B_full_historical_outer_1815,0,900,300,0,30000,0,-185650.00000800006,342.57058824376475,104000.0,718411.7647152942
B_full_historical_outer_1815,0,900,300,10,-30000,0,-86713.64200800005,279.0411764790589,104000.0,647823.5294211765
B_full_historical_outer_1815,0,900,300,10,-30000,0,-86713.64200800005,279.0411764790589,104000.0,647823.5294211765
B_full_historical_outer_1815,0,900,300,10,-30000,0,-86713.64200800005,279.0411764790589,104000.0,647823.5294211765
B_full_historical_outer_1815,0,900,300,10,0,0,-116713.64200800005,310.80588236141193,104000.0,683117.6470682354
B_full_historical_outer_1815,0,900,300,10,0,0,-116713.64200800005,310.80588236141193,104000.0,683117.6470682354
B_full_historical_outer_1815,0,900,300,10,0,0,-116713.64200800005,310.80588236141193,104000.0,683117.6470682354
B_full_historical_outer_1815,0,900,300,10,30000,0,-146713.64200800005,342.57058824376475,104000.0,718411.7647152942
B_full_historical_outer_1815,0,900,300,10,30000,0,-146713.64200800005,342.57058824376475,104000.0,718411.7647152942
B_full_historical_outer_1815,0,900,300,10,30000,0,-146713.64200800005,342.57058824376475,104000.0,718411.7647152942
B_full_historical_outer_1815,0,900,350,0,-30000,0,-125650.00000800006,229.0411764790589,104000.0,647823.5294211765
B_full_historical_outer_1815,0,900,350,0,-30000,0,-125650.00000800006,229.0411764790589,104000.0,647823.5294211765
B_full_historical_outer_1815,0,900,350,0,-30000,0,-125650.00000800006,229.0411764790589,104000.0,647823.5294211765
B_full_historical_outer_1815,0,900,350,0,0,0,-155650.00000800006,260.80588236141193,104000.0,683117.6470682354
B_full_historical_outer_1815,0,900,350,0,0,0,-155650.00000800006,260.80588236141193,104000.0,683117.6470682354
B_full_historical_outer_1815,0,900,350,0,0,0,-155650.00000800006,260.80588236141193,104000.0,683117.6470682354
B_full_historical_outer_1815,0,900,350,0,30000,0,-185650.00000800006,292.57058824376475,104000.0,718411.7647152942
B_full_historical_outer_1815,0,900,350,0,30000,0,-185650.00000800006,292.57058824376475,104000.0,718411.7647152942
B_full_historical_outer_1815,0,900,350,0,30000,0,-185650.00000800006,292.57058824376475,104000.0,718411.7647152942
B_full_historical_outer_1815,0,900,350,10,-30000,0,-86713.64200800005,229.0411764790589,104000.0,647823.5294211765
B_full_historical_outer_1815,0,900,350,10,-30000,0,-86713.64200800005,229.0411764790589,104000.0,647823.5294211765
B_full_historical_outer_1815,0,900,350,10,-30000,0,-86713.64200800005,229.0411764790589,104000.0,647823.5294211765
B_full_historical_outer_1815,0,900,350,10,0,0,-116713.64200800005,260.80588236141193,104000.0,683117.6470682354
B_full_historical_outer_1815,0,900,350,10,0,0,-116713.64200800005,260.80588236141193,104000.0,683117.6470682354
B_full_historical_outer_1815,0,900,350,10,0,0,-116713.64200800005,260.80588236141193,104000.0,683117.6470682354
B_full_historical_outer_1815,0,900,350,10,30000,0,-146713.64200800005,292.57058824376475,104000.0,718411.7647152942
B_full_historical_outer_1815,0,900,350,10,30000,0,-146713.64200800005,292.57058824376475,104000.0,718411.7647152942
B_full_historical_outer_1815,0,900,350,10,30000,0,-146713.64200800005,292.57058824376475,104000.0,718411.7647152942
B_full_historical_outer_1815,0.5,600,250,0,-30000,0,-81450.00000800006,112.99411765270588,52000.0,595823.5294211765
B_full_historical_outer_1815,0.5,600,250,0,-30000,0,-81450.00000800006,112.99411765270588,52000.0,595823.5294211765
B_full_historical_outer_1815,0.5,600,250,0,-30000,0,-81450.00000800006,112.99411765270588,52000.0,595823.5294211765
B_full_historical_outer_1815,0.5,600,250,0,0,0,-111450.00000800006,134.17058824094119,52000.0,631117.6470682353
B_full_historical_outer_1815,0.5,600,250,0,0,0,-111450.00000800006,134.17058824094119,52000.0,631117.6470682353
B_full_historical_outer_1815,0.5,600,250,0,0,0,-111450.00000800006,134.17058824094119,52000.0,631117.6470682353
B_full_historical_outer_1815,0.5,600,250,0,30000,0,-141450.00000800006,155.34705882917655,52000.0,666411.7647152942
B_full_historical_outer_1815,0.5,600,250,0,30000,0,-141450.00000800006,155.34705882917655,52000.0,666411.7647152942
B_full_historical_outer_1815,0.5,600,250,0,30000,0,-141450.00000800006,155.34705882917655,52000.0,666411.7647152942
B_full_historical_outer_1815,0.5,600,250,10,-30000,0,-61858.01700800005,112.99411765270588,52000.0,595823.5294211765
B_full_historical_outer_1815,0.5,600,250,10,-30000,0,-61858.01700800005,112.99411765270588,52000.0,595823.5294211765
B_full_historical_outer_1815,0.5,600,250,10,-30000,0,-61858.01700800005,112.99411765270588,52000.0,595823.5294211765
B_full_historical_outer_1815,0.5,600,250,10,0,0,-91858.01700800005,134.17058824094119,52000.0,631117.6470682353
B_full_historical_outer_1815,0.5,600,250,10,0,0,-91858.01700800005,134.17058824094119,52000.0,631117.6470682353
B_full_historical_outer_1815,0.5,600,250,10,0,0,-91858.01700800005,134.17058824094119,52000.0,631117.6470682353
B_full_historical_outer_1815,0.5,600,250,10,30000,0,-121858.01700800005,155.34705882917655,52000.0,666411.7647152942
B_full_historical_outer_1815,0.5,600,250,10,30000,0,-121858.01700800005,155.34705882917655,52000.0,666411.7647152942
B_full_historical_outer_1815,0.5,600,250,10,30000,0,-121858.01700800005,155.34705882917655,52000.0,666411.7647152942
B_full_historical_outer_1815,0.5,600,300,0,-30000,0,-81450.00000800006,62.99411765270588,52000.0,595823.5294211765
B_full_historical_outer_1815,0.5,600,300,0,-30000,0,-81450.00000800006,62.99411765270588,52000.0,595823.5294211765
B_full_historical_outer_1815,0.5,600,300,0,-30000,0,-81450.00000800006,62.99411765270588,52000.0,595823.5294211765
B_full_historical_outer_1815,0.5,600,300,0,0,0,-111450.00000800006,84.17058824094119,52000.0,631117.6470682353
B_full_historical_outer_1815,0.5,600,300,0,0,0,-111450.00000800006,84.17058824094119,52000.0,631117.6470682353
B_full_historical_outer_1815,0.5,600,300,0,0,0,-111450.00000800006,84.17058824094119,52000.0,631117.6470682353
B_full_historical_outer_1815,0.5,600,300,0,30000,0,-141450.00000800006,105.34705882917655,52000.0,666411.7647152942
B_full_historical_outer_1815,0.5,600,300,0,30000,0,-141450.00000800006,105.34705882917655,52000.0,666411.7647152942
B_full_historical_outer_1815,0.5,600,300,0,30000,0,-141450.00000800006,105.34705882917655,52000.0,666411.7647152942
B_full_historical_outer_1815,0.5,600,300,10,-30000,0,-61858.01700800005,62.99411765270588,52000.0,595823.5294211765
B_full_historical_outer_1815,0.5,600,300,10,-30000,0,-61858.01700800005,62.99411765270588,52000.0,595823.5294211765
B_full_historical_outer_1815,0.5,600,300,10,-30000,0,-61858.01700800005,62.99411765270588,52000.0,595823.5294211765
B_full_historical_outer_1815,0.5,600,300,10,0,0,-91858.01700800005,84.17058824094119,52000.0,631117.6470682353
B_full_historical_outer_1815,0.5,600,300,10,0,0,-91858.01700800005,84.17058824094119,52000.0,631117.6470682353
B_full_historical_outer_1815,0.5,600,300,10,0,0,-91858.01700800005,84.17058824094119,52000.0,631117.6470682353
B_full_historical_outer_1815,0.5,600,300,10,30000,0,-121858.01700800005,105.34705882917655,52000.0,666411.7647152942
B_full_historical_outer_1815,0.5,600,300,10,30000,0,-121858.01700800005,105.34705882917655,52000.0,666411.7647152942
B_full_historical_outer_1815,0.5,600,300,10,30000,0,-121858.01700800005,105.34705882917655,52000.0,666411.7647152942
B_full_historical_outer_1815,0.5,600,350,0,-30000,0,-81450.00000800006,12.994117652705881,52000.0,595823.5294211765
B_full_historical_outer_1815,0.5,600,350,0,-30000,0,-81450.00000800006,12.994117652705881,52000.0,595823.5294211765
B_full_historical_outer_1815,0.5,600,350,0,-30000,0,-81450.00000800006,12.994117652705881,52000.0,595823.5294211765
B_full_historical_outer_1815,0.5,600,350,0,0,0,-111450.00000800006,34.170588240941186,52000.0,631117.6470682353
B_full_historical_outer_1815,0.5,600,350,0,0,0,-111450.00000800006,34.170588240941186,52000.0,631117.6470682353
B_full_historical_outer_1815,0.5,600,350,0,0,0,-111450.00000800006,34.170588240941186,52000.0,631117.6470682353
B_full_historical_outer_1815,0.5,600,350,0,30000,0,-141450.00000800006,55.34705882917655,52000.0,666411.7647152942
B_full_historical_outer_1815,0.5,600,350,0,30000,0,-141450.00000800006,55.34705882917655,52000.0,666411.7647152942
B_full_historical_outer_1815,0.5,600,350,0,30000,0,-141450.00000800006,55.34705882917655,52000.0,666411.7647152942
B_full_historical_outer_1815,0.5,600,350,10,-30000,0,-61858.01700800005,12.994117652705881,52000.0,595823.5294211765
B_full_historical_outer_1815,0.5,600,350,10,-30000,0,-61858.01700800005,12.994117652705881,52000.0,595823.5294211765
B_full_historical_outer_1815,0.5,600,350,10,-30000,0,-61858.01700800005,12.994117652705881,52000.0,595823.5294211765
B_full_historical_outer_1815,0.5,600,350,10,0,0,-91858.01700800005,34.170588240941186,52000.0,631117.6470682353
B_full_historical_outer_1815,0.5,600,350,10,0,0,-91858.01700800005,34.170588240941186,52000.0,631117.6470682353
B_full_historical_outer_1815,0.5,600,350,10,0,0,-91858.01700800005,34.170588240941186,52000.0,631117.6470682353
B_full_historical_outer_1815,0.5,600,350,10,30000,0,-121858.01700800005,55.34705882917655,52000.0,666411.7647152942
B_full_historical_outer_1815,0.5,600,350,10,30000,0,-121858.01700800005,55.34705882917655,52000.0,666411.7647152942
B_full_historical_outer_1815,0.5,600,350,10,30000,0,-121858.01700800005,55.34705882917655,52000.0,666411.7647152942
B_full_historical_outer_1815,0.5,700,250,0,-30000,0,-81450.00000800006,172.5764705948236,52000.0,595823.5294211765
B_full_historical_outer_1815,0.5,700,250,0,-30000,0,-81450.00000800006,172.5764705948236,52000.0,595823.5294211765
B_full_historical_outer_1815,0.5,700,250,0,-30000,0,-81450.00000800006,172.5764705948236,52000.0,595823.5294211765
B_full_historical_outer_1815,0.5,700,250,0,0,0,-111450.00000800006,197.28235294776476,52000.0,631117.6470682353
B_full_historical_outer_1815,0.5,700,250,0,0,0,-111450.00000800006,197.28235294776476,52000.0,631117.6470682353
B_full_historical_outer_1815,0.5,700,250,0,0,0,-111450.00000800006,197.28235294776476,52000.0,631117.6470682353
B_full_historical_outer_1815,0.5,700,250,0,30000,0,-141450.00000800006,221.98823530070598,52000.0,666411.7647152942
B_full_historical_outer_1815,0.5,700,250,0,30000,0,-141450.00000800006,221.98823530070598,52000.0,666411.7647152942
B_full_historical_outer_1815,0.5,700,250,0,30000,0,-141450.00000800006,221.98823530070598,52000.0,666411.7647152942
B_full_historical_outer_1815,0.5,700,250,10,-30000,0,-61858.01700800005,172.5764705948236,52000.0,595823.5294211765
B_full_historical_outer_1815,0.5,700,250,10,-30000,0,-61858.01700800005,172.5764705948236,52000.0,595823.5294211765
B_full_historical_outer_1815,0.5,700,250,10,-30000,0,-61858.01700800005,172.5764705948236,52000.0,595823.5294211765
B_full_historical_outer_1815,0.5,700,250,10,0,0,-91858.01700800005,197.28235294776476,52000.0,631117.6470682353
B_full_historical_outer_1815,0.5,700,250,10,0,0,-91858.01700800005,197.28235294776476,52000.0,631117.6470682353
B_full_historical_outer_1815,0.5,700,250,10,0,0,-91858.01700800005,197.28235294776476,52000.0,631117.6470682353
B_full_historical_outer_1815,0.5,700,250,10,30000,0,-121858.01700800005,221.98823530070598,52000.0,666411.7647152942
B_full_historical_outer_1815,0.5,700,250,10,30000,0,-121858.01700800005,221.98823530070598,52000.0,666411.7647152942
B_full_historical_outer_1815,0.5,700,250,10,30000,0,-121858.01700800005,221.98823530070598,52000.0,666411.7647152942
B_full_historical_outer_1815,0.5,700,300,0,-30000,0,-81450.00000800006,122.5764705948236,52000.0,595823.5294211765
B_full_historical_outer_1815,0.5,700,300,0,-30000,0,-81450.00000800006,122.5764705948236,52000.0,595823.5294211765
B_full_historical_outer_1815,0.5,700,300,0,-30000,0,-81450.00000800006,122.5764705948236,52000.0,595823.5294211765
B_full_historical_outer_1815,0.5,700,300,0,0,0,-111450.00000800006,147.28235294776476,52000.0,631117.6470682353
B_full_historical_outer_1815,0.5,700,300,0,0,0,-111450.00000800006,147.28235294776476,52000.0,631117.6470682353
B_full_historical_outer_1815,0.5,700,300,0,0,0,-111450.00000800006,147.28235294776476,52000.0,631117.6470682353
B_full_historical_outer_1815,0.5,700,300,0,30000,0,-141450.00000800006,171.98823530070598,52000.0,666411.7647152942
B_full_historical_outer_1815,0.5,700,300,0,30000,0,-141450.00000800006,171.98823530070598,52000.0,666411.7647152942
B_full_historical_outer_1815,0.5,700,300,0,30000,0,-141450.00000800006,171.98823530070598,52000.0,666411.7647152942
B_full_historical_outer_1815,0.5,700,300,10,-30000,0,-61858.01700800005,122.5764705948236,52000.0,595823.5294211765
B_full_historical_outer_1815,0.5,700,300,10,-30000,0,-61858.01700800005,122.5764705948236,52000.0,595823.5294211765
B_full_historical_outer_1815,0.5,700,300,10,-30000,0,-61858.01700800005,122.5764705948236,52000.0,595823.5294211765
B_full_historical_outer_1815,0.5,700,300,10,0,0,-91858.01700800005,147.28235294776476,52000.0,631117.6470682353
B_full_historical_outer_1815,0.5,700,300,10,0,0,-91858.01700800005,147.28235294776476,52000.0,631117.6470682353
B_full_historical_outer_1815,0.5,700,300,10,0,0,-91858.01700800005,147.28235294776476,52000.0,631117.6470682353
B_full_historical_outer_1815,0.5,700,300,10,30000,0,-121858.01700800005,171.98823530070598,52000.0,666411.7647152942
B_full_historical_outer_1815,0.5,700,300,10,30000,0,-121858.01700800005,171.98823530070598,52000.0,666411.7647152942
B_full_historical_outer_1815,0.5,700,300,10,30000,0,-121858.01700800005,171.98823530070598,52000.0,666411.7647152942
B_full_historical_outer_1815,0.5,700,350,0,-30000,0,-81450.00000800006,72.5764705948236,52000.0,595823.5294211765
B_full_historical_outer_1815,0.5,700,350,0,-30000,0,-81450.00000800006,72.5764705948236,52000.0,595823.5294211765
B_full_historical_outer_1815,0.5,700,350,0,-30000,0,-81450.00000800006,72.5764705948236,52000.0,595823.5294211765
B_full_historical_outer_1815,0.5,700,350,0,0,0,-111450.00000800006,97.28235294776476,52000.0,631117.6470682353
B_full_historical_outer_1815,0.5,700,350,0,0,0,-111450.00000800006,97.28235294776476,52000.0,631117.6470682353
B_full_historical_outer_1815,0.5,700,350,0,0,0,-111450.00000800006,97.28235294776476,52000.0,631117.6470682353
B_full_historical_outer_1815,0.5,700,350,0,30000,0,-141450.00000800006,121.98823530070598,52000.0,666411.7647152942
B_full_historical_outer_1815,0.5,700,350,0,30000,0,-141450.00000800006,121.98823530070598,52000.0,666411.7647152942
B_full_historical_outer_1815,0.5,700,350,0,30000,0,-141450.00000800006,121.98823530070598,52000.0,666411.7647152942
B_full_historical_outer_1815,0.5,700,350,10,-30000,0,-61858.01700800005,72.5764705948236,52000.0,595823.5294211765
B_full_historical_outer_1815,0.5,700,350,10,-30000,0,-61858.01700800005,72.5764705948236,52000.0,595823.5294211765
B_full_historical_outer_1815,0.5,700,350,10,-30000,0,-61858.01700800005,72.5764705948236,52000.0,595823.5294211765
B_full_historical_outer_1815,0.5,700,350,10,0,0,-91858.01700800005,97.28235294776476,52000.0,631117.6470682353
B_full_historical_outer_1815,0.5,700,350,10,0,0,-91858.01700800005,97.28235294776476,52000.0,631117.6470682353
B_full_historical_outer_1815,0.5,700,350,10,0,0,-91858.01700800005,97.28235294776476,52000.0,631117.6470682353
B_full_historical_outer_1815,0.5,700,350,10,30000,0,-121858.01700800005,121.98823530070598,52000.0,666411.7647152942
B_full_historical_outer_1815,0.5,700,350,10,30000,0,-121858.01700800005,121.98823530070598,52000.0,666411.7647152942
B_full_historical_outer_1815,0.5,700,350,10,30000,0,-121858.01700800005,121.98823530070598,52000.0,666411.7647152942
B_full_historical_outer_1815,0.5,900,250,0,-30000,0,-81450.00000800006,291.7411764790588,52000.0,595823.5294211765
B_full_historical_outer_1815,0.5,900,250,0,-30000,0,-81450.00000800006,291.7411764790588,52000.0,595823.5294211765
B_full_historical_outer_1815,0.5,900,250,0,-30000,0,-81450.00000800006,291.7411764790588,52000.0,595823.5294211765
B_full_historical_outer_1815,0.5,900,250,0,0,0,-111450.00000800006,323.50588236141186,52000.0,631117.6470682353
B_full_historical_outer_1815,0.5,900,250,0,0,0,-111450.00000800006,323.50588236141186,52000.0,631117.6470682353
B_full_historical_outer_1815,0.5,900,250,0,0,0,-111450.00000800006,323.50588236141186,52000.0,631117.6470682353
B_full_historical_outer_1815,0.5,900,250,0,30000,0,-141450.00000800006,355.2705882437648,52000.0,666411.7647152942
B_full_historical_outer_1815,0.5,900,250,0,30000,0,-141450.00000800006,355.2705882437648,52000.0,666411.7647152942
B_full_historical_outer_1815,0.5,900,250,0,30000,0,-141450.00000800006,355.2705882437648,52000.0,666411.7647152942
B_full_historical_outer_1815,0.5,900,250,10,-30000,0,-61858.01700800005,291.7411764790588,52000.0,595823.5294211765
B_full_historical_outer_1815,0.5,900,250,10,-30000,0,-61858.01700800005,291.7411764790588,52000.0,595823.5294211765
B_full_historical_outer_1815,0.5,900,250,10,-30000,0,-61858.01700800005,291.7411764790588,52000.0,595823.5294211765
B_full_historical_outer_1815,0.5,900,250,10,0,0,-91858.01700800005,323.50588236141186,52000.0,631117.6470682353
B_full_historical_outer_1815,0.5,900,250,10,0,0,-91858.01700800005,323.50588236141186,52000.0,631117.6470682353
B_full_historical_outer_1815,0.5,900,250,10,0,0,-91858.01700800005,323.50588236141186,52000.0,631117.6470682353
B_full_historical_outer_1815,0.5,900,250,10,30000,0,-121858.01700800005,355.2705882437648,52000.0,666411.7647152942
B_full_historical_outer_1815,0.5,900,250,10,30000,0,-121858.01700800005,355.2705882437648,52000.0,666411.7647152942
B_full_historical_outer_1815,0.5,900,250,10,30000,0,-121858.01700800005,355.2705882437648,52000.0,666411.7647152942
B_full_historical_outer_1815,0.5,900,300,0,-30000,0,-81450.00000800006,241.74117647905882,52000.0,595823.5294211765
B_full_historical_outer_1815,0.5,900,300,0,-30000,0,-81450.00000800006,241.74117647905882,52000.0,595823.5294211765
B_full_historical_outer_1815,0.5,900,300,0,-30000,0,-81450.00000800006,241.74117647905882,52000.0,595823.5294211765
B_full_historical_outer_1815,0.5,900,300,0,0,0,-111450.00000800006,273.50588236141186,52000.0,631117.6470682353
B_full_historical_outer_1815,0.5,900,300,0,0,0,-111450.00000800006,273.50588236141186,52000.0,631117.6470682353
B_full_historical_outer_1815,0.5,900,300,0,0,0,-111450.00000800006,273.50588236141186,52000.0,631117.6470682353
B_full_historical_outer_1815,0.5,900,300,0,30000,0,-141450.00000800006,305.2705882437648,52000.0,666411.7647152942
B_full_historical_outer_1815,0.5,900,300,0,30000,0,-141450.00000800006,305.2705882437648,52000.0,666411.7647152942
B_full_historical_outer_1815,0.5,900,300,0,30000,0,-141450.00000800006,305.2705882437648,52000.0,666411.7647152942
B_full_historical_outer_1815,0.5,900,300,10,-30000,0,-61858.01700800005,241.74117647905882,52000.0,595823.5294211765
B_full_historical_outer_1815,0.5,900,300,10,-30000,0,-61858.01700800005,241.74117647905882,52000.0,595823.5294211765
B_full_historical_outer_1815,0.5,900,300,10,-30000,0,-61858.01700800005,241.74117647905882,52000.0,595823.5294211765
B_full_historical_outer_1815,0.5,900,300,10,0,0,-91858.01700800005,273.50588236141186,52000.0,631117.6470682353
B_full_historical_outer_1815,0.5,900,300,10,0,0,-91858.01700800005,273.50588236141186,52000.0,631117.6470682353
B_full_historical_outer_1815,0.5,900,300,10,0,0,-91858.01700800005,273.50588236141186,52000.0,631117.6470682353
B_full_historical_outer_1815,0.5,900,300,10,30000,0,-121858.01700800005,305.2705882437648,52000.0,666411.7647152942
B_full_historical_outer_1815,0.5,900,300,10,30000,0,-121858.01700800005,305.2705882437648,52000.0,666411.7647152942
B_full_historical_outer_1815,0.5,900,300,10,30000,0,-121858.01700800005,305.2705882437648,52000.0,666411.7647152942
B_full_historical_outer_1815,0.5,900,350,0,-30000,0,-81450.00000800006,191.74117647905882,52000.0,595823.5294211765
B_full_historical_outer_1815,0.5,900,350,0,-30000,0,-81450.00000800006,191.74117647905882,52000.0,595823.5294211765
B_full_historical_outer_1815,0.5,900,350,0,-30000,0,-81450.00000800006,191.74117647905882,52000.0,595823.5294211765
B_full_historical_outer_1815,0.5,900,350,0,0,0,-111450.00000800006,223.50588236141186,52000.0,631117.6470682353
B_full_historical_outer_1815,0.5,900,350,0,0,0,-111450.00000800006,223.50588236141186,52000.0,631117.6470682353
B_full_historical_outer_1815,0.5,900,350,0,0,0,-111450.00000800006,223.50588236141186,52000.0,631117.6470682353
B_full_historical_outer_1815,0.5,900,350,0,30000,0,-141450.00000800006,255.2705882437648,52000.0,666411.7647152942
B_full_historical_outer_1815,0.5,900,350,0,30000,0,-141450.00000800006,255.2705882437648,52000.0,666411.7647152942
B_full_historical_outer_1815,0.5,900,350,0,30000,0,-141450.00000800006,255.2705882437648,52000.0,666411.7647152942
B_full_historical_outer_1815,0.5,900,350,10,-30000,0,-61858.01700800005,191.74117647905882,52000.0,595823.5294211765
B_full_historical_outer_1815,0.5,900,350,10,-30000,0,-61858.01700800005,191.74117647905882,52000.0,595823.5294211765
B_full_historical_outer_1815,0.5,900,350,10,-30000,0,-61858.01700800005,191.74117647905882,52000.0,595823.5294211765
B_full_historical_outer_1815,0.5,900,350,10,0,0,-91858.01700800005,223.50588236141186,52000.0,631117.6470682353
B_full_historical_outer_1815,0.5,900,350,10,0,0,-91858.01700800005,223.50588236141186,52000.0,631117.6470682353
B_full_historical_outer_1815,0.5,900,350,10,0,0,-91858.01700800005,223.50588236141186,52000.0,631117.6470682353
B_full_historical_outer_1815,0.5,900,350,10,30000,0,-121858.01700800005,255.2705882437648,52000.0,666411.7647152942
B_full_historical_outer_1815,0.5,900,350,10,30000,0,-121858.01700800005,255.2705882437648,52000.0,666411.7647152942
B_full_historical_outer_1815,0.5,900,350,10,30000,0,-121858.01700800005,255.2705882437648,52000.0,666411.7647152942
B_full_historical_outer_1815,1,600,250,0,-30000,0,-37250.00000800006,91.29411765270589,0.0,543823.5294211765
B_full_historical_outer_1815,1,600,250,0,-30000,0,-37250.00000800006,91.29411765270589,0.0,543823.5294211765
B_full_historical_outer_1815,1,600,250,0,-30000,0,-37250.00000800006,91.29411765270589,0.0,543823.5294211765
B_full_historical_outer_1815,1,600,250,0,0,0,-67250.00000800006,112.47058824094114,0.0,579117.6470682353
B_full_historical_outer_1815,1,600,250,0,0,0,-67250.00000800006,112.47058824094114,0.0,579117.6470682353
B_full_historical_outer_1815,1,600,250,0,0,0,-67250.00000800006,112.47058824094114,0.0,579117.6470682353
B_full_historical_outer_1815,1,600,250,0,30000,0,-97250.00000800006,133.64705882917656,0.0,614411.7647152942
B_full_historical_outer_1815,1,600,250,0,30000,0,-97250.00000800006,133.64705882917656,0.0,614411.7647152942
B_full_historical_outer_1815,1,600,250,0,30000,0,-97250.00000800006,133.64705882917656,0.0,614411.7647152942
B_full_historical_outer_1815,1,600,250,10,-30000,0,-37002.39200800005,91.29411765270589,0.0,543823.5294211765
B_full_historical_outer_1815,1,600,250,10,-30000,0,-37002.39200800005,91.29411765270589,0.0,543823.5294211765
B_full_historical_outer_1815,1,600,250,10,-30000,0,-37002.39200800005,91.29411765270589,0.0,543823.5294211765
B_full_historical_outer_1815,1,600,250,10,0,0,-67002.39200800005,112.47058824094114,0.0,579117.6470682353
B_full_historical_outer_1815,1,600,250,10,0,0,-67002.39200800005,112.47058824094114,0.0,579117.6470682353
B_full_historical_outer_1815,1,600,250,10,0,0,-67002.39200800005,112.47058824094114,0.0,579117.6470682353
B_full_historical_outer_1815,1,600,250,10,30000,0,-97002.39200800005,133.64705882917656,0.0,614411.7647152942
B_full_historical_outer_1815,1,600,250,10,30000,0,-97002.39200800005,133.64705882917656,0.0,614411.7647152942
B_full_historical_outer_1815,1,600,250,10,30000,0,-97002.39200800005,133.64705882917656,0.0,614411.7647152942
B_full_historical_outer_1815,1,600,300,0,-30000,0,-37250.00000800006,41.29411765270589,0.0,543823.5294211765
B_full_historical_outer_1815,1,600,300,0,-30000,0,-37250.00000800006,41.29411765270589,0.0,543823.5294211765
B_full_historical_outer_1815,1,600,300,0,-30000,0,-37250.00000800006,41.29411765270589,0.0,543823.5294211765
B_full_historical_outer_1815,1,600,300,0,0,0,-67250.00000800006,62.47058824094114,0.0,579117.6470682353
B_full_historical_outer_1815,1,600,300,0,0,0,-67250.00000800006,62.47058824094114,0.0,579117.6470682353
B_full_historical_outer_1815,1,600,300,0,0,0,-67250.00000800006,62.47058824094114,0.0,579117.6470682353
B_full_historical_outer_1815,1,600,300,0,30000,0,-97250.00000800006,83.64705882917656,0.0,614411.7647152942
B_full_historical_outer_1815,1,600,300,0,30000,0,-97250.00000800006,83.64705882917656,0.0,614411.7647152942
B_full_historical_outer_1815,1,600,300,0,30000,0,-97250.00000800006,83.64705882917656,0.0,614411.7647152942
B_full_historical_outer_1815,1,600,300,10,-30000,0,-37002.39200800005,41.29411765270589,0.0,543823.5294211765
B_full_historical_outer_1815,1,600,300,10,-30000,0,-37002.39200800005,41.29411765270589,0.0,543823.5294211765
B_full_historical_outer_1815,1,600,300,10,-30000,0,-37002.39200800005,41.29411765270589,0.0,543823.5294211765
B_full_historical_outer_1815,1,600,300,10,0,0,-67002.39200800005,62.47058824094114,0.0,579117.6470682353
B_full_historical_outer_1815,1,600,300,10,0,0,-67002.39200800005,62.47058824094114,0.0,579117.6470682353
B_full_historical_outer_1815,1,600,300,10,0,0,-67002.39200800005,62.47058824094114,0.0,579117.6470682353
B_full_historical_outer_1815,1,600,300,10,30000,0,-97002.39200800005,83.64705882917656,0.0,614411.7647152942
B_full_historical_outer_1815,1,600,300,10,30000,0,-97002.39200800005,83.64705882917656,0.0,614411.7647152942
B_full_historical_outer_1815,1,600,300,10,30000,0,-97002.39200800005,83.64705882917656,0.0,614411.7647152942
B_full_historical_outer_1815,1,600,350,0,-30000,0,-37250.00000800006,-8.705882347294107,0.0,543823.5294211765
B_full_historical_outer_1815,1,600,350,0,-30000,0,-37250.00000800006,-8.705882347294107,0.0,543823.5294211765
B_full_historical_outer_1815,1,600,350,0,-30000,0,-37250.00000800006,-8.705882347294107,0.0,543823.5294211765
B_full_historical_outer_1815,1,600,350,0,0,0,-67250.00000800006,12.47058824094114,0.0,579117.6470682353
B_full_historical_outer_1815,1,600,350,0,0,0,-67250.00000800006,12.47058824094114,0.0,579117.6470682353
B_full_historical_outer_1815,1,600,350,0,0,0,-67250.00000800006,12.47058824094114,0.0,579117.6470682353
B_full_historical_outer_1815,1,600,350,0,30000,0,-97250.00000800006,33.64705882917656,0.0,614411.7647152942
B_full_historical_outer_1815,1,600,350,0,30000,0,-97250.00000800006,33.64705882917656,0.0,614411.7647152942
B_full_historical_outer_1815,1,600,350,0,30000,0,-97250.00000800006,33.64705882917656,0.0,614411.7647152942
B_full_historical_outer_1815,1,600,350,10,-30000,0,-37002.39200800005,-8.705882347294107,0.0,543823.5294211765
B_full_historical_outer_1815,1,600,350,10,-30000,0,-37002.39200800005,-8.705882347294107,0.0,543823.5294211765
B_full_historical_outer_1815,1,600,350,10,-30000,0,-37002.39200800005,-8.705882347294107,0.0,543823.5294211765
B_full_historical_outer_1815,1,600,350,10,0,0,-67002.39200800005,12.47058824094114,0.0,579117.6470682353
B_full_historical_outer_1815,1,600,350,10,0,0,-67002.39200800005,12.47058824094114,0.0,579117.6470682353
B_full_historical_outer_1815,1,600,350,10,0,0,-67002.39200800005,12.47058824094114,0.0,579117.6470682353
B_full_historical_outer_1815,1,600,350,10,30000,0,-97002.39200800005,33.64705882917656,0.0,614411.7647152942
B_full_historical_outer_1815,1,600,350,10,30000,0,-97002.39200800005,33.64705882917656,0.0,614411.7647152942
B_full_historical_outer_1815,1,600,350,10,30000,0,-97002.39200800005,33.64705882917656,0.0,614411.7647152942
B_full_historical_outer_1815,1,700,250,0,-30000,0,-37250.00000800006,145.67647059482363,0.0,543823.5294211765
B_full_historical_outer_1815,1,700,250,0,-30000,0,-37250.00000800006,145.67647059482363,0.0,543823.5294211765
B_full_historical_outer_1815,1,700,250,0,-30000,0,-37250.00000800006,145.67647059482363,0.0,543823.5294211765
B_full_historical_outer_1815,1,700,250,0,0,0,-67250.00000800006,170.38235294776473,0.0,579117.6470682353
B_full_historical_outer_1815,1,700,250,0,0,0,-67250.00000800006,170.38235294776473,0.0,579117.6470682353
B_full_historical_outer_1815,1,700,250,0,0,0,-67250.00000800006,170.38235294776473,0.0,579117.6470682353
B_full_historical_outer_1815,1,700,250,0,30000,0,-97250.00000800006,195.08823530070595,0.0,614411.7647152942
B_full_historical_outer_1815,1,700,250,0,30000,0,-97250.00000800006,195.08823530070595,0.0,614411.7647152942
B_full_historical_outer_1815,1,700,250,0,30000,0,-97250.00000800006,195.08823530070595,0.0,614411.7647152942
B_full_historical_outer_1815,1,700,250,10,-30000,0,-37002.39200800005,145.67647059482363,0.0,543823.5294211765
B_full_historical_outer_1815,1,700,250,10,-30000,0,-37002.39200800005,145.67647059482363,0.0,543823.5294211765
B_full_historical_outer_1815,1,700,250,10,-30000,0,-37002.39200800005,145.67647059482363,0.0,543823.5294211765
B_full_historical_outer_1815,1,700,250,10,0,0,-67002.39200800005,170.38235294776473,0.0,579117.6470682353
B_full_historical_outer_1815,1,700,250,10,0,0,-67002.39200800005,170.38235294776473,0.0,579117.6470682353
B_full_historical_outer_1815,1,700,250,10,0,0,-67002.39200800005,170.38235294776473,0.0,579117.6470682353
B_full_historical_outer_1815,1,700,250,10,30000,0,-97002.39200800005,195.08823530070595,0.0,614411.7647152942
B_full_historical_outer_1815,1,700,250,10,30000,0,-97002.39200800005,195.08823530070595,0.0,614411.7647152942
B_full_historical_outer_1815,1,700,250,10,30000,0,-97002.39200800005,195.08823530070595,0.0,614411.7647152942
B_full_historical_outer_1815,1,700,300,0,-30000,0,-37250.00000800006,95.67647059482363,0.0,543823.5294211765
B_full_historical_outer_1815,1,700,300,0,-30000,0,-37250.00000800006,95.67647059482363,0.0,543823.5294211765
B_full_historical_outer_1815,1,700,300,0,-30000,0,-37250.00000800006,95.67647059482363,0.0,543823.5294211765
B_full_historical_outer_1815,1,700,300,0,0,0,-67250.00000800006,120.38235294776473,0.0,579117.6470682353
B_full_historical_outer_1815,1,700,300,0,0,0,-67250.00000800006,120.38235294776473,0.0,579117.6470682353
B_full_historical_outer_1815,1,700,300,0,0,0,-67250.00000800006,120.38235294776473,0.0,579117.6470682353
B_full_historical_outer_1815,1,700,300,0,30000,0,-97250.00000800006,145.08823530070595,0.0,614411.7647152942
B_full_historical_outer_1815,1,700,300,0,30000,0,-97250.00000800006,145.08823530070595,0.0,614411.7647152942
B_full_historical_outer_1815,1,700,300,0,30000,0,-97250.00000800006,145.08823530070595,0.0,614411.7647152942
B_full_historical_outer_1815,1,700,300,10,-30000,0,-37002.39200800005,95.67647059482363,0.0,543823.5294211765
B_full_historical_outer_1815,1,700,300,10,-30000,0,-37002.39200800005,95.67647059482363,0.0,543823.5294211765
B_full_historical_outer_1815,1,700,300,10,-30000,0,-37002.39200800005,95.67647059482363,0.0,543823.5294211765
B_full_historical_outer_1815,1,700,300,10,0,0,-67002.39200800005,120.38235294776473,0.0,579117.6470682353
B_full_historical_outer_1815,1,700,300,10,0,0,-67002.39200800005,120.38235294776473,0.0,579117.6470682353
B_full_historical_outer_1815,1,700,300,10,0,0,-67002.39200800005,120.38235294776473,0.0,579117.6470682353
B_full_historical_outer_1815,1,700,300,10,30000,0,-97002.39200800005,145.08823530070595,0.0,614411.7647152942
B_full_historical_outer_1815,1,700,300,10,30000,0,-97002.39200800005,145.08823530070595,0.0,614411.7647152942
B_full_historical_outer_1815,1,700,300,10,30000,0,-97002.39200800005,145.08823530070595,0.0,614411.7647152942
B_full_historical_outer_1815,1,700,350,0,-30000,0,-37250.00000800006,45.67647059482363,0.0,543823.5294211765
B_full_historical_outer_1815,1,700,350,0,-30000,0,-37250.00000800006,45.67647059482363,0.0,543823.5294211765
B_full_historical_outer_1815,1,700,350,0,-30000,0,-37250.00000800006,45.67647059482363,0.0,543823.5294211765
B_full_historical_outer_1815,1,700,350,0,0,0,-67250.00000800006,70.38235294776473,0.0,579117.6470682353
B_full_historical_outer_1815,1,700,350,0,0,0,-67250.00000800006,70.38235294776473,0.0,579117.6470682353
B_full_historical_outer_1815,1,700,350,0,0,0,-67250.00000800006,70.38235294776473,0.0,579117.6470682353
B_full_historical_outer_1815,1,700,350,0,30000,0,-97250.00000800006,95.08823530070595,0.0,614411.7647152942
B_full_historical_outer_1815,1,700,350,0,30000,0,-97250.00000800006,95.08823530070595,0.0,614411.7647152942
B_full_historical_outer_1815,1,700,350,0,30000,0,-97250.00000800006,95.08823530070595,0.0,614411.7647152942
B_full_historical_outer_1815,1,700,350,10,-30000,0,-37002.39200800005,45.67647059482363,0.0,543823.5294211765
B_full_historical_outer_1815,1,700,350,10,-30000,0,-37002.39200800005,45.67647059482363,0.0,543823.5294211765
B_full_historical_outer_1815,1,700,350,10,-30000,0,-37002.39200800005,45.67647059482363,0.0,543823.5294211765
B_full_historical_outer_1815,1,700,350,10,0,0,-67002.39200800005,70.38235294776473,0.0,579117.6470682353
B_full_historical_outer_1815,1,700,350,10,0,0,-67002.39200800005,70.38235294776473,0.0,579117.6470682353
B_full_historical_outer_1815,1,700,350,10,0,0,-67002.39200800005,70.38235294776473,0.0,579117.6470682353
B_full_historical_outer_1815,1,700,350,10,30000,0,-97002.39200800005,95.08823530070595,0.0,614411.7647152942
B_full_historical_outer_1815,1,700,350,10,30000,0,-97002.39200800005,95.08823530070595,0.0,614411.7647152942
B_full_historical_outer_1815,1,700,350,10,30000,0,-97002.39200800005,95.08823530070595,0.0,614411.7647152942
B_full_historical_outer_1815,1,900,250,0,-30000,0,-37250.00000800006,254.44117647905887,0.0,543823.5294211765
B_full_historical_outer_1815,1,900,250,0,-30000,0,-37250.00000800006,254.44117647905887,0.0,543823.5294211765
B_full_historical_outer_1815,1,900,250,0,-30000,0,-37250.00000800006,254.44117647905887,0.0,543823.5294211765
B_full_historical_outer_1815,1,900,250,0,0,0,-67250.00000800006,286.2058823614118,0.0,579117.6470682353
B_full_historical_outer_1815,1,900,250,0,0,0,-67250.00000800006,286.2058823614118,0.0,579117.6470682353
B_full_historical_outer_1815,1,900,250,0,0,0,-67250.00000800006,286.2058823614118,0.0,579117.6470682353
B_full_historical_outer_1815,1,900,250,0,30000,0,-97250.00000800006,317.9705882437647,0.0,614411.7647152942
B_full_historical_outer_1815,1,900,250,0,30000,0,-97250.00000800006,317.9705882437647,0.0,614411.7647152942
B_full_historical_outer_1815,1,900,250,0,30000,0,-97250.00000800006,317.9705882437647,0.0,614411.7647152942
B_full_historical_outer_1815,1,900,250,10,-30000,0,-37002.39200800005,254.44117647905887,0.0,543823.5294211765
B_full_historical_outer_1815,1,900,250,10,-30000,0,-37002.39200800005,254.44117647905887,0.0,543823.5294211765
B_full_historical_outer_1815,1,900,250,10,-30000,0,-37002.39200800005,254.44117647905887,0.0,543823.5294211765
B_full_historical_outer_1815,1,900,250,10,0,0,-67002.39200800005,286.2058823614118,0.0,579117.6470682353
B_full_historical_outer_1815,1,900,250,10,0,0,-67002.39200800005,286.2058823614118,0.0,579117.6470682353
B_full_historical_outer_1815,1,900,250,10,0,0,-67002.39200800005,286.2058823614118,0.0,579117.6470682353
B_full_historical_outer_1815,1,900,250,10,30000,0,-97002.39200800005,317.9705882437647,0.0,614411.7647152942
B_full_historical_outer_1815,1,900,250,10,30000,0,-97002.39200800005,317.9705882437647,0.0,614411.7647152942
B_full_historical_outer_1815,1,900,250,10,30000,0,-97002.39200800005,317.9705882437647,0.0,614411.7647152942
B_full_historical_outer_1815,1,900,300,0,-30000,0,-37250.00000800006,204.44117647905887,0.0,543823.5294211765
B_full_historical_outer_1815,1,900,300,0,-30000,0,-37250.00000800006,204.44117647905887,0.0,543823.5294211765
B_full_historical_outer_1815,1,900,300,0,-30000,0,-37250.00000800006,204.44117647905887,0.0,543823.5294211765
B_full_historical_outer_1815,1,900,300,0,0,0,-67250.00000800006,236.2058823614118,0.0,579117.6470682353
B_full_historical_outer_1815,1,900,300,0,0,0,-67250.00000800006,236.2058823614118,0.0,579117.6470682353
B_full_historical_outer_1815,1,900,300,0,0,0,-67250.00000800006,236.2058823614118,0.0,579117.6470682353
B_full_historical_outer_1815,1,900,300,0,30000,0,-97250.00000800006,267.9705882437647,0.0,614411.7647152942
B_full_historical_outer_1815,1,900,300,0,30000,0,-97250.00000800006,267.9705882437647,0.0,614411.7647152942
B_full_historical_outer_1815,1,900,300,0,30000,0,-97250.00000800006,267.9705882437647,0.0,614411.7647152942
B_full_historical_outer_1815,1,900,300,10,-30000,0,-37002.39200800005,204.44117647905887,0.0,543823.5294211765
B_full_historical_outer_1815,1,900,300,10,-30000,0,-37002.39200800005,204.44117647905887,0.0,543823.5294211765
B_full_historical_outer_1815,1,900,300,10,-30000,0,-37002.39200800005,204.44117647905887,0.0,543823.5294211765
B_full_historical_outer_1815,1,900,300,10,0,0,-67002.39200800005,236.2058823614118,0.0,579117.6470682353
B_full_historical_outer_1815,1,900,300,10,0,0,-67002.39200800005,236.2058823614118,0.0,579117.6470682353
B_full_historical_outer_1815,1,900,300,10,0,0,-67002.39200800005,236.2058823614118,0.0,579117.6470682353
B_full_historical_outer_1815,1,900,300,10,30000,0,-97002.39200800005,267.9705882437647,0.0,614411.7647152942
B_full_historical_outer_1815,1,900,300,10,30000,0,-97002.39200800005,267.9705882437647,0.0,614411.7647152942
B_full_historical_outer_1815,1,900,300,10,30000,0,-97002.39200800005,267.9705882437647,0.0,614411.7647152942
B_full_historical_outer_1815,1,900,350,0,-30000,0,-37250.00000800006,154.44117647905887,0.0,543823.5294211765
B_full_historical_outer_1815,1,900,350,0,-30000,0,-37250.00000800006,154.44117647905887,0.0,543823.5294211765
B_full_historical_outer_1815,1,900,350,0,-30000,0,-37250.00000800006,154.44117647905887,0.0,543823.5294211765
B_full_historical_outer_1815,1,900,350,0,0,0,-67250.00000800006,186.2058823614118,0.0,579117.6470682353
B_full_historical_outer_1815,1,900,350,0,0,0,-67250.00000800006,186.2058823614118,0.0,579117.6470682353
B_full_historical_outer_1815,1,900,350,0,0,0,-67250.00000800006,186.2058823614118,0.0,579117.6470682353
B_full_historical_outer_1815,1,900,350,0,30000,0,-97250.00000800006,217.97058824376472,0.0,614411.7647152942
B_full_historical_outer_1815,1,900,350,0,30000,0,-97250.00000800006,217.97058824376472,0.0,614411.7647152942
B_full_historical_outer_1815,1,900,350,0,30000,0,-97250.00000800006,217.97058824376472,0.0,614411.7647152942
B_full_historical_outer_1815,1,900,350,10,-30000,0,-37002.39200800005,154.44117647905887,0.0,543823.5294211765
B_full_historical_outer_1815,1,900,350,10,-30000,0,-37002.39200800005,154.44117647905887,0.0,543823.5294211765
B_full_historical_outer_1815,1,900,350,10,-30000,0,-37002.39200800005,154.44117647905887,0.0,543823.5294211765
B_full_historical_outer_1815,1,900,350,10,0,0,-67002.39200800005,186.2058823614118,0.0,579117.6470682353
B_full_historical_outer_1815,1,900,350,10,0,0,-67002.39200800005,186.2058823614118,0.0,579117.6470682353
B_full_historical_outer_1815,1,900,350,10,0,0,-67002.39200800005,186.2058823614118,0.0,579117.6470682353
B_full_historical_outer_1815,1,900,350,10,30000,0,-97002.39200800005,217.97058824376472,0.0,614411.7647152942
B_full_historical_outer_1815,1,900,350,10,30000,0,-97002.39200800005,217.97058824376472,0.0,614411.7647152942
B_full_historical_outer_1815,1,900,350,10,30000,0,-97002.39200800005,217.97058824376472,0.0,614411.7647152942
C_province_pressure_1830,0,600,250,0,-30000,0,-509852.00000800006,447.8955294174119,170000.0,1099825.8823623531
C_province_pressure_1830,0,600,250,0,-30000,0,-509852.00000800006,447.8955294174119,170000.0,1099825.8823623531
C_province_pressure_1830,0,600,250,0,-30000,0,-509852.00000800006,447.8955294174119,170000.0,1099825.8823623531
C_province_pressure_1830,0,600,250,0,0,0,-539852.0000080001,469.07200000564717,170000.0,1135120.000009412
C_province_pressure_1830,0,600,250,0,0,0,-539852.0000080001,469.07200000564717,170000.0,1135120.000009412
C_province_pressure_1830,0,600,250,0,0,0,-539852.0000080001,469.07200000564717,170000.0,1135120.000009412
C_province_pressure_1830,0,600,250,0,30000,0,-569852.0000080001,490.2484705938824,170000.0,1170414.1176564707
C_province_pressure_1830,0,600,250,0,30000,0,-569852.0000080001,490.2484705938824,170000.0,1170414.1176564707
C_province_pressure_1830,0,600,250,0,30000,0,-569852.0000080001,490.2484705938824,170000.0,1170414.1176564707
C_province_pressure_1830,0,600,250,10,-30000,0,-449745.69449200004,447.8955294174119,170000.0,1099825.8823623531
C_province_pressure_1830,0,600,250,10,-30000,0,-449745.69449200004,447.8955294174119,170000.0,1099825.8823623531
C_province_pressure_1830,0,600,250,10,-30000,0,-449745.69449200004,447.8955294174119,170000.0,1099825.8823623531
C_province_pressure_1830,0,600,250,10,0,0,-479745.69449200004,469.07200000564717,170000.0,1135120.000009412
C_province_pressure_1830,0,600,250,10,0,0,-479745.69449200004,469.07200000564717,170000.0,1135120.000009412
C_province_pressure_1830,0,600,250,10,0,0,-479745.69449200004,469.07200000564717,170000.0,1135120.000009412
C_province_pressure_1830,0,600,250,10,30000,0,-509745.69449200004,490.2484705938824,170000.0,1170414.1176564707
C_province_pressure_1830,0,600,250,10,30000,0,-509745.69449200004,490.2484705938824,170000.0,1170414.1176564707
C_province_pressure_1830,0,600,250,10,30000,0,-509745.69449200004,490.2484705938824,170000.0,1170414.1176564707
C_province_pressure_1830,0,600,300,0,-30000,0,-509852.00000800006,397.8955294174119,170000.0,1099825.8823623531
C_province_pressure_1830,0,600,300,0,-30000,0,-509852.00000800006,397.8955294174119,170000.0,1099825.8823623531
C_province_pressure_1830,0,600,300,0,-30000,0,-509852.00000800006,397.8955294174119,170000.0,1099825.8823623531
C_province_pressure_1830,0,600,300,0,0,0,-539852.0000080001,419.07200000564717,170000.0,1135120.000009412
C_province_pressure_1830,0,600,300,0,0,0,-539852.0000080001,419.07200000564717,170000.0,1135120.000009412
C_province_pressure_1830,0,600,300,0,0,0,-539852.0000080001,419.07200000564717,170000.0,1135120.000009412
C_province_pressure_1830,0,600,300,0,30000,0,-569852.0000080001,440.2484705938824,170000.0,1170414.1176564707
C_province_pressure_1830,0,600,300,0,30000,0,-569852.0000080001,440.2484705938824,170000.0,1170414.1176564707
C_province_pressure_1830,0,600,300,0,30000,0,-569852.0000080001,440.2484705938824,170000.0,1170414.1176564707
C_province_pressure_1830,0,600,300,10,-30000,0,-449745.69449200004,397.8955294174119,170000.0,1099825.8823623531
C_province_pressure_1830,0,600,300,10,-30000,0,-449745.69449200004,397.8955294174119,170000.0,1099825.8823623531
C_province_pressure_1830,0,600,300,10,-30000,0,-449745.69449200004,397.8955294174119,170000.0,1099825.8823623531
C_province_pressure_1830,0,600,300,10,0,0,-479745.69449200004,419.07200000564717,170000.0,1135120.000009412
C_province_pressure_1830,0,600,300,10,0,0,-479745.69449200004,419.07200000564717,170000.0,1135120.000009412
C_province_pressure_1830,0,600,300,10,0,0,-479745.69449200004,419.07200000564717,170000.0,1135120.000009412
C_province_pressure_1830,0,600,300,10,30000,0,-509745.69449200004,440.2484705938824,170000.0,1170414.1176564707
C_province_pressure_1830,0,600,300,10,30000,0,-509745.69449200004,440.2484705938824,170000.0,1170414.1176564707
C_province_pressure_1830,0,600,300,10,30000,0,-509745.69449200004,440.2484705938824,170000.0,1170414.1176564707
C_province_pressure_1830,0,600,350,0,-30000,0,-509852.00000800006,347.8955294174119,170000.0,1099825.8823623531
C_province_pressure_1830,0,600,350,0,-30000,0,-509852.00000800006,347.8955294174119,170000.0,1099825.8823623531
C_province_pressure_1830,0,600,350,0,-30000,0,-509852.00000800006,347.8955294174119,170000.0,1099825.8823623531
C_province_pressure_1830,0,600,350,0,0,0,-539852.0000080001,369.07200000564717,170000.0,1135120.000009412
C_province_pressure_1830,0,600,350,0,0,0,-539852.0000080001,369.07200000564717,170000.0,1135120.000009412
C_province_pressure_1830,0,600,350,0,0,0,-539852.0000080001,369.07200000564717,170000.0,1135120.000009412
C_province_pressure_1830,0,600,350,0,30000,0,-569852.0000080001,390.2484705938824,170000.0,1170414.1176564707
C_province_pressure_1830,0,600,350,0,30000,0,-569852.0000080001,390.2484705938824,170000.0,1170414.1176564707
C_province_pressure_1830,0,600,350,0,30000,0,-569852.0000080001,390.2484705938824,170000.0,1170414.1176564707
C_province_pressure_1830,0,600,350,10,-30000,0,-449745.69449200004,347.8955294174119,170000.0,1099825.8823623531
C_province_pressure_1830,0,600,350,10,-30000,0,-449745.69449200004,347.8955294174119,170000.0,1099825.8823623531
C_province_pressure_1830,0,600,350,10,-30000,0,-449745.69449200004,347.8955294174119,170000.0,1099825.8823623531
C_province_pressure_1830,0,600,350,10,0,0,-479745.69449200004,369.07200000564717,170000.0,1135120.000009412
C_province_pressure_1830,0,600,350,10,0,0,-479745.69449200004,369.07200000564717,170000.0,1135120.000009412
C_province_pressure_1830,0,600,350,10,0,0,-479745.69449200004,369.07200000564717,170000.0,1135120.000009412
C_province_pressure_1830,0,600,350,10,30000,0,-509745.69449200004,390.2484705938824,170000.0,1170414.1176564707
C_province_pressure_1830,0,600,350,10,30000,0,-509745.69449200004,390.2484705938824,170000.0,1170414.1176564707
C_province_pressure_1830,0,600,350,10,30000,0,-509745.69449200004,390.2484705938824,170000.0,1170414.1176564707
C_province_pressure_1830,0,700,250,0,-30000,0,-509852.00000800006,557.8781176536472,170000.0,1099825.8823623531
C_province_pressure_1830,0,700,250,0,-30000,0,-509852.00000800006,557.8781176536472,170000.0,1099825.8823623531
C_province_pressure_1830,0,700,250,0,-30000,0,-509852.00000800006,557.8781176536472,170000.0,1099825.8823623531
C_province_pressure_1830,0,700,250,0,0,0,-539852.0000080001,582.5840000065883,170000.0,1135120.000009412
C_province_pressure_1830,0,700,250,0,0,0,-539852.0000080001,582.5840000065883,170000.0,1135120.000009412
C_province_pressure_1830,0,700,250,0,0,0,-539852.0000080001,582.5840000065883,170000.0,1135120.000009412
C_province_pressure_1830,0,700,250,0,30000,0,-569852.0000080001,607.2898823595295,170000.0,1170414.1176564707
C_province_pressure_1830,0,700,250,0,30000,0,-569852.0000080001,607.2898823595295,170000.0,1170414.1176564707
C_province_pressure_1830,0,700,250,0,30000,0,-569852.0000080001,607.2898823595295,170000.0,1170414.1176564707
C_province_pressure_1830,0,700,250,10,-30000,0,-449745.69449200004,557.8781176536472,170000.0,1099825.8823623531
C_province_pressure_1830,0,700,250,10,-30000,0,-449745.69449200004,557.8781176536472,170000.0,1099825.8823623531
C_province_pressure_1830,0,700,250,10,-30000,0,-449745.69449200004,557.8781176536472,170000.0,1099825.8823623531
C_province_pressure_1830,0,700,250,10,0,0,-479745.69449200004,582.5840000065883,170000.0,1135120.000009412
C_province_pressure_1830,0,700,250,10,0,0,-479745.69449200004,582.5840000065883,170000.0,1135120.000009412
C_province_pressure_1830,0,700,250,10,0,0,-479745.69449200004,582.5840000065883,170000.0,1135120.000009412
C_province_pressure_1830,0,700,250,10,30000,0,-509745.69449200004,607.2898823595295,170000.0,1170414.1176564707
C_province_pressure_1830,0,700,250,10,30000,0,-509745.69449200004,607.2898823595295,170000.0,1170414.1176564707
C_province_pressure_1830,0,700,250,10,30000,0,-509745.69449200004,607.2898823595295,170000.0,1170414.1176564707
C_province_pressure_1830,0,700,300,0,-30000,0,-509852.00000800006,507.8781176536472,170000.0,1099825.8823623531
C_province_pressure_1830,0,700,300,0,-30000,0,-509852.00000800006,507.8781176536472,170000.0,1099825.8823623531
C_province_pressure_1830,0,700,300,0,-30000,0,-509852.00000800006,507.8781176536472,170000.0,1099825.8823623531
C_province_pressure_1830,0,700,300,0,0,0,-539852.0000080001,532.5840000065883,170000.0,1135120.000009412
C_province_pressure_1830,0,700,300,0,0,0,-539852.0000080001,532.5840000065883,170000.0,1135120.000009412
C_province_pressure_1830,0,700,300,0,0,0,-539852.0000080001,532.5840000065883,170000.0,1135120.000009412
C_province_pressure_1830,0,700,300,0,30000,0,-569852.0000080001,557.2898823595295,170000.0,1170414.1176564707
C_province_pressure_1830,0,700,300,0,30000,0,-569852.0000080001,557.2898823595295,170000.0,1170414.1176564707
C_province_pressure_1830,0,700,300,0,30000,0,-569852.0000080001,557.2898823595295,170000.0,1170414.1176564707
C_province_pressure_1830,0,700,300,10,-30000,0,-449745.69449200004,507.8781176536472,170000.0,1099825.8823623531
C_province_pressure_1830,0,700,300,10,-30000,0,-449745.69449200004,507.8781176536472,170000.0,1099825.8823623531
C_province_pressure_1830,0,700,300,10,-30000,0,-449745.69449200004,507.8781176536472,170000.0,1099825.8823623531
C_province_pressure_1830,0,700,300,10,0,0,-479745.69449200004,532.5840000065883,170000.0,1135120.000009412
C_province_pressure_1830,0,700,300,10,0,0,-479745.69449200004,532.5840000065883,170000.0,1135120.000009412
C_province_pressure_1830,0,700,300,10,0,0,-479745.69449200004,532.5840000065883,170000.0,1135120.000009412
C_province_pressure_1830,0,700,300,10,30000,0,-509745.69449200004,557.2898823595295,170000.0,1170414.1176564707
C_province_pressure_1830,0,700,300,10,30000,0,-509745.69449200004,557.2898823595295,170000.0,1170414.1176564707
C_province_pressure_1830,0,700,300,10,30000,0,-509745.69449200004,557.2898823595295,170000.0,1170414.1176564707
C_province_pressure_1830,0,700,350,0,-30000,0,-509852.00000800006,457.8781176536472,170000.0,1099825.8823623531
C_province_pressure_1830,0,700,350,0,-30000,0,-509852.00000800006,457.8781176536472,170000.0,1099825.8823623531
C_province_pressure_1830,0,700,350,0,-30000,0,-509852.00000800006,457.8781176536472,170000.0,1099825.8823623531
C_province_pressure_1830,0,700,350,0,0,0,-539852.0000080001,482.5840000065883,170000.0,1135120.000009412
C_province_pressure_1830,0,700,350,0,0,0,-539852.0000080001,482.5840000065883,170000.0,1135120.000009412
C_province_pressure_1830,0,700,350,0,0,0,-539852.0000080001,482.5840000065883,170000.0,1135120.000009412
C_province_pressure_1830,0,700,350,0,30000,0,-569852.0000080001,507.28988235952954,170000.0,1170414.1176564707
C_province_pressure_1830,0,700,350,0,30000,0,-569852.0000080001,507.28988235952954,170000.0,1170414.1176564707
C_province_pressure_1830,0,700,350,0,30000,0,-569852.0000080001,507.28988235952954,170000.0,1170414.1176564707
C_province_pressure_1830,0,700,350,10,-30000,0,-449745.69449200004,457.8781176536472,170000.0,1099825.8823623531
C_province_pressure_1830,0,700,350,10,-30000,0,-449745.69449200004,457.8781176536472,170000.0,1099825.8823623531
C_province_pressure_1830,0,700,350,10,-30000,0,-449745.69449200004,457.8781176536472,170000.0,1099825.8823623531
C_province_pressure_1830,0,700,350,10,0,0,-479745.69449200004,482.5840000065883,170000.0,1135120.000009412
C_province_pressure_1830,0,700,350,10,0,0,-479745.69449200004,482.5840000065883,170000.0,1135120.000009412
C_province_pressure_1830,0,700,350,10,0,0,-479745.69449200004,482.5840000065883,170000.0,1135120.000009412
C_province_pressure_1830,0,700,350,10,30000,0,-509745.69449200004,507.28988235952954,170000.0,1170414.1176564707
C_province_pressure_1830,0,700,350,10,30000,0,-509745.69449200004,507.28988235952954,170000.0,1170414.1176564707
C_province_pressure_1830,0,700,350,10,30000,0,-509745.69449200004,507.28988235952954,170000.0,1170414.1176564707
C_province_pressure_1830,0,900,250,0,-30000,0,-509852.00000800006,777.8432941261178,170000.0,1099825.8823623531
C_province_pressure_1830,0,900,250,0,-30000,0,-509852.00000800006,777.8432941261178,170000.0,1099825.8823623531
C_province_pressure_1830,0,900,250,0,-30000,0,-509852.00000800006,777.8432941261178,170000.0,1099825.8823623531
C_province_pressure_1830,0,900,250,0,0,0,-539852.0000080001,809.6080000084708,170000.0,1135120.000009412
C_province_pressure_1830,0,900,250,0,0,0,-539852.0000080001,809.6080000084708,170000.0,1135120.000009412
C_province_pressure_1830,0,900,250,0,0,0,-539852.0000080001,809.6080000084708,170000.0,1135120.000009412
C_province_pressure_1830,0,900,250,0,30000,0,-569852.0000080001,841.3727058908237,170000.0,1170414.1176564707
C_province_pressure_1830,0,900,250,0,30000,0,-569852.0000080001,841.3727058908237,170000.0,1170414.1176564707
C_province_pressure_1830,0,900,250,0,30000,0,-569852.0000080001,841.3727058908237,170000.0,1170414.1176564707
C_province_pressure_1830,0,900,250,10,-30000,0,-449745.69449200004,777.8432941261178,170000.0,1099825.8823623531
C_province_pressure_1830,0,900,250,10,-30000,0,-449745.69449200004,777.8432941261178,170000.0,1099825.8823623531
C_province_pressure_1830,0,900,250,10,-30000,0,-449745.69449200004,777.8432941261178,170000.0,1099825.8823623531
C_province_pressure_1830,0,900,250,10,0,0,-479745.69449200004,809.6080000084708,170000.0,1135120.000009412
C_province_pressure_1830,0,900,250,10,0,0,-479745.69449200004,809.6080000084708,170000.0,1135120.000009412
C_province_pressure_1830,0,900,250,10,0,0,-479745.69449200004,809.6080000084708,170000.0,1135120.000009412
C_province_pressure_1830,0,900,250,10,30000,0,-509745.69449200004,841.3727058908237,170000.0,1170414.1176564707
C_province_pressure_1830,0,900,250,10,30000,0,-509745.69449200004,841.3727058908237,170000.0,1170414.1176564707
C_province_pressure_1830,0,900,250,10,30000,0,-509745.69449200004,841.3727058908237,170000.0,1170414.1176564707
C_province_pressure_1830,0,900,300,0,-30000,0,-509852.00000800006,727.8432941261178,170000.0,1099825.8823623531
C_province_pressure_1830,0,900,300,0,-30000,0,-509852.00000800006,727.8432941261178,170000.0,1099825.8823623531
C_province_pressure_1830,0,900,300,0,-30000,0,-509852.00000800006,727.8432941261178,170000.0,1099825.8823623531
C_province_pressure_1830,0,900,300,0,0,0,-539852.0000080001,759.6080000084708,170000.0,1135120.000009412
C_province_pressure_1830,0,900,300,0,0,0,-539852.0000080001,759.6080000084708,170000.0,1135120.000009412
C_province_pressure_1830,0,900,300,0,0,0,-539852.0000080001,759.6080000084708,170000.0,1135120.000009412
C_province_pressure_1830,0,900,300,0,30000,0,-569852.0000080001,791.3727058908237,170000.0,1170414.1176564707
C_province_pressure_1830,0,900,300,0,30000,0,-569852.0000080001,791.3727058908237,170000.0,1170414.1176564707
C_province_pressure_1830,0,900,300,0,30000,0,-569852.0000080001,791.3727058908237,170000.0,1170414.1176564707
C_province_pressure_1830,0,900,300,10,-30000,0,-449745.69449200004,727.8432941261178,170000.0,1099825.8823623531
C_province_pressure_1830,0,900,300,10,-30000,0,-449745.69449200004,727.8432941261178,170000.0,1099825.8823623531
C_province_pressure_1830,0,900,300,10,-30000,0,-449745.69449200004,727.8432941261178,170000.0,1099825.8823623531
C_province_pressure_1830,0,900,300,10,0,0,-479745.69449200004,759.6080000084708,170000.0,1135120.000009412
C_province_pressure_1830,0,900,300,10,0,0,-479745.69449200004,759.6080000084708,170000.0,1135120.000009412
C_province_pressure_1830,0,900,300,10,0,0,-479745.69449200004,759.6080000084708,170000.0,1135120.000009412
C_province_pressure_1830,0,900,300,10,30000,0,-509745.69449200004,791.3727058908237,170000.0,1170414.1176564707
C_province_pressure_1830,0,900,300,10,30000,0,-509745.69449200004,791.3727058908237,170000.0,1170414.1176564707
C_province_pressure_1830,0,900,300,10,30000,0,-509745.69449200004,791.3727058908237,170000.0,1170414.1176564707
C_province_pressure_1830,0,900,350,0,-30000,0,-509852.00000800006,677.8432941261178,170000.0,1099825.8823623531
C_province_pressure_1830,0,900,350,0,-30000,0,-509852.00000800006,677.8432941261178,170000.0,1099825.8823623531
C_province_pressure_1830,0,900,350,0,-30000,0,-509852.00000800006,677.8432941261178,170000.0,1099825.8823623531
C_province_pressure_1830,0,900,350,0,0,0,-539852.0000080001,709.6080000084708,170000.0,1135120.000009412
C_province_pressure_1830,0,900,350,0,0,0,-539852.0000080001,709.6080000084708,170000.0,1135120.000009412
C_province_pressure_1830,0,900,350,0,0,0,-539852.0000080001,709.6080000084708,170000.0,1135120.000009412
C_province_pressure_1830,0,900,350,0,30000,0,-569852.0000080001,741.3727058908237,170000.0,1170414.1176564707
C_province_pressure_1830,0,900,350,0,30000,0,-569852.0000080001,741.3727058908237,170000.0,1170414.1176564707
C_province_pressure_1830,0,900,350,0,30000,0,-569852.0000080001,741.3727058908237,170000.0,1170414.1176564707
C_province_pressure_1830,0,900,350,10,-30000,0,-449745.69449200004,677.8432941261178,170000.0,1099825.8823623531
C_province_pressure_1830,0,900,350,10,-30000,0,-449745.69449200004,677.8432941261178,170000.0,1099825.8823623531
C_province_pressure_1830,0,900,350,10,-30000,0,-449745.69449200004,677.8432941261178,170000.0,1099825.8823623531
C_province_pressure_1830,0,900,350,10,0,0,-479745.69449200004,709.6080000084708,170000.0,1135120.000009412
C_province_pressure_1830,0,900,350,10,0,0,-479745.69449200004,709.6080000084708,170000.0,1135120.000009412
C_province_pressure_1830,0,900,350,10,0,0,-479745.69449200004,709.6080000084708,170000.0,1135120.000009412
C_province_pressure_1830,0,900,350,10,30000,0,-509745.69449200004,741.3727058908237,170000.0,1170414.1176564707
C_province_pressure_1830,0,900,350,10,30000,0,-509745.69449200004,741.3727058908237,170000.0,1170414.1176564707
C_province_pressure_1830,0,900,350,10,30000,0,-509745.69449200004,741.3727058908237,170000.0,1170414.1176564707
C_province_pressure_1830,0.5,600,250,0,-30000,0,-437602.00000800006,405.3955294174118,85000.0,1014825.882362353
C_province_pressure_1830,0.5,600,250,0,-30000,0,-437602.00000800006,405.3955294174118,85000.0,1014825.882362353
C_province_pressure_1830,0.5,600,250,0,-30000,0,-437602.00000800006,405.3955294174118,85000.0,1014825.882362353
C_province_pressure_1830,0.5,600,250,0,0,0,-467602.00000800006,426.57200000564717,85000.0,1050120.000009412
C_province_pressure_1830,0.5,600,250,0,0,0,-467602.00000800006,426.57200000564717,85000.0,1050120.000009412
C_province_pressure_1830,0.5,600,250,0,0,0,-467602.00000800006,426.57200000564717,85000.0,1050120.000009412
C_province_pressure_1830,0.5,600,250,0,30000,0,-497602.00000800006,447.7484705938824,85000.0,1085414.1176564707
C_province_pressure_1830,0.5,600,250,0,30000,0,-497602.00000800006,447.7484705938824,85000.0,1085414.1176564707
C_province_pressure_1830,0.5,600,250,0,30000,0,-497602.00000800006,447.7484705938824,85000.0,1085414.1176564707
C_province_pressure_1830,0.5,600,250,10,-30000,0,-406032.5164920001,405.3955294174118,85000.0,1014825.882362353
C_province_pressure_1830,0.5,600,250,10,-30000,0,-406032.5164920001,405.3955294174118,85000.0,1014825.882362353
C_province_pressure_1830,0.5,600,250,10,-30000,0,-406032.5164920001,405.3955294174118,85000.0,1014825.882362353
C_province_pressure_1830,0.5,600,250,10,0,0,-436032.5164920001,426.57200000564717,85000.0,1050120.000009412
C_province_pressure_1830,0.5,600,250,10,0,0,-436032.5164920001,426.57200000564717,85000.0,1050120.000009412
C_province_pressure_1830,0.5,600,250,10,0,0,-436032.5164920001,426.57200000564717,85000.0,1050120.000009412
C_province_pressure_1830,0.5,600,250,10,30000,0,-466032.5164920001,447.7484705938824,85000.0,1085414.1176564707
C_province_pressure_1830,0.5,600,250,10,30000,0,-466032.5164920001,447.7484705938824,85000.0,1085414.1176564707
C_province_pressure_1830,0.5,600,250,10,30000,0,-466032.5164920001,447.7484705938824,85000.0,1085414.1176564707
C_province_pressure_1830,0.5,600,300,0,-30000,0,-437602.00000800006,355.3955294174118,85000.0,1014825.882362353
C_province_pressure_1830,0.5,600,300,0,-30000,0,-437602.00000800006,355.3955294174118,85000.0,1014825.882362353
C_province_pressure_1830,0.5,600,300,0,-30000,0,-437602.00000800006,355.3955294174118,85000.0,1014825.882362353
C_province_pressure_1830,0.5,600,300,0,0,0,-467602.00000800006,376.57200000564717,85000.0,1050120.000009412
C_province_pressure_1830,0.5,600,300,0,0,0,-467602.00000800006,376.57200000564717,85000.0,1050120.000009412
C_province_pressure_1830,0.5,600,300,0,0,0,-467602.00000800006,376.57200000564717,85000.0,1050120.000009412
C_province_pressure_1830,0.5,600,300,0,30000,0,-497602.00000800006,397.7484705938824,85000.0,1085414.1176564707
C_province_pressure_1830,0.5,600,300,0,30000,0,-497602.00000800006,397.7484705938824,85000.0,1085414.1176564707
C_province_pressure_1830,0.5,600,300,0,30000,0,-497602.00000800006,397.7484705938824,85000.0,1085414.1176564707
C_province_pressure_1830,0.5,600,300,10,-30000,0,-406032.5164920001,355.3955294174118,85000.0,1014825.882362353
C_province_pressure_1830,0.5,600,300,10,-30000,0,-406032.5164920001,355.3955294174118,85000.0,1014825.882362353
C_province_pressure_1830,0.5,600,300,10,-30000,0,-406032.5164920001,355.3955294174118,85000.0,1014825.882362353
C_province_pressure_1830,0.5,600,300,10,0,0,-436032.5164920001,376.57200000564717,85000.0,1050120.000009412
C_province_pressure_1830,0.5,600,300,10,0,0,-436032.5164920001,376.57200000564717,85000.0,1050120.000009412
C_province_pressure_1830,0.5,600,300,10,0,0,-436032.5164920001,376.57200000564717,85000.0,1050120.000009412
C_province_pressure_1830,0.5,600,300,10,30000,0,-466032.5164920001,397.7484705938824,85000.0,1085414.1176564707
C_province_pressure_1830,0.5,600,300,10,30000,0,-466032.5164920001,397.7484705938824,85000.0,1085414.1176564707
C_province_pressure_1830,0.5,600,300,10,30000,0,-466032.5164920001,397.7484705938824,85000.0,1085414.1176564707
C_province_pressure_1830,0.5,600,350,0,-30000,0,-437602.00000800006,305.3955294174118,85000.0,1014825.882362353
C_province_pressure_1830,0.5,600,350,0,-30000,0,-437602.00000800006,305.3955294174118,85000.0,1014825.882362353
C_province_pressure_1830,0.5,600,350,0,-30000,0,-437602.00000800006,305.3955294174118,85000.0,1014825.882362353
C_province_pressure_1830,0.5,600,350,0,0,0,-467602.00000800006,326.57200000564717,85000.0,1050120.000009412
C_province_pressure_1830,0.5,600,350,0,0,0,-467602.00000800006,326.57200000564717,85000.0,1050120.000009412
C_province_pressure_1830,0.5,600,350,0,0,0,-467602.00000800006,326.57200000564717,85000.0,1050120.000009412
C_province_pressure_1830,0.5,600,350,0,30000,0,-497602.00000800006,347.7484705938824,85000.0,1085414.1176564707
C_province_pressure_1830,0.5,600,350,0,30000,0,-497602.00000800006,347.7484705938824,85000.0,1085414.1176564707
C_province_pressure_1830,0.5,600,350,0,30000,0,-497602.00000800006,347.7484705938824,85000.0,1085414.1176564707
C_province_pressure_1830,0.5,600,350,10,-30000,0,-406032.5164920001,305.3955294174118,85000.0,1014825.882362353
C_province_pressure_1830,0.5,600,350,10,-30000,0,-406032.5164920001,305.3955294174118,85000.0,1014825.882362353
C_province_pressure_1830,0.5,600,350,10,-30000,0,-406032.5164920001,305.3955294174118,85000.0,1014825.882362353
C_province_pressure_1830,0.5,600,350,10,0,0,-436032.5164920001,326.57200000564717,85000.0,1050120.000009412
C_province_pressure_1830,0.5,600,350,10,0,0,-436032.5164920001,326.57200000564717,85000.0,1050120.000009412
C_province_pressure_1830,0.5,600,350,10,0,0,-436032.5164920001,326.57200000564717,85000.0,1050120.000009412
C_province_pressure_1830,0.5,600,350,10,30000,0,-466032.5164920001,347.7484705938824,85000.0,1085414.1176564707
C_province_pressure_1830,0.5,600,350,10,30000,0,-466032.5164920001,347.7484705938824,85000.0,1085414.1176564707
C_province_pressure_1830,0.5,600,350,10,30000,0,-466032.5164920001,347.7484705938824,85000.0,1085414.1176564707
C_province_pressure_1830,0.5,700,250,0,-30000,0,-437602.00000800006,506.8781176536471,85000.0,1014825.882362353
C_province_pressure_1830,0.5,700,250,0,-30000,0,-437602.00000800006,506.8781176536471,85000.0,1014825.882362353
C_province_pressure_1830,0.5,700,250,0,-30000,0,-437602.00000800006,506.8781176536471,85000.0,1014825.882362353
C_province_pressure_1830,0.5,700,250,0,0,0,-467602.00000800006,531.5840000065883,85000.0,1050120.000009412
C_province_pressure_1830,0.5,700,250,0,0,0,-467602.00000800006,531.5840000065883,85000.0,1050120.000009412
C_province_pressure_1830,0.5,700,250,0,0,0,-467602.00000800006,531.5840000065883,85000.0,1050120.000009412
C_province_pressure_1830,0.5,700,250,0,30000,0,-497602.00000800006,556.2898823595295,85000.0,1085414.1176564707
C_province_pressure_1830,0.5,700,250,0,30000,0,-497602.00000800006,556.2898823595295,85000.0,1085414.1176564707
C_province_pressure_1830,0.5,700,250,0,30000,0,-497602.00000800006,556.2898823595295,85000.0,1085414.1176564707
C_province_pressure_1830,0.5,700,250,10,-30000,0,-406032.5164920001,506.8781176536471,85000.0,1014825.882362353
C_province_pressure_1830,0.5,700,250,10,-30000,0,-406032.5164920001,506.8781176536471,85000.0,1014825.882362353
C_province_pressure_1830,0.5,700,250,10,-30000,0,-406032.5164920001,506.8781176536471,85000.0,1014825.882362353
C_province_pressure_1830,0.5,700,250,10,0,0,-436032.5164920001,531.5840000065883,85000.0,1050120.000009412
C_province_pressure_1830,0.5,700,250,10,0,0,-436032.5164920001,531.5840000065883,85000.0,1050120.000009412
C_province_pressure_1830,0.5,700,250,10,0,0,-436032.5164920001,531.5840000065883,85000.0,1050120.000009412
C_province_pressure_1830,0.5,700,250,10,30000,0,-466032.5164920001,556.2898823595295,85000.0,1085414.1176564707
C_province_pressure_1830,0.5,700,250,10,30000,0,-466032.5164920001,556.2898823595295,85000.0,1085414.1176564707
C_province_pressure_1830,0.5,700,250,10,30000,0,-466032.5164920001,556.2898823595295,85000.0,1085414.1176564707
C_province_pressure_1830,0.5,700,300,0,-30000,0,-437602.00000800006,456.8781176536471,85000.0,1014825.882362353
C_province_pressure_1830,0.5,700,300,0,-30000,0,-437602.00000800006,456.8781176536471,85000.0,1014825.882362353
C_province_pressure_1830,0.5,700,300,0,-30000,0,-437602.00000800006,456.8781176536471,85000.0,1014825.882362353
C_province_pressure_1830,0.5,700,300,0,0,0,-467602.00000800006,481.5840000065883,85000.0,1050120.000009412
C_province_pressure_1830,0.5,700,300,0,0,0,-467602.00000800006,481.5840000065883,85000.0,1050120.000009412
C_province_pressure_1830,0.5,700,300,0,0,0,-467602.00000800006,481.5840000065883,85000.0,1050120.000009412
C_province_pressure_1830,0.5,700,300,0,30000,0,-497602.00000800006,506.28988235952954,85000.0,1085414.1176564707
C_province_pressure_1830,0.5,700,300,0,30000,0,-497602.00000800006,506.28988235952954,85000.0,1085414.1176564707
C_province_pressure_1830,0.5,700,300,0,30000,0,-497602.00000800006,506.28988235952954,85000.0,1085414.1176564707
C_province_pressure_1830,0.5,700,300,10,-30000,0,-406032.5164920001,456.8781176536471,85000.0,1014825.882362353
C_province_pressure_1830,0.5,700,300,10,-30000,0,-406032.5164920001,456.8781176536471,85000.0,1014825.882362353
C_province_pressure_1830,0.5,700,300,10,-30000,0,-406032.5164920001,456.8781176536471,85000.0,1014825.882362353
C_province_pressure_1830,0.5,700,300,10,0,0,-436032.5164920001,481.5840000065883,85000.0,1050120.000009412
C_province_pressure_1830,0.5,700,300,10,0,0,-436032.5164920001,481.5840000065883,85000.0,1050120.000009412
C_province_pressure_1830,0.5,700,300,10,0,0,-436032.5164920001,481.5840000065883,85000.0,1050120.000009412
C_province_pressure_1830,0.5,700,300,10,30000,0,-466032.5164920001,506.28988235952954,85000.0,1085414.1176564707
C_province_pressure_1830,0.5,700,300,10,30000,0,-466032.5164920001,506.28988235952954,85000.0,1085414.1176564707
C_province_pressure_1830,0.5,700,300,10,30000,0,-466032.5164920001,506.28988235952954,85000.0,1085414.1176564707
C_province_pressure_1830,0.5,700,350,0,-30000,0,-437602.00000800006,406.8781176536471,85000.0,1014825.882362353
C_province_pressure_1830,0.5,700,350,0,-30000,0,-437602.00000800006,406.8781176536471,85000.0,1014825.882362353
C_province_pressure_1830,0.5,700,350,0,-30000,0,-437602.00000800006,406.8781176536471,85000.0,1014825.882362353
C_province_pressure_1830,0.5,700,350,0,0,0,-467602.00000800006,431.5840000065883,85000.0,1050120.000009412
C_province_pressure_1830,0.5,700,350,0,0,0,-467602.00000800006,431.5840000065883,85000.0,1050120.000009412
C_province_pressure_1830,0.5,700,350,0,0,0,-467602.00000800006,431.5840000065883,85000.0,1050120.000009412
C_province_pressure_1830,0.5,700,350,0,30000,0,-497602.00000800006,456.28988235952954,85000.0,1085414.1176564707
C_province_pressure_1830,0.5,700,350,0,30000,0,-497602.00000800006,456.28988235952954,85000.0,1085414.1176564707
C_province_pressure_1830,0.5,700,350,0,30000,0,-497602.00000800006,456.28988235952954,85000.0,1085414.1176564707
C_province_pressure_1830,0.5,700,350,10,-30000,0,-406032.5164920001,406.8781176536471,85000.0,1014825.882362353
C_province_pressure_1830,0.5,700,350,10,-30000,0,-406032.5164920001,406.8781176536471,85000.0,1014825.882362353
C_province_pressure_1830,0.5,700,350,10,-30000,0,-406032.5164920001,406.8781176536471,85000.0,1014825.882362353
C_province_pressure_1830,0.5,700,350,10,0,0,-436032.5164920001,431.5840000065883,85000.0,1050120.000009412
C_province_pressure_1830,0.5,700,350,10,0,0,-436032.5164920001,431.5840000065883,85000.0,1050120.000009412
C_province_pressure_1830,0.5,700,350,10,0,0,-436032.5164920001,431.5840000065883,85000.0,1050120.000009412
C_province_pressure_1830,0.5,700,350,10,30000,0,-466032.5164920001,456.28988235952954,85000.0,1085414.1176564707
C_province_pressure_1830,0.5,700,350,10,30000,0,-466032.5164920001,456.28988235952954,85000.0,1085414.1176564707
C_province_pressure_1830,0.5,700,350,10,30000,0,-466032.5164920001,456.28988235952954,85000.0,1085414.1176564707
C_province_pressure_1830,0.5,900,250,0,-30000,0,-437602.00000800006,709.8432941261177,85000.0,1014825.882362353
C_province_pressure_1830,0.5,900,250,0,-30000,0,-437602.00000800006,709.8432941261177,85000.0,1014825.882362353
C_province_pressure_1830,0.5,900,250,0,-30000,0,-437602.00000800006,709.8432941261177,85000.0,1014825.882362353
C_province_pressure_1830,0.5,900,250,0,0,0,-467602.00000800006,741.6080000084708,85000.0,1050120.000009412
C_province_pressure_1830,0.5,900,250,0,0,0,-467602.00000800006,741.6080000084708,85000.0,1050120.000009412
C_province_pressure_1830,0.5,900,250,0,0,0,-467602.00000800006,741.6080000084708,85000.0,1050120.000009412
C_province_pressure_1830,0.5,900,250,0,30000,0,-497602.00000800006,773.3727058908237,85000.0,1085414.1176564707
C_province_pressure_1830,0.5,900,250,0,30000,0,-497602.00000800006,773.3727058908237,85000.0,1085414.1176564707
C_province_pressure_1830,0.5,900,250,0,30000,0,-497602.00000800006,773.3727058908237,85000.0,1085414.1176564707
C_province_pressure_1830,0.5,900,250,10,-30000,0,-406032.5164920001,709.8432941261177,85000.0,1014825.882362353
C_province_pressure_1830,0.5,900,250,10,-30000,0,-406032.5164920001,709.8432941261177,85000.0,1014825.882362353
C_province_pressure_1830,0.5,900,250,10,-30000,0,-406032.5164920001,709.8432941261177,85000.0,1014825.882362353
C_province_pressure_1830,0.5,900,250,10,0,0,-436032.5164920001,741.6080000084708,85000.0,1050120.000009412
C_province_pressure_1830,0.5,900,250,10,0,0,-436032.5164920001,741.6080000084708,85000.0,1050120.000009412
C_province_pressure_1830,0.5,900,250,10,0,0,-436032.5164920001,741.6080000084708,85000.0,1050120.000009412
C_province_pressure_1830,0.5,900,250,10,30000,0,-466032.5164920001,773.3727058908237,85000.0,1085414.1176564707
C_province_pressure_1830,0.5,900,250,10,30000,0,-466032.5164920001,773.3727058908237,85000.0,1085414.1176564707
C_province_pressure_1830,0.5,900,250,10,30000,0,-466032.5164920001,773.3727058908237,85000.0,1085414.1176564707
C_province_pressure_1830,0.5,900,300,0,-30000,0,-437602.00000800006,659.8432941261177,85000.0,1014825.882362353
C_province_pressure_1830,0.5,900,300,0,-30000,0,-437602.00000800006,659.8432941261177,85000.0,1014825.882362353
C_province_pressure_1830,0.5,900,300,0,-30000,0,-437602.00000800006,659.8432941261177,85000.0,1014825.882362353
C_province_pressure_1830,0.5,900,300,0,0,0,-467602.00000800006,691.6080000084708,85000.0,1050120.000009412
C_province_pressure_1830,0.5,900,300,0,0,0,-467602.00000800006,691.6080000084708,85000.0,1050120.000009412
C_province_pressure_1830,0.5,900,300,0,0,0,-467602.00000800006,691.6080000084708,85000.0,1050120.000009412
C_province_pressure_1830,0.5,900,300,0,30000,0,-497602.00000800006,723.3727058908237,85000.0,1085414.1176564707
C_province_pressure_1830,0.5,900,300,0,30000,0,-497602.00000800006,723.3727058908237,85000.0,1085414.1176564707
C_province_pressure_1830,0.5,900,300,0,30000,0,-497602.00000800006,723.3727058908237,85000.0,1085414.1176564707
C_province_pressure_1830,0.5,900,300,10,-30000,0,-406032.5164920001,659.8432941261177,85000.0,1014825.882362353
C_province_pressure_1830,0.5,900,300,10,-30000,0,-406032.5164920001,659.8432941261177,85000.0,1014825.882362353
C_province_pressure_1830,0.5,900,300,10,-30000,0,-406032.5164920001,659.8432941261177,85000.0,1014825.882362353
C_province_pressure_1830,0.5,900,300,10,0,0,-436032.5164920001,691.6080000084708,85000.0,1050120.000009412
C_province_pressure_1830,0.5,900,300,10,0,0,-436032.5164920001,691.6080000084708,85000.0,1050120.000009412
C_province_pressure_1830,0.5,900,300,10,0,0,-436032.5164920001,691.6080000084708,85000.0,1050120.000009412
C_province_pressure_1830,0.5,900,300,10,30000,0,-466032.5164920001,723.3727058908237,85000.0,1085414.1176564707
C_province_pressure_1830,0.5,900,300,10,30000,0,-466032.5164920001,723.3727058908237,85000.0,1085414.1176564707
C_province_pressure_1830,0.5,900,300,10,30000,0,-466032.5164920001,723.3727058908237,85000.0,1085414.1176564707
C_province_pressure_1830,0.5,900,350,0,-30000,0,-437602.00000800006,609.8432941261177,85000.0,1014825.882362353
C_province_pressure_1830,0.5,900,350,0,-30000,0,-437602.00000800006,609.8432941261177,85000.0,1014825.882362353
C_province_pressure_1830,0.5,900,350,0,-30000,0,-437602.00000800006,609.8432941261177,85000.0,1014825.882362353
C_province_pressure_1830,0.5,900,350,0,0,0,-467602.00000800006,641.6080000084708,85000.0,1050120.000009412
C_province_pressure_1830,0.5,900,350,0,0,0,-467602.00000800006,641.6080000084708,85000.0,1050120.000009412
C_province_pressure_1830,0.5,900,350,0,0,0,-467602.00000800006,641.6080000084708,85000.0,1050120.000009412
C_province_pressure_1830,0.5,900,350,0,30000,0,-497602.00000800006,673.3727058908237,85000.0,1085414.1176564707
C_province_pressure_1830,0.5,900,350,0,30000,0,-497602.00000800006,673.3727058908237,85000.0,1085414.1176564707
C_province_pressure_1830,0.5,900,350,0,30000,0,-497602.00000800006,673.3727058908237,85000.0,1085414.1176564707
C_province_pressure_1830,0.5,900,350,10,-30000,0,-406032.5164920001,609.8432941261177,85000.0,1014825.882362353
C_province_pressure_1830,0.5,900,350,10,-30000,0,-406032.5164920001,609.8432941261177,85000.0,1014825.882362353
C_province_pressure_1830,0.5,900,350,10,-30000,0,-406032.5164920001,609.8432941261177,85000.0,1014825.882362353
C_province_pressure_1830,0.5,900,350,10,0,0,-436032.5164920001,641.6080000084708,85000.0,1050120.000009412
C_province_pressure_1830,0.5,900,350,10,0,0,-436032.5164920001,641.6080000084708,85000.0,1050120.000009412
C_province_pressure_1830,0.5,900,350,10,0,0,-436032.5164920001,641.6080000084708,85000.0,1050120.000009412
C_province_pressure_1830,0.5,900,350,10,30000,0,-466032.5164920001,673.3727058908237,85000.0,1085414.1176564707
C_province_pressure_1830,0.5,900,350,10,30000,0,-466032.5164920001,673.3727058908237,85000.0,1085414.1176564707
C_province_pressure_1830,0.5,900,350,10,30000,0,-466032.5164920001,673.3727058908237,85000.0,1085414.1176564707
C_province_pressure_1830,1,600,250,0,-30000,0,-365352.00000800006,362.8955294174118,0.0,929825.882362353
C_province_pressure_1830,1,600,250,0,-30000,0,-365352.00000800006,362.8955294174118,0.0,929825.882362353
C_province_pressure_1830,1,600,250,0,-30000,0,-365352.00000800006,362.8955294174118,0.0,929825.882362353
C_province_pressure_1830,1,600,250,0,0,0,-395352.00000800006,384.07200000564706,0.0,965120.0000094118
C_province_pressure_1830,1,600,250,0,0,0,-395352.00000800006,384.07200000564706,0.0,965120.0000094118
C_province_pressure_1830,1,600,250,0,0,0,-395352.00000800006,384.07200000564706,0.0,965120.0000094118
C_province_pressure_1830,1,600,250,0,30000,0,-425352.00000800006,405.2484705938824,0.0,1000414.1176564707
C_province_pressure_1830,1,600,250,0,30000,0,-425352.00000800006,405.2484705938824,0.0,1000414.1176564707
C_province_pressure_1830,1,600,250,0,30000,0,-425352.00000800006,405.2484705938824,0.0,1000414.1176564707
C_province_pressure_1830,1,600,250,10,-30000,0,-362319.338492,362.8955294174118,0.0,929825.882362353
C_province_pressure_1830,1,600,250,10,-30000,0,-362319.338492,362.8955294174118,0.0,929825.882362353
C_province_pressure_1830,1,600,250,10,-30000,0,-362319.338492,362.8955294174118,0.0,929825.882362353
C_province_pressure_1830,1,600,250,10,0,0,-392319.338492,384.07200000564706,0.0,965120.0000094118
C_province_pressure_1830,1,600,250,10,0,0,-392319.338492,384.07200000564706,0.0,965120.0000094118
C_province_pressure_1830,1,600,250,10,0,0,-392319.338492,384.07200000564706,0.0,965120.0000094118
C_province_pressure_1830,1,600,250,10,30000,0,-422319.338492,405.2484705938824,0.0,1000414.1176564707
C_province_pressure_1830,1,600,250,10,30000,0,-422319.338492,405.2484705938824,0.0,1000414.1176564707
C_province_pressure_1830,1,600,250,10,30000,0,-422319.338492,405.2484705938824,0.0,1000414.1176564707
C_province_pressure_1830,1,600,300,0,-30000,0,-365352.00000800006,312.8955294174118,0.0,929825.882362353
C_province_pressure_1830,1,600,300,0,-30000,0,-365352.00000800006,312.8955294174118,0.0,929825.882362353
C_province_pressure_1830,1,600,300,0,-30000,0,-365352.00000800006,312.8955294174118,0.0,929825.882362353
C_province_pressure_1830,1,600,300,0,0,0,-395352.00000800006,334.07200000564706,0.0,965120.0000094118
C_province_pressure_1830,1,600,300,0,0,0,-395352.00000800006,334.07200000564706,0.0,965120.0000094118
C_province_pressure_1830,1,600,300,0,0,0,-395352.00000800006,334.07200000564706,0.0,965120.0000094118
C_province_pressure_1830,1,600,300,0,30000,0,-425352.00000800006,355.2484705938824,0.0,1000414.1176564707
C_province_pressure_1830,1,600,300,0,30000,0,-425352.00000800006,355.2484705938824,0.0,1000414.1176564707
C_province_pressure_1830,1,600,300,0,30000,0,-425352.00000800006,355.2484705938824,0.0,1000414.1176564707
C_province_pressure_1830,1,600,300,10,-30000,0,-362319.338492,312.8955294174118,0.0,929825.882362353
C_province_pressure_1830,1,600,300,10,-30000,0,-362319.338492,312.8955294174118,0.0,929825.882362353
C_province_pressure_1830,1,600,300,10,-30000,0,-362319.338492,312.8955294174118,0.0,929825.882362353
C_province_pressure_1830,1,600,300,10,0,0,-392319.338492,334.07200000564706,0.0,965120.0000094118
C_province_pressure_1830,1,600,300,10,0,0,-392319.338492,334.07200000564706,0.0,965120.0000094118
C_province_pressure_1830,1,600,300,10,0,0,-392319.338492,334.07200000564706,0.0,965120.0000094118
C_province_pressure_1830,1,600,300,10,30000,0,-422319.338492,355.2484705938824,0.0,1000414.1176564707
C_province_pressure_1830,1,600,300,10,30000,0,-422319.338492,355.2484705938824,0.0,1000414.1176564707
C_province_pressure_1830,1,600,300,10,30000,0,-422319.338492,355.2484705938824,0.0,1000414.1176564707
C_province_pressure_1830,1,600,350,0,-30000,0,-365352.00000800006,262.8955294174118,0.0,929825.882362353
C_province_pressure_1830,1,600,350,0,-30000,0,-365352.00000800006,262.8955294174118,0.0,929825.882362353
C_province_pressure_1830,1,600,350,0,-30000,0,-365352.00000800006,262.8955294174118,0.0,929825.882362353
C_province_pressure_1830,1,600,350,0,0,0,-395352.00000800006,284.07200000564706,0.0,965120.0000094118
C_province_pressure_1830,1,600,350,0,0,0,-395352.00000800006,284.07200000564706,0.0,965120.0000094118
C_province_pressure_1830,1,600,350,0,0,0,-395352.00000800006,284.07200000564706,0.0,965120.0000094118
C_province_pressure_1830,1,600,350,0,30000,0,-425352.00000800006,305.2484705938824,0.0,1000414.1176564707
C_province_pressure_1830,1,600,350,0,30000,0,-425352.00000800006,305.2484705938824,0.0,1000414.1176564707
C_province_pressure_1830,1,600,350,0,30000,0,-425352.00000800006,305.2484705938824,0.0,1000414.1176564707
C_province_pressure_1830,1,600,350,10,-30000,0,-362319.338492,262.8955294174118,0.0,929825.882362353
C_province_pressure_1830,1,600,350,10,-30000,0,-362319.338492,262.8955294174118,0.0,929825.882362353
C_province_pressure_1830,1,600,350,10,-30000,0,-362319.338492,262.8955294174118,0.0,929825.882362353
C_province_pressure_1830,1,600,350,10,0,0,-392319.338492,284.07200000564706,0.0,965120.0000094118
C_province_pressure_1830,1,600,350,10,0,0,-392319.338492,284.07200000564706,0.0,965120.0000094118
C_province_pressure_1830,1,600,350,10,0,0,-392319.338492,284.07200000564706,0.0,965120.0000094118
C_province_pressure_1830,1,600,350,10,30000,0,-422319.338492,305.2484705938824,0.0,1000414.1176564707
C_province_pressure_1830,1,600,350,10,30000,0,-422319.338492,305.2484705938824,0.0,1000414.1176564707
C_province_pressure_1830,1,600,350,10,30000,0,-422319.338492,305.2484705938824,0.0,1000414.1176564707
C_province_pressure_1830,1,700,250,0,-30000,0,-365352.00000800006,455.8781176536471,0.0,929825.882362353
C_province_pressure_1830,1,700,250,0,-30000,0,-365352.00000800006,455.8781176536471,0.0,929825.882362353
C_province_pressure_1830,1,700,250,0,-30000,0,-365352.00000800006,455.8781176536471,0.0,929825.882362353
C_province_pressure_1830,1,700,250,0,0,0,-395352.00000800006,480.5840000065883,0.0,965120.0000094118
C_province_pressure_1830,1,700,250,0,0,0,-395352.00000800006,480.5840000065883,0.0,965120.0000094118
C_province_pressure_1830,1,700,250,0,0,0,-395352.00000800006,480.5840000065883,0.0,965120.0000094118
C_province_pressure_1830,1,700,250,0,30000,0,-425352.00000800006,505.28988235952954,0.0,1000414.1176564707
C_province_pressure_1830,1,700,250,0,30000,0,-425352.00000800006,505.28988235952954,0.0,1000414.1176564707
C_province_pressure_1830,1,700,250,0,30000,0,-425352.00000800006,505.28988235952954,0.0,1000414.1176564707
C_province_pressure_1830,1,700,250,10,-30000,0,-362319.338492,455.8781176536471,0.0,929825.882362353
C_province_pressure_1830,1,700,250,10,-30000,0,-362319.338492,455.8781176536471,0.0,929825.882362353
C_province_pressure_1830,1,700,250,10,-30000,0,-362319.338492,455.8781176536471,0.0,929825.882362353
C_province_pressure_1830,1,700,250,10,0,0,-392319.338492,480.5840000065883,0.0,965120.0000094118
C_province_pressure_1830,1,700,250,10,0,0,-392319.338492,480.5840000065883,0.0,965120.0000094118
C_province_pressure_1830,1,700,250,10,0,0,-392319.338492,480.5840000065883,0.0,965120.0000094118
C_province_pressure_1830,1,700,250,10,30000,0,-422319.338492,505.28988235952954,0.0,1000414.1176564707
C_province_pressure_1830,1,700,250,10,30000,0,-422319.338492,505.28988235952954,0.0,1000414.1176564707
C_province_pressure_1830,1,700,250,10,30000,0,-422319.338492,505.28988235952954,0.0,1000414.1176564707
C_province_pressure_1830,1,700,300,0,-30000,0,-365352.00000800006,405.8781176536471,0.0,929825.882362353
C_province_pressure_1830,1,700,300,0,-30000,0,-365352.00000800006,405.8781176536471,0.0,929825.882362353
C_province_pressure_1830,1,700,300,0,-30000,0,-365352.00000800006,405.8781176536471,0.0,929825.882362353
C_province_pressure_1830,1,700,300,0,0,0,-395352.00000800006,430.5840000065883,0.0,965120.0000094118
C_province_pressure_1830,1,700,300,0,0,0,-395352.00000800006,430.5840000065883,0.0,965120.0000094118
C_province_pressure_1830,1,700,300,0,0,0,-395352.00000800006,430.5840000065883,0.0,965120.0000094118
C_province_pressure_1830,1,700,300,0,30000,0,-425352.00000800006,455.28988235952954,0.0,1000414.1176564707
C_province_pressure_1830,1,700,300,0,30000,0,-425352.00000800006,455.28988235952954,0.0,1000414.1176564707
C_province_pressure_1830,1,700,300,0,30000,0,-425352.00000800006,455.28988235952954,0.0,1000414.1176564707
C_province_pressure_1830,1,700,300,10,-30000,0,-362319.338492,405.8781176536471,0.0,929825.882362353
C_province_pressure_1830,1,700,300,10,-30000,0,-362319.338492,405.8781176536471,0.0,929825.882362353
C_province_pressure_1830,1,700,300,10,-30000,0,-362319.338492,405.8781176536471,0.0,929825.882362353
C_province_pressure_1830,1,700,300,10,0,0,-392319.338492,430.5840000065883,0.0,965120.0000094118
C_province_pressure_1830,1,700,300,10,0,0,-392319.338492,430.5840000065883,0.0,965120.0000094118
C_province_pressure_1830,1,700,300,10,0,0,-392319.338492,430.5840000065883,0.0,965120.0000094118
C_province_pressure_1830,1,700,300,10,30000,0,-422319.338492,455.28988235952954,0.0,1000414.1176564707
C_province_pressure_1830,1,700,300,10,30000,0,-422319.338492,455.28988235952954,0.0,1000414.1176564707
C_province_pressure_1830,1,700,300,10,30000,0,-422319.338492,455.28988235952954,0.0,1000414.1176564707
C_province_pressure_1830,1,700,350,0,-30000,0,-365352.00000800006,355.8781176536471,0.0,929825.882362353
C_province_pressure_1830,1,700,350,0,-30000,0,-365352.00000800006,355.8781176536471,0.0,929825.882362353
C_province_pressure_1830,1,700,350,0,-30000,0,-365352.00000800006,355.8781176536471,0.0,929825.882362353
C_province_pressure_1830,1,700,350,0,0,0,-395352.00000800006,380.5840000065883,0.0,965120.0000094118
C_province_pressure_1830,1,700,350,0,0,0,-395352.00000800006,380.5840000065883,0.0,965120.0000094118
C_province_pressure_1830,1,700,350,0,0,0,-395352.00000800006,380.5840000065883,0.0,965120.0000094118
C_province_pressure_1830,1,700,350,0,30000,0,-425352.00000800006,405.28988235952954,0.0,1000414.1176564707
C_province_pressure_1830,1,700,350,0,30000,0,-425352.00000800006,405.28988235952954,0.0,1000414.1176564707
C_province_pressure_1830,1,700,350,0,30000,0,-425352.00000800006,405.28988235952954,0.0,1000414.1176564707
C_province_pressure_1830,1,700,350,10,-30000,0,-362319.338492,355.8781176536471,0.0,929825.882362353
C_province_pressure_1830,1,700,350,10,-30000,0,-362319.338492,355.8781176536471,0.0,929825.882362353
C_province_pressure_1830,1,700,350,10,-30000,0,-362319.338492,355.8781176536471,0.0,929825.882362353
C_province_pressure_1830,1,700,350,10,0,0,-392319.338492,380.5840000065883,0.0,965120.0000094118
C_province_pressure_1830,1,700,350,10,0,0,-392319.338492,380.5840000065883,0.0,965120.0000094118
C_province_pressure_1830,1,700,350,10,0,0,-392319.338492,380.5840000065883,0.0,965120.0000094118
C_province_pressure_1830,1,700,350,10,30000,0,-422319.338492,405.28988235952954,0.0,1000414.1176564707
C_province_pressure_1830,1,700,350,10,30000,0,-422319.338492,405.28988235952954,0.0,1000414.1176564707
C_province_pressure_1830,1,700,350,10,30000,0,-422319.338492,405.28988235952954,0.0,1000414.1176564707
C_province_pressure_1830,1,900,250,0,-30000,0,-365352.00000800006,641.8432941261177,0.0,929825.882362353
C_province_pressure_1830,1,900,250,0,-30000,0,-365352.00000800006,641.8432941261177,0.0,929825.882362353
C_province_pressure_1830,1,900,250,0,-30000,0,-365352.00000800006,641.8432941261177,0.0,929825.882362353
C_province_pressure_1830,1,900,250,0,0,0,-395352.00000800006,673.6080000084706,0.0,965120.0000094118
C_province_pressure_1830,1,900,250,0,0,0,-395352.00000800006,673.6080000084706,0.0,965120.0000094118
C_province_pressure_1830,1,900,250,0,0,0,-395352.00000800006,673.6080000084706,0.0,965120.0000094118
C_province_pressure_1830,1,900,250,0,30000,0,-425352.00000800006,705.3727058908237,0.0,1000414.1176564707
C_province_pressure_1830,1,900,250,0,30000,0,-425352.00000800006,705.3727058908237,0.0,1000414.1176564707
C_province_pressure_1830,1,900,250,0,30000,0,-425352.00000800006,705.3727058908237,0.0,1000414.1176564707
C_province_pressure_1830,1,900,250,10,-30000,0,-362319.338492,641.8432941261177,0.0,929825.882362353
C_province_pressure_1830,1,900,250,10,-30000,0,-362319.338492,641.8432941261177,0.0,929825.882362353
C_province_pressure_1830,1,900,250,10,-30000,0,-362319.338492,641.8432941261177,0.0,929825.882362353
C_province_pressure_1830,1,900,250,10,0,0,-392319.338492,673.6080000084706,0.0,965120.0000094118
C_province_pressure_1830,1,900,250,10,0,0,-392319.338492,673.6080000084706,0.0,965120.0000094118
C_province_pressure_1830,1,900,250,10,0,0,-392319.338492,673.6080000084706,0.0,965120.0000094118
C_province_pressure_1830,1,900,250,10,30000,0,-422319.338492,705.3727058908237,0.0,1000414.1176564707
C_province_pressure_1830,1,900,250,10,30000,0,-422319.338492,705.3727058908237,0.0,1000414.1176564707
C_province_pressure_1830,1,900,250,10,30000,0,-422319.338492,705.3727058908237,0.0,1000414.1176564707
C_province_pressure_1830,1,900,300,0,-30000,0,-365352.00000800006,591.8432941261177,0.0,929825.882362353
C_province_pressure_1830,1,900,300,0,-30000,0,-365352.00000800006,591.8432941261177,0.0,929825.882362353
C_province_pressure_1830,1,900,300,0,-30000,0,-365352.00000800006,591.8432941261177,0.0,929825.882362353
C_province_pressure_1830,1,900,300,0,0,0,-395352.00000800006,623.6080000084706,0.0,965120.0000094118
C_province_pressure_1830,1,900,300,0,0,0,-395352.00000800006,623.6080000084706,0.0,965120.0000094118
C_province_pressure_1830,1,900,300,0,0,0,-395352.00000800006,623.6080000084706,0.0,965120.0000094118
C_province_pressure_1830,1,900,300,0,30000,0,-425352.00000800006,655.3727058908237,0.0,1000414.1176564707
C_province_pressure_1830,1,900,300,0,30000,0,-425352.00000800006,655.3727058908237,0.0,1000414.1176564707
C_province_pressure_1830,1,900,300,0,30000,0,-425352.00000800006,655.3727058908237,0.0,1000414.1176564707
C_province_pressure_1830,1,900,300,10,-30000,0,-362319.338492,591.8432941261177,0.0,929825.882362353
C_province_pressure_1830,1,900,300,10,-30000,0,-362319.338492,591.8432941261177,0.0,929825.882362353
C_province_pressure_1830,1,900,300,10,-30000,0,-362319.338492,591.8432941261177,0.0,929825.882362353
C_province_pressure_1830,1,900,300,10,0,0,-392319.338492,623.6080000084706,0.0,965120.0000094118
C_province_pressure_1830,1,900,300,10,0,0,-392319.338492,623.6080000084706,0.0,965120.0000094118
C_province_pressure_1830,1,900,300,10,0,0,-392319.338492,623.6080000084706,0.0,965120.0000094118
C_province_pressure_1830,1,900,300,10,30000,0,-422319.338492,655.3727058908237,0.0,1000414.1176564707
C_province_pressure_1830,1,900,300,10,30000,0,-422319.338492,655.3727058908237,0.0,1000414.1176564707
C_province_pressure_1830,1,900,300,10,30000,0,-422319.338492,655.3727058908237,0.0,1000414.1176564707
C_province_pressure_1830,1,900,350,0,-30000,0,-365352.00000800006,541.8432941261177,0.0,929825.882362353
C_province_pressure_1830,1,900,350,0,-30000,0,-365352.00000800006,541.8432941261177,0.0,929825.882362353
C_province_pressure_1830,1,900,350,0,-30000,0,-365352.00000800006,541.8432941261177,0.0,929825.882362353
C_province_pressure_1830,1,900,350,0,0,0,-395352.00000800006,573.6080000084706,0.0,965120.0000094118
C_province_pressure_1830,1,900,350,0,0,0,-395352.00000800006,573.6080000084706,0.0,965120.0000094118
C_province_pressure_1830,1,900,350,0,0,0,-395352.00000800006,573.6080000084706,0.0,965120.0000094118
C_province_pressure_1830,1,900,350,0,30000,0,-425352.00000800006,605.3727058908237,0.0,1000414.1176564707
C_province_pressure_1830,1,900,350,0,30000,0,-425352.00000800006,605.3727058908237,0.0,1000414.1176564707
C_province_pressure_1830,1,900,350,0,30000,0,-425352.00000800006,605.3727058908237,0.0,1000414.1176564707
C_province_pressure_1830,1,900,350,10,-30000,0,-362319.338492,541.8432941261177,0.0,929825.882362353
C_province_pressure_1830,1,900,350,10,-30000,0,-362319.338492,541.8432941261177,0.0,929825.882362353
C_province_pressure_1830,1,900,350,10,-30000,0,-362319.338492,541.8432941261177,0.0,929825.882362353
C_province_pressure_1830,1,900,350,10,0,0,-392319.338492,573.6080000084706,0.0,965120.0000094118
C_province_pressure_1830,1,900,350,10,0,0,-392319.338492,573.6080000084706,0.0,965120.0000094118
C_province_pressure_1830,1,900,350,10,0,0,-392319.338492,573.6080000084706,0.0,965120.0000094118
C_province_pressure_1830,1,900,350,10,30000,0,-422319.338492,605.3727058908237,0.0,1000414.1176564707
C_province_pressure_1830,1,900,350,10,30000,0,-422319.338492,605.3727058908237,0.0,1000414.1176564707
C_province_pressure_1830,1,900,350,10,30000,0,-422319.338492,605.3727058908237,0.0,1000414.1176564707
