source_sheet,source_cell,cached_value
A1. Headline series,B1,A1. Headline Annual Series 1086-2016
A1. Headline series,A2,Back to front page
A1. Headline series,A3,Section
A1. Headline series,B3,National Accounts
A1. Headline series,Y3,"Labour, capital and productivity"
A1. Headline series,AI3,Wages and Prices
A1. Headline series,AS3,Financial markets
A1. Headline series,BF3,Money and Credit
A1. Headline series,BO3,Fiscal
A1. Headline series,BZ3,Trade
A1. Headline series,A4,Description
A1. Headline series,B4,"Real UK GDP at market prices, geographically-consistent estimate based on post-1922 borders"
A1. Headline series,D4,"Real UK GDP at factor cost, geographically-consistent estimate based on post-1922 borders"
A1. Headline series,F4,"Index of real UK GDP at market prices cost - based on changing political boundaries, "
A1. Headline series,H4,Real GDP of England at market prices
A1. Headline series,J4,Real GDP of England at factor cost 
A1. Headline series,L4,Composite estimate of English and (geographically-consistent) UK real GDP at factor cost
A1. Headline series,N4,HP-filter of log of real composite estimate of English and UK real GDP at factor cost
A1. Headline series,O4,"Real UK gross disposable national income at market prices, constant border estimate"
A1. Headline series,P4,Real consumption
A1. Headline series,Q4,Real investment
A1. Headline series,R4,Stockbuilding contribution
A1. Headline series,S4,Real government consumption of goods and services
A1. Headline series,T4,Export volumes
A1. Headline series,U4,Import volumes
A1. Headline series,V4,Nominal GDP of England at market prices
A1. Headline series,W4,Nominal UK GDP at market prices
A1. Headline series,X4,Nominal UK GDP at market prices
A1. Headline series,Y4,Population (GB+NI)
A1. Headline series,Z4,Population (England)
A1. Headline series,AA4,Employment
A1. Headline series,AB4,Unemployment rate
A1. Headline series,AC4,Average weekly hours worked
A1. Headline series,AD4,"Capital Services, whole economy"
A1. Headline series,AE4,TFP growth
A1. Headline series,AF4,Labour productivity
A1. Headline series,AH4,"Labour share, whole economy excluding rents"
A1. Headline series,AI4,GDP deflator at market prices
A1. Headline series,AJ4,Export prices
A1. Headline series,AK4,Import prices
A1. Headline series,AL4,Terms of Trade
A1. Headline series,AM4,$ Oil prices
A1. Headline series,AN4,Earnings per head
A1. Headline series,AO4,Consumer price index
A1. Headline series,AP4,Consumer price inflation
A1. Headline series,AQ4,Real consumption wages
A1. Headline series,AR4,Wholesale/producer price index
A1. Headline series,AS4,Bank Rate
A1. Headline series,AU4,10 year/medium-term government bond yields
A1. Headline series,AV4,Consols / long-term government bond yields
A1. Headline series,AW4,Mortgage rates
A1. Headline series,AX4,Corporate borrowing rate from banks
A1. Headline series,AY4,Corporate bond yields
A1. Headline series,AZ4,Share prices
A1. Headline series,BA4,$/£ exchange rate
A1. Headline series,BB4,Real $/£ exchange rate
A1. Headline series,BC4,Nominal ERI
A1. Headline series,BD4,Real ERI
A1. Headline series,BE4,House price index
A1. Headline series,BF4,Credit 
A1. Headline series,BG4,Secured credit
A1. Headline series,BH4,Bank of England Balance sheet
A1. Headline series,BJ4,Coin in circulation outside the Bank of England
A1. Headline series,BK4,Notes and coin in circulation
A1. Headline series,BL4,Monetary base
A1. Headline series,BM4,M1
A1. Headline series,BN4,Broad Money 
A1. Headline series,BO4,Public sector Total Managed Expenditure
A1. Headline series,BQ4,Public Sector Total Receipts
A1. Headline series,BS4,Public Sector Net Lending(+)/Borrowing(-)
A1. Headline series,BU4,UK Public sector debt
A1. Headline series,BX4,Central Government Gross Debt
A1. Headline series,BY4,Central Government Gross Debt
A1. Headline series,BZ4,Trade deficit
A1. Headline series,CB4,Current account 
A1. Headline series,CD4,Current account deficit including estimated non-monetary bullion flows prior to 1946
A1. Headline series,A5,Worksheet
A1. Headline series,B5,A8. Real GDP (A) 1700-2015
A1. Headline series,D5,A8. Real GDP (A) 1700-2015
A1. Headline series,F5,A8. Real GDP (A) 1700-2015
A1. Headline series,H5,A21. GDP per capita
A1. Headline series,J5,A21. GDP per capita
A1. Headline series,L5,A21. GDP per capita 1086
A1. Headline series,O5,"A10. GDP, GNI and National Saving"
A1. Headline series,P5,A12. GDP(E) - volumes
A1. Headline series,Q5,A12. GDP(E) - volumes
A1. Headline series,R5,A12. GDP(E) - volumes
A1. Headline series,S5,A12. GDP(E) - volumes
A1. Headline series,T5,A35. Trade volumes 
A1. Headline series,U5,A35. Trade volumes 
A1. Headline series,V5,A21. GDP per capita
A1. Headline series,W5,A9. Nominal GDP (A) 1700-2014
A1. Headline series,X5,A9. Nominal GDP (A) 1700-2014
A1. Headline series,Y5,A18. Population 
A1. Headline series,Z5,A21. GDP per capita
A1. Headline series,AA5,A50. Employment
A1. Headline series,AB5,A50. Employment
A1. Headline series,AC5,A54. Hours worked
A1. Headline series,AD5,A55. Capital stock 1851-2014
A1. Headline series,AE5,A56. Productivity 1855-2014
A1. Headline series,AF5,A56. Productivity 1855-2015
A1. Headline series,AG5,A56. Productivity 1855-2015
A1. Headline series,AH5,A56. Productivity 1855-2016
A1. Headline series,AI5,A47. Wages and prices
A1. Headline series,AJ5,A35. Trade volumes 
A1. Headline series,AK5,A35. Trade volumes 
A1. Headline series,AL5,A35. Trade volumes 
A1. Headline series,AM5,A35. Trade volumes 
A1. Headline series,AN5,A47. Wages and prices
A1. Headline series,AO5,A47. Wages and prices
A1. Headline series,AP5,A47. Wages and prices
A1. Headline series,AQ5,A48. Real Earnings '!A1
A1. Headline series,AR5,A47. Wages and prices
A1. Headline series,AS5,A31. Interest rates  
A1. Headline series,AT5,A31. Interest rates  
A1. Headline series,AU5,A31. Interest rates  
A1. Headline series,AV5,A31. Interest rates  
A1. Headline series,AW5,A31. Interest rates  
A1. Headline series,AX5,A31. Interest rates  
A1. Headline series,AY5,A31. Interest rates  
A1. Headline series,AZ5,A31. Interest rates  
A1. Headline series,BA5,A33. Exchange rates
A1. Headline series,BB5,A33. Exchange rates
A1. Headline series,BC5,A33. Exchange rates
A1. Headline series,BD5,A33. Exchange rates
A1. Headline series,BE5,A32. Property prices
A1. Headline series,BF5,A25. Credit aggregates
A1. Headline series,BG5,A25. Credit aggregates
A1. Headline series,BH5,A23. BoE Balance sheet 
A1. Headline series,BJ5,A24. Money
A1. Headline series,BK5,A24. Money
A1. Headline series,BL5,A24. Money
A1. Headline series,BM5,A24. Money
A1. Headline series,BN5,A24. Money
A1. Headline series,BO5,A28. Public Sector Borrowing
A1. Headline series,BP5,A28. Public Sector Borrowing
A1. Headline series,BQ5,A28. Public Sector Borrowing
A1. Headline series,BR5,A28. Public Sector Borrowing
A1. Headline series,BS5,A28. Public Sector Borrowing
A1. Headline series,BT5,A28. Public Sector Borrowing
A1. Headline series,BU5,A29. National Debt 
A1. Headline series,BV5,A29. National Debt 
A1. Headline series,BW5,A29. National Debt 
A1. Headline series,BX5,A29. National Debt 
A1. Headline series,BY5,A30a. National Debt Market values 
A1. Headline series,BZ5,A36. Trade values 
A1. Headline series,CA5,A36. Trade values 
A1. Headline series,CB5,A36. Trade values 
A1. Headline series,CC5,A36. Trade values 
A1. Headline series,CD5,A36. Trade values 
A1. Headline series,CE5,A36. Trade values 
A1. Headline series,A6,Units
A1. Headline series,B6,"£mn, Chained Volume measure, 2013 prices"
A1. Headline series,C6,growth rate
A1. Headline series,D6,"£mn, Chained Volume measure, 2013 prices"
A1. Headline series,E6,growth rate
A1. Headline series,F6,"GB before 1801, GB+Ireland 1801-1920, GB + Northern Ireland after 1920.  Indexed to 100 in 1920"
A1. Headline series,G6,growth rate
A1. Headline series,H6,"£mn, Chained Volume measure, 2013 prices"
A1. Headline series,I6,growth rate
A1. Headline series,J6,"£mn, Chained Volume measure, 2013 prices"
A1. Headline series,K6,growth rate
A1. Headline series,L6,2013=100
A1. Headline series,M6,growth rate
A1. Headline series,N6,approx. % difference from trend
A1. Headline series,O6,"£mn, Chained Volume measure, 2013 prices.  Nominal GDI divided by private and public consumption deflator"
A1. Headline series,P6,"£mn, Chained Volume measure, 2013 prices"
A1. Headline series,Q6,"£mn, Chained Volume measure, 2013 prices"
A1. Headline series,R6,pp contribution to GDP(E)
A1. Headline series,S6,"£mn, Chained Volume measure, 2013 prices"
A1. Headline series,T6,"£mn, Chained Volume measure, 2013 prices. "
A1. Headline series,U6,"£mn, Chained Volume measure, 2013 prices.  "
A1. Headline series,V6,£mn
A1. Headline series,W6,£mn
A1. Headline series,X6,£mn
A1. Headline series,Y6,000s
A1. Headline series,Z6,000s
A1. Headline series,AA6,000s
A1. Headline series,AB6,%
A1. Headline series,AC6,hours
A1. Headline series,AD6,"£mn, 2013 prices"
A1. Headline series,AE6,%
A1. Headline series,AF6,"Real GDP per head, 2013 prices"
A1. Headline series,AG6,"Real GDP per hour, 2013 prices"
A1. Headline series,AH6,share of GDP excluding rents
A1. Headline series,AI6,2013=100
A1. Headline series,AJ6,2013=100
A1. Headline series,AK6,2013=100
A1. Headline series,AL6,2013=100
A1. Headline series,AM6,$ per barrel
A1. Headline series,AN6,"Average weekly earnings, £"
A1. Headline series,AO6,2015=100
A1. Headline series,AP6,%
A1. Headline series,AQ6,1900=100
A1. Headline series,AR6,2010=100
A1. Headline series,AS6,% end period
A1. Headline series,AT6,"%, calendar year average"
A1. Headline series,AU6,"%, calendar year average"
A1. Headline series,AV6,"%, calendar year average"
A1. Headline series,AW6,"%, calendar year average"
A1. Headline series,AX6,"%, calendar year average"
A1. Headline series,AY6,"%, calendar year average"
A1. Headline series,AZ6,"April 1962=100, Year end"
A1. Headline series,BA6,Calendar year average
A1. Headline series,BB6,"Calendar year average, 1913=100"
A1. Headline series,BC6,"Calendar year average, 1913=100"
A1. Headline series,BD6,"Calendar year average, 1913=100"
A1. Headline series,BE6,"Calendar year average, Jan 2015 =100"
A1. Headline series,BF6,"Year end, £mn"
A1. Headline series,BG6,"Year end, £mn"
A1. Headline series,BH6,% of nominal GDP
A1. Headline series,BI6,% of nominal GDP
A1. Headline series,BJ6,"Year end, £mn"
A1. Headline series,BK6,"Year end, £mn"
A1. Headline series,BL6,"Year end, £mn"
A1. Headline series,BM6,"Year end, £mn"
A1. Headline series,BN6,"Year end, £mn"
A1. Headline series,BO6,"Calendar year total, £mn"
A1. Headline series,BP6,as a % of nominal GDP
A1. Headline series,BQ6,"Calendar year total, £mn"
A1. Headline series,BR6,as a % of nominal GDP
A1. Headline series,BS6,"Calendar year total, £mn"
A1. Headline series,BT6,as a % of nominal GDP
A1. Headline series,BU6,"Calendar Year end nominal par value outstanding, £mn"
A1. Headline series,BV6,as a % of nominal GDP: measure 1
A1. Headline series,BW6,as a % of nominal GDP: measure 2
A1. Headline series,BX6,"Financial year end, nominal par value £mn"
A1. Headline series,BY6,"Financial year end, market value £mn"
A1. Headline series,BZ6,£mn
A1. Headline series,CA6,as a % of nominal GDP
A1. Headline series,CB6,£mn
A1. Headline series,CC6,as a % of nominal GDP
A1. Headline series,CD6,£mn
A1. Headline series,CE6,as a % of nominal GDP
A1. Headline series,A7,Documentation
A1. Headline series,P7,Composite measure
A1. Headline series,Q7,Composite measure
A1. Headline series,R7,Composite measure
A1. Headline series,S7,Composite measure
A1. Headline series,T7,"Goods only prior to 1870.  GB only prior to 1816, England and Wales prior to 1772 and largely based on woollen exports prior to 1697"
A1. Headline series,U7,"Goods only prior to 1870.  GB only prior to 1816, England and Wales prior to 1772, London prior to 1696."
A1. Headline series,W7,Constant border UK (GB+NI) definition 
A1. Headline series,X7,"Based on political definition of UK at the time, GB before 1801, GB+I 1801-1920, GB+NI 1921-"
A1. Headline series,Y7,"GB+NI population, using Broadberry et al (2015) GB estimates"
A1. Headline series,Z7,Population of England
A1. Headline series,AA7,Break-adjusted measure
A1. Headline series,AB7,"LFS consistent measure, rough GB estimates prior to 1855"
A1. Headline series,AX7,NB Possible break in the mean of around +1% in 1977 reflecting a shift from the rate charged to blue chip companies to one covering the whole of the PNFC sector.
A1. Headline series,BE7,NB uses building costs as a rough proxy prior to 1895
A1. Headline series,BF7,"Break-adjusted stock of bank and building society lending, M4Lx"
A1. Headline series,BG7,"Break-adjusted stock of bank and building society lending secured on dwellings, excluding impact of securitisations"
A1. Headline series,BH7,using unconsolidated balance sheet and GB+NI nominal GDP
A1. Headline series,BI7,using consolidated balance sheet and GB+NI nominal GDP
A1. Headline series,BL7,M0
A1. Headline series,BM7,Spliced break-adjusted stock
A1. Headline series,BN7,Spliced break-adjusted broad money measure based on M3/M4/M4x
A1. Headline series,BO7,excluding the temporary effects of financial interventions.
A1. Headline series,BP7,using GB+NI nominal GDP
A1. Headline series,BQ7,excluding the temporary effects of financial interventions.
A1. Headline series,BR7,using GB+NI nominal GDP
A1. Headline series,BS7,excluding the temporary effects of financial interventions.  Central government only prior to 1900.
A1. Headline series,BT7,using GDP based on political boundaries
A1. Headline series,BU7,excluding public sector banks.  Includes estimated capital value of terminable annuities 
A1. Headline series,BV7,using GB+Ireland GDP before 1920
A1. Headline series,BW7,based on GB funded debt and GB GDP before 1817
A1. Headline series,BX7,Includes estimated capital value of terminable annuities
A1. Headline series,BY7,Includes estimated capital value of terminable annuities
A1. Headline series,CA7,using conformable measure of nominal GDP
A1. Headline series,CB7,GB only before 1816
A1. Headline series,CC7,using conformable measure of nominal GDP
A1. Headline series,CE7,using conformable measure of nominal GDP
A1. Headline series,A8,1086
A1. Headline series,V8,0.43025
A1. Headline series,Z8,1710
A1. Headline series,BJ8,0.0375
A1. Headline series,A717,1795
A1. Headline series,B717,22377.818285701946
A1. Headline series,C717,10.861845359752266
A1. Headline series,D717,19510.69628598898
A1. Headline series,E717,10.86184535975228
A1. Headline series,F717,11.371837839985922
A1. Headline series,G717,10.861845359752238
A1. Headline series,H717,18323.172252732173
A1. Headline series,I717,10.836909216509369
A1. Headline series,J717,15967.928397942405
A1. Headline series,K717,10.836909216509369
A1. Headline series,L717,1.276912291886692
A1. Headline series,M717,10.861845359752266
A1. Headline series,N717,2.7016102111432403
A1. Headline series,T717,717.4828291259203
A1. Headline series,U717,775.3438974887903
A1. Headline series,V717,203.9351389796608
A1. Headline series,W717,247.473019647839
A1. Headline series,X717,240.11070743198758
A1. Headline series,Y717,10978.223305051279
A1. Headline series,Z717,8169.106
A1. Headline series,AA717,5517.43462428067
A1. Headline series,AB717,4.894929479466429
A1. Headline series,AC717,64.18603755519761
A1. Headline series,AD717,1577.2628730496779
A1. Headline series,AE717,7.549345459936404
A1. Headline series,AI717,1.105885374920392
A1. Headline series,AJ717,5.93811390581556
A1. Headline series,AK717,5.1050180156233225
A1. Headline series,AL717,116.31915671291743
A1. Headline series,AN717,0.4123101319236947
A1. Headline series,AO717,1.1473883466463648
A1. Headline series,AP717,15.70397111913357
A1. Headline series,AQ717,44.894428604201174
A1. Headline series,AR717,1.697912352875158
A1. Headline series,AS717,5
A1. Headline series,AT717,5
A1. Headline series,AV717,4.5210094296209675
A1. Headline series,AZ717,1.0561007109757767
A1. Headline series,BA717,4.525396656666667
A1. Headline series,BB717,67.71269464263766
A1. Headline series,BH717,16.660353307931956
A1. Headline series,BI717,16.139176416725448
A1. Headline series,BJ717,44.02360903377891
A1. Headline series,BS717,-20.7025
A1. Headline series,BT717,-8.622064472432607
A1. Headline series,BU717,339.4865899489434
A1. Headline series,BV717,121.3423413689411
A1. Headline series,BW717,141.3875264371975
A1. Headline series,BX717,293.1723537707722
A1. Headline series,BY717,224.05814850648474
A1. Headline series,CB717,-6.79812890625
A1. Headline series,CC717,-2.831247710256986
A1. Headline series,A718,1796
A1. Headline series,B718,22779.40530349523
A1. Headline series,C718,1.7945762748903604
A1. Headline series,D718,19860.83061260325
A1. Headline series,E718,1.7945762748903604
A1. Headline series,F718,11.575914143881315
A1. Headline series,G718,1.7945762748903604
A1. Headline series,H718,18647.799219502955
A1. Headline series,I718,1.77167448023296
A1. Headline series,J718,16250.828110390621
A1. Headline series,K718,1.77167448023296
A1. Headline series,L718,1.2998274569280492
A1. Headline series,M718,1.7945762748903462
A1. Headline series,N718,2.52073353344049
A1. Headline series,T718,874.2095066765273
A1. Headline series,U718,797.0381236673829
A1. Headline series,V718,213.5537214352445
A1. Headline series,W718,259.2038354491475
A1. Headline series,X718,251.4925319428565
A1. Headline series,Y718,11093.805392765633
A1. Headline series,Z718,8256.325
A1. Headline series,AA718,5574.835407695055
A1. Headline series,AB718,4.799313124110777
A1. Headline series,AC718,64.59836147785288
A1. Headline series,AD718,1603.436419279062
A1. Headline series,AE718,0.11745011735258615
A1. Headline series,AI718,1.1378867533884907
A1. Headline series,AJ718,5.972020405040138
A1. Headline series,AK718,5.402961317321322
A1. Headline series,AL718,110.53235539359633
A1. Headline series,AN718,0.43115141746476227
A1. Headline series,AO718,1.175133306666675
A1. Headline series,AP718,2.4180967238689703
A1. Headline series,AQ718,45.837567094950344
A1. Headline series,AR718,1.7161363740678128
A1. Headline series,AS718,5
A1. Headline series,AT718,5
A1. Headline series,AV718,4.882841733091397
A1. Headline series,AZ718,1.0719139996180038
A1. Headline series,BA718,4.28628728
A1. Headline series,BB718,62.4040635053196
A1. Headline series,BH718,12.213357659356435
A1. Headline series,BI718,11.71188885206343
A1. Headline series,BJ718,43.35186112680217
A1. Headline series,BS718,-26.303000000000004
A1. Headline series,BT718,-10.458759867261788
A1. Headline series,BU718,380.51206069308336
A1. Headline series,BV718,129.98984983360626
A1. Headline series,BW718,151.30153478256855
A1. Headline series,BX718,335.44796515012376
A1. Headline series,BY718,262.68855633743624
A1. Headline series,CB718,-1.5452349853515626
A1. Headline series,CC718,-0.6144257936464956
A1. Headline series,A719,1797
A1. Headline series,B719,22614.07057901146
A1. Headline series,C719,-0.7258079053468691
A1. Headline series,D719,19716.679133949427
A1. Headline series,E719,-0.7258079053468691
A1. Headline series,F719,11.491895243908857
A1. Headline series,G719,-0.7258079053468833
A1. Headline series,H719,18508.286140643762
A1. Headline series,I719,-0.7481476887271583
A1. Headline series,J719,16129.247915483711
A1. Headline series,K719,-0.7481476887271583
A1. Headline series,L719,1.2903932064897963
A1. Headline series,M719,-0.7258079053468549
A1. Headline series,N719,-0.130883628239225
A1. Headline series,T719,871.8486998097317
A1. Headline series,U719,702.5189393024189
A1. Headline series,V719,214.0328150424356
A1. Headline series,W719,259.8354472251651
A1. Headline series,X719,252.10535329436289
A1. Headline series,Y719,11242.659730427113
A1. Headline series,Z719,8333.74
A1. Headline series,AA719,5579.831554335279
A1. Headline series,AB719,5.497424569334974
A1. Headline series,AC719,65.01333412324706
A1. Headline series,AD719,1630.0442967375182
A1. Headline series,AE719,-1.8383981456655514
A1. Headline series,AI719,1.1489990106704773
A1. Headline series,AJ719,6.031551835335457
A1. Headline series,AK719,5.333764619087198
A1. Headline series,AL719,113.08245237802932
A1. Headline series,AN719,0.43837391025550476
A1. Headline series,AO719,1.057888475613107
A1. Headline series,AP719,-9.977151561309995
A1. Headline series,AQ719,51.770658525340075
A1. Headline series,AR719,1.568866581186626
A1. Headline series,AS719,5
A1. Headline series,AT719,5
A1. Headline series,AV719,5.906600656808311
A1. Headline series,AZ719,0.8618233787780059
A1. Headline series,BA719,4.436509425000001
A1. Headline series,BB719,60.41041327555451
A1. Headline series,BH719,11.143382176405598
A1. Headline series,BI719,10.773788879940682
A1. Headline series,BJ719,42.43493021982543
A1. Headline series,BS719,-32.320750000000004
A1. Headline series,BT719,-12.82033466471523
A1. Headline series,BU719,410.0077608030377
A1. Headline series,BV719,139.7210493973282
A1. Headline series,BW719,162.63350041770235
A1. Headline series,BX719,384.0430139886288
A1. Headline series,BY719,249.11072075533843
A1. Headline series,CB719,11.9141796875
A1. Headline series,CC719,4.725873342954674
A1. Headline series,A720,1798
A1. Headline series,B720,22831.421210888308
A1. Headline series,C720,0.9611300677489538
A1. Headline series,D720,19906.182065467397
A1. Headline series,E720,0.9611300677489396
A1. Headline series,F720,11.602347304452275
A1. Headline series,G720,0.9611300677489396
A1. Headline series,H720,18681.968926310106
A1. Headline series,I720,0.9384055570922953
A1. Headline series,J720,16280.605674239803
A1. Headline series,K720,0.9384055570922811
A1. Headline series,L720,1.3027955635895594
A1. Headline series,M720,0.9611300677489396
A1. Headline series,N720,-1.05237723791643
A1. Headline series,T720,940.2167165163844
A1. Headline series,U720,934.1223681312806
A1. Headline series,V720,225.61059461125103
A1. Headline series,W720,273.9399757554774
A1. Headline series,X720,265.79027267760404
A1. Headline series,Y720,11376.894405878023
A1. Headline series,Z720,8435.048
A1. Headline series,AA720,5654.628380039456
A1. Headline series,AB720,5.239742577969051
A1. Headline series,AC720,65.43097250647864
A1. Headline series,AD720,1657.0937128403052
A1. Headline series,AE720,-0.8942118607838876
A1. Headline series,AI720,1.199837597603584
A1. Headline series,AJ720,6.1699054175319334
A1. Headline series,AK720,5.590615671777223
A1. Headline series,AL720,110.36182380912184
A1. Headline series,AN720,0.4531329172626744
A1. Headline series,AO720,1.0722084549784283
A1. Headline series,AP720,1.3536379018612479
A1. Headline series,AQ720,52.79894691842044
A1. Headline series,AR720,1.5946018543573348
A1. Headline series,AS720,5
A1. Headline series,AT720,5
A1. Headline series,AV720,5.931449171845078
A1. Headline series,AZ720,0.8403624833599908
A1. Headline series,BA720,4.388216175
A1. Headline series,BB720,62.64473478563146
A1. Headline series,BH720,12.794103096792695
A1. Headline series,BI720,12.159855530650614
A1. Headline series,BJ720,43.02600731284869
A1. Headline series,BS720,-19.265999999999995
A1. Headline series,BT720,-7.248572269373115
A1. Headline series,BU720,450.4936833094841
A1. Headline series,BV720,146.0609134506149
A1. Headline series,BW720,169.49216341559648
A1. Headline series,BX720,419.2046679129312
A1. Headline series,BY720,252.41182585887017
A1. Headline series,CB720,7.84098388671875
A1. Headline series,CC720,2.9500642772693335
A1. Headline series,A721,1799
A1. Headline series,B721,23431.459533231522
A1. Headline series,C721,2.6281251473607625
A1. Headline series,D721,20429.341442209363
A1. Headline series,E721,2.6281251473607625
A1. Headline series,F721,11.907271511644716
A1. Headline series,G721,2.628125147360734
A1. Headline series,H721,19168.637995453842
A1. Headline series,I721,2.6050202259910265
A1. Headline series,J721,16704.71874496759
A1. Headline series,K721,2.6050202259910122
A1. Headline series,L721,1.337034661414957
A1. Headline series,M721,2.6281251473607767
A1. Headline series,N721,-0.28520460255153596
A1. Headline series,T721,929.7698411821779
A1. Headline series,U721,939.9888552167881
A1. Headline series,V721,249.66065089377435
A1. Headline series,W721,303.20295097657004
A1. Headline series,X721,294.1826755823731
A1. Headline series,Y721,11514.928371363265
A1. Headline series,Z721,8525.74
A1. Headline series,AA721,5696.997847092787
A1. Headline series,AB721,5.424618508578911
A1. Headline series,AC721,65.85129375194919
A1. Headline series,AD721,1684.5919946045763
A1. Headline series,AE721,1.1238302020625637
A1. Headline series,AI721,1.2939994222150537
A1. Headline series,AJ721,6.354759598275468
A1. Headline series,AK721,5.67271004820382
A1. Headline series,AL721,112.02334588364178
A1. Headline series,AN721,0.47511441706058655
A1. Headline series,AO721,1.2968531312719056
A1. Headline series,AP721,20.95158597662774
A1. Headline series,AQ721,45.77056675007975
A1. Headline series,AR721,1.8413649521281525
A1. Headline series,AS721,5
A1. Headline series,AT721,5
A1. Headline series,AV721,5.08889366855458
A1. Headline series,AZ721,0.9826819261903309
A1. Headline series,BA721,4.132357275
A1. Headline series,BB721,71.35197374482522
A1. Headline series,BH721,12.690815535090763
A1. Headline series,BI721,12.048704067004008
A1. Headline series,BJ721,42.340341405871946
A1. Headline series,BS721,-14.435999999999996
A1. Headline series,BT721,-4.907155042839299
A1. Headline series,BU721,468.6463547923695
A1. Headline series,BV721,137.9532800628021
A1. Headline series,BW721,159.30453887694873
A1. Headline series,BX721,460.3087294991428
A1. Headline series,BY721,314.75944861340895
A1. Headline series,CB721,6.31223095703125
A1. Headline series,CC721,2.1456841211112665
A1. Headline series,A722,1800
A1. Headline series,B722,24573.50606228874
A1. Headline series,C722,4.873988013582846
A1. Headline series,D722,21425.06509535656
A1. Headline series,E722,4.8739880135828315
A1. Headline series,F722,12.487630497867045
A1. Headline series,G722,4.873988013582846
A1. Headline series,H722,20098.388276026784
A1. Headline series,I722,4.850372158905856
A1. Headline series,J722,17514.959772197028
A1. Headline series,K722,4.850372158905856
A1. Headline series,L722,1.40220157054977
A1. Headline series,M722,4.8739880135828315
A1. Headline series,N722,2.7186754722532203
A1. Headline series,T722,1028.047220080351
A1. Headline series,U722,1036.6367201215546
A1. Headline series,V722,284.91142460513896
A1. Headline series,W722,346.1119173379656
A1. Headline series,X722,335.81510194897817
A1. Headline series,Y722,11595.505989822004
A1. Headline series,Z722,8619.513
A1. Headline series,AA722,5818.985073595128
A1. Headline series,AB722,4.3252184235334905
A1. Headline series,AC722,66.27431509406574
A1. Headline series,AD722,1712.5465906340748
A1. Headline series,AE722,2.5431572696545457
A1. Headline series,AI722,1.4084759271251068
A1. Headline series,AJ722,6.294856228594553
A1. Headline series,AK722,5.781970867330859
A1. Headline series,AL722,108.87042451496227
A1. Headline series,AN722,0.5024342810951344
A1. Headline series,AO722,1.686177570266577
A1. Headline series,AP722,30.0207039337474
A1. Headline series,AQ722,37.226725054266026
A1. Headline series,AR722,2.2309649727603227
A1. Headline series,AS722,5
A1. Headline series,AT722,5
A1. Headline series,AV722,4.702937332726915
A1. Headline series,AZ722,1.1046700569376948
A1. Headline series,BA722,4.548144465
A1. Headline series,BB722,100.00934192096801
A1. Headline series,BH722,12.80449081216234
A1. Headline series,BI722,12.009643666962152
A1. Headline series,BJ722,41.40593949889521
A1. Headline series,BS722,-19.406
A1. Headline series,BT722,-5.778775250836824
A1. Headline series,BU722,496.6031219334998
A1. Headline series,BV722,128.47409015461412
A1. Headline series,BW722,147.87992530751367
A1. Headline series,BX722,471.47718812570287
A1. Headline series,BY722,358.72554630140166
A1. Headline series,CB722,4.020964111328125
A1. Headline series,CC722,1.1973744146679404
A1. Headline series,A723,1801
A1. Headline series,B723,24794.42620006955
A1. Headline series,C723,0.8990175729129675
A1. Headline series,D723,21617.68019557186
A1. Headline series,E723,0.8990175729129675
A1. Headline series,F723,12.59989649048331
A1. Headline series,G723,0.8990175729129817
A1. Headline series,H723,20274.508783741632
A1. Headline series,I723,0.8762916971055006
A1. Headline series,J723,17668.44191043216
A1. Headline series,K723,0.8762916971055148
A1. Headline series,L723,1.4148076090766741
A1. Headline series,M723,0.8990175729129817
A1. Headline series,N723,1.9512819127945402
A1. Headline series,T723,1014.3924455976411
A1. Headline series,U723,1079.446294714612
A1. Headline series,V723,303.9795321903081
A1. Headline series,W723,369.36233795405013
A1. Headline series,X723,411.8978538543944
A1. Headline series,Y723,11683.626343621554
A1. Headline series,Z723,8671.439
A1. Headline series,AA723,5842.956227655701
A1. Headline series,AB723,4.451798073008589
A1. Headline series,AC723,66.29282647274505
A1. Headline series,AD723,1737.4996593245419
A1. Headline series,AE723,0.028798877902456943
A1. Headline series,AI723,1.4896990758068605
A1. Headline series,AJ723,6.466337417179069
A1. Headline series,AK723,5.808042710628512
A1. Headline series,AL723,111.33419190161776
A1. Headline series,AN723,0.5033763453721878
A1. Headline series,AO723,1.594887701812654
A1. Headline series,AP723,-5.414012738853529
A1. Headline series,AQ723,39.43134310240819
A1. Headline series,AR723,2.3005364050160675
A1. Headline series,AS723,5
A1. Headline series,AT723,5
A1. Headline series,AV723,4.90085857628691
A1. Headline series,AZ723,1.1057995886228325
A1. Headline series,BA723,4.3808890575
A1. Headline series,BB723,89.93378601442033
A1. Headline series,BH723,12.26246045684613
A1. Headline series,BI723,11.4660515896795
A1. Headline series,BJ723,40.529406591918466
A1. Headline series,BS723,-26.4
A1. Headline series,BT723,-6.409356046155167
A1. Headline series,BU723,543.4132988897065
A1. Headline series,BV723,131.92914063635854
A1. Headline series,BW723,151.63308904063192
A1. Headline series,BX723,498.1633719334998
A1. Headline series,BY723,365.09990393852064
A1. Headline series,CB723,2.80989794921875
A1. Headline series,CC723,0.7840689707070518
A1. Headline series,A724,1802
A1. Headline series,B724,25082.050013367094
A1. Headline series,C724,1.160034158389763
A1. Headline series,D724,21868.45267009195
A1. Headline series,E724,1.160034158389763
A1. Headline series,F724,12.756205385557964
A1. Headline series,G724,1.2405569775332168
A1. Headline series,H724,20500.23317244708
A1. Headline series,I724,1.1133408513771599
A1. Headline series,J724,17865.151892022845
A1. Headline series,K724,1.1133408513771599
A1. Headline series,L724,1.4312198606174609
A1. Headline series,M724,1.160034158389763
A1. Headline series,N724,1.5288150977594899
A1. Headline series,T724,1166.0736447921336
A1. Headline series,U724,1078.3881348708624
A1. Headline series,V724,262.4502863508335
A1. Headline series,W724,319.8058313698263
A1. Headline series,X724,359.86246950257214
A1. Headline series,Y724,11788.069717070646
A1. Headline series,Z724,8730.845
A1. Headline series,AA724,5858.840372874596
A1. Headline series,AB724,4.797529126943925
A1. Headline series,AC724,66.31134302192126
A1. Headline series,AD724,1762.8163126558538
A1. Headline series,AE724,0.34676463218445486
A1. Headline series,AI724,1.2750386479549745
A1. Headline series,AJ724,6.265354645929774
A1. Headline series,AK724,4.907300810045885
A1. Headline series,AL724,127.67415099363333
A1. Headline series,AN724,0.49332765975028503
A1. Headline series,AO724,1.2306232267072947
A1. Headline series,AP724,-22.839506172839506
A1. Headline series,AQ724,50.08287302432483
A1. Headline series,AR724,1.8055325861344853
A1. Headline series,AS724,5
A1. Headline series,AT724,5
A1. Headline series,AV724,4.225476146669907
A1. Headline series,AZ724,1.214233442448344
A1. Headline series,BA724,4.4849993175
A1. Headline series,BB724,84.30736781491058
A1. Headline series,BH724,10.21363634661993
A1. Headline series,BI724,9.525170106643847
A1. Headline series,BJ724,39.52365968494172
A1. Headline series,BS724,-13.599999999999994
A1. Headline series,BT724,-3.779221550610403
A1. Headline series,BU724,561.3133907318697
A1. Headline series,BV724,155.9799752132412
A1. Headline series,BW724,181.3861422526941
A1. Headline series,BX724,547.2417988897065
A1. Headline series,BY724,438.6675386778025
A1. Headline series,CB724,13.8300595703125
A1. Headline series,CC724,4.469127574728117
A1. Headline series,A725,1803
A1. Headline series,B725,24557.00680767266
A1. Headline series,C725,-2.0933026025170136
A1. Headline series,D725,21410.67978121871
A1. Headline series,E725,-2.0933026025170136
A1. Headline series,F725,12.49917567791561
A1. Headline series,G725,-2.0149386112374117
A1. Headline series,H725,20061.753498918475
A1. Headline series,I725,-2.138900908297643
A1. Headline series,J725,17483.033995935613
A1. Headline series,K725,-2.138900908297643
A1. Headline series,L725,1.401260098027415
A1. Headline series,M725,-2.093302602517028
A1. Headline series,N725,-2.1004964110924997
A1. Headline series,T725,921.5422123480797
A1. Headline series,U725,998.9000570353228
A1. Headline series,V725,258.6337157754577
A1. Headline series,W725,315.4398529976345
A1. Headline series,X725,355.80198645706724
A1. Headline series,Y725,11928.784118377125
A1. Headline series,Z725,8831.874
A1. Headline series,AA725,5790.963645796772
A1. Headline series,AB725,6.840758572052305
A1. Headline series,AC725,66.32986474303857
A1. Headline series,AD725,1788.5018483247532
A1. Headline series,AE725,-2.080641545439302
A1. Headline series,AI725,1.2845207702555899
A1. Headline series,AJ725,6.182170778425653
A1. Headline series,AK725,5.170038818109533
A1. Headline series,AL725,119.57687351922466
A1. Headline series,AN725,0.5024342810951343
A1. Headline series,AO725,1.2136182512109757
A1. Headline series,AP725,-1.3818181818181898
A1. Headline series,AQ725,51.722087022298815
A1. Headline series,AR725,1.826465583450373
A1. Headline series,AS725,5
A1. Headline series,AT725,5
A1. Headline series,AV725,5.144703628123838
A1. Headline series,AZ725,1.0312512721522489
A1. Headline series,BA725,4.540404
A1. Headline series,BB725,79.79205153423261
A1. Headline series,BH725,11.90097967788056
A1. Headline series,BI725,11.273098694160183
A1. Headline series,BJ725,38.67014777796498
A1. Headline series,BS725,-10.600000000000001
A1. Headline series,BT725,-2.9791851657576536
A1. Headline series,BU725,572.8104854863172
A1. Headline series,BV725,160.99136803313922
A1. Headline series,BW725,187.79883238345482
A1. Headline series,BX725,563.1011407318698
A1. Headline series,BY725,417.4368562322418
A1. Headline series,CB725,3.1412451171875
A1. Headline series,CC725,1.02987319573453
A1. Headline series,A726,1804
A1. Headline series,B726,24534.632910739845
A1. Headline series,C726,-0.09111003270082563
A1. Headline series,D726,21391.172503868576
A1. Headline series,E726,-0.09111003270082563
A1. Headline series,F726,12.492871154373203
A1. Headline series,G726,-0.05043951461171048
A1. Headline series,H726,20036.499444223493
A1. Headline series,I726,-0.1258815920370182
A1. Headline series,J726,17461.026074405156
A1. Headline series,K726,-0.1258815920370182
A1. Headline series,L726,1.3999834094938788
A1. Headline series,M726,-0.09111003270081142
A1. Headline series,N726,-3.6841688322304798
A1. Headline series,T726,955.6638552661308
A1. Headline series,U726,1005.543904387889
A1. Headline series,V726,275.22151017981787
A1. Headline series,W726,335.58582314537097
A1. Headline series,X726,377.9459340456373
A1. Headline series,Y726,12096.774014756904
A1. Headline series,Z726,8945.472
A1. Headline series,AA726,5805.552992009695
A1. Headline series,AB726,7.631052346584083
A1. Headline series,AC726,66.34839163754157
A1. Headline series,AD726,1814.5616412193588
A1. Headline series,AE726,-0.8812308850082065
A1. Headline series,AI726,1.3678045413040227
A1. Headline series,AJ726,6.323172468137156
A1. Headline series,AK726,5.30727696017514
A1. Headline series,AL726,119.14155819613552
A1. Headline series,AN726,0.5256718665957842
A1. Headline series,AO726,1.297748129982238
A1. Headline series,AP726,6.932153392330392
A1. Headline series,AQ726,50.60613840678666
A1. Headline series,AR726,1.836070135160015
A1. Headline series,AS726,5
A1. Headline series,AT726,5
A1. Headline series,AV726,5.253947330648836
A1. Headline series,AZ726,1.005272353293484
A1. Headline series,BA726,4.551661200000001
A1. Headline series,BB726,81.94602734932045
A1. Headline series,BH726,12.858078525767052
A1. Headline series,BI726,12.053170719771138
A1. Headline series,BJ726,36.669794870988234
A1. Headline series,BS726,-12.599999999999994
A1. Headline series,BT726,-3.333810173620901
A1. Headline series,BU726,595.6062951614443
A1. Headline series,BV726,157.59034335570453
A1. Headline series,BW726,183.46521809822679
A1. Headline series,BX726,573.1024854863172
A1. Headline series,BY726,395.4078746149172
A1. Headline series,CB726,7.2017470703125
A1. Headline series,CC726,2.2183615379434607
A1. Headline series,A727,1805
A1. Headline series,B727,26023.070193918622
A1. Headline series,C727,6.066678432051148
A1. Headline series,D727,22688.90615252363
A1. Headline series,E727,6.066678432051162
A1. Headline series,F727,13.248188179379436
A1. Headline series,G727,6.04598427113234
A1. Headline series,H727,21248.50519780492
A1. Headline series,I727,6.048989530108997
A1. Headline series,J727,18517.241713495525
A1. Headline series,K727,6.048989530108997
A1. Headline series,L727,1.4849159010499384
A1. Headline series,M727,6.066678432051148
A1. Headline series,N727,0.715928936713822
A1. Headline series,T727,923.5538644912091
A1. Headline series,U727,1036.3910094159173
A1. Headline series,V727,300.87747238187427
A1. Headline series,W727,366.6219227812475
A1. Headline series,X727,411.6620476205694
A1. Headline series,Y727,12280.043947056763
A1. Headline series,Z727,9092.471
A1. Headline series,AA727,5993.956466313787
A1. Headline series,AB727,5.950292892271694
A1. Headline series,AC727,66.36692370687526
A1. Headline series,AD727,1841.0011445438674
A1. Headline series,AE727,3.5674235941404904
A1. Headline series,AI727,1.4088342384248114
A1. Headline series,AJ727,6.439438106978088
A1. Headline series,AK727,5.35941545672667
A1. Headline series,AL727,120.15187400513739
A1. Headline series,AN727,0.5608422662724436
A1. Headline series,AO727,1.4570579004214368
A1. Headline series,AP727,12.275862068965523
A1. Headline series,AQ727,48.088673949629765
A1. Headline series,AR727,2.0127692595617734
A1. Headline series,AS727,5
A1. Headline series,AT727,5
A1. Headline series,AV727,5.069307022046012
A1. Headline series,AZ727,1.0978929184767683
A1. Headline series,BA727,4.34744821
A1. Headline series,BB727,88.49657942069341
A1. Headline series,BH727,13.410287591471151
A1. Headline series,BI727,12.842027591055722
A1. Headline series,BJ727,35.13701796401149
A1. Headline series,BS727,-16.400000000000006
A1. Headline series,BT727,-3.983850368231164
A1. Headline series,BU727,623.6136729101526
A1. Headline series,BV727,151.48680246689628
A1. Headline series,BW727,175.67256612522746
A1. Headline series,BX727,596.3432118281111
A1. Headline series,BY727,426.2594409738093
A1. Headline series,CB727,2.476705078125
A1. Headline series,CC727,0.6976901814535525
A1. Headline series,A728,1806
A1. Headline series,B728,25922.299207009615
A1. Headline series,C728,-0.38723711751948997
A1. Headline series,D728,22601.04628634189
A1. Headline series,E728,-0.38723711751948997
A1. Headline series,F728,13.201523198417114
A1. Headline series,G728,-0.352236700826424
A1. Headline series,H728,21159.2228614401
A1. Headline series,I728,-0.42018172823773625
A1. Headline series,J728,18439.4356472418
A1. Headline series,K728,-0.42018172823773625
A1. Headline series,L728,1.479165755517124
A1. Headline series,M728,-0.38723711751948997
A1. Headline series,N728,-1.14271737070761
A1. Headline series,T728,1001.2405841507135
A1. Headline series,U728,1028.603229423692
A1. Headline series,V728,304.7954653170159
A1. Headline series,W728,371.5414304954829
A1. Headline series,X728,417.4502085376936
A1. Headline series,Y728,12460.598530967985
A1. Headline series,Z728,9232.495
A1. Headline series,AA728,6052.610427541248
A1. Headline series,AB728,6.263483534798643
A1. Headline series,AC728,66.38546095248503
A1. Headline series,AD728,1867.8258909596907
A1. Headline series,AE728,-1.5949633422668188
A1. Headline series,AI728,1.433288874294819
A1. Headline series,AJ728,6.223696160352476
A1. Headline series,AK728,5.1016407645799084
A1. Headline series,AL728,121.99401031062136
A1. Headline series,AN728,0.5661806305090794
A1. Headline series,AO728,1.4015679803808168
A1. Headline series,AP728,-3.8083538083538144
A1. Headline series,AQ728,50.468420918755456
A1. Headline series,AR728,1.987280256947721
A1. Headline series,AS728,5
A1. Headline series,AT728,5
A1. Headline series,AV728,4.887436381493852
A1. Headline series,AZ728,1.1837363968490273
A1. Headline series,BA728,4.4328835
A1. Headline series,BB728,83.28031736704635
A1. Headline series,BH728,11.475849474801784
A1. Headline series,BI728,10.946148472399173
A1. Headline series,BJ728,33.69769605703475
A1. Headline series,BS728,-12.800000000000004
A1. Headline series,BT728,-3.0662339455614935
A1. Headline series,BU728,645.2188555780497
A1. Headline series,BV728,154.56187166326202
A1. Headline series,BW728,179.38617863936253
A1. Headline series,BX728,625.6182562434859
A1. Headline series,BY728,451.9584258880337
A1. Headline series,CB728,8.312154296875
A1. Headline series,CC728,2.310976473620419
A1. Headline series,A729,1807
A1. Headline series,B729,27615.572365919234
A1. Headline series,C729,6.532110232150032
A1. Headline series,D729,24077.37154338499
A1. Headline series,E729,6.532110232150018
A1. Headline series,F729,14.062255653104597
A1. Headline series,G729,6.519948052590522
A1. Headline series,H729,22537.05408657451
A1. Headline series,I729,6.511728876608828
A1. Headline series,J729,19640.161702966943
A1. Headline series,K729,6.511728876608814
A1. Headline series,L729,1.575786493183717
A1. Headline series,M729,6.5321102321500035
A1. Headline series,N729,3.7439863257519
A1. Headline series,T729,991.6041843334596
A1. Headline series,U729,1106.5098270305223
A1. Headline series,V729,326.1337056050271
A1. Headline series,W729,397.3742546313211
A1. Headline series,X729,445.43634256027934
A1. Headline series,Y729,12636.442458259962
A1. Headline series,Z729,9367.758
A1. Headline series,AA729,6244.716572951228
A1. Headline series,AB729,4.4862816042112446
A1. Headline series,AC729,66.40400337581673
A1. Headline series,AD729,1895.0414937432001
A1. Headline series,AE729,4.071423955562142
A1. Headline series,AI729,1.4389499133529684
A1. Headline series,AJ729,5.886209141296555
A1. Headline series,AK729,5.012189326508355
A1. Headline series,AL729,117.43788508079103
A1. Headline series,AN729,0.5690068233402394
A1. Headline series,AO729,1.3899329971464933
A1. Headline series,AP729,-0.8301404853128957
A1. Headline series,AQ729,51.14491782197914
A1. Headline series,AR729,1.9390112278428508
A1. Headline series,AS729,5
A1. Headline series,AT729,5
A1. Headline series,AV729,4.765769001373733
A1. Headline series,AZ729,1.2300467310905705
A1. Headline series,BA729,4.425488765000001
A1. Headline series,BB729,87.16269984900684
A1. Headline series,BH729,11.282032785441842
A1. Headline series,BI729,10.743101771118704
A1. Headline series,BJ729,31.734976150058003
A1. Headline series,BS729,-8.5
A1. Headline series,BT729,-1.9082412429896702
A1. Headline series,BU729,658.8057661239793
A1. Headline series,BV729,147.9012157690805
A1. Headline series,BW729,171.13704143961857
A1. Headline series,BX729,646.5347722447164
A1. Headline series,BY729,469.22929122330993
A1. Headline series,CB729,1.07343896484375
A1. Headline series,CC729,0.2788457206289767
A1. Headline series,A730,1808
A1. Headline series,B730,26329.149086099853
A1. Headline series,C730,-4.658325609817794
A1. Headline series,D730,22955.76917860851
A1. Headline series,E730,-4.658325609817794
A1. Headline series,F730,13.418621054204145
A1. Headline series,G730,-4.577036677315363
A1. Headline series,H730,21476.882359921685
A1. Headline series,I730,-4.7041273565757535
A1. Headline series,J730,18716.26348342196
A1. Headline series,K730,-4.7041273565757535
A1. Headline series,L730,1.5023812274156902
A1. Headline series,M730,-4.658325609817808
A1. Headline series,N730,-2.41597314372503
A1. Headline series,T730,999.830254031676
A1. Headline series,U730,811.6115242285535
A1. Headline series,V730,318.12819237381996
A1. Headline series,W730,387.97623335844423
A1. Headline series,X730,435.9495847399986
A1. Headline series,Y730,12804.580498034169
A1. Headline series,Z730,9498.47
A1. Headline series,AA730,6217.400568302687
A1. Headline series,AB730,6.036406745544107
A1. Headline series,AC730,66.42255097831654
A1. Headline series,AD730,1922.653647960366
A1. Headline series,AE730,-5.062618230161084
A1. Headline series,AI730,1.4735616107064828
A1. Headline series,AJ730,5.711614821741941
A1. Headline series,AK730,5.839378124059961
A1. Headline series,AL730,97.8120392342534
A1. Headline series,AN730,0.5708909518943462
A1. Headline series,AO730,1.4642178901040972
A1. Headline series,AP730,5.344494526722471
A1. Headline series,AQ730,48.71091943156602
A1. Headline series,AR730,2.135535132055539
A1. Headline series,AS730,5
A1. Headline series,AT730,5
A1. Headline series,AV730,4.522149516007191
A1. Headline series,AZ730,1.2616732567251236
A1. Headline series,BA730,4.6259143125
A1. Headline series,BB730,88.32960806509358
A1. Headline series,BH730,11.123741783677175
A1. Headline series,BI730,10.455253584192645
A1. Headline series,BJ730,31.74189224308126
A1. Headline series,BS730,-9.799999999999997
A1. Headline series,BT730,-2.2479663573586706
A1. Headline series,BU730,669.9910768140002
A1. Headline series,BV730,153.68544902126342
A1. Headline series,BW730,178.3869916388575
A1. Headline series,BX730,659.1008494573126
A1. Headline series,BY730,518.799595179012
A1. Headline series,CB730,3.993160888671875
A1. Headline series,CC730,1.0631902165734004
A1. Headline series,A731,1809
A1. Headline series,B731,27156.433031329943
A1. Headline series,C731,3.142083865014996
A1. Headline series,D731,23677.058698059656
A1. Headline series,E731,3.1420838650150102
A1. Headline series,F731,13.843214068981734
A1. Headline series,G731,3.1642075073322076
A1. Headline series,H731,22145.28124381116
A1. Headline series,I731,3.112178353860074
A1. Headline series,J731,19298.746984204437
A1. Headline series,K731,3.112178353860088
A1. Headline series,L731,1.5495873055533333
A1. Headline series,M731,3.1420838650150387
A1. Headline series,N731,-0.6755354607755439
A1. Headline series,T731,1358.625183640935
A1. Headline series,U731,952.9415220899648
A1. Headline series,V731,348.1391222469679
A1. Headline series,W731,424.2574515911648
A1. Headline series,X731,475.1019653486927
A1. Headline series,Y731,12976.01749799878
A1. Headline series,Z731,9623.669
A1. Headline series,AA731,6289.562360884872
A1. Headline series,AB731,6.010566401683191
A1. Headline series,AC731,66.4411037614311
A1. Headline series,AD731,1950.6681316584588
A1. Headline series,AE731,1.833113422727035
A1. Headline series,AI731,1.5622723761316728
A1. Headline series,AJ731,5.724670277503752
A1. Headline series,AK731,6.510714469363245
A1. Headline series,AL731,87.92691346612888
A1. Headline series,AN731,0.5840798517730935
A1. Headline series,AO731,1.5957827005229863
A1. Headline series,AP731,8.985330073349644
A1. Headline series,AQ731,45.727488433875905
A1. Headline series,AR731,2.2900699063581222
A1. Headline series,AS731,5
A1. Headline series,AT731,5
A1. Headline series,AV731,4.384041092304964
A1. Headline series,AZ731,1.3497757984676586
A1. Headline series,BA731,4.569583635000001
A1. Headline series,BB731,97.08848328023603
A1. Headline series,BH731,11.123241912637823
A1. Headline series,BI731,10.530363843770429
A1. Headline series,BJ731,30.783325336104518
A1. Headline series,BS731,-12.299999999999997
A1. Headline series,BT731,-2.5889179370101383
A1. Headline series,BU731,681.8490283420738
A1. Headline series,BV731,143.5163560819292
A1. Headline series,BW731,165.85060994109767
A1. Headline series,BX731,669.9009934806668
A1. Headline series,BY731,531.140580717718
A1. Headline series,CB731,6.63177685546875
A1. Headline series,CC731,1.6130905680794652
A1. Headline series,A732,1810
A1. Headline series,B732,28906.349033490827
A1. Headline series,C732,6.443835978539724
A1. Headline series,D732,25202.769525105192
A1. Headline series,E732,6.44383597853971
A1. Headline series,F732,14.735406576768277
A1. Headline series,G732,6.444980936801841
A1. Headline series,H732,23566.891103459915
A1. Headline series,I732,6.4194707847571095
A1. Headline series,J732,20537.624408679636
A1. Headline series,K732,6.419470784757124
A1. Headline series,L732,1.649440169867463
A1. Headline series,M732,6.44383597853971
A1. Headline series,N732,4.25967998054815
A1. Headline series,T732,1309.9873895223718
A1. Headline series,U732,1270.30210747026
A1. Headline series,V732,383.962337926925
A1. Headline series,W732,467.5665129325724
A1. Headline series,X732,521.8706336313235
A1. Headline series,Y732,13144.758385764308
A1. Headline series,Z732,9737.937
A1. Headline series,AA732,6455.050773646415
A1. Headline series,AB732,4.51777592891821
A1. Headline series,AC732,66.45966172660741
A1. Headline series,AD732,1979.0908070751764
A1. Headline series,AE732,4.292432435320667
A1. Headline series,AI732,1.6175218544232304
A1. Headline series,AJ732,5.73581869496739
A1. Headline series,AK732,6.082638679792259
A1. Headline series,AL732,94.29819847795538
A1. Headline series,AN732,0.5972687516518408
A1. Headline series,AO732,1.6145776734399706
A1. Headline series,AP732,1.1777902411665906
A1. Headline series,AQ732,46.21572037980014
A1. Headline series,AR732,2.2670436093106447
A1. Headline series,AS732,5
A1. Headline series,AT732,5
A1. Headline series,AV732,4.408540849465871
A1. Headline series,AZ732,1.3588119486489594
A1. Headline series,BA732,4.299209565
A1. Headline series,BB732,92.41977172790044
A1. Headline series,BH732,11.940715669224792
A1. Headline series,BI732,10.37091790255695
A1. Headline series,BJ732,29.605954429127774
A1. Headline series,BS732,-8.599999999999994
A1. Headline series,BT732,-1.6479179792430094
A1. Headline series,BU732,688.4651446811936
A1. Headline series,BV732,131.92256860491622
A1. Headline series,BW732,151.79886976385092
A1. Headline series,BX732,682.4306116754071
A1. Headline series,BY732,540.556012910257
A1. Headline series,CB732,-7.21307421875
A1. Headline series,CC732,-1.5904022482300864
A1. Headline series,A733,1811
A1. Headline series,B733,28607.074750363572
A1. Headline series,C733,-1.0353237026942423
A1. Headline series,D733,24941.83927847638
A1. Headline series,E733,-1.0353237026942423
A1. Headline series,F733,14.590409292412652
A1. Headline series,G733,-0.9840059967142594
A1. Headline series,H733,23314.03827971505
A1. Headline series,I733,-1.072915483993313
A1. Headline series,J733,20317.27305635452
A1. Headline series,K733,-1.0729154839933273
A1. Headline series,L733,1.6323631248270654
A1. Headline series,M733,-1.0353237026942281
A1. Headline series,N733,1.96885096944503
A1. Headline series,T733,908.1941290647237
A1. Headline series,U733,739.5952493292347
A1. Headline series,V733,366.85242901969957
A1. Headline series,W733,447.2090197381457
A1. Headline series,X733,500.5731087978283
A1. Headline series,Y733,13320.808170160592
A1. Headline series,Z733,9863.959
A1. Headline series,AA733,6452.430821480117
A1. Headline series,AB733,5.611570760372326
A1. Headline series,AC733,66.4782248752929
A1. Headline series,AD733,2008.3801522456984
A1. Headline series,AE733,-1.65585017193071
A1. Headline series,AI733,1.5632811940426101
A1. Headline series,AJ733,5.523189414548725
A1. Headline series,AK733,5.600846957877495
A1. Headline series,AL733,98.61346785740062
A1. Headline series,AN733,0.5988388587802631
A1. Headline series,AO733,1.6405326360396155
A1. Headline series,AP733,1.6075388026607556
A1. Headline series,AQ733,45.604109061056434
A1. Headline series,AR733,2.1480949304450707
A1. Headline series,AS733,5
A1. Headline series,AT733,5
A1. Headline series,AV733,4.674168462066746
A1. Headline series,AZ733,1.2774865453673505
A1. Headline series,BA733,3.816461625000001
A1. Headline series,BB733,78.05683890732904
A1. Headline series,BH733,12.069027922052634
A1. Headline series,BI733,10.150791531737527
A1. Headline series,BJ733,28.328589522151034
A1. Headline series,BS733,-16.299999999999997
A1. Headline series,BT733,-3.25626760877066
A1. Headline series,BU733,703.4839121185635
A1. Headline series,BV733,140.53569793392296
A1. Headline series,BW733,162.30882589489343
A1. Headline series,BX733,688.7642280145269
A1. Headline series,BY733,541.924858894006
A1. Headline series,CB733,0.30856298828125
A1. Headline series,CC733,0.07119209903709733
A1. Headline series,A734,1812
A1. Headline series,B734,27429.26261664757
A1. Headline series,C734,-4.117205775123978
A1. Headline series,D734,23914.93243128081
A1. Headline series,E734,-4.117205775123978
A1. Headline series,F734,13.99787691107397
A1. Headline series,G734,-4.0611087013632385
A1. Headline series,H734,22345.20269437619
A1. Headline series,I734,-4.155588893331355
A1. Headline series,J734,19472.970713796847
A1. Headline series,K734,-4.155588893331355
A1. Headline series,L734,1.565155375980691
A1. Headline series,M734,-4.117205775123992
A1. Headline series,N734,-3.4529625365109498
A1. Headline series,T734,1203.8178711463313
A1. Headline series,U734,948.0222573063901
A1. Headline series,V734,373.05593111174755
A1. Headline series,W734,454.8631919634387
A1. Headline series,X734,509.08133638361835
A1. Headline series,Y734,13525.171942575487
A1. Headline series,Z734,9988.059
A1. Headline series,AA734,6375.9915993185605
A1. Headline series,AB734,7.664753856470295
A1. Headline series,AC734,66.4967932089354
A1. Headline series,AD734,2038.1029619836095
A1. Headline series,AE734,-4.068602387945943
A1. Headline series,AI734,1.6583135985849278
A1. Headline series,AJ734,5.124124454797199
A1. Headline series,AK734,6.005105887365519
A1. Headline series,AL734,85.32946047759347
A1. Headline series,AN734,0.6123417800846949
A1. Headline series,AO734,1.821322375526796
A1. Headline series,AP734,11.020185488270585
A1. Headline series,AQ734,42.00354499519733
A1. Headline series,AR734,2.418869407489995
A1. Headline series,AS734,5
A1. Headline series,AT734,5
A1. Headline series,AV734,5.0129637503344595
A1. Headline series,AZ734,1.1690526861819437
A1. Headline series,BA734,3.61615982
A1. Headline series,BB734,81.09145836268685
A1. Headline series,BH734,13.083373862687157
A1. Headline series,BI734,10.78710018600396
A1. Headline series,BJ734,26.90581461517429
A1. Headline series,BS734,-24.5
A1. Headline series,BT734,-4.812590493700209
A1. Headline series,BU734,734.6910190406057
A1. Headline series,BV734,144.31702098129546
A1. Headline series,BW734,166.6507861265698
A1. Headline series,BX734,704.3523287852302
A1. Headline series,BY734,522.494736996018
A1. Headline series,CB734,-9.5209228515625
A1. Headline series,CC734,-2.1596415863845198
A1. Headline series,A735,1813
A1. Headline series,B735,28918.60606841934
A1. Headline series,C735,5.429761173630112
A1. Headline series,D735,25213.45614713437
A1. Headline series,E735,5.429761173630112
A1. Headline series,F735,14.754524958479516
A1. Headline series,G735,5.405448642050487
A1. Headline series,H735,23554.7935760887
A1. Headline series,I735,5.413201653422192
A1. Headline series,J735,20527.08188644652
A1. Headline series,K735,5.413201653422192
A1. Headline series,L735,1.650139574892675
A1. Headline series,M735,5.429761173630112
A1. Headline series,N735,0.6011978206308
A1. Headline series,T735,1611.88135705225
A1. Headline series,U735,1109.9030803562962
A1. Headline series,V735,401.5713550936705
A1. Headline series,W735,489.3989795301258
A1. Headline series,X735,546.4337927122559
A1. Headline series,Y735,13741.854878315648
A1. Headline series,Z735,10140.77
A1. Headline series,AA735,6462.50223004823
A1. Headline series,AB735,7.543617189796973
A1. Headline series,AC735,66.51536672898315
A1. Headline series,AD735,2068.265651301951
A1. Headline series,AE735,4.012633549068179
A1. Headline series,AI735,1.6923325362648638
A1. Headline series,AJ735,5.567261215985776
A1. Headline series,AK735,6.6089443783059325
A1. Headline series,AL735,84.23828220223015
A1. Headline series,AN735,0.611713737233326
A1. Headline series,AO735,1.8329573587611194
A1. Headline series,AP735,0.6388206388206328
A1. Headline series,AQ735,41.69411383189638
A1. Headline series,AR735,2.4955826858888077
A1. Headline series,AS735,5
A1. Headline series,AT735,5
A1. Headline series,AV735,5.113227864662373
A1. Headline series,AZ735,1.1057995939827274
A1. Headline series,BA735,3.74971422
A1. Headline series,BB735,70.51050201350739
A1. Headline series,BH735,12.578019503631035
A1. Headline series,BI735,10.592163501300108
A1. Headline series,BJ735,25.86359870819755
A1. Headline series,BS735,-36.39999999999999
A1. Headline series,BT735,-6.661374257131221
A1. Headline series,BU735,816.6083666259615
A1. Headline series,BV735,149.44324042857568
A1. Headline series,BW735,172.03897258451522
A1. Headline series,BX735,736.6162690406057
A1. Headline series,BY735,554.6463580031486
A1. Headline series,CB735,-8.887591796875
A1. Headline series,CC735,-1.8723934556321877
A1. Headline series,A736,1814
A1. Headline series,B736,28278.928991622
A1. Headline series,C736,-2.211991391576433
A1. Headline series,D736,24655.736667640853
A1. Headline series,E736,-2.2119913915764613
A1. Headline series,F736,14.433500395069514
A1. Headline series,G736,-2.1757702421012795
A1. Headline series,H736,23026.023580063764
A1. Headline series,I736,-2.2448509018636003
A1. Headline series,J736,20066.279503592345
A1. Headline series,K736,-2.2448509018636003
A1. Headline series,L736,1.6136386295470528
A1. Headline series,M736,-2.211991391576447
A1. Headline series,N736,-2.89629486186724
A1. Headline series,T736,1564.6897531780078
A1. Headline series,U736,1109.27626552338
A1. Headline series,V736,382.97128423196284
A1. Headline series,W736,467.2775222009029
A1. Headline series,X736,523.4555804743065
A1. Headline series,Y736,13958.8622379897
A1. Headline series,Z736,10274.05
A1. Headline series,AA736,6406.764632121247
A1. Headline series,AB736,9.292887867855386
A1. Headline series,AC736,66.53394543688478
A1. Headline series,AD736,2098.874730152069
A1. Headline series,AE736,-2.346273524179686
A1. Headline series,AI736,1.6523876216788123
A1. Headline series,AJ736,5.923290970169206
A1. Headline series,AK736,6.922215836870355
A1. Headline series,AL736,85.56929037981604
A1. Headline series,AN736,0.6029211373141611
A1. Headline series,AO736,1.646797627011943
A1. Headline series,AP736,-10.156250000000014
A1. Headline series,AQ736,45.74031521885035
A1. Headline series,AR736,2.2711070734954943
A1. Headline series,AS736,5
A1. Headline series,AT736,5
A1. Headline series,AV736,4.522026389627191
A1. Headline series,AZ736,1.1611460496570416
A1. Headline series,BA736,4.239822084999999
A1. Headline series,BB736,65.18272804983009
A1. Headline series,BH736,12.347349407638122
A1. Headline series,BI736,10.457265981456683
A1. Headline series,BJ736,24.455731801220807
A1. Headline series,BS736,-35
A1. Headline series,BT736,-6.68633620608004
A1. Headline series,BU736,844.1415563288793
A1. Headline series,BV736,161.26326431824398
A1. Headline series,BW736,186.4415863144979
A1. Headline series,BX736,822.3206999592948
A1. Headline series,BY736,616.1404129899788
A1. Headline series,CB736,-7.4226298828125
A1. Headline series,CC736,-1.6394014482540094
A1. Headline series,A737,1815
A1. Headline series,B737,31298.89059836048
A1. Headline series,C737,10.679193712156433
A1. Headline series,D737,27288.770547537402
A1. Headline series,E737,10.679193712156433
A1. Headline series,F737,15.964422974363822
A1. Headline series,G737,10.606731128211095
A1. Headline series,H737,25484.241288879708
A1. Headline series,I737,10.67582381416608
A1. Headline series,J737,22208.520149453983
A1. Headline series,K737,10.675823814166094
A1. Headline series,L737,1.7859622246105689
A1. Headline series,M737,10.679193712156433
A1. Headline series,N737,5.94307010573073
A1. Headline series,T737,1791.3454175946576
A1. Headline series,U737,1213.8509367806837
A1. Headline series,V737,395.20079704836223
A1. Headline series,W737,482.2057148189169
A1. Headline series,X737,539.7837868666998
A1. Headline series,Y737,14191.199368914235
A1. Headline series,Z737,10458.06
A1. Headline series,AA737,6796.161715000929
A1. Headline series,AB737,5.138414272866588
A1. Headline series,AC737,66.55252933408934
A1. Headline series,AD737,2129.936804828649
A1. Headline series,AE737,6.509126220224676
A1. Headline series,AI737,1.540647945023892
A1. Headline series,AJ737,5.043584731939013
A1. Headline series,AK737,5.95417869446504
A1. Headline series,AL737,84.70664034029565
A1. Headline series,AN737,0.5765433375566665
A1. Headline series,AO737,1.40962296877381
A1. Headline series,AP737,-14.402173913043484
A1. Headline series,AQ737,51.098466430201384
A1. Headline series,AR737,1.9200483949802234
A1. Headline series,AS737,5
A1. Headline series,AT737,5
A1. Headline series,AV737,5.035590302407653
A1. Headline series,AZ737,1.0775616063937916
A1. Headline series,BA737,4.9044337875
A1. Headline series,BB737,73.58813370184602
A1. Headline series,BH737,13.863083911010095
A1. Headline series,BI737,11.514103812780412
A1. Headline series,BJ737,21.998503894244063
A1. Headline series,BS737,-20.400000000000006
A1. Headline series,BT737,-3.779290985825369
A1. Headline series,BU737,888.7170135240912
A1. Headline series,BV737,164.6431469686882
A1. Headline series,BW737,190.16858216030317
A1. Headline series,BX737,844.5183896622127
A1. Headline series,BY737,666.9114469118524
A1. Headline series,CB737,3.03101708984375
A1. Headline series,CC737,0.6485801596096137
A1. Headline series,A738,1816
A1. Headline series,B738,29659.64704307589
A1. Headline series,C738,-5.237385491773509
A1. Headline series,D738,25859.55243799732
A1. Headline series,E738,-5.2373854917734946
A1. Headline series,F738,15.13632204248169
A1. Headline series,G738,-5.1871648177445735
A1. Headline series,H738,24140.25757876253
A1. Headline series,I738,-5.2737834918540045
A1. Headline series,J738,21037.29088002701
A1. Headline series,K738,-5.2737834918540045
A1. Headline series,L738,1.6924244981702599
A1. Headline series,M738,-5.23738549177348
A1. Headline series,N738,-0.779471835248424
A1. Headline series,T738,1540.5040705227516
A1. Headline series,U738,1044.4752726468955
A1. Headline series,V738,350.45215133350405
A1. Headline series,W738,428.46717999276433
A1. Headline series,X738,482.4956002784096
A1. Headline series,Y738,14429.871706542977
A1. Headline series,Z738,10628.38
A1. Headline series,AA738,6692.830932990543
A1. Headline series,AB738,7.764939580176211
A1. Headline series,AC738,66.57111842204627
A1. Headline series,AD738,2161.4585793955366
A1. Headline series,AE738,-4.990213545439918
A1. Headline series,AI738,1.4446132125931384
A1. Headline series,AJ738,4.672540709310894
A1. Headline series,AK738,4.941762886511604
A1. Headline series,AL738,94.55210249088347
A1. Headline series,AN738,0.5680647590631862
A1. Headline series,AO738,1.5438727753236967
A1. Headline series,AP738,9.523809523809518
A1. Headline series,AQ738,45.9690167949446
A1. Headline series,AR738,1.7527075517314508
A1. Headline series,AS738,5
A1. Headline series,AT738,5
A1. Headline series,AV738,4.809660427841108
A1. Headline series,AZ738,0.9713867730593927
A1. Headline series,BA738,5.2235420625
A1. Headline series,BB738,93.9708351118128
A1. Headline series,BH738,13.581904566310365
A1. Headline series,BI738,11.487129309697469
A1. Headline series,BJ738,19.91212798726732
A1. Headline series,BS738,-2.0999999999999943
A1. Headline series,BT738,-0.43523712937242376
A1. Headline series,BU738,885.6829486089218
A1. Headline series,BV738,183.56290670792959
A1. Headline series,BW738,213.67005951001622
A1. Headline series,BX738,892.8680968574245
A1. Headline series,BY738,636.6490514254693
A1. Headline series,BZ738,19.199999999999996
A1. Headline series,CA738,3.979310897119313
A1. Headline series,CB738,19.6
A1. Headline series,CC738,4.062213207475967
A1. Headline series,A739,1817
A1. Headline series,B739,30157.901642579112
A1. Headline series,C739,1.6799073798133435
A1. Headline series,D739,26293.96896778994
A1. Headline series,E739,1.6799073798133577
A1. Headline series,F739,15.391464669791464
A1. Headline series,G739,1.6856315992332185
A1. Headline series,H739,24539.827570502788
A1. Headline series,I739,1.655201857049704
A1. Headline series,J739,21385.500509346166
A1. Headline series,K739,1.655201857049704
A1. Headline series,L739,1.7208556622127913
A1. Headline series,M739,1.6799073798133577
A1. Headline series,N739,-0.540816195011129
A1. Headline series,T739,1542.7451219967375
A1. Headline series,U739,1181.376275228623
A1. Headline series,V739,363.81245425071336
A1. Headline series,W739,444.7365708636576
A1. Headline series,X739,500.1472926355646
A1. Headline series,Y739,14659.884775919498
A1. Headline series,Z739,10801.77
A1. Headline series,AA739,6741.010086592627
A1. Headline series,AB739,8.284278693018724
A1. Headline series,AC739,66.58971270220543
A1. Headline series,AD739,2193.446857132656
A1. Headline series,AE739,0.6271662838561587
A1. Headline series,AI739,1.4746933527886645
A1. Headline series,AJ739,4.643086428304455
A1. Headline series,AK739,5.172388941845874
A1. Headline series,AL739,89.76676890519131
A1. Headline series,AN739,0.5595861805697058
A1. Headline series,AO739,1.5590877533993504
A1. Headline series,AP739,0.9855072463767982
A1. Headline series,AQ739,44.84100075487468
A1. Headline series,AR739,1.9483695089958373
A1. Headline series,AS739,5
A1. Headline series,AT739,5
A1. Headline series,AV739,3.994596353210774
A1. Headline series,AZ739,1.0414169822799535
A1. Headline series,BA739,4.60172956
A1. Headline series,BB739,88.33490038741525
A1. Headline series,BH739,19.25834902953208
A1. Headline series,BI739,12.66855561747265
A1. Headline series,BJ739,17.86333508029057
A1. Headline series,BS739,-1.1000000000000014
A1. Headline series,BT739,-0.2199352103264354
A1. Headline series,BU739,879.0076417157946
A1. Headline series,BV739,175.74975505391546
A1. Headline series,BW739,175.74975505391546
A1. Headline series,BX739,884.3116152755883
A1. Headline series,BY739,723.3841467025399
A1. Headline series,BZ739,7.999999999999993
A1. Headline series,CA739,1.5995288023740724
A1. Headline series,CB739,9.2
A1. Headline series,CC739,1.8394581227301845
A1. Headline series,A740,1818
A1. Headline series,B740,30128.193852086035
A1. Headline series,C740,-0.09850748518634589
A1. Headline series,D740,26268.067440204093
A1. Headline series,E740,-0.09850748518634589
A1. Headline series,F740,15.380190659549294
A1. Headline series,G740,-0.07324845610240516
A1. Headline series,H740,24508.25073345179
A1. Headline series,I740,-0.1286758717447185
A1. Headline series,J740,21357.98253013879
A1. Headline series,K740,-0.12867587174473272
A1. Headline series,L740,1.7191604905762585
A1. Headline series,M740,-0.09850748518634589
A1. Headline series,N740,-2.19366042013527
A1. Headline series,T740,1701.663440170956
A1. Headline series,U740,1459.3697169260665
A1. Headline series,V740,377.9829557189341
A1. Headline series,W740,462.060510481221
A1. Headline series,X740,519.2608150604133
A1. Headline series,Y740,14886.244193153894
A1. Headline series,Z740,10957.25
A1. Headline series,AA740,6780.537559452205
A1. Headline series,AB740,8.787371725065327
A1. Headline series,AC740,66.60831217601708
A1. Headline series,AD740,2225.9085420043575
A1. Headline series,AE740,-1.0788632928899737
A1. Headline series,AI740,1.5336482258103519
A1. Headline series,AJ740,4.954793403403972
A1. Headline series,AK740,5.432587092515841
A1. Headline series,AL740,91.20504317786093
A1. Headline series,AN740,0.547339344968012
A1. Headline series,AO740,1.5214978075653822
A1. Headline series,AP740,-2.4110218140068724
A1. Headline series,AQ740,44.94322296099244
A1. Headline series,AR740,2.050079248895386
A1. Headline series,AS740,5
A1. Headline series,AT740,5
A1. Headline series,AV740,3.8492505374983987
A1. Headline series,AZ740,1.2661913634878825
A1. Headline series,BA740,4.4997753225
A1. Headline series,BB740,88.12368974380081
A1. Headline series,BH740,14.477075918215503
A1. Headline series,BI740,11.92251896376101
A1. Headline series,BJ740,22.36515917331383
A1. Headline series,BS740,1.8999999999999986
A1. Headline series,BT740,0.3659047524660499
A1. Headline series,BU740,877.9834443514592
A1. Headline series,BV740,169.08332361826888
A1. Headline series,BW740,169.08332361826888
A1. Headline series,BX740,879.0076417157946
A1. Headline series,BY740,768.0934488484957
A1. Headline series,BZ740,-0.7000000000000028
A1. Headline series,CA740,-0.1348070140664401
A1. Headline series,CB740,0.8000000000000003
A1. Headline series,CC740,0.15406515893307382
A1. Headline series,A741,1819
A1. Headline series,B741,29634.01010616271
A1. Headline series,C741,-1.6402700684598415
A1. Headline series,D741,25837.20019241958
A1. Headline series,E741,-1.6402700684598415
A1. Headline series,F741,15.134972976568463
A1. Headline series,G741,-1.594373492558617
A1. Headline series,H741,24097.424835428803
A1. Headline series,I741,-1.6762758896629038
A1. Headline series,J741,20999.963818467655
A1. Headline series,K741,-1.676275889662918
A1. Headline series,L741,1.6909616156205487
A1. Headline series,M741,-1.6402700684598415
A1. Headline series,N741,-5.56364690531185
A1. Headline series,T741,1414.564984306073
A1. Headline series,U741,1190.5988001706053
A1. Headline series,V741,352.3224451624116
A1. Headline series,W741,431.33895601849565
A1. Headline series,X741,486.82587468655623
A1. Headline series,Y741,15103.95566692377
A1. Headline series,Z741,11121.51
A1. Headline series,AA741,6748.5702977436895
A1. Headline series,AB741,10.2804993771489
A1. Headline series,AC741,66.62691684493187
A1. Headline series,AD741,2258.850640149472
A1. Headline series,AE741,-2.0067471578923084
A1. Headline series,AI741,1.455553785914361
A1. Headline series,AJ741,4.5195058476727565
A1. Headline series,AK741,4.509006367819354
A1. Headline series,AL741,100.23285573354556
A1. Headline series,AN741,0.543257066434114
A1. Headline series,AO741,1.4588478978421018
A1. Headline series,AP741,-4.117647058823536
A1. Headline series,AQ741,46.52369996314048
A1. Headline series,AR741,1.8930817690262274
A1. Headline series,AS741,5
A1. Headline series,AT741,5
A1. Headline series,AV741,4.272432631012488
A1. Headline series,AZ741,1.2594142464665379
A1. Headline series,BA741,4.512798675
A1. Headline series,BB741,84.73961477811943
A1. Headline series,BH741,12.780678863574966
A1. Headline series,BI741,10.373237684839546
A1. Headline series,BJ741,22.326778266337087
A1. Headline series,BS741,0.6000000000000014
A1. Headline series,BT741,0.12324735212283294
A1. Headline series,BU741,873.1298721260836
A1. Headline series,BV741,179.3515746648121
A1. Headline series,BW741,179.3515746648121
A1. Headline series,BX741,877.9834443514592
A1. Headline series,BY741,740.1758892135784
A1. Headline series,BZ741,4.299999999999997
A1. Headline series,CA741,0.8832726902136334
A1. Headline series,CB741,5.9
A1. Headline series,CC741,1.2119322958745211
A1. Headline series,A742,1820
A1. Headline series,B742,32040.791702311417
A1. Headline series,C742,8.121687167975253
A1. Headline series,D742,27935.616765011397
A1. Headline series,E742,8.121687167975239
A1. Headline series,F742,16.358210929239632
A1. Headline series,G742,8.082194494598383
A1. Headline series,H742,26051.51822781097
A1. Headline series,I742,8.109137825836058
A1. Headline series,J742,22702.8798278829
A1. Headline series,K742,8.109137825836072
A1. Headline series,L742,1.8282962281717896
A1. Headline series,M742,8.121687167975253
A1. Headline series,N742,0.353368946644416
A1. Headline series,T742,1533.0758656836197
A1. Headline series,U742,1279.5647719541294
A1. Headline series,V742,357.25938906018786
A1. Headline series,W742,437.5203090524407
A1. Headline series,X742,493.95892229634956
A1. Headline series,Y742,15335.024999999998
A1. Headline series,Z742,11267.75
A1. Headline series,AA742,7067.841014274009
A1. Headline series,AB742,7.004760340125969
A1. Headline series,AC742,66.64552671040087
A1. Headline series,AD742,2292.2802613934714
A1. Headline series,AE742,4.731430729055803
A1. Headline series,AI742,1.3655102942443151
A1. Headline series,AJ742,4.205355174155132
A1. Headline series,AK742,4.291940565401604
A1. Headline series,AL742,97.98260507276224
A1. Headline series,AN742,0.527555995149891
A1. Headline series,AO742,1.3550280474435228
A1. Headline series,AP742,-7.116564417177898
A1. Headline series,AQ742,48.64062582717904
A1. Headline series,AR742,1.7057930106881953
A1. Headline series,AS742,5
A1. Headline series,AT742,5
A1. Headline series,AV742,4.3759269045861515
A1. Headline series,AZ742,1.2018087517851088
A1. Headline series,BA742,4.52167212
A1. Headline series,BB742,85.59780129342452
A1. Headline series,BH742,12.741069693144862
A1. Headline series,BI742,10.410733687145674
A1. Headline series,BJ742,20.016383359360344
A1. Headline series,BS742,1.5
A1. Headline series,BT742,0.30366897575747775
A1. Headline series,BU742,873.254086755622
A1. Headline series,BV742,176.78678273407422
A1. Headline series,BW742,176.78678273407422
A1. Headline series,BX742,873.1298721260836
A1. Headline series,BY742,689.8006616804623
A1. Headline series,BZ742,6.399999999999999
A1. Headline series,CA742,1.295654296565238
A1. Headline series,CB742,8.600000000000001
A1. Headline series,CC742,1.7410354610095393
A1. Headline series,A743,1821
A1. Headline series,B743,32587.444910823804
A1. Headline series,C743,1.7061164205657064
A1. Headline series,D743,28412.23090982556
A1. Headline series,E743,1.7061164205656922
A1. Headline series,F743,16.63241724448806
A1. Headline series,G743,1.676261031445037
A1. Headline series,H743,26492.33881503451
A1. Headline series,I743,1.6921109294618475
A1. Headline series,J743,23087.0377387531
A1. Headline series,K743,1.6921109294618617
A1. Headline series,L743,1.8594890903372119
A1. Headline series,M743,1.7061164205656922
A1. Headline series,N743,0.0187103263520782
A1. Headline series,T743,1621.2616455680754
A1. Headline series,U743,1194.965448188567
A1. Headline series,V743,341.81302828782066
A1. Headline series,W743,419.0917755336141
A1. Headline series,X743,474.56411914461034
A1. Headline series,Y743,15586
A1. Headline series,Z743,11456.81
A1. Headline series,AA743,7187.861500255658
A1. Headline series,AB743,6.663966875176796
A1. Headline series,AC743,66.66414177387557
A1. Headline series,AD743,2334.0039790188857
A1. Headline series,AE743,-0.048022382143585784
A1. Headline series,AI743,1.2860528853381024
A1. Headline series,AJ743,3.9256298004853356
A1. Headline series,AK743,3.866572717183145
A1. Headline series,AL743,101.52737547233342
A1. Headline series,AN743,0.5018062382437654
A1. Headline series,AO743,1.2574731880172718
A1. Headline series,AP743,-7.199471598414803
A1. Headline series,AQ743,49.855858409063636
A1. Headline series,AR743,1.4724516582552116
A1. Headline series,AS743,5
A1. Headline series,AT743,5
A1. Headline series,AV743,3.999149876504381
A1. Headline series,AZ743,1.2548961684523081
A1. Headline series,BA743,4.8207943275
A1. Headline series,BB743,87.78096922919424
A1. Headline series,BH743,13.047640948058875
A1. Headline series,BI743,10.792453978254153
A1. Headline series,BJ743,27.8618004523836
A1. Headline series,BS743,3.200000000000003
A1. Headline series,BT743,0.6743029805472696
A1. Headline series,BU743,867.8376194855242
A1. Headline series,BV743,182.87046670316738
A1. Headline series,BW743,182.87046670316738
A1. Headline series,BX743,873.254086755622
A1. Headline series,BY743,736.1582330299558
A1. Headline series,BZ743,13.499999999999993
A1. Headline series,CA743,2.8447156991837894
A1. Headline series,CB743,16
A1. Headline series,CC743,3.3715149027363447
A1. Headline series,A744,1822
A1. Headline series,B744,33216.951611012184
A1. Headline series,C744,1.9317461123786615
A1. Headline series,D744,28961.08307586617
A1. Headline series,E744,1.9317461123786757
A1. Headline series,F744,16.936864233668548
A1. Headline series,G744,1.8304434328773311
A1. Headline series,H744,27001.541359037776
A1. Headline series,I744,1.9220747083088554
A1. Headline series,J744,23530.787852027395
A1. Headline series,K744,1.9220747083088696
A1. Headline series,L744,1.8954096985499067
A1. Headline series,M744,1.9317461123786757
A1. Headline series,N744,-0.19026054183195398
A1. Headline series,T744,1655.179253215943
A1. Headline series,U744,1205.5403636592625
A1. Headline series,V744,325.21695235896243
A1. Headline series,W744,399.14484596037465
A1. Headline series,X744,452.99567987146247
A1. Headline series,Y744,15844.183105041955
A1. Headline series,Z744,11652.27
A1. Headline series,AA744,7321.149983841225
A1. Headline series,AB744,6.426419567223755
A1. Headline series,AC744,66.68276203680784
A1. Headline series,AD744,2376.4871450598325
A1. Headline series,AE744,0.08682539882993257
A1. Headline series,AI744,1.201629970849128
A1. Headline series,AJ744,3.728665761812201
A1. Headline series,AK744,3.748605951842799
A1. Headline series,AL744,99.4680638539563
A1. Headline series,AN744,0.4939557026016539
A1. Headline series,AO744,1.1608133273013534
A1. Headline series,AP744,-7.686832740213518
A1. Headline series,AQ744,53.16238962679217
A1. Headline series,AR744,1.2985846452550143
A1. Headline series,AS744,4
A1. Headline series,AT744,4.416666666666667
A1. Headline series,AV744,3.763666966288177
A1. Headline series,AZ744,1.356552923772477
A1. Headline series,BA744,4.97776246
A1. Headline series,BB744,80.7256984380509
A1. Headline series,BH744,12.244673600349396
A1. Headline series,BI744,9.922226449577447
A1. Headline series,BJ744,32.09734554540686
A1. Headline series,BS744,3.3999999999999986
A1. Headline series,BT744,0.7505590342417281
A1. Headline series,BU744,879.1832471560485
A1. Headline series,BV744,194.082037913809
A1. Headline series,BW744,194.082037913809
A1. Headline series,BX744,867.8376194855242
A1. Headline series,BY744,781.6916697776803
A1. Headline series,BZ744,12.799999999999997
A1. Headline series,CA744,2.8256340112629768
A1. Headline series,CB744,16.1
A1. Headline series,CC744,3.554117779791714
A1. Headline series,A745,1823
A1. Headline series,B745,34195.757349206244
A1. Headline series,C745,2.9467054944005184
A1. Headline series,D745,29814.48090210062
A1. Headline series,E745,2.9467054944005326
A1. Headline series,F745,17.41811791633673
A1. Headline series,G745,2.841456812953041
A1. Headline series,H745,27794.80956022699
A1. Headline series,I745,2.9378626599169877
A1. Headline series,J745,24222.09008191639
A1. Headline series,K745,2.9378626599169877
A1. Headline series,L745,1.9512618402784774
A1. Headline series,M745,2.9467054944005326
A1. Headline series,N745,0.533459755913534
A1. Headline series,T745,1641.6122101567962
A1. Headline series,U745,1409.988729426038
A1. Headline series,V745,340.1217078056599
A1. Headline series,W745,417.2716200513471
A1. Headline series,X745,472.2901221656826
A1. Headline series,Y745,16097.605793641133
A1. Headline series,Z745,11839.11
A1. Headline series,AA745,7487.793803969336
A1. Headline series,AB745,5.721922901566759
A1. Headline series,AC745,66.70138750064996
A1. Headline series,AD745,2419.743582874564
A1. Headline series,AE745,0.8458749449059327
A1. Headline series,AI745,1.2202438325613891
A1. Headline series,AJ745,3.574863801890934
A1. Headline series,AK745,3.736839027330289
A1. Headline series,AL745,95.66544814334496
A1. Headline series,AN745,0.4857911455338579
A1. Headline series,AO745,1.200193270555987
A1. Headline series,AP745,3.3924441017733358
A1. Headline series,AQ745,50.568175360487004
A1. Headline series,AR745,1.4427760561779825
A1. Headline series,AS745,4
A1. Headline series,AT745,4
A1. Headline series,AV745,3.780239142980547
A1. Headline series,AZ745,1.4333602500143825
A1. Headline series,BA745,4.799583165
A1. Headline series,BB745,90.07043398695907
A1. Headline series,BH745,13.252869361928703
A1. Headline series,BI745,10.837410388181327
A1. Headline series,BJ745,30.188017638430118
A1. Headline series,BS745,4.200000000000003
A1. Headline series,BT745,0.8892838962502405
A1. Headline series,BU745,882.5711021146919
A1. Headline series,BV745,186.87054009676703
A1. Headline series,BW745,186.87054009676703
A1. Headline series,BX745,879.1832471560485
A1. Headline series,BY745,767.372331071948
A1. Headline series,BZ745,4.199999999999989
A1. Headline series,CA745,0.8892838962502375
A1. Headline series,CB745,8.4
A1. Headline series,CC745,1.7785677925004797
A1. Headline series,A746,1824
A1. Headline series,B746,36070.86319101093
A1. Headline series,C746,5.483445863345423
A1. Headline series,D746,31449.341821804766
A1. Headline series,E746,5.4834458633454375
A1. Headline series,F746,18.353448333665632
A1. Headline series,G746,5.3698707393158855
A1. Headline series,H746,29316.88244599539
A1. Headline series,I746,5.476104747076263
A1. Headline series,J746,25548.517106733307
A1. Headline series,K746,5.476104747076278
A1. Headline series,L746,2.0582582269422653
A1. Headline series,M746,5.483445863345423
A1. Headline series,N746,3.67360579165662
A1. Headline series,T746,1817.983769925708
A1. Headline series,U746,1476.9631940737747
A1. Headline series,V746,366.04350634508194
A1. Headline series,W746,448.7600212269412
A1. Headline series,X746,506.0795239938633
A1. Headline series,Y746,16335.271222589552
A1. Headline series,Z746,12016.61
A1. Headline series,AA746,7673.72527031055
A1. Headline series,AB746,4.746283650587231
A1. Headline series,AC746,66.72001816685462
A1. Headline series,AD746,2463.7873674318685
A1. Headline series,AE746,3.2586414455788844
A1. Headline series,AI746,1.2441066875792834
A1. Headline series,AJ746,3.4781087641584434
A1. Headline series,AK746,3.512505199179563
A1. Headline series,AL746,99.02074351294473
A1. Headline series,AN746,0.4905014669191247
A1. Headline series,AO746,1.2503131983346114
A1. Headline series,AP746,4.17598806860552
A1. Headline series,AQ746,49.011768210224794
A1. Headline series,AR746,1.5049593717340022
A1. Headline series,AS746,4
A1. Headline series,AT746,4
A1. Headline series,AV746,3.2112439972721276
A1. Headline series,AZ746,1.719128684414413
A1. Headline series,BA746,4.86730524
A1. Headline series,BB746,103.29739664241896
A1. Headline series,BH746,13.085096703504826
A1. Headline series,BI746,11.319980255112368
A1. Headline series,BJ746,34.20353573145338
A1. Headline series,BS746,4.200000000000003
A1. Headline series,BT746,0.8299090954825772
A1. Headline series,BU746,872.8451091458103
A1. Headline series,BV746,172.47192738752148
A1. Headline series,BW746,172.47192738752148
A1. Headline series,BX746,882.5711021146919
A1. Headline series,BY746,853.906464257669
A1. Headline series,BZ746,8.29999999999999
A1. Headline series,CA746,1.6400584505965183
A1. Headline series,CB746,12.8
A1. Headline series,CC746,2.529246767184995
A1. Headline series,A747,1825
A1. Headline series,B747,36884.88457382244
A1. Headline series,C747,2.2567283142100365
A1. Headline series,D747,32159.06802333013
A1. Headline series,E747,2.2567283142100223
A1. Headline series,F747,18.754549362927744
A1. Headline series,G747,2.1854259862784176
A1. Headline series,H747,29973.107889683364
A1. Headline series,I747,2.2383875396601383
A1. Headline series,J747,26120.39193021837
A1. Headline series,K747,2.2383875396601667
A1. Headline series,L747,2.1047075231292283
A1. Headline series,M747,2.256728314210008
A1. Headline series,N747,3.72330703177692
A1. Headline series,T747,1709.4474254525312
A1. Headline series,U747,1847.0852355481102
A1. Headline series,V747,404.96884322867356
A1. Headline series,W747,495.937518099916
A1. Headline series,X747,556.4794362492062
A1. Headline series,Y747,16562.18259027364
A1. Headline series,Z747,12207.69
A1. Headline series,AA747,7791.578115250724
A1. Headline series,AB747,4.710140904092172
A1. Headline series,AC747,66.7386540368749
A1. Headline series,AD747,2508.6328298908556
A1. Headline series,AE747,0.597281667754575
A1. Headline series,AI747,1.3445548869953294
A1. Headline series,AJ747,3.7956454082563194
A1. Headline series,AK747,4.037453793474886
A1. Headline series,AL747,94.01086928575221
A1. Headline series,AN747,0.49803798113555175
A1. Headline series,AO747,1.3174381016095549
A1. Headline series,AP747,5.368647100930573
A1. Headline series,AQ747,47.229257771547275
A1. Headline series,AR747,1.669714374137871
A1. Headline series,AS747,5
A1. Headline series,AT747,4.083333333333333
A1. Headline series,AV747,3.3871686872048294
A1. Headline series,AZ747,1.6163424095906866
A1. Headline series,BA747,4.82957475
A1. Headline series,BB747,105.29653825260425
A1. Headline series,BH747,12.399896017443925
A1. Headline series,BI747,10.759298671033514
A1. Headline series,BJ747,41.200170824476636
A1. Headline series,BS747,3.6000000000000014
A1. Headline series,BT747,0.6469241746406288
A1. Headline series,BU747,859.9031656584893
A1. Headline series,BV747,154.52559603180052
A1. Headline series,BW747,154.52559603180052
A1. Headline series,BX747,872.8451091458103
A1. Headline series,BY747,813.4208519457782
A1. Headline series,BZ747,-8.500000000000028
A1. Headline series,CA747,-1.527459856790378
A1. Headline series,CB747,-3.0000000000000004
A1. Headline series,CC747,-0.5391034788671906
A1. Headline series,A748,1826
A1. Headline series,B748,34915.261812404504
A1. Headline series,C748,-5.339918463011259
A1. Headline series,D748,30441.80001241997
A1. Headline series,E748,-5.339918463011259
A1. Headline series,F748,17.75374571070921
A1. Headline series,G748,-5.33632471168211
A1. Headline series,H748,28361.31596575282
A1. Headline series,I748,-5.377460121462136
A1. Headline series,J748,24715.778270601266
A1. Headline series,K748,-5.377460121462121
A1. Headline series,L748,1.992317857509264
A1. Headline series,M748,-5.339918463011244
A1. Headline series,N748,-3.93217069728323
A1. Headline series,T748,1648.3957316863693
A1. Headline series,U748,1547.4626305450768
A1. Headline series,V748,354.0700230341393
A1. Headline series,W748,434.6486993051451
A1. Headline series,X748,490.9618212105468
A1. Headline series,Y748,16780.343137222284
A1. Headline series,Z748,12373.75
A1. Headline series,AA748,7589.196724323932
A1. Headline series,AB748,8.398599369342689
A1. Headline series,AC748,66.75729511216433
A1. Headline series,AD748,2554.294562264098
A1. Headline series,AE748,-4.502443144742408
A1. Headline series,AI748,1.2448673638492538
A1. Headline series,AJ748,3.2425801458910635
A1. Headline series,AK748,3.3000996491579913
A1. Headline series,AL748,98.2570373812317
A1. Headline series,AN748,0.49740993828418284
A1. Headline series,AO748,1.26015818414827
A1. Headline series,AP748,-4.347826086956502
A1. Headline series,AQ748,49.313777345323004
A1. Headline series,AR748,1.4779927457800053
A1. Headline series,AS748,5
A1. Headline series,AT748,5
A1. Headline series,AV748,3.807513153509211
A1. Headline series,AZ748,1.4868277934375869
A1. Headline series,BA748,4.92038547
A1. Headline series,BB748,102.61224120609657
A1. Headline series,BH748,12.171390103992662
A1. Headline series,BI748,10.06802130867228
A1. Headline series,BJ748,43.152409917499895
A1. Headline series,BS748,-0.8999999999999986
A1. Headline series,BT748,-0.1833136429592226
A1. Headline series,BU748,860.1874573142638
A1. Headline series,BV748,175.2045515867875
A1. Headline series,BW748,175.2045515867875
A1. Headline series,BX748,859.9031656584893
A1. Headline series,BY748,747.9021511051608
A1. Headline series,BZ748,1.29999999999999
A1. Headline series,CA748,0.26478637316331993
A1. Headline series,CB748,6.4
A1. Headline series,CC748,1.303563683265585
A1. Headline series,A749,1827
A1. Headline series,B749,37604.804807046676
A1. Headline series,C749,7.703058361964352
A1. Headline series,D749,32786.74963380915
A1. Headline series,E749,7.703058361964338
A1. Headline series,F749,19.101607635695913
A1. Headline series,G749,7.591986203641866
A1. Headline series,H749,30543.583411569827
A1. Headline series,I749,7.6945211161998515
A1. Headline series,J749,26617.53904866581
A1. Headline series,K749,7.694521116199823
A1. Headline series,L749,2.14578726482904
A1. Headline series,M749,7.703058361964324
A1. Headline series,N749,1.29582787916129
A1. Headline series,T749,1919.736592869311
A1. Headline series,U749,1787.1607145475034
A1. Headline series,V749,368.45815112677485
A1. Headline series,W749,452.2182259363637
A1. Headline series,X749,509.78356339628044
A1. Headline series,Y749,16998.756146662105
A1. Headline series,Z749,12527.84
A1. Headline series,AA749,7833.137965609035
A1. Headline series,AB749,6.591324153558949
A1. Headline series,AC749,66.7759413941768
A1. Headline series,AD749,2600.78742216564
A1. Headline series,AE749,5.03215476687134
A1. Headline series,AI749,1.202554376380179
A1. Headline series,AJ749,3.1574138391923112
A1. Headline series,AK749,3.333729855970581
A1. Headline series,AL749,94.71114864143853
A1. Headline series,AN749,0.48767527408796457
A1. Headline series,AO749,1.202878266686985
A1. Headline series,AP749,-4.545454545454547
A1. Headline series,AQ749,50.6509895616975
A1. Headline series,AR749,1.4667874354520885
A1. Headline series,AS749,4
A1. Headline series,AT749,4.5
A1. Headline series,AV749,3.584787704692068
A1. Headline series,AZ749,1.5196381628630389
A1. Headline series,BA749,4.9356882
A1. Headline series,BB749,97.4398281655449
A1. Headline series,BH749,14.985141127564626
A1. Headline series,BI749,11.099005720509915
A1. Headline series,BJ749,43.64295101052315
A1. Headline series,BS749,-1.1999999999999957
A1. Headline series,BT749,-0.23539401545341218
A1. Headline series,BU749,856.8881026395019
A1. Headline series,BV749,168.0886093954739
A1. Headline series,BW749,168.0886093954739
A1. Headline series,BX749,860.1874573142638
A1. Headline series,BY749,766.6512132954003
A1. Headline series,BZ749,-1
A1. Headline series,CA749,-0.19616167954451086
A1. Headline series,CB749,3.6
A1. Headline series,CC749,0.7061820463602391
A1. Headline series,A750,1828
A1. Headline series,B750,37720.212141385884
A1. Headline series,C750,0.30689518249428716
A1. Headline series,D750,32887.37058893178
A1. Headline series,E750,0.30689518249428716
A1. Headline series,F750,19.149476434214044
A1. Headline series,G750,0.2506008888418165
A1. Headline series,H750,30630.551201624385
A1. Headline series,I750,0.28473342136278745
A1. Headline series,J750,26693.32807828165
A1. Headline series,K750,0.28473342136278745
A1. Headline series,L750,2.152372582571376
A1. Headline series,M750,0.30689518249428716
A1. Headline series,N750,-0.615983676186937
A1. Headline series,T750,1953.6542005171787
A1. Headline series,U750,1825.9354046067194
A1. Headline series,V750,368.0915546956011
A1. Headline series,W750,451.96997538771143
A1. Headline series,X750,509.6061793713463
A1. Headline series,Y750,17238.424945080063
A1. Headline series,Z750,12727.69
A1. Headline series,AA750,7810.057550135577
A1. Headline series,AB750,8.256226926164333
A1. Headline series,AC750,66.79459288436664
A1. Headline series,AD750,2648.1265376454367
A1. Headline series,AE750,-0.2417453399271829
A1. Headline series,AI750,1.1982169498241468
A1. Headline series,AJ750,3.053238119008733
A1. Headline series,AK750,3.1796981922486713
A1. Headline series,AL750,96.02289067722789
A1. Headline series,AN750,0.48704723123659555
A1. Headline series,AO750,1.2145132499213085
A1. Headline series,AP750,0.967261904761898
A1. Headline series,AQ750,50.1011503562407
A1. Headline series,AR750,1.4241826291503406
A1. Headline series,AS750,4
A1. Headline series,AT750,4
A1. Headline series,AV750,3.5106114797527543
A1. Headline series,AZ750,1.5213650244117467
A1. Headline series,BA750,4.9283408325
A1. Headline series,BB750,103.36679950425032
A1. Headline series,BH750,14.825539563598753
A1. Headline series,BI750,10.730494751626507
A1. Headline series,BJ750,43.8842341035464
A1. Headline series,BS750,3
A1. Headline series,BT750,0.5886898788591655
A1. Headline series,BU750,851.6859849934572
A1. Headline series,BV750,167.1263064439491
A1. Headline series,BW750,167.1263064439491
A1. Headline series,BX750,856.8881026395019
A1. Headline series,BY750,780.8675351759116
A1. Headline series,BZ750,-0.6000000000000014
A1. Headline series,CA750,-0.11773797577183337
A1. Headline series,CB750,3.5
A1. Headline series,CC750,0.6868048586690264
A1. Headline series,A751,1829
A1. Headline series,B751,38040.13725404777
A1. Headline series,C751,0.8481530047145895
A1. Headline series,D751,33166.30581075343
A1. Headline series,E751,0.848153004714618
A1. Headline series,F751,19.301282584262946
A1. Headline series,G751,0.7927430839710752
A1. Headline series,H751,30883.452085548517
A1. Headline series,I751,0.8256491444095246
A1. Headline series,J751,26913.72131317441
A1. Headline series,K751,0.8256491444095104
A1. Headline series,L751,2.170627995303109
A1. Headline series,M751,0.848153004714618
A1. Headline series,N751,-2.02740624646108
A1. Headline series,T751,2102.8916741677963
A1. Headline series,U751,1804.7855736653285
A1. Headline series,V751,355.7526276248394
A1. Headline series,W751,437.2079472737658
A1. Headline series,X751,493.74439451488206
A1. Headline series,Y751,17473.352902793442
A1. Headline series,Z751,12903.03
A1. Headline series,AA751,7877.4947072881005
A1. Headline series,AB751,8.680347909079673
A1. Headline series,AC751,66.81324958418854
A1. Headline series,AD751,2696.3273121117877
A1. Headline series,AE751,-0.40619178332063455
A1. Headline series,AI751,1.1493332538573937
A1. Headline series,AJ751,2.7775982506771544
A1. Headline series,AK751,3.0373045579712845
A1. Headline series,AL751,91.44944794513474
A1. Headline series,AN751,0.48610516695954226
A1. Headline series,AO751,1.2404682125209534
A1. Headline series,AP751,2.1370670596905086
A1. Headline series,AQ751,48.957978085977224
A1. Headline series,AR751,1.4154400243889989
A1. Headline series,AS751,4
A1. Headline series,AT751,4
A1. Headline series,AV751,3.389645802171843
A1. Headline series,AZ751,1.5507216707397826
A1. Headline series,BA751,4.861937975
A1. Headline series,BB751,106.11630156218747
A1. Headline series,BH751,14.309670447582226
A1. Headline series,BI751,10.360784687042553
A1. Headline series,BJ751,44.98458919656966
A1. Headline series,BS751,1.5999999999999943
A1. Headline series,BT751,0.32405431186151284
A1. Headline series,BU751,849.8537022022817
A1. Headline series,BV751,172.1242229063253
A1. Headline series,BW751,172.1242229063253
A1. Headline series,BX751,851.6859849934572
A1. Headline series,BY751,810.4333640143664
A1. Headline series,BZ751,1.2999999999999972
A1. Headline series,CA751,0.26329412838747956
A1. Headline series,CB751,5
A1. Headline series,CC751,1.0126697245672314
A1. Headline series,A752,1830
A1. Headline series,B752,39745.32535852398
A1. Headline series,C752,4.482602397273851
A1. Headline series,D752,34653.01943011345
A1. Headline series,E752,4.4826023972738795
A1. Headline series,F752,20.150311009581742
A1. Headline series,G752,4.398818687888863
A1. Headline series,H752,32263.003030684347
A1. Headline series,I752,4.466958361113299
A1. Headline series,J752,28115.946037659985
A1. Headline series,K752,4.466958361113299
A1. Headline series,L752,2.267928617856464
A1. Headline series,M752,4.4826023972738795
A1. Headline series,N752,0.0562941117236204
A1. Headline series,O752,43279.03980013473
A1. Headline series,P752,33341.52020684193
A1. Headline series,Q752,1348.894019964547
A1. Headline series,R752,0
A1. Headline series,S752,5442.995948565478
A1. Headline series,T752,2096.1081526382227
A1. Headline series,U752,1892.909869254456
A1. Headline series,V752,369.2547914596153
A1. Headline series,W752,453.7186643186883
A1. Headline series,X752,511.40868351329107
A1. Headline series,Y752,17702.543434527382
A1. Headline series,Z752,13074.14
A1. Headline series,AA752,8104.75881157948
A1. Headline series,AB752,7.246718907595831
A1. Headline series,AC752,66.83191149509757
A1. Headline series,AD752,2745.405429343343
A1. Headline series,AE752,2.0045025125357636
A1. Headline series,AI752,1.1415648512772372
A1. Headline series,AJ752,2.8851693375973464
A1. Headline series,AK752,2.992254714622019
A1. Headline series,AL752,96.42124794719558
A1. Headline series,AN752,0.4817088669999598
A1. Headline series,AO752,1.2010882692663198
A1. Headline series,AP752,-3.1746031746031775
A1. Headline series,AQ752,50.105868155473075
A1. Headline series,AR752,1.3957383798563983
A1. Headline series,AS752,4
A1. Headline series,AT752,4
A1. Headline series,AV752,3.3943009432952596
A1. Headline series,AZ752,1.4764666241453386
A1. Headline series,BA752,4.761609405
A1. Headline series,BB752,101.52775024460477
A1. Headline series,BH752,15.987206187776017
A1. Headline series,BI752,10.96643629169386
A1. Headline series,BJ752,45.28825828959291
A1. Headline series,BS752,2.6000000000000014
A1. Headline series,BT752,0.5083996583981408
A1. Headline series,BU752,840.418684060767
A1. Headline series,BV752,164.33406611073417
A1. Headline series,BW752,164.33406611073417
A1. Headline series,BX752,849.8537022022817
A1. Headline series,BY752,791.3369782022818
A1. Headline series,BZ752,1.0999999999999943
A1. Headline series,CA752,0.215092163168443
A1. Headline series,CB752,4.1
A1. Headline series,CC752,0.8017071536278371
A1. Headline series,CD752,0.9000000000000052
A1. Headline series,CE752,0.17598449713781894
A1. Headline series,A753,1831
A1. Headline series,B753,40957.09524993041
A1. Headline series,C753,3.0488362605554755
A1. Headline series,D753,35764.752791112965
A1. Headline series,E753,3.208186124275855
A1. Headline series,F753,20.70767638715006
A1. Headline series,G753,2.766038585227207
A1. Headline series,H753,33262.24936370599
A1. Headline series,I753,3.097189471393264
A1. Headline series,J753,29031.573902425247
A1. Headline series,K753,3.256614106240008
A1. Headline series,L753,2.3406879890830163
A1. Headline series,M753,3.208186124275855
A1. Headline series,N753,0.8811155477368431
A1. Headline series,O753,44249.7394993948
A1. Headline series,P753,34049.24115462867
A1. Headline series,Q753,1608.2967161115753
A1. Headline series,R753,0.425531914893617
A1. Headline series,S753,5442.995948565478
A1. Headline series,T753,2191.077454052252
A1. Headline series,U753,2048.00862949132
A1. Headline series,V753,363.33365053566115
A1. Headline series,W753,446.54542069600376
A1. Headline series,X753,503.01209575171515
A1. Headline series,Y753,17941
A1. Headline series,Z753,13254.05
A1. Headline series,AA753,8289.39788643109
A1. Headline series,AB753,6.381179236506981
A1. Headline series,AC753,66.69761806890644
A1. Headline series,AD753,2820.695090214479
A1. Headline series,AE753,0.9555715846584931
A1. Headline series,AI753,1.0902760998334287
A1. Headline series,AJ753,2.7601155582587626
A1. Headline series,AK753,3.067443660723924
A1. Headline series,AL753,89.98096993922844
A1. Headline series,AN753,0.48453505983112
A1. Headline series,AO753,1.216303247341974
A1. Headline series,AP753,1.2667660208643952
A1. Headline series,AQ753,49.769378427820044
A1. Headline series,AR753,1.408175042967602
A1. Headline series,AS753,4
A1. Headline series,AT753,4
A1. Headline series,AV753,3.7153849668729446
A1. Headline series,AZ753,1.4039384390996026
A1. Headline series,BA753,4.8601425525
A1. Headline series,BB753,111.95421373027078
A1. Headline series,BH753,15.47655993068824
A1. Headline series,BI753,10.574622507990968
A1. Headline series,BJ753,45.654665382616166
A1. Headline series,BS753,-0.8999999999999986
A1. Headline series,BT753,-0.17892213877183485
A1. Headline series,BU753,838.1002310500286
A1. Headline series,BV753,166.61631760515587
A1. Headline series,BW753,166.61631760515587
A1. Headline series,BX753,840.418684060767
A1. Headline series,BY753,691.9323100607669
A1. Headline series,BZ753,-3.799999999999997
A1. Headline series,CA753,-0.75544903036997
A1. Headline series,CB753,-1.1
A1. Headline series,CC753,-0.21868261405446518
A1. Headline series,CD753,1.8999999999999937
A1. Headline series,CE753,0.377724515184984
A1. Headline series,A754,1832
A1. Headline series,B754,41179.566075602226
A1. Headline series,C754,0.5431801848110638
A1. Headline series,D754,35914.14667707925
A1. Headline series,E754,0.41771262012862564
A1. Headline series,F754,20.86695544020844
A1. Headline series,G754,0.7691787822086127
A1. Headline series,H754,33414.010575922046
A1. Headline series,I754,0.45625661258391403
A1. Headline series,J754,29127.638660367447
A1. Headline series,K754,0.33089751959391833
A1. Headline series,L754,2.350465338211251
A1. Headline series,M754,0.41771262012861143
A1. Headline series,N754,-1.0537894170348099
A1. Headline series,O754,45794.746690890584
A1. Headline series,P754,34127.87681549386
A1. Headline series,Q754,1193.25240227633
A1. Headline series,R754,-0.6109979633401222
A1. Headline series,S754,5637.388661014245
A1. Headline series,T754,2360.66549229159
A1. Headline series,U754,1766.0108836061127
A1. Headline series,V754,361.05668935338394
A1. Headline series,W754,444.3768572829703
A1. Headline series,X754,502.5835103228574
A1. Headline series,Y754,18143.24785784269
A1. Headline series,Z754,13394.34
A1. Headline series,AA754,8217.498890375588
A1. Headline series,AB754,8.395957987901722
A1. Headline series,AC754,66.5635944947054
A1. Headline series,AD754,2898.049485486416
A1. Headline series,AE754,-0.011944796493178034
A1. Headline series,AI754,1.0791198150731645
A1. Headline series,AJ754,2.555995787769356
A1. Headline series,AK754,3.0121917539511776
A1. Headline series,AL754,84.85501576772408
A1. Headline series,AN754,0.4861051669595423
A1. Headline series,AO754,1.17334330924601
A1. Headline series,AP754,-3.532008830022093
A1. Headline series,AQ754,51.75877774764641
A1. Headline series,AR754,1.351286544379719
A1. Headline series,AS754,4
A1. Headline series,AT754,4
A1. Headline series,AV754,3.609609160239296
A1. Headline series,AZ754,1.4954621011811264
A1. Headline series,BA754,4.8576836425
A1. Headline series,BB754,108.98577719742778
A1. Headline series,BH754,15.75584022121171
A1. Headline series,BI754,9.89364999671026
A1. Headline series,BJ754,46.19029547563943
A1. Headline series,BS754,0.5
A1. Headline series,BT754,0.0994859540216117
A1. Headline series,BU754,838.1444540412122
A1. Headline series,BV754,166.76720123642573
A1. Headline series,BW754,166.76720123642573
A1. Headline series,BX754,838.1002310500286
A1. Headline series,BY754,703.3088110500286
A1. Headline series,BZ754,4.499999999999986
A1. Headline series,CA754,0.8953735861945025
A1. Headline series,CB754,7.3
A1. Headline series,CC754,1.4524949287155307
A1. Headline series,CD754,6.300000000000007
A1. Headline series,CE754,1.2535230206723087
A1. Headline series,A755,1833
A1. Headline series,B755,41640.579329843444
A1. Headline series,C755,1.119519456311977
A1. Headline series,D755,36361.58806484475
A1. Headline series,E755,1.245863898114166
A1. Headline series,F755,21.078245375892475
A1. Headline series,G755,1.012557563988949
A1. Headline series,H755,33794.17305795271
A1. Headline series,I755,1.1377337693925398
A1. Headline series,J755,29495.84142297438
A1. Headline series,K755,1.264100969186785
A1. Headline series,L755,2.379748937297712
A1. Headline series,M755,1.245863898114166
A1. Headline series,N755,-2.18246772315418
A1. Headline series,O755,45987.92442453997
A1. Headline series,P755,34599.69078068502
A1. Headline series,Q755,1193.25240227633
A1. Headline series,R755,0.4132231404958678
A1. Headline series,S755,5637.388661014245
A1. Headline series,T755,2408.150142998605
A1. Headline series,U755,1857.6601510188052
A1. Headline series,V755,352.9723064383782
A1. Headline series,W755,434.5542912458438
A1. Headline series,X755,491.7079925093997
A1. Headline series,Y755,18337.52911138996
A1. Headline series,Z755,13565.08
A1. Headline series,AA755,8370.466076145774
A1. Headline series,AB755,8.055974291874504
A1. Headline series,AC755,66.42984023024826
A1. Headline series,AD755,2977.525238181432
A1. Headline series,AE755,-0.7779001674812192
A1. Headline series,AI755,1.0435836826468032
A1. Headline series,AJ755,2.6657709493278086
A1. Headline series,AK755,3.212667037071289
A1. Headline series,AL755,82.97688240229097
A1. Headline series,AN755,0.48516310268248886
A1. Headline series,AO755,1.1250133788880508
A1. Headline series,AP755,-4.118993135011451
A1. Headline series,AQ755,53.87768832212429
A1. Headline series,AR755,1.3091742791912864
A1. Headline series,AS755,4
A1. Headline series,AT755,4
A1. Headline series,AV755,3.4345662634947516
A1. Headline series,AZ755,1.6042543787497305
A1. Headline series,BA755,4.78722024
A1. Headline series,BB755,105.00507251611333
A1. Headline series,BH755,16.993087007659945
A1. Headline series,BI755,10.999179232431445
A1. Headline series,BJ755,45.62888256866268
A1. Headline series,BK755,72.54893825454947
A1. Headline series,BL755,81.17555311838558
A1. Headline series,BS755,1.4000000000000057
A1. Headline series,BT755,0.28472183111264815
A1. Headline series,BU755,838.2472883665841
A1. Headline series,BV755,170.4766449063892
A1. Headline series,BW755,170.4766449063892
A1. Headline series,BX755,838.1444540412122
A1. Headline series,BY755,736.7731580412121
A1. Headline series,BZ755,2.1000000000000014
A1. Headline series,CA755,0.42708274666897084
A1. Headline series,CB755,6
A1. Headline series,CC755,1.2202364190542014
A1. Headline series,CD755,3.8000000000000003
A1. Headline series,CE755,0.7728163987343276
A1. Headline series,A756,1834
A1. Headline series,B756,43083.15263412993
A1. Headline series,C756,3.4643449430892304
A1. Headline series,D756,37674.59999024198
A1. Headline series,E756,3.610986195255535
A1. Headline series,F756,21.761510213155788
A1. Headline series,G756,3.2415641106672695
A1. Headline series,H756,34983.25079143074
A1. Headline series,I756,3.518588046048407
A1. Headline series,J756,30576.954320789468
A1. Headline series,K756,3.665306177612578
A1. Headline series,L756,2.465681342905273
A1. Headline series,M756,3.610986195255549
A1. Headline series,N756,-1.00220738958596
A1. Headline series,O756,47766.96949466416
A1. Headline series,P756,35543.31871106734
A1. Headline series,Q756,1452.6550984233584
A1. Headline series,R756,0.4073319755600815
A1. Headline series,S756,5442.995948565479
A1. Headline series,T756,2537.037052060502
A1. Headline series,U756,2019.8088549027996
A1. Headline series,V756,373.84201516574893
A1. Headline series,W756,459.83206685398244
A1. Headline series,X756,518.5428507207862
A1. Headline series,Y756,18561.84391451805
A1. Headline series,Z756,13760.37
A1. Headline series,AA756,8579.274909393229
A1. Headline series,AB756,7.265973834322375
A1. Headline series,AC756,66.29635473437847
A1. Headline series,AD756,3059.180524144631
A1. Headline series,AE756,1.2295889531690192
A1. Headline series,AI756,1.0673129488896995
A1. Headline series,AJ756,2.6932417706596166
A1. Headline series,AK756,3.2457173455265096
A1. Headline series,AL756,82.97832139855443
A1. Headline series,AN756,0.4864191883852267
A1. Headline series,AO756,1.0972684188677408
A1. Headline series,AP756,-2.466189339697692
A1. Headline series,AQ756,55.383027810698074
A1. Headline series,AR756,1.2776516479391258
A1. Headline series,AS756,4
A1. Headline series,AT756,4
A1. Headline series,AV756,3.3259544928592906
A1. Headline series,AZ756,1.6508796405648463
A1. Headline series,BA756,4.638146105
A1. Headline series,BB756,97.31343468748526
A1. Headline series,BH756,17.047218378080743
A1. Headline series,BI756,11.44599535708203
A1. Headline series,BJ756,44.39266664558576
A1. Headline series,BK756,70.60318128986806
A1. Headline series,BL756,79.8084298131914
A1. Headline series,BS756,1.5
A1. Headline series,BT756,0.2892721397884411
A1. Headline series,BU756,834.2086084752564
A1. Headline series,BV756,160.87553946905018
A1. Headline series,BW756,160.87553946905018
A1. Headline series,BX756,838.2472883665841
A1. Headline series,BY756,752.8344083665842
A1. Headline series,BZ756,-0.20000000000000284
A1. Headline series,CA756,-0.03856961863845936
A1. Headline series,CB756,4.8
A1. Headline series,CC756,0.9256708473230114
A1. Headline series,CD756,7.1000000000000085
A1. Headline series,CE756,1.3692214616652896
A1. Headline series,A757,1835
A1. Headline series,B757,45694.76411067486
A1. Headline series,C757,6.061792874637618
A1. Headline series,D757,40041.44018221984
A1. Headline series,E757,6.282323349394275
A1. Headline series,F757,23.081347375511303
A1. Headline series,G757,6.0650072050496675
A1. Headline series,H757,37097.55858584836
A1. Headline series,I757,6.043771652391797
A1. Headline series,J757,32492.37566327008
A1. Headline series,K757,6.264264656268608
A1. Headline series,L757,2.620583417632269
A1. Headline series,M757,6.282323349394261
A1. Headline series,N757,2.75975896149263
A1. Headline series,O757,50674.04502942199
A1. Headline series,P757,36329.67531971927
A1. Headline series,Q757,2127.102108405632
A1. Headline series,R757,0.1953125
A1. Headline series,S757,5442.995948565479
A1. Headline series,T757,2781.2438271251494
A1. Headline series,U757,2009.2339394321043
A1. Headline series,V757,394.85924952513915
A1. Headline series,W757,485.2697705687164
A1. Headline series,X757,545.4072618816267
A1. Headline series,Y757,18798.1924218122
A1. Headline series,Z757,13921.32
A1. Headline series,AA757,8811.978984304063
A1. Headline series,AB757,6.068022098477092
A1. Headline series,AC757,66.16313746702686
A1. Headline series,AD757,3143.075114628308
A1. Headline series,AE757,3.693503930884864
A1. Headline series,AI757,1.0619811263132255
A1. Headline series,AJ757,2.803482449745821
A1. Headline series,AK757,3.4241750331407106
A1. Headline series,AL757,81.87322267735888
A1. Headline series,AN757,0.48233690985132865
A1. Headline series,AO757,1.0587834743234399
A1. Headline series,AP757,-3.5073409461664085
A1. Headline series,AQ757,56.91440744053057
A1. Headline series,AR757,1.2489611280885267
A1. Headline series,AS757,4
A1. Headline series,AT757,4
A1. Headline series,AV757,3.31821515677124
A1. Headline series,AZ757,1.7717599489744063
A1. Headline series,BA757,4.84985556
A1. Headline series,BB757,95.42708920162845
A1. Headline series,BH757,16.03036680419401
A1. Headline series,BI757,10.102300893850261
A1. Headline series,BJ757,42.429860722508835
A1. Headline series,BK757,69.49132016719298
A1. Headline series,BL757,77.98671307125673
A1. Headline series,BS757,-15.200000000000003
A1. Headline series,BT757,-2.7869082541293624
A1. Headline series,BU757,846.1
A1. Headline series,BV757,155.13178117229296
A1. Headline series,BW757,155.13178117229296
A1. Headline series,BX757,834.2086084752564
A1. Headline series,BY757,775.8367124752563
A1. Headline series,BZ757,4.8999999999999915
A1. Headline series,CA757,0.898411213502227
A1. Headline series,CB757,11.899999999999999
A1. Headline series,CC757,2.1818558042196976
A1. Headline series,CD757,12.700000000000017
A1. Headline series,CE757,2.3285351860159835
A1. Headline series,A758,1836
A1. Headline series,B758,46899.04316855257
A1. Headline series,C758,2.635485884030146
A1. Headline series,D758,40996.23167220535
A1. Headline series,E758,2.3845083634366375
A1. Headline series,F758,23.692750149185887
A1. Headline series,G758,2.648904172393614
A1. Headline series,H758,38067.65741167287
A1. Headline series,I758,2.614993716040857
A1. Headline series,J758,33260.516968194315
A1. Headline series,K758,2.364066305538117
A1. Headline series,L758,2.6830714483965443
A1. Headline series,M758,2.3845083634366375
A1. Headline series,N758,2.86805365276026
A1. Headline series,O758,52221.52655942017
A1. Headline series,P758,37902.38853702313
A1. Headline series,Q758,2023.3410299468208
A1. Headline series,R758,-0.5576208178438662
A1. Headline series,S758,5442.99594856548
A1. Headline series,T758,2910.1307361870463
A1. Headline series,U758,2396.9808400242646
A1. Headline series,V758,427.4126882935484
A1. Headline series,W758,524.8878676199613
A1. Headline series,X758,588.1770627329923
A1. Headline series,Y758,19034.57478856995
A1. Headline series,Z758,14099.52
A1. Headline series,AA758,8949.019906699179
A1. Headline series,AB758,6.007045097888328
A1. Headline series,AC758,66.03018788920947
A1. Headline series,AD758,3229.2704200442695
A1. Headline series,AE758,0.5130869648376559
A1. Headline series,AI758,1.1191867299585267
A1. Headline series,AJ758,2.96334562896605
A1. Headline series,AK758,3.5677512885370626
A1. Headline series,AL758,83.059198618667
A1. Headline series,AN758,0.49301363832460027
A1. Headline series,AO758,1.1617083260116865
A1. Headline series,AP758,9.721048182586657
A1. Headline series,AQ758,53.02012013844005
A1. Headline series,AR758,1.4063280137926712
A1. Headline series,AS758,5
A1. Headline series,AT758,4.390710382513661
A1. Headline series,AV758,3.3452184435652867
A1. Headline series,AZ758,1.9686221655271183
A1. Headline series,BA758,4.81746474
A1. Headline series,BB758,98.46971885499896
A1. Headline series,BH758,15.662729807159323
A1. Headline series,BI758,10.257441328287204
A1. Headline series,BJ758,43.04567679943191
A1. Headline series,BK758,68.75007941874293
A1. Headline series,BL758,79.05658854982246
A1. Headline series,BS758,-1.3999999999999986
A1. Headline series,BT758,-0.2380235627507868
A1. Headline series,BU758,845.5
A1. Headline series,BV758,143.74923021842173
A1. Headline series,BW758,143.74923021842173
A1. Headline series,BX758,846.1
A1. Headline series,BY758,776.1676060000001
A1. Headline series,BZ758,-3.5
A1. Headline series,CA758,-0.5950589068769676
A1. Headline series,CB758,4
A1. Headline series,CC758,0.6800673221451058
A1. Headline series,CD758,5.6
A1. Headline series,CE758,0.9520942510031482
A1. Headline series,A759,1837
A1. Headline series,B759,46498.96565598858
A1. Headline series,C759,-0.8530611405570454
A1. Headline series,D759,40702.14025657853
A1. Headline series,E759,-0.7173620687342606
A1. Headline series,F759,23.477152784465257
A1. Headline series,G759,-0.9099718832262198
A1. Headline series,H759,37743.502035870086
A1. Headline series,I759,-0.8515243591096038
A1. Headline series,J759,33022.43047663573
A1. Headline series,K759,-0.7158231839458722
A1. Headline series,L759,2.6638241115487085
A1. Headline series,M759,-0.7173620687342606
A1. Headline series,N759,0.00104697795670905
A1. Headline series,O759,52438.205899881985
A1. Headline series,P759,37430.574571831974
A1. Headline series,Q759,2386.5048045526605
A1. Headline series,R759,-0.18248175182481752
A1. Headline series,S759,5637.388661014247
A1. Headline series,T759,2645.5733965336785
A1. Headline series,U759,2248.9320234345305
A1. Headline series,V759,414.78173064368025
A1. Headline series,W759,509.83738766186116
A1. Headline series,X759,572.704424509963
A1. Headline series,Y759,19243.99117080436
A1. Headline series,Z759,14261.31
A1. Headline series,AA759,8929.981409272112
A1. Headline series,AB759,7.489638223055042
A1. Headline series,AC759,65.89750546302544
A1. Headline series,AD759,3317.8295349158766
A1. Headline series,AE759,-1.4665375622206116
A1. Headline series,AI759,1.096448878957374
A1. Headline series,AJ759,2.6608571534214325
A1. Headline series,AK759,3.158336337302306
A1. Headline series,AL759,84.24869517520115
A1. Headline series,AN759,0.5011781953923962
A1. Headline series,AO759,1.2037732653973177
A1. Headline series,AP759,3.6209553158705745
A1. Headline series,AQ759,52.0147302061201
A1. Headline series,AR759,1.392906268454837
A1. Headline series,AS759,5
A1. Headline series,AT759,5
A1. Headline series,AV759,3.3124664644075636
A1. Headline series,AZ759,2.080868166193138
A1. Headline series,BA759,5.15253731180625
A1. Headline series,BB759,106.1890398445792
A1. Headline series,BH759,14.035452245076494
A1. Headline series,BI759,8.828899058027615
A1. Headline series,BJ759,39.21086487635498
A1. Headline series,BK759,70.97380166409309
A1. Headline series,BL759,76.0125015954342
A1. Headline series,BS759,-0.7000000000000028
A1. Headline series,BT759,-0.12222709831497475
A1. Headline series,BU759,841.9
A1. Headline series,BV759,147.00427724482404
A1. Headline series,BW759,147.00427724482404
A1. Headline series,BX759,845.5
A1. Headline series,BY759,764.928976
A1. Headline series,BZ759,-3
A1. Headline series,CA759,-0.5238304213498897
A1. Headline series,CB759,4.3
A1. Headline series,CC759,0.7508236039348418
A1. Headline series,CD759,2.400000000000003
A1. Headline series,CE759,0.41906433707991225
A1. Headline series,A760,1838
A1. Headline series,B760,48749.851663783076
A1. Headline series,C760,4.840722747355599
A1. Headline series,D760,42697.88984526731
A1. Headline series,E760,4.903303797068048
A1. Headline series,F760,24.569751723915065
A1. Headline series,G760,4.653881795124562
A1. Headline series,H760,39586.223823944885
A1. Headline series,I760,4.882222604366547
A1. Headline series,J760,34655.33300579583
A1. Headline series,K760,4.944828425985847
A1. Headline series,L760,2.7944395003574907
A1. Headline series,M760,4.903303797068062
A1. Headline series,N760,2.73262144308348
A1. Headline series,O760,54534.51644416411
A1. Headline series,P760,38531.47382394468
A1. Headline series,Q760,2749.6685791585
A1. Headline series,R760,0.5514705882352942
A1. Headline series,S760,5831.7813734630145
A1. Headline series,T760,3127.2034251334
A1. Headline series,U760,2502.729994731217
A1. Headline series,V760,436.1081106606375
A1. Headline series,W760,535.5662064408226
A1. Headline series,X760,599.5002890278411
A1. Headline series,Y760,19460.44172524738
A1. Headline series,Z760,14416
A1. Headline series,AA760,9114.493361181794
A1. Headline series,AB760,6.815952338390055
A1. Headline series,AC760,65.76508965165473
A1. Headline series,AD760,3408.8172840629322
A1. Headline series,AE760,2.776196934244075
A1. Headline series,AI760,1.0986006893610756
A1. Headline series,AJ760,2.612275848350496
A1. Headline series,AK760,3.242912308658247
A1. Headline series,AL760,80.55339151095711
A1. Headline series,AN760,0.51059883816293
A1. Headline series,AO760,1.2529981944656094
A1. Headline series,AP760,4.089219330855016
A1. Headline series,AQ760,50.910604421266775
A1. Headline series,AR760,1.4454850323012138
A1. Headline series,AS760,4
A1. Headline series,AT760,4.123287671232877
A1. Headline series,AV760,3.2311384717937073
A1. Headline series,AZ760,2.3347168138532135
A1. Headline series,BA760,4.8322542273249995
A1. Headline series,BB760,106.53376390210492
A1. Headline series,BH760,15.374492317928464
A1. Headline series,BI760,9.253585386580156
A1. Headline series,BJ760,39.20036595327805
A1. Headline series,BK760,71.90035259965566
A1. Headline series,BL760,76.11000075238289
A1. Headline series,BS760,-0.4000000000000057
A1. Headline series,BT760,-0.06672223638935218
A1. Headline series,BU760,840.4
A1. Headline series,BV760,140.18341865402695
A1. Headline series,BW760,140.18341865402695
A1. Headline series,BX760,841.9
A1. Headline series,BY760,780.437836
A1. Headline series,BZ760,-3.1000000000000085
A1. Headline series,CA760,-0.5170973320174735
A1. Headline series,CB760,4.5
A1. Headline series,CC760,0.7506251593802014
A1. Headline series,CD760,4.100000000000012
A1. Headline series,CE760,0.6839029229908522
A1. Headline series,A761,1839
A1. Headline series,B761,49806.937279653495
A1. Headline series,C761,2.1683873484598593
A1. Headline series,D761,43696.02346615001
A1. Headline series,E761,2.337664986489571
A1. Headline series,F761,25.009202350133783
A1. Headline series,G761,1.7885839106423589
A1. Headline series,H761,40484.44936798277
A1. Headline series,I761,2.2690356827987443
A1. Headline series,J761,35500.39639778855
A1. Headline series,K761,2.438480079967462
A1. Headline series,L761,2.8597641341259816
A1. Headline series,M761,2.337664986489557
A1. Headline series,N761,3.06934001494469
A1. Headline series,O761,55689.56231734239
A1. Headline series,P761,40025.55138038335
A1. Headline series,Q761,2853.4296576173115
A1. Headline series,R761,0
A1. Headline series,S761,6026.174085911782
A1. Headline series,T761,3242.52329113615
A1. Headline series,U761,2664.8786986152118
A1. Headline series,V761,453.98869150249084
A1. Headline series,W761,557.0926793523938
A1. Headline series,X761,621.6941643960506
A1. Headline series,Y761,19719.92660935312
A1. Headline series,Z761,14594.44
A1. Headline series,AA761,9362.717823941512
A1. Headline series,AB761,5.651131839712981
A1. Headline series,AC761,65.63293991935603
A1. Headline series,AD761,3502.300270053158
A1. Headline series,AE761,-0.13998194341533332
A1. Headline series,AI761,1.1185041879296005
A1. Headline series,AJ761,2.6510746704576307
A1. Headline series,AK761,3.4524316613918424
A1. Headline series,AL761,76.78862119428177
A1. Headline series,AN761,0.5184493738050414
A1. Headline series,AO761,1.294168135140908
A1. Headline series,AP761,3.2857142857142776
A1. Headline series,AQ761,50.048898968574306
A1. Headline series,AR761,1.5414074141193108
A1. Headline series,AS761,6
A1. Headline series,AT761,5.1068493150684935
A1. Headline series,AV761,3.2914959282695637
A1. Headline series,AZ761,2.3036333059764695
A1. Headline series,BA761,4.8567087089125
A1. Headline series,BB761,110.59100642506368
A1. Headline series,BH761,14.204644745150837
A1. Headline series,BI761,8.12290534332041
A1. Headline series,BJ761,39.31609403020113
A1. Headline series,BK761,66.98963264117404
A1. Headline series,BL761,75.12893504677523
A1. Headline series,BS761,-1.6000000000000014
A1. Headline series,BT761,-0.2573612704816577
A1. Headline series,BU761,839
A1. Headline series,BV761,134.95381620881912
A1. Headline series,BW761,134.95381620881912
A1. Headline series,BX761,840.4
A1. Headline series,BY761,781.9237519999999
A1. Headline series,BZ761,-8.099999999999994
A1. Headline series,CA761,-1.30289143181339
A1. Headline series,CB761,-1.3000000000000003
A1. Headline series,CC761,-0.20910603226634672
A1. Headline series,CD761,2.699999999999998
A1. Headline series,CE761,0.4342971439377966
A1. Headline series,A762,1840
A1. Headline series,B762,50031.11289110566
A1. Headline series,C762,0.450089131547017
A1. Headline series,D762,43870.09664477613
A1. Headline series,E762,0.39837304362711734
A1. Headline series,F762,25.213847058169115
A1. Headline series,G762,0.8182776290513658
A1. Headline series,H762,40614.22754632423
A1. Headline series,I762,0.320563031898601
A1. Headline series,J762,35595.86180228739
A1. Headline series,K762,0.268913629665235
A1. Headline series,L762,2.871156663547656
A1. Headline series,M762,0.39837304362711734
A1. Headline series,N762,1.53770053449422
A1. Headline series,O762,55331.98649726306
A1. Headline series,P762,39160.55911086623
A1. Headline series,Q762,2853.4296576173115
A1. Headline series,R762,-0.8347245409015025
A1. Headline series,S762,6609.3522232580835
A1. Headline series,T762,3412.1113293754884
A1. Headline series,U762,2700.128416850862
A1. Headline series,V762,435.23743880208656
A1. Headline series,W762,534.7949226127231
A1. Headline series,X762,599.1126284631331
A1. Headline series,Y762,19971.445981301178
A1. Headline series,Z762,14769.38
A1. Headline series,AA762,9069.84619606134
A1. Headline series,AB762,9.888601929934266
A1. Headline series,AC762,65.50105573146453
A1. Headline series,AD762,3598.346921954866
A1. Headline series,AE762,1.3339415180170828
A1. Headline series,AI762,1.068924698470573
A1. Headline series,AJ762,2.4789379338773476
A1. Headline series,AK762,3.4223711517626274
A1. Headline series,AL762,72.43334588653886
A1. Headline series,AN762,0.5212755666362016
A1. Headline series,AO762,1.281638153196252
A1. Headline series,AP762,-0.9681881051175623
A1. Headline series,AQ762,50.81369980958173
A1. Headline series,AR762,1.5147609398889692
A1. Headline series,AS762,5
A1. Headline series,AT762,5.060109289617486
A1. Headline series,AV762,3.353134153222021
A1. Headline series,AZ762,2.5108566918214295
A1. Headline series,BA762,4.79307839115
A1. Headline series,BB762,116.34012596496576
A1. Headline series,BH762,12.911739225081403
A1. Headline series,BI762,7.499888716644014
A1. Headline series,BJ762,36.602853107124204
A1. Headline series,BK762,64.95122058293636
A1. Headline series,BL762,71.2869846604208
A1. Headline series,BS762,-1.6000000000000014
A1. Headline series,BT762,-0.267061638160488
A1. Headline series,BU762,838.8
A1. Headline series,BV762,140.0070638056357
A1. Headline series,BW762,140.0070638056357
A1. Headline series,BX762,839
A1. Headline series,BY762,771.11648
A1. Headline series,BZ762,-8.90000000000002
A1. Headline series,CA762,-1.4855303622677167
A1. Headline series,CB762,-3.1999999999999997
A1. Headline series,CC762,-0.5341232763209756
A1. Headline series,CD762,-1.8999999999999866
A1. Headline series,CE762,-0.317135695315577
A1. Headline series,A763,1841
A1. Headline series,B763,48660.552098097854
A1. Headline series,C763,-2.739416962382734
A1. Headline series,D763,42537.68497402496
A1. Headline series,E763,-3.0371751435606456
A1. Headline series,F763,24.545150761889303
A1. Headline series,G763,-2.652099438602562
A1. Headline series,H763,39484.21552214422
A1. Headline series,I763,-2.7823058382462875
A1. Headline series,J763,34499.53320860646
A1. Headline series,K763,-3.0799327173769484
A1. Headline series,L763,2.7839546070297017
A1. Headline series,M763,-3.0371751435606313
A1. Headline series,N763,-3.4998161037886604
A1. Headline series,O763,54211.138168894846
A1. Headline series,P763,38924.652128270645
A1. Headline series,Q763,1867.6994122586038
A1. Headline series,R763,-0.6872852233676976
A1. Headline series,S763,6803.744935706851
A1. Headline series,T763,3561.3488030261065
A1. Headline series,U763,2689.553501380167
A1. Headline series,V763,424.08861034508146
A1. Headline series,W763,521.2310065269357
A1. Headline series,X763,584.125224392413
A1. Headline series,Y763,20198
A1. Headline series,Z763,14936.71
A1. Headline series,AA763,8941.725068458487
A1. Headline series,AB763,12.335998515357755
A1. Headline series,AC763,65.36943655438982
A1. Headline series,AD763,3726.374789227546
A1. Headline series,AE763,-3.282069377754646
A1. Headline series,AI763,1.0711571982910377
A1. Headline series,AJ763,2.378926803646
A1. Headline series,AK763,3.1608105090534453
A1. Headline series,AL763,75.26318951522366
A1. Headline series,AN763,0.5212755666362016
A1. Headline series,AO763,1.258368186727605
A1. Headline series,AP763,-1.815642458100541
A1. Headline series,AQ763,51.753355709332155
A1. Headline series,AR763,1.443638003126282
A1. Headline series,AS763,5
A1. Headline series,AT763,5
A1. Headline series,AV763,3.383983505212248
A1. Headline series,AZ763,2.45905084536019
A1. Headline series,BA763,4.8615752724125
A1. Headline series,BB763,114.76460609530034
A1. Headline series,BH763,13.94597832672573
A1. Headline series,BI763,7.609838702502258
A1. Headline series,BJ763,33.464930184047276
A1. Headline series,BK763,64.76591039582387
A1. Headline series,BL763,67.61220521632343
A1. Headline series,BS763,-2.0999999999999943
A1. Headline series,BT763,-0.3595119526269975
A1. Headline series,BU763,840.8
A1. Headline series,BV763,143.94173798513347
A1. Headline series,BW763,143.94173798513347
A1. Headline series,BX763,838.8
A1. Headline series,BY763,756.6423789999999
A1. Headline series,BZ763,-2.299999999999997
A1. Headline series,CA763,-0.3937511862105216
A1. Headline series,CB763,2.1
A1. Headline series,CC763,0.3595119526269984
A1. Headline series,CD763,2.2000000000000006
A1. Headline series,CE763,0.37663156941876036
A1. Headline series,A764,1842
A1. Headline series,B764,48236.866412849056
A1. Headline series,C764,-0.8706964203666843
A1. Headline series,D764,42223.68643729103
A1. Headline series,E764,-0.7381655511475742
A1. Headline series,F764,24.308131881612344
A1. Headline series,G764,-0.9656444263726911
A1. Headline series,H764,39152.85338794129
A1. Headline series,I764,-0.8392268399433931
A1. Headline series,J764,34255.74091257349
A1. Headline series,K764,-0.7066538974856371
A1. Headline series,L764,2.7634044131610227
A1. Headline series,M764,-0.7381655511475742
A1. Headline series,N764,-6.300470100423131
A1. Headline series,O764,53108.0400995217
A1. Headline series,P764,38374.20250221429
A1. Headline series,Q764,1712.057794570387
A1. Headline series,R764,0.5347593582887701
A1. Headline series,S764,6998.137648155617
A1. Headline series,T764,3473.1630231416507
A1. Headline series,U764,2555.6045720846932
A1. Headline series,V764,402.09636788175305
A1. Headline series,W764,494.2387628365667
A1. Headline series,X764,554.757302769717
A1. Headline series,Y764,20410.15815988522
A1. Headline series,Z764,15073.125999999998
A1. Headline series,AA764,9011.679713411851
A1. Headline series,AB764,12.353952934964148
A1. Headline series,AC764,65.23808185561367
A1. Headline series,AD764,3858.957841187491
A1. Headline series,AE764,-2.321140460666264
A1. Headline series,AI764,1.0246079390947216
A1. Headline series,AJ764,2.213245068369206
A1. Headline series,AK764,3.029119381305401
A1. Headline series,AL764,73.06562699471442
A1. Headline series,AN764,0.5181353523793569
A1. Headline series,AO764,1.1867682899009988
A1. Headline series,AP764,-5.68990042674254
A1. Headline series,AQ764,54.54515342368554
A1. Headline series,AR764,1.312006390592846
A1. Headline series,AS764,4
A1. Headline series,AT764,4.263013698630137
A1. Headline series,AV764,3.28816702368478
A1. Headline series,AZ764,2.58856546151329
A1. Headline series,BA764,4.769962214525
A1. Headline series,BB764,113.72275440881269
A1. Headline series,BH764,14.68585829343678
A1. Headline series,BI764,8.23846153860398
A1. Headline series,BJ764,34.44090326097035
A1. Headline series,BK764,67.54556320251157
A1. Headline series,BL764,68.91700457901123
A1. Headline series,BS764,-4
A1. Headline series,BT764,-0.7210360242270526
A1. Headline series,BU764,838.7
A1. Headline series,BV764,151.18322837980728
A1. Headline series,BW764,151.18322837980728
A1. Headline series,BX764,840.8
A1. Headline series,BY764,746.4050869999999
A1. Headline series,BZ764,-2.1000000000000227
A1. Headline series,CA764,-0.37854391271920673
A1. Headline series,CB764,2.3
A1. Headline series,CC764,0.4145957139305552
A1. Headline series,CD764,3.300000000000019
A1. Headline series,CE764,0.5948547199873218
A1. Headline series,A765,1843
A1. Headline series,B765,49914.80425810904
A1. Headline series,C765,3.4785382427184857
A1. Headline series,D765,43718.22151500328
A1. Headline series,E765,3.5395655941407966
A1. Headline series,F765,25.402617485940922
A1. Headline series,G765,4.502549227801794
A1. Headline series,H765,40410.45063015799
A1. Headline series,I765,3.2120193891258566
A1. Headline series,J765,35376.893480183404
A1. Headline series,K765,3.2728895587787292
A1. Headline series,L765,2.8612169249962385
A1. Headline series,M765,3.5395655941407966
A1. Headline series,N765,-5.03664669254513
A1. Headline series,O765,55733.38782733963
A1. Headline series,P765,38688.745145675064
A1. Headline series,Q765,1608.2967161115757
A1. Headline series,R765,1.436265709156194
A1. Headline series,S765,7192.530360604384
A1. Headline series,T765,3853.0402287977686
A1. Headline series,U765,2604.9541776146043
A1. Headline series,V765,399.6634317698327
A1. Headline series,W765,492.5672494729024
A1. Headline series,X765,558.524646262859
A1. Headline series,Y765,20623.55535961206
A1. Headline series,Z765,15263.728
A1. Headline series,AA765,9468.11064773701
A1. Headline series,AB765,8.90113994742133
A1. Headline series,AC765,65.10699110368792
A1. Headline series,AD765,3996.258149639688
A1. Headline series,AE765,-1.0973761351239197
A1. Headline series,AI765,0.9868159492839864
A1. Headline series,AJ765,2.148777280775232
A1. Headline series,AK765,2.7616901315754188
A1. Headline series,AL765,77.80660314520702
A1. Headline series,AN765,0.5105988381629298
A1. Headline series,AO765,1.091003427895413
A1. Headline series,AP765,-8.069381598793356
A1. Headline series,AQ765,58.469931246737865
A1. Headline series,AR765,1.177912072492836
A1. Headline series,AS765,4
A1. Headline series,AT765,4
A1. Headline series,AV765,3.163592555824026
A1. Headline series,AZ765,3.0030122332032096
A1. Headline series,BA765,4.7878468353875
A1. Headline series,BB765,115.62208510224423
A1. Headline series,BH765,16.746224340029944
A1. Headline series,BI765,9.881289099970761
A1. Headline series,BJ765,37.08333533789343
A1. Headline series,BK765,70.60318128986805
A1. Headline series,BL765,72.42444539753109
A1. Headline series,BS765,1.3000000000000043
A1. Headline series,BT765,0.2327560670237968
A1. Headline series,BU765,838.3
A1. Headline series,BV765,150.09185460465247
A1. Headline series,BW765,150.09185460465247
A1. Headline series,BX765,838.7
A1. Headline series,BY765,796.607432
A1. Headline series,BZ765,6.799999999999997
A1. Headline series,CA765,1.2174932736629327
A1. Headline series,CB765,12.9
A1. Headline series,CC765,2.309656357389976
A1. Headline series,CD765,14.000000000000018
A1. Headline series,CE765,2.5066037987178067
A1. Headline series,A766,1844
A1. Headline series,B766,53601.06623806668
A1. Headline series,C766,7.3851075542558675
A1. Headline series,D766,46978.484086588855
A1. Headline series,E766,7.457445565270106
A1. Headline series,F766,26.97652237483221
A1. Headline series,G766,6.195837455578612
A1. Headline series,H766,43558.31349012581
A1. Headline series,I766,7.789724714474218
A1. Headline series,J766,38158.3434602255
A1. Headline series,K766,7.862335288428142
A1. Headline series,L766,3.0745906196821284
A1. Headline series,M766,7.457445565270106
A1. Headline series,N766,-0.19943013579579702
A1. Headline series,O766,58408.40773851742
A1. Headline series,P766,40733.27232817008
A1. Headline series,Q766,1712.057794570387
A1. Headline series,R766,0.8710801393728222
A1. Headline series,S766,7192.530360604384
A1. Headline series,T766,4171.865740687725
A1. Headline series,U766,2894.0018671469425
A1. Headline series,V766,433.3700911317298
A1. Headline series,W766,532.630253458427
A1. Headline series,X766,599.2513373889454
A1. Headline series,Y766,20836.18871940498
A1. Headline series,Z766,15455.274
A1. Headline series,AA766,9827.982706854094
A1. Headline series,AB766,6.432547831910393
A1. Headline series,AC766,64.9761637682323
A1. Headline series,AD766,4138.443552844632
A1. Headline series,AE766,4.306758324939831
A1. Headline series,AI766,0.9936933923903194
A1. Headline series,AJ766,2.199198246797075
A1. Headline series,AK766,2.7624529116121033
A1. Headline series,AL766,79.6103433130983
A1. Headline series,AN766,0.5131110095684056
A1. Headline series,AO766,1.1268033763087162
A1. Headline series,AP766,3.281378178835112
A1. Headline series,AQ766,56.890803764721724
A1. Headline series,AR766,1.1979831228604227
A1. Headline series,AS766,2.5
A1. Headline series,AT766,3.5245901639344264
A1. Headline series,AV766,3.042098535342724
A1. Headline series,AZ766,3.4105515586982973
A1. Headline series,BA766,4.859506982925
A1. Headline series,BB766,119.86597779183926
A1. Headline series,BH766,16.833952336200053
A1. Headline series,BI766,10.438251234733892
A1. Headline series,BJ766,38.1678024148165
A1. Headline series,BK766,75.32859106123718
A1. Headline series,BL766,74.7396298235036
A1. Headline series,BN766,203.7330393296711
A1. Headline series,BS766,3.4000000000000057
A1. Headline series,BT766,0.5673746202744355
A1. Headline series,BU766,833.8
A1. Headline series,BV766,139.14028187788927
A1. Headline series,BW766,139.14028187788927
A1. Headline series,BX766,838.3
A1. Headline series,BY766,816.64348
A1. Headline series,BZ766,6.199999999999989
A1. Headline series,CA766,1.0346243075592612
A1. Headline series,CB766,13.4
A1. Headline series,CC766,2.2361235034345364
A1. Headline series,CD766,14.300000000000015
A1. Headline series,CE766,2.386310902918948
A1. Headline series,A767,1845
A1. Headline series,B767,56132.09501372461
A1. Headline series,C767,4.721974679414927
A1. Headline series,D767,49232.994401383105
A1. Headline series,E767,4.799027381638851
A1. Headline series,F767,28.36699658093689
A1. Headline series,G767,5.154386420845427
A1. Headline series,H767,45576.872167237074
A1. Headline series,I767,4.634152508151743
A1. Headline series,J767,39956.03666831805
A1. Headline series,K767,4.711140592270155
A1. Headline series,L767,3.2221410653939735
A1. Headline series,M767,4.799027381638851
A1. Headline series,N767,2.05763205421085
A1. Headline series,O767,62199.70588008032
A1. Headline series,P767,42620.52818893472
A1. Headline series,Q767,2438.3853437820662
A1. Headline series,R767,0.1652892561983471
A1. Headline series,S767,6998.137648155617
A1. Headline series,T767,4246.484477513033
A1. Headline series,U767,3235.924134032757
A1. Headline series,V767,460.4731085269878
A1. Headline series,W767,566.2310817017283
A1. Headline series,X767,638.9412994797418
A1. Headline series,Y767,21050.05539418183
A1. Headline series,Z767,15648.135999999999
A1. Headline series,AA767,10124.078849991489
A1. Headline series,AB767,4.617607217994331
A1. Headline series,AC767,64.84559931993229
A1. Headline series,AD767,4285.687860686751
A1. Headline series,AE767,1.6621546598287538
A1. Headline series,AI767,1.0087474582291673
A1. Headline series,AJ767,2.2513882981594855
A1. Headline series,AK767,2.7680289091335464
A1. Headline series,AL767,81.33543297653705
A1. Headline series,AN767,0.5184493738050414
A1. Headline series,AO767,1.1303833711500464
A1. Headline series,AP767,0.3177124702144454
A1. Headline series,AQ767,57.30063967423471
A1. Headline series,AR767,1.296031042892941
A1. Headline series,AS767,3.5
A1. Headline series,AT767,2.682191780821918
A1. Headline series,AV767,3.0719970690528124
A1. Headline series,AZ767,4.0943887319866645
A1. Headline series,BA767,4.8713083994125
A1. Headline series,BB767,119.22326186205193
A1. Headline series,BE767,0.1799430670986681
A1. Headline series,BH767,11.762266711890772
A1. Headline series,BI767,10.09333879383104
A1. Headline series,BJ767,41.04719649173958
A1. Headline series,BK767,76.9963827452498
A1. Headline series,BL767,78.42941830534667
A1. Headline series,BN767,223.60142395706814
A1. Headline series,BS767,3.799999999999997
A1. Headline series,BT767,0.5947338203202936
A1. Headline series,BU767,829.8
A1. Headline series,BV767,129.87108528994213
A1. Headline series,BW767,129.87108528994213
A1. Headline series,BX767,833.8
A1. Headline series,BY767,832.142135
A1. Headline series,BZ767,2.0000000000000284
A1. Headline series,CA767,0.3130178001685803
A1. Headline series,CB767,10.3
A1. Headline series,CC767,1.6120416708681655
A1. Headline series,CD767,10.699999999999983
A1. Headline series,CE767,1.6746452309018782
A1. Headline series,A768,1846
A1. Headline series,B768,58824.82749624929
A1. Headline series,C768,4.797135189531559
A1. Headline series,D768,51696.535069301586
A1. Headline series,E768,5.003840814218833
A1. Headline series,F768,28.766378404276004
A1. Headline series,G768,1.4079101472713234
A1. Headline series,H768,48211.72281995336
A1. Headline series,I768,5.781113374889173
A1. Headline series,J768,42349.307303698944
A1. Headline series,K768,5.989759833408542
A1. Headline series,L768,3.383371875115863
A1. Headline series,M768,5.003840814218847
A1. Headline series,N768,4.50179111445734
A1. Headline series,O768,65516.03970751461
A1. Headline series,P768,43957.334423643006
A1. Headline series,Q768,3424.115589140774
A1. Headline series,R768,0.47095761381475665
A1. Headline series,S768,7581.315785501918
A1. Headline series,T768,4165.082219158152
A1. Headline series,U768,3137.2249229729346
A1. Headline series,V768,487.5917824127466
A1. Headline series,W768,594.0854215451759
A1. Headline series,X768,648.9987080760914
A1. Headline series,Y768,21264.15257313594
A1. Headline series,Z768,15841.092
A1. Headline series,AA768,10416.800489923522
A1. Headline series,AB768,2.867937002357672
A1. Headline series,AC768,64.71529723053702
A1. Headline series,AD768,4438.17106714257
A1. Headline series,AE768,3.0192453344996224
A1. Headline series,AI768,1.0099229302169312
A1. Headline series,AJ768,2.2160099128266735
A1. Headline series,AK768,2.8195855409328794
A1. Headline series,AL768,78.59346278579268
A1. Headline series,AN768,0.5394888093259003
A1. Headline series,AO768,1.2646331776999333
A1. Headline series,AP768,11.876484560570091
A1. Headline series,AQ768,53.296261369357474
A1. Headline series,AR768,1.3576796714166264
A1. Headline series,AS768,3
A1. Headline series,AT768,3.326027397260274
A1. Headline series,AV768,3.1631796519813355
A1. Headline series,AZ768,4.199727286457852
A1. Headline series,BA768,4.8159512396
A1. Headline series,BB768,130.44337694549822
A1. Headline series,BE768,0.18760021889010078
A1. Headline series,BH768,12.565322233137106
A1. Headline series,BI768,11.330051823929075
A1. Headline series,BJ768,42.31010556866266
A1. Headline series,BK768,78.47886424214992
A1. Headline series,BL768,78.76693550151319
A1. Headline series,BN768,228.4973609865593
A1. Headline series,BS768,2.8000000000000043
A1. Headline series,BT768,0.43143383263433566
A1. Headline series,BU768,826.1
A1. Headline series,BV768,127.28838897829432
A1. Headline series,BW768,127.28838897829432
A1. Headline series,BX768,829.8
A1. Headline series,BY768,788.8075839999999
A1. Headline series,BZ768,1.1000000000000085
A1. Headline series,CA768,0.1694918628206329
A1. Headline series,CB768,9.4
A1. Headline series,CC768,1.4483850095581245
A1. Headline series,CD768,10.200000000000005
A1. Headline series,CE768,1.5716518188822208
A1. Headline series,A769,1847
A1. Headline series,B769,58026.14632187836
A1. Headline series,C769,-1.3577280348537357
A1. Headline series,D769,50973.88188171797
A1. Headline series,E769,-1.397875479690967
A1. Headline series,F769,28.04196367990153
A1. Headline series,G769,-2.518268772640454
A1. Headline series,H769,47672.10772440162
A1. Headline series,I769,-1.119261175475799
A1. Headline series,J769,41858.264681587214
A1. Headline series,K769,-1.1595056764218725
A1. Headline series,L769,3.3360765492868576
A1. Headline series,M769,-1.397875479690967
A1. Headline series,N769,0.694094950032209
A1. Headline series,O769,63722.24431296268
A1. Headline series,P769,43406.88479758665
A1. Headline series,Q769,4254.204216811265
A1. Headline series,R769,-2.3529411764705883
A1. Headline series,S769,7386.923073053152
A1. Headline series,T769,4334.67025739749
A1. Headline series,U769,3863.3691186273436
A1. Headline series,V769,516.9729609328176
A1. Headline series,W769,628.2873606202936
A1. Headline series,X769,677.9730763232121
A1. Headline series,Y769,21478.477479323148
A1. Headline series,Z769,16035.218
A1. Headline series,AA769,10260.742048617174
A1. Headline series,AB769,5.292369916650525
A1. Headline series,AC769,64.58525697285707
A1. Headline series,AD769,4596.079570308497
A1. Headline series,AE769,-1.3061148919989418
A1. Headline series,AI769,1.0827659605983555
A1. Headline series,AJ769,2.240544252832743
A1. Headline series,AK769,2.937436630130491
A1. Headline series,AL769,76.2754923749014
A1. Headline series,AN769,0.5533057520560164
A1. Headline series,AO769,1.3550280474435237
A1. Headline series,AP769,7.147912243453646
A1. Headline series,AQ769,51.01475161160082
A1. Headline series,AR769,1.460085605284453
A1. Headline series,AS769,5
A1. Headline series,AT769,5.176712328767123
A1. Headline series,AV769,3.462403162268405
A1. Headline series,AZ769,3.5400661748513973
A1. Headline series,BA769,4.7934433834125
A1. Headline series,BB769,129.17741346532344
A1. Headline series,BE769,0.18272748593191634
A1. Headline series,BH769,10.077819422715335
A1. Headline series,BI769,9.06505344970913
A1. Headline series,BJ769,43.53957890199599
A1. Headline series,BK769,71.9930076932119
A1. Headline series,BL769,77.82345774970081
A1. Headline series,BN769,195.56115286160144
A1. Headline series,BS769,-3
A1. Headline series,BT769,-0.44249544779412464
A1. Headline series,BU769,831.6
A1. Headline series,BV769,122.65973812853136
A1. Headline series,BW769,122.65973812853136
A1. Headline series,BX769,826.1
A1. Headline series,BY769,759.396068
A1. Headline series,BZ769,-13.800000000000011
A1. Headline series,CA769,-2.035479059852975
A1. Headline series,CB769,-6.4
A1. Headline series,CC769,-0.9439902886274659
A1. Headline series,CD769,-3.499999999999993
A1. Headline series,CE769,-0.5162446890931445
A1. Headline series,A770,1848
A1. Headline series,B770,59733.128692912156
A1. Headline series,C770,2.941746917958227
A1. Headline series,D770,52519.13391795259
A1. Headline series,E770,3.031458423787086
A1. Headline series,F770,29.369267181885373
A1. Headline series,G770,4.733275875880111
A1. Headline series,H770,48733.65277425833
A1. Headline series,I770,2.226763406379334
A1. Headline series,J770,42827.6400658448
A1. Headline series,K770,2.3158518195428
A1. Headline series,L770,3.4372083228641994
A1. Headline series,M770,3.031458423787072
A1. Headline series,N770,1.32021151476209
A1. Headline series,O770,64580.40552834672
A1. Headline series,P770,44586.41971056455
A1. Headline series,Q770,3787.279363746614
A1. Headline series,R770,1.6591251885369533
A1. Headline series,S770,8164.493922848221
A1. Headline series,T770,4253.267999042608
A1. Headline series,U770,3683.595555625524
A1. Headline series,V770,480.66013062939305
A1. Headline series,W770,588.6428365282661
A1. Headline series,X770,647.7141771297023
A1. Headline series,Y770,21693.02736925387
A1. Headline series,Z770,16230.181999999999
A1. Headline series,AA770,10182.467255204716
A1. Headline series,AB770,6.95377114609042
A1. Headline series,AC770,64.45547802076236
A1. Headline series,AD770,4759.606400256965
A1. Headline series,AE770,1.6967333742248836
A1. Headline series,AI770,0.9854545532923233
A1. Headline series,AJ770,1.9854465543324744
A1. Headline series,AK770,2.4261258903977287
A1. Headline series,AL770,81.83608947048452
A1. Headline series,AN770,0.5300681665553666
A1. Headline series,AO770,1.1599183285910215
A1. Headline series,AP770,-14.398943196829606
A1. Headline series,AQ770,57.09304263299398
A1. Headline series,AR770,1.2123375825478973
A1. Headline series,AS770,3
A1. Headline series,AT770,3.7158469945355193
A1. Headline series,AV770,3.521050811206822
A1. Headline series,AZ770,3.4416350665750413
A1. Headline series,BA770,4.8685101254
A1. Headline series,BB770,117.1536010278082
A1. Headline series,BE770,0.17472228178632765
A1. Headline series,BH770,10.057684741200717
A1. Headline series,BI770,8.478441607898775
A1. Headline series,BJ770,40.73719823532932
A1. Headline series,BK770,68.19414885740535
A1. Headline series,BL770,72.97340623593847
A1. Headline series,BN770,191.81740403587835
A1. Headline series,BS770,-1.2000000000000028
A1. Headline series,BT770,-0.18526690357739498
A1. Headline series,BU770,831.4
A1. Headline series,BV770,128.3590863618715
A1. Headline series,BW770,128.3590863618715
A1. Headline series,BX770,831.6
A1. Headline series,BY770,748.78457
A1. Headline series,BZ770,-4.900000000000006
A1. Headline series,CA770,-0.7565065229410286
A1. Headline series,CB770,1.1
A1. Headline series,CC770,0.169827994945945
A1. Headline series,CD770,2.0000000000000093
A1. Headline series,CE770,0.3087781726289923
A1. Headline series,A771,1849
A1. Headline series,B771,60623.33412475681
A1. Headline series,C771,1.4903043776949971
A1. Headline series,D771,53196.67794244399
A1. Headline series,E771,1.2900898661997928
A1. Headline series,F771,30.288911445369525
A1. Headline series,G771,3.13131498238873
A1. Headline series,H771,49121.756631169286
A1. Headline series,I771,0.7963775231639403
A1. Headline series,J771,43083.548899759124
A1. Headline series,K771,0.5975319525448555
A1. Headline series,L771,3.481551399117646
A1. Headline series,M771,1.2900898661997786
A1. Headline series,N771,0.276140029438787
A1. Headline series,O771,63108.45970633964
A1. Headline series,P771,45608.68330181206
A1. Headline series,Q771,3579.7572068289915
A1. Headline series,R771,-0.5847953216374269
A1. Headline series,S771,8164.493922848221
A1. Headline series,T771,5494.652438954565
A1. Headline series,U771,4229.966188278114
A1. Headline series,V771,477.8815819048109
A1. Headline series,W771,589.583487298308
A1. Headline series,X771,660.3286527882556
A1. Headline series,Y771,21907.79953249005
A1. Headline series,Z771,16425.956
A1. Headline series,AA771,10097.263724716935
A1. Headline series,AB771,8.645793876263077
A1. Headline series,AC771,64.32595984918005
A1. Headline series,AD771,4928.951454999834
A1. Headline series,AE771,0.025603629064261613
A1. Headline series,AI771,0.9725355687052838
A1. Headline series,AJ771,1.8979122451852082
A1. Headline series,AK771,2.4289453677646877
A1. Headline series,AL771,78.13729655565785
A1. Headline series,AN771,0.5206475237848328
A1. Headline series,AO771,1.112483396943395
A1. Headline series,AP771,-4.089506172839506
A1. Headline series,AQ771,58.46946837475321
A1. Headline series,AR771,1.150432618770475
A1. Headline series,AS771,2.5
A1. Headline series,AT771,2.9452054794520546
A1. Headline series,AV771,3.253285151602885
A1. Headline series,AZ771,3.358745712237057
A1. Headline series,BA771,4.8140046142
A1. Headline series,BB771,114.70317020565693
A1. Headline series,BE771,0.16706512999489495
A1. Headline series,BH771,10.795842072045405
A1. Headline series,BI771,9.050651378723051
A1. Headline series,BJ771,38.63459156866266
A1. Headline series,BK771,66.06308170561144
A1. Headline series,BL771,70.84435143986178
A1. Headline series,BN771,223.04596047159293
A1. Headline series,BS771,1.6000000000000014
A1. Headline series,BT771,0.24230358522895504
A1. Headline series,BU771,828.9
A1. Headline series,BV771,125.5284011226754
A1. Headline series,BW771,125.5284011226754
A1. Headline series,BX771,831.4
A1. Headline series,BY771,763.0757649999999
A1. Headline series,BZ771,-1.6999999999999886
A1. Headline series,CA771,-0.2574475593057628
A1. Headline series,CB771,2.9
A1. Headline series,CC771,0.4391752482274806
A1. Headline series,CD771,3.1999999999999904
A1. Headline series,CE771,0.4846071704579082
A1. Headline series,A772,1850
A1. Headline series,B772,59878.484223716914
A1. Headline series,C772,-1.2286521548073779
A1. Headline series,D772,52551.47609972249
A1. Headline series,E772,-1.2128611553893904
A1. Headline series,F772,29.884485922281314
A1. Headline series,G772,-1.3352263379212275
A1. Headline series,H772,48431.69326943949
A1. Headline series,I772,-1.4048018822110464
A1. Headline series,J772,42485.10158373946
A1. Headline series,K772,-1.389039044606207
A1. Headline series,L772,3.439325014592832
A1. Headline series,M772,-1.2128611553893904
A1. Headline series,N772,-3.25399578342022
A1. Headline series,O772,63019.31015686873
A1. Headline series,P772,45451.41198008167
A1. Headline series,Q772,2957.1907360761234
A1. Headline series,R772,-1.0086455331412103
A1. Headline series,S772,8164.493922848221
A1. Headline series,T772,5840.612036962814
A1. Headline series,U772,4074.8674280412492
A1. Headline series,V772,442.06669631276054
A1. Headline series,W772,546.1955042370572
A1. Headline series,X772,610.5308644450947
A1. Headline series,Y772,22122.791291247
A1. Headline series,Z772,16622.424
A1. Headline series,AA772,9918.37451545743
A1. Headline series,AB772,11.136024221709642
A1. Headline series,AC772,64.19670193409239
A1. Headline series,AD772,5104.321744847087
A1. Headline series,AE772,-1.3596202553693475
A1. Headline series,AI772,0.9121732310329891
A1. Headline series,AJ772,1.9671078269291733
A1. Headline series,AK772,2.561181925838566
A1. Headline series,AL772,76.80468954914693
A1. Headline series,AN772,0.5181353523793572
A1. Headline series,AO772,1.0650484652957681
A1. Headline series,AP772,-4.263877715205169
A1. Headline series,AQ772,60.778885243535356
A1. Headline series,AR772,1.1806801787114096
A1. Headline series,AS772,3
A1. Headline series,AT772,2.5082191780821916
A1. Headline series,AV772,3.134833333333333
A1. Headline series,AZ772,3.985596454418061
A1. Headline series,BA772,4.870213422625
A1. Headline series,BB772,108.74644627893711
A1. Headline series,BE772,0.1642807111616467
A1. Headline series,BH772,11.304085924353409
A1. Headline series,BI772,9.364140141202093
A1. Headline series,BJ772,39.51594290199599
A1. Headline series,BK772,67.82352848318033
A1. Headline series,BL772,71.80512144391761
A1. Headline series,BN772,238.06526679406332
A1. Headline series,BS772,2.3999999999999986
A1. Headline series,BT772,0.3931005195259594
A1. Headline series,BU772,823.7
A1. Headline series,BV772,134.91537413897208
A1. Headline series,BW772,134.91537413897208
A1. Headline series,BX772,828.9
A1. Headline series,BY772,797.5539630000001
A1. Headline series,BZ772,5
A1. Headline series,CA772,0.8189594156790827
A1. Headline series,CB772,11.6
A1. Headline series,CC772,1.8999858443754718
A1. Headline series,CD772,11.399999999999999
A1. Headline series,CE772,1.867227467748308
A4. Ind Production 1270-1870,B1,A4. English and GB Industrial Production 1270-1870 
A4. Ind Production 1270-1870,A2,Back to front page
A4. Ind Production 1270-1870,B2,"For a summary overview of the methodology and construction of this database, see:"
A4. Ind Production 1270-1870,B3," Broadberry, Stephen, Bruce M.S. Campbell, Alexander Klein, Mark Overton and Bas van Leeuwen (2015), British Economic Growth, 1270-1870, Cambridge: Cambridge University Press"
A4. Ind Production 1270-1870,B4,http://www.cambridge.org/gb/academic/subjects/history/economic-history/british-economic-growth-12701870?format=PB
A4. Ind Production 1270-1870,B5,"When using this data, please cite this source."
A4. Ind Production 1270-1870,B6,Notes:  The data for Wool/Textiles in Table 4.02 in an earlier version of this spreadsheet have been corrected.
A4. Ind Production 1270-1870,B7,Table 4.02:  Output of key industries 
A4. Ind Production 1270-1870,K7,Table 4.03: Output of key industrial sectors
A4. Ind Production 1270-1870,A8,Year
A4. Ind Production 1270-1870,B8,Tin
A4. Ind Production 1270-1870,C8,Iron
A4. Ind Production 1270-1870,D8,Coal
A4. Ind Production 1270-1870,E8,Wool/Textiles
A4. Ind Production 1270-1870,F8,Leather
A4. Ind Production 1270-1870,G8,Foodstuffs
A4. Ind Production 1270-1870,H8,Construction
A4. Ind Production 1270-1870,I8,Printed books
A4. Ind Production 1270-1870,K8,Metals and Mining
A4. Ind Production 1270-1870,L8,Textiles and Leather
A4. Ind Production 1270-1870,M8,Other Industries
A4. Ind Production 1270-1870,N8,Total Industry
A4. Ind Production 1270-1870,A534,1795
A4. Ind Production 1270-1870,B534,240.625
A4. Ind Production 1270-1870,C534,354.75288053365676
A4. Ind Production 1270-1870,D534,356.2647754137117
A4. Ind Production 1270-1870,E534,316.66276497953334
A4. Ind Production 1270-1870,F534,135.3987830464879
A4. Ind Production 1270-1870,G534,138.88207564697177
A4. Ind Production 1270-1870,H534,378.40274796049755
A4. Ind Production 1270-1870,I534,94.97559178410242
A4. Ind Production 1270-1870,J534,316.66276497953334
A4. Ind Production 1270-1870,K534,343.28718392163887
A4. Ind Production 1270-1870,L534,250.56748639927125
A4. Ind Production 1270-1870,M534,161.80265689891408
A4. Ind Production 1270-1870,N534,220.43481074110528
A4. Ind Production 1270-1870,A535,1796
A4. Ind Production 1270-1870,B535,214.06249999999994
A4. Ind Production 1270-1870,C535,357.3453608247422
A4. Ind Production 1270-1870,D535,326.95653966683165
A4. Ind Production 1270-1870,E535,321.0559897753247
A4. Ind Production 1270-1870,F535,145.11972131649216
A4. Ind Production 1270-1870,G535,148.11712726427587
A4. Ind Production 1270-1870,H535,536.8769225473493
A4. Ind Production 1270-1870,I535,86.09576003193024
A4. Ind Production 1270-1870,J535,321.0559897753247
A4. Ind Production 1270-1870,K535,332.69825200370366
A4. Ind Production 1270-1870,L535,258.2821206098956
A4. Ind Production 1270-1870,M535,186.15900779651702
A4. Ind Production 1270-1870,N535,231.70769612012631
A4. Ind Production 1270-1870,A536,1797
A4. Ind Production 1270-1870,B536,226.5625
A4. Ind Production 1270-1870,C536,415.6306852637963
A4. Ind Production 1270-1870,D536,347.7527626587505
A4. Ind Production 1270-1870,E536,294.59266862493484
A4. Ind Production 1270-1870,F536,134.35725394613033
A4. Ind Production 1270-1870,G536,156.40424017915143
A4. Ind Production 1270-1870,H536,421.4191284860112
A4. Ind Production 1270-1870,I536,85.32360074913265
A4. Ind Production 1270-1870,J536,294.59266862493484
A4. Ind Production 1270-1870,K536,372.7668090370805
A4. Ind Production 1270-1870,L536,237.64105955180491
A4. Ind Production 1270-1870,M536,172.58090709190063
A4. Ind Production 1270-1870,N536,218.94599522475633
A4. Ind Production 1270-1870,A537,1798
A4. Ind Production 1270-1870,B537,200
A4. Ind Production 1270-1870,C537,455.9960582171012
A4. Ind Production 1270-1870,D537,308.88174171202377
A4. Ind Production 1270-1870,E537,320.921630985975
A4. Ind Production 1270-1870,F537,134.35725394613033
A4. Ind Production 1270-1870,G537,153.11173471896663
A4. Ind Production 1270-1870,H537,322.9652368857202
A4. Ind Production 1270-1870,I537,89.18439716312055
A4. Ind Production 1270-1870,J537,320.921630985975
A4. Ind Production 1270-1870,K537,381.08428752244464
A4. Ind Production 1270-1870,L537,252.39039621888884
A4. Ind Production 1270-1870,M537,160.88607692981952
A4. Ind Production 1270-1870,N537,224.19904141079923
A4. Ind Production 1270-1870,A538,1799
A4. Ind Production 1270-1870,B538,200
A4. Ind Production 1270-1870,C538,477.1300788356579
A4. Ind Production 1270-1870,D538,355.81120457419263
A4. Ind Production 1270-1870,E538,385.54576871191307
A4. Ind Production 1270-1870,F538,129.49678481112818
A4. Ind Production 1270-1870,G538,160.1580876131128
A4. Ind Production 1270-1870,H538,318.57958024118943
A4. Ind Production 1270-1870,I538,85.32360074913265
A4. Ind Production 1270-1870,J538,385.54576871191307
A4. Ind Production 1270-1870,K538,406.00484292846284
A4. Ind Production 1270-1870,L538,285.965687600339
A4. Ind Production 1270-1870,M538,163.4321818569447
A4. Ind Production 1270-1870,N538,245.94269723251986
A4. Ind Production 1270-1870,A539,1800
A4. Ind Production 1270-1870,B539,179.6875
A4. Ind Production 1270-1870,C539,534.733171619163
A4. Ind Production 1270-1870,D539,421.276595744681
A4. Ind Production 1270-1870,E539,385.48820176450806
A4. Ind Production 1270-1870,F539,135.05160667970205
A4. Ind Production 1270-1870,G539,124.71668288057998
A4. Ind Production 1270-1870,H539,420.5788385062566
A4. Ind Production 1270-1870,I539,387.23788032298665
A4. Ind Production 1270-1870,J539,385.48820176450806
A4. Ind Production 1270-1870,K539,458.2284524874188
A4. Ind Production 1270-1870,L539,288.9354814247267
A4. Ind Production 1270-1870,M539,253.14410377957714
A4. Ind Production 1270-1870,N539,280.42425219330835
A4. Ind Production 1270-1870,A540,1801
A4. Ind Production 1270-1870,B540,165.62499999999997
A4. Ind Production 1270-1870,C540,590.888417222559
A4. Ind Production 1270-1870,D540,359.3428860906066
A4. Ind Production 1270-1870,E540,358.0624293416343
A4. Ind Production 1270-1870,F540,138.87054671434657
A4. Ind Production 1270-1870,G540,124.59194880371633
A4. Ind Production 1270-1870,H540,484.21809857421437
A4. Ind Production 1270-1870,I540,179.52703325043748
A4. Ind Production 1270-1870,J540,358.0624293416343
A4. Ind Production 1270-1870,K540,466.6869797132763
A4. Ind Production 1270-1870,L540,275.6356221502886
A4. Ind Production 1270-1870,M540,201.81319056481732
A4. Ind Production 1270-1870,N540,257.2248256876862
A4. Ind Production 1270-1870,A541,1802
A4. Ind Production 1270-1870,B541,185.9375
A4. Ind Production 1270-1870,C541,610.8171619163129
A4. Ind Production 1270-1870,D541,431.95578231292524
A4. Ind Production 1270-1870,E541,371.23491223413066
A4. Ind Production 1270-1870,F541,142.44968451626272
A4. Ind Production 1270-1870,G541,136.11645102956814
A4. Ind Production 1270-1870,H541,367.73291489668975
A4. Ind Production 1270-1870,I541,127.79236130299961
A4. Ind Production 1270-1870,J541,371.23491223413066
A4. Ind Production 1270-1870,K541,510.0635920725062
A4. Ind Production 1270-1870,L541,284.9817236136142
A4. Ind Production 1270-1870,M541,181.83698148053037
A4. Ind Production 1270-1870,N541,256.6924399549345
A4. Ind Production 1270-1870,A542,1803
A4. Ind Production 1270-1870,B542,206.24999999999994
A4. Ind Production 1270-1870,C542,659.9530018192844
A4. Ind Production 1270-1870,D542,432.28614850195476
A4. Ind Production 1270-1870,E542,380.57413850344636
A4. Ind Production 1270-1870,F542,125.26982306706522
A4. Ind Production 1270-1870,G542,139.81288287131989
A4. Ind Production 1270-1870,H542,429.42761144168674
A4. Ind Production 1270-1870,I542,159.83697153909918
A4. Ind Production 1270-1870,J542,380.57413850344636
A4. Ind Production 1270-1870,K542,535.5985399187982
A4. Ind Production 1270-1870,L542,281.25095191147113
A4. Ind Production 1270-1870,M542,199.23625089881537
A4. Ind Production 1270-1870,N542,265.4065522149958
A4. Ind Production 1270-1870,A543,1804
A4. Ind Production 1270-1870,B543,214.06249999999994
A4. Ind Production 1270-1870,C543,641.4190418435414
A4. Ind Production 1270-1870,D543,480.22506875090477
A4. Ind Production 1270-1870,E543,417.66028236478996
A4. Ind Production 1270-1870,F543,125.98565062744845
A4. Ind Production 1270-1870,G543,133.17675720265385
A4. Ind Production 1270-1870,H543,422.96175953524335
A4. Ind Production 1270-1870,I543,138.21651162076694
A4. Ind Production 1270-1870,J543,417.66028236478996
A4. Ind Production 1270-1870,K543,552.815361434461
A4. Ind Production 1270-1870,L543,302.60864845266207
A4. Ind Production 1270-1870,M543,182.9708327205895
A4. Ind Production 1270-1870,N543,269.1611548143132
A4. Ind Production 1270-1870,A544,1805
A4. Ind Production 1270-1870,B544,192.1875
A4. Ind Production 1270-1870,C544,653.2519708914493
A4. Ind Production 1270-1870,D544,480.76241134751785
A4. Ind Production 1270-1870,E544,410.59633817278626
A4. Ind Production 1270-1870,F544,143.16551207664594
A4. Ind Production 1270-1870,G544,135.17575416761352
A4. Ind Production 1270-1870,H544,447.23057106054034
A4. Ind Production 1270-1870,I544,192.65374105799634
A4. Ind Production 1270-1870,J544,410.59633817278626
A4. Ind Production 1270-1870,K544,565.7879554899908
A4. Ind Production 1270-1870,L544,307.6276981052685
A4. Ind Production 1270-1870,M544,194.800732567772
A4. Ind Production 1270-1870,N544,277.94326392046224
A4. Ind Production 1270-1870,A545,1806
A4. Ind Production 1270-1870,B545,206.24999999999994
A4. Ind Production 1270-1870,C545,711.127956337174
A4. Ind Production 1270-1870,D545,502.1709806854184
A4. Ind Production 1270-1870,E545,403.46630735714206
A4. Ind Production 1270-1870,F545,141.01802939549626
A4. Ind Production 1270-1870,G545,139.67863775808092
A4. Ind Production 1270-1870,H545,350.0777638753251
A4. Ind Production 1270-1870,I545,184.93214823002054
A4. Ind Production 1270-1870,J545,403.46630735714206
A4. Ind Production 1270-1870,K545,603.0255801798332
A4. Ind Production 1270-1870,L545,302.48230335895016
A4. Ind Production 1270-1870,M545,174.41985458368094
A4. Ind Production 1270-1870,N545,270.2948768147302
A4. Ind Production 1270-1870,A546,1807
A4. Ind Production 1270-1870,B546,171.875
A4. Ind Production 1270-1870,C546,769.5042449969678
A4. Ind Production 1270-1870,D546,454.5490851975143
A4. Ind Production 1270-1870,E546,450.6123072871443
A4. Ind Production 1270-1870,F546,139.58637427472982
A4. Ind Production 1270-1870,G546,144.5577516368736
A4. Ind Production 1270-1870,H546,505.5587530777161
A4. Ind Production 1270-1870,I546,182.229590740229
A4. Ind Production 1270-1870,J546,450.6123072871443
A4. Ind Production 1270-1870,K546,596.7170742405666
A4. Ind Production 1270-1870,L546,328.4276191237516
A4. Ind Production 1270-1870,M546,203.11104375057346
A4. Ind Production 1270-1870,N546,293.8277274188059
A4. Ind Production 1270-1870,A547,1808
A4. Ind Production 1270-1870,B547,165.62499999999997
A4. Ind Production 1270-1870,C547,803.7295330503335
A4. Ind Production 1270-1870,D547,525.5752360045669
A4. Ind Production 1270-1870,E547,388.1972382671936
A4. Ind Production 1270-1870,F547,144.5971671974124
A4. Ind Production 1270-1870,G547,145.84392914139647
A4. Ind Production 1270-1870,H547,300.38350164979636
A4. Ind Production 1270-1870,I547,176.43839611924716
A4. Ind Production 1270-1870,J547,388.1972382671936
A4. Ind Production 1270-1870,K547,643.051244159383
A4. Ind Production 1270-1870,L547,295.69422111934557
A4. Ind Production 1270-1870,M547,166.2526540952348
A4. Ind Production 1270-1870,N547,267.6767918747429
A4. Ind Production 1270-1870,A548,1809
A4. Ind Production 1270-1870,B548,179.6875
A4. Ind Production 1270-1870,C548,801.917828987265
A4. Ind Production 1270-1870,D548,467.721718316956
A4. Ind Production 1270-1870,E548,410.49081549854935
A4. Ind Production 1270-1870,F548,151.03961524086148
A4. Ind Production 1270-1870,G548,136.25419911752945
A4. Ind Production 1270-1870,H548,367.34990734906876
A4. Ind Production 1270-1870,I548,168.3307236498726
A4. Ind Production 1270-1870,J548,410.49081549854935
A4. Ind Production 1270-1870,K548,618.927464423279
A4. Ind Production 1270-1870,L548,311.73319816637223
A4. Ind Production 1270-1870,M548,171.08579337231583
A4. Ind Production 1270-1870,N548,274.4265212273765
A4. Ind Production 1270-1870,A549,1810
A4. Ind Production 1270-1870,B549,145.3125
A4. Ind Production 1270-1870,C549,819.0191024863553
A4. Ind Production 1270-1870,D549,539.2730496453902
A4. Ind Production 1270-1870,E549,458.5071126479506
A4. Ind Production 1270-1870,F549,153.9029254823944
A4. Ind Production 1270-1870,G549,142.8183308481462
A4. Ind Production 1270-1870,H549,636.1363308589575
A4. Ind Production 1270-1870,I549,258.6733597371895
A4. Ind Production 1270-1870,J549,458.5071126479506
A4. Ind Production 1270-1870,K549,649.0602791665592
A4. Ind Production 1270-1870,L549,340.3879409080408
A4. Ind Production 1270-1870,M549,237.39314813543103
A4. Ind Production 1270-1870,N549,319.6240506662708
A4. Ind Production 1270-1870,A550,1811
A4. Ind Production 1270-1870,B550,165.62499999999997
A4. Ind Production 1270-1870,C550,903.6309884778653
A4. Ind Production 1270-1870,D550,539.7191029682166
A4. Ind Production 1270-1870,E550,500.28212154508964
A4. Ind Production 1270-1870,F550,143.16551207664597
A4. Ind Production 1270-1870,G550,156.46490801386065
A4. Ind Production 1270-1870,H550,653.4231629827141
A4. Ind Production 1270-1870,I550,197.28669675478184
A4. Ind Production 1270-1870,J550,500.28212154508964
A4. Ind Production 1270-1870,K550,686.4933356743211
A4. Ind Production 1270-1870,L550,358.43872195886746
A4. Ind Production 1270-1870,M550,244.76983655580585
A4. Ind Production 1270-1870,N550,334.5412090659232
A4. Ind Production 1270-1870,A551,1812
A4. Ind Production 1270-1870,B551,165.62499999999997
A4. Ind Production 1270-1870,C551,898.5142510612491
A4. Ind Production 1270-1870,D551,550.1516942474384
A4. Ind Production 1270-1870,E551,455.2953774173661
A4. Ind Production 1270-1870,F551,135.29140891243043
A4. Ind Production 1270-1870,G551,146.9410016273235
A4. Ind Production 1270-1870,H551,464.9066374958186
A4. Ind Production 1270-1870,I551,236.28074053605968
A4. Ind Production 1270-1870,J551,455.2953774173661
A4. Ind Production 1270-1870,K551,693.9030279690596
A4. Ind Production 1270-1870,L551,328.832129562642
A4. Ind Production 1270-1870,M551,209.37562395538433
A4. Ind Production 1270-1870,N551,306.52023918455484
A4. Ind Production 1270-1870,A552,1813
A4. Ind Production 1270-1870,B552,165.62499999999997
A4. Ind Production 1270-1870,C552,884.7710733778048
A4. Ind Production 1270-1870,D552,539.4301615445236
A4. Ind Production 1270-1870,E552,451.26489519321734
A4. Ind Production 1270-1870,F552,153.9029254823944
A4. Ind Production 1270-1870,G552,145.4517935723624
A4. Ind Production 1270-1870,H552,347.64055158620897
A4. Ind Production 1270-1870,I552,205.3943692241565
A4. Ind Production 1270-1870,J552,451.26489519321734
A4. Ind Production 1270-1870,K552,685.1576443974919
A4. Ind Production 1270-1870,L552,336.2873552477274
A4. Ind Production 1270-1870,M552,184.4037387016367
A4. Ind Production 1270-1870,N552,297.71809201629026
A4. Ind Production 1270-1870,A553,1814
A4. Ind Production 1270-1870,B553,185.9375
A4. Ind Production 1270-1870,C553,866.3432383262583
A4. Ind Production 1270-1870,D553,614.1124901497253
A4. Ind Production 1270-1870,E553,448.45753874942585
A4. Ind Production 1270-1870,F553,157.48206328431056
A4. Ind Production 1270-1870,G553,151.94471485845705
A4. Ind Production 1270-1870,H553,249.84281804302125
A4. Ind Production 1270-1870,I553,187.63470571981208
A4. Ind Production 1270-1870,J553,448.45753874942585
A4. Ind Production 1270-1870,K553,713.4988457626492
A4. Ind Production 1270-1870,L553,336.5855787032381
A4. Ind Production 1270-1870,M553,168.8825979301858
A4. Ind Production 1270-1870,N553,293.73109666339747
A4. Ind Production 1270-1870,A554,1815
A4. Ind Production 1270-1870,B554,206.24999999999994
A4. Ind Production 1270-1870,C554,854.5861127956338
A4. Ind Production 1270-1870,D554,614.3617021276598
A4. Ind Production 1270-1870,E554,503.261864889716
A4. Ind Production 1270-1870,F554,178.95689009580747
A4. Ind Production 1270-1870,G554,152.25467301832964
A4. Ind Production 1270-1870,H554,538.6002576212961
A4. Ind Production 1270-1870,I554,221.99579380430444
A4. Ind Production 1270-1870,J554,503.261864889716
A4. Ind Production 1270-1870,K554,712.8113868453029
A4. Ind Production 1270-1870,L554,378.88187410295046
A4. Ind Production 1270-1870,M554,227.83333420019954
A4. Ind Production 1270-1870,N554,338.50585911931756
A4. Ind Production 1270-1870,A555,1816
A4. Ind Production 1270-1870,B555,234.375
A4. Ind Production 1270-1870,C555,707.1103699211643
A4. Ind Production 1270-1870,D555,656.0002251491615
A4. Ind Production 1270-1870,E555,484.07087074768936
A4. Ind Production 1270-1870,F555,181.8202003373404
A4. Ind Production 1270-1870,G555,149.10011806929353
A4. Ind Production 1270-1870,H555,412.1475479431391
A4. Ind Production 1270-1870,I555,194.5841392649903
A4. Ind Production 1270-1870,J555,484.07087074768936
A4. Ind Production 1270-1870,K555,676.6246513950523
A4. Ind Production 1270-1870,L555,369.54428046035554
A4. Ind Production 1270-1870,M555,197.22207959398176
A4. Ind Production 1270-1870,N555,317.11154102812867
A4. Ind Production 1270-1870,A556,1817
A4. Ind Production 1270-1870,B556,289.0625
A4. Ind Production 1270-1870,C556,690.7519708914493
A4. Ind Production 1270-1870,D556,610.172051484109
A4. Ind Production 1270-1870,E556,574.0461499338236
A4. Ind Production 1270-1870,F556,200.43171690730438
A4. Ind Production 1270-1870,G556,155.82215708600492
A4. Ind Production 1270-1870,H556,394.71921237145006
A4. Ind Production 1270-1870,I556,203.8500506585613
A4. Ind Production 1270-1870,J556,574.0461499338236
A4. Ind Production 1270-1870,K556,650.6822506182405
A4. Ind Production 1270-1870,L556,430.2261152103087
A4. Ind Production 1270-1870,M556,195.90732834423193
A4. Ind Production 1270-1870,N556,340.4008474992651
A4. Ind Production 1270-1870,A557,1818
A4. Ind Production 1270-1870,B557,282.8125
A4. Ind Production 1270-1870,C557,732.9214675560945
A4. Ind Production 1270-1870,D557,651.5113137453562
A4. Ind Production 1270-1870,E557,600.2475832443145
A4. Ind Production 1270-1870,F557,193.27344130347208
A4. Ind Production 1270-1870,G557,165.39668051990623
A4. Ind Production 1270-1870,H557,448.1923440444062
A4. Ind Production 1270-1870,I557,219.2932363145129
A4. Ind Production 1270-1870,J557,600.2475832443145
A4. Ind Production 1270-1870,K557,692.5485021378232
A4. Ind Production 1270-1870,L557,441.34681216018043
A4. Ind Production 1270-1870,M557,213.8439787469752
A4. Ind Production 1270-1870,N557,357.46586995543066
A4. Ind Production 1270-1870,A558,1819
A4. Ind Production 1270-1870,B558,234.375
A4. Ind Production 1270-1870,C558,727.3726500909643
A4. Ind Production 1270-1870,D558,627.6246294420047
A4. Ind Production 1270-1870,E558,563.0881397503139
A4. Ind Production 1270-1870,F558,184.68351057887332
A4. Ind Production 1270-1870,G558,164.20993388172383
A4. Ind Production 1270-1870,H558,543.5586324847472
A4. Ind Production 1270-1870,I558,214.27420097632864
A4. Ind Production 1270-1870,J558,563.0881397503139
A4. Ind Production 1270-1870,K558,676.3374238520545
A4. Ind Production 1270-1870,L558,415.7823653272792
A4. Ind Production 1270-1870,M558,229.51349258356132
A4. Ind Production 1270-1870,N558,351.7099284586917
A4. Ind Production 1270-1870,A559,1820
A4. Ind Production 1270-1870,B559,206.24999999999994
A4. Ind Production 1270-1870,C559,825.6443298969073
A4. Ind Production 1270-1870,D559,679.3735224586289
A4. Ind Production 1270-1870,E559,579.4702272664027
A4. Ind Production 1270-1870,F559,171.79861449197517
A4. Ind Production 1270-1870,G559,189.9507011041802
A4. Ind Production 1270-1870,H559,516.4688929916025
A4. Ind Production 1270-1870,I559,316.9713855884068
A4. Ind Production 1270-1870,J559,579.4702272664027
A4. Ind Production 1270-1870,K559,742.5440607865568
A4. Ind Production 1270-1870,L559,418.28637375696707
A4. Ind Production 1270-1870,M559,242.14643073125427
A4. Ind Production 1270-1870,N559,365.0738848579894
A4. Ind Production 1270-1870,A560,1821
A4. Ind Production 1270-1870,B560,234.375
A4. Ind Production 1270-1870,C560,993.1852637962401
A4. Ind Production 1270-1870,D560,664.7658475148239
A4. Ind Production 1270-1870,E560,634.617433769439
A4. Ind Production 1270-1870,F560,173.23026961274164
A4. Ind Production 1270-1870,G560,164.45872285550647
A4. Ind Production 1270-1870,H560,533.5451525330365
A4. Ind Production 1270-1870,I560,210.7994842037395
A4. Ind Production 1270-1870,J560,634.617433769439
A4. Ind Production 1270-1870,K560,811.0181750314347
A4. Ind Production 1270-1870,L560,450.26006664781556
A4. Ind Production 1270-1870,M560,223.40311817922333
A4. Ind Production 1270-1870,N560,377.4718149468728
A4. Ind Production 1270-1870,A561,1822
A4. Ind Production 1270-1870,B561,226.5625
A4. Ind Production 1270-1870,C561,924.09793814433
A4. Ind Production 1270-1870,D561,693.7493756867448
A4. Ind Production 1270-1870,E561,682.0038175290689
A4. Ind Production 1270-1870,F561,176.80940741465778
A4. Ind Production 1270-1870,G561,174.16585988151425
A4. Ind Production 1270-1870,H561,522.1601222502799
A4. Ind Production 1270-1870,I561,242.4580147984403
A4. Ind Production 1270-1870,J561,682.0038175290689
A4. Ind Production 1270-1870,K561,802.2963673807286
A4. Ind Production 1270-1870,L561,478.9782778490859
A4. Ind Production 1270-1870,M561,228.29873076662875
A4. Ind Production 1270-1870,N561,391.31940888090026
A4. Ind Production 1270-1870,A562,1823
A4. Ind Production 1270-1870,B562,295.31249999999994
A4. Ind Production 1270-1870,C562,1140.2137659187385
A4. Ind Production 1270-1870,D562,778.8192247786694
A4. Ind Production 1270-1870,E562,712.1944867741713
A4. Ind Production 1270-1870,F562,193.9892688638553
A4. Ind Production 1270-1870,G562,161.3922588592888
A4. Ind Production 1270-1870,H562,554.8798197322643
A4. Ind Production 1270-1870,I562,238.21113874305362
A4. Ind Production 1270-1870,J562,712.1944867741713
A4. Ind Production 1270-1870,K562,925.5388659190224
A4. Ind Production 1270-1870,L562,505.09110638855424
A4. Ind Production 1270-1870,M562,232.712113809583
A4. Ind Production 1270-1870,N562,417.00112243543225
A4. Ind Production 1270-1870,A563,1824
A4. Ind Production 1270-1870,B563,351.5625
A4. Ind Production 1270-1870,C563,1339.8044269254094
A4. Ind Production 1270-1870,D563,786.8058099054002
A4. Ind Production 1270-1870,E563,751.9721093396113
A4. Ind Production 1270-1870,F563,209.73747519228635
A4. Ind Production 1270-1870,G563,172.6475345577914
A4. Ind Production 1270-1870,H563,631.9409356189427
A4. Ind Production 1270-1870,I563,301.5281999324552
A4. Ind Production 1270-1870,J563,751.9721093396113
A4. Ind Production 1270-1870,K563,1013.8873366532654
A4. Ind Production 1270-1870,L563,535.9135114611671
A4. Ind Production 1270-1870,M563,264.2464705293232
A4. Ind Production 1270-1870,N563,453.3929519119449
A4. Ind Production 1270-1870,A564,1825
A4. Ind Production 1270-1870,B564,303.12499999999994
A4. Ind Production 1270-1870,C564,1401.9026682838085
A4. Ind Production 1270-1870,D564,806.1465721040191
A4. Ind Production 1270-1870,E564,795.6147113315169
A4. Ind Production 1270-1870,F564,206.87416495075342
A4. Ind Production 1270-1870,G564,193.36733120219648
A4. Ind Production 1270-1870,H564,711.4212108200937
A4. Ind Production 1270-1870,I564,324.30689877498384
A4. Ind Production 1270-1870,J564,795.6147113315169
A4. Ind Production 1270-1870,K564,1049.4706868038525
A4. Ind Production 1270-1870,L564,559.0957477353209
A4. Ind Production 1270-1870,M564,296.6070898041528
A4. Ind Production 1270-1870,N564,481.54941695262943
A4. Ind Production 1270-1870,A565,1826
A4. Ind Production 1270-1870,B565,323.43749999999994
A4. Ind Production 1270-1870,C565,1270.5579138872042
A4. Ind Production 1270-1870,D565,863.8336459524156
A4. Ind Production 1270-1870,E565,647.7054108087478
A4. Ind Production 1270-1870,F565,182.53602789772364
A4. Ind Production 1270-1870,G565,200.53552471835215
A4. Ind Production 1270-1870,H565,721.4640179048021
A4. Ind Production 1270-1870,I565,391.4847563783734
A4. Ind Production 1270-1870,J565,647.7054108087478
A4. Ind Production 1270-1870,K565,1034.3300245779565
A4. Ind Production 1270-1870,L565,462.58482671601877
A4. Ind Production 1270-1870,M565,307.78213376179286
A4. Ind Production 1270-1870,N565,442.94037661078755
A4. Ind Production 1270-1870,A566,1827
A4. Ind Production 1270-1870,B566,385.93749999999994
A4. Ind Production 1270-1870,C566,1666.926925409339
A4. Ind Production 1270-1870,D566,797.9803549428959
A4. Ind Production 1270-1870,E566,839.5463917220926
A4. Ind Production 1270-1870,F566,198.2842342261547
A4. Ind Production 1270-1870,G566,186.54492891834852
A4. Ind Production 1270-1870,H566,605.9550329956783
A4. Ind Production 1270-1870,I566,305.0029167050443
A4. Ind Production 1270-1870,J566,839.5463917220926
A4. Ind Production 1270-1870,K566,1173.343357779179
A4. Ind Production 1270-1870,L566,579.4455670589082
A4. Ind Production 1270-1870,M566,265.16933186370136
A4. Ind Production 1270-1870,N566,488.7290358715024
A4. Ind Production 1270-1870,A567,1828
A4. Ind Production 1270-1870,B567,343.75
A4. Ind Production 1270-1870,C567,1690.7064887810793
A4. Ind Production 1270-1870,D567,810.1151622104586
A4. Ind Production 1270-1870,E567,892.411979248174
A4. Ind Production 1270-1870,F567,229.78064688301683
A4. Ind Production 1270-1870,G567,202.01024905713697
A4. Ind Production 1270-1870,H567,654.2316291428878
A4. Ind Production 1270-1870,I567,278.7495010899266
A4. Ind Production 1270-1870,J567,892.411979248174
A4. Ind Production 1270-1870,K567,1185.7327748944065
A4. Ind Production 1270-1870,L567,626.9821169098519
A4. Ind Production 1270-1870,M567,280.79537888047474
A4. Ind Production 1270-1870,N567,517.6991779858656
A4. Ind Production 1270-1870,A568,1829
A4. Ind Production 1270-1870,B568,309.375
A4. Ind Production 1270-1870,C568,1665.767131594906
A4. Ind Production 1270-1870,D568,886.57939969737
A4. Ind Production 1270-1870,E568,842.9875956533027
A4. Ind Production 1270-1870,F568,234.07561224531622
A4. Ind Production 1270-1870,G568,200.5926456651848
A4. Ind Production 1270-1870,H568,743.8779839522759
A4. Ind Production 1270-1870,I568,286.8571735593012
A4. Ind Production 1270-1870,J568,842.9875956533027
A4. Ind Production 1270-1870,K568,1207.0068779849646
A4. Ind Production 1270-1870,L568,600.2108238496205
A4. Ind Production 1270-1870,M568,296.51624255908115
A4. Ind Production 1270-1870,N568,515.1854884662386
A4. Ind Production 1270-1870,A569,1830
A4. Ind Production 1270-1870,B569,309.375
A4. Ind Production 1270-1870,C569,1648.8098847786534
A4. Ind Production 1270-1870,D569,960.874704491726
A4. Ind Production 1270-1870,E569,963.1553642135256
A4. Ind Production 1270-1870,F569,244.81302565106466
A4. Ind Production 1270-1870,G569,211.40581075072222
A4. Ind Production 1270-1870,H569,680.3571741882673
A4. Ind Production 1270-1870,I569,406.927942034325
A4. Ind Production 1270-1870,J569,963.1553642135256
A4. Ind Production 1270-1870,K569,1246.1615737141544
A4. Ind Production 1270-1870,L569,673.9138086055098
A4. Ind Production 1270-1870,M569,302.1689312114516
A4. Ind Production 1270-1870,N569,553.7790603500183
A4. Ind Production 1270-1870,A570,1831
A4. Ind Production 1270-1870,B570,303.12499999999994
A4. Ind Production 1270-1870,C570,1460.2410551849607
A4. Ind Production 1270-1870,D570,970.5442781744971
A4. Ind Production 1270-1870,E570,993.0723151800818
A4. Ind Production 1270-1870,F570,224.05402639995097
A4. Ind Production 1270-1870,G570,231.5015251777118
A4. Ind Production 1270-1870,H570,804.0580710579933
A4. Ind Production 1270-1870,I570,342.0665622793282
A4. Ind Production 1270-1870,J570,993.0723151800818
A4. Ind Production 1270-1870,K570,1185.616920076039
A4. Ind Production 1270-1870,L570,679.9464993464142
A4. Ind Production 1270-1870,M570,328.10794721999594
A4. Ind Production 1270-1870,N570,561.9740169345331
A4. Ind Production 1270-1870,A571,1832
A4. Ind Production 1270-1870,B571,303.12499999999994
A4. Ind Production 1270-1870,C571,1542.2453001819283
A4. Ind Production 1270-1870,D571,1035.4246301576864
A4. Ind Production 1270-1870,E571,1005.6857036410953
A4. Ind Production 1270-1870,F571,199.71588934692113
A4. Ind Production 1270-1870,G571,214.1529566544845
A4. Ind Production 1270-1870,H571,872.1270228136825
A4. Ind Production 1270-1870,I571,406.54186239292625
A4. Ind Production 1270-1870,J571,1005.6857036410953
A4. Ind Production 1270-1870,K571,1234.925235967835
A4. Ind Production 1270-1870,L571,667.8533650238156
A4. Ind Production 1270-1870,M571,343.19917331810234
A4. Ind Production 1270-1870,N571,574.7893999130132
A4. Ind Production 1270-1870,A572,1833
A4. Ind Production 1270-1870,B572,282.8125
A4. Ind Production 1270-1870,C572,1905.1394784718009
A4. Ind Production 1270-1870,D572,1045.3228101245943
A4. Ind Production 1270-1870,E572,1080.2292035700145
A4. Ind Production 1270-1870,F572,231.92812956416648
A4. Ind Production 1270-1870,G572,222.96054799982338
A4. Ind Production 1270-1870,H572,838.1755901888666
A4. Ind Production 1270-1870,I572,323.53473949218625
A4. Ind Production 1270-1870,J572,1080.2292035700145
A4. Ind Production 1270-1870,K572,1319.6197000645896
A4. Ind Production 1270-1870,L572,730.7841872551247
A4. Ind Production 1270-1870,M572,339.1564440393957
A4. Ind Production 1270-1870,N572,600.4162271126061
A4. Ind Production 1270-1870,A573,1834
A4. Ind Production 1270-1870,B573,206.24999999999994
A4. Ind Production 1270-1870,C573,1925.13644633111
A4. Ind Production 1270-1870,D573,1054.7637775232272
A4. Ind Production 1270-1870,E573,1090.2420703866867
A4. Ind Production 1270-1870,F573,256.98209417757954
A4. Ind Production 1270-1870,G573,226.71375357924575
A4. Ind Production 1270-1870,H573,802.2903100804486
A4. Ind Production 1270-1870,I573,347.08559761751246
A4. Ind Production 1270-1870,J573,1090.2420703866867
A4. Ind Production 1270-1870,K573,1367.313839634961
A4. Ind Production 1270-1870,L573,754.9993824877384
A4. Ind Production 1270-1870,M573,347.3544941282111
A4. Ind Production 1270-1870,N573,617.5365502965241
A4. Ind Production 1270-1870,A574,1835
A4. Ind Production 1270-1870,B574,295.31249999999994
A4. Ind Production 1270-1870,C574,2278.373256519102
A4. Ind Production 1270-1870,D574,1146.483451536643
A4. Ind Production 1270-1870,E574,1119.5887828042707
A4. Ind Production 1270-1870,F574,240.51806028876527
A4. Ind Production 1270-1870,G574,233.12903119107708
A4. Ind Production 1270-1870,H574,990.3392013739792
A4. Ind Production 1270-1870,I574,403.8393049031347
A4. Ind Production 1270-1870,J574,1119.5887828042707
A4. Ind Production 1270-1870,K574,1509.4130665530502
A4. Ind Production 1270-1870,L574,757.6298204655268
A4. Ind Production 1270-1870,M574,388.3428592829705
A4. Ind Production 1270-1870,N574,661.1959440007222
A4. Ind Production 1270-1870,A575,1836
A4. Ind Production 1270-1870,B575,282.8125
A4. Ind Production 1270-1870,C575,2373.650697392359
A4. Ind Production 1270-1870,D575,1203.675363597037
A4. Ind Production 1270-1870,E575,1298.689330844888
A4. Ind Production 1270-1870,F575,252.68712881528015
A4. Ind Production 1270-1870,G575,238.87072514910827
A4. Ind Production 1270-1870,H575,914.3647446232361
A4. Ind Production 1270-1870,I575,386.07964139879033
A4. Ind Production 1270-1870,J575,1298.689330844888
A4. Ind Production 1270-1870,K575,1535.2812820533825
A4. Ind Production 1270-1870,L575,858.683415207671
A4. Ind Production 1270-1870,M575,385.04608636653967
A4. Ind Production 1270-1870,N575,697.4268596567412
A4. Ind Production 1270-1870,A576,1837
A4. Ind Production 1270-1870,B576,329.6875
A4. Ind Production 1270-1870,C576,2538.2807762280167
A4. Ind Production 1270-1870,D576,1314.069589913723
A4. Ind Production 1270-1870,E576,1199.7811792615084
A4. Ind Production 1270-1870,F576,241.23388784914852
A4. Ind Production 1270-1870,G576,232.52237999471222
A4. Ind Production 1270-1870,H576,1012.3519130026331
A4. Ind Production 1270-1870,I576,366.389579687452
A4. Ind Production 1270-1870,J576,1199.7811792615084
A4. Ind Production 1270-1870,K576,1590.7978664669863
A4. Ind Production 1270-1870,L576,799.0799926623483
A4. Ind Production 1270-1870,M576,401.11343794313206
A4. Ind Production 1270-1870,N576,696.0540525844483
A4. Ind Production 1270-1870,A577,1838
A4. Ind Production 1270-1870,B577,357.81249999999994
A4. Ind Production 1270-1870,C577,2758.141297756216
A4. Ind Production 1270-1870,D577,1329.9084800212033
A4. Ind Production 1270-1870,E577,1330.8857614374595
A4. Ind Production 1270-1870,F577,248.39216345298078
A4. Ind Production 1270-1870,G577,236.2551989176961
A4. Ind Production 1270-1870,H577,966.7366859524068
A4. Ind Production 1270-1870,I577,428.5484019526573
A4. Ind Production 1270-1870,J577,1330.8857614374595
A4. Ind Production 1270-1870,K577,1699.3653669317484
A4. Ind Production 1270-1870,L577,871.8874648639238
A4. Ind Production 1270-1870,M577,409.85950155069145
A4. Ind Production 1270-1870,N577,735.0321537384671
A4. Ind Production 1270-1870,A578,1839
A4. Ind Production 1270-1870,B578,371.875
A4. Ind Production 1270-1870,C578,3049.787750151607
A4. Ind Production 1270-1870,D578,1322.1085360763814
A4. Ind Production 1270-1870,E578,1256.2546778394426
A4. Ind Production 1270-1870,F578,260.5612319794957
A4. Ind Production 1270-1870,G578,236.09321212561662
A4. Ind Production 1270-1870,H578,982.7196700901513
A4. Ind Production 1270-1870,I578,439.3586319118233
A4. Ind Production 1270-1870,J578,1256.2546778394426
A4. Ind Production 1270-1870,K578,1834.0675811741196
A4. Ind Production 1270-1870,L578,842.9686072734222
A4. Ind Production 1270-1870,M578,417.87994538068807
A4. Ind Production 1270-1870,N578,739.1071742375697
A4. Ind Production 1270-1870,A579,1840
A4. Ind Production 1270-1870,B579,364.0625
A4. Ind Production 1270-1870,C579,3408.586308992963
A4. Ind Production 1270-1870,D579,1355.6914893617025
A4. Ind Production 1270-1870,E579,1370.4513193910884
A4. Ind Production 1270-1870,F579,243.38137053029817
A4. Ind Production 1270-1870,G579,241.3093336634796
A4. Ind Production 1270-1870,H579,958.3984045756652
A4. Ind Production 1270-1870,I579,518.5049583985754
A4. Ind Production 1270-1870,J579,1370.4513193910884
A4. Ind Production 1270-1870,K579,1944.924813830584
A4. Ind Production 1270-1870,L579,888.399611977845
A4. Ind Production 1270-1870,M579,426.34288622822936
A4. Ind Production 1270-1870,N579,769.1479683239108
A4. Ind Production 1270-1870,A580,1841
A4. Ind Production 1270-1870,B580,362.49999999999994
A4. Ind Production 1270-1870,C580,3587.985588413646
A4. Ind Production 1270-1870,D580,1414.6444584764413
A4. Ind Production 1270-1870,E580,1329.6924764701776
A4. Ind Production 1270-1870,F580,291.34181707597463
A4. Ind Production 1270-1870,G580,237.58761923757555
A4. Ind Production 1270-1870,H580,914.1825068727669
A4. Ind Production 1270-1870,I580,424.30152589727055
A4. Ind Production 1270-1870,J580,1329.6924764701776
A4. Ind Production 1270-1870,K580,1971.5845782606816
A4. Ind Production 1270-1870,L580,904.1018118229599
A4. Ind Production 1270-1870,M580,398.33713198422214
A4. Ind Production 1270-1870,N580,758.9781670102157
A4. Ind Production 1270-1870,A581,1842
A4. Ind Production 1270-1870,B581,362.49999999999994
A4. Ind Production 1270-1870,C581,2556.439731744723
A4. Ind Production 1270-1870,D581,1431.0949022964166
A4. Ind Production 1270-1870,E581,1294.761779186411
A4. Ind Production 1270-1870,F581,315.67995412900444
A4. Ind Production 1270-1870,G581,230.57671147296705
A4. Ind Production 1270-1870,H581,673.4924572748014
A4. Ind Production 1270-1870,I581,433.56743729084155
A4. Ind Production 1270-1870,J581,1294.761779186411
A4. Ind Production 1270-1870,K581,1703.6401458816918
A4. Ind Production 1270-1870,L581,904.6540656346783
A4. Ind Production 1270-1870,M581,350.87629412949906
A4. Ind Production 1270-1870,N581,704.0145009404669
A4. Ind Production 1270-1870,A582,1843
A4. Ind Production 1270-1870,B582,371.875
A4. Ind Production 1270-1870,C582,2690.989191310234
A4. Ind Production 1270-1870,D582,1373.988924363821
A4. Ind Production 1270-1870,E582,1463.6272201100612
A4. Ind Production 1270-1870,F582,315.67995412900444
A4. Ind Production 1270-1870,G582,230.42844195540138
A4. Ind Production 1270-1870,H582,873.3091946288216
A4. Ind Production 1270-1870,I582,445.53590617420394
A4. Ind Production 1270-1870,J582,1463.6272201100612
A4. Ind Production 1270-1870,K582,1823.2675844956186
A4. Ind Production 1270-1870,L582,991.2985878277179
A4. Ind Production 1270-1870,M582,379.3055125318858
A4. Ind Production 1270-1870,N582,757.7119284007142
A4. Ind Production 1270-1870,A583,1844
A4. Ind Production 1270-1870,B583,400
A4. Ind Production 1270-1870,C583,4798.9307245032505
A4. Ind Production 1270-1870,D583,1348.588382587038
A4. Ind Production 1270-1870,E583,1589.692380159534
A4. Ind Production 1270-1870,F583,346.46053922548333
A4. Ind Production 1270-1870,G583,233.21627841722253
A4. Ind Production 1270-1870,H583,923.9000928667499
A4. Ind Production 1270-1870,I583,480.669153541494
A4. Ind Production 1270-1870,J583,1589.692380159534
A4. Ind Production 1270-1870,K583,2424.5532703539807
A4. Ind Production 1270-1870,L583,1079.4197846740074
A4. Ind Production 1270-1870,M583,403.06048010576666
A4. Ind Production 1270-1870,N583,852.1134614404812
A4. Ind Production 1270-1870,A584,1845
A4. Ind Production 1270-1870,B584,420.3124999999999
A4. Ind Production 1270-1870,C584,3677.6852281239867
A4. Ind Production 1270-1870,D584,1656.7612293144211
A4. Ind Production 1270-1870,E584,1728.4995921676712
A4. Ind Production 1270-1870,F584,348.60802190663304
A4. Ind Production 1270-1870,G584,239.2632873068789
A4. Ind Production 1270-1870,H584,1338.085015027907
A4. Ind Production 1270-1870,I584,577.5751435325903
A4. Ind Production 1270-1870,J584,1728.4995921676712
A4. Ind Production 1270-1870,K584,2210.924259442531
A4. Ind Production 1270-1870,L584,1152.0627172995935
A4. Ind Production 1270-1870,M584,508.03041482813444
A4. Ind Production 1270-1870,N584,941.4845342112004
A4. Ind Production 1270-1870,A585,1846
A4. Ind Production 1270-1870,B585,434.375
A4. Ind Production 1270-1870,C585,4215.883066386034
A4. Ind Production 1270-1870,D585,1575.5480081379392
A4. Ind Production 1270-1870,E585,1668.0644377986564
A4. Ind Production 1270-1870,F585,292.77347219674107
A4. Ind Production 1270-1870,G585,246.149432522615
A4. Ind Production 1270-1870,H585,1517.2555369869945
A4. Ind Production 1270-1870,I585,581.4359399465782
A4. Ind Production 1270-1870,J585,1668.0644377986564
A4. Ind Production 1270-1870,K585,2387.831702803927
A4. Ind Production 1270-1870,L585,1078.228142758205
A4. Ind Production 1270-1870,M585,538.0952812261886
A4. Ind Production 1270-1870,N585,943.8568445747052
A4. Ind Production 1270-1870,A586,1847
A4. Ind Production 1270-1870,B586,446.875
A4. Ind Production 1270-1870,C586,4664.38126493774
A4. Ind Production 1270-1870,D586,1790.8909662714475
A4. Ind Production 1270-1870,E586,1363.4357916268902
A4. Ind Production 1270-1870,F586,321.40657461207024
A4. Ind Production 1270-1870,G586,249.6914374455427
A4. Ind Production 1270-1870,H586,1246.733221178679
A4. Ind Production 1270-1870,I586,528.1569494335452
A4. Ind Production 1270-1870,J586,1363.4357916268902
A4. Ind Production 1270-1870,K586,2543.290832363936
A4. Ind Production 1270-1870,L586,943.9750446363817
A4. Ind Production 1270-1870,M586,490.46794329440166
A4. Ind Production 1270-1870,N586,888.2181634579691
A4. Ind Production 1270-1870,A587,1848
A4. Ind Production 1270-1870,B587,460.9375
A4. Ind Production 1270-1870,C587,4843.780544358422
A4. Ind Production 1270-1870,D587,1849.8135126785628
A4. Ind Production 1270-1870,E587,1684.7317667656698
A4. Ind Production 1270-1870,F587,302.79505804210623
A4. Ind Production 1270-1870,G587,242.64794996493535
A4. Ind Production 1270-1870,H587,1346.5730284960105
A4. Ind Production 1270-1870,I587,494.5680206318504
A4. Ind Production 1270-1870,J587,1684.7317667656698
A4. Ind Production 1270-1870,K587,2655.12467675567
A4. Ind Production 1270-1870,L587,1094.5230825680244
A4. Ind Production 1270-1870,M587,499.71829830718804
A4. Ind Production 1270-1870,N587,955.124003726169
A4. Ind Production 1270-1870,A588,1849
A4. Ind Production 1270-1870,B588,481.25
A4. Ind Production 1270-1870,C588,4933.480184068763
A4. Ind Production 1270-1870,D588,1747.8827101571135
A4. Ind Production 1270-1870,E588,1780.3601223399305
A4. Ind Production 1270-1870,F588,317.82743681015404
A4. Ind Production 1270-1870,G588,256.5084054292698
A4. Ind Production 1270-1870,H588,1134.8066308966722
A4. Ind Production 1270-1870,I588,543.214055448098
A4. Ind Production 1270-1870,J588,1780.3601223399305
A4. Ind Production 1270-1870,K588,2687.6920893014108
A4. Ind Production 1270-1870,L588,1155.0878423786614
A4. Ind Production 1270-1870,M588,470.2230541311432
A4. Ind Production 1270-1870,N588,948.904481715403
A4. Ind Production 1270-1870,A589,1850
A4. Ind Production 1270-1870,B589,468.75
A4. Ind Production 1270-1870,C589,5381.978382620468
A4. Ind Production 1270-1870,D589,1912.7489972130124
A4. Ind Production 1270-1870,E589,1705.3068410627532
A4. Ind Production 1270-1870,F589,297.78426511942365
A4. Ind Production 1270-1870,G589,273.3162320862254
A4. Ind Production 1270-1870,H589,1058.0907111668425
A4. Ind Production 1270-1870,I589,667.5316999785084
A4. Ind Production 1270-1870,J589,1705.3068410627532
A4. Ind Production 1270-1870,K589,2858.8280853477886
A4. Ind Production 1270-1870,L589,1101.874317434509
A4. Ind Production 1270-1870,M589,482.7569320542408
A4. Ind Production 1270-1870,N589,957.4038891740109
A40. Trade by region 1710-1822,A1,Back to front page
A40. Trade by region 1710-1822,B1,A40. Trade by regions 1710-1822 based on official values
A40. Trade by region 1710-1822,B2,"Source: Moreau (1822) from Mitchell (1988).  England and Wales to 1754 (Imports)/1758(Exports), Great Britain thereafter."
A40. Trade by region 1710-1822,B3,These data are based on official values which were based on prices largely set and fixed at the end of the C17th.  So they do not accurately reflect the value of trade although this is unlikely to give a distortionary picture until the late C18th.  From 1784 the declared and computed values in the next sheet are to be preferred.
A40. Trade by region 1710-1822,B5,Northern Europe
A40. Trade by region 1710-1822,D5,Southern Europe
A40. Trade by region 1710-1822,F5,Africa
A40. Trade by region 1710-1822,H5,Asia
A40. Trade by region 1710-1822,J5,North America 
A40. Trade by region 1710-1822,P5,Central and South America
A40. Trade by region 1710-1822,R5,British West Indies
A40. Trade by region 1710-1822,T5,Total
A40. Trade by region 1710-1822,V5,Total based on Deane and Cole's data
A40. Trade by region 1710-1822,B6,Includes the ports of Europe as far south as the Franco-Belgian frontier.
A40. Trade by region 1710-1822,D6,"Includes the ports of Europe as far north as the Franco-Belgian frontier, plus Turkey and its domains (including Egypt)."
A40. Trade by region 1710-1822,J6,"US, Canada"
A40. Trade by region 1710-1822,L6,o/w Canada
A40. Trade by region 1710-1822,N6,o/w USA
A40. Trade by region 1710-1822,P6,including foreign West Indies
A40. Trade by region 1710-1822,B7,Total Imports of goods
A40. Trade by region 1710-1822,C7,Total Exports of Goods
A40. Trade by region 1710-1822,D7,Total Imports of goods
A40. Trade by region 1710-1822,E7,Total Exports of Goods
A40. Trade by region 1710-1822,F7,Total Imports of goods
A40. Trade by region 1710-1822,G7,Total Exports of Goods
A40. Trade by region 1710-1822,H7,Total Imports of goods
A40. Trade by region 1710-1822,I7,Total Exports of Goods
A40. Trade by region 1710-1822,J7,Total Imports of goods
A40. Trade by region 1710-1822,K7,Total Exports of Goods
A40. Trade by region 1710-1822,P7,Total Imports of goods
A40. Trade by region 1710-1822,Q7,Total Exports of Goods
A40. Trade by region 1710-1822,R7,Total Imports of goods
A40. Trade by region 1710-1822,S7,Total Exports of Goods
A40. Trade by region 1710-1822,T7,Total Imports of goods
A40. Trade by region 1710-1822,U7,Total Exports of Goods
A40. Trade by region 1710-1822,V7,Total Imports of goods
A40. Trade by region 1710-1822,W7,Total Exports of Goods
A40. Trade by region 1710-1822,X7,Difference
A40. Trade by region 1710-1822,Y7,Difference
A40. Trade by region 1710-1822,A8,£mn
A40. Trade by region 1710-1822,A94,1795
A40. Trade by region 1710-1822,B94,4.106
A40. Trade by region 1710-1822,C94,10.045
A40. Trade by region 1710-1822,D94,2.566
A40. Trade by region 1710-1822,E94,2.412
A40. Trade by region 1710-1822,F94,0.065
A40. Trade by region 1710-1822,G94,0.429
A40. Trade by region 1710-1822,H94,5.761
A40. Trade by region 1710-1822,I94,2.383
A40. Trade by region 1710-1822,J94,1.667
A40. Trade by region 1710-1822,K94,6.254
A40. Trade by region 1710-1822,L94,0.315
A40. Trade by region 1710-1822,M94,1
A40. Trade by region 1710-1822,N94,1.352
A40. Trade by region 1710-1822,O94,5.254
A40. Trade by region 1710-1822,P94,0.385
A40. Trade by region 1710-1822,Q94,0.206
A40. Trade by region 1710-1822,R94,4.099
A40. Trade by region 1710-1822,S94,2.461
A40. Trade by region 1710-1822,T94,18.649
A40. Trade by region 1710-1822,U94,24.19
A40. Trade by region 1710-1822,A95,1796
A40. Trade by region 1710-1822,B95,6.805
A40. Trade by region 1710-1822,C95,8.317
A40. Trade by region 1710-1822,D95,2.072
A40. Trade by region 1710-1822,E95,2.457
A40. Trade by region 1710-1822,F95,0.12
A40. Trade by region 1710-1822,G95,0.614
A40. Trade by region 1710-1822,H95,3.737
A40. Trade by region 1710-1822,I95,2.377
A40. Trade by region 1710-1822,J95,2.285
A40. Trade by region 1710-1822,K95,6.869
A40. Trade by region 1710-1822,L95,0.204
A40. Trade by region 1710-1822,M95,0.815
A40. Trade by region 1710-1822,N95,2.081
A40. Trade by region 1710-1822,O95,6.054
A40. Trade by region 1710-1822,P95,0.877
A40. Trade by region 1710-1822,Q95,1.041
A40. Trade by region 1710-1822,R95,3.967
A40. Trade by region 1710-1822,S95,3.223
A40. Trade by region 1710-1822,T95,19.863
A40. Trade by region 1710-1822,U95,24.898
A40. Trade by region 1710-1822,A96,1797
A40. Trade by region 1710-1822,B96,4.897
A40. Trade by region 1710-1822,C96,9.185
A40. Trade by region 1710-1822,D96,1.277
A40. Trade by region 1710-1822,E96,1.587
A40. Trade by region 1710-1822,F96,0.054
A40. Trade by region 1710-1822,G96,0.887
A40. Trade by region 1710-1822,H96,3.942
A40. Trade by region 1710-1822,I96,2.288
A40. Trade by region 1710-1822,J96,1.389
A40. Trade by region 1710-1822,K96,5.902
A40. Trade by region 1710-1822,L96,0.213
A40. Trade by region 1710-1822,M96,0.845
A40. Trade by region 1710-1822,N96,1.176
A40. Trade by region 1710-1822,O96,5.057
A40. Trade by region 1710-1822,P96,1.078
A40. Trade by region 1710-1822,Q96,0.665
A40. Trade by region 1710-1822,R96,4.309
A40. Trade by region 1710-1822,S96,3.144
A40. Trade by region 1710-1822,T96,16.946
A40. Trade by region 1710-1822,U96,23.658
A40. Trade by region 1710-1822,A97,1798
A40. Trade by region 1710-1822,B97,6.528
A40. Trade by region 1710-1822,C97,10.139
A40. Trade by region 1710-1822,D97,1.303
A40. Trade by region 1710-1822,E97,1.405
A40. Trade by region 1710-1822,F97,0.07
A40. Trade by region 1710-1822,G97,1.291
A40. Trade by region 1710-1822,H97,7.627
A40. Trade by region 1710-1822,I97,1.146
A40. Trade by region 1710-1822,J97,2.003
A40. Trade by region 1710-1822,K97,6.634
A40. Trade by region 1710-1822,L97,0.22
A40. Trade by region 1710-1822,M97,1.054
A40. Trade by region 1710-1822,N97,1.7830000000000001
A40. Trade by region 1710-1822,O97,5.58
A40. Trade by region 1710-1822,P97,1.159
A40. Trade by region 1710-1822,Q97,1.264
A40. Trade by region 1710-1822,R97,5.419
A40. Trade by region 1710-1822,S97,5.198
A40. Trade by region 1710-1822,T97,24.108999999999998
A40. Trade by region 1710-1822,U97,27.076999999999998
A40. Trade by region 1710-1822,A98,1799
A40. Trade by region 1710-1822,B98,7.292
A40. Trade by region 1710-1822,C98,7.939
A40. Trade by region 1710-1822,D98,1.842
A40. Trade by region 1710-1822,E98,2.099
A40. Trade by region 1710-1822,F98,0.113
A40. Trade by region 1710-1822,G98,1.622
A40. Trade by region 1710-1822,H98,4.285
A40. Trade by region 1710-1822,I98,2.436
A40. Trade by region 1710-1822,J98,1.989
A40. Trade by region 1710-1822,K98,8.149
A40. Trade by region 1710-1822,L98,0.17
A40. Trade by region 1710-1822,M98,1.092
A40. Trade by region 1710-1822,N98,1.8190000000000002
A40. Trade by region 1710-1822,O98,7.056999999999999
A40. Trade by region 1710-1822,P98,1.39
A40. Trade by region 1710-1822,Q98,1.048
A40. Trade by region 1710-1822,R98,6.162
A40. Trade by region 1710-1822,S98,5.947
A40. Trade by region 1710-1822,T98,23.073
A40. Trade by region 1710-1822,U98,29.24
A40. Trade by region 1710-1822,A99,1800
A40. Trade by region 1710-1822,B99,7.026
A40. Trade by region 1710-1822,C99,14.325
A40. Trade by region 1710-1822,D99,2.403
A40. Trade by region 1710-1822,E99,3.404
A40. Trade by region 1710-1822,F99,0.097
A40. Trade by region 1710-1822,G99,1.099
A40. Trade by region 1710-1822,H99,4.942
A40. Trade by region 1710-1822,I99,2.86
A40. Trade by region 1710-1822,J99,2.751
A40. Trade by region 1710-1822,K99,8.862
A40. Trade by region 1710-1822,L99,0.393
A40. Trade by region 1710-1822,M99,0.976
A40. Trade by region 1710-1822,N99,2.3579999999999997
A40. Trade by region 1710-1822,O99,7.886
A40. Trade by region 1710-1822,P99,1.497
A40. Trade by region 1710-1822,Q99,0.479
A40. Trade by region 1710-1822,R99,7.369
A40. Trade by region 1710-1822,S99,4.087
A40. Trade by region 1710-1822,T99,26.085
A40. Trade by region 1710-1822,U99,35.116
A40. Trade by region 1710-1822,A100,1801
A40. Trade by region 1710-1822,B100,7.235
A40. Trade by region 1710-1822,C100,14.442
A40. Trade by region 1710-1822,D100,2.274
A40. Trade by region 1710-1822,E100,3.545
A40. Trade by region 1710-1822,F100,0.139
A40. Trade by region 1710-1822,G100,1.124
A40. Trade by region 1710-1822,H100,5.424
A40. Trade by region 1710-1822,I100,2.946
A40. Trade by region 1710-1822,J100,3.163
A40. Trade by region 1710-1822,K100,8.535
A40. Trade by region 1710-1822,L100,0.456
A40. Trade by region 1710-1822,M100,1.017
A40. Trade by region 1710-1822,N100,2.707
A40. Trade by region 1710-1822,O100,7.518000000000001
A40. Trade by region 1710-1822,P100,2.577
A40. Trade by region 1710-1822,Q100,0.589
A40. Trade by region 1710-1822,R100,8.436
A40. Trade by region 1710-1822,S100,4.386
A40. Trade by region 1710-1822,T100,29.247999999999998
A40. Trade by region 1710-1822,U100,35.567
A40. Trade by region 1710-1822,A101,1802
A40. Trade by region 1710-1822,B101,5.916
A40. Trade by region 1710-1822,C101,15.015
A40. Trade by region 1710-1822,D101,3.242
A40. Trade by region 1710-1822,E101,7.752
A40. Trade by region 1710-1822,F101,0.169
A40. Trade by region 1710-1822,G101,1.161
A40. Trade by region 1710-1822,H101,5.795
A40. Trade by region 1710-1822,I101,2.93
A40. Trade by region 1710-1822,J101,2.292
A40. Trade by region 1710-1822,K101,6.68
A40. Trade by region 1710-1822,L101,0.368
A40. Trade by region 1710-1822,M101,1.351
A40. Trade by region 1710-1822,N101,1.924
A40. Trade by region 1710-1822,O101,5.329
A40. Trade by region 1710-1822,P101,1.658
A40. Trade by region 1710-1822,Q101,0.285
A40. Trade by region 1710-1822,R101,8.531
A40. Trade by region 1710-1822,S101,3.926
A40. Trade by region 1710-1822,T101,27.603
A40. Trade by region 1710-1822,U101,37.748999999999995
A40. Trade by region 1710-1822,A102,1803
A40. Trade by region 1710-1822,B102,5.346
A40. Trade by region 1710-1822,C102,11.372
A40. Trade by region 1710-1822,D102,3.527
A40. Trade by region 1710-1822,E102,3.868
A40. Trade by region 1710-1822,F102,0.094
A40. Trade by region 1710-1822,G102,0.819
A40. Trade by region 1710-1822,H102,6.349
A40. Trade by region 1710-1822,I102,2.733
A40. Trade by region 1710-1822,J102,2.242
A40. Trade by region 1710-1822,K102,6.355
A40. Trade by region 1710-1822,L102,0.328
A40. Trade by region 1710-1822,M102,1.082
A40. Trade by region 1710-1822,N102,1.914
A40. Trade by region 1710-1822,O102,5.273000000000001
A40. Trade by region 1710-1822,P102,0.355
A40. Trade by region 1710-1822,Q102,0.193
A40. Trade by region 1710-1822,R102,6.132
A40. Trade by region 1710-1822,S102,2.38
A40. Trade by region 1710-1822,T102,24.045
A40. Trade by region 1710-1822,U102,27.720000000000002
A40. Trade by region 1710-1822,A103,1804
A40. Trade by region 1710-1822,B103,6.435
A40. Trade by region 1710-1822,C103,12.716
A40. Trade by region 1710-1822,D103,2.217
A40. Trade by region 1710-1822,E103,3.033
A40. Trade by region 1710-1822,F103,0.164
A40. Trade by region 1710-1822,G103,1.173
A40. Trade by region 1710-1822,H103,5.215
A40. Trade by region 1710-1822,I103,1.766
A40. Trade by region 1710-1822,J103,2.029
A40. Trade by region 1710-1822,K103,7.454
A40. Trade by region 1710-1822,L103,0.378
A40. Trade by region 1710-1822,M103,1.056
A40. Trade by region 1710-1822,N103,1.6509999999999998
A40. Trade by region 1710-1822,O103,6.398
A40. Trade by region 1710-1822,P103,0.346
A40. Trade by region 1710-1822,Q103,0.312
A40. Trade by region 1710-1822,R103,7.682
A40. Trade by region 1710-1822,S103,4.282
A40. Trade by region 1710-1822,T103,24.088
A40. Trade by region 1710-1822,U103,30.735999999999997
A40. Trade by region 1710-1822,A104,1805
A40. Trade by region 1710-1822,B104,7.137
A40. Trade by region 1710-1822,C104,13.026
A40. Trade by region 1710-1822,D104,2.872
A40. Trade by region 1710-1822,E104,2.44
A40. Trade by region 1710-1822,F104,0.107
A40. Trade by region 1710-1822,G104,0.991
A40. Trade by region 1710-1822,H104,6.073
A40. Trade by region 1710-1822,I104,1.669
A40. Trade by region 1710-1822,J104,2.061
A40. Trade by region 1710-1822,K104,8.014
A40. Trade by region 1710-1822,L104,0.294
A40. Trade by region 1710-1822,M104,0.865
A40. Trade by region 1710-1822,N104,1.767
A40. Trade by region 1710-1822,O104,7.148999999999999
A40. Trade by region 1710-1822,P104,0.736
A40. Trade by region 1710-1822,Q104,0.319
A40. Trade by region 1710-1822,R104,6.72
A40. Trade by region 1710-1822,S104,3.832
A40. Trade by region 1710-1822,T104,25.706
A40. Trade by region 1710-1822,U104,30.291
A40. Trade by region 1710-1822,A105,1806
A40. Trade by region 1710-1822,B105,5.805
A40. Trade by region 1710-1822,C105,10.533
A40. Trade by region 1710-1822,D105,2.392
A40. Trade by region 1710-1822,E105,2.678
A40. Trade by region 1710-1822,F105,0.116
A40. Trade by region 1710-1822,G105,1.433
A40. Trade by region 1710-1822,H105,3.755
A40. Trade by region 1710-1822,I105,1.937
A40. Trade by region 1710-1822,J105,2.33
A40. Trade by region 1710-1822,K105,9.564
A40. Trade by region 1710-1822,L105,0.33
A40. Trade by region 1710-1822,M105,0.951
A40. Trade by region 1710-1822,N105,2
A40. Trade by region 1710-1822,O105,8.613
A40. Trade by region 1710-1822,P105,1.227
A40. Trade by region 1710-1822,Q105,1.796
A40. Trade by region 1710-1822,R105,8.815
A40. Trade by region 1710-1822,S105,4.734
A40. Trade by region 1710-1822,T105,24.439999999999998
A40. Trade by region 1710-1822,U105,32.675
A40. Trade by region 1710-1822,A106,1807
A40. Trade by region 1710-1822,B106,5.154
A40. Trade by region 1710-1822,C106,9.412
A40. Trade by region 1710-1822,D106,2.819
A40. Trade by region 1710-1822,E106,3.278
A40. Trade by region 1710-1822,F106,0.122
A40. Trade by region 1710-1822,G106,0.798
A40. Trade by region 1710-1822,H106,3.402
A40. Trade by region 1710-1822,I106,1.884
A40. Trade by region 1710-1822,J106,3.298
A40. Trade by region 1710-1822,K106,8.982
A40. Trade by region 1710-1822,L106,0.45
A40. Trade by region 1710-1822,M106,1.061
A40. Trade by region 1710-1822,N106,2.848
A40. Trade by region 1710-1822,O106,7.920999999999999
A40. Trade by region 1710-1822,P106,1.341
A40. Trade by region 1710-1822,Q106,1.326
A40. Trade by region 1710-1822,R106,7.98
A40. Trade by region 1710-1822,S106,4.579
A40. Trade by region 1710-1822,T106,24.116
A40. Trade by region 1710-1822,U106,30.259
A40. Trade by region 1710-1822,A107,1808
A40. Trade by region 1710-1822,B107,2.12
A40. Trade by region 1710-1822,C107,4.734
A40. Trade by region 1710-1822,D107,2.091
A40. Trade by region 1710-1822,E107,6.547
A40. Trade by region 1710-1822,F107,0.143
A40. Trade by region 1710-1822,G107,0.533
A40. Trade by region 1710-1822,H107,3.858
A40. Trade by region 1710-1822,I107,1.933
A40. Trade by region 1710-1822,J107,1.663
A40. Trade by region 1710-1822,K107,5.117
A40. Trade by region 1710-1822,L107,0.827
A40. Trade by region 1710-1822,M107,1.125
A40. Trade by region 1710-1822,N107,0.8360000000000001
A40. Trade by region 1710-1822,O107,3.992
A40. Trade by region 1710-1822,P107,2.838
A40. Trade by region 1710-1822,Q107,4.83
A40. Trade by region 1710-1822,R107,8.778
A40. Trade by region 1710-1822,S107,5.929
A40. Trade by region 1710-1822,T107,21.491
A40. Trade by region 1710-1822,U107,29.622999999999998
A40. Trade by region 1710-1822,A108,1809
A40. Trade by region 1710-1822,B108,5.66
A40. Trade by region 1710-1822,C108,13.666
A40. Trade by region 1710-1822,D108,3.935
A40. Trade by region 1710-1822,E108,10.055
A40. Trade by region 1710-1822,F108,0.185
A40. Trade by region 1710-1822,G108,0.706
A40. Trade by region 1710-1822,H108,3.366
A40. Trade by region 1710-1822,I108,1.648
A40. Trade by region 1710-1822,J108,2.883
A40. Trade by region 1710-1822,K108,6.936
A40. Trade by region 1710-1822,L108,0.678
A40. Trade by region 1710-1822,M108,1.748
A40. Trade by region 1710-1822,N108,2.205
A40. Trade by region 1710-1822,O108,5.188
A40. Trade by region 1710-1822,P108,5.09
A40. Trade by region 1710-1822,Q108,6.382
A40. Trade by region 1710-1822,R108,7.703
A40. Trade by region 1710-1822,S108,5.975
A40. Trade by region 1710-1822,T108,28.822
A40. Trade by region 1710-1822,U108,45.367999999999995
A40. Trade by region 1710-1822,A109,1810
A40. Trade by region 1710-1822,B109,7.48
A40. Trade by region 1710-1822,C109,11.221
A40. Trade by region 1710-1822,D109,4.996
A40. Trade by region 1710-1822,E109,8.385
A40. Trade by region 1710-1822,F109,0.257
A40. Trade by region 1710-1822,G109,0.484
A40. Trade by region 1710-1822,H109,4.71
A40. Trade by region 1710-1822,I109,1.717
A40. Trade by region 1710-1822,J109,3.499
A40. Trade by region 1710-1822,K109,9.658
A40. Trade by region 1710-1822,L109,0.885
A40. Trade by region 1710-1822,M109,1.845
A40. Trade by region 1710-1822,N109,2.614
A40. Trade by region 1710-1822,O109,7.813
A40. Trade by region 1710-1822,P109,6.961
A40. Trade by region 1710-1822,Q109,5.97
A40. Trade by region 1710-1822,R109,8.258
A40. Trade by region 1710-1822,S109,4.79
A40. Trade by region 1710-1822,T109,36.161
A40. Trade by region 1710-1822,U109,42.225
A40. Trade by region 1710-1822,A110,1811
A40. Trade by region 1710-1822,B110,2.652
A40. Trade by region 1710-1822,C110,2.358
A40. Trade by region 1710-1822,D110,1.685
A40. Trade by region 1710-1822,E110,12.606
A40. Trade by region 1710-1822,F110,0.189
A40. Trade by region 1710-1822,G110,0.318
A40. Trade by region 1710-1822,H110,4.106
A40. Trade by region 1710-1822,I110,1.665
A40. Trade by region 1710-1822,J110,3.111
A40. Trade by region 1710-1822,K110,13.342
A40. Trade by region 1710-1822,L110,0.802
A40. Trade by region 1710-1822,M110,1.91
A40. Trade by region 1710-1822,N110,2.309
A40. Trade by region 1710-1822,O110,11.432
A40. Trade by region 1710-1822,P110,3.831
A40. Trade by region 1710-1822,Q110,3.047
A40. Trade by region 1710-1822,R110,8.452
A40. Trade by region 1710-1822,S110,4.123
A40. Trade by region 1710-1822,T110,24.026
A40. Trade by region 1710-1822,U110,37.458999999999996
A40. Trade by region 1710-1822,A111,1812
A40. Trade by region 1710-1822,B111,3.213
A40. Trade by region 1710-1822,C111,5.46
A40. Trade by region 1710-1822,D111,2.952
A40. Trade by region 1710-1822,E111,15.528
A40. Trade by region 1710-1822,F111,0.172
A40. Trade by region 1710-1822,G111,0.444
A40. Trade by region 1710-1822,H111,5.602
A40. Trade by region 1710-1822,I111,1.779
A40. Trade by region 1710-1822,J111,2.014
A40. Trade by region 1710-1822,K111,5.555
A40. Trade by region 1710-1822,L111,0.72
A40. Trade by region 1710-1822,M111,1.419
A40. Trade by region 1710-1822,N111,1.2939999999999998
A40. Trade by region 1710-1822,O111,4.135999999999999
A40. Trade by region 1710-1822,P111,2.471
A40. Trade by region 1710-1822,Q111,4.115
A40. Trade by region 1710-1822,R111,7.487
A40. Trade by region 1710-1822,S111,4.767
A40. Trade by region 1710-1822,T111,23.911
A40. Trade by region 1710-1822,U111,37.648
A40. Trade by region 1710-1822,A112,1813
A40. Trade by region 1710-1822,A113,1814
A40. Trade by region 1710-1822,B113,6.399
A40. Trade by region 1710-1822,C113,22.922
A40. Trade by region 1710-1822,D113,3.443
A40. Trade by region 1710-1822,E113,12.348
A40. Trade by region 1710-1822,F113,0.269
A40. Trade by region 1710-1822,G113,0.422
A40. Trade by region 1710-1822,H113,6.304
A40. Trade by region 1710-1822,I113,1.698
A40. Trade by region 1710-1822,J113,0.346
A40. Trade by region 1710-1822,K113,4.1
A40. Trade by region 1710-1822,L113,0.323
A40. Trade by region 1710-1822,M113,4.093
A40. Trade by region 1710-1822,N113,0.022999999999999965
A40. Trade by region 1710-1822,O113,0.006999999999999673
A40. Trade by region 1710-1822,P113,6.22
A40. Trade by region 1710-1822,Q113,4.302
A40. Trade by region 1710-1822,R113,8.497
A40. Trade by region 1710-1822,S113,6.315
A40. Trade by region 1710-1822,T113,31.477999999999998
A40. Trade by region 1710-1822,U113,52.107
A40. Trade by region 1710-1822,A114,1815
A40. Trade by region 1710-1822,B114,4.986
A40. Trade by region 1710-1822,C114,19.86
A40. Trade by region 1710-1822,D114,3.244
A40. Trade by region 1710-1822,E114,9.071
A40. Trade by region 1710-1822,F114,0.325
A40. Trade by region 1710-1822,G114,0.393
A40. Trade by region 1710-1822,H114,8.042
A40. Trade by region 1710-1822,I114,2.093
A40. Trade by region 1710-1822,J114,2.739
A40. Trade by region 1710-1822,K114,15.036
A40. Trade by region 1710-1822,L114,0.369
A40. Trade by region 1710-1822,M114,3.099
A40. Trade by region 1710-1822,N114,2.37
A40. Trade by region 1710-1822,O114,11.937
A40. Trade by region 1710-1822,P114,3.371
A40. Trade by region 1710-1822,Q114,3.786
A40. Trade by region 1710-1822,R114,8.527
A40. Trade by region 1710-1822,S114,6.916
A40. Trade by region 1710-1822,T114,31.234
A40. Trade by region 1710-1822,U114,57.155
A40. Trade by region 1710-1822,A115,1816
A40. Trade by region 1710-1822,B115,2.784
A40. Trade by region 1710-1822,C115,18.493
A40. Trade by region 1710-1822,D115,2.068
A40. Trade by region 1710-1822,E115,9
A40. Trade by region 1710-1822,F115,0.24
A40. Trade by region 1710-1822,G115,0.38
A40. Trade by region 1710-1822,H115,8.313
A40. Trade by region 1710-1822,I115,2.205
A40. Trade by region 1710-1822,J115,2.879
A40. Trade by region 1710-1822,K115,10.008
A40. Trade by region 1710-1822,L115,0.493
A40. Trade by region 1710-1822,M115,2.208
A40. Trade by region 1710-1822,N115,2.386
A40. Trade by region 1710-1822,O115,7.799999999999999
A40. Trade by region 1710-1822,P115,1.974
A40. Trade by region 1710-1822,Q115,3.284
A40. Trade by region 1710-1822,R115,7.547
A40. Trade by region 1710-1822,S115,4.608
A40. Trade by region 1710-1822,T115,25.805000000000003
A40. Trade by region 1710-1822,U115,47.977999999999994
A40. Trade by region 1710-1822,A116,1817
A40. Trade by region 1710-1822,B116,4.897
A40. Trade by region 1710-1822,C116,16.988
A40. Trade by region 1710-1822,D116,3.1
A40. Trade by region 1710-1822,E116,9.529
A40. Trade by region 1710-1822,F116,0.348
A40. Trade by region 1710-1822,G116,0.506
A40. Trade by region 1710-1822,H116,7.688
A40. Trade by region 1710-1822,I116,2.795
A40. Trade by region 1710-1822,J116,3.672
A40. Trade by region 1710-1822,K116,7.773
A40. Trade by region 1710-1822,L116,0.615
A40. Trade by region 1710-1822,M116,1.396
A40. Trade by region 1710-1822,N116,3.0570000000000004
A40. Trade by region 1710-1822,O116,6.377
A40. Trade by region 1710-1822,P116,1.702
A40. Trade by region 1710-1822,Q116,4.882
A40. Trade by region 1710-1822,R116,8.021
A40. Trade by region 1710-1822,S116,6.762
A40. Trade by region 1710-1822,T116,29.428000000000004
A40. Trade by region 1710-1822,U116,49.23499999999999
A40. Trade by region 1710-1822,A117,1818
A40. Trade by region 1710-1822,B117,7.875
A40. Trade by region 1710-1822,C117,17.181
A40. Trade by region 1710-1822,D117,4.944
A40. Trade by region 1710-1822,E117,10.141
A40. Trade by region 1710-1822,F117,0.285
A40. Trade by region 1710-1822,G117,0.479
A40. Trade by region 1710-1822,H117,7.343
A40. Trade by region 1710-1822,I117,3.096
A40. Trade by region 1710-1822,J117,4.117
A40. Trade by region 1710-1822,K117,10.178
A40. Trade by region 1710-1822,L117,0.69
A40. Trade by region 1710-1822,M117,1.795
A40. Trade by region 1710-1822,N117,3.427
A40. Trade by region 1710-1822,O117,8.383000000000001
A40. Trade by region 1710-1822,P117,2.331
A40. Trade by region 1710-1822,Q117,5.552
A40. Trade by region 1710-1822,R117,8.347
A40. Trade by region 1710-1822,S117,5.785
A40. Trade by region 1710-1822,T117,35.242
A40. Trade by region 1710-1822,U117,52.412000000000006
A40. Trade by region 1710-1822,A118,1819
A40. Trade by region 1710-1822,B118,4.819
A40. Trade by region 1710-1822,C118,16.016
A40. Trade by region 1710-1822,D118,3.175
A40. Trade by region 1710-1822,E118,9.441
A40. Trade by region 1710-1822,F118,0.254
A40. Trade by region 1710-1822,G118,0.423
A40. Trade by region 1710-1822,H118,7.344
A40. Trade by region 1710-1822,I118,2.422
A40. Trade by region 1710-1822,J118,3.439
A40. Trade by region 1710-1822,K118,6.303
A40. Trade by region 1710-1822,L118,0.751
A40. Trade by region 1710-1822,M118,2.001
A40. Trade by region 1710-1822,N118,2.688
A40. Trade by region 1710-1822,O118,4.302
A40. Trade by region 1710-1822,P118,2.017
A40. Trade by region 1710-1822,Q118,3.472
A40. Trade by region 1710-1822,R118,7.888
A40. Trade by region 1710-1822,S118,4.49
A40. Trade by region 1710-1822,T118,28.936
A40. Trade by region 1710-1822,U118,42.567
A40. Trade by region 1710-1822,A119,1820
A40. Trade by region 1710-1822,B119,4.799
A40. Trade by region 1710-1822,C119,18.982
A40. Trade by region 1710-1822,D119,3.453
A40. Trade by region 1710-1822,E119,10.693
A40. Trade by region 1710-1822,F119,0.174
A40. Trade by region 1710-1822,G119,0.566
A40. Trade by region 1710-1822,H119,7.568
A40. Trade by region 1710-1822,I119,3.391
A40. Trade by region 1710-1822,J119,4.492
A40. Trade by region 1710-1822,K119,5.597
A40. Trade by region 1710-1822,L119,0.841
A40. Trade by region 1710-1822,M119,1.676
A40. Trade by region 1710-1822,N119,3.651
A40. Trade by region 1710-1822,O119,3.9210000000000003
A40. Trade by region 1710-1822,P119,2.326
A40. Trade by region 1710-1822,Q119,4.45
A40. Trade by region 1710-1822,R119,8.011
A40. Trade by region 1710-1822,S119,4.353
A40. Trade by region 1710-1822,T119,30.823
A40. Trade by region 1710-1822,U119,48.032000000000004
A40. Trade by region 1710-1822,A120,1821
A40. Trade by region 1710-1822,B120,3.966
A40. Trade by region 1710-1822,C120,16.052
A40. Trade by region 1710-1822,D120,3.631
A40. Trade by region 1710-1822,E120,11.264
A40. Trade by region 1710-1822,F120,0.299
A40. Trade by region 1710-1822,G120,0.684
A40. Trade by region 1710-1822,H120,6.939
A40. Trade by region 1710-1822,I120,4.428
A40. Trade by region 1710-1822,J120,4.486
A40. Trade by region 1710-1822,K120,8.003
A40. Trade by region 1710-1822,L120,0.844
A40. Trade by region 1710-1822,M120,1.396
A40. Trade by region 1710-1822,N120,3.642
A40. Trade by region 1710-1822,O120,6.607
A40. Trade by region 1710-1822,P120,2.471
A40. Trade by region 1710-1822,Q120,4.927
A40. Trade by region 1710-1822,R120,7.978
A40. Trade by region 1710-1822,S120,5.069
A40. Trade by region 1710-1822,T120,29.770000000000003
A40. Trade by region 1710-1822,U120,50.427
A40. Trade by region 1710-1822,A121,1822
A40. Trade by region 1710-1822,B121,5.095
A40. Trade by region 1710-1822,C121,15.358
A40. Trade by region 1710-1822,D121,3.824
A40. Trade by region 1710-1822,E121,13.932
A40. Trade by region 1710-1822,F121,0.275
A40. Trade by region 1710-1822,G121,0.682
A40. Trade by region 1710-1822,H121,6.123
A40. Trade by region 1710-1822,I121,4.101
A40. Trade by region 1710-1822,J121,4.802
A40. Trade by region 1710-1822,K121,8.903
A40. Trade by region 1710-1822,L121,0.781
A40. Trade by region 1710-1822,M121,1.535
A40. Trade by region 1710-1822,N121,4.021
A40. Trade by region 1710-1822,O121,7.368
A40. Trade by region 1710-1822,P121,2.108
A40. Trade by region 1710-1822,Q121,5.323
A40. Trade by region 1710-1822,R121,7.691
A40. Trade by region 1710-1822,S121,4.146
A40. Trade by region 1710-1822,T121,29.918
A40. Trade by region 1710-1822,U121,52.445
A41. Trade by region 1784+,A1,Back to front page
A41. Trade by region 1784+,B1,"A41. Breakdown of Trade by Geographical region based on computed and declared values, 1784-2015"
A41. Trade by region 1784+,B3,"Computed Values of External Trade- Great Britain, 1784-6 to 1854-6"
A41. Trade by region 1784+,B4,Source: Davis (1979)
A41. Trade by region 1784+,A5,£ 000s
A41. Trade by region 1784+,C6,Ireland
A41. Trade by region 1784+,G6,Northern Europe
A41. Trade by region 1784+,K6,North Western Europe
A41. Trade by region 1784+,O6,Southern Europe
A41. Trade by region 1784+,S6,Europe Total
A41. Trade by region 1784+,B7,Imports
A41. Trade by region 1784+,C7,Exports 
A41. Trade by region 1784+,D7,Re-exports  
A41. Trade by region 1784+,F7,Imports
A41. Trade by region 1784+,G7,Exports 
A41. Trade by region 1784+,H7,Re-exports  
A41. Trade by region 1784+,J7, Imports
A41. Trade by region 1784+,K7,Exports 
A41. Trade by region 1784+,L7,Re-exports
A41. Trade by region 1784+,N7, Imports
A41. Trade by region 1784+,O7,Exports
A41. Trade by region 1784+,P7,   Re-exports
A41. Trade by region 1784+,S7, Imports
A41. Trade by region 1784+,T7,Exports
A41. Trade by region 1784+,U7,   Re-exports
A41. Trade by region 1784+,A8,1784-6
A41. Trade by region 1784+,B8,2375
A41. Trade by region 1784+,C8,924
A41. Trade by region 1784+,D8,2668
A41. Trade by region 1784+,F8,3808
A41. Trade by region 1784+,G8,535
A41. Trade by region 1784+,H8,193
A41. Trade by region 1784+,J8,2247
A41. Trade by region 1784+,K8,2335
A41. Trade by region 1784+,L8,1471
A41. Trade by region 1784+,N8,2871
A41. Trade by region 1784+,O8,2478
A41. Trade by region 1784+,P8,193
A41. Trade by region 1784+,S8,8926
A41. Trade by region 1784+,T8,5348
A41. Trade by region 1784+,U8,1857
A41. Trade by region 1784+,A9,1794-6
A41. Trade by region 1784+,B9,3591
A41. Trade by region 1784+,C9,2258
A41. Trade by region 1784+,D9,6944
A41. Trade by region 1784+,F9,6822
A41. Trade by region 1784+,G9,978
A41. Trade by region 1784+,H9,679
A41. Trade by region 1784+,J9,3589
A41. Trade by region 1784+,K9,2056
A41. Trade by region 1784+,L9,4445
A41. Trade by region 1784+,N9,4632
A41. Trade by region 1784+,O9,2500
A41. Trade by region 1784+,P9,373
A41. Trade by region 1784+,S9,15043
A41. Trade by region 1784+,T9,5534
A41. Trade by region 1784+,U9,5497
A41. Trade by region 1784+,A10,1804-6
A41. Trade by region 1784+,B10,4939
A41. Trade by region 1784+,C10,3706
A41. Trade by region 1784+,D10,8311
A41. Trade by region 1784+,F10,13195
A41. Trade by region 1784+,G10,7448
A41. Trade by region 1784+,H10,3494
A41. Trade by region 1784+,J10,3626
A41. Trade by region 1784+,K10,2749
A41. Trade by region 1784+,L10,2547
A41. Trade by region 1784+,N10,6370
A41. Trade by region 1784+,O10,3524
A41. Trade by region 1784+,P10,508
A41. Trade by region 1784+,S10,23191
A41. Trade by region 1784+,T10,13721
A41. Trade by region 1784+,U10,6549
A41. Trade by region 1784+,A11,1814-6
A41. Trade by region 1784+,B11,7055
A41. Trade by region 1784+,C11,3528
A41. Trade by region 1784+,D11,16067
A41. Trade by region 1784+,F11,8575
A41. Trade by region 1784+,G11,3086
A41. Trade by region 1784+,H11,1779
A41. Trade by region 1784+,J11,6482
A41. Trade by region 1784+,K11,10103
A41. Trade by region 1784+,L11,10896
A41. Trade by region 1784+,N11,7661
A41. Trade by region 1784+,O11,7955
A41. Trade by region 1784+,P11,1516
A41. Trade by region 1784+,S11,22718
A41. Trade by region 1784+,T11,21144
A41. Trade by region 1784+,U11,14191
A41. Trade by region 1784+,A12,1824-6
A41. Trade by region 1784+,B12,9414
A41. Trade by region 1784+,C12,4608
A41. Trade by region 1784+,D12,8121
A41. Trade by region 1784+,F12,7245
A41. Trade by region 1784+,G12,1762
A41. Trade by region 1784+,H12,1041
A41. Trade by region 1784+,J12,9862
A41. Trade by region 1784+,K12,6995
A41. Trade by region 1784+,L12,4110
A41. Trade by region 1784+,N12,6009
A41. Trade by region 1784+,O12,5145
A41. Trade by region 1784+,P12,980
A41. Trade by region 1784+,S12,23116
A41. Trade by region 1784+,T12,13902
A41. Trade by region 1784+,U12,6131
A41. Trade by region 1784+,A13,1834-6
A41. Trade by region 1784+,F13,7430
A41. Trade by region 1784+,G13,1890
A41. Trade by region 1784+,H13,859
A41. Trade by region 1784+,J13,13069
A41. Trade by region 1784+,K13,9752
A41. Trade by region 1784+,L13,4767
A41. Trade by region 1784+,N13,5839
A41. Trade by region 1784+,O13,5968
A41. Trade by region 1784+,P13,1641
A41. Trade by region 1784+,S13,26338
A41. Trade by region 1784+,T13,17610
A41. Trade by region 1784+,U13,7267
A41. Trade by region 1784+,A14,1844-6
A41. Trade by region 1784+,F14,8826
A41. Trade by region 1784+,G14,2590
A41. Trade by region 1784+,H14,1017
A41. Trade by region 1784+,J14,15499
A41. Trade by region 1784+,K14,14754
A41. Trade by region 1784+,L14,5350
A41. Trade by region 1784+,N14,5869
A41. Trade by region 1784+,O14,5907
A41. Trade by region 1784+,P14,1070
A41. Trade by region 1784+,S14,30194
A41. Trade by region 1784+,T14,23251
A41. Trade by region 1784+,U14,7437
A41. Trade by region 1784+,A15,1854-6
A41. Trade by region 1784+,F15,11235
A41. Trade by region 1784+,G15,2404
A41. Trade by region 1784+,H15,1304
A41. Trade by region 1784+,J15,33663
A41. Trade by region 1784+,K15,22396
A41. Trade by region 1784+,L15,13629
A41. Trade by region 1784+,N15,10182
A41. Trade by region 1784+,O15,8191
A41. Trade by region 1784+,P15,1608
A41. Trade by region 1784+,S15,55080
A41. Trade by region 1784+,T15,32991
A41. Trade by region 1784+,U15,16541
A41. Trade by region 1784+,C17,Near East
A41. Trade by region 1784+,G17,Africa
A41. Trade by region 1784+,K17,Asia
A41. Trade by region 1784+,O17,Australasia
A41. Trade by region 1784+,B18,Imports
A41. Trade by region 1784+,C18,Exports   
A41. Trade by region 1784+,D18,Re-exports   
A41. Trade by region 1784+,F18,Imports
A41. Trade by region 1784+,G18,Exports   
A41. Trade by region 1784+,H18,Re-exports  
A41. Trade by region 1784+,J18, Imports
A41. Trade by region 1784+,K18,Exports 
A41. Trade by region 1784+,L18,Re-exports
A41. Trade by region 1784+,N18, Imports
A41. Trade by region 1784+,O18,Exports 
A41. Trade by region 1784+,P18,Re-exports
A41. Trade by region 1784+,A19,1784-6
A41. Trade by region 1784+,B19,273
A41. Trade by region 1784+,C19,64
A41. Trade by region 1784+,D19,14
A41. Trade by region 1784+,F19,148
A41. Trade by region 1784+,G19,489
A41. Trade by region 1784+,H19,160
A41. Trade by region 1784+,J19,4952
A41. Trade by region 1784+,K19,1813
A41. Trade by region 1784+,L19,69
A41. Trade by region 1784+,A20,1794-6
A41. Trade by region 1784+,B20,378
A41. Trade by region 1784+,C20,62
A41. Trade by region 1784+,D20,70
A41. Trade by region 1784+,F20,191
A41. Trade by region 1784+,G20,483
A41. Trade by region 1784+,H20,283
A41. Trade by region 1784+,J20,7340
A41. Trade by region 1784+,K20,3539
A41. Trade by region 1784+,L20,87
A41. Trade by region 1784+,O20,7
A41. Trade by region 1784+,A21,1804-6
A41. Trade by region 1784+,B21,241
A41. Trade by region 1784+,C21,137
A41. Trade by region 1784+,D21,33
A41. Trade by region 1784+,F21,386
A41. Trade by region 1784+,G21,1187
A41. Trade by region 1784+,H21,208
A41. Trade by region 1784+,J21,8011
A41. Trade by region 1784+,K21,2703
A41. Trade by region 1784+,L21,287
A41. Trade by region 1784+,N21,8
A41. Trade by region 1784+,O21,36
A41. Trade by region 1784+,P21,4
A41. Trade by region 1784+,A22,1814-6
A41. Trade by region 1784+,B22,416
A41. Trade by region 1784+,C22,222
A41. Trade by region 1784+,D22,94
A41. Trade by region 1784+,F22,703
A41. Trade by region 1784+,G22,353
A41. Trade by region 1784+,H22,80
A41. Trade by region 1784+,J22,11796
A41. Trade by region 1784+,K22,2757
A41. Trade by region 1784+,L22,438
A41. Trade by region 1784+,N22,23
A41. Trade by region 1784+,O22,22
A41. Trade by region 1784+,P22,2
A41. Trade by region 1784+,A23,1824-6
A41. Trade by region 1784+,B23,1154
A41. Trade by region 1784+,C23,650
A41. Trade by region 1784+,D23,57
A41. Trade by region 1784+,F23,681
A41. Trade by region 1784+,G23,372
A41. Trade by region 1784+,H23,133
A41. Trade by region 1784+,J23,11019
A41. Trade by region 1784+,K23,3676
A41. Trade by region 1784+,L23,657
A41. Trade by region 1784+,N23,177
A41. Trade by region 1784+,O23,196
A41. Trade by region 1784+,P23,50
A41. Trade by region 1784+,A24,1834-6
A41. Trade by region 1784+,B24,1274
A41. Trade by region 1784+,C24,1300
A41. Trade by region 1784+,D24,84
A41. Trade by region 1784+,F24,2017
A41. Trade by region 1784+,G24,967
A41. Trade by region 1784+,H24,274
A41. Trade by region 1784+,J24,11535
A41. Trade by region 1784+,K24,4852
A41. Trade by region 1784+,L24,473
A41. Trade by region 1784+,N24,1232
A41. Trade by region 1784+,O24,730
A41. Trade by region 1784+,P24,282
A41. Trade by region 1784+,A25,1844-6
A41. Trade by region 1784+,B25,1798
A41. Trade by region 1784+,C25,3038
A41. Trade by region 1784+,D25,228
A41. Trade by region 1784+,F25,2898
A41. Trade by region 1784+,G25,1368
A41. Trade by region 1784+,H25,325
A41. Trade by region 1784+,J25,14120
A41. Trade by region 1784+,K25,9645
A41. Trade by region 1784+,L25,815
A41. Trade by region 1784+,N25,2494
A41. Trade by region 1784+,O25,1176
A41. Trade by region 1784+,P25,204
A41. Trade by region 1784+,A26,1854-6
A41. Trade by region 1784+,B26,6309
A41. Trade by region 1784+,C26,6613
A41. Trade by region 1784+,D26,465
A41. Trade by region 1784+,F26,5218
A41. Trade by region 1784+,G26,2623
A41. Trade by region 1784+,H26,409
A41. Trade by region 1784+,J26,25701
A41. Trade by region 1784+,K26,13458
A41. Trade by region 1784+,L26,604
A41. Trade by region 1784+,N26,4844
A41. Trade by region 1784+,O26,9491
A41. Trade by region 1784+,P26,1360
A41. Trade by region 1784+,C28,Canada
A41. Trade by region 1784+,G28,U.S.A.
A41. Trade by region 1784+,K28,West Indies
A41. Trade by region 1784+,O28,Latin America
A41. Trade by region 1784+,S28,Total excl Irish Trade
A41. Trade by region 1784+,B29, Imports
A41. Trade by region 1784+,C29,Exports 
A41. Trade by region 1784+,D29,Re-exports
A41. Trade by region 1784+,F29, Imports
A41. Trade by region 1784+,G29,Exports 
A41. Trade by region 1784+,H29,Re-exports
A41. Trade by region 1784+,J29, Imports
A41. Trade by region 1784+,K29,Exports 
A41. Trade by region 1784+,L29,Re-exports
A41. Trade by region 1784+,N29, Imports
A41. Trade by region 1784+,O29,Exports 
A41. Trade by region 1784+,P29,Re-exports
A41. Trade by region 1784+,S29, Imports
A41. Trade by region 1784+,T29,Exports 
A41. Trade by region 1784+,U29,Re-exports
A41. Trade by region 1784+,A30,1784-6
A41. Trade by region 1784+,B30,350
A41. Trade by region 1784+,C30,703
A41. Trade by region 1784+,D30,214
A41. Trade by region 1784+,F30,1156
A41. Trade by region 1784+,G30,2838
A41. Trade by region 1784+,H30,209
A41. Trade by region 1784+,J30,4573
A41. Trade by region 1784+,K30,1428
A41. Trade by region 1784+,L30,144
A41. Trade by region 1784+,N30,8
A41. Trade by region 1784+,O30,7
A41. Trade by region 1784+,P30,1
A41. Trade by region 1784+,S30,20386
A41. Trade by region 1784+,T30,12690
A41. Trade by region 1784+,U30,2668
A41. Trade by region 1784+,A31,1794-6
A41. Trade by region 1784+,B31,562
A41. Trade by region 1784+,C31,1177
A41. Trade by region 1784+,D31,211
A41. Trade by region 1784+,F31,1943
A41. Trade by region 1784+,G31,6399
A41. Trade by region 1784+,H31,238
A41. Trade by region 1784+,J31,8594
A41. Trade by region 1784+,K31,4490
A41. Trade by region 1784+,L31,548
A41. Trade by region 1784+,N31,275
A41. Trade by region 1784+,O31,79
A41. Trade by region 1784+,P31,10
A41. Trade by region 1784+,S31,34326
A41. Trade by region 1784+,T31,21770
A41. Trade by region 1784+,U31,6944
A41. Trade by region 1784+,A32,1804-6
A41. Trade by region 1784+,B32,940
A41. Trade by region 1784+,C32,1223
A41. Trade by region 1784+,D32,303
A41. Trade by region 1784+,F32,4174
A41. Trade by region 1784+,G32,10143
A41. Trade by region 1784+,H32,274
A41. Trade by region 1784+,J32,12398
A41. Trade by region 1784+,K32,7260
A41. Trade by region 1784+,L32,569
A41. Trade by region 1784+,N32,1270
A41. Trade by region 1784+,O32,1125
A41. Trade by region 1784+,P32,84
A41. Trade by region 1784+,S32,50619
A41. Trade by region 1784+,T32,37535
A41. Trade by region 1784+,U32,8311
A41. Trade by region 1784+,A33,1814-6
A41. Trade by region 1784+,B33,2226
A41. Trade by region 1784+,C33,3246
A41. Trade by region 1784+,D33,538
A41. Trade by region 1784+,F33,3976
A41. Trade by region 1784+,G33,7348
A41. Trade by region 1784+,H33,246
A41. Trade by region 1784+,J33,16656
A41. Trade by region 1784+,K33,6906
A41. Trade by region 1784+,L33,367
A41. Trade by region 1784+,N33,6227
A41. Trade by region 1784+,O33,2476
A41. Trade by region 1784+,P33,111
A41. Trade by region 1784+,S33,64741
A41. Trade by region 1784+,T33,44474
A41. Trade by region 1784+,U33,16067
A41. Trade by region 1784+,A34,1824-6
A41. Trade by region 1784+,B34,3081
A41. Trade by region 1784+,C34,1675
A41. Trade by region 1784+,D34,234
A41. Trade by region 1784+,F34,6061
A41. Trade by region 1784+,G34,5695
A41. Trade by region 1784+,H34,307
A41. Trade by region 1784+,J34,8577
A41. Trade by region 1784+,K34,4123
A41. Trade by region 1784+,L34,280
A41. Trade by region 1784+,N34,3109
A41. Trade by region 1784+,O34,5009
A41. Trade by region 1784+,P34,272
A41. Trade by region 1784+,S34,56975
A41. Trade by region 1784+,T34,35298
A41. Trade by region 1784+,U34,8121
A41. Trade by region 1784+,A35,1834-6
A41. Trade by region 1784+,B35,3320
A41. Trade by region 1784+,C35,2132
A41. Trade by region 1784+,D35,370
A41. Trade by region 1784+,F35,13223
A41. Trade by region 1784+,G35,9438
A41. Trade by region 1784+,H35,779
A41. Trade by region 1784+,J35,7946
A41. Trade by region 1784+,K35,4117
A41. Trade by region 1784+,L35,392
A41. Trade by region 1784+,N35,3380
A41. Trade by region 1784+,O35,5047
A41. Trade by region 1784+,P35,305
A41. Trade by region 1784+,S35,70265
A41. Trade by region 1784+,T35,46193
A41. Trade by region 1784+,U35,10226
A41. Trade by region 1784+,A36,1844-6
A41. Trade by region 1784+,B36,5559
A41. Trade by region 1784+,C36,3280
A41. Trade by region 1784+,D36,413
A41. Trade by region 1784+,F36,14058
A41. Trade by region 1784+,G36,7162
A41. Trade by region 1784+,H36,547
A41. Trade by region 1784+,J36,5937
A41. Trade by region 1784+,K36,3866
A41. Trade by region 1784+,L36,375
A41. Trade by region 1784+,N36,4905
A41. Trade by region 1784+,O36,5634
A41. Trade by region 1784+,P36,450
A41. Trade by region 1784+,S36,81963
A41. Trade by region 1784+,T36,58420
A41. Trade by region 1784+,U36,10794
A41. Trade by region 1784+,A37,1854-6
A41. Trade by region 1784+,B37,5740
A41. Trade by region 1784+,C37,4326
A41. Trade by region 1784+,D37,251
A41. Trade by region 1784+,F37,30282
A41. Trade by region 1784+,G37,20078
A41. Trade by region 1784+,H37,813
A41. Trade by region 1784+,J37,8709
A41. Trade by region 1784+,K37,3947
A41. Trade by region 1784+,L37,254
A41. Trade by region 1784+,N37,9698
A41. Trade by region 1784+,O37,8974
A41. Trade by region 1784+,P37,358
A41. Trade by region 1784+,S37,151581
A41. Trade by region 1784+,T37,102501
A41. Trade by region 1784+,U37,21055
A41. Trade by region 1784+,B39,Declared and computed values of external trade for the UK
A41. Trade by region 1784+,A40,£mn
A41. Trade by region 1784+,B40,Source: Mitchell (1988) derived from Annual Statement of Trade
A41. Trade by region 1784+,B41,North and North East Europe
A41. Trade by region 1784+,D41,Western Europe
A41. Trade by region 1784+,F41,Central and South East Europe
A41. Trade by region 1784+,H41,Southern Europe and North Africa
A41. Trade by region 1784+,J41,Europe + North Africa total
A41. Trade by region 1784+,L41,Turkey and Middle East
A41. Trade by region 1784+,N41,Remainder of Africa
A41. Trade by region 1784+,P41,Asia
A41. Trade by region 1784+,R41,West Indies
A41. Trade by region 1784+,T41,Central and South America
A41. Trade by region 1784+,V41,Australia+New Zealand
A41. Trade by region 1784+,X41,North America (USA+Canada)
A41. Trade by region 1784+,AA41,Total Coverage
A41. Trade by region 1784+,AF41,Total Goods trade
A41. Trade by region 1784+,AH41,% coverage
A41. Trade by region 1784+,B42,Imports
A41. Trade by region 1784+,C42,Exports 
A41. Trade by region 1784+,D42,Imports
A41. Trade by region 1784+,E42,Exports
A41. Trade by region 1784+,F42,Imports
A41. Trade by region 1784+,G42,Exports
A41. Trade by region 1784+,H42,Imports
A41. Trade by region 1784+,I42,Exports
A41. Trade by region 1784+,J42,Imports
A41. Trade by region 1784+,K42,Exports
A41. Trade by region 1784+,L42,Imports
A41. Trade by region 1784+,M42,Exports
A41. Trade by region 1784+,N42,Imports
A41. Trade by region 1784+,O42,Exports
A41. Trade by region 1784+,P42,Imports
A41. Trade by region 1784+,Q42,Exports
A41. Trade by region 1784+,R42,Imports
A41. Trade by region 1784+,S42,Exports
A41. Trade by region 1784+,T42,Imports
A41. Trade by region 1784+,U42,Exports
A41. Trade by region 1784+,V42,Imports
A41. Trade by region 1784+,W42,Exports
A41. Trade by region 1784+,X42,Imports
A41. Trade by region 1784+,Y42,Exports
A41. Trade by region 1784+,AA42,Imports
A41. Trade by region 1784+,AB42,Exports
A41. Trade by region 1784+,AF42,Imports
A41. Trade by region 1784+,AG42,Exports
A41. Trade by region 1784+,A43,1854
A41. Trade by region 1784+,B43,10.9
A41. Trade by region 1784+,C43,2.2
A41. Trade by region 1784+,D43,21
A41. Trade by region 1784+,E43,16.6
A41. Trade by region 1784+,F43,17.6
A41. Trade by region 1784+,G43,15
A41. Trade by region 1784+,H43,9
A41. Trade by region 1784+,I43,7.4
A41. Trade by region 1784+,J43,58.5
A41. Trade by region 1784+,K43,41.199999999999996
A41. Trade by region 1784+,L43,5.7
A41. Trade by region 1784+,M43,4.9
A41. Trade by region 1784+,N43,4.8
A41. Trade by region 1784+,O43,2.9
A41. Trade by region 1784+,P43,23
A41. Trade by region 1784+,Q43,12.6
A41. Trade by region 1784+,R43,7.6
A41. Trade by region 1784+,S43,4
A41. Trade by region 1784+,T43,11.3
A41. Trade by region 1784+,U43,8.7
A41. Trade by region 1784+,V43,4.3
A41. Trade by region 1784+,W43,13.4
A41. Trade by region 1784+,X43,36.9
A41. Trade by region 1784+,Y43,28.6
A41. Trade by region 1784+,AA43,152.1
A41. Trade by region 1784+,AB43,116.30000000000001
A41. Trade by region 1784+,AC43,-0.30000000000001137
A41. Trade by region 1784+,AD43,0.5
A41. Trade by region 1784+,AF43,152.4
A41. Trade by region 1784+,AG43,115.80000000000001
A41. Trade by region 1784+,AH43,0.998031496062992
A41. Trade by region 1784+,AI43,1.0043177892918826
A41. Trade by region 1784+,A44,1855
A41. Trade by region 1784+,B44,7.7
A41. Trade by region 1784+,C44,2.5
A41. Trade by region 1784+,D44,18.2
A41. Trade by region 1784+,E44,21.5
A41. Trade by region 1784+,F44,17.4
A41. Trade by region 1784+,G44,16.4
A41. Trade by region 1784+,H44,9.4
A41. Trade by region 1784+,I44,8.3
A41. Trade by region 1784+,J44,52.699999999999996
A41. Trade by region 1784+,K44,48.7
A41. Trade by region 1784+,L44,6.1
A41. Trade by region 1784+,M44,8.6
A41. Trade by region 1784+,N44,5.1
A41. Trade by region 1784+,O44,3
A41. Trade by region 1784+,P44,24.3
A41. Trade by region 1784+,Q44,13.6
A41. Trade by region 1784+,R44,6.5
A41. Trade by region 1784+,S44,3.4
A41. Trade by region 1784+,T44,12.2
A41. Trade by region 1784+,U44,9.8
A41. Trade by region 1784+,V44,4.5
A41. Trade by region 1784+,W44,7.2
A41. Trade by region 1784+,X44,30.4
A41. Trade by region 1784+,Y44,21.200000000000003
A41. Trade by region 1784+,AA44,141.8
A41. Trade by region 1784+,AB44,115.50000000000001
A41. Trade by region 1784+,AC44,-1.6999999999999886
A41. Trade by region 1784+,AD44,-1.1999999999999886
A41. Trade by region 1784+,AF44,143.5
A41. Trade by region 1784+,AG44,116.7
A41. Trade by region 1784+,AH44,0.9881533101045297
A41. Trade by region 1784+,AI44,0.9897172236503857
A41. Trade by region 1784+,A45,1856
A41. Trade by region 1784+,B45,17.2
A41. Trade by region 1784+,C45,6.3
A41. Trade by region 1784+,D45,20.8
A41. Trade by region 1784+,E45,22.6
A41. Trade by region 1784+,F45,12.1
A41. Trade by region 1784+,G45,18.4
A41. Trade by region 1784+,H45,10.8
A41. Trade by region 1784+,I45,10.6
A41. Trade by region 1784+,J45,60.900000000000006
A41. Trade by region 1784+,K45,57.9
A41. Trade by region 1784+,L45,8.3
A41. Trade by region 1784+,M45,7.2
A41. Trade by region 1784+,N45,6.2
A41. Trade by region 1784+,O45,3.4
A41. Trade by region 1784+,P45,29.8
A41. Trade by region 1784+,Q45,16
A41. Trade by region 1784+,R45,7
A41. Trade by region 1784+,S45,3.4
A41. Trade by region 1784+,T45,11.5
A41. Trade by region 1784+,U45,11
A41. Trade by region 1784+,V45,5.699999999999999
A41. Trade by region 1784+,W45,11.700000000000001
A41. Trade by region 1784+,X45,42.9
A41. Trade by region 1784+,Y45,27
A41. Trade by region 1784+,AA45,172.3
A41. Trade by region 1784+,AB45,137.6
A41. Trade by region 1784+,AC45,-0.19999999999998863
A41. Trade by region 1784+,AD45,-1.5999999999999943
A41. Trade by region 1784+,AF45,172.5
A41. Trade by region 1784+,AG45,139.2
A41. Trade by region 1784+,AH45,0.998840579710145
A41. Trade by region 1784+,AI45,0.9885057471264368
A41. Trade by region 1784+,A46,1857
A41. Trade by region 1784+,B46,19.1
A41. Trade by region 1784+,C46,7.3
A41. Trade by region 1784+,D46,22.6
A41. Trade by region 1784+,E46,24.1
A41. Trade by region 1784+,F46,14.7
A41. Trade by region 1784+,G46,19.6
A41. Trade by region 1784+,H46,9.6
A41. Trade by region 1784+,I46,10.3
A41. Trade by region 1784+,J46,66
A41. Trade by region 1784+,K46,61.3
A41. Trade by region 1784+,L46,10.3
A41. Trade by region 1784+,M46,6
A41. Trade by region 1784+,N46,6.6
A41. Trade by region 1784+,O46,4.4
A41. Trade by region 1784+,P46,33.8
A41. Trade by region 1784+,Q46,17.5
A41. Trade by region 1784+,R46,8.9
A41. Trade by region 1784+,S46,4.3
A41. Trade by region 1784+,T46,16
A41. Trade by region 1784+,U46,13.1
A41. Trade by region 1784+,V46,6
A41. Trade by region 1784+,W46,13.200000000000001
A41. Trade by region 1784+,X46,40
A41. Trade by region 1784+,Y46,24.8
A41. Trade by region 1784+,AA46,187.6
A41. Trade by region 1784+,AB46,144.60000000000002
A41. Trade by region 1784+,AC46,-0.20000000000001705
A41. Trade by region 1784+,AD46,-1.599999999999966
A41. Trade by region 1784+,AF46,187.8
A41. Trade by region 1784+,AG46,146.2
A41. Trade by region 1784+,AH46,0.9989350372736954
A41. Trade by region 1784+,AI46,0.9890560875512998
A41. Trade by region 1784+,A47,1858
A41. Trade by region 1784+,B47,16.6
A41. Trade by region 1784+,C47,7.1
A41. Trade by region 1784+,D47,22.6
A41. Trade by region 1784+,E47,21.7
A41. Trade by region 1784+,F47,9.6
A41. Trade by region 1784+,G47,18.6
A41. Trade by region 1784+,H47,8.4
A41. Trade by region 1784+,I47,11
A41. Trade by region 1784+,J47,57.2
A41. Trade by region 1784+,K47,58.4
A41. Trade by region 1784+,L47,8.9
A41. Trade by region 1784+,M47,7.5
A41. Trade by region 1784+,N47,5.6
A41. Trade by region 1784+,O47,4
A41. Trade by region 1784+,P47,25.5
A41. Trade by region 1784+,Q47,23.3
A41. Trade by region 1784+,R47,8.9
A41. Trade by region 1784+,S47,4
A41. Trade by region 1784+,T47,13.8
A41. Trade by region 1784+,U47,10.5
A41. Trade by region 1784+,V47,5.3
A41. Trade by region 1784+,W47,11.6
A41. Trade by region 1784+,X47,39
A41. Trade by region 1784+,Y47,19.2
A41. Trade by region 1784+,AA47,164.20000000000002
A41. Trade by region 1784+,AB47,138.5
A41. Trade by region 1784+,AC47,-0.39999999999997726
A41. Trade by region 1784+,AD47,-1.299999999999983
A41. Trade by region 1784+,AF47,164.6
A41. Trade by region 1784+,AG47,139.79999999999998
A41. Trade by region 1784+,AH47,0.997569866342649
A41. Trade by region 1784+,AI47,0.9907010014306152
A41. Trade by region 1784+,A48,1859
A41. Trade by region 1784+,B48,19.8
A41. Trade by region 1784+,C48,8.7
A41. Trade by region 1784+,D48,27.1
A41. Trade by region 1784+,E48,21.4
A41. Trade by region 1784+,F48,11.5
A41. Trade by region 1784+,G48,17.3
A41. Trade by region 1784+,H48,9.8
A41. Trade by region 1784+,I48,10.5
A41. Trade by region 1784+,J48,68.2
A41. Trade by region 1784+,K48,57.9
A41. Trade by region 1784+,L48,11.4
A41. Trade by region 1784+,M48,7.3
A41. Trade by region 1784+,N48,5.5
A41. Trade by region 1784+,O48,4.2
A41. Trade by region 1784+,P48,27.5
A41. Trade by region 1784+,Q48,29.4
A41. Trade by region 1784+,R48,7.7
A41. Trade by region 1784+,S48,3.8
A41. Trade by region 1784+,T48,12.1
A41. Trade by region 1784+,U48,10.7
A41. Trade by region 1784+,V48,5.8
A41. Trade by region 1784+,W48,12.5
A41. Trade by region 1784+,X48,39.8
A41. Trade by region 1784+,Y48,28.4
A41. Trade by region 1784+,AA48,178
A41. Trade by region 1784+,AB48,154.20000000000002
A41. Trade by region 1784+,AC48,-1.1999999999999886
A41. Trade by region 1784+,AD48,-1.5
A41. Trade by region 1784+,AF48,179.2
A41. Trade by region 1784+,AG48,155.70000000000002
A41. Trade by region 1784+,AH48,0.9933035714285715
A41. Trade by region 1784+,AI48,0.9903660886319846
A41. Trade by region 1784+,A49,1860
A41. Trade by region 1784+,B49,23.3
A41. Trade by region 1784+,C49,7.9
A41. Trade by region 1784+,D49,30.1
A41. Trade by region 1784+,E49,26.4
A41. Trade by region 1784+,F49,16.4
A41. Trade by region 1784+,G49,20.4
A41. Trade by region 1784+,H49,12.5
A41. Trade by region 1784+,I49,13
A41. Trade by region 1784+,J49,82.30000000000001
A41. Trade by region 1784+,K49,67.69999999999999
A41. Trade by region 1784+,L49,13.6
A41. Trade by region 1784+,M49,7.9
A41. Trade by region 1784+,N49,5.9
A41. Trade by region 1784+,O49,4.7
A41. Trade by region 1784+,P49,28.5
A41. Trade by region 1784+,Q49,27
A41. Trade by region 1784+,R49,7.9
A41. Trade by region 1784+,S49,4.1
A41. Trade by region 1784+,T49,13
A41. Trade by region 1784+,U49,13.7
A41. Trade by region 1784+,V49,6.4
A41. Trade by region 1784+,W49,10.6
A41. Trade by region 1784+,X49,51.5
A41. Trade by region 1784+,Y49,26.9
A41. Trade by region 1784+,AA49,209.10000000000002
A41. Trade by region 1784+,AB49,162.6
A41. Trade by region 1784+,AC49,-1.3999999999999773
A41. Trade by region 1784+,AD49,-1.9000000000000057
A41. Trade by region 1784+,AF49,210.5
A41. Trade by region 1784+,AG49,164.5
A41. Trade by region 1784+,AH49,0.9933491686460809
A41. Trade by region 1784+,AI49,0.9884498480243161
A41. Trade by region 1784+,A50,1861
A41. Trade by region 1784+,B50,17.8
A41. Trade by region 1784+,C50,8.5
A41. Trade by region 1784+,D50,29.3
A41. Trade by region 1784+,E50,33.2
A41. Trade by region 1784+,F50,16.5
A41. Trade by region 1784+,G50,21.4
A41. Trade by region 1784+,H50,10.7
A41. Trade by region 1784+,I50,15.2
A41. Trade by region 1784+,J50,74.3
A41. Trade by region 1784+,K50,78.3
A41. Trade by region 1784+,L50,12.1
A41. Trade by region 1784+,M50,6.4
A41. Trade by region 1784+,N50,5.7
A41. Trade by region 1784+,O50,4.6
A41. Trade by region 1784+,P50,36.9
A41. Trade by region 1784+,Q50,25.5
A41. Trade by region 1784+,R50,8.9
A41. Trade by region 1784+,S50,3.8
A41. Trade by region 1784+,T50,13.8
A41. Trade by region 1784+,U50,12.5
A41. Trade by region 1784+,V50,6.9
A41. Trade by region 1784+,W50,11.6
A41. Trade by region 1784+,X50,58.099999999999994
A41. Trade by region 1784+,Y50,15.2
A41. Trade by region 1784+,AA50,216.70000000000002
A41. Trade by region 1784+,AB50,157.9
A41. Trade by region 1784+,AC50,-0.799999999999983
A41. Trade by region 1784+,AD50,-1.6999999999999886
A41. Trade by region 1784+,AF50,217.5
A41. Trade by region 1784+,AG50,159.6
A41. Trade by region 1784+,AH50,0.9963218390804599
A41. Trade by region 1784+,AI50,0.9893483709273184
A41. Trade by region 1784+,A51,1862
A41. Trade by region 1784+,B51,20.3
A41. Trade by region 1784+,C51,6.3
A41. Trade by region 1784+,D51,34.4
A41. Trade by region 1784+,E51,37
A41. Trade by region 1784+,F51,16.9
A41. Trade by region 1784+,G51,21.6
A41. Trade by region 1784+,H51,10.3
A41. Trade by region 1784+,I51,14.4
A41. Trade by region 1784+,J51,81.89999999999999
A41. Trade by region 1784+,K51,79.30000000000001
A41. Trade by region 1784+,L51,16.6
A41. Trade by region 1784+,M51,7.1
A41. Trade by region 1784+,N51,5
A41. Trade by region 1784+,O51,4.6
A41. Trade by region 1784+,P51,52.1
A41. Trade by region 1784+,Q51,21.6
A41. Trade by region 1784+,R51,9.1
A41. Trade by region 1784+,S51,5.1
A41. Trade by region 1784+,T51,16.2
A41. Trade by region 1784+,U51,9.8
A41. Trade by region 1784+,V51,7.1
A41. Trade by region 1784+,W51,12.9
A41. Trade by region 1784+,X51,36.2
A41. Trade by region 1784+,Y51,24
A41. Trade by region 1784+,AA51,224.19999999999996
A41. Trade by region 1784+,AB51,164.39999999999998
A41. Trade by region 1784+,AC51,-1.5000000000000284
A41. Trade by region 1784+,AD51,-1.8000000000000114
A41. Trade by region 1784+,AF51,225.7
A41. Trade by region 1784+,AG51,166.2
A41. Trade by region 1784+,AH51,0.9933540097474522
A41. Trade by region 1784+,AI51,0.9891696750902527
A41. Trade by region 1784+,A52,1863
A41. Trade by region 1784+,B52,18.5
A41. Trade by region 1784+,C52,8.2
A41. Trade by region 1784+,D52,37.9
A41. Trade by region 1784+,E52,41
A41. Trade by region 1784+,F52,15.9
A41. Trade by region 1784+,G52,24.9
A41. Trade by region 1784+,H52,11.5
A41. Trade by region 1784+,I52,17.8
A41. Trade by region 1784+,J52,83.8
A41. Trade by region 1784+,K52,91.89999999999999
A41. Trade by region 1784+,L52,21.9
A41. Trade by region 1784+,M52,11.6
A41. Trade by region 1784+,N52,6
A41. Trade by region 1784+,O52,3.9
A41. Trade by region 1784+,P52,69.6
A41. Trade by region 1784+,Q52,29
A41. Trade by region 1784+,R52,11
A41. Trade by region 1784+,S52,5.9
A41. Trade by region 1784+,T52,18.6
A41. Trade by region 1784+,U52,13.2
A41. Trade by region 1784+,V52,7.1000000000000005
A41. Trade by region 1784+,W52,13.600000000000001
A41. Trade by region 1784+,X52,27.8
A41. Trade by region 1784+,Y52,25.2
A41. Trade by region 1784+,AA52,245.79999999999998
A41. Trade by region 1784+,AB52,194.29999999999995
A41. Trade by region 1784+,AC52,-3.1000000000000227
A41. Trade by region 1784+,AD52,-2.6000000000000227
A41. Trade by region 1784+,AF52,248.9
A41. Trade by region 1784+,AG52,196.89999999999998
A41. Trade by region 1784+,AH52,0.9875451988750501
A41. Trade by region 1784+,AI52,0.9867953275774504
A41. Trade by region 1784+,A53,1864
A41. Trade by region 1784+,B53,21.5
A41. Trade by region 1784+,C53,9.8
A41. Trade by region 1784+,D53,43.7
A41. Trade by region 1784+,E53,43.9
A41. Trade by region 1784+,F53,16.4
A41. Trade by region 1784+,G53,26.3
A41. Trade by region 1784+,H53,11.9
A41. Trade by region 1784+,I53,16.4
A41. Trade by region 1784+,J53,93.5
A41. Trade by region 1784+,K53,96.4
A41. Trade by region 1784+,L53,25.5
A41. Trade by region 1784+,M53,13.9
A41. Trade by region 1784+,N53,5.5
A41. Trade by region 1784+,O53,4.7
A41. Trade by region 1784+,P53,74.9
A41. Trade by region 1784+,Q53,30.1
A41. Trade by region 1784+,R53,13.9
A41. Trade by region 1784+,S53,6.7
A41. Trade by region 1784+,T53,23.1
A41. Trade by region 1784+,U53,18.5
A41. Trade by region 1784+,V53,10
A41. Trade by region 1784+,W53,13
A41. Trade by region 1784+,X53,24.799999999999997
A41. Trade by region 1784+,Y53,26.5
A41. Trade by region 1784+,AA53,271.2
A41. Trade by region 1784+,AB53,209.8
A41. Trade by region 1784+,AC53,-3.8000000000000114
A41. Trade by region 1784+,AD53,-2.8000000000000114
A41. Trade by region 1784+,AF53,275
A41. Trade by region 1784+,AG53,212.60000000000002
A41. Trade by region 1784+,AH53,0.9861818181818182
A41. Trade by region 1784+,AI53,0.986829727187206
A41. Trade by region 1784+,A54,1865
A41. Trade by region 1784+,B54,25.3
A41. Trade by region 1784+,C54,10.2
A41. Trade by region 1784+,D54,51.4
A41. Trade by region 1784+,E54,47.2
A41. Trade by region 1784+,F54,17.6
A41. Trade by region 1784+,G54,29.2
A41. Trade by region 1784+,H54,12
A41. Trade by region 1784+,I54,15.4
A41. Trade by region 1784+,J54,106.30000000000001
A41. Trade by region 1784+,K54,102.00000000000001
A41. Trade by region 1784+,L54,27.3
A41. Trade by region 1784+,M54,13.5
A41. Trade by region 1784+,N54,6.2
A41. Trade by region 1784+,O54,4.1
A41. Trade by region 1784+,P54,56.7
A41. Trade by region 1784+,Q54,29.9
A41. Trade by region 1784+,R54,10.6
A41. Trade by region 1784+,S54,5.6
A41. Trade by region 1784+,T54,24.8
A41. Trade by region 1784+,U54,17.4
A41. Trade by region 1784+,V54,9.3
A41. Trade by region 1784+,W54,13.1
A41. Trade by region 1784+,X54,28
A41. Trade by region 1784+,Y54,30.9
A41. Trade by region 1784+,AA54,269.20000000000005
A41. Trade by region 1784+,AB54,216.5
A41. Trade by region 1784+,AC54,-1.8999999999999773
A41. Trade by region 1784+,AD54,-2.3000000000000114
A41. Trade by region 1784+,AF54,271.1
A41. Trade by region 1784+,AG54,218.8
A41. Trade by region 1784+,AH54,0.9929915160457397
A41. Trade by region 1784+,AI54,0.9894881170018281
A41. Trade by region 1784+,A55,1866
A41. Trade by region 1784+,B55,27.5
A41. Trade by region 1784+,C55,11.1
A41. Trade by region 1784+,D55,56.7
A41. Trade by region 1784+,E55,48.2
A41. Trade by region 1784+,F55,20.9
A41. Trade by region 1784+,G55,26.4
A41. Trade by region 1784+,H55,13.4
A41. Trade by region 1784+,I55,15.7
A41. Trade by region 1784+,J55,118.5
A41. Trade by region 1784+,K55,101.4
A41. Trade by region 1784+,L55,20.8
A41. Trade by region 1784+,M55,15.8
A41. Trade by region 1784+,N55,6.9
A41. Trade by region 1784+,O55,4.1
A41. Trade by region 1784+,P55,54.5
A41. Trade by region 1784+,Q55,35.7
A41. Trade by region 1784+,R55,8
A41. Trade by region 1784+,S55,6
A41. Trade by region 1784+,T55,20.9
A41. Trade by region 1784+,U55,20.9
A41. Trade by region 1784+,V55,11.5
A41. Trade by region 1784+,W55,14.700000000000001
A41. Trade by region 1784+,X55,53.8
A41. Trade by region 1784+,Y55,38.5
A41. Trade by region 1784+,AA55,294.90000000000003
A41. Trade by region 1784+,AB55,237.1
A41. Trade by region 1784+,AC55,-0.39999999999997726
A41. Trade by region 1784+,AD55,-1.8000000000000114
A41. Trade by region 1784+,AF55,295.3
A41. Trade by region 1784+,AG55,238.9
A41. Trade by region 1784+,AH55,0.9986454453098544
A41. Trade by region 1784+,AI55,0.9924654667224779
A41. Trade by region 1784+,A56,1867
A41. Trade by region 1784+,B56,31.4
A41. Trade by region 1784+,C56,11.3
A41. Trade by region 1784+,D56,52.1
A41. Trade by region 1784+,E56,45.4
A41. Trade by region 1784+,F56,20.6
A41. Trade by region 1784+,G56,31.5
A41. Trade by region 1784+,H56,13.2
A41. Trade by region 1784+,I56,13.8
A41. Trade by region 1784+,J56,117.3
A41. Trade by region 1784+,K56,102
A41. Trade by region 1784+,L56,19.7
A41. Trade by region 1784+,M56,15.4
A41. Trade by region 1784+,N56,6.6
A41. Trade by region 1784+,O56,4.7
A41. Trade by region 1784+,P56,40.8
A41. Trade by region 1784+,Q56,37.6
A41. Trade by region 1784+,R56,9.1
A41. Trade by region 1784+,S56,5.3
A41. Trade by region 1784+,T56,20.4
A41. Trade by region 1784+,U56,19.1
A41. Trade by region 1784+,V56,12.899999999999999
A41. Trade by region 1784+,W56,10.299999999999999
A41. Trade by region 1784+,X56,47.8
A41. Trade by region 1784+,Y56,30.8
A41. Trade by region 1784+,AA56,274.6
A41. Trade by region 1784+,AB56,225.20000000000005
A41. Trade by region 1784+,AC56,-0.5999999999999659
A41. Trade by region 1784+,AD56,-0.5999999999999659
A41. Trade by region 1784+,AF56,275.2
A41. Trade by region 1784+,AG56,225.8
A41. Trade by region 1784+,AH56,0.9978197674418606
A41. Trade by region 1784+,AI56,0.9973427812223208
A41. Trade by region 1784+,A57,1868
A41. Trade by region 1784+,B57,28.7
A41. Trade by region 1784+,C57,11.1
A41. Trade by region 1784+,D57,53.5
A41. Trade by region 1784+,E57,48.6
A41. Trade by region 1784+,F57,21.6
A41. Trade by region 1784+,G57,34.2
A41. Trade by region 1784+,H57,14.5
A41. Trade by region 1784+,I57,13.4
A41. Trade by region 1784+,J57,118.30000000000001
A41. Trade by region 1784+,K57,107.30000000000001
A41. Trade by region 1784+,L57,23.8
A41. Trade by region 1784+,M57,14.1
A41. Trade by region 1784+,N57,7.2
A41. Trade by region 1784+,O57,4.4
A41. Trade by region 1784+,P57,49.8
A41. Trade by region 1784+,Q57,36.6
A41. Trade by region 1784+,R57,10
A41. Trade by region 1784+,S57,5.5
A41. Trade by region 1784+,T57,22.4
A41. Trade by region 1784+,U57,16.6
A41. Trade by region 1784+,V57,11.6
A41. Trade by region 1784+,W57,13.1
A41. Trade by region 1784+,X57,49.9
A41. Trade by region 1784+,Y57,29.4
A41. Trade by region 1784+,AA57,293
A41. Trade by region 1784+,AB57,227
A41. Trade by region 1784+,AC57,-1.6999999999999886
A41. Trade by region 1784+,AD57,-0.799999999999983
A41. Trade by region 1784+,AF57,294.7
A41. Trade by region 1784+,AG57,227.79999999999998
A41. Trade by region 1784+,AH57,0.994231421784866
A41. Trade by region 1784+,AI57,0.9964881474978051
A41. Trade by region 1784+,A58,1869
A41. Trade by region 1784+,B58,25.3
A41. Trade by region 1784+,C58,14
A41. Trade by region 1784+,D58,55.7
A41. Trade by region 1784+,E58,49.6
A41. Trade by region 1784+,F58,21.9
A41. Trade by region 1784+,G58,34.6
A41. Trade by region 1784+,H58,15.2
A41. Trade by region 1784+,I58,15.1
A41. Trade by region 1784+,J58,118.10000000000001
A41. Trade by region 1784+,K58,113.3
A41. Trade by region 1784+,L58,24.5
A41. Trade by region 1784+,M58,15.5
A41. Trade by region 1784+,N58,6.6
A41. Trade by region 1784+,O58,4.3
A41. Trade by region 1784+,P58,51.8
A41. Trade by region 1784+,Q58,33.6
A41. Trade by region 1784+,R58,9.9
A41. Trade by region 1784+,S58,4
A41. Trade by region 1784+,T58,21.5
A41. Trade by region 1784+,U58,18.5
A41. Trade by region 1784+,V58,12.2
A41. Trade by region 1784+,W58,14.4
A41. Trade by region 1784+,X58,50.300000000000004
A41. Trade by region 1784+,Y58,32.7
A41. Trade by region 1784+,AA58,294.9
A41. Trade by region 1784+,AB58,236.3
A41. Trade by region 1784+,AC58,-0.6000000000000227
A41. Trade by region 1784+,AD58,-0.799999999999983
A41. Trade by region 1784+,AF58,295.5
A41. Trade by region 1784+,AG58,237.1
A41. Trade by region 1784+,AH58,0.9979695431472081
A41. Trade by region 1784+,AI58,0.9966258962463096
A41. Trade by region 1784+,A59,1870
A41. Trade by region 1784+,B59,32.2
A41. Trade by region 1784+,C59,15.6
A41. Trade by region 1784+,D59,63.2
A41. Trade by region 1784+,E59,48.2
A41. Trade by region 1784+,F59,17.6
A41. Trade by region 1784+,G59,30.8
A41. Trade by region 1784+,H59,14.9
A41. Trade by region 1784+,I59,15.2
A41. Trade by region 1784+,J59,127.9
A41. Trade by region 1784+,K59,109.80000000000001
A41. Trade by region 1784+,L59,20.8
A41. Trade by region 1784+,M59,16.4
A41. Trade by region 1784+,N59,6.8
A41. Trade by region 1784+,O59,5
A41. Trade by region 1784+,P59,42.9
A41. Trade by region 1784+,Q59,36.9
A41. Trade by region 1784+,R59,10.2
A41. Trade by region 1784+,S59,6.9
A41. Trade by region 1784+,T59,21.6
A41. Trade by region 1784+,U59,18.4
A41. Trade by region 1784+,V59,14
A41. Trade by region 1784+,W59,10.7
A41. Trade by region 1784+,X59,58.3
A41. Trade by region 1784+,Y59,38.9
A41. Trade by region 1784+,AA59,302.5
A41. Trade by region 1784+,AB59,243.00000000000003
A41. Trade by region 1784+,AC59,-0.8000000000000114
A41. Trade by region 1784+,AD59,-1.099999999999966
A41. Trade by region 1784+,AF59,303.3
A41. Trade by region 1784+,AG59,244.1
A41. Trade by region 1784+,AH59,0.9973623475107154
A41. Trade by region 1784+,AI59,0.995493650143384
A41. Trade by region 1784+,A60,1871
A41. Trade by region 1784+,B60,33.8
A41. Trade by region 1784+,C60,15.4
A41. Trade by region 1784+,D60,57.4
A41. Trade by region 1784+,E60,68.3
A41. Trade by region 1784+,F60,21.7
A41. Trade by region 1784+,G60,41.4
A41. Trade by region 1784+,H60,19.5
A41. Trade by region 1784+,I60,17.1
A41. Trade by region 1784+,J60,132.39999999999998
A41. Trade by region 1784+,K60,142.2
A41. Trade by region 1784+,L60,23.5
A41. Trade by region 1784+,M60,13.7
A41. Trade by region 1784+,N60,7.4
A41. Trade by region 1784+,O60,5.3
A41. Trade by region 1784+,P60,51
A41. Trade by region 1784+,Q60,35
A41. Trade by region 1784+,R60,8.5
A41. Trade by region 1784+,S60,6.8
A41. Trade by region 1784+,T60,22.5
A41. Trade by region 1784+,U60,20.5
A41. Trade by region 1784+,V60,14.5
A41. Trade by region 1784+,W60,10.87916666666666
A41. Trade by region 1784+,X60,70.4
A41. Trade by region 1784+,Y60,47.800000000000004
A41. Trade by region 1784+,AA60,330.2
A41. Trade by region 1784+,AB60,282.1791666666667
A41. Trade by region 1784+,AC60,-0.8000000000000114
A41. Trade by region 1784+,AD60,-1.4208333333333485
A41. Trade by region 1784+,AF60,331
A41. Trade by region 1784+,AG60,283.6
A41. Trade by region 1784+,AH60,0.997583081570997
A41. Trade by region 1784+,AI60,0.9949900094029148
A41. Trade by region 1784+,A61,1872
A41. Trade by region 1784+,B61,35
A41. Trade by region 1784+,C61,16.7
A41. Trade by region 1784+,D61,68.1
A41. Trade by region 1784+,E61,65.7
A41. Trade by region 1784+,F61,21.2
A41. Trade by region 1784+,G61,46
A41. Trade by region 1784+,H61,21.1
A41. Trade by region 1784+,I61,18.5
A41. Trade by region 1784+,J61,145.4
A41. Trade by region 1784+,K61,146.9
A41. Trade by region 1784+,L61,21.9
A41. Trade by region 1784+,M61,15.6
A41. Trade by region 1784+,N61,8.8
A41. Trade by region 1784+,O61,7.4
A41. Trade by region 1784+,P61,57.2
A41. Trade by region 1784+,Q61,36.4
A41. Trade by region 1784+,R61,10.9
A41. Trade by region 1784+,S61,7.8
A41. Trade by region 1784+,T61,28.3
A41. Trade by region 1784+,U61,26.8
A41. Trade by region 1784+,V61,15.7
A41. Trade by region 1784+,W61,15.5
A41. Trade by region 1784+,X61,63.800000000000004
A41. Trade by region 1784+,Y61,57.2
A41. Trade by region 1784+,AA61,352
A41. Trade by region 1784+,AB61,313.6
A41. Trade by region 1784+,AC61,-2.6999999999999886
A41. Trade by region 1784+,AD61,-1
A41. Trade by region 1784+,AF61,354.7
A41. Trade by region 1784+,AG61,314.6
A41. Trade by region 1784+,AH61,0.9923879334649
A41. Trade by region 1784+,AI61,0.9968213604577241
A41. Trade by region 1784+,A62,1873
A41. Trade by region 1784+,B62,35.4
A41. Trade by region 1784+,C62,21.6
A41. Trade by region 1784+,D62,69.7
A41. Trade by region 1784+,E62,69
A41. Trade by region 1784+,F62,21.8
A41. Trade by region 1784+,G62,39.7
A41. Trade by region 1784+,H62,22.8
A41. Trade by region 1784+,I62,20.5
A41. Trade by region 1784+,J62,149.7
A41. Trade by region 1784+,K62,150.8
A41. Trade by region 1784+,L62,20.3
A41. Trade by region 1784+,M62,14.6
A41. Trade by region 1784+,N62,8.7
A41. Trade by region 1784+,O62,8.4
A41. Trade by region 1784+,P62,53.5
A41. Trade by region 1784+,Q62,37.4
A41. Trade by region 1784+,R62,10.2
A41. Trade by region 1784+,S62,7.2
A41. Trade by region 1784+,T62,27.7
A41. Trade by region 1784+,U62,25.9
A41. Trade by region 1784+,V62,17.3
A41. Trade by region 1784+,W62,19.2
A41. Trade by region 1784+,X62,82.8
A41. Trade by region 1784+,Y62,46.1
A41. Trade by region 1784+,AA62,370.2
A41. Trade by region 1784+,AB62,309.6
A41. Trade by region 1784+,AC62,-1.1000000000000227
A41. Trade by region 1784+,AD62,-1.3999999999999773
A41. Trade by region 1784+,AF62,371.3
A41. Trade by region 1784+,AG62,311
A41. Trade by region 1784+,AH62,0.9970374360355507
A41. Trade by region 1784+,AI62,0.9954983922829582
A41. Trade by region 1784+,A63,1874
A41. Trade by region 1784+,B63,36.2
A41. Trade by region 1784+,C63,21.8
A41. Trade by region 1784+,D63,76
A41. Trade by region 1784+,E63,63.3
A41. Trade by region 1784+,F63,21.4
A41. Trade by region 1784+,G63,37.9
A41. Trade by region 1784+,H63,19.9
A41. Trade by region 1784+,I63,20
A41. Trade by region 1784+,J63,153.5
A41. Trade by region 1784+,K63,143
A41. Trade by region 1784+,L63,16.7
A41. Trade by region 1784+,M63,11.5
A41. Trade by region 1784+,N63,8.8
A41. Trade by region 1784+,O63,8.2
A41. Trade by region 1784+,P63,52.7
A41. Trade by region 1784+,Q63,41.4
A41. Trade by region 1784+,R63,8.7
A41. Trade by region 1784+,S63,5.8
A41. Trade by region 1784+,T63,24.5
A41. Trade by region 1784+,U63,23.4
A41. Trade by region 1784+,V63,18.5
A41. Trade by region 1784+,W63,20.7
A41. Trade by region 1784+,X63,85.80000000000001
A41. Trade by region 1784+,Y63,42.400000000000006
A41. Trade by region 1784+,AA63,369.2
A41. Trade by region 1784+,AB63,296.40000000000003
A41. Trade by region 1784+,AC63,-0.9000000000000341
A41. Trade by region 1784+,AD63,-1.2999999999999545
A41. Trade by region 1784+,AF63,370.1
A41. Trade by region 1784+,AG63,297.7
A41. Trade by region 1784+,AH63,0.9975682248041069
A41. Trade by region 1784+,AI63,0.9956331877729259
A41. Trade by region 1784+,A64,1875
A41. Trade by region 1784+,B64,33.9
A41. Trade by region 1784+,C64,20.4
A41. Trade by region 1784+,D64,76.4
A41. Trade by region 1784+,E64,61.2
A41. Trade by region 1784+,F64,23.7
A41. Trade by region 1784+,G64,36.7
A41. Trade by region 1784+,H64,22.4
A41. Trade by region 1784+,I64,19.4
A41. Trade by region 1784+,J64,156.4
A41. Trade by region 1784+,K64,137.7
A41. Trade by region 1784+,L64,17.8
A41. Trade by region 1784+,M64,9.6
A41. Trade by region 1784+,N64,8.6
A41. Trade by region 1784+,O64,8.3
A41. Trade by region 1784+,P64,56
A41. Trade by region 1784+,Q64,43.1
A41. Trade by region 1784+,R64,9.7
A41. Trade by region 1784+,S64,6.8
A41. Trade by region 1784+,T64,25.1
A41. Trade by region 1784+,U64,19.4
A41. Trade by region 1784+,V64,20.6
A41. Trade by region 1784+,W64,21.200000000000003
A41. Trade by region 1784+,X64,79.8
A41. Trade by region 1784+,Y64,34.8
A41. Trade by region 1784+,AA64,374.00000000000006
A41. Trade by region 1784+,AB64,280.90000000000003
A41. Trade by region 1784+,AC64,0.10000000000007958
A41. Trade by region 1784+,AD64,-0.6999999999999886
A41. Trade by region 1784+,AF64,373.9
A41. Trade by region 1784+,AG64,281.6
A41. Trade by region 1784+,AH64,1.000267451190158
A41. Trade by region 1784+,AI64,0.9975142045454546
A41. Trade by region 1784+,A65,1876
A41. Trade by region 1784+,B65,32.4
A41. Trade by region 1784+,C65,17.7
A41. Trade by region 1784+,D65,75.8
A41. Trade by region 1784+,E65,60.5
A41. Trade by region 1784+,F65,23.2
A41. Trade by region 1784+,G65,31.6
A41. Trade by region 1784+,H65,19.9
A41. Trade by region 1784+,I65,19.7
A41. Trade by region 1784+,J65,151.29999999999998
A41. Trade by region 1784+,K65,129.5
A41. Trade by region 1784+,L65,19.2
A41. Trade by region 1784+,M65,9.3
A41. Trade by region 1784+,N65,8.3
A41. Trade by region 1784+,O65,7.7
A41. Trade by region 1784+,P65,55.8
A41. Trade by region 1784+,Q65,39.5
A41. Trade by region 1784+,R65,7.9
A41. Trade by region 1784+,S65,5.7
A41. Trade by region 1784+,T65,22.8
A41. Trade by region 1784+,U65,16
A41. Trade by region 1784+,V65,22
A41. Trade by region 1784+,W65,19.5
A41. Trade by region 1784+,X65,86.9
A41. Trade by region 1784+,Y65,28.2
A41. Trade by region 1784+,AA65,374.19999999999993
A41. Trade by region 1784+,AB65,255.39999999999998
A41. Trade by region 1784+,AC65,-1.0000000000000568
A41. Trade by region 1784+,AD65,-1.3000000000000114
A41. Trade by region 1784+,AF65,375.2
A41. Trade by region 1784+,AG65,256.7
A41. Trade by region 1784+,AH65,0.9973347547974412
A41. Trade by region 1784+,AI65,0.9949357226334242
A41. Trade by region 1784+,A66,1877
A41. Trade by region 1784+,B66,36.5
A41. Trade by region 1784+,C66,14.8
A41. Trade by region 1784+,D66,78.6
A41. Trade by region 1784+,E66,53.5
A41. Trade by region 1784+,F66,28.1
A41. Trade by region 1784+,G66,30.6
A41. Trade by region 1784+,H66,23.4
A41. Trade by region 1784+,I66,18.2
A41. Trade by region 1784+,J66,166.6
A41. Trade by region 1784+,K66,117.10000000000001
A41. Trade by region 1784+,L66,18.3
A41. Trade by region 1784+,M66,8.7
A41. Trade by region 1784+,N66,9.4
A41. Trade by region 1784+,O66,8.1
A41. Trade by region 1784+,P66,58.3
A41. Trade by region 1784+,Q66,44.3
A41. Trade by region 1784+,R66,6.6
A41. Trade by region 1784+,S66,5.8
A41. Trade by region 1784+,T66,22.7
A41. Trade by region 1784+,U66,17.9
A41. Trade by region 1784+,V66,21.7
A41. Trade by region 1784+,W66,21.5
A41. Trade by region 1784+,X66,89.8
A41. Trade by region 1784+,Y66,28.2
A41. Trade by region 1784+,AA66,393.40000000000003
A41. Trade by region 1784+,AB66,251.6
A41. Trade by region 1784+,AC66,-0.9999999999999432
A41. Trade by region 1784+,AD66,-0.8000000000000114
A41. Trade by region 1784+,AF66,394.4
A41. Trade by region 1784+,AG66,252.4
A41. Trade by region 1784+,AH66,0.9974645030425965
A41. Trade by region 1784+,AI66,0.9968304278922345
A41. Trade by region 1784+,A67,1878
A41. Trade by region 1784+,B67,31.5
A41. Trade by region 1784+,C67,15.7
A41. Trade by region 1784+,D67,75.2
A41. Trade by region 1784+,E67,52.6
A41. Trade by region 1784+,F67,26.2
A41. Trade by region 1784+,G67,31.3
A41. Trade by region 1784+,H67,18.8
A41. Trade by region 1784+,I67,16.4
A41. Trade by region 1784+,J67,151.70000000000002
A41. Trade by region 1784+,K67,116
A41. Trade by region 1784+,L67,11.3
A41. Trade by region 1784+,M67,10.8
A41. Trade by region 1784+,N67,8
A41. Trade by region 1784+,O67,8.9
A41. Trade by region 1784+,P67,51.4
A41. Trade by region 1784+,Q67,39.9
A41. Trade by region 1784+,R67,6.4
A41. Trade by region 1784+,S67,5.5
A41. Trade by region 1784+,T67,19.5
A41. Trade by region 1784+,U67,17
A41. Trade by region 1784+,V67,20.8
A41. Trade by region 1784+,W67,21.5
A41. Trade by region 1784+,X67,98.6
A41. Trade by region 1784+,Y67,24.5
A41. Trade by region 1784+,AA67,367.70000000000005
A41. Trade by region 1784+,AB67,244.1
A41. Trade by region 1784+,AC67,-1.099999999999966
A41. Trade by region 1784+,AD67,-1.3000000000000114
A41. Trade by region 1784+,AF67,368.8
A41. Trade by region 1784+,AG67,245.4
A41. Trade by region 1784+,AH67,0.9970173535791758
A41. Trade by region 1784+,AI67,0.9947025264873676
A41. Trade by region 1784+,A68,1879
A41. Trade by region 1784+,B68,28.9
A41. Trade by region 1784+,C68,16.5
A41. Trade by region 1784+,D68,71.1
A41. Trade by region 1784+,E68,53.9
A41. Trade by region 1784+,F68,24.7
A41. Trade by region 1784+,G68,31.8
A41. Trade by region 1784+,H68,17.8
A41. Trade by region 1784+,I68,15.6
A41. Trade by region 1784+,J68,142.5
A41. Trade by region 1784+,K68,117.8
A41. Trade by region 1784+,L68,12.7
A41. Trade by region 1784+,M68,10.4
A41. Trade by region 1784+,N68,8.2
A41. Trade by region 1784+,O68,9.6
A41. Trade by region 1784+,P68,47
A41. Trade by region 1784+,Q68,39.3
A41. Trade by region 1784+,R68,8
A41. Trade by region 1784+,S68,5.4
A41. Trade by region 1784+,T68,19.6
A41. Trade by region 1784+,U68,15.2
A41. Trade by region 1784+,V68,21.9
A41. Trade by region 1784+,W68,18
A41. Trade by region 1784+,X68,102.2
A41. Trade by region 1784+,Y68,31.6
A41. Trade by region 1784+,AA68,362.09999999999997
A41. Trade by region 1784+,AB68,247.29999999999995
A41. Trade by region 1784+,AC68,-0.9000000000000341
A41. Trade by region 1784+,AD68,-1.5000000000000568
A41. Trade by region 1784+,AF68,363
A41. Trade by region 1784+,AG68,248.8
A41. Trade by region 1784+,AH68,0.9975206611570246
A41. Trade by region 1784+,AI68,0.9939710610932474
A41. Trade by region 1784+,A69,1880
A41. Trade by region 1784+,B69,32.3
A41. Trade by region 1784+,C69,18.4
A41. Trade by region 1784+,D69,79.1
A41. Trade by region 1784+,E69,56.6
A41. Trade by region 1784+,F69,26.2
A41. Trade by region 1784+,G69,31.1
A41. Trade by region 1784+,H69,21.2
A41. Trade by region 1784+,I69,16.5
A41. Trade by region 1784+,J69,158.79999999999998
A41. Trade by region 1784+,K69,122.6
A41. Trade by region 1784+,L69,13.5
A41. Trade by region 1784+,M69,10.8
A41. Trade by region 1784+,N69,9.5
A41. Trade by region 1784+,O69,10.5
A41. Trade by region 1784+,P69,55.2
A41. Trade by region 1784+,Q69,52
A41. Trade by region 1784+,R69,6.5
A41. Trade by region 1784+,S69,5.9
A41. Trade by region 1784+,T69,19.4
A41. Trade by region 1784+,U69,18.4
A41. Trade by region 1784+,V69,25.599999999999998
A41. Trade by region 1784+,W69,18.8
A41. Trade by region 1784+,X69,120.5
A41. Trade by region 1784+,Y69,46.5
A41. Trade by region 1784+,AA69,409
A41. Trade by region 1784+,AB69,285.5
A41. Trade by region 1784+,AC69,-2.1999999999999886
A41. Trade by region 1784+,AD69,-1
A41. Trade by region 1784+,AF69,411.2
A41. Trade by region 1784+,AG69,286.5
A41. Trade by region 1784+,AH69,0.9946498054474708
A41. Trade by region 1784+,AI69,0.9965095986038395
A41. Trade by region 1784+,A70,1881
A41. Trade by region 1784+,B70,28.7
A41. Trade by region 1784+,C70,16.7
A41. Trade by region 1784+,D70,74.5
A41. Trade by region 1784+,E70,58.9
A41. Trade by region 1784+,F70,27.9
A41. Trade by region 1784+,G70,31.8
A41. Trade by region 1784+,H70,20.5
A41. Trade by region 1784+,I70,18.4
A41. Trade by region 1784+,J70,151.6
A41. Trade by region 1784+,K70,125.79999999999998
A41. Trade by region 1784+,L70,13.9
A41. Trade by region 1784+,M70,11.1
A41. Trade by region 1784+,N70,8.8
A41. Trade by region 1784+,O70,10.9
A41. Trade by region 1784+,P70,56
A41. Trade by region 1784+,Q70,51.1
A41. Trade by region 1784+,R70,5.5
A41. Trade by region 1784+,S70,5.51
A41. Trade by region 1784+,T70,18.7
A41. Trade by region 1784+,U70,21.1
A41. Trade by region 1784+,V70,26.8
A41. Trade by region 1784+,W70,23.8
A41. Trade by region 1784+,X70,114.5
A41. Trade by region 1784+,Y70,46.099999999999994
A41. Trade by region 1784+,AA70,395.8
A41. Trade by region 1784+,AB70,295.40999999999997
A41. Trade by region 1784+,AC70,-1.1999999999999886
A41. Trade by region 1784+,AD70,-2.590000000000032
A41. Trade by region 1784+,AF70,397
A41. Trade by region 1784+,AG70,298
A41. Trade by region 1784+,AH70,0.9969773299748111
A41. Trade by region 1784+,AI70,0.9913087248322147
A41. Trade by region 1784+,A71,1882
A41. Trade by region 1784+,B71,38.1
A41. Trade by region 1784+,C71,16.2
A41. Trade by region 1784+,D71,79.4
A41. Trade by region 1784+,E71,61.1
A41. Trade by region 1784+,F71,32.7
A41. Trade by region 1784+,G71,32.8
A41. Trade by region 1784+,H71,22.1
A41. Trade by region 1784+,I71,18.8
A41. Trade by region 1784+,J71,172.29999999999998
A41. Trade by region 1784+,K71,128.9
A41. Trade by region 1784+,L71,13
A41. Trade by region 1784+,M71,10
A41. Trade by region 1784+,N71,10
A41. Trade by region 1784+,O71,12
A41. Trade by region 1784+,P71,65.1
A41. Trade by region 1784+,Q71,47.7
A41. Trade by region 1784+,R71,6.1
A41. Trade by region 1784+,S71,6.3
A41. Trade by region 1784+,T71,21.6
A41. Trade by region 1784+,U71,23.3
A41. Trade by region 1784+,V71,25.099999999999998
A41. Trade by region 1784+,W71,27.5
A41. Trade by region 1784+,X71,98.80000000000001
A41. Trade by region 1784+,Y71,49.400000000000006
A41. Trade by region 1784+,AA71,412.00000000000006
A41. Trade by region 1784+,AB71,305.1000000000001
A41. Trade by region 1784+,AC71,-0.9999999999999432
A41. Trade by region 1784+,AD71,-1.599999999999909
A41. Trade by region 1784+,AF71,413
A41. Trade by region 1784+,AG71,306.7
A41. Trade by region 1784+,AH71,0.9975786924939468
A41. Trade by region 1784+,AI71,0.9947831757417674
A41. Trade by region 1784+,A72,1883
A41. Trade by region 1784+,B72,39.1
A41. Trade by region 1784+,C72,15.6
A41. Trade by region 1784+,D72,79.9
A41. Trade by region 1784+,E72,60
A41. Trade by region 1784+,F72,34.3
A41. Trade by region 1784+,G72,34.9
A41. Trade by region 1784+,H72,22.3
A41. Trade by region 1784+,I72,19.7
A41. Trade by region 1784+,J72,175.60000000000002
A41. Trade by region 1784+,K72,130.2
A41. Trade by region 1784+,L72,16
A41. Trade by region 1784+,M72,11.4
A41. Trade by region 1784+,N72,9.6
A41. Trade by region 1784+,O72,9.2
A41. Trade by region 1784+,P72,63.6
A41. Trade by region 1784+,Q72,50.8
A41. Trade by region 1784+,R72,4.6
A41. Trade by region 1784+,S72,6.6
A41. Trade by region 1784+,T72,19.2
A41. Trade by region 1784+,U72,22.5
A41. Trade by region 1784+,V72,25.900000000000002
A41. Trade by region 1784+,W72,26.7
A41. Trade by region 1784+,X72,111.6
A41. Trade by region 1784+,Y72,46.800000000000004
A41. Trade by region 1784+,AA72,426.1
A41. Trade by region 1784+,AB72,304.2
A41. Trade by region 1784+,AC72,-0.7999999999999545
A41. Trade by region 1784+,AD72,-1.1999999999999886
A41. Trade by region 1784+,AF72,426.9
A41. Trade by region 1784+,AG72,305.4
A41. Trade by region 1784+,AH72,0.9981260248301711
A41. Trade by region 1784+,AI72,0.9960707269155207
A41. Trade by region 1784+,A73,1884
A41. Trade by region 1784+,B73,32.1
A41. Trade by region 1784+,C73,15.5
A41. Trade by region 1784+,D73,78.5
A41. Trade by region 1784+,E73,59.4
A41. Trade by region 1784+,F73,28.8
A41. Trade by region 1784+,G73,33.3
A41. Trade by region 1784+,H73,20.1
A41. Trade by region 1784+,I73,19.4
A41. Trade by region 1784+,J73,159.5
A41. Trade by region 1784+,K73,127.6
A41. Trade by region 1784+,L73,15.5
A41. Trade by region 1784+,M73,10.6
A41. Trade by region 1784+,N73,9.3
A41. Trade by region 1784+,O73,8.9
A41. Trade by region 1784+,P73,58
A41. Trade by region 1784+,Q73,49.7
A41. Trade by region 1784+,R73,3.8
A41. Trade by region 1784+,S73,5.7
A41. Trade by region 1784+,T73,17.2
A41. Trade by region 1784+,U73,23.2
A41. Trade by region 1784+,V73,28.3
A41. Trade by region 1784+,W73,26.6
A41. Trade by region 1784+,X73,97.3
A41. Trade by region 1784+,Y73,42.400000000000006
A41. Trade by region 1784+,AA73,388.90000000000003
A41. Trade by region 1784+,AB73,294.7
A41. Trade by region 1784+,AC73,-1.099999999999966
A41. Trade by region 1784+,AD73,-1.1999999999999886
A41. Trade by region 1784+,AF73,390
A41. Trade by region 1784+,AG73,295.9
A41. Trade by region 1784+,AH73,0.9971794871794872
A41. Trade by region 1784+,AI73,0.9959445758702264
A41. Trade by region 1784+,A74,1885
A41. Trade by region 1784+,B74,33.5
A41. Trade by region 1784+,C74,13.6
A41. Trade by region 1784+,D74,75.8
A41. Trade by region 1784+,E74,52.7
A41. Trade by region 1784+,F74,28.3
A41. Trade by region 1784+,G74,29.1
A41. Trade by region 1784+,H74,19.1
A41. Trade by region 1784+,I74,17.4
A41. Trade by region 1784+,J74,156.7
A41. Trade by region 1784+,K74,112.80000000000001
A41. Trade by region 1784+,L74,13.8
A41. Trade by region 1784+,M74,11.1
A41. Trade by region 1784+,N74,7.3
A41. Trade by region 1784+,O74,7.4
A41. Trade by region 1784+,P74,53.1
A41. Trade by region 1784+,Q74,48.8
A41. Trade by region 1784+,R74,3.7
A41. Trade by region 1784+,S74,5
A41. Trade by region 1784+,T74,15.4
A41. Trade by region 1784+,U74,17.8
A41. Trade by region 1784+,V74,23.1
A41. Trade by region 1784+,W74,28.1
A41. Trade by region 1784+,X74,96.8
A41. Trade by region 1784+,Y74,39.5
A41. Trade by region 1784+,AA74,369.90000000000003
A41. Trade by region 1784+,AB74,270.5
A41. Trade by region 1784+,AC74,-1.099999999999966
A41. Trade by region 1784+,AD74,-1
A41. Trade by region 1784+,AF74,371
A41. Trade by region 1784+,AG74,271.5
A41. Trade by region 1784+,AH74,0.9970350404312669
A41. Trade by region 1784+,AI74,0.996316758747698
A41. Trade by region 1784+,A75,1886
A41. Trade by region 1784+,B75,28.7
A41. Trade by region 1784+,C75,13
A41. Trade by region 1784+,D75,76.2
A41. Trade by region 1784+,E75,47.6
A41. Trade by region 1784+,F75,25.8
A41. Trade by region 1784+,G75,28.7
A41. Trade by region 1784+,H75,17.1
A41. Trade by region 1784+,I75,16.8
A41. Trade by region 1784+,J75,147.8
A41. Trade by region 1784+,K75,106.1
A41. Trade by region 1784+,L75,11.7
A41. Trade by region 1784+,M75,9.8
A41. Trade by region 1784+,N75,7.3
A41. Trade by region 1784+,O75,6.8
A41. Trade by region 1784+,P75,52.9
A41. Trade by region 1784+,Q75,48.1
A41. Trade by region 1784+,R75,1.9
A41. Trade by region 1784+,S75,5.2
A41. Trade by region 1784+,T75,13.8
A41. Trade by region 1784+,U75,20
A41. Trade by region 1784+,V75,20.9
A41. Trade by region 1784+,W75,25
A41. Trade by region 1784+,X75,92
A41. Trade by region 1784+,Y75,46.6
A41. Trade by region 1784+,AA75,348.3
A41. Trade by region 1784+,AB75,267.59999999999997
A41. Trade by region 1784+,AC75,-1.599999999999966
A41. Trade by region 1784+,AD75,-1.3000000000000114
A41. Trade by region 1784+,AF75,349.9
A41. Trade by region 1784+,AG75,268.9
A41. Trade by region 1784+,AH75,0.9954272649328381
A41. Trade by region 1784+,AI75,0.995165489029379
A41. Trade by region 1784+,A76,1887
A41. Trade by region 1784+,B76,31.3
A41. Trade by region 1784+,C76,13.7
A41. Trade by region 1784+,D76,77.2
A41. Trade by region 1784+,E76,48.8
A41. Trade by region 1784+,F76,29.6
A41. Trade by region 1784+,G76,29.7
A41. Trade by region 1784+,H76,19.4
A41. Trade by region 1784+,I76,18.9
A41. Trade by region 1784+,J76,157.5
A41. Trade by region 1784+,K76,111.1
A41. Trade by region 1784+,L76,11.9
A41. Trade by region 1784+,M76,9.6
A41. Trade by region 1784+,N76,7.5
A41. Trade by region 1784+,O76,8.5
A41. Trade by region 1784+,P76,49.4
A41. Trade by region 1784+,Q76,51
A41. Trade by region 1784+,R76,2.1
A41. Trade by region 1784+,S76,5.4
A41. Trade by region 1784+,T76,16
A41. Trade by region 1784+,U76,22.9
A41. Trade by region 1784+,V76,23.3
A41. Trade by region 1784+,W76,22.299999999999997
A41. Trade by region 1784+,X76,93.6
A41. Trade by region 1784+,Y76,49.400000000000006
A41. Trade by region 1784+,AA76,361.30000000000007
A41. Trade by region 1784+,AB76,280.19999999999993
A41. Trade by region 1784+,AC76,-0.8999999999999204
A41. Trade by region 1784+,AD76,-1.0000000000000568
A41. Trade by region 1784+,AF76,362.2
A41. Trade by region 1784+,AG76,281.2
A41. Trade by region 1784+,AH76,0.9975151849806739
A41. Trade by region 1784+,AI76,0.9964438122332857
A41. Trade by region 1784+,A77,1888
A41. Trade by region 1784+,B77,44.6
A41. Trade by region 1784+,C77,15.5
A41. Trade by region 1784+,D77,80.6
A41. Trade by region 1784+,E77,52.2
A41. Trade by region 1784+,F77,32.5
A41. Trade by region 1784+,G77,30
A41. Trade by region 1784+,H77,21.2
A41. Trade by region 1784+,I77,17.1
A41. Trade by region 1784+,J77,178.89999999999998
A41. Trade by region 1784+,K77,114.80000000000001
A41. Trade by region 1784+,L77,11.9
A41. Trade by region 1784+,M77,9
A41. Trade by region 1784+,N77,8.1
A41. Trade by region 1784+,O77,9.7
A41. Trade by region 1784+,P77,52.7
A41. Trade by region 1784+,Q77,54.1
A41. Trade by region 1784+,R77,2.7
A41. Trade by region 1784+,S77,5.8
A41. Trade by region 1784+,T77,17.4
A41. Trade by region 1784+,U77,25.6
A41. Trade by region 1784+,V77,25.799999999999997
A41. Trade by region 1784+,W77,28.6
A41. Trade by region 1784+,X77,89.1
A41. Trade by region 1784+,Y77,49.900000000000006
A41. Trade by region 1784+,AA77,386.59999999999997
A41. Trade by region 1784+,AB77,297.5
A41. Trade by region 1784+,AC77,-1.0000000000000568
A41. Trade by region 1784+,AD77,-1
A41. Trade by region 1784+,AF77,387.6
A41. Trade by region 1784+,AG77,298.5
A41. Trade by region 1784+,AH77,0.9974200206398347
A41. Trade by region 1784+,AI77,0.9966499162479062
A41. Trade by region 1784+,A78,1889
A41. Trade by region 1784+,B78,47.7
A41. Trade by region 1784+,C78,17.9
A41. Trade by region 1784+,D78,90.1
A41. Trade by region 1784+,E78,52.1
A41. Trade by region 1784+,F78,32.8
A41. Trade by region 1784+,G78,34.1
A41. Trade by region 1784+,H78,22
A41. Trade by region 1784+,I78,20
A41. Trade by region 1784+,J78,192.60000000000002
A41. Trade by region 1784+,K78,124.1
A41. Trade by region 1784+,L78,14.4
A41. Trade by region 1784+,M78,10.3
A41. Trade by region 1784+,N78,9
A41. Trade by region 1784+,O78,13.7
A41. Trade by region 1784+,P78,57.7
A41. Trade by region 1784+,Q78,50.9
A41. Trade by region 1784+,R78,2.4
A41. Trade by region 1784+,S78,6
A41. Trade by region 1784+,T78,15.9
A41. Trade by region 1784+,U78,30.6
A41. Trade by region 1784+,V78,26.8
A41. Trade by region 1784+,W78,25.6
A41. Trade by region 1784+,X78,107.7
A41. Trade by region 1784+,Y78,53.3
A41. Trade by region 1784+,AA78,426.5
A41. Trade by region 1784+,AB78,314.5
A41. Trade by region 1784+,AC78,-1.1000000000000227
A41. Trade by region 1784+,AD78,-1.1000000000000227
A41. Trade by region 1784+,AF78,427.6
A41. Trade by region 1784+,AG78,315.6
A41. Trade by region 1784+,AH78,0.9974275023386342
A41. Trade by region 1784+,AI78,0.9965145754119138
A41. Trade by region 1784+,A79,1890
A41. Trade by region 1784+,B79,43.4
A41. Trade by region 1784+,C79,18.8
A41. Trade by region 1784+,D79,88.1
A41. Trade by region 1784+,E79,54.8
A41. Trade by region 1784+,F79,32.4
A41. Trade by region 1784+,G79,33.7
A41. Trade by region 1784+,H79,22.8
A41. Trade by region 1784+,I79,21.4
A41. Trade by region 1784+,J79,186.70000000000002
A41. Trade by region 1784+,K79,128.7
A41. Trade by region 1784+,L79,13.5
A41. Trade by region 1784+,M79,11.7
A41. Trade by region 1784+,N79,9.4
A41. Trade by region 1784+,O79,14.1
A41. Trade by region 1784+,P79,51.6
A41. Trade by region 1784+,Q79,55.8
A41. Trade by region 1784+,R79,2.1
A41. Trade by region 1784+,S79,7
A41. Trade by region 1784+,T79,17.2
A41. Trade by region 1784+,U79,29.6
A41. Trade by region 1784+,V79,29.3
A41. Trade by region 1784+,W79,25.5
A41. Trade by region 1784+,X79,109.7
A41. Trade by region 1784+,Y79,54.599999999999994
A41. Trade by region 1784+,AA79,419.50000000000006
A41. Trade by region 1784+,AB79,327
A41. Trade by region 1784+,AC79,-1.1999999999999318
A41. Trade by region 1784+,AD79,-1.1999999999999886
A41. Trade by region 1784+,AF79,420.7
A41. Trade by region 1784+,AG79,328.2
A41. Trade by region 1784+,AH79,0.9971476111243168
A41. Trade by region 1784+,AI79,0.9963436928702011
A41. Trade by region 1784+,A80,1891
A41. Trade by region 1784+,B80,43.9
A41. Trade by region 1784+,C80,17.8
A41. Trade by region 1784+,D80,89.3
A41. Trade by region 1784+,E80,52.6
A41. Trade by region 1784+,F80,33.7
A41. Trade by region 1784+,G80,33.4
A41. Trade by region 1784+,H80,21
A41. Trade by region 1784+,I80,19.1
A41. Trade by region 1784+,J80,187.89999999999998
A41. Trade by region 1784+,K80,122.9
A41. Trade by region 1784+,L80,16.4
A41. Trade by region 1784+,M80,12.1
A41. Trade by region 1784+,N80,9.6
A41. Trade by region 1784+,O80,13.1
A41. Trade by region 1784+,P80,53.3
A41. Trade by region 1784+,Q80,52
A41. Trade by region 1784+,R80,1.8
A41. Trade by region 1784+,S80,5.9
A41. Trade by region 1784+,T80,16.7
A41. Trade by region 1784+,U80,24.2
A41. Trade by region 1784+,V80,31.3
A41. Trade by region 1784+,W80,28.3
A41. Trade by region 1784+,X80,117
A41. Trade by region 1784+,Y80,49.400000000000006
A41. Trade by region 1784+,AA80,434
A41. Trade by region 1784+,AB80,307.9
A41. Trade by region 1784+,AC80,-1.3999999999999773
A41. Trade by region 1784+,AD80,-1.1999999999999886
A41. Trade by region 1784+,AF80,435.4
A41. Trade by region 1784+,AG80,309.09999999999997
A41. Trade by region 1784+,AH80,0.9967845659163987
A41. Trade by region 1784+,AI80,0.9961177612423164
A41. Trade by region 1784+,A81,1892
A41. Trade by region 1784+,B81,35
A41. Trade by region 1784+,C81,18.2
A41. Trade by region 1784+,D81,89.4
A41. Trade by region 1784+,E81,49.8
A41. Trade by region 1784+,F81,30
A41. Trade by region 1784+,G81,32.7
A41. Trade by region 1784+,H81,21.5
A41. Trade by region 1784+,I81,17.1
A41. Trade by region 1784+,J81,175.9
A41. Trade by region 1784+,K81,117.80000000000001
A41. Trade by region 1784+,L81,16.4
A41. Trade by region 1784+,M81,10.5
A41. Trade by region 1784+,N81,8.7
A41. Trade by region 1784+,O81,12.7
A41. Trade by region 1784+,P81,48.7
A41. Trade by region 1784+,Q81,46.6
A41. Trade by region 1784+,R81,2.1
A41. Trade by region 1784+,S81,5.9
A41. Trade by region 1784+,T81,17.5
A41. Trade by region 1784+,U81,25.5
A41. Trade by region 1784+,V81,30.6
A41. Trade by region 1784+,W81,21.5
A41. Trade by region 1784+,X81,122.8
A41. Trade by region 1784+,Y81,49.9
A41. Trade by region 1784+,AA81,422.70000000000005
A41. Trade by region 1784+,AB81,290.4
A41. Trade by region 1784+,AC81,-1.099999999999966
A41. Trade by region 1784+,AD81,-1.2000000000000455
A41. Trade by region 1784+,AF81,423.8
A41. Trade by region 1784+,AG81,291.6
A41. Trade by region 1784+,AH81,0.9974044360547429
A41. Trade by region 1784+,AI81,0.9958847736625512
A41. Trade by region 1784+,A82,1893
A41. Trade by region 1784+,B82,39.5
A41. Trade by region 1784+,C82,19.5
A41. Trade by region 1784+,D82,89.4
A41. Trade by region 1784+,E82,48.6
A41. Trade by region 1784+,F82,32.3
A41. Trade by region 1784+,G82,31.2
A41. Trade by region 1784+,H82,18.6
A41. Trade by region 1784+,I82,15.5
A41. Trade by region 1784+,J82,179.79999999999998
A41. Trade by region 1784+,K82,114.8
A41. Trade by region 1784+,L82,14
A41. Trade by region 1784+,M82,10
A41. Trade by region 1784+,N82,9.1
A41. Trade by region 1784+,O82,13.9
A41. Trade by region 1784+,P82,44.7
A41. Trade by region 1784+,Q82,46.3
A41. Trade by region 1784+,R82,2
A41. Trade by region 1784+,S82,5.6
A41. Trade by region 1784+,T82,18.8
A41. Trade by region 1784+,U82,24.1
A41. Trade by region 1784+,V82,29.9
A41. Trade by region 1784+,W82,16.9
A41. Trade by region 1784+,X82,105.1
A41. Trade by region 1784+,Y82,54.300000000000004
A41. Trade by region 1784+,AA82,403.4
A41. Trade by region 1784+,AB82,285.90000000000003
A41. Trade by region 1784+,AC82,-1.3000000000000114
A41. Trade by region 1784+,AD82,8.700000000000045
A41. Trade by region 1784+,AF82,404.7
A41. Trade by region 1784+,AG82,277.2
A41. Trade by region 1784+,AH82,0.996787744007907
A41. Trade by region 1784+,AI82,1.0313852813852815
A41. Trade by region 1784+,A83,1894
A41. Trade by region 1784+,B83,45.1
A41. Trade by region 1784+,C83,21.1
A41. Trade by region 1784+,D83,88.1
A41. Trade by region 1784+,E83,46.7
A41. Trade by region 1784+,F83,32.4
A41. Trade by region 1784+,G83,32.8
A41. Trade by region 1784+,H83,18.9
A41. Trade by region 1784+,I83,16.1
A41. Trade by region 1784+,J83,184.5
A41. Trade by region 1784+,K83,116.70000000000002
A41. Trade by region 1784+,L83,14.5
A41. Trade by region 1784+,M83,11.5
A41. Trade by region 1784+,N83,8.5
A41. Trade by region 1784+,O83,13.6
A41. Trade by region 1784+,P83,43.9
A41. Trade by region 1784+,Q83,47
A41. Trade by region 1784+,R83,2.3
A41. Trade by region 1784+,S83,5.1
A41. Trade by region 1784+,T83,18.9
A41. Trade by region 1784+,U83,22.4
A41. Trade by region 1784+,V83,31.8
A41. Trade by region 1784+,W83,17.9
A41. Trade by region 1784+,X83,102.5
A41. Trade by region 1784+,Y83,38.2
A41. Trade by region 1784+,AA83,406.90000000000003
A41. Trade by region 1784+,AB83,272.40000000000003
A41. Trade by region 1784+,AC83,-1.3999999999999773
A41. Trade by region 1784+,AD83,-1.3999999999999773
A41. Trade by region 1784+,AF83,408.3
A41. Trade by region 1784+,AG83,273.8
A41. Trade by region 1784+,AH83,0.9965711486651972
A41. Trade by region 1784+,AI83,0.9948867786705625
A41. Trade by region 1784+,A84,1895
A41. Trade by region 1784+,B84,47.2
A41. Trade by region 1784+,C84,29.4
A41. Trade by region 1784+,D84,93.4
A41. Trade by region 1784+,E84,43.5
A41. Trade by region 1784+,F84,30.4
A41. Trade by region 1784+,G84,36
A41. Trade by region 1784+,H84,19.7
A41. Trade by region 1784+,I84,15.7
A41. Trade by region 1784+,J84,190.70000000000002
A41. Trade by region 1784+,K84,124.60000000000001
A41. Trade by region 1784+,L84,15.6
A41. Trade by region 1784+,M84,9.6
A41. Trade by region 1784+,N84,9
A41. Trade by region 1784+,O84,15.9
A41. Trade by region 1784+,P84,43.5
A41. Trade by region 1784+,Q84,43.5
A41. Trade by region 1784+,R84,2.1
A41. Trade by region 1784+,S84,4.7
A41. Trade by region 1784+,T84,21.1
A41. Trade by region 1784+,U84,25
A41. Trade by region 1784+,V84,33.4
A41. Trade by region 1784+,W84,19.3
A41. Trade by region 1784+,X84,99.9
A41. Trade by region 1784+,Y84,50.7
A41. Trade by region 1784+,AA84,415.30000000000007
A41. Trade by region 1784+,AB84,293.3
A41. Trade by region 1784+,AC84,-1.3999999999999204
A41. Trade by region 1784+,AD84,7.5
A41. Trade by region 1784+,AF84,416.7
A41. Trade by region 1784+,AG84,285.8
A41. Trade by region 1784+,AH84,0.9966402687784979
A41. Trade by region 1784+,AI84,1.0262421273617914
A41. Trade by region 1784+,A85,1896
A41. Trade by region 1784+,B85,47.2
A41. Trade by region 1784+,C85,21.7
A41. Trade by region 1784+,D85,98.6
A41. Trade by region 1784+,E85,45.3
A41. Trade by region 1784+,F85,32.4
A41. Trade by region 1784+,G85,37.7
A41. Trade by region 1784+,H85,20.4
A41. Trade by region 1784+,I85,15.3
A41. Trade by region 1784+,J85,198.60000000000002
A41. Trade by region 1784+,K85,120
A41. Trade by region 1784+,L85,15.2
A41. Trade by region 1784+,M85,9.7
A41. Trade by region 1784+,N85,8.9
A41. Trade by region 1784+,O85,20.5
A41. Trade by region 1784+,P85,41.8
A41. Trade by region 1784+,Q85,51.9
A41. Trade by region 1784+,R85,1.9
A41. Trade by region 1784+,S85,4.2
A41. Trade by region 1784+,T85,21.7
A41. Trade by region 1784+,U85,25.6
A41. Trade by region 1784+,V85,29.4
A41. Trade by region 1784+,W85,24.299999999999997
A41. Trade by region 1784+,X85,122.69999999999999
A41. Trade by region 1784+,Y85,38.7
A41. Trade by region 1784+,AA85,440.19999999999993
A41. Trade by region 1784+,AB85,294.9
A41. Trade by region 1784+,AC85,-1.6000000000000796
A41. Trade by region 1784+,AD85,-1.400000000000034
A41. Trade by region 1784+,AF85,441.8
A41. Trade by region 1784+,AG85,296.3
A41. Trade by region 1784+,AH85,0.9963784517881392
A41. Trade by region 1784+,AI85,0.9952750590617616
A41. Trade by region 1784+,A86,1897
A41. Trade by region 1784+,B86,48.1
A41. Trade by region 1784+,C86,22.9
A41. Trade by region 1784+,D86,103.2
A41. Trade by region 1784+,E86,45.6
A41. Trade by region 1784+,F86,30.1
A41. Trade by region 1784+,G86,36
A41. Trade by region 1784+,H86,22.2
A41. Trade by region 1784+,I86,15.7
A41. Trade by region 1784+,J86,203.6
A41. Trade by region 1784+,K86,120.2
A41. Trade by region 1784+,L86,15.8
A41. Trade by region 1784+,M86,12.1
A41. Trade by region 1784+,N86,8.9
A41. Trade by region 1784+,O86,20.3
A41. Trade by region 1784+,P86,40
A41. Trade by region 1784+,Q86,47.7
A41. Trade by region 1784+,R86,1.6
A41. Trade by region 1784+,S86,3.7
A41. Trade by region 1784+,T86,17.4
A41. Trade by region 1784+,U86,20.5
A41. Trade by region 1784+,V86,29.299999999999997
A41. Trade by region 1784+,W86,23.7
A41. Trade by region 1784+,X86,132.5
A41. Trade by region 1784+,Y86,44.4
A41. Trade by region 1784+,AA86,449.1
A41. Trade by region 1784+,AB86,292.59999999999997
A41. Trade by region 1784+,AC86,-1.8999999999999773
A41. Trade by region 1784+,AD86,-1.6000000000000227
A41. Trade by region 1784+,AF86,451
A41. Trade by region 1784+,AG86,294.2
A41. Trade by region 1784+,AH86,0.9957871396895788
A41. Trade by region 1784+,AI86,0.9945615227736233
A41. Trade by region 1784+,A87,1898
A41. Trade by region 1784+,B87,45.9
A41. Trade by region 1784+,C87,26.6
A41. Trade by region 1784+,D87,101.5
A41. Trade by region 1784+,E87,47.4
A41. Trade by region 1784+,F87,32.3
A41. Trade by region 1784+,G87,37.3
A41. Trade by region 1784+,H87,23.2
A41. Trade by region 1784+,I87,16.2
A41. Trade by region 1784+,J87,202.89999999999998
A41. Trade by region 1784+,K87,127.5
A41. Trade by region 1784+,L87,14.1
A41. Trade by region 1784+,M87,11.8
A41. Trade by region 1784+,N87,10.4
A41. Trade by region 1784+,O87,19.4
A41. Trade by region 1784+,P87,42.9
A41. Trade by region 1784+,Q87,49.7
A41. Trade by region 1784+,R87,1.4
A41. Trade by region 1784+,S87,3.1
A41. Trade by region 1784+,T87,21.4
A41. Trade by region 1784+,U87,21.4
A41. Trade by region 1784+,V87,28.8
A41. Trade by region 1784+,W87,23.5
A41. Trade by region 1784+,X87,140.9
A41. Trade by region 1784+,Y87,36
A41. Trade by region 1784+,AA87,462.79999999999995
A41. Trade by region 1784+,AB87,292.4000000000001
A41. Trade by region 1784+,AC87,-7.7000000000000455
A41. Trade by region 1784+,AD87,-1.6999999999999318
A41. Trade by region 1784+,AF87,470.5
A41. Trade by region 1784+,AG87,294.1
A41. Trade by region 1784+,AH87,0.9836344314558979
A41. Trade by region 1784+,AI87,0.994219653179191
A41. Trade by region 1784+,A88,1899
A41. Trade by region 1784+,B88,46.5
A41. Trade by region 1784+,C88,30.4
A41. Trade by region 1784+,D88,106.3
A41. Trade by region 1784+,E88,50.9
A41. Trade by region 1784+,F88,33.5
A41. Trade by region 1784+,G88,42.1
A41. Trade by region 1784+,H88,24.6
A41. Trade by region 1784+,I88,20.5
A41. Trade by region 1784+,J88,210.9
A41. Trade by region 1784+,K88,143.9
A41. Trade by region 1784+,L88,16.1
A41. Trade by region 1784+,M88,11.4
A41. Trade by region 1784+,N88,10.6
A41. Trade by region 1784+,O88,19.4
A41. Trade by region 1784+,P88,46.1
A41. Trade by region 1784+,Q88,57.7
A41. Trade by region 1784+,R88,1.6
A41. Trade by region 1784+,S88,4.7
A41. Trade by region 1784+,T88,23.4
A41. Trade by region 1784+,U88,22.2
A41. Trade by region 1784+,V88,33.3
A41. Trade by region 1784+,W88,24.700000000000003
A41. Trade by region 1784+,X88,140.79999999999998
A41. Trade by region 1784+,Y88,44.8
A41. Trade by region 1784+,AA88,482.79999999999995
A41. Trade by region 1784+,AB88,328.8
A41. Trade by region 1784+,AC88,-2.2000000000000455
A41. Trade by region 1784+,AD88,-0.6999999999999886
A41. Trade by region 1784+,AF88,485
A41. Trade by region 1784+,AG88,329.5
A41. Trade by region 1784+,AH88,0.9954639175257731
A41. Trade by region 1784+,AI88,0.9978755690440061
A41. Trade by region 1784+,A89,1900
A41. Trade by region 1784+,B89,51.6
A41. Trade by region 1784+,C89,31.4
A41. Trade by region 1784+,D89,108.5
A41. Trade by region 1784+,E89,45.7
A41. Trade by region 1784+,F89,34
A41. Trade by region 1784+,G89,42.5
A41. Trade by region 1784+,H89,26.6
A41. Trade by region 1784+,I89,23.2
A41. Trade by region 1784+,J89,220.7
A41. Trade by region 1784+,K89,142.79999999999998
A41. Trade by region 1784+,L89,18.6
A41. Trade by region 1784+,M89,12.2
A41. Trade by region 1784+,N89,8.4
A41. Trade by region 1784+,O89,21.6
A41. Trade by region 1784+,P89,47
A41. Trade by region 1784+,Q89,57.2
A41. Trade by region 1784+,R89,1.8
A41. Trade by region 1784+,S89,4.7
A41. Trade by region 1784+,T89,28.4
A41. Trade by region 1784+,U89,25.3
A41. Trade by region 1784+,V89,35.4
A41. Trade by region 1784+,W89,29.4
A41. Trade by region 1784+,X89,161
A41. Trade by region 1784+,Y89,47
A41. Trade by region 1784+,AA89,521.3
A41. Trade by region 1784+,AB89,340.19999999999993
A41. Trade by region 1784+,AC89,-1.8000000000000682
A41. Trade by region 1784+,AD89,-14.200000000000045
A41. Trade by region 1784+,AF89,523.1
A41. Trade by region 1784+,AG89,354.4
A41. Trade by region 1784+,AH89,0.9965589753393231
A41. Trade by region 1784+,AI89,0.9599322799097064
A41. Trade by region 1784+,A90,1901
A41. Trade by region 1784+,B90,51.7
A41. Trade by region 1784+,C90,27.7
A41. Trade by region 1784+,D90,112
A41. Trade by region 1784+,E90,50.1
A41. Trade by region 1784+,F90,37.5
A41. Trade by region 1784+,G90,48.5
A41. Trade by region 1784+,H90,24.2
A41. Trade by region 1784+,I90,21.7
A41. Trade by region 1784+,J90,225.39999999999998
A41. Trade by region 1784+,K90,148
A41. Trade by region 1784+,L90,18
A41. Trade by region 1784+,M90,14.6
A41. Trade by region 1784+,N90,9.5
A41. Trade by region 1784+,O90,26.9
A41. Trade by region 1784+,P90,45.8
A41. Trade by region 1784+,Q90,60.7
A41. Trade by region 1784+,R90,2
A41. Trade by region 1784+,S90,4.6
A41. Trade by region 1784+,T90,26.7
A41. Trade by region 1784+,U90,22.5
A41. Trade by region 1784+,V90,34.8
A41. Trade by region 1784+,W90,29.6
A41. Trade by region 1784+,X90,161.4
A41. Trade by region 1784+,Y90,47.400000000000006
A41. Trade by region 1784+,AA90,523.6
A41. Trade by region 1784+,AB90,354.30000000000007
A41. Trade by region 1784+,AC90,1.6000000000000227
A41. Trade by region 1784+,AD90,6.500000000000057
A41. Trade by region 1784+,AF90,522
A41. Trade by region 1784+,AG90,347.8
A41. Trade by region 1784+,AH90,1.0030651340996168
A41. Trade by region 1784+,AI90,1.0186889016676253
A41. Trade by region 1784+,A91,1902
A41. Trade by region 1784+,B91,56.4
A41. Trade by region 1784+,C91,26.4
A41. Trade by region 1784+,D91,112.1
A41. Trade by region 1784+,E91,48
A41. Trade by region 1784+,F91,43.1
A41. Trade by region 1784+,G91,37.3
A41. Trade by region 1784+,H91,24.9
A41. Trade by region 1784+,I91,21.7
A41. Trade by region 1784+,J91,236.5
A41. Trade by region 1784+,K91,133.4
A41. Trade by region 1784+,L91,20.3
A41. Trade by region 1784+,M91,13.2
A41. Trade by region 1784+,N91,10.2
A41. Trade by region 1784+,O91,34.1
A41. Trade by region 1784+,P91,47
A41. Trade by region 1784+,Q91,56.2
A41. Trade by region 1784+,R91,2.3
A41. Trade by region 1784+,S91,4.3
A41. Trade by region 1784+,T91,29.2
A41. Trade by region 1784+,U91,22.7
A41. Trade by region 1784+,V91,30.6
A41. Trade by region 1784+,W91,27.7
A41. Trade by region 1784+,X91,150.6
A41. Trade by region 1784+,Y91,55.5
A41. Trade by region 1784+,AA91,526.6999999999999
A41. Trade by region 1784+,AB91,347.09999999999997
A41. Trade by region 1784+,AC91,-1.7000000000000455
A41. Trade by region 1784+,AD91,-2.1000000000000227
A41. Trade by region 1784+,AF91,528.4
A41. Trade by region 1784+,AG91,349.2
A41. Trade by region 1784+,AH91,0.996782740348221
A41. Trade by region 1784+,AI91,0.9939862542955326
A41. Trade by region 1784+,A92,1903
A41. Trade by region 1784+,B92,63.8
A41. Trade by region 1784+,C92,29.1
A41. Trade by region 1784+,D92,113.3
A41. Trade by region 1784+,E92,49.9
A41. Trade by region 1784+,F92,41.5
A41. Trade by region 1784+,G92,38.3
A41. Trade by region 1784+,H92,24.2
A41. Trade by region 1784+,I92,22.1
A41. Trade by region 1784+,J92,242.79999999999998
A41. Trade by region 1784+,K92,139.4
A41. Trade by region 1784+,L92,19.2
A41. Trade by region 1784+,M92,13.1
A41. Trade by region 1784+,N92,10.9
A41. Trade by region 1784+,O92,36.2
A41. Trade by region 1784+,P92,51.1
A41. Trade by region 1784+,Q92,57.6
A41. Trade by region 1784+,R92,2
A41. Trade by region 1784+,S92,4.9
A41. Trade by region 1784+,T92,35.9
A41. Trade by region 1784+,U92,26
A41. Trade by region 1784+,V92,30.6
A41. Trade by region 1784+,W92,25.1
A41. Trade by region 1784+,X92,149.4
A41. Trade by region 1784+,Y92,54.8
A41. Trade by region 1784+,AA92,541.9
A41. Trade by region 1784+,AB92,357.09999999999997
A41. Trade by region 1784+,AC92,-0.8999999999999773
A41. Trade by region 1784+,AD92,-3.3000000000000114
A41. Trade by region 1784+,AF92,542.8
A41. Trade by region 1784+,AG92,360.4
A41. Trade by region 1784+,AH92,0.9983419307295506
A41. Trade by region 1784+,AI92,0.9908435072142064
A41. Trade by region 1784+,A93,1904
A41. Trade by region 1784+,B93,62.9
A41. Trade by region 1784+,C93,28.2
A41. Trade by region 1784+,D93,116.3
A41. Trade by region 1784+,E93,48.1
A41. Trade by region 1784+,F93,39.9
A41. Trade by region 1784+,G93,40.8
A41. Trade by region 1784+,H93,23.1
A41. Trade by region 1784+,I93,22.8
A41. Trade by region 1784+,J93,242.2
A41. Trade by region 1784+,K93,139.9
A41. Trade by region 1784+,L93,20.5
A41. Trade by region 1784+,M93,16.8
A41. Trade by region 1784+,N93,11.3
A41. Trade by region 1784+,O93,28
A41. Trade by region 1784+,P93,56.5
A41. Trade by region 1784+,Q93,69.2
A41. Trade by region 1784+,R93,2.2
A41. Trade by region 1784+,S93,5.4
A41. Trade by region 1784+,T93,41.4
A41. Trade by region 1784+,U93,30.1
A41. Trade by region 1784+,V93,36.3
A41. Trade by region 1784+,W93,26.700000000000003
A41. Trade by region 1784+,X93,142.3
A41. Trade by region 1784+,Y93,52.099999999999994
A41. Trade by region 1784+,AA93,552.7
A41. Trade by region 1784+,AB93,368.20000000000005
A41. Trade by region 1784+,AC93,1.7000000000000455
A41. Trade by region 1784+,AD93,-2.7999999999999545
A41. Trade by region 1784+,AF93,551
A41. Trade by region 1784+,AG93,371
A41. Trade by region 1784+,AH93,1.0030852994555355
A41. Trade by region 1784+,AI93,0.9924528301886794
A41. Trade by region 1784+,A94,1905
A41. Trade by region 1784+,B94,66
A41. Trade by region 1784+,C94,29.2
A41. Trade by region 1784+,D94,86
A41. Trade by region 1784+,E94,52.6
A41. Trade by region 1784+,F94,61.7
A41. Trade by region 1784+,G94,47.4
A41. Trade by region 1784+,H94,26.6
A41. Trade by region 1784+,I94,22.8
A41. Trade by region 1784+,J94,240.29999999999998
A41. Trade by region 1784+,K94,152
A41. Trade by region 1784+,L94,20.9
A41. Trade by region 1784+,M94,15.8
A41. Trade by region 1784+,N94,11.8
A41. Trade by region 1784+,O94,27.4
A41. Trade by region 1784+,P94,57.2
A41. Trade by region 1784+,Q94,83
A41. Trade by region 1784+,R94,3.4
A41. Trade by region 1784+,S94,5.5
A41. Trade by region 1784+,T94,49
A41. Trade by region 1784+,U94,34.3
A41. Trade by region 1784+,V94,40.4
A41. Trade by region 1784+,W94,26.5
A41. Trade by region 1784+,X94,139.7
A41. Trade by region 1784+,Y94,61.599999999999994
A41. Trade by region 1784+,AA94,562.6999999999999
A41. Trade by region 1784+,AB94,406.1
A41. Trade by region 1784+,AC94,-2.300000000000068
A41. Trade by region 1784+,AD94,-1.5
A41. Trade by region 1784+,AF94,565
A41. Trade by region 1784+,AG94,407.6
A41. Trade by region 1784+,AH94,0.9959292035398228
A41. Trade by region 1784+,AI94,0.9963199214916585
A41. Trade by region 1784+,A95,1906
A41. Trade by region 1784+,B95,65.7
A41. Trade by region 1784+,C95,32.2
A41. Trade by region 1784+,D95,89.2
A41. Trade by region 1784+,E95,52.4
A41. Trade by region 1784+,F95,66
A41. Trade by region 1784+,G95,53.9
A41. Trade by region 1784+,H95,30.2
A41. Trade by region 1784+,I95,26.9
A41. Trade by region 1784+,J95,251.1
A41. Trade by region 1784+,K95,165.4
A41. Trade by region 1784+,L95,23.4
A41. Trade by region 1784+,M95,18.3
A41. Trade by region 1784+,N95,13
A41. Trade by region 1784+,O95,27.5
A41. Trade by region 1784+,P95,62.4
A41. Trade by region 1784+,Q95,86.8
A41. Trade by region 1784+,R95,3.8
A41. Trade by region 1784+,S95,5.6
A41. Trade by region 1784+,T95,47.4
A41. Trade by region 1784+,U95,45.1
A41. Trade by region 1784+,V95,44.9
A41. Trade by region 1784+,W95,30.9
A41. Trade by region 1784+,X95,159.79999999999998
A41. Trade by region 1784+,Y95,69.30000000000001
A41. Trade by region 1784+,AA95,605.7999999999998
A41. Trade by region 1784+,AB95,448.90000000000003
A41. Trade by region 1784+,AC95,-2.1000000000001364
A41. Trade by region 1784+,AD95,-11.800000000000011
A41. Trade by region 1784+,AF95,607.9
A41. Trade by region 1784+,AG95,460.70000000000005
A41. Trade by region 1784+,AH95,0.9965454844546798
A41. Trade by region 1784+,AI95,0.9743868026915563
A41. Trade by region 1784+,A96,1907
A41. Trade by region 1784+,B96,69
A41. Trade by region 1784+,C96,38.2
A41. Trade by region 1784+,D96,88.3
A41. Trade by region 1784+,E96,71.9
A41. Trade by region 1784+,F96,68.7
A41. Trade by region 1784+,G96,48.8
A41. Trade by region 1784+,H96,32.1
A41. Trade by region 1784+,I96,30.8
A41. Trade by region 1784+,J96,258.1
A41. Trade by region 1784+,K96,189.70000000000002
A41. Trade by region 1784+,L96,28.9
A41. Trade by region 1784+,M96,19.1
A41. Trade by region 1784+,N96,16.7
A41. Trade by region 1784+,O96,26.8
A41. Trade by region 1784+,P96,71.7
A41. Trade by region 1784+,Q96,93.9
A41. Trade by region 1784+,R96,3.6
A41. Trade by region 1784+,S96,6.6
A41. Trade by region 1784+,T96,52.7
A41. Trade by region 1784+,U96,49.4
A41. Trade by region 1784+,V96,51.599999999999994
A41. Trade by region 1784+,W96,36.5
A41. Trade by region 1784+,X96,160.10000000000002
A41. Trade by region 1784+,Y96,77.8
A41. Trade by region 1784+,AA96,643.4
A41. Trade by region 1784+,AB96,499.8
A41. Trade by region 1784+,AC96,-2.3999999999999773
A41. Trade by region 1784+,AD96,-18.099999999999966
A41. Trade by region 1784+,AF96,645.8
A41. Trade by region 1784+,AG96,517.9
A41. Trade by region 1784+,AH96,0.9962836791576339
A41. Trade by region 1784+,AI96,0.9650511681791852
A41. Trade by region 1784+,A97,1908
A41. Trade by region 1784+,B97,66.2
A41. Trade by region 1784+,C97,37.6
A41. Trade by region 1784+,D97,82.7
A41. Trade by region 1784+,E97,64.7
A41. Trade by region 1784+,F97,65.7
A41. Trade by region 1784+,G97,54.4
A41. Trade by region 1784+,H97,27.1
A41. Trade by region 1784+,I97,31.6
A41. Trade by region 1784+,J97,241.70000000000002
A41. Trade by region 1784+,K97,188.3
A41. Trade by region 1784+,L97,23.1
A41. Trade by region 1784+,M97,17.8
A41. Trade by region 1784+,N97,14.2
A41. Trade by region 1784+,O97,24.5
A41. Trade by region 1784+,P97,53.8
A41. Trade by region 1784+,Q97,85.3
A41. Trade by region 1784+,R97,3.8
A41. Trade by region 1784+,S97,5.5
A41. Trade by region 1784+,T97,60.7
A41. Trade by region 1784+,U97,41
A41. Trade by region 1784+,V97,43.8
A41. Trade by region 1784+,W97,35.2
A41. Trade by region 1784+,X97,148.70000000000002
A41. Trade by region 1784+,Y97,57.2
A41. Trade by region 1784+,AA97,589.8
A41. Trade by region 1784+,AB97,454.8
A41. Trade by region 1784+,AC97,-3.2000000000000455
A41. Trade by region 1784+,AD97,-1.900000000000034
A41. Trade by region 1784+,AF97,593
A41. Trade by region 1784+,AG97,456.70000000000005
A41. Trade by region 1784+,AH97,0.9946037099494097
A41. Trade by region 1784+,AI97,0.995839719728487
A41. Trade by region 1784+,A98,1909
A41. Trade by region 1784+,B98,73.2
A41. Trade by region 1784+,C98,35
A41. Trade by region 1784+,D98,87.2
A41. Trade by region 1784+,E98,67.1
A41. Trade by region 1784+,F98,69
A41. Trade by region 1784+,G98,54.4
A41. Trade by region 1784+,H98,27.4
A41. Trade by region 1784+,I98,27.3
A41. Trade by region 1784+,J98,256.8
A41. Trade by region 1784+,K98,183.8
A41. Trade by region 1784+,L98,25.4
A41. Trade by region 1784+,M98,16.6
A41. Trade by region 1784+,N98,16.9
A41. Trade by region 1784+,O98,27.5
A41. Trade by region 1784+,P98,63.8
A41. Trade by region 1784+,Q98,77.3
A41. Trade by region 1784+,R98,3.8
A41. Trade by region 1784+,S98,5.7
A41. Trade by region 1784+,T98,61.5
A41. Trade by region 1784+,U98,43.5
A41. Trade by region 1784+,V98,50.3
A41. Trade by region 1784+,W98,35.3
A41. Trade by region 1784+,X98,143.9
A41. Trade by region 1784+,Y98,78.1
A41. Trade by region 1784+,AA98,622.4
A41. Trade by region 1784+,AB98,467.8
A41. Trade by region 1784+,AC98,-2.300000000000068
A41. Trade by region 1784+,AD98,-1.6999999999999886
A41. Trade by region 1784+,AF98,624.7
A41. Trade by region 1784+,AG98,469.5
A41. Trade by region 1784+,AH98,0.9963182327517207
A41. Trade by region 1784+,AI98,0.9963791267305645
A41. Trade by region 1784+,A99,1910
A41. Trade by region 1784+,B99,81.8
A41. Trade by region 1784+,C99,39.7
A41. Trade by region 1784+,D99,91.8
A41. Trade by region 1784+,E99,73.1
A41. Trade by region 1784+,F99,72.8
A41. Trade by region 1784+,G99,63
A41. Trade by region 1784+,H99,28.5
A41. Trade by region 1784+,I99,29.2
A41. Trade by region 1784+,J99,274.9
A41. Trade by region 1784+,K99,205
A41. Trade by region 1784+,L99,26.3
A41. Trade by region 1784+,M99,18.8
A41. Trade by region 1784+,N99,19.7
A41. Trade by region 1784+,O99,37.2
A41. Trade by region 1784+,P99,79.5
A41. Trade by region 1784+,Q99,84.2
A41. Trade by region 1784+,R99,6.3
A41. Trade by region 1784+,S99,6.1
A41. Trade by region 1784+,T99,65.9
A41. Trade by region 1784+,U99,54.6
A41. Trade by region 1784+,V99,59.5
A41. Trade by region 1784+,W99,40.5
A41. Trade by region 1784+,X99,143.79999999999998
A41. Trade by region 1784+,Y99,85.80000000000001
A41. Trade by region 1784+,AA99,675.8999999999999
A41. Trade by region 1784+,AB99,532.2
A41. Trade by region 1784+,AC99,-2.400000000000091
A41. Trade by region 1784+,AD99,-1.9999999999998863
A41. Trade by region 1784+,AF99,678.3
A41. Trade by region 1784+,AG99,534.1999999999999
A41. Trade by region 1784+,AH99,0.9964617425917734
A41. Trade by region 1784+,AI99,0.9962560838637217
A41. Trade by region 1784+,A100,1911
A41. Trade by region 1784+,B100,82.1
A41. Trade by region 1784+,C100,41.1
A41. Trade by region 1784+,D100,91.2
A41. Trade by region 1784+,E100,76.4
A41. Trade by region 1784+,F100,79.1
A41. Trade by region 1784+,G100,67.6
A41. Trade by region 1784+,H100,29.3
A41. Trade by region 1784+,I100,30.8
A41. Trade by region 1784+,J100,281.7
A41. Trade by region 1784+,K100,215.9
A41. Trade by region 1784+,L100,27.9
A41. Trade by region 1784+,M100,21.4
A41. Trade by region 1784+,N100,19.1
A41. Trade by region 1784+,O100,37.4
A41. Trade by region 1784+,P100,83.8
A41. Trade by region 1784+,Q100,97.2
A41. Trade by region 1784+,R100,3.8
A41. Trade by region 1784+,S100,6.6
A41. Trade by region 1784+,T100,56.6
A41. Trade by region 1784+,U100,51.7
A41. Trade by region 1784+,V100,57
A41. Trade by region 1784+,W100,45.1
A41. Trade by region 1784+,X100,148
A41. Trade by region 1784+,Y100,79.5
A41. Trade by region 1784+,AA100,677.9
A41. Trade by region 1784+,AB100,554.8000000000001
A41. Trade by region 1784+,AC100,-2.300000000000068
A41. Trade by region 1784+,AD100,-2.099999999999909
A41. Trade by region 1784+,AF100,680.2
A41. Trade by region 1784+,AG100,556.9
A41. Trade by region 1784+,AH100,0.996618641576007
A41. Trade by region 1784+,AI100,0.9962291255162509
A41. Trade by region 1784+,A101,1912
A41. Trade by region 1784+,B101,83
A41. Trade by region 1784+,C101,42.3
A41. Trade by region 1784+,D101,101.2
A41. Trade by region 1784+,E101,81.2
A41. Trade by region 1784+,F101,80.8
A41. Trade by region 1784+,G101,70.1
A41. Trade by region 1784+,H101,31
A41. Trade by region 1784+,I101,34.8
A41. Trade by region 1784+,J101,296
A41. Trade by region 1784+,K101,228.39999999999998
A41. Trade by region 1784+,L101,33.5
A41. Trade by region 1784+,M101,19.3
A41. Trade by region 1784+,N101,20.9
A41. Trade by region 1784+,O101,40.3
A41. Trade by region 1784+,P101,97.2
A41. Trade by region 1784+,Q101,104.9
A41. Trade by region 1784+,R101,5.3
A41. Trade by region 1784+,S101,6.8
A41. Trade by region 1784+,T101,70.3
A41. Trade by region 1784+,U101,54.7
A41. Trade by region 1784+,V101,56.400000000000006
A41. Trade by region 1784+,W101,49.5
A41. Trade by region 1784+,X101,162.29999999999998
A41. Trade by region 1784+,Y101,92.8
A41. Trade by region 1784+,AA101,741.8999999999999
A41. Trade by region 1784+,AB101,596.6999999999999
A41. Trade by region 1784+,AC101,-2.700000000000159
A41. Trade by region 1784+,AD101,-2.2000000000000455
A41. Trade by region 1784+,AF101,744.6
A41. Trade by region 1784+,AG101,598.9
A41. Trade by region 1784+,AH101,0.9963738920225622
A41. Trade by region 1784+,AI101,0.9963265987644013
A41. Trade by region 1784+,A102,1913
A41. Trade by region 1784+,B102,86
A41. Trade by region 1784+,C102,50.2
A41. Trade by region 1784+,D102,104.4
A41. Trade by region 1784+,E102,87.2
A41. Trade by region 1784+,F102,90.2
A41. Trade by region 1784+,G102,68.8
A41. Trade by region 1784+,H102,30.6
A41. Trade by region 1784+,I102,36.7
A41. Trade by region 1784+,J102,311.20000000000005
A41. Trade by region 1784+,K102,242.89999999999998
A41. Trade by region 1784+,L102,27.6
A41. Trade by region 1784+,M102,19.2
A41. Trade by region 1784+,N102,22.9
A41. Trade by region 1784+,O102,41.8
A41. Trade by region 1784+,P102,92.6
A41. Trade by region 1784+,Q102,128.3
A41. Trade by region 1784+,R102,6.1
A41. Trade by region 1784+,S102,6.3
A41. Trade by region 1784+,T102,73.7
A41. Trade by region 1784+,U102,56.5
A41. Trade by region 1784+,V102,58.400000000000006
A41. Trade by region 1784+,W102,49.599999999999994
A41. Trade by region 1784+,X102,173.2
A41. Trade by region 1784+,Y102,87.8
A41. Trade by region 1784+,AA102,765.7000000000002
A41. Trade by region 1784+,AB102,632.3999999999999
A41. Trade by region 1784+,AC102,-2.9999999999998863
A41. Trade by region 1784+,AD102,-2.4000000000002046
A41. Trade by region 1784+,AF102,768.7
A41. Trade by region 1784+,AG102,634.8000000000001
A41. Trade by region 1784+,AH102,0.9960973071419281
A41. Trade by region 1784+,AI102,0.9962192816635157
A41. Trade by region 1784+,A103,1914
A41. Trade by region 1784+,B103,75.4
A41. Trade by region 1784+,C103,45.4
A41. Trade by region 1784+,D103,88.3
A41. Trade by region 1784+,E103,72.5
A41. Trade by region 1784+,F103,54.9
A41. Trade by region 1784+,G103,42.8
A41. Trade by region 1784+,H103,31
A41. Trade by region 1784+,I103,32.5
A41. Trade by region 1784+,J103,249.6
A41. Trade by region 1784+,K103,193.2
A41. Trade by region 1784+,L103,22.4
A41. Trade by region 1784+,M103,15.1
A41. Trade by region 1784+,N103,23.9
A41. Trade by region 1784+,O103,35.2
A41. Trade by region 1784+,P103,93.5
A41. Trade by region 1784+,Q103,107
A41. Trade by region 1784+,R103,7.1
A41. Trade by region 1784+,S103,5.6
A41. Trade by region 1784+,T103,66.2
A41. Trade by region 1784+,U103,34.3
A41. Trade by region 1784+,V103,59.9
A41. Trade by region 1784+,W103,47.5
A41. Trade by region 1784+,X103,171
A41. Trade by region 1784+,Y103,85.69999999999999
A41. Trade by region 1784+,AA103,693.6
A41. Trade by region 1784+,AB103,523.6
A41. Trade by region 1784+,AC103,-3
A41. Trade by region 1784+,AD103,-2.6000000000000227
A41. Trade by region 1784+,AF103,696.6
A41. Trade by region 1784+,AG103,526.2
A41. Trade by region 1784+,AH103,0.9956933677863911
A41. Trade by region 1784+,AI103,0.9950589129608514
A41. Trade by region 1784+,A104,1915
A41. Trade by region 1784+,B104,77.8
A41. Trade by region 1784+,C104,56.6
A41. Trade by region 1784+,D104,71.7
A41. Trade by region 1784+,E104,116
A41. Trade by region 1784+,F104,0.3
A41. Trade by region 1784+,G104,1.4
A41. Trade by region 1784+,H104,40.5
A41. Trade by region 1784+,I104,38.8
A41. Trade by region 1784+,J104,190.3
A41. Trade by region 1784+,K104,212.8
A41. Trade by region 1784+,L104,24.4
A41. Trade by region 1784+,M104,10.3
A41. Trade by region 1784+,N104,33.4
A41. Trade by region 1784+,O104,34.3
A41. Trade by region 1784+,P104,130.7
A41. Trade by region 1784+,Q104,77.6
A41. Trade by region 1784+,R104,12.6
A41. Trade by region 1784+,S104,5.4
A41. Trade by region 1784+,T104,100.1
A41. Trade by region 1784+,U104,26.4
A41. Trade by region 1784+,V104,75.6
A41. Trade by region 1784+,W104,42
A41. Trade by region 1784+,X104,280
A41. Trade by region 1784+,Y104,73
A41. Trade by region 1784+,AA104,847.1
A41. Trade by region 1784+,AB104,481.79999999999995
A41. Trade by region 1784+,AC104,-4.7999999999999545
A41. Trade by region 1784+,AD104,-2.2000000000000455
A41. Trade by region 1784+,AF104,851.9
A41. Trade by region 1784+,AG104,484
A41. Trade by region 1784+,AH104,0.9943655358610166
A41. Trade by region 1784+,AI104,0.9954545454545454
A41. Trade by region 1784+,A105,1916
A41. Trade by region 1784+,B105,78.4
A41. Trade by region 1784+,C105,70.1
A41. Trade by region 1784+,D105,65.5
A41. Trade by region 1784+,E105,146.5
A41. Trade by region 1784+,F105,0.1
A41. Trade by region 1784+,G105,0.1
A41. Trade by region 1784+,H105,50.7
A41. Trade by region 1784+,I105,49.2
A41. Trade by region 1784+,J105,194.7
A41. Trade by region 1784+,K105,265.9
A41. Trade by region 1784+,L105,28.5
A41. Trade by region 1784+,M105,13.3
A41. Trade by region 1784+,N105,38.6
A41. Trade by region 1784+,O105,44.3
A41. Trade by region 1784+,P105,151.8
A41. Trade by region 1784+,Q105,97.9
A41. Trade by region 1784+,R105,18.4
A41. Trade by region 1784+,S105,5.9
A41. Trade by region 1784+,T105,91.8
A41. Trade by region 1784+,U105,35.5
A41. Trade by region 1784+,V105,67.80000000000001
A41. Trade by region 1784+,W105,52
A41. Trade by region 1784+,X105,352.3
A41. Trade by region 1784+,Y105,86.6
A41. Trade by region 1784+,AA105,943.9
A41. Trade by region 1784+,AB105,601.4
A41. Trade by region 1784+,AC105,-4.600000000000023
A41. Trade by region 1784+,AD105,-2.5
A41. Trade by region 1784+,AF105,948.5
A41. Trade by region 1784+,AG105,603.9
A41. Trade by region 1784+,AH105,0.9951502372166579
A41. Trade by region 1784+,AI105,0.9958602417618811
A41. Trade by region 1784+,A106,1917
A41. Trade by region 1784+,B106,69.6
A41. Trade by region 1784+,C106,73.3
A41. Trade by region 1784+,D106,54.4
A41. Trade by region 1784+,E106,160
A41. Trade by region 1784+,F106,0
A41. Trade by region 1784+,G106,0
A41. Trade by region 1784+,H106,42.6
A41. Trade by region 1784+,I106,54.8
A41. Trade by region 1784+,J106,166.6
A41. Trade by region 1784+,K106,288.1
A41. Trade by region 1784+,L106,34.1
A41. Trade by region 1784+,M106,17.3
A41. Trade by region 1784+,N106,39.6
A41. Trade by region 1784+,O106,39
A41. Trade by region 1784+,P106,148.3
A41. Trade by region 1784+,Q106,98.1
A41. Trade by region 1784+,R106,24.4
A41. Trade by region 1784+,S106,4.9
A41. Trade by region 1784+,T106,91.6
A41. Trade by region 1784+,U106,36.5
A41. Trade by region 1784+,V106,93.4
A41. Trade by region 1784+,W106,31.4
A41. Trade by region 1784+,X106,461.4
A41. Trade by region 1784+,Y106,78.3
A41. Trade by region 1784+,AA106,1059.4
A41. Trade by region 1784+,AB106,593.5999999999999
A41. Trade by region 1784+,AC106,-4.7999999999999545
A41. Trade by region 1784+,AD106,-3.200000000000159
A41. Trade by region 1784+,AF106,1064.2
A41. Trade by region 1784+,AG106,596.8000000000001
A41. Trade by region 1784+,AH106,0.9954895696297689
A41. Trade by region 1784+,AI106,0.9946380697050936
A41. Trade by region 1784+,A107,1918
A41. Trade by region 1784+,B107,58.2
A41. Trade by region 1784+,C107,17.6
A41. Trade by region 1784+,D107,55.9
A41. Trade by region 1784+,E107,169.1
A41. Trade by region 1784+,F107,0
A41. Trade by region 1784+,G107,0
A41. Trade by region 1784+,H107,68
A41. Trade by region 1784+,I107,59.1
A41. Trade by region 1784+,J107,182.1
A41. Trade by region 1784+,K107,245.79999999999998
A41. Trade by region 1784+,L107,55.2
A41. Trade by region 1784+,M107,26.1
A41. Trade by region 1784+,N107,47.1
A41. Trade by region 1784+,O107,43
A41. Trade by region 1784+,P107,157.8
A41. Trade by region 1784+,Q107,92.4
A41. Trade by region 1784+,R107,31
A41. Trade by region 1784+,S107,4.2
A41. Trade by region 1784+,T107,121.2
A41. Trade by region 1784+,U107,44.7
A41. Trade by region 1784+,V107,69.9
A41. Trade by region 1784+,W107,36.1
A41. Trade by region 1784+,X107,640.6999999999999
A41. Trade by region 1784+,Y107,42.1
A41. Trade by region 1784+,AA107,1305
A41. Trade by region 1784+,AB107,534.4
A41. Trade by region 1784+,AC107,-11.200000000000045
A41. Trade by region 1784+,AD107,2.1000000000000227
A41. Trade by region 1784+,AF107,1316.2
A41. Trade by region 1784+,AG107,532.3
A41. Trade by region 1784+,AH107,0.9914906549156662
A41. Trade by region 1784+,AI107,1.0039451437159497
A41. Trade by region 1784+,A108,1919
A41. Trade by region 1784+,B108,78.8
A41. Trade by region 1784+,C108,117.7
A41. Trade by region 1784+,D108,94.3
A41. Trade by region 1784+,E108,324.6
A41. Trade by region 1784+,F108,1.5
A41. Trade by region 1784+,G108,32.6
A41. Trade by region 1784+,H108,76.9
A41. Trade by region 1784+,I108,78.9
A41. Trade by region 1784+,J108,251.5
A41. Trade by region 1784+,K108,553.8000000000001
A41. Trade by region 1784+,L108,72.2
A41. Trade by region 1784+,M108,45.4
A41. Trade by region 1784+,N108,74.4
A41. Trade by region 1784+,O108,48.2
A41. Trade by region 1784+,P108,230.4
A41. Trade by region 1784+,Q108,134.8
A41. Trade by region 1784+,R108,29.4
A41. Trade by region 1784+,S108,5
A41. Trade by region 1784+,T108,138.7
A41. Trade by region 1784+,U108,50.9
A41. Trade by region 1784+,V108,164.10000000000002
A41. Trade by region 1784+,W108,37.7
A41. Trade by region 1784+,X108,659.4
A41. Trade by region 1784+,Y108,84.1
A41. Trade by region 1784+,AA108,1620.1000000000001
A41. Trade by region 1784+,AB108,959.9000000000001
A41. Trade by region 1784+,AC108,-6.099999999999909
A41. Trade by region 1784+,AD108,-3.3999999999998636
A41. Trade by region 1784+,AF108,1626.2
A41. Trade by region 1784+,AG108,963.3
A41. Trade by region 1784+,AH108,0.9962489238716026
A41. Trade by region 1784+,AI108,0.9964704661060938
A41. Trade by region 1784+,A109,1920
A41. Trade by region 1784+,B109,145.5
A41. Trade by region 1784+,C109,132.8
A41. Trade by region 1784+,D109,197
A41. Trade by region 1784+,E109,321.9
A41. Trade by region 1784+,F109,36.3
A41. Trade by region 1784+,G109,66
A41. Trade by region 1784+,H109,78.2
A41. Trade by region 1784+,I109,114.9
A41. Trade by region 1784+,J109,457
A41. Trade by region 1784+,K109,635.6
A41. Trade by region 1784+,L109,86.1
A41. Trade by region 1784+,M109,80.2
A41. Trade by region 1784+,N109,80.6
A41. Trade by region 1784+,O109,104.5
A41. Trade by region 1784+,P109,238.6
A41. Trade by region 1784+,Q109,327.2
A41. Trade by region 1784+,R109,41
A41. Trade by region 1784+,S109,15.6
A41. Trade by region 1784+,T109,201.9
A41. Trade by region 1784+,U109,112.1
A41. Trade by region 1784+,V109,159.8
A41. Trade by region 1784+,W109,96.3
A41. Trade by region 1784+,X109,660.6999999999999
A41. Trade by region 1784+,Y109,181
A41. Trade by region 1784+,AA109,1925.6999999999998
A41. Trade by region 1784+,AB109,1552.4999999999998
A41. Trade by region 1784+,AC109,-6.900000000000091
A41. Trade by region 1784+,AD109,-4.800000000000182
A41. Trade by region 1784+,AF109,1932.6
A41. Trade by region 1784+,AG109,1557.3
A41. Trade by region 1784+,AH109,0.9964296802235331
A41. Trade by region 1784+,AI109,0.9969177422461952
A41. Trade by region 1784+,A110,1921
A41. Trade by region 1784+,B110,86.7
A41. Trade by region 1784+,C110,50.3
A41. Trade by region 1784+,D110,145.3
A41. Trade by region 1784+,E110,129.4
A41. Trade by region 1784+,F110,33.1
A41. Trade by region 1784+,G110,58.9
A41. Trade by region 1784+,H110,43.9
A41. Trade by region 1784+,I110,52.9
A41. Trade by region 1784+,J110,309
A41. Trade by region 1784+,K110,291.5
A41. Trade by region 1784+,L110,39.4
A41. Trade by region 1784+,M110,36.6
A41. Trade by region 1784+,N110,48.5
A41. Trade by region 1784+,O110,59.2
A41. Trade by region 1784+,P110,101.5
A41. Trade by region 1784+,Q110,200.4
A41. Trade by region 1784+,R110,13.1
A41. Trade by region 1784+,S110,7.7
A41. Trade by region 1784+,T110,112.2
A41. Trade by region 1784+,U110,60.3
A41. Trade by region 1784+,V110,116.8
A41. Trade by region 1784+,W110,63.9
A41. Trade by region 1784+,X110,338.6
A41. Trade by region 1784+,Y110,86.19999999999999
A41. Trade by region 1784+,AA110,1079.1
A41. Trade by region 1784+,AB110,805.8
A41. Trade by region 1784+,AC110,-6.400000000000091
A41. Trade by region 1784+,AD110,-4.5
A41. Trade by region 1784+,AF110,1085.5
A41. Trade by region 1784+,AG110,810.3
A41. Trade by region 1784+,AH110,0.994104099493321
A41. Trade by region 1784+,AI110,0.9944465012958164
A41. Trade by region 1784+,A111,1922
A41. Trade by region 1784+,B111,94.1
A41. Trade by region 1784+,C111,51.1
A41. Trade by region 1784+,D111,128.4
A41. Trade by region 1784+,E111,152.6
A41. Trade by region 1784+,F111,39
A41. Trade by region 1784+,G111,59.2
A41. Trade by region 1784+,H111,42.2
A41. Trade by region 1784+,I111,51.7
A41. Trade by region 1784+,J111,303.7
A41. Trade by region 1784+,K111,314.59999999999997
A41. Trade by region 1784+,L111,45.5
A41. Trade by region 1784+,M111,29.7
A41. Trade by region 1784+,N111,42.7
A41. Trade by region 1784+,O111,51.7
A41. Trade by region 1784+,P111,100.6
A41. Trade by region 1784+,Q111,171.8
A41. Trade by region 1784+,R111,15.7
A41. Trade by region 1784+,S111,7.6
A41. Trade by region 1784+,T111,98.2
A41. Trade by region 1784+,U111,54
A41. Trade by region 1784+,V111,113.3
A41. Trade by region 1784+,W111,82.3
A41. Trade by region 1784+,X111,278.6
A41. Trade by region 1784+,Y111,105.69999999999999
A41. Trade by region 1784+,AA111,998.3000000000001
A41. Trade by region 1784+,AB111,817.4
A41. Trade by region 1784+,AC111,-4.7999999999999545
A41. Trade by region 1784+,AD111,-5.800000000000068
A41. Trade by region 1784+,AF111,1003.1
A41. Trade by region 1784+,AG111,823.2
A41. Trade by region 1784+,AH111,0.9952148340145549
A41. Trade by region 1784+,AI111,0.9929543245869775
A41. Trade by region 1784+,A112,1923
A41. Trade by region 1784+,B112,110
A41. Trade by region 1784+,C112,52.4
A41. Trade by region 1784+,D112,143
A41. Trade by region 1784+,E112,147.8
A41. Trade by region 1784+,F112,54.5
A41. Trade by region 1784+,G112,72.5
A41. Trade by region 1784+,H112,47
A41. Trade by region 1784+,I112,50.4
A41. Trade by region 1784+,J112,354.5
A41. Trade by region 1784+,K112,323.1
A41. Trade by region 1784+,L112,46.4
A41. Trade by region 1784+,M112,28.3
A41. Trade by region 1784+,N112,46.4
A41. Trade by region 1784+,O112,57.8
A41. Trade by region 1784+,P112,130
A41. Trade by region 1784+,Q112,163.6
A41. Trade by region 1784+,R112,16.1
A41. Trade by region 1784+,S112,9.2
A41. Trade by region 1784+,T112,107
A41. Trade by region 1784+,U112,65.2
A41. Trade by region 1784+,V112,92
A41. Trade by region 1784+,W112,83.6
A41. Trade by region 1784+,X112,266.2
A41. Trade by region 1784+,Y112,116.69999999999999
A41. Trade by region 1784+,AA112,1058.6
A41. Trade by region 1784+,AB112,847.5000000000002
A41. Trade by region 1784+,AC112,-37.600000000000136
A41. Trade by region 1784+,AD112,-38.29999999999973
A41. Trade by region 1784+,AF112,1096.2
A41. Trade by region 1784+,AG112,885.8
A41. Trade by region 1784+,AH112,0.9656996898376208
A41. Trade by region 1784+,AI112,0.9567622488146311
A41. Trade by region 1784+,A113,1924
A41. Trade by region 1784+,B113,126.5
A41. Trade by region 1784+,C113,61.4
A41. Trade by region 1784+,D113,166.6
A41. Trade by region 1784+,E113,137.6
A41. Trade by region 1784+,F113,64.5
A41. Trade by region 1784+,G113,86.6
A41. Trade by region 1784+,H113,51.2
A41. Trade by region 1784+,I113,51.8
A41. Trade by region 1784+,J113,408.8
A41. Trade by region 1784+,K113,337.40000000000003
A41. Trade by region 1784+,L113,50.8
A41. Trade by region 1784+,M113,28.8
A41. Trade by region 1784+,N113,52.2
A41. Trade by region 1784+,O113,61.1
A41. Trade by region 1784+,P113,142.4
A41. Trade by region 1784+,Q113,173.9
A41. Trade by region 1784+,R113,21.3
A41. Trade by region 1784+,S113,8.9
A41. Trade by region 1784+,T113,128.2
A41. Trade by region 1784+,U113,67
A41. Trade by region 1784+,V113,106
A41. Trade by region 1784+,W113,87.30000000000001
A41. Trade by region 1784+,X113,309
A41. Trade by region 1784+,Y113,111.19999999999999
A41. Trade by region 1784+,AA113,1218.7
A41. Trade by region 1784+,AB113,875.6
A41. Trade by region 1784+,AC113,-58.700000000000045
A41. Trade by region 1784+,AD113,-65.39999999999998
A41. Trade by region 1784+,AF113,1277.4
A41. Trade by region 1784+,AG113,941
A41. Trade by region 1784+,AH113,0.9540472835447001
A41. Trade by region 1784+,AI113,0.9304994686503719
A41. Trade by region 1784+,A114,1925
A41. Trade by region 1784+,B114,130
A41. Trade by region 1784+,C114,62.1
A41. Trade by region 1784+,D114,166.6
A41. Trade by region 1784+,E114,125.3
A41. Trade by region 1784+,F114,70.1
A41. Trade by region 1784+,G114,87.2
A41. Trade by region 1784+,H114,51.1
A41. Trade by region 1784+,I114,51.6
A41. Trade by region 1784+,J114,417.80000000000007
A41. Trade by region 1784+,K114,326.20000000000005
A41. Trade by region 1784+,L114,45.3
A41. Trade by region 1784+,M114,31.7
A41. Trade by region 1784+,N114,60.2
A41. Trade by region 1784+,O114,67.9
A41. Trade by region 1784+,P114,160.5
A41. Trade by region 1784+,Q114,157.1
A41. Trade by region 1784+,R114,22.3
A41. Trade by region 1784+,S114,8.6
A41. Trade by region 1784+,T114,120.9
A41. Trade by region 1784+,U114,74.1
A41. Trade by region 1784+,V114,123.89999999999999
A41. Trade by region 1784+,W114,88.2
A41. Trade by region 1784+,X114,317.9
A41. Trade by region 1784+,Y114,115.4
A41. Trade by region 1784+,AA114,1268.8
A41. Trade by region 1784+,AB114,869.2000000000002
A41. Trade by region 1784+,AC114,-51.90000000000009
A41. Trade by region 1784+,AD114,-59.099999999999795
A41. Trade by region 1784+,AF114,1320.7
A41. Trade by region 1784+,AG114,928.3
A41. Trade by region 1784+,AH114,0.9607026576815324
A41. Trade by region 1784+,AI114,0.9363352364537328
A41. Trade by region 1784+,A115,1926
A41. Trade by region 1784+,B115,127.7
A41. Trade by region 1784+,C115,46.9
A41. Trade by region 1784+,D115,169.1
A41. Trade by region 1784+,E115,93.4
A41. Trade by region 1784+,F115,97.9
A41. Trade by region 1784+,G115,59.6
A41. Trade by region 1784+,H115,42.8
A41. Trade by region 1784+,I115,33.1
A41. Trade by region 1784+,J115,437.50000000000006
A41. Trade by region 1784+,K115,233
A41. Trade by region 1784+,L115,38.7
A41. Trade by region 1784+,M115,22
A41. Trade by region 1784+,N115,53.7
A41. Trade by region 1784+,O115,63.9
A41. Trade by region 1784+,P115,137.9
A41. Trade by region 1784+,Q115,150
A41. Trade by region 1784+,R115,13.3
A41. Trade by region 1784+,S115,7.4
A41. Trade by region 1784+,T115,111.5
A41. Trade by region 1784+,U115,51.7
A41. Trade by region 1784+,V115,107.8
A41. Trade by region 1784+,W115,85.19999999999999
A41. Trade by region 1784+,X115,294.5
A41. Trade by region 1784+,Y115,104.9
A41. Trade by region 1784+,AA115,1194.8999999999999
A41. Trade by region 1784+,AB115,718.0999999999999
A41. Trade by region 1784+,AC115,-46.50000000000023
A41. Trade by region 1784+,AD115,-60.40000000000009
A41. Trade by region 1784+,AF115,1241.4
A41. Trade by region 1784+,AG115,778.5
A41. Trade by region 1784+,AH115,0.9625422909618171
A41. Trade by region 1784+,AI115,0.9224149004495824
A41. Trade by region 1784+,A116,1927
A41. Trade by region 1784+,B116,134.1
A41. Trade by region 1784+,C116,47.3
A41. Trade by region 1784+,D116,169.5
A41. Trade by region 1784+,E116,102.4
A41. Trade by region 1784+,F116,83.1
A41. Trade by region 1784+,G116,86.6
A41. Trade by region 1784+,H116,47.9
A41. Trade by region 1784+,I116,42.8
A41. Trade by region 1784+,J116,434.6
A41. Trade by region 1784+,K116,279.09999999999997
A41. Trade by region 1784+,L116,40.1
A41. Trade by region 1784+,M116,23.3
A41. Trade by region 1784+,N116,56.2
A41. Trade by region 1784+,O116,68.1
A41. Trade by region 1784+,P116,142.7
A41. Trade by region 1784+,Q116,150.9
A41. Trade by region 1784+,R116,16.8
A41. Trade by region 1784+,S116,8.2
A41. Trade by region 1784+,T116,122.7
A41. Trade by region 1784+,U116,66.1
A41. Trade by region 1784+,V116,99.2
A41. Trade by region 1784+,W116,84.1
A41. Trade by region 1784+,X116,257.59999999999997
A41. Trade by region 1784+,Y116,99.2
A41. Trade by region 1784+,AA116,1169.9
A41. Trade by region 1784+,AB116,779.0000000000001
A41. Trade by region 1784+,AC116,-48.399999999999864
A41. Trade by region 1784+,AD116,-53.09999999999991
A41. Trade by region 1784+,AF116,1218.3
A41. Trade by region 1784+,AG116,832.1
A41. Trade by region 1784+,AH116,0.9602725108758107
A41. Trade by region 1784+,AI116,0.936185554620839
A41. Trade by region 1784+,A117,1928
A41. Trade by region 1784+,B117,130.9
A41. Trade by region 1784+,C117,42.2
A41. Trade by region 1784+,D117,161.8
A41. Trade by region 1784+,E117,107
A41. Trade by region 1784+,F117,81
A41. Trade by region 1784+,G117,85.5
A41. Trade by region 1784+,H117,45.5
A41. Trade by region 1784+,I117,43.2
A41. Trade by region 1784+,J117,419.20000000000005
A41. Trade by region 1784+,K117,277.9
A41. Trade by region 1784+,L117,41.6
A41. Trade by region 1784+,M117,21.4
A41. Trade by region 1784+,N117,60
A41. Trade by region 1784+,O117,69.7
A41. Trade by region 1784+,P117,127
A41. Trade by region 1784+,Q117,157.2
A41. Trade by region 1784+,R117,22.9
A41. Trade by region 1784+,S117,8.6
A41. Trade by region 1784+,T117,122.6
A41. Trade by region 1784+,U117,73.1
A41. Trade by region 1784+,V117,101.69999999999999
A41. Trade by region 1784+,W117,78
A41. Trade by region 1784+,X117,247.60000000000002
A41. Trade by region 1784+,Y117,106.9
A41. Trade by region 1784+,AA117,1142.6000000000004
A41. Trade by region 1784+,AB117,792.8
A41. Trade by region 1784+,AC117,-52.999999999999545
A41. Trade by region 1784+,AD117,-51.10000000000002
A41. Trade by region 1784+,AF117,1195.6
A41. Trade by region 1784+,AG117,843.9
A41. Trade by region 1784+,AH117,0.9556707929073273
A41. Trade by region 1784+,AI117,0.9394478018722597
A41. Trade by region 1784+,A118,1929
A41. Trade by region 1784+,B118,146.6
A41. Trade by region 1784+,C118,47.5
A41. Trade by region 1784+,D118,157.1
A41. Trade by region 1784+,E118,112.4
A41. Trade by region 1784+,F118,91.6
A41. Trade by region 1784+,G118,86.7
A41. Trade by region 1784+,H118,48
A41. Trade by region 1784+,I118,46.8
A41. Trade by region 1784+,J118,443.29999999999995
A41. Trade by region 1784+,K118,293.40000000000003
A41. Trade by region 1784+,L118,38.1
A41. Trade by region 1784+,M118,23.7
A41. Trade by region 1784+,N118,59
A41. Trade by region 1784+,O118,68.1
A41. Trade by region 1784+,P118,135.7
A41. Trade by region 1784+,Q118,149.7
A41. Trade by region 1784+,R118,18.4
A41. Trade by region 1784+,S118,8.6
A41. Trade by region 1784+,T118,129.3
A41. Trade by region 1784+,U118,73.4
A41. Trade by region 1784+,V118,103.30000000000001
A41. Trade by region 1784+,W118,78.5
A41. Trade by region 1784+,X118,244.4
A41. Trade by region 1784+,Y118,100.6
A41. Trade by region 1784+,AA118,1171.5
A41. Trade by region 1784+,AB118,796.0000000000001
A41. Trade by region 1784+,AC118,-49.299999999999955
A41. Trade by region 1784+,AD118,-42.999999999999886
A41. Trade by region 1784+,AF118,1220.8
A41. Trade by region 1784+,AG118,839
A41. Trade by region 1784+,AH118,0.9596166448230669
A41. Trade by region 1784+,AI118,0.9487485101311086
A41. Trade by region 1784+,A119,1930
A41. Trade by region 1784+,B119,143.4
A41. Trade by region 1784+,C119,50.3
A41. Trade by region 1784+,D119,140
A41. Trade by region 1784+,E119,95.1
A41. Trade by region 1784+,F119,89.8
A41. Trade by region 1784+,G119,57.1
A41. Trade by region 1784+,H119,41.6
A41. Trade by region 1784+,I119,38.5
A41. Trade by region 1784+,J119,414.8
A41. Trade by region 1784+,K119,240.99999999999997
A41. Trade by region 1784+,L119,27.5
A41. Trade by region 1784+,M119,19.4
A41. Trade by region 1784+,N119,45.8
A41. Trade by region 1784+,O119,58.7
A41. Trade by region 1784+,P119,106.6
A41. Trade by region 1784+,Q119,100.8
A41. Trade by region 1784+,R119,17.3
A41. Trade by region 1784+,S119,7.3
A41. Trade by region 1784+,T119,97.4
A41. Trade by region 1784+,U119,55.6
A41. Trade by region 1784+,V119,91.3
A41. Trade by region 1784+,W119,51.7
A41. Trade by region 1784+,X119,193.9
A41. Trade by region 1784+,Y119,72
A41. Trade by region 1784+,AA119,994.5999999999999
A41. Trade by region 1784+,AB119,606.5
A41. Trade by region 1784+,AC119,-49.40000000000009
A41. Trade by region 1784+,AD119,-51.09999999999991
A41. Trade by region 1784+,AF119,1044
A41. Trade by region 1784+,AG119,657.5999999999999
A41. Trade by region 1784+,AH119,0.9526819923371647
A41. Trade by region 1784+,AI119,0.922293187347932
A41. Trade by region 1784+,A120,1931
A41. Trade by region 1784+,B120,123.1
A41. Trade by region 1784+,C120,38.2
A41. Trade by region 1784+,D120,121.3
A41. Trade by region 1784+,E120,68.3
A41. Trade by region 1784+,F120,87.7
A41. Trade by region 1784+,G120,41.3
A41. Trade by region 1784+,H120,37.5
A41. Trade by region 1784+,I120,27.4
A41. Trade by region 1784+,J120,369.59999999999997
A41. Trade by region 1784+,K120,175.20000000000002
A41. Trade by region 1784+,L120,20.5
A41. Trade by region 1784+,M120,12.9
A41. Trade by region 1784+,N120,29.7
A41. Trade by region 1784+,O120,42.5
A41. Trade by region 1784+,P120,79.2
A41. Trade by region 1784+,Q120,66.8
A41. Trade by region 1784+,R120,13.2
A41. Trade by region 1784+,S120,5.8
A41. Trade by region 1784+,T120,82.7
A41. Trade by region 1784+,U120,30.4
A41. Trade by region 1784+,V120,83.5
A41. Trade by region 1784+,W120,26.9
A41. Trade by region 1784+,X120,138.9
A41. Trade by region 1784+,Y120,48.9
A41. Trade by region 1784+,AA120,817.3
A41. Trade by region 1784+,AB120,409.4
A41. Trade by region 1784+,AC120,-44
A41. Trade by region 1784+,AD120,-45.10000000000002
A41. Trade by region 1784+,AF120,861.3
A41. Trade by region 1784+,AG120,454.5
A41. Trade by region 1784+,AH120,0.9489144316730523
A41. Trade by region 1784+,AI120,0.9007700770077007
A41. Trade by region 1784+,A121,1932
A41. Trade by region 1784+,B121,99.7
A41. Trade by region 1784+,C121,39.1
A41. Trade by region 1784+,D121,62.7
A41. Trade by region 1784+,E121,58.5
A41. Trade by region 1784+,F121,45.9
A41. Trade by region 1784+,G121,34.3
A41. Trade by region 1784+,H121,30.9
A41. Trade by region 1784+,I121,25.4
A41. Trade by region 1784+,J121,239.20000000000002
A41. Trade by region 1784+,K121,157.29999999999998
A41. Trade by region 1784+,L121,21.2
A41. Trade by region 1784+,M121,13.8
A41. Trade by region 1784+,N121,35
A41. Trade by region 1784+,O121,36.4
A41. Trade by region 1784+,P121,68.4
A41. Trade by region 1784+,Q121,67.6
A41. Trade by region 1784+,R121,18.1
A41. Trade by region 1784+,S121,6.2
A41. Trade by region 1784+,T121,75.3
A41. Trade by region 1784+,U121,25.1
A41. Trade by region 1784+,V121,83
A41. Trade by region 1784+,W121,31.200000000000003
A41. Trade by region 1784+,X121,128.7
A41. Trade by region 1784+,Y121,38.900000000000006
A41. Trade by region 1784+,AA121,668.9000000000002
A41. Trade by region 1784+,AB121,376.50000000000006
A41. Trade by region 1784+,AC121,-32.79999999999984
A41. Trade by region 1784+,AD121,-39.49999999999994
A41. Trade by region 1784+,AF121,701.7
A41. Trade by region 1784+,AG121,416
A41. Trade by region 1784+,AH121,0.9532563773692464
A41. Trade by region 1784+,AI121,0.9050480769230771
A41. Trade by region 1784+,A122,1933
A41. Trade by region 1784+,B122,94.7
A41. Trade by region 1784+,C122,36.2
A41. Trade by region 1784+,D122,56.1
A41. Trade by region 1784+,E122,57.7
A41. Trade by region 1784+,F122,46.8
A41. Trade by region 1784+,G122,34.3
A41. Trade by region 1784+,H122,28.2
A41. Trade by region 1784+,I122,23.9
A41. Trade by region 1784+,J122,225.8
A41. Trade by region 1784+,K122,152.1
A41. Trade by region 1784+,L122,23.5
A41. Trade by region 1784+,M122,14.1
A41. Trade by region 1784+,N122,33.9
A41. Trade by region 1784+,O122,41.5
A41. Trade by region 1784+,P122,69.8
A41. Trade by region 1784+,Q122,61.4
A41. Trade by region 1784+,R122,19.2
A41. Trade by region 1784+,S122,6.2
A41. Trade by region 1784+,T122,67.9
A41. Trade by region 1784+,U122,30.9
A41. Trade by region 1784+,V122,85.80000000000001
A41. Trade by region 1784+,W122,31.900000000000002
A41. Trade by region 1784+,X122,124.19999999999999
A41. Trade by region 1784+,Y122,45.5
A41. Trade by region 1784+,AA122,650.1
A41. Trade by region 1784+,AB122,383.5999999999999
A41. Trade by region 1784+,AC122,-24.899999999999977
A41. Trade by region 1784+,AD122,-33.40000000000009
A41. Trade by region 1784+,AF122,675
A41. Trade by region 1784+,AG122,417
A41. Trade by region 1784+,AH122,0.9631111111111111
A41. Trade by region 1784+,AI122,0.9199040767386089
A41. Trade by region 1784+,A123,1934
A41. Trade by region 1784+,B123,98.5
A41. Trade by region 1784+,C123,45.8
A41. Trade by region 1784+,D123,60.9
A41. Trade by region 1784+,E123,55.9
A41. Trade by region 1784+,F123,49.2
A41. Trade by region 1784+,G123,34.5
A41. Trade by region 1784+,H123,28.9
A41. Trade by region 1784+,I123,27.4
A41. Trade by region 1784+,J123,237.50000000000003
A41. Trade by region 1784+,K123,163.6
A41. Trade by region 1784+,L123,22.9
A41. Trade by region 1784+,M123,15.1
A41. Trade by region 1784+,N123,32.2
A41. Trade by region 1784+,O123,48.4
A41. Trade by region 1784+,P123,89.9
A41. Trade by region 1784+,Q123,65.5
A41. Trade by region 1784+,R123,20.2
A41. Trade by region 1784+,S123,6.6
A41. Trade by region 1784+,T123,80.1
A41. Trade by region 1784+,U123,32.7
A41. Trade by region 1784+,V123,90.3
A41. Trade by region 1784+,W123,38.7
A41. Trade by region 1784+,X123,134.8
A41. Trade by region 1784+,Y123,45.2
A41. Trade by region 1784+,AA123,707.9000000000001
A41. Trade by region 1784+,AB123,415.8
A41. Trade by region 1784+,AC123,-23.499999999999886
A41. Trade by region 1784+,AD123,-31.399999999999977
A41. Trade by region 1784+,AF123,731.4
A41. Trade by region 1784+,AG123,447.2
A41. Trade by region 1784+,AH123,0.9678698386655731
A41. Trade by region 1784+,AI123,0.9297853309481217
A41. Trade by region 1784+,A124,1935
A41. Trade by region 1784+,B124,101.3
A41. Trade by region 1784+,C124,50.7
A41. Trade by region 1784+,D124,66.2
A41. Trade by region 1784+,E124,55.6
A41. Trade by region 1784+,F124,50.1
A41. Trade by region 1784+,G124,37.9
A41. Trade by region 1784+,H124,28.3
A41. Trade by region 1784+,I124,26.8
A41. Trade by region 1784+,J124,245.9
A41. Trade by region 1784+,K124,171.00000000000003
A41. Trade by region 1784+,L124,25.9
A41. Trade by region 1784+,M124,17.7
A41. Trade by region 1784+,N124,37.8
A41. Trade by region 1784+,O124,57
A41. Trade by region 1784+,P124,86.5
A41. Trade by region 1784+,Q124,66.3
A41. Trade by region 1784+,R124,22.5
A41. Trade by region 1784+,S124,6.8
A41. Trade by region 1784+,T124,73.8
A41. Trade by region 1784+,U124,32.5
A41. Trade by region 1784+,V124,92.4
A41. Trade by region 1784+,W124,43.6
A41. Trade by region 1784+,X124,145.7
A41. Trade by region 1784+,Y124,53.7
A41. Trade by region 1784+,AA124,730.5
A41. Trade by region 1784+,AB124,448.6
A41. Trade by region 1784+,AC124,-25.5
A41. Trade by region 1784+,AD124,-32.5
A41. Trade by region 1784+,AF124,756
A41. Trade by region 1784+,AG124,481.1
A41. Trade by region 1784+,AH124,0.9662698412698413
A41. Trade by region 1784+,AI124,0.9324464768239451
A41. Trade by region 1784+,A125,1936
A41. Trade by region 1784+,B125,108.5
A41. Trade by region 1784+,C125,56.7
A41. Trade by region 1784+,D125,76.3
A41. Trade by region 1784+,E125,59.3
A41. Trade by region 1784+,F125,62.2
A41. Trade by region 1784+,G125,39.7
A41. Trade by region 1784+,H125,23.6
A41. Trade by region 1784+,I125,15.5
A41. Trade by region 1784+,J125,270.6
A41. Trade by region 1784+,K125,171.2
A41. Trade by region 1784+,L125,27.6
A41. Trade by region 1784+,M125,16.9
A41. Trade by region 1784+,N125,44
A41. Trade by region 1784+,O125,62.7
A41. Trade by region 1784+,P125,94.7
A41. Trade by region 1784+,Q125,63.6
A41. Trade by region 1784+,R125,27.2
A41. Trade by region 1784+,S125,7.3
A41. Trade by region 1784+,T125,79.7
A41. Trade by region 1784+,U125,33.3
A41. Trade by region 1784+,V125,105
A41. Trade by region 1784+,W125,50.6
A41. Trade by region 1784+,X125,170.60000000000002
A41. Trade by region 1784+,Y125,62.3
A41. Trade by region 1784+,AA125,819.4000000000001
A41. Trade by region 1784+,AB125,467.9000000000001
A41. Trade by region 1784+,AC125,-28.399999999999864
A41. Trade by region 1784+,AD125,-33.49999999999994
A41. Trade by region 1784+,AF125,847.8
A41. Trade by region 1784+,AG125,501.40000000000003
A41. Trade by region 1784+,AH125,0.9665015333805145
A41. Trade by region 1784+,AI125,0.9331870761866774
A41. Trade by region 1784+,A126,1937
A41. Trade by region 1784+,B126,137.1
A41. Trade by region 1784+,C126,72.7
A41. Trade by region 1784+,D126,88.8
A41. Trade by region 1784+,E126,69.9
A41. Trade by region 1784+,F126,67.5
A41. Trade by region 1784+,G126,37.1
A41. Trade by region 1784+,H126,29.2
A41. Trade by region 1784+,I126,20.4
A41. Trade by region 1784+,J126,322.59999999999997
A41. Trade by region 1784+,K126,200.10000000000002
A41. Trade by region 1784+,L126,33.8
A41. Trade by region 1784+,M126,19
A41. Trade by region 1784+,N126,59.4
A41. Trade by region 1784+,O126,73
A41. Trade by region 1784+,P126,122.9
A41. Trade by region 1784+,Q126,76.9
A41. Trade by region 1784+,R126,33.7
A41. Trade by region 1784+,S126,8.7
A41. Trade by region 1784+,T126,97.9
A41. Trade by region 1784+,U126,43.1
A41. Trade by region 1784+,V126,121.6
A41. Trade by region 1784+,W126,58.9
A41. Trade by region 1784+,X126,206.1
A41. Trade by region 1784+,Y126,72.4
A41. Trade by region 1784+,AA126,998
A41. Trade by region 1784+,AB126,552.1
A41. Trade by region 1784+,AC126,-29.799999999999955
A41. Trade by region 1784+,AD126,-44.39999999999998
A41. Trade by region 1784+,AF126,1027.8
A41. Trade by region 1784+,AG126,596.5
A41. Trade by region 1784+,AH126,0.9710060323020043
A41. Trade by region 1784+,AI126,0.9255658005029338
A41. Trade by region 1784+,A127,1938
A41. Trade by region 1784+,B127,122.4
A41. Trade by region 1784+,C127,66
A41. Trade by region 1784+,D127,79.4
A41. Trade by region 1784+,E127,55.1
A41. Trade by region 1784+,F127,57.6
A41. Trade by region 1784+,G127,42.6
A41. Trade by region 1784+,H127,25
A41. Trade by region 1784+,I127,22.3
A41. Trade by region 1784+,J127,284.40000000000003
A41. Trade by region 1784+,K127,186
A41. Trade by region 1784+,L127,27.9
A41. Trade by region 1784+,M127,22.3
A41. Trade by region 1784+,N127,46.5
A41. Trade by region 1784+,O127,63.8
A41. Trade by region 1784+,P127,108.2
A41. Trade by region 1784+,Q127,68.8
A41. Trade by region 1784+,R127,31.5
A41. Trade by region 1784+,S127,8.1
A41. Trade by region 1784+,T127,70.7
A41. Trade by region 1784+,U127,37
A41. Trade by region 1784+,V127,118.69999999999999
A41. Trade by region 1784+,W127,58.4
A41. Trade by region 1784+,X127,199.3
A41. Trade by region 1784+,Y127,53.400000000000006
A41. Trade by region 1784+,AA127,887.2
A41. Trade by region 1784+,AB127,497.80000000000007
A41. Trade by region 1784+,AC127,-32.299999999999955
A41. Trade by region 1784+,AD127,-34.499999999999886
A41. Trade by region 1784+,AF127,919.5
A41. Trade by region 1784+,AG127,532.3
A41. Trade by region 1784+,AH127,0.9648722131593258
A41. Trade by region 1784+,AI127,0.9351869246665416
A41. Trade by region 1784+,A128,1939
A41. Trade by region 1784+,B128,106.4
A41. Trade by region 1784+,C128,59.7
A41. Trade by region 1784+,D128,85.1
A41. Trade by region 1784+,E128,52
A41. Trade by region 1784+,F128,39.1
A41. Trade by region 1784+,G128,26.9
A41. Trade by region 1784+,H128,27
A41. Trade by region 1784+,I128,17.8
A41. Trade by region 1784+,J128,257.6
A41. Trade by region 1784+,K128,156.4
A41. Trade by region 1784+,L128,29
A41. Trade by region 1784+,M128,21
A41. Trade by region 1784+,N128,51
A41. Trade by region 1784+,O128,57.9
A41. Trade by region 1784+,P128,99.6
A41. Trade by region 1784+,Q128,61
A41. Trade by region 1784+,R128,32.9
A41. Trade by region 1784+,S128,7.2
A41. Trade by region 1784+,T128,77.8
A41. Trade by region 1784+,U128,36.8
A41. Trade by region 1784+,V128,103.8
A41. Trade by region 1784+,W128,49.3
A41. Trade by region 1784+,X128,199.39999999999998
A41. Trade by region 1784+,Y128,60.8
A41. Trade by region 1784+,AA128,851.0999999999999
A41. Trade by region 1784+,AB128,450.40000000000003
A41. Trade by region 1784+,AC128,-34.40000000000009
A41. Trade by region 1784+,AD128,-35.099999999999966
A41. Trade by region 1784+,AF128,885.5
A41. Trade by region 1784+,AG128,485.5
A41. Trade by region 1784+,AH128,0.9611518915866741
A41. Trade by region 1784+,AI128,0.9277033985581875
A41. Trade by region 1784+,A129,1940
A41. Trade by region 1784+,B129,34.3
A41. Trade by region 1784+,C129,20.4
A41. Trade by region 1784+,D129,41.5
A41. Trade by region 1784+,E129,36.6
A41. Trade by region 1784+,F129,12.2
A41. Trade by region 1784+,G129,3
A41. Trade by region 1784+,H129,25.5
A41. Trade by region 1784+,I129,14.3
A41. Trade by region 1784+,J129,113.5
A41. Trade by region 1784+,K129,74.3
A41. Trade by region 1784+,L129,31.7
A41. Trade by region 1784+,M129,24.2
A41. Trade by region 1784+,N129,75.4
A41. Trade by region 1784+,O129,59.6
A41. Trade by region 1784+,P129,149.1
A41. Trade by region 1784+,Q129,66
A41. Trade by region 1784+,R129,44.4
A41. Trade by region 1784+,S129,7.5
A41. Trade by region 1784+,T129,108.4
A41. Trade by region 1784+,U129,37
A41. Trade by region 1784+,V129,152.6
A41. Trade by region 1784+,W129,63.5
A41. Trade by region 1784+,X129,428.3
A41. Trade by region 1784+,Y129,72.1
A41. Trade by region 1784+,AA129,1103.4
A41. Trade by region 1784+,AB129,404.20000000000005
A41. Trade by region 1784+,AC129,-48.69999999999982
A41. Trade by region 1784+,AD129,-32.99999999999994
A41. Trade by region 1784+,AF129,1152.1
A41. Trade by region 1784+,AG129,437.2
A41. Trade by region 1784+,AH129,0.9577293637705062
A41. Trade by region 1784+,AI129,0.9245196706312901
A41. Trade by region 1784+,A130,1941
A41. Trade by region 1784+,B130,9.6
A41. Trade by region 1784+,C130,34.1
A41. Trade by region 1784+,D130,1.4
A41. Trade by region 1784+,E130,0.9
A41. Trade by region 1784+,F130,0.4
A41. Trade by region 1784+,G130,0.1
A41. Trade by region 1784+,H130,16
A41. Trade by region 1784+,I130,9.2
A41. Trade by region 1784+,J130,27.4
A41. Trade by region 1784+,K130,44.3
A41. Trade by region 1784+,L130,17.3
A41. Trade by region 1784+,M130,23.8
A41. Trade by region 1784+,N130,75.9
A41. Trade by region 1784+,O130,62.7
A41. Trade by region 1784+,P130,118.6
A41. Trade by region 1784+,Q130,62.1
A41. Trade by region 1784+,R130,71.6
A41. Trade by region 1784+,S130,6.8
A41. Trade by region 1784+,T130,88.8
A41. Trade by region 1784+,U130,29.9
A41. Trade by region 1784+,V130,102.8
A41. Trade by region 1784+,W130,53
A41. Trade by region 1784+,X130,602.8
A41. Trade by region 1784+,Y130,72.3
A41. Trade by region 1784+,AA130,1105.1999999999998
A41. Trade by region 1784+,AB130,354.90000000000003
A41. Trade by region 1784+,AC130,-39.90000000000009
A41. Trade by region 1784+,AD130,-23.199999999999932
A41. Trade by region 1784+,AF130,1145.1
A41. Trade by region 1784+,AG130,378.09999999999997
A41. Trade by region 1784+,AH130,0.9651558815823945
A41. Trade by region 1784+,AI130,0.93864057127744
A41. Trade by region 1784+,A131,1942
A41. Trade by region 1784+,B131,10.3
A41. Trade by region 1784+,C131,80.5
A41. Trade by region 1784+,D131,1.2
A41. Trade by region 1784+,E131,1.2
A41. Trade by region 1784+,F131,0.1
A41. Trade by region 1784+,G131,0
A41. Trade by region 1784+,H131,16.8
A41. Trade by region 1784+,I131,6.2
A41. Trade by region 1784+,J131,28.4
A41. Trade by region 1784+,K131,87.9
A41. Trade by region 1784+,L131,20.2
A41. Trade by region 1784+,M131,23.3
A41. Trade by region 1784+,N131,85.8
A41. Trade by region 1784+,O131,59.1
A41. Trade by region 1784+,P131,84.1
A41. Trade by region 1784+,Q131,28.7
A41. Trade by region 1784+,R131,49.2
A41. Trade by region 1784+,S131,6.7
A41. Trade by region 1784+,T131,83.6
A41. Trade by region 1784+,U131,26.7
A41. Trade by region 1784+,V131,100.5
A41. Trade by region 1784+,W131,89.2
A41. Trade by region 1784+,X131,714
A41. Trade by region 1784+,Y131,59
A41. Trade by region 1784+,AA131,1165.8
A41. Trade by region 1784+,AB131,380.59999999999997
A41. Trade by region 1784+,AC131,-40.40000000000009
A41. Trade by region 1784+,AD131,-21.10000000000008
A41. Trade by region 1784+,AF131,1206.2
A41. Trade by region 1784+,AG131,401.70000000000005
A41. Trade by region 1784+,AH131,0.9665063836842978
A41. Trade by region 1784+,AI131,0.9474732387353745
A41. Trade by region 1784+,A132,1943
A41. Trade by region 1784+,B132,9.5
A41. Trade by region 1784+,C132,61.8
A41. Trade by region 1784+,D132,1
A41. Trade by region 1784+,E132,0.4
A41. Trade by region 1784+,F132,0
A41. Trade by region 1784+,G132,0
A41. Trade by region 1784+,H132,21.8
A41. Trade by region 1784+,I132,20.5
A41. Trade by region 1784+,J132,32.3
A41. Trade by region 1784+,K132,82.69999999999999
A41. Trade by region 1784+,L132,14.8
A41. Trade by region 1784+,M132,23.4
A41. Trade by region 1784+,N132,87.4
A41. Trade by region 1784+,O132,59
A41. Trade by region 1784+,P132,85.5
A41. Trade by region 1784+,Q132,20.8
A41. Trade by region 1784+,R132,57.6
A41. Trade by region 1784+,S132,6.5
A41. Trade by region 1784+,T132,98.6
A41. Trade by region 1784+,U132,22.7
A41. Trade by region 1784+,V132,82.6
A41. Trade by region 1784+,W132,64
A41. Trade by region 1784+,X132,1388.9
A41. Trade by region 1784+,Y132,57.099999999999994
A41. Trade by region 1784+,AA132,1847.7
A41. Trade by region 1784+,AB132,336.20000000000005
A41. Trade by region 1784+,AC132,-37.700000000000045
A41. Trade by region 1784+,AD132,-14.299999999999955
A41. Trade by region 1784+,AF132,1885.4
A41. Trade by region 1784+,AG132,350.5
A41. Trade by region 1784+,AH132,0.980004243131431
A41. Trade by region 1784+,AI132,0.959201141226819
A41. Trade by region 1784+,A133,1944
A41. Trade by region 1784+,B133,13
A41. Trade by region 1784+,C133,58.7
A41. Trade by region 1784+,D133,3.1
A41. Trade by region 1784+,E133,12.5
A41. Trade by region 1784+,F133,0
A41. Trade by region 1784+,G133,0
A41. Trade by region 1784+,H133,29.5
A41. Trade by region 1784+,I133,18.2
A41. Trade by region 1784+,J133,45.6
A41. Trade by region 1784+,K133,89.4
A41. Trade by region 1784+,L133,24.5
A41. Trade by region 1784+,M133,19.9
A41. Trade by region 1784+,N133,102.7
A41. Trade by region 1784+,O133,60.4
A41. Trade by region 1784+,P133,86.3
A41. Trade by region 1784+,Q133,28.2
A41. Trade by region 1784+,R133,52.6
A41. Trade by region 1784+,S133,5.6
A41. Trade by region 1784+,T133,113.4
A41. Trade by region 1784+,U133,11.3
A41. Trade by region 1784+,V133,111
A41. Trade by region 1784+,W133,67.8
A41. Trade by region 1784+,X133,1780.5
A41. Trade by region 1784+,Y133,49.5
A41. Trade by region 1784+,AA133,2316.6
A41. Trade by region 1784+,AB133,332.1
A41. Trade by region 1784+,AC133,-43.20000000000027
A41. Trade by region 1784+,AD133,-13.199999999999989
A41. Trade by region 1784+,AF133,2359.8
A41. Trade by region 1784+,AG133,345.3
A41. Trade by region 1784+,AH133,0.9816933638443934
A41. Trade by region 1784+,AI133,0.9617723718505647
A41. Trade by region 1784+,A134,1945
A41. Trade by region 1784+,B134,45.1
A41. Trade by region 1784+,C134,46.3
A41. Trade by region 1784+,D134,9.1
A41. Trade by region 1784+,E134,52.8
A41. Trade by region 1784+,F134,2.1
A41. Trade by region 1784+,G134,11.1
A41. Trade by region 1784+,H134,35
A41. Trade by region 1784+,I134,18.4
A41. Trade by region 1784+,J134,91.30000000000001
A41. Trade by region 1784+,K134,128.6
A41. Trade by region 1784+,L134,25.9
A41. Trade by region 1784+,M134,29.9
A41. Trade by region 1784+,N134,78.3
A41. Trade by region 1784+,O134,70.9
A41. Trade by region 1784+,P134,87.1
A41. Trade by region 1784+,Q134,42.7
A41. Trade by region 1784+,R134,50.4
A41. Trade by region 1784+,S134,7
A41. Trade by region 1784+,T134,87.9
A41. Trade by region 1784+,U134,17.6
A41. Trade by region 1784+,V134,115.69999999999999
A41. Trade by region 1784+,W134,64.7
A41. Trade by region 1784+,X134,933.5999999999999
A41. Trade by region 1784+,Y134,50.400000000000006
A41. Trade by region 1784+,AA134,1470.2
A41. Trade by region 1784+,AB134,411.80000000000007
A41. Trade by region 1784+,AC134,-46.700000000000045
A41. Trade by region 1784+,AD134,-73.79999999999995
A41. Trade by region 1784+,AF134,1516.9
A41. Trade by region 1784+,AG134,485.6
A41. Trade by region 1784+,AH134,0.9692135275891621
A41. Trade by region 1784+,AI134,0.848023064250412
A41. Trade by region 1784+,B137,EEC
A41. Trade by region 1784+,D137,EFTA
A41. Trade by region 1784+,F137,Eastern Europe
A41. Trade by region 1784+,H137,Southern Europe and North Africa
A41. Trade by region 1784+,J137,Total Europe & North Africa 
A41. Trade by region 1784+,L137,Turkey and Middle East
A41. Trade by region 1784+,N137,Remainder of Africa
A41. Trade by region 1784+,P137,Asia
A41. Trade by region 1784+,R137,West Indies
A41. Trade by region 1784+,T137,Central and South America
A41. Trade by region 1784+,V137,Australia and New Zealand
A41. Trade by region 1784+,X137,North America (USA+Canada)
A41. Trade by region 1784+,AA137,Total coverage
A41. Trade by region 1784+,AF137,Total Goods trade
A41. Trade by region 1784+,AH137,% coverage
A41. Trade by region 1784+,B138,Imports
A41. Trade by region 1784+,C138,Exports
A41. Trade by region 1784+,D138,Imports
A41. Trade by region 1784+,E138,Exports
A41. Trade by region 1784+,F138,Imports
A41. Trade by region 1784+,G138,Exports
A41. Trade by region 1784+,H138,Imports
A41. Trade by region 1784+,I138,Exports
A41. Trade by region 1784+,J138,Imports
A41. Trade by region 1784+,K138,Exports
A41. Trade by region 1784+,L138,Imports
A41. Trade by region 1784+,M138,Exports
A41. Trade by region 1784+,N138,Imports
A41. Trade by region 1784+,O138,Exports
A41. Trade by region 1784+,P138,Imports
A41. Trade by region 1784+,Q138,Exports
A41. Trade by region 1784+,R138,Imports
A41. Trade by region 1784+,S138,Exports
A41. Trade by region 1784+,T138,Imports
A41. Trade by region 1784+,U138,Exports
A41. Trade by region 1784+,V138,Imports
A41. Trade by region 1784+,W138,Exports
A41. Trade by region 1784+,X138,Imports
A41. Trade by region 1784+,Y138,Exports
A41. Trade by region 1784+,AA138,Imports
A41. Trade by region 1784+,AB138,Exports
A41. Trade by region 1784+,A139,1946
A41. Trade by region 1784+,B139,66
A41. Trade by region 1784+,C139,140.6
A41. Trade by region 1784+,D139,72.2
A41. Trade by region 1784+,E139,114.2
A41. Trade by region 1784+,F139,5.9
A41. Trade by region 1784+,G139,38.3
A41. Trade by region 1784+,H139,32.6
A41. Trade by region 1784+,I139,29.7
A41. Trade by region 1784+,J139,176.7
A41. Trade by region 1784+,K139,322.8
A41. Trade by region 1784+,L139,50.9
A41. Trade by region 1784+,M139,78
A41. Trade by region 1784+,N139,95.4
A41. Trade by region 1784+,O139,130.1
A41. Trade by region 1784+,P139,130.9
A41. Trade by region 1784+,Q139,135.9
A41. Trade by region 1784+,R139,74.7
A41. Trade by region 1784+,S139,14
A41. Trade by region 1784+,T139,127.1
A41. Trade by region 1784+,U139,55.6
A41. Trade by region 1784+,V139,141.8
A41. Trade by region 1784+,W139,83.5
A41. Trade by region 1784+,X139,430.9
A41. Trade by region 1784+,Y139,74
A41. Trade by region 1784+,AA139,1228.3999999999999
A41. Trade by region 1784+,AB139,893.9
A41. Trade by region 1784+,AC139,-72.60000000000014
A41. Trade by region 1784+,AD139,-71.10000000000002
A41. Trade by region 1784+,AF139,1301
A41. Trade by region 1784+,AG139,965
A41. Trade by region 1784+,AH139,0.944196771714066
A41. Trade by region 1784+,AI139,0.926321243523316
A41. Trade by region 1784+,A140,1947
A41. Trade by region 1784+,B140,137.7
A41. Trade by region 1784+,C140,136.4
A41. Trade by region 1784+,D140,99.3
A41. Trade by region 1784+,E140,122.7
A41. Trade by region 1784+,F140,28.9
A41. Trade by region 1784+,G140,43
A41. Trade by region 1784+,H140,48.5
A41. Trade by region 1784+,I140,32.5
A41. Trade by region 1784+,J140,314.4
A41. Trade by region 1784+,K140,334.6
A41. Trade by region 1784+,L140,58.4
A41. Trade by region 1784+,M140,94.6
A41. Trade by region 1784+,N140,134.6
A41. Trade by region 1784+,O140,163.9
A41. Trade by region 1784+,P140,170.3
A41. Trade by region 1784+,Q140,191.7
A41. Trade by region 1784+,R140,109.4
A41. Trade by region 1784+,S140,16.5
A41. Trade by region 1784+,T140,195.6
A41. Trade by region 1784+,U140,82.7
A41. Trade by region 1784+,V140,187.1
A41. Trade by region 1784+,W140,115.7
A41. Trade by region 1784+,X140,536.3
A41. Trade by region 1784+,Y140,107.19999999999999
A41. Trade by region 1784+,AA140,1706.1000000000001
A41. Trade by region 1784+,AB140,1106.9
A41. Trade by region 1784+,AC140,-88.89999999999986
A41. Trade by region 1784+,AD140,-91.09999999999991
A41. Trade by region 1784+,AF140,1795
A41. Trade by region 1784+,AG140,1198
A41. Trade by region 1784+,AH140,0.9504735376044569
A41. Trade by region 1784+,AI140,0.9239565943238732
A41. Trade by region 1784+,A141,1948
A41. Trade by region 1784+,B141,189
A41. Trade by region 1784+,C141,182.6
A41. Trade by region 1784+,D141,137.2
A41. Trade by region 1784+,E141,174.1
A41. Trade by region 1784+,F141,56.6
A41. Trade by region 1784+,G141,32.7
A41. Trade by region 1784+,H141,58.6
A41. Trade by region 1784+,I141,49.3
A41. Trade by region 1784+,J141,441.40000000000003
A41. Trade by region 1784+,K141,438.7
A41. Trade by region 1784+,L141,123
A41. Trade by region 1784+,M141,126.4
A41. Trade by region 1784+,N141,197.3
A41. Trade by region 1784+,O141,239.7
A41. Trade by region 1784+,P141,196.3
A41. Trade by region 1784+,Q141,226.3
A41. Trade by region 1784+,R141,122.9
A41. Trade by region 1784+,S141,25.6
A41. Trade by region 1784+,T141,194.3
A41. Trade by region 1784+,U141,122.6
A41. Trade by region 1784+,V141,277.6
A41. Trade by region 1784+,W141,197.9
A41. Trade by region 1784+,X141,406.6
A41. Trade by region 1784+,Y141,145.2
A41. Trade by region 1784+,AA141,1959.4
A41. Trade by region 1784+,AB141,1522.3999999999999
A41. Trade by region 1784+,AC141,-118.59999999999991
A41. Trade by region 1784+,AD141,-124.60000000000014
A41. Trade by region 1784+,AF141,2078
A41. Trade by region 1784+,AG141,1647
A41. Trade by region 1784+,AH141,0.9429258902791146
A41. Trade by region 1784+,AI141,0.9243472981177898
A41. Trade by region 1784+,A142,1949
A41. Trade by region 1784+,B142,257.6
A41. Trade by region 1784+,C142,193.7
A41. Trade by region 1784+,D142,185.2
A41. Trade by region 1784+,E142,191.3
A41. Trade by region 1784+,F142,54
A41. Trade by region 1784+,G142,39.4
A41. Trade by region 1784+,H142,69
A41. Trade by region 1784+,I142,48.8
A41. Trade by region 1784+,J142,565.8
A41. Trade by region 1784+,K142,473.2
A41. Trade by region 1784+,L142,111.2
A41. Trade by region 1784+,M142,126.6
A41. Trade by region 1784+,N142,228
A41. Trade by region 1784+,O142,284.9
A41. Trade by region 1784+,P142,206.8
A41. Trade by region 1784+,Q142,270
A41. Trade by region 1784+,R142,101.8
A41. Trade by region 1784+,S142,29.4
A41. Trade by region 1784+,T142,159.3
A41. Trade by region 1784+,U142,139.3
A41. Trade by region 1784+,V142,330
A41. Trade by region 1784+,W142,253.89999999999998
A41. Trade by region 1784+,X142,447.29999999999995
A41. Trade by region 1784+,Y142,144.1
A41. Trade by region 1784+,AA142,2150.2
A41. Trade by region 1784+,AB142,1721.3999999999996
A41. Trade by region 1784+,AC142,-127.30000000000018
A41. Trade by region 1784+,AD142,-124.60000000000036
A41. Trade by region 1784+,AF142,2277.5
A41. Trade by region 1784+,AG142,1846
A41. Trade by region 1784+,AH142,0.94410537870472
A41. Trade by region 1784+,AI142,0.9325027085590464
A41. Trade by region 1784+,A143,1950
A41. Trade by region 1784+,B143,331.9
A41. Trade by region 1784+,C143,278.2
A41. Trade by region 1784+,D143,223.3
A41. Trade by region 1784+,E143,258.6
A41. Trade by region 1784+,F143,74.4
A41. Trade by region 1784+,G143,37.9
A41. Trade by region 1784+,H143,71.3
A41. Trade by region 1784+,I143,54
A41. Trade by region 1784+,J143,700.9
A41. Trade by region 1784+,K143,628.6999999999999
A41. Trade by region 1784+,L143,159.3
A41. Trade by region 1784+,M143,136.6
A41. Trade by region 1784+,N143,271.1
A41. Trade by region 1784+,O143,286.6
A41. Trade by region 1784+,P143,265
A41. Trade by region 1784+,Q143,276.2
A41. Trade by region 1784+,R143,124.5
A41. Trade by region 1784+,S143,37.9
A41. Trade by region 1784+,T143,210.9
A41. Trade by region 1784+,U143,156.2
A41. Trade by region 1784+,V143,353.6
A41. Trade by region 1784+,W143,343.5
A41. Trade by region 1784+,X143,391.6
A41. Trade by region 1784+,Y143,255.7
A41. Trade by region 1784+,AA143,2476.9
A41. Trade by region 1784+,AB143,2121.4
A41. Trade by region 1784+,AC143,-129.69999999999982
A41. Trade by region 1784+,AD143,-137.49999999999955
A41. Trade by region 1784+,AF143,2606.6
A41. Trade by region 1784+,AG143,2258.8999999999996
A41. Trade by region 1784+,AH143,0.950241694160976
A41. Trade by region 1784+,AI143,0.939129664881137
A41. Trade by region 1784+,A144,1951
A41. Trade by region 1784+,B144,512.6
A41. Trade by region 1784+,C144,313.3
A41. Trade by region 1784+,D144,353.4
A41. Trade by region 1784+,E144,287.7
A41. Trade by region 1784+,F144,105.6
A41. Trade by region 1784+,G144,52.5
A41. Trade by region 1784+,H144,110.6
A41. Trade by region 1784+,I144,62.7
A41. Trade by region 1784+,J144,1082.2
A41. Trade by region 1784+,K144,716.2
A41. Trade by region 1784+,L144,245
A41. Trade by region 1784+,M144,146.5
A41. Trade by region 1784+,N144,393.9
A41. Trade by region 1784+,O144,372.5
A41. Trade by region 1784+,P144,475.9
A41. Trade by region 1784+,Q144,367
A41. Trade by region 1784+,R144,164.6
A41. Trade by region 1784+,S144,48.8
A41. Trade by region 1784+,T144,269.8
A41. Trade by region 1784+,U144,160.9
A41. Trade by region 1784+,V144,419.1
A41. Trade by region 1784+,W144,436.9
A41. Trade by region 1784+,X144,640.5
A41. Trade by region 1784+,Y144,294.7
A41. Trade by region 1784+,AA144,3691
A41. Trade by region 1784+,AB144,2543.5
A41. Trade by region 1784+,AC144,-201.0999999999999
A41. Trade by region 1784+,AD144,-149.9000000000001
A41. Trade by region 1784+,AF144,3892.1
A41. Trade by region 1784+,AG144,2693.4
A41. Trade by region 1784+,AH144,0.9483312350659028
A41. Trade by region 1784+,AI144,0.9443454369941338
A41. Trade by region 1784+,A145,1952
A41. Trade by region 1784+,B145,426.2
A41. Trade by region 1784+,C145,330.9
A41. Trade by region 1784+,D145,319.8
A41. Trade by region 1784+,E145,271.4
A41. Trade by region 1784+,F145,99.9
A41. Trade by region 1784+,G145,63.4
A41. Trade by region 1784+,H145,101.1
A41. Trade by region 1784+,I145,74.9
A41. Trade by region 1784+,J145,947
A41. Trade by region 1784+,K145,740.5999999999999
A41. Trade by region 1784+,L145,276.4
A41. Trade by region 1784+,M145,163.9
A41. Trade by region 1784+,N145,407.8
A41. Trade by region 1784+,O145,415.5
A41. Trade by region 1784+,P145,351.4
A41. Trade by region 1784+,Q145,384.3
A41. Trade by region 1784+,R145,129
A41. Trade by region 1784+,S145,54.8
A41. Trade by region 1784+,T145,142.4
A41. Trade by region 1784+,U145,154.5
A41. Trade by region 1784+,V145,392.4
A41. Trade by region 1784+,W145,337.5
A41. Trade by region 1784+,X145,634.3
A41. Trade by region 1784+,Y145,313.5
A41. Trade by region 1784+,AA145,3280.7
A41. Trade by region 1784+,AB145,2564.6000000000004
A41. Trade by region 1784+,AC145,-184.10000000000036
A41. Trade by region 1784+,AD145,-144.09999999999945
A41. Trade by region 1784+,AF145,3464.8
A41. Trade by region 1784+,AG145,2708.7
A41. Trade by region 1784+,AH145,0.9468656199492033
A41. Trade by region 1784+,AI145,0.9468010484734376
A41. Trade by region 1784+,A146,1953
A41. Trade by region 1784+,B146,346.9
A41. Trade by region 1784+,C146,380.4
A41. Trade by region 1784+,D146,330.5
A41. Trade by region 1784+,E146,292.9
A41. Trade by region 1784+,F146,82.3
A41. Trade by region 1784+,G146,35.4
A41. Trade by region 1784+,H146,86.4
A41. Trade by region 1784+,I146,74.1
A41. Trade by region 1784+,J146,846.0999999999999
A41. Trade by region 1784+,K146,782.8
A41. Trade by region 1784+,L146,254.3
A41. Trade by region 1784+,M146,147.7
A41. Trade by region 1784+,N146,387.3
A41. Trade by region 1784+,O146,424.6
A41. Trade by region 1784+,P146,290.3
A41. Trade by region 1784+,Q146,359.2
A41. Trade by region 1784+,R146,134.4
A41. Trade by region 1784+,S146,52.2
A41. Trade by region 1784+,T146,211.2
A41. Trade by region 1784+,U146,115.5
A41. Trade by region 1784+,V146,464
A41. Trade by region 1784+,W146,314.8
A41. Trade by region 1784+,X146,558.2
A41. Trade by region 1784+,Y146,333.1
A41. Trade by region 1784+,AA146,3145.7999999999997
A41. Trade by region 1784+,AB146,2529.8999999999996
A41. Trade by region 1784+,AC146,-182.30000000000018
A41. Trade by region 1784+,AD146,-131.20000000000027
A41. Trade by region 1784+,AF146,3328.1
A41. Trade by region 1784+,AG146,2661.1
A41. Trade by region 1784+,AH146,0.9452240016826416
A41. Trade by region 1784+,AI146,0.9506970801548231
A41. Trade by region 1784+,A147,1954
A41. Trade by region 1784+,B147,390.6
A41. Trade by region 1784+,C147,391.8
A41. Trade by region 1784+,D147,332.6
A41. Trade by region 1784+,E147,308.1
A41. Trade by region 1784+,F147,81.2
A41. Trade by region 1784+,G147,42.5
A41. Trade by region 1784+,H147,89.3
A41. Trade by region 1784+,I147,77.4
A41. Trade by region 1784+,J147,893.7
A41. Trade by region 1784+,K147,819.8000000000001
A41. Trade by region 1784+,L147,239.6
A41. Trade by region 1784+,M147,130.9
A41. Trade by region 1784+,N147,403.9
A41. Trade by region 1784+,O147,417
A41. Trade by region 1784+,P147,335.7
A41. Trade by region 1784+,Q147,350.4
A41. Trade by region 1784+,R147,117.3
A41. Trade by region 1784+,S147,58.4
A41. Trade by region 1784+,T147,211.7
A41. Trade by region 1784+,U147,123.4
A41. Trade by region 1784+,V147,411.9
A41. Trade by region 1784+,W147,405.79999999999995
A41. Trade by region 1784+,X147,555.2
A41. Trade by region 1784+,Y147,296.4
A41. Trade by region 1784+,AA147,3169
A41. Trade by region 1784+,AB147,2602.1000000000004
A41. Trade by region 1784+,AC147,-190.19999999999982
A41. Trade by region 1784+,AD147,-146.0999999999999
A41. Trade by region 1784+,AF147,3359.2
A41. Trade by region 1784+,AG147,2748.2000000000003
A41. Trade by region 1784+,AH147,0.9433793760419148
A41. Trade by region 1784+,AI147,0.946837930281639
A41. Trade by region 1784+,A148,1955
A41. Trade by region 1784+,B148,482.1
A41. Trade by region 1784+,C148,422.3
A41. Trade by region 1784+,D148,371.4
A41. Trade by region 1784+,E148,311.6
A41. Trade by region 1784+,F148,112.5
A41. Trade by region 1784+,G148,60.5
A41. Trade by region 1784+,H148,96.2
A41. Trade by region 1784+,I148,88.4
A41. Trade by region 1784+,J148,1062.2
A41. Trade by region 1784+,K148,882.8000000000001
A41. Trade by region 1784+,L148,236.8
A41. Trade by region 1784+,M148,158.4
A41. Trade by region 1784+,N148,412.9
A41. Trade by region 1784+,O148,455
A41. Trade by region 1784+,P148,404.9
A41. Trade by region 1784+,Q148,374.7
A41. Trade by region 1784+,R148,113.1
A41. Trade by region 1784+,S148,69.9
A41. Trade by region 1784+,T148,232.4
A41. Trade by region 1784+,U148,120.2
A41. Trade by region 1784+,V148,443.79999999999995
A41. Trade by region 1784+,W148,426.5
A41. Trade by region 1784+,X148,763.7
A41. Trade by region 1784+,Y148,343.5
A41. Trade by region 1784+,AA148,3669.7999999999997
A41. Trade by region 1784+,AB148,2831.0000000000005
A41. Trade by region 1784+,AC148,-191.00000000000045
A41. Trade by region 1784+,AD148,-162.09999999999945
A41. Trade by region 1784+,AF148,3860.8
A41. Trade by region 1784+,AG148,2993.1
A41. Trade by region 1784+,AH148,0.9505283878988809
A41. Trade by region 1784+,AI148,0.9458421035047277
A41. Trade by region 1784+,A149,1956
A41. Trade by region 1784+,B149,492.8
A41. Trade by region 1784+,C149,478.3
A41. Trade by region 1784+,D149,384.9
A41. Trade by region 1784+,E149,341.5
A41. Trade by region 1784+,F149,106.3
A41. Trade by region 1784+,G149,86.7
A41. Trade by region 1784+,H149,97.8
A41. Trade by region 1784+,I149,106.4
A41. Trade by region 1784+,J149,1081.8
A41. Trade by region 1784+,K149,1012.9
A41. Trade by region 1784+,L149,245.5
A41. Trade by region 1784+,M149,169.7
A41. Trade by region 1784+,N149,417.3
A41. Trade by region 1784+,O149,452.7
A41. Trade by region 1784+,P149,377.8
A41. Trade by region 1784+,Q149,446.9
A41. Trade by region 1784+,R149,126.7
A41. Trade by region 1784+,S149,82.9
A41. Trade by region 1784+,T149,254.4
A41. Trade by region 1784+,U149,137.3
A41. Trade by region 1784+,V149,433.1
A41. Trade by region 1784+,W149,369
A41. Trade by region 1784+,X149,755.5
A41. Trade by region 1784+,Y149,441.3
A41. Trade by region 1784+,AA149,3692.1
A41. Trade by region 1784+,AB149,3112.7000000000003
A41. Trade by region 1784+,AC149,-169.4000000000001
A41. Trade by region 1784+,AD149,-174.29999999999973
A41. Trade by region 1784+,AF149,3861.5
A41. Trade by region 1784+,AG149,3287
A41. Trade by region 1784+,AH149,0.9561310371617247
A41. Trade by region 1784+,AI149,0.9469729236385763
A41. Trade by region 1784+,A150,1957
A41. Trade by region 1784+,B150,491
A41. Trade by region 1784+,C150,506.2
A41. Trade by region 1784+,D150,397.8
A41. Trade by region 1784+,E150,353
A41. Trade by region 1784+,F150,118.5
A41. Trade by region 1784+,G150,89.7
A41. Trade by region 1784+,H150,99.9
A41. Trade by region 1784+,I150,100.7
A41. Trade by region 1784+,J150,1107.2
A41. Trade by region 1784+,K150,1049.6000000000001
A41. Trade by region 1784+,L150,248.4
A41. Trade by region 1784+,M150,178.3
A41. Trade by region 1784+,N150,372.8
A41. Trade by region 1784+,O150,472.7
A41. Trade by region 1784+,P150,394.9
A41. Trade by region 1784+,Q150,465.3
A41. Trade by region 1784+,R150,156
A41. Trade by region 1784+,S150,91
A41. Trade by region 1784+,T150,308.9
A41. Trade by region 1784+,U150,169.2
A41. Trade by region 1784+,V150,431.1
A41. Trade by region 1784+,W150,378.1
A41. Trade by region 1784+,X150,802.7
A41. Trade by region 1784+,Y150,458.7
A41. Trade by region 1784+,AA150,3822
A41. Trade by region 1784+,AB150,3262.8999999999996
A41. Trade by region 1784+,AC150,-317
A41. Trade by region 1784+,AD150,-240.70000000000073
A41. Trade by region 1784+,AF150,4139
A41. Trade by region 1784+,AG150,3503.6000000000004
A41. Trade by region 1784+,AH150,0.923411452041556
A41. Trade by region 1784+,AI150,0.9312992350724967
A47. Wages and prices,A1,Back to front page
A47. Wages and prices,B1,A47. Wages and Prices 1209-2016
A47. Wages and prices,Z1,Component wage and price series and alternative indices
A47. Wages and prices,B3,Composite Average Weekly Earnings series
A47. Wages and prices,D3,Consumer Price Index (CPI) -  preferred measure
A47. Wages and prices,E3,CPI inflation
A47. Wages and prices,F3,Consumer Price Index (CPI) - original method from version 1.0
A47. Wages and prices,G3,RPI based index
A47. Wages and prices,H3,CPI for Ireland
A47. Wages and prices,I3,Spliced Wholesale/producer price index
A47. Wages and prices,J3,Implied consumption deflator
A47. Wages and prices,K3,Implied investment deflator
A47. Wages and prices,L3,Implied government consumption deflator
A47. Wages and prices,M3,Private and public consumption deflator
A47. Wages and prices,N3,Implied domestic demand deflator
A47. Wages and prices,O3,Implied GDP deflator at market prices
A47. Wages and prices,P3,Implied GDP deflator at factor cost
A47. Wages and prices,Q3,Implied GDP deflator at market prices
A47. Wages and prices,R3,Implied GDP deflator at factor cost
A47. Wages and prices,S3,Implied GDP deflator at factor cost
A47. Wages and prices,T3,Implied Export Deflator
A47. Wages and prices,U3,Implied Import deflator
A47. Wages and prices,V3,$ Oil  price
A47. Wages and prices,W3,US CPI
A47. Wages and prices,X3,US GDP deflator
A47. Wages and prices,Z3,"Daily wage rates of Clark (2009,2014)"
A47. Wages and prices,AG3,Daily Wage rates from Allen (2013) downloaded from GPIH website http://gpih.ucdavis.edu/#
A47. Wages and prices,AP3,Wage and earning indices 1750+
A47. Wages and prices,BG3,Consumer Price indices
A47. Wages and prices,CC3,Schumpeter Gilboy -Producer prices
A47. Wages and prices,A4,Coverage
A47. Wages and prices,B4,England/GB
A47. Wages and prices,C4,UK pre-1922 definition (GB+I)
A47. Wages and prices,D4,GB/UK(GB+NI)
A47. Wages and prices,E4,GB/UK(GB+NI)
A47. Wages and prices,F4,GB/UK(GB+NI)
A47. Wages and prices,G4,GB/UK(GB+NI)
A47. Wages and prices,H4,Ireland/ROI
A47. Wages and prices,I4,GB/UK
A47. Wages and prices,J4,UK
A47. Wages and prices,K4,UK
A47. Wages and prices,L4,UK
A47. Wages and prices,M4,UK
A47. Wages and prices,N4,UK
A47. Wages and prices,O4,UK
A47. Wages and prices,P4,UK
A47. Wages and prices,Q4,UK
A47. Wages and prices,R4,UK
A47. Wages and prices,S4,UK
A47. Wages and prices,T4,UK
A47. Wages and prices,U4,UK
A47. Wages and prices,Z4,England
A47. Wages and prices,AA4,England
A47. Wages and prices,AB4,England
A47. Wages and prices,AC4,England
A47. Wages and prices,AD4,England
A47. Wages and prices,AE4,England
A47. Wages and prices,AF4,England
A47. Wages and prices,AG4,Southern England
A47. Wages and prices,AH4,Southern England
A47. Wages and prices,AI4,Southern England
A47. Wages and prices,AJ4,London
A47. Wages and prices,AK4,London
A47. Wages and prices,AL4,London/Oxford
A47. Wages and prices,AM4,London/Oxford
A47. Wages and prices,AN4,Northern England
A47. Wages and prices,AO4,Northern England
A47. Wages and prices,AP4,GB
A47. Wages and prices,AQ4,GB
A47. Wages and prices,AR4,GB
A47. Wages and prices,AS4,GB
A47. Wages and prices,AT4,Ireland
A47. Wages and prices,AU4,Ireland
A47. Wages and prices,AV4,Ireland
A47. Wages and prices,AW4,Ireland
A47. Wages and prices,AX4,Ireland
A47. Wages and prices,AY4,Ireland/GB
A47. Wages and prices,AZ4,Ireland
A47. Wages and prices,BA4,UK pre-1920
A47. Wages and prices,BB4,UK pre-1920
A47. Wages and prices,BC4,UK pre-1920
A47. Wages and prices,BD4,UK
A47. Wages and prices,BE4,GB
A47. Wages and prices,BF4,GB
A47. Wages and prices,BG4,England
A47. Wages and prices,BI4,England
A47. Wages and prices,BJ4,GB
A47. Wages and prices,BK4,GB
A47. Wages and prices,BL4,GB
A47. Wages and prices,BM4,Ireland
A47. Wages and prices,BN4,Ireland
A47. Wages and prices,BO4,Ireland
A47. Wages and prices,BP4,Ireland
A47. Wages and prices,BQ4,Ireland
A47. Wages and prices,BR4,Ireland
A47. Wages and prices,BS4,Ireland
A47. Wages and prices,BT4,Ireland
A47. Wages and prices,BU4,Ireland
A47. Wages and prices,BV4,S. Ireland
A47. Wages and prices,BW4,UK/GB
A47. Wages and prices,BX4,UK
A47. Wages and prices,BY4,UK
A47. Wages and prices,BZ4,UK
A47. Wages and prices,CA4,"Composite Consumer Price index, 1750=100"
A47. Wages and prices,CB4,CPI index 2015=100
A47. Wages and prices,CC4,1697=100
A47. Wages and prices,CD4,1701=100
A47. Wages and prices,A5,Source
A47. Wages and prices,B5,NB based on English daily wage rates prior to 1750.  See real earnings sheet for measures which adjust for days worked per week over this period.
A47. Wages and prices,D5,"1661-1750, Schumpeter-Gilboy index from Mitchell(1988), 1750-1770 from Crafts and Mills (1991), 1770-1882, Feinstein (1998), 1882-1914 Feinstein (1991),1914-1949 from ONS (O'Donoghue et al (2004)), 1949-2014 CPI (ONS)"
A47. Wages and prices,F5,"1661-1750, Schumpeter-Gilboy index from Mitchell(1988), 1750-1949 from ONS (O'Donoghue et al (2004)), 1949-2014 CPI (ONS)"
A47. Wages and prices,G5,"Clark (2009) 1600-1750, ONS (O'Donoghue et al (2004)).  "
A47. Wages and prices,I5,"Post 1791 data, annual average of the index in the monthly wages and price sheet."
A47. Wages and prices,J5,See GDP(E) component sheets
A47. Wages and prices,K5,See GDP(E) component sheets
A47. Wages and prices,L5,See GDP(E) component sheets
A47. Wages and prices,M5,See GDP(E) component sheets
A47. Wages and prices,N5,See GDP(E) component sheets
A47. Wages and prices,O5,See GDP(A) component sheets
A47. Wages and prices,P5,See GDP(A) component sheets
A47. Wages and prices,Q5,See GDP(A) component sheets
A47. Wages and prices,R5,See GDP(A) component sheets
A47. Wages and prices,S5,See GDP(A) component sheets
A47. Wages and prices,T5,See Trade data sheet
A47. Wages and prices,U5,See Trade data sheet
A47. Wages and prices,V5,Source: BP Statistical Review of World Energy 2014
A47. Wages and prices,W5,Williamson (2017a)
A47. Wages and prices,X5,Williamson (2017b)
A47. Wages and prices,Z5,"Farm wages in England, Clark (2009)"
A47. Wages and prices,AA5,Coal miners' wages in England Clark (2014)
A47. Wages and prices,AB5,Building craftsmen's wages in England Clark (2009)
A47. Wages and prices,AC5,Building labourers' wages in England Clark (2009)
A47. Wages and prices,AD5,Share in primary production
A47. Wages and prices,AE5,Average wage based on the formula in Clark (2009) to benchmark to Levi's (1867) estimate of average adult male wage in 1866 of 45d 
A47. Wages and prices,AF5,"Average male wage based on Clark (2015), interpolations in red"
A47. Wages and prices,AG5,Building Craftsman
A47. Wages and prices,AH5,Building Labourer
A47. Wages and prices,AI5,Agricultural Labourer
A47. Wages and prices,AJ5,Building Craftsman
A47. Wages and prices,AK5,Building Labourer
A47. Wages and prices,AL5,Building Craftsman
A47. Wages and prices,AM5,Building Labourer
A47. Wages and prices,AN5,Craftsman
A47. Wages and prices,AO5,Labourer
A47. Wages and prices,AP5,"Average Weekly Wage earnings: 1750-1880. Source: N. Crafts and T. Mills Trends in Real Wages in Britain, 1750-1913, Explorations in Economic History (1994), 31, pages 176-194"
A47. Wages and prices,AQ5,"Average full-employment money earnings for Great Britain. Source: Feinstein (1998), Appendix Table 1 pages 652-3"
A47. Wages and prices,AR5,"Average full-employment money earnings for Great Britain. Source: Feinstein (1998), Appendix Table 1 pages 652-3"
A47. Wages and prices,AS5,"Average full-employment money earnings for Great Britain. Source: Feinstein (1990), Geary and Stark (2014)"
A47. Wages and prices,AT5,"Agricultural regular earnings, Bowley (1899)"
A47. Wages and prices,AU5,"Agricultural regular earnings adjusted for unemployment, Bowley (1899)"
A47. Wages and prices,AV5,Geary and Stark (2004) Irish agricultural wages
A47. Wages and prices,AW5,Geary and Stark (2004) Irish construction wages
A47. Wages and prices,AX5,Simple average of Irish wage indices
A47. Wages and prices,AY5,Relative Irish wages to GB wages
A47. Wages and prices,AZ5,"Index of Irish Wages, Geary and Stark (2014)"
A47. Wages and prices,BA5,"Average full-employment money earnings for UK. Source: Feinstein (1998), Appendix Table 1 pages 652-3,"
A47. Wages and prices,BB5,"Average full-employment money earnings for UK. Source: Feinstein (1998), Appendix Table 1 pages 652-4"
A47. Wages and prices,BC5,"Average Weekly Wage earnings: 1880-1913. Source: C. H. Feinstein New Estimates of Average Earnings in the United Kingdom, Economic History Review (1990), 43, pages 592-632"
A47. Wages and prices,BD5,"Average Weekly Wage earnings: 1855-1965. Source: C.H. Feinstein, National Income Expenditure and Output of the United Kingdom 1855-1965 Table 65 pages T140 to T141"
A47. Wages and prices,BE5,"Average Earnings Index, ONS: Series code LNMQ"
A47. Wages and prices,BF5,"Average Weekly Wages, £ ONS: Series code KAB9"
A47. Wages and prices,BG5,"Clark (2009,2014)"
A47. Wages and prices,BH5,Allen (2013)
A47. Wages and prices,BI5,"Source: Mitchell (1988), Page 719, 1701=100"
A47. Wages and prices,BJ5,Source: Crafts and Mills (1994)
A47. Wages and prices,BK5,"Cost of living index. Source: Feinstein (1998), Appendix Table 1 pages 652-3"
A47. Wages and prices,BL5,"Allen (2007), Appendix 1"
A47. Wages and prices,BM5,Urban cost of living Kennedy (2003)
A47. Wages and prices,BN5,Rural cost of living Kennedy (2003)
A47. Wages and prices,BO5,weighted average (0.3 urban and 0.7 rural based on Geary and Stark (2014)
A47. Wages and prices,BP5,Geary and Stark (2004)
A47. Wages and prices,BQ5,Brunt and Cannon (2014)
A47. Wages and prices,BR5,Brunt and Cannon (2014)
A47. Wages and prices,BS5,Brunt and Cannon (2014)
A47. Wages and prices,BT5,Brunt and Cannon (2014)
A47. Wages and prices,BU5,Brunt and Cannon (2014)
A47. Wages and prices,BV5,CSO  of Ireland
A47. Wages and prices,BW5,Source: Feinstein (1991)
A47. Wages and prices,BX5,Capie and Collins (1983)
A47. Wages and prices,BY5,Cost of living index originally from Ministry of Labour. Source: ONS retail prices 1919-1990
A47. Wages and prices,BZ5,Source: ONS Retail prices 1919-1990
A47. Wages and prices,CA5,"Source: O'Donoghue et al (2004), index derived from Table 2."
A47. Wages and prices,CB5,Source: ONS website
A47. Wages and prices,CC5,"Mitchell (1988) Chapter XIV Table 1, page 719 "
A47. Wages and prices,CD5,"Mitchell (1988) Chapter XIV Table 1, page 719 "
A47. Wages and prices,B6,£
A47. Wages and prices,C6,1913=100
A47. Wages and prices,D6,Spliced index 2015=100
A47. Wages and prices,E6,annual inflation rate
A47. Wages and prices,F6,Spliced index 2015=100
A47. Wages and prices,G6,Spliced index 2015=100
A47. Wages and prices,H6,Spliced index 2015=100
A47. Wages and prices,I6,2010=100
A47. Wages and prices,J6,"2013 = 100, based on composite value and volume measures"
A47. Wages and prices,K6,"2013 = 100, based on composite value and volume measures"
A47. Wages and prices,L6,"2013 = 100, based on composite value and volume measures"
A47. Wages and prices,M6,"2013 = 100, based on composite value and volume measures"
A47. Wages and prices,N6,"2013 = 100, based on composite value and volume measures"
A47. Wages and prices,O6,"2013 = 100, based on GB+NI measure"
A47. Wages and prices,P6,"2013 = 100, based on GB+NI measure"
A47. Wages and prices,Q6,"2013 = 100, based on GB measure"
A47. Wages and prices,R6,"2013 = 100, based on GB measure"
A47. Wages and prices,S6,"1920 = 100, based on pre-1922 UK (GB+I) measure"
A47. Wages and prices,T6,"2013 = 100, based on composite value and volume measures"
A47. Wages and prices,U6,"2013 = 100, based on composite value and volume measures"
A47. Wages and prices,V6,"$ per barrel; 1861-1944 US Average, 1945-1983 Arabian Light posted at Ras Tanura,1984-2009 Brent dated."
A47. Wages and prices,W6,1982-1984=100
A47. Wages and prices,X6,2009=100
A47. Wages and prices,Z6,pence per day
A47. Wages and prices,AA6,pence per day
A47. Wages and prices,AB6,pence per day
A47. Wages and prices,AC6,pence per day
A47. Wages and prices,AE6,pence per day
A47. Wages and prices,AF6,pence per day
A47. Wages and prices,AG6,Pence/Day
A47. Wages and prices,AH6,Pence/Day
A47. Wages and prices,AI6,Pence/Day
A47. Wages and prices,AJ6,Pence/Day
A47. Wages and prices,AK6,Pence/Day
A47. Wages and prices,AL6,Ratio
A47. Wages and prices,AM6,Ratio
A47. Wages and prices,AN6,Pence/Day
A47. Wages and prices,AO6,Pence/Day
A47. Wages and prices,AP6,1900=100
A47. Wages and prices,AQ6,£ per year
A47. Wages and prices,AR6,1778/82=100
A47. Wages and prices,AS6,1906=100
A47. Wages and prices,AT6,1892=100
A47. Wages and prices,AV6,1835=100
A47. Wages and prices,AW6,1835=100
A47. Wages and prices,AX6,1835=100
A47. Wages and prices,AY6,1785=100
A47. Wages and prices,AZ6,1906=100
A47. Wages and prices,BA6,£ per yr
A47. Wages and prices,BB6,1778/82=100
A47. Wages and prices,BC6,1911=100
A47. Wages and prices,BD6,1913=100
A47. Wages and prices,BE6, 2000=100
A47. Wages and prices,BF6,£
A47. Wages and prices,BG6," Cost of Living Index, 1860-9=100"
A47. Wages and prices,BH6,pence per day required to buy respectable basket of necessities
A47. Wages and prices,BI6,Schumpeter-Gilboy Consumer Price index
A47. Wages and prices,BJ6,Cost of living 1900=100
A47. Wages and prices,BK6,Cost of Living 1878/82=100
A47. Wages and prices,BL6,Cost of Living 1860-69=100
A47. Wages and prices,BP6,"Cost of Living for Ireland (1835=100), compromise index"
A47. Wages and prices,BQ6,"1859 unadjusted weights, 1859=100"
A47. Wages and prices,BR6,"1859 adjusted weights, 1859=100"
A47. Wages and prices,BS6,"1904 unadjusted weights, 1859=100"
A47. Wages and prices,BT6,"1904 adjusted weights, 1859=100"
A47. Wages and prices,BU6,Average measure
A47. Wages and prices,BV6,1914=100
A47. Wages and prices,BW6,Cost of living 1900=100
A47. Wages and prices,BX6,Cost of living 1924=100
A47. Wages and prices,BZ6,"Retail price index, Jan 1987=100"
A47. Wages and prices,A7,1209
A47. Wages and prices,B7,0.03415385640724257
A47. Wages and prices,D7,0.08239185211478409
A47. Wages and prices,G7,0.0543283974828907
A47. Wages and prices,Z7,1.3736468079853
A47. Wages and prices,AB7,2.78392234287258
A47. Wages and prices,AF7,2.088782549040318
A47. Wages and prices,BG7,6.544197349118789
A47. Wages and prices,A8,1210
A47. Wages and prices,B8,0.0302048942906292
A47. Wages and prices,D8,0.0845152933064964
A47. Wages and prices,E8,2.577246581074604
A47. Wages and prices,G8,0.05572857424957112
A47. Wages and prices,AF8,1.847271808418531
A47. Wages and prices,BG8,6.712857451557727
A47. Wages and prices,A593,1795
A47. Wages and prices,B593,0.4123101319236947
A47. Wages and prices,C593,35.90887458412103
A47. Wages and prices,D593,1.1473883466463648
A47. Wages and prices,E593,15.70397111913357
A47. Wages and prices,F593,1.2232049343368803
A47. Wages and prices,G593,0.9241671311928789
A47. Wages and prices,H593,0.9663731605945555
A47. Wages and prices,I593,1.697912352875158
A47. Wages and prices,O593,1.105885374920392
A47. Wages and prices,P593,1.1673018701092142
A47. Wages and prices,Q593,1.1133098116560944
A47. Wages and prices,R593,1.1751131694222383
A47. Wages and prices,T593,5.93811390581556
A47. Wages and prices,U593,5.1050180156233225
A47. Wages and prices,W593,12.17
A47. Wages and prices,X593,5.96
A47. Wages and prices,Z593,14.480893732174335
A47. Wages and prices,AA593,18.71135896426924
A47. Wages and prices,AB593,26.889417507579083
A47. Wages and prices,AC593,17.83647211151954
A47. Wages and prices,AD593,0.44
A47. Wages and prices,AE593,22.49524222546162
A47. Wages and prices,AF593,21.964291830772098
A47. Wages and prices,AG593,32.5
A47. Wages and prices,AH593,22
A47. Wages and prices,AI593,17
A47. Wages and prices,AJ593,40
A47. Wages and prices,AK593,28
A47. Wages and prices,AL593,1.2307692307692308
A47. Wages and prices,AM593,1.2727272727272727
A47. Wages and prices,AN593,36
A47. Wages and prices,AO593,20
A47. Wages and prices,AP593,43
A47. Wages and prices,AQ593,25.702176426505485
A47. Wages and prices,AR593,131.3
A47. Wages and prices,AT593,40
A47. Wages and prices,AU593,36
A47. Wages and prices,AV593,86.95652173913044
A47. Wages and prices,AW593,80.59236516886936
A47. Wages and prices,AX593,83.77444345399991
A47. Wages and prices,AY593,91.34329960614394
A47. Wages and prices,BA593,22.67787289822493
A47. Wages and prices,BB593,126.93171652189703
A47. Wages and prices,BG593,97.87853903123107
A47. Wages and prices,BH593,4.709184274523811
A47. Wages and prices,BI593,147
A47. Wages and prices,BJ593,143
A47. Wages and prices,BK593,128.2
A47. Wages and prices,BL593,94.9
A47. Wages and prices,BP593,124.406535839136
A47. Wages and prices,BZ593,3.7938826628499207
A47. Wages and prices,CA593,185.189568276246
A47. Wages and prices,A594,1796
A47. Wages and prices,B594,0.43115141746476227
A47. Wages and prices,C594,37.49047091290077
A47. Wages and prices,D594,1.175133306666675
A47. Wages and prices,E594,2.4180967238689703
A47. Wages and prices,F594,1.3014900501344406
A47. Wages and prices,G594,0.9833138275892231
A47. Wages and prices,H594,0.9396237821843487
A47. Wages and prices,I594,1.7161363740678128
A47. Wages and prices,O594,1.1378867533884907
A47. Wages and prices,P594,1.20189217390092
A47. Wages and prices,Q594,1.145526033556686
A47. Wages and prices,R594,1.2099349430874737
A47. Wages and prices,T594,5.972020405040138
A47. Wages and prices,U594,5.402961317321322
A47. Wages and prices,W594,12.81
A47. Wages and prices,X594,6.27
A47. Wages and prices,Z594,15.69685081006418
A47. Wages and prices,AA594,19.90791458882898
A47. Wages and prices,AB594,27.726477082165204
A47. Wages and prices,AC594,18.275682590652416
A47. Wages and prices,AD594,0.44
A47. Wages and prices,AE594,23.576941280052004
A47. Wages and prices,AF594,23.003766057686168
A47. Wages and prices,AG594,32.5
A47. Wages and prices,AH594,22
A47. Wages and prices,AI594,17
A47. Wages and prices,AJ594,42
A47. Wages and prices,AK594,30
A47. Wages and prices,AL594,1.2923076923076924
A47. Wages and prices,AM594,1.3636363636363635
A47. Wages and prices,AN594,36
A47. Wages and prices,AO594,20
A47. Wages and prices,AP594,44
A47. Wages and prices,AQ594,26.884161564686533
A47. Wages and prices,AR594,137.3
A47. Wages and prices,AT594,41
A47. Wages and prices,AU594,36.99999999999999
A47. Wages and prices,AV594,89.13043478260869
A47. Wages and prices,AW594,81.49281165059227
A47. Wages and prices,AX594,85.31162321660048
A47. Wages and prices,AY594,88.95442125559022
A47. Wages and prices,BA594,23.67671346161665
A47. Wages and prices,BB594,132.52238844302477
A47. Wages and prices,BG594,103.24281058108608
A47. Wages and prices,BH594,4.946156074205416
A47. Wages and prices,BI594,154
A47. Wages and prices,BJ594,150
A47. Wages and prices,BK594,131.3
A47. Wages and prices,BL594,91.4
A47. Wages and prices,BP594,120.96294112897601
A47. Wages and prices,BZ594,4.036691153272316
A47. Wages and prices,CA594,197.04170064592577
A47. Wages and prices,A595,1797
A47. Wages and prices,B595,0.43837391025550476
A47. Wages and prices,C595,38.06234119524473
A47. Wages and prices,D595,1.057888475613107
A47. Wages and prices,E595,-9.977151561309995
A47. Wages and prices,F595,1.1713410451209965
A47. Wages and prices,G595,0.8849824448303009
A47. Wages and prices,H595,0.8569850494517484
A47. Wages and prices,I595,1.568866581186626
A47. Wages and prices,O595,1.1489990106704773
A47. Wages and prices,P595,1.1988110285233995
A47. Wages and prices,Q595,1.1567128937342817
A47. Wages and prices,R595,1.2068331794368339
A47. Wages and prices,T595,6.031551835335457
A47. Wages and prices,U595,5.333764619087198
A47. Wages and prices,W595,12.33
A47. Wages and prices,X595,6.04
A47. Wages and prices,Z595,16.04393837479819
A47. Wages and prices,AA595,19.887569149540347
A47. Wages and prices,AB595,28.234081385694964
A47. Wages and prices,AC595,19.757187634477926
A47. Wages and prices,AD595,0.44
A47. Wages and prices,AE595,24.414705728190363
A47. Wages and prices,AF595,23.969861306083303
A47. Wages and prices,AG595,36
A47. Wages and prices,AH595,22
A47. Wages and prices,AI595,17
A47. Wages and prices,AJ595,46
A47. Wages and prices,AK595,31
A47. Wages and prices,AL595,1.2777777777777777
A47. Wages and prices,AM595,1.4090909090909092
A47. Wages and prices,AN595,36
A47. Wages and prices,AO595,20
A47. Wages and prices,AP595,45
A47. Wages and prices,AQ595,27.34251559846637
A47. Wages and prices,AR595,139.6
A47. Wages and prices,AT595,42
A47. Wages and prices,AU595,36.99999999999999
A47. Wages and prices,AV595,91.30434782608695
A47. Wages and prices,AW595,82.09666628212824
A47. Wages and prices,AX595,86.70050705410759
A47. Wages and prices,AY595,88.9131690111345
A47. Wages and prices,BA595,24.0378721369432
A47. Wages and prices,BB595,134.54385186694057
A47. Wages and prices,BG595,93.39329513348903
A47. Wages and prices,BH595,4.391541223886767
A47. Wages and prices,BI595,148
A47. Wages and prices,BJ595,130
A47. Wages and prices,BK595,118.2
A47. Wages and prices,BL595,87.4
A47. Wages and prices,BP595,110.3244022243216
A47. Wages and prices,BZ595,3.6330220379450844
A47. Wages and prices,CA595,177.3375305813332
A47. Wages and prices,A596,1798
A47. Wages and prices,B596,0.4531329172626744
A47. Wages and prices,C596,39.203884467085544
A47. Wages and prices,D596,1.0722084549784283
A47. Wages and prices,E596,1.3536379018612479
A47. Wages and prices,F596,1.1455715421283346
A47. Wages and prices,G596,0.8655128310440342
A47. Wages and prices,H596,0.9480613765517842
A47. Wages and prices,I596,1.5946018543573348
A47. Wages and prices,O596,1.199837597603584
A47. Wages and prices,P596,1.2303787047323438
A47. Wages and prices,Q596,1.2078927889810507
A47. Wages and prices,R596,1.238612098832994
A47. Wages and prices,T596,6.1699054175319334
A47. Wages and prices,U596,5.590615671777223
A47. Wages and prices,W596,11.92
A47. Wages and prices,X596,5.84
A47. Wages and prices,Z596,16.35644659662958
A47. Wages and prices,AA596,20.81545772784567
A47. Wages and prices,AB596,29.06349176463281
A47. Wages and prices,AC596,19.74123027451086
A47. Wages and prices,AD596,0.44
A47. Wages and prices,AE596,24.85075842443635
A47. Wages and prices,AF596,24.532682113691326
A47. Wages and prices,AG596,36
A47. Wages and prices,AH596,22
A47. Wages and prices,AI596,17
A47. Wages and prices,AJ596,48
A47. Wages and prices,AK596,32
A47. Wages and prices,AL596,1.3333333333333333
A47. Wages and prices,AM596,1.4545454545454546
A47. Wages and prices,AN596,36
A47. Wages and prices,AO596,20
A47. Wages and prices,AP596,47
A47. Wages and prices,AQ596,28.253428559977145
A47. Wages and prices,AR596,144.3
A47. Wages and prices,AT596,43
A47. Wages and prices,AU596,37
A47. Wages and prices,AV596,93.47826086956522
A47. Wages and prices,AW596,79.94318377204985
A47. Wages and prices,AX596,86.71072232080753
A47. Wages and prices,AY596,86.02731004215184
A47. Wages and prices,BA596,24.75880181035818
A47. Wages and prices,BB596,138.5790116611952
A47. Wages and prices,BG596,91.1486725349044
A47. Wages and prices,BH596,4.426834896179772
A47. Wages and prices,BI596,148
A47. Wages and prices,BJ596,128
A47. Wages and prices,BK596,119.8
A47. Wages and prices,BL596,89.6
A47. Wages and prices,BP596,122.049159092048
A47. Wages and prices,BZ596,3.553095553110292
A47. Wages and prices,CA596,173.43610490854385
A47. Wages and prices,A597,1799
A47. Wages and prices,B597,0.47511441706058655
A47. Wages and prices,C597,41.031504256031695
A47. Wages and prices,D597,1.2968531312719056
A47. Wages and prices,E597,20.95158597662774
A47. Wages and prices,F597,1.2864768418101198
A47. Wages and prices,G597,0.9719709092624504
A47. Wages and prices,H597,1.0951530592813952
A47. Wages and prices,I597,1.8413649521281525
A47. Wages and prices,O597,1.2939994222150537
A47. Wages and prices,P597,1.3150897425000159
A47. Wages and prices,Q597,1.3026867754110967
A47. Wages and prices,R597,1.3238900021973592
A47. Wages and prices,T597,6.354759598275468
A47. Wages and prices,U597,5.67271004820382
A47. Wages and prices,W597,11.92
A47. Wages and prices,X597,5.84
A47. Wages and prices,Z597,16.843622641162412
A47. Wages and prices,AA597,21.37881055884648
A47. Wages and prices,AB597,28.478482667494273
A47. Wages and prices,AC597,19.62688590261518
A47. Wages and prices,AD597,0.44
A47. Wages and prices,AE597,24.889969080241375
A47. Wages and prices,AF597,24.453917811893454
A47. Wages and prices,AG597,36
A47. Wages and prices,AH597,23
A47. Wages and prices,AI597,17
A47. Wages and prices,AJ597,50
A47. Wages and prices,AK597,36
A47. Wages and prices,AL597,1.3888888888888888
A47. Wages and prices,AM597,1.565217391304348
A47. Wages and prices,AN597,36
A47. Wages and prices,AO597,20
A47. Wages and prices,AP597,47
A47. Wages and prices,AQ597,29.61789211649132
A47. Wages and prices,AR597,151.3
A47. Wages and prices,AT597,44
A47. Wages and prices,AU597,38
A47. Wages and prices,AV597,95.65217391304348
A47. Wages and prices,AW597,83.83398370572743
A47. Wages and prices,AX597,89.74307880938545
A47. Wages and prices,AY597,84.91646511105209
A47. Wages and prices,BA597,25.9130159081269
A47. Wages and prices,BB597,145.03933434317938
A47. Wages and prices,BG597,100.46365182712974
A47. Wages and prices,BH597,5.021785371976142
A47. Wages and prices,BI597,160
A47. Wages and prices,BJ597,146
A47. Wages and prices,BK597,144.9
A47. Wages and prices,BL597,102.1
A47. Wages and prices,BP597,140.985080996048
A47. Wages and prices,BZ597,3.9901263061428582
A47. Wages and prices,CA597,194.76874581229475
A47. Wages and prices,A598,1800
A47. Wages and prices,B598,0.5024342810951344
A47. Wages and prices,C598,43.26673575798384
A47. Wages and prices,D598,1.686177570266577
A47. Wages and prices,E598,30.0207039337474
A47. Wages and prices,F598,1.7560408890708137
A47. Wages and prices,G598,1.326740291143245
A47. Wages and prices,H598,2.0821836818921744
A47. Wages and prices,I598,2.2309649727603227
A47. Wages and prices,O598,1.4084759271251068
A47. Wages and prices,P598,1.4635122540473964
A47. Wages and prices,Q598,1.4179318261286122
A47. Wages and prices,R598,1.4733057209794533
A47. Wages and prices,T598,6.294856228594553
A47. Wages and prices,U598,5.781970867330859
A47. Wages and prices,W598,12.17
A47. Wages and prices,X598,6.01
A47. Wages and prices,Z598,17.83270457058541
A47. Wages and prices,AA598,22.509581672972512
A47. Wages and prices,AB598,30.381011513846488
A47. Wages and prices,AC598,19.983380477960765
A47. Wages and prices,AD598,0.43
A47. Wages and prices,AE598,26.23810564065875
A47. Wages and prices,AF598,25.560080189743584
A47. Wages and prices,AG598,36
A47. Wages and prices,AH598,23
A47. Wages and prices,AI598,17
A47. Wages and prices,AJ598,52
A47. Wages and prices,AK598,36
A47. Wages and prices,AL598,1.4444444444444444
A47. Wages and prices,AM598,1.565217391304348
A47. Wages and prices,AN598,36
A47. Wages and prices,AO598,20
A47. Wages and prices,AP598,49
A47. Wages and prices,AQ598,31.329850592221522
A47. Wages and prices,AR598,160
A47. Wages and prices,AT598,45
A47. Wages and prices,AU598,38
A47. Wages and prices,AV598,97.82608695652173
A47. Wages and prices,AW598,89.45581495577629
A47. Wages and prices,AX598,93.64095095614901
A47. Wages and prices,AY598,83.78681911982572
A47. Wages and prices,BA598,27.32465290556693
A47. Wages and prices,BB598,152.94049456199798
A47. Wages and prices,BG598,130.23176087357862
A47. Wages and prices,BH598,6.620084531530798
A47. Wages and prices,BI598,212
A47. Wages and prices,BJ598,196
A47. Wages and prices,BK598,188.4
A47. Wages and prices,BL598,128.9
A47. Wages and prices,BP598,268.05096561830396
A47. Wages and prices,BZ598,5.446522407885002
A47. Wages and prices,CA598,265.85933803378236
A47. Wages and prices,A599,1801
A47. Wages and prices,B599,0.5033763453721878
A47. Wages and prices,C599,43.35469720415633
A47. Wages and prices,D599,1.594887701812654
A47. Wages and prices,E599,-5.414012738853529
A47. Wages and prices,F599,1.9614976730920988
A47. Wages and prices,G599,1.4819689052070046
A47. Wages and prices,H599,1.6683936221158993
A47. Wages and prices,I599,2.3005364050160675
A47. Wages and prices,O599,1.4896990758068605
A47. Wages and prices,P599,1.552990598815102
A47. Wages and prices,Q599,1.4997002719474273
A47. Wages and prices,R599,1.5633828329991544
A47. Wages and prices,S599,52.63461367988863
A47. Wages and prices,T599,6.466337417179069
A47. Wages and prices,U599,5.808042710628512
A47. Wages and prices,W599,12.33
A47. Wages and prices,X599,6.13
A47. Wages and prices,Z599,17.911699575141007
A47. Wages and prices,AA599,20.486908465233753
A47. Wages and prices,AB599,32.801189894387306
A47. Wages and prices,AC599,20.76680818938021
A47. Wages and prices,AD599,0.43
A47. Wages and prices,AE599,27.342047327535514
A47. Wages and prices,AF599,26.437960305630966
A47. Wages and prices,AG599,36
A47. Wages and prices,AH599,23
A47. Wages and prices,AI599,17
A47. Wages and prices,AJ599,54
A47. Wages and prices,AK599,36
A47. Wages and prices,AL599,1.5
A47. Wages and prices,AM599,1.565217391304348
A47. Wages and prices,AN599,36
A47. Wages and prices,AO599,20
A47. Wages and prices,AP599,49
A47. Wages and prices,AQ599,31.382952069296124
A47. Wages and prices,AR599,160.3
A47. Wages and prices,AT599,46
A47. Wages and prices,AU599,38
A47. Wages and prices,AV599,100
A47. Wages and prices,AW599,92.80074630951812
A47. Wages and prices,AX599,96.40037315475905
A47. Wages and prices,AY599,86.0944315809218
A47. Wages and prices,BA599,27.380204033786523
A47. Wages and prices,BB599,153.25142319676394
A47. Wages and prices,BG599,137.55667863967676
A47. Wages and prices,BH599,6.882266097135978
A47. Wages and prices,BI599,228
A47. Wages and prices,BJ599,205
A47. Wages and prices,BK599,178.2
A47. Wages and prices,BL599,123.3
A47. Wages and prices,BP599,214.781493740832
A47. Wages and prices,BZ599,6.083765529607548
A47. Wages and prices,CA599,296.9648805837349
A47. Wages and prices,A600,1802
A47. Wages and prices,B600,0.49332765975028503
A47. Wages and prices,C600,42.57543233018725
A47. Wages and prices,D600,1.2306232267072947
A47. Wages and prices,E600,-22.839506172839506
A47. Wages and prices,F600,1.5103532082809161
A47. Wages and prices,G600,1.1411160570093937
A47. Wages and prices,H600,1.0579614216019297
A47. Wages and prices,I600,1.8055325861344853
A47. Wages and prices,O600,1.2750386479549745
A47. Wages and prices,P600,1.2888898968500282
A47. Wages and prices,Q600,1.2804516312902525
A47. Wages and prices,R600,1.294333639163156
A47. Wages and prices,S600,44.04393700782756
A47. Wages and prices,T600,6.265354645929774
A47. Wages and prices,U600,4.907300810045885
A47. Wages and prices,W600,10.39
A47. Wages and prices,X600,5.21
A47. Wages and prices,Z600,17.8128856244792
A47. Wages and prices,AA600,20.85725961659339
A47. Wages and prices,AB600,33.86116532194139
A47. Wages and prices,AC600,21.501763434941946
A47. Wages and prices,AD600,0.43
A47. Wages and prices,AE600,27.883965816463146
A47. Wages and prices,AF600,27.359284672714168
A47. Wages and prices,AG600,36
A47. Wages and prices,AH600,23
A47. Wages and prices,AI600,19
A47. Wages and prices,AJ600,54
A47. Wages and prices,AK600,36
A47. Wages and prices,AL600,1.5
A47. Wages and prices,AM600,1.565217391304348
A47. Wages and prices,AN600,36
A47. Wages and prices,AO600,20
A47. Wages and prices,AP600,49
A47. Wages and prices,AQ600,30.76610220211357
A47. Wages and prices,AR600,157.1
A47. Wages and prices,AT600,47
A47. Wages and prices,AU600,38.99999999999999
A47. Wages and prices,AV600,102.17391304347827
A47. Wages and prices,AW600,95.66157730436447
A47. Wages and prices,AX600,98.91774517392136
A47. Wages and prices,AY600,90.14214608051066
A47. Wages and prices,BA600,26.888067480619892
A47. Wages and prices,BB600,150.49685544091855
A47. Wages and prices,BG600,111.00728650803462
A47. Wages and prices,BH600,5.183127873887022
A47. Wages and prices,BI600,174
A47. Wages and prices,BJ600,151
A47. Wages and prices,BK600,137.5
A47. Wages and prices,BL600,105.2
A47. Wages and prices,BP600,136.197196776416
A47. Wages and prices,BZ600,4.684499457797812
A47. Wages and prices,CA600,228.66295804947586
A47. Wages and prices,A601,1803
A47. Wages and prices,B601,0.5024342810951343
A47. Wages and prices,C601,43.15973492386745
A47. Wages and prices,D601,1.2136182512109757
A47. Wages and prices,E601,-1.3818181818181898
A47. Wages and prices,F601,1.421242368992342
A47. Wages and prices,G601,1.0737902096458394
A47. Wages and prices,H601,1.3393359567160612
A47. Wages and prices,I601,1.826465583450373
A47. Wages and prices,O601,1.2845207702555899
A47. Wages and prices,P601,1.2773536765670037
A47. Wages and prices,Q601,1.2893534558042898
A47. Wages and prices,R601,1.282131617714492
A47. Wages and prices,S601,43.71954536759748
A47. Wages and prices,T601,6.182170778425653
A47. Wages and prices,U601,5.170038818109533
A47. Wages and prices,W601,10.96
A47. Wages and prices,X601,5.54
A47. Wages and prices,Z601,18.379521941692268
A47. Wages and prices,AA601,28.53592359886062
A47. Wages and prices,AB601,33.86407750738125
A47. Wages and prices,AC601,22.853858197665694
A47. Wages and prices,AD601,0.43
A47. Wages and prices,AE601,28.636385325963623
A47. Wages and prices,AF601,28.415512274347908
A47. Wages and prices,AG601,39.5
A47. Wages and prices,AH601,26
A47. Wages and prices,AI601,19
A47. Wages and prices,AJ601,54
A47. Wages and prices,AK601,36
A47. Wages and prices,AL601,1.3670886075949367
A47. Wages and prices,AM601,1.3846153846153846
A47. Wages and prices,AN601,36
A47. Wages and prices,AO601,20
A47. Wages and prices,AP601,49
A47. Wages and prices,AQ601,31.336242810450113
A47. Wages and prices,AR601,160
A47. Wages and prices,AT601,48
A47. Wages and prices,AU601,38.99999999999999
A47. Wages and prices,AV601,104.34782608695652
A47. Wages and prices,AW601,99.94568484124224
A47. Wages and prices,AX601,102.14675546409939
A47. Wages and prices,AY601,91.39753106261638
A47. Wages and prices,BA601,27.257077651700055
A47. Wages and prices,BB601,152.56226495438798
A47. Wages and prices,BG601,106.76325010957531
A47. Wages and prices,BH601,5.016743418791427
A47. Wages and prices,BI601,156
A47. Wages and prices,BJ601,147
A47. Wages and prices,BK601,135.6
A47. Wages and prices,BL601,105.7
A47. Wages and prices,BP601,172.42008935484802
A47. Wages and prices,BZ601,4.408113989787741
A47. Wages and prices,CA601,215.17184352455678
A47. Wages and prices,A602,1804
A47. Wages and prices,B602,0.5256718665957842
A47. Wages and prices,C602,45.076112320004576
A47. Wages and prices,D602,1.297748129982238
A47. Wages and prices,E602,6.932153392330392
A47. Wages and prices,F602,1.4667221248000968
A47. Wages and prices,G602,1.1081514963545063
A47. Wages and prices,H602,1.3924280772984896
A47. Wages and prices,I602,1.836070135160015
A47. Wages and prices,O602,1.3678045413040227
A47. Wages and prices,P602,1.351352806641774
A47. Wages and prices,Q602,1.373752833176324
A47. Wages and prices,R602,1.3572001468768256
A47. Wages and prices,S602,46.162650111289565
A47. Wages and prices,T602,6.323172468137156
A47. Wages and prices,U602,5.30727696017514
A47. Wages and prices,W602,11.44
A47. Wages and prices,X602,5.83
A47. Wages and prices,Z602,19.244072801169093
A47. Wages and prices,AA602,27.6310729423021
A47. Wages and prices,AB602,36.06705309622676
A47. Wages and prices,AC602,23.029452771496967
A47. Wages and prices,AD602,0.43
A47. Wages and prices,AE602,29.88751079636524
A47. Wages and prices,AF602,29.68974085815449
A47. Wages and prices,AG602,39.5
A47. Wages and prices,AH602,26
A47. Wages and prices,AI602,19
A47. Wages and prices,AJ602,56
A47. Wages and prices,AK602,36
A47. Wages and prices,AL602,1.4177215189873418
A47. Wages and prices,AM602,1.3846153846153846
A47. Wages and prices,AN602,36
A47. Wages and prices,AO602,20
A47. Wages and prices,AP602,49
A47. Wages and prices,AQ602,32.78467654993138
A47. Wages and prices,AR602,167.4
A47. Wages and prices,AT602,49
A47. Wages and prices,AU602,39
A47. Wages and prices,AV602,106.5217391304348
A47. Wages and prices,AW602,101.27408291526928
A47. Wages and prices,AX602,103.89791102285204
A47. Wages and prices,AY602,88.85486930780905
A47. Wages and prices,BA602,28.46734568482429
A47. Wages and prices,BB602,159.33633056386867
A47. Wages and prices,BG602,110.37398163880951
A47. Wages and prices,BH602,5.369680141721477
A47. Wages and prices,BI602,161
A47. Wages and prices,BJ602,151
A47. Wages and prices,BK602,145
A47. Wages and prices,BL602,114.5
A47. Wages and prices,BP602,179.25493025414403
A47. Wages and prices,BZ602,4.549173637460949
A47. Wages and prices,CA602,222.0573425173426
A47. Wages and prices,A603,1805
A47. Wages and prices,B603,0.5608422662724436
A47. Wages and prices,C603,47.94555187838713
A47. Wages and prices,D603,1.4570579004214368
A47. Wages and prices,E603,12.275862068965523
A47. Wages and prices,F603,1.7043311090177127
A47. Wages and prices,G603,1.2876720387639364
A47. Wages and prices,H603,1.3311446106958005
A47. Wages and prices,I603,2.0127692595617734
A47. Wages and prices,O603,1.4088342384248114
A47. Wages and prices,P603,1.392986635221545
A47. Wages and prices,Q603,1.4161533852299348
A47. Wages and prices,R603,1.4001931128195777
A47. Wages and prices,S603,47.45150630895781
A47. Wages and prices,T603,6.439438106978088
A47. Wages and prices,U603,5.35941545672667
A47. Wages and prices,W603,11.36
A47. Wages and prices,X603,5.83
A47. Wages and prices,Z603,19.99597707133533
A47. Wages and prices,AA603,27.30107751137619
A47. Wages and prices,AB603,36.792307647247604
A47. Wages and prices,AC603,24.874544019443487
A47. Wages and prices,AD603,0.43
A47. Wages and prices,AE603,31.141877066988307
A47. Wages and prices,AF603,30.963564772924066
A47. Wages and prices,AG603,39.5
A47. Wages and prices,AH603,26
A47. Wages and prices,AI603,19
A47. Wages and prices,AJ603,60
A47. Wages and prices,AK603,38
A47. Wages and prices,AL603,1.518987341772152
A47. Wages and prices,AM603,1.4615384615384615
A47. Wages and prices,AN603,36
A47. Wages and prices,AO603,20
A47. Wages and prices,AP603,59
A47. Wages and prices,AQ603,34.97600021651672
A47. Wages and prices,AR603,178.6
A47. Wages and prices,AT603,50
A47. Wages and prices,AU603,40
A47. Wages and prices,AV603,108.69565217391303
A47. Wages and prices,AW603,116.53851345297606
A47. Wages and prices,AX603,112.61708281344454
A47. Wages and prices,AY603,90.27192199631276
A47. Wages and prices,BA603,30.279510124611928
A47. Wages and prices,BB603,169.47930755269337
A47. Wages and prices,BG603,122.19159159032834
A47. Wages and prices,BH603,6.181434604460592
A47. Wages and prices,BI603,187
A47. Wages and prices,BJ603,174
A47. Wages and prices,BK603,162.8
A47. Wages and prices,BL603,120.9
A47. Wages and prices,BP603,171.36557229684803
A47. Wages and prices,BZ603,5.286139766729623
A47. Wages and prices,CA603,258.0306320051521
A47. Wages and prices,A604,1806
A47. Wages and prices,B604,0.5661806305090794
A47. Wages and prices,C604,48.351229268092325
A47. Wages and prices,D604,1.4015679803808168
A47. Wages and prices,E604,-3.8083538083538144
A47. Wages and prices,F604,1.629340540220933
A47. Wages and prices,G604,1.2310144690583231
A47. Wages and prices,H604,1.1977633618825159
A47. Wages and prices,I604,1.987280256947721
A47. Wages and prices,O604,1.433288874294819
A47. Wages and prices,P604,1.4047821982010553
A47. Wages and prices,Q604,1.4406132836653558
A47. Wages and prices,R604,1.4119303400515546
A47. Wages and prices,S604,47.866813133192395
A47. Wages and prices,T604,6.223696160352476
A47. Wages and prices,U604,5.1016407645799084
A47. Wages and prices,W604,11.84
A47. Wages and prices,X604,6.13
A47. Wages and prices,Z604,20.100468171095976
A47. Wages and prices,AA604,27.019393087930442
A47. Wages and prices,AB604,37.440042696248724
A47. Wages and prices,AC604,25.644880267846116
A47. Wages and prices,AD604,0.43
A47. Wages and prices,AE604,31.667758955283567
A47. Wages and prices,AF604,31.536138035517556
A47. Wages and prices,AG604,39.5
A47. Wages and prices,AH604,26
A47. Wages and prices,AI604,19
A47. Wages and prices,AJ604,60
A47. Wages and prices,AK604,39
A47. Wages and prices,AL604,1.518987341772152
A47. Wages and prices,AM604,1.5
A47. Wages and prices,AN604,48
A47. Wages and prices,AO604,32
A47. Wages and prices,AP604,65
A47. Wages and prices,AQ604,35.30162857063505
A47. Wages and prices,AR604,180.3
A47. Wages and prices,AT604,50
A47. Wages and prices,AU604,40.00000000000001
A47. Wages and prices,AV604,108.69565217391303
A47. Wages and prices,AW604,115.87209870383381
A47. Wages and prices,AX604,112.28387543887342
A47. Wages and prices,AY604,89.15619746113157
A47. Wages and prices,BA604,30.535711422702356
A47. Wages and prices,BB604,170.91330758822144
A47. Wages and prices,BG604,120.9037486603353
A47. Wages and prices,BH604,5.788162256052821
A47. Wages and prices,BI604,184
A47. Wages and prices,BJ604,165
A47. Wages and prices,BK604,156.6
A47. Wages and prices,BL604,117.7
A47. Wages and prices,BP604,154.194670012528
A47. Wages and prices,BZ604,5.053549616993519
A47. Wages and prices,CA604,246.67728419692537
A47. Wages and prices,A605,1807
A47. Wages and prices,B605,0.5690068233402394
A47. Wages and prices,C605,48.585887808021134
A47. Wages and prices,D605,1.3899329971464933
A47. Wages and prices,E605,-0.8301404853128957
A47. Wages and prices,F605,1.5983830699567352
A47. Wages and prices,G605,1.207625194146215
A47. Wages and prices,H605,1.3441934247362857
A47. Wages and prices,I605,1.9390112278428508
A47. Wages and prices,O605,1.4389499133529684
A47. Wages and prices,P605,1.4224922408839151
A47. Wages and prices,Q605,1.4472625338801426
A47. Wages and prices,R605,1.4306787890479267
A47. Wages and prices,S605,48.36302941662642
A47. Wages and prices,T605,5.886209141296555
A47. Wages and prices,U605,5.012189326508355
A47. Wages and prices,W605,11.2
A47. Wages and prices,X605,5.84
A47. Wages and prices,Z605,19.63587218364989
A47. Wages and prices,AA605,26.94372605186391
A47. Wages and prices,AB605,38.00766279890515
A47. Wages and prices,AC605,27.160832448003056
A47. Wages and prices,AD605,0.43
A47. Wages and prices,AE605,32.109487846915584
A47. Wages and prices,AF605,32.068607615819225
A47. Wages and prices,AG605,43
A47. Wages and prices,AH605,29
A47. Wages and prices,AI605,19
A47. Wages and prices,AJ605,60
A47. Wages and prices,AK605,39
A47. Wages and prices,AL605,1.3953488372093024
A47. Wages and prices,AM605,1.3448275862068966
A47. Wages and prices,AN605,48
A47. Wages and prices,AO605,32
A47. Wages and prices,AP605,66
A47. Wages and prices,AQ605,35.48685899409536
A47. Wages and prices,AR605,181.2
A47. Wages and prices,AT605,50
A47. Wages and prices,AU605,40.00000000000001
A47. Wages and prices,AV605,108.69565217391303
A47. Wages and prices,AW605,115.63742074274265
A47. Wages and prices,AX605,112.16653645832784
A47. Wages and prices,AY605,88.6206613540876
A47. Wages and prices,BA605,30.683907560972358
A47. Wages and prices,BB605,171.74278530409666
A47. Wages and prices,BG605,123.01562323038821
A47. Wages and prices,BH605,5.525980690447642
A47. Wages and prices,BI605,186
A47. Wages and prices,BJ605,158
A47. Wages and prices,BK605,155.3
A47. Wages and prices,BL605,114.6
A47. Wages and prices,BP605,173.045417948384
A47. Wages and prices,BZ605,4.957532174270642
A47. Wages and prices,CA605,241.99041579718377
A47. Wages and prices,A606,1808
A47. Wages and prices,B606,0.5708909518943462
A47. Wages and prices,C606,48.7515157039942
A47. Wages and prices,D606,1.4642178901040972
A47. Wages and prices,E606,5.344494526722471
A47. Wages and prices,F606,1.6527280943352642
A47. Wages and prices,G606,1.2486844507471864
A47. Wages and prices,H606,1.6092419728427083
A47. Wages and prices,I606,2.135535132055539
A47. Wages and prices,O606,1.4735616107064828
A47. Wages and prices,P606,1.4420202744433737
A47. Wages and prices,Q606,1.4813842059574724
A47. Wages and prices,R606,1.4496440188514408
A47. Wages and prices,S606,49.103229585924126
A47. Wages and prices,T606,5.711614821741941
A47. Wages and prices,U606,5.839378124059961
A47. Wages and prices,W606,12.17
A47. Wages and prices,X606,6.39
A47. Wages and prices,Z606,20.88754622339076
A47. Wages and prices,AA606,28.589673056892668
A47. Wages and prices,AB606,39.630609704221186
A47. Wages and prices,AC606,26.41552622859257
A47. Wages and prices,AD606,0.43
A47. Wages and prices,AE606,33.07048754196313
A47. Wages and prices,AF606,33.079259649361475
A47. Wages and prices,AG606,43
A47. Wages and prices,AH606,29
A47. Wages and prices,AI606,19
A47. Wages and prices,AJ606,60
A47. Wages and prices,AK606,36
A47. Wages and prices,AL606,1.3953488372093024
A47. Wages and prices,AM606,1.2413793103448276
A47. Wages and prices,AN606,48
A47. Wages and prices,AO606,32
A47. Wages and prices,AP606,66
A47. Wages and prices,AQ606,35.604074598081425
A47. Wages and prices,AR606,181.8
A47. Wages and prices,AT606,50
A47. Wages and prices,AU606,40.00000000000001
A47. Wages and prices,AV606,108.69565217391303
A47. Wages and prices,AW606,112.86820099794514
A47. Wages and prices,AX606,110.78192658592909
A47. Wages and prices,AY606,87.2378402319543
A47. Wages and prices,BA606,30.788508120493614
A47. Wages and prices,BB606,172.3282515261171
A47. Wages and prices,BG606,125.97828730942479
A47. Wages and prices,BH606,5.8688335070082625
A47. Wages and prices,BI606,204
A47. Wages and prices,BJ606,169
A47. Wages and prices,BK606,163.6
A47. Wages and prices,BL606,121.2
A47. Wages and prices,BP606,207.166576361792
A47. Wages and prices,BZ606,5.1260882681958435
A47. Wages and prices,CA606,250.21808993428803
A47. Wages and prices,A607,1809
A47. Wages and prices,B607,0.5840798517730935
A47. Wages and prices,C607,49.77105385477486
A47. Wages and prices,D607,1.5957827005229863
A47. Wages and prices,E607,8.985330073349644
A47. Wages and prices,F607,1.8130427194857848
A47. Wages and prices,G607,1.3698068424696634
A47. Wages and prices,H607,1.5410827066938475
A47. Wages and prices,I607,2.2900699063581222
A47. Wages and prices,O607,1.5622723761316728
A47. Wages and prices,P607,1.5505070964360876
A47. Wages and prices,Q607,1.5722625082154862
A47. Wages and prices,R607,1.5603881850540684
A47. Wages and prices,S607,52.60723865193516
A47. Wages and prices,T607,5.724670277503752
A47. Wages and prices,U607,6.510714469363245
A47. Wages and prices,W607,11.92
A47. Wages and prices,X607,6.31
A47. Wages and prices,Z607,22.112125138858524
A47. Wages and prices,AA607,29.21954313048207
A47. Wages and prices,AB607,40.08903245338021
A47. Wages and prices,AC607,26.470686528496195
A47. Wages and prices,AD607,0.43
A47. Wages and prices,AE607,33.89633475007792
A47. Wages and prices,AF607,33.51639340075498
A47. Wages and prices,AG607,43
A47. Wages and prices,AH607,29
A47. Wages and prices,AI607,19
A47. Wages and prices,AJ607,66
A47. Wages and prices,AK607,39
A47. Wages and prices,AL607,1.5348837209302326
A47. Wages and prices,AM607,1.3448275862068966
A47. Wages and prices,AN607,48
A47. Wages and prices,AO607,32
A47. Wages and prices,AP607,66
A47. Wages and prices,AQ607,36.424392180961824
A47. Wages and prices,AR607,186
A47. Wages and prices,AT607,50
A47. Wages and prices,AU607,40
A47. Wages and prices,AV607,108.69565217391303
A47. Wages and prices,AW607,112.14383887701975
A47. Wages and prices,AX607,110.4197455254664
A47. Wages and prices,AY607,84.98918568206811
A47. Wages and prices,BA607,31.432386740084745
A47. Wages and prices,BB607,175.93214413029733
A47. Wages and prices,BG607,136.92916491838764
A47. Wages and prices,BH607,6.610000625161367
A47. Wages and prices,BI607,212
A47. Wages and prices,BJ607,192
A47. Wages and prices,BK607,178.3
A47. Wages and prices,BL607,128.8
A47. Wages and prices,BP607,198.392058884816
A47. Wages and prices,BZ607,5.62331883021084
A47. Wages and prices,CA607,274.48924465791396
A47. Wages and prices,A608,1810
A47. Wages and prices,B608,0.5972687516518408
A47. Wages and prices,C608,50.78629883173005
A47. Wages and prices,D608,1.6145776734399706
A47. Wages and prices,E608,1.1777902411665906
A47. Wages and prices,F608,1.8710600865093299
A47. Wages and prices,G608,1.4136406614286927
A47. Wages and prices,H608,1.468704793080464
A47. Wages and prices,I608,2.2670436093106447
A47. Wages and prices,O608,1.6175218544232304
A47. Wages and prices,P608,1.6169203891586155
A47. Wages and prices,Q608,1.6294768806608484
A47. Wages and prices,R608,1.6288356779207862
A47. Wages and prices,S608,54.67865533217836
A47. Wages and prices,T608,5.73581869496739
A47. Wages and prices,U608,6.082638679792259
A47. Wages and prices,W608,11.92
A47. Wages and prices,X608,6.15
A47. Wages and prices,Z608,21.96370035754741
A47. Wages and prices,AA608,30.17701888697213
A47. Wages and prices,AB608,41.456504447149364
A47. Wages and prices,AC608,27.84585025889701
A47. Wages and prices,AD608,0.42
A47. Wages and prices,AE608,34.8551899589167
A47. Wages and prices,AF608,34.410353160034205
A47. Wages and prices,AG608,48
A47. Wages and prices,AH608,32
A47. Wages and prices,AI608,19
A47. Wages and prices,AJ608,72
A47. Wages and prices,AK608,42
A47. Wages and prices,AL608,1.5
A47. Wages and prices,AM608,1.3125
A47. Wages and prices,AN608,48
A47. Wages and prices,AO608,32
A47. Wages and prices,AP608,66
A47. Wages and prices,AQ608,37.25025577655764
A47. Wages and prices,AR608,190.2
A47. Wages and prices,AT608,50
A47. Wages and prices,AU608,40
A47. Wages and prices,AV608,108.69565217391303
A47. Wages and prices,AW608,119.14301806993403
A47. Wages and prices,AX608,113.91933512192352
A47. Wages and prices,AY608,85.74657844789458
A47. Wages and prices,BA608,32.07355405080108
A47. Wages and prices,BB608,179.52086110089658
A47. Wages and prices,BG608,139.8768967078976
A47. Wages and prices,BH608,6.801594846180538
A47. Wages and prices,BI608,207
A47. Wages and prices,BJ608,203
A47. Wages and prices,BK608,180.4
A47. Wages and prices,BL608,134.3
A47. Wages and prices,BP608,189.07445170048004
A47. Wages and prices,BZ608,5.8032650327775865
A47. Wages and prices,CA608,283.2729004869672
A47. Wages and prices,A609,1811
A47. Wages and prices,B609,0.5988388587802631
A47. Wages and prices,C609,50.84699520283413
A47. Wages and prices,D609,1.6405326360396155
A47. Wages and prices,E609,1.6075388026607556
A47. Wages and prices,F609,1.8167993440005592
A47. Wages and prices,G609,1.3726450822472607
A47. Wages and prices,H609,1.580392679590459
A47. Wages and prices,I609,2.1480949304450707
A47. Wages and prices,O609,1.5632811940426101
A47. Wages and prices,P609,1.5597613480264019
A47. Wages and prices,Q609,1.5737420786339547
A47. Wages and prices,R609,1.5701646582974416
A47. Wages and prices,S609,52.868830118419346
A47. Wages and prices,T609,5.523189414548725
A47. Wages and prices,U609,5.600846957877495
A47. Wages and prices,W609,12.73
A47. Wages and prices,X609,6.39
A47. Wages and prices,Z609,22.802726380146336
A47. Wages and prices,AA609,27.80441916110928
A47. Wages and prices,AB609,43.126721439822354
A47. Wages and prices,AC609,30.02838052591249
A47. Wages and prices,AD609,0.42
A47. Wages and prices,AE609,36.593131015432135
A47. Wages and prices,AF609,36.10633419821317
A47. Wages and prices,AG609,48
A47. Wages and prices,AH609,32
A47. Wages and prices,AI609,19
A47. Wages and prices,AJ609,62
A47. Wages and prices,AK609,42
A47. Wages and prices,AL609,1.2916666666666667
A47. Wages and prices,AM609,1.3125
A47. Wages and prices,AN609,48
A47. Wages and prices,AO609,32
A47. Wages and prices,AP609,68
A47. Wages and prices,AQ609,37.33448538123735
A47. Wages and prices,AR609,190.7
A47. Wages and prices,AT609,50
A47. Wages and prices,AU609,40
A47. Wages and prices,AV609,108.69565217391303
A47. Wages and prices,AW609,121.2799532232948
A47. Wages and prices,AX609,114.98780269860391
A47. Wages and prices,AY609,86.32388002301637
A47. Wages and prices,BA609,32.11188620699431
A47. Wages and prices,BB609,179.73541236879674
A47. Wages and prices,BG609,135.69980545103965
A47. Wages and prices,BH609,6.8873080503206925
A47. Wages and prices,BI609,206
A47. Wages and prices,BJ609,192
A47. Wages and prices,BK609,183.3
A47. Wages and prices,BL609,133.4
A47. Wages and prices,BP609,203.452648056176
A47. Wages and prices,BZ609,5.6349703468270365
A47. Wages and prices,CA609,275.05798637284516
A47. Wages and prices,A610,1812
A47. Wages and prices,B610,0.6123417800846949
A47. Wages and prices,C610,51.9455533416797
A47. Wages and prices,D610,1.821322375526796
A47. Wages and prices,E610,11.020185488270585
A47. Wages and prices,F610,2.0566168574086334
A47. Wages and prices,G610,1.5538342331038992
A47. Wages and prices,H610,2.0139082022863257
A47. Wages and prices,I610,2.418869407489995
A47. Wages and prices,O610,1.6583135985849278
A47. Wages and prices,P610,1.661240473806852
A47. Wages and prices,Q610,1.6697598820918482
A47. Wages and prices,R610,1.6726707178200324
A47. Wages and prices,S610,56.269033589705515
A47. Wages and prices,T610,5.124124454797199
A47. Wages and prices,U610,6.005105887365519
A47. Wages and prices,W610,12.89
A47. Wages and prices,X610,6.3
A47. Wages and prices,Z610,24.747936378402457
A47. Wages and prices,AA610,30.342457541612355
A47. Wages and prices,AB610,44.13198451416954
A47. Wages and prices,AC610,29.95954441225939
A47. Wages and prices,AD610,0.42
A47. Wages and prices,AE610,37.92616094579809
A47. Wages and prices,AF610,37.14564127605771
A47. Wages and prices,AG610,48
A47. Wages and prices,AH610,32
A47. Wages and prices,AI610,19
A47. Wages and prices,AJ610,72
A47. Wages and prices,AK610,42
A47. Wages and prices,AL610,1.5
A47. Wages and prices,AM610,1.3125
A47. Wages and prices,AN610,48
A47. Wages and prices,AO610,32
A47. Wages and prices,AP610,68
A47. Wages and prices,AQ610,38.17921480868302
A47. Wages and prices,AR610,195
A47. Wages and prices,AT610,50
A47. Wages and prices,AU610,40.00000000000001
A47. Wages and prices,AV610,108.69565217391303
A47. Wages and prices,AW610,119.10774522030889
A47. Wages and prices,AX610,113.90169869711096
A47. Wages and prices,AY610,83.6229453469409
A47. Wages and prices,BA610,32.80566907077325
A47. Wages and prices,BB610,183.61862708598616
A47. Wages and prices,BG610,151.02776501123165
A47. Wages and prices,BH610,7.6889786066903785
A47. Wages and prices,BI610,237
A47. Wages and prices,BJ610,223
A47. Wages and prices,BK610,203.5
A47. Wages and prices,BL610,144.4
A47. Wages and prices,BP610,259.261487343376
A47. Wages and prices,BZ610,6.378786432608206
A47. Wages and prices,CA610,311.36564057406076
A47. Wages and prices,A611,1813
A47. Wages and prices,B611,0.611713737233326
A47. Wages and prices,C611,51.92600054144573
A47. Wages and prices,D611,1.8329573587611194
A47. Wages and prices,E611,0.6388206388206328
A47. Wages and prices,F611,2.108032278843849
A47. Wages and prices,G611,1.5926800889314967
A47. Wages and prices,H611,1.5215856266916683
A47. Wages and prices,I611,2.4955826858888077
A47. Wages and prices,O611,1.6923325362648638
A47. Wages and prices,P611,1.6993089134369128
A47. Wages and prices,Q611,1.705102710958811
A47. Wages and prices,R611,1.7120946351349875
A47. Wages and prices,S611,57.43512343782237
A47. Wages and prices,T611,5.567261215985776
A47. Wages and prices,U611,6.6089443783059325
A47. Wages and prices,W611,15.47
A47. Wages and prices,X611,7.35
A47. Wages and prices,Z611,25.696199636179365
A47. Wages and prices,AA611,31.45963107272738
A47. Wages and prices,AB611,45.19225813640358
A47. Wages and prices,AC611,31.119385469774542
A47. Wages and prices,AD611,0.42
A47. Wages and prices,AE611,39.17069631559549
A47. Wages and prices,AF611,38.970168997102384
A47. Wages and prices,AG611,48
A47. Wages and prices,AH611,32
A47. Wages and prices,AI611,19
A47. Wages and prices,AJ611,72
A47. Wages and prices,AK611,45
A47. Wages and prices,AL611,1.5
A47. Wages and prices,AM611,1.40625
A47. Wages and prices,AN611,48
A47. Wages and prices,AO611,32
A47. Wages and prices,AP611,69
A47. Wages and prices,AQ611,38.135157942593594
A47. Wages and prices,AR611,194.8
A47. Wages and prices,AT611,49
A47. Wages and prices,AU611,40
A47. Wages and prices,AV611,106.5217391304348
A47. Wages and prices,AW611,108.20686455668682
A47. Wages and prices,AX611,107.36430184356081
A47. Wages and prices,AY611,78.90432741164932
A47. Wages and prices,BA611,32.793320704982186
A47. Wages and prices,BB611,183.54951128870064
A47. Wages and prices,BG611,154.6325225819845
A47. Wages and prices,BH611,7.537720011148928
A47. Wages and prices,BI611,243
A47. Wages and prices,BJ611,217
A47. Wages and prices,BK611,204.8
A47. Wages and prices,BL611,147
A47. Wages and prices,BP611,195.88209246505602
A47. Wages and prices,BZ611,6.538256093423411
A47. Wages and prices,CA611,319.1497815884123
A47. Wages and prices,A612,1814
A47. Wages and prices,B612,0.6029211373141611
A47. Wages and prices,C612,51.152058957782735
A47. Wages and prices,D612,1.646797627011943
A47. Wages and prices,E612,-10.156250000000014
A47. Wages and prices,F612,1.8403121794306805
A47. Wages and prices,G612,1.3904097176371968
A47. Wages and prices,H612,1.5608565411450883
A47. Wages and prices,I612,2.2711070734954943
A47. Wages and prices,O612,1.6523876216788123
A47. Wages and prices,P612,1.6366023515728212
A47. Wages and prices,Q612,1.663406111027818
A47. Wages and prices,R612,1.647479885178991
A47. Wages and prices,S612,55.477644486449734
A47. Wages and prices,T612,5.923290970169206
A47. Wages and prices,U612,6.922215836870355
A47. Wages and prices,W612,17
A47. Wages and prices,X612,7.84
A47. Wages and prices,Z612,24.30808732944209
A47. Wages and prices,AA612,32.670034142788715
A47. Wages and prices,AB612,45.99509645487622
A47. Wages and prices,AC612,30.409770414815846
A47. Wages and prices,AD612,0.42
A47. Wages and prices,AE612,38.47620809249131
A47. Wages and prices,AF612,38.42250926976746
A47. Wages and prices,AG612,48
A47. Wages and prices,AH612,32
A47. Wages and prices,AI612,19
A47. Wages and prices,AJ612,72
A47. Wages and prices,AK612,45
A47. Wages and prices,AL612,1.5
A47. Wages and prices,AM612,1.40625
A47. Wages and prices,AN612,48
A47. Wages and prices,AO612,32
A47. Wages and prices,AP612,69
A47. Wages and prices,AQ612,37.59769435030075
A47. Wages and prices,AR612,192
A47. Wages and prices,AT612,49
A47. Wages and prices,AU612,39
A47. Wages and prices,AV612,106.5217391304348
A47. Wages and prices,AW612,117.9309911484503
A47. Wages and prices,AX612,112.22636513944255
A47. Wages and prices,AY612,83.68035975358464
A47. Wages and prices,BA612,32.30454601994314
A47. Wages and prices,BB612,180.81376045162315
A47. Wages and prices,BG612,138.83251596982697
A47. Wages and prices,BH612,6.529329374205928
A47. Wages and prices,BI612,209
A47. Wages and prices,BJ612,188
A47. Wages and prices,BK612,184
A47. Wages and prices,BL612,129.2
A47. Wages and prices,BP612,200.937653428048
A47. Wages and prices,BZ612,5.7078975695586385
A47. Wages and prices,CA612,278.61775932668394
A47. Wages and prices,A613,1815
A47. Wages and prices,B613,0.5765433375566665
A47. Wages and prices,C613,48.93799175139393
A47. Wages and prices,D613,1.40962296877381
A47. Wages and prices,E613,-14.402173913043484
A47. Wages and prices,F613,1.6433987762315976
A47. Wages and prices,G613,1.2416358778500167
A47. Wages and prices,H613,1.266392452272967
A47. Wages and prices,I613,1.9200483949802234
A47. Wages and prices,O613,1.540647945023892
A47. Wages and prices,P613,1.529166943167308
A47. Wages and prices,Q613,1.5509565295215813
A47. Wages and prices,R613,1.5393653539525318
A47. Wages and prices,S613,51.83185018366545
A47. Wages and prices,T613,5.043584731939013
A47. Wages and prices,U613,5.95417869446504
A47. Wages and prices,W613,14.91
A47. Wages and prices,X613,6.68
A47. Wages and prices,Z613,22.83974241422316
A47. Wages and prices,AA613,33.58115581138189
A47. Wages and prices,AB613,45.39435653843768
A47. Wages and prices,AC613,31.473658314487164
A47. Wages and prices,AD613,0.42
A47. Wages and prices,AE613,37.86450215274533
A47. Wages and prices,AF613,37.964654038920486
A47. Wages and prices,AG613,48
A47. Wages and prices,AH613,32
A47. Wages and prices,AI613,19
A47. Wages and prices,AJ613,66
A47. Wages and prices,AK613,45
A47. Wages and prices,AL613,1.375
A47. Wages and prices,AM613,1.40625
A47. Wages and prices,AN613,48
A47. Wages and prices,AO613,32
A47. Wages and prices,AP613,65
A47. Wages and prices,AQ613,35.94498518874824
A47. Wages and prices,AR613,183.6
A47. Wages and prices,AT613,49
A47. Wages and prices,AU613,39
A47. Wages and prices,AV613,106.5217391304348
A47. Wages and prices,AW613,116.00526563758764
A47. Wages and prices,AX613,111.26350238401122
A47. Wages and prices,AY613,86.7580775821443
A47. Wages and prices,BA613,30.906275111257617
A47. Wages and prices,BB613,172.9874123898533
A47. Wages and prices,BG613,128.38452539891122
A47. Wages and prices,BH613,5.4049738140144825
A47. Wages and prices,BI613,191
A47. Wages and prices,BJ613,161
A47. Wages and prices,BK613,157.5
A47. Wages and prices,BL613,116.4
A47. Wages and prices,BP613,163.02967055001602
A47. Wages and prices,BZ613,5.097152529615864
A47. Wages and prices,CA613,248.80565907872875
A47. Wages and prices,A614,1816
A47. Wages and prices,B614,0.5680647590631862
A47. Wages and prices,C614,48.104233383489905
A47. Wages and prices,D614,1.5438727753236967
A47. Wages and prices,E614,9.523809523809518
A47. Wages and prices,F614,1.5053532790281434
A47. Wages and prices,G614,1.1373384641106152
A47. Wages and prices,H614,1.2496273355361731
A47. Wages and prices,I614,1.7527075517314508
A47. Wages and prices,O614,1.4446132125931384
A47. Wages and prices,P614,1.434832487698359
A47. Wages and prices,Q614,1.451914894444803
A47. Wages and prices,R614,1.4420534886045628
A47. Wages and prices,S614,48.8991406193407
A47. Wages and prices,T614,4.672540709310894
A47. Wages and prices,U614,4.941762886511604
A47. Wages and prices,W614,13.62
A47. Wages and prices,X614,5.91
A47. Wages and prices,Z614,21.452069199274337
A47. Wages and prices,AA614,33.037460049849976
A47. Wages and prices,AB614,44.28131443409432
A47. Wages and prices,AC614,30.54169966577319
A47. Wages and prices,AD614,0.42
A47. Wages and prices,AE614,36.44922341621667
A47. Wages and prices,AF614,36.621261431652584
A47. Wages and prices,AG614,48
A47. Wages and prices,AH614,32
A47. Wages and prices,AI614,19
A47. Wages and prices,AJ614,66
A47. Wages and prices,AK614,42
A47. Wages and prices,AL614,1.375
A47. Wages and prices,AM614,1.3125
A47. Wages and prices,AN614,48
A47. Wages and prices,AO614,32
A47. Wages and prices,AP614,65
A47. Wages and prices,AQ614,35.42020126248979
A47. Wages and prices,AR614,180.9
A47. Wages and prices,AT614,48
A47. Wages and prices,AU614,38
A47. Wages and prices,AV614,104.34782608695652
A47. Wages and prices,AW614,114.55641856768798
A47. Wages and prices,AX614,109.45212232732226
A47. Wages and prices,AY614,86.61946373931413
A47. Wages and prices,BA614,30.379723763877887
A47. Wages and prices,BB614,170.04021947366675
A47. Wages and prices,BG614,124.94555999746684
A47. Wages and prices,BH614,6.095721400320438
A47. Wages and prices,BI614,172
A47. Wages and prices,BJ614,177
A47. Wages and prices,BK614,172.5
A47. Wages and prices,BL614,127.5
A47. Wages and prices,BP614,160.871404798016
A47. Wages and prices,BZ614,4.668991717128132
A47. Wages and prices,CA614,227.90598371611554
A47. Wages and prices,A615,1817
A47. Wages and prices,B615,0.5595861805697058
A47. Wages and prices,C615,47.30179379902937
A47. Wages and prices,D615,1.5590877533993504
A47. Wages and prices,E615,0.9855072463767982
A47. Wages and prices,F615,1.7085759716969429
A47. Wages and prices,G615,1.2908791567655484
A47. Wages and prices,H615,1.6817739153468851
A47. Wages and prices,I615,1.9483695089958373
A47. Wages and prices,O615,1.4746933527886645
A47. Wages and prices,P615,1.4807105458201746
A47. Wages and prices,Q615,1.4827677363953908
A47. Wages and prices,R615,1.48878561774184
A47. Wages and prices,S615,50.39239840492393
A47. Wages and prices,T615,4.643086428304455
A47. Wages and prices,U615,5.172388941845874
A47. Wages and prices,W615,12.89
A47. Wages and prices,X615,5.42
A47. Wages and prices,Z615,22.805257623255926
A47. Wages and prices,AA615,32.21940693012606
A47. Wages and prices,AB615,42.77298843408515
A47. Wages and prices,AC615,29.46590852927537
A47. Wages and prices,AD615,0.42
A47. Wages and prices,AE615,36.28550570697112
A47. Wages and prices,AF615,36.27834219163835
A47. Wages and prices,AG615,48
A47. Wages and prices,AH615,32
A47. Wages and prices,AI615,19
A47. Wages and prices,AJ615,66
A47. Wages and prices,AK615,40
A47. Wages and prices,AL615,1.375
A47. Wages and prices,AM615,1.25
A47. Wages and prices,AN615,48
A47. Wages and prices,AO615,32
A47. Wages and prices,AP615,65
A47. Wages and prices,AQ615,34.90105096173323
A47. Wages and prices,AR615,178.2
A47. Wages and prices,AT615,48
A47. Wages and prices,AU615,37
A47. Wages and prices,AV615,104.34782608695652
A47. Wages and prices,AW615,107.73173611040554
A47. Wages and prices,AX615,106.03978109868103
A47. Wages and prices,AY615,85.19046587056715
A47. Wages and prices,BA615,29.872951465507175
A47. Wages and prices,BB615,167.20373308860655
A47. Wages and prices,BG615,135.60040383918405
A47. Wages and prices,BH615,6.413364450957482
A47. Wages and prices,BI615,189
A47. Wages and prices,BJ615,183
A47. Wages and prices,BK615,174.2
A47. Wages and prices,BL615,129.6
A47. Wages and prices,BP615,216.50401253300802
A47. Wages and prices,BZ615,5.299305598940431
A47. Wages and prices,CA615,258.67329151779114
A47. Wages and prices,A616,1818
A47. Wages and prices,B616,0.547339344968012
A47. Wages and prices,C616,46.214460462755305
A47. Wages and prices,D616,1.5214978075653822
A47. Wages and prices,E616,-2.4110218140068724
A47. Wages and prices,F616,1.7137016996120336
A47. Wages and prices,G616,1.294751794235845
A47. Wages and prices,H616,1.2561515574279993
A47. Wages and prices,I616,2.050079248895386
A47. Wages and prices,O616,1.5336482258103519
A47. Wages and prices,P616,1.5342322153219579
A47. Wages and prices,Q616,1.542491056258783
A47. Wages and prices,R616,1.543044979740682
A47. Wages and prices,S616,52.1636271719268
A47. Wages and prices,T616,4.954793403403972
A47. Wages and prices,U616,5.432587092515841
A47. Wages and prices,W616,12.33
A47. Wages and prices,X616,5.02
A47. Wages and prices,Z616,22.08315513678711
A47. Wages and prices,AA616,33.702906188689006
A47. Wages and prices,AB616,42.17757965236861
A47. Wages and prices,AC616,28.74911407540348
A47. Wages and prices,AD616,0.42
A47. Wages and prices,AE616,35.4653951938185
A47. Wages and prices,AF616,35.52890864888401
A47. Wages and prices,AG616,48
A47. Wages and prices,AH616,32
A47. Wages and prices,AI616,19
A47. Wages and prices,AJ616,66
A47. Wages and prices,AK616,42
A47. Wages and prices,AL616,1.375
A47. Wages and prices,AM616,1.3125
A47. Wages and prices,AN616,48
A47. Wages and prices,AO616,32
A47. Wages and prices,AP616,65
A47. Wages and prices,AQ616,34.12573694553412
A47. Wages and prices,AR616,174.3
A47. Wages and prices,AT616,47
A47. Wages and prices,AU616,36
A47. Wages and prices,AV616,102.17391304347827
A47. Wages and prices,AW616,101.20960188886349
A47. Wages and prices,AX616,101.69175746617088
A47. Wages and prices,AY616,83.52533694577286
A47. Wages and prices,BA616,29.186257507993677
A47. Wages and prices,BB616,163.36019612446623
A47. Wages and prices,BG616,135.1571316515174
A47. Wages and prices,BH616,5.979756477071992
A47. Wages and prices,BI616,194
A47. Wages and prices,BJ616,176
A47. Wages and prices,BK616,170
A47. Wages and prices,BL616,126.3
A47. Wages and prices,BP616,161.711303791184
A47. Wages and prices,BZ616,5.3152035157372515
A47. Wages and prices,CA616,259.4493113923445
A47. Wages and prices,A617,1819
A47. Wages and prices,B617,0.543257066434114
A47. Wages and prices,C617,45.78924032849325
A47. Wages and prices,D617,1.4588478978421018
A47. Wages and prices,E617,-4.117647058823536
A47. Wages and prices,F617,1.6708591571217326
A47. Wages and prices,G617,1.262382999379949
A47. Wages and prices,H617,1.2472681649287025
A47. Wages and prices,I617,1.8930817690262274
A47. Wages and prices,O617,1.455553785914361
A47. Wages and prices,P617,1.4457575199768347
A47. Wages and prices,Q617,1.4622581633148308
A47. Wages and prices,R617,1.4523853062113958
A47. Wages and prices,S617,49.34439337623297
A47. Wages and prices,T617,4.5195058476727565
A47. Wages and prices,U617,4.509006367819354
A47. Wages and prices,W617,12.33
A47. Wages and prices,X617,4.85
A47. Wages and prices,Z617,22.389656904480574
A47. Wages and prices,AA617,33.880413369330455
A47. Wages and prices,AB617,43.40144745292079
A47. Wages and prices,AC617,28.214949229379247
A47. Wages and prices,AD617,0.42
A47. Wages and prices,AE617,35.858253942737214
A47. Wages and prices,AF617,35.91129157548122
A47. Wages and prices,AG617,48
A47. Wages and prices,AH617,32
A47. Wages and prices,AI617,19
A47. Wages and prices,AJ617,60
A47. Wages and prices,AK617,36
A47. Wages and prices,AL617,1.25
A47. Wages and prices,AM617,1.125
A47. Wages and prices,AN617,48
A47. Wages and prices,AO617,32
A47. Wages and prices,AP617,62
A47. Wages and prices,AQ617,33.87902150141119
A47. Wages and prices,AR617,173
A47. Wages and prices,AT617,47
A47. Wages and prices,AU617,34.99999999999999
A47. Wages and prices,AV617,102.17391304347827
A47. Wages and prices,AW617,102.02901350759609
A47. Wages and prices,AX617,102.10146327553718
A47. Wages and prices,AY617,84.49202785066603
A47. Wages and prices,BA617,28.91771419466953
A47. Wages and prices,BB617,161.85711583674757
A47. Wages and prices,BG617,127.30936507447534
A47. Wages and prices,BH617,5.722616864651528
A47. Wages and prices,BI617,192
A47. Wages and prices,BJ617,163
A47. Wages and prices,BK617,163
A47. Wages and prices,BL617,123.4
A47. Wages and prices,BP617,160.567695780944
A47. Wages and prices,BZ617,5.182323427843819
A47. Wages and prices,CA617,252.9630786075359
A47. Wages and prices,A618,1820
A47. Wages and prices,B618,0.527555995149891
A47. Wages and prices,C618,44.4696270113446
A47. Wages and prices,D618,1.3550280474435228
A47. Wages and prices,E618,-7.116564417177898
A47. Wages and prices,F618,1.5154692555094114
A47. Wages and prices,G618,1.1449813804376137
A47. Wages and prices,H618,1.153497445289442
A47. Wages and prices,I618,1.7057930106881953
A47. Wages and prices,O618,1.3655102942443151
A47. Wages and prices,P618,1.3522062956048002
A47. Wages and prices,Q618,1.371517690559782
A47. Wages and prices,R618,1.3581257360107466
A47. Wages and prices,S618,46.182944108231055
A47. Wages and prices,T618,4.205355174155132
A47. Wages and prices,U618,4.291940565401604
A47. Wages and prices,W618,11.36
A47. Wages and prices,X618,4.56
A47. Wages and prices,Z618,22.808633051159667
A47. Wages and prices,AA618,33.39269190137444
A47. Wages and prices,AB618,42.94197526608005
A47. Wages and prices,AC618,28.11988428805598
A47. Wages and prices,AD618,0.4
A47. Wages and prices,AE618,36.14866105279285
A47. Wages and prices,AF618,35.88723886430486
A47. Wages and prices,AG618,48
A47. Wages and prices,AH618,32
A47. Wages and prices,AI618,19
A47. Wages and prices,AJ618,60
A47. Wages and prices,AK618,36
A47. Wages and prices,AL618,1.25
A47. Wages and prices,AM618,1.125
A47. Wages and prices,AN618,48
A47. Wages and prices,AO618,32
A47. Wages and prices,AP618,62
A47. Wages and prices,AQ618,32.88950428335008
A47. Wages and prices,AR618,168
A47. Wages and prices,AT618,46
A47. Wages and prices,AU618,34
A47. Wages and prices,AV618,100
A47. Wages and prices,AW618,100.49827444548919
A47. Wages and prices,AX618,100.2491372227446
A47. Wages and prices,AY618,85.42819538871873
A47. Wages and prices,BA618,28.084326252894947
A47. Wages and prices,BB618,157.19250895528037
A47. Wages and prices,BG618,120.16089691395233
A47. Wages and prices,BH618,5.475561158600493
A47. Wages and prices,BI618,162
A47. Wages and prices,BJ618,148
A47. Wages and prices,BK618,151.4
A47. Wages and prices,BL618,115.6
A47. Wages and prices,BP618,148.496074931824
A47. Wages and prices,BZ618,4.700367349054344
A47. Wages and prices,CA618,229.43751229703506
A47. Wages and prices,A619,1821
A47. Wages and prices,B619,0.5018062382437654
A47. Wages and prices,C619,42.391812519104576
A47. Wages and prices,D619,1.2574731880172718
A47. Wages and prices,E619,-7.199471598414803
A47. Wages and prices,F619,1.3336129448482819
A47. Wages and prices,G619,1.0075836147851
A47. Wages and prices,H619,1.0607152953843788
A47. Wages and prices,I619,1.4724516582552116
A47. Wages and prices,O619,1.2860528853381024
A47. Wages and prices,P619,1.2593343845932883
A47. Wages and prices,Q619,1.290434247029782
A47. Wages and prices,R619,1.2635973424987448
A47. Wages and prices,S619,43.15194450539222
A47. Wages and prices,T619,3.9256298004853356
A47. Wages and prices,U619,3.866572717183145
A47. Wages and prices,W619,10.96
A47. Wages and prices,X619,4.48
A47. Wages and prices,Z619,21.010642748406774
A47. Wages and prices,AA619,31.991123403974505
A47. Wages and prices,AB619,41.9481273554892
A47. Wages and prices,AC619,27.649370251646882
A47. Wages and prices,AD619,0.4
A47. Wages and prices,AE619,34.742345973810046
A47. Wages and prices,AF619,34.60104241650734
A47. Wages and prices,AG619,48
A47. Wages and prices,AH619,32
A47. Wages and prices,AI619,19
A47. Wages and prices,AJ619,60
A47. Wages and prices,AK619,36
A47. Wages and prices,AL619,1.25
A47. Wages and prices,AM619,1.125
A47. Wages and prices,AN619,48
A47. Wages and prices,AO619,32
A47. Wages and prices,AP619,62
A47. Wages and prices,AQ619,31.289003419592785
A47. Wages and prices,AR619,159.8
A47. Wages and prices,AT619,46
A47. Wages and prices,AU619,32.99999999999999
A47. Wages and prices,AV619,100
A47. Wages and prices,AW619,103.24026505574626
A47. Wages and prices,AX619,101.62013252787312
A47. Wages and prices,AY619,91.0401264726627
A47. Wages and prices,BA619,26.772104315927155
A47. Wages and prices,BB619,149.84779088297614
A47. Wages and prices,BG619,111.54788487040528
A47. Wages and prices,BH619,5.112540529301013
A47. Wages and prices,BI619,139
A47. Wages and prices,BJ619,124
A47. Wages and prices,BK619,140.5
A47. Wages and prices,BL619,107.2
A47. Wages and prices,BP619,136.551718105632
A47. Wages and prices,BZ619,4.136323267167822
A47. Wages and prices,CA619,201.90501082139085
A47. Wages and prices,A620,1822
A47. Wages and prices,B620,0.4939557026016539
A47. Wages and prices,C620,41.661377173948004
A47. Wages and prices,D620,1.1608133273013534
A47. Wages and prices,E620,-7.686832740213518
A47. Wages and prices,F620,1.1535751972937638
A47. Wages and prices,G620,0.8715598267891116
A47. Wages and prices,H620,0.9562908396351492
A47. Wages and prices,I620,1.2985846452550143
A47. Wages and prices,O620,1.201629970849128
A47. Wages and prices,P620,1.1728961981655128
A47. Wages and prices,Q620,1.2045320582590282
A47. Wages and prices,R620,1.1757034158706001
A47. Wages and prices,S620,40.32073965049743
A47. Wages and prices,T620,3.728665761812201
A47. Wages and prices,U620,3.748605951842799
A47. Wages and prices,W620,11.36
A47. Wages and prices,X620,4.73
A47. Wages and prices,Z620,18.176600987549534
A47. Wages and prices,AA620,29.008241251277145
A47. Wages and prices,AB620,40.80427241574694
A47. Wages and prices,AC620,25.3600208568581
A47. Wages and prices,AD620,0.4
A47. Wages and prices,AE620,32.133223625507654
A47. Wages and prices,AF620,32.14543734599204
A47. Wages and prices,AG620,48
A47. Wages and prices,AH620,32
A47. Wages and prices,AI620,19
A47. Wages and prices,AJ620,60
A47. Wages and prices,AK620,36
A47. Wages and prices,AL620,1.25
A47. Wages and prices,AM620,1.125
A47. Wages and prices,AN620,48
A47. Wages and prices,AO620,32
A47. Wages and prices,AP620,62
A47. Wages and prices,AQ620,30.80525779247102
A47. Wages and prices,AR620,157.3
A47. Wages and prices,AT620,46
A47. Wages and prices,AU620,31.999999999999993
A47. Wages and prices,AV620,100
A47. Wages and prices,AW620,101.31895440575755
A47. Wages and prices,AX620,100.65947720287878
A47. Wages and prices,AY620,91.61272856591894
A47. Wages and prices,BA620,26.31080553924099
A47. Wages and prices,BB620,147.26582714162328
A47. Wages and prices,BG620,101.63221756341255
A47. Wages and prices,BH620,4.739435993632101
A47. Wages and prices,BI620,125
A47. Wages and prices,BJ620,131
A47. Wages and prices,BK620,129.7
A47. Wages and prices,BL620,101.6
A47. Wages and prices,BP620,123.108583169376
A47. Wages and prices,BZ620,3.577919626100166
A47. Wages and prices,CA620,174.64783436050308
A47. Wages and prices,A621,1823
A47. Wages and prices,B621,0.4857911455338579
A47. Wages and prices,C621,40.99409644017366
A47. Wages and prices,D621,1.200193270555987
A47. Wages and prices,E621,3.3924441017733358
A47. Wages and prices,F621,1.2320183107097398
A47. Wages and prices,G621,0.9308258950107712
A47. Wages and prices,H621,0.9158983771884356
A47. Wages and prices,I621,1.4427760561779825
A47. Wages and prices,O621,1.2202438325613891
A47. Wages and prices,P621,1.2042565398871234
A47. Wages and prices,Q621,1.2238197024425725
A47. Wages and prices,R621,1.2077593911324767
A47. Wages and prices,S621,41.329355991006544
A47. Wages and prices,T621,3.574863801890934
A47. Wages and prices,U621,3.736839027330289
A47. Wages and prices,W621,10.15
A47. Wages and prices,X621,4.3
A47. Wages and prices,Z621,18.812679930740508
A47. Wages and prices,AA621,29.718016281279592
A47. Wages and prices,AB621,40.121557845963885
A47. Wages and prices,AC621,26.268144045471967
A47. Wages and prices,AD621,0.4
A47. Wages and prices,AE621,32.52865564886143
A47. Wages and prices,AF621,32.571329493074344
A47. Wages and prices,AG621,48
A47. Wages and prices,AH621,32
A47. Wages and prices,AI621,19
A47. Wages and prices,AJ621,60
A47. Wages and prices,AK621,36
A47. Wages and prices,AL621,1.25
A47. Wages and prices,AM621,1.125
A47. Wages and prices,AN621,48
A47. Wages and prices,AO621,32
A47. Wages and prices,AP621,62
A47. Wages and prices,AQ621,30.281938028498995
A47. Wages and prices,AR621,154.7
A47. Wages and prices,AT621,46
A47. Wages and prices,AU621,31.99999999999999
A47. Wages and prices,AV621,100
A47. Wages and prices,AW621,97.19245515415469
A47. Wages and prices,AX621,98.59622757707734
A47. Wages and prices,AY621,91.24306285101405
A47. Wages and prices,BA621,25.889391394597745
A47. Wages and prices,BB621,144.90710412618733
A47. Wages and prices,BG621,102.26394030606629
A47. Wages and prices,BH621,4.830191150956972
A47. Wages and prices,BI621,128
A47. Wages and prices,BJ621,131
A47. Wages and prices,BK621,134.1
A47. Wages and prices,BL621,101.5
A47. Wages and prices,BP621,117.908639160256
A47. Wages and prices,BZ621,3.8212181606749778
A47. Wages and prices,CA621,186.5238870970173
A47. Wages and prices,A622,1824
A47. Wages and prices,B622,0.4905014669191247
A47. Wages and prices,C622,41.39526016066294
A47. Wages and prices,D622,1.2503131983346114
A47. Wages and prices,E622,4.17598806860552
A47. Wages and prices,F622,1.3379718854307774
A47. Wages and prices,G622,1.0108769219816975
A47. Wages and prices,H622,0.973450003906189
A47. Wages and prices,I622,1.5049593717340022
A47. Wages and prices,O622,1.2441066875792834
A47. Wages and prices,P622,1.2372897332862758
A47. Wages and prices,Q622,1.2487364214840315
A47. Wages and prices,R622,1.241867191434989
A47. Wages and prices,S622,42.353907790546074
A47. Wages and prices,T622,3.4781087641584434
A47. Wages and prices,U622,3.512505199179563
A47. Wages and prices,W622,9.35
A47. Wages and prices,X622,4.03
A47. Wages and prices,Z622,19.786029480906116
A47. Wages and prices,AA622,35.15542942242692
A47. Wages and prices,AB622,40.40557586887469
A47. Wages and prices,AC622,25.864101169221982
A47. Wages and prices,AD622,0.4
A47. Wages and prices,AE622,32.971568305469695
A47. Wages and prices,AF622,33.11292234017401
A47. Wages and prices,AG622,48
A47. Wages and prices,AH622,32
A47. Wages and prices,AI622,19
A47. Wages and prices,AJ622,60
A47. Wages and prices,AK622,36
A47. Wages and prices,AL622,1.25
A47. Wages and prices,AM622,1.125
A47. Wages and prices,AN622,48
A47. Wages and prices,AO622,32
A47. Wages and prices,AP622,62
A47. Wages and prices,AQ622,30.576571477431226
A47. Wages and prices,AR622,156.2
A47. Wages and prices,AT622,46
A47. Wages and prices,AU622,31.999999999999993
A47. Wages and prices,AV622,100
A47. Wages and prices,AW622,98.1001896863725
A47. Wages and prices,AX622,99.05009484318626
A47. Wages and prices,AY622,90.78283408966557
A47. Wages and prices,BA622,26.14274213226353
A47. Wages and prices,BB622,146.32514911472433
A47. Wages and prices,BG622,108.6165646651791
A47. Wages and prices,BH622,5.057079044269147
A47. Wages and prices,BJ622,140
A47. Wages and prices,BK622,139.7
A47. Wages and prices,BL622,106.6
A47. Wages and prices,BP622,125.31757682927999
A47. Wages and prices,BZ622,4.1498429224930256
A47. Wages and prices,CA622,202.56494138736082
A47. Wages and prices,A623,1825
A47. Wages and prices,B623,0.49803798113555175
A47. Wages and prices,C623,41.981310396950576
A47. Wages and prices,D623,1.3174381016095549
A47. Wages and prices,E623,5.368647100930573
A47. Wages and prices,F623,1.5707789934957326
A47. Wages and prices,G623,1.186769506406513
A47. Wages and prices,H623,1.0877350964357535
A47. Wages and prices,I623,1.669714374137871
A47. Wages and prices,O623,1.3445548869953294
A47. Wages and prices,P623,1.3619940213908743
A47. Wages and prices,Q623,1.3513479430999884
A47. Wages and prices,R623,1.3688455258809284
A47. Wages and prices,S623,46.42134957816453
A47. Wages and prices,T623,3.7956454082563194
A47. Wages and prices,U623,4.037453793474886
A47. Wages and prices,W623,9.59
A47. Wages and prices,X623,4.21
A47. Wages and prices,Z623,20.90190089791235
A47. Wages and prices,AA623,33.007343621463264
A47. Wages and prices,AB623,42.78526604351842
A47. Wages and prices,AC623,26.96735207645583
A47. Wages and prices,AD623,0.4
A47. Wages and prices,AE623,34.742297728568744
A47. Wages and prices,AF623,34.85187834603723
A47. Wages and prices,AG623,48
A47. Wages and prices,AH623,32
A47. Wages and prices,AI623,19
A47. Wages and prices,AJ623,60
A47. Wages and prices,AK623,36
A47. Wages and prices,AL623,1.25
A47. Wages and prices,AM623,1.125
A47. Wages and prices,AN623,48
A47. Wages and prices,AO623,36
A47. Wages and prices,AP623,62
A47. Wages and prices,AQ623,31.047317407753855
A47. Wages and prices,AR623,158.6
A47. Wages and prices,AT623,47
A47. Wages and prices,AU623,32
A47. Wages and prices,AV623,102.17391304347827
A47. Wages and prices,AW623,102.3352093340034
A47. Wages and prices,AX623,102.25456118874084
A47. Wages and prices,AY623,92.30163132582938
A47. Wages and prices,BA623,26.512856008691802
A47. Wages and prices,BB623,148.39673624524798
A47. Wages and prices,BG623,117.35284176650957
A47. Wages and prices,BH623,5.319260609874329
A47. Wages and prices,BJ623,148
A47. Wages and prices,BK623,147.2
A47. Wages and prices,BL623,111
A47. Wages and prices,BP623,140.030125810784
A47. Wages and prices,BZ623,4.871915591006811
A47. Wages and prices,CA623,237.81124118876158
A47. Wages and prices,A624,1826
A47. Wages and prices,B624,0.49740993828418284
A47. Wages and prices,C624,41.93383586566112
A47. Wages and prices,D624,1.26015818414827
A47. Wages and prices,E624,-4.347826086956502
A47. Wages and prices,F624,1.4843861488534673
A47. Wages and prices,G624,1.1214971835541545
A47. Wages and prices,H624,1.0686414152428532
A47. Wages and prices,I624,1.4779927457800053
A47. Wages and prices,O624,1.2448673638492538
A47. Wages and prices,P624,1.2469469126263855
A47. Wages and prices,Q624,1.2486106715201482
A47. Wages and prices,R624,1.2506693751622981
A47. Wages and prices,S624,42.782013323168634
A47. Wages and prices,T624,3.2425801458910635
A47. Wages and prices,U624,3.3000996491579913
A47. Wages and prices,W624,9.59
A47. Wages and prices,X624,4.28
A47. Wages and prices,Z624,20.772813881724222
A47. Wages and prices,AA624,30.650509048958778
A47. Wages and prices,AB624,42.67489430779036
A47. Wages and prices,AC624,27.659768369585173
A47. Wages and prices,AD624,0.4
A47. Wages and prices,AE624,34.881041635087875
A47. Wages and prices,AF624,35.01546880869591
A47. Wages and prices,AG624,48
A47. Wages and prices,AH624,32
A47. Wages and prices,AI624,19
A47. Wages and prices,AJ624,60
A47. Wages and prices,AK624,36
A47. Wages and prices,AL624,1.25
A47. Wages and prices,AM624,1.125
A47. Wages and prices,AN624,48
A47. Wages and prices,AO624,30
A47. Wages and prices,AP624,62
A47. Wages and prices,AQ624,31.00601561433636
A47. Wages and prices,AR624,158.4
A47. Wages and prices,AT624,47
A47. Wages and prices,AU624,31.999999999999993
A47. Wages and prices,AV624,102.17391304347827
A47. Wages and prices,AW624,92.57542954879557
A47. Wages and prices,AX624,97.37467129613691
A47. Wages and prices,AY624,88.00770537700811
A47. Wages and prices,BA624,26.482873966677012
A47. Wages and prices,BB624,148.22892191473963
A47. Wages and prices,BG624,113.14508422621817
A47. Wages and prices,BH624,4.961281933759562
A47. Wages and prices,BJ624,133
A47. Wages and prices,BK624,140.8
A47. Wages and prices,BL624,107.6
A47. Wages and prices,BP624,137.572091140032
A47. Wages and prices,BZ624,4.603960233501437
A47. Wages and prices,CA624,224.7316229233797
A47. Wages and prices,A625,1827
A47. Wages and prices,B625,0.48767527408796457
A47. Wages and prices,C625,41.17152842714755
A47. Wages and prices,D625,1.202878266686985
A47. Wages and prices,E625,-4.545454545454547
A47. Wages and prices,F625,1.387901049177992
A47. Wages and prices,G625,1.0485998666231344
A47. Wages and prices,H625,1.018409539341927
A47. Wages and prices,I625,1.4667874354520885
A47. Wages and prices,O625,1.202554376380179
A47. Wages and prices,P625,1.2125377182652533
A47. Wages and prices,Q625,1.2065356309738067
A47. Wages and prices,R625,1.216525665828398
A47. Wages and prices,S625,41.56091038512655
A47. Wages and prices,T625,3.1574138391923112
A47. Wages and prices,U625,3.333729855970581
A47. Wages and prices,W625,9.67
A47. Wages and prices,X625,4.39
A47. Wages and prices,Z625,20.437513452592896
A47. Wages and prices,AA625,33.33577253501522
A47. Wages and prices,AB625,43.32049254544762
A47. Wages and prices,AC625,27.535992084249703
A47. Wages and prices,AD625,0.4
A47. Wages and prices,AE625,34.89607236467425
A47. Wages and prices,AF625,35.188447029161296
A47. Wages and prices,AG625,48
A47. Wages and prices,AH625,32
A47. Wages and prices,AI625,19
A47. Wages and prices,AJ625,60
A47. Wages and prices,AK625,36
A47. Wages and prices,AL625,1.25
A47. Wages and prices,AM625,1.125
A47. Wages and prices,AN625,48
A47. Wages and prices,AO625,30
A47. Wages and prices,AP625,59
A47. Wages and prices,AQ625,30.399630107605258
A47. Wages and prices,AR625,155.3
A47. Wages and prices,AT625,48
A47. Wages and prices,AU625,32
A47. Wages and prices,AV625,104.34782608695652
A47. Wages and prices,AW625,100.71802440530581
A47. Wages and prices,AX625,102.53292524613116
A47. Wages and prices,AY625,94.51957551444389
A47. Wages and prices,BA625,26.00144670391265
A47. Wages and prices,BB625,145.53429578655889
A47. Wages and prices,BG625,108.6982635692949
A47. Wages and prices,BH625,4.870526776434691
A47. Wages and prices,BJ625,129
A47. Wages and prices,BK625,134.4
A47. Wages and prices,BL625,107.3
A47. Wages and prices,BM625,309
A47. Wages and prices,BN625,300
A47. Wages and prices,BO625,302.7
A47. Wages and prices,BP625,131.10546528124797
A47. Wages and prices,BZ625,4.304702818323843
A47. Wages and prices,CA625,210.12406743336
A47. Wages and prices,A626,1828
A47. Wages and prices,B626,0.48704723123659555
A47. Wages and prices,C626,41.11666708091779
A47. Wages and prices,D626,1.2145132499213085
A47. Wages and prices,E626,0.967261904761898
A47. Wages and prices,F626,1.34765191875183
A47. Wages and prices,G626,1.0181904704910636
A47. Wages and prices,H626,0.7810110201409659
A47. Wages and prices,I626,1.4241826291503406
A47. Wages and prices,O626,1.1982169498241468
A47. Wages and prices,P626,1.2026376801241365
A47. Wages and prices,Q626,1.2018981272249247
A47. Wages and prices,R626,1.2063063018421902
A47. Wages and prices,S626,41.25301917103365
A47. Wages and prices,T626,3.053238119008733
A47. Wages and prices,U626,3.1796981922486713
A47. Wages and prices,W626,9.19
A47. Wages and prices,X626,4.24
A47. Wages and prices,Z626,20.25565688502987
A47. Wages and prices,AA626,32.53585040268814
A47. Wages and prices,AB626,43.235451357926145
A47. Wages and prices,AC626,27.018530677975555
A47. Wages and prices,AD626,0.4
A47. Wages and prices,AE626,34.59532512219202
A47. Wages and prices,AF626,34.93350343053038
A47. Wages and prices,AG626,48
A47. Wages and prices,AH626,32
A47. Wages and prices,AI626,19
A47. Wages and prices,AJ626,60
A47. Wages and prices,AK626,36
A47. Wages and prices,AL626,1.25
A47. Wages and prices,AM626,1.125
A47. Wages and prices,AN626,48
A47. Wages and prices,AO626,30
A47. Wages and prices,AP626,59
A47. Wages and prices,AQ626,30.362458374660676
A47. Wages and prices,AR626,155.1
A47. Wages and prices,AT626,49
A47. Wages and prices,AU626,31.999999999999993
A47. Wages and prices,AV626,106.5217391304348
A47. Wages and prices,AW626,106.04230247461206
A47. Wages and prices,AX626,106.28202080252342
A47. Wages and prices,AY626,98.10200327131972
A47. Wages and prices,BA626,25.966799596443174
A47. Wages and prices,BB626,145.34037033140902
A47. Wages and prices,BG626,110.94341540526878
A47. Wages and prices,BH626,4.8503589636958315
A47. Wages and prices,BJ626,133
A47. Wages and prices,BK626,135.7
A47. Wages and prices,BL626,104.3
A47. Wages and prices,BM626,224
A47. Wages and prices,BN626,197
A47. Wages and prices,BO626,205.09999999999997
A47. Wages and prices,BP626,100.54384727339519
A47. Wages and prices,BZ626,4.179866436592452
A47. Wages and prices,CA626,204.03046947779256
A47. Wages and prices,A627,1829
A47. Wages and prices,B627,0.48610516695954226
A47. Wages and prices,C627,41.034043959426704
A47. Wages and prices,D627,1.2404682125209534
A47. Wages and prices,E627,2.1370670596905086
A47. Wages and prices,F627,1.334175399564312
A47. Wages and prices,G627,1.008008565786153
A47. Wages and prices,H627,0.8841122785822267
A47. Wages and prices,I627,1.4154400243889989
A47. Wages and prices,O627,1.1493332538573937
A47. Wages and prices,P627,1.1518934444459146
A47. Wages and prices,Q627,1.1520920765628895
A47. Wages and prices,R627,1.1546333950438776
A47. Wages and prices,S627,39.59687866672903
A47. Wages and prices,T627,2.7775982506771544
A47. Wages and prices,U627,3.0373045579712845
A47. Wages and prices,W627,9.02
A47. Wages and prices,X627,4.24
A47. Wages and prices,Z627,20.371688267305995
A47. Wages and prices,AA627,33.47179254957975
A47. Wages and prices,AB627,42.366577801519966
A47. Wages and prices,AC627,27.64984029493652
A47. Wages and prices,AD627,0.4
A47. Wages and prices,AE627,34.57024497237006
A47. Wages and prices,AF627,34.970603585257116
A47. Wages and prices,AG627,48
A47. Wages and prices,AH627,32
A47. Wages and prices,AI627,19
A47. Wages and prices,AJ627,60
A47. Wages and prices,AK627,36
A47. Wages and prices,AL627,1.25
A47. Wages and prices,AM627,1.125
A47. Wages and prices,AN627,48
A47. Wages and prices,AO627,30
A47. Wages and prices,AP627,59
A47. Wages and prices,AQ627,30.308527371176577
A47. Wages and prices,AR627,154.8
A47. Wages and prices,AT627,50
A47. Wages and prices,AU627,32
A47. Wages and prices,AV627,108.69565217391303
A47. Wages and prices,AW627,103.30994168738849
A47. Wages and prices,AX627,106.00279693065076
A47. Wages and prices,AY627,98.03389060016244
A47. Wages and prices,BA627,25.914619831153114
A47. Wages and prices,BB627,145.04831175935064
A47. Wages and prices,BG627,107.5824310072392
A47. Wages and prices,BH627,5.077246857008008
A47. Wages and prices,BJ627,136
A47. Wages and prices,BK627,138.6
A47. Wages and prices,BL627,106.7
A47. Wages and prices,BM627,251
A47. Wages and prices,BN627,221
A47. Wages and prices,BO627,230
A47. Wages and prices,BP627,113.816639737376
A47. Wages and prices,BZ627,4.1380677722265276
A47. Wages and prices,CA627,201.99016478301465
A47. Wages and prices,A628,1830
A47. Wages and prices,B628,0.4817088669999598
A47. Wages and prices,C628,40.56848675668504
A47. Wages and prices,D628,1.2010882692663198
A47. Wages and prices,E628,-3.1746031746031775
A47. Wages and prices,F628,1.286145085179997
A47. Wages and prices,G628,0.9717202574178515
A47. Wages and prices,H628,1.0512156363136254
A47. Wages and prices,I628,1.3957383798563983
A47. Wages and prices,J628,1.2377501373706423
A47. Wages and prices,K628,1.1330399367954307
A47. Wages and prices,L628,0.5829726127299895
A47. Wages and prices,M628,1.055004528246483
A47. Wages and prices,N628,1.0698567026563435
A47. Wages and prices,O628,1.1415648512772372
A47. Wages and prices,P628,1.1521217066698406
A47. Wages and prices,Q628,1.1447072005838406
A47. Wages and prices,R628,1.1552680842381549
A47. Wages and prices,S628,39.5605867701824
A47. Wages and prices,T628,2.8851693375973464
A47. Wages and prices,U628,2.992254714622019
A47. Wages and prices,W628,8.94
A47. Wages and prices,X628,4.27
A47. Wages and prices,Z628,19.83158972290604
A47. Wages and prices,AA628,31.200000000000003
A47. Wages and prices,AB628,43.05730022538523
A47. Wages and prices,AC628,28.62366868580506
A47. Wages and prices,AD628,0.38
A47. Wages and prices,AE628,35.22152506304269
A47. Wages and prices,AF628,35.39136200603231
A47. Wages and prices,AG628,48
A47. Wages and prices,AH628,32
A47. Wages and prices,AI628,19
A47. Wages and prices,AJ628,60
A47. Wages and prices,AK628,36
A47. Wages and prices,AL628,1.25
A47. Wages and prices,AM628,1.125
A47. Wages and prices,AN628,48
A47. Wages and prices,AO628,30
A47. Wages and prices,AP628,59
A47. Wages and prices,AQ628,30.026381379371838
A47. Wages and prices,AR628,153.4
A47. Wages and prices,AT628,49
A47. Wages and prices,AU628,31.000000000000004
A47. Wages and prices,AV628,106.5217391304348
A47. Wages and prices,AW628,102.55932104485888
A47. Wages and prices,AX628,104.54053008764683
A47. Wages and prices,AY628,97.56391264918791
A47. Wages and prices,BA628,25.620602065547693
A47. Wages and prices,BB628,143.40264684872534
A47. Wages and prices,BG628,107.23518634493139
A47. Wages and prices,BH628,4.925988261466556
A47. Wages and prices,BJ628,133
A47. Wages and prices,BK628,134.2
A47. Wages and prices,BL628,103.1
A47. Wages and prices,BM628,269
A47. Wages and prices,BN628,259
A47. Wages and prices,BO628,262
A47. Wages and prices,BP628,135.328774707744
A47. Wages and prices,BZ628,3.989097332426373
A47. Wages and prices,CA628,194.71851885082611
A47. Wages and prices,A629,1831
A47. Wages and prices,B629,0.48453505983112
A47. Wages and prices,C629,40.69407666864683
A47. Wages and prices,D629,1.216303247341974
A47. Wages and prices,E629,1.2667660208643952
A47. Wages and prices,F629,1.4134734486128169
A47. Wages and prices,G629,1.0679205629022188
A47. Wages and prices,H629,0.8790419488812551
A47. Wages and prices,I629,1.408175042967602
A47. Wages and prices,J629,1.1903799572535212
A47. Wages and prices,K629,1.0643265470800947
A47. Wages and prices,L629,0.5641670445774092
A47. Wages and prices,M629,1.014972271320325
A47. Wages and prices,N629,1.0269895569647918
A47. Wages and prices,O629,1.0902760998334287
A47. Wages and prices,P629,1.1093129760140374
A47. Wages and prices,Q629,1.0925423645726033
A47. Wages and prices,R629,1.1115947261123489
A47. Wages and prices,S629,38.17185539366908
A47. Wages and prices,T629,2.7601155582587626
A47. Wages and prices,U629,3.067443660723924
A47. Wages and prices,W629,8.38
A47. Wages and prices,X629,4.06
A47. Wages and prices,Z629,21.03584961756038
A47. Wages and prices,AA629,32.400000000000006
A47. Wages and prices,AB629,41.988290928572816
A47. Wages and prices,AC629,27.67559428287228
A47. Wages and prices,AD629,0.38
A47. Wages and prices,AE629,35.06424360161223
A47. Wages and prices,AF629,35.187072412329236
A47. Wages and prices,AG629,48
A47. Wages and prices,AH629,32
A47. Wages and prices,AI629,19
A47. Wages and prices,AJ629,60
A47. Wages and prices,AK629,36
A47. Wages and prices,AL629,1.25
A47. Wages and prices,AM629,1.125
A47. Wages and prices,AN629,48
A47. Wages and prices,AO629,30
A47. Wages and prices,AP629,59
A47. Wages and prices,AQ629,30.203328930051526
A47. Wages and prices,AR629,154.3
A47. Wages and prices,AT629,49
A47. Wages and prices,AU629,30.000000000000007
A47. Wages and prices,AV629,106.5217391304348
A47. Wages and prices,AW629,98.8000887122229
A47. Wages and prices,AX629,102.66091392132884
A47. Wages and prices,AY629,95.250896184574
A47. Wages and prices,BA629,25.699917056444903
A47. Wages and prices,BB629,143.8465856601687
A47. Wages and prices,BG629,104.74529022667997
A47. Wages and prices,BH629,4.981449746498422
A47. Wages and prices,BJ629,134
A47. Wages and prices,BK629,135.9
A47. Wages and prices,BL629,104.7
A47. Wages and prices,BM629,282
A47. Wages and prices,BN629,269
A47. Wages and prices,BO629,272.9
A47. Wages and prices,BP629,113.163908288096
A47. Wages and prices,BZ629,4.384017968336585
A47. Wages and prices,CA629,213.9956522170579
A47. Wages and prices,A630,1832
A47. Wages and prices,B630,0.4861051669595423
A47. Wages and prices,C630,40.761105779131206
A47. Wages and prices,D630,1.17334330924601
A47. Wages and prices,E630,-3.532008830022093
A47. Wages and prices,F630,1.3088764134154685
A47. Wages and prices,G630,0.9888944412474546
A47. Wages and prices,H630,0.7509232260410722
A47. Wages and prices,I630,1.351286544379719
A47. Wages and prices,J630,1.1417511656399126
A47. Wages and prices,K630,1.0758953138961829
A47. Wages and prices,L630,0.5628701088427485
A47. Wages and prices,M630,0.9761849480893163
A47. Wages and prices,N630,0.9916526461882383
A47. Wages and prices,O630,1.0791198150731645
A47. Wages and prices,P630,1.096261743080476
A47. Wages and prices,Q630,1.080756418182588
A47. Wages and prices,R630,1.0979005555234052
A47. Wages and prices,S630,37.78960457978309
A47. Wages and prices,T630,2.555995787769356
A47. Wages and prices,U630,3.0121917539511776
A47. Wages and prices,W630,8.3
A47. Wages and prices,X630,4.08
A47. Wages and prices,Z630,20.950931468599663
A47. Wages and prices,AA630,31.200000000000003
A47. Wages and prices,AB630,42.158814804911515
A47. Wages and prices,AC630,26.862975202670867
A47. Wages and prices,AD630,0.38
A47. Wages and prices,AE630,34.79261434724025
A47. Wages and prices,AF630,34.933517386420654
A47. Wages and prices,AG630,48
A47. Wages and prices,AH630,32
A47. Wages and prices,AI630,19
A47. Wages and prices,AJ630,60
A47. Wages and prices,AK630,36
A47. Wages and prices,AL630,1.25
A47. Wages and prices,AM630,1.125
A47. Wages and prices,AN630,48
A47. Wages and prices,AO630,30
A47. Wages and prices,AP630,59
A47. Wages and prices,AQ630,30.30043551624657
A47. Wages and prices,AR630,154.8
A47. Wages and prices,AT630,48
A47. Wages and prices,AU630,29.000000000000004
A47. Wages and prices,AV630,104.34782608695652
A47. Wages and prices,AW630,99.4945321517022
A47. Wages and prices,AX630,101.92117911932937
A47. Wages and prices,AY630,94.25911403225231
A47. Wages and prices,BA630,25.742248587734885
A47. Wages and prices,BB630,144.08352207628462
A47. Wages and prices,BG630,99.93810652053745
A47. Wages and prices,BH630,4.769687712740391
A47. Wages and prices,BJ630,127
A47. Wages and prices,BK630,131.1
A47. Wages and prices,BL630,99.5
A47. Wages and prices,BM630,228
A47. Wages and prices,BN630,195
A47. Wages and prices,BO630,204.89999999999998
A47. Wages and prices,BP630,96.6704799370072
A47. Wages and prices,BZ630,4.059600638679679
A47. Wages and prices,CA630,198.1599739529956
A47. Wages and prices,A631,1833
A47. Wages and prices,B631,0.48516310268248886
A47. Wages and prices,C631,40.654586706536406
A47. Wages and prices,D631,1.1250133788880508
A47. Wages and prices,E631,-4.118993135011451
A47. Wages and prices,F631,1.229034952197125
A47. Wages and prices,G631,0.92857188033136
A47. Wages and prices,H631,0.7770269980194675
A47. Wages and prices,I631,1.3091742791912864
A47. Wages and prices,J631,1.1155323579784846
A47. Wages and prices,K631,1.0758953138961829
A47. Wages and prices,L631,0.5447130085574985
A47. Wages and prices,M631,0.9530830443602176
A47. Wages and prices,N631,0.9693864834775902
A47. Wages and prices,O631,1.0435836826468032
A47. Wages and prices,P631,1.0541231676853662
A47. Wages and prices,Q631,1.0446592525071217
A47. Wages and prices,R631,1.0551867372787351
A47. Wages and prices,S631,36.39280243670671
A47. Wages and prices,T631,2.6657709493278086
A47. Wages and prices,U631,3.212667037071289
A47. Wages and prices,W631,8.14
A47. Wages and prices,X631,4.06
A47. Wages and prices,Z631,20.20091917102714
A47. Wages and prices,AA631,31.200000000000003
A47. Wages and prices,AB631,42.766230835776895
A47. Wages and prices,AC631,27.323167044119316
A47. Wages and prices,AD631,0.38
A47. Wages and prices,AE631,34.822575237699056
A47. Wages and prices,AF631,35.1051023380953
A47. Wages and prices,AG631,48
A47. Wages and prices,AH631,32
A47. Wages and prices,AI631,19
A47. Wages and prices,AJ631,60
A47. Wages and prices,AK631,36
A47. Wages and prices,AL631,1.25
A47. Wages and prices,AM631,1.125
A47. Wages and prices,AN631,48
A47. Wages and prices,AO631,30
A47. Wages and prices,AP631,58
A47. Wages and prices,AQ631,30.252768481303065
A47. Wages and prices,AR631,154.5
A47. Wages and prices,AT631,47
A47. Wages and prices,AU631,28.000000000000004
A47. Wages and prices,AV631,102.17391304347827
A47. Wages and prices,AW631,99.4945321517022
A47. Wages and prices,AX631,100.83422259759024
A47. Wages and prices,AY631,93.43494644245624
A47. Wages and prices,BA631,25.674977585301136
A47. Wages and prices,BB631,143.70699541307482
A47. Wages and prices,BG631,97.64933247098097
A47. Wages and prices,BH631,4.613387164014226
A47. Wages and prices,BJ631,120
A47. Wages and prices,BK631,125.7
A47. Wages and prices,BL631,94.1
A47. Wages and prices,BM631,216
A47. Wages and prices,BN631,179
A47. Wages and prices,BO631,190.1
A47. Wages and prices,BP631,100.03096217781041
A47. Wages and prices,BZ631,3.8119649997202187
A47. Wages and prices,CA631,186.0722155418629
A47. Wages and prices,A632,1834
A47. Wages and prices,B632,0.4864191883852267
A47. Wages and prices,C632,40.70556958658701
A47. Wages and prices,D632,1.0972684188677408
A47. Wages and prices,E632,-2.466189339697692
A47. Wages and prices,F632,1.1331702259257495
A47. Wages and prices,G632,0.8561432736655139
A47. Wages and prices,H632,0.8524885816175655
A47. Wages and prices,I632,1.2776516479391258
A47. Wages and prices,J632,1.1403418617052539
A47. Wages and prices,K632,1.052108512738614
A47. Wages and prices,L632,0.5453614764248288
A47. Wages and prices,M632,0.9727222509303909
A47. Wages and prices,N632,0.9888522696204398
A47. Wages and prices,O632,1.0673129488896995
A47. Wages and prices,P632,1.0821337384818357
A47. Wages and prices,Q632,1.068832832065938
A47. Wages and prices,R632,1.083651247339844
A47. Wages and prices,S632,37.313276662470415
A47. Wages and prices,T632,2.6932417706596166
A47. Wages and prices,U632,3.2457173455265096
A47. Wages and prices,W632,8.3
A47. Wages and prices,X632,4.2
A47. Wages and prices,Z632,19.475789048165932
A47. Wages and prices,AA632,31.6
A47. Wages and prices,AB632,41.587131979510005
A47. Wages and prices,AC632,26.592226919198772
A47. Wages and prices,AD632,0.38
A47. Wages and prices,AE632,33.7909845902121
A47. Wages and prices,AF632,34.16548901485185
A47. Wages and prices,AG632,48
A47. Wages and prices,AH632,32
A47. Wages and prices,AI632,19
A47. Wages and prices,AJ632,60
A47. Wages and prices,AK632,36
A47. Wages and prices,AL632,1.25
A47. Wages and prices,AM632,1.125
A47. Wages and prices,AN632,48
A47. Wages and prices,AO632,30
A47. Wages and prices,AP632,58
A47. Wages and prices,AQ632,30.339393000696358
A47. Wages and prices,AR632,154.9
A47. Wages and prices,AT632,47
A47. Wages and prices,AU632,27
A47. Wages and prices,AV632,102.17391304347827
A47. Wages and prices,AW632,97.45575128016027
A47. Wages and prices,AX632,99.81483216181927
A47. Wages and prices,AY632,92.25152060424838
A47. Wages and prices,BA632,25.707175288157696
A47. Wages and prices,BB632,143.8872111550885
A47. Wages and prices,BG632,95.78385570952321
A47. Wages and prices,BH632,4.512548100319926
A47. Wages and prices,BJ632,114
A47. Wages and prices,BK632,122.6
A47. Wages and prices,BL632,93.4
A47. Wages and prices,BM632,250
A47. Wages and prices,BN632,246
A47. Wages and prices,BO632,247.2
A47. Wages and prices,BP632,109.74554717166399
A47. Wages and prices,BZ632,3.514631729742042
A47. Wages and prices,CA632,171.55858272959762
A47. Wages and prices,A633,1835
A47. Wages and prices,B633,0.48233690985132865
A47. Wages and prices,C633,40.310243130829924
A47. Wages and prices,D633,1.0587834743234399
A47. Wages and prices,E633,-3.5073409461664085
A47. Wages and prices,F633,1.1524341197664871
A47. Wages and prices,G633,0.8706977093178275
A47. Wages and prices,H633,0.7767864822025465
A47. Wages and prices,I633,1.2489611280885267
A47. Wages and prices,J633,1.1384794379641767
A47. Wages and prices,K633,1.120880483815187
A47. Wages and prices,L633,0.5453614764248288
A47. Wages and prices,M633,0.9711561431333227
A47. Wages and prices,N633,0.9900102544874654
A47. Wages and prices,O633,1.0619811263132255
A47. Wages and prices,P633,1.087484415198589
A47. Wages and prices,Q633,1.0646153433916326
A47. Wages and prices,R633,1.0901582720133114
A47. Wages and prices,S633,37.37185126938144
A47. Wages and prices,T633,2.803482449745821
A47. Wages and prices,U633,3.4241750331407106
A47. Wages and prices,W633,8.54
A47. Wages and prices,X633,4.39
A47. Wages and prices,Z633,18.870391509530606
A47. Wages and prices,AA633,31.6
A47. Wages and prices,AB633,44.315025339751365
A47. Wages and prices,AC633,25.98522096541587
A47. Wages and prices,AD633,0.38
A47. Wages and prices,AE633,34.269036081001566
A47. Wages and prices,AF633,34.811819020921924
A47. Wages and prices,AG633,48
A47. Wages and prices,AH633,32
A47. Wages and prices,AI633,19
A47. Wages and prices,AJ633,60
A47. Wages and prices,AK633,36
A47. Wages and prices,AL633,1.25
A47. Wages and prices,AM633,1.125
A47. Wages and prices,AN633,48
A47. Wages and prices,AO633,30
A47. Wages and prices,AP633,57
A47. Wages and prices,AQ633,30.065574522568344
A47. Wages and prices,AR633,153.6
A47. Wages and prices,AT633,46
A47. Wages and prices,AU633,25.999999999999996
A47. Wages and prices,AV633,100
A47. Wages and prices,AW633,100.00000047325229
A47. Wages and prices,AX633,100.00000023662614
A47. Wages and prices,AY633,93.20488087583122
A47. Wages and prices,BA633,25.45751101377441
A47. Wages and prices,BB633,142.48979989681547
A47. Wages and prices,BG633,91.72416095649334
A47. Wages and prices,BH633,4.270534347453607
A47. Wages and prices,BJ633,107
A47. Wages and prices,BK633,118.3
A47. Wages and prices,BL633,88
A47. Wages and prices,BM633,225
A47. Wages and prices,BN633,188
A47. Wages and prices,BO633,199.1
A47. Wages and prices,BP633,99.99999925290959
A47. Wages and prices,BZ633,3.574380469147657
A47. Wages and prices,CA633,174.47507863600077
A47. Wages and prices,A634,1836
A47. Wages and prices,B634,0.49301363832460027
A47. Wages and prices,C634,41.12692020924395
A47. Wages and prices,D634,1.1617083260116865
A47. Wages and prices,E634,9.721048182586657
A47. Wages and prices,F634,1.279201872940801
A47. Wages and prices,G634,0.9664744573427887
A47. Wages and prices,H634,0.9666260173765282
A47. Wages and prices,I634,1.4063280137926712
A47. Wages and prices,J634,1.2006066277651959
A47. Wages and prices,K634,1.269004729210882
A47. Wages and prices,L634,0.5265559082722484
A47. Wages and prices,M634,1.0189610234253887
A47. Wages and prices,N634,1.0423383827070656
A47. Wages and prices,O634,1.1191867299585267
A47. Wages and prices,P634,1.1619151624877755
A47. Wages and prices,Q634,1.1230522271002885
A47. Wages and prices,R634,1.165902975313644
A47. Wages and prices,S634,39.80550024253264
A47. Wages and prices,T634,2.96334562896605
A47. Wages and prices,U634,3.5677512885370626
A47. Wages and prices,W634,9.02
A47. Wages and prices,X634,4.7
A47. Wages and prices,Z634,18.910836298449542
A47. Wages and prices,AA634,32.400000000000006
A47. Wages and prices,AB634,42.73545023192223
A47. Wages and prices,AC634,29.87171219065981
A47. Wages and prices,AD634,0.38
A47. Wages and prices,AE634,35.11972514534253
A47. Wages and prices,AF634,35.799204201870715
A47. Wages and prices,AG634,48
A47. Wages and prices,AH634,32
A47. Wages and prices,AI634,19
A47. Wages and prices,AJ634,60
A47. Wages and prices,AK634,36
A47. Wages and prices,AL634,1.25
A47. Wages and prices,AM634,1.125
A47. Wages and prices,AN634,48
A47. Wages and prices,AO634,30
A47. Wages and prices,AP634,58
A47. Wages and prices,AQ634,30.737958633814866
A47. Wages and prices,AR634,157
A47. Wages and prices,AT634,45
A47. Wages and prices,AU634,25.000000000000004
A47. Wages and prices,AV634,97.82608695652173
A47. Wages and prices,AW634,102.09678952443899
A47. Wages and prices,AX634,99.96143824048036
A47. Wages and prices,AY634,91.15126791827919
A47. Wages and prices,BA634,25.97327485203618
A47. Wages and prices,BB634,145.37661338255526
A47. Wages and prices,BG634,97.38809867108347
A47. Wages and prices,BH634,4.588177398090651
A47. Wages and prices,BJ634,123
A47. Wages and prices,BK634,129.8
A47. Wages and prices,BL634,92.4
A47. Wages and prices,BM634,255
A47. Wages and prices,BN634,242
A47. Wages and prices,BO634,245.89999999999998
A47. Wages and prices,BP634,124.439087484392
A47. Wages and prices,BZ634,3.9675623207539004
A47. Wages and prices,CA634,193.66733728596088
A47. Wages and prices,A635,1837
A47. Wages and prices,B635,0.5011781953923962
A47. Wages and prices,C635,41.738266534365785
A47. Wages and prices,D635,1.2037732653973177
A47. Wages and prices,E635,3.6209553158705745
A47. Wages and prices,F635,1.3111819197643209
A47. Wages and prices,G635,0.9906363187763584
A47. Wages and prices,H635,0.9480774588727013
A47. Wages and prices,I635,1.392906268454837
A47. Wages and prices,J635,1.1591370302814883
A47. Wages and prices,K635,1.1783615342672473
A47. Wages and prices,L635,0.5265559082722484
A47. Wages and prices,M635,0.9856798337448279
A47. Wages and prices,N635,1.0054581897015298
A47. Wages and prices,O635,1.096448878957374
A47. Wages and prices,P635,1.1305613776368988
A47. Wages and prices,Q635,1.0992079488785536
A47. Wages and prices,R635,1.133381730144836
A47. Wages and prices,S635,38.84807278606368
A47. Wages and prices,T635,2.6608571534214325
A47. Wages and prices,U635,3.158336337302306
A47. Wages and prices,W635,9.27
A47. Wages and prices,X635,4.9
A47. Wages and prices,Z635,19.974732641123623
A47. Wages and prices,AA635,36.800000000000004
A47. Wages and prices,AB635,43.76584820961413
A47. Wages and prices,AC635,29.578446934511536
A47. Wages and prices,AD635,0.38
A47. Wages and prices,AE635,35.88881710230267
A47. Wages and prices,AF635,36.64748233074519
A47. Wages and prices,AG635,48
A47. Wages and prices,AH635,32
A47. Wages and prices,AI635,19
A47. Wages and prices,AJ635,60
A47. Wages and prices,AK635,36
A47. Wages and prices,AL635,1.25
A47. Wages and prices,AM635,1.125
A47. Wages and prices,AN635,48
A47. Wages and prices,AO635,30
A47. Wages and prices,AP635,59
A47. Wages and prices,AQ635,31.24449599695573
A47. Wages and prices,AR635,159.6
A47. Wages and prices,AT635,44
A47. Wages and prices,AU635,23.999999999999993
A47. Wages and prices,AV635,95.65217391304348
A47. Wages and prices,AW635,98.8389354983963
A47. Wages and prices,AX635,97.24555470571988
A47. Wages and prices,AY635,87.23017451407904
A47. Wages and prices,BA635,26.359364207898103
A47. Wages and prices,BB635,147.5376178511103
A47. Wages and prices,BG635,103.3930334238841
A47. Wages and prices,BH635,4.8604428700652615
A47. Wages and prices,BJ635,127
A47. Wages and prices,BK635,134.5
A47. Wages and prices,BL635,95.5
A47. Wages and prices,BM635,309
A47. Wages and prices,BN635,321
A47. Wages and prices,BO635,317.4
A47. Wages and prices,BP635,122.051229457736
A47. Wages and prices,BZ635,4.066751378772747
A47. Wages and prices,CA635,198.5090207181099
A47. Wages and prices,A636,1838
A47. Wages and prices,B636,0.51059883816293
A47. Wages and prices,C636,42.573347497829
A47. Wages and prices,D636,1.2529981944656094
A47. Wages and prices,E636,4.089219330855016
A47. Wages and prices,F636,1.3203601932026712
A47. Wages and prices,G636,0.9975707730077927
A47. Wages and prices,H636,0.9855414000771048
A47. Wages and prices,I636,1.4454850323012138
A47. Wages and prices,J636,1.1714420942972152
A47. Wages and prices,K636,1.1783615342672475
A47. Wages and prices,L636,0.5265559082722484
A47. Wages and prices,M636,0.995536632082276
A47. Wages and prices,N636,1.0164272546462858
A47. Wages and prices,O636,1.0986006893610756
A47. Wages and prices,P636,1.1423790475550784
A47. Wages and prices,Q636,1.1019524803895635
A47. Wages and prices,R636,1.1458395778025792
A47. Wages and prices,S636,39.18660148631524
A47. Wages and prices,T636,2.612275848350496
A47. Wages and prices,U636,3.242912308658247
A47. Wages and prices,W636,9.02
A47. Wages and prices,X636,4.83
A47. Wages and prices,Z636,20.194274161783827
A47. Wages and prices,AA636,34
A47. Wages and prices,AB636,42.3647984426191
A47. Wages and prices,AC636,28.647779964262238
A47. Wages and prices,AD636,0.38
A47. Wages and prices,AE636,35.15220141223158
A47. Wages and prices,AF636,35.806039993913764
A47. Wages and prices,AG636,48
A47. Wages and prices,AH636,32
A47. Wages and prices,AI636,19
A47. Wages and prices,AJ636,60
A47. Wages and prices,AK636,36
A47. Wages and prices,AL636,1.25
A47. Wages and prices,AM636,1.125
A47. Wages and prices,AN636,48
A47. Wages and prices,AO636,30
A47. Wages and prices,AP636,59
A47. Wages and prices,AQ636,31.834164847585136
A47. Wages and prices,AR636,162.6
A47. Wages and prices,AT636,44
A47. Wages and prices,AU636,23.999999999999996
A47. Wages and prices,AV636,95.65217391304348
A47. Wages and prices,AW636,98.8389354983963
A47. Wages and prices,AX636,97.24555470571988
A47. Wages and prices,AY636,85.62076170016614
A47. Wages and prices,BA636,26.886750826623278
A47. Wages and prices,BB636,150.48948591589274
A47. Wages and prices,BG636,104.83765999096516
A47. Wages and prices,BH636,4.981449746498423
A47. Wages and prices,BJ636,137
A47. Wages and prices,BK636,140
A47. Wages and prices,BL636,97.3
A47. Wages and prices,BM636,260
A47. Wages and prices,BN636,247
A47. Wages and prices,BO636,250.89999999999998
A47. Wages and prices,BP636,126.87416880888001
A47. Wages and prices,BZ636,4.095218638424157
A47. Wages and prices,CA636,199.89858386313665
A47. Wages and prices,A637,1839
A47. Wages and prices,B637,0.5184493738050414
A47. Wages and prices,C637,43.28596175807333
A47. Wages and prices,D637,1.294168135140908
A47. Wages and prices,E637,3.2857142857142776
A47. Wages and prices,F637,1.4167464873064661
A47. Wages and prices,G637,1.0703934394373615
A47. Wages and prices,H637,1.1289243766563946
A47. Wages and prices,I637,1.5414074141193108
A47. Wages and prices,J637,1.1921552158073823
A47. Wages and prices,K637,1.1997862894357427
A47. Wages and prices,L637,0.5265559082722484
A47. Wages and prices,M637,1.0121289092836472
A47. Wages and prices,N637,1.0333301011860525
A47. Wages and prices,O637,1.1185041879296005
A47. Wages and prices,P637,1.1629577117853112
A47. Wages and prices,Q637,1.121686133018897
A47. Wages and prices,R637,1.166240850221693
A47. Wages and prices,S637,39.91920359620988
A47. Wages and prices,T637,2.6510746704576307
A47. Wages and prices,U637,3.4524316613918424
A47. Wages and prices,W637,9.02
A47. Wages and prices,X637,4.9
A47. Wages and prices,Z637,20.984081089121588
A47. Wages and prices,AA637,34.4
A47. Wages and prices,AB637,42.72331508732847
A47. Wages and prices,AC637,29.05085607840911
A47. Wages and prices,AD637,0.38
A47. Wages and prices,AE637,35.800424316707534
A47. Wages and prices,AF637,36.450505657443806
A47. Wages and prices,AG637,48
A47. Wages and prices,AH637,32
A47. Wages and prices,AI637,19
A47. Wages and prices,AJ637,60
A47. Wages and prices,AK637,36
A47. Wages and prices,AL637,1.25
A47. Wages and prices,AM637,1.125
A47. Wages and prices,AN637,48
A47. Wages and prices,AO637,30
A47. Wages and prices,AP637,60
A47. Wages and prices,AQ637,32.331459977071404
A47. Wages and prices,AR637,165.1
A47. Wages and prices,AT637,44
A47. Wages and prices,AU637,23.999999999999993
A47. Wages and prices,AV637,95.65217391304348
A47. Wages and prices,AW637,102.6774595639734
A47. Wages and prices,AX637,99.16481673850845
A47. Wages and prices,AY637,85.98850745432509
A47. Wages and prices,BA637,27.33679488415633
A47. Wages and prices,BB637,153.0084551767894
A47. Wages and prices,BG637,109.99369437113079
A47. Wages and prices,BH637,5.3444703757979015
A47. Wages and prices,BJ637,140
A47. Wages and prices,BK637,144.6
A47. Wages and prices,BL637,103
A47. Wages and prices,BM637,296
A47. Wages and prices,BN637,283
A47. Wages and prices,BO637,286.9
A47. Wages and prices,BP637,145.332648557592
A47. Wages and prices,BZ637,4.39416959902912
A47. Wages and prices,CA637,214.4911804851456
A47. Wages and prices,A638,1840
A47. Wages and prices,B638,0.5212755666362016
A47. Wages and prices,C638,43.557304493490776
A47. Wages and prices,D638,1.281638153196252
A47. Wages and prices,E638,-0.9681881051175623
A47. Wages and prices,F638,1.4422479240779824
A47. Wages and prices,G638,1.089660521347234
A47. Wages and prices,H638,1.0614595182727005
A47. Wages and prices,I638,1.5147609398889692
A47. Wages and prices,J638,1.1526237474008745
A47. Wages and prices,K638,1.1783615342672473
A47. Wages and prices,L638,0.5110689697936528
A47. Wages and prices,M638,0.9786948469530645
A47. Wages and prices,N638,0.9973209697635866
A47. Wages and prices,O638,1.068924698470573
A47. Wages and prices,P638,1.1048927910804316
A47. Wages and prices,Q638,1.0719025219011007
A47. Wages and prices,R638,1.1079468089149058
A47. Wages and prices,S638,37.93333247302169
A47. Wages and prices,T638,2.4789379338773476
A47. Wages and prices,U638,3.4223711517626274
A47. Wages and prices,W638,8.38
A47. Wages and prices,X638,4.63
A47. Wages and prices,Z638,21.384045506301327
A47. Wages and prices,AA638,33.199999999999996
A47. Wages and prices,AB638,41.38455700336937
A47. Wages and prices,AC638,26.0419044961783
A47. Wages and prices,AD638,0.36
A47. Wages and prices,AE638,34.673987685451294
A47. Wages and prices,AF638,34.89921600616136
A47. Wages and prices,AG638,48
A47. Wages and prices,AH638,32
A47. Wages and prices,AI638,19
A47. Wages and prices,AJ638,60
A47. Wages and prices,AK638,36
A47. Wages and prices,AL638,1.25
A47. Wages and prices,AM638,1.125
A47. Wages and prices,AN638,48
A47. Wages and prices,AO638,30
A47. Wages and prices,AP638,60
A47. Wages and prices,AQ638,32.497577399788824
A47. Wages and prices,AR638,166
A47. Wages and prices,AT638,44
A47. Wages and prices,AU638,23.999999999999996
A47. Wages and prices,AV638,95.65217391304348
A47. Wages and prices,AW638,104.43380286653651
A47. Wages and prices,AX638,100.04298838979
A47. Wages and prices,AY638,86.27966266542285
A47. Wages and prices,BA638,27.508158541105203
A47. Wages and prices,BB638,153.96760523568636
A47. Wages and prices,BG638,107.46677608119276
A47. Wages and prices,BH638,5.294050843950751
A47. Wages and prices,BJ638,137
A47. Wages and prices,BK638,143.2
A47. Wages and prices,BL638,101.8
A47. Wages and prices,BM638,287
A47. Wages and prices,BN638,273
A47. Wages and prices,BO638,277.2
A47. Wages and prices,BP638,136.647526014216
A47. Wages and prices,BZ638,4.473264651811644
A47. Wages and prices,CA638,218.35202173387822
A47. Wages and prices,A639,1841
A47. Wages and prices,B639,0.5212755666362016
A47. Wages and prices,C639,43.584427039966734
A47. Wages and prices,D639,1.258368186727605
A47. Wages and prices,E639,-1.815642458100541
A47. Wages and prices,F639,1.4090762218241888
A47. Wages and prices,G639,1.0645983293562475
A47. Wages and prices,H639,0.9617796645858092
A47. Wages and prices,I639,1.443638003126282
A47. Wages and prices,J639,1.1430434980718283
A47. Wages and prices,K639,1.1456292694264907
A47. Wages and prices,L639,0.4964669992281199
A47. Wages and prices,M639,0.9692394380272725
A47. Wages and prices,N639,0.9838633312119631
A47. Wages and prices,O639,1.0711571982910377
A47. Wages and prices,P639,1.104300127133205
A47. Wages and prices,Q639,1.0743203776646257
A47. Wages and prices,R639,1.107537182119117
A47. Wages and prices,S639,37.892458007167306
A47. Wages and prices,T639,2.378926803646
A47. Wages and prices,U639,3.1608105090534453
A47. Wages and prices,W639,8.46
A47. Wages and prices,X639,4.75
A47. Wages and prices,Z639,21.466124907341733
A47. Wages and prices,AA639,30.8
A47. Wages and prices,AB639,43.632565731675335
A47. Wages and prices,AC639,29.44914719637366
A47. Wages and prices,AD639,0.36
A47. Wages and prices,AE639,36.81503336944314
A47. Wages and prices,AF639,37.32237362345671
A47. Wages and prices,AG639,48
A47. Wages and prices,AH639,32
A47. Wages and prices,AI639,19
A47. Wages and prices,AJ639,60
A47. Wages and prices,AK639,36
A47. Wages and prices,AL639,1.25
A47. Wages and prices,AM639,1.125
A47. Wages and prices,AN639,48
A47. Wages and prices,AO639,30
A47. Wages and prices,AP639,60
A47. Wages and prices,AQ639,32.494273432719226
A47. Wages and prices,AR639,166
A47. Wages and prices,AT639,45
A47. Wages and prices,AU639,23.999999999999996
A47. Wages and prices,AV639,97.82608695652173
A47. Wages and prices,AW639,103.84832529645278
A47. Wages and prices,AX639,100.83720612648726
A47. Wages and prices,AY639,86.96461659880744
A47. Wages and prices,BA639,27.525287500694766
A47. Wages and prices,BB639,154.06347878840864
A47. Wages and prices,BG639,104.62450966167202
A47. Wages and prices,BH639,5.152876154778732
A47. Wages and prices,BJ639,132
A47. Wages and prices,BK639,140.6
A47. Wages and prices,BL639,98.9
A47. Wages and prices,BM639,265
A47. Wages and prices,BN639,253
A47. Wages and prices,BO639,256.6
A47. Wages and prices,BP639,123.81518981552799
A47. Wages and prices,BZ639,4.370379564819976
A47. Wages and prices,CA639,213.329925233999
A47. Wages and prices,A640,1842
A47. Wages and prices,B640,0.5181353523793569
A47. Wages and prices,C640,43.52026927123666
A47. Wages and prices,D640,1.1867682899009988
A47. Wages and prices,E640,-5.68990042674254
A47. Wages and prices,F640,1.3019864289655505
A47. Wages and prices,G640,0.9836888563251728
A47. Wages and prices,H640,0.9326349104720025
A47. Wages and prices,I640,1.312006390592846
A47. Wages and prices,J640,1.1042282036408178
A47. Wages and prices,K640,1.1069456837055962
A47. Wages and prices,L640,0.4973028022571235
A47. Wages and prices,M640,0.9385402600164969
A47. Wages and prices,N640,0.9542253077048966
A47. Wages and prices,O640,1.0246079390947216
A47. Wages and prices,P640,1.046669275200789
A47. Wages and prices,Q640,1.027208083989376
A47. Wages and prices,R640,1.049302669790346
A47. Wages and prices,S640,36.00657500891183
A47. Wages and prices,T640,2.213245068369206
A47. Wages and prices,U640,3.029119381305401
A47. Wages and prices,W640,7.9
A47. Wages and prices,X640,4.51
A47. Wages and prices,Z640,21.332529342009913
A47. Wages and prices,AA640,30
A47. Wages and prices,AB640,43.91218270734001
A47. Wages and prices,AC640,30.414758026136834
A47. Wages and prices,AD640,0.36
A47. Wages and prices,AE640,37.2184841319719
A47. Wages and prices,AF640,37.79366096050659
A47. Wages and prices,AG640,48
A47. Wages and prices,AH640,32
A47. Wages and prices,AI640,19
A47. Wages and prices,AJ640,60
A47. Wages and prices,AK640,36
A47. Wages and prices,AL640,1.25
A47. Wages and prices,AM640,1.125
A47. Wages and prices,AN640,48
A47. Wages and prices,AO640,30
A47. Wages and prices,AP640,60
A47. Wages and prices,AQ640,32.30408353667272
A47. Wages and prices,AR640,165
A47. Wages and prices,AT640,45
A47. Wages and prices,AU640,23.999999999999993
A47. Wages and prices,AV640,97.82608695652173
A47. Wages and prices,AW640,102.52748887025481
A47. Wages and prices,AX640,100.17678791338827
A47. Wages and prices,AY640,86.91866123075086
A47. Wages and prices,BA640,27.48476933515644
A47. Wages and prices,BB640,153.83669207321805
A47. Wages and prices,BG640,100.81000620549874
A47. Wages and prices,BH640,4.951198027390131
A47. Wages and prices,BJ640,124
A47. Wages and prices,BK640,132.6
A47. Wages and prices,BL640,96.9
A47. Wages and prices,BM640,278
A47. Wages and prices,BN640,284
A47. Wages and prices,BO640,282.2
A47. Wages and prices,BP640,120.06322520700002
A47. Wages and prices,BZ640,4.038230717893658
A47. Wages and prices,CA640,197.1168509162151
A47. Wages and prices,A641,1843
A47. Wages and prices,B641,0.5105988381629298
A47. Wages and prices,C641,43.06476637031822
A47. Wages and prices,D641,1.091003427895413
A47. Wages and prices,E641,-8.069381598793356
A47. Wages and prices,F641,1.1548619624924432
A47. Wages and prices,G641,0.8725320155604283
A47. Wages and prices,H641,0.7715344557480708
A47. Wages and prices,I641,1.177912072492836
A47. Wages and prices,J641,1.05001212110787
A47. Wages and prices,K641,1.0263148846843766
A47. Wages and prices,L641,0.49809342674401863
A47. Wages and prices,M641,0.8957947766940708
A47. Wages and prices,N641,0.9140970482852001
A47. Wages and prices,O641,0.9868159492839864
A47. Wages and prices,P641,1.0110976989715235
A47. Wages and prices,Q641,0.9892283678189969
A47. Wages and prices,R641,1.0135475172681614
A47. Wages and prices,S641,34.79360630608464
A47. Wages and prices,T641,2.148777280775232
A47. Wages and prices,U641,2.7616901315754188
A47. Wages and prices,W641,7.17
A47. Wages and prices,X641,4.16
A47. Wages and prices,Z641,20.442909668413527
A47. Wages and prices,AA641,28.4
A47. Wages and prices,AB641,42.9423617455966
A47. Wages and prices,AC641,32.37705367549582
A47. Wages and prices,AD641,0.36
A47. Wages and prices,AE641,37.189001187802255
A47. Wages and prices,AF641,37.89763839245356
A47. Wages and prices,AG641,48
A47. Wages and prices,AH641,32
A47. Wages and prices,AI641,19
A47. Wages and prices,AJ641,60
A47. Wages and prices,AK641,36
A47. Wages and prices,AL641,1.25
A47. Wages and prices,AM641,1.125
A47. Wages and prices,AN641,48
A47. Wages and prices,AO641,30
A47. Wages and prices,AP641,60
A47. Wages and prices,AQ641,31.839910560553516
A47. Wages and prices,AR641,162.6
A47. Wages and prices,AT641,45
A47. Wages and prices,AU641,24
A47. Wages and prices,AV641,97.82608695652173
A47. Wages and prices,AW641,101.08518117794712
A47. Wages and prices,AX641,99.45563406723443
A47. Wages and prices,AY641,87.56664682492408
A47. Wages and prices,BA641,27.197101258352685
A47. Wages and prices,BB641,152.226567396132
A47. Wages and prices,BG641,94.86677307336184
A47. Wages and prices,BH641,4.507506147135212
A47. Wages and prices,BJ641,111
A47. Wages and prices,BK641,121.9
A47. Wages and prices,BL641,86.5
A47. Wages and prices,BM641,215
A47. Wages and prices,BN641,198
A47. Wages and prices,BO641,203.1
A47. Wages and prices,BP641,99.3238769805
A47. Wages and prices,BZ641,3.5819106467716746
A47. Wages and prices,CA641,174.8426467626828
A47. Wages and prices,A642,1844
A47. Wages and prices,B642,0.5131110095684056
A47. Wages and prices,C642,43.46535670422083
A47. Wages and prices,D642,1.1268033763087162
A47. Wages and prices,E642,3.281378178835112
A47. Wages and prices,F642,1.1537071005299508
A47. Wages and prices,G642,0.8716594835448679
A47. Wages and prices,H642,0.877906706344391
A47. Wages and prices,I642,1.1979831228604227
A47. Wages and prices,J642,1.0832447165412475
A47. Wages and prices,K642,1.0712377584247705
A47. Wages and prices,L642,0.5123246675081335
A47. Wages and prices,M642,0.9237862441844544
A47. Wages and prices,N642,0.9450983027268166
A47. Wages and prices,O642,0.9936933923903194
A47. Wages and prices,P642,1.0257425078727846
A47. Wages and prices,Q642,0.9951602934560707
A47. Wages and prices,R642,1.0272344630466042
A47. Wages and prices,S642,35.41502970124769
A47. Wages and prices,T642,2.199198246797075
A47. Wages and prices,U642,2.7624529116121033
A47. Wages and prices,W642,7.25
A47. Wages and prices,X642,4.28
A47. Wages and prices,Z642,20.662781915720725
A47. Wages and prices,AA642,29.2
A47. Wages and prices,AB642,42.220073867324835
A47. Wages and prices,AC642,28.080122789682775
A47. Wages and prices,AD642,0.36
A47. Wages and prices,AE642,35.41996548502078
A47. Wages and prices,AF642,35.996348357757306
A47. Wages and prices,AG642,48
A47. Wages and prices,AH642,32
A47. Wages and prices,AI642,19
A47. Wages and prices,AJ642,60
A47. Wages and prices,AK642,36
A47. Wages and prices,AL642,1.25
A47. Wages and prices,AM642,1.125
A47. Wages and prices,AN642,48
A47. Wages and prices,AO642,30
A47. Wages and prices,AP642,60
A47. Wages and prices,AQ642,32.0036100195774
A47. Wages and prices,AR642,163.4
A47. Wages and prices,AT642,46
A47. Wages and prices,AU642,23.999999999999993
A47. Wages and prices,AV642,100
A47. Wages and prices,AW642,102.00665553692149
A47. Wages and prices,AX642,101.00332776846074
A47. Wages and prices,AY642,88.49393376771694
A47. Wages and prices,BA642,27.450089879737053
A47. Wages and prices,BB642,153.64258556136915
A47. Wages and prices,BG642,94.18661349939384
A47. Wages and prices,BH642,4.668848649046092
A47. Wages and prices,BJ642,115
A47. Wages and prices,BK642,125.9
A47. Wages and prices,BL642,89.5
A47. Wages and prices,BM642,235
A47. Wages and prices,BN642,224
A47. Wages and prices,BO642,227.29999999999998
A47. Wages and prices,BP642,113.017762268
A47. Wages and prices,BZ642,3.5783287361249028
A47. Wages and prices,CA642,174.66780411592012
A47. Wages and prices,A643,1845
A47. Wages and prices,B643,0.5184493738050414
A47. Wages and prices,C643,44.075248398352265
A47. Wages and prices,D643,1.1303833711500464
A47. Wages and prices,E643,0.3177124702144454
A47. Wages and prices,F643,1.2102387484559185
A47. Wages and prices,G643,0.9143707982385664
A47. Wages and prices,H643,0.871465630995974
A47. Wages and prices,I643,1.296031042892941
A47. Wages and prices,J643,1.0849888032051702
A47. Wages and prices,K643,1.1532900122615615
A47. Wages and prices,L643,0.4973028022571235
A47. Wages and prices,M643,0.9231965999932525
A47. Wages and prices,N643,0.9492548442725197
A47. Wages and prices,O643,1.0087474582291673
A47. Wages and prices,P643,1.0437239243912495
A47. Wages and prices,Q643,1.0105747452927574
A47. Wages and prices,R643,1.0455919143800207
A47. Wages and prices,S643,35.993940885437965
A47. Wages and prices,T643,2.2513882981594855
A47. Wages and prices,U643,2.7680289091335464
A47. Wages and prices,W643,7.33
A47. Wages and prices,X643,4.4
A47. Wages and prices,Z643,20.72743337943194
A47. Wages and prices,AA643,31.6
A47. Wages and prices,AB643,43.3496570496856
A47. Wages and prices,AC643,28.877505972425
A47. Wages and prices,AD643,0.36
A47. Wages and prices,AE643,36.16594735220214
A47. Wages and prices,AF643,36.908427014399294
A47. Wages and prices,AG643,48
A47. Wages and prices,AH643,32
A47. Wages and prices,AI643,19
A47. Wages and prices,AJ643,60
A47. Wages and prices,AK643,36
A47. Wages and prices,AL643,1.25
A47. Wages and prices,AM643,1.125
A47. Wages and prices,AN643,48
A47. Wages and prices,AO643,30
A47. Wages and prices,AP643,60
A47. Wages and prices,AQ643,32.31835638174322
A47. Wages and prices,AR643,165.1
A47. Wages and prices,AT643,46
A47. Wages and prices,AU643,23.999999999999993
A47. Wages and prices,AV643,100
A47. Wages and prices,AW643,102.78393633297503
A47. Wages and prices,AX643,101.39196816648752
A47. Wages and prices,AY643,87.91973098163405
A47. Wages and prices,BA643,27.835260578662602
A47. Wages and prices,BB643,155.79844815871112
A47. Wages and prices,BG643,94.3595272574965
A47. Wages and prices,BH643,4.608345210829512
A47. Wages and prices,BJ643,113
A47. Wages and prices,BK643,126.3
A47. Wages and prices,BL643,87.6
A47. Wages and prices,BM643,241
A47. Wages and prices,BN643,220
A47. Wages and prices,BO643,226.3
A47. Wages and prices,BP643,112.188567187
A47. Wages and prices,BZ643,3.753666844195023
A47. Wages and prices,CA643,183.2265265176002
A47. Wages and prices,A644,1846
A47. Wages and prices,B644,0.5394888093259003
A47. Wages and prices,C644,46.08851066731059
A47. Wages and prices,D644,1.2646331776999333
A47. Wages and prices,E644,11.876484560570091
A47. Wages and prices,F644,1.2586482983941554
A47. Wages and prices,G644,0.9509456301681091
A47. Wages and prices,H644,1.3375855868497646
A47. Wages and prices,I644,1.3576796714166264
A47. Wages and prices,J644,1.0834267669976034
A47. Wages and prices,K644,1.231923422188486
A47. Wages and prices,L644,0.47255017409047934
A47. Wages and prices,M644,0.9189568911528702
A47. Wages and prices,N644,0.9533068430872175
A47. Wages and prices,O644,1.0099229302169312
A47. Wages and prices,P644,1.0484258990296798
A47. Wages and prices,Q644,1.0116224718738078
A47. Wages and prices,R644,1.050167481097067
A47. Wages and prices,S644,36.173185924161345
A47. Wages and prices,T644,2.2160099128266735
A47. Wages and prices,U644,2.8195855409328794
A47. Wages and prices,W644,7.41
A47. Wages and prices,X644,4.51
A47. Wages and prices,Z644,21.13326008771563
A47. Wages and prices,AA644,32.8
A47. Wages and prices,AB644,42.97681533375871
A47. Wages and prices,AC644,29.138256059114784
A47. Wages and prices,AD644,0.36
A47. Wages and prices,AE644,36.3061508466045
A47. Wages and prices,AF644,37.06529118061424
A47. Wages and prices,AG644,48
A47. Wages and prices,AH644,32
A47. Wages and prices,AI644,19
A47. Wages and prices,AJ644,60
A47. Wages and prices,AK644,36
A47. Wages and prices,AL644,1.25
A47. Wages and prices,AM644,1.125
A47. Wages and prices,AN644,48
A47. Wages and prices,AO644,30
A47. Wages and prices,AP644,60
A47. Wages and prices,AQ644,33.64500231244575
A47. Wages and prices,AR644,171.8
A47. Wages and prices,AT644,46
A47. Wages and prices,AU644,23.999999999999996
A47. Wages and prices,AV644,100
A47. Wages and prices,AW644,102.27751277196556
A47. Wages and prices,AX644,101.13875638598279
A47. Wages and prices,AY644,84.27995985877723
A47. Wages and prices,BA644,29.106715236459593
A47. Wages and prices,BB644,162.91498518659816
A47. Wages and prices,BG644,98.10068187894703
A47. Wages and prices,BH644,5.228505452549458
A47. Wages and prices,BJ644,118
A47. Wages and prices,BK644,141.3
A47. Wages and prices,BL644,96.3
A47. Wages and prices,BM644,304
A47. Wages and prices,BN644,308
A47. Wages and prices,BO644,306.8
A47. Wages and prices,BP644,172.194754608
A47. Wages and prices,BZ644,3.903813517962824
A47. Wages and prices,CA644,190.55558757830423
A47. Wages and prices,A645,1847
A47. Wages and prices,B645,0.5533057520560164
A47. Wages and prices,C645,47.470750464126034
A47. Wages and prices,D645,1.3550280474435237
A47. Wages and prices,E645,7.147912243453646
A47. Wages and prices,F645,1.4096860942014542
A47. Wages and prices,G645,1.0650591057882823
A47. Wages and prices,H645,1.964365052756006
A47. Wages and prices,I645,1.460085605284453
A47. Wages and prices,J645,1.1778086274183959
A47. Wages and prices,K645,1.2645831099453386
A47. Wages and prices,L645,0.4988424394158142
A47. Wages and prices,M645,0.9972239823061444
A47. Wages and prices,N645,1.0237522406300013
A47. Wages and prices,O645,1.0827659605983555
A47. Wages and prices,P645,1.1263949751239972
A47. Wages and prices,Q645,1.084726205914453
A47. Wages and prices,R645,1.12840975732462
A47. Wages and prices,S645,38.84532370195209
A47. Wages and prices,T645,2.240544252832743
A47. Wages and prices,U645,2.937436630130491
A47. Wages and prices,W645,7.98
A47. Wages and prices,X645,4.93
A47. Wages and prices,Z645,21.927577843743354
A47. Wages and prices,AA645,33.199999999999996
A47. Wages and prices,AB645,44.90484933845833
A47. Wages and prices,AC645,28.194867335530507
A47. Wages and prices,AD645,0.36
A47. Wages and prices,AE645,37.028578260235115
A47. Wages and prices,AF645,37.7641642851277
A47. Wages and prices,AG645,49
A47. Wages and prices,AH645,33
A47. Wages and prices,AI645,19
A47. Wages and prices,AJ645,60
A47. Wages and prices,AK645,36
A47. Wages and prices,AL645,1.2244897959183674
A47. Wages and prices,AM645,1.0909090909090908
A47. Wages and prices,AN645,48
A47. Wages and prices,AO645,30
A47. Wages and prices,AP645,60
A47. Wages and prices,AQ645,34.50121411066731
A47. Wages and prices,AR645,176.2
A47. Wages and prices,AT645,46
A47. Wages and prices,AU645,23.999999999999993
A47. Wages and prices,AV645,100
A47. Wages and prices,AW645,99.41730645949622
A47. Wages and prices,AX645,99.70865322974811
A47. Wages and prices,AY645,81.01339205080292
A47. Wages and prices,BA645,29.97965427423468
A47. Wages and prices,BB645,167.80096593889516
A47. Wages and prices,BG645,107.75963657131678
A47. Wages and prices,BH645,5.848665694269402
A47. Wages and prices,BJ645,139
A47. Wages and prices,BK645,151.4
A47. Wages and prices,BL645,106.9
A47. Wages and prices,BM645,496
A47. Wages and prices,BN645,625
A47. Wages and prices,BO645,586.3
A47. Wages and prices,BP645,252.88352502100003
A47. Wages and prices,BZ645,4.372271140118364
A47. Wages and prices,CA645,213.42225808770075
A47. Wages and prices,A646,1848
A47. Wages and prices,B646,0.5300681665553666
A47. Wages and prices,C646,45.70889557318064
A47. Wages and prices,D646,1.1599183285910215
A47. Wages and prices,E646,-14.398943196829606
A47. Wages and prices,F646,1.2391140768030784
A47. Wages and prices,G646,0.9361869539879001
A47. Wages and prices,H646,1.3718565448093667
A47. Wages and prices,I646,1.2123375825478973
A47. Wages and prices,J646,1.0784704995117222
A47. Wages and prices,K646,1.1460776566160897
A47. Wages and prices,L646,0.5140188628371949
A47. Wages and prices,M646,0.920340104864239
A47. Wages and prices,N646,0.9456507950638232
A47. Wages and prices,O646,0.9854545532923233
A47. Wages and prices,P646,1.0216630387508574
A47. Wages and prices,Q646,0.9865586000413045
A47. Wages and prices,R646,1.0227854906588005
A47. Wages and prices,S646,35.31343659494988
A47. Wages and prices,T646,1.9854465543324744
A47. Wages and prices,U646,2.4261258903977287
A47. Wages and prices,W646,7.65
A47. Wages and prices,X646,4.81
A47. Wages and prices,Z646,21.432170913290115
A47. Wages and prices,AA646,30
A47. Wages and prices,AB646,43.4333592429449
A47. Wages and prices,AC646,28.53042186979813
A47. Wages and prices,AD646,0.36
A47. Wages and prices,AE646,36.3838440184453
A47. Wages and prices,AF646,37.07691076472338
A47. Wages and prices,AG646,49
A47. Wages and prices,AH646,33
A47. Wages and prices,AI646,19
A47. Wages and prices,AJ646,60
A47. Wages and prices,AK646,36
A47. Wages and prices,AL646,1.2244897959183674
A47. Wages and prices,AM646,1.0909090909090908
A47. Wages and prices,AN646,48
A47. Wages and prices,AO646,30
A47. Wages and prices,AP646,61
A47. Wages and prices,AQ646,33.05330247693823
A47. Wages and prices,AR646,168.8
A47. Wages and prices,AT646,46
A47. Wages and prices,AU646,23.999999999999996
A47. Wages and prices,AV646,100
A47. Wages and prices,AW646,101.75046988660809
A47. Wages and prices,AX646,100.87523494330404
A47. Wages and prices,AY646,85.55432857446279
A47. Wages and prices,BA646,28.866973307629177
A47. Wages and prices,BB646,161.57311089859573
A47. Wages and prices,BG646,94.85396431456805
A47. Wages and prices,BH646,4.905820448727698
A47. Wages and prices,BJ646,113
A47. Wages and prices,BK646,129.6
A47. Wages and prices,BL646,90.5
A47. Wages and prices,BM646,382
A47. Wages and prices,BN646,472
A47. Wages and prices,BO646,445
A47. Wages and prices,BP646,176.606643652
A47. Wages and prices,BZ646,3.8432263321640425
A47. Wages and prices,CA646,187.59816485908897
A47. Wages and prices,A647,1849
A47. Wages and prices,B647,0.5206475237848328
A47. Wages and prices,C647,45.04373623543868
A47. Wages and prices,D647,1.112483396943395
A47. Wages and prices,E647,-4.089506172839506
A47. Wages and prices,F647,1.1610498899644845
A47. Wages and prices,G647,0.8772071758866624
A47. Wages and prices,H647,1.1237285319202122
A47. Wages and prices,I647,1.150432618770475
A47. Wages and prices,J647,1.1047910785872017
A47. Wages and prices,K647,1.0246622037106496
A47. Wages and prices,L647,0.5140188628371949
A47. Wages and prices,M647,0.9411182309716696
A47. Wages and prices,N647,0.95197800363453
A47. Wages and prices,O647,0.9725355687052838
A47. Wages and prices,P647,1.0071001171914498
A47. Wages and prices,Q647,0.9730979857080689
A47. Wages and prices,R647,1.007660689820311
A47. Wages and prices,S647,34.86761478278938
A47. Wages and prices,T647,1.8979122451852082
A47. Wages and prices,U647,2.4289453677646877
A47. Wages and prices,W647,7.41
A47. Wages and prices,X647,4.72
A47. Wages and prices,Z647,20.453685921101957
A47. Wages and prices,AA647,30
A47. Wages and prices,AB647,44.35949560827869
A47. Wages and prices,AC647,29.1328368474901
A47. Wages and prices,AD647,0.36
A47. Wages and prices,AE647,36.51399519142777
A47. Wages and prices,AF647,37.44265977064349
A47. Wages and prices,AG647,49
A47. Wages and prices,AH647,33
A47. Wages and prices,AI647,19
A47. Wages and prices,AJ647,60
A47. Wages and prices,AK647,36
A47. Wages and prices,AL647,1.2244897959183674
A47. Wages and prices,AM647,1.0909090909090908
A47. Wages and prices,AN647,48
A47. Wages and prices,AO647,30
A47. Wages and prices,AP647,61
A47. Wages and prices,AQ647,32.46362334491948
A47. Wages and prices,AR647,165.8
A47. Wages and prices,AT647,47
A47. Wages and prices,AU647,23.999999999999993
A47. Wages and prices,AV647,102.17391304347827
A47. Wages and prices,AW647,102.83383391369367
A47. Wages and prices,AX647,102.50387347858597
A47. Wages and prices,AY647,88.50863056699554
A47. Wages and prices,BA647,28.44689890838722
A47. Wages and prices,BB647,159.22188665450622
A47. Wages and prices,BG647,90.69131065235155
A47. Wages and prices,BH647,4.724310134077957
A47. Wages and prices,BJ647,103
A47. Wages and prices,BK647,124.3
A47. Wages and prices,BL647,86.5
A47. Wages and prices,BM647,331
A47. Wages and prices,BN647,396
A47. Wages and prices,BO647,376.5
A47. Wages and prices,BP647,144.663758867
A47. Wages and prices,BZ647,3.6011030732377085
A47. Wages and prices,CA647,175.77948047296638
A47. Wages and prices,A648,1850
A47. Wages and prices,B648,0.5181353523793572
A47. Wages and prices,C648,44.972302802517675
A47. Wages and prices,D648,1.0650484652957681
A47. Wages and prices,E648,-4.263877715205169
A47. Wages and prices,F648,1.0867426970067575
A47. Wages and prices,G648,0.8210659166299159
A47. Wages and prices,H648,1.2668290779687272
A47. Wages and prices,I648,1.1806801787114096
A47. Wages and prices,J648,1.0295719444688332
A47. Wages and prices,K648,0.971631440536151
A47. Wages and prices,L648,0.4764077265320342
A47. Wages and prices,M648,0.8767145179305207
A47. Wages and prices,N648,0.8883961751528854
A47. Wages and prices,O648,0.9121732310329891
A47. Wages and prices,P648,0.9394238141917244
A47. Wages and prices,Q648,0.9129819980068808
A47. Wages and prices,R648,0.9402363703994413
A47. Wages and prices,S648,32.495609428003384
A47. Wages and prices,T648,1.9671078269291733
A47. Wages and prices,U648,2.561181925838566
A47. Wages and prices,W648,7.57
A47. Wages and prices,X648,4.82
A47. Wages and prices,Z648,18.609591258802407
A47. Wages and prices,AA648,30
A47. Wages and prices,AB648,44.13019755803156
A47. Wages and prices,AC648,29.12661613616195
A47. Wages and prices,AD648,0.32
A47. Wages and prices,AE648,36.376513914229314
A47. Wages and prices,AF648,36.830853253681965
A47. Wages and prices,AG648,49
A47. Wages and prices,AH648,33
A47. Wages and prices,AJ648,60
A47. Wages and prices,AK648,36
A47. Wages and prices,AL648,1.2244897959183674
A47. Wages and prices,AM648,1.0909090909090908
A47. Wages and prices,AN648,48
A47. Wages and prices,AO648,30
A47. Wages and prices,AP648,61
A47. Wages and prices,AQ648,32.29990778095924
A47. Wages and prices,AR648,165
A47. Wages and prices,AT648,47
A47. Wages and prices,AU648,23.999999999999996
A47. Wages and prices,AV648,102.17391304347827
A47. Wages and prices,AW648,103.14054633163161
A47. Wages and prices,AX648,102.65722968755495
A47. Wages and prices,AY648,89.07082325113623
A47. Wages and prices,BA648,28.401785873483504
A47. Wages and prices,BB648,158.96938171352085
A47. Wages and prices,BG648,86.81401311604591
A47. Wages and prices,BH648,4.447002708918632
A47. Wages and prices,BJ648,101
A47. Wages and prices,BK648,119
A47. Wages and prices,BL648,84.6
A47. Wages and prices,BM648,312
A47. Wages and prices,BN648,367
A47. Wages and prices,BO648,350.5
A47. Wages and prices,BP648,163.085879779
A47. Wages and prices,BZ648,3.370632476550495
A47. Wages and prices,CA648,164.52959372269652
