文件,标题,source_url,抓取卡(pageindex),引用卡(卡文件内出现),主题标签(自动),人工主题说明,书稿引用,书稿行号
downloads/pages/0041bf50b077.md,Talleyrand (RDDM) - Wikisource,https://fr.wikisource.org/wiki/Talleyrand_(RDDM),t_75e9a5,old:t_75e9a5;old:t_b7b7b1,外交,"Talleyrand (RDDM, Wikisource)",是(主题键),4269
downloads/pages/004521d1e27f.md,The Financial Crisis of 1825 and the Restructuring of the British Financial System,https://doi.org/10.20955/r.80.53-76,t_bef693,old:t_759180;old:t_95ef51;old:t_a8401d;old:t_bef693;t_044211;t_24b942;t_c69786,,,否(URL未见),
downloads/pages/0055bf372201.md,"NAVY ESTIMATES. (Hansard, 13 May 1814)",https://api.parliament.uk/historic-hansard/commons/1814/may/13/navy-estimates,,t_998052;t_c69786,,,否(URL未见),
downloads/pages/005f5fc2651f.md,The Napoleon Options - Jonathan North,https://www.jpnorth.co.uk/jonathan-norths-publications/books-napoleonic-and-french-revolution/the-napoleon-options/,t_3dc3c2,old:t_3dc3c2;old:t_759180,,,否(URL未见),
downloads/pages/00a2dabd2063.md,Naval history of Great Britain by William James - Abstract No 17 - 1809,https://sites.rootsweb.com/~pbtyc/Naval_History/Vol_V/Abstract_17.html,t_998052,t_998052;t_c69786,,,否(URL未见),
downloads/pages/00bd118bdd34.md,,https://brittlebooks.library.illinois.edu/brittlebooks_closed/Books2009-09/wrigch0001hisllo/wrigch0001hisllo_ocr.txt,t_0a8308,t_0a8308,,,否(URL未见),
downloads/pages/00ca352688de.md,18120224-001:allianzvertrag  -  EPOCHE NAPOLEON,https://www.epoche-napoleon.net/quellen/1812/02/24/allianzvertrag.html,,old:t_759180;old:t_75e9a5;old:t_7da32d;old:t_a8401d;old:t_b7b7b1;t_0a8308;t_20658d;t_3ee1b0;t_611e2b;t_8a7b54;t_f314c4,,,否(URL未见),
downloads/pages/00d5209cab8f.md,"Pologne, Constitution de 1815, Digith\u00e8que MJP",https://mjp.univ-perp.fr/constit/pl1815.htm,t_91cbee,t_0a8308;t_20658d;t_611e2b;t_8a7b54;t_91cbee;t_f314c4,大陆诸国,波兰1815年宪法（MJP）,是(主题键),4436
downloads/pages/010052ac67de.md,"Russian Empire - Autocracy, Reforms, Nicholas I | Britannica",https://www.britannica.com/place/Russian-Empire/Nicholas-I,t_29957a,t_0a8308;t_20658d;t_29957a;t_611e2b;t_8a7b54;t_f314c4,大陆诸国,,否(URL未见),
downloads/pages/010808bc768f.md,Informal Empire,https://www.britishempire.co.uk/article/informalempireappendices.htm,,old:t_759180;old:t_b7b7b1;t_0a8308;t_0fed70;t_20658d;t_611e2b;t_8a7b54;t_c69786;t_f314c4,,,否(URL未见),
downloads/pages/0165ca641153.md,"Protest and democracy 1818 to 1820, part 2 - The National Archives",https://www.nationalarchives.gov.uk/education/resources/protest-democracy-1818-1820/,t_87ba37,t_0a8308;t_20658d;t_611e2b;t_87ba37;t_8a7b54;t_b702da;t_eaa841;t_f314c4,,,否(URL未见),
downloads/pages/01abff002529.md,,https://archive.org/metadata/driault-la-politique-orientale-de-napoleon,t_ca3e8d,t_ca3e8d,,,否(URL未见),
downloads/pages/01c0c0eb46a8.md,"Britain against Napoleon, by Roger Knight",https://www.ft.com/content/09dfe7f0-6738-11e3-a5f9-00144feabdc0,,old:t_759180;old:t_95ef51;old:t_a8401d,,,否(URL未见),
downloads/pages/01cf29aa1f98.md,"The Supply of Timber for the Royal Navy, c.1803\u2013c.1830 \u2013 The Navy Records Society",https://www.navyrecords.org.uk/members_blog/the-supply-of-timber-for-the-royal-navy-c-1803-c-1830/,,,,,否(URL未见),
downloads/pages/01f3adc0ec2a.md,De l\u2019esprit de conqu\u00eate et de l\u2019usurpation dans leur rapports avec la civilisation europ\u00e9enne/13 - Wikisource,https://fr.wikisource.org/wiki/De_l%E2%80%99esprit_de_conqu%C3%AAte_et_de_l%E2%80%99usurpation_dans_leur_rapports_avec_la_civilisation_europ%C3%A9enne/13,,t_0a8308;t_20658d;t_8a7b54;t_b702da,,,否(URL未见),
downloads/pages/02935a70559b.md,S\u00e4kularisation \u2013 Historisches Lexikon Bayerns,https://www.historisches-lexikon-bayerns.de/Lexikon/S%C3%A4kularisation,t_f55d87,t_f55d87,大陆诸国,巴伐利亚世俗化（HLB）,是(主题键),1742;1744;1910
downloads/pages/02c1f081e6e3.md,"COLONIAL REVENUE AND EXPENDITURE.\u2014 (Hansard, 25 February 1823)",https://api.parliament.uk/historic-hansard/commons/1823/feb/25/colonial-revenue-and-expenditure,t_0fed70,t_0a8308;t_0fed70;t_20658d;t_611e2b;t_8a7b54;t_f314c4,,,是(URL),1465
downloads/pages/02d7ce89e9a3.md,Wellington: The Path to Victory 1769-1814; Waterloo and the Fortunes of Peace 1814\u20131852  \u00bb Explore the Commentary,https://lifeofwellington.co.uk/explore-the-commentary/,,,,,否(URL未见),
downloads/pages/0425dd27bde8.md,Gallica | V\u00e9rification de s\u00e9curit\u00e9,https://gallica.bnf.fr/ark:/12148/bpt6k63097553.texteBrut,t_75e9a5,old:t_75e9a5;old:t_b7b7b1,,,否(URL未见),
downloads/pages/04307a1973c7.md,"Correspondance g\u00e9n\u00e9rale de Napol\u00e9on Bonaparte, Tome 11 : bruits de bottes. Avril-d\u00e9cembre 1811. Introduction au volume - napoleon.",https://www.napoleon.org/histoire-des-2-empires/articles/correspondance-generale-de-napoleon-bonaparte-tome-11-bruits-de-bottes-avril-decembre-1811-introduction-au-volume/,t_08b9e7,t_08b9e7;t_0a8308;t_20658d;t_611e2b;t_8a7b54;t_be9258;t_eaa841;t_f314c4,外交,,是(URL),5145
downloads/pages/04c2ed9cef98.md,Machine \u00e0 vapeur de la corvette \u00e0 roues le Sphinx | Mus\u00e9e national de la Marine de Paris,https://www.musee-marine.fr/nos-musees/paris/collections/oeuvres-phares/machine-a-vapeur-de-la-corvette-a-roues-le-sphinx.html,t_b1a536,t_02f417;t_0a8308;t_0e763d;t_20658d;t_24b942;t_611e2b;t_8a7b54;t_b1a536;t_be9258;t_f314c4,,,是(URL),1445
downloads/pages/05431bdd1dd4.md,Senatsbeschlu\ufffd \ufffdber die Aus\ufffdbung der Funktionen der Deputirten des gesetzgebenden K\ufffdrpers der IV. Serie w\ufffdhrend der am n\ufff,https://www.verfassungen.eu/f/fverf13-3.htm,t_b09c54,old:t_759180;old:t_a8401d;old:t_b09c54,,,是(URL),442
downloads/pages/05479ec52500.md,"FRANCE. (Hansard, 21 April 1823)",https://api.parliament.uk/historic-hansard/commons/1823/apr/21/france,,,,,否(URL未见),
downloads/pages/05516ff3b7df.md,r.jina.ai,https://r.jina.ai/https://www.persee.fr/doc/reco_0035-2764_1953_num_4_4_406987?download=1,,,,,否(URL未见),
downloads/pages/056d83ccd7e8.md,"Chouans et Vend\u00e9ens contre l\u2019Empire, 1815 \u2014 recensio.net",https://www.recensio.net/rezensionen/zeitschriften/rh19/2016/53/chouans-et-vendeens-contre-l2019empire-1815,t_7c3954,t_7c3954,,,否(URL未见),
downloads/pages/05a0209a543e.md,"Bankrupts and Usurers of Imperial Russia: Debt, Property, and the Law in the Age of Dostoevsky and Tolstoy\n 9780674972599 - EBIN.PUB",https://ebin.pub/bankrupts-and-usurers-of-imperial-russia-debt-property-and-the-law-in-the-age-of-dostoevsky-and-tolstoy-9780674972599.html,t_29957a,t_0a8308;t_20658d;t_29957a;t_611e2b;t_8a7b54;t_f314c4,大陆诸国,"Antonov, Bankrupts and Usurers of Imperial Russia",是(主题键),1928
downloads/pages/05a35bd11a97.md,"Gaetan Souchet D'Alvimart, The Alleged Envoy of Napoleon to Mexico, 1807\u20131809",https://www.cambridge.org/core/journals/americas/article/abs/gaetan-souchet-dalvimart-the-alleged-envoy-of-napoleon-to-mexico-18071809/6BD0667146FE66F67B2C20BAD2133638,,old:t_759180;old:t_95ef51;old:t_a8401d;old:t_bef693;old:t_c2dbca;t_0a8308;t_20658d;t_8a7b54;t_9bd988;t_f314c4,,,否(URL未见),
downloads/pages/05ae2a02c794.md,"1812 - State of the British Navy, Russia declares war against France",https://sites.rootsweb.com/~pbtyc/Naval_History/Vol_VI/P_040.html,t_998052,t_998052;t_c69786,大陆诸国,,否(URL未见),
downloads/pages/06336e780629.md,"British Strategic Foreign Policy, 1806-1815 - napoleon.org",https://www.napoleon.org/en/history-of-the-two-empires/articles/british-strategic-foreign-policy-1806-1815/,,,,British Strategic Foreign Policy 1806–1815 (napoleon.org),否(人工核0命中),
downloads/pages/064046ec6241.md,Correspondance de Napol\u00e9on Ier - Septembre 1809 - Histoire du Consulat et du Premier empire,https://napoleon-histoire.com/correspondance-de-napoleon-ier-septembre-1809/,t_f4bb81,t_0a8308;t_20658d;t_3ee1b0;t_611e2b;t_8a7b54;t_f314c4;t_f4bb81,外交,拿破仑通信1809年9月（三圈照会）,否(人工核0命中),
downloads/pages/06755e525667.md,Russia - Russia from 1801 to 1917 | Britannica,https://www.britannica.com/place/Russia/Russia-from-1801-to-1917,t_29957a,t_29957a,大陆诸国,,否(URL未见),
downloads/pages/06cc3ecd49f0.md,"| July 1983, Volume 47 - Issue 187 | Belleten",https://belleten.gov.tr/eng/full-text/1814/tur,t_c17367,old:t_759180;old:t_a8401d;old:t_c17367;old:t_d604cd;t_08b9e7;t_0a8308;t_20658d;t_611e2b;t_66ee8d;t_8a7b54;t_eaa841;t_f314c4,,,否(URL未见),
downloads/pages/06e7744d9118.md,Representaci\u00f3n de los hacendados. 1809. \u2013 ADHILAC www.adhilac.com.ar,https://adhilac.com.ar/?p=206,t_f314c4,t_0a8308;t_20658d;t_8a7b54;t_eaa841;t_f314c4,,,否(URL未见),
downloads/pages/06f099bfa047.md,Bucentaure-class ship of the line,https://en.wikipedia.org/wiki/Bucentaure-class_ship_of_the_line,,t_02f417;t_0a8308;t_0e763d;t_20658d;t_24b942;t_611e2b;t_8a7b54;t_b1a536;t_be9258;t_f314c4,,,否(URL未见),
downloads/pages/06ff00adf220.md,Story of the Census,https://www.ons.gov.uk/visualisations/storyofthecensus/,t_c69786,t_20658d;t_c69786,,,是(URL),806
downloads/pages/0704a55f737b.md,"COUNT NICOLAS DE ROMANZOFF. (Hansard, 20 January 1809)",https://api.parliament.uk/historic-hansard/commons/1809/jan/20/count-nicolas-de-romanzoff,,old:t_759180;old:t_75e9a5;old:t_a8401d;old:t_b7b7b1;t_0a8308;t_20658d;t_611e2b;t_8a7b54;t_c69786;t_f314c4,,,否(URL未见),
downloads/pages/07268e71e6e2.md,T\u00e9m\u00e9raire-class ship of the line,https://en.wikipedia.org/wiki/T%C3%A9m%C3%A9raire-class_ship_of_the_line,,t_02f417;t_0a8308;t_0e763d;t_20658d;t_24b942;t_611e2b;t_8a7b54;t_b1a536;t_be9258;t_f314c4,,,否(URL未见),
downloads/pages/075f89817e85.md,,https://archive.org/metadata/dli.ernet.29532,t_611e2b,,,,否(URL未见),
downloads/pages/07fe5b14e4c3.md,The Apotheosis of the Rentier: How Napoleonic War Finance Kick-Started the Industrial Revolution | Cato Institute,https://www.cato.org/cato-journal/fall-2018/apotheosis-rentier-how-napoleonic-war-finance-kick-started-industrial,,t_044211;t_24b942;t_c69786,,,否(URL未见),
downloads/pages/086836c78dbc.md,Spanish Silver and International Banking during the Napoleonic Wars,https://doi.org/10.4000/15xoc,,,,,否(URL未见),
downloads/pages/08dbd5566e75.md,Prices | 5% cons. J. du 22 Sept. 1818. | Securities | DFIH,https://dfih.fr/securities/13009/prices,t_0a8308,t_0a8308,,,否(URL未见),
downloads/pages/09219194ce8f.md,History of Dymchurch Martello Tower | English Heritage,https://www.english-heritage.org.uk/visit/places/dymchurch-martello-tower/history/,,,,,否(URL未见),
downloads/pages/0933736149e2.md,S\ufffdbastiani's Report from the Near East,https://www.napoleon-series.org/research/government/diplomatic/c_sebastiani.html,,,外交,,否(URL未见),
downloads/pages/0955a786ba40.md,"Cary's New Itinerary 1802, page 1",https://lakesguides.co.uk/html/LakesTxt/cy38p001.htm,t_b9e29c,t_b9e29c;t_c69786,,,否(URL未见),
downloads/pages/0964a00115c5.md,"Trait\u00e9 entre la France et la Prusse pour le r\u00e8glement des contributions de guerre, l'occupation de trois places fortes et la reconnaissance ",https://napoleon-histoire.com/traite-entre-la-france-et-la-prusse-pour-le-reglement-des-contributions-de-guerre-loccupation-de-trois-places-fortes-et-la-reconnaissance-des-rois-despagne-et-de-naples/,t_75e9a5;t_3ee1b0,old:t_759180;old:t_75e9a5;old:t_a8401d;old:t_b7b7b1;t_0a8308;t_20658d;t_3ee1b0;t_611e2b;t_8a7b54;t_f314c4,外交/大陆诸国,法普1808年9月8日巴黎公约（赔款清偿、撤军、普军限额）,是(主题键),1694;1904
downloads/pages/0a2abbafcb10.md,"Hubris and Nemesis: 1789\u20131806 - Iron Kingdom: The Rise and Downfall of Prussia, 1600-1947",https://erenow.org/modern/iron-kingdom/11.php,t_3ee1b0,t_3ee1b0,大陆诸国,"Clark, Iron Kingdom ch.11",是(主题键),1904
downloads/pages/0aae65c0b4ac.md,A Tale of Two Currencies: British and French Finances During the Napoleonic Wars (Chapter 10) - The Gold Standard and Related Regimes,https://doi.org/10.1017/CBO9780511559624.011,,,,,否(URL未见),
downloads/pages/0b0e283a3d34.md,"Men of Invention and Industry/Chapter VII - Wikisource, the free online library",https://en.wikisource.org/wiki/Men_of_Invention_and_Industry/Chapter_VII,t_c69786,t_20658d;t_c69786,,,否(URL未见),
downloads/pages/0b38c118898e.md,"CLASS B.\u2014PARIS AND MADRID. (Hansard, 14 April 1823)",https://api.parliament.uk/historic-hansard/commons/1823/apr/14/class-b-paris-and-madrid,,,,,否(URL未见),
downloads/pages/0b66242e946b.md,Le Roi de Rome - Henri Welschinger,http://www.mediterranee-antique.fr/Auteurs/Fichiers/WXYZ/Welschinger/R_Rome/R_R_01.htm,t_7da32d,old:t_759180;old:t_75e9a5;old:t_7da32d;old:t_a8401d;old:t_b09c54;old:t_b7b7b1;t_08b9e7;t_0a8308;t_20658d;t_611e2b;t_8a7b54;t_be9258;t_eaa841;t_f314c4,行省化,,否(URL未见),
downloads/pages/0b986a1a0af8.md,"SUPPLY. (Hansard, 10 May 1830)",https://api.parliament.uk/historic-hansard/commons/1830/may/10/supply,t_0fed70,t_0a8308;t_0fed70;t_20658d;t_611e2b;t_8a7b54;t_f314c4,,,是(URL),1465
downloads/pages/0bb22c2907e0.md,Freden i Kiel 14. januar 1814 \u2013 Danmarkshistorien | Lex,https://danmarkshistorien.lex.dk/Freden_i_Kiel_14._januar_1814,t_8b4a3e,t_8b4a3e,,,否(URL未见),
downloads/pages/0be1d83df3e1.md,"NAVY ESTIMATES. ADMIRALTY COURT. (Hansard, 22 March 1811)",https://api.parliament.uk/historic-hansard/commons/1811/mar/22/navy-estimates-admiralty-court,,,,,否(URL未见),
downloads/pages/0c8d86631dca.md,"Encyklopedia staropolska/Bajo\u0144skie sumy - Wiki\u017ar\u00f3d\u0142a, wolna biblioteka",https://pl.wikisource.org/wiki/Encyklopedia_staropolska/Bajo%C5%84skie_sumy,t_d604cd,old:t_d604cd,大陆诸国,Bajońskie sumy（巴约讷之款）,是(主题键),1627
downloads/pages/0ca37004256f.md,Forum 28 on The Importance of Paul Schroeder\u2019s Scholarship to the Fields of International Relations and Diplomatic History - H-Diplo|RJISSF,https://issforum.org/forums/28,t_8a7b54,t_20658d;t_8a7b54,外交,,否(URL未见),
downloads/pages/0cb883e1dd4e.md,Trait\u00e9 d'alliance sign\u00e9 \u00e0 Paris le 14 mars 1812 entre la France et l\u2019Autriche,https://napoleon-histoire.com/traite-dalliance-signe-a-paris-le-14-mars-1812-entre-la-france-et-lautriche/,t_f4bb81,old:t_759180;old:t_75e9a5;old:t_7da32d;old:t_a8401d;old:t_b7b7b1;old:t_d604cd;t_0a8308;t_20658d;t_3ee1b0;t_611e2b;t_66ee8d;t_8a7b54;t_b5dab4;t_be9258;t_eaa841;t_f314c4;t_f4bb81,外交/大陆诸国,1812年3月14日法奥同盟条约,是(主题键),1898
downloads/pages/0cd45211a68f.md,Use | DFIH,https://dfih.fr/use,t_0a8308,t_0a8308,,,否(URL未见),
downloads/pages/0ce54ac10863.md,A History Of The British Army \u2013 Vol. V \u2013 (1803-1807) by Sir John William Fortescue (Ebook) - Read free for 30 days,https://www.everand.com/book/871755598/A-History-Of-The-British-Army-Vol-V-1803-1807,,old:t_2c338c;old:t_759180;t_0a8308;t_20658d;t_611e2b;t_8a7b54;t_c69786;t_f314c4,,,否(URL未见),
downloads/pages/0cf6ab7705f7.md,"PETITION FROM SHEFFIELD AGAINST THE ORDERS IN COUNCIL. (Hansard, 17 April 1812)",https://api.parliament.uk/historic-hansard/commons/1812/apr/17/petition-from-sheffield-against-the,t_87ba37,t_0a8308;t_20658d;t_611e2b;t_87ba37;t_8a7b54;t_f314c4,,,否(URL未见),
downloads/pages/0cfeffeb04dc.md,"Napoleon Et Talleyrand - Dard, Emile - PDFCOFFEE.COM",https://pdfcoffee.com/napoleon-et-talleyrand-dard-emile-pdf-free.html,t_75e9a5;t_08b9e7,old:t_759180;old:t_75e9a5;old:t_a8401d;old:t_b7b7b1;t_08b9e7;t_0a8308;t_20658d;t_611e2b;t_8a7b54;t_b702da;t_f314c4,外交,"Dard, Napoléon et Talleyrand",是(主题键),414
downloads/pages/0d383d6bec2d.md,\u00c9tudes sur les travaux publics. \u2014 La machine \u00e0 vapeur - Wikisource,https://fr.wikisource.org/wiki/%C3%89tudes_sur_les_travaux_publics._%E2%80%94_La_machine_%C3%A0_vapeur,t_86b684,t_0a8308;t_20658d;t_86b684;t_8a7b54,,,否(URL未见),
downloads/pages/0d6cf343de4a.md,Naval History,https://sites.rootsweb.com/~pbtyc/Naval_History/Vol_V/Abstract_19.html,t_998052,t_998052;t_c69786,,,否(URL未见),
downloads/pages/0d6f34e8b0a9.md,Project MUSE -- Verification required!,https://doi.org/10.1353/tech.1971.a893953,,t_02f417;t_0e763d;t_24b942,,,否(URL未见),
downloads/pages/0dae11bc01f3.md,"The Project Gutenberg eBook of Oeuvres de Napol\u00e9on Bonaparte, Tome IV",https://www.gutenberg.org/files/13192/13192-h/13192-h.htm,t_c2dbca,old:t_3dc3c2;old:t_759180;old:t_95ef51;old:t_a8401d;old:t_bef693;old:t_c2dbca;t_0a8308;t_20658d;t_3282da;t_611e2b;t_8a7b54;t_9bd988;t_f314c4,大陆诸国,,否(URL未见),
downloads/pages/0de0290f3625.md,ICPSR Representative Quick Guide | ICPSR,https://www.icpsr.umich.edu/sites/icpsr/membership/manage-membership/rep-guide,,t_0e763d;t_1f7db4,,,否(URL未见),
downloads/pages/0dec04d12a02.md,"Letter from Spiridon Foresti to Lord Hawkesbury Dec 10th, 1802",https://www.napoleon-series.org/research/government/diplomatic/c_sebastiani2.html,,,外交,,否(URL未见),
downloads/pages/0e37b207d300.md,"\u201cConstitution of the Kingdom of Westphalia,\u201d proclaimed by Napoleon Bonaparte in Fontainebleau (November 15, 1807) |             German Hist",https://germanhistorydocs.org/en/the-holy-roman-empire-1648-1815/constitution-of-the-kingdom-of-westphalia-proclaimed-by-napoleon-bonaparte-in-fontainebleau-november-15-1807,,old:t_759180;old:t_a8401d;old:t_b09c54;t_0a8308;t_20658d;t_611e2b;t_8a7b54;t_ccdcc8;t_f314c4,大陆诸国,威斯特法利亚王国宪法1807（英译）,是(主题键),1764
downloads/pages/0e5a385b8bba.md,"God\u2019s March through History - Iron Kingdom: The Rise and Downfall of Prussia, 1600-1947",https://erenow.org/modern/iron-kingdom/14.php,t_3ee1b0,t_0a8308;t_20658d;t_3ee1b0;t_8a7b54;t_b702da,大陆诸国,,否(URL未见),
downloads/pages/0f929ea5897d.md,"Lire Oeuvres de Napol\u00e9on Bonaparte, Tome II. de Napol\u00e9on Bonaparte en ligne gratuitement - \u0421hapitre 91",https://www.ffdsp.com/lire-oeuvres-de-napoleon-bonaparte-tome-ii-gratuit-chapitre-91,,,,,否(URL未见),
downloads/pages/1016e4c8dc53.md,Count Nicolas De Romanzoff - Hansard - UK Parliament,https://hansard.parliament.uk/Commons/1809-01-20/debates/d089a496-220f-4387-9167-425feca86909/CountNicolasDeRomanzoff,,old:t_759180;old:t_75e9a5;old:t_a8401d;old:t_b7b7b1;t_0a8308;t_20658d;t_611e2b;t_8a7b54;t_c69786;t_f314c4,,,否(URL未见),
downloads/pages/10bcb06de4c5.md,,https://archive.org/metadata/gri_000333125011213903,t_9bd988,t_9bd988,,,否(URL未见),
downloads/pages/1131eb224b3d.md,"\u2018These peaceable times are the devil\u2019: Royal Navy officers in the post-war slump, 1815\u20131825",https://journals.sagepub.com/doi/10.1177/0843871414543445,t_24b942,t_20658d;t_24b942;t_8a7b54,,,是(URL),1487
downloads/pages/1170b6cb87a9.md,"THE BUDGET (Hansard, 12 May 1809)",https://api.parliament.uk/historic-hansard/commons/1809/may/12/the-budget,,t_044211;t_24b942;t_c69786,,,是(URL),807
downloads/pages/11768f58f5af.md,La Dette publique de la France - Wikisource,"https://fr.wikisource.org/wiki/La_Dette_publique_de_la_France,_l%27origine_et_le_d%C3%A9veloppement_de_la_dette,_les_moyens_de_l%27att%C3%A9nuer",t_9f10b6,t_02f417;t_0e763d;t_24b942;t_9f10b6;t_b1a536;t_be9258,,,否(URL未见),
downloads/pages/12d7830a524e.md,Jean-Charles Serra wobec stanu finans\u00f3w Ksi\u0119stwa Warszawskiego w 1808 r.,https://doi.org/10.35765/rfi.2025.3103.15,t_b5dab4,t_0a8308;t_20658d;t_611e2b;t_8a7b54;t_b5dab4;t_f314c4,大陆诸国,Rychel-Mantur 2025（塞拉与1808华沙财政）,是(URL),1896;5149
downloads/pages/132109ff15eb.md,Concordat de 1801 - Wikisource,https://fr.wikisource.org/wiki/Concordat_de_1801,t_5b1d64,t_5b1d64,,,否(URL未见),
downloads/pages/1337c72a4274.md,The Napoleonic Gendarmerie. The state on the periphery made real,https://doi.org/10.4000/chs.1641,,old:t_208a11;old:t_759180;t_0a8308;t_0e763d;t_1f7db4;t_20658d;t_8a7b54,行省化,,否(URL未见),
downloads/pages/13c5a4f9495f.md,Napoleonic,https://people.bu.edu/burtond/resources/Research/toscaspGrab.pdf,,t_e0038f,,,否(URL未见),
downloads/pages/13f4af98385b.md,"The Project Gutenberg eBook of Napol\u00e9on et Alexandre Ier, par Albert Vandal",https://www.gutenberg.org/cache/epub/28254/pg28254-images.html,t_c17367;t_66ee8d,old:t_759180;old:t_a8401d;old:t_c17367;old:t_d604cd;t_0a8308;t_20658d;t_611e2b;t_66ee8d;t_8a7b54;t_f314c4,大陆诸国,,否(URL未见),
downloads/pages/146cbc594a66.md,1803 - Abstract,https://sites.rootsweb.com/~pbtyc/Naval_History/Vol_III/Abstract_No_11.html,t_998052,t_998052;t_c69786,,,是(URL),1431
downloads/pages/15068fc40b9b.md,"MELZI D\u2019ERIL, Francesco - Enciclopedia - Treccani",https://www.treccani.it/enciclopedia/francesco-melzi-d-eril_(Dizionario-Biografico)/,t_be9258,t_be9258,,,否(URL未见),
downloads/pages/15259ae08bb4.md,Napoleon Series Reviews: The British Army in the West Indies: Society and the Military in the Revolutionary Age,https://www.napoleon-series.org/reviews/military/c_buckley.html,t_0fed70,t_0fed70,,,否(URL未见),
downloads/pages/156d03703582.md,"SEPARATE CHARGES. (Hansard, 14 June 1815)",https://api.parliament.uk/historic-hansard/commons/1815/jun/14/separate-charges,t_c69786;t_998052;t_044211,t_044211;t_20658d;t_24b942;t_8a7b54;t_998052;t_c69786,,,是(URL),791
downloads/pages/158497425582.md,Note sur le compte des finances de l'exercice An XIV et 1806 - Histoire du Consulat et du Premier empire,https://napoleon-histoire.com/note-sur-le-compte-des-finances-de-lexercice-an-xiv-et-1806/,t_9f10b6,t_02f417;t_0e763d;t_24b942;t_9f10b6;t_b1a536;t_be9258,,,否(URL未见),
downloads/pages/15d715a151a0.md,Unternehmensgeschichte - Oesterreichische Nationalbank (OeNB),https://www.oenb.at/Ueber-Uns/unternehmensgeschichte/1816-1818.html,t_f4bb81,t_0a8308;t_20658d;t_3ee1b0;t_611e2b;t_8a7b54;t_f314c4;t_f4bb81,,,是(URL),1900
downloads/pages/163f0a464a07.md,"NAVY ESTIMATES. (Hansard, 23 January 1807)",https://api.parliament.uk/historic-hansard/commons/1807/jan/23/navy-estimates,,,,,否(URL未见),
downloads/pages/1644c920602c.md,,https://archive.org/advancedsearch.php?q=driault+politique+orientale+napoleon&fl%5B%5D=identifier&fl%5B%5D=title&rows=10&output=json,t_66ee8d,t_66ee8d,,,否(URL未见),
downloads/pages/169fdc59341b.md,Spotlight On: Baptist War - The National Archives,https://www.nationalarchives.gov.uk/education/students/videos/spotlight-on/spotlight-on-baptist-war/,t_0fed70,t_0fed70,,,否(URL未见),
downloads/pages/171e7ef70128.md,La g\u00e9ographie des ressources foresti\u00e8res et les ambitions navales de Napol\u00e9on apr\u00e8s Trafalgar\u00a0: l\u2019exemple du bois de ch\,https://journals.openedition.org/geohist/4373,t_b1a536,t_02f417;t_0a8308;t_0e763d;t_20658d;t_24b942;t_611e2b;t_8a7b54;t_b1a536;t_be9258;t_f314c4,,,否(URL未见),
downloads/pages/17447f15be10.md,2016_1_H\u00f6rcher,https://hunghist.org/84-abstract/351-2016-1-horcher,t_f4bb81,t_3ee1b0;t_f4bb81,,,否(URL未见),
downloads/pages/180220d9fb15.md,The establishment and consolidation of the plantation economy in Sri Lanka,https://doi.org/10.1080/14672715.1982.10412654,t_0fed70,t_0fed70,,,否(URL未见),
downloads/pages/1834e51c1dbd.md,\u02bfABB\u0100S M\u012aRZ\u0100 QAJAR - Encyclopaedia Iranica,https://www.iranicaonline.org/articles/abbas-mirza,t_611e2b,t_0a8308;t_20658d;t_611e2b;t_8a7b54;t_f314c4,,,否(URL未见),
downloads/pages/1857609b718e.md,Institutional Transplant and Cultural Proximity: Evidence from Nineteenth-Century Prussia,https://air.unimi.it/handle/2434/706191,,old:t_759180;old:t_f3c44f,大陆诸国,,否(URL未见),
downloads/pages/18966578d993.md,"ARMY ESTIMATES. (Hansard, 8 March 1813)",https://api.parliament.uk/historic-hansard/commons/1813/mar/08/army-estimates,t_0bb54c,t_0a8308;t_0bb54c;t_20658d;t_8a7b54;t_f314c4,,,否(URL未见),
downloads/pages/18d0e5c351dd.md,Histoire de la Campagne de Russie | The Napoleon Series,https://www.napoleon-series.org/military-information/battles-and-campaigns/histoire-de-la-campagne-de-russie/,t_c69786,t_0a8308;t_20658d;t_611e2b;t_8a7b54;t_c69786;t_f314c4,大陆诸国,,否(URL未见),
downloads/pages/18f278bfa698.md,Where did France build up its fleet in 1805-1814?,https://history.stackexchange.com/questions/70435/where-did-france-build-up-its-fleet-in-1805-1814,,t_02f417;t_0e763d;t_24b942;t_b1a536;t_be9258,,,否(URL未见),
downloads/pages/190f0f766ff1.md,"COUNT NICOLAS DE ROMANZOFF. (Hansard, 20 January 1809)",https://api.parliament.uk/historic-hansard/commons/1809/jan/20/count-nicolas-de-romanzoff?view=full,,old:t_3dc3c2;old:t_759180;old:t_a8401d;t_0a8308;t_20658d;t_611e2b;t_8a7b54;t_c69786;t_f314c4,,,否(URL未见),
downloads/pages/19a912642825.md,History of Parliament Online,https://historyofparliamentonline.org/volume/1790-1820/parliament/1807,t_b7b7b1,old:t_759180;old:t_a8401d;old:t_b7b7b1;t_0a8308;t_20658d;t_611e2b;t_8a7b54;t_c69786;t_f314c4,,,是(URL),805
downloads/pages/19f8ac6acdbd.md,"MELZI D'ERIL, Francesco - Enciclopedia - Treccani",https://www.treccani.it/enciclopedia/francesco-melzi-d-eril_(Enciclopedia-Italiana)/,t_be9258,t_0a8308;t_20658d;t_611e2b;t_8a7b54;t_be9258;t_f314c4,,,否(URL未见),
downloads/pages/19fadd546928.md,FAT\u1e24-\u02bfAL\u012a SHAH Q\u0100J\u0100R - Encyclopaedia Iranica,https://www.iranicaonline.org/articles/fath-ali-shah-qajar,t_611e2b,t_0a8308;t_20658d;t_611e2b;t_8a7b54;t_f314c4,,,否(URL未见),
downloads/pages/1a445a082118.md,Avalon Project - Amendments to the Constitution Proposed by the Hartford Convention : 1814,https://avalon.law.yale.edu/19th_century/hartconv.asp,t_b0f045,t_20658d;t_b0f045;t_eaa841,外交,,否(URL未见),
downloads/pages/1b22dbe49e2a.md,Research guide M2: Press gangs and impressment | Royal Museums Greenwich,https://www.rmg.co.uk/collections/research-guides/research-guide-m2-press-gangs-and-impressment,t_998052,t_998052;t_c69786,,,是(URL),1436
downloads/pages/1b329de6f5e8.md,"A Time of Iron - Iron Kingdom: The Rise and Downfall of Prussia, 1600-1947",https://erenow.org/modern/iron-kingdom/13.php,t_3ee1b0,t_0a8308;t_20658d;t_3ee1b0;t_8a7b54;t_b702da;t_eaa841,大陆诸国,,否(URL未见),
downloads/pages/1b6165aee016.md,Foreign Enterprise in Russian and Soviet Industry: A Long Term Perspective,https://www.cambridge.org/core/journals/business-history-review/article/abs/foreign-enterprise-in-russian-and-soviet-industry-a-long-term-perspective/AD950A0CB6F5A87F277A0C4DBF9D9BC6,t_29957a,t_0a8308;t_20658d;t_29957a;t_611e2b;t_8a7b54;t_f314c4,大陆诸国,俄苏工业中的外国企业,否(人工核0命中),
downloads/pages/1b76b0db7245.md,"FRENCH PRISONERS. (Hansard, 12 June 1811)",https://api.parliament.uk/historic-hansard/commons/1811/jun/12/french-prisoners,,,,,否(URL未见),
downloads/pages/1c6e151ee810.md,Chapitre 22. La question constitutionnelle et unitaire entre parti napolitain et parti fran\u00e7ais durant le r\u00e8gne de Murat,https://books.openedition.org/septentrion/26724,t_7da32d,old:t_75e9a5;old:t_7da32d;old:t_b7b7b1,,,否(URL未见),
downloads/pages/1cd7e7d06126.md,Correspondance de Napol\u00e9on Ier - Juin 1810 - Histoire du Consulat et du Premier empire,https://napoleon-histoire.com/correspondance-de-napoleon-ier-juin-1810/,t_9f10b6,t_02f417;t_0e763d;t_24b942;t_9f10b6;t_b1a536;t_be9258,外交,,否(URL未见),
downloads/pages/1d07d5d7738f.md,"NEGOCIATION WITH FRANCE. (Hansard, 5 January 1807)",https://api.parliament.uk/historic-hansard/commons/1807/jan/05/negociation-with-france,,old:t_3dc3c2;old:t_759180;old:t_a8401d;t_0a8308;t_20658d;t_611e2b;t_8a7b54;t_c69786;t_f314c4,,,否(URL未见),
downloads/pages/1d17e1060770.md,Reconn. de liquid. ech. 1824 | Securities | DFIH,https://dfih.fr/securities/100?lang=en,,,,,否(URL未见),
downloads/pages/1d18408afeda.md,Trait\u00e9 franco-autrichien de Schoenbrunn du 14 octobre 1809,https://www.napoleon-empire.org/texte-officiel/traite-schoenbrunn.php,,old:t_759180;old:t_75e9a5;old:t_a8401d;old:t_b7b7b1,外交,申布伦条约1809（法文）,是(主题键),132;1641;1898
downloads/pages/1d6ac9bd8fdd.md,,https://archive.org/advancedsearch.php?q=title%3A%22campaign%20of%20trafalgar%22%20AND%20creator%3Acorbett&output=json,,,,,否(URL未见),
downloads/pages/1e04060345f8.md,Cambridge University Press 978-1-107-64033-7 - Income Tax in the Napoleonic Wars Arthur Hope-Jones Excerpt More information,https://assets.cambridge.org/97811076/40337/excerpt/9781107640337_excerpt.pdf,,t_044211;t_24b942,,,否(URL未见),
downloads/pages/1e96c1947f54.md,France: Income from General Funds in An 12,https://www.napoleon-series.org/research/abstract/government/budget/france/an12/c_an12a.html,,,,,否(URL未见),
downloads/pages/1ed92ae66cab.md,Commons Sitting of 20 January 1809 (Hansard),https://api.parliament.uk/historic-hansard/commons/1809/jan/20,,old:t_3dc3c2;old:t_759180;old:t_a8401d;t_0a8308;t_20658d;t_611e2b;t_8a7b54;t_c69786;t_f314c4,,,否(URL未见),
downloads/pages/1ee80b7507ce.md,"Andreas Hofer and the insurrection in the Tyrol, 1809 - napoleon.org",https://www.napoleon.org/en/history-of-the-two-empires/articles/andreas-hofer-and-the-insurrection-in-the-tyrol-1809/,,old:t_759180;old:t_a8401d;old:t_b09c54;t_0a8308;t_20658d;t_5b1d64;t_611e2b;t_8a7b54;t_ccdcc8;t_f314c4;t_f55d87,大陆诸国/行省化,Andreas Hofer and the insurrection in the Tyrol 1809 (napoleon.org),是(主题键),4939
downloads/pages/1f34aae1dd57.md,Page not found - Hansard - UK Parliament,https://hansard.parliament.uk/Commons/1809-01-20/debates/,,,,,否(URL未见),
downloads/pages/1f3ae80c4f16.md,"PRINA, Giuseppe - Enciclopedia - Treccani",https://www.treccani.it/enciclopedia/giuseppe-prina_(Dizionario-Biografico)/,t_be9258,t_0a8308;t_20658d;t_611e2b;t_8a7b54;t_be9258;t_f314c4,,,否(URL未见),
downloads/pages/1f500788134e.md,"INDIA BUDGET. (Hansard, 10 July 1806)",https://api.parliament.uk/historic-hansard/commons/1806/jul/10/india-budget,t_0bb54c,t_0a8308;t_0bb54c;t_20658d;t_8a7b54;t_f314c4,,,是(URL),3379
downloads/pages/1f6907a51a1d.md,Naval history of Great Britain - Vol. VI by William James - Appendix No. 9,https://sites.rootsweb.com/~pbtyc/Naval_History/Vol_VI/P_500.html,t_998052,t_998052;t_c69786,,,否(URL未见),
downloads/pages/1f9afa18aab9.md,The Catamaran Expeditions | Proceedings - February 1944 Vol. 70/2/492,https://www.usni.org/magazines/proceedings/1944/february/catamaran-expeditions,,old:t_2c338c;old:t_759180;t_0a8308;t_20658d;t_611e2b;t_8a7b54;t_c8b161;t_f314c4,,,否(URL未见),
downloads/pages/1fe8a9e1b008.md,Naval history of Great Britain - Vol. VI by William James - Abstract 22 - 1814,https://sites.rootsweb.com/~pbtyc/Naval_History/Vol_VI/Abstract_22.html,t_998052,t_998052;t_c69786,,,否(URL未见),
downloads/pages/1ff459f0bfec.md,Napol\u00e9on et le livre -\n                Chapitre II. La censure de\u00a01810 \u00e0\u00a01814 - \n                Presses universitaires de Renne,https://books.openedition.org/pur/264988?lang=en,t_b09c54,old:t_b09c54;t_0a8308;t_20658d;t_8a7b54;t_b702da;t_eaa841,,,否(URL未见),
downloads/pages/204f5aca68d7.md,"L'\u00cele de France sous Decaen 1803-1810; : Prentout, Henri, 1867- : Free Download, Borrow, and Streaming : Internet Archive",https://archive.org/stream/lledefrancesou00pren,,,,,否(URL未见),
downloads/pages/20f93b3b3965.md,Der Aufstands-D\u00f6rnberg,https://www.vhghessen.de/inhalt/zhg/ZHG_114/10_Bickert_Doernberg.pdf,,t_0a8308;t_20658d;t_8a7b54;t_afeae6,大陆诸国,1809年多恩贝格起义,是(主题键),1782
downloads/pages/2117b6d948bd.md,Informal Empire,https://www.britishempire.co.uk/article/informalempireappendices.htm,t_87ba37,t_0a8308;t_20658d;t_611e2b;t_87ba37;t_8a7b54;t_f314c4,,,否(URL未见),
downloads/pages/21267bb11d06.md,1812 La Campagne de Russie : 1 : De la diplomatie au passage du Ni\u00e9men - napoleon.org,https://www.napoleon.org/histoire-des-2-empires/chronologies/1812-la-campagne-de-russie-1-de-la-diplomatie-au-passage-du-niemen/,,old:t_759180;old:t_75e9a5;old:t_7da32d;old:t_a8401d;old:t_b7b7b1;t_0a8308;t_20658d;t_3ee1b0;t_611e2b;t_8a7b54;t_f314c4,外交/大陆诸国,1812俄国战役：从外交到渡涅曼河 (napoleon.org),否(人工核0命中),
downloads/pages/219f06b950cc.md,"The 'New Opposition', 1801-4 | History of Parliament Online",https://www.historyofparliamentonline.org/periods/hanoverians/new-opposition-1801-4,t_c69786,t_20658d;t_c69786,大陆诸国,,是(URL),805
downloads/pages/21ae17eda88c.md,Napol\u00e9on et les arsenaux de la Marine - Pers\u00e9e,https://www.persee.fr/doc/rharm_0035-3299_1974_num_1_1_7813,t_b1a536,t_02f417;t_0a8308;t_0e763d;t_20658d;t_24b942;t_611e2b;t_8a7b54;t_b1a536;t_be9258;t_f314c4,,,是(URL),1439
downloads/pages/21dbf807b4d4.md,Gallica | V\u00e9rification de s\u00e9curit\u00e9,https://gallica.bnf.fr/ark:/12148/bpt6k63097553.texteBrut,t_75e9a5,old:t_75e9a5;old:t_b7b7b1,,,否(URL未见),
downloads/pages/21f2ec59e7fc.md,Affaire Malet : le faux S\u00e9natus-consulte du 22 octobre 1812 - napoleon.org,https://www.napoleon.org/histoire-des-2-empires/articles/affaire-malet-le-faux-senatus-consulte-du-22-octobre-1812/,t_b09c54;t_7c3954,old:t_b09c54;t_7c3954,,,否(URL未见),
downloads/pages/220a7b0807cf.md,"Wars, Blockade, and Economic Change in Europe, 1792\u20131815* | The Journal of Economic History | Cambridge Core",https://www.cambridge.org/core/services/aop-cambridge-core/content/view/F3A630654D24C9ABAF8E677DE35221CA/S0022050700061271a.pdf/wars_blockade_and_economic_change_in_europe_17921815.pdf,,old:t_759180;old:t_f81a6f;t_20658d;t_ec2248,,,否(URL未见),
downloads/pages/2226957c29b6.md,Staatsbankrott 1811 \u2013 Wien Geschichte Wiki,https://www.geschichtewiki.wien.gv.at/Staatsbankrott_1811,t_f4bb81,t_3ee1b0;t_f4bb81,,,是(URL),1900
downloads/pages/227f1cf6004e.md,Rheinbunds-Akte 1806,https://www.koeblergerhard.de/Fontes/Rheinbunds-Akte1806.htm,,old:t_759180;old:t_75e9a5;old:t_7da32d;old:t_a8401d;old:t_b09c54;old:t_b7b7b1;t_0a8308;t_20658d;t_611e2b;t_8a7b54;t_cbaee3;t_f314c4,大陆诸国,莱茵邦联条约1806 (Rheinbundakte),是(主题键),1906;5149
downloads/pages/22b6c0607a18.md,Talleyrand raconte sa campagne de 1805,https://napoleon-histoire.com/talleyrand-raconte-sa-campagne-de-1805/,t_75e9a5,old:t_759180;old:t_75e9a5;old:t_a8401d;old:t_b7b7b1,外交,塔列朗讲述1805年战役,是(主题键),414;4438;4652
downloads/pages/22f118f554d9.md,"01.01.02.03 Krieg 1812, 1812-1855",https://archivdatenbank.gsta.spk-berlin.de/midosasearch-gsta/MidosaSEARCH/iii_ha_mda/xml/inhalt/GStA_iii_ha_mda_1_1_2_3.htm,,old:t_759180;old:t_75e9a5;old:t_7da32d;old:t_a8401d;old:t_b7b7b1;t_0a8308;t_20658d;t_3ee1b0;t_611e2b;t_8a7b54;t_f314c4,,,否(URL未见),
downloads/pages/22fe9f35feb4.md,Le S\u00e9nat de Napol\u00e9on : de la complicit\u00e9 \u00e0 la \u00ab trahison \u00bb - napoleon.org,https://www.napoleon.org/histoire-des-2-empires/articles/le-senat-de-napoleon-de-la-complicite-a-la-trahison/,t_7c3954,t_02f417;t_0e763d;t_24b942;t_7c3954;t_9f10b6;t_b1a536;t_be9258,,,否(URL未见),
downloads/pages/2315e9456493.md,"[PDF] Revisiting Napoleon\u2019s Continental System by K. Aaslestad | 9781137345561, 9781137345578",https://www.perlego.com/book/3486690/revisiting-napoleons-continental-system-local-regional-and-european-experiences-pdf,,old:t_759180;old:t_a8401d;old:t_f81a6f;t_0a8308;t_20658d;t_86b684;t_8a7b54;t_ec2248,,Aaslestad & Joor (eds.) Revisiting (书目页),是(主题键),3779;4251;4289;4291;5142
downloads/pages/23a7a98922ae.md,"Treaty of Paris (1814) - Wikisource, the free online library",https://en.wikisource.org/wiki/Treaty_of_Paris_(1814),t_c17367;t_20658d,old:t_759180;old:t_a8401d;old:t_c17367;old:t_d604cd;t_0a8308;t_20658d;t_611e2b;t_8a7b54;t_f314c4,外交,1814年巴黎条约（Wikisource）,是(主题键),2591;2964;3208;5163
downloads/pages/24084fc70707.md,British anti-invasion preparations of 1803\u201305,https://en.wikipedia.org/wiki/British_anti-invasion_preparations_of_1803%E2%80%9305,,old:t_759180;old:t_b7b7b1;t_0a8308;t_20658d;t_611e2b;t_8a7b54;t_c69786;t_f314c4,,,否(URL未见),
downloads/pages/245fa51bae26.md,"NAVY ESTIMATES. (Hansard, 17 February 1817)",https://api.parliament.uk/historic-hansard/commons/1817/feb/17/navy-estimates,,t_998052,,,否(URL未见),
downloads/pages/24b5e0b0e091.md,Monte Napoleone - Wikipedia,https://it.wikipedia.org/wiki/Monte_Napoleone,,t_656a10,,,否(URL未见),
downloads/pages/25101e384c5e.md,Recherches r\u00e9centes,https://droit.cairn.info/revue-francaise-de-droit-constitutionnel-2008-4-page-703?lang=fr,t_b09c54;t_f4bb81,old:t_759180;old:t_a8401d;old:t_b09c54;t_0a8308;t_20658d;t_3ee1b0;t_611e2b;t_8a7b54;t_f314c4;t_f4bb81,,,否(URL未见),
downloads/pages/25240612f417.md,Correspondance de Napol\u00e9on Ier - Mai 1810 - Histoire du Consulat et du Premier empire,https://napoleon-histoire.com/correspondance-de-napoleon-ier-mai-1810/,t_bef693,old:t_759180;old:t_95ef51;old:t_a8401d;old:t_bef693;t_02f417;t_0e763d;t_24b942;t_9f10b6;t_b1a536;t_be9258,外交,,是(URL),4287
downloads/pages/254d31b40981.md,"ENS LSH - Colloque - Pour une histoire critique et citoyenne, le cas de l\u2019histoire franco-alg\u00e9rienne",http://colloque-algerie.ens-lyon.fr/communication.php3?id_article=236,t_0e763d,t_0a8308;t_0e763d;t_20658d;t_611e2b;t_8a7b54;t_be9258;t_ca3e8d;t_f314c4,,,否(URL未见),
downloads/pages/254e6c723b4c.md,Les crises \u00e9conomiques sous l\u2019Empire. A propos de la crise dite \u00ab de 1805 \u00bb - Pers\u00e9e,https://www.persee.fr/doc/ahrf_0003-4436_1970_num_199_1_3895,,old:t_759180;old:t_95ef51;old:t_a8401d;t_02f417;t_0e763d;t_24b942;t_9f10b6;t_b1a536;t_be9258,,,否(URL未见),
downloads/pages/2623911e3735.md,,https://books.openedition.org/pur/134235,,,,,是(URL),3777
downloads/pages/265626f6363e.md,"British policy and the independence of Latin America, 1804-1828 - Anna\u2019s Archive",https://annas-archive.gd/md5/c314ffbb3bb61a1ece9c6bdd36918f40,,old:t_759180;old:t_b7b7b1;t_0a8308;t_0fed70;t_20658d;t_611e2b;t_8a7b54;t_c69786;t_f314c4,,,否(URL未见),
downloads/pages/26c149b455a3.md,Securing the Sinews of Sea Power: British Intervention in the Baltic 1780\u20131815,https://doi.org/10.1080/07075332.2011.555384,,,,,否(URL未见),
downloads/pages/26c8c80b061c.md,"Full text of \"" A statistical display of the finances, navigation and commerce of the United Kingdom of Great Britain and Ireland . \""",https://archive.org/stream/b22297042/b22297042_djvu.txt,t_87ba37,t_0a8308;t_20658d;t_611e2b;t_87ba37;t_8a7b54;t_f314c4,,,否(URL未见),
downloads/pages/26d8892840a9.md,Des armes et de la poudre\u2026 - napoleon.org,https://www.napoleon.org/histoire-des-2-empires/articles/des-armes-et-de-la-poudre/,t_0e763d,t_0a8308;t_0e763d;t_20658d;t_86b684;t_8a7b54,,,是(URL),428
downloads/pages/276ed0fdfed4.md,Counter-Theatre during the 1797 Fleet Mutinies | International Review of Social History | Cambridge Core,https://www.cambridge.org/core/journals/international-review-of-social-history/article/countertheatre-during-the-1797-fleet-mutinies/DC7DBC56EA6E95005C816BF1EBBCF9C8,t_998052,t_998052;t_c69786,,,否(URL未见),
downloads/pages/27c3f908ae6f.md,,https://shs.hal.science/halshs-03688062v1/document,,old:t_759180;old:t_a8401d;old:t_f81a6f;t_0a8308;t_20658d;t_86b684;t_8a7b54;t_ec2248,,,否(URL未见),
downloads/pages/282993960dad.md,"Breve Quum memoranda (Roma, 10 giugno 1809)",https://www.vatican.va/content/pius-vii/it/documents/breve-quum-memoranda-10-giugno-1809.html,t_b09c54,old:t_759180;old:t_a8401d;old:t_b09c54;t_0a8308;t_20658d;t_5b1d64;t_611e2b;t_8a7b54;t_ccdcc8;t_f314c4,,,否(URL未见),
downloads/pages/2853653e1cb6.md,Fredstraktat imellem Danmark og Sverige sluttet i Kiel den 14. januar 1814 \u2013 Danmarkshistorien | Lex,https://danmarkshistorien.lex.dk/Fredstraktat_imellem_Danmark_og_Sverige_sluttet_i_Kiel_den_14._januar_1814,t_8b4a3e,t_20658d;t_8b4a3e,,,否(URL未见),
downloads/pages/28673b2d1174.md,Cadoudal et \u00ab le coup essentiel \u00bb - napoleon.org,https://www.napoleon.org/histoire-des-2-empires/articles/cadoudal-et-le-coup-essentiel/,t_7c3954,t_7c3954,,,否(URL未见),
downloads/pages/289211c6dcdf.md,\u041f\u0440\u0438\u0447\u0438\u043d\u044b \u041e\u0442\u0435\u0447\u0435\u0441\u0442\u0432\u0435\u043d\u043d\u043e\u0439 \u0432\u043e\u0439\u043d\u04,https://litobr.ru/History_Bogdanovich_isotia_voiny_1812_goda/1-2_Prichiny_voiny_1812_goda.htm,,old:t_26cd47;old:t_759180;old:t_a8401d;old:t_d604cd;t_0a8308;t_20658d;t_29957a;t_2c3192;t_611e2b;t_8a7b54;t_f314c4,,,否(URL未见),
downloads/pages/28b805092071.md,"[PDF] Resisting Napoleon by Mark Philp | 9780754653134, 9781351903851",https://www.perlego.com/book/1634683/resisting-napoleon-the-british-response-to-the-threat-of-invasion-17971815-pdf,,old:t_759180;old:t_b7b7b1;t_0a8308;t_20658d;t_611e2b;t_8a7b54;t_c69786;t_f314c4,,,否(URL未见),
downloads/pages/28eb94df2d9e.md,Naval History,https://sites.rootsweb.com/~pbtyc/Naval_History/Vol_VI/Abstract_22.html,t_998052,t_998052;t_c69786,,,否(URL未见),
downloads/pages/2939d79f08d0.md,Thierry Lentz: four questions on the 1812 Malet Affair - napoleon.org,https://www.napoleon.org/en/magazine/interviews/thierry-lentz-four-questions-on-the-1812-malet-affair/,t_b09c54,old:t_759180;old:t_a8401d;old:t_b09c54;t_08b9e7;t_0a8308;t_20658d;t_611e2b;t_8a7b54;t_f314c4,,,否(URL未见),
downloads/pages/295244a5e4c4.md,ISLAMOLOGIQUES,https://www.ifao.egnet.net/anisl/23/6,,,,,否(URL未见),
downloads/pages/29727e560586.md,"STATE OF THE PUBLIC FINANCES. (Hansard, 9 July 1817)",https://api.parliament.uk/historic-hansard/commons/1817/jul/09/state-of-the-public-finances,,old:t_759180;old:t_95ef51;old:t_a8401d;t_044211;t_24b942;t_c69786,,,否(URL未见),
downloads/pages/29931d6389d2.md,"ISSUE OF EXCHEQUER BILLS FOR PURPOSES OF LOCAL AND TEMPORARY RELIEF. (Hansard, 28 April 1817)",https://api.parliament.uk/historic-hansard/commons/1817/apr/28/issue-of-exchequer-bills-for-purposes-of,,t_044211;t_24b942;t_c69786,,,是(URL),789
downloads/pages/2a3664a3c30c.md,"Full text of \""A history of the British army\""",https://archive.org/stream/historyofbritisharm05fort/historyofbritisharm05fort_djvu.txt,,old:t_2c338c;old:t_759180;t_0a8308;t_20658d;t_611e2b;t_8a7b54;t_c69786;t_f314c4,,,否(URL未见),
downloads/pages/2ad693d5ac13.md,Napoleon and the Transformation of Europe (European History in Perspective),https://ndl.ethernet.edu.et/bitstream/123456789/44567/1/2.Alexander%20Grab.pdf,t_bef693;t_208a11;t_d604cd;t_95ef51;t_9f10b6;t_cbaee3;t_3ee1b0;t_be9258;t_5b1d64;t_e0038f,old:t_208a11;old:t_759180;old:t_95ef51;old:t_a8401d;old:t_bef693;old:t_d604cd;old:t_f81a6f;t_02f417;t_0a8308;t_0e763d;t_20658d;t_219822;t_24b942;t_3ee1b0;t_40198e;t_5b1d64;t_611e2b;t_86b684;t_8a7b54;t_9f10b6;t_afeae6;t_b1a536;t_b5dab4;t_b702da;t_be9258;t_c98c24;t_cbaee3;t_ccdcc8;t_e0038f;t_eaa841;t_f314c4;t_f55d87,,"Grab, Napoleon and the Transformation of Europe",是(主题键),420;1778;1894;1906;1914;2124;2228;2380;2386;3769
downloads/pages/2af7f0b9da42.md,"Sandhurst, officers and the role of history | National Army Museum",https://www.nam.ac.uk/explore/sandhurst-officers-and-role-history,t_b9e29c,t_b9e29c;t_c69786,,,否(URL未见),
downloads/pages/2b175949e34c.md,"Britain at Bay: Defence Against Bonaparte, 1803-14 - 1st Edition - Ric",https://www.routledge.com/Britain-at-Bay-Defence-Against-Bonaparte-1803-14/Glover/p/book/9781032037578,,old:t_759180;old:t_b7b7b1;t_0a8308;t_20658d;t_611e2b;t_8a7b54;t_c69786;t_f314c4,,,否(URL未见),
downloads/pages/2b3f6e45a9c4.md,The campaign of Trafalgar,https://archive.org/download/campaignoftrafal00corb/campaignoftrafal00corb.pdf,,old:t_2c338c;old:t_759180;old:t_a8401d,,,否(URL未见),
downloads/pages/2beac900d76c.md,"Britain at bay: defence against Bonaparte, 1803-14 : Glover, Richard Gilchrist : Free Download, Borrow, and Streaming : Internet Archive",https://archive.org/details/britainatbaydefe0000glov,,old:t_759180;old:t_b7b7b1;t_0a8308;t_20658d;t_611e2b;t_8a7b54;t_c69786;t_f314c4,,,否(URL未见),
downloads/pages/2c14f1e0292d.md,El fracaso de la tercera v\u00eda. Jos\u00e9 I y los afrancesados (1808-1813),https://www.cervantesvirtual.com/descargaPdf/el-fracaso-de-la-tercera-via-jose-i-y-los-afrancesados-1808-1813-1055902/,t_c2dbca,old:t_759180;old:t_95ef51;old:t_a8401d;old:t_bef693;old:t_c2dbca;t_0a8308;t_20658d;t_8a7b54;t_9bd988;t_f314c4,,,否(URL未见),
downloads/pages/2c1a774dc889.md,M\u00e4hren - Zeno.org,http://www.zeno.org/Brockhaus-1809/B/M%C3%A4hren,t_f4bb81,t_3ee1b0;t_f4bb81,,,否(URL未见),
downloads/pages/2c591936a232.md,Avalon Project - Treaty of Paris 1763,https://avalon.law.yale.edu/18th_century/paris763.asp,t_c17367,old:t_759180;old:t_a8401d;old:t_c17367;old:t_d604cd;t_0a8308;t_0bb54c;t_20658d;t_611e2b;t_8a7b54;t_f314c4,外交,,是(URL),3206
downloads/pages/2c86b127592b.md,LeMO Zeitstrahl\u00a0-\u00a0Vorm\u00e4rz und Revolution\u00a0-\u00a0Alltagsleben\u00a0-\u00a0Die Hungersnot 1816/17,https://www.dhm.de/lemo/kapitel/vormaerz-und-revolution/alltagsleben/die-hungersnot-1816/17,t_f4bb81,t_3ee1b0;t_f4bb81,,,否(URL未见),
downloads/pages/2cae8e7be9d4.md,The Continental System: An Economic Interpretation - Econlib,https://www.econlib.org/library/YPDBooks/Heckscher/hksrCS15.html,,old:t_104134;old:t_7ee3b0;t_0a8308;t_20658d;t_8a7b54;t_b702da;t_eaa841,,,否(URL未见),
downloads/pages/2d54f8227b97.md,"Russian Empire - Autocracy, Reforms, Nicholas I | Britannica",https://www.britannica.com/place/Russian-Empire/Nicholas-I,t_29957a,t_29957a,大陆诸国,,否(URL未见),
downloads/pages/2d8d72a79507.md,Research guide B8: The Spithead and Nore mutinies of 1797 | Royal Museums Greenwich,https://www.rmg.co.uk/collections/research-guides/research-guide-b8-spithead-nore-mutinies-1797,t_998052,t_998052;t_c69786,,,是(URL),1436
downloads/pages/2db1b3d107b9.md,Constitution de l'An XII - Empire - 28 flor\u00e9al An XII | Conseil constitutionnel,https://www.conseil-constitutionnel.fr/les-constitutions-dans-l-histoire/constitution-de-l-an-xii-empire-28-floreal-an-xii,t_f4bb81,t_3ee1b0;t_f4bb81,,,否(URL未见),
downloads/pages/2e0619dd75ba.md,"October 2020, Revised July 2026",https://www.nber.org/system/files/working_papers/w27904/w27904.pdf,t_87ba37,t_0a8308;t_20658d;t_611e2b;t_87ba37;t_8a7b54;t_f314c4,,,否(URL未见),
downloads/pages/2e17b555b294.md,Did the war pay for the war? An assessment of napoleon's attempts to make his campaigns self-financing,https://doi.org/10.3917/napo.083.0001a,,old:t_759180;old:t_95ef51;old:t_a8401d;old:t_bef693,,,是(URL),434
downloads/pages/2ee39327ef43.md,Napol\u00e9on et la transformation des institutions en Allemagne - Pers\u00e9e,https://www.persee.fr/doc/rhmc_0048-8003_1970_num_17_3_2120,,old:t_759180;old:t_75e9a5;old:t_7da32d;old:t_a8401d;old:t_b7b7b1;t_0a8308;t_20658d;t_611e2b;t_8a7b54;t_cbaee3;t_f314c4,,,否(URL未见),
downloads/pages/2f4fc6ec5d53.md,,https://researchonline.lse.ac.uk/id/eprint/126278/1/The_Economic_History_Review_-_2025_-_Sissoko_-_Preventing_financial_ruin_How_the_West_India_trade_fostered_creativity_in.pdf,,old:t_759180;old:t_95ef51;t_044211;t_24b942;t_c69786,,,是(URL),813
downloads/pages/2f75680b8ff0.md,Defending British India against Napoleon,https://www.cambridge.org/core/books/defending-british-india-against-napoleon/DBABCEBD5A71A21BA3250F49E77216A2,t_c17367,old:t_c17367;old:t_d604cd,,,否(URL未见),
downloads/pages/2f85698a17d7.md,"STATE OF IRELAND. (Hansard, 3 February 1812)",https://api.parliament.uk/historic-hansard/commons/1812/feb/03/state-of-ireland,t_b7b7b1,old:t_b7b7b1,,,否(URL未见),
downloads/pages/2f8f4416ec15.md,W\u00fcrttembergische Landst\u00e4nde,https://de.wikipedia.org/wiki/W%C3%BCrttembergische_Landst%C3%A4nde,t_f55d87,t_0a8308;t_20658d;t_611e2b;t_8a7b54;t_f314c4;t_f55d87,,,否(URL未见),
downloads/pages/2fb5337e5443.md,Servir Napol\u00e9on. Policiers et gendarmes dans les d\u00e9partements annex\u00e9s 1796-1814 - napoleon.org,https://www.napoleon.org/magazine/livres/servir-napoleon-policiers-et-gendarmes-dans-les-departements-annexes-1796-1814/,t_c98c24,t_0e763d;t_c98c24,行省化,"Lignereux, Servir Napoléon（并合省警察宪兵）",是(主题键),3626;3777
downloads/pages/30d764790849.md,Naval history of Great Britain - Vol. VI by William James - Contents,https://sites.rootsweb.com/~pbtyc/Naval_History/Vol_VI/Contents.html,t_998052,t_998052;t_c69786,,,否(URL未见),
downloads/pages/30ee9d8b537c.md,"DISPUTE WITH AMERICA. (Hansard, 21 June 1811)",https://api.parliament.uk/historic-hansard/commons/1811/jun/21/dispute-with-america,t_b7b7b1,old:t_b7b7b1,,,否(URL未见),
downloads/pages/30fef872bff7.md,B\u00dcKRE\u015e ANDLASMASININ M\u00dcZAKERESI 1811- 18121 rafs\u0131z bir siyaset takip etmesine mani oluyorlard\u0131. Hatta \u0131 kalm\u0131\u015f,https://dergipark.org.tr/tr/download/article-file/2512679,t_d604cd,old:t_759180;old:t_a8401d;old:t_d604cd;t_0a8308;t_20658d;t_611e2b;t_66ee8d;t_8a7b54;t_b5dab4;t_f314c4,,,否(URL未见),
downloads/pages/314c96ca5bf7.md,British anti-invasion preparations of 1803\u20131805,https://en.wikipedia.org/wiki/British_anti-invasion_preparations_of_1803%E2%80%931805,,old:t_2c338c;old:t_759180;t_0a8308;t_20658d;t_611e2b;t_8a7b54;t_c69786;t_f314c4,,,否(URL未见),
downloads/pages/32074b6752f8.md,"After Trafalgar: The Royal Navy & the Napoleonic Wars, 1806 \u2013 1816 | Airspace Historian",https://airspacehistorian.wordpress.com/2020/09/21/after-trafalgar-the-royal-navy-the-napoleonic-wars-1806-1816/,,,,,否(URL未见),
downloads/pages/322976e60d96.md,,https://archive.org/advancedsearch.php?q=Prinsep+%22Runjeet+Singh%22&fl%5B%5D=identifier&fl%5B%5D=title&fl%5B%5D=year&rows=15&output=json,t_611e2b,,,,否(URL未见),
downloads/pages/32497b1ca4b8.md,ftut&orttjn,https://www.thegazette.co.uk/London/issue/15742/page/1237/data.pdf,,old:t_2c338c;old:t_759180;old:t_a8401d;t_0a8308;t_20658d;t_611e2b;t_8a7b54;t_c8b161;t_f314c4,,,否(URL未见),
downloads/pages/326b19e197a6.md,"Napol\u00e9on et la \"" descente \"" en Angleterre. 1re partie : Les multiples projets de 1778 \u00e0 1803 - napoleon.org",https://www.napoleon.org/histoire-des-2-empires/articles/napoleon-et-la-descente-en-angleterre-1re-partie-les-multiples-projets-de-1778-a-1803/,,old:t_3dc3c2;old:t_759180;old:t_7ee3b0;old:t_a8401d;t_02f417;t_0a8308;t_0e763d;t_20658d;t_24b942;t_611e2b;t_8a7b54;t_998052;t_b1a536;t_be9258;t_c69786;t_f314c4,,,否(URL未见),
downloads/pages/32a25c5f3dca.md,"1301.0 -  Year Book Australia, 2003",https://www.abs.gov.au/Ausstats/abs@.nsf/46d1bc47ac9d0c7bca256c470025ff87/1476d522ebe22464ca256cae0015bad4!OpenDocument,t_0fed70,t_0fed70,,,否(URL未见),
downloads/pages/3397c2a3449e.md,"Atlas de la R\u00e9volution fran\u00e7aise - Le classement routier napol\u00e9onien, 1811 | 10.34847/nkl.e54ben5d - Nakala",https://www.nakala.fr/10.34847/nkl.e54ben5d,,old:t_f81a6f;t_ec2248,,,否(URL未见),
downloads/pages/33c8ed93eabf.md,"Correspondance de Napol\u00e9on Ier; publi\u00e9e par ordre de l'empereur Napol\u00e9on III : Napoleon I, Emperor of the French, 1769-1821 : Free Down",https://archive.org/details/correspondancede30napouoft,t_7da32d,old:t_75e9a5;old:t_7da32d;old:t_b7b7b1,外交,,否(URL未见),
downloads/pages/34f4bd8f6f1b.md,Correspondance de Napol\u00e9on - Novembre 1807,https://www.histoire-empire.org/correspondance_de_napoleon/1807/novembre_02.htm,,old:t_759180;old:t_75e9a5;old:t_7da32d;old:t_a8401d;old:t_b7b7b1;t_0a8308;t_20658d;t_611e2b;t_8a7b54;t_cbaee3;t_f314c4,外交,拿破仑通信1807年11月,是(主题键),1764;2432;3176
downloads/pages/350599d00ab2.md,"The French Fleet, 1807-1814; Britain's Problem; and Madison's Opportunity | The Journal of Modern History: Vol 39, No 3",https://www.journals.uchicago.edu/doi/pdf/10.1086/240080,,t_02f417;t_0e763d;t_24b942;t_b1a536;t_be9258,,,否(URL未见),
downloads/pages/35dcb892b38d.md,"The Project Gutenberg eBook of Napol\u00e9on et Alexandre Ier, par Albert Vandal",https://www.gutenberg.org/files/31260/31260-h/31260-h.htm,t_26cd47;t_08b9e7,old:t_26cd47;old:t_3dc3c2;old:t_759180;old:t_a8401d;old:t_d604cd;t_08b9e7;t_0a8308;t_20658d;t_3ee1b0;t_611e2b;t_8a7b54;t_91cbee;t_b5dab4;t_f314c4;t_f4bb81,大陆诸国,,否(URL未见),
downloads/pages/360e2a6cb9f5.md,Internet History Sourcebooks: Modern History,https://sourcebooks.web.fordham.edu/mod/indrevtabs1.asp,,t_02f417;t_0e763d;t_20658d;t_24b942,,,否(URL未见),
downloads/pages/36c4ed168eb4.md,Letter to Marshal Berthier \u2013 Cartlann,https://cartlann.org/authors/napoleon/letter-to-marshal-berthier/,,old:t_3dc3c2,,,否(URL未见),
downloads/pages/36c57190d7e9.md,"The Fall of Napoleon: The Allied Invasion of France, 1813\u20131814: Volume I",https://api.pageplace.de/preview/DT0400.9781316345214_A23442151/preview-9781316345214_A23442151.pdf,,old:t_208a11;old:t_759180;old:t_a8401d,,,否(URL未见),
downloads/pages/3762a4f8f4e3.md,Swords Around a Throne: Napoleon's Army | PDF | Cavalry | Infantry,https://www.scribd.com/document/741223309/John-R-Elting-Swords-Around-a-Throne-Da-Capo-Press-1997,t_0e763d,old:t_208a11;old:t_759180;old:t_a8401d;t_02f417;t_08b9e7;t_0a8308;t_0e763d;t_20658d;t_24b942;t_611e2b;t_8a7b54;t_b1a536;t_be9258;t_f314c4,,,否(URL未见),
downloads/pages/37731b8139ce.md,Le Senatus-Consulte organique du 28 flor\u00e9al an XII | \u00c9lys\u00e9e,https://www.elysee.fr/la-presidence/le-senatus-consulte-organique-du-28-floreal-an-xii,t_b09c54,old:t_759180;old:t_a8401d;old:t_b09c54,,,否(URL未见),
downloads/pages/378119a1909b.md,Sitting of 30 November 1812 (Hansard),https://api.parliament.uk/historic-hansard/sittings/1812/nov/30,t_b7b7b1,old:t_b7b7b1,,,否(URL未见),
downloads/pages/378a0b9459dc.md,The Keith Papers: Smith to Keith,https://www.historyofwar.org/sources/napoleonic/nrs1955/1_1_020.html,,old:t_2c338c;old:t_759180;old:t_a8401d;t_0a8308;t_20658d;t_611e2b;t_8a7b54;t_b9e29c;t_c69786;t_f314c4,,,否(URL未见),
downloads/pages/3793ef9c4cb3.md,Sprzysi\u0119\u017cenie podchor\u0105\u017cych i noc listopadowa. - XIX wiek - Bryk.pl,https://www.bryk.pl/wypracowania/historia/xix-wiek/8909-sprzysiezenie-podchorazych-i-noc-listopadowa.html,t_0e763d,t_0e763d,,,否(URL未见),
downloads/pages/379bed301061.md,Monroe Doctrine (1823) | National Archives,https://www.archives.gov/milestone-documents/monroe-doctrine,t_b0f045,t_20658d;t_b0f045,,,否(URL未见),
downloads/pages/37aaa03c2c41.md,"The Making of a Timber Colony: British North America, the Navy Board, and Global Resource Extraction in the Age of Napoleon",https://www.cambridge.org/core/journals/itinerario/article/making-of-a-timber-colony-british-north-america-the-navy-board-and-global-resource-extraction-in-the-age-of-napoleon/E7D4CFAB010AA261BA8A0FF5A803C2C6,,,,,否(URL未见),
downloads/pages/37f8d3b81593.md,Walcheren 1809: a medical catastrophe - PMC,https://pmc.ncbi.nlm.nih.gov/articles/PMC1127097/,t_b9e29c,t_b9e29c;t_c69786,,,是(URL),1478
downloads/pages/38e086c611f0.md,The Solemn Assurance of the Sovereign given by the Emperor Alexander I  1809,https://histdoc.net/history/alex1.html,t_8b4a3e,t_20658d;t_8b4a3e,,1809年亚历山大波尔沃保证书,是(主题键),1844;1924
downloads/pages/38ea070805ed.md,D\u00e9cret portant organisation de l\u2019Universit\u00e9 - Wikisource,https://fr.wikisource.org/wiki/D%C3%A9cret_portant_organisation_de_l%E2%80%99Universit%C3%A9,t_b09c54,old:t_759180;old:t_a8401d;old:t_b09c54,,,否(URL未见),
downloads/pages/38f6150f520e.md,Recherches r\u00e9centes,https://shs.cairn.info/revue-napoleonica-la-revue-2018-2-page-97?lang=fr,,old:t_759180;old:t_b7b7b1;t_0a8308;t_20658d;t_611e2b;t_8a7b54;t_c69786;t_f314c4,,,否(URL未见),
downloads/pages/391f1c758def.md,"1817 to 1820 - Sir Robert Sepping's improvements, &c.",https://sites.rootsweb.com/~pbtyc/Naval_History/Vol_VI/P_417.html,t_998052,t_998052;t_c69786,,,否(URL未见),
downloads/pages/3927ed2318fb.md,Decreto de Abertura dos Portos (1808) - Apaixonados por Hist\u00f3ria,https://apaixonadosporhistoria.com.br/fonte-primaria/21/decreto-de-abertura-dos-portos-1808,t_219822,t_0a8308;t_20658d;t_219822;t_611e2b;t_8a7b54;t_eaa841;t_f314c4,,,否(URL未见),
downloads/pages/39348d986bea.md,"Cobbett\u2019s Weekly Political Register. London, Saturday, 30th July, 1803.",https://doi.org/10.4324/9781003192756-4,t_c69786,t_20658d;t_c69786,,,否(URL未见),
downloads/pages/3a3b4b535356.md,Historyofbritisharm05Fort Djvu,https://archive.org/download/historyofbritisharm05fort/historyofbritisharm05fort_djvu.txt,,old:t_2c338c;old:t_759180;t_0a8308;t_20658d;t_611e2b;t_8a7b54;t_c69786;t_f314c4,,,否(URL未见),
downloads/pages/3a419bf742fa.md,18120224-003:geheimtaktat02  -  EPOCHE NAPOLEON,https://www.epoche-napoleon.net/quellen/1812/02/24/geheimtaktat02.html,,old:t_759180;old:t_75e9a5;old:t_7da32d;old:t_a8401d;old:t_b7b7b1;t_0a8308;t_20658d;t_3ee1b0;t_611e2b;t_8a7b54;t_f314c4,,,否(URL未见),
downloads/pages/3a69b112a875.md,"The Anglo-Dutch Imperial Meridian in the Indian Ocean World, 1795-1820",https://www.repository.cam.ac.uk/items/d9e8ef92-6f8f-434d-80e9-9065fe055699,t_0fed70,t_0fed70,,,否(URL未见),
downloads/pages/3a6cff896cde.md,Search Results,https://ra.rct.uk/Record.aspx?id=GIV_CALENDAR%2F1%2F1803&src=CalmView.Catalog,,old:t_759180;old:t_b7b7b1;t_0a8308;t_20658d;t_611e2b;t_8a7b54;t_c69786;t_f314c4,行省化,,否(URL未见),
downloads/pages/3a7af6a78c72.md,Les hommes de la gendarmerie d'Espagne (1809-1814) - napoleon.org,https://www.napoleon.org/histoire-des-2-empires/articles/les-hommes-de-la-gendarmerie-despagne-1809-1814/,t_c98c24,t_0e763d;t_c98c24,行省化,,是(URL),3775
downloads/pages/3a99c93d0002.md,Bicentenaire de l'abolition de la traite n\u00e9gri\u00e8re,https://www.archives71.fr/decouvrir/apprendre-et-se-divertir/zooms/zooms-archives/bicentenaire-de-labolition-de-la-traite-negriere,t_c2dbca,old:t_759180;old:t_95ef51;old:t_a8401d;old:t_bef693;old:t_c2dbca;t_0a8308;t_20658d;t_8a7b54;t_9bd988;t_f314c4,外交,,否(URL未见),
downloads/pages/3ac3b1dd88bf.md,"\u201cMoney is a good soldier, sir, and will on\u201d \u2013 The Bank of England in the Peninsular War, 1807 \u2013 1814",https://mcgill.scholaris.ca/bitstreams/6dcd38c6-a91e-4474-a50b-c89b1d8116c9/download,,t_044211;t_24b942;t_c69786,,,否(URL未见),
downloads/pages/3b214d7b54fb.md,"COMMITTEE OF SUPPLY. (Hansard, 10 November 1813)",https://api.parliament.uk/historic-hansard/commons/1813/nov/10/committee-of-supply,t_7ee3b0;t_998052,old:t_759180;old:t_7ee3b0;old:t_a8401d;t_02f417;t_0a8308;t_0e763d;t_20658d;t_24b942;t_611e2b;t_8a7b54;t_998052;t_b1a536;t_be9258;t_c69786;t_f314c4,,,否(URL未见),
downloads/pages/3b8b8e348c6d.md,"COMMERCIAL CREDIT. (Hansard, 11 March 1811)",https://api.parliament.uk/historic-hansard/commons/1811/mar/11/commercial-credit,t_95ef51;t_87ba37,old:t_759180;old:t_95ef51;old:t_a8401d;t_044211;t_0a8308;t_20658d;t_24b942;t_611e2b;t_87ba37;t_8a7b54;t_c69786;t_f314c4,,,是(URL),789
downloads/pages/3b9ceec747c6.md,THE COMMAND OF THE OCEAN,http://download.e-bookshelf.de/download/0002/5863/98/L-X-0002586398-0006544349.XHTML/index.xhtml,t_24b942,t_24b942,,,否(URL未见),
downloads/pages/3ba1fc65757f.md,"PAPER MONEY, THE NATION, AND THE SUSPENSION OF CASH PAYMENTS IN 1797* | The Historical Journal | Cambridge Core",https://www.cambridge.org/core/journals/historical-journal/article/paper-money-the-nation-and-the-suspension-of-cash-payments-in-1797/1035B94E7519E13F94C3506264B81454,,t_20658d;t_c69786,,,否(URL未见),
downloads/pages/3bc4a0c8484d.md,Wars with France 1793 to 1815 - History of Romney Marsh,https://romneymarshhistory.co.uk/frenchwars,t_b9e29c,t_b9e29c;t_c69786,,,否(URL未见),
downloads/pages/3c0d8aaa1316.md,Le vaisseau de la guerre d'Am\u00e9rique : le \u00ab 74 canons \u00bb | lhistoire.fr,https://www.lhistoire.fr/le-vaisseau-de-la-guerre-dam%C3%A9rique-le-%C2%AB-74-canons-%C2%BB,t_b1a536,t_02f417;t_0a8308;t_0e763d;t_20658d;t_24b942;t_611e2b;t_8a7b54;t_b1a536;t_be9258;t_f314c4,,,否(URL未见),
downloads/pages/3c2f7d961ae9.md,Drafting the Great Army: The political economy of conscription in Napoleonic France | JEH,https://www.openicpsr.org/openicpsr/project/175583/version/V1/view?path=/openicpsr/175583/fcr:versions/V1,,t_0e763d;t_1f7db4,行省化,,否(URL未见),
downloads/pages/3c65df716c09.md,Gathering warclouds - napoleon.org,https://www.napoleon.org/en/history-of-the-two-empires/articles/gathering-warclouds/,t_08b9e7,t_08b9e7;t_0a8308;t_20658d;t_611e2b;t_8a7b54;t_eaa841;t_f314c4,,,否(URL未见),
downloads/pages/3ce06e5cb81d.md,Correspondance de Napol\u00e9on \u2013 Septembre 1804,https://napoleon-histoire.com/correspondance-de-napoleon-septembre-1804/,,,外交,,否(URL未见),
downloads/pages/3d0807113790.md,,https://louisrouanet.com/wp-content/uploads/2023/09/Rouanet_JEH.pdf,,,,,否(URL未见),
downloads/pages/3d47ead7a795.md,,https://www.icpsr.umich.edu/sites/jeh/view/studies/175583/versions/V1.0,,t_0e763d;t_1f7db4,,,否(URL未见),
downloads/pages/3dbf2623d42f.md,"COMMUNICATIONS WITH FRANCE AND SPAIN RELATING TO THE SPANISH AMERICAN PROVINCES. (Hansard, 4 March 1824)",https://api.parliament.uk/historic-hansard/commons/1824/mar/04/communications-with-france-and-spain-1,t_c69786,t_20658d;t_c69786,,,是(URL),781;795;1472
downloads/pages/3dcc8f5c674b.md,Barkebr\u00f8dstider 1807\u20131814\n       - Norgeshistorie,https://www.norgeshistorie.no/grunnlov-og-ny-union/1346-barkebrodstider-1807-1814.html,t_d604cd,old:t_759180;old:t_a8401d;old:t_d604cd;t_0a8308;t_20658d;t_611e2b;t_8a7b54;t_b5dab4;t_f314c4,,,否(URL未见),
downloads/pages/3e7fb25f7a64.md,134235,https://books.openedition.org/pur/134235,,t_afeae6,,,是(URL),3777
downloads/pages/3eaf193bd527.md,"EAST INDIA COMPANY'S REVENUE ACCOUNTS. (Hansard, 8 August 1854)",https://api.parliament.uk/historic-hansard/commons/1854/aug/08/east-india-companys-revenue-accounts,t_0bb54c,t_0a8308;t_0bb54c;t_20658d;t_8a7b54;t_f314c4,,,否(URL未见),
downloads/pages/3f388420b5a0.md,Napol\u00e9on et les arsenaux de la Marine - Pers\u00e9e,https://www.persee.fr/doc/rharm_0035-3299_1974_num_1_1_7813,t_b1a536,t_02f417;t_0a8308;t_0e763d;t_20658d;t_24b942;t_611e2b;t_8a7b54;t_b1a536;t_be9258;t_f314c4,,,是(URL),1439
downloads/pages/3f4aaa790362.md,"Domokos Ros\u00e1ry, Napol\u00e9on et la Hongrie. - Pers\u00e9e",https://www.persee.fr/doc/rhmc_0048-8003_1981_num_28_3_1162_t1_0530_0000_1,t_f4bb81,t_3ee1b0;t_f4bb81,大陆诸国,"Rosáry, Napoléon et la Hongrie (Persée)",是(主题键),1902
downloads/pages/3f57be237e55.md,Julian Corbett,https://en.wikipedia.org/wiki/Julian_Corbett,,,,,否(URL未见),
downloads/pages/3f6d498365c6.md,Nobilit\u00e4t im Sittlich-Wissenschaftlichen Verein 1808-1809,https://adelsquellen.de/adelsforschung/tugend.htm,t_3ee1b0;t_b702da,t_0a8308;t_20658d;t_3ee1b0;t_8a7b54;t_b702da;t_eaa841,,,否(URL未见),
downloads/pages/3fee8d23eab4.md,The Reform Act 1832 -,https://www.parliament.uk/about/living-heritage/evolutionofparliament/houseofcommons/reformacts/overview/reformact1832/,t_c69786,t_20658d;t_c69786,,,是(URL),782
downloads/pages/3ff04f44110f.md,"historion.net \u2022 History Online \u2022 Rise of the New West, 1819-1829 \u2022 CHAPTER XII. THE MONROE DOCTRINE (1821-1823)",https://historion.net/rise-new-west-1819-1829/chapter-xii-monroe-doctrine-1821-1823?quicktabs_2=0,t_9bd988,t_0a8308;t_20658d;t_8a7b54;t_9bd988;t_eaa841;t_f314c4,,,否(URL未见),
downloads/pages/407c4cd4d13f.md,Bataille de Smolensk (1812),https://fr.wikipedia.org/wiki/Bataille_de_Smolensk_(1812),,,,,否(URL未见),
downloads/pages/4089ecf1b4ed.md,Naval History,https://sites.rootsweb.com/~pbtyc/Naval_History/Vol_VI/Abstract_23.html,t_998052,t_998052;t_c69786,,,否(URL未见),
downloads/pages/4100be3f04c1.md,1814 : D\u00e9choir et effacer les traces de l\u2019Empire | S\u00e9nat,https://www.senat.fr/connaitre-le-senat/lhistoire-du-senat/dossiers-dhistoire/le-palais-du-luxembourg-sous-les-deux-empires/le-coeur-du-palais/1814-dechoir-et-effacer-les-traces-de-lempire.html,t_7c3954,t_7c3954,,,否(URL未见),
downloads/pages/414c1bc55e2f.md,"Death, Disease and Medicine on Jamaican Slave Plantations; the Example of Worthy Park,",https://hssh.journals.yorku.ca/index.php/hssh/article/download/40881/37064/51326,t_0fed70,t_0fed70,,,否(URL未见),
downloads/pages/414d9ffcebd4.md,"1812, l'ann\u00e9e de tous les d\u00e9fis - napoleon.org",https://www.napoleon.org/histoire-des-2-empires/articles/1812-lannee-de-tous-les-defis/,,old:t_759180;old:t_95ef51;old:t_a8401d;t_02f417;t_0e763d;t_24b942;t_9f10b6;t_b1a536;t_be9258,,,否(URL未见),
downloads/pages/4161d873abee.md,Bayerische Herrschaft in Tirol (1806-1813/14) \u2013 Historisches Lexikon Bayerns,https://www.historisches-lexikon-bayerns.de/Lexikon/Bayerische_Herrschaft_in_Tirol_(1806-1813/14),t_f55d87,t_f55d87,大陆诸国,巴伐利亚在蒂罗尔的统治1806–1814 (HLB),是(主题键),1748;5155
downloads/pages/423302fa46ff.md,"Histoire financie\u0300re de la France depuis 1715. -- : Marion, Marcel, 1857-1940 : Free Download, Borrow, and Streaming : Internet Archive",https://archive.org/details/histoirefinancie0000mari_r6v8,,,,,否(URL未见),
downloads/pages/4236c75d2eec.md,Correspondance de Napol\u00e9on \u2013 Juillet 1812,https://napoleon-histoire.com/correspondance-de-napoleon-juillet-1812/,,,外交,,否(URL未见),
downloads/pages/424fa59e6154.md,,https://archive.org/advancedsearch.php?q=title%3A%28egypt+candia%29&fl%5B%5D=identifier&fl%5B%5D=title&fl%5B%5D=year&rows=20&output=json,t_ca3e8d,t_ca3e8d,,,否(URL未见),
downloads/pages/4253618e6095.md,\u041a\u041e\u041d\u0422\u0418\u041d\u0415\u041d\u0422\u0410\u041b\u042c\u041d\u0410\u042f \u0411\u041b\u041e\u041a\u0410\u0414\u0410 \u0418 \u041f\u0,https://cyberleninka.ru/article/n/kontinentalnaya-blokada-i-polozhenie-o-neytralnoy-torgovle-na-1811-god,t_29957a,t_0a8308;t_20658d;t_29957a;t_611e2b;t_8a7b54;t_f314c4,,,否(URL未见),
downloads/pages/437e716ed0c6.md,"PAPERS (Hansard, 22 December 1806)",http://api.parliament.uk/historic-hansard/commons/1806/dec/22/papers,,old:t_3dc3c2;old:t_759180;old:t_a8401d;t_0a8308;t_20658d;t_611e2b;t_8a7b54;t_c69786;t_f314c4,,,否(URL未见),
downloads/pages/43d671845240.md,La situation conscriptionnelle en 1806 dans six d\u00e9partements belges - Pers\u00e9e,https://www.persee.fr/doc/rbph_0035-0818_1969_num_47_2_2773,,t_0e763d;t_40198e,行省化,,是(URL),3773
downloads/pages/43dacbcb242e.md,Council of State's Recommendation to Napoleon on Conscription in 1811,https://www.napoleon-series.org/military-info/organization/France/Conscription/1811/c_conscripts1811.html,t_208a11,old:t_208a11;old:t_759180;old:t_a8401d;t_0a8308;t_0e763d;t_1f7db4;t_20658d;t_8a7b54,行省化,国务会议1811征兵建议,否(人工核0命中),
downloads/pages/43de964a9bae.md,"La construction d\u2019un syst\u00e8me fiscal et administratif dans la R\u00e9volution et l\u2019Empire, 1789-1815 - Pers\u00e9e",https://www.persee.fr/doc/etudo_1241-3496_2000_num_10_1_1343,t_9f10b6,t_02f417;t_0e763d;t_24b942;t_9f10b6;t_b1a536;t_be9258,,,否(URL未见),
downloads/pages/451ae0f54efe.md,IVS VS 1.4,https://data.geo.admin.ch/ch.astra.ivs-nat/PDF/VS00010400.pdf,,old:t_759180;old:t_a8401d;old:t_f81a6f;t_0a8308;t_20658d;t_86b684;t_8a7b54;t_ec2248,,,否(URL未见),
downloads/pages/4527c0ed78cb.md,Peninsular War | National Army Museum,https://www.nam.ac.uk/explore/peninsular-war,t_b9e29c,t_b9e29c;t_c69786,,,否(URL未见),
downloads/pages/453f975faa96.md,HMS Lightning (1823); Fighting vessel; Gunboat | Royal Museums Greenwich,https://www.rmg.co.uk/collections/objects/rmgc-object-66670,,t_20658d;t_24b942;t_8a7b54,,,否(URL未见),
downloads/pages/454e935e9868.md,\u041a\u0440\u0435\u0441\u0442\u044c\u044f\u043d\u0441\u043a\u0430\u044f \u0440\u0435\u0444\u043e\u0440\u043c\u0430 1861 \u0433\u043e\u0434\u0430 | \u,https://www.prlib.ru/collections/467127,t_29957a,t_0a8308;t_20658d;t_29957a;t_611e2b;t_8a7b54;t_f314c4,,,否(URL未见),
downloads/pages/45dd82f748a7.md,BUCHAREST DURING the PEACE of 1812 Ana-Maria Lep\u0103r* Abstract - DocsLib,https://docslib.org/doc/8863344/bucharest-during-the-peace-of-1812-ana-maria-lep%C4%83r-abstract,,old:t_26cd47;old:t_759180;old:t_a8401d;old:t_d604cd;t_0a8308;t_20658d;t_29957a;t_2c3192;t_611e2b;t_8a7b54;t_f314c4,外交,,否(URL未见),
downloads/pages/45df93c6e187.md,Grands trait\u00e9s politiques,https://mjp.univ-perp.fr/traites/1805presbourg.htm,,old:t_759180;old:t_75e9a5;old:t_a8401d;old:t_b7b7b1,外交,Grands traités politiques（条约汇编页）,是(URL),134
downloads/pages/46ca2b09a0f9.md,Fichier | tauxFrance1800_2015.xlsx | ID: 2227mq56p | Did\u03ccmena,https://didomena.ehess.fr/concern/file_sets/2227mq56p?locale=fr,,t_0a8308,,,否(URL未见),
downloads/pages/46ca470fcc48.md,Naval history of Great Britain by William James,https://sites.rootsweb.com/~pbtyc/Naval_History/Reports/Budgets/Budgets.htm,t_998052,t_998052;t_c69786,,,否(URL未见),
downloads/pages/4754fa019c2d.md,"MR. BROUGHAM'S MOTION RELATING TO THE ORDERS IN COUNCIL AND THE LICENCE TRADE. (Hansard, 3 March 1812)",https://api.parliament.uk/historic-hansard/commons/1812/mar/03/mr-broughams-motion-relating-to-the,,,,,否(URL未见),
downloads/pages/477ba54e881b.md,"Document > Le trait\u00e9 de paix de Presbourg, 26 d\u00e9cembre 1805 - napoleon.org",https://www.napoleon.org/histoire-des-2-empires/articles/le-traite-de-paix-de-presbourg-26-decembre-1805/,t_75e9a5,old:t_759180;old:t_75e9a5;old:t_a8401d;old:t_b7b7b1,外交,普雷斯堡和约1805,是(主题键),46;50;134;4652;4741
downloads/pages/486fa35af2c9.md,"King George's Declaration on the Breakdown of the Peace, 18 May 1803",https://www.napoleon-series.org/research/government/diplomatic/c_george2.html,,t_20658d;t_c69786,外交,,是(URL),128
downloads/pages/49dac96fedbe.md,"DEFENCE OF THE COUNTRY. (Hansard, 21 February 1805)",https://api.parliament.uk/historic-hansard/commons/1805/feb/21/defence-of-the-country,t_b9e29c,t_b9e29c;t_c69786,,,否(URL未见),
downloads/pages/4a561b849898.md,Gallica | V\u00e9rification de s\u00e9curit\u00e9,https://gallica.bnf.fr/ark:/12148/bpt6k5403901d.texteBrut,t_c2dbca,old:t_95ef51;old:t_bef693;old:t_c2dbca,,,否(URL未见),
downloads/pages/4b0b3e27f01f.md,\u0410\u0441\u0441\u0438\u0433\u043d\u0430\u0446\u0438\u043e\u043d\u043d\u044b\u0439 \u0440\u0443\u0431\u043b\u044c \u2014 \u0412\u0438\u043a\u0438\u0,https://ru.wikipedia.org/wiki/%D0%90%D1%81%D1%81%D0%B8%D0%B3%D0%BD%D0%B0%D1%86%D0%B8%D0%BE%D0%BD%D0%BD%D1%8B%D0%B9_%D1%80%D1%83%D0%B1%D0%BB%D1%8C,t_29957a,t_0a8308;t_20658d;t_29957a;t_611e2b;t_8a7b54;t_f314c4,,,否(URL未见),
downloads/pages/4b40ca3af7f7.md,"Treaty between Prussia and France, Tilsit, 9 July, 1807 - napoleon.org",https://www.napoleon.org/en/history-of-the-two-empires/articles/treaty-between-prussia-and-france-tilsit-9-july-1807/,,old:t_759180;old:t_75e9a5;old:t_7da32d;old:t_a8401d;old:t_b7b7b1;t_0a8308;t_20658d;t_3ee1b0;t_611e2b;t_8a7b54;t_f314c4,外交/大陆诸国,提尔西特法普条约1807年7月9日,是(主题键),10;124;138
downloads/pages/4b8f2a2c5183.md,New Page 1,https://www.histoire-empire.org/correspondance_de_napoleon/1804/septembre_02.htm,,old:t_3dc3c2;old:t_759180;old:t_a8401d;old:t_c17367;old:t_d604cd;t_0a8308;t_20658d;t_611e2b;t_8a7b54;t_f314c4,外交,,否(URL未见),
downloads/pages/4ba9714f9fde.md,Oeuvres de Napol\u00e9on Bonaparte,https://www.gutenberg.org/cache/epub/13475/pg13475-images.html,t_26cd47;t_d604cd,old:t_26cd47;old:t_759180;old:t_a8401d;old:t_d604cd;t_0a8308;t_20658d;t_611e2b;t_8a7b54;t_b5dab4;t_f314c4,大陆诸国,,是(URL),4664
downloads/pages/4c05b3e278f4.md,"The Project Gutenberg eBook of The Influence of Sea Power Upon the\n      French Revolution and Empire, 1793-1812, by Captain A. T. Mahan.",https://www.gutenberg.org/files/52589/52589-h/52589-h.htm,,old:t_2c338c;old:t_759180;old:t_a8401d,大陆诸国,,否(URL未见),
downloads/pages/4c2c1a8ed348.md,Sitting of 20 January 1809 (Hansard),http://api.parliament.uk/historic-hansard/sittings/1809/jan/20,,,,,否(URL未见),
downloads/pages/4c4e18c1999c.md,Le M\u00e9morial de Sainte-H\u00e9l\u00e8ne d'Emmanuel de Las Cases - napoleon.org,https://www.napoleon.org/histoire-des-2-empires/dossiers-thematiques/le-memorial-de-sainte-helene-demmanuel-de-las-cases/,t_7da32d,old:t_75e9a5;old:t_7da32d;old:t_b7b7b1,,,否(URL未见),
downloads/pages/4d12df614d45.md,"Full text of \""The Campaign of Trafalgar\""",https://archive.org/stream/campaigntrafalg00corbgoog/campaigntrafalg00corbgoog_djvu.txt,,,,,否(URL未见),
downloads/pages/4da6ae842ec8.md,Naval History,https://sites.rootsweb.com/~pbtyc/Naval_History/Vol_VI/Abstract_20.html,t_998052,t_998052;t_c69786,,,否(URL未见),
downloads/pages/4dd061a66f88.md,Correspondance de Napol\u00e9on \u2013 Juillet 1804,https://napoleon-histoire.com/correspondance-de-napoleon-juillet-1804/,,old:t_3dc3c2;old:t_759180;old:t_a8401d,外交,,否(URL未见),
downloads/pages/4e0524482f50.md,Napoleon's Foreign Policy: A Criminal Enterprise,https://doi.org/10.2307/1986040,t_75e9a5,old:t_75e9a5;old:t_b7b7b1,,,否(URL未见),
downloads/pages/4e950a03a636.md,W\u00fcrttemberg Friedrich II-I Herzog - Kurf\u00fcrst - K\u00f6nig - Detailseite - LEO-BW,https://www.leo-bw.de/detail/-/Detail/details/PERSON/ubt_hauswuerttemberg/118703218/W%C3%BCrttemberg+Friedrich+II-I+Herzog+-+Kurf%C3%BCrst+-+K%C3%B6nig,t_f55d87,t_0a8308;t_20658d;t_611e2b;t_8a7b54;t_f314c4;t_f55d87,大陆诸国,符腾堡弗里德里希一世（LEO-BW）,否(人工核0命中),
downloads/pages/4ecf038a8410.md,Los afrancesados o una cuesti\u00f3n pol\u00edtica: los l\u00edmites del despotismo ilustrado /,https://www.cervantesvirtual.com/descargaPdf/los-afrancesados-o-una-cuestion-politica-los-limites-del-despotismo-ilustrado-931299/,t_c2dbca,old:t_759180;old:t_95ef51;old:t_a8401d;old:t_bef693;old:t_c2dbca;t_0a8308;t_20658d;t_8a7b54;t_9bd988;t_f314c4,,,否(URL未见),
downloads/pages/4f3dc9c66f31.md,Le pl\u00e9biscite de l\u2019an VIII ou le coup d\u2019\u00c9tat du 18 pluvi\u00f4se an VIII (suite) - Pers\u00e9e,https://www.persee.fr/doc/ahrf_0003-4436_1972_num_208_1_4643,t_7c3954,t_7c3954,,,是(URL),5175
downloads/pages/4f6861c63c7b.md,"Napol\u00e9on, p\u00e8re des nations d'Europe ? (11 novembre 1816) - Clio Texte",https://clio-texte.clionautes.org/napoleon-pere-des-nations-deurope-11-novembre-1816.html,t_7da32d,old:t_75e9a5;old:t_7da32d;old:t_b7b7b1;t_0a8308;t_20658d;t_611e2b;t_8a7b54;t_be9258;t_f314c4,,,否(URL未见),
downloads/pages/4fa9933e2508.md,Code civil f\u00fcr das Gro\u00dfherzogtum Berg - Deutsche Digitale Bibliothek,https://www.deutsche-digitale-bibliothek.de/item/2W4JIPWELOA6HU663BEESLJT7DOGA2K3,,old:t_759180;old:t_75e9a5;old:t_7da32d;old:t_a8401d;old:t_b7b7b1;t_0a8308;t_20658d;t_611e2b;t_8a7b54;t_cbaee3;t_f314c4,大陆诸国/行省化,贝格大公国民法典（DDB）,否(人工核0命中),
downloads/pages/50084310930d.md,"Document > Loi relative \u00e0 la traite des Noirs et au r\u00e9gime des Colonies, 20 mai 1802/30 flor\u00e9al an X - napoleon.org",https://www.napoleon.org/histoire-des-2-empires/articles/document-loi-relative-a-la-traite-des-noirs-et-au-regime-des-colonies-20-mai-1802-30-floreal-an-x/,,old:t_759180;old:t_95ef51;old:t_a8401d;old:t_bef693;old:t_c2dbca;t_0a8308;t_20658d;t_8a7b54;t_9bd988;t_f314c4,外交,,否(URL未见),
downloads/pages/50491bf9c17b.md,"From Shot to Shell: General Paixhans\u2019 Revolutionary Artillery | Naval History - December 2024, Volume 38, Number 6",https://www.usni.org/magazines/naval-history/2024/december/shot-shell-general-paixhans-revolutionary-artillery,t_24b942,t_20658d;t_24b942;t_8a7b54,,,否(URL未见),
downloads/pages/50661ecf9ba8.md,"French Warships In The Age Of Sail 1786-1861: Design, Construction, Careers And Fates [PDF] [5isiv9dpuc30]",https://vdoc.pub/documents/french-warships-in-the-age-of-sail-1786-1861-design-construction-careers-and-fates-5isiv9dpuc30,,,,,否(URL未见),
downloads/pages/5084a8cc6d63.md,"CORRESPONDENCE WITH THE RUSSIAN AND FRENCH GOVERNMENTS, RELATIVE TO THE OVERTURES RECEIVED FROM ERFURTH. (Hansard, 20 January 1809)",https://api.parliament.uk/historic-hansard/commons/1809/jan/20/correspondence-with-the-russian-and,,old:t_3dc3c2;old:t_759180;old:t_a8401d;t_0a8308;t_20658d;t_611e2b;t_8a7b54;t_c69786;t_f314c4,外交/大陆诸国,1808年埃尔福特对英和平提议往来文书（英国议会文件）,否(人工核0命中),
downloads/pages/509e05c01d8a.md,Documents upon the Overthrow of the Spanish Monarchy 1807,https://www.napoleon-series.org/research/government/diplomatic/c_spain.html,t_3dc3c2,old:t_3dc3c2;old:t_759180;t_0a8308;t_20658d;t_3282da;t_611e2b;t_8a7b54;t_f314c4,外交,,否(URL未见),
downloads/pages/5153da72f949.md,"The role of grain exports in external commerce of Bessarabia (1812-1830) :: Journal \u201eTyragetia\"" :: Publications :: National Museum of History of",https://www.nationalmuseum.md/en/press_releases/journal_tyragetia/the_role_of_grain_exports_in_external_commerce_of_bessarabia_1812_1830/,,t_02f417;t_0e763d;t_24b942,,,否(URL未见),
downloads/pages/515576ab832a.md,Gallica | V\u00e9rification de s\u00e9curit\u00e9,https://gallica.bnf.fr/ark:/12148/bpt6k5564693t.texteBrut,,,,,否(URL未见),
downloads/pages/5184b87a3f2a.md,Une visite de Napol\u00e9on \u00e0 la poudrerie d\u2019Essonne\u2026 \u00bb L'ESTAFETTE...,http://lestafette.unblog.fr/2025/07/05/une-visite-de-napoleon-a-la-poudrerie-dessonne/,,t_0e763d,,,否(URL未见),
downloads/pages/523d0f5541c4.md,Statut constitutionnel du 17 mars 1805 - Wikisource,https://fr.wikisource.org/wiki/Statut_constitutionnel_du_17_mars_1805,t_7da32d,old:t_759180;old:t_75e9a5;old:t_7da32d;old:t_a8401d;old:t_b7b7b1;t_0a8308;t_20658d;t_611e2b;t_8a7b54;t_8f2668;t_be9258;t_eaa841;t_f314c4,,,是(URL),2392
downloads/pages/523f4560156c.md,"Key documents in the history of gold, 1:",https://www.gold.org/sites/default/files/documents/1810jun8.pdf,,old:t_759180;old:t_95ef51;old:t_a8401d;t_044211;t_24b942;t_c69786,,,是(URL),787
downloads/pages/52f7e77ab074.md,,https://gallica.bnf.fr/SRU?operation=searchRetrieve&version=1.2&query=gallica%20all%20%22Sassenay%20Napol%C3%A9on%20argentine%22&maximumRecords=5,t_f314c4,,,,否(URL未见),
downloads/pages/5321f7d7f88b.md,,https://archive.org/advancedsearch.php?q=driault&fl%5B%5D=identifier&fl%5B%5D=title&fl%5B%5D=year&rows=50&output=json,t_ca3e8d,t_ca3e8d,,,否(URL未见),
downloads/pages/53f263fd3a10.md,"THE CHARTIST PETITION\u2014MESSRS. O'CONNOR AND CRIPPS. (Hansard, 13 April 1848)",https://api.parliament.uk/historic-hansard/commons/1848/apr/13/the-chartist-petition-messrs-oconnor-and,t_b702da,t_0a8308;t_20658d;t_8a7b54;t_b702da;t_eaa841,,,否(URL未见),
downloads/pages/5428a73c3a12.md,La vente des biens nationaux : essai de synth\u00e8se - Pers\u00e9e,https://www.persee.fr/doc/ahrf_0003-4436_1999_num_315_1_2219?pageId=T1_10,t_7c3954,t_7c3954,,,否(URL未见),
downloads/pages/5468d4404113.md,"(PDF) French Warships in the Age of Sail 1786\u20131861: Design, construction, careers and fates",https://www.academia.edu/84476127/French_Warships_in_the_Age_of_Sail_1786_1861_Design_construction_careers_and_fates,,,,,否(URL未见),
downloads/pages/54a70cc2111c.md,"La Banque de France, fille du coup d\u2019\u00c9tat de Brumaire et institution majeure des \""masses de granit\"" napol\u00e9oniennes - napoleon.org",https://www.napoleon.org/histoire-des-2-empires/articles/la-banque-de-france-une-des-grandes-institutions-napoleoniennes/,,old:t_759180;old:t_95ef51;old:t_a8401d;t_02f417;t_0e763d;t_24b942;t_9f10b6;t_b1a536;t_be9258,,,否(URL未见),
downloads/pages/54fd0efdaf3a.md,"Internet-Portal \""Westf\u00e4lische Geschichte\""",https://www.lwl.org/westfaelische-geschichte/portal/Internet/input_felder/langDatensatz_ebene4.php?url_tabelle=tab_websegmente&urlID=714,t_3ee1b0,t_0a8308;t_20658d;t_3ee1b0;t_8a7b54;t_b702da;t_eaa841,,,否(URL未见),
downloads/pages/550652301685.md,Correspondance de Napol\u00e9on Ier - Octobre 1811 - Histoire du Consulat et du Premier empire,https://napoleon-histoire.com/correspondance-de-napoleon-ier-octobre-1811/,t_b1a536,t_02f417;t_0a8308;t_0e763d;t_20658d;t_24b942;t_611e2b;t_8a7b54;t_b1a536;t_be9258;t_f314c4,外交,,否(URL未见),
downloads/pages/55392aeeec19.md,"Wars, Blockade, and Economic Change in Europe, 1792-1815 on JSTOR",https://www.jstor.org/stable/2115762,,old:t_759180;old:t_f81a6f;t_20658d;t_ec2248,,,否(URL未见),
downloads/pages/554823b77f69.md,"Fiscal Centralization, Limited Government, and Public Revenues in Europe, 1650\u20131913","https://pages.ucsd.edu/~bslantchev/courses/ps143a/readings/Dincecco%20-%20Fiscal%20Centralization,%20Limited%20Government,%20and%20Public%20Revenues%20in%20Europe,%201650-1913.pdf",,old:t_759180;old:t_a8401d;old:t_f3c44f;t_0a8308;t_20658d;t_86b684;t_8a7b54,,,否(URL未见),
downloads/pages/554b3ef083a5.md,"The British Army's African Recruitment Policy, 1790-1807",https://doi.org/10.7275/6931,t_0fed70,t_0fed70,,,是(URL),1467
downloads/pages/5550fd06ab38.md,Napoleon and the Invasion in England - PDF Free Download,https://epdf.tips/napoleon-and-the-invasion-in-england.html,t_c8b161,old:t_2c338c;old:t_759180;old:t_a8401d;old:t_b7b7b1;t_0a8308;t_20658d;t_611e2b;t_8a7b54;t_b9e29c;t_c69786;t_c8b161;t_f314c4,,,否(URL未见),
downloads/pages/561bc56ff575.md,BANQUE DE FRANCE | Issuers | DFIH,https://dfih.fr/issuers/104/securities,t_0a8308,t_0a8308,,,否(URL未见),
downloads/pages/56350497ff74.md,Droit sous Napol\u00e9on Ier > Qu\u2019est ce qu\u2019un s\u00e9natus-consulte ? - napoleon.org,https://www.napoleon.org/enseignants/documents/droit-sous-napoleon-ier-quest-ce-quun-senatus-consulte/,t_7c3954,t_7c3954,,,否(URL未见),
downloads/pages/564fdec6591d.md,"Karl August Baron von Hardenberg, \u201cOn the Reorganization of the Prussian State\u201d (September 12, 1807) | German History in Documents and Image",https://germanhistorydocs.org/en/the-holy-roman-empire-1648-1815/karl-august-baron-von-hardenberg-on-the-reorganization-of-the-prussian-state-september-12-1807,t_f3c44f,old:t_759180;old:t_a8401d;old:t_f3c44f;t_0a8308;t_20658d;t_3ee1b0;t_86b684;t_8a7b54,外交/大陆诸国,哈登堡1807年里加备忘录（普鲁士国家重组）,是(主题键),1706
downloads/pages/56707f7ed50c.md,The British-French Naval Rivalry in the Ionian and Adriatic Basins 1807-1814 from an insular perspective,https://hrcak.srce.hr/file/469145,,t_02f417;t_0e763d;t_24b942;t_b1a536;t_be9258,,,否(URL未见),
downloads/pages/567748874d93.md,Proclama di Rimini - Wikisource,https://it.wikisource.org/wiki/Proclama_di_Rimini,t_7da32d,old:t_759180;old:t_75e9a5;old:t_7da32d;old:t_a8401d;old:t_b7b7b1;t_0a8308;t_20658d;t_611e2b;t_8a7b54;t_8f2668;t_be9258;t_f314c4,,,是(URL),2420
downloads/pages/56a23915a69c.md,\u041c.\u041c. \u0421\u043f\u0435\u0440\u0430\u043d\u0441\u043a\u0438\u0439. \u041e\u0442\u0447\u0435\u0442 \u0432 \u0434\u0435\u043b\u0430\u0445 1810,http://dugward.ru/library/speranskiy_m/speranskiy_otchet_v_delah_1810.html,t_29957a,old:t_26cd47;old:t_759180;old:t_d604cd;t_0a8308;t_20658d;t_29957a;t_2c3192;t_611e2b;t_8a7b54;t_91cbee;t_f314c4,,,是(URL),1926
downloads/pages/57df14bfaeee.md,"Industrial Revolution Defining Moments, 1750\u20131914 | 1.3 Australia and wool | Australia\u2019s Defining Moments Digital Classroom | National Museu",https://digital-classroom.nma.gov.au/learning-modules/industrial-revolution-defining-moments-1750-1914/13-australia-and-wool,t_0fed70,t_0fed70,,,是(URL),1475
downloads/pages/581d84a8bc6e.md,"FRENCH PRISONERS OF WAR. (Hansard, 14 June 1811)",https://api.parliament.uk/historic-hansard/commons/1811/jun/14/french-prisoners-of-war,t_104134,old:t_104134;old:t_759180;old:t_7ee3b0;old:t_a8401d;t_02f417;t_0a8308;t_0e763d;t_20658d;t_24b942;t_611e2b;t_8a7b54;t_b1a536;t_be9258;t_f314c4,,,否(URL未见),
downloads/pages/583cadf3f4cf.md,Www.Napoleon Series,https://r.jina.ai/http://www.napoleon-series.org/research/abstract/government/budget/france/an12/c_an12c.html,,,,,否(URL未见),
downloads/pages/583fdf517a90.md,1812 \u0433\u043e\u0434. \u041c\u0438\u043d\u0438\u0441\u0442\u0440 \u043f\u043e\u043b\u0438\u0446\u0438\u0438 \u0420\u043e\u0441\u0441\u0438\u0438 \u,https://cyberleninka.ru/article/n/1812-god-ministr-politsii-rossii-general-a-d-balashov-v-stavke-napoleona,,old:t_26cd47;old:t_759180;old:t_d604cd;t_0a8308;t_20658d;t_29957a;t_2c3192;t_611e2b;t_8a7b54;t_f314c4,,,否(URL未见),
downloads/pages/597653e3e3aa.md,"NAVY ESTIMATES. (Hansard, 1 March 1830)",https://api.parliament.uk/historic-hansard/commons/1830/mar/01/navy-estimates,,t_998052;t_c69786,,,是(URL),1432
downloads/pages/599a99170241.md,"Siege of Glogau, 15 March- 27 May 1813",https://www.historyofwar.org/articles/siege_glogau.html,,old:t_208a11;old:t_759180;t_0a8308;t_0e763d;t_1f7db4;t_20658d;t_8a7b54,,,否(URL未见),
downloads/pages/5a55e6aeac33.md,QB 1967 Q2 pp159-163 - also see appendix,https://www.bankofengland.co.uk/-/media/boe/files/quarterly-bulletin/1967/boe-liabilities-and-assets-1696-onwards.pdf,,t_044211;t_24b942;t_c69786,,,是(URL),786
downloads/pages/5ab65f0d1e5e.md,Commons Chamber - Hansard - UK Parliament,https://hansard.parliament.uk/html/Commons/1809-01-20/CommonsChamber,t_75e9a5,old:t_759180;old:t_75e9a5;old:t_95ef51;old:t_a8401d;old:t_b7b7b1;t_0a8308;t_20658d;t_611e2b;t_8a7b54;t_c69786;t_f314c4,,,否(URL未见),
downloads/pages/5af51159c185.md,French ship Tilsitt (1810),https://en.wikipedia.org/wiki/French_ship_Tilsitt_(1810),,t_02f417;t_0a8308;t_0e763d;t_20658d;t_24b942;t_611e2b;t_8a7b54;t_b1a536;t_be9258;t_f314c4,外交,,否(URL未见),
downloads/pages/5b085cf6826c.md,Verfassung des K\u00f6nigreichs Bayern (1808),https://www.verfassungen.de/by/verf08.htm,t_f55d87,t_0a8308;t_20658d;t_611e2b;t_8a7b54;t_f314c4;t_f55d87,大陆诸国,,否(URL未见),
downloads/pages/5b7b985b0f78.md,Supplying War: Logistics From Wallenstein To Patton [PDF] [28jjb479976g],https://vdoc.pub/documents/supplying-war-logistics-from-wallenstein-to-patton-28jjb479976g,,old:t_26cd47;old:t_759180;old:t_a8401d;old:t_d604cd;t_0e763d;t_20658d;t_b9e29c;t_c69786,,,否(URL未见),
downloads/pages/5bca97b2d200.md,"Full text of \""The naval history of Great Britain, from the declaration of war by France in 1793, to the accession of George IV : A new ed., with addi",https://archive.org/stream/navalhistoryofgr06jameuoft/navalhistoryofgr06jameuoft_djvu.txt,,,,,否(URL未见),
downloads/pages/5c42ebbe4e31.md,French Cavalry Defeats Dutch Fleet? | The Napoleon Series,https://www.napoleon-series.org/military-info/battles-campaigns/french-cavalry-defeats-dutch-fleet/,,old:t_759180;old:t_a8401d;old:t_b7b7b1;t_0a8308;t_20658d;t_611e2b;t_8a7b54;t_c69786;t_f314c4,,,否(URL未见),
downloads/pages/5d3c7adfae7e.md,"Project MUSE - <i>Servir Napol\u00e9on. Policiers et gendarmes dans les d\u00e9partements annex\u00e9s, 1796-1814</i> by Aur\u00e9lien Lignereux (revi",https://muse.jhu.edu/article/555308/summary,t_c98c24,t_0e763d;t_c98c24,行省化,,否(URL未见),
downloads/pages/5d550d2e45a1.md,"Full text of \""Napol\u00e9on et l'Angleterre 1803-1813. D'apr\u00e8s des documents in\u00e9dits des Archives des affaires \u00e9trang\u00e8res, des Ar",https://archive.org/stream/napolonetlangl00coqu/napolonetlangl00coqu_djvu.txt,,old:t_759180;old:t_75e9a5;old:t_a8401d;old:t_b7b7b1;t_0a8308;t_20658d;t_611e2b;t_8a7b54;t_c69786;t_f314c4,,,否(URL未见),
downloads/pages/5dc51974bd26.md,Geschichte Deutschlands im neunzehnten Jahrhundert,https://www.e-rara.ch/download/pdf/31787144.pdf,,old:t_759180;old:t_75e9a5;old:t_7da32d;old:t_a8401d;old:t_b7b7b1;t_0a8308;t_20658d;t_3ee1b0;t_611e2b;t_8a7b54;t_f314c4,,,否(URL未见),
downloads/pages/5dea3a848dc0.md,"The Spanish Army in the Peninsular War\n 0719025389, 9780719025389 - DOKUMEN.PUB",https://dokumen.pub/the-spanish-army-in-the-peninsular-war-0719025389-9780719025389.html,t_27c409,old:t_208a11;old:t_759180;t_0a8308;t_0e763d;t_1f7db4;t_20658d;t_27c409;t_611e2b;t_8a7b54;t_f314c4,,,否(URL未见),
downloads/pages/5df7f181c2a5.md,Konstitution des K\u00f6nigreichs Bayern (1808) \u2013 Historisches Lexikon Bayerns,https://www.historisches-lexikon-bayerns.de/Lexikon/Konstitution_des_K%C3%B6nigreichs_Bayern_(1808),t_f55d87,t_0a8308;t_20658d;t_611e2b;t_8a7b54;t_f314c4;t_f55d87,大陆诸国,,是(URL),1910
downloads/pages/5e09f7d403d0.md,Client Challenge,https://www.jstor.org/stable/pdf/2122576.pdf,,,,,否(URL未见),
downloads/pages/5e89d50c1e0b.md,"Russian Campaign, French Campaign",https://ehne.fr/en/node/12209/printable/pdf,,old:t_26cd47;old:t_759180;old:t_a8401d;old:t_d604cd;t_0a8308;t_20658d;t_29957a;t_2c3192;t_611e2b;t_8a7b54;t_f314c4,大陆诸国,,否(URL未见),
downloads/pages/5f01778e4d6f.md,\u0413\u043b\u0430\u0432\u0430 1. \u0414\u0438\u043d\u0430\u043c\u0438\u043a\u0430 \u043e\u0431\u0449\u0435\u0439 \u0447\u0438\u0441\u043b\u0435\u043d,https://istmat.org/node/72,t_29957a,t_0a8308;t_20658d;t_29957a;t_611e2b;t_8a7b54;t_f314c4,,,否(URL未见),
downloads/pages/5f077c2e8105.md,1812now: April 17 1812: Napoleon's Peace Offer,http://1812now.blogspot.com/2012/04/april-17-1812-napoleons-peace-offer.html,,,,,否(URL未见),
downloads/pages/5f1e86c351d1.md,Ungarn - Zeno.org,http://www.zeno.org/Brockhaus-1809/B/Ungarn,t_f4bb81,t_3ee1b0;t_f4bb81,,,否(URL未见),
downloads/pages/5f2b3a332680.md,,https://archive.org/advancedsearch.php?q=title%3A%28%22terre+ferme%22%29+AND+creator%3A%28Depons%29&fl%5B%5D=identifier&fl%5B%5D=title&fl%5B%5D=year&rows=10&output=json,t_f314c4,,,,否(URL未见),
downloads/pages/5f4f001104e6.md,The Political Essays of William Shaler,https://oieahc.wm.edu/wp-content/uploads/stagg.pdf,,t_02f417;t_0e763d;t_24b942;t_b1a536;t_be9258,,,是(URL),1477
downloads/pages/5fa8192aac32.md,NAPOLEONIC CONSCRIPTION: STATE POWER AND CIVIL SOCIETY,https://doi.org/10.1093/past/111.1.101,,t_0e763d,行省化,,否(URL未见),
downloads/pages/5feaa9142411.md,H-France Review Volume 19 (2019) Page 1,https://h-france.net/vol19reviews/vol19no37todorov.pdf,t_b09c54;t_bef693,old:t_759180;old:t_95ef51;old:t_a8401d;old:t_b09c54;old:t_bef693;t_0a8308;t_20658d;t_611e2b;t_8a7b54;t_ccdcc8;t_f314c4,,,否(URL未见),
downloads/pages/603b19b5b0f9.md,Document > Trait\u00e9 de paix de Vienne (14 octobre 1809) - napoleon.org,https://www.napoleon.org/histoire-des-2-empires/articles/document-traite-de-paix-de-vienne-14-octobre-1809/,t_f4bb81,old:t_759180;old:t_75e9a5;old:t_a8401d;old:t_b7b7b1;t_0a8308;t_20658d;t_3ee1b0;t_611e2b;t_8a7b54;t_f314c4;t_f4bb81,外交,维也纳（申布伦）和约及秘密条款（napoleon.org）,是(URL),1898
downloads/pages/60408e3ad1af.md,"IRISH MILITIA OFFER BILL.\u2014 (Hansard, 28 March 1804)",https://api.parliament.uk/historic-hansard/commons/1804/mar/28/irish-militia-offer-bill,t_b9e29c,t_b9e29c;t_c69786,,,否(URL未见),
downloads/pages/604f0621ae92.md,"PAPERS (Hansard, 22 December 1806)",https://api.parliament.uk/historic-hansard/commons/1806/dec/22/papers,,old:t_759180;old:t_75e9a5;old:t_a8401d;old:t_b7b7b1;t_0a8308;t_20658d;t_611e2b;t_8a7b54;t_c69786;t_f314c4,,,否(URL未见),
downloads/pages/61ed76741f61.md,\u0421\u043e\u0441\u0442\u043e\u044f\u043b\u043e\u0441\u044c \u043e\u0444\u0438\u0446\u0438\u0430\u043b\u044c\u043d\u043e\u0435 \u043e\u0442\u043a\u04,https://www.prlib.ru/history/619715,t_29957a,t_0a8308;t_20658d;t_29957a;t_611e2b;t_8a7b54;t_f314c4,,,否(URL未见),
downloads/pages/6305bcbe013e.md,"LIVERPOOL PETITION RESPECTING THE ORDERS IN COUNCIL BILL. (Hansard, 3 March 1808)",https://api.parliament.uk/historic-hansard/commons/1808/mar/03/liverpool-petition-respecting-the-orders,t_87ba37,t_0a8308;t_20658d;t_611e2b;t_87ba37;t_8a7b54;t_f314c4,,,否(URL未见),
downloads/pages/632f5bd25919.md,"PAPERS (Hansard, 22 December 1806)",https://api.parliament.uk/historic-hansard/commons/1806/dec/22/papers?view=full,,old:t_3dc3c2;old:t_759180;old:t_a8401d;t_0a8308;t_20658d;t_611e2b;t_8a7b54;t_c69786;t_f314c4,,,否(URL未见),
downloads/pages/635d3fc23a42.md,Innovatives System,https://www.ibf-frankfurt.de/components/getdata.php?file=1500751347_SFupLD_boersenzeitung210_ullmann_01nov2011.pdf,t_656a10,t_0a8308;t_20658d;t_656a10;t_8a7b54,大陆诸国,,否(URL未见),
downloads/pages/635f200bfaf6.md,"Fulton\u2019s torpedoes used in the attack on Boulogne, 1804 \u2013 The Navy Records Society",https://www.navyrecords.org.uk/magazine_posts/fultons-torpedoes-used-in-the-attack-on-boulogne-1804/,,old:t_2c338c;old:t_3dc3c2;old:t_759180;old:t_a8401d;t_0a8308;t_20658d;t_611e2b;t_8a7b54;t_c8b161;t_f314c4,,,否(URL未见),
downloads/pages/63870d6f50b8.md,Andreas Hofer | Die Welt der Habsburger,https://www.habsburger.net/en/persons/person/andreas-hofer,t_f4bb81,t_3ee1b0;t_f4bb81,大陆诸国,霍费尔（Welt der Habsburger）,是(主题键),4939
downloads/pages/63ae275f32de.md,1812now: April 17 1812: Napoleon's Peace Offer,http://1812now.blogspot.com/2012/04/april-17-1812-napoleons-peace-offer.html,t_b7b7b1,old:t_b7b7b1;t_20658d;t_c69786,,,否(URL未见),
downloads/pages/63d42a1442bd.md,Hemos visto con sumo dolor y espanto las Reales Gracias que se concedieron a la Caxa de Consolidaci\u00f3n de Vales Reales y a varias casas extranjera,https://carlosmarichal.colmex.mx/finanzas-coloniales/Comercio%20neutral%202000.pdf,t_c2dbca,old:t_759180;old:t_95ef51;old:t_a8401d;old:t_bef693;old:t_c2dbca;t_0a8308;t_20658d;t_8a7b54;t_9bd988;t_f314c4,,,否(URL未见),
downloads/pages/644c60931e6e.md,La situation conscriptionnelle en 1806 dans six d\u00e9partements belges - Pers\u00e9e,https://www.persee.fr/doc/rbph_0035-0818_1969_num_47_2_2773,,t_0e763d;t_40198e,行省化,,是(URL),3773
downloads/pages/6453d22b6fd6.md,,https://archive.org/advancedsearch.php?q=Aitchison+treaties+Sind+Baluchistan&fl%5B%5D=identifier&fl%5B%5D=title&fl%5B%5D=year&rows=15&output=json,t_611e2b,,外交,,否(URL未见),
downloads/pages/649e54bf4408.md,"The Project Gutenberg eBook of Oeuvres de Napol\u00e9on Bonaparte, Tome IV",https://www.gutenberg.org/cache/epub/13192/pg13192-images.html,t_7da32d,old:t_759180;old:t_75e9a5;old:t_7da32d;old:t_a8401d;old:t_b7b7b1;t_0a8308;t_20658d;t_611e2b;t_8a7b54;t_8f2668;t_be9258;t_cbaee3;t_eaa841;t_f314c4,大陆诸国,,是(URL),2392
downloads/pages/64f0529893a0.md,State of the British Army in 1805,https://www.napoleon-series.org/military-info/organization/c_strengths.html,t_b9e29c,t_b9e29c;t_c69786,,,否(URL未见),
downloads/pages/6584f2f8b4f1.md,"Protest and Democracy 1816 to 1818, part 1 - The National Archives",https://www.nationalarchives.gov.uk/education/resources/protest-and-democracy-1816-to-1818/,t_87ba37,t_0a8308;t_20658d;t_611e2b;t_87ba37;t_8a7b54;t_b702da;t_f314c4,,,否(URL未见),
downloads/pages/660eeecd2885.md,Working Papers,https://www.nber.org/system/files/working_papers/w3517/w3517.pdf,,old:t_759180;old:t_95ef51;old:t_a8401d;old:t_bef693,,,否(URL未见),
downloads/pages/6635f608e21d.md,The Campaign of 1812 in Russia,https://clausewitzstudies.org/readings/1812/Clausewitz-CampaignOf1812inRussia-EllesmereTranslation.pdf,,old:t_26cd47;old:t_759180;old:t_a8401d;old:t_d604cd;t_0a8308;t_20658d;t_2c3192;t_611e2b;t_8a7b54;t_f314c4,大陆诸国,,否(URL未见),
downloads/pages/664a7ecc0984.md,Oestreich - Zeno.org,http://www.zeno.org/Brockhaus-1809/B/Oestreich,t_f4bb81,t_3ee1b0;t_f4bb81,,,否(URL未见),
downloads/pages/664bfb9d9703.md,Merino sheep introduced | National Museum of Australia,https://www.nma.gov.au/defining-moments/resources/merino-sheep-introduced,t_0fed70,t_0fed70,,,是(URL),1475
downloads/pages/67f1d0201b9d.md,Client Challenge,https://www.jstor.org/stable/10.5699/slaveasteurorev2.96.3.0574,t_d604cd,old:t_d604cd,,,否(URL未见),
downloads/pages/68000e2037a4.md,The Rising of 1803 in Dublin,https://historyireland.com/the-rising-of-1803-in-dublin/,,old:t_2c338c;old:t_759180;t_0a8308;t_20658d;t_611e2b;t_8a7b54;t_c8b161;t_f314c4,,,否(URL未见),
downloads/pages/682e933f431c.md,Naval history of Great Britain - Vol. VI by William James - Abstract 20 - 1812,https://sites.rootsweb.com/~pbtyc/Naval_History/Vol_VI/Abstract_20.html,t_998052,t_998052;t_c69786,,,否(URL未见),
downloads/pages/685cb0142009.md,"Vellore Mutiny | Sepoy Rebellion, British Raj & Indian Soldiers | Britannica",https://www.britannica.com/event/Vellore-Mutiny,t_c17367,old:t_c17367;old:t_d604cd,,,否(URL未见),
downloads/pages/6864746209f3.md,Correspondance de Napol\u00e9on Ier - Juillet 1811 - Histoire du Consulat et du Premier empire,https://napoleon-histoire.com/correspondance-de-napoleon-ier-juillet-1811/,t_7da32d;t_7ee3b0,old:t_759180;old:t_75e9a5;old:t_7da32d;old:t_7ee3b0;old:t_a8401d;old:t_b7b7b1;t_02f417;t_0a8308;t_0e763d;t_20658d;t_24b942;t_611e2b;t_8a7b54;t_8f2668;t_998052;t_b1a536;t_be9258;t_c69786;t_eaa841;t_f314c4,外交,,否(URL未见),
downloads/pages/68fdc2145ce9.md,"The campaign of Trafalgar : Corbett, Julian Stafford, Sir, 1854-1922 : Free Download, Borrow, and Streaming : Internet Archive",https://archive.org/stream/campaignoftrafal00corb?ui=embed&view=theater,,old:t_2c338c;old:t_759180;old:t_a8401d,,,否(URL未见),
downloads/pages/6a6576cb716b.md,The Canning Mission to Burma of 1809/10,https://www.cambridge.org/core/journals/journal-of-southeast-asian-studies/article/abs/canning-mission-to-burma-of-180910/A331E3435612B8A40CECB278D144CCBF,t_05cc22,t_05cc22;t_0a8308;t_20658d;t_8a7b54;t_f314c4,,,否(URL未见),
downloads/pages/6a70f356e610.md,Franz II (I) and the Metternich System | Die Welt der Habsburger,https://www.habsburger.net/en/chapter/franz-ii-i-and-metternich-system,t_f4bb81,t_3ee1b0;t_f4bb81,外交/大陆诸国,弗朗茨二世与梅特涅体系（Welt der Habsburger）,否(人工核0命中),
downloads/pages/6abf117df1ef.md,History of Parliament Online,https://historyofparliamentonline.org/volume/1790-1820/parliament/1802,,,,,否(URL未见),
downloads/pages/6ac8ba7fab6c.md,Institutional Transplant and Cultural Proximity: Evidence from Nineteenth-Century Prussia | The Journal of Economic History | Cambridge Core,https://www.cambridge.org/core/journals/journal-of-economic-history/article/institutional-transplant-and-cultural-proximity-evidence-from-nineteenthcentury-prussia/E3A08D7D60A09DB75E9794A55AC50CCB,,old:t_759180;old:t_f3c44f,大陆诸国,,否(URL未见),
downloads/pages/6b8e02cd7248.md,The Transatlantic Slave Trade - Heritage Collections UK Parliament,https://heritagecollections.parliament.uk/stories/the-transatlantic-slave-trade/,t_0fed70,t_0fed70,,,否(URL未见),
downloads/pages/6b907925f3ee.md,,https://books.openedition.org/pur/134235,,t_afeae6,,,是(URL),3777
downloads/pages/6bc1e5201866.md,Trait\u00e9 d'alliance entre la France et la Perse - Histoire du Consulat et du Premier empire,https://napoleon-histoire.com/traite-dalliance-entre-la-france-et-la-perse/,t_c17367;t_611e2b,old:t_759180;old:t_a8401d;old:t_c17367;old:t_d604cd;t_0a8308;t_20658d;t_611e2b;t_8a7b54;t_f314c4,外交,,否(URL未见),
downloads/pages/6c50590d5ddd.md,Donn\u00e9es actuelles sur Napol\u00e9on II (1811-1832) et ses dents - napoleon.org,https://www.napoleon.org/histoire-des-2-empires/articles/donnees-actuelles-sur-napoleon-ii-1811-1832-et-ses-dents/,t_f4bb81,t_0a8308;t_20658d;t_3ee1b0;t_611e2b;t_8a7b54;t_f314c4;t_f4bb81,,,否(URL未见),
downloads/pages/6ca335048c90.md,A Turner thesis for Europe? the frontier in Napoleonic Europe,https://doi.org/10.3917/napo.092.0157,t_b09c54,old:t_759180;old:t_a8401d;old:t_b09c54;t_0a8308;t_20658d;t_611e2b;t_8a7b54;t_ccdcc8;t_f314c4,,,否(URL未见),
downloads/pages/6ce31bceba37.md,,https://carlosmarichal.colmex.mx/BOOK%20BANKRUPTCY%20OF%20EMPIRE.pdf,,old:t_759180;old:t_95ef51;old:t_a8401d;old:t_bef693;old:t_c2dbca,,,否(URL未见),
downloads/pages/6d14b89ddb86.md,18120224-004:geheimtaktat04  -  EPOCHE NAPOLEON,https://www.epoche-napoleon.net/quellen/1812/02/24/geheimtaktat04.html,t_3ee1b0,old:t_759180;old:t_75e9a5;old:t_7da32d;old:t_a8401d;old:t_b7b7b1;t_0a8308;t_20658d;t_3ee1b0;t_611e2b;t_8a7b54;t_f314c4,,,否(URL未见),
downloads/pages/6dcc42091ede.md,Client Challenge,https://www.jstor.org/stable/pdf/1876579.pdf,,t_02f417;t_0e763d;t_24b942;t_b1a536;t_be9258,,,否(URL未见),
downloads/pages/6dfe3590fab1.md,Sitting of 22 December 1806 (Hansard),https://api.parliament.uk/historic-hansard/sittings/1806/dec/22,,,,,否(URL未见),
downloads/pages/6e15ba731186.md,Naval history of Great Britain by William James,https://sites.rootsweb.com/~pbtyc/Naval_History/Reports/Index.html,t_998052,t_998052;t_c69786,,,否(URL未见),
downloads/pages/6e26f79375d8.md,"VOTE OF CREDIT. (Hansard, 5 June 1811)",https://api.parliament.uk/historic-hansard/commons/1811/jun/05/vote-of-credit,t_b7b7b1,old:t_b7b7b1,,,是(URL),778
downloads/pages/6e6f2ee5c7e3.md,"Abstract of British historical statistics / by B.R. Mitchell. With the collaboration of Phyllis Deane. - : Mitchell, B. R. (Brian R.) : Free Download,",https://archive.org/details/abstractofbritis0000mitc,t_044211,t_044211;t_24b942;t_c69786,,,否(URL未见),
downloads/pages/6e927305e1e3.md,France,https://www.concordatwatch.eu/showtopic.php?org_id=867&kb_header_id=826,t_5b1d64,t_5b1d64,,,否(URL未见),
downloads/pages/6e996221a1d1.md,"NEGOCIATION WITH FRANCE. (Hansard, 30 December 1806)",https://api.parliament.uk/historic-hansard/commons/1806/dec/30/negociation-with-france,t_c69786,old:t_3dc3c2;old:t_759180;old:t_a8401d;t_0a8308;t_20658d;t_611e2b;t_8a7b54;t_c69786;t_f314c4,,,否(URL未见),
downloads/pages/6f0156abb741.md,Manufacture nationale d'armes,https://archives.saint-etienne.fr/histoires-stephanoises-1/tranches-dhistoire/guerre-et-batiments-militaires/manufacture-nationale-darmes,,t_0e763d,,,否(URL未见),
downloads/pages/6fc5e566ba0b.md,Portal K\u00f6nigreich Bayern: Objekte,https://portale.hdbg.de/koenigreich-bayern/objekte/objekt/390,t_f55d87,t_0a8308;t_20658d;t_611e2b;t_8a7b54;t_f314c4;t_f55d87,大陆诸国,,否(URL未见),
downloads/pages/6fe177bf2d7a.md,"The Project Gutenberg eBook of Reden an die deutsche Nation, by Johann Gottlieb Fichte.",https://www.gutenberg.org/files/48340/48340-h/48340-h.htm,t_3ee1b0;t_b702da,t_0a8308;t_20658d;t_3ee1b0;t_8a7b54;t_b702da,大陆诸国,费希特《对德意志民族的演讲》,是(主题键),4161;4273
downloads/pages/7027396ad89a.md,Order of Battle in Northern Italy,https://www.austro-hungarian-army.co.uk/oobmar48.htm,t_0e763d,t_0a8308;t_0e763d;t_20658d;t_611e2b;t_8a7b54;t_be9258;t_eaa841;t_f314c4,大陆诸国,,否(URL未见),
downloads/pages/70b17e18323a.md,,https://shs.cairn.info/article/E_NAPO_081_0006/pdf?lang=en,,old:t_2c338c;old:t_759180;old:t_a8401d;t_0a8308;t_20658d;t_611e2b;t_8a7b54;t_b9e29c;t_c69786;t_f314c4,,,否(URL未见),
downloads/pages/70c07731eba6.md,Le passage du Ni\u00e9men - De Kovno \u00e0 Wilna,https://www.histoire-empire.org/1812/niemen/le_passage_du_niemen_03.htm,,,,,否(URL未见),
downloads/pages/70cc6a857e5f.md,Carnegie Endowment for International Peace,https://oll-resources.s3.us-east-2.amazonaws.com/oll3/store/titles/327/0142_Bk.pdf,t_104134;t_f81a6f;t_cbaee3;t_be9258,old:t_104134;old:t_759180;old:t_7ee3b0;old:t_95ef51;old:t_a8401d;old:t_bef693;old:t_f81a6f;t_02f417;t_044211;t_0a8308;t_0e763d;t_20658d;t_24b942;t_611e2b;t_86b684;t_8a7b54;t_9f10b6;t_b1a536;t_b702da;t_be9258;t_c69786;t_cbaee3;t_f314c4,,,是(URL),794
downloads/pages/70f0bcc9bf3f.md,Pariser Konvention (1808),https://de.wikipedia.org/wiki/Pariser_Konvention_(1808),t_3ee1b0,t_0a8308;t_20658d;t_3ee1b0;t_611e2b;t_8a7b54;t_f314c4,,,否(URL未见),
downloads/pages/71106f9334bc.md,A Global Forum for Naval Historical Scholarship,https://www.ijnhonline.org/wp-content/uploads/2012/01/Bjerg.pdf,,old:t_759180;old:t_7ee3b0;old:t_a8401d;t_02f417;t_0a8308;t_0e763d;t_20658d;t_24b942;t_611e2b;t_8a7b54;t_998052;t_b1a536;t_be9258;t_c69786;t_f314c4,,,是(URL),1437
downloads/pages/712506f26959.md,archive.org,https://archive.org/download/cu31924027923410/cu31924027923410_djvu.txt,,old:t_2c338c;old:t_759180;old:t_a8401d,,,否(URL未见),
downloads/pages/717b149d2bb0.md,"The French Fleet, 1807-1814; Britain's Problem; and Madison's Opportunity on JSTOR",https://www.jstor.org/stable/1876579,t_24b942,old:t_759180;old:t_7ee3b0;old:t_a8401d;t_02f417;t_0a8308;t_0e763d;t_20658d;t_24b942;t_611e2b;t_8a7b54;t_b1a536;t_be9258;t_f314c4,,,否(URL未见),
downloads/pages/719fb33fecec.md,Uk\u0142ad w Bayonne - Muzeum Historii Polski w WarszawieZobacz nasz\u0105 stron\u0119 na YouTubieZobacz nasz\u0105 stron\u0119 na YouTubie,https://muzhp.pl/kalendarium/uklad-w-bayonne,t_d604cd,old:t_759180;old:t_a8401d;old:t_d604cd;t_0a8308;t_20658d;t_611e2b;t_8a7b54;t_b5dab4;t_f314c4,大陆诸国,1808年巴约讷协定（华沙公国购买普鲁士债权，'巴约讷之款'）,是(主题键),1627
downloads/pages/721feaa5f41a.md,"COUNT NICOLAS DE ROMANZOFF. (Hansard, 20 January 1809)",https://api.parliament.uk/historic-hansard/commons/1809/jan/20/count-nicolas-de-romanzoff/,,old:t_3dc3c2;old:t_759180;old:t_a8401d;t_0a8308;t_20658d;t_611e2b;t_8a7b54;t_c69786;t_f314c4,,,否(URL未见),
downloads/pages/72f263dafad6.md,"Combination Acts | Combination Laws, Trade Unions & Strikes | Britannica Money",https://www.britannica.com/money/Combination-Acts,t_87ba37,t_0a8308;t_20658d;t_611e2b;t_87ba37;t_8a7b54;t_f314c4,,,否(URL未见),
downloads/pages/73353c56af91.md,,https://utoronto.scholaris.ca/bitstreams/bda99cfd-9fc5-4a50-89c7-89b96aa97bd4/download,,t_02f417;t_0e763d;t_24b942;t_b1a536;t_be9258,,,否(URL未见),
downloads/pages/733699a79d7c.md,La fr\u00e9gate USS Constitution \u00e0 Cherbourg (1811) \u2013 Trois-Ponts!,https://troisponts.net/2011/08/24/la-fregate-uss-constitution-a-cherbourg-1811/,t_b1a536,t_02f417;t_0a8308;t_0e763d;t_20658d;t_24b942;t_611e2b;t_8a7b54;t_b1a536;t_be9258;t_f314c4,,,否(URL未见),
downloads/pages/73417730c1cf.md,Complementarities and Competition in Microstructures,http://www.parisschoolofeconomics.com/hautcoeur-pierre-cyrille/PCHAR_EHR.pdf,t_9f10b6,t_02f417;t_0e763d;t_24b942;t_9f10b6;t_b1a536;t_be9258,,,否(URL未见),
downloads/pages/7378b53aa48e.md,,https://repertorium.at/qu/1811_oestabgb.html,t_f4bb81,t_0a8308;t_20658d;t_3ee1b0;t_611e2b;t_8a7b54;t_f314c4;t_f4bb81,,,否(URL未见),
downloads/pages/737e42cc7d81.md,Una q\u00fcesti\u00f3 de servei al rei: El subministrament de fusta per a la marina francesa en el segle XVIII | Drassana,https://doi.org/10.51829/drassana.30.691,t_02f417,t_02f417;t_0e763d;t_24b942,,,否(URL未见),
downloads/pages/7409d7aca2ed.md,300 years of UK public finance data,https://obr.uk/docs/dlm_uploads/300-Years-of-public-finances-Accessible-PDF.pdf,,old:t_759180;old:t_95ef51;t_044211;t_24b942;t_c69786,,,否(URL未见),
downloads/pages/744b4a53336f.md,"[PDF] Europe Under Napoleon by Michael Broers | 9781784530617, 9780857735683",https://www.perlego.com/book/919640/europe-under-napoleon-pdf,t_8a7b54,t_20658d;t_8a7b54,,,否(URL未见),
downloads/pages/74609288614d.md,,https://archive.org/metadata/memoirscorrespon07castuoft/files,t_f314c4,,,,否(URL未见),
downloads/pages/747bf6067487.md,Document comment\u00e9 > Lettre du 23 mars 1808 de Napol\u00e9on \u00e0 Murat (Vol.8 de la Correspondance de Napol\u00e9on) - napoleon.org,https://www.napoleon.org/histoire-des-2-empires/articles/lettre-du-23-mars-1808-de-napoleon-a-murat-commentee-par-gabriel-madec-vol-8-de-la-correspondance-de-napoleon/,t_c2dbca,old:t_3dc3c2;old:t_759180;old:t_95ef51;old:t_a8401d;old:t_bef693;old:t_c2dbca;t_0a8308;t_20658d;t_8a7b54;t_9bd988;t_f314c4,外交,,否(URL未见),
downloads/pages/748b696ca1ca.md,Institutions. Les d\u00e9partements r\u00e9unis et les gouverneurs g\u00e9n\u00e9raux sous le Consulat et l\u2019Empire - napoleon.org,https://www.napoleon.org/histoire-des-2-empires/articles/institutions-les-departements-reunis-et-les-gouverneurs-generaux-sous-le-consulat-et-lempire/,t_7da32d,old:t_759180;old:t_75e9a5;old:t_7da32d;old:t_a8401d;old:t_b7b7b1;t_0a8308;t_20658d;t_611e2b;t_8a7b54;t_be9258;t_f314c4,,并合省与总督府（gouverneurs généraux）制度,否(人工核0命中),
downloads/pages/7525b413170b.md,"Napol\u00e9on et la paix en 1813, \u00e0 propos du dernier volume d'Albert Sorel - Pers\u00e9e",https://www.persee.fr/doc/rhmc_0996-2743_1906_num_8_3_4505,t_75e9a5,old:t_759180;old:t_75e9a5;old:t_a8401d;old:t_b7b7b1,,,否(URL未见),
downloads/pages/7539dbb3657c.md,C:\\Working Papers\\11344.wpd,https://www.nber.org/system/files/working_papers/w11344/w11344.pdf,,old:t_759180;old:t_a8401d;old:t_f81a6f;t_0a8308;t_20658d;t_86b684;t_8a7b54;t_ec2248,,,否(URL未见),
downloads/pages/756e36589a7f.md,Naval History,https://sites.rootsweb.com/~pbtyc/Naval_History/Vol_V/Abstract_18.html,t_998052,t_998052;t_c69786,,,否(URL未见),
downloads/pages/7596c0bfd236.md,"\u2018As Far as the Ordnance Department is Concerned\u2019: Sir Arthur Wellesley, Lord Chatham and the Politics of Military Decision Making, 1808-1809",https://www.sahr.org.uk/docs/sahr-ordnanace-department-draft-sahrs1119.pdf,,old:t_759180;old:t_95ef51;old:t_a8401d;old:t_bef693;old:t_c2dbca,,,否(URL未见),
downloads/pages/767247914394.md,"Budget. (Hansard, 28 March 1806)",https://api.parliament.uk/historic-hansard/commons/1806/mar/28/budget,,,,,否(URL未见),
downloads/pages/769e05da23c9.md,The Napoleonic Wars: A Watershed in Spanish History?,https://www.econstor.eu/bitstream/10419/247060/1/ehes-wp130.pdf,,t_044211;t_24b942;t_c69786,,,是(URL),807
downloads/pages/76e0f720bdd9.md,\u0421\u043f\u0440\u0430\u0432\u043a\u0430 \u043e \u0431\u0430\u043d\u043a\u043d\u043e\u0442\u043d\u043e\u043c \u043e\u0431\u0440\u0430\u0449\u0435\u0,https://cbr.ru/cash_circulation/spravka-o-banknotnom-obraschenii-v-rossii/,t_29957a,t_0a8308;t_20658d;t_29957a;t_611e2b;t_8a7b54;t_f314c4,,,否(URL未见),
downloads/pages/770bd4b6c5cb.md,Les donataires de Napol\u00e9on - Pers\u00e9e,https://www.persee.fr/doc/rhmc_0048-8003_1970_num_17_3_2102,t_bef693,old:t_95ef51;old:t_bef693,,,是(URL),444
downloads/pages/775d373548f6.md,Research guide B6: The Royal Navy: Administrative records | Royal Museums Greenwich,https://www.rmg.co.uk/collections/research-guides/research-guide-b6-royal-navy-administrative-records,t_998052,t_998052;t_c69786,,,是(URL),1433
downloads/pages/775f980f1a64.md,Correspondance de Napol\u00e9on Ier - Novembre 1810 - Histoire du Consulat et du Premier empire,https://napoleon-histoire.com/correspondance-de-napoleon-ier-novembre-1810/,t_b1a536,t_02f417;t_0a8308;t_0e763d;t_20658d;t_24b942;t_611e2b;t_8a7b54;t_b1a536;t_be9258;t_f314c4,外交,,否(URL未见),
downloads/pages/77dc06b76bf2.md,Fondation de l'Universit\u00e9 (FranceArchives),https://francearchives.gouv.fr/fr/pages_histoire/39347,t_b09c54,old:t_b09c54,,,否(URL未见),
downloads/pages/7811dedbfc48.md,Vaisseaux de 118,http://dossiersmarine.free.fr/v_118.htm,t_b1a536,t_02f417;t_0a8308;t_0e763d;t_20658d;t_24b942;t_611e2b;t_8a7b54;t_b1a536;t_be9258;t_f314c4,,,否(URL未见),
downloads/pages/7838a9756a45.md,Diseases and Medicine,https://westindiacommittee.org/historyheritageculture/wp-content/uploads/2021/04/WIS-Disease.pdf,t_0fed70,t_0fed70,,,否(URL未见),
downloads/pages/78508d75464b.md,"Piraterie, flibuste et autres guerres de course dans les conflits europ\u00e9ens de l\u2019\u00e9poque moderne",https://books.openedition.org/psorbonne/91295?lang=en,t_b1a536,t_02f417;t_0a8308;t_0e763d;t_20658d;t_24b942;t_611e2b;t_8a7b54;t_b1a536;t_be9258;t_f314c4,,,否(URL未见),
downloads/pages/7889a20afee2.md,Historiques - L\u00e9gion irlandaise - Le Consulat et le Premier empire,https://napoleon-histoire.com/historiques-legion-irlandaise-le-consulat-et-le-premier-empire/,,old:t_2c338c;old:t_759180;t_0a8308;t_20658d;t_611e2b;t_8a7b54;t_c8b161;t_f314c4,,,否(URL未见),
downloads/pages/789233bffb13.md,Le probl\u00e8me des pertes de guerre - Pers\u00e9e,https://www.persee.fr/doc/rhmc_0048-8003_1970_num_17_3_2082,t_208a11,old:t_208a11,,,否(URL未见),
downloads/pages/78e2bc2f87ff.md,Vlieter Incident | MaSS,https://mass.cultureelerfgoed.nl/vlieter-incident,,old:t_759180;old:t_a8401d;old:t_b7b7b1;t_0a8308;t_20658d;t_611e2b;t_8a7b54;t_c69786;t_f314c4,,,否(URL未见),
downloads/pages/795736a33638.md,Vaisseaux de 80,http://dossiersmarine.free.fr/v_80.htm,t_b1a536,t_02f417;t_0a8308;t_0e763d;t_20658d;t_24b942;t_611e2b;t_8a7b54;t_b1a536;t_be9258;t_f314c4,,,否(URL未见),
downloads/pages/79cc75c4db73.md,At Spes non Fracta: Hope & Co. 1770\u20131815 | Springer Nature Link,https://link.springer.com/book/10.1007/978-94-011-8858-6,,old:t_759180;old:t_95ef51;old:t_a8401d;old:t_bef693;old:t_c2dbca;t_0a8308;t_20658d;t_611e2b;t_8a7b54;t_ccdcc8;t_f314c4,,,否(URL未见),
downloads/pages/7a0851924501.md,Campaignoftrafal00Corb Djvu,https://archive.org/download/campaignoftrafal00corb/campaignoftrafal00corb_djvu.txt,,old:t_2c338c,,,否(URL未见),
downloads/pages/7aa4f576eb19.md,"NAVY ESTIMATES. (Hansard, 17 May 1820)",https://api.parliament.uk/historic-hansard/commons/1820/may/17/navy-estimates,,t_998052,,,否(URL未见),
downloads/pages/7abf9a5379e3.md,Freiwillige J\u00e4ger - Zeno.org,http://www.zeno.org/Meyers-1905/A/Freiwillige+J%C3%A4ger,t_b702da,t_0a8308;t_20658d;t_8a7b54;t_b702da,,,否(URL未见),
downloads/pages/7ace9e1b1b47.md,Creating a Buffer Zone (Chapter 3) - Defending British India against Napoleon,https://www.cambridge.org/core/books/defending-british-india-against-napoleon/creating-a-buffer-zone/3899B503863F420D92C3E81F3D29EC95,t_c17367,old:t_759180;old:t_a8401d;old:t_c17367;old:t_d604cd;t_0a8308;t_0bb54c;t_20658d;t_611e2b;t_8a7b54;t_f314c4,,,否(URL未见),
downloads/pages/7afa2dd3474b.md,British and French Finance During the Napoleonic Wars,https://www.nber.org/papers/w3517.pdf,,,,,否(URL未见),
downloads/pages/7b11d8a7dad4.md,Foreign trade and early industrialisation in the Habsburg Monarchy and the United Kingdom \u2014 Two extremes in comparison - PMC,https://pmc.ncbi.nlm.nih.gov/articles/PMC3092985/,t_f4bb81,t_3ee1b0;t_f4bb81,大陆诸国,哈布斯堡与英国的外贸与早期工业化（比较）,否(人工核0命中),
downloads/pages/7b2c2d367960.md,| Drassana,https://revistadrassana.cat/index.php/Drassana/article/view/691/830,t_02f417,t_02f417;t_0e763d;t_24b942,,,否(URL未见),
downloads/pages/7b34f7d2c4ab.md,Au. II A Guard of Hi. Britannic Majesty's Troops shall likewise be placed in tlic Dock-YanU,https://www.thegazette.co.uk/London/issue/16067/page/1231/data.pdf,,old:t_759180;old:t_7ee3b0;old:t_a8401d;t_02f417;t_0a8308;t_0e763d;t_20658d;t_24b942;t_611e2b;t_8a7b54;t_b1a536;t_be9258;t_f314c4,,,否(URL未见),
downloads/pages/7b3ecc9629e8.md,Kr\u00fcmper,https://de.wikipedia.org/wiki/Kr%C3%BCmper,t_3ee1b0,t_0a8308;t_20658d;t_3ee1b0;t_611e2b;t_8a7b54;t_f314c4,,,否(URL未见),
downloads/pages/7ba8b52fc533.md,"(PDF) The Irish Legion of Napoleon, 1803-15",https://www.academia.edu/14251775/The_Irish_Legion_of_Napoleon_1803_15,,,,,否(URL未见),
downloads/pages/7c4d4ef96482.md,"The worldwide economic impact of the French Revolutionary and Napoleonic Wars, 1793\u20131815 | Journal of Global History | Cambridge Core",https://www.cambridge.org/core/services/aop-cambridge-core/content/view/B5D21C47E53307E78358803D4695FCE8/S1740022806000076a.pdf/the-worldwide-economic-impact-of-the-french-revolutionary-and-napoleonic-wars-1793-1815.pdf,,old:t_759180;old:t_f81a6f;t_20658d;t_ec2248,,,否(URL未见),
downloads/pages/7e37f0db2733.md,"Encyclopedia of Romantic Nationalism in Europe | Public Interface | Encyclopedia of Romantic Nationalism in Europe | <span style=\""color: #125421;\"">T",https://ernie.uva.nl/viewer.p/21/56/object/122-279593,,old:t_b09c54,,,否(URL未见),
downloads/pages/7e5166c3be17.md,"Read online \u201cIron Kingdom : The Rise and Downfall of Prussia, 1600-1947\u201d |FREE BOOK| \u2013 Read Online Books",https://read-online-books.com/book/read-online-iron-kingdom-the-rise-and-downfall-of-prussia-1600-1947-free/page-62,,old:t_759180;old:t_75e9a5;old:t_7da32d;old:t_a8401d;old:t_b7b7b1;t_0a8308;t_20658d;t_3ee1b0;t_611e2b;t_8a7b54;t_f314c4,大陆诸国,,否(URL未见),
downloads/pages/7f18318b3499.md,"Full text of \""Napol\u00e9on et l'Angleterre 1803-1813. D'apr\u00e8s des documents in\u00e9dits des Archives des affaires \u00e9trang\u00e8res, des Ar",https://archive.org/stream/napolonetlangl00coqu/napolonetlangl00coqu_djvu.txt,,old:t_759180;old:t_75e9a5;old:t_a8401d;old:t_b7b7b1;t_0a8308;t_20658d;t_611e2b;t_8a7b54;t_c69786;t_f314c4,,,否(URL未见),
downloads/pages/7f67f7021f02.md,"Cary's New Itinerary 1802, index, direct roads",https://lakesguides.co.uk/html/LakesTxt/cy38nx01.htm,t_b9e29c,t_b9e29c;t_c69786,,,否(URL未见),
downloads/pages/7f6b50171ff1.md,Military Service,https://doi.org/10.1017/cbo9781139030861.016,t_3ee1b0,t_3ee1b0,,,否(URL未见),
downloads/pages/7f93512d05f7.md,The Royal Navy 1793-1815 - PDF Free Download,https://epdf.tips/the-royal-navy-1793-1815.html,t_104134;t_c69786;t_998052,old:t_104134;old:t_759180;old:t_7ee3b0;old:t_a8401d;t_02f417;t_044211;t_0a8308;t_0e763d;t_20658d;t_24b942;t_611e2b;t_8a7b54;t_998052;t_b1a536;t_be9258;t_c69786;t_f314c4,,,否(URL未见),
downloads/pages/804553ad8887.md,Seite:Die Gartenlaube (1875) 858.jpg \u2013 Wikisource,https://de.wikisource.org/wiki/Seite:Die_Gartenlaube_(1875)_858.jpg,,t_656a10,,,否(URL未见),
downloads/pages/809d3495176a.md,"Treaty of Amiens, March 25, 1802 - Official text",https://www.napoleon-empire.org/en/official-texts/treaty-of-amiens.php,t_c69786;t_0fed70,t_0fed70;t_20658d;t_c69786,外交,,否(URL未见),
downloads/pages/81276d7ef4fb.md,Institutional Transplant and Cultural Proximity: Evidence from Nineteenth-Century,https://aisberg.unibg.it/retrieve/e40f7b8b-9205-afca-e053-6605fe0aeaf2/Lecce_Ogliari_2019.pdf,,old:t_759180;old:t_a8401d;old:t_f3c44f;t_0a8308;t_20658d;t_86b684;t_8a7b54,大陆诸国,,是(URL),5169
downloads/pages/81f2084d72ce.md,,https://rodrigomorenog.files.wordpress.com/2019/01/forrest-conscripts-and-deserters_-the-army-and-french-society-during-the-revolution-and-empire-oxford-1989.pdf,t_208a11;t_7c3954,old:t_208a11;old:t_759180;old:t_a8401d;t_0a8308;t_0e763d;t_1f7db4;t_20658d;t_7c3954;t_8a7b54,行省化,,否(URL未见),
downloads/pages/82073d12ec88.md,Waterloo: a Godsend for French Public Finances?,https://ideas.repec.org/p/hes/wpaper/0041.html,t_9f10b6,t_02f417;t_0e763d;t_24b942;t_9f10b6;t_b1a536;t_be9258,,,否(URL未见),
downloads/pages/82638fe39114.md,Www.Napoleon Series,https://r.jina.ai/http://www.napoleon-series.org/research/abstract/government/budget/france/an12/c_an12a.html,,,,,否(URL未见),
downloads/pages/8270fb75bad9.md,,https://books.openedition.org/editionsehess/195,,t_9f10b6,,,否(URL未见),
downloads/pages/8294c46ce151.md,Correspondance de Napol\u00e9on \u2013 Janvier 1803,https://napoleon-histoire.com/correspondance-de-napoleon-janvier-1803/,t_c17367,old:t_759180;old:t_a8401d;old:t_c17367;old:t_d604cd;t_0a8308;t_20658d;t_611e2b;t_8a7b54;t_ca3e8d;t_f314c4,外交,,否(URL未见),
downloads/pages/82a063e7e022.md,Correspondance de Napol\u00e9on Ier - Juillet 1810 - Histoire du Consulat et du Premier empire,https://napoleon-histoire.com/correspondance-de-napoleon-ier-juillet-1810/,t_b09c54;t_08b9e7;t_b1a536;t_9f10b6;t_ccdcc8,old:t_759180;old:t_7ee3b0;old:t_95ef51;old:t_a8401d;old:t_b09c54;t_02f417;t_08b9e7;t_0a8308;t_0e763d;t_20658d;t_24b942;t_5b1d64;t_611e2b;t_8a7b54;t_998052;t_9f10b6;t_b1a536;t_be9258;t_c69786;t_ccdcc8;t_e0038f;t_eaa841;t_f314c4,外交,,是(URL),124;446
downloads/pages/82ce9de2540d.md,Lledefrancesou00Pren Djvu,https://archive.org/download/lledefrancesou00pren/lledefrancesou00pren_djvu.txt,,,,,否(URL未见),
downloads/pages/82f57f150af4.md,"Napoleon I | letter signed, to Admiral Villeneuve, ordering the invasion of England, 22 August 1805 | Collection of a Connoisseur: History in Manuscri",https://www.sothebys.com/buy/49414b88-73ed-4002-9a65-9cf0b6e8ec3e/lots/2566b423-a3ab-4452-8619-fc560a9bcc6a,,old:t_3dc3c2;old:t_759180;old:t_a8401d,,,否(URL未见),
downloads/pages/8304138e1ae4.md,PROJETS DE PARTAGE DE L'EMPIRE OTTOMAN 8o7-1812,https://belleten.gov.tr/eng/full-text-pdf/1814/eng,t_d604cd,old:t_759180;old:t_a8401d;old:t_d604cd;t_0a8308;t_20658d;t_611e2b;t_66ee8d;t_8a7b54;t_b5dab4;t_f314c4,,瓜分奥斯曼帝国方案1807–1812,否(人工核0命中),
downloads/pages/8382c0deb72f.md,(PDF) Paul's Great Game,https://www.academia.edu/52554683/Pauls_Great_Game,t_c17367,old:t_759180;old:t_a8401d;old:t_c17367;old:t_d604cd;t_0a8308;t_20658d;t_611e2b;t_8a7b54;t_f314c4,,,否(URL未见),
downloads/pages/83a2e2f929d5.md,Mirari Vos - Papal Encyclicals,https://www.papalencyclicals.net/greg16/g16mirar.htm,t_5b1d64,t_5b1d64,,,否(URL未见),
downloads/pages/83ad07a570c6.md,Bergeron (Louis) et Chaussinand-Nogaret (Guy). Les \u00ab masses de granit \u00bb. Cent mille notables du Premier Empire - Pers\u00e9e,https://www.persee.fr/doc/rbph_0035-0818_1982_num_60_4_5880_t1_1048_0000_2,t_7c3954,t_02f417;t_0e763d;t_24b942;t_7c3954;t_9f10b6;t_b1a536;t_be9258,,,否(URL未见),
downloads/pages/83c66266952e.md,1807 - Abstract,https://sites.rootsweb.com/~pbtyc/Naval_History/Vol_IV/Abstract_No_15.html,t_998052,t_998052;t_c69786,,,否(URL未见),
downloads/pages/83caafca03de.md,"Full text of \""The Peace Tactics of Napoleon 1806-1808\""",https://archive.org/stream/peacetacticsofna0000hbut/peacetacticsofna0000hbut_djvu.txt,t_75e9a5,old:t_759180;old:t_75e9a5;old:t_a8401d;old:t_b7b7b1;t_0a8308;t_20658d;t_611e2b;t_8a7b54;t_c69786;t_f314c4,,,否(URL未见),
downloads/pages/83d83211926c.md,"Odessa: A History, 1794-1914\n 0916458431, 9780916458430 - EBIN.PUB",https://ebin.pub/odessa-a-history-1794-1914-0916458431-9780916458430.html,t_29957a,t_0a8308;t_20658d;t_29957a;t_611e2b;t_8a7b54;t_f314c4,,,否(URL未见),
downloads/pages/83e392a30221.md,L'impossible r\u00eave oriental de Napol\u00e9on - napoleon.org,https://www.napoleon.org/histoire-des-2-empires/articles/limpossible-reve-oriental-de-napoleon/,,,,,否(URL未见),
downloads/pages/83fff8e6b841.md,Geoffrey Hosking \u00b7 Peasants in Arms: Russia v. Napoleon,https://www.lrb.co.uk/the-paper/v31/n23/geoffrey-hosking/peasants-in-arms,,old:t_26cd47;old:t_759180;old:t_a8401d;old:t_d604cd;t_0a8308;t_20658d;t_29957a;t_2c3192;t_611e2b;t_8a7b54;t_f314c4,大陆诸国,"Hosking, Peasants in Arms",否(人工核0命中),
downloads/pages/846afbc9b458.md,Napoleon Histoire - Histoire du Consulat et du Premier empire,https://napoleon-histoire.com/correspondance-de-napoleon-avril-1798/,,,外交,,否(URL未见),
downloads/pages/848ad5b3b9ea.md,The Austrian Army in the War of the Sixth Coalition: A Reassessment,https://doi.org/10.12794/metadc1752349,t_f4bb81,t_0a8308;t_20658d;t_3ee1b0;t_611e2b;t_8a7b54;t_f314c4;t_f4bb81,大陆诸国,奥军在第六次反法同盟战争（再评估）,否(人工核0命中),
downloads/pages/85d915a3148f.md,"NEGOCIATION WITH FRANCE. (Hansard, 2 January 1807)",https://api.parliament.uk/historic-hansard/lords/1807/jan/02/negociation-with-france,,old:t_3dc3c2;old:t_759180;old:t_75e9a5;old:t_a8401d;old:t_b7b7b1;t_0a8308;t_20658d;t_611e2b;t_8a7b54;t_c69786;t_f314c4,,,是(URL),779
downloads/pages/85e11bc8427b.md,"GREY,  Charles (1764-1845),  of Falloden and Howick, Northumb. | History of Parliament Online",https://www.historyofparliamentonline.org/node/62546/,t_b7b7b1,old:t_b7b7b1,,,否(URL未见),
downloads/pages/85e4897967eb.md,Heraldry in Pre-Unification Italy,https://www.heraldica.org/topics/national/italy2.htm,t_0e763d,t_0e763d,,,否(URL未见),
downloads/pages/860bd845651f.md,IV. Ireland | History of Parliament Online,https://www.historyofparliamentonline.org/volume/1820-1832/survey/iv-ireland,,,,,否(URL未见),
downloads/pages/867d22e67001.md,Historyofbritisharm05Fort Djvu,https://r.jina.ai/https://archive.org/stream/historyofbritisharm05fort/historyofbritisharm05fort_djvu.txt,,old:t_2c338c;old:t_759180;t_0a8308;t_20658d;t_611e2b;t_8a7b54;t_c69786;t_f314c4,,,否(URL未见),
downloads/pages/86905b266a2b.md,"British Naval Involvement in Brazil, 1807-1815",https://www.bhsportugal.org/uploads/fotos_artigos/files/British_Naval_Involvement_in_Brazil.pdf,,t_219822;t_eaa841,,,否(URL未见),
downloads/pages/86af6d95205c.md,1812  -  EPOCHE NAPOLEON,https://www.epoche-napoleon.net/quellen/1812.html,,,,,否(URL未见),
downloads/pages/86b2fc3fc26a.md,Donaudampfschiffahrtsgesellschaft \u2013 Wien Geschichte Wiki,https://www.geschichtewiki.wien.gv.at/Donaudampfschiffahrtsgesellschaft,t_f4bb81,t_3ee1b0;t_f4bb81,,,是(URL),1900
downloads/pages/86b3fa9906e6.md,"PAPERS (Hansard, 22 December 1806)",https://api.parliament.uk/historic-hansard/commons/1806/dec/22/papers,,old:t_3dc3c2;old:t_759180;old:t_75e9a5;old:t_a8401d;old:t_b7b7b1;t_0a8308;t_20658d;t_611e2b;t_8a7b54;t_c69786;t_f314c4,,,否(URL未见),
downloads/pages/8724ba2dadc8.md,Www.Napoleon Series,https://r.jina.ai/http://www.napoleon-series.org/research/abstract/government/budget/france/an12/c_an12.html,,,,,否(URL未见),
downloads/pages/8780b368d565.md,Grands trait\u00e9s politiques,https://mjp.univ-perp.fr/traites/1815paris.htm,,old:t_759180;old:t_75e9a5;old:t_a8401d;old:t_b7b7b1,外交,Grands traités politiques（条约汇编页）,否(人工核0命中),
downloads/pages/8803bb4aae82.md,"Lire Oeuvres de Napol\u00e9on Bonaparte, Tome V. de Napol\u00e9on Bonaparte en ligne gratuitement - \u0421hapitre 52",https://www.ffdsp.com/lire-oeuvres-de-napoleon-bonaparte-tome-v-gratuit-chapitre-52,,old:t_26cd47;old:t_759180;old:t_d604cd,,,否(URL未见),
downloads/pages/888cf5f7c5f9.md,Naval history of Great Britain - Vol. VI by William James - Abstract Index,https://sites.rootsweb.com/~pbtyc/Naval_History/Vol_VI/Abstract_Index.html,t_998052,t_998052;t_c69786,,,否(URL未见),
downloads/pages/88cf9e4d6f47.md,,http://doc.ukdataservice.ac.uk/doc/3211/mrdoc/UKDA/UKDA_Study_3211_Information.htm,,t_0a8308,,,否(URL未见),
downloads/pages/88e18d3695f5.md,,https://archive.org/advancedsearch.php?q=Kaye+%22history+of+the+war+in+Afghanistan%22&fl%5B%5D=identifier&fl%5B%5D=title&fl%5B%5D=year&rows=20&output=json,t_611e2b,,,,否(URL未见),
downloads/pages/898ecb4eeeb6.md,List of ships of the line of France,https://en.wikipedia.org/wiki/List_of_ships_of_the_line_of_France,,t_02f417;t_0a8308;t_0e763d;t_20658d;t_24b942;t_611e2b;t_8a7b54;t_b1a536;t_be9258;t_f314c4,,,是(URL),1474
downloads/pages/899384be0eda.md,Alexander Grab: Conscription and Desertion in France and Italy Under - DocsLib,https://docslib.org/doc/2175792/alexander-grab-conscription-and-desertion-in-france-and-italy-under,t_1f7db4,t_0e763d;t_1f7db4,行省化,Grab: Conscription and Desertion in France and Italy,否(人工核0命中),
downloads/pages/89b34afbf59a.md,Wellington: The Path to Victory 1769-1814; Waterloo and the Fortunes of Peace 1814\u20131852  \u00bb Chapter 14 : Dublin and Westminster (October 1807,https://lifeofwellington.co.uk/commentary/chapter-fourteen-dublin-and-westminster-october-1807-july-1808/,t_c2dbca,old:t_759180;old:t_95ef51;old:t_a8401d;old:t_bef693;old:t_c2dbca;t_0a8308;t_20658d;t_8a7b54;t_9bd988;t_f314c4,,,是(URL),2960
downloads/pages/8a34c915525c.md,"A British View of the Naval War of 1812 | Naval History Magazine - August 2008 Volume 22, Number 4",https://www.usni.org/magazines/naval-history-magazine/2008/august/british-view-naval-war-1812,,old:t_759180;old:t_7ee3b0;t_02f417;t_0a8308;t_0e763d;t_20658d;t_24b942;t_611e2b;t_8a7b54;t_b1a536;t_be9258;t_f314c4,,,否(URL未见),
downloads/pages/8a72a0c14aa6.md,"ARMY ESTIMATES. (Hansard, 4 March 1822)",https://api.parliament.uk/historic-hansard/commons/1822/mar/04/army-estimates,t_b9e29c,t_b9e29c;t_c69786,,,否(URL未见),
downloads/pages/8a7cea21ca39.md,M\u0101ori and English texts | Waitangi Tribunal,https://waitangitribunal.govt.nz/en/about/the-treaty/maori-and-english-versions,t_0fed70,t_0fed70,外交,,否(URL未见),
downloads/pages/8b06894246ac.md,"Nicole Gotteri (\u00e9dit), La police secr\u00e8te du Premier Empire, Bulletins quotidiens adress\u00e9s par Savary \u00e0 l'Empereur de juillet \u00e",https://www.persee.fr/doc/ahrf_0003-4436_2001_num_323_1_2638_t1_0145_0000_2,t_b09c54,old:t_b09c54,,,否(URL未见),
downloads/pages/8c0c23fc4ef9.md,"Die Napoleonischen Feldz\u00fcge Wehrpflicht, R\u00e9fractaires und Deserteure",https://de.readkong.com/page/die-napoleonischen-feldzuge-wehrpflicht-refractaires-und-7167994,,t_0e763d,,,否(URL未见),
downloads/pages/8c697d345cad.md,,https://archive.org/advancedsearch.php?q=Elphinstone+kingdom+of+Caubul&fl%5B%5D=identifier&fl%5B%5D=title&fl%5B%5D=year&rows=30&output=json,t_611e2b,,,,否(URL未见),
downloads/pages/8c7e01aedf62.md,A History Of The British Army \u2013 Vol. VI \u2013 (1807-1809) by Hon. Sir John William Fortescue (Ebook) - Read free for 30 days,https://www.everand.com/book/871755639/A-History-Of-The-British-Army-Vol-VI-1807-1809,,,,,否(URL未见),
downloads/pages/8cb7a7a33f3f.md,History | Early Engine Database,https://industrial-archaeology.org/EarlyEngines/history.php,t_86b684,t_0a8308;t_20658d;t_86b684;t_8a7b54,,,否(URL未见),
downloads/pages/8dce0b0d022d.md,,https://archive.org/metadata/driault-mohamed-aly-et-napoleon-1807-1814,t_ca3e8d,t_ca3e8d,,,否(URL未见),
downloads/pages/8e0fd0e7f9bd.md,Essay II \u201cNo. 2. Essay on the Revolution in So. America\u201d,https://oieahc.wm.edu/wp-content/uploads/stagg_essay2.pdf,,t_02f417;t_0e763d;t_24b942;t_b1a536;t_be9258,,,否(URL未见),
downloads/pages/8ed7ad29d98d.md,"Catalog Record: Our next war, in its commercial aspect; with... | HathiTrust Digital Library",https://catalog.hathitrust.org/Record/100475511,t_0a8308,t_0a8308,行省化,,否(URL未见),
downloads/pages/8ee645b54213.md,,https://archive.org/advancedsearch.php?q=lavalette+memoires+souvenirs&fl%5B%5D=identifier&fl%5B%5D=title&rows=10&output=json,t_08b9e7,t_08b9e7,,,否(URL未见),
downloads/pages/8f0da5cc5576.md,,https://archive.org/advancedsearch.php?q=mollien+tresor+public&fl%5B%5D=identifier&fl%5B%5D=title&rows=20&output=json,t_08b9e7,t_08b9e7,,,否(URL未见),
downloads/pages/8f2c112edf2d.md,\u041f\u043e\u0434\u0433\u043e\u0442\u043e\u0432\u043a\u0430 \u043a \u0432\u043e\u0439\u043d\u0435 1812 \u0433\u043e\u0434\u0430.,https://litobr.ru/History_Bogdanovich_isotia_voiny_1812_goda/1-3_Prigotovlenia_k_voine.htm,,old:t_26cd47;old:t_759180;old:t_a8401d;old:t_d604cd;t_0a8308;t_20658d;t_29957a;t_2c3192;t_611e2b;t_8a7b54;t_f314c4,,,否(URL未见),
downloads/pages/8f32cf6e5188.md,"VOTE OF CREDIT. (Hansard, 5 June 1811)",https://api.parliament.uk/historic-hansard/commons/1811/jun/05/vote-of-credit,t_b7b7b1,old:t_759180;old:t_95ef51;old:t_a8401d;old:t_b7b7b1;t_0a8308;t_20658d;t_611e2b;t_8a7b54;t_c69786;t_f314c4,,,是(URL),778
downloads/pages/8f561f7ea950.md,Indigenous Contributions to the War of 1812: Theatres of War Map,https://www.cirnac.gc.ca/eng/1338906996435/1607905615872?wbdisable=true,t_0fed70,t_0fed70,,,是(URL),1475
downloads/pages/8fc405d01860.md,Gallica | V\u00e9rification de s\u00e9curit\u00e9,https://gallica.bnf.fr/ark:/12148/bpt6k445364n/f179.texteBrut,t_bef693,old:t_759180;old:t_95ef51;old:t_a8401d;old:t_bef693,,,否(URL未见),
downloads/pages/8fe472aaf5a4.md,GitHub - mattsclancy/growth-acceleration: Is the Industrial Revolution an existence proof for 10x AI growth? Analysis using Maddison Project Database ,https://github.com/mattsclancy/growth-acceleration,,t_02f417;t_0e763d;t_24b942,,,否(URL未见),
downloads/pages/904dba5d975a.md,The London Gazette | The Gazette,https://www.thegazette.co.uk/London/issue/16067/page/1230,,,,,否(URL未见),
downloads/pages/9058a83137c2.md,Ships and Shipping: Chapter 16,https://kellscraft.com/ShipsandShipping/ShipsandShippingCh16.html,t_0a8308,t_0a8308,,,是(URL),802
downloads/pages/906d4b3f363b.md,Napoleon's War Financing Strategies | PDF | First French Empire | Napoleon,https://www.scribd.com/document/903628600/Napoleons-Attempts-to-Make-His-Campaigns-Self-Financing,t_bef693;t_9f10b6,old:t_759180;old:t_95ef51;old:t_a8401d;old:t_bef693;t_02f417;t_0e763d;t_20658d;t_24b942;t_9f10b6;t_b1a536;t_be9258,,,否(URL未见),
downloads/pages/90e66489ab34.md,Les effets de l\u2019ind\u00e9pendance d\u2019Ha\u00efti sur la soci\u00e9t\u00e9 esclavagiste martiniquaise sous le Consulat et l\u2019Empire (1802-1,https://journals.openedition.org/lrf/2923,t_68821f,t_68821f,,,否(URL未见),
downloads/pages/9119b63406f2.md,"Pol\u00edtica, Mem\u00f3ria e escrita da Hist\u00f3ria: problematizando as interpreta\u00e7\u00f5es e os significados da Abertura dos Portos (1808)",https://www.encontro2016.sp.anpuh.org/resources/anais/48/1475257905_ARQUIVO_Renato_de_Mattos.pdf,t_219822,t_219822;t_eaa841,,,否(URL未见),
downloads/pages/914e3418f267.md,Der regierungsunf\u00e4hige Kaiser: Ferdinand I. | Die Welt der Habsburger,https://www.habsburger.net/de/kapitel/der-regierungsunfaehige-kaiser-ferdinand-i,t_f4bb81,t_3ee1b0;t_f4bb81,大陆诸国,斐迪南一世（Welt der Habsburger）,否(人工核0命中),
downloads/pages/9198b046bbb7.md,"NAVY ESTIMATES. (Hansard, 27 February 1822)",https://api.parliament.uk/historic-hansard/commons/1822/feb/27/navy-estimates,,,,,否(URL未见),
downloads/pages/91c9e40248c0.md,A Turner thesis for Europe? the frontier in Napoleonic Europe | Cairn.info,https://shs.cairn.info/revue-napoleonica-la-revue-2009-2-page-157?lang=en,,old:t_759180;old:t_b09c54;t_0a8308;t_20658d;t_611e2b;t_8a7b54;t_ccdcc8;t_f314c4,,,否(URL未见),
downloads/pages/91cd29be12fe.md,"ETH-Bibliothek / The naval history of Great Britain : from the declaration of war by France in 1793, to the accession of George IV",https://www.e-rara.ch/doi/10.3931/e-rara-80794,t_104134,old:t_104134;old:t_7ee3b0,,,否(URL未见),
downloads/pages/92114146599d.md,,https://d-nb.info/1152137301/34,,old:t_759180;old:t_f3c44f,,,是(URL),5169
downloads/pages/9218005107fe.md,,https://archive.org/advancedsearch.php?q=Aitchison+%22treaties%2C+engagements%22+Punjab&fl%5B%5D=identifier&fl%5B%5D=title&fl%5B%5D=year&rows=20&output=json,t_611e2b,,外交,,否(URL未见),
downloads/pages/9223262f58a4.md,Online Collection,https://collection.nam.ac.uk/detail.php?acc=1966-02-25-1,t_b9e29c,t_b9e29c;t_c69786,,,否(URL未见),
downloads/pages/92274137edfc.md,"PETITION FROM BIRMINGHAM AGAINST THE ORDERS IN COUNCIL. (Hansard, 17 April 1812)",https://api.parliament.uk/historic-hansard/commons/1812/apr/17/petition-from-birmingham-against-the,t_87ba37,t_0a8308;t_20658d;t_611e2b;t_87ba37;t_8a7b54;t_f314c4,,,否(URL未见),
downloads/pages/92473b8c9392.md,"1793-1805. Projets et tentatives de d\u00e9barquement aux Iles Britanniques, par le Commt Edouard Desbri\u00e8re. Tome IV, 1902 - Pers\u00e9e",https://www.persee.fr/doc/rhmc_0996-2743_1902_num_4_3_4209_t1_0203_0000_2,t_2c338c,old:t_2c338c,,,否(URL未见),
downloads/pages/924de79a5657.md,TR 13 NE 90 - Shornecliffe Redoubt - Historic Environment Record,https://heritage.kent.gov.uk/Monument/MKE17789,,,,,否(URL未见),
downloads/pages/92b28bd48ca8.md,Conf\u00f6derations-Acte der rheinischen Bundes-Staaten vom 12. Juli 1806 \u2013 Wikisource,https://de.wikisource.org/wiki/Conf%C3%B6derations-Acte_der_rheinischen_Bundes-Staaten_vom_12._Juli_1806,,old:t_759180;old:t_75e9a5;old:t_7da32d;old:t_a8401d;old:t_b7b7b1;t_0a8308;t_20658d;t_611e2b;t_8a7b54;t_cbaee3;t_f314c4,,,否(URL未见),
downloads/pages/92f15cedf046.md,"Proclamation of Provisional Government - Wikisource, the free online library",https://en.wikisource.org/wiki/Proclamation_of_Provisional_Government,t_c8b161,old:t_2c338c;old:t_759180;t_0a8308;t_20658d;t_611e2b;t_8a7b54;t_c8b161;t_f314c4,,,是(URL),1460
downloads/pages/930b69bc0c92.md,"LA IMAGEN DE LA INDEPENDENCIA DE M\u00c9XICO EN FRANCIA. VIAJES, INTERESES CIENT\u00cdFICOS Y ECON\u00d3MICOS",https://dialnet.unirioja.es/descarga/articulo/3851032.pdf,,old:t_759180;old:t_95ef51;old:t_a8401d;old:t_bef693;old:t_c2dbca;t_0a8308;t_20658d;t_8a7b54;t_9bd988;t_f314c4,,,否(URL未见),
downloads/pages/931817cc1efe.md,Altered Pasts: Counterfactuals in History | Richard J Evans,https://www.richardjevans.com/publications/altered-pasts-counterfactuals-history/,t_3dc3c2,old:t_3dc3c2,,,否(URL未见),
downloads/pages/939c6d71a3cd.md,Colonial Silver Mining: Mexico and Peru | Hispanic American Historical Review | Duke University Press,https://read.dukeupress.edu/hahr/article/52/4/545/152147/Colonial-Silver-Mining-Mexico-and-Peru,t_9bd988,t_0a8308;t_20658d;t_8a7b54;t_9bd988;t_f314c4,,,否(URL未见),
downloads/pages/93c84a41168f.md,"Paris, capitale du coton sous le Premier Empire - Pers\u00e9e",https://www.persee.fr/doc/ahess_0395-2649_1950_num_5_1_1792,t_86b684,t_0a8308;t_20658d;t_86b684;t_8a7b54,,,否(URL未见),
downloads/pages/9412a5a5f906.md,BRITISH TRADE WITH LATIN AMERICA IN THE NINETEENTH AND TWENTIETH CENTURIES,https://sas-space.sas.ac.uk/3397/1/B75_-_British_Trade_With_Latin_America_in_the_Nineteenth_and_Twentieth_Centuries.pdf,,old:t_759180;old:t_b7b7b1;t_0a8308;t_0fed70;t_20658d;t_611e2b;t_8a7b54;t_c69786;t_f314c4,,,否(URL未见),
downloads/pages/9490b43bdf3b.md,RENTES FRAN\u00c7AISES | Issuers | DFIH,https://dfih.fr/issuers/100,t_0a8308,,,,否(URL未见),
downloads/pages/94b41b5822a4.md,"The French Crash Program for Saltpeter Production, 1776-94",https://doi.org/10.2307/3102523,,t_02f417;t_0e763d;t_20658d;t_24b942,,,否(URL未见),
downloads/pages/95d2152c26cf.md,"[PDF] Science, Utility and British Naval Technology, 1793\u20131815 by Roger Morriss | 9780367562533, 9781000203738",https://www.perlego.com/book/1712747/science-utility-and-british-naval-technology-17931815-samuel-bentham-and-the-royal-dockyards-pdf,,,,,否(URL未见),
downloads/pages/95e1bd14b0d8.md,,https://www.ibiblio.org/pha/USN/Navy/navalhistoryofgr06jameuoft.pdf,t_104134,old:t_104134;old:t_759180;old:t_7ee3b0;old:t_a8401d;t_02f417;t_0a8308;t_0e763d;t_20658d;t_24b942;t_611e2b;t_8a7b54;t_998052;t_b1a536;t_be9258;t_c69786;t_f314c4,,,否(URL未见),
downloads/pages/95e29ff1c015.md,"ECONOMY AND RETRENCHMENT. (Hansard, 27 June 1821)",https://api.parliament.uk/historic-hansard/commons/1821/jun/27/economy-and-retrenchment,,old:t_759180;old:t_95ef51;old:t_a8401d;t_044211;t_24b942;t_998052;t_c69786,,,否(URL未见),
downloads/pages/964e681bbff7.md,"\u201eKonstitution des K\u00f6nigreichs Bayern\u201d, erlassen von K\u00f6nig Maximilian I., mitunterzeichnet von den Ministern Montgelas, Hompesch un",https://germanhistorydocs.org/de/das-heilige-roemische-reich-1648-1815/konstitution-des-koenigreichs-bayern-erlassen-von-koenig-maximilian-i-mitunterzeichnet-von-den-ministern-montgelas-hompesch-und-morawitzky-25-mai-1808,t_f55d87,t_f55d87,大陆诸国,巴伐利亚1808宪法全文,是(主题键),1910
downloads/pages/96646a83b813.md,,https://archive.org/metadata/collectionoftrea07aitcuoft,t_611e2b,,,,否(URL未见),
downloads/pages/966807ce2f86.md,Emigration during the French Revolution: Consequences in the Short and Longue Dur\u00e9e,https://www.nber.org/system/files/working_papers/w23936/w23936.pdf,,old:t_759180;old:t_a8401d;old:t_f3c44f;t_0a8308;t_20658d;t_86b684;t_8a7b54,,,否(URL未见),
downloads/pages/968b2b9b2b09.md,Internet History Sourcebooks: Modern History,https://sourcebooks.fordham.edu/mod/1806catechism-napoleon.asp,t_5b1d64,t_5b1d64,,,否(URL未见),
downloads/pages/96b7a40e8d99.md,LWL - Einheitliche M\u00fcnzbewertung,https://lwl.org/aufbruch-in-die-moderne/LWL/Kultur/Aufbruch/themen_start/politik/nation/vereinheitlichungen/waehrung/probleme/index2_html.html,,old:t_759180;old:t_a8401d;old:t_f81a6f;t_0a8308;t_20658d;t_86b684;t_8a7b54;t_ec2248,,,否(URL未见),
downloads/pages/96b99bc56452.md,"French Forces in Danzig, 2l January 1813",https://www.napoleon-series.org/nafzigger/813ABK.pdf,,old:t_208a11;old:t_759180;t_0a8308;t_0e763d;t_1f7db4;t_20658d;t_8a7b54,,,否(URL未见),
downloads/pages/96c955fe0f59.md,THE INDEPENDENCE OF SPANISH AMERICA,https://api.pageplace.de/preview/DT0400.9781316047620_A25932791/preview-9781316047620_A25932791.pdf,,old:t_759180;old:t_95ef51;old:t_a8401d;old:t_bef693;old:t_c2dbca;t_0a8308;t_20658d;t_8a7b54;t_9bd988;t_f314c4,,,否(URL未见),
downloads/pages/970141843d69.md,Drafting the Great Army: The political economy of conscription in Napoleonic France | JEH,https://www.icpsr.umich.edu/sites/jeh/view/studies/175583/versions/V1.0,,t_0e763d;t_1f7db4,行省化,,否(URL未见),
downloads/pages/97294cdeb4b6.md,Conscription 1808,https://www.napoleon-series.org/research/government/legislation/c_conscription.html,,t_0e763d,行省化,,否(URL未见),
downloads/pages/977ad00e38d7.md,Italians in Austrian Army,https://people.ohio.edu/chastain/ip/italaam.htm,t_0e763d;t_be9258,t_0a8308;t_0e763d;t_20658d;t_611e2b;t_8a7b54;t_be9258;t_eaa841;t_f314c4,大陆诸国,,否(URL未见),
downloads/pages/982acebc0715.md,Manuel-04,https://www.force-publique.net/sources/Livres/Manuel/Manuel-04.html,t_c98c24,t_0e763d;t_c98c24,,,否(URL未见),
downloads/pages/98f3132e9a36.md,The 1833 Factory Act - UK Parliament,https://www.parliament.uk/about/living-heritage/transformingsociety/livinglearning/19thcentury/overview/factoryact/,t_87ba37,t_0a8308;t_20658d;t_611e2b;t_87ba37;t_8a7b54;t_f314c4,,,是(URL),811
downloads/pages/990e6312e3fa.md,"NAVY ESTIMATES. (Hansard, 21 February 1826)",https://api.parliament.uk/historic-hansard/commons/1826/feb/21/navy-estimates,,,,,否(URL未见),
downloads/pages/995bd30de2bb.md,"NEW PLAN OF FINANCE. (Hansard, 29 January 1807)",https://api.parliament.uk/historic-hansard/commons/1807/jan/29/new-plan-of-finance,,t_044211;t_24b942;t_c69786,,,否(URL未见),
downloads/pages/9a1cf80c64d6.md,"Our next war, in its commercial aspect; with some account of the premiums paid at \""Lloyd's\"" from 1805 to 1816 ..., by J. T. Danson | The Online Book",https://onlinebooks.library.upenn.edu/webbin/book/lookupid?key=ha100475511,t_0a8308,,,,否(URL未见),
downloads/pages/9a41be57178b.md,Documents and Data of Aur\u00e9lien Lignereux\n     | isidore.science,https://isidore.science/index.php/a/lignereux_aurelien,,,行省化,,否(URL未见),
downloads/pages/9a69563ae505.md,Resistance in the \u2018holy land\u2019 of Tyrol: a Tyrolean Taliban? | Die Welt der Habsburger,https://www.habsburger.net/en/chapter/resistance-holy-land-tyrol-tyrolean-taliban,t_f4bb81,t_3ee1b0;t_f4bb81;t_f55d87,大陆诸国/行省化,蒂罗尔'圣地'抵抗（Welt der Habsburger）,是(主题键),1748;5155
downloads/pages/9a848557895d.md,The great famine - UK Parliament,https://www.parliament.uk/about/living-heritage/evolutionofparliament/legislativescrutiny/parliamentandireland/overview/the-great-famine/,,,,,否(URL未见),
downloads/pages/9a8e1d55620d.md,1811. \u00e9vi orsz\u00e1ggy\u0171l\u00e9s. Devalv\u00e1czi\u00f3. | Borovszky Samu: Magyarorsz\u00e1g v\u00e1rmegy\u00e9i \u00e9s v\u00e1rosai | K\u0,https://www.arcanum.com/hu/online-kiadvanyok/Borovszky-borovszky-samu-magyarorszag-varmegyei-es-varosai-1/somogy-varmegye-153D7/somogy-varmegye-tortenete-irta-reiszig-ede-dr-15DBA/ii-a-mohacsi-vesztol-a-kiegyezesig-16088/2-a-xviii-szazad-es-a-franczia-haboruk-kora-1624A/1811-evi-orszaggyules-devalvaczio-16380/,t_f4bb81,t_0a8308;t_20658d;t_3ee1b0;t_611e2b;t_8a7b54;t_f314c4;t_f4bb81,大陆诸国,1811年匈牙利议会与贬值（Borovszky）,否(人工核0命中),
downloads/pages/9ad46faec2ca.md,"Russia Against Napoleon: The Battle for Europe, 1807 to 1814 by Dominic Lieven - review by Charles Esdaile",https://literaryreview.co.uk/the-bear-against-the-cockerel,,,大陆诸国,,否(URL未见),
downloads/pages/9af05ae4687f.md,"Situation financi\u00e8re de la France, 1843 - Wikisource","https://fr.wikisource.org/wiki/Situation_financi%C3%A8re_de_la_France,_1843",t_9f10b6,t_02f417;t_0e763d;t_24b942;t_9f10b6;t_b1a536;t_be9258,,,否(URL未见),
downloads/pages/9af33326aacf.md,,https://academic-journals.eu/pl/download?path=%2Fuploads%2FZm9sZGVycHVibWVkaWE%3D%2Fdocuments%2Fstudia_i_materialy_viii_nawrot_komitet_wojskowy_na_litwie_w_1812.pdf,t_26cd47;t_d604cd,old:t_26cd47;old:t_759180;old:t_a8401d;old:t_d604cd;t_0a8308;t_20658d;t_611e2b;t_8a7b54;t_b5dab4;t_f314c4,,,否(URL未见),
downloads/pages/9b8878d51d19.md,,https://archive.org/metadata/india.history.resource.116919,t_611e2b,,,,否(URL未见),
downloads/pages/9bf50fa4aabd.md,"France and Latin-American independence. -- : Robertson, William Spence, 1872- : Free Download, Borrow, and Streaming : Internet Archive",https://archive.org/details/francelatinameri0000robe,,old:t_759180;old:t_95ef51;old:t_bef693;old:t_c2dbca,,,否(URL未见),
downloads/pages/9cc62ddca08d.md,La fabrication des poudres de guerre \u00e0 Essonnes eBook,https://readzis.co.uk/960997/la-fabrication-des-poudres-de-guerre-a-essonnes.ebook,,t_0e763d,,,否(URL未见),
downloads/pages/9cdf68d9bb9b.md,Rapport \u00e0 S. M. l'Empereur et Roi - 8 d\u00e9cembre 1810 - Histoire du Consulat et du Premier empire,https://napoleon-histoire.com/rapport-a-s-m-lempereur-et-roi-8-decembre-1810/,t_08b9e7,t_08b9e7;t_0a8308;t_20658d;t_611e2b;t_8a7b54;t_eaa841;t_f314c4,,,否(URL未见),
downloads/pages/9d5c73371364.md,1805 | Haiti and the Atlantic World,https://haitidoi.com/constitutions/1805-2/,t_68821f,t_20658d;t_68821f,,,否(URL未见),
downloads/pages/9d823edb213c.md,Drafting the Great Army: The Political Economy of Conscription in Napoleonic France | The Journal of Economic History | Cambridge Core,https://www.cambridge.org/core/journals/journal-of-economic-history/article/drafting-the-great-army-the-political-economy-of-conscription-in-napoleonic-france/FDBA5D70BC85C24186EF7C9767D249BF,,t_0e763d;t_1f7db4,行省化,,否(URL未见),
downloads/pages/9e5e88f140a4.md,Metropolitan Police - UK Parliament,https://www.parliament.uk/about/living-heritage/transformingsociety/laworder/policeprisons/overview/metropolitanpolice/,t_c69786,t_20658d;t_c69786,,,是(URL),806
downloads/pages/9e928274bb52.md,Road to Revolution,https://ditext.com/yarmolinsky/yar2.html,,,,,否(URL未见),
downloads/pages/9ea19769f461.md,"PETITION OF THE EAST INDIA COMPANY. (Hansard, 26 April 1808)",https://api.parliament.uk/historic-hansard/commons/1808/apr/26/petition-of-the-east-india-company,t_0bb54c,t_0a8308;t_0bb54c;t_20658d;t_8a7b54;t_f314c4,,,是(URL),3379
downloads/pages/9ef667a78a6e.md,Bonapartedok en Willemdok | Inventaris Onroerend Erfgoed,https://inventaris.onroerenderfgoed.be/erfgoedobjecten/10708,,old:t_759180;old:t_a8401d;old:t_f81a6f;t_0a8308;t_20658d;t_86b684;t_8a7b54;t_ec2248,,,否(URL未见),
downloads/pages/9f08012c5301.md,Senatsbeschlu\u00df \u00fcber die Aus\u00fcbung der Funktionen der Deputirten des \n\tgesetzgebenden K\u00f6rpers der IV. Serie w\u00e4hrend der am n\,https://www.verfassungen.eu/f/fverf13-3.htm,t_f4bb81,t_0a8308;t_20658d;t_3ee1b0;t_611e2b;t_8a7b54;t_f314c4;t_f4bb81,,,是(URL),442
downloads/pages/9f6cd03f06fa.md,"[PDF] French Warships in the Age of Sail, 1786\u20131861 by Rif Winfield | 9781848322042, 9781848323537",https://www.perlego.com/book/2444841/french-warships-in-the-age-of-sail-17861861-design-construction-careers-and-fates-pdf,,,,,否(URL未见),
downloads/pages/9f930fd6b766.md,L\u2019histoire du Canal de Saint-Quentin,https://www.histoireaisne.fr/memoires_numerises/chapitres/tome_27/Tome_027_page_043.pdf,,old:t_759180;old:t_a8401d;old:t_f81a6f;t_0a8308;t_20658d;t_86b684;t_8a7b54;t_ec2248,,,否(URL未见),
downloads/pages/9fc696fc8978.md,Avalon Project - Blackstone's Commentaries on the Laws of England - Book the First : Chapter the Seventh : Of the King's Prerogative,https://avalon.law.yale.edu/18th_century/blackstone_bk1ch7.asp,,t_20658d;t_c69786,,,是(URL),804
downloads/pages/a01b8afccf5d.md,Coping with Poverty in Rural Brandenburg: The Role of Lords and State in the Late Eighteenth Century,https://doi.org/10.1525/luminos.63.g,t_3ee1b0,t_3ee1b0,,,否(URL未见),
downloads/pages/a0212ccd17cd.md,The London Gazette | The Gazette,https://www.thegazette.co.uk/London/issue/16067/page/1231,,old:t_759180;old:t_7ee3b0;t_02f417;t_0a8308;t_0e763d;t_20658d;t_24b942;t_611e2b;t_8a7b54;t_b1a536;t_be9258;t_f314c4,,,否(URL未见),
downloads/pages/a02696eef864.md,Napoleon Series Reviews: Napoleon's Irish Legion,https://www.napoleon-series.org/reviews/military/c_irishlegion.html,,,,,否(URL未见),
downloads/pages/a037474a0ec5.md,"COUNT NICOLAS DE ROMANZOFF. (Hansard, 20 January 1809)",http://api.parliament.uk/historic-hansard/commons/1809/jan/20/count-nicolas-de-romanzoff,,old:t_3dc3c2;old:t_759180;old:t_a8401d;t_0a8308;t_20658d;t_611e2b;t_8a7b54;t_c69786;t_f314c4,,,否(URL未见),
downloads/pages/a0a178c08a7e.md,Edikt \u00fcber die Finanzen des Staats und die neuen Einrichtungen wegen \n\tder Abgaben (1810),https://www.verfassungen.de/preussen/gesetze/finanzverfassung10.htm,t_3ee1b0,t_3ee1b0,大陆诸国,普鲁士1810年财政敕令,否(人工核0命中),
downloads/pages/a0f246407c7d.md,FRANCE iii. RELATIONS WITH PERSIA 1789-1918 - Encyclopaedia Iranica,https://www.iranicaonline.org/articles/france-iii-relations-with-persia-1789-1918/,,old:t_759180;old:t_a8401d;old:t_c17367;old:t_d604cd;t_0a8308;t_20658d;t_611e2b;t_8a7b54;t_f314c4,,,否(URL未见),
downloads/pages/a128e79a8fcc.md,,https://doi.org/10.4000/geohist.4373,t_02f417,t_02f417;t_0e763d;t_24b942;t_b1a536;t_be9258,,,是(URL),1441
downloads/pages/a1727377ccf1.md,D\u00e9cret imp\u00e9rial abolissant la traite des Noirs,https://fr.wikipedia.org/wiki/D%C3%A9cret_imp%C3%A9rial_abolissant_la_traite_des_Noirs,,old:t_759180;old:t_95ef51;old:t_a8401d;old:t_bef693;old:t_c2dbca;t_0a8308;t_20658d;t_8a7b54;t_9bd988;t_f314c4,外交,,否(URL未见),
downloads/pages/a19ef3dd7086.md,Kapitulationen efter K\u00f8benhavns bombardement 7. september 1807 \u2013 Danmarkshistorien | Lex,https://danmarkshistorien.lex.dk/Kapitulationen_efter_K%C3%B8benhavns_bombardement_7._september_1807,t_8b4a3e,t_20658d;t_8b4a3e;t_eaa841,,,否(URL未见),
downloads/pages/a2034fc310ff.md,"Danger to the Old Lady of Threadneedle Street? The Bank Restriction Act and the regime shift to paper money, 1797-1821",https://ehes.org/wp/EHES_100.pdf,,old:t_759180;old:t_95ef51;old:t_a8401d;old:t_bef693;t_044211;t_24b942;t_c69786,,,否(URL未见),
downloads/pages/a21397d83d22.md,"GUERRA DE LA INDEPENDENCIA. HISTORIA DEL LEVANTAMIENTO, GUERRA Y REVOLUCI\u00d3N DE ESPA\u00d1A.CAPITULO XVIII. Exigencias de Napole\u00f3n respecto a",https://cristoraul.org/SPANISH/sala-de-lectura/Historia-general-de-Espana/GUERRA-DE-LA-INDEPENDENCIA/introduccion-capitulo-18.html,t_219822,t_0a8308;t_20658d;t_219822;t_611e2b;t_8a7b54;t_eaa841;t_f314c4,,,否(URL未见),
downloads/pages/a21d8807b909.md,L'Echo de la Fabrique -     Vari\u00e9t\u00e9s.,http://echo-fabrique.ens-lyon.fr/document.php?format=search&id=2542,t_0e763d,t_0e763d;t_20658d,,,否(URL未见),
downloads/pages/a29ef989aeb1.md,6- Nouveaut\u00e9s dans l'artillerie de la Marine,https://www.artillerie.asso.fr/basart/article.php3?id_article=1972,t_b1a536,t_02f417;t_0a8308;t_0e763d;t_20658d;t_24b942;t_611e2b;t_8a7b54;t_b1a536;t_be9258;t_f314c4,,,否(URL未见),
downloads/pages/a2aa12b57d10.md,Odessa - BlackSea Research Project,https://cities.blacksea.gr/en/odessa/5-7/,t_02f417,t_02f417;t_0e763d;t_24b942,,,是(URL),4277
downloads/pages/a33ec60b83be.md,Oc\u00e9an-class ship of the line,https://en.wikipedia.org/wiki/Oc%C3%A9an-class_ship_of_the_line,,t_02f417;t_0a8308;t_0e763d;t_20658d;t_24b942;t_611e2b;t_8a7b54;t_b1a536;t_be9258;t_f314c4,,,否(URL未见),
downloads/pages/a4244268fcb9.md,"The taking of the Isle of France (Mauritius), 2 December 1810 | Online Collection | National Army Museum, London",https://collection.nam.ac.uk/detail.php?acc=1971-02-33-252-1,t_0fed70,t_0fed70,,,否(URL未见),
downloads/pages/a4d4460418d7.md,Commons Chamber - Hansard - UK Parliament,https://hansard.parliament.uk/html/Commons/1806-12-22/CommonsChamber,,,,,否(URL未见),
downloads/pages/a4fad3d96e79.md,"IMPORTS AND EXPORTS. (Hansard, 3 July 1832)",https://api.parliament.uk/historic-hansard/commons/1832/jul/03/imports-and-exports,,,,,否(URL未见),
downloads/pages/a505ea54ea46.md,November Insurrection | Polish Rebellion of 1830-1831 | Britannica,https://www.britannica.com/event/November-Insurrection,t_0e763d,t_0e763d,行省化,,否(URL未见),
downloads/pages/a5357a9d2c1c.md,Die M\u00fcnzen des K\u00f6nigreiches Westphalen \u2013 Numismatik in Hannover,https://www.numismatik-in-hannover.de/einblicke/sammlungen/muenzen-des-koenigreichs-westphalen/,,old:t_f81a6f;t_ec2248,大陆诸国,威斯特法利亚王国货币（Numismatik Hannover）,否(人工核0命中),
downloads/pages/a5b15e70c82c.md,Literary Review - Charles Esdaile on Russia Against Napoleon by Dominic Lieven,https://web.archive.org/web/20130605171204/http:/www.literaryreview.co.uk/esdaile_10_09.html,t_26cd47,old:t_26cd47;old:t_759180;old:t_a8401d;old:t_d604cd;t_0a8308;t_20658d;t_29957a;t_2c3192;t_611e2b;t_8a7b54;t_f314c4,大陆诸国,,否(URL未见),
downloads/pages/a6702a368d37.md,"\u0410\u043b\u0435\u043a\u0441\u0430\u043d\u0434\u0440 I, \u0418\u043c\u043f\u0435\u0440\u0430\u0442\u043e\u0440 \u0412\u0441\u0435\u0440\u043e\u0441\",http://www.brocgaus.ru/text/002/923.htm,t_29957a,t_0a8308;t_20658d;t_29957a;t_611e2b;t_8a7b54;t_f314c4,,,否(URL未见),
downloads/pages/a6a9708fe694.md,"Premier vaisseau de ligne, le Charlemagne de 74 lanc\u00e9 au milieu de l'Escaut, Anvers le 8 avril 1807 : [estampe]",https://gallica.bnf.fr/ark:/12148/btv1b69469265,,t_02f417;t_0a8308;t_0e763d;t_20658d;t_24b942;t_611e2b;t_8a7b54;t_b1a536;t_be9258;t_f314c4,,,是(URL),1474
downloads/pages/a6d694654e00.md,,https://archive.org/advancedsearch.php?q=creator%3A%28Torrente%29+AND+title%3A%28revolucion+hispano-americana%29&fl%5B%5D=identifier&fl%5B%5D=title&rows=8&output=json,t_f314c4,,,,否(URL未见),
downloads/pages/a6fc0bf52bf4.md,France: Income and Expenditures in An 12,https://www.napoleon-series.org/research/abstract/government/budget/france/an12/c_an12.html,t_9f10b6,t_02f417;t_0e763d;t_24b942;t_9f10b6;t_b1a536;t_be9258,,,否(URL未见),
downloads/pages/a728f3c07ec5.md,Wellington: The Path to Victory 1769-1814; Waterloo and the Fortunes of Peace 1814\u20131852  \u00bb Chapter 15 : Vimeiro and Cintra (July\u2013Septem,https://lifeofwellington.co.uk/commentary/chapter-fifteen-vimeiro-and-cintra-july-september-1808/,,,,,否(URL未见),
downloads/pages/a74cfc40d08a.md,,https://archive.org/advancedsearch.php?q=%22politique+orientale+de+Napol%C3%A9on%22+Gardane&fl%5B%5D=identifier&fl%5B%5D=title&fl%5B%5D=year&rows=30&output=json,t_611e2b,,,,否(URL未见),
downloads/pages/a7582cb284e4.md,1797: Suspension of cash payments by the Bank of England | The Statutes Project,https://statutes.org.uk/site/the-statutes/privy-council-orders/1797-suspension-of-cash-payments-by-the-bank-of-england/,,t_20658d;t_c69786,,,否(URL未见),
downloads/pages/a75fb284017e.md,,https://archive.org/advancedsearch.php?q=Sassenay+AND+%28%22Republique+Argentine%22+OR+%22Napoleon+Ier%22%29&fl%5B%5D=identifier&fl%5B%5D=title&fl%5B%5D=year&rows=10&output=json,t_f314c4,,,,否(URL未见),
downloads/pages/a8959e842dc5.md,,https://archive.org/advancedsearch.php?q=creator%3A%28ghorbal%29&fl%5B%5D=identifier&fl%5B%5D=title&fl%5B%5D=year&rows=20&output=json,t_ca3e8d,t_ca3e8d,,,否(URL未见),
downloads/pages/a8db4b456088.md,The French Navy After 1815 Part I - WarHistory.org,https://warhistory.org/article/the-french-navy-after-1815-part-i,t_b1a536,t_02f417;t_0a8308;t_0e763d;t_20658d;t_24b942;t_611e2b;t_8a7b54;t_b1a536;t_be9258;t_f314c4,,,否(URL未见),
downloads/pages/a926b7531016.md,French ship Polonais (1808),https://en.wikipedia.org/wiki/French_ship_Polonais_(1808),,t_02f417;t_0a8308;t_0e763d;t_20658d;t_24b942;t_611e2b;t_8a7b54;t_b1a536;t_be9258;t_f314c4,,,否(URL未见),
downloads/pages/a947acecb6dc.md,mai_03,http://www.histoire-empire.org/correspondance_de_napoleon/1809/mai_03.htm,t_f4bb81,t_0a8308;t_20658d;t_3ee1b0;t_611e2b;t_8a7b54;t_f314c4;t_f4bb81,外交,,否(URL未见),
downloads/pages/a973c8fab9ef.md,Forum 28 on The Importance of Paul Schroeder\u2019s Scholarship to the Fields of International Relations and Diplomatic History - H-Diplo|RJISSF,https://issforum.org/forums/28,t_75e9a5,old:t_759180;old:t_75e9a5;old:t_a8401d;old:t_b7b7b1,外交,,否(URL未见),
downloads/pages/a9c217630acd.md,H-Net Reviews,https://www.h-net.org/reviews/showrev.php?id=24357,t_b702da,old:t_759180;old:t_75e9a5;old:t_7da32d;old:t_a8401d;old:t_b7b7b1;t_0a8308;t_20658d;t_611e2b;t_8a7b54;t_b702da;t_cbaee3;t_f314c4;t_f55d87,,,否(URL未见),
downloads/pages/aa1f6ada988e.md,,https://books.openedition.org/septentrion/26724,t_7da32d,old:t_75e9a5;old:t_7da32d;old:t_b7b7b1,,,否(URL未见),
downloads/pages/aa5c5df8d6e3.md,The Effective Strength of the British Army,https://www.napoleon-series.org/research/abstract/military/army/britain/strength/c_strength.html,t_b9e29c,t_b9e29c;t_c69786,,,否(URL未见),
downloads/pages/aab94e1f905a.md,THE STATE OF RUSSIAN FOREIGN TRADE AT THE END OF 1808\u20131809 (ACCORDING TO A. B. KURAKIN\u2019S DISPATCHES) - \u0412\u0435\u0441\u0442\u043d\u0438\,https://vestnik-historicalsciences.mgpu.ru/2025/01/14/the-state-of-russian-foreign-trade-at-the-end-of-1808-1809-according-to-a-b-kurakins-dispatches/?lang=en,t_26cd47,old:t_26cd47;old:t_d604cd,外交/大陆诸国,1808–09俄国外贸状况（库拉金）,否(人工核0命中),
downloads/pages/ab07d45dab4c.md,"The Left-Wing Whigs: Whitbread, The Mountain and Reform, 1809\u20131815",https://www.cambridge.org/core/journals/journal-of-british-studies/article/abs/leftwing-whigs-whitbread-the-mountain-and-reform-18091815/7986D7EF52C02E0D8A879DA1055B6AD4,t_b7b7b1,old:t_b7b7b1,,,否(URL未见),
downloads/pages/ab124a162bee.md,"NAVY ESTIMATES. (Hansard, 4 March 1839)",https://api.parliament.uk/historic-hansard/commons/1839/mar/04/navy-estimates,t_104134,old:t_104134;old:t_759180;old:t_7ee3b0;old:t_a8401d;t_02f417;t_0a8308;t_0e763d;t_20658d;t_24b942;t_611e2b;t_8a7b54;t_b1a536;t_be9258;t_f314c4,,,否(URL未见),
downloads/pages/ab1d70897763.md,Waterloo: a Godsend for French Public Finances?,https://ideas.repec.org/p/hes/wpaper/0041.html,t_9f10b6,t_02f417;t_0e763d;t_24b942;t_9f10b6;t_b1a536;t_be9258,,,否(URL未见),
downloads/pages/ab23412e72be.md,Correspondance g\u00e9n\u00e9rale de Napol\u00e9on Bonaparte. Tome 10 : Un grand empire. mars 1810-mars 1811. Introduction au volume - napoleon.org,https://www.napoleon.org/histoire-des-2-empires/articles/correspondance-generale-de-napoleon-bonaparte-tome-10-un-grand-empire-mars-1810-mars-1811-introduction-au-volume/,t_08b9e7,t_08b9e7;t_0a8308;t_20658d;t_611e2b;t_8a7b54;t_f314c4,外交,,是(URL),5145
downloads/pages/ab500dfb9351.md,The French public debt in the nineteenth century - Federal Reserve Bank of Chicago,https://www.chicagofed.org/publications/economic-perspectives/2024/2,,t_0a8308,,,否(URL未见),
downloads/pages/ab6a44ffb405.md,Les Europ\u00e9ens face \u00e0 la conscription : de l'insoumission \u00e0 la r\u00e9bellion (1800-1813),https://shs.hal.science/halshs-00807705,,t_afeae6,行省化,欧洲人面对征兵：从逃役到叛乱,否(人工核0命中),
downloads/pages/ab7407c7b446.md,Banca d'Italia - Cronologia,https://www.bancaditalia.it/servizi-cittadino/mostre-ed-eventi/mostra-moneta/esplora/stanza-a/cronologia/index.html,,old:t_759180;old:t_a8401d;old:t_f81a6f;t_0a8308;t_20658d;t_611e2b;t_86b684;t_8a7b54;t_be9258;t_ec2248;t_f314c4,,,否(URL未见),
downloads/pages/ac60ac018ef2.md,"KING'S SPEECH.\u2014 (Hansard, 22 November 1803)",https://api.parliament.uk/historic-hansard/commons/1803/nov/22/kings-speech,,t_20658d;t_c69786,,,是(URL),805
downloads/pages/ac63387858e7.md,Memoria Pol\u00edtica de M\u00e9xico,https://www.memoriapoliticademexico.org/Efemerides/11/10111799-CM.html,t_9bd988,t_0a8308;t_20658d;t_8a7b54;t_9bd988;t_f314c4,,,否(URL未见),
downloads/pages/ac72d0b07b30.md,Relations internationales et classe politique en Ha\u00efti (1784-1814) - Pers\u00e9e,https://www.persee.fr/doc/outre_1631-0438_2003_num_90_340_4050,t_68821f,t_68821f,,,否(URL未见),
downloads/pages/acacc4f22128.md,Venice,https://threedecks.org/index.php?display_type=show_shipyard&id=281,,t_02f417;t_0a8308;t_0e763d;t_20658d;t_24b942;t_611e2b;t_8a7b54;t_b1a536;t_be9258;t_f314c4,,,是(URL),1474
downloads/pages/adb47a132644.md,Banca d'Italia - Monete in oro degli Stati moderni,https://www.bancaditalia.it/servizi-cittadino/musei-e-visite/museo-moneta/monete-oro/index.html,,old:t_759180;old:t_a8401d;old:t_f81a6f;t_0a8308;t_20658d;t_86b684;t_8a7b54;t_ec2248,,,否(URL未见),
downloads/pages/ae3c3e520a05.md,Prosopographie et noblesse imp\u00e9riale : de l'histoire d'une \u00e9lite \u00e0 l'histoire sociale - Pers\u00e9e,https://www.persee.fr/doc/hes_0752-5702_1998_num_17_2_1985,t_b09c54,old:t_759180;old:t_a8401d;old:t_b09c54,,,否(URL未见),
downloads/pages/aea345cb919a.md,"Full text of \""The Campaign of Trafalgar\""",https://archive.org/stream/campaigntrafalg01corbgoog/campaigntrafalg01corbgoog_djvu.txt,,,,,否(URL未见),
downloads/pages/aee76684456e.md,"The Ugly Duckling: The French Navy and the Saint-Domingue Expedition,1801-1803 \u2013 International Journal of Naval History",https://ijnh.seahistory.org/the-ugly-duckling-the-french-navy-and-the-saint-domingue-expedition1801-1803/,t_68821f,t_68821f,,,否(URL未见),
downloads/pages/af472c3dfa49.md,"The Project Gutenberg eBook of Robert Fulton and the Submarine, by Wm. Barclay Parsons",https://www.gutenberg.org/cache/epub/63351/pg63351-images.html,,old:t_2c338c;old:t_3dc3c2;old:t_759180;old:t_a8401d;t_0a8308;t_20658d;t_611e2b;t_8a7b54;t_c8b161;t_f314c4,大陆诸国,,否(URL未见),
downloads/pages/af4f870b8ddf.md,ADB:Friedrich August I. (K\u00f6nig von Sachsen) \u2013 Wikisource,https://de.wikisource.org/wiki/ADB:Friedrich_August_I._(K%C3%B6nig_von_Sachsen),t_cbaee3;t_3ee1b0,t_0a8308;t_20658d;t_3ee1b0;t_611e2b;t_8a7b54;t_cbaee3;t_f314c4,大陆诸国,ADB：萨克森国王弗里德里希·奥古斯特一世,是(主题键),1762
downloads/pages/afa9eb650bc6.md,Rear Guard Action: Guineas and Gunpowder. British foreign policy in the Napoleonic Wars,http://jurrga.blogspot.com/2014/11/guineas-and-gunpowder-british-foreign.html,,t_044211;t_24b942,,,否(URL未见),
downloads/pages/b01c3f60f27c.md,Quadruple Alliance,https://en.wikisource.org/wiki/Quadruple_Alliance,t_b09c54,old:t_759180;old:t_a8401d;old:t_b09c54;old:t_b7b7b1,外交,四国同盟（1815）,是(主题键),4658
downloads/pages/b064437dd1d2.md,"Concordat de Fontainebleau de janvier 1813, d\u00e9nonc\u00e9 en mars",https://www.napoleon-empire.org/texte-officiel/concordat-1813.php,t_5b1d64,t_5b1d64,,,否(URL未见),
downloads/pages/b0cf11d23f51.md,"Princes\u2019 Wars, Wars of the People, or Total War? Mass Armies and the Question of a Military Revolution in Germany, 1792\u20131815",https://journals.sagepub.com/doi/10.1177/0968344513483071,t_3ee1b0,t_3ee1b0,,,否(URL未见),
downloads/pages/b1812133dadc.md,Altered Pasts: Counterfactuals in History,https://brandeisuniversitypress.com/title/altered-pasts-counterfactuals-in-history/,t_8a7b54,t_20658d;t_8a7b54,,,否(URL未见),
downloads/pages/b18521a06ba7.md,r.jina.ai,https://r.jina.ai/https://www.persee.fr/doc/reco_0035-2764_1953_num_4_4_406987,,,,,否(URL未见),
downloads/pages/b1d2f1be3829.md,"\u201cNow the great Man in the Parliament House is dead, we shall have a big Loaf!\u201d Responses to the Assassination of Spencer Perceval",https://doi.org/10.1086/663838,t_b7b7b1,old:t_b7b7b1,,,否(URL未见),
downloads/pages/b1d3de43f219.md,\u0410\u0431\u043e\u0441\u043a\u0438\u0439 \u0414\u043e\u0433\u043e\u0432\u043e\u0440 \u00bb \u041c\u0435\u0436\u0434\u0443\u043d\u0430\u0440\u043e\u0,https://imha.ru/1144538697-aboskiy-dogovor.html,,old:t_26cd47;old:t_759180;old:t_a8401d;old:t_d604cd;t_0a8308;t_20658d;t_29957a;t_2c3192;t_611e2b;t_8a7b54;t_f314c4,,,否(URL未见),
downloads/pages/b24d31cb67be.md,\u0415. \u0412. \u0422\u0430\u0440\u043b\u0435. \u041d\u0430\u043f\u043e\u043b\u0435\u043e\u043d(20),https://www.booksite.ru/localtxt/tar/le/tarle/nap/ole/napoleon/20.htm,,old:t_26cd47;old:t_759180;old:t_d604cd;t_0a8308;t_20658d;t_29957a;t_2c3192;t_611e2b;t_8a7b54;t_f314c4,,,否(URL未见),
downloads/pages/b347db4c1735.md,Florian Ploeckl,http://www.nuff.ox.ac.uk/economics/history/paper84/ploeckl84.pdf,,old:t_759180;old:t_a8401d;old:t_f3c44f;t_0a8308;t_20658d;t_86b684;t_8a7b54,,,是(URL),5173
downloads/pages/b382c307bdac.md,Petitions and the Corn Laws,https://committees.parliament.uk/committee/326/petitions-committee/news/99040/petitions-and-the-corn-laws,t_c69786,t_20658d;t_c69786,,,否(URL未见),
downloads/pages/b3caa554199b.md,T he Royal Military Canal Introduction Site Description,https://romneymarshhistory.co.uk/assets/fileman/Uploads/Documents/Royal_Military_Canal.pdf,,,,,否(URL未见),
downloads/pages/b410f00b28b3.md,Espoirs et d\u00e9ceptions d\u2019Odessa dans le premier quart du XIXe si\u00e8cle - Pers\u00e9e,https://www.persee.fr/doc/casla_1283-3878_2016_num_14_1_1138,t_29957a,t_0a8308;t_20658d;t_29957a;t_611e2b;t_8a7b54;t_f314c4,,,否(URL未见),
downloads/pages/b4545cf266ff.md,"Aur\u00e9lien Lignereux, Servir Napol\u00e9on. Policiers et gendarmes dans les d\u00e9partements annex\u00e9s (1796-1814)",https://doi.org/10.3917/ahrf.377.0209,t_c98c24,t_0e763d;t_c98c24,行省化,,否(URL未见),
downloads/pages/b4a33e0e429e.md,Le probl\u00e8me des pertes de guerre - Pers\u00e9e,https://www.persee.fr/doc/rhmc_0048-8003_1970_num_17_3_2082,t_208a11,old:t_208a11;old:t_759180,,,否(URL未见),
downloads/pages/b4cbeb6047c6.md,Contents _________________,https://aaronbelkin.org/pdfs/Counterfactual%20Thought%20Experiments%20in%20World%20Politics%20-%201st%20chpt.pdf,t_3dc3c2,old:t_3dc3c2,,,否(URL未见),
downloads/pages/b4cf5e9825fc.md,"Pertes de l'arm\u00e9e de terre sous le premier Empire, d'apr\u00e8s les registres matricules. - Pers\u00e9e",https://www.persee.fr/doc/pop_0032-4663_1972_num_27_1_15097,t_208a11;t_0e763d,old:t_208a11;old:t_759180;t_0e763d;t_20658d,,,是(URL),440
downloads/pages/b57436760b6a.md,"\""Ripe Fruit\"" Theory | 4score.org",https://4score.org/historical-documents/ripe-fruit-theory,t_9bd988,t_9bd988,,,否(URL未见),
downloads/pages/b5b6f3cf2c2b.md,,https://archive.org/advancedsearch.php?q=bowring+AND+candia&fl%5B%5D=identifier&fl%5B%5D=title&fl%5B%5D=year&rows=20&output=json,t_ca3e8d,t_ca3e8d,,,否(URL未见),
downloads/pages/b5b76ec14c26.md,Naval history of Great Britain by William James - Abstract No 19 - 1811,https://sites.rootsweb.com/~pbtyc/Naval_History/Vol_V/Abstract_19.html,t_998052,t_998052;t_c69786,,,否(URL未见),
downloads/pages/b63d35ce3cb6.md,La r\u00e9duction du nombre de nos vaisseaux (1814-1819) \u2013 Trois-Ponts!,https://troisponts.net/2014/03/26/reduction-du-nombre-de-nos-vaisseaux-1814-1819/,t_b1a536,t_02f417;t_0a8308;t_0e763d;t_20658d;t_24b942;t_611e2b;t_8a7b54;t_b1a536;t_be9258;t_f314c4,,,否(URL未见),
downloads/pages/b67a84406849.md,,https://archive.org/advancedsearch.php?q=%22Popham%22+AND+%22court+martial%22+AND+date%3A%5B1806-01-01+TO+1810-01-01%5D&fl%5B%5D=identifier&fl%5B%5D=title&fl%5B%5D=year&rows=15&page=1&output=json,t_f314c4,,,,否(URL未见),
downloads/pages/b71024f74504.md,"\u0420\u043e\u0441\u0441\u0438\u044f, \u0440\u0430\u0437\u0434. \u0424\u0438\u043d\u0430\u043d\u0441\u043e\u0432\u043e\u0435 \u0445\u043e\u0437\u044f\",http://rulex.ru/01273021.htm,t_29957a,t_0a8308;t_20658d;t_29957a;t_611e2b;t_8a7b54;t_f314c4,,,否(URL未见),
downloads/pages/b71a637044ed.md,"H.M. Steam sloops Rattler and Alecto towing stern to stern, for the purpose of testing the relative powers of the Screw Propeller and the Paddle Wheel",https://www.rmg.co.uk/collections/objects/rmgc-object-140870,t_998052,t_998052;t_c69786,,,是(URL),1446
downloads/pages/b774a39e237e.md,"PETITION FROM BIRMINGHAM AGAINST THE ORDERS IN COUNCIL. (Hansard, 17 April 1812)",https://api.parliament.uk/historic-hansard/commons/1812/apr/17/petition-from-birmingham-against-the,t_87ba37,t_0a8308;t_20658d;t_611e2b;t_87ba37;t_8a7b54;t_f314c4,,,否(URL未见),
downloads/pages/b85fe1e48533.md,House of Commons - Hansard - UK Parliament,https://hansard.parliament.uk/Commons/1809-01-20/debates/2be03220-5da4-42ce-a18d-80e0d6bfc40b/CountNicolasDeRomanzoff,,,,,否(URL未见),
downloads/pages/b8bc84d9143a.md,"The twin battles of Jena and Auerstedt, 14 October, 1806 - napoleon.org",https://www.napoleon.org/en/history-of-the-two-empires/timelines/the-twin-battles-of-jena-and-auerstedt-14-october-1806/,t_3dc3c2,old:t_3dc3c2;old:t_759180;old:t_a8401d,,,否(URL未见),
downloads/pages/b92bac3d423e.md,"War, Naval Logistics and the British State",https://gala.gre.ac.uk/id/eprint/5653/4/James%20Davey%202009%20-%20redacted.pdf,,old:t_104134;old:t_759180;old:t_7ee3b0;old:t_a8401d;old:t_d604cd;t_02f417;t_0a8308;t_0e763d;t_20658d;t_24b942;t_29957a;t_611e2b;t_8a7b54;t_998052;t_b1a536;t_b5dab4;t_be9258;t_c69786;t_f314c4,,,是(URL),1434;1481
downloads/pages/b94d05580380.md,John Moore: Alone with his glory | National Army Museum,https://www.nam.ac.uk/explore/john-moore,t_b9e29c,t_b9e29c;t_c69786,,,否(URL未见),
downloads/pages/b9b84fcb2920.md,6- Nouveaut\u00e9s dans l'artillerie de la Marine,https://www.artillerie.asso.fr/basart/article.php3?id_article=1972,t_24b942,t_24b942,,,否(URL未见),
downloads/pages/b9eaa7cabeae.md,L'entrevue d'Erfurt racont\u00e9e par Talleyrand - Le Consulat et le Premier empire,https://napoleon-histoire.com/1808-l-entrevue-d-erfurt-racontee-talleyrand/,t_75e9a5,old:t_759180;old:t_75e9a5;old:t_a8401d;old:t_b7b7b1;t_0a8308;t_20658d;t_3ee1b0;t_611e2b;t_8a7b54;t_91cbee;t_f314c4,外交,塔列朗叙埃尔福特会晤,是(主题键),736;3008
downloads/pages/ba2ab29e8259.md,"PETITION FROM THE HALLAMSHIRE CUTLERS, RESPECTING THE RENEWAL OF THE EAST INDIA COMPANY'S CHARTER. (Hansard, 17 April 1812)",https://api.parliament.uk/historic-hansard/commons/1812/apr/17/petition-from-the-hallamshire-cutlers,t_87ba37,t_0a8308;t_0bb54c;t_20658d;t_611e2b;t_87ba37;t_8a7b54;t_f314c4,,,否(URL未见),
downloads/pages/ba2bf45c4da6.md,Copper Sheathing,https://navalmarinearchive.com/research/docs/copper_sheathing.html,,,,,否(URL未见),
downloads/pages/ba4cd1cfd439.md,Endogenous Formation of Free Trade Agreements: Evidence from the Zollverein\u2019s Impact on Market Integration,https://spot.colorado.edu/~shiue/Zoll.pdf,t_3ee1b0,old:t_759180;old:t_a8401d;old:t_f3c44f;t_0a8308;t_20658d;t_3ee1b0;t_611e2b;t_86b684;t_8a7b54;t_f314c4,行省化,,否(URL未见),
downloads/pages/babfe7fc830f.md,"The Project Gutenberg eBook of Torpedo War, and Submarine Explosions, by Robert Fulton",https://www.gutenberg.org/files/51748/51748-h/51748-h.htm,,old:t_2c338c;old:t_3dc3c2;old:t_759180;old:t_a8401d;t_0a8308;t_20658d;t_611e2b;t_8a7b54;t_c8b161;t_f314c4,大陆诸国,,否(URL未见),
downloads/pages/bb07a813031b.md,"The Political Economy of British Taxation, 1660-1815","http://slantchev.ucsd.edu/courses/ps143a/readings/O'Brien%20-%20Political%20Economy%20of%20British%20Taxation,%201660-1815.pdf",,old:t_759180;old:t_95ef51;old:t_a8401d;old:t_bef693;t_044211;t_24b942;t_c69786,,,否(URL未见),
downloads/pages/bc249a28e29b.md,,https://archive.org/advancedsearch.php?q=roederer+oeuvres&fl%5B%5D=identifier&fl%5B%5D=title&rows=20&output=json,t_08b9e7,t_08b9e7,,,否(URL未见),
downloads/pages/bcec6e864569.md,Statsbankerotten 1813 \u2013 Danmarkshistorien | Lex,https://danmarkshistorien.lex.dk/Statsbankerotten_1813,t_8b4a3e,t_20658d;t_8b4a3e;t_eaa841,,,否(URL未见),
downloads/pages/bcf22d70f791.md,La Marine sous l\u2019Empire,https://www.marins-traditions.fr/_files/ugd/c3f5ca_e33d085ac71744eaa6165b42ebdca588.pdf,,t_02f417;t_0e763d;t_24b942;t_b1a536;t_be9258,,,否(URL未见),
downloads/pages/bd468bca9f3d.md,Ressources - Dossier Napol\u00e9on et le r\u00e9tablissement de l'esclavage | Fondation pour la memoire de l'esclavage,https://memoire-esclavage.org/napoleon-et-le-retablissement-de-lesclavage/ressources-dossier-napoleon-et-le-retablissement-de,t_c2dbca,old:t_759180;old:t_95ef51;old:t_a8401d;old:t_bef693;old:t_c2dbca;t_0a8308;t_20658d;t_8a7b54;t_9bd988;t_f314c4,,,否(URL未见),
downloads/pages/bd9fbfa5c4e0.md,Research datasets | Bank of England \u2013 the UK's central bank,https://www.bankofengland.co.uk/statistics/research-datasets,t_044211,t_044211;t_24b942;t_c69786,,,否(URL未见),
downloads/pages/be12137e2113.md,"Full text of \""The campaign of Trafalgar\""",https://archive.org/stream/campaignoftrafal00corb/campaignoftrafal00corb_djvu.txt,,,,,否(URL未见),
downloads/pages/be195e3721f8.md,History of Parliament Online,https://historyofparliamentonline.org/periods/hanoverians/new-opposition-1801-4,,,大陆诸国,,是(URL),805
downloads/pages/be1cdc0f2556.md,Law and social capital: Evidence from the Code Napoleon in Germany,https://www.diw.de/documents/publikationen/73/diw_01.c.424945.de/diw_sp0566.pdf,,old:t_759180;old:t_f3c44f,行省化,,否(URL未见),
downloads/pages/be739b1529d1.md,Danmark-Norges utenrikspolitikk 1797\u20121807\n       - Norgeshistorie,https://www.norgeshistorie.no/grunnlov-og-ny-union/1374-danmark-norges-utenrikspolitikk-1797-1807.html,,old:t_759180;old:t_a8401d;old:t_d604cd;t_0a8308;t_20658d;t_611e2b;t_8a7b54;t_b5dab4;t_f314c4,,,否(URL未见),
downloads/pages/bea2d85b8283.md,,https://archive.org/advancedsearch.php?q=%22treaties%2C+engagements%2C+and+sunnuds%22+Sinde&fl%5B%5D=identifier&fl%5B%5D=title&fl%5B%5D=year&rows=10&output=json,t_611e2b,,外交,,否(URL未见),
downloads/pages/bef69773295d.md,Thomas Munch-Petersen,https://www.ssns.org.uk/wp-content/uploads/2019/09/Munch-Pedersen_1996_Vol_31_pp_37_56.pdf,t_d604cd,old:t_759180;old:t_a8401d;old:t_d604cd;t_0a8308;t_20658d;t_611e2b;t_8a7b54;t_b5dab4;t_f314c4,,,否(URL未见),
downloads/pages/bfa7029b08dc.md,"Franco-Russian Diplomacy, 1810-1812",https://www.napoleon-series.org/research/government/diplomatic/c_rufrdip3.html,,old:t_759180;old:t_75e9a5;old:t_7da32d;old:t_a8401d;old:t_b7b7b1;t_0a8308;t_20658d;t_3ee1b0;t_611e2b;t_8a7b54;t_f314c4,外交/大陆诸国,法俄外交1810–1812,否(人工核0命中),
downloads/pages/bfc5cba262e2.md,Censorship and Literature under Napoleon I - napoleon.org,https://www.napoleon.org/en/history-of-the-two-empires/articles/censorship-literature-napoleon/,t_b09c54,old:t_759180;old:t_a8401d;old:t_b09c54,,,是(URL),4666
downloads/pages/bfe5e416b5e6.md,L\u00e9gislation sur les Majorats (1808-1905),https://heraldica.org/topics/france/majoratstexts.htm,t_bef693,old:t_759180;old:t_95ef51;old:t_a8401d;old:t_bef693;t_02f417;t_0e763d;t_24b942;t_9f10b6;t_b1a536;t_be9258,,,否(URL未见),
downloads/pages/bff7e2ccf088.md,"THE BUDGET. (Hansard, 20 May 1811)",https://api.parliament.uk/historic-hansard/commons/1811/may/20/the-budget,t_95ef51;t_044211,old:t_759180;old:t_95ef51;old:t_a8401d;t_044211;t_24b942;t_c69786,,,是(URL),785
downloads/pages/c00d6b260179.md,Monetary and Fiscal Policy in England during the French Wars (1793-1821) | Publications,https://publications.banque-france.fr/en/monetary-and-fiscal-policy-england-during-french-wars-1793-1821,t_0a8308,,,,否(URL未见),
downloads/pages/c027085d7e92.md,Making sure you're not a bot!,http://nbn-resolving.de/urn:nbn:de:hbz:061:1-316685,t_cbaee3,t_cbaee3,,,否(URL未见),
downloads/pages/c0e5e2069d0d.md,"The \""Berlin Decree\"" of November 21 1806 - napoleon.org",https://www.napoleon.org/en/history-of-the-two-empires/articles/the-berlin-decree-of-november-21-1806/,t_3dc3c2,old:t_3dc3c2;old:t_759180;old:t_7ee3b0;old:t_a8401d;t_02f417;t_0a8308;t_0e763d;t_20658d;t_24b942;t_611e2b;t_8a7b54;t_b1a536;t_be9258;t_f314c4,,,否(URL未见),
downloads/pages/c12dfd521612.md,Verifying your browser,https://www.e-rara.ch/zut/content/structure/22837653,t_104134,old:t_104134;old:t_7ee3b0,,,否(URL未见),
downloads/pages/c14f5ba7251f.md,Memoria Pol\u00edtica de M\u00e9xico,https://www.memoriapoliticademexico.org/Textos/1Independencia/1813SDN.html,t_9bd988,t_0a8308;t_20658d;t_8a7b54;t_9bd988;t_f314c4,,,否(URL未见),
downloads/pages/c17387e0e297.md,Histoire contemporaine,https://www.mediterranee-antique.fr/Pages_accueil/Accueil_Contemporain.htm,t_9f10b6,t_02f417;t_0e763d;t_24b942;t_9f10b6;t_b1a536;t_be9258,,,否(URL未见),
downloads/pages/c2105af935e9.md,Naval history of Great Britain - Vol. VI by William James - Abstract 23 - 1815,https://sites.rootsweb.com/~pbtyc/Naval_History/Vol_VI/Abstract_23.html,t_998052,t_998052;t_c69786,,,否(URL未见),
downloads/pages/c24f15ce7502.md,Peter Bauer Was Not a Cultural Pessimist: Comment on McCloskey,https://www.cato.org/sites/cato.org/files/serials/files/cato-journal/2018/9/cj-v38n3-3.pdf,,,,,否(URL未见),
downloads/pages/c2547505e406.md,,https://archive.org/advancedsearch.php?q=title%3A%28%22republique+argentine%22%29+AND+date%3A%5B1890-01-01+TO+1895-12-31%5D&fl%5B%5D=identifier&fl%5B%5D=title&rows=8&output=json,t_f314c4,,,,否(URL未见),
downloads/pages/c2f4cb155b04.md,"Systems, Stability, and Statecraft: Essays on the International History of Modern Europe | Springer Nature Link",https://link.springer.com/content/pdf/10.1007/978-1-137-06138-6.pdf,t_75e9a5,old:t_75e9a5;old:t_b7b7b1,,,否(URL未见),
downloads/pages/c2fda522376a.md,"REPORT OF THE BULLION COMMITTEE\u2014ADJOURNED DEBATE. (Hansard, 7 May 1811)",https://api.parliament.uk/historic-hansard/commons/1811/may/07/report-of-the-bullion-committee,,t_044211;t_24b942;t_c69786,,,是(URL),787
downloads/pages/c312aa1f7e07.md,Fran\u00e7ois-Xavier Guerra,https://cristoraul.org/SPANISH/sala-de-lectura/BIBLIOTECATERCERMILENIO/HISTORIA-MODERNA/pdf/GFX-Modernidad-e-independencias.pdf,,old:t_759180;old:t_95ef51;old:t_a8401d;old:t_bef693;old:t_c2dbca;t_0a8308;t_20658d;t_8a7b54;t_9bd988;t_f314c4,,,否(URL未见),
downloads/pages/c3b21fffef66.md,Grands Trait\u00e9s de paix,https://mjp.univ-perp.fr/traites/1815vienne2.htm,,old:t_759180;old:t_75e9a5;old:t_a8401d;old:t_b7b7b1,外交,Grands Traités de paix,否(人工核0命中),
downloads/pages/c41d03e2f9a8.md,"SEHEPUNKTE - Rezension von: Der Mythos vom Befreiungskrieg  - Ausgabe 9 (2009), Nr. 9",https://www.sehepunkte.de/2009/09/11263.html,,t_0a8308;t_20658d;t_8a7b54;t_b702da,,,否(URL未见),
downloads/pages/c4615e9a2a2b.md,"\u201eJezt seye es einmal Zeit, die Freyheit und Gleichheit zu erfechten und den lezten Blutstropfen f\u00fcr dieselbe spr\u00fczen zu lassen.\u201c Z",https://doi.org/10.5167/uzh-78425,,t_0a8308;t_20658d;t_8a7b54;t_afeae6,,,否(URL未见),
downloads/pages/c46f8263a841.md,de Saint-Quentin,https://www.destination-cambresis.fr/app/uploads/2025/11/Le-canal-de-Saint-Quentin.pdf,,old:t_759180;old:t_a8401d;old:t_f81a6f;t_0a8308;t_20658d;t_86b684;t_8a7b54;t_ec2248,,,否(URL未见),
downloads/pages/c479ac42abbb.md,"ESSONNES, industrie. - Poudreries d' Essonnes : coupures de journaux \u00e9voquant l'incendie des poudreries en 1788, 1 affiche, correspondance du com",https://archives.essonne.fr/ark:/28047/9ln5x74p2fb6,,t_0e763d,外交,,否(URL未见),
downloads/pages/c4958dabd602.md,Estatuto de Bayona de 1808,https://www.ugr.es/~rorza/1808.htm,t_c2dbca,old:t_759180;old:t_95ef51;old:t_bef693;old:t_c2dbca,,,否(URL未见),
downloads/pages/c5194d3db60c.md,Vorm\u00e4rz \u2013 Wien Geschichte Wiki,https://www.geschichtewiki.wien.gv.at/Vorm%C3%A4rz,t_f4bb81,t_3ee1b0;t_f4bb81,,,否(URL未见),
downloads/pages/c541a4c902d7.md,CONSTITUTION DU ROYAUME DE WESTPHALIE (15. 11. 1807),http://www.dircost.unito.it/cs/pdf/18071115_germaniaRegnoVestfalia_fra.pdf,,old:t_759180;old:t_75e9a5;old:t_7da32d;old:t_a8401d;old:t_b7b7b1;t_0a8308;t_20658d;t_611e2b;t_8a7b54;t_cbaee3;t_f314c4,大陆诸国,威斯特法利亚王国宪法1807（法文）,是(主题键),1764
downloads/pages/c5740df3413a.md,Correspondance g\u00e9n\u00e9rale de Napol\u00e9on Bonaparte. Tome 6 : 1806 - Vers le Grand Empire. Introduction - napoleon.org,https://www.napoleon.org/histoire-des-2-empires/articles/correspondance-generale-de-napoleon-bonaparte-tome-6-1806-vers-le-grand-empire-introduction/,t_08b9e7,t_08b9e7;t_0a8308;t_20658d;t_611e2b;t_8a7b54;t_eaa841;t_f314c4,外交,,是(URL),5145
downloads/pages/c611b1f1059d.md,,http://archives.sciencemuseumgroup.ac.uk/Documents/SCM/Finding%20Aids/Named%20Archives/GOOD%20A.pdf,,,,,否(URL未见),
downloads/pages/c674c509988f.md,Le gouvernement responsable \u2013 Dictionnaire biographique du Canada,https://www.biographi.ca/fr/theme_government.html?p=1&project_id=75,t_0fed70,t_0fed70,,,是(URL),1469
downloads/pages/c68f606dbf1f.md,"Segunda parte del segundo capitulo de La revolucion del Cura Miguel Hidalgo, hasta la muerte de este y sus compa\u00f1eros, de Lucas Alaman. Captura y",http://www.antorcha.net/biblioteca_virtual/historia/revolucion_hidalgo/2_2.html,t_9bd988,t_0a8308;t_20658d;t_8a7b54;t_9bd988;t_f314c4,,,否(URL未见),
downloads/pages/c7337a608bc3.md,"COLONIAL GOVERNMENT. (Hansard, 25 July 1848)",https://api.parliament.uk/historic-hansard/commons/1848/jul/25/colonial-government,t_0fed70,t_0fed70,,,是(URL),1466
downloads/pages/c779450e397c.md,,https://www.openicpsr.org/openicpsr/project/175583/version/V1/view,,t_0e763d;t_1f7db4,,,否(URL未见),
downloads/pages/c7cd9ef65032.md,Histoire du commerce du bois | l'Encyclop\u00e9die Canadienne,https://thecanadianencyclopedia.ca/fr/article/histoire-du-commerce-du-bois-1,t_0fed70,t_0fed70,,,否(URL未见),
downloads/pages/c7e7b21e85be.md,Rieder-Vertrag vom 8. October 1813 \u2013 Wikisource,https://de.wikisource.org/wiki/Rieder-Vertrag_vom_8._October_1813,t_f55d87,t_f55d87,,,否(URL未见),
downloads/pages/c7f4880c3e09.md,Onderzoeksgids Bestuur en administratie van de Bataafs Franse tijd 1795-1813,https://resources.huygens.knaw.nl/bataafsfransetijd/Wet/20,,old:t_759180;old:t_a8401d;old:t_b09c54;t_0a8308;t_20658d;t_611e2b;t_8a7b54;t_ccdcc8;t_f314c4,,,否(URL未见),
downloads/pages/c7f7c214af3a.md,Fredsf\u00f6rdraget i Fredrikshamn / Haminan\nrauhansopimus 17.9.1809,https://histdoc.net/historia/se/frhamn.html,t_8b4a3e,t_20658d;t_8b4a3e;t_eaa841,,,否(URL未见),
downloads/pages/c80f5e01723c.md,Naval History,https://sites.rootsweb.com/~pbtyc/Naval_History/Vol_VI/Abstract_21.html,t_998052,t_998052;t_c69786,,,否(URL未见),
downloads/pages/c81a911a5ef1.md,French ship Rivoli,https://en.wikipedia.org/wiki/French_ship_Rivoli_(1810),,,,,否(URL未见),
downloads/pages/c829da0ae0b4.md,La grande douane imp\u00e9riale \u2013 Association pour l\u2019Histoire de l\u2019Administration des Douanes,https://histoire-de-la-douane.org/la-grande-douane-imperiale/,t_6f3beb,t_0a8308;t_20658d;t_6f3beb;t_8a7b54;t_c87512,,,否(URL未见),
downloads/pages/c8d5a2d5c67b.md,JASMA\u7d4c\u55b6\u4f1a\u8a08\u7814\u7a76\u8ad6\u6587,https://www.jstage.jst.go.jp/article/jjsma/23/1/23_33/_pdf/-char/en,,old:t_104134;old:t_759180;old:t_7ee3b0;old:t_a8401d;t_02f417;t_0a8308;t_0e763d;t_20658d;t_24b942;t_611e2b;t_8a7b54;t_b1a536;t_be9258;t_f314c4,,,否(URL未见),
downloads/pages/c8f3fb7e8d62.md,1813 - On building ships of war,https://sites.rootsweb.com/~pbtyc/Naval_History/Vol_VI/P_152.html,t_998052,t_998052;t_c69786,,,否(URL未见),
downloads/pages/c95c6ca57978.md,Napoleon\u2019s Foreign Policy: a Criminal Enterprise | Springer Nature Link,https://link.springer.com/chapter/10.1007/978-1-137-06138-6_2,t_b09c54,old:t_759180;old:t_a8401d;old:t_b09c54,,,否(URL未见),
downloads/pages/c97cc028bbf1.md,"Outre-mers, tome 90, n\u00b0340-341, 2e semestre 2003. Ha\u00efti Premi\u00e8re R\u00e9publique Noire. - Pers\u00e9e",https://www.persee.fr/issue/outre_1631-0438_2003_num_90_340,t_68821f,t_68821f,,,否(URL未见),
downloads/pages/c97fa30208bf.md,"IN THE EPICENTER OF THE STORM? THE EFFECTS OF THE REVOLUTION AND WARFARE ON THE FRENCH ECONOMY, 1789-1815",http://www.ofce.sciences-po.fr/pdf/dtravail/OFCEWP2022-06.pdf,t_9f10b6,t_02f417;t_0e763d;t_24b942;t_9f10b6;t_b1a536;t_be9258,,,否(URL未见),
downloads/pages/ca2822c409fd.md,,https://era-prod11.ethz.ch/zut/download/ftpack/plain/22838061,,old:t_7ee3b0,,,否(URL未见),
downloads/pages/ca69d49d69c7.md,GR 4 W (2),https://www.servicehistorique.sga.defense.gouv.fr/sites/default/files/notices_files/GR4W.pdf,,t_0e763d,,,否(URL未见),
downloads/pages/cbcbbfdbb3b2.md,"Page:Taine - Les Origines de la France contemporaine, t. 11, 1904.djvu/43 - Wikisource","https://fr.wikisource.org/wiki/Page:Taine_-_Les_Origines_de_la_France_contemporaine,_t._11,_1904.djvu/43",t_7da32d,old:t_759180;old:t_75e9a5;old:t_7da32d;old:t_a8401d;old:t_b7b7b1;t_0a8308;t_20658d;t_611e2b;t_8a7b54;t_be9258;t_f314c4,,,否(URL未见),
downloads/pages/cbe738fd35f6.md,La vente des biens nationaux : essai de synth\u00e8se - Pers\u00e9e,https://www.persee.fr/doc/ahrf_0003-4436_1999_num_315_1_2219,t_7c3954,t_7c3954,,,否(URL未见),
downloads/pages/cc7f02589e34.md,The Life of Napoleon I (Complete) eBook,https://www.bookrags.com/ebooks/14300/238.html,,,,,否(URL未见),
downloads/pages/cd205de92b28.md,The Chartist movement - UK Parliament,https://www.parliament.uk/about/living-heritage/transformingsociety/electionsvoting/chartists/overview/chartistmovement/,t_87ba37,t_0a8308;t_20658d;t_611e2b;t_87ba37;t_8a7b54;t_f314c4,,,否(URL未见),
downloads/pages/cd494198d45d.md,"The Project Gutenberg eBook of Napol\u00e9on et Alexandre Ier (3/3), par Albert Vandal",https://www.gutenberg.org/cache/epub/32621/pg32621-images.html,t_26cd47,old:t_26cd47;old:t_3dc3c2;old:t_759180;old:t_a8401d;old:t_d604cd;t_0a8308;t_20658d;t_29957a;t_2c3192;t_611e2b;t_8a7b54;t_b5dab4;t_b702da;t_f314c4,大陆诸国,,否(URL未见),
downloads/pages/cd7489b20593.md,Correspondance de Napol\u00e9on Ier - D\u00e9cembre 1810 - Histoire du Consulat et du Premier empire,https://napoleon-histoire.com/correspondance-de-napoleon-ier-decembre-1810/,t_08b9e7,t_08b9e7;t_0a8308;t_20658d;t_611e2b;t_8a7b54;t_eaa841;t_f314c4,外交,,否(URL未见),
downloads/pages/cdb0562e50e9.md,"War and Politics in Spain, 1808\u20131814 | The Historical Journal | Cambridge Core",https://www.cambridge.org/core/journals/historical-journal/article/abs/war-and-politics-in-spain-18081814/C836CD5E04C632567CE587B18828597B,t_8a7b54,t_20658d;t_8a7b54,,,否(URL未见),
downloads/pages/cdcb21dbdaab.md,,https://doi.org/10.5699/slaveasteurorev2.96.3.0574,t_d604cd,old:t_d604cd,,,否(URL未见),
downloads/pages/cde736773ad3.md,Liste der Mitgliedstaaten im Rheinbund \u2013 Wikipedia,https://de.wikipedia.org/wiki/Liste_der_Mitgliedstaaten_im_Rheinbund,t_cbaee3,t_0a8308;t_20658d;t_611e2b;t_8a7b54;t_cbaee3;t_f314c4,大陆诸国,莱茵邦联成员国列表（Wikipedia）,否(人工核0命中),
downloads/pages/ce033e3932d6.md,Resistance and Rebellion in the Caribbean,https://cdn.nationalarchives.gov.uk/documents/education/resistance-and-rebellion.pdf,t_0fed70,t_0fed70,行省化,,否(URL未见),
downloads/pages/ce0b4d346986.md,Correspondance de Napol\u00e9on \u2013 Avril 1813,https://napoleon-histoire.com/correspondance-de-napoleon-avril-1813/,,old:t_208a11;old:t_759180;old:t_a8401d;t_0e763d,外交,,否(URL未见),
downloads/pages/ce13bc8c21a9.md,\u201eKR\u00d3LESTWO POLSKIE PRZYWR\u00d3CONE\u201d \u2013 OCZEKIWANIA WSP\u00d3\u0141CZESNYCH WOBEC KONFEDERACJI GENERALNEJ KR\u00d3LESTWA POLSKIEGO ,https://bibliotekanauki.pl/articles/540558.pdf,,old:t_26cd47;old:t_759180;old:t_a8401d;old:t_d604cd;t_0a8308;t_20658d;t_611e2b;t_8a7b54;t_b5dab4;t_f314c4,大陆诸国,'波兰王国复国'——同时代期待（1812）,否(人工核0命中),
downloads/pages/ce24c4f90149.md,Troshin N.N. Russia in the Continental Blockade: economic consequences,https://en.nbpublish.com/library_read_article.php?id=67239,t_26cd47,old:t_26cd47;old:t_d604cd,大陆诸国,Troshin英文摘要,是(主题键),1884
downloads/pages/ce5fba5d0919.md,5% jouiss. du 22 sept. 1851 | Securities | DFIH,https://dfih.fr/securities/65,t_0a8308,t_0a8308,,,否(URL未见),
downloads/pages/ce92415172f5.md,"Behaghel, Wilhelm: \u00acDas badische b\u00fcrgerliche Recht und der Code Napol\u00e9on - Digital Libraries Connected",https://dlc.mpg.de/fulltext/mpirg_sisis_103987/33/,,old:t_759180;old:t_75e9a5;old:t_7da32d;old:t_a8401d;old:t_b7b7b1;t_0a8308;t_20658d;t_611e2b;t_8a7b54;t_cbaee3;t_f314c4;t_f55d87,行省化,Behaghel 巴登民法与拿破仑法典,是(主题键),1742
downloads/pages/ceac076a093d.md,Snakes in Paradise | J.H. Elliott | The New York Review of Books,https://www.nybooks.com/articles/2003/11/20/snakes-in-paradise/,t_219822,t_219822;t_eaa841,,,否(URL未见),
downloads/pages/ceba572cafc2.md,How Fiscal Policy Affects Prices: Britain's First Experience with Paper Money | The Journal of Economic History | Cambridge Core,https://www.cambridge.org/core/journals/journal-of-economic-history/article/how-fiscal-policy-affects-prices-britains-first-experience-with-paper-money/4EB0EEBFB77E80F4C03734D27EFB4407,t_0a8308,t_0a8308,,,是(URL),801
downloads/pages/ceff3e4a5b39.md,"Les grands notables de l'Empire : Bergeron (Louis) et Chaussinand-Nogaret (Guy), Grands notables du Premier Empire ; t. I, Vaucluse par Alain Maureau,",https://www.persee.fr/doc/anami_0003-4398_1981_num_93_151_1951_t1_0106_0000_2,t_7c3954,t_7c3954,,,否(URL未见),
downloads/pages/cf02c798c3f0.md,Monetary and Fiscal Policy in England during the French Wars (1793-1821),https://people.bu.edu/chamley/Ec365-17/UKFR.pdf,,old:t_759180;old:t_95ef51;old:t_a8401d;old:t_bef693;t_044211;t_24b942;t_c69786,,,是(URL),784
downloads/pages/cf0509d983d0.md,LWL - Kultur - Ausz\ufffdge aus Berding,https://lwl.org/aufbruch-in-die-moderne/LWL/Kultur/Aufbruch/popups/politik/verfassung/abschaffung_privilegien/berding/index2_html.html,t_cbaee3;t_3ee1b0,t_0a8308;t_20658d;t_3ee1b0;t_611e2b;t_8a7b54;t_cbaee3;t_f314c4,,,否(URL未见),
downloads/pages/cf1db95a4ffe.md,"GOVERNMENT OF INDIA\u2014ADJOURNED DEBATE. (Hansard, 9 June 1853)",https://api.parliament.uk/historic-hansard/commons/1853/jun/09/government-of-india-adjourned-debate,t_0bb54c,t_0bb54c,,,否(URL未见),
downloads/pages/cf2c01bdf7ff.md,Naval History by William James - Appendix 1,https://sites.rootsweb.com/~pbtyc/Naval_History/Index.html,t_998052,t_998052;t_c69786,,,否(URL未见),
downloads/pages/cf938653fa92.md,1808 : Expansions m\u00e9ridionales et r\u00e9sistances - napoleon.org,https://www.napoleon.org/histoire-des-2-empires/articles/1808-expansions-meridionales-et-resistances/,t_08b9e7,t_08b9e7;t_0a8308;t_20658d;t_611e2b;t_8a7b54;t_f314c4,行省化,,是(URL),5145
downloads/pages/cfb7909dde31.md,Protecting Trade and Supply Lines (Chapter 4) - Defending British India against Napoleon,https://www.cambridge.org/core/books/defending-british-india-against-napoleon/protecting-trade-and-supply-lines/2F14D9EB0AC3A298D00CE6A44D83BEC5,t_c17367,old:t_759180;old:t_a8401d;old:t_c17367;old:t_d604cd;t_0a8308;t_20658d;t_611e2b;t_8a7b54;t_f314c4,,,否(URL未见),
downloads/pages/cfc17491b6c4.md,001 .ditorial,https://annales.org/edit/gc/2005/gc80/058-076peaucelle.pdf,,t_0e763d,,,是(URL),430
downloads/pages/cfca2389fab7.md,H-Net Reviews,https://www.h-net.org/reviews/showrev.php?id=12179,,old:t_759180;old:t_75e9a5;old:t_7da32d;old:t_a8401d;old:t_b7b7b1;t_0a8308;t_20658d;t_611e2b;t_8a7b54;t_cbaee3;t_f314c4,,,否(URL未见),
downloads/pages/cfd2c9f1cdc0.md,The London Gazette,https://www.thegazette.co.uk/London/issue/16100/data.pdf,t_219822,old:t_759180;old:t_95ef51;old:t_a8401d;old:t_b7b7b1;old:t_bef693;old:t_c2dbca;t_0a8308;t_20658d;t_219822;t_611e2b;t_8a7b54;t_9bd988;t_c69786;t_eaa841;t_f314c4,,,是(URL),2380
downloads/pages/d01fe4f39a0e.md,An Act for the Union of Great Britain and Ireland - UK Parliament,https://www.parliament.uk/about/living-heritage/evolutionofparliament/legislativescrutiny/parliamentandireland/collections/ireland/act-of-union-1800/,t_c69786,t_20658d;t_c69786,,,否(URL未见),
downloads/pages/d0bb605e0940.md,Fra gyldne tider til n\u00f8d og konkurs\n       - Norgeshistorie,https://www.norgeshistorie.no/grunnlov-og-ny-union/1306-fra-gyldne-tider-til-nod-og-konkurs.html,,old:t_759180;old:t_a8401d;old:t_d604cd;t_0a8308;t_20658d;t_611e2b;t_8a7b54;t_b5dab4;t_f314c4,,,否(URL未见),
downloads/pages/d0e2150b50b9.md,PDF Document,https://doras.dcu.ie/17994/1/Sylvie_Kleinman.pdf,,old:t_2c338c;old:t_759180;old:t_a8401d;t_0a8308;t_20658d;t_611e2b;t_8a7b54;t_c8b161;t_f314c4,,,否(URL未见),
downloads/pages/d16ce60cffc3.md,Sitting of 17 April 1812 (Hansard),https://api.parliament.uk/historic-hansard/sittings/1812/apr/17,t_87ba37,t_87ba37,,,否(URL未见),
downloads/pages/d1a7f41f429f.md,,https://archive.org/advancedsearch.php?q=creator%3A%28Azara%29+AND+title%3A%28%22Amerique+meridionale%22%29&fl%5B%5D=identifier&fl%5B%5D=title&fl%5B%5D=year&rows=10&output=json,t_f314c4,,,,否(URL未见),
downloads/pages/d202853ddf21.md,A Tale of Two Currencies: British and French Finance During the Napoleonic Wars | The Journal of Economic History | Cambridge Core,https://www.cambridge.org/core/journals/journal-of-economic-history/article/abs/tale-of-two-currencies-british-and-french-finance-during-the-napoleonic-wars/624B6F6E3DE532ECBF957E716A749BEE,,old:t_759180;old:t_95ef51;old:t_a8401d;old:t_bef693,,,否(URL未见),
downloads/pages/d234c679f667.md,"Full text of \""A history of the British army\""",https://archive.org/stream/historyofbritisharm05fort/historyofbritisharm05fort_djvu.txt?x=defence,,old:t_2c338c;old:t_759180;t_0a8308;t_20658d;t_611e2b;t_8a7b54;t_c69786;t_f314c4,,,否(URL未见),
downloads/pages/d2355a2cc858.md,YORKSHIRE AND LANCASHIRE,https://doi.org/10.1017/cbo9780511896422.008,t_b7b7b1,old:t_759180;old:t_a8401d;old:t_b7b7b1;t_0a8308;t_20658d;t_611e2b;t_8a7b54;t_c69786;t_f314c4,,,否(URL未见),
downloads/pages/d250f548ac2d.md,[Which] Speech from the Dock?,https://historyireland.com/which-speech-from-the-dock/,,old:t_3dc3c2;old:t_759180;old:t_a8401d,,,否(URL未见),
downloads/pages/d26dc4cecb3a.md,The Ends of Four Big Inflations,https://www.nber.org/system/files/chapters/c11452/c11452.pdf,,,,,否(URL未见),
downloads/pages/d34063b29aef.md,"WAYS AND MEANS. (Hansard, 28 March 1806)",https://api.parliament.uk/historic-hansard/commons/1806/mar/28/ways-and-means-1,,t_044211;t_24b942;t_c69786,,,是(URL),788
downloads/pages/d370d71557ae.md,Les premi\u00e8res troupes suppl\u00e9tives en Alg\u00e9rie,https://doi.org/10.3917/rha.255.0061,t_0e763d,t_0e763d,,,否(URL未见),
downloads/pages/d39fd55b29e2.md,Naval history of Great Britain by William James - Abstract No 16 - 1808,https://sites.rootsweb.com/~pbtyc/Naval_History/Vol_V/Abstract_16.html,t_998052,t_998052;t_c69786,,,是(URL),1431
downloads/pages/d3da94a75442.md,Joseph La\u00een\u00e9 (28 d\u00e9cembre 1813)\n                     - Assembl\u00e9e nationale,https://www2.assemblee-nationale.fr/decouvrir-l-assemblee/histoire/grands-discours-parlementaires/joseph-laine-28-decembre-1813,t_7c3954,t_7c3954,,,是(URL),4662
downloads/pages/d3e4fbf7fd4d.md,The Naval History of Great Britain,https://www.electricscotland.com/history/scotreg/navalhistory.htm,t_104134,old:t_104134;old:t_7ee3b0,,,否(URL未见),
downloads/pages/d43b97ff4449.md,"Potential outcomes, causal inference, and virtual history | Statistical Modeling, Causal Inference, and Social Science",https://statmodeling.stat.columbia.edu/2005/03/28/potential_outco/,t_3dc3c2,old:t_3dc3c2;old:t_759180,,,否(URL未见),
downloads/pages/d49295b7a7ca.md,Napoleon Series: War of 1812 Issue 9,https://www.napoleon-series.org/military-info/Warof1812/2008/Issue9/c_top25articles.html,,old:t_759180;old:t_7ee3b0;old:t_a8401d;t_02f417;t_0a8308;t_0e763d;t_20658d;t_24b942;t_611e2b;t_8a7b54;t_b1a536;t_be9258;t_f314c4,,,否(URL未见),
downloads/pages/d4b41dee9730.md,DAM,https://digital.library.unt.edu/ark:/67531/metadc1752349/,t_f4bb81,t_3ee1b0;t_f4bb81,,,否(URL未见),
downloads/pages/d50bbff185e1.md,"PETITIONS FROM PAISLEY, SWANSEA AND BIRMINGHAM RESPECTING THE RENEWAL OF THE EAST INDIA COMPANY'S CHARTER. (Hansard, 8 April 1812)",https://api.parliament.uk/historic-hansard/commons/1812/apr/08/petitions-from-paisley-swansea-and,t_0bb54c,t_0a8308;t_0bb54c;t_20658d;t_8a7b54;t_f314c4,,,否(URL未见),
downloads/pages/d5c627631093.md,The Austrian Army in the War of the Sixth Coalition: A Reassessment - UNT Digital Library,https://digital.library.unt.edu/ark:/67531/metadc1752349/,t_f4bb81,t_3ee1b0;t_f4bb81,大陆诸国,奥军第六次同盟战争再评估（UNT）,否(人工核0命中),
downloads/pages/d6224d1eedd9.md,Armja Kr\u00f3lestwa Polskiego : (1815-1830),http://obc.opole.pl/Content/9656,t_b5dab4,t_0a8308;t_20658d;t_611e2b;t_8a7b54;t_b5dab4;t_f314c4,大陆诸国,"Tokarz, Armja Królestwa Polskiego 1815–1830",是(主题键),1896
downloads/pages/d6627652fe2a.md,Tratado de Fontainebleau (27 de octubre de 1807),http://www.altorres.synology.me/guerras/1808_independencia/documentos/1807_10_27_fontainebleau.htm,t_219822,t_0a8308;t_20658d;t_219822;t_611e2b;t_8a7b54;t_eaa841;t_f314c4,,,否(URL未见),
downloads/pages/d6e755fb0b5d.md,,"https://www.ibiblio.org/hyperwar/NHC/NewPDFs/UK/UK,%20Naval%20History%20of%20Great%20Britain%204.pdf",,old:t_759180;old:t_7ee3b0;old:t_a8401d;t_02f417;t_0a8308;t_0e763d;t_20658d;t_24b942;t_611e2b;t_8a7b54;t_998052;t_b1a536;t_be9258;t_c69786;t_f314c4,,,否(URL未见),
downloads/pages/d79be65764b5.md,"FINANCE RESOLUTIONS. (Hansard, 20 June 1809)",https://api.parliament.uk/historic-hansard/commons/1809/jun/20/finance-resolutions,t_104134,old:t_104134;old:t_759180;old:t_7ee3b0;old:t_a8401d;t_02f417;t_044211;t_0a8308;t_0e763d;t_20658d;t_24b942;t_611e2b;t_8a7b54;t_b1a536;t_be9258;t_c69786;t_f314c4,,,否(URL未见),
downloads/pages/d82150b0f2eb.md,La grande Histoire des for\u00eats (#Episode 4) - L'ordonnance de Colbert en 1669 : la gestion foresti\u00e8re en for\u00eat de Tron\u00e7ais,https://www.onf.fr/onf/%2B/ff6::la-grande-histoire-des-forets-episode-ordonnance-de-colbert-en-1669-la-gestion-forestiere-en-foret-de-troncais.html,t_02f417,t_02f417;t_0e763d;t_24b942,,,否(URL未见),
downloads/pages/d827ad3207c2.md,"THE NATIONAL PETITION \u2014 THE CHARTER. (Hansard, 3 May 1842)",https://api.parliament.uk/historic-hansard/commons/1842/may/03/the-national-petition-the-charter,,t_0a8308;t_20658d;t_8a7b54;t_b702da;t_eaa841,,,否(URL未见),
downloads/pages/d8df3ea3f40b.md,\u0424\u0438\u043d\u0430\u043d\u0441\u043e\u0432\u0430\u044f \u0441\u043e\u0441\u0442\u0430\u0432\u043b\u044f\u044e\u0449\u0430\u044f \u0432\u043e\u04,https://cyberleninka.ru/article/n/finansovaya-sostavlyayuschaya-voyny-rossiiprotiv-napoleonovskogo-nashestviya-v-1812-1815-gody,,old:t_26cd47;old:t_759180;old:t_d604cd;t_0a8308;t_20658d;t_29957a;t_2c3192;t_611e2b;t_8a7b54;t_f314c4,,,否(URL未见),
downloads/pages/d95cb3adbf11.md,THE RUSSIAN-SWEDISH UNION TREATY OF 1812 AND NORWAY\u2019S ROLE,https://vestnikgum.ru/upload/iblock/726/bti76lt9l8y2cj3yigyudezg3a7y0k0w/40_48.pdf,,old:t_759180;old:t_a8401d;old:t_d604cd;t_0a8308;t_20658d;t_611e2b;t_8a7b54;t_b5dab4;t_f314c4,外交/大陆诸国,1812年俄瑞同盟条约与挪威,是(主题键),1468
downloads/pages/d95f216d7fd1.md,"Full text of \""talleyrand lettres a napoleon\""",https://archive.org/stream/talleyrandlettre0000unse/talleyrandlettre0000unse_djvu.txt,t_75e9a5,old:t_75e9a5;old:t_b7b7b1,外交,塔列朗致拿破仑信（全文）,否(人工核0命中),
downloads/pages/d983cfd56cb8.md,Den dansk-norske skilsmisse i 1814 \u2013 Danmarkshistorien | Lex,https://danmarkshistorien.lex.dk/Den_dansk-norske_skilsmisse_i_1814,t_8b4a3e,t_8b4a3e,,,否(URL未见),
downloads/pages/d9aff960f4e2.md,Books: mahan influence - Project Gutenberg,https://www.gutenberg.org/ebooks/search/?query=mahan+influence,,,大陆诸国,,否(URL未见),
downloads/pages/d9d4b8071970.md,THE FRIENDS OF PEACE,https://doi.org/10.1017/cbo9780511896422.001,t_b7b7b1,old:t_759180;old:t_a8401d;old:t_b7b7b1;t_0a8308;t_20658d;t_611e2b;t_8a7b54;t_c69786;t_f314c4,,,否(URL未见),
downloads/pages/d9e5073e7c97.md,Constituci\u00f3n de Bayona de 6 de julio de 1808 | Biblioteca Virtual Miguel de Cervantes,https://www.cervantesvirtual.com/obra-visor/constitucion-de-bayona-6-de-julio-1808/html/437fe325-fb92-48b7-a963-a36d6a8fd6af_2.html,t_c2dbca,old:t_759180;old:t_95ef51;old:t_a8401d;old:t_bef693;old:t_c2dbca;t_0a8308;t_20658d;t_8a7b54;t_9bd988;t_f314c4,,,是(URL),2418
downloads/pages/da0a114d3379.md,Wellington's Dispatches,https://www.wtj.com/archives/wellington/1808_07a.htm,,old:t_759180;old:t_95ef51;old:t_a8401d;old:t_bef693;old:t_c2dbca,,,否(URL未见),
downloads/pages/da15fe8de7d2.md,Report Made to the French Concul by Colonel S\ufffdbastiani,https://www.napoleon-series.org/research/government/diplomatic/c_sebastiani1.html,,,外交,,否(URL未见),
downloads/pages/da8b385366d2.md,Grands trait\u00e9s politiques,https://mjp.univ-perp.fr/traites/1814paris.htm,t_0fed70,t_0fed70;t_20658d,外交,Grands traités politiques,否(人工核0命中),
downloads/pages/db711396db6a.md,"PETITION OF THE EAST INDIA COMPANY FOR THE RENEWAL OF THEIR CHARTER. (Hansard, 22 February 1813)",https://api.parliament.uk/historic-hansard/commons/1813/feb/22/petition-of-the-east-india-company-for,t_0bb54c,t_0a8308;t_0bb54c;t_20658d;t_8a7b54;t_f314c4,,,否(URL未见),
downloads/pages/dc631b5476f4.md,The failure of the first income tax: a tale of commercial tax evaders?,https://eprints.whiterose.ac.uk/id/eprint/129898/19/The%20Failure%20of%20the%20First%20Income%20Tax-A%20Tale%20of%20Commercial%20Tax%20Evaders_.pdf,,t_044211;t_24b942;t_c69786,,,否(URL未见),
downloads/pages/dc6c3ac4195b.md,Naval history of Great Britain by William James,https://sites.rootsweb.com/~pbtyc/Naval_History/Reports/Budgets/Officer_Nos.html,t_998052,t_998052;t_c69786,,,否(URL未见),
downloads/pages/dc7df5fbd91a.md,French ship Mont Saint-Bernard (1811),https://en.wikipedia.org/wiki/French_ship_Mont_Saint-Bernard_(1811),,t_02f417;t_0a8308;t_0e763d;t_20658d;t_24b942;t_611e2b;t_8a7b54;t_b1a536;t_be9258;t_f314c4,,,否(URL未见),
downloads/pages/dcf96a275a3f.md,"Full text of \""The naval history of Great Britain, from the declaration of war by France in 1793, to the accession of George IV : A new ed., with addi",https://archive.org/stream/navalhistoryofgr03jameuoft/navalhistoryofgr03jameuoft_djvu.txt,,,,,否(URL未见),
downloads/pages/dcff12406423.md,"COUNT NICOLAS DE ROMANZOFF. (Hansard, 20 January 1809)",https://api.parliament.uk/historic-hansard/commons/1809/jan/20/count-nicolas-de-romanzoff,,old:t_3dc3c2;old:t_759180;old:t_a8401d;t_0a8308;t_20658d;t_611e2b;t_8a7b54;t_c69786;t_f314c4,,,否(URL未见),
downloads/pages/dd0ed0a68f18.md,,https://journals.openedition.org/geohist/4373,t_b1a536,t_02f417;t_0a8308;t_0e763d;t_20658d;t_24b942;t_611e2b;t_8a7b54;t_b1a536;t_be9258;t_f314c4,,,否(URL未见),
downloads/pages/dda4372be1f5.md,The worldwide economic impact of the Revolutionary and Napoleonic Wars,https://www.tcd.ie/Economics/TEP/2005_papers/TEP9.pdf,t_f81a6f,old:t_759180;old:t_a8401d;old:t_f81a6f;t_0a8308;t_20658d;t_611e2b;t_86b684;t_87ba37;t_8a7b54;t_ec2248;t_f314c4,,,否(URL未见),
downloads/pages/ddccd80edb3a.md,Naval history of Great Britain by William James - Abstract No 18 - 1810,https://sites.rootsweb.com/~pbtyc/Naval_History/Vol_V/Abstract_18.html,t_998052,t_998052;t_c69786,,,否(URL未见),
downloads/pages/ddef576b0be2.md,"The wars of the 'Fourth Coalition': part one, the Polish Campaign - napoleon.org",https://www.napoleon.org/en/history-of-the-two-empires/articles/the-wars-of-the-fourth-coalition-part-one-the-polish-campaign/,t_3dc3c2,old:t_3dc3c2;old:t_759180;old:t_a8401d,,第四次反法同盟战争：波兰战役 (napoleon.org),否(人工核0命中),
downloads/pages/de17c8036944.md,"REPORT OF THE BULLION COMMITTEE. (Hansard, 9 May 1811)",https://api.parliament.uk/historic-hansard/commons/1811/may/09/report-of-the-bullion-committee,,t_044211;t_24b942;t_c69786,,,否(URL未见),
downloads/pages/de8523a58eb6.md,"CORRESPONDENCE WITH THE RUSSIAN AND FRENCH GOVERNMENTS, RELATIVE TO THE OVERTURES RECEIVED FROM ERFURTH. (Hansard, 20 January 1809)",https://api.parliament.uk/historic-hansard/commons/1809/jan/20/correspondence-with-the-russian-and,,,外交/大陆诸国,同上（另一抓取）,否(人工核0命中),
downloads/pages/de8da74a2316.md,Les donataires de Napol\u00e9on - Pers\u00e9e,https://www.persee.fr/doc/rhmc_0048-8003_1970_num_17_3_2102,t_bef693;t_9f10b6,old:t_759180;old:t_95ef51;old:t_a8401d;old:t_bef693;t_02f417;t_0e763d;t_24b942;t_9f10b6;t_b1a536;t_be9258,,,是(URL),444
downloads/pages/df27e5314cf3.md,Correspondance de Napol\u00e9on Ier - Janvier-F\u00e9vrier-Mars 1810 - Histoire du Consulat et du Premier empire,https://napoleon-histoire.com/correspondance-de-napoleon-ier-janvier-fevrier-mars-1810/,t_bef693;t_208a11;t_be9258,old:t_208a11;old:t_759180;old:t_95ef51;old:t_a8401d;old:t_bef693;old:t_d604cd;t_02f417;t_0a8308;t_0e763d;t_20658d;t_24b942;t_611e2b;t_8a7b54;t_9f10b6;t_b1a536;t_be9258;t_eaa841;t_f314c4,外交,拿破仑通信1810年1–3月（罗马王称号等）,是(主题键),2176;2184;2394
downloads/pages/df8591563743.md,"The World the Bureaucrats Made - Iron Kingdom: The Rise and Downfall of Prussia, 1600-1947",https://erenow.org/modern/iron-kingdom/12.php,,old:t_759180;old:t_95ef51;old:t_bef693;t_0a8308;t_20658d;t_3ee1b0;t_611e2b;t_8a7b54;t_f314c4,大陆诸国,,否(URL未见),
downloads/pages/dffade892ace.md,CHRISTIAN PETITIONS,https://doi.org/10.1017/cbo9780511896422.010,t_b7b7b1,old:t_759180;old:t_a8401d;old:t_b7b7b1;t_0a8308;t_20658d;t_611e2b;t_8a7b54;t_c69786;t_f314c4,,,否(URL未见),
downloads/pages/e00651d91906.md,Polen \u2013 ERIH,https://www.erih.de/wie-alles-begann/industriegeschichte-europaeischer-laender/polen,t_3ee1b0,t_3ee1b0,,,否(URL未见),
downloads/pages/e0219e51b6b9.md,"Vid\u00e9o et Texte de loi > Napol\u00e9on Bonaparte, la traite des noirs et l'esclavage, 20 mai 1802 et 29 mars 1815 (5 min 40) - napoleon.org",https://www.napoleon.org/enseignants/documents/video-napoleon-bonaparte-et-le-retablissement-de-lesclavage-20-mai-1802-5-min-40/,,old:t_759180;old:t_c2dbca,外交,,否(URL未见),
downloads/pages/e07f5916248e.md,,https://archives.somme.fr/document/r1_rep_militaire,t_0e763d,t_0e763d,,,否(URL未见),
downloads/pages/e0f217155fea.md,"[PDF] Britain at Bay by Richard Glover | 9781032037578, 9781000408676",https://www.perlego.com/book/2567530/britain-at-bay-defence-against-bonaparte-180314-pdf,t_2c338c,old:t_2c338c;old:t_759180;old:t_a8401d;t_0a8308;t_20658d;t_611e2b;t_8a7b54;t_b9e29c;t_c69786;t_f314c4,,,否(URL未见),
downloads/pages/e1226f919ddf.md,"Les relations entre les Petites Antilles fran\u00e7aises et Ha\u00efti, de la politique du refoulement \u00e0 la r\u00e9signation, 1804-1825 - Pers\u0",https://www.persee.fr/doc/outre_1631-0438_2003_num_90_340_4051,t_68821f,t_68821f,,,否(URL未见),
downloads/pages/e1328fcb9ecb.md,"11. 17 mars 1808, D\u00e9cret imp\u00e9rial portant organisation de l'Universit\u00e9",https://persee.fr/doc/inrp_0000-0000_2000_ant_23_1_8832,t_b09c54,old:t_b09c54,,,否(URL未见),
downloads/pages/e13528a6bc65.md,MARIE-LOUISE OF AUSTRIA - napoleon.org,https://www.napoleon.org/en/history-of-the-two-empires/biographies/marie-louise-of-austria/,t_b09c54,old:t_759180;old:t_a8401d;old:t_b09c54,大陆诸国,Marie-Louise of Austria (napoleon.org),是(主题键),2198
downloads/pages/e19174f0f234.md,Clow.ru: \u0418\u0441\u0442\u043e\u0440\u0438\u044f \u0420\u043e\u0441\u0441\u0438\u0438.  \u041f\u043e\u0441\u043e\u0431\u0438\u0435 \u0434\u043b\u04,https://history.clow.ru/29.htm,,old:t_26cd47;old:t_759180;old:t_a8401d;old:t_d604cd;t_0a8308;t_20658d;t_29957a;t_2c3192;t_611e2b;t_8a7b54;t_f314c4,,,否(URL未见),
downloads/pages/e1e7391aae89.md,18120224-002:geheimtaktat01  -  EPOCHE NAPOLEON,https://www.epoche-napoleon.net/quellen/1812/02/24/geheimtaktat01.html,,old:t_759180;old:t_75e9a5;old:t_7da32d;old:t_a8401d;old:t_b7b7b1;t_0a8308;t_20658d;t_3ee1b0;t_611e2b;t_8a7b54;t_f314c4,,,否(URL未见),
downloads/pages/e28f4a67e54f.md,"Volume 01: Production and resources of the northern and western districts of New South Wales, 1854 [ca. 1850-1857] - Page 250 | Transcription Tool",https://transcripts.sl.nsw.gov.au/page/volume-01-production-and-resources-northern-and-western-districts-new-south-wales-1854-ca-620,t_0fed70,t_0fed70,,,否(URL未见),
downloads/pages/e30807055e5f.md,Le corps irlandais au service de la France sous le Consulat et l\u2019Empire - Pers\u00e9e,https://www.persee.fr/doc/rharm_0035-3299_1976_num_3_2_7891,,old:t_2c338c;old:t_759180;old:t_a8401d;t_0a8308;t_20658d;t_611e2b;t_8a7b54;t_c8b161;t_f314c4,,,否(URL未见),
downloads/pages/e32902a0a3c8.md,"Portrait bust of HRH Frederick, Duke of York and Albany, 1820 (c). | Online Collection | National Army Museum, London",https://collection.nam.ac.uk/detail.php?acc=2002-03-163-1,t_b9e29c,t_b9e29c;t_c69786,外交,,否(URL未见),
downloads/pages/e34ce1ee7054.md,5% CONS. jouiss. du 22 mars | Securities | DFIH,https://dfih.fr/securities/68,t_0a8308,t_0a8308,,,否(URL未见),
downloads/pages/e3c2c7ab4c58.md,"curred, and Opportunities havc occurred to all. Corps - \u00ab",https://www.thegazette.co.uk/London/issue/16067/page/1230/data.pdf,,,,,否(URL未见),
downloads/pages/e3fb23fcc535.md,"Walcheren Expedition, 28th July 1809 - December 1809",https://threedecks.org/index.php?display_type=show_battle&id=792,,,,,是(URL),1474
downloads/pages/e462d0348921.md,Naval History,https://sites.rootsweb.com/~pbtyc/Naval_History/Vol_V/Abstract_17.html,t_998052,t_998052;t_c69786,,,否(URL未见),
downloads/pages/e47ab045c32f.md,"The Defence of British Trade with the Baltic, 1808-1813",https://www.reenactor.ru/ARH/PDF/Defence.pdf,,old:t_759180;old:t_a8401d;old:t_d604cd;t_0a8308;t_20658d;t_611e2b;t_8a7b54;t_998052;t_b5dab4;t_c69786;t_f314c4,,,否(URL未见),
downloads/pages/e4c4c517bef0.md,"Royal Military Canal, Warehorne Bridge to Ham Street Bridge, Orlestone - 1005126 | Historic England",https://historicengland.org.uk/listing/the-list/list-entry/1005126,,,,,否(URL未见),
downloads/pages/e4de2569510d.md,Vaisseaux de 74,http://dossiersmarine.free.fr/v_74.htm,t_b1a536,t_02f417;t_0a8308;t_0e763d;t_20658d;t_24b942;t_611e2b;t_8a7b54;t_b1a536;t_be9258;t_f314c4,,,否(URL未见),
downloads/pages/e4e61b27e2fb.md,RENTES FRAN\u00c7AISES | Issuers | DFIH,https://dfih.fr/issuers/100/securities?date=1805,t_0a8308,t_0a8308,,,否(URL未见),
downloads/pages/e4f61139af7d.md,Le financement des guerres napol\u00e9oniennes et la conjoncture du Premier Empire - Pers\u00e9e,https://www.persee.fr/doc/reco_0035-2764_1953_num_4_4_406987,t_bef693,old:t_759180;old:t_95ef51;old:t_a8401d;old:t_bef693;t_02f417;t_0e763d;t_24b942;t_9f10b6;t_b1a536;t_be9258,,,否(URL未见),
downloads/pages/e5074feabef0.md,"THE TREATY OF VIENNA, 14 OCTOBER, 1809 - napoleon.org",https://www.napoleon.org/en/history-of-the-two-empires/articles/39720/,,old:t_759180;old:t_75e9a5;old:t_7da32d;old:t_a8401d;old:t_b7b7b1;t_0a8308;t_20658d;t_3ee1b0;t_611e2b;t_8a7b54;t_f314c4,外交,Treaty of Vienna 1809 (napoleon.org 英文),是(主题键),1641;1898
downloads/pages/e5b32951df65.md,Crouzet (Fran\u00e7ois). L'\u00e9conomie britannique et le blocus continental (1806- 1813). - Pers\u00e9e,https://www.persee.fr/doc/rbph_0035-0818_1960_num_38_2_2317_t1_0525_0000_2,t_87ba37,old:t_759180;old:t_95ef51;old:t_a8401d;old:t_b7b7b1;t_044211;t_0a8308;t_0fed70;t_20658d;t_24b942;t_611e2b;t_87ba37;t_8a7b54;t_c69786;t_f314c4,,,否(URL未见),
downloads/pages/e5db571883ca.md,"Bois, taxes sur le | l'Encyclop\u00e9die Canadienne",https://thecanadianencyclopedia.ca/fr/article/bois-taxes-sur-le,t_0fed70,t_0fed70,,,否(URL未见),
downloads/pages/e5dd2552be6d.md,Correspondance de Napol\u00e9on - Mars 1805,https://napoleon-histoire.com/correspondance-de-napoleon-mars-1805/,,old:t_3dc3c2;old:t_759180;old:t_a8401d,外交,,否(URL未见),
downloads/pages/e5f95a4792cd.md,e-journal of Portuguese History,https://brown.edu/Departments/Portuguese_Brazilian_Studies/ejph/html/issue27/html/v14n1a05.html,t_219822,t_219822;t_eaa841,,,否(URL未见),
downloads/pages/e61729b71f9b.md,Unia polsko-rosyjska z 1815 r. na tle unii lubelskiej i projekt\u00f3w unii Rzeczypospolitej i Rosji z XVI i XVII w.,https://doi.org/10.14746/spp.2017.1.17.6,t_0e763d,t_0e763d,大陆诸国,1815年波俄联合（Unia polsko-rosyjska）,是(主题键),1633;1896
downloads/pages/e62d2b040709.md,Naval history of Great Britain - Vol. VI by William James - Abstract 21 - 1813,https://sites.rootsweb.com/~pbtyc/Naval_History/Vol_VI/Abstract_21.html,t_998052,t_998052;t_c69786,,,否(URL未见),
downloads/pages/e6ebb5ba44b2.md,"The Concile National of 1811: Napoleon, Gallicanism and the Failure of Neo-Conciliarism | The Journal of Ecclesiastical History | Cambridge Core",https://www.cambridge.org/core/journals/journal-of-ecclesiastical-history/article/concile-national-of-1811-napoleon-gallicanism-and-the-failure-of-neoconciliarism/16AF80367F48F9D01E63DDC3A69F1C70,,old:t_759180;old:t_a8401d;old:t_b09c54;t_0a8308;t_20658d;t_5b1d64;t_611e2b;t_8a7b54;t_ccdcc8;t_f314c4,,,否(URL未见),
downloads/pages/e6f361323912.md,"Full text of \""Expeditions Overseas\""",https://archive.org/stream/ExpeditionsOverseas/Expeditions%20Overseas_djvu.txt,t_c17367,old:t_759180;old:t_a8401d;old:t_c17367;old:t_d604cd;t_0a8308;t_20658d;t_611e2b;t_8a7b54;t_ca3e8d;t_f314c4,,,否(URL未见),
downloads/pages/e6fecc9325ac.md,"Convention franco-russe d'Erfurt, 12 octobre 1808 - napoleon.org",https://www.napoleon.org/histoire-des-2-empires/articles/convention-franco-russe-derfurt-12-octobre-1808/,t_75e9a5,old:t_3dc3c2;old:t_759180;old:t_75e9a5;old:t_a8401d;old:t_b7b7b1;t_0a8308;t_20658d;t_611e2b;t_8a7b54;t_91cbee;t_c69786;t_f314c4,外交,埃尔福特法俄专约1808年10月12日,是(主题键),736;3008
downloads/pages/e7490577990a.md,"Chapter 21 \u2013 Lord Wellesley\u2019s Administration \u2013 Mahratta Affairs, 1800\u20131803",https://www.ibiblio.org/britishraj/Marshman2/chapter21.html,t_c17367,old:t_759180;old:t_a8401d;old:t_c17367;old:t_d604cd;t_0a8308;t_20658d;t_611e2b;t_8a7b54;t_f314c4,,,否(URL未见),
downloads/pages/e7645400387a.md,Badisches Landrecht 1810 (Code Napoleon 1804),https://www.koeblergerhard.de/Fontes/BadischesLandrecht1810.htm,,old:t_759180;old:t_75e9a5;old:t_7da32d;old:t_a8401d;old:t_b7b7b1;t_0a8308;t_20658d;t_611e2b;t_8a7b54;t_cbaee3;t_f314c4;t_f55d87,行省化,巴登邦法1810 (Code Napoléon),是(主题键),1742
downloads/pages/e772cb60e0df.md,Le financement des guerres napol\u00e9oniennes et la conjoncture du Premier Empire - Pers\u00e9e,https://www.persee.fr/doc/reco_0035-2764_1953_num_4_4_406987,t_9f10b6,t_02f417;t_0e763d;t_24b942;t_9f10b6;t_b1a536;t_be9258,,,否(URL未见),
downloads/pages/e8dd4f1e586c.md,La conscription dans les d\u00e9partements pi\u00e9montais de l'Empire fran\u00e7ais (1800-1810) - Pers\u00e9e,https://www.persee.fr/doc/mefr_1123-9891_1990_num_102_1_4089,t_40198e;t_1f7db4,t_0e763d;t_1f7db4;t_40198e,行省化,,是(URL),3773
downloads/pages/ea2a20752ee6.md,The 19th-Century International System: Changes in the Structure | World Politics | Cambridge Core,https://www.cambridge.org/core/journals/world-politics/article/abs/19thcentury-international-system-changes-in-the-structure/BE5FD9FE0FFEB389DC30A0493FA7B5CD,t_b09c54,old:t_b09c54,,,否(URL未见),
downloads/pages/ea9175ba3158.md,STUDIES IN THE HISTORY OF TAX LAW,https://api.pageplace.de/preview/DT0400.9781847313461_A24074261/preview-9781847313461_A24074261.pdf,,t_044211;t_24b942;t_c69786,,,否(URL未见),
downloads/pages/ead7fbfac794.md,Portal da C\u00e2mara dos DeputadosCARTA R\u00c9GIA DE 28 DE JANEIRO DE 1808 - Publica\u00e7\u00e3o Original - Portal C\u00e2mara dos Deputados,https://www2.camara.leg.br/legin/fed/carreg_sn/anterioresa1824/cartaregia-35757-28-janeiro-1808-539177-publicacaooriginal-37144-pe.html,t_87ba37,t_0a8308;t_20658d;t_611e2b;t_87ba37;t_8a7b54;t_f314c4,,,是(URL),808
downloads/pages/eb1b1261f698.md,Una visi\u00f3n global sobre el republicanismo en Asturias durante el siglo XIX | Historia Contempor\u00e1nea,https://doi.org/10.1387/hc.2736,t_c2dbca,old:t_95ef51;old:t_bef693;old:t_c2dbca,,,否(URL未见),
downloads/pages/eb764a6bc71a.md,Correspondance de Napol\u00e9on \u2013 Janvier 1812,https://napoleon-histoire.com/correspondance-de-napoleon-janvier-1812/,t_95ef51,old:t_95ef51,外交,,否(URL未见),
downloads/pages/eb97ce6847bc.md,[ 123*/ ],https://www.thegazette.co.uk/London/issue/15742/page/1238/data.pdf,,old:t_2c338c;old:t_759180;old:t_a8401d;t_0a8308;t_20658d;t_611e2b;t_8a7b54;t_c8b161;t_f314c4,,,否(URL未见),
downloads/pages/ecb1c103e4af.md,"The French Fleet, 1807-1814; Britain's Problem; and Madison's Opportunity",https://www.journals.uchicago.edu/doi/10.1086/240080,t_24b942,old:t_7ee3b0;t_02f417;t_0e763d;t_20658d;t_24b942;t_8a7b54;t_b1a536;t_be9258,,,否(URL未见),
downloads/pages/ece470da756a.md,"Henri Prentout, L'Ile de France sous Decaen , 1803-1810. Essai sur la Politique coloniale du Premier Empire et la rivalit\u00e9 de la France et de l'A",https://www.persee.fr/doc/rhmc_0996-2743_1901_num_3_1_4388_t1_0064_0000_3,t_05cc22,t_05cc22,,,否(URL未见),
downloads/pages/ecfbe43a437a.md,Journal of Global History: Volume 1 - Issue 1 | Cambridge Core,https://journals.cambridge.org/action/displayFulltext?type=1&fid=413165&jid=JGH&volumeId=1&issueId=01&aid=413164,,,,,否(URL未见),
downloads/pages/ed2ff9b99a38.md,The Life of Napoleon I (Complete) eBook,https://www.bookrags.com/ebooks/14300/239.html,,,,,否(URL未见),
downloads/pages/ed60115790be.md,"Pertes de l'arm\u00e9e de terre sous le premier Empire, d'apr\u00e8s les registres matricules. - Pers\u00e9e",https://www.persee.fr/doc/pop_0032-4663_1972_num_27_1_15097,t_208a11,old:t_208a11,,,是(URL),440
downloads/pages/ee16bd78bee0.md,Project MUSE - <i>Sovereignty and Revolution in the Iberian Atlantic</i> (review),https://muse.jhu.edu/article/240947/summary,,,,,否(URL未见),
downloads/pages/ee71889de366.md,Drafting the Great Army: The Political Economy of Conscription in Napoleonic France | The Journal of Economic History | Cambridge Core,https://www.cambridge.org/core/journals/journal-of-economic-history/article/drafting-the-great-army-the-political-economy-of-conscription-in-napoleonic-france/FDBA5D70BC85C24186EF7C9767D249BF,t_208a11,old:t_208a11;old:t_759180;old:t_a8401d;t_0a8308;t_0e763d;t_1f7db4;t_20658d;t_8a7b54,行省化,,否(URL未见),
downloads/pages/ee9e07ba451b.md,1806 - Abstract,https://sites.rootsweb.com/~pbtyc/Naval_History/Vol_IV/Abstract_No_14.html,t_998052,t_998052;t_c69786,,,否(URL未见),
downloads/pages/eeaecf23e90f.md,Ksi\u0119stwo Warszawskie \u2013 pierwsze nowoczesne pa\u0144stwo polskie? | Kwartalnik Historyczny,https://apcz.umk.pl/KH/article/view/KH.2018.125.2.04,t_d604cd,old:t_d604cd,大陆诸国,Czubaty 2018（华沙公国）,是(主题键),1894
downloads/pages/eed9ab647f9a.md,"Full text of \""With Napoleon In Russia The Memoirs Of General De Caulaincourt Duke Of Vicenza\""",https://archive.org/stream/in.ernet.dli.2015.58850/2015.58850.With-Napoleon-In-Russia-The-Memoirs-Of-General-De-Caulaincourt-Duke-Of-Vicenza_djvu.txt,t_26cd47;t_08b9e7,old:t_26cd47;old:t_759180;old:t_a8401d;old:t_d604cd;t_08b9e7;t_0a8308;t_20658d;t_2c3192;t_611e2b;t_8a7b54;t_f314c4,外交/大陆诸国,"Caulaincourt, With Napoleon in Russia",是(主题键),156;416;3006;3176;5016;5145
downloads/pages/eed9d8bd2a73.md,The Chartist petition of 1842,https://committees.parliament.uk/committee/326/petitions-committee/news/99148/the-chartist-petition-of-1842/,t_c69786,t_20658d;t_c69786,,,否(URL未见),
downloads/pages/ef0538cb3aa9.md,"DECLARATION OF THE COURT OF GREAT BRITAIN RESPECTING THE ORDERS IN COUNCIL. (Hansard, 24 April 1812)",https://api.parliament.uk/historic-hansard/lords/1812/apr/24/declaration-of-the-court-of-great,t_c69786,t_20658d;t_c69786,,,是(URL),810
downloads/pages/ef06d5628e76.md,2022_1_Nagy,https://hunghist.org/83-articles/774-2022-1-nagy,t_f4bb81,t_0a8308;t_20658d;t_3ee1b0;t_611e2b;t_8a7b54;t_f314c4;t_f4bb81,,,是(URL),1902
downloads/pages/ef0a274dde3a.md,,https://e-archivo.uc3m.es/bitstreams/59818d76-9b1b-435d-80c8-857d7d7efafc/download,t_87ba37,t_0a8308;t_20658d;t_611e2b;t_87ba37;t_8a7b54;t_f314c4,,,否(URL未见),
downloads/pages/ef23236c1624.md,"Guerre et commerce : l'activit\u00e9 du port de Bordeaux sous le r\u00e9gime des licences, 1808-1815 - Pers\u00e9e",https://www.persee.fr/doc/rhmc_0048-8003_1972_num_19_1_2186,t_95ef51,old:t_759180;old:t_95ef51;old:t_a8401d,,,否(URL未见),
downloads/pages/ef41b9a6875d.md,Weather & Warfare Bantry 1796 revisited,https://historyireland.com/weather-warfare-bantry-1796-revisited/,,old:t_2c338c;old:t_759180;old:t_a8401d;t_0a8308;t_20658d;t_611e2b;t_8a7b54;t_c8b161;t_f314c4,,,否(URL未见),
downloads/pages/ef6378c5d947.md,,https://repositories.lib.utexas.edu/server/api/core/bitstreams/6929ceec-9158-49b5-a586-eb8c2d2e68b6/content,t_f314c4,t_0a8308;t_20658d;t_8a7b54;t_f314c4,,,否(URL未见),
downloads/pages/efa0bb62bc3b.md,Napoleon and the Pope: from the Concordat to the Excommunication - napoleon.org,https://www.napoleon.org/en/history-of-the-two-empires/articles/napoleon-and-the-pope-from-the-concordat-to-the-excommunication/,t_7c3954,old:t_759180;old:t_b09c54;t_0a8308;t_20658d;t_5b1d64;t_611e2b;t_7c3954;t_8a7b54;t_ccdcc8;t_f314c4,,,否(URL未见),
downloads/pages/eff6555b7abe.md,"ARMY ESTIMATES. (Hansard, 4 March 1811)",https://api.parliament.uk/historic-hansard/commons/1811/mar/04/army-estimates,,t_044211;t_24b942,,,否(URL未见),
downloads/pages/f042c1f13d31.md,Correspondance de Napol\u00e9on Ier - Mars 1811 - Histoire du Consulat et du Premier empire,https://napoleon-histoire.com/correspondance-de-napoleon-ier-mars-1811/,t_b1a536,t_02f417;t_0a8308;t_0e763d;t_20658d;t_24b942;t_611e2b;t_8a7b54;t_b1a536;t_be9258;t_f314c4,外交,,是(URL),1440
downloads/pages/f05f29e8e29a.md,"THE PRINCE REGENT'S SPEECH ON OPENING THE SESSION. (Hansard, 30 November 1812)",https://api.parliament.uk/historic-hansard/commons/1812/nov/30/the-prince-regents-speech-on-opening-the,t_b7b7b1,old:t_759180;old:t_a8401d;old:t_b7b7b1;t_0a8308;t_20658d;t_611e2b;t_8a7b54;t_c69786;t_f314c4,,,否(URL未见),
downloads/pages/f07b8d0c5cce.md,,https://www.ibiblio.org/pha/USN/Navy/navalhistoryofgr05jameuoft.pdf,,,,,否(URL未见),
downloads/pages/f07e59139e29.md,Successionsordning (1810:0926);\n | Sveriges riksdag,https://www.riksdagen.se/sv/dokument-och-lagar/dokument/svensk-forfattningssamling/successionsordning-18100926_sfs-1810-0926/,,old:t_759180;old:t_a8401d;old:t_d604cd;t_0a8308;t_20658d;t_611e2b;t_8a7b54;t_b5dab4;t_f314c4,,,否(URL未见),
downloads/pages/f087a936c6fb.md,R\u00e9union des \u00e9tats de Rome \u00e0 l'Empire fran\u00e7ais : extrait du Moniteur du 18 f\u00e9vrier 1810,https://archives68.alsace.eu/ark:/46858/flcz8gr4m2bp,t_7da32d,old:t_759180;old:t_75e9a5;old:t_7da32d;old:t_a8401d;old:t_b7b7b1;t_0a8308;t_20658d;t_611e2b;t_8a7b54;t_be9258;t_f314c4,外交/行省化,罗马诸邦并入法兰西帝国（Moniteur摘录）,是(主题键),2174
downloads/pages/f0a30a086322.md,1829 Catholic Emancipation Act,https://www.parliament.uk/about/living-heritage/evolutionofparliament/2015-parliament-in-the-making/get-involved1/2015-banners-exhibition/rachel-gadsden/1829-catholic-emancipation-act-gallery/,,,,,否(URL未见),
downloads/pages/f0bc4536ba86.md,"An \u2018Unpleasant Dilemma\u2019: The Portsmouth Volunteers and the limits of loyalism, 1803-1805",https://eprints.whiterose.ac.uk/id/eprint/104015/3/The%20Portsmouth%20Volunteers%201803-1805%20article%20v2.pdf,t_b9e29c,old:t_2c338c;old:t_759180;old:t_a8401d;t_0a8308;t_20658d;t_611e2b;t_8a7b54;t_b9e29c;t_c69786;t_f314c4,,,否(URL未见),
downloads/pages/f0fc864b4685.md,1806 | History of Parliament Online,https://www.historyofparliamentonline.org/volume/1790-1820/parliament/1806,t_c69786,t_20658d;t_c69786,,,否(URL未见),
downloads/pages/f12aed68b23e.md,Estimates,https://legacy-aws.slavevoyages.org/assessment/estimates,t_68821f,t_68821f,,,否(URL未见),
downloads/pages/f15921073a36.md,L\u2019esprit public dans le Sud-Ouest et l\u2019entr\u00e9e des Anglais \u00e0 Bordeaux (1814) - Pers\u00e9e,https://www.persee.fr/doc/rhbg_0242-6838_1914_num_7_4_2946,t_7c3954,t_7c3954,,,否(URL未见),
downloads/pages/f15e3b0f2224.md,"Royal Military Canal, Warehorne Bridge to Ham Street Bridge, Orlestone - 1005126 | Historic England",https://historicengland.org.uk/listing/the-list/list-entry/1005126,t_b9e29c,t_b9e29c;t_c69786,,,否(URL未见),
downloads/pages/f1644e0dd8a2.md,Comparaison d\u00e9cennale des budgets de d\u00e9penses et de recettes en France depuis 1836,https://www.numdam.org/item/JSFS_1868__9__306_0.pdf,t_9f10b6,t_02f417;t_0e763d;t_24b942;t_9f10b6;t_b1a536;t_be9258,,,否(URL未见),
downloads/pages/f1914ca3ba03.md,RENTES FRAN\u00c7AISES | Issuers | DFIH,https://dfih.fr/issuers/100/securities,t_0a8308,,,,否(URL未见),
downloads/pages/f19270d24c25.md,III. \u0414\u041e\u041a\u041b\u0410\u0414\u041d\u0410\u042f \u0417\u0410\u041f\u0418\u0421\u041a\u0410 \u0413\u0420\u0410\u0424\u0410 \u041d\u0415\u04,https://history.wikireading.ru/288188,,old:t_26cd47;old:t_759180;old:t_d604cd;t_0a8308;t_20658d;t_29957a;t_2c3192;t_611e2b;t_8a7b54;t_f314c4,,,否(URL未见),
downloads/pages/f1e37b9d69b9.md,La conscription sous le Premier Empire - napoleon.org,https://www.napoleon.org/histoire-des-2-empires/articles/la-conscription-sous-le-premier-empire/,t_7c3954,t_0e763d;t_20658d;t_7c3954,行省化,,否(URL未见),
downloads/pages/f20a6abe848b.md,Imperial Meridian: The British Empire and the World 1780-1830 - 1st Ed,https://www.routledge.com/Imperial-Meridian-The-British-Empire-and-the-World-1780-1830/Bayly/p/book/9780582494381,t_0fed70,t_0a8308;t_0fed70;t_20658d;t_611e2b;t_8a7b54;t_f314c4,,,否(URL未见),
downloads/pages/f27bcba14de3.md,History of Dymchurch Martello Tower | English Heritage,https://www.english-heritage.org.uk/visit/places/dymchurch-martello-tower/history/,t_b9e29c,t_b9e29c;t_c69786,,,否(URL未见),
downloads/pages/f2fd5147bb31.md,French ship Ulm (1809),https://en.wikipedia.org/wiki/French_ship_Ulm_(1809),,t_02f417;t_0a8308;t_0e763d;t_20658d;t_24b942;t_611e2b;t_8a7b54;t_b1a536;t_be9258;t_f314c4,,,否(URL未见),
downloads/pages/f2ff213786db.md,Jeu de donn\u00e9es | Taux d'int\u00e9r\u00eat en France 1800-2015 | ID: 1v53jx639 | Did\u03ccmena,https://didomena.ehess.fr/concern/data_sets/1v53jx639?locale=fr,t_0a8308,,,,否(URL未见),
downloads/pages/f38b37d5dbd1.md,Borodino and the Fall of Moscow - Russia Against Napoleon: The True Story of the Campaigns of War and Peace,https://erenow.org/ww/russia-against-napoleon-the-true-story-of-the-campaigns/7.php,,old:t_759180;old:t_a8401d;old:t_d604cd;t_0a8308;t_20658d;t_611e2b;t_66ee8d;t_8a7b54;t_b5dab4;t_f314c4,大陆诸国,,否(URL未见),
downloads/pages/f3c3e5561ee4.md,Napoleon\u2019s Equine Strategy in 1813,https://www.napoleon-series.org/military-info/organization/France/Cavalry/Remounts/c_remounts1813.html,,old:t_208a11;old:t_759180;old:t_a8401d;t_02f417;t_0e763d;t_24b942,,,是(URL),432;4279
downloads/pages/f3ea84be89c3.md,"Robert Emmet, the 1803 Proclamation of Independence and the ghost of 1798 \u2013 The Irish Story",https://www.theirishstory.com/2014/02/27/robert-emmet-the-1803-proclamation-of-independence-and-the-ghost-of-1798/,,old:t_2c338c;old:t_759180;t_0a8308;t_20658d;t_611e2b;t_8a7b54;t_c8b161;t_f314c4,,,否(URL未见),
downloads/pages/f413eca3c3b2.md,\u0418\u0441\u0442\u043e\u0440\u0438\u044f \u041e\u0442\u0435\u0447\u0435\u0441\u0442\u0432\u0435\u043d\u043d\u043e\u0439 \u0432\u043e\u0439\u043d\u04,https://litobr.ru/History_Bogdanovich_isotia_voiny_1812_goda/1-tom_Oglavlenie.htm,,old:t_26cd47;old:t_759180;t_0a8308;t_20658d;t_29957a;t_2c3192;t_611e2b;t_8a7b54;t_f314c4,,,否(URL未见),
downloads/pages/f4245de1d8af.md,Econocide,https://uncpress.org/9780807899595/econocide/,t_0fed70,t_0fed70,,,否(URL未见),
downloads/pages/f42cec953d4b.md,"NAVY ESTIMATES. (Hansard, 22 February 1812)",https://api.parliament.uk/historic-hansard/commons/1812/feb/22/navy-estimates,t_998052,t_998052;t_c69786,,,是(URL),1432
downloads/pages/f4388af7a51c.md,Guineas and Gunpowder,https://doi.org/10.4159/harvard.9780674433366,,t_044211;t_24b942,,,否(URL未见),
downloads/pages/f4d2943372ac.md,The Costs of \u201cWesternization\u201d in Russia: The Gentry and the Economy in the Eighteenth Century | Slavic Review | Cambridge Core,https://www.cambridge.org/core/journals/slavic-review/article/abs/costs-of-westernization-in-russia-the-gentry-and-the-economy-in-the-eighteenth-century/84A8326FA5F558B3CBEF5C8DDF48F137,t_29957a,t_0a8308;t_20658d;t_29957a;t_611e2b;t_8a7b54;t_f314c4,大陆诸国,俄国'西化'成本：贵族与经济,否(人工核0命中),
downloads/pages/f4f70390c6ff.md,'What if' is a waste of time | History books | The Guardian,https://www.theguardian.com/books/2014/mar/13/counterfactual-history-what-if-waste-of-time,t_3dc3c2,old:t_3dc3c2;old:t_759180,,,否(URL未见),
downloads/pages/f5346ba53437.md,\u0411\u0443\u0445\u0430\u0440\u0435\u0441\u0442\u0441\u043a\u0438\u0439 \u043c\u0438\u0440\u043d\u044b\u0439 \u0434\u043e\u0433\u043e\u0432\u043e\u04,https://russportal.ru/index.php?id=russia.traites_convention1812_05_16_01,,old:t_759180;old:t_a8401d;old:t_d604cd;t_0a8308;t_20658d;t_611e2b;t_66ee8d;t_8a7b54;t_b5dab4;t_f314c4,外交/大陆诸国,布加勒斯特和约1812（俄文）,是(主题键),3010
downloads/pages/f5489f0cfd06.md,L\u2019Acte additionnel aux constitutions de l\u2019Empire. H\u00e9ritage et cadeau empoisonn\u00e9 de la Restauration - napoleon.org,https://www.napoleon.org/histoire-des-2-empires/articles/lacte-additionnel-aux-constitutions-de-lempire-heritage-et-cadeau-empoisonne-de-la-restauration/,t_7c3954,t_7c3954,,,否(URL未见),
downloads/pages/f56f440eec96.md,Nordbahn \u2013 Wien Geschichte Wiki,https://www.geschichtewiki.wien.gv.at/Kaiser-Ferdinands-Nordbahn,t_f4bb81,t_3ee1b0;t_f4bb81,,,否(URL未见),
downloads/pages/f5a0d0005f56.md,Prices | 5% CONS. jouiss. du 22 mars | Securities | DFIH,https://dfih.fr/securities/68/prices,t_0a8308,t_0a8308,,,否(URL未见),
downloads/pages/f64010c80a00.md,Surrender of the Dutch Fleet to Vice Admiral Sir Andrew Mitchell K.B. this Plate representing his taking Possession of the Dutch Ships of War in the T,https://www.rmg.co.uk/collections/objects/rmgc-object-156352,,old:t_759180;old:t_a8401d;old:t_b7b7b1;t_0a8308;t_20658d;t_611e2b;t_8a7b54;t_c69786;t_ccdcc8;t_f314c4,,,否(URL未见),
downloads/pages/f64418d18825.md,Working Papers,https://r.jina.ai/https://www.nber.org/system/files/working_papers/w11344/w11344.pdf,,,,,否(URL未见),
downloads/pages/f6df87898690.md,Napol\u00e9on saint. L'Empereur au Paradis. Contribution \u00e0 l'imaginaire politique fran\u00e7ais - napoleon.org,https://www.napoleon.org/magazine/livres/napoleon-saint-lempereur-au-paradis/,t_b09c54,old:t_b09c54,,,否(URL未见),
downloads/pages/f6fd34e73fd5.md,"PAPERS (Hansard, 22 December 1806)",https://api.parliament.uk/historic-hansard/commons/1806/dec/22/papers/,,old:t_3dc3c2;old:t_759180;old:t_a8401d;t_0a8308;t_20658d;t_611e2b;t_8a7b54;t_c69786;t_f314c4,,,否(URL未见),
downloads/pages/f70462842c06.md,\u0418\u0437\u0434\u0430\u043d \u0443\u043a\u0430\u0437 \u043e\u0431 \u043e\u0431\u044f\u0437\u0430\u043d\u043d\u044b\u0445 \u043a\u0440\u0435\u0441\u,https://www.prlib.ru/history/1874457,t_29957a,t_0a8308;t_20658d;t_29957a;t_611e2b;t_8a7b54;t_f314c4,,,否(URL未见),
downloads/pages/f7a4158b5822.md,Verifying your browser,https://www.e-rara.ch/zut/content/structure/22836754,t_104134,old:t_104134;old:t_7ee3b0,,,否(URL未见),
downloads/pages/f7bb507dd0d0.md,Constituci\ufffdn de 1812,https://www.ugr.es/~rorza/1812.htm,t_c2dbca,old:t_759180;old:t_95ef51;old:t_a8401d;old:t_bef693;old:t_c2dbca;t_0a8308;t_20658d;t_8a7b54;t_9bd988;t_f314c4,,,否(URL未见),
downloads/pages/f81b516f33c4.md,Mes souvenirs sur Napol\u00e9on/Texte entier - Wikisource,https://fr.wikisource.org/wiki/Mes_souvenirs_sur_Napol%C3%A9on/Texte_entier,t_08b9e7,t_08b9e7;t_0a8308;t_20658d;t_611e2b;t_8a7b54;t_eaa841;t_f314c4,,,否(URL未见),
downloads/pages/f8a4fd8bfe1b.md,"Chronologie de la Correspondance g\u00e9n\u00e9rale de Napol\u00e9on Bonaparte, tome 12 : La campagne de Russie. 1812 - napoleon.org",https://www.napoleon.org/histoire-des-2-empires/chronologies/chronologie-de-la-correspondance-generale-de-napoleon-bonaparte-tome-12-la-campagne-de-russie-1812/,t_c69786,t_0a8308;t_20658d;t_611e2b;t_8a7b54;t_c69786;t_f314c4,外交/大陆诸国,,否(URL未见),
downloads/pages/f8b40ad4b4e2.md,Louis Rouanet - Louis Rouanet,https://louisrouanet.com,,t_0e763d;t_1f7db4,,,否(URL未见),
downloads/pages/f8b5b8268f1c.md,Climate of migration? How climate triggered migration from southwest Germany to North America during the 19th century,https://doi.org/10.5194/cp-13-1573-2017,,t_02f417;t_0e763d;t_24b942,,,是(URL),4293
downloads/pages/f8bbb3026c57.md,Le blocus continental \u2013 Association pour l\u2019Histoire de l\u2019Administration des Douanes,https://histoire-de-la-douane.org/le-blocus-continental/,t_6f3beb,t_0a8308;t_20658d;t_6f3beb;t_8a7b54;t_c87512,,大陆封锁（行政史协会AHAD）,否(人工核0命中),
downloads/pages/f95185d0f2c6.md,\u0412 \u0420\u043e\u0441\u0441\u0438\u0438 \u043e\u0442\u043a\u0440\u044b\u0442\u0430 \u0426\u0430\u0440\u0441\u043a\u043e\u0441\u0435\u043b\u044c\u0,https://www.prlib.ru/history/619711,t_29957a,t_0a8308;t_20658d;t_29957a;t_611e2b;t_8a7b54;t_f314c4,,,是(URL),1928
downloads/pages/f9c908249692.md,"Full text of \"" Forests And Sea Power \""",https://archive.org/stream/ForestsAndSeaPower/Forests%20and%20Sea%20Power_djvu.txt,,t_02f417;t_998052;t_c69786,,,否(URL未见),
downloads/pages/f9cd3d2a363a.md,Statut constitutionnel du 16 f\u00e9vrier 1806 - Wikisource,https://fr.wikisource.org/wiki/Statut_constitutionnel_du_16_f%C3%A9vrier_1806,t_7da32d,old:t_759180;old:t_75e9a5;old:t_7da32d;old:t_a8401d;old:t_b7b7b1;t_0a8308;t_20658d;t_611e2b;t_8a7b54;t_be9258;t_eaa841;t_f314c4,,,否(URL未见),
downloads/pages/f9d07ee28c63.md,Pierre Branda : Napol\u00e9on et l'argent (2007) - napoleon.org,https://www.napoleon.org/magazine/interviews/pierre-branda-napoleon-et-largent-2007/,t_bef693,old:t_95ef51;old:t_bef693,,,否(URL未见),
downloads/pages/f9f391a5effc.md,Du syst\u00e8me des classes \u00e0 l'inscription maritime - Pers\u00e9e,https://www.persee.fr/doc/rharm_0035-3299_1982_num_147_2_7111,t_b1a536,t_02f417;t_0a8308;t_0e763d;t_20658d;t_24b942;t_611e2b;t_8a7b54;t_b1a536;t_be9258;t_f314c4,,,是(URL),1442
downloads/pages/f9fa0ab15c1b.md,Le \u00ab d\u00e9clin \u00bb du syst\u00e8me esclavagiste britannique et l'abolition de la traite - Pers\u00e9e,https://www.persee.fr/doc/ahess_0395-2649_1976_num_31_2_293724,t_0fed70,t_0fed70,外交,,是(URL),1468
downloads/pages/faaeb1cd5084.md,An Age of Imperial Revolutions,https://academic.oup.com/ahr/article-pdf/113/2/319/44896/113-2-319.pdf,,old:t_759180;old:t_95ef51;old:t_a8401d;old:t_bef693;old:t_c2dbca;t_0a8308;t_20658d;t_8a7b54;t_9bd988;t_f314c4,,,否(URL未见),
downloads/pages/fb00e45c56a7.md,Histoire de France contemporaine - E. Lavisse,http://www.mediterranee-antique.fr/Auteurs/Fichiers/JKL/Lavisse/Histoire_contemporaine/T3/T3_41.htm,,t_0e763d,,,否(URL未见),
downloads/pages/fb8093480da8.md,"1812 - la campagne de Russie, pr\u00e9face de Marie-Pierre Rey au vol. 12 de la Correspondance g\u00e9n\u00e9rale de Napol\u00e9on Bonaparte - napoleo",https://www.napoleon.org/histoire-des-2-empires/articles/1812-la-campagne-de-russie-preface-de-mp-rey-au-tome-12-de-la-correspondance-generale-de-napoleon-bonaparte/,t_08b9e7,t_08b9e7;t_0a8308;t_20658d;t_611e2b;t_8a7b54;t_f314c4,外交/大陆诸国,,是(URL),5145
downloads/pages/fc4c533d40d3.md,"Das Digitalisat wird Ihnen von perspectivia.net, der Online-Publikationsplattform der Max Weber Stiftung \u2013 Deutsche Geisteswissenschaftliche Inst",https://perspectivia.net/servlets/MCRFileNodeServlet/pnet_derivate_00002421/Grab_Conscription.pdf,t_1f7db4;t_0e763d,old:t_208a11;old:t_759180;t_0a8308;t_0e763d;t_1f7db4;t_20658d;t_8a7b54;t_e0038f,行省化,perspectivia.net 数字化文献（Max Weber Stiftung）,否(人工核0命中),
downloads/pages/fcbe932bee44.md,Napol\u00e9on et la finance - Le Consulat et le premier empire,https://napoleon-histoire.com/la-politique-financiere-sous-le-consulat-et-lempire/,t_9f10b6,t_02f417;t_0e763d;t_24b942;t_9f10b6;t_b1a536;t_be9258,,,否(URL未见),
downloads/pages/fcdc56f810a6.md,Emancipation - UK Parliament,https://www.parliament.uk/about/living-heritage/transformingsociety/private-lives/religion/overview/emancipation/,t_c69786,t_20658d;t_c69786,,,否(URL未见),
downloads/pages/fcff28bd1292.md,GARDANE MISSION - Encyclopaedia Iranica,https://www.iranicaonline.org/articles/gardane-mission/,t_c17367,old:t_759180;old:t_a8401d;old:t_c17367;old:t_d604cd;t_0a8308;t_20658d;t_611e2b;t_8a7b54;t_f314c4,,,否(URL未见),
downloads/pages/fd27457c2597.md,Correspondance de Napol\u00e9on \u2013 F\u00e9vrier 1812,https://napoleon-histoire.com/correspondance-de-napoleon-fevrier-1812/,,,外交,,否(URL未见),
downloads/pages/fd9e8c2c044d.md,Grands trait\u00e9s politiques,https://mjp.univ-perp.fr/traites/1815sainte.htm,t_91cbee,t_0a8308;t_20658d;t_611e2b;t_8a7b54;t_91cbee;t_eaa841;t_f314c4,外交,Grands traités politiques,否(人工核0命中),
downloads/pages/fdd97c5429ee.md,GOLEST\u0100N TREATY - Encyclopaedia Iranica,https://www.iranicaonline.org/articles/golestan-treaty,t_611e2b,t_0a8308;t_20658d;t_611e2b;t_8a7b54;t_f314c4,外交,古利斯坦条约1813 (Encyclopaedia Iranica),否(人工核0命中),
downloads/pages/fe62ad889690.md,Technology-Skill Complementarity in Early,https://en.falk.huji.ac.il/sites/default/files/falk/files/technology_skill.pdf,,old:t_759180;old:t_f3c44f,,,否(URL未见),
downloads/pages/fea94568f86f.md,www.e-rara.ch,https://era-prod11.ethz.ch/download/pdf/22972845.pdf,t_104134,old:t_104134;old:t_759180;old:t_7ee3b0;old:t_a8401d;t_02f417;t_0a8308;t_0e763d;t_20658d;t_24b942;t_611e2b;t_8a7b54;t_b1a536;t_be9258;t_f314c4,,,否(URL未见),
downloads/pages/fece444af077.md,La gendarmerie du Consulat et de l\u2019Empire - napoleon.org,https://www.napoleon.org/histoire-des-2-empires/articles/la-gendarmerie-du-consulat-et-de-lempire/,t_c98c24,t_0e763d;t_c98c24,行省化,,是(URL),3775
downloads/pages/fee0e3a5a5da.md,"State of the Army (Hansard, 28 June 1805)",https://api.parliament.uk/historic-hansard/commons/1805/jun/28/state-of-the-army,t_b9e29c,t_b9e29c;t_c69786,,,否(URL未见),
downloads/pages/ff15a0e6a320.md,Treaty of Friendship and Alliance,https://www.roots.gov.sg/en/stories-landing/stories/the-singapore-story-through-60-objects/colonial/treaty-of-friendship-and-alliance/story,t_0fed70,t_0fed70,外交,,否(URL未见),
downloads/pages/ff5e48416b93.md,Appendix for Online Publication Temporary Protection and Technology Adoption: Evidence from the Napoleonic Blockade,https://www.rjuhasz.com/research/napoleonic_blockade_onlineappendix.pdf,,old:t_759180;old:t_a8401d;old:t_f81a6f;t_0a8308;t_20658d;t_86b684;t_8a7b54;t_ec2248,,,否(URL未见),
downloads/pages/ff744d3eea74.md,"Treaty between France and Russia, Tilsit, 7 July, 1807 - napoleon.org",https://www.napoleon.org/en/history-of-the-two-empires/articles/treaty-between-france-and-russia-tilsit-7-july-1807/,t_3dc3c2,old:t_3dc3c2;old:t_759180;t_0a8308;t_20658d;t_611e2b;t_8a7b54;t_91cbee;t_f314c4,外交/大陆诸国,提尔西特法俄条约1807年7月7日（含秘密条款）,是(主题键),138
