This is XeTeX, Version 3.141592653-2.6-0.999998 (TeX Live 2026/Homebrew) (preloaded format=xelatex 2026.3.4)  26 SEP 2026 00:37
entering extended mode
 restricted \write18 enabled.
 %&-line parsing enabled.
**report.tex
(./report.tex
LaTeX2e <2025-11-01>
L3 programming layer <2026-01-19>

(/opt/homebrew/Cellar/texlive/20260301/share/texmf-dist/tex/latex/base/article.
cls
Document Class: article 2025/01/22 v1.4n Standard LaTeX document class

(/opt/homebrew/Cellar/texlive/20260301/share/texmf-dist/tex/latex/base/size10.c
lo
File: size10.clo 2025/01/22 v1.4n Standard LaTeX file (size option)
)
\c@part=\count271
\c@section=\count272
\c@subsection=\count273
\c@subsubsection=\count274
\c@paragraph=\count275
\c@subparagraph=\count276
\c@figure=\count277
\c@table=\count278
\abovecaptionskip=\skip49
\belowcaptionskip=\skip50
\bibindent=\dimen148
)
(/opt/homebrew/Cellar/texlive/20260301/share/texmf-dist/tex/latex/xcolor/xcolor
.sty
Package: xcolor 2024/09/29 v3.02 LaTeX color extensions (UK)

(/opt/homebrew/Cellar/texlive/20260301/share/texmf-dist/tex/latex/graphics-cfg/
color.cfg
File: color.cfg 2016/01/02 v1.6 sample color configuration
)
Package xcolor Info: Driver file: xetex.def on input line 274.

(/opt/homebrew/Cellar/texlive/20260301/share/texmf-dist/tex/latex/graphics-def/
xetex.def
File: xetex.def 2025/11/01 v5.0p Graphics/color driver for xetex
)
(/opt/homebrew/Cellar/texlive/20260301/share/texmf-dist/tex/latex/graphics/math
color.ltx)
Package xcolor Info: Model `cmy' substituted by `cmy0' on input line 1349.
Package xcolor Info: Model `RGB' extended on input line 1365.
Package xcolor Info: Model `HTML' substituted by `rgb' on input line 1367.
Package xcolor Info: Model `Hsb' substituted by `hsb' on input line 1368.
Package xcolor Info: Model `tHsb' substituted by `hsb' on input line 1369.
Package xcolor Info: Model `HSB' substituted by `hsb' on input line 1370.
Package xcolor Info: Model `Gray' substituted by `gray' on input line 1371.
Package xcolor Info: Model `wave' substituted by `hsb' on input line 1372.
)
(/opt/homebrew/Cellar/texlive/20260301/share/texmf-dist/tex/latex/geometry/geom
etry.sty
Package: geometry 2020/01/02 v5.9 Page Geometry

(/opt/homebrew/Cellar/texlive/20260301/share/texmf-dist/tex/latex/graphics/keyv
al.sty
Package: keyval 2022/05/29 v1.15 key=value parser (DPC)
\KV@toks@=\toks17
)
(/opt/homebrew/Cellar/texlive/20260301/share/texmf-dist/tex/generic/iftex/ifvte
x.sty
Package: ifvtex 2019/10/25 v1.7 ifvtex legacy package. Use iftex instead.

(/opt/homebrew/Cellar/texlive/20260301/share/texmf-dist/tex/generic/iftex/iftex
.sty
Package: iftex 2024/12/12 v1.0g TeX engine tests
))
\Gm@cnth=\count279
\Gm@cntv=\count280
\c@Gm@tempcnt=\count281
\Gm@bindingoffset=\dimen149
\Gm@wd@mp=\dimen150
\Gm@odd@mp=\dimen151
\Gm@even@mp=\dimen152
\Gm@layoutwidth=\dimen153
\Gm@layoutheight=\dimen154
\Gm@layouthoffset=\dimen155
\Gm@layoutvoffset=\dimen156
\Gm@dimlist=\toks18
)
(/opt/homebrew/Cellar/texlive/20260301/share/texmf-dist/tex/latex/amsmath/amsma
th.sty
Package: amsmath 2025/07/09 v2.17z AMS math features
\@mathmargin=\skip51

For additional information on amsmath, use the `?' option.

(/opt/homebrew/Cellar/texlive/20260301/share/texmf-dist/tex/latex/amsmath/amste
xt.sty
Package: amstext 2024/11/17 v2.01 AMS text

(/opt/homebrew/Cellar/texlive/20260301/share/texmf-dist/tex/latex/amsmath/amsge
n.sty
File: amsgen.sty 1999/11/30 v2.0 generic functions
\@emptytoks=\toks19
\ex@=\dimen157
))
(/opt/homebrew/Cellar/texlive/20260301/share/texmf-dist/tex/latex/amsmath/amsbs
y.sty
Package: amsbsy 1999/11/29 v1.2d Bold Symbols
\pmbraise@=\dimen158
)
(/opt/homebrew/Cellar/texlive/20260301/share/texmf-dist/tex/latex/amsmath/amsop
n.sty
Package: amsopn 2022/04/08 v2.04 operator names
)
\inf@bad=\count282
LaTeX Info: Redefining \frac on input line 233.
\uproot@=\count283
\leftroot@=\count284
LaTeX Info: Redefining \overline on input line 398.
LaTeX Info: Redefining \colon on input line 409.
\classnum@=\count285
\DOTSCASE@=\count286
LaTeX Info: Redefining \ldots on input line 495.
LaTeX Info: Redefining \dots on input line 498.
LaTeX Info: Redefining \cdots on input line 619.
\Mathstrutbox@=\box53
\strutbox@=\box54
LaTeX Info: Redefining \big on input line 721.
LaTeX Info: Redefining \Big on input line 722.
LaTeX Info: Redefining \bigg on input line 723.
LaTeX Info: Redefining \Bigg on input line 724.
\big@size=\dimen159
LaTeX Font Info:    Redeclaring font encoding OML on input line 742.
LaTeX Font Info:    Redeclaring font encoding OMS on input line 743.
\macc@depth=\count287
LaTeX Info: Redefining \bmod on input line 904.
LaTeX Info: Redefining \pmod on input line 909.
LaTeX Info: Redefining \smash on input line 939.
LaTeX Info: Redefining \relbar on input line 969.
LaTeX Info: Redefining \Relbar on input line 970.
\c@MaxMatrixCols=\count288
\dotsspace@=\muskip17
\c@parentequation=\count289
\dspbrk@lvl=\count290
\tag@help=\toks20
\row@=\count291
\column@=\count292
\maxfields@=\count293
\andhelp@=\toks21
\eqnshift@=\dimen160
\alignsep@=\dimen161
\tagshift@=\dimen162
\tagwidth@=\dimen163
\totwidth@=\dimen164
\lineht@=\dimen165
\@envbody=\toks22
\multlinegap=\skip52
\multlinetaggap=\skip53
\mathdisplay@stack=\toks23
LaTeX Info: Redefining \[ on input line 2950.
LaTeX Info: Redefining \] on input line 2951.
)
(/opt/homebrew/Cellar/texlive/20260301/share/texmf-dist/tex/latex/amsfonts/amss
ymb.sty
Package: amssymb 2013/01/14 v3.01 AMS font symbols

(/opt/homebrew/Cellar/texlive/20260301/share/texmf-dist/tex/latex/amsfonts/amsf
onts.sty
Package: amsfonts 2013/01/14 v3.01 Basic AMSFonts support
\symAMSa=\mathgroup4
\symAMSb=\mathgroup5
LaTeX Font Info:    Redeclaring math symbol \hbar on input line 98.
LaTeX Font Info:    Overwriting math alphabet `\mathfrak' in version `bold'
(Font)                  U/euf/m/n --> U/euf/b/n on input line 106.
))
(/opt/homebrew/Cellar/texlive/20260301/share/texmf-dist/tex/latex/unicode-math/
unicode-math.sty
(/opt/homebrew/Cellar/texlive/20260301/share/texmf-dist/tex/latex/l3kernel/expl
3.sty
Package: expl3 2026-01-19 L3 programming layer (loader) 

(/opt/homebrew/Cellar/texlive/20260301/share/texmf-dist/tex/latex/l3backend/l3b
ackend-xetex.def
File: l3backend-xetex.def 2025-10-09 L3 backend support: XeTeX
\g__graphics_track_int=\count294
\g__pdfannot_backend_int=\count295
\g__pdfannot_backend_link_int=\count296
))
Package: unicode-math 2023/08/13 v0.8r Unicode maths in XeLaTeX and LuaLaTeX

(/opt/homebrew/Cellar/texlive/20260301/share/texmf-dist/tex/latex/unicode-math/
unicode-math-xetex.sty
Package: unicode-math-xetex 2023/08/13 v0.8r Unicode maths in XeLaTeX and LuaLa
TeX

(/opt/homebrew/Cellar/texlive/20260301/share/texmf-dist/tex/latex/l3packages/xp
arse/xparse.sty
Package: xparse 2025-10-09 L3 Experimental document command parser
)
(/opt/homebrew/Cellar/texlive/20260301/share/texmf-dist/tex/latex/l3packages/l3
keys2e/l3keys2e.sty
Package: l3keys2e 2025-10-09 LaTeX2e option processing using LaTeX3 keys
)
(/opt/homebrew/Cellar/texlive/20260301/share/texmf-dist/tex/latex/fontspec/font
spec.sty
Package: fontspec 2025/09/29 v2.9g Font selection for XeLaTeX and LuaLaTeX

(/opt/homebrew/Cellar/texlive/20260301/share/texmf-dist/tex/latex/fontspec/font
spec-xetex.sty
Package: fontspec-xetex 2025/09/29 v2.9g Font selection for XeLaTeX and LuaLaTe
X
\l__fontspec_script_int=\count297
\l__fontspec_language_int=\count298
\l__fontspec_strnum_int=\count299
\l__fontspec_tmp_int=\count300
\l__fontspec_tmpa_int=\count301
\l__fontspec_tmpb_int=\count302
\l__fontspec_tmpc_int=\count303
\l__fontspec_em_int=\count304
\l__fontspec_emdef_int=\count305
\l__fontspec_strong_int=\count306
\l__fontspec_strongdef_int=\count307
\l__fontspec_tmpa_dim=\dimen166
\l__fontspec_tmpb_dim=\dimen167
\l__fontspec_tmpc_dim=\dimen168

(/opt/homebrew/Cellar/texlive/20260301/share/texmf-dist/tex/latex/base/fontenc.
sty
Package: fontenc 2025/07/18 v2.1d Standard LaTeX package
)
(/opt/homebrew/Cellar/texlive/20260301/share/texmf-dist/tex/latex/fontspec/font
spec.cfg)))
(/opt/homebrew/Cellar/texlive/20260301/share/texmf-dist/tex/latex/base/fix-cm.s
ty
Package: fix-cm 2020/11/24 v1.1t fixes to LaTeX

(/opt/homebrew/Cellar/texlive/20260301/share/texmf-dist/tex/latex/base/ts1enc.d
ef
File: ts1enc.def 2001/06/05 v3.0e (jk/car/fm) Standard LaTeX file
LaTeX Font Info:    Redeclaring font encoding TS1 on input line 47.
LaTeX Encoding Info:    Redeclaring text command \capitalcedilla (encoding TS1)
 on input line 49.
LaTeX Encoding Info:    Redeclaring text command \capitalogonek (encoding TS1) 
on input line 52.
LaTeX Encoding Info:    Redeclaring text command \capitalgrave (encoding TS1) o
n input line 55.
LaTeX Encoding Info:    Redeclaring text command \capitalacute (encoding TS1) o
n input line 56.
LaTeX Encoding Info:    Redeclaring text command \capitalcircumflex (encoding T
S1) on input line 57.
LaTeX Encoding Info:    Redeclaring text command \capitaltilde (encoding TS1) o
n input line 58.
LaTeX Encoding Info:    Redeclaring text command \capitaldieresis (encoding TS1
) on input line 59.
LaTeX Encoding Info:    Redeclaring text command \capitalhungarumlaut (encoding
 TS1) on input line 60.
LaTeX Encoding Info:    Redeclaring text command \capitalring (encoding TS1) on
 input line 61.
LaTeX Encoding Info:    Redeclaring text command \capitalcaron (encoding TS1) o
n input line 62.
LaTeX Encoding Info:    Redeclaring text command \capitalbreve (encoding TS1) o
n input line 63.
LaTeX Encoding Info:    Redeclaring text command \capitalmacron (encoding TS1) 
on input line 64.
LaTeX Encoding Info:    Redeclaring text command \capitaldotaccent (encoding TS
1) on input line 65.
LaTeX Encoding Info:    Redeclaring text command \t (encoding TS1) on input lin
e 66.
LaTeX Encoding Info:    Redeclaring text command \capitaltie (encoding TS1) on 
input line 67.
LaTeX Encoding Info:    Redeclaring text command \newtie (encoding TS1) on inpu
t line 68.
LaTeX Encoding Info:    Redeclaring text command \capitalnewtie (encoding TS1) 
on input line 69.
LaTeX Encoding Info:    Redeclaring text symbol \textcapitalcompwordmark (encod
ing TS1) on input line 70.
LaTeX Encoding Info:    Redeclaring text symbol \textascendercompwordmark (enco
ding TS1) on input line 71.
LaTeX Encoding Info:    Redeclaring text symbol \textquotestraightbase (encodin
g TS1) on input line 72.
LaTeX Encoding Info:    Redeclaring text symbol \textquotestraightdblbase (enco
ding TS1) on input line 73.
LaTeX Encoding Info:    Redeclaring text symbol \texttwelveudash (encoding TS1)
 on input line 74.
LaTeX Encoding Info:    Redeclaring text symbol \textthreequartersemdash (encod
ing TS1) on input line 75.
LaTeX Encoding Info:    Redeclaring text symbol \textleftarrow (encoding TS1) o
n input line 76.
LaTeX Encoding Info:    Redeclaring text symbol \textrightarrow (encoding TS1) 
on input line 77.
LaTeX Encoding Info:    Redeclaring text symbol \textblank (encoding TS1) on in
put line 78.
LaTeX Encoding Info:    Redeclaring text symbol \textdollar (encoding TS1) on i
nput line 79.
LaTeX Encoding Info:    Redeclaring text symbol \textquotesingle (encoding TS1)
 on input line 80.
LaTeX Encoding Info:    Redeclaring text command \textasteriskcentered (encodin
g TS1) on input line 81.
LaTeX Encoding Info:    Redeclaring text symbol \textdblhyphen (encoding TS1) o
n input line 92.
LaTeX Encoding Info:    Redeclaring text symbol \textfractionsolidus (encoding 
TS1) on input line 93.
LaTeX Encoding Info:    Redeclaring text symbol \textzerooldstyle (encoding TS1
) on input line 94.
LaTeX Encoding Info:    Redeclaring text symbol \textoneoldstyle (encoding TS1)
 on input line 95.
LaTeX Encoding Info:    Redeclaring text symbol \texttwooldstyle (encoding TS1)
 on input line 96.
LaTeX Encoding Info:    Redeclaring text symbol \textthreeoldstyle (encoding TS
1) on input line 97.
LaTeX Encoding Info:    Redeclaring text symbol \textfouroldstyle (encoding TS1
) on input line 98.
LaTeX Encoding Info:    Redeclaring text symbol \textfiveoldstyle (encoding TS1
) on input line 99.
LaTeX Encoding Info:    Redeclaring text symbol \textsixoldstyle (encoding TS1)
 on input line 100.
LaTeX Encoding Info:    Redeclaring text symbol \textsevenoldstyle (encoding TS
1) on input line 101.
LaTeX Encoding Info:    Redeclaring text symbol \texteightoldstyle (encoding TS
1) on input line 102.
LaTeX Encoding Info:    Redeclaring text symbol \textnineoldstyle (encoding TS1
) on input line 103.
LaTeX Encoding Info:    Redeclaring text symbol \textlangle (encoding TS1) on i
nput line 104.
LaTeX Encoding Info:    Redeclaring text symbol \textminus (encoding TS1) on in
put line 105.
LaTeX Encoding Info:    Redeclaring text symbol \textrangle (encoding TS1) on i
nput line 106.
LaTeX Encoding Info:    Redeclaring text symbol \textmho (encoding TS1) on inpu
t line 107.
LaTeX Encoding Info:    Redeclaring text symbol \textbigcircle (encoding TS1) o
n input line 108.
LaTeX Encoding Info:    Redeclaring text command \textcircled (encoding TS1) on
 input line 109.
LaTeX Encoding Info:    Redeclaring text symbol \textohm (encoding TS1) on inpu
t line 115.
LaTeX Encoding Info:    Redeclaring text symbol \textlbrackdbl (encoding TS1) o
n input line 116.
LaTeX Encoding Info:    Redeclaring text symbol \textrbrackdbl (encoding TS1) o
n input line 117.
LaTeX Encoding Info:    Redeclaring text symbol \textuparrow (encoding TS1) on 
input line 118.
LaTeX Encoding Info:    Redeclaring text symbol \textdownarrow (encoding TS1) o
n input line 119.
LaTeX Encoding Info:    Redeclaring text symbol \textasciigrave (encoding TS1) 
on input line 120.
LaTeX Encoding Info:    Redeclaring text symbol \textborn (encoding TS1) on inp
ut line 121.
LaTeX Encoding Info:    Redeclaring text symbol \textdivorced (encoding TS1) on
 input line 122.
LaTeX Encoding Info:    Redeclaring text symbol \textdied (encoding TS1) on inp
ut line 123.
LaTeX Encoding Info:    Redeclaring text symbol \textleaf (encoding TS1) on inp
ut line 124.
LaTeX Encoding Info:    Redeclaring text symbol \textmarried (encoding TS1) on 
input line 125.
LaTeX Encoding Info:    Redeclaring text symbol \textmusicalnote (encoding TS1)
 on input line 126.
LaTeX Encoding Info:    Redeclaring text symbol \texttildelow (encoding TS1) on
 input line 127.
LaTeX Encoding Info:    Redeclaring text symbol \textdblhyphenchar (encoding TS
1) on input line 128.
LaTeX Encoding Info:    Redeclaring text symbol \textasciibreve (encoding TS1) 
on input line 129.
LaTeX Encoding Info:    Redeclaring text symbol \textasciicaron (encoding TS1) 
on input line 130.
LaTeX Encoding Info:    Redeclaring text symbol \textacutedbl (encoding TS1) on
 input line 131.
LaTeX Encoding Info:    Redeclaring text symbol \textgravedbl (encoding TS1) on
 input line 132.
LaTeX Encoding Info:    Redeclaring text symbol \textdagger (encoding TS1) on i
nput line 133.
LaTeX Encoding Info:    Redeclaring text symbol \textdaggerdbl (encoding TS1) o
n input line 134.
LaTeX Encoding Info:    Redeclaring text symbol \textbardbl (encoding TS1) on i
nput line 135.
LaTeX Encoding Info:    Redeclaring text symbol \textperthousand (encoding TS1)
 on input line 136.
LaTeX Encoding Info:    Redeclaring text symbol \textbullet (encoding TS1) on i
nput line 137.
LaTeX Encoding Info:    Redeclaring text symbol \textcelsius (encoding TS1) on 
input line 138.
LaTeX Encoding Info:    Redeclaring text symbol \textdollaroldstyle (encoding T
S1) on input line 139.
LaTeX Encoding Info:    Redeclaring text symbol \textcentoldstyle (encoding TS1
) on input line 140.
LaTeX Encoding Info:    Redeclaring text symbol \textflorin (encoding TS1) on i
nput line 141.
LaTeX Encoding Info:    Redeclaring text symbol \textcolonmonetary (encoding TS
1) on input line 142.
LaTeX Encoding Info:    Redeclaring text symbol \textwon (encoding TS1) on inpu
t line 143.
LaTeX Encoding Info:    Redeclaring text symbol \textnaira (encoding TS1) on in
put line 144.
LaTeX Encoding Info:    Redeclaring text symbol \textguarani (encoding TS1) on 
input line 145.
LaTeX Encoding Info:    Redeclaring text symbol \textpeso (encoding TS1) on inp
ut line 146.
LaTeX Encoding Info:    Redeclaring text symbol \textlira (encoding TS1) on inp
ut line 147.
LaTeX Encoding Info:    Redeclaring text symbol \textrecipe (encoding TS1) on i
nput line 148.
LaTeX Encoding Info:    Redeclaring text symbol \textinterrobang (encoding TS1)
 on input line 149.
LaTeX Encoding Info:    Redeclaring text symbol \textinterrobangdown (encoding 
TS1) on input line 150.
LaTeX Encoding Info:    Redeclaring text symbol \textdong (encoding TS1) on inp
ut line 151.
LaTeX Encoding Info:    Redeclaring text symbol \texttrademark (encoding TS1) o
n input line 152.
LaTeX Encoding Info:    Redeclaring text symbol \textpertenthousand (encoding T
S1) on input line 153.
LaTeX Encoding Info:    Redeclaring text symbol \textpilcrow (encoding TS1) on 
input line 154.
LaTeX Encoding Info:    Redeclaring text symbol \textbaht (encoding TS1) on inp
ut line 155.
LaTeX Encoding Info:    Redeclaring text symbol \textnumero (encoding TS1) on i
nput line 156.
LaTeX Encoding Info:    Redeclaring text symbol \textdiscount (encoding TS1) on
 input line 157.
LaTeX Encoding Info:    Redeclaring text symbol \textestimated (encoding TS1) o
n input line 158.
LaTeX Encoding Info:    Redeclaring text symbol \textopenbullet (encoding TS1) 
on input line 159.
LaTeX Encoding Info:    Redeclaring text symbol \textservicemark (encoding TS1)
 on input line 160.
LaTeX Encoding Info:    Redeclaring text symbol \textlquill (encoding TS1) on i
nput line 161.
LaTeX Encoding Info:    Redeclaring text symbol \textrquill (encoding TS1) on i
nput line 162.
LaTeX Encoding Info:    Redeclaring text symbol \textcent (encoding TS1) on inp
ut line 163.
LaTeX Encoding Info:    Redeclaring text symbol \textsterling (encoding TS1) on
 input line 164.
LaTeX Encoding Info:    Redeclaring text symbol \textcurrency (encoding TS1) on
 input line 165.
LaTeX Encoding Info:    Redeclaring text symbol \textyen (encoding TS1) on inpu
t line 166.
LaTeX Encoding Info:    Redeclaring text symbol \textbrokenbar (encoding TS1) o
n input line 167.
LaTeX Encoding Info:    Redeclaring text symbol \textsection (encoding TS1) on 
input line 168.
LaTeX Encoding Info:    Redeclaring text symbol \textasciidieresis (encoding TS
1) on input line 169.
LaTeX Encoding Info:    Redeclaring text symbol \textcopyright (encoding TS1) o
n input line 170.
LaTeX Encoding Info:    Redeclaring text symbol \textordfeminine (encoding TS1)
 on input line 171.
LaTeX Encoding Info:    Redeclaring text symbol \textcopyleft (encoding TS1) on
 input line 172.
LaTeX Encoding Info:    Redeclaring text symbol \textlnot (encoding TS1) on inp
ut line 173.
LaTeX Encoding Info:    Redeclaring text symbol \textcircledP (encoding TS1) on
 input line 174.
LaTeX Encoding Info:    Redeclaring text symbol \textregistered (encoding TS1) 
on input line 175.
LaTeX Encoding Info:    Redeclaring text symbol \textasciimacron (encoding TS1)
 on input line 176.
LaTeX Encoding Info:    Redeclaring text symbol \textdegree (encoding TS1) on i
nput line 177.
LaTeX Encoding Info:    Redeclaring text symbol \textpm (encoding TS1) on input
 line 178.
LaTeX Encoding Info:    Redeclaring text symbol \texttwosuperior (encoding TS1)
 on input line 179.
LaTeX Encoding Info:    Redeclaring text symbol \textthreesuperior (encoding TS
1) on input line 180.
LaTeX Encoding Info:    Redeclaring text symbol \textasciiacute (encoding TS1) 
on input line 181.
LaTeX Encoding Info:    Redeclaring text symbol \textmu (encoding TS1) on input
 line 182.
LaTeX Encoding Info:    Redeclaring text symbol \textparagraph (encoding TS1) o
n input line 183.
LaTeX Encoding Info:    Redeclaring text symbol \textperiodcentered (encoding T
S1) on input line 184.
LaTeX Encoding Info:    Redeclaring text symbol \textreferencemark (encoding TS
1) on input line 185.
LaTeX Encoding Info:    Redeclaring text symbol \textonesuperior (encoding TS1)
 on input line 186.
LaTeX Encoding Info:    Redeclaring text symbol \textordmasculine (encoding TS1
) on input line 187.
LaTeX Encoding Info:    Redeclaring text symbol \textsurd (encoding TS1) on inp
ut line 188.
LaTeX Encoding Info:    Redeclaring text symbol \textonequarter (encoding TS1) 
on input line 189.
LaTeX Encoding Info:    Redeclaring text symbol \textonehalf (encoding TS1) on 
input line 190.
LaTeX Encoding Info:    Redeclaring text symbol \textthreequarters (encoding TS
1) on input line 191.
LaTeX Encoding Info:    Redeclaring text symbol \texteuro (encoding TS1) on inp
ut line 192.
LaTeX Encoding Info:    Redeclaring text symbol \texttimes (encoding TS1) on in
put line 193.
LaTeX Encoding Info:    Redeclaring text symbol \textdiv (encoding TS1) on inpu
t line 194.
))
\g__um_fam_int=\count308
\g__um_fonts_used_int=\count309
\l__um_primecount_int=\count310
\g__um_primekern_muskip=\muskip18

(/opt/homebrew/Cellar/texlive/20260301/share/texmf-dist/tex/latex/unicode-math/
unicode-math-table.tex)))
(/opt/homebrew/Cellar/texlive/20260301/share/texmf-dist/tex/latex/lm/lmodern.st
y
Package: lmodern 2015/05/01 v1.6.1 Latin Modern Fonts
LaTeX Font Info:    Overwriting symbol font `operators' in version `normal'
(Font)                  OT1/cmr/m/n --> OT1/lmr/m/n on input line 22.
LaTeX Font Info:    Overwriting symbol font `letters' in version `normal'
(Font)                  OML/cmm/m/it --> OML/lmm/m/it on input line 23.
LaTeX Font Info:    Overwriting symbol font `symbols' in version `normal'
(Font)                  OMS/cmsy/m/n --> OMS/lmsy/m/n on input line 24.
LaTeX Font Info:    Overwriting symbol font `largesymbols' in version `normal'
(Font)                  OMX/cmex/m/n --> OMX/lmex/m/n on input line 25.
LaTeX Font Info:    Overwriting symbol font `operators' in version `bold'
(Font)                  OT1/cmr/bx/n --> OT1/lmr/bx/n on input line 26.
LaTeX Font Info:    Overwriting symbol font `letters' in version `bold'
(Font)                  OML/cmm/b/it --> OML/lmm/b/it on input line 27.
LaTeX Font Info:    Overwriting symbol font `symbols' in version `bold'
(Font)                  OMS/cmsy/b/n --> OMS/lmsy/b/n on input line 28.
LaTeX Font Info:    Overwriting symbol font `largesymbols' in version `bold'
(Font)                  OMX/cmex/m/n --> OMX/lmex/m/n on input line 29.
LaTeX Font Info:    Overwriting math alphabet `\mathbf' in version `normal'
(Font)                  OT1/cmr/bx/n --> OT1/lmr/bx/n on input line 31.
LaTeX Font Info:    Overwriting math alphabet `\mathsf' in version `normal'
(Font)                  OT1/cmss/m/n --> OT1/lmss/m/n on input line 32.
LaTeX Font Info:    Overwriting math alphabet `\mathit' in version `normal'
(Font)                  OT1/cmr/m/it --> OT1/lmr/m/it on input line 33.
LaTeX Font Info:    Overwriting math alphabet `\mathtt' in version `normal'
(Font)                  OT1/cmtt/m/n --> OT1/lmtt/m/n on input line 34.
LaTeX Font Info:    Overwriting math alphabet `\mathbf' in version `bold'
(Font)                  OT1/cmr/bx/n --> OT1/lmr/bx/n on input line 35.
LaTeX Font Info:    Overwriting math alphabet `\mathsf' in version `bold'
(Font)                  OT1/cmss/bx/n --> OT1/lmss/bx/n on input line 36.
LaTeX Font Info:    Overwriting math alphabet `\mathit' in version `bold'
(Font)                  OT1/cmr/bx/it --> OT1/lmr/bx/it on input line 37.
LaTeX Font Info:    Overwriting math alphabet `\mathtt' in version `bold'
(Font)                  OT1/cmtt/m/n --> OT1/lmtt/m/n on input line 38.
)

Package fontspec Info: 
(fontspec)             Arial Unicode MS scale = 0.8319367579619524.


Package fontspec Info: 
(fontspec)             Arial Unicode MS scale = 1.


Package fontspec Info: 
(fontspec)             Arial Unicode MS scale = 0.8319367579619524.


Package fontspec Info: 
(fontspec)             Arial Unicode MS scale = 1.


Package fontspec Info: 
(fontspec)             Arial Unicode MS scale = 0.8319367579619524.


Package fontspec Info: 
(fontspec)             Arial Unicode MS scale = 1.


Package fontspec Info: 
(fontspec)             Arial Unicode MS scale = 0.8319367579619524.


Package fontspec Info: 
(fontspec)             Arial Unicode MS scale = 1.


Package fontspec Info: 
(fontspec)             Arial Unicode MS scale = 0.8319367579619524.


Package fontspec Info: 
(fontspec)             Arial Unicode MS scale = 1.


Package fontspec Info: 
(fontspec)             Font family 'ArialUnicodeMS(0)' created for font 'Arial
(fontspec)             Unicode MS' with options
(fontspec)             [Scale=MatchLowercase,Ligatures=TeX,Scale=1,AutoFakeBold
=1.5,AutoFakeSlant=0.15].
(fontspec)              
(fontspec)              This font family consists of the following NFSS
(fontspec)             series/shapes:
(fontspec)              
(fontspec)             - 'normal' (m/n) with NFSS spec.: <->s*[1]"Arial
(fontspec)             Unicode MS/OT:language=dflt;mapping=tex-text;"
(fontspec)             - 'bold' (b/n) with NFSS spec.: <->s*[1]"Arial Unicode
(fontspec)             MS/OT:language=dflt;embolden=1.5;mapping=tex-text;"
(fontspec)             - 'italic' (m/it) with NFSS spec.: <->s*[1]"Arial
(fontspec)             Unicode
(fontspec)             MS/OT:language=dflt;slant=0.15;mapping=tex-text;"
(fontspec)             - 'bold italic' (b/it) with NFSS spec.: <->s*[1]"Arial
(fontspec)             Unicode
(fontspec)             MS/OT:language=dflt;embolden=1.5;slant=0.15;mapping=tex-
text;"

LaTeX Font Info:    Font shape `TU/ArialUnicodeMS(0)/m/n' will be
(Font)              scaled to size 10.0pt on input line 27.

Package fontspec Info: 
(fontspec)             Arial Unicode MS scale = 0.9999970546740851.


Package fontspec Info: 
(fontspec)             Arial Unicode MS scale = 0.9999970546740851.


Package fontspec Info: 
(fontspec)             Arial Unicode MS scale = 0.9999970546740851.


Package fontspec Info: 
(fontspec)             Arial Unicode MS scale = 0.9999970546740851.


Package fontspec Info: 
(fontspec)             Arial Unicode MS scale = 0.9999970546740851.


Package fontspec Info: 
(fontspec)             Font family 'ArialUnicodeMS(1)' created for font 'Arial
(fontspec)             Unicode MS' with options
(fontspec)             [Scale=MatchLowercase,AutoFakeBold=1.5,AutoFakeSlant=0.1
5].
(fontspec)              
(fontspec)              This font family consists of the following NFSS
(fontspec)             series/shapes:
(fontspec)              
(fontspec)             - 'normal' (m/n) with NFSS spec.:
(fontspec)             <->s*[0.9999970546740851]"Arial Unicode
(fontspec)             MS/OT:language=dflt;"
(fontspec)             - 'bold' (b/n) with NFSS spec.:
(fontspec)             <->s*[0.9999970546740851]"Arial Unicode
(fontspec)             MS/OT:language=dflt;embolden=1.5;"
(fontspec)             - 'italic' (m/it) with NFSS spec.:
(fontspec)             <->s*[0.9999970546740851]"Arial Unicode
(fontspec)             MS/OT:language=dflt;slant=0.15;"
(fontspec)             - 'bold italic' (b/it) with NFSS spec.:
(fontspec)             <->s*[0.9999970546740851]"Arial Unicode
(fontspec)             MS/OT:language=dflt;embolden=1.5;slant=0.15;"

LaTeX Font Info:    Overwriting math alphabet `\mathrm' in version `normal'
(Font)                  OT1/lmr/m/n --> TU/ArialUnicodeMS(1)/m/n on input line 
27.
LaTeX Font Info:    Overwriting math alphabet `\mathit' in version `normal'
(Font)                  OT1/lmr/m/it --> TU/ArialUnicodeMS(1)/m/it on input lin
e 27.
LaTeX Font Info:    Overwriting math alphabet `\mathbf' in version `normal'
(Font)                  OT1/lmr/bx/n --> TU/ArialUnicodeMS(1)/b/n on input line
 27.

Package fontspec Info: 
(fontspec)             Menlo scale = 0.950871277257171.


Package fontspec Info: 
(fontspec)             Menlo scale = 0.950871277257171.


Package fontspec Info: 
(fontspec)             Menlo/B scale = 0.950871277257171.


Package fontspec Info: 
(fontspec)             Menlo/I scale = 0.950871277257171.


Package fontspec Info: 
(fontspec)             Menlo/BI scale = 0.950871277257171.


Package fontspec Info: 
(fontspec)             Font family 'Menlo(0)' created for font 'Menlo' with
(fontspec)             options
(fontspec)             [Scale=MatchLowercase,WordSpace={1,0,0},HyphenChar=None,
PunctuationSpace=WordSpace].
(fontspec)              
(fontspec)              This font family consists of the following NFSS
(fontspec)             series/shapes:
(fontspec)              
(fontspec)             - 'normal' (m/n) with NFSS spec.:
(fontspec)             <->s*[0.950871277257171]"Menlo/AAT"
(fontspec)             - 'bold' (b/n) with NFSS spec.:
(fontspec)             <->s*[0.950871277257171]"Menlo/B/AAT"
(fontspec)             - 'italic' (m/it) with NFSS spec.:
(fontspec)             <->s*[0.950871277257171]"Menlo/I/AAT"
(fontspec)             - 'bold italic' (b/it) with NFSS spec.:
(fontspec)             <->s*[0.950871277257171]"Menlo/BI/AAT"


Package fontspec Info: 
(fontspec)             Menlo scale = 0.950871277257171.


Package fontspec Info: 
(fontspec)             Menlo scale = 0.950871277257171.


Package fontspec Info: 
(fontspec)             Menlo/B scale = 0.950871277257171.


Package fontspec Info: 
(fontspec)             Menlo/I scale = 0.950871277257171.


Package fontspec Info: 
(fontspec)             Menlo/BI scale = 0.950871277257171.


Package fontspec Info: 
(fontspec)             Font family 'Menlo(1)' created for font 'Menlo' with
(fontspec)             options [Scale=MatchLowercase].
(fontspec)              
(fontspec)              This font family consists of the following NFSS
(fontspec)             series/shapes:
(fontspec)              
(fontspec)             - 'normal' (m/n) with NFSS spec.:
(fontspec)             <->s*[0.950871277257171]"Menlo/AAT"
(fontspec)             - 'bold' (b/n) with NFSS spec.:
(fontspec)             <->s*[0.950871277257171]"Menlo/B/AAT"
(fontspec)             - 'italic' (m/it) with NFSS spec.:
(fontspec)             <->s*[0.950871277257171]"Menlo/I/AAT"
(fontspec)             - 'bold italic' (b/it) with NFSS spec.:
(fontspec)             <->s*[0.950871277257171]"Menlo/BI/AAT"

LaTeX Font Info:    Overwriting math alphabet `\mathtt' in version `normal'
(Font)                  OT1/lmtt/m/n --> TU/Menlo(1)/m/n on input line 28.
LaTeX Font Info:    Overwriting math alphabet `\mathtt' in version `bold'
(Font)                  OT1/lmtt/m/n --> TU/Menlo(1)/b/n on input line 28.

(/opt/homebrew/Cellar/texlive/20260301/share/texmf-dist/tex/xelatex/xecjk/xeCJK
.sty
Package: xeCJK 2022/08/05 v3.9.1 Typesetting CJK scripts with XeLaTeX

(/opt/homebrew/Cellar/texlive/20260301/share/texmf-dist/tex/latex/ctex/ctexhook
.sty
Package: ctexhook 2022/07/14 v2.5.10 Document and package hooks (CTEX)
)
(/opt/homebrew/Cellar/texlive/20260301/share/texmf-dist/tex/latex/l3packages/xt
emplate/xtemplate.sty
Package: xtemplate 2025-10-09 L3 Experimental prototype document functions
)
\l__xeCJK_tmp_int=\count311
\l__xeCJK_tmp_box=\box55
\l__xeCJK_tmp_dim=\dimen169
\l__xeCJK_tmp_skip=\skip54
\g__xeCJK_space_factor_int=\count312
\l__xeCJK_begin_int=\count313
\l__xeCJK_end_int=\count314
\c__xeCJK_CJK_class_int=\XeTeXcharclass1
\c__xeCJK_FullLeft_class_int=\XeTeXcharclass2
\c__xeCJK_FullRight_class_int=\XeTeXcharclass3
\c__xeCJK_HalfLeft_class_int=\XeTeXcharclass4
\c__xeCJK_HalfRight_class_int=\XeTeXcharclass5
\c__xeCJK_NormalSpace_class_int=\XeTeXcharclass6
\c__xeCJK_CM_class_int=\XeTeXcharclass7
\c__xeCJK_HangulJamo_class_int=\XeTeXcharclass8
\l__xeCJK_last_skip=\skip55
\c__xeCJK_none_node=\count315
\g__xeCJK_node_int=\count316
\c__xeCJK_CJK_node_dim=\dimen170
\c__xeCJK_CJK-space_node_dim=\dimen171
\c__xeCJK_default_node_dim=\dimen172
\c__xeCJK_CJK-widow_node_dim=\dimen173
\c__xeCJK_normalspace_node_dim=\dimen174
\c__xeCJK_default-space_node_skip=\skip56
\l__xeCJK_ccglue_skip=\skip57
\l__xeCJK_ecglue_skip=\skip58
\l__xeCJK_punct_kern_skip=\skip59
\l__xeCJK_indent_box=\box56
\l__xeCJK_last_penalty_int=\count317
\l__xeCJK_last_bound_dim=\dimen175
\l__xeCJK_last_kern_dim=\dimen176
\l__xeCJK_widow_penalty_int=\count318

LaTeX template Info: Declaring template type 'xeCJK/punctuation' taking 0
(template)           argument(s) on line 2396.

\l__xeCJK_fixed_punct_width_dim=\dimen177
\l__xeCJK_mixed_punct_width_dim=\dimen178
\l__xeCJK_middle_punct_width_dim=\dimen179
\l__xeCJK_fixed_margin_width_dim=\dimen180
\l__xeCJK_mixed_margin_width_dim=\dimen181
\l__xeCJK_middle_margin_width_dim=\dimen182
\l__xeCJK_bound_punct_width_dim=\dimen183
\l__xeCJK_bound_margin_width_dim=\dimen184
\l__xeCJK_margin_minimum_dim=\dimen185
\l__xeCJK_kerning_total_width_dim=\dimen186
\l__xeCJK_same_align_margin_dim=\dimen187
\l__xeCJK_different_align_margin_dim=\dimen188
\l__xeCJK_kerning_margin_width_dim=\dimen189
\l__xeCJK_kerning_margin_minimum_dim=\dimen190
\l__xeCJK_bound_dim=\dimen191
\l__xeCJK_reverse_bound_dim=\dimen192
\l__xeCJK_margin_dim=\dimen193
\l__xeCJK_minimum_bound_dim=\dimen194
\l__xeCJK_kerning_margin_dim=\dimen195
\g__xeCJK_family_int=\count319
\l__xeCJK_fam_int=\count320
\g__xeCJK_fam_allocation_int=\count321
\l__xeCJK_verb_case_int=\count322
\l__xeCJK_verb_exspace_skip=\skip60

(/opt/homebrew/Cellar/texlive/20260301/share/texmf-dist/tex/xelatex/xecjk/xeCJK
.cfg
File: xeCJK.cfg 2022/08/05 v3.9.1 Configuration file for xeCJK package
))

Package fontspec Info: 
(fontspec)             Script 'CJK' not explicitly supported within font
(fontspec)             'Songti SC'. Check the typeset output, and if it is
(fontspec)             okay then ignore this warning. Otherwise a different
(fontspec)             font should be chosen.


Package fontspec Info: 
(fontspec)             Songti SC scale = 1.161582121926436.


Package fontspec Info: 
(fontspec)             Could not resolve font "Songti SC/I" (it probably
(fontspec)             doesn't exist).


Package fontspec Info: 
(fontspec)             Songti SC scale = 1.161582121926436.


Package fontspec Info: 
(fontspec)             Songti SC/B scale = 1.161582121926436.


Package fontspec Info: 
(fontspec)             Songti SC/BI scale = 1.161582121926436.


Package fontspec Info: 
(fontspec)             Font family 'SongtiSC(0)' created for font 'Songti SC'
(fontspec)             with options [Scale=MatchLowercase,Script={CJK}].
(fontspec)              
(fontspec)              This font family consists of the following NFSS
(fontspec)             series/shapes:
(fontspec)              
(fontspec)             - 'normal' (m/n) with NFSS spec.:
(fontspec)             <->s*[1.161582121926436]"Songti
(fontspec)             SC/OT:script=hani;language=dflt;"
(fontspec)             - 'bold' (b/n) with NFSS spec.:
(fontspec)             <->s*[1.161582121926436]"Songti
(fontspec)             SC/B/OT:script=hani;language=dflt;"
(fontspec)             - 'bold italic' (b/it) with NFSS spec.:
(fontspec)             <->s*[1.161582121926436]"Songti
(fontspec)             SC/BI/OT:script=hani;language=dflt;"


(/opt/homebrew/Cellar/texlive/20260301/share/texmf-dist/tex/latex/upquote/upquo
te.sty
Package: upquote 2012/04/19 v1.3 upright-quote and grave-accent glyphs in verba
tim

(/opt/homebrew/Cellar/texlive/20260301/share/texmf-dist/tex/latex/base/textcomp
.sty
Package: textcomp 2024/04/24 v2.1b Standard LaTeX package
))
(/opt/homebrew/Cellar/texlive/20260301/share/texmf-dist/tex/latex/microtype/mic
rotype.sty
Package: microtype 2026/03/01 v3.2d Micro-typographical refinements (RS)

(/opt/homebrew/Cellar/texlive/20260301/share/texmf-dist/tex/latex/etoolbox/etoo
lbox.sty
Package: etoolbox 2025/10/02 v2.5m e-TeX tools for LaTeX (JAW)
\etb@tempcnta=\count323
)
\MT@toks=\toks24
\MT@tempbox=\box57
\MT@count=\count324
LaTeX Info: Redefining \noprotrusionifhmode on input line 1084.
LaTeX Info: Redefining \leftprotrusion on input line 1085.
\MT@prot@toks=\toks25
LaTeX Info: Redefining \rightprotrusion on input line 1104.
LaTeX Info: Redefining \textls on input line 1449.
\MT@outer@kern=\dimen196
LaTeX Info: Redefining \microtypecontext on input line 2053.
LaTeX Info: Redefining \textmicrotypecontext on input line 2070.
\MT@listname@count=\count325

(/opt/homebrew/Cellar/texlive/20260301/share/texmf-dist/tex/latex/microtype/mic
rotype-xetex.def
File: microtype-xetex.def 2026/03/01 v3.2d Definitions specific to xetex (RS)
LaTeX Info: Redefining \lsstyle on input line 443.
LaTeX Info: Redefining \lslig on input line 451.
\MT@outer@space=\skip61
)
Package microtype Info: Loading configuration file microtype.cfg.

(/opt/homebrew/Cellar/texlive/20260301/share/texmf-dist/tex/latex/microtype/mic
rotype.cfg
File: microtype.cfg 2026/03/01 v3.2d microtype main configuration file (RS)
)
LaTeX Info: Redefining \microtypesetup on input line 3065.
)
(/opt/homebrew/Cellar/texlive/20260301/share/texmf-dist/tex/latex/setspace/sets
pace.sty
Package: setspace 2022/12/04 v6.7b set line spacing
)
(/opt/homebrew/Cellar/texlive/20260301/share/texmf-dist/tex/latex/parskip/parsk
ip.sty
Package: parskip 2021-03-14 v2.0h non-zero parskip adjustments

(/opt/homebrew/Cellar/texlive/20260301/share/texmf-dist/tex/latex/kvoptions/kvo
ptions.sty
Package: kvoptions 2022-06-15 v3.15 Key value format for package options (HO)

(/opt/homebrew/Cellar/texlive/20260301/share/texmf-dist/tex/generic/ltxcmds/ltx
cmds.sty
Package: ltxcmds 2023-12-04 v1.26 LaTeX kernel commands for general use (HO)
)
(/opt/homebrew/Cellar/texlive/20260301/share/texmf-dist/tex/latex/kvsetkeys/kvs
etkeys.sty
Package: kvsetkeys 2022-10-05 v1.19 Key value parser (HO)
)))
(/opt/homebrew/Cellar/texlive/20260301/share/texmf-dist/tex/latex/tools/longtab
le.sty
Package: longtable 2025-10-13 v4.24 Multi-page Table package (DPC)
\LTleft=\skip62
\LTright=\skip63
\LTpre=\skip64
\LTpost=\skip65
\LTchunksize=\count326
\LTcapwidth=\dimen197
\LT@head=\box58
\LT@firsthead=\box59
\LT@foot=\box60
\LT@lastfoot=\box61
\LT@gbox=\box62
\LT@cols=\count327
\LT@rows=\count328
\c@LT@tables=\count329
\c@LT@chunks=\count330
\LT@p@ftn=\toks26
)
(/opt/homebrew/Cellar/texlive/20260301/share/texmf-dist/tex/latex/booktabs/book
tabs.sty
Package: booktabs 2020/01/12 v1.61803398 Publication quality tables
\heavyrulewidth=\dimen198
\lightrulewidth=\dimen199
\cmidrulewidth=\dimen256
\belowrulesep=\dimen257
\belowbottomsep=\dimen258
\aboverulesep=\dimen259
\abovetopsep=\dimen260
\cmidrulesep=\dimen261
\cmidrulekern=\dimen262
\defaultaddspace=\dimen263
\@cmidla=\count331
\@cmidlb=\count332
\@aboverulesep=\dimen264
\@belowrulesep=\dimen265
\@thisruleclass=\count333
\@lastruleclass=\count334
\@thisrulewidth=\dimen266
)
(/opt/homebrew/Cellar/texlive/20260301/share/texmf-dist/tex/latex/tools/array.s
ty
Package: array 2025/09/25 v2.6n Tabular extension package (FMi)
\col@sep=\dimen267
\ar@mcellbox=\box63
\extrarowheight=\dimen268
\NC@list=\toks27
\extratabsurround=\skip66
\backup@length=\skip67
\ar@cellbox=\box64
)
\c@none=\count335

(/opt/homebrew/Cellar/texlive/20260301/share/texmf-dist/tex/latex/tools/calc.st
y
Package: calc 2025/03/01 v4.3b Infix arithmetic (KKT,FJ)
\calc@Acount=\count336
\calc@Bcount=\count337
\calc@Adimen=\dimen269
\calc@Bdimen=\dimen270
\calc@Askip=\skip68
\calc@Bskip=\skip69
LaTeX Info: Redefining \setlength on input line 86.
LaTeX Info: Redefining \addtolength on input line 87.
\calc@Ccount=\count338
\calc@Cskip=\skip70
)
(/opt/homebrew/Cellar/texlive/20260301/share/texmf-dist/tex/latex/footnotehyper
/footnotehyper.sty
Package: footnotehyper 2025/11/15 v1.1f hyperref aware footnote.sty (JFB)
\FNH@notes=\box65
\FNH@width=\dimen271
\FNH@toks=\toks28
)
(/opt/homebrew/Cellar/texlive/20260301/share/texmf-dist/tex/latex/xurl/xurl.sty
Package: xurl 2022/01/09 v 0.10 modify URL breaks
(/opt/homebrew/Cellar/texlive/20260301/share/texmf-dist/tex/latex/url/url.sty
\Urlmuskip=\muskip19
Package: url 2013/09/16  ver 3.4  Verb mode for urls, etc.
))
(/opt/homebrew/Cellar/texlive/20260301/share/texmf-dist/tex/latex/bookmark/book
mark.sty
Package: bookmark 2023-12-10 v1.31 PDF bookmarks (HO)

(/opt/homebrew/Cellar/texlive/20260301/share/texmf-dist/tex/latex/hyperref/hype
rref.sty
Package: hyperref 2026-01-29 v7.01p Hypertext links for LaTeX

(/opt/homebrew/Cellar/texlive/20260301/share/texmf-dist/tex/generic/kvdefinekey
s/kvdefinekeys.sty
Package: kvdefinekeys 2019-12-19 v1.6 Define keys (HO)
)
(/opt/homebrew/Cellar/texlive/20260301/share/texmf-dist/tex/generic/pdfescape/p
dfescape.sty
Package: pdfescape 2019/12/09 v1.15 Implements pdfTeX's escape features (HO)

(/opt/homebrew/Cellar/texlive/20260301/share/texmf-dist/tex/generic/pdftexcmds/
pdftexcmds.sty
Package: pdftexcmds 2020-06-27 v0.33 Utility functions of pdfTeX for LuaTeX (HO
)

(/opt/homebrew/Cellar/texlive/20260301/share/texmf-dist/tex/generic/infwarerr/i
nfwarerr.sty
Package: infwarerr 2019/12/03 v1.5 Providing info/warning/error messages (HO)
)
Package pdftexcmds Info: \pdf@primitive is available.
Package pdftexcmds Info: \pdf@ifprimitive is available.
Package pdftexcmds Info: \pdfdraftmode not found.
))
(/opt/homebrew/Cellar/texlive/20260301/share/texmf-dist/tex/latex/hycolor/hycol
or.sty
Package: hycolor 2020-01-27 v1.10 Color options for hyperref/bookmark (HO)
)
(/opt/homebrew/Cellar/texlive/20260301/share/texmf-dist/tex/latex/hyperref/name
ref.sty
Package: nameref 2026-01-29 v2.58 Cross-referencing by name of section

(/opt/homebrew/Cellar/texlive/20260301/share/texmf-dist/tex/latex/refcount/refc
ount.sty
Package: refcount 2019/12/15 v3.6 Data extraction from label references (HO)
)
(/opt/homebrew/Cellar/texlive/20260301/share/texmf-dist/tex/generic/gettitlestr
ing/gettitlestring.sty
Package: gettitlestring 2019/12/15 v1.6 Cleanup title references (HO)
)
\c@section@level=\count339
)
(/opt/homebrew/Cellar/texlive/20260301/share/texmf-dist/tex/generic/stringenc/s
tringenc.sty
Package: stringenc 2019/11/29 v1.12 Convert strings between diff. encodings (HO
)
)
\@linkdim=\dimen272
\Hy@linkcounter=\count340
\Hy@pagecounter=\count341

(/opt/homebrew/Cellar/texlive/20260301/share/texmf-dist/tex/latex/hyperref/pd1e
nc.def
File: pd1enc.def 2026-01-29 v7.01p Hyperref: PDFDocEncoding definition (HO)
)
(/opt/homebrew/Cellar/texlive/20260301/share/texmf-dist/tex/generic/intcalc/int
calc.sty
Package: intcalc 2019/12/15 v1.3 Expandable calculations with integers (HO)
)
\Hy@SavedSpaceFactor=\count342

(/opt/homebrew/Cellar/texlive/20260301/share/texmf-dist/tex/latex/hyperref/puen
c.def
File: puenc.def 2026-01-29 v7.01p Hyperref: PDF Unicode definition (HO)
)
Package hyperref Info: Option `unicode' set `true' on input line 4072.
Package hyperref Info: Hyper figures OFF on input line 4201.
Package hyperref Info: Link nesting OFF on input line 4206.
Package hyperref Info: Hyper index ON on input line 4209.
Package hyperref Info: Plain pages OFF on input line 4216.
Package hyperref Info: Backreferencing OFF on input line 4221.
Package hyperref Info: Implicit mode ON; LaTeX internals redefined.
Package hyperref Info: Bookmarks ON on input line 4468.
\c@Hy@tempcnt=\count343
LaTeX Info: Redefining \url on input line 4807.
\XeTeXLinkMargin=\dimen273

(/opt/homebrew/Cellar/texlive/20260301/share/texmf-dist/tex/generic/bitset/bits
et.sty
Package: bitset 2019/12/09 v1.3 Handle bit-vector datatype (HO)

(/opt/homebrew/Cellar/texlive/20260301/share/texmf-dist/tex/generic/bigintcalc/
bigintcalc.sty
Package: bigintcalc 2019/12/15 v1.5 Expandable calculations on big integers (HO
)
))
\Fld@menulength=\count344
\Field@Width=\dimen274
\Fld@charsize=\dimen275
Package hyperref Info: Hyper figures OFF on input line 6084.
Package hyperref Info: Link nesting OFF on input line 6089.
Package hyperref Info: Hyper index ON on input line 6092.
Package hyperref Info: backreferencing OFF on input line 6099.
Package hyperref Info: Link coloring OFF on input line 6104.
Package hyperref Info: Link coloring with OCG OFF on input line 6109.
Package hyperref Info: PDF/A mode OFF on input line 6114.
\Hy@abspage=\count345
\c@Item=\count346
\c@Hfootnote=\count347
)
Package hyperref Info: Driver (autodetected): hxetex.

(/opt/homebrew/Cellar/texlive/20260301/share/texmf-dist/tex/latex/hyperref/hxet
ex.def
File: hxetex.def 2026-01-29 v7.01p Hyperref driver for XeTeX
\pdfm@box=\box66
\c@Hy@AnnotLevel=\count348
\HyField@AnnotCount=\count349
\Fld@listcount=\count350
\c@bookmark@seq@number=\count351

(/opt/homebrew/Cellar/texlive/20260301/share/texmf-dist/tex/latex/rerunfilechec
k/rerunfilecheck.sty
Package: rerunfilecheck 2025-06-21 v1.11 Rerun checks for auxiliary files (HO)

(/opt/homebrew/Cellar/texlive/20260301/share/texmf-dist/tex/generic/uniquecount
er/uniquecounter.sty
Package: uniquecounter 2019/12/15 v1.4 Provide unlimited unique counter (HO)
)
Package uniquecounter Info: New unique counter `rerunfilecheck' on input line 2
84.
)
\Hy@SectionHShift=\skip71
)
(/opt/homebrew/Cellar/texlive/20260301/share/texmf-dist/tex/latex/bookmark/bkm-
dvipdfm.def
File: bkm-dvipdfm.def 2023-12-10 v1.31 bookmark driver for dvipdfm (HO)
\BKM@id=\count352
)) (./report.aux)
\openout1 = `report.aux'.

LaTeX Font Info:    Checking defaults for OML/cmm/m/it on input line 89.
LaTeX Font Info:    ... okay on input line 89.
LaTeX Font Info:    Checking defaults for OMS/cmsy/m/n on input line 89.
LaTeX Font Info:    ... okay on input line 89.
LaTeX Font Info:    Checking defaults for OT1/cmr/m/n on input line 89.
LaTeX Font Info:    ... okay on input line 89.
LaTeX Font Info:    Checking defaults for T1/cmr/m/n on input line 89.
LaTeX Font Info:    ... okay on input line 89.
LaTeX Font Info:    Checking defaults for TS1/cmr/m/n on input line 89.
LaTeX Font Info:    ... okay on input line 89.
LaTeX Font Info:    Checking defaults for TU/lmr/m/n on input line 89.
LaTeX Font Info:    ... okay on input line 89.
LaTeX Font Info:    Checking defaults for OMX/cmex/m/n on input line 89.
LaTeX Font Info:    ... okay on input line 89.
LaTeX Font Info:    Checking defaults for U/cmr/m/n on input line 89.
LaTeX Font Info:    ... okay on input line 89.
LaTeX Font Info:    Checking defaults for PD1/pdf/m/n on input line 89.
LaTeX Font Info:    ... okay on input line 89.
LaTeX Font Info:    Checking defaults for PU/pdf/m/n on input line 89.
LaTeX Font Info:    ... okay on input line 89.

*geometry* driver: auto-detecting
*geometry* detected driver: xetex
*geometry* verbose mode - [ preamble ] result:
* driver: xetex
* paper: a4paper
* layout: <same size as paper>
* layoutoffset:(h,v)=(0.0pt,0.0pt)
* modes: 
* h-part:(L,W,R)=(51.21495pt, 495.07797pt, 51.21495pt)
* v-part:(T,H,B)=(51.21495pt, 742.61694pt, 51.21495pt)
* \paperwidth=597.50787pt
* \paperheight=845.04684pt
* \textwidth=495.07797pt
* \textheight=742.61694pt
* \oddsidemargin=-21.05504pt
* \evensidemargin=-21.05504pt
* \topmargin=-58.05504pt
* \headheight=12.0pt
* \headsep=25.0pt
* \topskip=10.0pt
* \footskip=30.0pt
* \marginparwidth=57.0pt
* \marginparsep=11.0pt
* \columnsep=10.0pt
* \skip\footins=9.0pt plus 4.0pt minus 2.0pt
* \hoffset=0.0pt
* \voffset=0.0pt
* \mag=1000
* \@twocolumnfalse
* \@twosidefalse
* \@mparswitchfalse
* \@reversemarginfalse
* (1in=72.27pt=25.4mm, 1cm=28.453pt)

LaTeX Font Info:    Overwriting math alphabet `\mathsf' in version `normal'
(Font)                  OT1/lmss/m/n --> TU/lmss/m/n on input line 89.
LaTeX Font Info:    Overwriting math alphabet `\mathsf' in version `bold'
(Font)                  OT1/lmss/bx/n --> TU/lmss/b/n on input line 89.

Package fontspec Info: 
(fontspec)             latinmodern-math scale = 1.202006648705485.


Package fontspec Info: 
(fontspec)             latinmodern-math scale = 1.202006648705485.


Package fontspec Info: 
(fontspec)             latinmodern-math scale = 1.202006648705485.


Package fontspec Info: 
(fontspec)             Font family 'latinmodern-math.otf(0)' created for font
(fontspec)             'latinmodern-math.otf' with options
(fontspec)             [Scale=MatchLowercase,BoldItalicFont={},ItalicFont={},Sm
allCapsFont={},Script=Math,BoldFont={latinmodern-math.otf}].
(fontspec)              
(fontspec)              This font family consists of the following NFSS
(fontspec)             series/shapes:
(fontspec)              
(fontspec)             - 'normal' (m/n) with NFSS spec.:
(fontspec)             <->s*[1.202006648705485]"[latinmodern-math.otf]/OT:scrip
t=math;language=dflt;"
(fontspec)             - 'bold' (b/n) with NFSS spec.:
(fontspec)             <->s*[1.202006648705485]"[latinmodern-math.otf]/OT:scrip
t=math;language=dflt;"

LaTeX Font Info:    Font shape `TU/latinmodern-math.otf(0)/m/n' will be
(Font)              scaled to size 12.02011pt on input line 89.

Package fontspec Info: 
(fontspec)             latinmodern-math scale = 1.202006648705485.


Package fontspec Info: 
(fontspec)             latinmodern-math scale = 1.202006648705485.


Package fontspec Info: 
(fontspec)             latinmodern-math scale = 1.202006648705485.


Package fontspec Info: 
(fontspec)             latinmodern-math scale = 1.202006648705485.


Package fontspec Info: 
(fontspec)             latinmodern-math scale = 1.202006648705485.


Package fontspec Info: 
(fontspec)             Font family 'latinmodern-math.otf(1)' created for font
(fontspec)             'latinmodern-math.otf' with options
(fontspec)             [Scale=MatchLowercase,BoldItalicFont={},ItalicFont={},Sm
allCapsFont={},Script=Math,SizeFeatures={{Size=8.5-},{Size=6-8.5,Font=latinmode
rn-math.otf,Style=MathScript},{Size=-6,Font=latinmodern-math.otf,Style=MathScri
ptScript}},BoldFont={latinmodern-math.otf}].
(fontspec)              
(fontspec)              This font family consists of the following NFSS
(fontspec)             series/shapes:
(fontspec)              
(fontspec)             - 'normal' (m/n) with NFSS spec.:
(fontspec)             <8.5->s*[1.202006648705485]"[latinmodern-math.otf]/OT:sc
ript=math;language=dflt;"<6-8.5>s*[1.202006648705485]"[latinmodern-math.otf]/OT
:script=math;language=dflt;+ssty=0;"<-6>s*[1.202006648705485]"[latinmodern-math
.otf]/OT:script=math;language=dflt;+ssty=1;"
(fontspec)             - 'bold' (b/n) with NFSS spec.:
(fontspec)             <->s*[1.202006648705485]"[latinmodern-math.otf]/OT:scrip
t=math;language=dflt;"

LaTeX Font Info:    Font shape `TU/latinmodern-math.otf(1)/m/n' will be
(Font)              scaled to size 12.02011pt on input line 89.
LaTeX Font Info:    Encoding `OT1' has changed to `TU' for symbol font
(Font)              `operators' in the math version `normal' on input line 89.
LaTeX Font Info:    Overwriting symbol font `operators' in version `normal'
(Font)                  OT1/lmr/m/n --> TU/latinmodern-math.otf(1)/m/n on input
 line 89.
LaTeX Font Info:    Encoding `OT1' has changed to `TU' for symbol font
(Font)              `operators' in the math version `bold' on input line 89.
LaTeX Font Info:    Overwriting symbol font `operators' in version `bold'
(Font)                  OT1/lmr/bx/n --> TU/latinmodern-math.otf(1)/b/n on inpu
t line 89.

Package fontspec Info: 
(fontspec)             latinmodern-math scale = 1.202006648705485.


Package fontspec Info: 
(fontspec)             latinmodern-math scale = 1.202126849370356.


Package fontspec Info: 
(fontspec)             latinmodern-math scale = 1.202006648705485.


Package fontspec Info: 
(fontspec)             latinmodern-math scale = 1.202126849370356.


Package fontspec Info: 
(fontspec)             latinmodern-math scale = 1.202006648705485.


Package fontspec Info: 
(fontspec)             latinmodern-math scale = 1.202126849370356.


Package fontspec Info: 
(fontspec)             latinmodern-math scale = 1.202006648705485.


Package fontspec Info: 
(fontspec)             latinmodern-math scale = 1.202126849370356.


Package fontspec Info: 
(fontspec)             latinmodern-math scale = 1.202006648705485.


Package fontspec Info: 
(fontspec)             latinmodern-math scale = 1.202126849370356.


Package fontspec Info: 
(fontspec)             Font family 'latinmodern-math.otf(2)' created for font
(fontspec)             'latinmodern-math.otf' with options
(fontspec)             [Scale=MatchLowercase,BoldItalicFont={},ItalicFont={},Sm
allCapsFont={},Script=Math,SizeFeatures={{Size=8.5-},{Size=6-8.5,Font=latinmode
rn-math.otf,Style=MathScript},{Size=-6,Font=latinmodern-math.otf,Style=MathScri
ptScript}},BoldFont={latinmodern-math.otf},ScaleAgain=1.0001,FontAdjustment={\f
ontdimen
(fontspec)             8\font =8.13762pt\relax \fontdimen 9\font
(fontspec)             =4.73593pt\relax \fontdimen 10\font =5.33693pt\relax
(fontspec)             \fontdimen 11\font =8.2458pt\relax \fontdimen 12\font
(fontspec)             =4.14694pt\relax \fontdimen 13\font =4.3633pt\relax
(fontspec)             \fontdimen 14\font =4.3633pt\relax \fontdimen 15\font
(fontspec)             =3.47382pt\relax \fontdimen 16\font =2.96896pt\relax
(fontspec)             \fontdimen 17\font =2.96896pt\relax \fontdimen 18\font
(fontspec)             =3.00504pt\relax \fontdimen 19\font =2.40402pt\relax
(fontspec)             \fontdimen 22\font =3.00504pt\relax \fontdimen 20\font
(fontspec)             =0pt\relax \fontdimen 21\font =0pt\relax }].
(fontspec)              
(fontspec)              This font family consists of the following NFSS
(fontspec)             series/shapes:
(fontspec)              
(fontspec)             - 'normal' (m/n) with NFSS spec.:
(fontspec)             <8.5->s*[1.202126849370356]"[latinmodern-math.otf]/OT:sc
ript=math;language=dflt;"<6-8.5>s*[1.202126849370356]"[latinmodern-math.otf]/OT
:script=math;language=dflt;+ssty=0;"<-6>s*[1.202126849370356]"[latinmodern-math
.otf]/OT:script=math;language=dflt;+ssty=1;"
(fontspec)             - 'bold' (b/n) with NFSS spec.:
(fontspec)             <->s*[1.202126849370356]"[latinmodern-math.otf]/OT:scrip
t=math;language=dflt;"

LaTeX Font Info:    Encoding `OMS' has changed to `TU' for symbol font
(Font)              `symbols' in the math version `normal' on input line 89.
LaTeX Font Info:    Overwriting symbol font `symbols' in version `normal'
(Font)                  OMS/lmsy/m/n --> TU/latinmodern-math.otf(2)/m/n on inpu
t line 89.
LaTeX Font Info:    Encoding `OMS' has changed to `TU' for symbol font
(Font)              `symbols' in the math version `bold' on input line 89.
LaTeX Font Info:    Overwriting symbol font `symbols' in version `bold'
(Font)                  OMS/lmsy/b/n --> TU/latinmodern-math.otf(2)/b/n on inpu
t line 89.

Package fontspec Info: 
(fontspec)             latinmodern-math scale = 1.202006648705485.


Package fontspec Info: 
(fontspec)             latinmodern-math scale = 1.201886448040614.


Package fontspec Info: 
(fontspec)             latinmodern-math scale = 1.202006648705485.


Package fontspec Info: 
(fontspec)             latinmodern-math scale = 1.201886448040614.


Package fontspec Info: 
(fontspec)             latinmodern-math scale = 1.202006648705485.


Package fontspec Info: 
(fontspec)             latinmodern-math scale = 1.201886448040614.


Package fontspec Info: 
(fontspec)             latinmodern-math scale = 1.202006648705485.


Package fontspec Info: 
(fontspec)             latinmodern-math scale = 1.201886448040614.


Package fontspec Info: 
(fontspec)             latinmodern-math scale = 1.202006648705485.


Package fontspec Info: 
(fontspec)             latinmodern-math scale = 1.201886448040614.


Package fontspec Info: 
(fontspec)             Font family 'latinmodern-math.otf(3)' created for font
(fontspec)             'latinmodern-math.otf' with options
(fontspec)             [Scale=MatchLowercase,BoldItalicFont={},ItalicFont={},Sm
allCapsFont={},Script=Math,SizeFeatures={{Size=8.5-},{Size=6-8.5,Font=latinmode
rn-math.otf,Style=MathScript},{Size=-6,Font=latinmodern-math.otf,Style=MathScri
ptScript}},BoldFont={latinmodern-math.otf},ScaleAgain=0.9999,FontAdjustment={\f
ontdimen
(fontspec)             8\font =0.4808pt\relax \fontdimen 9\font
(fontspec)             =2.40402pt\relax \fontdimen 10\font =2.00735pt\relax
(fontspec)             \fontdimen 11\font =1.33423pt\relax \fontdimen 12\font
(fontspec)             =7.21207pt\relax \fontdimen 13\font =0pt\relax }].
(fontspec)              
(fontspec)              This font family consists of the following NFSS
(fontspec)             series/shapes:
(fontspec)              
(fontspec)             - 'normal' (m/n) with NFSS spec.:
(fontspec)             <8.5->s*[1.201886448040614]"[latinmodern-math.otf]/OT:sc
ript=math;language=dflt;"<6-8.5>s*[1.201886448040614]"[latinmodern-math.otf]/OT
:script=math;language=dflt;+ssty=0;"<-6>s*[1.201886448040614]"[latinmodern-math
.otf]/OT:script=math;language=dflt;+ssty=1;"
(fontspec)             - 'bold' (b/n) with NFSS spec.:
(fontspec)             <->s*[1.201886448040614]"[latinmodern-math.otf]/OT:scrip
t=math;language=dflt;"

LaTeX Font Info:    Encoding `OMX' has changed to `TU' for symbol font
(Font)              `largesymbols' in the math version `normal' on input line 8
9.
LaTeX Font Info:    Overwriting symbol font `largesymbols' in version `normal'
(Font)                  OMX/lmex/m/n --> TU/latinmodern-math.otf(3)/m/n on inpu
t line 89.
LaTeX Font Info:    Encoding `OMX' has changed to `TU' for symbol font
(Font)              `largesymbols' in the math version `bold' on input line 89.

LaTeX Font Info:    Overwriting symbol font `largesymbols' in version `bold'
(Font)                  OMX/lmex/m/n --> TU/latinmodern-math.otf(3)/b/n on inpu
t line 89.
LaTeX Info: Redefining \microtypecontext on input line 89.
Package microtype Info: Applying patch `item' on input line 89.
Package microtype Info: Applying patch `toc' on input line 89.
Package microtype Info: Applying patch `eqnum' on input line 89.
Package microtype Info: Applying patch `footnote' on input line 89.
Package microtype Info: Applying patch `verbatim' on input line 89.
LaTeX Info: Redefining \microtypesetup on input line 89.
Package microtype Info: Character protrusion enabled (level 2).
Package microtype Info: Using protrusion set `basicmath'.
Package microtype Info: No adjustment of tracking.
Package microtype Info: No adjustment of spacing.
Package microtype Info: No adjustment of kerning.
Package microtype Info: Loading generic protrusion settings for font family
(microtype)             `ArialUnicodeMS' (encoding: TU).
(microtype)             For optimal results, create family-specific settings.
(microtype)             See the microtype manual for details.
Package microtype Info: Character `textendash ' is missing
(microtype)             in font `TU/ArialUnicodeMS(0)/m/n/10'.
(microtype)             Ignoring protrusion settings for this character.
Package microtype Info: Character `textemdash ' is missing
(microtype)             in font `TU/ArialUnicodeMS(0)/m/n/10'.
(microtype)             Ignoring protrusion settings for this character.
Package microtype Info: Character `textquoteleft ' is missing
(microtype)             in font `TU/ArialUnicodeMS(0)/m/n/10'.
(microtype)             Ignoring protrusion settings for this character.
Package microtype Info: Character `textquoteright ' is missing
(microtype)             in font `TU/ArialUnicodeMS(0)/m/n/10'.
(microtype)             Ignoring protrusion settings for this character.
Package microtype Info: Character `textquotedblleft ' is missing
(microtype)             in font `TU/ArialUnicodeMS(0)/m/n/10'.
(microtype)             Ignoring protrusion settings for this character.
Package microtype Info: Character `textquotedblright ' is missing
(microtype)             in font `TU/ArialUnicodeMS(0)/m/n/10'.
(microtype)             Ignoring protrusion settings for this character.
Package hyperref Info: Link coloring OFF on input line 89.
Package hyperref Info: Option `unicode' set `true' on input line 89.
LaTeX Font Info:    Font shape `TU/ArialUnicodeMS(0)/m/n' will be
(Font)              scaled to size 14.4pt on input line 92.
LaTeX Font Info:    Font shape `TU/ArialUnicodeMS(0)/b/n' will be
(Font)              scaled to size 14.4pt on input line 92.
LaTeX Font Info:    Font shape `TU/SongtiSC(0)/b/n' will be
(Font)              scaled to size 16.72667pt on input line 92.
LaTeX Font Info:    Font shape `TU/ArialUnicodeMS(0)/m/n' will be
(Font)              scaled to size 12.0pt on input line 94.
Package microtype Info: Character `textendash ' is missing
(microtype)             in font `TU/ArialUnicodeMS(0)/m/n/12'.
(microtype)             Ignoring protrusion settings for this character.
Package microtype Info: Character `textemdash ' is missing
(microtype)             in font `TU/ArialUnicodeMS(0)/m/n/12'.
(microtype)             Ignoring protrusion settings for this character.
Package microtype Info: Character `textquoteleft ' is missing
(microtype)             in font `TU/ArialUnicodeMS(0)/m/n/12'.
(microtype)             Ignoring protrusion settings for this character.
Package microtype Info: Character `textquoteright ' is missing
(microtype)             in font `TU/ArialUnicodeMS(0)/m/n/12'.
(microtype)             Ignoring protrusion settings for this character.
Package microtype Info: Character `textquotedblleft ' is missing
(microtype)             in font `TU/ArialUnicodeMS(0)/m/n/12'.
(microtype)             Ignoring protrusion settings for this character.
Package microtype Info: Character `textquotedblright ' is missing
(microtype)             in font `TU/ArialUnicodeMS(0)/m/n/12'.
(microtype)             Ignoring protrusion settings for this character.
LaTeX Font Info:    Font shape `TU/ArialUnicodeMS(0)/b/n' will be
(Font)              scaled to size 12.0pt on input line 94.
LaTeX Font Info:    Font shape `TU/SongtiSC(0)/b/n' will be
(Font)              scaled to size 13.9389pt on input line 94.
LaTeX Font Info:    Font shape `TU/ArialUnicodeMS(0)/b/n' will be
(Font)              scaled to size 10.0pt on input line 96.
LaTeX Font Info:    Font shape `TU/SongtiSC(0)/b/n' will be
(Font)              scaled to size 11.61575pt on input line 96.
LaTeX Font Info:    Font shape `TU/SongtiSC(0)/m/n' will be
(Font)              scaled to size 11.61575pt on input line 96.

Package fontspec Info: 
(fontspec)             Arial Unicode MS scale = 0.9999970546740851.


Package fontspec Info: 
(fontspec)             Arial Unicode MS scale = 1.


Package fontspec Info: 
(fontspec)             Arial Unicode MS scale = 0.9999970546740851.


Package fontspec Info: 
(fontspec)             Arial Unicode MS scale = 1.


Package fontspec Info: 
(fontspec)             Arial Unicode MS scale = 0.9999970546740851.


Package fontspec Info: 
(fontspec)             Arial Unicode MS scale = 1.


Package fontspec Info: 
(fontspec)             Arial Unicode MS scale = 0.9999970546740851.


Package fontspec Info: 
(fontspec)             Arial Unicode MS scale = 1.


Package fontspec Info: 
(fontspec)             Arial Unicode MS scale = 0.9999970546740851.


Package fontspec Info: 
(fontspec)             Arial Unicode MS scale = 1.


Package fontspec Info: 
(fontspec)             Font family 'ArialUnicodeMS(2)' created for font 'Arial
(fontspec)             Unicode MS' with options
(fontspec)             [Scale=MatchLowercase,Ligatures=TeX,Scale=1,AutoFakeBold
=1.5,AutoFakeSlant=0.15,Mapping=].
(fontspec)              
(fontspec)              This font family consists of the following NFSS
(fontspec)             series/shapes:
(fontspec)              
(fontspec)             - 'normal' (m/n) with NFSS spec.: <->s*[1]"Arial
(fontspec)             Unicode MS/OT:language=dflt;"
(fontspec)             - 'bold' (b/n) with NFSS spec.: <->s*[1]"Arial Unicode
(fontspec)             MS/OT:language=dflt;embolden=1.5;"
(fontspec)             - 'italic' (m/it) with NFSS spec.: <->s*[1]"Arial
(fontspec)             Unicode MS/OT:language=dflt;slant=0.15;"
(fontspec)             - 'bold italic' (b/it) with NFSS spec.: <->s*[1]"Arial
(fontspec)             Unicode MS/OT:language=dflt;embolden=1.5;slant=0.15;"

LaTeX Font Info:    Font shape `TU/ArialUnicodeMS(2)/m/n' will be
(Font)              scaled to size 10.0pt on input line 108.
Package microtype Info: Character `textendash ' is missing
(microtype)             in font `TU/ArialUnicodeMS(2)/m/n/10'.
(microtype)             Ignoring protrusion settings for this character.
Package microtype Info: Character `textemdash ' is missing
(microtype)             in font `TU/ArialUnicodeMS(2)/m/n/10'.
(microtype)             Ignoring protrusion settings for this character.
Package microtype Info: Character `textquoteleft ' is missing
(microtype)             in font `TU/ArialUnicodeMS(2)/m/n/10'.
(microtype)             Ignoring protrusion settings for this character.
Package microtype Info: Character `textquoteright ' is missing
(microtype)             in font `TU/ArialUnicodeMS(2)/m/n/10'.
(microtype)             Ignoring protrusion settings for this character.
Package microtype Info: Character `textquotedblleft ' is missing
(microtype)             in font `TU/ArialUnicodeMS(2)/m/n/10'.
(microtype)             Ignoring protrusion settings for this character.
Package microtype Info: Character `textquotedblright ' is missing
(microtype)             in font `TU/ArialUnicodeMS(2)/m/n/10'.
(microtype)             Ignoring protrusion settings for this character.

Package fontspec Info: 
(fontspec)             Arial Unicode MS scale = 0.9999970546740851.


Package fontspec Info: 
(fontspec)             Arial Unicode MS scale = 1.


Package fontspec Info: 
(fontspec)             Arial Unicode MS scale = 0.9999970546740851.


Package fontspec Info: 
(fontspec)             Arial Unicode MS scale = 1.


Package fontspec Info: 
(fontspec)             Arial Unicode MS scale = 0.9999970546740851.


Package fontspec Info: 
(fontspec)             Arial Unicode MS scale = 1.


Package fontspec Info: 
(fontspec)             Arial Unicode MS scale = 0.9999970546740851.


Package fontspec Info: 
(fontspec)             Arial Unicode MS scale = 1.


Package fontspec Info: 
(fontspec)             Arial Unicode MS scale = 0.9999970546740851.


Package fontspec Info: 
(fontspec)             Arial Unicode MS scale = 1.


Package fontspec Info: 
(fontspec)             Arial Unicode MS scale = 0.9999970546740851.


Package fontspec Info: 
(fontspec)             Arial Unicode MS scale = 1.


Package fontspec Info: 
(fontspec)             Arial Unicode MS scale = 0.9999970546740851.


Package fontspec Info: 
(fontspec)             Arial Unicode MS scale = 1.


Package fontspec Info: 
(fontspec)             Arial Unicode MS scale = 0.9999970546740851.


Package fontspec Info: 
(fontspec)             Arial Unicode MS scale = 1.

LaTeX Font Info:    Font shape `TU/ArialUnicodeMS(2)/b/n' will be
(Font)              scaled to size 10.0pt on input line 114.

Package fontspec Info: 
(fontspec)             Arial Unicode MS scale = 0.9999970546740851.


Package fontspec Info: 
(fontspec)             Arial Unicode MS scale = 1.


Package fontspec Info: 
(fontspec)             Arial Unicode MS scale = 0.9999970546740851.


Package fontspec Info: 
(fontspec)             Arial Unicode MS scale = 1.


Package fontspec Info: 
(fontspec)             Arial Unicode MS scale = 0.9999970546740851.


Package fontspec Info: 
(fontspec)             Arial Unicode MS scale = 1.


Package fontspec Info: 
(fontspec)             Arial Unicode MS scale = 0.9999970546740851.


Package fontspec Info: 
(fontspec)             Arial Unicode MS scale = 1.


Package fontspec Info: 
(fontspec)             Arial Unicode MS scale = 0.9999970546740851.


Package fontspec Info: 
(fontspec)             Arial Unicode MS scale = 1.


Package fontspec Info: 
(fontspec)             Arial Unicode MS scale = 0.9999970546740851.


Package fontspec Info: 
(fontspec)             Arial Unicode MS scale = 1.


Package fontspec Info: 
(fontspec)             Arial Unicode MS scale = 0.9999970546740851.


Package fontspec Info: 
(fontspec)             Arial Unicode MS scale = 1.


Package fontspec Info: 
(fontspec)             Arial Unicode MS scale = 0.9999970546740851.


Package fontspec Info: 
(fontspec)             Arial Unicode MS scale = 1.


Package fontspec Info: 
(fontspec)             Arial Unicode MS scale = 0.9999970546740851.


Package fontspec Info: 
(fontspec)             Arial Unicode MS scale = 1.


Package fontspec Info: 
(fontspec)             Arial Unicode MS scale = 0.9999970546740851.


Package fontspec Info: 
(fontspec)             Arial Unicode MS scale = 1.


Package fontspec Info: 
(fontspec)             Arial Unicode MS scale = 0.9999970546740851.


Package fontspec Info: 
(fontspec)             Arial Unicode MS scale = 1.


Package fontspec Info: 
(fontspec)             Arial Unicode MS scale = 0.9999970546740851.


Package fontspec Info: 
(fontspec)             Arial Unicode MS scale = 1.


Package fontspec Info: 
(fontspec)             Arial Unicode MS scale = 0.9999970546740851.


Package fontspec Info: 
(fontspec)             Arial Unicode MS scale = 1.


Package fontspec Info: 
(fontspec)             Arial Unicode MS scale = 0.9999970546740851.


Package fontspec Info: 
(fontspec)             Arial Unicode MS scale = 1.


Package fontspec Info: 
(fontspec)             Arial Unicode MS scale = 0.9999970546740851.


Package fontspec Info: 
(fontspec)             Arial Unicode MS scale = 1.


Package fontspec Info: 
(fontspec)             Arial Unicode MS scale = 0.9999970546740851.


Package fontspec Info: 
(fontspec)             Arial Unicode MS scale = 1.


Package fontspec Info: 
(fontspec)             Arial Unicode MS scale = 0.9999970546740851.


Package fontspec Info: 
(fontspec)             Arial Unicode MS scale = 1.

[1

]

Package fontspec Info: 
(fontspec)             Arial Unicode MS scale = 0.9999970546740851.


Package fontspec Info: 
(fontspec)             Arial Unicode MS scale = 1.


Package fontspec Info: 
(fontspec)             Arial Unicode MS scale = 0.9999970546740851.


Package fontspec Info: 
(fontspec)             Arial Unicode MS scale = 1.


Package fontspec Info: 
(fontspec)             Arial Unicode MS scale = 0.9999970546740851.


Package fontspec Info: 
(fontspec)             Arial Unicode MS scale = 1.


Package fontspec Info: 
(fontspec)             Arial Unicode MS scale = 0.9999970546740851.


Package fontspec Info: 
(fontspec)             Arial Unicode MS scale = 1.


Package fontspec Info: 
(fontspec)             Arial Unicode MS scale = 0.9999970546740851.


Package fontspec Info: 
(fontspec)             Arial Unicode MS scale = 1.


Package fontspec Info: 
(fontspec)             Arial Unicode MS scale = 0.9999970546740851.


Package fontspec Info: 
(fontspec)             Arial Unicode MS scale = 1.


Package fontspec Info: 
(fontspec)             Arial Unicode MS scale = 0.9999970546740851.


Package fontspec Info: 
(fontspec)             Arial Unicode MS scale = 1.


Package fontspec Info: 
(fontspec)             Arial Unicode MS scale = 0.9999970546740851.


Package fontspec Info: 
(fontspec)             Arial Unicode MS scale = 1.


Package fontspec Info: 
(fontspec)             Arial Unicode MS scale = 0.9999970546740851.


Package fontspec Info: 
(fontspec)             Arial Unicode MS scale = 1.


Package fontspec Info: 
(fontspec)             Arial Unicode MS scale = 0.9999970546740851.


Package fontspec Info: 
(fontspec)             Arial Unicode MS scale = 1.


Package fontspec Info: 
(fontspec)             Arial Unicode MS scale = 0.9999970546740851.


Package fontspec Info: 
(fontspec)             Arial Unicode MS scale = 1.


Package fontspec Info: 
(fontspec)             Arial Unicode MS scale = 0.9999970546740851.


Package fontspec Info: 
(fontspec)             Arial Unicode MS scale = 1.


Package fontspec Info: 
(fontspec)             Arial Unicode MS scale = 0.9999970546740851.


Package fontspec Info: 
(fontspec)             Arial Unicode MS scale = 1.


Package fontspec Info: 
(fontspec)             Arial Unicode MS scale = 0.9999970546740851.


Package fontspec Info: 
(fontspec)             Arial Unicode MS scale = 1.


Package fontspec Info: 
(fontspec)             Arial Unicode MS scale = 0.9999970546740851.


Package fontspec Info: 
(fontspec)             Arial Unicode MS scale = 1.


Package fontspec Info: 
(fontspec)             Arial Unicode MS scale = 0.9999970546740851.


Package fontspec Info: 
(fontspec)             Arial Unicode MS scale = 1.


Package fontspec Info: 
(fontspec)             Arial Unicode MS scale = 0.9999970546740851.


Package fontspec Info: 
(fontspec)             Arial Unicode MS scale = 1.


Package fontspec Info: 
(fontspec)             Arial Unicode MS scale = 0.9999970546740851.


Package fontspec Info: 
(fontspec)             Arial Unicode MS scale = 1.


Package fontspec Info: 
(fontspec)             Arial Unicode MS scale = 0.9999970546740851.


Package fontspec Info: 
(fontspec)             Arial Unicode MS scale = 1.


Package fontspec Info: 
(fontspec)             Arial Unicode MS scale = 0.9999970546740851.


Package fontspec Info: 
(fontspec)             Arial Unicode MS scale = 1.


Package fontspec Info: 
(fontspec)             Arial Unicode MS scale = 0.9999970546740851.


Package fontspec Info: 
(fontspec)             Arial Unicode MS scale = 1.


Package fontspec Info: 
(fontspec)             Arial Unicode MS scale = 0.9999970546740851.


Package fontspec Info: 
(fontspec)             Arial Unicode MS scale = 1.


Package fontspec Info: 
(fontspec)             Arial Unicode MS scale = 0.9999970546740851.


Package fontspec Info: 
(fontspec)             Arial Unicode MS scale = 1.


Package fontspec Info: 
(fontspec)             Arial Unicode MS scale = 0.9999970546740851.


Package fontspec Info: 
(fontspec)             Arial Unicode MS scale = 1.

 [2]
LaTeX Font Info:    Font shape `TU/ArialUnicodeMS(0)/m/n' will be
(Font)              scaled to size 8.7pt on input line 215.
LaTeX Font Info:    Font shape `TU/SongtiSC(0)/m/n' will be
(Font)              scaled to size 10.1057pt on input line 220.
LaTeX Font Info:    Font shape `TU/ArialUnicodeMS(0)/b/n' will be
(Font)              scaled to size 8.7pt on input line 228.

Package fontspec Info: 
(fontspec)             Arial Unicode MS scale = 0.9999966145648191.


Package fontspec Info: 
(fontspec)             Arial Unicode MS scale = 1.

LaTeX Font Info:    Font shape `TU/ArialUnicodeMS(2)/b/n' will be
(Font)              scaled to size 8.7pt on input line 228.
LaTeX Font Info:    Font shape `TU/SongtiSC(0)/b/n' will be
(Font)              scaled to size 10.1057pt on input line 228.

Package fontspec Info: 
(fontspec)             Arial Unicode MS scale = 0.9999966145648191.


Package fontspec Info: 
(fontspec)             Arial Unicode MS scale = 1.


Package fontspec Info: 
(fontspec)             Arial Unicode MS scale = 0.9999966145648191.


Package fontspec Info: 
(fontspec)             Arial Unicode MS scale = 1.

LaTeX Font Info:    Font shape `TU/ArialUnicodeMS(2)/m/n' will be
(Font)              scaled to size 8.7pt on input line 230.

Package fontspec Info: 
(fontspec)             Arial Unicode MS scale = 0.9999966145648191.


Package fontspec Info: 
(fontspec)             Arial Unicode MS scale = 1.


Package fontspec Info: 
(fontspec)             Arial Unicode MS scale = 0.9999966145648191.


Package fontspec Info: 
(fontspec)             Arial Unicode MS scale = 1.


Package fontspec Info: 
(fontspec)             Arial Unicode MS scale = 0.9999966145648191.


Package fontspec Info: 
(fontspec)             Arial Unicode MS scale = 1.


Package fontspec Info: 
(fontspec)             Arial Unicode MS scale = 0.9999966145648191.


Package fontspec Info: 
(fontspec)             Arial Unicode MS scale = 1.


Package fontspec Info: 
(fontspec)             Arial Unicode MS scale = 0.9999966145648191.


Package fontspec Info: 
(fontspec)             Arial Unicode MS scale = 1.


Package fontspec Info: 
(fontspec)             Arial Unicode MS scale = 0.9999966145648191.


Package fontspec Info: 
(fontspec)             Arial Unicode MS scale = 1.


Package fontspec Info: 
(fontspec)             Arial Unicode MS scale = 0.9999966145648191.


Package fontspec Info: 
(fontspec)             Arial Unicode MS scale = 1.


Package fontspec Info: 
(fontspec)             Script 'CJK' not explicitly supported within font
(fontspec)             'Songti SC'. Check the typeset output, and if it is
(fontspec)             okay then ignore this warning. Otherwise a different
(fontspec)             font should be chosen.


Package fontspec Info: 
(fontspec)             Songti SC scale = 1.161576757611269.

LaTeX Font Info:    Font shape `TU/Menlo(0)/m/n' will be
(Font)              scaled to size 8.27254pt on input line 233.

Package fontspec Info: 
(fontspec)             Arial Unicode MS scale = 0.9999966145648191.


Package fontspec Info: 
(fontspec)             Arial Unicode MS scale = 1.


Package fontspec Info: 
(fontspec)             Arial Unicode MS scale = 0.9999966145648191.


Package fontspec Info: 
(fontspec)             Arial Unicode MS scale = 1.


Package fontspec Info: 
(fontspec)             Arial Unicode MS scale = 0.9999966145648191.


Package fontspec Info: 
(fontspec)             Arial Unicode MS scale = 1.


Package fontspec Info: 
(fontspec)             Arial Unicode MS scale = 0.9999966145648191.


Package fontspec Info: 
(fontspec)             Arial Unicode MS scale = 1.


Package fontspec Info: 
(fontspec)             Arial Unicode MS scale = 0.9999966145648191.


Package fontspec Info: 
(fontspec)             Arial Unicode MS scale = 1.


Package fontspec Info: 
(fontspec)             Arial Unicode MS scale = 0.9999966145648191.


Package fontspec Info: 
(fontspec)             Arial Unicode MS scale = 1.


Package fontspec Info: 
(fontspec)             Arial Unicode MS scale = 0.9999966145648191.


Package fontspec Info: 
(fontspec)             Arial Unicode MS scale = 1.


Package fontspec Info: 
(fontspec)             Arial Unicode MS scale = 0.9999966145648191.


Package fontspec Info: 
(fontspec)             Arial Unicode MS scale = 1.


Package fontspec Info: 
(fontspec)             Arial Unicode MS scale = 0.9999966145648191.


Package fontspec Info: 
(fontspec)             Arial Unicode MS scale = 1.


Package fontspec Info: 
(fontspec)             Arial Unicode MS scale = 0.9999966145648191.


Package fontspec Info: 
(fontspec)             Arial Unicode MS scale = 1.


Package fontspec Info: 
(fontspec)             Arial Unicode MS scale = 0.9999970546740851.


Package fontspec Info: 
(fontspec)             Arial Unicode MS scale = 1.


Package fontspec Info: 
(fontspec)             Arial Unicode MS scale = 0.9999970546740851.


Package fontspec Info: 
(fontspec)             Arial Unicode MS scale = 1.

 [3]

Package fontspec Info: 
(fontspec)             Arial Unicode MS scale = 0.9999970546740851.


Package fontspec Info: 
(fontspec)             Arial Unicode MS scale = 1.


Package fontspec Info: 
(fontspec)             Arial Unicode MS scale = 0.9999970546740851.


Package fontspec Info: 
(fontspec)             Arial Unicode MS scale = 1.


Package fontspec Info: 
(fontspec)             Arial Unicode MS scale = 0.9999970546740851.


Package fontspec Info: 
(fontspec)             Arial Unicode MS scale = 1.


Package fontspec Info: 
(fontspec)             Arial Unicode MS scale = 0.9999970546740851.


Package fontspec Info: 
(fontspec)             Arial Unicode MS scale = 1.


Package fontspec Info: 
(fontspec)             Arial Unicode MS scale = 0.9999970546740851.


Package fontspec Info: 
(fontspec)             Arial Unicode MS scale = 1.


Package fontspec Info: 
(fontspec)             Arial Unicode MS scale = 0.9999970546740851.


Package fontspec Info: 
(fontspec)             Arial Unicode MS scale = 1.


Package fontspec Info: 
(fontspec)             Arial Unicode MS scale = 0.9999970546740851.


Package fontspec Info: 
(fontspec)             Arial Unicode MS scale = 1.


Package fontspec Info: 
(fontspec)             Arial Unicode MS scale = 0.9999970546740851.


Package fontspec Info: 
(fontspec)             Arial Unicode MS scale = 1.


Package fontspec Info: 
(fontspec)             Arial Unicode MS scale = 0.9999970546740851.


Package fontspec Info: 
(fontspec)             Arial Unicode MS scale = 1.


Package fontspec Info: 
(fontspec)             Arial Unicode MS scale = 0.9999970546740851.


Package fontspec Info: 
(fontspec)             Arial Unicode MS scale = 1.


Package fontspec Info: 
(fontspec)             Arial Unicode MS scale = 0.9999970546740851.


Package fontspec Info: 
(fontspec)             Arial Unicode MS scale = 1.


Package fontspec Info: 
(fontspec)             Arial Unicode MS scale = 0.9999970546740851.


Package fontspec Info: 
(fontspec)             Arial Unicode MS scale = 1.


Package fontspec Info: 
(fontspec)             Arial Unicode MS scale = 0.9999970546740851.


Package fontspec Info: 
(fontspec)             Arial Unicode MS scale = 1.


Package fontspec Info: 
(fontspec)             Arial Unicode MS scale = 0.9999970546740851.


Package fontspec Info: 
(fontspec)             Arial Unicode MS scale = 1.


Package fontspec Info: 
(fontspec)             Arial Unicode MS scale = 0.9999970546740851.


Package fontspec Info: 
(fontspec)             Arial Unicode MS scale = 1.


Package fontspec Info: 
(fontspec)             Arial Unicode MS scale = 0.9999970546740851.


Package fontspec Info: 
(fontspec)             Arial Unicode MS scale = 1.


Package fontspec Info: 
(fontspec)             Arial Unicode MS scale = 0.9999970546740851.


Package fontspec Info: 
(fontspec)             Arial Unicode MS scale = 1.


Package fontspec Info: 
(fontspec)             Arial Unicode MS scale = 0.9999970546740851.


Package fontspec Info: 
(fontspec)             Arial Unicode MS scale = 1.


Package fontspec Info: 
(fontspec)             Arial Unicode MS scale = 0.9999970546740851.


Package fontspec Info: 
(fontspec)             Arial Unicode MS scale = 1.


Package fontspec Info: 
(fontspec)             Arial Unicode MS scale = 0.9999970546740851.


Package fontspec Info: 
(fontspec)             Arial Unicode MS scale = 1.


Package fontspec Info: 
(fontspec)             Arial Unicode MS scale = 0.9999970546740851.


Package fontspec Info: 
(fontspec)             Arial Unicode MS scale = 1.


Package fontspec Info: 
(fontspec)             Arial Unicode MS scale = 0.9999970546740851.


Package fontspec Info: 
(fontspec)             Arial Unicode MS scale = 1.


Package fontspec Info: 
(fontspec)             Arial Unicode MS scale = 0.9999970546740851.


Package fontspec Info: 
(fontspec)             Arial Unicode MS scale = 1.


Package fontspec Info: 
(fontspec)             Arial Unicode MS scale = 0.9999970546740851.


Package fontspec Info: 
(fontspec)             Arial Unicode MS scale = 1.


Package fontspec Info: 
(fontspec)             Arial Unicode MS scale = 0.9999970546740851.


Package fontspec Info: 
(fontspec)             Arial Unicode MS scale = 1.


Package fontspec Info: 
(fontspec)             Arial Unicode MS scale = 0.9999970546740851.


Package fontspec Info: 
(fontspec)             Arial Unicode MS scale = 1.

 [4]

Package fontspec Info: 
(fontspec)             Arial Unicode MS scale = 0.9999970546740851.


Package fontspec Info: 
(fontspec)             Arial Unicode MS scale = 1.


Package fontspec Info: 
(fontspec)             Arial Unicode MS scale = 0.9999970546740851.


Package fontspec Info: 
(fontspec)             Arial Unicode MS scale = 1.


Package fontspec Info: 
(fontspec)             Arial Unicode MS scale = 0.9999970546740851.


Package fontspec Info: 
(fontspec)             Arial Unicode MS scale = 1.


Package fontspec Info: 
(fontspec)             Arial Unicode MS scale = 0.9999970546740851.


Package fontspec Info: 
(fontspec)             Arial Unicode MS scale = 1.


Package fontspec Info: 
(fontspec)             Arial Unicode MS scale = 0.9999970546740851.


Package fontspec Info: 
(fontspec)             Arial Unicode MS scale = 1.


Package fontspec Info: 
(fontspec)             Arial Unicode MS scale = 0.9999970546740851.


Package fontspec Info: 
(fontspec)             Arial Unicode MS scale = 1.


Package fontspec Info: 
(fontspec)             Arial Unicode MS scale = 0.9999970546740851.


Package fontspec Info: 
(fontspec)             Arial Unicode MS scale = 1.


Package fontspec Info: 
(fontspec)             Arial Unicode MS scale = 0.9999970546740851.


Package fontspec Info: 
(fontspec)             Arial Unicode MS scale = 1.


Package fontspec Info: 
(fontspec)             Arial Unicode MS scale = 0.9999970546740851.


Package fontspec Info: 
(fontspec)             Arial Unicode MS scale = 1.


Package fontspec Info: 
(fontspec)             Arial Unicode MS scale = 0.9999970546740851.


Package fontspec Info: 
(fontspec)             Arial Unicode MS scale = 1.


Package fontspec Info: 
(fontspec)             Arial Unicode MS scale = 0.9999970546740851.


Package fontspec Info: 
(fontspec)             Arial Unicode MS scale = 1.


Package fontspec Info: 
(fontspec)             Arial Unicode MS scale = 0.9999970546740851.


Package fontspec Info: 
(fontspec)             Arial Unicode MS scale = 1.


Package fontspec Info: 
(fontspec)             Arial Unicode MS scale = 0.9999970546740851.


Package fontspec Info: 
(fontspec)             Arial Unicode MS scale = 1.


Package fontspec Info: 
(fontspec)             Arial Unicode MS scale = 0.9999970546740851.


Package fontspec Info: 
(fontspec)             Arial Unicode MS scale = 1.


Package fontspec Info: 
(fontspec)             Arial Unicode MS scale = 0.9999970546740851.


Package fontspec Info: 
(fontspec)             Arial Unicode MS scale = 1.


Package fontspec Info: 
(fontspec)             Arial Unicode MS scale = 0.9999970546740851.


Package fontspec Info: 
(fontspec)             Arial Unicode MS scale = 1.


Package fontspec Info: 
(fontspec)             Arial Unicode MS scale = 0.9999970546740851.


Package fontspec Info: 
(fontspec)             Arial Unicode MS scale = 1.


Package fontspec Info: 
(fontspec)             Arial Unicode MS scale = 0.9999970546740851.


Package fontspec Info: 
(fontspec)             Arial Unicode MS scale = 1.


Package fontspec Info: 
(fontspec)             Arial Unicode MS scale = 0.9999970546740851.


Package fontspec Info: 
(fontspec)             Arial Unicode MS scale = 1.


Package fontspec Info: 
(fontspec)             Arial Unicode MS scale = 0.9999970546740851.


Package fontspec Info: 
(fontspec)             Arial Unicode MS scale = 1.


Package fontspec Info: 
(fontspec)             Arial Unicode MS scale = 0.9999970546740851.


Package fontspec Info: 
(fontspec)             Arial Unicode MS scale = 1.


Package fontspec Info: 
(fontspec)             Arial Unicode MS scale = 0.9999970546740851.


Package fontspec Info: 
(fontspec)             Arial Unicode MS scale = 1.


Package fontspec Info: 
(fontspec)             Arial Unicode MS scale = 0.9999970546740851.


Package fontspec Info: 
(fontspec)             Arial Unicode MS scale = 1.


Package fontspec Info: 
(fontspec)             Arial Unicode MS scale = 0.9999970546740851.


Package fontspec Info: 
(fontspec)             Arial Unicode MS scale = 1.


Package fontspec Info: 
(fontspec)             Arial Unicode MS scale = 0.9999970546740851.


Package fontspec Info: 
(fontspec)             Arial Unicode MS scale = 1.


Package fontspec Info: 
(fontspec)             Arial Unicode MS scale = 0.9999970546740851.


Package fontspec Info: 
(fontspec)             Arial Unicode MS scale = 1.

 [5]

Package fontspec Info: 
(fontspec)             Arial Unicode MS scale = 0.9999970546740851.


Package fontspec Info: 
(fontspec)             Arial Unicode MS scale = 1.


Package fontspec Info: 
(fontspec)             Arial Unicode MS scale = 0.9999970546740851.


Package fontspec Info: 
(fontspec)             Arial Unicode MS scale = 1.


Package fontspec Info: 
(fontspec)             Arial Unicode MS scale = 0.9999970546740851.


Package fontspec Info: 
(fontspec)             Arial Unicode MS scale = 1.


Package fontspec Info: 
(fontspec)             Arial Unicode MS scale = 0.9999970546740851.


Package fontspec Info: 
(fontspec)             Arial Unicode MS scale = 1.


Package fontspec Info: 
(fontspec)             Arial Unicode MS scale = 0.9999970546740851.


Package fontspec Info: 
(fontspec)             Arial Unicode MS scale = 1.


Package fontspec Info: 
(fontspec)             Arial Unicode MS scale = 0.9999970546740851.


Package fontspec Info: 
(fontspec)             Arial Unicode MS scale = 1.


Package fontspec Info: 
(fontspec)             Arial Unicode MS scale = 0.9999970546740851.


Package fontspec Info: 
(fontspec)             Arial Unicode MS scale = 1.


Package fontspec Info: 
(fontspec)             Arial Unicode MS scale = 0.9999970546740851.


Package fontspec Info: 
(fontspec)             Arial Unicode MS scale = 1.


Package fontspec Info: 
(fontspec)             Arial Unicode MS scale = 0.9999970546740851.


Package fontspec Info: 
(fontspec)             Arial Unicode MS scale = 1.


Package fontspec Info: 
(fontspec)             Arial Unicode MS scale = 0.9999970546740851.


Package fontspec Info: 
(fontspec)             Arial Unicode MS scale = 1.


Package fontspec Info: 
(fontspec)             Arial Unicode MS scale = 0.9999970546740851.


Package fontspec Info: 
(fontspec)             Arial Unicode MS scale = 1.


Package fontspec Info: 
(fontspec)             Arial Unicode MS scale = 0.9999970546740851.


Package fontspec Info: 
(fontspec)             Arial Unicode MS scale = 1.


Package fontspec Info: 
(fontspec)             Arial Unicode MS scale = 0.9999970546740851.


Package fontspec Info: 
(fontspec)             Arial Unicode MS scale = 1.


Package fontspec Info: 
(fontspec)             Arial Unicode MS scale = 0.9999970546740851.


Package fontspec Info: 
(fontspec)             Arial Unicode MS scale = 1.

 [6]

Package fontspec Info: 
(fontspec)             Arial Unicode MS scale = 0.9999970546740851.


Package fontspec Info: 
(fontspec)             Arial Unicode MS scale = 1.


Package fontspec Info: 
(fontspec)             Arial Unicode MS scale = 0.9999970546740851.


Package fontspec Info: 
(fontspec)             Arial Unicode MS scale = 1.


Package fontspec Info: 
(fontspec)             Arial Unicode MS scale = 0.9999970546740851.


Package fontspec Info: 
(fontspec)             Arial Unicode MS scale = 1.


Package fontspec Info: 
(fontspec)             Arial Unicode MS scale = 0.9999970546740851.


Package fontspec Info: 
(fontspec)             Arial Unicode MS scale = 1.


Package fontspec Info: 
(fontspec)             Arial Unicode MS scale = 0.9999970546740851.


Package fontspec Info: 
(fontspec)             Arial Unicode MS scale = 1.


Package fontspec Info: 
(fontspec)             Arial Unicode MS scale = 0.9999970546740851.


Package fontspec Info: 
(fontspec)             Arial Unicode MS scale = 1.


Package fontspec Info: 
(fontspec)             Arial Unicode MS scale = 0.9999970546740851.


Package fontspec Info: 
(fontspec)             Arial Unicode MS scale = 1.


Package fontspec Info: 
(fontspec)             Arial Unicode MS scale = 0.9999970546740851.


Package fontspec Info: 
(fontspec)             Arial Unicode MS scale = 1.


Package fontspec Info: 
(fontspec)             Arial Unicode MS scale = 0.9999970546740851.


Package fontspec Info: 
(fontspec)             Arial Unicode MS scale = 1.


Package fontspec Info: 
(fontspec)             Arial Unicode MS scale = 0.9999970546740851.


Package fontspec Info: 
(fontspec)             Arial Unicode MS scale = 1.


Package fontspec Info: 
(fontspec)             Arial Unicode MS scale = 0.9999970546740851.


Package fontspec Info: 
(fontspec)             Arial Unicode MS scale = 1.


Package fontspec Info: 
(fontspec)             Arial Unicode MS scale = 0.9999970546740851.


Package fontspec Info: 
(fontspec)             Arial Unicode MS scale = 1.

 [7]

Package fontspec Info: 
(fontspec)             Arial Unicode MS scale = 0.9999970546740851.


Package fontspec Info: 
(fontspec)             Arial Unicode MS scale = 1.


Package fontspec Info: 
(fontspec)             Arial Unicode MS scale = 0.9999970546740851.


Package fontspec Info: 
(fontspec)             Arial Unicode MS scale = 1.


Package fontspec Info: 
(fontspec)             Arial Unicode MS scale = 0.9999970546740851.


Package fontspec Info: 
(fontspec)             Arial Unicode MS scale = 1.


Package fontspec Info: 
(fontspec)             Arial Unicode MS scale = 0.9999970546740851.


Package fontspec Info: 
(fontspec)             Arial Unicode MS scale = 1.


Package fontspec Info: 
(fontspec)             Arial Unicode MS scale = 0.9999970546740851.


Package fontspec Info: 
(fontspec)             Arial Unicode MS scale = 1.


Package fontspec Info: 
(fontspec)             Arial Unicode MS scale = 0.9999970546740851.


Package fontspec Info: 
(fontspec)             Arial Unicode MS scale = 1.


Package fontspec Info: 
(fontspec)             Arial Unicode MS scale = 0.9999970546740851.


Package fontspec Info: 
(fontspec)             Arial Unicode MS scale = 1.


Package fontspec Info: 
(fontspec)             Arial Unicode MS scale = 0.9999970546740851.


Package fontspec Info: 
(fontspec)             Arial Unicode MS scale = 1.


Package fontspec Info: 
(fontspec)             Arial Unicode MS scale = 0.9999970546740851.


Package fontspec Info: 
(fontspec)             Arial Unicode MS scale = 1.


Package fontspec Info: 
(fontspec)             Arial Unicode MS scale = 0.9999970546740851.


Package fontspec Info: 
(fontspec)             Arial Unicode MS scale = 1.


Package fontspec Info: 
(fontspec)             Arial Unicode MS scale = 0.9999970546740851.


Package fontspec Info: 
(fontspec)             Arial Unicode MS scale = 1.


Package fontspec Info: 
(fontspec)             Arial Unicode MS scale = 0.9999970546740851.


Package fontspec Info: 
(fontspec)             Arial Unicode MS scale = 1.


Package fontspec Info: 
(fontspec)             Arial Unicode MS scale = 0.9999970546740851.


Package fontspec Info: 
(fontspec)             Arial Unicode MS scale = 1.


Package fontspec Info: 
(fontspec)             Arial Unicode MS scale = 0.9999970546740851.


Package fontspec Info: 
(fontspec)             Arial Unicode MS scale = 1.


Package fontspec Info: 
(fontspec)             Arial Unicode MS scale = 0.9999970546740851.


Package fontspec Info: 
(fontspec)             Arial Unicode MS scale = 1.


Package fontspec Info: 
(fontspec)             Arial Unicode MS scale = 0.9999970546740851.


Package fontspec Info: 
(fontspec)             Arial Unicode MS scale = 1.


Package fontspec Info: 
(fontspec)             Arial Unicode MS scale = 0.9999970546740851.


Package fontspec Info: 
(fontspec)             Arial Unicode MS scale = 1.


Package fontspec Info: 
(fontspec)             Arial Unicode MS scale = 0.9999970546740851.


Package fontspec Info: 
(fontspec)             Arial Unicode MS scale = 1.


Package fontspec Info: 
(fontspec)             Arial Unicode MS scale = 0.9999970546740851.


Package fontspec Info: 
(fontspec)             Arial Unicode MS scale = 1.


Package fontspec Info: 
(fontspec)             Arial Unicode MS scale = 0.9999970546740851.


Package fontspec Info: 
(fontspec)             Arial Unicode MS scale = 1.


Package fontspec Info: 
(fontspec)             Arial Unicode MS scale = 0.9999970546740851.


Package fontspec Info: 
(fontspec)             Arial Unicode MS scale = 1.


Package fontspec Info: 
(fontspec)             Arial Unicode MS scale = 0.9999970546740851.


Package fontspec Info: 
(fontspec)             Arial Unicode MS scale = 1.


Package fontspec Info: 
(fontspec)             Arial Unicode MS scale = 0.9999970546740851.


Package fontspec Info: 
(fontspec)             Arial Unicode MS scale = 1.


Package fontspec Info: 
(fontspec)             Arial Unicode MS scale = 0.9999970546740851.


Package fontspec Info: 
(fontspec)             Arial Unicode MS scale = 1.

 [8]

Package fontspec Info: 
(fontspec)             Arial Unicode MS scale = 0.9999970546740851.


Package fontspec Info: 
(fontspec)             Arial Unicode MS scale = 1.


Package fontspec Info: 
(fontspec)             Arial Unicode MS scale = 0.9999970546740851.


Package fontspec Info: 
(fontspec)             Arial Unicode MS scale = 1.


Package fontspec Info: 
(fontspec)             Arial Unicode MS scale = 0.9999970546740851.


Package fontspec Info: 
(fontspec)             Arial Unicode MS scale = 1.


Package fontspec Info: 
(fontspec)             Arial Unicode MS scale = 0.9999970546740851.


Package fontspec Info: 
(fontspec)             Arial Unicode MS scale = 1.


Package fontspec Info: 
(fontspec)             Arial Unicode MS scale = 0.9999970546740851.


Package fontspec Info: 
(fontspec)             Arial Unicode MS scale = 1.


Package fontspec Info: 
(fontspec)             Arial Unicode MS scale = 0.9999970546740851.


Package fontspec Info: 
(fontspec)             Arial Unicode MS scale = 1.


Package fontspec Info: 
(fontspec)             Arial Unicode MS scale = 0.9999970546740851.


Package fontspec Info: 
(fontspec)             Arial Unicode MS scale = 1.


Package fontspec Info: 
(fontspec)             Arial Unicode MS scale = 0.9999970546740851.


Package fontspec Info: 
(fontspec)             Arial Unicode MS scale = 1.


Package fontspec Info: 
(fontspec)             Arial Unicode MS scale = 0.9999970546740851.


Package fontspec Info: 
(fontspec)             Arial Unicode MS scale = 1.


Package fontspec Info: 
(fontspec)             Arial Unicode MS scale = 0.9999970546740851.


Package fontspec Info: 
(fontspec)             Arial Unicode MS scale = 1.


Package fontspec Info: 
(fontspec)             Arial Unicode MS scale = 0.9999970546740851.


Package fontspec Info: 
(fontspec)             Arial Unicode MS scale = 1.


Package fontspec Info: 
(fontspec)             Arial Unicode MS scale = 0.9999970546740851.


Package fontspec Info: 
(fontspec)             Arial Unicode MS scale = 1.


Package fontspec Info: 
(fontspec)             Arial Unicode MS scale = 0.9999970546740851.


Package fontspec Info: 
(fontspec)             Arial Unicode MS scale = 1.


Package fontspec Info: 
(fontspec)             Arial Unicode MS scale = 0.9999970546740851.


Package fontspec Info: 
(fontspec)             Arial Unicode MS scale = 1.


Package fontspec Info: 
(fontspec)             Arial Unicode MS scale = 0.9999970546740851.


Package fontspec Info: 
(fontspec)             Arial Unicode MS scale = 1.


Package fontspec Info: 
(fontspec)             Arial Unicode MS scale = 0.9999970546740851.


Package fontspec Info: 
(fontspec)             Arial Unicode MS scale = 1.


Package fontspec Info: 
(fontspec)             Arial Unicode MS scale = 0.9999970546740851.


Package fontspec Info: 
(fontspec)             Arial Unicode MS scale = 1.


Package fontspec Info: 
(fontspec)             Arial Unicode MS scale = 0.9999970546740851.


Package fontspec Info: 
(fontspec)             Arial Unicode MS scale = 1.


Package fontspec Info: 
(fontspec)             Arial Unicode MS scale = 0.9999970546740851.


Package fontspec Info: 
(fontspec)             Arial Unicode MS scale = 1.


Package fontspec Info: 
(fontspec)             Arial Unicode MS scale = 0.9999970546740851.


Package fontspec Info: 
(fontspec)             Arial Unicode MS scale = 1.


Package fontspec Info: 
(fontspec)             Arial Unicode MS scale = 0.9999970546740851.


Package fontspec Info: 
(fontspec)             Arial Unicode MS scale = 1.


Package fontspec Info: 
(fontspec)             Arial Unicode MS scale = 0.9999970546740851.


Package fontspec Info: 
(fontspec)             Arial Unicode MS scale = 1.


Package fontspec Info: 
(fontspec)             Arial Unicode MS scale = 0.9999970546740851.


Package fontspec Info: 
(fontspec)             Arial Unicode MS scale = 1.


Package fontspec Info: 
(fontspec)             Arial Unicode MS scale = 0.9999970546740851.


Package fontspec Info: 
(fontspec)             Arial Unicode MS scale = 1.

 [9]

Package fontspec Info: 
(fontspec)             Arial Unicode MS scale = 0.9999970546740851.


Package fontspec Info: 
(fontspec)             Arial Unicode MS scale = 1.


Package fontspec Info: 
(fontspec)             Arial Unicode MS scale = 0.9999970546740851.


Package fontspec Info: 
(fontspec)             Arial Unicode MS scale = 1.


Package fontspec Info: 
(fontspec)             Arial Unicode MS scale = 0.9999970546740851.


Package fontspec Info: 
(fontspec)             Arial Unicode MS scale = 1.


Package fontspec Info: 
(fontspec)             Arial Unicode MS scale = 0.9999970546740851.


Package fontspec Info: 
(fontspec)             Arial Unicode MS scale = 1.


Package fontspec Info: 
(fontspec)             Arial Unicode MS scale = 0.9999970546740851.


Package fontspec Info: 
(fontspec)             Arial Unicode MS scale = 1.


Package fontspec Info: 
(fontspec)             Arial Unicode MS scale = 0.9999970546740851.


Package fontspec Info: 
(fontspec)             Arial Unicode MS scale = 1.


Package fontspec Info: 
(fontspec)             Arial Unicode MS scale = 0.9999970546740851.


Package fontspec Info: 
(fontspec)             Arial Unicode MS scale = 1.


Package fontspec Info: 
(fontspec)             Arial Unicode MS scale = 0.9999970546740851.


Package fontspec Info: 
(fontspec)             Arial Unicode MS scale = 1.


Package fontspec Info: 
(fontspec)             Arial Unicode MS scale = 0.9999970546740851.


Package fontspec Info: 
(fontspec)             Arial Unicode MS scale = 1.


Package fontspec Info: 
(fontspec)             Arial Unicode MS scale = 0.9999970546740851.


Package fontspec Info: 
(fontspec)             Arial Unicode MS scale = 1.


Package fontspec Info: 
(fontspec)             Arial Unicode MS scale = 0.9999970546740851.


Package fontspec Info: 
(fontspec)             Arial Unicode MS scale = 1.


Package fontspec Info: 
(fontspec)             Arial Unicode MS scale = 0.9999970546740851.


Package fontspec Info: 
(fontspec)             Arial Unicode MS scale = 1.


Package fontspec Info: 
(fontspec)             Arial Unicode MS scale = 0.9999970546740851.


Package fontspec Info: 
(fontspec)             Arial Unicode MS scale = 1.


Package fontspec Info: 
(fontspec)             Arial Unicode MS scale = 0.9999970546740851.


Package fontspec Info: 
(fontspec)             Arial Unicode MS scale = 1.


Package fontspec Info: 
(fontspec)             Arial Unicode MS scale = 0.9999970546740851.


Package fontspec Info: 
(fontspec)             Arial Unicode MS scale = 1.


Package fontspec Info: 
(fontspec)             Arial Unicode MS scale = 0.9999970546740851.


Package fontspec Info: 
(fontspec)             Arial Unicode MS scale = 1.

 [10]

Package fontspec Info: 
(fontspec)             Arial Unicode MS scale = 0.9999970546740851.


Package fontspec Info: 
(fontspec)             Arial Unicode MS scale = 1.


Package fontspec Info: 
(fontspec)             Arial Unicode MS scale = 0.9999970546740851.


Package fontspec Info: 
(fontspec)             Arial Unicode MS scale = 1.


Package fontspec Info: 
(fontspec)             Arial Unicode MS scale = 0.9999970546740851.


Package fontspec Info: 
(fontspec)             Arial Unicode MS scale = 1.


Package fontspec Info: 
(fontspec)             Arial Unicode MS scale = 0.9999970546740851.


Package fontspec Info: 
(fontspec)             Arial Unicode MS scale = 1.


Package fontspec Info: 
(fontspec)             Arial Unicode MS scale = 0.9999970546740851.


Package fontspec Info: 
(fontspec)             Arial Unicode MS scale = 1.


Package fontspec Info: 
(fontspec)             Arial Unicode MS scale = 0.9999970546740851.


Package fontspec Info: 
(fontspec)             Arial Unicode MS scale = 1.


Package fontspec Info: 
(fontspec)             Arial Unicode MS scale = 0.9999970546740851.


Package fontspec Info: 
(fontspec)             Arial Unicode MS scale = 1.


Package fontspec Info: 
(fontspec)             Arial Unicode MS scale = 0.9999970546740851.


Package fontspec Info: 
(fontspec)             Arial Unicode MS scale = 1.


Package fontspec Info: 
(fontspec)             Arial Unicode MS scale = 0.9999970546740851.


Package fontspec Info: 
(fontspec)             Arial Unicode MS scale = 1.


Package fontspec Info: 
(fontspec)             Arial Unicode MS scale = 0.9999970546740851.


Package fontspec Info: 
(fontspec)             Arial Unicode MS scale = 1.


Package fontspec Info: 
(fontspec)             Arial Unicode MS scale = 0.9999970546740851.


Package fontspec Info: 
(fontspec)             Arial Unicode MS scale = 1.


Package fontspec Info: 
(fontspec)             Arial Unicode MS scale = 0.9999970546740851.


Package fontspec Info: 
(fontspec)             Arial Unicode MS scale = 1.


Package fontspec Info: 
(fontspec)             Arial Unicode MS scale = 0.9999970546740851.


Package fontspec Info: 
(fontspec)             Arial Unicode MS scale = 1.


Package fontspec Info: 
(fontspec)             Arial Unicode MS scale = 0.9999970546740851.


Package fontspec Info: 
(fontspec)             Arial Unicode MS scale = 1.


Package fontspec Info: 
(fontspec)             Arial Unicode MS scale = 0.9999970546740851.


Package fontspec Info: 
(fontspec)             Arial Unicode MS scale = 1.


Package fontspec Info: 
(fontspec)             Arial Unicode MS scale = 0.9999970546740851.


Package fontspec Info: 
(fontspec)             Arial Unicode MS scale = 1.


Package fontspec Info: 
(fontspec)             Arial Unicode MS scale = 0.9999970546740851.


Package fontspec Info: 
(fontspec)             Arial Unicode MS scale = 1.


Package fontspec Info: 
(fontspec)             Arial Unicode MS scale = 0.9999970546740851.


Package fontspec Info: 
(fontspec)             Arial Unicode MS scale = 1.


Package fontspec Info: 
(fontspec)             Arial Unicode MS scale = 0.9999970546740851.


Package fontspec Info: 
(fontspec)             Arial Unicode MS scale = 1.


Package fontspec Info: 
(fontspec)             Arial Unicode MS scale = 0.9999970546740851.


Package fontspec Info: 
(fontspec)             Arial Unicode MS scale = 1.


Package fontspec Info: 
(fontspec)             Arial Unicode MS scale = 0.9999970546740851.


Package fontspec Info: 
(fontspec)             Arial Unicode MS scale = 1.


Package fontspec Info: 
(fontspec)             Arial Unicode MS scale = 0.9999970546740851.


Package fontspec Info: 
(fontspec)             Arial Unicode MS scale = 1.


Package fontspec Info: 
(fontspec)             Arial Unicode MS scale = 0.9999970546740851.


Package fontspec Info: 
(fontspec)             Arial Unicode MS scale = 1.


Package fontspec Info: 
(fontspec)             Arial Unicode MS scale = 0.9999970546740851.


Package fontspec Info: 
(fontspec)             Arial Unicode MS scale = 1.


Package fontspec Info: 
(fontspec)             Arial Unicode MS scale = 0.9999970546740851.


Package fontspec Info: 
(fontspec)             Arial Unicode MS scale = 1.


Package fontspec Info: 
(fontspec)             Arial Unicode MS scale = 0.9999970546740851.


Package fontspec Info: 
(fontspec)             Arial Unicode MS scale = 1.


Package fontspec Info: 
(fontspec)             Arial Unicode MS scale = 0.9999970546740851.


Package fontspec Info: 
(fontspec)             Arial Unicode MS scale = 1.


Package fontspec Info: 
(fontspec)             Arial Unicode MS scale = 0.9999970546740851.


Package fontspec Info: 
(fontspec)             Arial Unicode MS scale = 1.

 [11]

Package fontspec Info: 
(fontspec)             Arial Unicode MS scale = 0.9999970546740851.


Package fontspec Info: 
(fontspec)             Arial Unicode MS scale = 1.


Package fontspec Info: 
(fontspec)             Arial Unicode MS scale = 0.9999970546740851.


Package fontspec Info: 
(fontspec)             Arial Unicode MS scale = 1.


Package fontspec Info: 
(fontspec)             Arial Unicode MS scale = 0.9999970546740851.


Package fontspec Info: 
(fontspec)             Arial Unicode MS scale = 1.


Package fontspec Info: 
(fontspec)             Arial Unicode MS scale = 0.9999970546740851.


Package fontspec Info: 
(fontspec)             Arial Unicode MS scale = 1.


Package fontspec Info: 
(fontspec)             Arial Unicode MS scale = 0.9999970546740851.


Package fontspec Info: 
(fontspec)             Arial Unicode MS scale = 1.


Package fontspec Info: 
(fontspec)             Arial Unicode MS scale = 0.9999970546740851.


Package fontspec Info: 
(fontspec)             Arial Unicode MS scale = 1.


Package fontspec Info: 
(fontspec)             Arial Unicode MS scale = 0.9999970546740851.


Package fontspec Info: 
(fontspec)             Arial Unicode MS scale = 1.


Package fontspec Info: 
(fontspec)             Arial Unicode MS scale = 0.9999970546740851.


Package fontspec Info: 
(fontspec)             Arial Unicode MS scale = 1.


Package fontspec Info: 
(fontspec)             Arial Unicode MS scale = 0.9999970546740851.


Package fontspec Info: 
(fontspec)             Arial Unicode MS scale = 1.


Package fontspec Info: 
(fontspec)             Arial Unicode MS scale = 0.9999970546740851.


Package fontspec Info: 
(fontspec)             Arial Unicode MS scale = 1.


Package fontspec Info: 
(fontspec)             Arial Unicode MS scale = 0.9999970546740851.


Package fontspec Info: 
(fontspec)             Arial Unicode MS scale = 1.


Package fontspec Info: 
(fontspec)             Arial Unicode MS scale = 0.9999970546740851.


Package fontspec Info: 
(fontspec)             Arial Unicode MS scale = 1.


Package fontspec Info: 
(fontspec)             Arial Unicode MS scale = 0.9999970546740851.


Package fontspec Info: 
(fontspec)             Arial Unicode MS scale = 1.


Package fontspec Info: 
(fontspec)             Arial Unicode MS scale = 0.9999970546740851.


Package fontspec Info: 
(fontspec)             Arial Unicode MS scale = 1.


Package fontspec Info: 
(fontspec)             Arial Unicode MS scale = 0.9999970546740851.


Package fontspec Info: 
(fontspec)             Arial Unicode MS scale = 1.


Package fontspec Info: 
(fontspec)             Arial Unicode MS scale = 0.9999970546740851.


Package fontspec Info: 
(fontspec)             Arial Unicode MS scale = 1.


Package fontspec Info: 
(fontspec)             Arial Unicode MS scale = 0.9999970546740851.


Package fontspec Info: 
(fontspec)             Arial Unicode MS scale = 1.


Package fontspec Info: 
(fontspec)             Arial Unicode MS scale = 0.9999970546740851.


Package fontspec Info: 
(fontspec)             Arial Unicode MS scale = 1.


Package fontspec Info: 
(fontspec)             Arial Unicode MS scale = 0.9999970546740851.


Package fontspec Info: 
(fontspec)             Arial Unicode MS scale = 1.


Package fontspec Info: 
(fontspec)             Arial Unicode MS scale = 0.9999970546740851.


Package fontspec Info: 
(fontspec)             Arial Unicode MS scale = 1.

 [12]

Package fontspec Info: 
(fontspec)             Arial Unicode MS scale = 0.9999970546740851.


Package fontspec Info: 
(fontspec)             Arial Unicode MS scale = 1.


Package fontspec Info: 
(fontspec)             Arial Unicode MS scale = 0.9999970546740851.


Package fontspec Info: 
(fontspec)             Arial Unicode MS scale = 1.


Package fontspec Info: 
(fontspec)             Arial Unicode MS scale = 0.9999970546740851.


Package fontspec Info: 
(fontspec)             Arial Unicode MS scale = 1.


Package fontspec Info: 
(fontspec)             Arial Unicode MS scale = 0.9999970546740851.


Package fontspec Info: 
(fontspec)             Arial Unicode MS scale = 1.


Package fontspec Info: 
(fontspec)             Arial Unicode MS scale = 0.9999970546740851.


Package fontspec Info: 
(fontspec)             Arial Unicode MS scale = 1.


Package fontspec Info: 
(fontspec)             Arial Unicode MS scale = 0.9999970546740851.


Package fontspec Info: 
(fontspec)             Arial Unicode MS scale = 1.


Package fontspec Info: 
(fontspec)             Arial Unicode MS scale = 0.9999970546740851.


Package fontspec Info: 
(fontspec)             Arial Unicode MS scale = 1.


Package fontspec Info: 
(fontspec)             Arial Unicode MS scale = 0.9999970546740851.


Package fontspec Info: 
(fontspec)             Arial Unicode MS scale = 1.


Package fontspec Info: 
(fontspec)             Arial Unicode MS scale = 0.9999970546740851.


Package fontspec Info: 
(fontspec)             Arial Unicode MS scale = 1.


Package fontspec Info: 
(fontspec)             Arial Unicode MS scale = 0.9999970546740851.


Package fontspec Info: 
(fontspec)             Arial Unicode MS scale = 1.


Package fontspec Info: 
(fontspec)             Arial Unicode MS scale = 0.9999970546740851.


Package fontspec Info: 
(fontspec)             Arial Unicode MS scale = 1.


Package fontspec Info: 
(fontspec)             Arial Unicode MS scale = 0.9999970546740851.


Package fontspec Info: 
(fontspec)             Arial Unicode MS scale = 1.


Package fontspec Info: 
(fontspec)             Arial Unicode MS scale = 0.9999970546740851.


Package fontspec Info: 
(fontspec)             Arial Unicode MS scale = 1.


Package fontspec Info: 
(fontspec)             Arial Unicode MS scale = 0.9999970546740851.


Package fontspec Info: 
(fontspec)             Arial Unicode MS scale = 1.

 [13]

Package fontspec Info: 
(fontspec)             Arial Unicode MS scale = 0.9999970546740851.


Package fontspec Info: 
(fontspec)             Arial Unicode MS scale = 1.


Package fontspec Info: 
(fontspec)             Arial Unicode MS scale = 0.9999970546740851.


Package fontspec Info: 
(fontspec)             Arial Unicode MS scale = 1.


Package fontspec Info: 
(fontspec)             Arial Unicode MS scale = 0.9999970546740851.


Package fontspec Info: 
(fontspec)             Arial Unicode MS scale = 1.


Package fontspec Info: 
(fontspec)             Arial Unicode MS scale = 0.9999970546740851.


Package fontspec Info: 
(fontspec)             Arial Unicode MS scale = 1.


Package fontspec Info: 
(fontspec)             Arial Unicode MS scale = 0.9999970546740851.


Package fontspec Info: 
(fontspec)             Arial Unicode MS scale = 1.


Package fontspec Info: 
(fontspec)             Arial Unicode MS scale = 0.9999970546740851.


Package fontspec Info: 
(fontspec)             Arial Unicode MS scale = 1.


Package fontspec Info: 
(fontspec)             Arial Unicode MS scale = 0.9999970546740851.


Package fontspec Info: 
(fontspec)             Arial Unicode MS scale = 1.


Package fontspec Info: 
(fontspec)             Arial Unicode MS scale = 0.9999970546740851.


Package fontspec Info: 
(fontspec)             Arial Unicode MS scale = 1.


Package fontspec Info: 
(fontspec)             Arial Unicode MS scale = 0.9999970546740851.


Package fontspec Info: 
(fontspec)             Arial Unicode MS scale = 1.


Package fontspec Info: 
(fontspec)             Arial Unicode MS scale = 0.9999970546740851.


Package fontspec Info: 
(fontspec)             Arial Unicode MS scale = 1.


Package fontspec Info: 
(fontspec)             Arial Unicode MS scale = 0.9999970546740851.


Package fontspec Info: 
(fontspec)             Arial Unicode MS scale = 1.


Package fontspec Info: 
(fontspec)             Arial Unicode MS scale = 0.9999970546740851.


Package fontspec Info: 
(fontspec)             Arial Unicode MS scale = 1.


Package fontspec Info: 
(fontspec)             Arial Unicode MS scale = 0.9999970546740851.


Package fontspec Info: 
(fontspec)             Arial Unicode MS scale = 1.


Package fontspec Info: 
(fontspec)             Arial Unicode MS scale = 0.9999970546740851.


Package fontspec Info: 
(fontspec)             Arial Unicode MS scale = 1.


Package fontspec Info: 
(fontspec)             Arial Unicode MS scale = 0.9999970546740851.


Package fontspec Info: 
(fontspec)             Arial Unicode MS scale = 1.


Package fontspec Info: 
(fontspec)             Arial Unicode MS scale = 0.9999970546740851.


Package fontspec Info: 
(fontspec)             Arial Unicode MS scale = 1.

 [14]

Package fontspec Info: 
(fontspec)             Arial Unicode MS scale = 0.9999970546740851.


Package fontspec Info: 
(fontspec)             Arial Unicode MS scale = 1.


Package fontspec Info: 
(fontspec)             Arial Unicode MS scale = 0.9999970546740851.


Package fontspec Info: 
(fontspec)             Arial Unicode MS scale = 1.


Package fontspec Info: 
(fontspec)             Arial Unicode MS scale = 0.9999970546740851.


Package fontspec Info: 
(fontspec)             Arial Unicode MS scale = 1.


Package fontspec Info: 
(fontspec)             Arial Unicode MS scale = 0.9999970546740851.


Package fontspec Info: 
(fontspec)             Arial Unicode MS scale = 1.


Package fontspec Info: 
(fontspec)             Arial Unicode MS scale = 0.9999970546740851.


Package fontspec Info: 
(fontspec)             Arial Unicode MS scale = 1.


Package fontspec Info: 
(fontspec)             Arial Unicode MS scale = 0.9999970546740851.


Package fontspec Info: 
(fontspec)             Arial Unicode MS scale = 1.


Package fontspec Info: 
(fontspec)             Arial Unicode MS scale = 0.9999970546740851.


Package fontspec Info: 
(fontspec)             Arial Unicode MS scale = 1.


Package fontspec Info: 
(fontspec)             Arial Unicode MS scale = 0.9999970546740851.


Package fontspec Info: 
(fontspec)             Arial Unicode MS scale = 1.


Package fontspec Info: 
(fontspec)             Arial Unicode MS scale = 0.9999970546740851.


Package fontspec Info: 
(fontspec)             Arial Unicode MS scale = 1.


Package fontspec Info: 
(fontspec)             Arial Unicode MS scale = 0.9999970546740851.


Package fontspec Info: 
(fontspec)             Arial Unicode MS scale = 1.


Package fontspec Info: 
(fontspec)             Arial Unicode MS scale = 0.9999970546740851.


Package fontspec Info: 
(fontspec)             Arial Unicode MS scale = 1.


Package fontspec Info: 
(fontspec)             Arial Unicode MS scale = 0.9999970546740851.


Package fontspec Info: 
(fontspec)             Arial Unicode MS scale = 1.


Package fontspec Info: 
(fontspec)             Arial Unicode MS scale = 0.9999970546740851.


Package fontspec Info: 
(fontspec)             Arial Unicode MS scale = 1.


Package fontspec Info: 
(fontspec)             Arial Unicode MS scale = 0.9999970546740851.


Package fontspec Info: 
(fontspec)             Arial Unicode MS scale = 1.


Package fontspec Info: 
(fontspec)             Arial Unicode MS scale = 0.9999970546740851.


Package fontspec Info: 
(fontspec)             Arial Unicode MS scale = 1.


Package fontspec Info: 
(fontspec)             Arial Unicode MS scale = 0.9999970546740851.


Package fontspec Info: 
(fontspec)             Arial Unicode MS scale = 1.

 [15]

Package fontspec Info: 
(fontspec)             Arial Unicode MS scale = 0.9999970546740851.


Package fontspec Info: 
(fontspec)             Arial Unicode MS scale = 1.


Package fontspec Info: 
(fontspec)             Arial Unicode MS scale = 0.9999970546740851.


Package fontspec Info: 
(fontspec)             Arial Unicode MS scale = 1.


Package fontspec Info: 
(fontspec)             Arial Unicode MS scale = 0.9999970546740851.


Package fontspec Info: 
(fontspec)             Arial Unicode MS scale = 1.


Package fontspec Info: 
(fontspec)             Arial Unicode MS scale = 0.9999970546740851.


Package fontspec Info: 
(fontspec)             Arial Unicode MS scale = 1.


Package fontspec Info: 
(fontspec)             Arial Unicode MS scale = 0.9999970546740851.


Package fontspec Info: 
(fontspec)             Arial Unicode MS scale = 1.


Package fontspec Info: 
(fontspec)             Arial Unicode MS scale = 0.9999970546740851.


Package fontspec Info: 
(fontspec)             Arial Unicode MS scale = 1.


Package fontspec Info: 
(fontspec)             Arial Unicode MS scale = 0.9999970546740851.


Package fontspec Info: 
(fontspec)             Arial Unicode MS scale = 1.


Package fontspec Info: 
(fontspec)             Arial Unicode MS scale = 0.9999970546740851.


Package fontspec Info: 
(fontspec)             Arial Unicode MS scale = 1.


Package fontspec Info: 
(fontspec)             Arial Unicode MS scale = 0.9999970546740851.


Package fontspec Info: 
(fontspec)             Arial Unicode MS scale = 1.


Package fontspec Info: 
(fontspec)             Arial Unicode MS scale = 0.9999970546740851.


Package fontspec Info: 
(fontspec)             Arial Unicode MS scale = 1.


Package fontspec Info: 
(fontspec)             Arial Unicode MS scale = 0.9999970546740851.


Package fontspec Info: 
(fontspec)             Arial Unicode MS scale = 1.


Package fontspec Info: 
(fontspec)             Arial Unicode MS scale = 0.9999970546740851.


Package fontspec Info: 
(fontspec)             Arial Unicode MS scale = 1.


Package fontspec Info: 
(fontspec)             Arial Unicode MS scale = 0.9999970546740851.


Package fontspec Info: 
(fontspec)             Arial Unicode MS scale = 1.


Package fontspec Info: 
(fontspec)             Arial Unicode MS scale = 0.9999970546740851.


Package fontspec Info: 
(fontspec)             Arial Unicode MS scale = 1.


Package fontspec Info: 
(fontspec)             Arial Unicode MS scale = 0.9999970546740851.


Package fontspec Info: 
(fontspec)             Arial Unicode MS scale = 1.


Package fontspec Info: 
(fontspec)             Arial Unicode MS scale = 0.9999970546740851.


Package fontspec Info: 
(fontspec)             Arial Unicode MS scale = 1.


Package fontspec Info: 
(fontspec)             Arial Unicode MS scale = 0.9999970546740851.


Package fontspec Info: 
(fontspec)             Arial Unicode MS scale = 1.


Package fontspec Info: 
(fontspec)             Arial Unicode MS scale = 0.9999970546740851.


Package fontspec Info: 
(fontspec)             Arial Unicode MS scale = 1.


Package fontspec Info: 
(fontspec)             Arial Unicode MS scale = 0.9999970546740851.


Package fontspec Info: 
(fontspec)             Arial Unicode MS scale = 1.


Package fontspec Info: 
(fontspec)             Arial Unicode MS scale = 0.9999970546740851.


Package fontspec Info: 
(fontspec)             Arial Unicode MS scale = 1.


Package fontspec Info: 
(fontspec)             Arial Unicode MS scale = 0.9999970546740851.


Package fontspec Info: 
(fontspec)             Arial Unicode MS scale = 1.


Package fontspec Info: 
(fontspec)             Arial Unicode MS scale = 0.9999970546740851.


Package fontspec Info: 
(fontspec)             Arial Unicode MS scale = 1.


Package fontspec Info: 
(fontspec)             Arial Unicode MS scale = 0.9999970546740851.


Package fontspec Info: 
(fontspec)             Arial Unicode MS scale = 1.


Package fontspec Info: 
(fontspec)             Arial Unicode MS scale = 0.9999970546740851.


Package fontspec Info: 
(fontspec)             Arial Unicode MS scale = 1.


Package fontspec Info: 
(fontspec)             Arial Unicode MS scale = 0.9999970546740851.


Package fontspec Info: 
(fontspec)             Arial Unicode MS scale = 1.


Package fontspec Info: 
(fontspec)             Arial Unicode MS scale = 0.9999970546740851.


Package fontspec Info: 
(fontspec)             Arial Unicode MS scale = 1.

 [16]

Package fontspec Info: 
(fontspec)             Arial Unicode MS scale = 0.9999970546740851.


Package fontspec Info: 
(fontspec)             Arial Unicode MS scale = 1.


Package fontspec Info: 
(fontspec)             Arial Unicode MS scale = 0.9999970546740851.


Package fontspec Info: 
(fontspec)             Arial Unicode MS scale = 1.


Package fontspec Info: 
(fontspec)             Arial Unicode MS scale = 0.9999970546740851.


Package fontspec Info: 
(fontspec)             Arial Unicode MS scale = 1.


Package fontspec Info: 
(fontspec)             Arial Unicode MS scale = 0.9999970546740851.


Package fontspec Info: 
(fontspec)             Arial Unicode MS scale = 1.


Package fontspec Info: 
(fontspec)             Arial Unicode MS scale = 0.9999970546740851.


Package fontspec Info: 
(fontspec)             Arial Unicode MS scale = 1.


Package fontspec Info: 
(fontspec)             Arial Unicode MS scale = 0.9999970546740851.


Package fontspec Info: 
(fontspec)             Arial Unicode MS scale = 1.


Package fontspec Info: 
(fontspec)             Arial Unicode MS scale = 0.9999970546740851.


Package fontspec Info: 
(fontspec)             Arial Unicode MS scale = 1.


Package fontspec Info: 
(fontspec)             Arial Unicode MS scale = 0.9999970546740851.


Package fontspec Info: 
(fontspec)             Arial Unicode MS scale = 1.


Package fontspec Info: 
(fontspec)             Arial Unicode MS scale = 0.9999970546740851.


Package fontspec Info: 
(fontspec)             Arial Unicode MS scale = 1.


Package fontspec Info: 
(fontspec)             Arial Unicode MS scale = 0.9999970546740851.


Package fontspec Info: 
(fontspec)             Arial Unicode MS scale = 1.


Package fontspec Info: 
(fontspec)             Arial Unicode MS scale = 0.9999970546740851.


Package fontspec Info: 
(fontspec)             Arial Unicode MS scale = 1.


Package fontspec Info: 
(fontspec)             Arial Unicode MS scale = 0.9999970546740851.


Package fontspec Info: 
(fontspec)             Arial Unicode MS scale = 1.


Package fontspec Info: 
(fontspec)             Arial Unicode MS scale = 0.9999970546740851.


Package fontspec Info: 
(fontspec)             Arial Unicode MS scale = 1.


Package fontspec Info: 
(fontspec)             Arial Unicode MS scale = 0.9999970546740851.


Package fontspec Info: 
(fontspec)             Arial Unicode MS scale = 1.


Package fontspec Info: 
(fontspec)             Arial Unicode MS scale = 0.9999970546740851.


Package fontspec Info: 
(fontspec)             Arial Unicode MS scale = 1.


Package fontspec Info: 
(fontspec)             Arial Unicode MS scale = 0.9999970546740851.


Package fontspec Info: 
(fontspec)             Arial Unicode MS scale = 1.


Package fontspec Info: 
(fontspec)             Arial Unicode MS scale = 0.9999970546740851.


Package fontspec Info: 
(fontspec)             Arial Unicode MS scale = 1.


Package fontspec Info: 
(fontspec)             Arial Unicode MS scale = 0.9999970546740851.


Package fontspec Info: 
(fontspec)             Arial Unicode MS scale = 1.


Package fontspec Info: 
(fontspec)             Arial Unicode MS scale = 0.9999970546740851.


Package fontspec Info: 
(fontspec)             Arial Unicode MS scale = 1.


Package fontspec Info: 
(fontspec)             Arial Unicode MS scale = 0.9999970546740851.


Package fontspec Info: 
(fontspec)             Arial Unicode MS scale = 1.


Package fontspec Info: 
(fontspec)             Arial Unicode MS scale = 0.9999970546740851.


Package fontspec Info: 
(fontspec)             Arial Unicode MS scale = 1.


Package fontspec Info: 
(fontspec)             Arial Unicode MS scale = 0.9999970546740851.


Package fontspec Info: 
(fontspec)             Arial Unicode MS scale = 1.


Package fontspec Info: 
(fontspec)             Arial Unicode MS scale = 0.9999970546740851.


Package fontspec Info: 
(fontspec)             Arial Unicode MS scale = 1.


Package fontspec Info: 
(fontspec)             Arial Unicode MS scale = 0.9999970546740851.


Package fontspec Info: 
(fontspec)             Arial Unicode MS scale = 1.


Package fontspec Info: 
(fontspec)             Arial Unicode MS scale = 0.9999970546740851.


Package fontspec Info: 
(fontspec)             Arial Unicode MS scale = 1.


Package fontspec Info: 
(fontspec)             Arial Unicode MS scale = 0.9999970546740851.


Package fontspec Info: 
(fontspec)             Arial Unicode MS scale = 1.


Package fontspec Info: 
(fontspec)             Arial Unicode MS scale = 0.9999970546740851.


Package fontspec Info: 
(fontspec)             Arial Unicode MS scale = 1.


Package fontspec Info: 
(fontspec)             Arial Unicode MS scale = 0.9999970546740851.


Package fontspec Info: 
(fontspec)             Arial Unicode MS scale = 1.


Package fontspec Info: 
(fontspec)             Arial Unicode MS scale = 0.9999970546740851.


Package fontspec Info: 
(fontspec)             Arial Unicode MS scale = 1.


Package fontspec Info: 
(fontspec)             Arial Unicode MS scale = 0.9999970546740851.


Package fontspec Info: 
(fontspec)             Arial Unicode MS scale = 1.

 [17]

Package fontspec Info: 
(fontspec)             Arial Unicode MS scale = 0.9999970546740851.


Package fontspec Info: 
(fontspec)             Arial Unicode MS scale = 1.


Package fontspec Info: 
(fontspec)             Arial Unicode MS scale = 0.9999970546740851.


Package fontspec Info: 
(fontspec)             Arial Unicode MS scale = 1.


Package fontspec Info: 
(fontspec)             Arial Unicode MS scale = 0.9999970546740851.


Package fontspec Info: 
(fontspec)             Arial Unicode MS scale = 1.


Package fontspec Info: 
(fontspec)             Arial Unicode MS scale = 0.9999970546740851.


Package fontspec Info: 
(fontspec)             Arial Unicode MS scale = 1.


Package fontspec Info: 
(fontspec)             Arial Unicode MS scale = 0.9999970546740851.


Package fontspec Info: 
(fontspec)             Arial Unicode MS scale = 1.


Package fontspec Info: 
(fontspec)             Arial Unicode MS scale = 0.9999970546740851.


Package fontspec Info: 
(fontspec)             Arial Unicode MS scale = 1.


Package fontspec Info: 
(fontspec)             Arial Unicode MS scale = 0.9999970546740851.


Package fontspec Info: 
(fontspec)             Arial Unicode MS scale = 1.


Package fontspec Info: 
(fontspec)             Arial Unicode MS scale = 0.9999970546740851.


Package fontspec Info: 
(fontspec)             Arial Unicode MS scale = 1.


Package fontspec Info: 
(fontspec)             Arial Unicode MS scale = 0.9999970546740851.


Package fontspec Info: 
(fontspec)             Arial Unicode MS scale = 1.


Package fontspec Info: 
(fontspec)             Arial Unicode MS scale = 0.9999970546740851.


Package fontspec Info: 
(fontspec)             Arial Unicode MS scale = 1.


Package fontspec Info: 
(fontspec)             Arial Unicode MS scale = 0.9999970546740851.


Package fontspec Info: 
(fontspec)             Arial Unicode MS scale = 1.


Package fontspec Info: 
(fontspec)             Arial Unicode MS scale = 0.9999970546740851.


Package fontspec Info: 
(fontspec)             Arial Unicode MS scale = 1.


Package fontspec Info: 
(fontspec)             Arial Unicode MS scale = 0.9999970546740851.


Package fontspec Info: 
(fontspec)             Arial Unicode MS scale = 1.


Package fontspec Info: 
(fontspec)             Arial Unicode MS scale = 0.9999970546740851.


Package fontspec Info: 
(fontspec)             Arial Unicode MS scale = 1.


Package fontspec Info: 
(fontspec)             Arial Unicode MS scale = 0.9999970546740851.


Package fontspec Info: 
(fontspec)             Arial Unicode MS scale = 1.


Package fontspec Info: 
(fontspec)             Arial Unicode MS scale = 0.9999970546740851.


Package fontspec Info: 
(fontspec)             Arial Unicode MS scale = 1.


Package fontspec Info: 
(fontspec)             Arial Unicode MS scale = 0.9999970546740851.


Package fontspec Info: 
(fontspec)             Arial Unicode MS scale = 1.


Package fontspec Info: 
(fontspec)             Arial Unicode MS scale = 0.9999970546740851.


Package fontspec Info: 
(fontspec)             Arial Unicode MS scale = 1.


Package fontspec Info: 
(fontspec)             Arial Unicode MS scale = 0.9999970546740851.


Package fontspec Info: 
(fontspec)             Arial Unicode MS scale = 1.


Package fontspec Info: 
(fontspec)             Arial Unicode MS scale = 0.9999970546740851.


Package fontspec Info: 
(fontspec)             Arial Unicode MS scale = 1.


Package fontspec Info: 
(fontspec)             Arial Unicode MS scale = 0.9999970546740851.


Package fontspec Info: 
(fontspec)             Arial Unicode MS scale = 1.


Package fontspec Info: 
(fontspec)             Arial Unicode MS scale = 0.9999970546740851.


Package fontspec Info: 
(fontspec)             Arial Unicode MS scale = 1.


Package fontspec Info: 
(fontspec)             Arial Unicode MS scale = 0.9999970546740851.


Package fontspec Info: 
(fontspec)             Arial Unicode MS scale = 1.


Package fontspec Info: 
(fontspec)             Arial Unicode MS scale = 0.9999970546740851.


Package fontspec Info: 
(fontspec)             Arial Unicode MS scale = 1.


Package fontspec Info: 
(fontspec)             Arial Unicode MS scale = 0.9999970546740851.


Package fontspec Info: 
(fontspec)             Arial Unicode MS scale = 1.


Package fontspec Info: 
(fontspec)             Arial Unicode MS scale = 0.9999970546740851.


Package fontspec Info: 
(fontspec)             Arial Unicode MS scale = 1.


Package fontspec Info: 
(fontspec)             Arial Unicode MS scale = 0.9999970546740851.


Package fontspec Info: 
(fontspec)             Arial Unicode MS scale = 1.


Package fontspec Info: 
(fontspec)             Arial Unicode MS scale = 0.9999970546740851.


Package fontspec Info: 
(fontspec)             Arial Unicode MS scale = 1.


[18]

Package fontspec Info: 
(fontspec)             Arial Unicode MS scale = 0.9999970546740851.


Package fontspec Info: 
(fontspec)             Arial Unicode MS scale = 1.


Package fontspec Info: 
(fontspec)             Arial Unicode MS scale = 0.9999970546740851.


Package fontspec Info: 
(fontspec)             Arial Unicode MS scale = 1.


Package fontspec Info: 
(fontspec)             Arial Unicode MS scale = 0.9999970546740851.


Package fontspec Info: 
(fontspec)             Arial Unicode MS scale = 1.


Package fontspec Info: 
(fontspec)             Arial Unicode MS scale = 0.9999970546740851.


Package fontspec Info: 
(fontspec)             Arial Unicode MS scale = 1.


Package fontspec Info: 
(fontspec)             Arial Unicode MS scale = 0.9999970546740851.


Package fontspec Info: 
(fontspec)             Arial Unicode MS scale = 1.


Package fontspec Info: 
(fontspec)             Arial Unicode MS scale = 0.9999970546740851.


Package fontspec Info: 
(fontspec)             Arial Unicode MS scale = 1.


Package fontspec Info: 
(fontspec)             Arial Unicode MS scale = 0.9999970546740851.


Package fontspec Info: 
(fontspec)             Arial Unicode MS scale = 1.


Package fontspec Info: 
(fontspec)             Arial Unicode MS scale = 0.9999970546740851.


Package fontspec Info: 
(fontspec)             Arial Unicode MS scale = 1.


Package fontspec Info: 
(fontspec)             Arial Unicode MS scale = 0.9999970546740851.


Package fontspec Info: 
(fontspec)             Arial Unicode MS scale = 1.


Package fontspec Info: 
(fontspec)             Arial Unicode MS scale = 0.9999970546740851.


Package fontspec Info: 
(fontspec)             Arial Unicode MS scale = 1.


Package fontspec Info: 
(fontspec)             Arial Unicode MS scale = 0.9999970546740851.


Package fontspec Info: 
(fontspec)             Arial Unicode MS scale = 1.


Package fontspec Info: 
(fontspec)             Arial Unicode MS scale = 0.9999970546740851.


Package fontspec Info: 
(fontspec)             Arial Unicode MS scale = 1.


Package fontspec Info: 
(fontspec)             Arial Unicode MS scale = 0.9999970546740851.


Package fontspec Info: 
(fontspec)             Arial Unicode MS scale = 1.


Package fontspec Info: 
(fontspec)             Arial Unicode MS scale = 0.9999970546740851.


Package fontspec Info: 
(fontspec)             Arial Unicode MS scale = 1.


Package fontspec Info: 
(fontspec)             Arial Unicode MS scale = 0.9999970546740851.


Package fontspec Info: 
(fontspec)             Arial Unicode MS scale = 1.


Package fontspec Info: 
(fontspec)             Arial Unicode MS scale = 0.9999970546740851.


Package fontspec Info: 
(fontspec)             Arial Unicode MS scale = 1.


Package fontspec Info: 
(fontspec)             Arial Unicode MS scale = 0.9999970546740851.


Package fontspec Info: 
(fontspec)             Arial Unicode MS scale = 1.


Package fontspec Info: 
(fontspec)             Arial Unicode MS scale = 0.9999970546740851.


Package fontspec Info: 
(fontspec)             Arial Unicode MS scale = 1.


Package fontspec Info: 
(fontspec)             Arial Unicode MS scale = 0.9999970546740851.


Package fontspec Info: 
(fontspec)             Arial Unicode MS scale = 1.


Package fontspec Info: 
(fontspec)             Arial Unicode MS scale = 0.9999970546740851.


Package fontspec Info: 
(fontspec)             Arial Unicode MS scale = 1.


Package fontspec Info: 
(fontspec)             Arial Unicode MS scale = 0.9999970546740851.


Package fontspec Info: 
(fontspec)             Arial Unicode MS scale = 1.


Package fontspec Info: 
(fontspec)             Arial Unicode MS scale = 0.9999970546740851.


Package fontspec Info: 
(fontspec)             Arial Unicode MS scale = 1.


Package fontspec Info: 
(fontspec)             Arial Unicode MS scale = 0.9999970546740851.


Package fontspec Info: 
(fontspec)             Arial Unicode MS scale = 1.


Package fontspec Info: 
(fontspec)             Arial Unicode MS scale = 0.9999970546740851.


Package fontspec Info: 
(fontspec)             Arial Unicode MS scale = 1.


Package fontspec Info: 
(fontspec)             Arial Unicode MS scale = 0.9999970546740851.


Package fontspec Info: 
(fontspec)             Arial Unicode MS scale = 1.


Package fontspec Info: 
(fontspec)             Arial Unicode MS scale = 0.9999970546740851.


Package fontspec Info: 
(fontspec)             Arial Unicode MS scale = 1.


Package fontspec Info: 
(fontspec)             Arial Unicode MS scale = 0.9999970546740851.


Package fontspec Info: 
(fontspec)             Arial Unicode MS scale = 1.


Package fontspec Info: 
(fontspec)             Arial Unicode MS scale = 0.9999970546740851.


Package fontspec Info: 
(fontspec)             Arial Unicode MS scale = 1.

 [19]

Package fontspec Info: 
(fontspec)             Arial Unicode MS scale = 0.9999970546740851.


Package fontspec Info: 
(fontspec)             Arial Unicode MS scale = 1.


Package fontspec Info: 
(fontspec)             Arial Unicode MS scale = 0.9999970546740851.


Package fontspec Info: 
(fontspec)             Arial Unicode MS scale = 1.


Package fontspec Info: 
(fontspec)             Arial Unicode MS scale = 0.9999970546740851.


Package fontspec Info: 
(fontspec)             Arial Unicode MS scale = 1.


Package fontspec Info: 
(fontspec)             Arial Unicode MS scale = 0.9999970546740851.


Package fontspec Info: 
(fontspec)             Arial Unicode MS scale = 1.


Package fontspec Info: 
(fontspec)             Arial Unicode MS scale = 0.9999970546740851.


Package fontspec Info: 
(fontspec)             Arial Unicode MS scale = 1.


Package fontspec Info: 
(fontspec)             Arial Unicode MS scale = 0.9999970546740851.


Package fontspec Info: 
(fontspec)             Arial Unicode MS scale = 1.


Package fontspec Info: 
(fontspec)             Arial Unicode MS scale = 0.9999970546740851.


Package fontspec Info: 
(fontspec)             Arial Unicode MS scale = 1.


Package fontspec Info: 
(fontspec)             Arial Unicode MS scale = 0.9999970546740851.


Package fontspec Info: 
(fontspec)             Arial Unicode MS scale = 1.


Package fontspec Info: 
(fontspec)             Arial Unicode MS scale = 0.9999970546740851.


Package fontspec Info: 
(fontspec)             Arial Unicode MS scale = 1.


Package fontspec Info: 
(fontspec)             Arial Unicode MS scale = 0.9999970546740851.


Package fontspec Info: 
(fontspec)             Arial Unicode MS scale = 1.


Package fontspec Info: 
(fontspec)             Arial Unicode MS scale = 0.9999970546740851.


Package fontspec Info: 
(fontspec)             Arial Unicode MS scale = 1.


Package fontspec Info: 
(fontspec)             Arial Unicode MS scale = 0.9999970546740851.


Package fontspec Info: 
(fontspec)             Arial Unicode MS scale = 1.


Package fontspec Info: 
(fontspec)             Arial Unicode MS scale = 0.9999970546740851.


Package fontspec Info: 
(fontspec)             Arial Unicode MS scale = 1.


Package fontspec Info: 
(fontspec)             Arial Unicode MS scale = 0.9999970546740851.


Package fontspec Info: 
(fontspec)             Arial Unicode MS scale = 1.


Package fontspec Info: 
(fontspec)             Arial Unicode MS scale = 0.9999970546740851.


Package fontspec Info: 
(fontspec)             Arial Unicode MS scale = 1.


Package fontspec Info: 
(fontspec)             Arial Unicode MS scale = 0.9999970546740851.


Package fontspec Info: 
(fontspec)             Arial Unicode MS scale = 1.


Package fontspec Info: 
(fontspec)             Arial Unicode MS scale = 0.9999970546740851.


Package fontspec Info: 
(fontspec)             Arial Unicode MS scale = 1.


Package fontspec Info: 
(fontspec)             Arial Unicode MS scale = 0.9999970546740851.


Package fontspec Info: 
(fontspec)             Arial Unicode MS scale = 1.


Package fontspec Info: 
(fontspec)             Arial Unicode MS scale = 0.9999970546740851.


Package fontspec Info: 
(fontspec)             Arial Unicode MS scale = 1.


Package fontspec Info: 
(fontspec)             Arial Unicode MS scale = 0.9999970546740851.


Package fontspec Info: 
(fontspec)             Arial Unicode MS scale = 1.


Package fontspec Info: 
(fontspec)             Arial Unicode MS scale = 0.9999970546740851.


Package fontspec Info: 
(fontspec)             Arial Unicode MS scale = 1.


Package fontspec Info: 
(fontspec)             Arial Unicode MS scale = 0.9999970546740851.


Package fontspec Info: 
(fontspec)             Arial Unicode MS scale = 1.


Package fontspec Info: 
(fontspec)             Arial Unicode MS scale = 0.9999970546740851.


Package fontspec Info: 
(fontspec)             Arial Unicode MS scale = 1.


Package fontspec Info: 
(fontspec)             Arial Unicode MS scale = 0.9999970546740851.


Package fontspec Info: 
(fontspec)             Arial Unicode MS scale = 1.


Package fontspec Info: 
(fontspec)             Arial Unicode MS scale = 0.9999970546740851.


Package fontspec Info: 
(fontspec)             Arial Unicode MS scale = 1.


Package fontspec Info: 
(fontspec)             Arial Unicode MS scale = 0.9999970546740851.


Package fontspec Info: 
(fontspec)             Arial Unicode MS scale = 1.


Package fontspec Info: 
(fontspec)             Arial Unicode MS scale = 0.9999970546740851.


Package fontspec Info: 
(fontspec)             Arial Unicode MS scale = 1.


Package fontspec Info: 
(fontspec)             Arial Unicode MS scale = 0.9999970546740851.


Package fontspec Info: 
(fontspec)             Arial Unicode MS scale = 1.


Package fontspec Info: 
(fontspec)             Arial Unicode MS scale = 0.9999970546740851.


Package fontspec Info: 
(fontspec)             Arial Unicode MS scale = 1.


Package fontspec Info: 
(fontspec)             Arial Unicode MS scale = 0.9999970546740851.


Package fontspec Info: 
(fontspec)             Arial Unicode MS scale = 1.


Package fontspec Info: 
(fontspec)             Arial Unicode MS scale = 0.9999970546740851.


Package fontspec Info: 
(fontspec)             Arial Unicode MS scale = 1.


Package fontspec Info: 
(fontspec)             Arial Unicode MS scale = 0.9999970546740851.


Package fontspec Info: 
(fontspec)             Arial Unicode MS scale = 1.

 [20]

Package fontspec Info: 
(fontspec)             Arial Unicode MS scale = 0.9999970546740851.


Package fontspec Info: 
(fontspec)             Arial Unicode MS scale = 1.


Package fontspec Info: 
(fontspec)             Arial Unicode MS scale = 0.9999970546740851.


Package fontspec Info: 
(fontspec)             Arial Unicode MS scale = 1.


Package fontspec Info: 
(fontspec)             Arial Unicode MS scale = 0.9999970546740851.


Package fontspec Info: 
(fontspec)             Arial Unicode MS scale = 1.


Package fontspec Info: 
(fontspec)             Arial Unicode MS scale = 0.9999970546740851.


Package fontspec Info: 
(fontspec)             Arial Unicode MS scale = 1.


Package fontspec Info: 
(fontspec)             Arial Unicode MS scale = 0.9999970546740851.


Package fontspec Info: 
(fontspec)             Arial Unicode MS scale = 1.


Package fontspec Info: 
(fontspec)             Arial Unicode MS scale = 0.9999970546740851.


Package fontspec Info: 
(fontspec)             Arial Unicode MS scale = 1.


Package fontspec Info: 
(fontspec)             Arial Unicode MS scale = 0.9999970546740851.


Package fontspec Info: 
(fontspec)             Arial Unicode MS scale = 1.


Package fontspec Info: 
(fontspec)             Arial Unicode MS scale = 0.9999970546740851.


Package fontspec Info: 
(fontspec)             Arial Unicode MS scale = 1.


Package fontspec Info: 
(fontspec)             Arial Unicode MS scale = 0.9999970546740851.


Package fontspec Info: 
(fontspec)             Arial Unicode MS scale = 1.


Package fontspec Info: 
(fontspec)             Arial Unicode MS scale = 0.9999970546740851.


Package fontspec Info: 
(fontspec)             Arial Unicode MS scale = 1.


Package fontspec Info: 
(fontspec)             Arial Unicode MS scale = 0.9999970546740851.


Package fontspec Info: 
(fontspec)             Arial Unicode MS scale = 1.


Package fontspec Info: 
(fontspec)             Arial Unicode MS scale = 0.9999970546740851.


Package fontspec Info: 
(fontspec)             Arial Unicode MS scale = 1.


Package fontspec Info: 
(fontspec)             Arial Unicode MS scale = 0.9999970546740851.


Package fontspec Info: 
(fontspec)             Arial Unicode MS scale = 1.


Package fontspec Info: 
(fontspec)             Arial Unicode MS scale = 0.9999970546740851.


Package fontspec Info: 
(fontspec)             Arial Unicode MS scale = 1.


Package fontspec Info: 
(fontspec)             Arial Unicode MS scale = 0.9999970546740851.


Package fontspec Info: 
(fontspec)             Arial Unicode MS scale = 1.


Package fontspec Info: 
(fontspec)             Arial Unicode MS scale = 0.9999970546740851.


Package fontspec Info: 
(fontspec)             Arial Unicode MS scale = 1.


Package fontspec Info: 
(fontspec)             Arial Unicode MS scale = 0.9999970546740851.


Package fontspec Info: 
(fontspec)             Arial Unicode MS scale = 1.


Package fontspec Info: 
(fontspec)             Arial Unicode MS scale = 0.9999970546740851.


Package fontspec Info: 
(fontspec)             Arial Unicode MS scale = 1.


Package fontspec Info: 
(fontspec)             Arial Unicode MS scale = 0.9999970546740851.


Package fontspec Info: 
(fontspec)             Arial Unicode MS scale = 1.


Package fontspec Info: 
(fontspec)             Arial Unicode MS scale = 0.9999970546740851.


Package fontspec Info: 
(fontspec)             Arial Unicode MS scale = 1.


Package fontspec Info: 
(fontspec)             Arial Unicode MS scale = 0.9999970546740851.


Package fontspec Info: 
(fontspec)             Arial Unicode MS scale = 1.


Package fontspec Info: 
(fontspec)             Arial Unicode MS scale = 0.9999970546740851.


Package fontspec Info: 
(fontspec)             Arial Unicode MS scale = 1.


Package fontspec Info: 
(fontspec)             Arial Unicode MS scale = 0.9999970546740851.


Package fontspec Info: 
(fontspec)             Arial Unicode MS scale = 1.


Package fontspec Info: 
(fontspec)             Arial Unicode MS scale = 0.9999970546740851.


Package fontspec Info: 
(fontspec)             Arial Unicode MS scale = 1.


Package fontspec Info: 
(fontspec)             Arial Unicode MS scale = 0.9999970546740851.


Package fontspec Info: 
(fontspec)             Arial Unicode MS scale = 1.


Package fontspec Info: 
(fontspec)             Arial Unicode MS scale = 0.9999970546740851.


Package fontspec Info: 
(fontspec)             Arial Unicode MS scale = 1.


Package fontspec Info: 
(fontspec)             Arial Unicode MS scale = 0.9999970546740851.


Package fontspec Info: 
(fontspec)             Arial Unicode MS scale = 1.


Package fontspec Info: 
(fontspec)             Arial Unicode MS scale = 0.9999970546740851.


Package fontspec Info: 
(fontspec)             Arial Unicode MS scale = 1.

 [21]

Package fontspec Info: 
(fontspec)             Arial Unicode MS scale = 0.9999970546740851.


Package fontspec Info: 
(fontspec)             Arial Unicode MS scale = 1.


Package fontspec Info: 
(fontspec)             Arial Unicode MS scale = 0.9999970546740851.


Package fontspec Info: 
(fontspec)             Arial Unicode MS scale = 1.


Package fontspec Info: 
(fontspec)             Arial Unicode MS scale = 0.9999970546740851.


Package fontspec Info: 
(fontspec)             Arial Unicode MS scale = 1.


Package fontspec Info: 
(fontspec)             Arial Unicode MS scale = 0.9999970546740851.


Package fontspec Info: 
(fontspec)             Arial Unicode MS scale = 1.


Package fontspec Info: 
(fontspec)             Arial Unicode MS scale = 0.9999970546740851.


Package fontspec Info: 
(fontspec)             Arial Unicode MS scale = 1.


Package fontspec Info: 
(fontspec)             Arial Unicode MS scale = 0.9999970546740851.


Package fontspec Info: 
(fontspec)             Arial Unicode MS scale = 1.


Package fontspec Info: 
(fontspec)             Arial Unicode MS scale = 0.9999970546740851.


Package fontspec Info: 
(fontspec)             Arial Unicode MS scale = 1.


Package fontspec Info: 
(fontspec)             Arial Unicode MS scale = 0.9999970546740851.


Package fontspec Info: 
(fontspec)             Arial Unicode MS scale = 1.


Package fontspec Info: 
(fontspec)             Arial Unicode MS scale = 0.9999970546740851.


Package fontspec Info: 
(fontspec)             Arial Unicode MS scale = 1.


Package fontspec Info: 
(fontspec)             Arial Unicode MS scale = 0.9999970546740851.


Package fontspec Info: 
(fontspec)             Arial Unicode MS scale = 1.


Package fontspec Info: 
(fontspec)             Arial Unicode MS scale = 0.9999970546740851.


Package fontspec Info: 
(fontspec)             Arial Unicode MS scale = 1.


Package fontspec Info: 
(fontspec)             Arial Unicode MS scale = 0.9999970546740851.


Package fontspec Info: 
(fontspec)             Arial Unicode MS scale = 1.


Package fontspec Info: 
(fontspec)             Arial Unicode MS scale = 0.9999970546740851.


Package fontspec Info: 
(fontspec)             Arial Unicode MS scale = 1.


Package fontspec Info: 
(fontspec)             Arial Unicode MS scale = 0.9999970546740851.


Package fontspec Info: 
(fontspec)             Arial Unicode MS scale = 1.


Package fontspec Info: 
(fontspec)             Arial Unicode MS scale = 0.9999970546740851.


Package fontspec Info: 
(fontspec)             Arial Unicode MS scale = 1.


Package fontspec Info: 
(fontspec)             Arial Unicode MS scale = 0.9999970546740851.


Package fontspec Info: 
(fontspec)             Arial Unicode MS scale = 1.


Package fontspec Info: 
(fontspec)             Arial Unicode MS scale = 0.9999970546740851.


Package fontspec Info: 
(fontspec)             Arial Unicode MS scale = 1.


Package fontspec Info: 
(fontspec)             Arial Unicode MS scale = 0.9999970546740851.


Package fontspec Info: 
(fontspec)             Arial Unicode MS scale = 1.


Package fontspec Info: 
(fontspec)             Arial Unicode MS scale = 0.9999970546740851.


Package fontspec Info: 
(fontspec)             Arial Unicode MS scale = 1.


Package fontspec Info: 
(fontspec)             Arial Unicode MS scale = 0.9999970546740851.


Package fontspec Info: 
(fontspec)             Arial Unicode MS scale = 1.

 [22]

Package fontspec Info: 
(fontspec)             Arial Unicode MS scale = 0.9999970546740851.


Package fontspec Info: 
(fontspec)             Arial Unicode MS scale = 1.


Package fontspec Info: 
(fontspec)             Arial Unicode MS scale = 0.9999970546740851.


Package fontspec Info: 
(fontspec)             Arial Unicode MS scale = 1.


Package fontspec Info: 
(fontspec)             Arial Unicode MS scale = 0.9999970546740851.


Package fontspec Info: 
(fontspec)             Arial Unicode MS scale = 1.


Package fontspec Info: 
(fontspec)             Arial Unicode MS scale = 0.9999970546740851.


Package fontspec Info: 
(fontspec)             Arial Unicode MS scale = 1.


Package fontspec Info: 
(fontspec)             Arial Unicode MS scale = 0.9999970546740851.


Package fontspec Info: 
(fontspec)             Arial Unicode MS scale = 1.


Package fontspec Info: 
(fontspec)             Arial Unicode MS scale = 0.9999970546740851.


Package fontspec Info: 
(fontspec)             Arial Unicode MS scale = 1.


Package fontspec Info: 
(fontspec)             Arial Unicode MS scale = 0.9999970546740851.


Package fontspec Info: 
(fontspec)             Arial Unicode MS scale = 1.


Package fontspec Info: 
(fontspec)             Arial Unicode MS scale = 0.9999970546740851.


Package fontspec Info: 
(fontspec)             Arial Unicode MS scale = 1.


Package fontspec Info: 
(fontspec)             Arial Unicode MS scale = 0.9999970546740851.


Package fontspec Info: 
(fontspec)             Arial Unicode MS scale = 1.


Package fontspec Info: 
(fontspec)             Arial Unicode MS scale = 0.9999970546740851.


Package fontspec Info: 
(fontspec)             Arial Unicode MS scale = 1.


Package fontspec Info: 
(fontspec)             Arial Unicode MS scale = 0.9999970546740851.


Package fontspec Info: 
(fontspec)             Arial Unicode MS scale = 1.


Package fontspec Info: 
(fontspec)             Arial Unicode MS scale = 0.9999970546740851.


Package fontspec Info: 
(fontspec)             Arial Unicode MS scale = 1.


Package fontspec Info: 
(fontspec)             Arial Unicode MS scale = 0.9999970546740851.


Package fontspec Info: 
(fontspec)             Arial Unicode MS scale = 1.


Package fontspec Info: 
(fontspec)             Arial Unicode MS scale = 0.9999970546740851.


Package fontspec Info: 
(fontspec)             Arial Unicode MS scale = 1.


Package fontspec Info: 
(fontspec)             Arial Unicode MS scale = 0.9999970546740851.


Package fontspec Info: 
(fontspec)             Arial Unicode MS scale = 1.


Package fontspec Info: 
(fontspec)             Arial Unicode MS scale = 0.9999970546740851.


Package fontspec Info: 
(fontspec)             Arial Unicode MS scale = 1.


Package fontspec Info: 
(fontspec)             Arial Unicode MS scale = 0.9999970546740851.


Package fontspec Info: 
(fontspec)             Arial Unicode MS scale = 1.


Package fontspec Info: 
(fontspec)             Arial Unicode MS scale = 0.9999970546740851.


Package fontspec Info: 
(fontspec)             Arial Unicode MS scale = 1.


Package fontspec Info: 
(fontspec)             Arial Unicode MS scale = 0.9999970546740851.


Package fontspec Info: 
(fontspec)             Arial Unicode MS scale = 1.


Package fontspec Info: 
(fontspec)             Arial Unicode MS scale = 0.9999970546740851.


Package fontspec Info: 
(fontspec)             Arial Unicode MS scale = 1.


Package fontspec Info: 
(fontspec)             Arial Unicode MS scale = 0.9999970546740851.


Package fontspec Info: 
(fontspec)             Arial Unicode MS scale = 1.


Package fontspec Info: 
(fontspec)             Arial Unicode MS scale = 0.9999970546740851.


Package fontspec Info: 
(fontspec)             Arial Unicode MS scale = 1.


Package fontspec Info: 
(fontspec)             Arial Unicode MS scale = 0.9999970546740851.


Package fontspec Info: 
(fontspec)             Arial Unicode MS scale = 1.


Package fontspec Info: 
(fontspec)             Arial Unicode MS scale = 0.9999970546740851.


Package fontspec Info: 
(fontspec)             Arial Unicode MS scale = 1.


Package fontspec Info: 
(fontspec)             Arial Unicode MS scale = 0.9999970546740851.


Package fontspec Info: 
(fontspec)             Arial Unicode MS scale = 1.


Package fontspec Info: 
(fontspec)             Arial Unicode MS scale = 0.9999970546740851.


Package fontspec Info: 
(fontspec)             Arial Unicode MS scale = 1.


Package fontspec Info: 
(fontspec)             Arial Unicode MS scale = 0.9999970546740851.


Package fontspec Info: 
(fontspec)             Arial Unicode MS scale = 1.


Package fontspec Info: 
(fontspec)             Arial Unicode MS scale = 0.9999970546740851.


Package fontspec Info: 
(fontspec)             Arial Unicode MS scale = 1.


Package fontspec Info: 
(fontspec)             Arial Unicode MS scale = 0.9999970546740851.


Package fontspec Info: 
(fontspec)             Arial Unicode MS scale = 1.


Package fontspec Info: 
(fontspec)             Arial Unicode MS scale = 0.9999970546740851.


Package fontspec Info: 
(fontspec)             Arial Unicode MS scale = 1.


Package fontspec Info: 
(fontspec)             Arial Unicode MS scale = 0.9999970546740851.


Package fontspec Info: 
(fontspec)             Arial Unicode MS scale = 1.


Package fontspec Info: 
(fontspec)             Arial Unicode MS scale = 0.9999970546740851.


Package fontspec Info: 
(fontspec)             Arial Unicode MS scale = 1.

 [23]

Package fontspec Info: 
(fontspec)             Arial Unicode MS scale = 0.9999970546740851.


Package fontspec Info: 
(fontspec)             Arial Unicode MS scale = 1.


Package fontspec Info: 
(fontspec)             Arial Unicode MS scale = 0.9999970546740851.


Package fontspec Info: 
(fontspec)             Arial Unicode MS scale = 1.


Package fontspec Info: 
(fontspec)             Arial Unicode MS scale = 0.9999970546740851.


Package fontspec Info: 
(fontspec)             Arial Unicode MS scale = 1.


Package fontspec Info: 
(fontspec)             Arial Unicode MS scale = 0.9999970546740851.


Package fontspec Info: 
(fontspec)             Arial Unicode MS scale = 1.


Package fontspec Info: 
(fontspec)             Arial Unicode MS scale = 0.9999970546740851.


Package fontspec Info: 
(fontspec)             Arial Unicode MS scale = 1.


Package fontspec Info: 
(fontspec)             Arial Unicode MS scale = 0.9999970546740851.


Package fontspec Info: 
(fontspec)             Arial Unicode MS scale = 1.


Package fontspec Info: 
(fontspec)             Arial Unicode MS scale = 0.9999970546740851.


Package fontspec Info: 
(fontspec)             Arial Unicode MS scale = 1.


Package fontspec Info: 
(fontspec)             Arial Unicode MS scale = 0.9999970546740851.


Package fontspec Info: 
(fontspec)             Arial Unicode MS scale = 1.


Package fontspec Info: 
(fontspec)             Arial Unicode MS scale = 0.9999970546740851.


Package fontspec Info: 
(fontspec)             Arial Unicode MS scale = 1.


Package fontspec Info: 
(fontspec)             Arial Unicode MS scale = 0.9999970546740851.


Package fontspec Info: 
(fontspec)             Arial Unicode MS scale = 1.


Package fontspec Info: 
(fontspec)             Arial Unicode MS scale = 0.9999970546740851.


Package fontspec Info: 
(fontspec)             Arial Unicode MS scale = 1.


Package fontspec Info: 
(fontspec)             Arial Unicode MS scale = 0.9999970546740851.


Package fontspec Info: 
(fontspec)             Arial Unicode MS scale = 1.


Package fontspec Info: 
(fontspec)             Arial Unicode MS scale = 0.9999970546740851.


Package fontspec Info: 
(fontspec)             Arial Unicode MS scale = 1.


Package fontspec Info: 
(fontspec)             Arial Unicode MS scale = 0.9999970546740851.


Package fontspec Info: 
(fontspec)             Arial Unicode MS scale = 1.


Package fontspec Info: 
(fontspec)             Arial Unicode MS scale = 0.9999970546740851.


Package fontspec Info: 
(fontspec)             Arial Unicode MS scale = 1.


Package fontspec Info: 
(fontspec)             Arial Unicode MS scale = 0.9999970546740851.


Package fontspec Info: 
(fontspec)             Arial Unicode MS scale = 1.


Package fontspec Info: 
(fontspec)             Arial Unicode MS scale = 0.9999970546740851.


Package fontspec Info: 
(fontspec)             Arial Unicode MS scale = 1.


Package fontspec Info: 
(fontspec)             Arial Unicode MS scale = 0.9999970546740851.


Package fontspec Info: 
(fontspec)             Arial Unicode MS scale = 1.


Package fontspec Info: 
(fontspec)             Arial Unicode MS scale = 0.9999970546740851.


Package fontspec Info: 
(fontspec)             Arial Unicode MS scale = 1.


Package fontspec Info: 
(fontspec)             Arial Unicode MS scale = 0.9999970546740851.


Package fontspec Info: 
(fontspec)             Arial Unicode MS scale = 1.


Package fontspec Info: 
(fontspec)             Arial Unicode MS scale = 0.9999970546740851.


Package fontspec Info: 
(fontspec)             Arial Unicode MS scale = 1.


Package fontspec Info: 
(fontspec)             Arial Unicode MS scale = 0.9999970546740851.


Package fontspec Info: 
(fontspec)             Arial Unicode MS scale = 1.


Package fontspec Info: 
(fontspec)             Arial Unicode MS scale = 0.9999970546740851.


Package fontspec Info: 
(fontspec)             Arial Unicode MS scale = 1.


Package fontspec Info: 
(fontspec)             Arial Unicode MS scale = 0.9999970546740851.


Package fontspec Info: 
(fontspec)             Arial Unicode MS scale = 1.


Package fontspec Info: 
(fontspec)             Arial Unicode MS scale = 0.9999970546740851.


Package fontspec Info: 
(fontspec)             Arial Unicode MS scale = 1.


Package fontspec Info: 
(fontspec)             Arial Unicode MS scale = 0.9999970546740851.


Package fontspec Info: 
(fontspec)             Arial Unicode MS scale = 1.


Package fontspec Info: 
(fontspec)             Arial Unicode MS scale = 0.9999970546740851.


Package fontspec Info: 
(fontspec)             Arial Unicode MS scale = 1.


Package fontspec Info: 
(fontspec)             Arial Unicode MS scale = 0.9999970546740851.


Package fontspec Info: 
(fontspec)             Arial Unicode MS scale = 1.

 [24]

Package fontspec Info: 
(fontspec)             Arial Unicode MS scale = 0.9999970546740851.


Package fontspec Info: 
(fontspec)             Arial Unicode MS scale = 1.


Package fontspec Info: 
(fontspec)             Arial Unicode MS scale = 0.9999970546740851.


Package fontspec Info: 
(fontspec)             Arial Unicode MS scale = 1.


Package fontspec Info: 
(fontspec)             Arial Unicode MS scale = 0.9999970546740851.


Package fontspec Info: 
(fontspec)             Arial Unicode MS scale = 1.


Package fontspec Info: 
(fontspec)             Arial Unicode MS scale = 0.9999970546740851.


Package fontspec Info: 
(fontspec)             Arial Unicode MS scale = 1.


Package fontspec Info: 
(fontspec)             Arial Unicode MS scale = 0.9999970546740851.


Package fontspec Info: 
(fontspec)             Arial Unicode MS scale = 1.


Package fontspec Info: 
(fontspec)             Arial Unicode MS scale = 0.9999970546740851.


Package fontspec Info: 
(fontspec)             Arial Unicode MS scale = 1.


Package fontspec Info: 
(fontspec)             Arial Unicode MS scale = 0.9999970546740851.


Package fontspec Info: 
(fontspec)             Arial Unicode MS scale = 1.


Package fontspec Info: 
(fontspec)             Arial Unicode MS scale = 0.9999970546740851.


Package fontspec Info: 
(fontspec)             Arial Unicode MS scale = 1.


Package fontspec Info: 
(fontspec)             Arial Unicode MS scale = 0.9999970546740851.


Package fontspec Info: 
(fontspec)             Arial Unicode MS scale = 1.


Package fontspec Info: 
(fontspec)             Arial Unicode MS scale = 0.9999970546740851.


Package fontspec Info: 
(fontspec)             Arial Unicode MS scale = 1.


Package fontspec Info: 
(fontspec)             Arial Unicode MS scale = 0.9999970546740851.


Package fontspec Info: 
(fontspec)             Arial Unicode MS scale = 1.


Package fontspec Info: 
(fontspec)             Arial Unicode MS scale = 0.9999970546740851.


Package fontspec Info: 
(fontspec)             Arial Unicode MS scale = 1.


Package fontspec Info: 
(fontspec)             Arial Unicode MS scale = 0.9999970546740851.


Package fontspec Info: 
(fontspec)             Arial Unicode MS scale = 1.


Package fontspec Info: 
(fontspec)             Arial Unicode MS scale = 0.9999970546740851.


Package fontspec Info: 
(fontspec)             Arial Unicode MS scale = 1.


Package fontspec Info: 
(fontspec)             Arial Unicode MS scale = 0.9999970546740851.


Package fontspec Info: 
(fontspec)             Arial Unicode MS scale = 1.


Package fontspec Info: 
(fontspec)             Arial Unicode MS scale = 0.9999970546740851.


Package fontspec Info: 
(fontspec)             Arial Unicode MS scale = 1.


Package fontspec Info: 
(fontspec)             Arial Unicode MS scale = 0.9999970546740851.


Package fontspec Info: 
(fontspec)             Arial Unicode MS scale = 1.


Package fontspec Info: 
(fontspec)             Arial Unicode MS scale = 0.9999970546740851.


Package fontspec Info: 
(fontspec)             Arial Unicode MS scale = 1.


Package fontspec Info: 
(fontspec)             Arial Unicode MS scale = 0.9999975455605327.


Package fontspec Info: 
(fontspec)             Arial Unicode MS scale = 1.

LaTeX Font Info:    Font shape `TU/ArialUnicodeMS(2)/b/n' will be
(Font)              scaled to size 12.0pt on input line 1246.

Package fontspec Info: 
(fontspec)             Arial Unicode MS scale = 0.9999975455605327.


Package fontspec Info: 
(fontspec)             Arial Unicode MS scale = 1.


Package fontspec Info: 
(fontspec)             Arial Unicode MS scale = 0.9999970546740851.


Package fontspec Info: 
(fontspec)             Arial Unicode MS scale = 1.


Package fontspec Info: 
(fontspec)             Arial Unicode MS scale = 0.9999970546740851.


Package fontspec Info: 
(fontspec)             Arial Unicode MS scale = 1.


Package fontspec Info: 
(fontspec)             Arial Unicode MS scale = 0.9999970546740851.


Package fontspec Info: 
(fontspec)             Arial Unicode MS scale = 1.


Package fontspec Info: 
(fontspec)             Arial Unicode MS scale = 0.9999970546740851.


Package fontspec Info: 
(fontspec)             Arial Unicode MS scale = 1.


Package fontspec Info: 
(fontspec)             Arial Unicode MS scale = 0.9999970546740851.


Package fontspec Info: 
(fontspec)             Arial Unicode MS scale = 1.


Package fontspec Info: 
(fontspec)             Arial Unicode MS scale = 0.9999970546740851.


Package fontspec Info: 
(fontspec)             Arial Unicode MS scale = 1.


Package fontspec Info: 
(fontspec)             Arial Unicode MS scale = 0.9999970546740851.


Package fontspec Info: 
(fontspec)             Arial Unicode MS scale = 1.


Package fontspec Info: 
(fontspec)             Arial Unicode MS scale = 0.9999970546740851.


Package fontspec Info: 
(fontspec)             Arial Unicode MS scale = 1.


Package fontspec Info: 
(fontspec)             Arial Unicode MS scale = 0.9999970546740851.


Package fontspec Info: 
(fontspec)             Arial Unicode MS scale = 1.


Package fontspec Info: 
(fontspec)             Arial Unicode MS scale = 0.9999970546740851.


Package fontspec Info: 
(fontspec)             Arial Unicode MS scale = 1.


Package fontspec Info: 
(fontspec)             Arial Unicode MS scale = 0.9999970546740851.


Package fontspec Info: 
(fontspec)             Arial Unicode MS scale = 1.


Package fontspec Info: 
(fontspec)             Arial Unicode MS scale = 0.9999970546740851.


Package fontspec Info: 
(fontspec)             Arial Unicode MS scale = 1.


Package fontspec Info: 
(fontspec)             Arial Unicode MS scale = 0.9999970546740851.


Package fontspec Info: 
(fontspec)             Arial Unicode MS scale = 1.


Package fontspec Info: 
(fontspec)             Arial Unicode MS scale = 0.9999970546740851.


Package fontspec Info: 
(fontspec)             Arial Unicode MS scale = 1.


Package fontspec Info: 
(fontspec)             Arial Unicode MS scale = 0.9999970546740851.


Package fontspec Info: 
(fontspec)             Arial Unicode MS scale = 1.


Package fontspec Info: 
(fontspec)             Arial Unicode MS scale = 0.9999970546740851.


Package fontspec Info: 
(fontspec)             Arial Unicode MS scale = 1.


Package fontspec Info: 
(fontspec)             Arial Unicode MS scale = 0.9999970546740851.


Package fontspec Info: 
(fontspec)             Arial Unicode MS scale = 1.


Package fontspec Info: 
(fontspec)             Arial Unicode MS scale = 0.9999970546740851.


Package fontspec Info: 
(fontspec)             Arial Unicode MS scale = 1.

 [25]

Package fontspec Info: 
(fontspec)             Arial Unicode MS scale = 0.9999970546740851.


Package fontspec Info: 
(fontspec)             Arial Unicode MS scale = 1.


Package fontspec Info: 
(fontspec)             Arial Unicode MS scale = 0.9999970546740851.


Package fontspec Info: 
(fontspec)             Arial Unicode MS scale = 1.


Package fontspec Info: 
(fontspec)             Arial Unicode MS scale = 0.9999970546740851.


Package fontspec Info: 
(fontspec)             Arial Unicode MS scale = 1.


Package fontspec Info: 
(fontspec)             Arial Unicode MS scale = 0.9999970546740851.


Package fontspec Info: 
(fontspec)             Arial Unicode MS scale = 1.


Package fontspec Info: 
(fontspec)             Arial Unicode MS scale = 0.9999970546740851.


Package fontspec Info: 
(fontspec)             Arial Unicode MS scale = 1.


Package fontspec Info: 
(fontspec)             Arial Unicode MS scale = 0.9999970546740851.


Package fontspec Info: 
(fontspec)             Arial Unicode MS scale = 1.


Package fontspec Info: 
(fontspec)             Arial Unicode MS scale = 0.9999970546740851.


Package fontspec Info: 
(fontspec)             Arial Unicode MS scale = 1.


Package fontspec Info: 
(fontspec)             Arial Unicode MS scale = 0.9999970546740851.


Package fontspec Info: 
(fontspec)             Arial Unicode MS scale = 1.


Package fontspec Info: 
(fontspec)             Arial Unicode MS scale = 0.9999966145648191.


Package fontspec Info: 
(fontspec)             Arial Unicode MS scale = 1.


Package fontspec Info: 
(fontspec)             Arial Unicode MS scale = 0.9999966145648191.


Package fontspec Info: 
(fontspec)             Arial Unicode MS scale = 1.


Package fontspec Info: 
(fontspec)             Arial Unicode MS scale = 0.9999970546740851.


Package fontspec Info: 
(fontspec)             Arial Unicode MS scale = 1.


Package fontspec Info: 
(fontspec)             Arial Unicode MS scale = 0.9999970546740851.


Package fontspec Info: 
(fontspec)             Arial Unicode MS scale = 1.


Package fontspec Info: 
(fontspec)             Arial Unicode MS scale = 0.9999970546740851.


Package fontspec Info: 
(fontspec)             Arial Unicode MS scale = 1.


Package fontspec Info: 
(fontspec)             Arial Unicode MS scale = 0.9999970546740851.


Package fontspec Info: 
(fontspec)             Arial Unicode MS scale = 1.


Package fontspec Info: 
(fontspec)             Arial Unicode MS scale = 0.9999970546740851.


Package fontspec Info: 
(fontspec)             Arial Unicode MS scale = 1.


Package fontspec Info: 
(fontspec)             Arial Unicode MS scale = 0.9999970546740851.


Package fontspec Info: 
(fontspec)             Arial Unicode MS scale = 1.


Package fontspec Info: 
(fontspec)             Arial Unicode MS scale = 0.9999970546740851.


Package fontspec Info: 
(fontspec)             Arial Unicode MS scale = 1.


Package fontspec Info: 
(fontspec)             Arial Unicode MS scale = 0.9999970546740851.


Package fontspec Info: 
(fontspec)             Arial Unicode MS scale = 1.


Package fontspec Info: 
(fontspec)             Arial Unicode MS scale = 0.9999970546740851.


Package fontspec Info: 
(fontspec)             Arial Unicode MS scale = 1.


Package fontspec Info: 
(fontspec)             Arial Unicode MS scale = 0.9999970546740851.


Package fontspec Info: 
(fontspec)             Arial Unicode MS scale = 1.


Package fontspec Info: 
(fontspec)             Arial Unicode MS scale = 0.9999970546740851.


Package fontspec Info: 
(fontspec)             Arial Unicode MS scale = 1.


Package fontspec Info: 
(fontspec)             Arial Unicode MS scale = 0.9999970546740851.


Package fontspec Info: 
(fontspec)             Arial Unicode MS scale = 1.


Package fontspec Info: 
(fontspec)             Arial Unicode MS scale = 0.9999970546740851.


Package fontspec Info: 
(fontspec)             Arial Unicode MS scale = 1.


Package fontspec Info: 
(fontspec)             Arial Unicode MS scale = 0.9999970546740851.


Package fontspec Info: 
(fontspec)             Arial Unicode MS scale = 1.


Package fontspec Info: 
(fontspec)             Arial Unicode MS scale = 0.9999970546740851.


Package fontspec Info: 
(fontspec)             Arial Unicode MS scale = 1.


Package fontspec Info: 
(fontspec)             Arial Unicode MS scale = 0.9999970546740851.


Package fontspec Info: 
(fontspec)             Arial Unicode MS scale = 1.


Package fontspec Info: 
(fontspec)             Arial Unicode MS scale = 0.9999970546740851.


Package fontspec Info: 
(fontspec)             Arial Unicode MS scale = 1.


Package fontspec Info: 
(fontspec)             Arial Unicode MS scale = 0.9999970546740851.


Package fontspec Info: 
(fontspec)             Arial Unicode MS scale = 1.


Package fontspec Info: 
(fontspec)             Arial Unicode MS scale = 0.9999970546740851.


Package fontspec Info: 
(fontspec)             Arial Unicode MS scale = 1.


Package fontspec Info: 
(fontspec)             Arial Unicode MS scale = 0.9999970546740851.


Package fontspec Info: 
(fontspec)             Arial Unicode MS scale = 1.


Package fontspec Info: 
(fontspec)             Arial Unicode MS scale = 0.9999970546740851.


Package fontspec Info: 
(fontspec)             Arial Unicode MS scale = 1.


Package fontspec Info: 
(fontspec)             Arial Unicode MS scale = 0.9999970546740851.


Package fontspec Info: 
(fontspec)             Arial Unicode MS scale = 1.


Package fontspec Info: 
(fontspec)             Arial Unicode MS scale = 0.9999970546740851.


Package fontspec Info: 
(fontspec)             Arial Unicode MS scale = 1.


Package fontspec Info: 
(fontspec)             Arial Unicode MS scale = 0.9999970546740851.


Package fontspec Info: 
(fontspec)             Arial Unicode MS scale = 1.


Package fontspec Info: 
(fontspec)             Arial Unicode MS scale = 0.9999970546740851.


Package fontspec Info: 
(fontspec)             Arial Unicode MS scale = 1.


Package fontspec Info: 
(fontspec)             Arial Unicode MS scale = 0.9999970546740851.


Package fontspec Info: 
(fontspec)             Arial Unicode MS scale = 1.


Package fontspec Info: 
(fontspec)             Arial Unicode MS scale = 0.9999970546740851.


Package fontspec Info: 
(fontspec)             Arial Unicode MS scale = 1.


Package fontspec Info: 
(fontspec)             Arial Unicode MS scale = 0.9999970546740851.


Package fontspec Info: 
(fontspec)             Arial Unicode MS scale = 1.

 [26]

Package fontspec Info: 
(fontspec)             Arial Unicode MS scale = 0.9999970546740851.


Package fontspec Info: 
(fontspec)             Arial Unicode MS scale = 1.


Package fontspec Info: 
(fontspec)             Arial Unicode MS scale = 0.9999970546740851.


Package fontspec Info: 
(fontspec)             Arial Unicode MS scale = 1.


Package fontspec Info: 
(fontspec)             Arial Unicode MS scale = 0.9999970546740851.


Package fontspec Info: 
(fontspec)             Arial Unicode MS scale = 1.


Package fontspec Info: 
(fontspec)             Arial Unicode MS scale = 0.9999970546740851.


Package fontspec Info: 
(fontspec)             Arial Unicode MS scale = 1.


Package fontspec Info: 
(fontspec)             Arial Unicode MS scale = 0.9999970546740851.


Package fontspec Info: 
(fontspec)             Arial Unicode MS scale = 1.


Package fontspec Info: 
(fontspec)             Arial Unicode MS scale = 0.9999970546740851.


Package fontspec Info: 
(fontspec)             Arial Unicode MS scale = 1.


Package fontspec Info: 
(fontspec)             Arial Unicode MS scale = 0.9999970546740851.


Package fontspec Info: 
(fontspec)             Arial Unicode MS scale = 1.


Package fontspec Info: 
(fontspec)             Arial Unicode MS scale = 0.9999970546740851.


Package fontspec Info: 
(fontspec)             Arial Unicode MS scale = 1.


Package fontspec Info: 
(fontspec)             Arial Unicode MS scale = 0.9999970546740851.


Package fontspec Info: 
(fontspec)             Arial Unicode MS scale = 1.


Package fontspec Info: 
(fontspec)             Arial Unicode MS scale = 0.9999970546740851.


Package fontspec Info: 
(fontspec)             Arial Unicode MS scale = 1.


Package fontspec Info: 
(fontspec)             Arial Unicode MS scale = 0.9999970546740851.


Package fontspec Info: 
(fontspec)             Arial Unicode MS scale = 1.


Package fontspec Info: 
(fontspec)             Arial Unicode MS scale = 0.9999970546740851.


Package fontspec Info: 
(fontspec)             Arial Unicode MS scale = 1.

 [27]

Package fontspec Info: 
(fontspec)             Arial Unicode MS scale = 0.9999970546740851.


Package fontspec Info: 
(fontspec)             Arial Unicode MS scale = 1.


Package fontspec Info: 
(fontspec)             Arial Unicode MS scale = 0.9999970546740851.


Package fontspec Info: 
(fontspec)             Arial Unicode MS scale = 1.


Package fontspec Info: 
(fontspec)             Arial Unicode MS scale = 0.9999970546740851.


Package fontspec Info: 
(fontspec)             Arial Unicode MS scale = 1.


Package fontspec Info: 
(fontspec)             Arial Unicode MS scale = 0.9999970546740851.


Package fontspec Info: 
(fontspec)             Arial Unicode MS scale = 1.


Package fontspec Info: 
(fontspec)             Arial Unicode MS scale = 0.9999970546740851.


Package fontspec Info: 
(fontspec)             Arial Unicode MS scale = 1.


Package fontspec Info: 
(fontspec)             Arial Unicode MS scale = 0.9999970546740851.


Package fontspec Info: 
(fontspec)             Arial Unicode MS scale = 1.


Package fontspec Info: 
(fontspec)             Arial Unicode MS scale = 0.9999970546740851.


Package fontspec Info: 
(fontspec)             Arial Unicode MS scale = 1.


Package fontspec Info: 
(fontspec)             Arial Unicode MS scale = 0.9999970546740851.


Package fontspec Info: 
(fontspec)             Arial Unicode MS scale = 1.


Package fontspec Info: 
(fontspec)             Arial Unicode MS scale = 0.9999970546740851.


Package fontspec Info: 
(fontspec)             Arial Unicode MS scale = 1.


Package fontspec Info: 
(fontspec)             Arial Unicode MS scale = 0.9999970546740851.


Package fontspec Info: 
(fontspec)             Arial Unicode MS scale = 1.


Package fontspec Info: 
(fontspec)             Arial Unicode MS scale = 0.9999970546740851.


Package fontspec Info: 
(fontspec)             Arial Unicode MS scale = 1.


Package fontspec Info: 
(fontspec)             Arial Unicode MS scale = 0.9999970546740851.


Package fontspec Info: 
(fontspec)             Arial Unicode MS scale = 1.


Package fontspec Info: 
(fontspec)             Arial Unicode MS scale = 0.9999970546740851.


Package fontspec Info: 
(fontspec)             Arial Unicode MS scale = 1.


Package fontspec Info: 
(fontspec)             Arial Unicode MS scale = 0.9999970546740851.


Package fontspec Info: 
(fontspec)             Arial Unicode MS scale = 1.


Package fontspec Info: 
(fontspec)             Arial Unicode MS scale = 0.9999970546740851.


Package fontspec Info: 
(fontspec)             Arial Unicode MS scale = 1.


Package fontspec Info: 
(fontspec)             Arial Unicode MS scale = 0.9999970546740851.


Package fontspec Info: 
(fontspec)             Arial Unicode MS scale = 1.


Package fontspec Info: 
(fontspec)             Arial Unicode MS scale = 0.9999970546740851.


Package fontspec Info: 
(fontspec)             Arial Unicode MS scale = 1.


Package fontspec Info: 
(fontspec)             Arial Unicode MS scale = 0.9999970546740851.


Package fontspec Info: 
(fontspec)             Arial Unicode MS scale = 1.


Package fontspec Info: 
(fontspec)             Arial Unicode MS scale = 0.9999970546740851.


Package fontspec Info: 
(fontspec)             Arial Unicode MS scale = 1.


Package fontspec Info: 
(fontspec)             Arial Unicode MS scale = 0.9999970546740851.


Package fontspec Info: 
(fontspec)             Arial Unicode MS scale = 1.


Package fontspec Info: 
(fontspec)             Arial Unicode MS scale = 0.9999970546740851.


Package fontspec Info: 
(fontspec)             Arial Unicode MS scale = 1.


Package fontspec Info: 
(fontspec)             Arial Unicode MS scale = 0.9999970546740851.


Package fontspec Info: 
(fontspec)             Arial Unicode MS scale = 1.

 [28]

Package fontspec Info: 
(fontspec)             Arial Unicode MS scale = 0.9999970546740851.


Package fontspec Info: 
(fontspec)             Arial Unicode MS scale = 1.


Package fontspec Info: 
(fontspec)             Arial Unicode MS scale = 0.9999970546740851.


Package fontspec Info: 
(fontspec)             Arial Unicode MS scale = 1.


Package fontspec Info: 
(fontspec)             Arial Unicode MS scale = 0.9999970546740851.


Package fontspec Info: 
(fontspec)             Arial Unicode MS scale = 1.


Package fontspec Info: 
(fontspec)             Arial Unicode MS scale = 0.9999970546740851.


Package fontspec Info: 
(fontspec)             Arial Unicode MS scale = 1.


Package fontspec Info: 
(fontspec)             Arial Unicode MS scale = 0.9999970546740851.


Package fontspec Info: 
(fontspec)             Arial Unicode MS scale = 1.


Package fontspec Info: 
(fontspec)             Arial Unicode MS scale = 0.9999970546740851.


Package fontspec Info: 
(fontspec)             Arial Unicode MS scale = 1.


Package fontspec Info: 
(fontspec)             Arial Unicode MS scale = 0.9999970546740851.


Package fontspec Info: 
(fontspec)             Arial Unicode MS scale = 1.


Package fontspec Info: 
(fontspec)             Arial Unicode MS scale = 0.9999970546740851.


Package fontspec Info: 
(fontspec)             Arial Unicode MS scale = 1.


Package fontspec Info: 
(fontspec)             Arial Unicode MS scale = 0.9999970546740851.


Package fontspec Info: 
(fontspec)             Arial Unicode MS scale = 1.


Package fontspec Info: 
(fontspec)             Arial Unicode MS scale = 0.9999970546740851.


Package fontspec Info: 
(fontspec)             Arial Unicode MS scale = 1.

 [29]

Package fontspec Info: 
(fontspec)             Arial Unicode MS scale = 0.9999970546740851.


Package fontspec Info: 
(fontspec)             Arial Unicode MS scale = 1.


Package fontspec Info: 
(fontspec)             Arial Unicode MS scale = 0.9999970546740851.


Package fontspec Info: 
(fontspec)             Arial Unicode MS scale = 1.


Package fontspec Info: 
(fontspec)             Arial Unicode MS scale = 0.9999970546740851.


Package fontspec Info: 
(fontspec)             Arial Unicode MS scale = 1.


Package fontspec Info: 
(fontspec)             Arial Unicode MS scale = 0.9999970546740851.


Package fontspec Info: 
(fontspec)             Arial Unicode MS scale = 1.


Package fontspec Info: 
(fontspec)             Arial Unicode MS scale = 0.9999970546740851.


Package fontspec Info: 
(fontspec)             Arial Unicode MS scale = 1.


Package fontspec Info: 
(fontspec)             Arial Unicode MS scale = 0.9999970546740851.


Package fontspec Info: 
(fontspec)             Arial Unicode MS scale = 1.


Package fontspec Info: 
(fontspec)             Arial Unicode MS scale = 0.9999970546740851.


Package fontspec Info: 
(fontspec)             Arial Unicode MS scale = 1.


Package fontspec Info: 
(fontspec)             Arial Unicode MS scale = 0.9999970546740851.


Package fontspec Info: 
(fontspec)             Arial Unicode MS scale = 1.


Package fontspec Info: 
(fontspec)             Arial Unicode MS scale = 0.9999970546740851.


Package fontspec Info: 
(fontspec)             Arial Unicode MS scale = 1.


Package fontspec Info: 
(fontspec)             Arial Unicode MS scale = 0.9999970546740851.


Package fontspec Info: 
(fontspec)             Arial Unicode MS scale = 1.


Package fontspec Info: 
(fontspec)             Arial Unicode MS scale = 0.9999970546740851.


Package fontspec Info: 
(fontspec)             Arial Unicode MS scale = 1.


Package fontspec Info: 
(fontspec)             Arial Unicode MS scale = 0.9999970546740851.


Package fontspec Info: 
(fontspec)             Arial Unicode MS scale = 1.


Package fontspec Info: 
(fontspec)             Arial Unicode MS scale = 0.9999970546740851.


Package fontspec Info: 
(fontspec)             Arial Unicode MS scale = 1.


Package fontspec Info: 
(fontspec)             Arial Unicode MS scale = 0.9999970546740851.


Package fontspec Info: 
(fontspec)             Arial Unicode MS scale = 1.


Package fontspec Info: 
(fontspec)             Arial Unicode MS scale = 0.9999970546740851.


Package fontspec Info: 
(fontspec)             Arial Unicode MS scale = 1.


Package fontspec Info: 
(fontspec)             Arial Unicode MS scale = 0.9999970546740851.


Package fontspec Info: 
(fontspec)             Arial Unicode MS scale = 1.


Package fontspec Info: 
(fontspec)             Arial Unicode MS scale = 0.9999970546740851.


Package fontspec Info: 
(fontspec)             Arial Unicode MS scale = 1.


Package fontspec Info: 
(fontspec)             Arial Unicode MS scale = 0.9999970546740851.


Package fontspec Info: 
(fontspec)             Arial Unicode MS scale = 1.


Package fontspec Info: 
(fontspec)             Arial Unicode MS scale = 0.9999970546740851.


Package fontspec Info: 
(fontspec)             Arial Unicode MS scale = 1.


Package fontspec Info: 
(fontspec)             Arial Unicode MS scale = 0.9999970546740851.


Package fontspec Info: 
(fontspec)             Arial Unicode MS scale = 1.


Package fontspec Info: 
(fontspec)             Arial Unicode MS scale = 0.9999970546740851.


Package fontspec Info: 
(fontspec)             Arial Unicode MS scale = 1.


Package fontspec Info: 
(fontspec)             Arial Unicode MS scale = 0.9999970546740851.


Package fontspec Info: 
(fontspec)             Arial Unicode MS scale = 1.

 [30]

Package fontspec Info: 
(fontspec)             Arial Unicode MS scale = 0.9999970546740851.


Package fontspec Info: 
(fontspec)             Arial Unicode MS scale = 1.


Package fontspec Info: 
(fontspec)             Arial Unicode MS scale = 0.9999970546740851.


Package fontspec Info: 
(fontspec)             Arial Unicode MS scale = 1.


Package fontspec Info: 
(fontspec)             Arial Unicode MS scale = 0.9999970546740851.


Package fontspec Info: 
(fontspec)             Arial Unicode MS scale = 1.


Package fontspec Info: 
(fontspec)             Arial Unicode MS scale = 0.9999970546740851.


Package fontspec Info: 
(fontspec)             Arial Unicode MS scale = 1.


Package fontspec Info: 
(fontspec)             Arial Unicode MS scale = 0.9999970546740851.


Package fontspec Info: 
(fontspec)             Arial Unicode MS scale = 1.


Package fontspec Info: 
(fontspec)             Arial Unicode MS scale = 0.9999970546740851.


Package fontspec Info: 
(fontspec)             Arial Unicode MS scale = 1.


Package fontspec Info: 
(fontspec)             Arial Unicode MS scale = 0.9999970546740851.


Package fontspec Info: 
(fontspec)             Arial Unicode MS scale = 1.


Package fontspec Info: 
(fontspec)             Arial Unicode MS scale = 0.9999970546740851.


Package fontspec Info: 
(fontspec)             Arial Unicode MS scale = 1.


Package fontspec Info: 
(fontspec)             Arial Unicode MS scale = 0.9999970546740851.


Package fontspec Info: 
(fontspec)             Arial Unicode MS scale = 1.


Package fontspec Info: 
(fontspec)             Arial Unicode MS scale = 0.9999970546740851.


Package fontspec Info: 
(fontspec)             Arial Unicode MS scale = 1.


Package fontspec Info: 
(fontspec)             Arial Unicode MS scale = 0.9999970546740851.


Package fontspec Info: 
(fontspec)             Arial Unicode MS scale = 1.


Package fontspec Info: 
(fontspec)             Arial Unicode MS scale = 0.9999970546740851.


Package fontspec Info: 
(fontspec)             Arial Unicode MS scale = 1.


Package fontspec Info: 
(fontspec)             Arial Unicode MS scale = 0.9999970546740851.


Package fontspec Info: 
(fontspec)             Arial Unicode MS scale = 1.


Package fontspec Info: 
(fontspec)             Arial Unicode MS scale = 0.9999970546740851.


Package fontspec Info: 
(fontspec)             Arial Unicode MS scale = 1.


Package fontspec Info: 
(fontspec)             Arial Unicode MS scale = 0.9999970546740851.


Package fontspec Info: 
(fontspec)             Arial Unicode MS scale = 1.


Package fontspec Info: 
(fontspec)             Arial Unicode MS scale = 0.9999970546740851.


Package fontspec Info: 
(fontspec)             Arial Unicode MS scale = 1.


Package fontspec Info: 
(fontspec)             Arial Unicode MS scale = 0.9999970546740851.


Package fontspec Info: 
(fontspec)             Arial Unicode MS scale = 1.


Package fontspec Info: 
(fontspec)             Arial Unicode MS scale = 0.9999970546740851.


Package fontspec Info: 
(fontspec)             Arial Unicode MS scale = 1.


Package fontspec Info: 
(fontspec)             Arial Unicode MS scale = 0.9999970546740851.


Package fontspec Info: 
(fontspec)             Arial Unicode MS scale = 1.


Package fontspec Info: 
(fontspec)             Arial Unicode MS scale = 0.9999970546740851.


Package fontspec Info: 
(fontspec)             Arial Unicode MS scale = 1.


Package fontspec Info: 
(fontspec)             Arial Unicode MS scale = 0.9999970546740851.


Package fontspec Info: 
(fontspec)             Arial Unicode MS scale = 1.


Package fontspec Info: 
(fontspec)             Arial Unicode MS scale = 0.9999970546740851.


Package fontspec Info: 
(fontspec)             Arial Unicode MS scale = 1.


Package fontspec Info: 
(fontspec)             Arial Unicode MS scale = 0.9999970546740851.


Package fontspec Info: 
(fontspec)             Arial Unicode MS scale = 1.


Package fontspec Info: 
(fontspec)             Arial Unicode MS scale = 0.9999970546740851.


Package fontspec Info: 
(fontspec)             Arial Unicode MS scale = 1.


Package fontspec Info: 
(fontspec)             Arial Unicode MS scale = 0.9999970546740851.


Package fontspec Info: 
(fontspec)             Arial Unicode MS scale = 1.


Package fontspec Info: 
(fontspec)             Arial Unicode MS scale = 0.9999970546740851.


Package fontspec Info: 
(fontspec)             Arial Unicode MS scale = 1.

 [31]

Package fontspec Info: 
(fontspec)             Arial Unicode MS scale = 0.9999970546740851.


Package fontspec Info: 
(fontspec)             Arial Unicode MS scale = 1.


Package fontspec Info: 
(fontspec)             Arial Unicode MS scale = 0.9999970546740851.


Package fontspec Info: 
(fontspec)             Arial Unicode MS scale = 1.


Package fontspec Info: 
(fontspec)             Arial Unicode MS scale = 0.9999970546740851.


Package fontspec Info: 
(fontspec)             Arial Unicode MS scale = 1.


Package fontspec Info: 
(fontspec)             Arial Unicode MS scale = 0.9999970546740851.


Package fontspec Info: 
(fontspec)             Arial Unicode MS scale = 1.


Package fontspec Info: 
(fontspec)             Arial Unicode MS scale = 0.9999970546740851.


Package fontspec Info: 
(fontspec)             Arial Unicode MS scale = 1.


Package fontspec Info: 
(fontspec)             Arial Unicode MS scale = 0.9999970546740851.


Package fontspec Info: 
(fontspec)             Arial Unicode MS scale = 1.


Package fontspec Info: 
(fontspec)             Arial Unicode MS scale = 0.9999970546740851.


Package fontspec Info: 
(fontspec)             Arial Unicode MS scale = 1.


Package fontspec Info: 
(fontspec)             Arial Unicode MS scale = 0.9999970546740851.


Package fontspec Info: 
(fontspec)             Arial Unicode MS scale = 1.


Package fontspec Info: 
(fontspec)             Arial Unicode MS scale = 0.9999970546740851.


Package fontspec Info: 
(fontspec)             Arial Unicode MS scale = 1.


Package fontspec Info: 
(fontspec)             Arial Unicode MS scale = 0.9999970546740851.


Package fontspec Info: 
(fontspec)             Arial Unicode MS scale = 1.


Package fontspec Info: 
(fontspec)             Arial Unicode MS scale = 0.9999970546740851.


Package fontspec Info: 
(fontspec)             Arial Unicode MS scale = 1.


Package fontspec Info: 
(fontspec)             Arial Unicode MS scale = 0.9999970546740851.


Package fontspec Info: 
(fontspec)             Arial Unicode MS scale = 1.


Package fontspec Info: 
(fontspec)             Arial Unicode MS scale = 0.9999970546740851.


Package fontspec Info: 
(fontspec)             Arial Unicode MS scale = 1.


Package fontspec Info: 
(fontspec)             Arial Unicode MS scale = 0.9999970546740851.


Package fontspec Info: 
(fontspec)             Arial Unicode MS scale = 1.


Package fontspec Info: 
(fontspec)             Arial Unicode MS scale = 0.9999970546740851.


Package fontspec Info: 
(fontspec)             Arial Unicode MS scale = 1.


Package fontspec Info: 
(fontspec)             Arial Unicode MS scale = 0.9999970546740851.


Package fontspec Info: 
(fontspec)             Arial Unicode MS scale = 1.


Package fontspec Info: 
(fontspec)             Arial Unicode MS scale = 0.9999970546740851.


Package fontspec Info: 
(fontspec)             Arial Unicode MS scale = 1.


Package fontspec Info: 
(fontspec)             Arial Unicode MS scale = 0.9999970546740851.


Package fontspec Info: 
(fontspec)             Arial Unicode MS scale = 1.


Package fontspec Info: 
(fontspec)             Arial Unicode MS scale = 0.9999970546740851.


Package fontspec Info: 
(fontspec)             Arial Unicode MS scale = 1.


Package fontspec Info: 
(fontspec)             Arial Unicode MS scale = 0.9999970546740851.


Package fontspec Info: 
(fontspec)             Arial Unicode MS scale = 1.


Package fontspec Info: 
(fontspec)             Arial Unicode MS scale = 0.9999970546740851.


Package fontspec Info: 
(fontspec)             Arial Unicode MS scale = 1.


Package fontspec Info: 
(fontspec)             Arial Unicode MS scale = 0.9999970546740851.


Package fontspec Info: 
(fontspec)             Arial Unicode MS scale = 1.


Package fontspec Info: 
(fontspec)             Arial Unicode MS scale = 0.9999970546740851.


Package fontspec Info: 
(fontspec)             Arial Unicode MS scale = 1.


Package fontspec Info: 
(fontspec)             Arial Unicode MS scale = 0.9999970546740851.


Package fontspec Info: 
(fontspec)             Arial Unicode MS scale = 1.

 [32]

Package fontspec Info: 
(fontspec)             Arial Unicode MS scale = 0.9999970546740851.


Package fontspec Info: 
(fontspec)             Arial Unicode MS scale = 1.


Package fontspec Info: 
(fontspec)             Arial Unicode MS scale = 0.9999970546740851.


Package fontspec Info: 
(fontspec)             Arial Unicode MS scale = 1.


Package fontspec Info: 
(fontspec)             Arial Unicode MS scale = 0.9999970546740851.


Package fontspec Info: 
(fontspec)             Arial Unicode MS scale = 1.


Package fontspec Info: 
(fontspec)             Arial Unicode MS scale = 0.9999970546740851.


Package fontspec Info: 
(fontspec)             Arial Unicode MS scale = 1.


Package fontspec Info: 
(fontspec)             Arial Unicode MS scale = 0.9999970546740851.


Package fontspec Info: 
(fontspec)             Arial Unicode MS scale = 1.


Package fontspec Info: 
(fontspec)             Arial Unicode MS scale = 0.9999970546740851.


Package fontspec Info: 
(fontspec)             Arial Unicode MS scale = 1.


Package fontspec Info: 
(fontspec)             Arial Unicode MS scale = 0.9999970546740851.


Package fontspec Info: 
(fontspec)             Arial Unicode MS scale = 1.


Package fontspec Info: 
(fontspec)             Arial Unicode MS scale = 0.9999970546740851.


Package fontspec Info: 
(fontspec)             Arial Unicode MS scale = 1.


Package fontspec Info: 
(fontspec)             Arial Unicode MS scale = 0.9999970546740851.


Package fontspec Info: 
(fontspec)             Arial Unicode MS scale = 1.


Package fontspec Info: 
(fontspec)             Arial Unicode MS scale = 0.9999970546740851.


Package fontspec Info: 
(fontspec)             Arial Unicode MS scale = 1.


Package fontspec Info: 
(fontspec)             Arial Unicode MS scale = 0.9999970546740851.


Package fontspec Info: 
(fontspec)             Arial Unicode MS scale = 1.


Package fontspec Info: 
(fontspec)             Arial Unicode MS scale = 0.9999970546740851.


Package fontspec Info: 
(fontspec)             Arial Unicode MS scale = 1.


Package fontspec Info: 
(fontspec)             Arial Unicode MS scale = 0.9999970546740851.


Package fontspec Info: 
(fontspec)             Arial Unicode MS scale = 1.


Package fontspec Info: 
(fontspec)             Arial Unicode MS scale = 0.9999970546740851.


Package fontspec Info: 
(fontspec)             Arial Unicode MS scale = 1.


Package fontspec Info: 
(fontspec)             Arial Unicode MS scale = 0.9999970546740851.


Package fontspec Info: 
(fontspec)             Arial Unicode MS scale = 1.


Package fontspec Info: 
(fontspec)             Arial Unicode MS scale = 0.9999970546740851.


Package fontspec Info: 
(fontspec)             Arial Unicode MS scale = 1.


Package fontspec Info: 
(fontspec)             Arial Unicode MS scale = 0.9999970546740851.


Package fontspec Info: 
(fontspec)             Arial Unicode MS scale = 1.


Package fontspec Info: 
(fontspec)             Arial Unicode MS scale = 0.9999970546740851.


Package fontspec Info: 
(fontspec)             Arial Unicode MS scale = 1.


[33]

Package fontspec Info: 
(fontspec)             Arial Unicode MS scale = 0.9999970546740851.


Package fontspec Info: 
(fontspec)             Arial Unicode MS scale = 1.


Package fontspec Info: 
(fontspec)             Arial Unicode MS scale = 0.9999970546740851.


Package fontspec Info: 
(fontspec)             Arial Unicode MS scale = 1.


Package fontspec Info: 
(fontspec)             Arial Unicode MS scale = 0.9999970546740851.


Package fontspec Info: 
(fontspec)             Arial Unicode MS scale = 1.


Package fontspec Info: 
(fontspec)             Arial Unicode MS scale = 0.9999970546740851.


Package fontspec Info: 
(fontspec)             Arial Unicode MS scale = 1.


Package fontspec Info: 
(fontspec)             Arial Unicode MS scale = 0.9999970546740851.


Package fontspec Info: 
(fontspec)             Arial Unicode MS scale = 1.


Package fontspec Info: 
(fontspec)             Arial Unicode MS scale = 0.9999970546740851.


Package fontspec Info: 
(fontspec)             Arial Unicode MS scale = 1.


Package fontspec Info: 
(fontspec)             Arial Unicode MS scale = 0.9999970546740851.


Package fontspec Info: 
(fontspec)             Arial Unicode MS scale = 1.


Package fontspec Info: 
(fontspec)             Arial Unicode MS scale = 0.9999970546740851.


Package fontspec Info: 
(fontspec)             Arial Unicode MS scale = 1.


Package fontspec Info: 
(fontspec)             Arial Unicode MS scale = 0.9999970546740851.


Package fontspec Info: 
(fontspec)             Arial Unicode MS scale = 1.


Package fontspec Info: 
(fontspec)             Arial Unicode MS scale = 0.9999970546740851.


Package fontspec Info: 
(fontspec)             Arial Unicode MS scale = 1.


Package fontspec Info: 
(fontspec)             Arial Unicode MS scale = 0.9999970546740851.


Package fontspec Info: 
(fontspec)             Arial Unicode MS scale = 1.


Package fontspec Info: 
(fontspec)             Arial Unicode MS scale = 0.9999970546740851.


Package fontspec Info: 
(fontspec)             Arial Unicode MS scale = 1.


Package fontspec Info: 
(fontspec)             Arial Unicode MS scale = 0.9999970546740851.


Package fontspec Info: 
(fontspec)             Arial Unicode MS scale = 1.


Package fontspec Info: 
(fontspec)             Arial Unicode MS scale = 0.9999970546740851.


Package fontspec Info: 
(fontspec)             Arial Unicode MS scale = 1.


Package fontspec Info: 
(fontspec)             Arial Unicode MS scale = 0.9999970546740851.


Package fontspec Info: 
(fontspec)             Arial Unicode MS scale = 1.


Package fontspec Info: 
(fontspec)             Arial Unicode MS scale = 0.9999970546740851.


Package fontspec Info: 
(fontspec)             Arial Unicode MS scale = 1.


Package fontspec Info: 
(fontspec)             Arial Unicode MS scale = 0.9999970546740851.


Package fontspec Info: 
(fontspec)             Arial Unicode MS scale = 1.


Package fontspec Info: 
(fontspec)             Arial Unicode MS scale = 0.9999970546740851.


Package fontspec Info: 
(fontspec)             Arial Unicode MS scale = 1.


Package fontspec Info: 
(fontspec)             Arial Unicode MS scale = 0.9999970546740851.


Package fontspec Info: 
(fontspec)             Arial Unicode MS scale = 1.


Package fontspec Info: 
(fontspec)             Arial Unicode MS scale = 0.9999970546740851.


Package fontspec Info: 
(fontspec)             Arial Unicode MS scale = 1.


Package fontspec Info: 
(fontspec)             Arial Unicode MS scale = 0.9999970546740851.


Package fontspec Info: 
(fontspec)             Arial Unicode MS scale = 1.


Package fontspec Info: 
(fontspec)             Arial Unicode MS scale = 0.9999970546740851.


Package fontspec Info: 
(fontspec)             Arial Unicode MS scale = 1.


Package fontspec Info: 
(fontspec)             Arial Unicode MS scale = 0.9999970546740851.


Package fontspec Info: 
(fontspec)             Arial Unicode MS scale = 1.


Package fontspec Info: 
(fontspec)             Arial Unicode MS scale = 0.9999970546740851.


Package fontspec Info: 
(fontspec)             Arial Unicode MS scale = 1.


Package fontspec Info: 
(fontspec)             Arial Unicode MS scale = 0.9999970546740851.


Package fontspec Info: 
(fontspec)             Arial Unicode MS scale = 1.


Package fontspec Info: 
(fontspec)             Arial Unicode MS scale = 0.9999970546740851.


Package fontspec Info: 
(fontspec)             Arial Unicode MS scale = 1.


Package fontspec Info: 
(fontspec)             Arial Unicode MS scale = 0.9999970546740851.


Package fontspec Info: 
(fontspec)             Arial Unicode MS scale = 1.


Package fontspec Info: 
(fontspec)             Arial Unicode MS scale = 0.9999970546740851.


Package fontspec Info: 
(fontspec)             Arial Unicode MS scale = 1.


Package fontspec Info: 
(fontspec)             Arial Unicode MS scale = 0.9999970546740851.


Package fontspec Info: 
(fontspec)             Arial Unicode MS scale = 1.


Package fontspec Info: 
(fontspec)             Arial Unicode MS scale = 0.9999970546740851.


Package fontspec Info: 
(fontspec)             Arial Unicode MS scale = 1.


Package fontspec Info: 
(fontspec)             Arial Unicode MS scale = 0.9999970546740851.


Package fontspec Info: 
(fontspec)             Arial Unicode MS scale = 1.


Package fontspec Info: 
(fontspec)             Arial Unicode MS scale = 0.9999970546740851.


Package fontspec Info: 
(fontspec)             Arial Unicode MS scale = 1.


Package fontspec Info: 
(fontspec)             Arial Unicode MS scale = 0.9999970546740851.


Package fontspec Info: 
(fontspec)             Arial Unicode MS scale = 1.


Package fontspec Info: 
(fontspec)             Arial Unicode MS scale = 0.9999970546740851.


Package fontspec Info: 
(fontspec)             Arial Unicode MS scale = 1.


Package fontspec Info: 
(fontspec)             Arial Unicode MS scale = 0.9999970546740851.


Package fontspec Info: 
(fontspec)             Arial Unicode MS scale = 1.


Package fontspec Info: 
(fontspec)             Arial Unicode MS scale = 0.9999970546740851.


Package fontspec Info: 
(fontspec)             Arial Unicode MS scale = 1.

 [34]

Package fontspec Info: 
(fontspec)             Arial Unicode MS scale = 0.9999970546740851.


Package fontspec Info: 
(fontspec)             Arial Unicode MS scale = 1.


Package fontspec Info: 
(fontspec)             Arial Unicode MS scale = 0.9999970546740851.


Package fontspec Info: 
(fontspec)             Arial Unicode MS scale = 1.


Package fontspec Info: 
(fontspec)             Arial Unicode MS scale = 0.9999970546740851.


Package fontspec Info: 
(fontspec)             Arial Unicode MS scale = 1.


Package fontspec Info: 
(fontspec)             Arial Unicode MS scale = 0.9999970546740851.


Package fontspec Info: 
(fontspec)             Arial Unicode MS scale = 1.


Package fontspec Info: 
(fontspec)             Arial Unicode MS scale = 0.9999970546740851.


Package fontspec Info: 
(fontspec)             Arial Unicode MS scale = 1.


Package fontspec Info: 
(fontspec)             Arial Unicode MS scale = 0.9999970546740851.


Package fontspec Info: 
(fontspec)             Arial Unicode MS scale = 1.


Package fontspec Info: 
(fontspec)             Arial Unicode MS scale = 0.9999970546740851.


Package fontspec Info: 
(fontspec)             Arial Unicode MS scale = 1.


Package fontspec Info: 
(fontspec)             Arial Unicode MS scale = 0.9999970546740851.


Package fontspec Info: 
(fontspec)             Arial Unicode MS scale = 1.


Package fontspec Info: 
(fontspec)             Arial Unicode MS scale = 0.9999970546740851.


Package fontspec Info: 
(fontspec)             Arial Unicode MS scale = 1.


Package fontspec Info: 
(fontspec)             Arial Unicode MS scale = 0.9999970546740851.


Package fontspec Info: 
(fontspec)             Arial Unicode MS scale = 1.


Package fontspec Info: 
(fontspec)             Arial Unicode MS scale = 0.9999970546740851.


Package fontspec Info: 
(fontspec)             Arial Unicode MS scale = 1.


Package fontspec Info: 
(fontspec)             Arial Unicode MS scale = 0.9999970546740851.


Package fontspec Info: 
(fontspec)             Arial Unicode MS scale = 1.


Package fontspec Info: 
(fontspec)             Arial Unicode MS scale = 0.9999970546740851.


Package fontspec Info: 
(fontspec)             Arial Unicode MS scale = 1.


Package fontspec Info: 
(fontspec)             Arial Unicode MS scale = 0.9999970546740851.


Package fontspec Info: 
(fontspec)             Arial Unicode MS scale = 1.

 [35]

Package fontspec Info: 
(fontspec)             Arial Unicode MS scale = 0.9999970546740851.


Package fontspec Info: 
(fontspec)             Arial Unicode MS scale = 1.


Package fontspec Info: 
(fontspec)             Arial Unicode MS scale = 0.9999970546740851.


Package fontspec Info: 
(fontspec)             Arial Unicode MS scale = 1.


Package fontspec Info: 
(fontspec)             Arial Unicode MS scale = 0.9999970546740851.


Package fontspec Info: 
(fontspec)             Arial Unicode MS scale = 1.


Package fontspec Info: 
(fontspec)             Arial Unicode MS scale = 0.9999970546740851.


Package fontspec Info: 
(fontspec)             Arial Unicode MS scale = 1.


Package fontspec Info: 
(fontspec)             Arial Unicode MS scale = 0.9999970546740851.


Package fontspec Info: 
(fontspec)             Arial Unicode MS scale = 1.


Package fontspec Info: 
(fontspec)             Arial Unicode MS scale = 0.9999970546740851.


Package fontspec Info: 
(fontspec)             Arial Unicode MS scale = 1.


Package fontspec Info: 
(fontspec)             Arial Unicode MS scale = 0.9999970546740851.


Package fontspec Info: 
(fontspec)             Arial Unicode MS scale = 1.


Package fontspec Info: 
(fontspec)             Arial Unicode MS scale = 0.9999970546740851.


Package fontspec Info: 
(fontspec)             Arial Unicode MS scale = 1.


Package fontspec Info: 
(fontspec)             Arial Unicode MS scale = 0.9999970546740851.


Package fontspec Info: 
(fontspec)             Arial Unicode MS scale = 1.


Package fontspec Info: 
(fontspec)             Arial Unicode MS scale = 0.9999970546740851.


Package fontspec Info: 
(fontspec)             Arial Unicode MS scale = 1.


Package fontspec Info: 
(fontspec)             Arial Unicode MS scale = 0.9999970546740851.


Package fontspec Info: 
(fontspec)             Arial Unicode MS scale = 1.


Package fontspec Info: 
(fontspec)             Arial Unicode MS scale = 0.9999970546740851.


Package fontspec Info: 
(fontspec)             Arial Unicode MS scale = 1.


Package fontspec Info: 
(fontspec)             Arial Unicode MS scale = 0.9999970546740851.


Package fontspec Info: 
(fontspec)             Arial Unicode MS scale = 1.


Package fontspec Info: 
(fontspec)             Arial Unicode MS scale = 0.9999970546740851.


Package fontspec Info: 
(fontspec)             Arial Unicode MS scale = 1.


Package fontspec Info: 
(fontspec)             Arial Unicode MS scale = 0.9999970546740851.


Package fontspec Info: 
(fontspec)             Arial Unicode MS scale = 1.


Package fontspec Info: 
(fontspec)             Arial Unicode MS scale = 0.9999970546740851.


Package fontspec Info: 
(fontspec)             Arial Unicode MS scale = 1.


Package fontspec Info: 
(fontspec)             Arial Unicode MS scale = 0.9999970546740851.


Package fontspec Info: 
(fontspec)             Arial Unicode MS scale = 1.


Package fontspec Info: 
(fontspec)             Arial Unicode MS scale = 0.9999970546740851.


Package fontspec Info: 
(fontspec)             Arial Unicode MS scale = 1.


Package fontspec Info: 
(fontspec)             Arial Unicode MS scale = 0.9999970546740851.


Package fontspec Info: 
(fontspec)             Arial Unicode MS scale = 1.


Package fontspec Info: 
(fontspec)             Arial Unicode MS scale = 0.9999970546740851.


Package fontspec Info: 
(fontspec)             Arial Unicode MS scale = 1.


Package fontspec Info: 
(fontspec)             Arial Unicode MS scale = 0.9999970546740851.


Package fontspec Info: 
(fontspec)             Arial Unicode MS scale = 1.


Package fontspec Info: 
(fontspec)             Arial Unicode MS scale = 0.9999970546740851.


Package fontspec Info: 
(fontspec)             Arial Unicode MS scale = 1.


Package fontspec Info: 
(fontspec)             Arial Unicode MS scale = 0.9999970546740851.


Package fontspec Info: 
(fontspec)             Arial Unicode MS scale = 1.


Package fontspec Info: 
(fontspec)             Arial Unicode MS scale = 0.9999970546740851.


Package fontspec Info: 
(fontspec)             Arial Unicode MS scale = 1.


Package fontspec Info: 
(fontspec)             Arial Unicode MS scale = 0.9999970546740851.


Package fontspec Info: 
(fontspec)             Arial Unicode MS scale = 1.


Package fontspec Info: 
(fontspec)             Arial Unicode MS scale = 0.9999970546740851.


Package fontspec Info: 
(fontspec)             Arial Unicode MS scale = 1.


Package fontspec Info: 
(fontspec)             Arial Unicode MS scale = 0.9999970546740851.


Package fontspec Info: 
(fontspec)             Arial Unicode MS scale = 1.


Package fontspec Info: 
(fontspec)             Arial Unicode MS scale = 0.9999970546740851.


Package fontspec Info: 
(fontspec)             Arial Unicode MS scale = 1.


Package fontspec Info: 
(fontspec)             Arial Unicode MS scale = 0.9999970546740851.


Package fontspec Info: 
(fontspec)             Arial Unicode MS scale = 1.


Package fontspec Info: 
(fontspec)             Arial Unicode MS scale = 0.9999970546740851.


Package fontspec Info: 
(fontspec)             Arial Unicode MS scale = 1.


Package fontspec Info: 
(fontspec)             Arial Unicode MS scale = 0.9999970546740851.


Package fontspec Info: 
(fontspec)             Arial Unicode MS scale = 1.


Package fontspec Info: 
(fontspec)             Arial Unicode MS scale = 0.9999970546740851.


Package fontspec Info: 
(fontspec)             Arial Unicode MS scale = 1.

 [36]

Package fontspec Info: 
(fontspec)             Arial Unicode MS scale = 0.9999970546740851.


Package fontspec Info: 
(fontspec)             Arial Unicode MS scale = 1.


Package fontspec Info: 
(fontspec)             Arial Unicode MS scale = 0.9999970546740851.


Package fontspec Info: 
(fontspec)             Arial Unicode MS scale = 1.


Package fontspec Info: 
(fontspec)             Arial Unicode MS scale = 0.9999970546740851.


Package fontspec Info: 
(fontspec)             Arial Unicode MS scale = 1.


Package fontspec Info: 
(fontspec)             Arial Unicode MS scale = 0.9999970546740851.


Package fontspec Info: 
(fontspec)             Arial Unicode MS scale = 1.


Package fontspec Info: 
(fontspec)             Arial Unicode MS scale = 0.9999970546740851.


Package fontspec Info: 
(fontspec)             Arial Unicode MS scale = 1.


Package fontspec Info: 
(fontspec)             Arial Unicode MS scale = 0.9999970546740851.


Package fontspec Info: 
(fontspec)             Arial Unicode MS scale = 1.


Package fontspec Info: 
(fontspec)             Arial Unicode MS scale = 0.9999970546740851.


Package fontspec Info: 
(fontspec)             Arial Unicode MS scale = 1.


Package fontspec Info: 
(fontspec)             Arial Unicode MS scale = 0.9999970546740851.


Package fontspec Info: 
(fontspec)             Arial Unicode MS scale = 1.


Package fontspec Info: 
(fontspec)             Arial Unicode MS scale = 0.9999970546740851.


Package fontspec Info: 
(fontspec)             Arial Unicode MS scale = 1.


Package fontspec Info: 
(fontspec)             Arial Unicode MS scale = 0.9999970546740851.


Package fontspec Info: 
(fontspec)             Arial Unicode MS scale = 1.


Package fontspec Info: 
(fontspec)             Arial Unicode MS scale = 0.9999970546740851.


Package fontspec Info: 
(fontspec)             Arial Unicode MS scale = 1.


Package fontspec Info: 
(fontspec)             Arial Unicode MS scale = 0.9999970546740851.


Package fontspec Info: 
(fontspec)             Arial Unicode MS scale = 1.


Package fontspec Info: 
(fontspec)             Arial Unicode MS scale = 0.9999970546740851.


Package fontspec Info: 
(fontspec)             Arial Unicode MS scale = 1.


Package fontspec Info: 
(fontspec)             Arial Unicode MS scale = 0.9999970546740851.


Package fontspec Info: 
(fontspec)             Arial Unicode MS scale = 1.


Package fontspec Info: 
(fontspec)             Arial Unicode MS scale = 0.9999970546740851.


Package fontspec Info: 
(fontspec)             Arial Unicode MS scale = 1.


Package fontspec Info: 
(fontspec)             Arial Unicode MS scale = 0.9999970546740851.


Package fontspec Info: 
(fontspec)             Arial Unicode MS scale = 1.


Package fontspec Info: 
(fontspec)             Arial Unicode MS scale = 0.9999970546740851.


Package fontspec Info: 
(fontspec)             Arial Unicode MS scale = 1.


Package fontspec Info: 
(fontspec)             Arial Unicode MS scale = 0.9999970546740851.


Package fontspec Info: 
(fontspec)             Arial Unicode MS scale = 1.


Package fontspec Info: 
(fontspec)             Arial Unicode MS scale = 0.9999970546740851.


Package fontspec Info: 
(fontspec)             Arial Unicode MS scale = 1.


Package fontspec Info: 
(fontspec)             Arial Unicode MS scale = 0.9999970546740851.


Package fontspec Info: 
(fontspec)             Arial Unicode MS scale = 1.

 [37]

Package fontspec Info: 
(fontspec)             Arial Unicode MS scale = 0.9999970546740851.


Package fontspec Info: 
(fontspec)             Arial Unicode MS scale = 1.


Package fontspec Info: 
(fontspec)             Arial Unicode MS scale = 0.9999970546740851.


Package fontspec Info: 
(fontspec)             Arial Unicode MS scale = 1.


Package fontspec Info: 
(fontspec)             Arial Unicode MS scale = 0.9999970546740851.


Package fontspec Info: 
(fontspec)             Arial Unicode MS scale = 1.


Package fontspec Info: 
(fontspec)             Arial Unicode MS scale = 0.9999970546740851.


Package fontspec Info: 
(fontspec)             Arial Unicode MS scale = 1.


Package fontspec Info: 
(fontspec)             Arial Unicode MS scale = 0.9999970546740851.


Package fontspec Info: 
(fontspec)             Arial Unicode MS scale = 1.


Package fontspec Info: 
(fontspec)             Arial Unicode MS scale = 0.9999970546740851.


Package fontspec Info: 
(fontspec)             Arial Unicode MS scale = 1.


Package fontspec Info: 
(fontspec)             Arial Unicode MS scale = 0.9999970546740851.


Package fontspec Info: 
(fontspec)             Arial Unicode MS scale = 1.


Package fontspec Info: 
(fontspec)             Arial Unicode MS scale = 0.9999970546740851.


Package fontspec Info: 
(fontspec)             Arial Unicode MS scale = 1.


Package fontspec Info: 
(fontspec)             Arial Unicode MS scale = 0.9999970546740851.


Package fontspec Info: 
(fontspec)             Arial Unicode MS scale = 1.


Package fontspec Info: 
(fontspec)             Arial Unicode MS scale = 0.9999970546740851.


Package fontspec Info: 
(fontspec)             Arial Unicode MS scale = 1.


Package fontspec Info: 
(fontspec)             Arial Unicode MS scale = 0.9999970546740851.


Package fontspec Info: 
(fontspec)             Arial Unicode MS scale = 1.


Package fontspec Info: 
(fontspec)             Arial Unicode MS scale = 0.9999970546740851.


Package fontspec Info: 
(fontspec)             Arial Unicode MS scale = 1.


Package fontspec Info: 
(fontspec)             Arial Unicode MS scale = 0.9999970546740851.


Package fontspec Info: 
(fontspec)             Arial Unicode MS scale = 1.


Package fontspec Info: 
(fontspec)             Arial Unicode MS scale = 0.9999970546740851.


Package fontspec Info: 
(fontspec)             Arial Unicode MS scale = 1.


Package fontspec Info: 
(fontspec)             Arial Unicode MS scale = 0.9999970546740851.


Package fontspec Info: 
(fontspec)             Arial Unicode MS scale = 1.


Package fontspec Info: 
(fontspec)             Arial Unicode MS scale = 0.9999970546740851.


Package fontspec Info: 
(fontspec)             Arial Unicode MS scale = 1.


Package fontspec Info: 
(fontspec)             Arial Unicode MS scale = 0.9999970546740851.


Package fontspec Info: 
(fontspec)             Arial Unicode MS scale = 1.


Package fontspec Info: 
(fontspec)             Arial Unicode MS scale = 0.9999970546740851.


Package fontspec Info: 
(fontspec)             Arial Unicode MS scale = 1.


Package fontspec Info: 
(fontspec)             Arial Unicode MS scale = 0.9999970546740851.


Package fontspec Info: 
(fontspec)             Arial Unicode MS scale = 1.


Package fontspec Info: 
(fontspec)             Arial Unicode MS scale = 0.9999970546740851.


Package fontspec Info: 
(fontspec)             Arial Unicode MS scale = 1.


Package fontspec Info: 
(fontspec)             Arial Unicode MS scale = 0.9999970546740851.


Package fontspec Info: 
(fontspec)             Arial Unicode MS scale = 1.


Package fontspec Info: 
(fontspec)             Arial Unicode MS scale = 0.9999970546740851.


Package fontspec Info: 
(fontspec)             Arial Unicode MS scale = 1.


Package fontspec Info: 
(fontspec)             Arial Unicode MS scale = 0.9999970546740851.


Package fontspec Info: 
(fontspec)             Arial Unicode MS scale = 1.


Package fontspec Info: 
(fontspec)             Arial Unicode MS scale = 0.9999970546740851.


Package fontspec Info: 
(fontspec)             Arial Unicode MS scale = 1.


Package fontspec Info: 
(fontspec)             Arial Unicode MS scale = 0.9999970546740851.


Package fontspec Info: 
(fontspec)             Arial Unicode MS scale = 1.


Package fontspec Info: 
(fontspec)             Arial Unicode MS scale = 0.9999970546740851.


Package fontspec Info: 
(fontspec)             Arial Unicode MS scale = 1.


Package fontspec Info: 
(fontspec)             Arial Unicode MS scale = 0.9999970546740851.


Package fontspec Info: 
(fontspec)             Arial Unicode MS scale = 1.


Package fontspec Info: 
(fontspec)             Arial Unicode MS scale = 0.9999970546740851.


Package fontspec Info: 
(fontspec)             Arial Unicode MS scale = 1.


Package fontspec Info: 
(fontspec)             Arial Unicode MS scale = 0.9999970546740851.


Package fontspec Info: 
(fontspec)             Arial Unicode MS scale = 1.


Package fontspec Info: 
(fontspec)             Arial Unicode MS scale = 0.9999970546740851.


Package fontspec Info: 
(fontspec)             Arial Unicode MS scale = 1.


Package fontspec Info: 
(fontspec)             Arial Unicode MS scale = 0.9999970546740851.


Package fontspec Info: 
(fontspec)             Arial Unicode MS scale = 1.


Package fontspec Info: 
(fontspec)             Arial Unicode MS scale = 0.9999970546740851.


Package fontspec Info: 
(fontspec)             Arial Unicode MS scale = 1.


Package fontspec Info: 
(fontspec)             Arial Unicode MS scale = 0.9999970546740851.


Package fontspec Info: 
(fontspec)             Arial Unicode MS scale = 1.


Package fontspec Info: 
(fontspec)             Arial Unicode MS scale = 0.9999970546740851.


Package fontspec Info: 
(fontspec)             Arial Unicode MS scale = 1.


Package fontspec Info: 
(fontspec)             Arial Unicode MS scale = 0.9999970546740851.


Package fontspec Info: 
(fontspec)             Arial Unicode MS scale = 1.


Package fontspec Info: 
(fontspec)             Arial Unicode MS scale = 0.9999970546740851.


Package fontspec Info: 
(fontspec)             Arial Unicode MS scale = 1.

 [38]

Package fontspec Info: 
(fontspec)             Arial Unicode MS scale = 0.9999970546740851.


Package fontspec Info: 
(fontspec)             Arial Unicode MS scale = 1.


Package fontspec Info: 
(fontspec)             Arial Unicode MS scale = 0.9999970546740851.


Package fontspec Info: 
(fontspec)             Arial Unicode MS scale = 1.


Package fontspec Info: 
(fontspec)             Arial Unicode MS scale = 0.9999970546740851.


Package fontspec Info: 
(fontspec)             Arial Unicode MS scale = 1.


Package fontspec Info: 
(fontspec)             Arial Unicode MS scale = 0.9999970546740851.


Package fontspec Info: 
(fontspec)             Arial Unicode MS scale = 1.


Package fontspec Info: 
(fontspec)             Arial Unicode MS scale = 0.9999970546740851.


Package fontspec Info: 
(fontspec)             Arial Unicode MS scale = 1.


Package fontspec Info: 
(fontspec)             Arial Unicode MS scale = 0.9999970546740851.


Package fontspec Info: 
(fontspec)             Arial Unicode MS scale = 1.


Package fontspec Info: 
(fontspec)             Arial Unicode MS scale = 0.9999970546740851.


Package fontspec Info: 
(fontspec)             Arial Unicode MS scale = 1.


Package fontspec Info: 
(fontspec)             Arial Unicode MS scale = 0.9999970546740851.


Package fontspec Info: 
(fontspec)             Arial Unicode MS scale = 1.


Package fontspec Info: 
(fontspec)             Arial Unicode MS scale = 0.9999970546740851.


Package fontspec Info: 
(fontspec)             Arial Unicode MS scale = 1.


Package fontspec Info: 
(fontspec)             Arial Unicode MS scale = 0.9999970546740851.


Package fontspec Info: 
(fontspec)             Arial Unicode MS scale = 1.


Package fontspec Info: 
(fontspec)             Arial Unicode MS scale = 0.9999970546740851.


Package fontspec Info: 
(fontspec)             Arial Unicode MS scale = 1.


Package fontspec Info: 
(fontspec)             Arial Unicode MS scale = 0.9999970546740851.


Package fontspec Info: 
(fontspec)             Arial Unicode MS scale = 1.


Package fontspec Info: 
(fontspec)             Arial Unicode MS scale = 0.9999970546740851.


Package fontspec Info: 
(fontspec)             Arial Unicode MS scale = 1.


Package fontspec Info: 
(fontspec)             Arial Unicode MS scale = 0.9999970546740851.


Package fontspec Info: 
(fontspec)             Arial Unicode MS scale = 1.


Package fontspec Info: 
(fontspec)             Arial Unicode MS scale = 0.9999970546740851.


Package fontspec Info: 
(fontspec)             Arial Unicode MS scale = 1.


Package fontspec Info: 
(fontspec)             Arial Unicode MS scale = 0.9999970546740851.


Package fontspec Info: 
(fontspec)             Arial Unicode MS scale = 1.


Package fontspec Info: 
(fontspec)             Arial Unicode MS scale = 0.9999970546740851.


Package fontspec Info: 
(fontspec)             Arial Unicode MS scale = 1.


Package fontspec Info: 
(fontspec)             Arial Unicode MS scale = 0.9999970546740851.


Package fontspec Info: 
(fontspec)             Arial Unicode MS scale = 1.


Package fontspec Info: 
(fontspec)             Arial Unicode MS scale = 0.9999970546740851.


Package fontspec Info: 
(fontspec)             Arial Unicode MS scale = 1.


Package fontspec Info: 
(fontspec)             Arial Unicode MS scale = 0.9999970546740851.


Package fontspec Info: 
(fontspec)             Arial Unicode MS scale = 1.


Package fontspec Info: 
(fontspec)             Arial Unicode MS scale = 0.9999970546740851.


Package fontspec Info: 
(fontspec)             Arial Unicode MS scale = 1.


Package fontspec Info: 
(fontspec)             Arial Unicode MS scale = 0.9999970546740851.


Package fontspec Info: 
(fontspec)             Arial Unicode MS scale = 1.


Package fontspec Info: 
(fontspec)             Arial Unicode MS scale = 0.9999970546740851.


Package fontspec Info: 
(fontspec)             Arial Unicode MS scale = 1.


Package fontspec Info: 
(fontspec)             Arial Unicode MS scale = 0.9999970546740851.


Package fontspec Info: 
(fontspec)             Arial Unicode MS scale = 1.


Package fontspec Info: 
(fontspec)             Arial Unicode MS scale = 0.9999970546740851.


Package fontspec Info: 
(fontspec)             Arial Unicode MS scale = 1.


Package fontspec Info: 
(fontspec)             Arial Unicode MS scale = 0.9999970546740851.


Package fontspec Info: 
(fontspec)             Arial Unicode MS scale = 1.


Package fontspec Info: 
(fontspec)             Arial Unicode MS scale = 0.9999970546740851.


Package fontspec Info: 
(fontspec)             Arial Unicode MS scale = 1.


Package fontspec Info: 
(fontspec)             Arial Unicode MS scale = 0.9999970546740851.


Package fontspec Info: 
(fontspec)             Arial Unicode MS scale = 1.


Package fontspec Info: 
(fontspec)             Arial Unicode MS scale = 0.9999970546740851.


Package fontspec Info: 
(fontspec)             Arial Unicode MS scale = 1.


Package fontspec Info: 
(fontspec)             Arial Unicode MS scale = 0.9999970546740851.


Package fontspec Info: 
(fontspec)             Arial Unicode MS scale = 1.


Package fontspec Info: 
(fontspec)             Arial Unicode MS scale = 0.9999970546740851.


Package fontspec Info: 
(fontspec)             Arial Unicode MS scale = 1.


Package fontspec Info: 
(fontspec)             Arial Unicode MS scale = 0.9999970546740851.


Package fontspec Info: 
(fontspec)             Arial Unicode MS scale = 1.


Package fontspec Info: 
(fontspec)             Arial Unicode MS scale = 0.9999970546740851.


Package fontspec Info: 
(fontspec)             Arial Unicode MS scale = 1.


Package fontspec Info: 
(fontspec)             Arial Unicode MS scale = 0.9999970546740851.


Package fontspec Info: 
(fontspec)             Arial Unicode MS scale = 1.


Package fontspec Info: 
(fontspec)             Arial Unicode MS scale = 0.9999970546740851.


Package fontspec Info: 
(fontspec)             Arial Unicode MS scale = 1.


Package fontspec Info: 
(fontspec)             Arial Unicode MS scale = 0.9999970546740851.


Package fontspec Info: 
(fontspec)             Arial Unicode MS scale = 1.


Package fontspec Info: 
(fontspec)             Arial Unicode MS scale = 0.9999970546740851.


Package fontspec Info: 
(fontspec)             Arial Unicode MS scale = 1.


Package fontspec Info: 
(fontspec)             Arial Unicode MS scale = 0.9999970546740851.


Package fontspec Info: 
(fontspec)             Arial Unicode MS scale = 1.


Package fontspec Info: 
(fontspec)             Arial Unicode MS scale = 0.9999970546740851.


Package fontspec Info: 
(fontspec)             Arial Unicode MS scale = 1.


Package fontspec Info: 
(fontspec)             Arial Unicode MS scale = 0.9999970546740851.


Package fontspec Info: 
(fontspec)             Arial Unicode MS scale = 1.

 [39]

Package fontspec Info: 
(fontspec)             Arial Unicode MS scale = 0.9999970546740851.


Package fontspec Info: 
(fontspec)             Arial Unicode MS scale = 1.


Package fontspec Info: 
(fontspec)             Arial Unicode MS scale = 0.9999970546740851.


Package fontspec Info: 
(fontspec)             Arial Unicode MS scale = 1.


Package fontspec Info: 
(fontspec)             Arial Unicode MS scale = 0.9999970546740851.


Package fontspec Info: 
(fontspec)             Arial Unicode MS scale = 1.


Package fontspec Info: 
(fontspec)             Arial Unicode MS scale = 0.9999970546740851.


Package fontspec Info: 
(fontspec)             Arial Unicode MS scale = 1.


Package fontspec Info: 
(fontspec)             Arial Unicode MS scale = 0.9999970546740851.


Package fontspec Info: 
(fontspec)             Arial Unicode MS scale = 1.


Package fontspec Info: 
(fontspec)             Arial Unicode MS scale = 0.9999970546740851.


Package fontspec Info: 
(fontspec)             Arial Unicode MS scale = 1.


Package fontspec Info: 
(fontspec)             Arial Unicode MS scale = 0.9999970546740851.


Package fontspec Info: 
(fontspec)             Arial Unicode MS scale = 1.


Package fontspec Info: 
(fontspec)             Arial Unicode MS scale = 0.9999970546740851.


Package fontspec Info: 
(fontspec)             Arial Unicode MS scale = 1.


Package fontspec Info: 
(fontspec)             Arial Unicode MS scale = 0.9999970546740851.


Package fontspec Info: 
(fontspec)             Arial Unicode MS scale = 1.


Package fontspec Info: 
(fontspec)             Arial Unicode MS scale = 0.9999970546740851.


Package fontspec Info: 
(fontspec)             Arial Unicode MS scale = 1.


Package fontspec Info: 
(fontspec)             Arial Unicode MS scale = 0.9999970546740851.


Package fontspec Info: 
(fontspec)             Arial Unicode MS scale = 1.


Package fontspec Info: 
(fontspec)             Arial Unicode MS scale = 0.9999970546740851.


Package fontspec Info: 
(fontspec)             Arial Unicode MS scale = 1.


Package fontspec Info: 
(fontspec)             Arial Unicode MS scale = 0.9999970546740851.


Package fontspec Info: 
(fontspec)             Arial Unicode MS scale = 1.


Package fontspec Info: 
(fontspec)             Arial Unicode MS scale = 0.9999970546740851.


Package fontspec Info: 
(fontspec)             Arial Unicode MS scale = 1.


Package fontspec Info: 
(fontspec)             Arial Unicode MS scale = 0.9999970546740851.


Package fontspec Info: 
(fontspec)             Arial Unicode MS scale = 1.


Package fontspec Info: 
(fontspec)             Arial Unicode MS scale = 0.9999970546740851.


Package fontspec Info: 
(fontspec)             Arial Unicode MS scale = 1.


Package fontspec Info: 
(fontspec)             Arial Unicode MS scale = 0.9999970546740851.


Package fontspec Info: 
(fontspec)             Arial Unicode MS scale = 1.


Package fontspec Info: 
(fontspec)             Arial Unicode MS scale = 0.9999970546740851.


Package fontspec Info: 
(fontspec)             Arial Unicode MS scale = 1.


Package fontspec Info: 
(fontspec)             Arial Unicode MS scale = 0.9999970546740851.


Package fontspec Info: 
(fontspec)             Arial Unicode MS scale = 1.


Package fontspec Info: 
(fontspec)             Arial Unicode MS scale = 0.9999970546740851.


Package fontspec Info: 
(fontspec)             Arial Unicode MS scale = 1.


Package fontspec Info: 
(fontspec)             Arial Unicode MS scale = 0.9999970546740851.


Package fontspec Info: 
(fontspec)             Arial Unicode MS scale = 1.


Package fontspec Info: 
(fontspec)             Arial Unicode MS scale = 0.9999970546740851.


Package fontspec Info: 
(fontspec)             Arial Unicode MS scale = 1.


Package fontspec Info: 
(fontspec)             Arial Unicode MS scale = 0.9999970546740851.


Package fontspec Info: 
(fontspec)             Arial Unicode MS scale = 1.


Package fontspec Info: 
(fontspec)             Arial Unicode MS scale = 0.9999970546740851.


Package fontspec Info: 
(fontspec)             Arial Unicode MS scale = 1.

 [40]

Package fontspec Info: 
(fontspec)             Arial Unicode MS scale = 0.9999970546740851.


Package fontspec Info: 
(fontspec)             Arial Unicode MS scale = 1.


Package fontspec Info: 
(fontspec)             Arial Unicode MS scale = 0.9999970546740851.


Package fontspec Info: 
(fontspec)             Arial Unicode MS scale = 1.


Package fontspec Info: 
(fontspec)             Arial Unicode MS scale = 0.9999970546740851.


Package fontspec Info: 
(fontspec)             Arial Unicode MS scale = 1.


Package fontspec Info: 
(fontspec)             Arial Unicode MS scale = 0.9999970546740851.


Package fontspec Info: 
(fontspec)             Arial Unicode MS scale = 1.


Package fontspec Info: 
(fontspec)             Arial Unicode MS scale = 0.9999970546740851.


Package fontspec Info: 
(fontspec)             Arial Unicode MS scale = 1.


Package fontspec Info: 
(fontspec)             Arial Unicode MS scale = 0.9999970546740851.


Package fontspec Info: 
(fontspec)             Arial Unicode MS scale = 1.


Package fontspec Info: 
(fontspec)             Arial Unicode MS scale = 0.9999970546740851.


Package fontspec Info: 
(fontspec)             Arial Unicode MS scale = 1.


Package fontspec Info: 
(fontspec)             Arial Unicode MS scale = 0.9999970546740851.


Package fontspec Info: 
(fontspec)             Arial Unicode MS scale = 1.


Package fontspec Info: 
(fontspec)             Arial Unicode MS scale = 0.9999970546740851.


Package fontspec Info: 
(fontspec)             Arial Unicode MS scale = 1.


Package fontspec Info: 
(fontspec)             Arial Unicode MS scale = 0.9999970546740851.


Package fontspec Info: 
(fontspec)             Arial Unicode MS scale = 1.


Package fontspec Info: 
(fontspec)             Arial Unicode MS scale = 0.9999970546740851.


Package fontspec Info: 
(fontspec)             Arial Unicode MS scale = 1.


Package fontspec Info: 
(fontspec)             Arial Unicode MS scale = 0.9999970546740851.


Package fontspec Info: 
(fontspec)             Arial Unicode MS scale = 1.


Package fontspec Info: 
(fontspec)             Arial Unicode MS scale = 0.9999970546740851.


Package fontspec Info: 
(fontspec)             Arial Unicode MS scale = 1.


Package fontspec Info: 
(fontspec)             Arial Unicode MS scale = 0.9999970546740851.


Package fontspec Info: 
(fontspec)             Arial Unicode MS scale = 1.


Package fontspec Info: 
(fontspec)             Arial Unicode MS scale = 0.9999970546740851.


Package fontspec Info: 
(fontspec)             Arial Unicode MS scale = 1.


Package fontspec Info: 
(fontspec)             Arial Unicode MS scale = 0.9999970546740851.


Package fontspec Info: 
(fontspec)             Arial Unicode MS scale = 1.


Package fontspec Info: 
(fontspec)             Arial Unicode MS scale = 0.9999970546740851.


Package fontspec Info: 
(fontspec)             Arial Unicode MS scale = 1.


Package fontspec Info: 
(fontspec)             Arial Unicode MS scale = 0.9999970546740851.


Package fontspec Info: 
(fontspec)             Arial Unicode MS scale = 1.


Package fontspec Info: 
(fontspec)             Arial Unicode MS scale = 0.9999970546740851.


Package fontspec Info: 
(fontspec)             Arial Unicode MS scale = 1.


Package fontspec Info: 
(fontspec)             Arial Unicode MS scale = 0.9999970546740851.


Package fontspec Info: 
(fontspec)             Arial Unicode MS scale = 1.


Package fontspec Info: 
(fontspec)             Arial Unicode MS scale = 0.9999970546740851.


Package fontspec Info: 
(fontspec)             Arial Unicode MS scale = 1.


Package fontspec Info: 
(fontspec)             Arial Unicode MS scale = 0.9999970546740851.


Package fontspec Info: 
(fontspec)             Arial Unicode MS scale = 1.


Package fontspec Info: 
(fontspec)             Arial Unicode MS scale = 0.9999970546740851.


Package fontspec Info: 
(fontspec)             Arial Unicode MS scale = 1.


Package fontspec Info: 
(fontspec)             Arial Unicode MS scale = 0.9999970546740851.


Package fontspec Info: 
(fontspec)             Arial Unicode MS scale = 1.


Package fontspec Info: 
(fontspec)             Arial Unicode MS scale = 0.9999970546740851.


Package fontspec Info: 
(fontspec)             Arial Unicode MS scale = 1.


Package fontspec Info: 
(fontspec)             Arial Unicode MS scale = 0.9999970546740851.


Package fontspec Info: 
(fontspec)             Arial Unicode MS scale = 1.

 [41]

Package fontspec Info: 
(fontspec)             Arial Unicode MS scale = 0.9999970546740851.


Package fontspec Info: 
(fontspec)             Arial Unicode MS scale = 1.


Package fontspec Info: 
(fontspec)             Arial Unicode MS scale = 0.9999970546740851.


Package fontspec Info: 
(fontspec)             Arial Unicode MS scale = 1.


Package fontspec Info: 
(fontspec)             Arial Unicode MS scale = 0.9999970546740851.


Package fontspec Info: 
(fontspec)             Arial Unicode MS scale = 1.


Package fontspec Info: 
(fontspec)             Arial Unicode MS scale = 0.9999970546740851.


Package fontspec Info: 
(fontspec)             Arial Unicode MS scale = 1.


Package fontspec Info: 
(fontspec)             Arial Unicode MS scale = 0.9999970546740851.


Package fontspec Info: 
(fontspec)             Arial Unicode MS scale = 1.


Package fontspec Info: 
(fontspec)             Arial Unicode MS scale = 0.9999970546740851.


Package fontspec Info: 
(fontspec)             Arial Unicode MS scale = 1.


Package fontspec Info: 
(fontspec)             Arial Unicode MS scale = 0.9999970546740851.


Package fontspec Info: 
(fontspec)             Arial Unicode MS scale = 1.


Package fontspec Info: 
(fontspec)             Arial Unicode MS scale = 0.9999970546740851.


Package fontspec Info: 
(fontspec)             Arial Unicode MS scale = 1.


Package fontspec Info: 
(fontspec)             Arial Unicode MS scale = 0.9999970546740851.


Package fontspec Info: 
(fontspec)             Arial Unicode MS scale = 1.


Package fontspec Info: 
(fontspec)             Arial Unicode MS scale = 0.9999970546740851.


Package fontspec Info: 
(fontspec)             Arial Unicode MS scale = 1.


Package fontspec Info: 
(fontspec)             Arial Unicode MS scale = 0.9999970546740851.


Package fontspec Info: 
(fontspec)             Arial Unicode MS scale = 1.


Package fontspec Info: 
(fontspec)             Arial Unicode MS scale = 0.9999970546740851.


Package fontspec Info: 
(fontspec)             Arial Unicode MS scale = 1.


Package fontspec Info: 
(fontspec)             Arial Unicode MS scale = 0.9999970546740851.


Package fontspec Info: 
(fontspec)             Arial Unicode MS scale = 1.


Package fontspec Info: 
(fontspec)             Arial Unicode MS scale = 0.9999970546740851.


Package fontspec Info: 
(fontspec)             Arial Unicode MS scale = 1.


Package fontspec Info: 
(fontspec)             Arial Unicode MS scale = 0.9999970546740851.


Package fontspec Info: 
(fontspec)             Arial Unicode MS scale = 1.


Package fontspec Info: 
(fontspec)             Arial Unicode MS scale = 0.9999970546740851.


Package fontspec Info: 
(fontspec)             Arial Unicode MS scale = 1.


Package fontspec Info: 
(fontspec)             Arial Unicode MS scale = 0.9999970546740851.


Package fontspec Info: 
(fontspec)             Arial Unicode MS scale = 1.


Package fontspec Info: 
(fontspec)             Arial Unicode MS scale = 0.9999970546740851.


Package fontspec Info: 
(fontspec)             Arial Unicode MS scale = 1.


Package fontspec Info: 
(fontspec)             Arial Unicode MS scale = 0.9999970546740851.


Package fontspec Info: 
(fontspec)             Arial Unicode MS scale = 1.


Package fontspec Info: 
(fontspec)             Arial Unicode MS scale = 0.9999970546740851.


Package fontspec Info: 
(fontspec)             Arial Unicode MS scale = 1.

 [42]

Package fontspec Info: 
(fontspec)             Arial Unicode MS scale = 0.9999970546740851.


Package fontspec Info: 
(fontspec)             Arial Unicode MS scale = 1.


Package fontspec Info: 
(fontspec)             Arial Unicode MS scale = 0.9999970546740851.


Package fontspec Info: 
(fontspec)             Arial Unicode MS scale = 1.


Package fontspec Info: 
(fontspec)             Arial Unicode MS scale = 0.9999970546740851.


Package fontspec Info: 
(fontspec)             Arial Unicode MS scale = 1.


Package fontspec Info: 
(fontspec)             Arial Unicode MS scale = 0.9999970546740851.


Package fontspec Info: 
(fontspec)             Arial Unicode MS scale = 1.


Package fontspec Info: 
(fontspec)             Arial Unicode MS scale = 0.9999970546740851.


Package fontspec Info: 
(fontspec)             Arial Unicode MS scale = 1.


Package fontspec Info: 
(fontspec)             Arial Unicode MS scale = 0.9999970546740851.


Package fontspec Info: 
(fontspec)             Arial Unicode MS scale = 1.


Package fontspec Info: 
(fontspec)             Arial Unicode MS scale = 0.9999970546740851.


Package fontspec Info: 
(fontspec)             Arial Unicode MS scale = 1.


Package fontspec Info: 
(fontspec)             Arial Unicode MS scale = 0.9999970546740851.


Package fontspec Info: 
(fontspec)             Arial Unicode MS scale = 1.


Package fontspec Info: 
(fontspec)             Arial Unicode MS scale = 0.9999970546740851.


Package fontspec Info: 
(fontspec)             Arial Unicode MS scale = 1.


Package fontspec Info: 
(fontspec)             Arial Unicode MS scale = 0.9999970546740851.


Package fontspec Info: 
(fontspec)             Arial Unicode MS scale = 1.


Package fontspec Info: 
(fontspec)             Arial Unicode MS scale = 0.9999970546740851.


Package fontspec Info: 
(fontspec)             Arial Unicode MS scale = 1.


Package fontspec Info: 
(fontspec)             Arial Unicode MS scale = 0.9999970546740851.


Package fontspec Info: 
(fontspec)             Arial Unicode MS scale = 1.


Package fontspec Info: 
(fontspec)             Arial Unicode MS scale = 0.9999970546740851.


Package fontspec Info: 
(fontspec)             Arial Unicode MS scale = 1.


Package fontspec Info: 
(fontspec)             Arial Unicode MS scale = 0.9999970546740851.


Package fontspec Info: 
(fontspec)             Arial Unicode MS scale = 1.


Package fontspec Info: 
(fontspec)             Arial Unicode MS scale = 0.9999970546740851.


Package fontspec Info: 
(fontspec)             Arial Unicode MS scale = 1.


Package fontspec Info: 
(fontspec)             Arial Unicode MS scale = 0.9999970546740851.


Package fontspec Info: 
(fontspec)             Arial Unicode MS scale = 1.


Package fontspec Info: 
(fontspec)             Arial Unicode MS scale = 0.9999970546740851.


Package fontspec Info: 
(fontspec)             Arial Unicode MS scale = 1.


Package fontspec Info: 
(fontspec)             Arial Unicode MS scale = 0.9999970546740851.


Package fontspec Info: 
(fontspec)             Arial Unicode MS scale = 1.


Package fontspec Info: 
(fontspec)             Arial Unicode MS scale = 0.9999970546740851.


Package fontspec Info: 
(fontspec)             Arial Unicode MS scale = 1.


Package fontspec Info: 
(fontspec)             Arial Unicode MS scale = 0.9999970546740851.


Package fontspec Info: 
(fontspec)             Arial Unicode MS scale = 1.


Package fontspec Info: 
(fontspec)             Arial Unicode MS scale = 0.9999970546740851.


Package fontspec Info: 
(fontspec)             Arial Unicode MS scale = 1.


Package fontspec Info: 
(fontspec)             Arial Unicode MS scale = 0.9999970546740851.


Package fontspec Info: 
(fontspec)             Arial Unicode MS scale = 1.


Package fontspec Info: 
(fontspec)             Arial Unicode MS scale = 0.9999970546740851.


Package fontspec Info: 
(fontspec)             Arial Unicode MS scale = 1.


Package fontspec Info: 
(fontspec)             Arial Unicode MS scale = 0.9999970546740851.


Package fontspec Info: 
(fontspec)             Arial Unicode MS scale = 1.


Package fontspec Info: 
(fontspec)             Arial Unicode MS scale = 0.9999970546740851.


Package fontspec Info: 
(fontspec)             Arial Unicode MS scale = 1.


Package fontspec Info: 
(fontspec)             Arial Unicode MS scale = 0.9999970546740851.


Package fontspec Info: 
(fontspec)             Arial Unicode MS scale = 1.


Package fontspec Info: 
(fontspec)             Arial Unicode MS scale = 0.9999970546740851.


Package fontspec Info: 
(fontspec)             Arial Unicode MS scale = 1.


Package fontspec Info: 
(fontspec)             Arial Unicode MS scale = 0.9999970546740851.


Package fontspec Info: 
(fontspec)             Arial Unicode MS scale = 1.


Package fontspec Info: 
(fontspec)             Arial Unicode MS scale = 0.9999970546740851.


Package fontspec Info: 
(fontspec)             Arial Unicode MS scale = 1.


Package fontspec Info: 
(fontspec)             Arial Unicode MS scale = 0.9999970546740851.


Package fontspec Info: 
(fontspec)             Arial Unicode MS scale = 1.


Package fontspec Info: 
(fontspec)             Arial Unicode MS scale = 0.9999970546740851.


Package fontspec Info: 
(fontspec)             Arial Unicode MS scale = 1.


Package fontspec Info: 
(fontspec)             Arial Unicode MS scale = 0.9999970546740851.


Package fontspec Info: 
(fontspec)             Arial Unicode MS scale = 1.


Package fontspec Info: 
(fontspec)             Arial Unicode MS scale = 0.9999970546740851.


Package fontspec Info: 
(fontspec)             Arial Unicode MS scale = 1.


Package fontspec Info: 
(fontspec)             Arial Unicode MS scale = 0.9999970546740851.


Package fontspec Info: 
(fontspec)             Arial Unicode MS scale = 1.

 [43]

Package fontspec Info: 
(fontspec)             Arial Unicode MS scale = 0.9999970546740851.


Package fontspec Info: 
(fontspec)             Arial Unicode MS scale = 1.


Package fontspec Info: 
(fontspec)             Arial Unicode MS scale = 0.9999970546740851.


Package fontspec Info: 
(fontspec)             Arial Unicode MS scale = 1.


Package fontspec Info: 
(fontspec)             Arial Unicode MS scale = 0.9999970546740851.


Package fontspec Info: 
(fontspec)             Arial Unicode MS scale = 1.


Package fontspec Info: 
(fontspec)             Arial Unicode MS scale = 0.9999970546740851.


Package fontspec Info: 
(fontspec)             Arial Unicode MS scale = 1.


Package fontspec Info: 
(fontspec)             Arial Unicode MS scale = 0.9999970546740851.


Package fontspec Info: 
(fontspec)             Arial Unicode MS scale = 1.


Package fontspec Info: 
(fontspec)             Arial Unicode MS scale = 0.9999970546740851.


Package fontspec Info: 
(fontspec)             Arial Unicode MS scale = 1.


Package fontspec Info: 
(fontspec)             Arial Unicode MS scale = 0.9999970546740851.


Package fontspec Info: 
(fontspec)             Arial Unicode MS scale = 1.


Package fontspec Info: 
(fontspec)             Arial Unicode MS scale = 0.9999970546740851.


Package fontspec Info: 
(fontspec)             Arial Unicode MS scale = 1.


Package fontspec Info: 
(fontspec)             Arial Unicode MS scale = 0.9999970546740851.


Package fontspec Info: 
(fontspec)             Arial Unicode MS scale = 1.


Package fontspec Info: 
(fontspec)             Arial Unicode MS scale = 0.9999970546740851.


Package fontspec Info: 
(fontspec)             Arial Unicode MS scale = 1.


Package fontspec Info: 
(fontspec)             Arial Unicode MS scale = 0.9999970546740851.


Package fontspec Info: 
(fontspec)             Arial Unicode MS scale = 1.


Package fontspec Info: 
(fontspec)             Arial Unicode MS scale = 0.9999970546740851.


Package fontspec Info: 
(fontspec)             Arial Unicode MS scale = 1.


Package fontspec Info: 
(fontspec)             Arial Unicode MS scale = 0.9999970546740851.


Package fontspec Info: 
(fontspec)             Arial Unicode MS scale = 1.


Package fontspec Info: 
(fontspec)             Arial Unicode MS scale = 0.9999970546740851.


Package fontspec Info: 
(fontspec)             Arial Unicode MS scale = 1.


Package fontspec Info: 
(fontspec)             Arial Unicode MS scale = 0.9999970546740851.


Package fontspec Info: 
(fontspec)             Arial Unicode MS scale = 1.


Package fontspec Info: 
(fontspec)             Arial Unicode MS scale = 0.9999970546740851.


Package fontspec Info: 
(fontspec)             Arial Unicode MS scale = 1.


Package fontspec Info: 
(fontspec)             Arial Unicode MS scale = 0.9999970546740851.


Package fontspec Info: 
(fontspec)             Arial Unicode MS scale = 1.


Package fontspec Info: 
(fontspec)             Arial Unicode MS scale = 0.9999970546740851.


Package fontspec Info: 
(fontspec)             Arial Unicode MS scale = 1.


Package fontspec Info: 
(fontspec)             Arial Unicode MS scale = 0.9999970546740851.


Package fontspec Info: 
(fontspec)             Arial Unicode MS scale = 1.


Package fontspec Info: 
(fontspec)             Arial Unicode MS scale = 0.9999970546740851.


Package fontspec Info: 
(fontspec)             Arial Unicode MS scale = 1.


Package fontspec Info: 
(fontspec)             Arial Unicode MS scale = 0.9999970546740851.


Package fontspec Info: 
(fontspec)             Arial Unicode MS scale = 1.


Package fontspec Info: 
(fontspec)             Arial Unicode MS scale = 0.9999970546740851.


Package fontspec Info: 
(fontspec)             Arial Unicode MS scale = 1.


Package fontspec Info: 
(fontspec)             Arial Unicode MS scale = 0.9999970546740851.


Package fontspec Info: 
(fontspec)             Arial Unicode MS scale = 1.


Package fontspec Info: 
(fontspec)             Arial Unicode MS scale = 0.9999970546740851.


Package fontspec Info: 
(fontspec)             Arial Unicode MS scale = 1.


Package fontspec Info: 
(fontspec)             Arial Unicode MS scale = 0.9999970546740851.


Package fontspec Info: 
(fontspec)             Arial Unicode MS scale = 1.


Package fontspec Info: 
(fontspec)             Arial Unicode MS scale = 0.9999970546740851.


Package fontspec Info: 
(fontspec)             Arial Unicode MS scale = 1.


Package fontspec Info: 
(fontspec)             Arial Unicode MS scale = 0.9999970546740851.


Package fontspec Info: 
(fontspec)             Arial Unicode MS scale = 1.


Package fontspec Info: 
(fontspec)             Arial Unicode MS scale = 0.9999970546740851.


Package fontspec Info: 
(fontspec)             Arial Unicode MS scale = 1.


Package fontspec Info: 
(fontspec)             Arial Unicode MS scale = 0.9999970546740851.


Package fontspec Info: 
(fontspec)             Arial Unicode MS scale = 1.


Package fontspec Info: 
(fontspec)             Arial Unicode MS scale = 0.9999970546740851.


Package fontspec Info: 
(fontspec)             Arial Unicode MS scale = 1.


Package fontspec Info: 
(fontspec)             Arial Unicode MS scale = 0.9999970546740851.


Package fontspec Info: 
(fontspec)             Arial Unicode MS scale = 1.


Package fontspec Info: 
(fontspec)             Arial Unicode MS scale = 0.9999970546740851.


Package fontspec Info: 
(fontspec)             Arial Unicode MS scale = 1.


Package fontspec Info: 
(fontspec)             Arial Unicode MS scale = 0.9999970546740851.


Package fontspec Info: 
(fontspec)             Arial Unicode MS scale = 1.


Package fontspec Info: 
(fontspec)             Arial Unicode MS scale = 0.9999970546740851.


Package fontspec Info: 
(fontspec)             Arial Unicode MS scale = 1.


Package fontspec Info: 
(fontspec)             Arial Unicode MS scale = 0.9999970546740851.


Package fontspec Info: 
(fontspec)             Arial Unicode MS scale = 1.


Package fontspec Info: 
(fontspec)             Arial Unicode MS scale = 0.9999970546740851.


Package fontspec Info: 
(fontspec)             Arial Unicode MS scale = 1.


Package fontspec Info: 
(fontspec)             Arial Unicode MS scale = 0.9999970546740851.


Package fontspec Info: 
(fontspec)             Arial Unicode MS scale = 1.


Package fontspec Info: 
(fontspec)             Arial Unicode MS scale = 0.9999970546740851.


Package fontspec Info: 
(fontspec)             Arial Unicode MS scale = 1.

 [44]

Package fontspec Info: 
(fontspec)             Arial Unicode MS scale = 0.9999970546740851.


Package fontspec Info: 
(fontspec)             Arial Unicode MS scale = 1.


Package fontspec Info: 
(fontspec)             Arial Unicode MS scale = 0.9999970546740851.


Package fontspec Info: 
(fontspec)             Arial Unicode MS scale = 1.


Package fontspec Info: 
(fontspec)             Arial Unicode MS scale = 0.9999970546740851.


Package fontspec Info: 
(fontspec)             Arial Unicode MS scale = 1.


Package fontspec Info: 
(fontspec)             Arial Unicode MS scale = 0.9999970546740851.


Package fontspec Info: 
(fontspec)             Arial Unicode MS scale = 1.


Package fontspec Info: 
(fontspec)             Arial Unicode MS scale = 0.9999970546740851.


Package fontspec Info: 
(fontspec)             Arial Unicode MS scale = 1.


Package fontspec Info: 
(fontspec)             Arial Unicode MS scale = 0.9999970546740851.


Package fontspec Info: 
(fontspec)             Arial Unicode MS scale = 1.


Package fontspec Info: 
(fontspec)             Arial Unicode MS scale = 0.9999970546740851.


Package fontspec Info: 
(fontspec)             Arial Unicode MS scale = 1.


Package fontspec Info: 
(fontspec)             Arial Unicode MS scale = 0.9999970546740851.


Package fontspec Info: 
(fontspec)             Arial Unicode MS scale = 1.


Package fontspec Info: 
(fontspec)             Arial Unicode MS scale = 0.9999970546740851.


Package fontspec Info: 
(fontspec)             Arial Unicode MS scale = 1.


Package fontspec Info: 
(fontspec)             Arial Unicode MS scale = 0.9999970546740851.


Package fontspec Info: 
(fontspec)             Arial Unicode MS scale = 1.

 [45]

Package fontspec Info: 
(fontspec)             Arial Unicode MS scale = 0.9999970546740851.


Package fontspec Info: 
(fontspec)             Arial Unicode MS scale = 1.


Package fontspec Info: 
(fontspec)             Arial Unicode MS scale = 0.9999970546740851.


Package fontspec Info: 
(fontspec)             Arial Unicode MS scale = 1.


Package fontspec Info: 
(fontspec)             Arial Unicode MS scale = 0.9999970546740851.


Package fontspec Info: 
(fontspec)             Arial Unicode MS scale = 1.


Package fontspec Info: 
(fontspec)             Arial Unicode MS scale = 0.9999970546740851.


Package fontspec Info: 
(fontspec)             Arial Unicode MS scale = 1.


Package fontspec Info: 
(fontspec)             Arial Unicode MS scale = 0.9999970546740851.


Package fontspec Info: 
(fontspec)             Arial Unicode MS scale = 1.


Package fontspec Info: 
(fontspec)             Arial Unicode MS scale = 0.9999970546740851.


Package fontspec Info: 
(fontspec)             Arial Unicode MS scale = 1.


Package fontspec Info: 
(fontspec)             Arial Unicode MS scale = 0.9999970546740851.


Package fontspec Info: 
(fontspec)             Arial Unicode MS scale = 1.


Package fontspec Info: 
(fontspec)             Arial Unicode MS scale = 0.9999970546740851.


Package fontspec Info: 
(fontspec)             Arial Unicode MS scale = 1.


Package fontspec Info: 
(fontspec)             Arial Unicode MS scale = 0.9999970546740851.


Package fontspec Info: 
(fontspec)             Arial Unicode MS scale = 1.


Package fontspec Info: 
(fontspec)             Arial Unicode MS scale = 0.9999970546740851.


Package fontspec Info: 
(fontspec)             Arial Unicode MS scale = 1.


Package fontspec Info: 
(fontspec)             Arial Unicode MS scale = 0.9999970546740851.


Package fontspec Info: 
(fontspec)             Arial Unicode MS scale = 1.


Package fontspec Info: 
(fontspec)             Arial Unicode MS scale = 0.9999970546740851.


Package fontspec Info: 
(fontspec)             Arial Unicode MS scale = 1.


Package fontspec Info: 
(fontspec)             Arial Unicode MS scale = 0.9999970546740851.


Package fontspec Info: 
(fontspec)             Arial Unicode MS scale = 1.


Package fontspec Info: 
(fontspec)             Arial Unicode MS scale = 0.9999970546740851.


Package fontspec Info: 
(fontspec)             Arial Unicode MS scale = 1.


Package fontspec Info: 
(fontspec)             Arial Unicode MS scale = 0.9999970546740851.


Package fontspec Info: 
(fontspec)             Arial Unicode MS scale = 1.


Package fontspec Info: 
(fontspec)             Arial Unicode MS scale = 0.9999970546740851.


Package fontspec Info: 
(fontspec)             Arial Unicode MS scale = 1.


Package fontspec Info: 
(fontspec)             Arial Unicode MS scale = 0.9999970546740851.


Package fontspec Info: 
(fontspec)             Arial Unicode MS scale = 1.


Package fontspec Info: 
(fontspec)             Arial Unicode MS scale = 0.9999970546740851.


Package fontspec Info: 
(fontspec)             Arial Unicode MS scale = 1.


Package fontspec Info: 
(fontspec)             Arial Unicode MS scale = 0.9999970546740851.


Package fontspec Info: 
(fontspec)             Arial Unicode MS scale = 1.


Package fontspec Info: 
(fontspec)             Arial Unicode MS scale = 0.9999970546740851.


Package fontspec Info: 
(fontspec)             Arial Unicode MS scale = 1.


Package fontspec Info: 
(fontspec)             Arial Unicode MS scale = 0.9999970546740851.


Package fontspec Info: 
(fontspec)             Arial Unicode MS scale = 1.


Package fontspec Info: 
(fontspec)             Arial Unicode MS scale = 0.9999970546740851.


Package fontspec Info: 
(fontspec)             Arial Unicode MS scale = 1.


Package fontspec Info: 
(fontspec)             Arial Unicode MS scale = 0.9999970546740851.


Package fontspec Info: 
(fontspec)             Arial Unicode MS scale = 1.


Package fontspec Info: 
(fontspec)             Arial Unicode MS scale = 0.9999970546740851.


Package fontspec Info: 
(fontspec)             Arial Unicode MS scale = 1.

 [46]

Package fontspec Info: 
(fontspec)             Arial Unicode MS scale = 0.9999970546740851.


Package fontspec Info: 
(fontspec)             Arial Unicode MS scale = 1.


Package fontspec Info: 
(fontspec)             Arial Unicode MS scale = 0.9999970546740851.


Package fontspec Info: 
(fontspec)             Arial Unicode MS scale = 1.


Package fontspec Info: 
(fontspec)             Arial Unicode MS scale = 0.9999970546740851.


Package fontspec Info: 
(fontspec)             Arial Unicode MS scale = 1.


Package fontspec Info: 
(fontspec)             Arial Unicode MS scale = 0.9999970546740851.


Package fontspec Info: 
(fontspec)             Arial Unicode MS scale = 1.


Package fontspec Info: 
(fontspec)             Arial Unicode MS scale = 0.9999970546740851.


Package fontspec Info: 
(fontspec)             Arial Unicode MS scale = 1.


Package fontspec Info: 
(fontspec)             Arial Unicode MS scale = 0.9999970546740851.


Package fontspec Info: 
(fontspec)             Arial Unicode MS scale = 1.


Package fontspec Info: 
(fontspec)             Arial Unicode MS scale = 0.9999970546740851.


Package fontspec Info: 
(fontspec)             Arial Unicode MS scale = 1.


Package fontspec Info: 
(fontspec)             Arial Unicode MS scale = 0.9999970546740851.


Package fontspec Info: 
(fontspec)             Arial Unicode MS scale = 1.


Package fontspec Info: 
(fontspec)             Arial Unicode MS scale = 0.9999970546740851.


Package fontspec Info: 
(fontspec)             Arial Unicode MS scale = 1.


Package fontspec Info: 
(fontspec)             Arial Unicode MS scale = 0.9999970546740851.


Package fontspec Info: 
(fontspec)             Arial Unicode MS scale = 1.


Package fontspec Info: 
(fontspec)             Arial Unicode MS scale = 0.9999970546740851.


Package fontspec Info: 
(fontspec)             Arial Unicode MS scale = 1.


Package fontspec Info: 
(fontspec)             Arial Unicode MS scale = 0.9999970546740851.


Package fontspec Info: 
(fontspec)             Arial Unicode MS scale = 1.


Package fontspec Info: 
(fontspec)             Arial Unicode MS scale = 0.9999970546740851.


Package fontspec Info: 
(fontspec)             Arial Unicode MS scale = 1.


Package fontspec Info: 
(fontspec)             Arial Unicode MS scale = 0.9999970546740851.


Package fontspec Info: 
(fontspec)             Arial Unicode MS scale = 1.


Package fontspec Info: 
(fontspec)             Arial Unicode MS scale = 0.9999970546740851.


Package fontspec Info: 
(fontspec)             Arial Unicode MS scale = 1.


Package fontspec Info: 
(fontspec)             Arial Unicode MS scale = 0.9999970546740851.


Package fontspec Info: 
(fontspec)             Arial Unicode MS scale = 1.


Package fontspec Info: 
(fontspec)             Arial Unicode MS scale = 0.9999970546740851.


Package fontspec Info: 
(fontspec)             Arial Unicode MS scale = 1.


Package fontspec Info: 
(fontspec)             Arial Unicode MS scale = 0.9999970546740851.


Package fontspec Info: 
(fontspec)             Arial Unicode MS scale = 1.


Package fontspec Info: 
(fontspec)             Arial Unicode MS scale = 0.9999970546740851.


Package fontspec Info: 
(fontspec)             Arial Unicode MS scale = 1.


Package fontspec Info: 
(fontspec)             Arial Unicode MS scale = 0.9999970546740851.


Package fontspec Info: 
(fontspec)             Arial Unicode MS scale = 1.


Package fontspec Info: 
(fontspec)             Arial Unicode MS scale = 0.9999970546740851.


Package fontspec Info: 
(fontspec)             Arial Unicode MS scale = 1.


Package fontspec Info: 
(fontspec)             Arial Unicode MS scale = 0.9999970546740851.


Package fontspec Info: 
(fontspec)             Arial Unicode MS scale = 1.


Package fontspec Info: 
(fontspec)             Arial Unicode MS scale = 0.9999970546740851.


Package fontspec Info: 
(fontspec)             Arial Unicode MS scale = 1.


Package fontspec Info: 
(fontspec)             Arial Unicode MS scale = 0.9999970546740851.


Package fontspec Info: 
(fontspec)             Arial Unicode MS scale = 1.


Package fontspec Info: 
(fontspec)             Arial Unicode MS scale = 0.9999970546740851.


Package fontspec Info: 
(fontspec)             Arial Unicode MS scale = 1.


Package fontspec Info: 
(fontspec)             Arial Unicode MS scale = 0.9999970546740851.


Package fontspec Info: 
(fontspec)             Arial Unicode MS scale = 1.


Package fontspec Info: 
(fontspec)             Arial Unicode MS scale = 0.9999970546740851.


Package fontspec Info: 
(fontspec)             Arial Unicode MS scale = 1.


Package fontspec Info: 
(fontspec)             Arial Unicode MS scale = 0.9999970546740851.


Package fontspec Info: 
(fontspec)             Arial Unicode MS scale = 1.


Package fontspec Info: 
(fontspec)             Arial Unicode MS scale = 0.9999970546740851.


Package fontspec Info: 
(fontspec)             Arial Unicode MS scale = 1.


Package fontspec Info: 
(fontspec)             Arial Unicode MS scale = 0.9999970546740851.


Package fontspec Info: 
(fontspec)             Arial Unicode MS scale = 1.


Package fontspec Info: 
(fontspec)             Arial Unicode MS scale = 0.9999970546740851.


Package fontspec Info: 
(fontspec)             Arial Unicode MS scale = 1.


Package fontspec Info: 
(fontspec)             Arial Unicode MS scale = 0.9999970546740851.


Package fontspec Info: 
(fontspec)             Arial Unicode MS scale = 1.

 [47]

Package fontspec Info: 
(fontspec)             Arial Unicode MS scale = 0.9999970546740851.


Package fontspec Info: 
(fontspec)             Arial Unicode MS scale = 1.


Package fontspec Info: 
(fontspec)             Arial Unicode MS scale = 0.9999970546740851.


Package fontspec Info: 
(fontspec)             Arial Unicode MS scale = 1.


Package fontspec Info: 
(fontspec)             Arial Unicode MS scale = 0.9999970546740851.


Package fontspec Info: 
(fontspec)             Arial Unicode MS scale = 1.


Package fontspec Info: 
(fontspec)             Arial Unicode MS scale = 0.9999970546740851.


Package fontspec Info: 
(fontspec)             Arial Unicode MS scale = 1.


Package fontspec Info: 
(fontspec)             Arial Unicode MS scale = 0.9999970546740851.


Package fontspec Info: 
(fontspec)             Arial Unicode MS scale = 1.


Package fontspec Info: 
(fontspec)             Arial Unicode MS scale = 0.9999970546740851.


Package fontspec Info: 
(fontspec)             Arial Unicode MS scale = 1.


Package fontspec Info: 
(fontspec)             Arial Unicode MS scale = 0.9999970546740851.


Package fontspec Info: 
(fontspec)             Arial Unicode MS scale = 1.


Package fontspec Info: 
(fontspec)             Arial Unicode MS scale = 0.9999970546740851.


Package fontspec Info: 
(fontspec)             Arial Unicode MS scale = 1.


Package fontspec Info: 
(fontspec)             Arial Unicode MS scale = 0.9999970546740851.


Package fontspec Info: 
(fontspec)             Arial Unicode MS scale = 1.


Package fontspec Info: 
(fontspec)             Arial Unicode MS scale = 0.9999970546740851.


Package fontspec Info: 
(fontspec)             Arial Unicode MS scale = 1.


Package fontspec Info: 
(fontspec)             Arial Unicode MS scale = 0.9999970546740851.


Package fontspec Info: 
(fontspec)             Arial Unicode MS scale = 1.


Package fontspec Info: 
(fontspec)             Arial Unicode MS scale = 0.9999970546740851.


Package fontspec Info: 
(fontspec)             Arial Unicode MS scale = 1.


Package fontspec Info: 
(fontspec)             Arial Unicode MS scale = 0.9999970546740851.


Package fontspec Info: 
(fontspec)             Arial Unicode MS scale = 1.


Package fontspec Info: 
(fontspec)             Arial Unicode MS scale = 0.9999970546740851.


Package fontspec Info: 
(fontspec)             Arial Unicode MS scale = 1.


Package fontspec Info: 
(fontspec)             Arial Unicode MS scale = 0.9999970546740851.


Package fontspec Info: 
(fontspec)             Arial Unicode MS scale = 1.


Package fontspec Info: 
(fontspec)             Arial Unicode MS scale = 0.9999970546740851.


Package fontspec Info: 
(fontspec)             Arial Unicode MS scale = 1.


Package fontspec Info: 
(fontspec)             Arial Unicode MS scale = 0.9999970546740851.


Package fontspec Info: 
(fontspec)             Arial Unicode MS scale = 1.


Package fontspec Info: 
(fontspec)             Arial Unicode MS scale = 0.9999970546740851.


Package fontspec Info: 
(fontspec)             Arial Unicode MS scale = 1.


Package fontspec Info: 
(fontspec)             Arial Unicode MS scale = 0.9999970546740851.


Package fontspec Info: 
(fontspec)             Arial Unicode MS scale = 1.


Package fontspec Info: 
(fontspec)             Arial Unicode MS scale = 0.9999970546740851.


Package fontspec Info: 
(fontspec)             Arial Unicode MS scale = 1.


Package fontspec Info: 
(fontspec)             Arial Unicode MS scale = 0.9999970546740851.


Package fontspec Info: 
(fontspec)             Arial Unicode MS scale = 1.


Package fontspec Info: 
(fontspec)             Arial Unicode MS scale = 0.9999970546740851.


Package fontspec Info: 
(fontspec)             Arial Unicode MS scale = 1.


Package fontspec Info: 
(fontspec)             Arial Unicode MS scale = 0.9999970546740851.


Package fontspec Info: 
(fontspec)             Arial Unicode MS scale = 1.


Package fontspec Info: 
(fontspec)             Arial Unicode MS scale = 0.9999970546740851.


Package fontspec Info: 
(fontspec)             Arial Unicode MS scale = 1.


Package fontspec Info: 
(fontspec)             Arial Unicode MS scale = 0.9999970546740851.


Package fontspec Info: 
(fontspec)             Arial Unicode MS scale = 1.


Package fontspec Info: 
(fontspec)             Arial Unicode MS scale = 0.9999970546740851.


Package fontspec Info: 
(fontspec)             Arial Unicode MS scale = 1.


Package fontspec Info: 
(fontspec)             Arial Unicode MS scale = 0.9999970546740851.


Package fontspec Info: 
(fontspec)             Arial Unicode MS scale = 1.


Package fontspec Info: 
(fontspec)             Arial Unicode MS scale = 0.9999970546740851.


Package fontspec Info: 
(fontspec)             Arial Unicode MS scale = 1.


Package fontspec Info: 
(fontspec)             Arial Unicode MS scale = 0.9999970546740851.


Package fontspec Info: 
(fontspec)             Arial Unicode MS scale = 1.


Package fontspec Info: 
(fontspec)             Arial Unicode MS scale = 0.9999970546740851.


Package fontspec Info: 
(fontspec)             Arial Unicode MS scale = 1.


[48]

Package fontspec Info: 
(fontspec)             Arial Unicode MS scale = 0.9999970546740851.


Package fontspec Info: 
(fontspec)             Arial Unicode MS scale = 1.


Package fontspec Info: 
(fontspec)             Arial Unicode MS scale = 0.9999970546740851.


Package fontspec Info: 
(fontspec)             Arial Unicode MS scale = 1.


Package fontspec Info: 
(fontspec)             Arial Unicode MS scale = 0.9999970546740851.


Package fontspec Info: 
(fontspec)             Arial Unicode MS scale = 1.


Package fontspec Info: 
(fontspec)             Arial Unicode MS scale = 0.9999970546740851.


Package fontspec Info: 
(fontspec)             Arial Unicode MS scale = 1.


Package fontspec Info: 
(fontspec)             Arial Unicode MS scale = 0.9999970546740851.


Package fontspec Info: 
(fontspec)             Arial Unicode MS scale = 1.


Package fontspec Info: 
(fontspec)             Arial Unicode MS scale = 0.9999970546740851.


Package fontspec Info: 
(fontspec)             Arial Unicode MS scale = 1.


Package fontspec Info: 
(fontspec)             Arial Unicode MS scale = 0.9999970546740851.


Package fontspec Info: 
(fontspec)             Arial Unicode MS scale = 1.


Package fontspec Info: 
(fontspec)             Arial Unicode MS scale = 0.9999970546740851.


Package fontspec Info: 
(fontspec)             Arial Unicode MS scale = 1.


Package fontspec Info: 
(fontspec)             Arial Unicode MS scale = 0.9999970546740851.


Package fontspec Info: 
(fontspec)             Arial Unicode MS scale = 1.


Package fontspec Info: 
(fontspec)             Arial Unicode MS scale = 0.9999970546740851.


Package fontspec Info: 
(fontspec)             Arial Unicode MS scale = 1.


Package fontspec Info: 
(fontspec)             Arial Unicode MS scale = 0.9999970546740851.


Package fontspec Info: 
(fontspec)             Arial Unicode MS scale = 1.


Package fontspec Info: 
(fontspec)             Arial Unicode MS scale = 0.9999970546740851.


Package fontspec Info: 
(fontspec)             Arial Unicode MS scale = 1.

LaTeX Font Info:    Font shape `TU/Menlo(0)/m/n' will be
(Font)              scaled to size 9.50867pt on input line 2498.

Package fontspec Info: 
(fontspec)             Arial Unicode MS scale = 0.9999970546740851.


Package fontspec Info: 
(fontspec)             Arial Unicode MS scale = 1.


Package fontspec Info: 
(fontspec)             Arial Unicode MS scale = 0.9999970546740851.


Package fontspec Info: 
(fontspec)             Arial Unicode MS scale = 1.

 [49]

Package fontspec Info: 
(fontspec)             Arial Unicode MS scale = 0.9999970546740851.


Package fontspec Info: 
(fontspec)             Arial Unicode MS scale = 1.


Package fontspec Info: 
(fontspec)             Arial Unicode MS scale = 0.9999970546740851.


Package fontspec Info: 
(fontspec)             Arial Unicode MS scale = 1.


Package fontspec Info: 
(fontspec)             Arial Unicode MS scale = 0.9999970546740851.


Package fontspec Info: 
(fontspec)             Arial Unicode MS scale = 1.


Package fontspec Info: 
(fontspec)             Arial Unicode MS scale = 0.9999970546740851.


Package fontspec Info: 
(fontspec)             Arial Unicode MS scale = 1.


Package fontspec Info: 
(fontspec)             Arial Unicode MS scale = 0.9999970546740851.


Package fontspec Info: 
(fontspec)             Arial Unicode MS scale = 1.


Package fontspec Info: 
(fontspec)             Arial Unicode MS scale = 0.9999970546740851.


Package fontspec Info: 
(fontspec)             Arial Unicode MS scale = 1.


Package fontspec Info: 
(fontspec)             Arial Unicode MS scale = 0.9999970546740851.


Package fontspec Info: 
(fontspec)             Arial Unicode MS scale = 1.


Package fontspec Info: 
(fontspec)             Arial Unicode MS scale = 0.9999970546740851.


Package fontspec Info: 
(fontspec)             Arial Unicode MS scale = 1.


Package fontspec Info: 
(fontspec)             Arial Unicode MS scale = 0.9999970546740851.


Package fontspec Info: 
(fontspec)             Arial Unicode MS scale = 1.


Package fontspec Info: 
(fontspec)             Arial Unicode MS scale = 0.9999970546740851.


Package fontspec Info: 
(fontspec)             Arial Unicode MS scale = 1.


Package fontspec Info: 
(fontspec)             Arial Unicode MS scale = 0.9999970546740851.


Package fontspec Info: 
(fontspec)             Arial Unicode MS scale = 1.


Package fontspec Info: 
(fontspec)             Arial Unicode MS scale = 0.9999970546740851.


Package fontspec Info: 
(fontspec)             Arial Unicode MS scale = 1.


Package fontspec Info: 
(fontspec)             Arial Unicode MS scale = 0.9999970546740851.


Package fontspec Info: 
(fontspec)             Arial Unicode MS scale = 1.


Package fontspec Info: 
(fontspec)             Arial Unicode MS scale = 0.9999970546740851.


Package fontspec Info: 
(fontspec)             Arial Unicode MS scale = 1.


Package fontspec Info: 
(fontspec)             Arial Unicode MS scale = 0.9999970546740851.


Package fontspec Info: 
(fontspec)             Arial Unicode MS scale = 1.


Package fontspec Info: 
(fontspec)             Arial Unicode MS scale = 0.9999970546740851.


Package fontspec Info: 
(fontspec)             Arial Unicode MS scale = 1.


Package fontspec Info: 
(fontspec)             Arial Unicode MS scale = 0.9999970546740851.


Package fontspec Info: 
(fontspec)             Arial Unicode MS scale = 1.


Package fontspec Info: 
(fontspec)             Arial Unicode MS scale = 0.9999970546740851.


Package fontspec Info: 
(fontspec)             Arial Unicode MS scale = 1.


Package fontspec Info: 
(fontspec)             Arial Unicode MS scale = 0.9999970546740851.


Package fontspec Info: 
(fontspec)             Arial Unicode MS scale = 1.


Package fontspec Info: 
(fontspec)             Arial Unicode MS scale = 0.9999970546740851.


Package fontspec Info: 
(fontspec)             Arial Unicode MS scale = 1.


Package fontspec Info: 
(fontspec)             Arial Unicode MS scale = 0.9999970546740851.


Package fontspec Info: 
(fontspec)             Arial Unicode MS scale = 1.


Package fontspec Info: 
(fontspec)             Arial Unicode MS scale = 0.9999970546740851.


Package fontspec Info: 
(fontspec)             Arial Unicode MS scale = 1.


Package fontspec Info: 
(fontspec)             Arial Unicode MS scale = 0.9999970546740851.


Package fontspec Info: 
(fontspec)             Arial Unicode MS scale = 1.


Package fontspec Info: 
(fontspec)             Arial Unicode MS scale = 0.9999970546740851.


Package fontspec Info: 
(fontspec)             Arial Unicode MS scale = 1.

 [50]

Package fontspec Info: 
(fontspec)             Arial Unicode MS scale = 0.9999970546740851.


Package fontspec Info: 
(fontspec)             Arial Unicode MS scale = 1.


Package fontspec Info: 
(fontspec)             Arial Unicode MS scale = 0.9999970546740851.


Package fontspec Info: 
(fontspec)             Arial Unicode MS scale = 1.


Package fontspec Info: 
(fontspec)             Arial Unicode MS scale = 0.9999970546740851.


Package fontspec Info: 
(fontspec)             Arial Unicode MS scale = 1.


Package fontspec Info: 
(fontspec)             Arial Unicode MS scale = 0.9999970546740851.


Package fontspec Info: 
(fontspec)             Arial Unicode MS scale = 1.


Package fontspec Info: 
(fontspec)             Arial Unicode MS scale = 0.9999970546740851.


Package fontspec Info: 
(fontspec)             Arial Unicode MS scale = 1.


Package fontspec Info: 
(fontspec)             Arial Unicode MS scale = 0.9999970546740851.


Package fontspec Info: 
(fontspec)             Arial Unicode MS scale = 1.


Package fontspec Info: 
(fontspec)             Arial Unicode MS scale = 0.9999970546740851.


Package fontspec Info: 
(fontspec)             Arial Unicode MS scale = 1.


Package fontspec Info: 
(fontspec)             Arial Unicode MS scale = 0.9999970546740851.


Package fontspec Info: 
(fontspec)             Arial Unicode MS scale = 1.


Package fontspec Info: 
(fontspec)             Arial Unicode MS scale = 0.9999970546740851.


Package fontspec Info: 
(fontspec)             Arial Unicode MS scale = 1.


Package fontspec Info: 
(fontspec)             Arial Unicode MS scale = 0.9999970546740851.


Package fontspec Info: 
(fontspec)             Arial Unicode MS scale = 1.


Package fontspec Info: 
(fontspec)             Arial Unicode MS scale = 0.9999970546740851.


Package fontspec Info: 
(fontspec)             Arial Unicode MS scale = 1.


Package fontspec Info: 
(fontspec)             Arial Unicode MS scale = 0.9999970546740851.


Package fontspec Info: 
(fontspec)             Arial Unicode MS scale = 1.


Package fontspec Info: 
(fontspec)             Arial Unicode MS scale = 0.9999970546740851.


Package fontspec Info: 
(fontspec)             Arial Unicode MS scale = 1.


Package fontspec Info: 
(fontspec)             Arial Unicode MS scale = 0.9999970546740851.


Package fontspec Info: 
(fontspec)             Arial Unicode MS scale = 1.


Package fontspec Info: 
(fontspec)             Arial Unicode MS scale = 0.9999970546740851.


Package fontspec Info: 
(fontspec)             Arial Unicode MS scale = 1.


Package fontspec Info: 
(fontspec)             Arial Unicode MS scale = 0.9999970546740851.


Package fontspec Info: 
(fontspec)             Arial Unicode MS scale = 1.


Package fontspec Info: 
(fontspec)             Arial Unicode MS scale = 0.9999970546740851.


Package fontspec Info: 
(fontspec)             Arial Unicode MS scale = 1.


Package fontspec Info: 
(fontspec)             Arial Unicode MS scale = 0.9999970546740851.


Package fontspec Info: 
(fontspec)             Arial Unicode MS scale = 1.


Package fontspec Info: 
(fontspec)             Arial Unicode MS scale = 0.9999970546740851.


Package fontspec Info: 
(fontspec)             Arial Unicode MS scale = 1.


Package fontspec Info: 
(fontspec)             Arial Unicode MS scale = 0.9999970546740851.


Package fontspec Info: 
(fontspec)             Arial Unicode MS scale = 1.


Package fontspec Info: 
(fontspec)             Arial Unicode MS scale = 0.9999970546740851.


Package fontspec Info: 
(fontspec)             Arial Unicode MS scale = 1.


Package fontspec Info: 
(fontspec)             Arial Unicode MS scale = 0.9999970546740851.


Package fontspec Info: 
(fontspec)             Arial Unicode MS scale = 1.


Package fontspec Info: 
(fontspec)             Arial Unicode MS scale = 0.9999970546740851.


Package fontspec Info: 
(fontspec)             Arial Unicode MS scale = 1.


Package fontspec Info: 
(fontspec)             Arial Unicode MS scale = 0.9999970546740851.


Package fontspec Info: 
(fontspec)             Arial Unicode MS scale = 1.


Package fontspec Info: 
(fontspec)             Arial Unicode MS scale = 0.9999970546740851.


Package fontspec Info: 
(fontspec)             Arial Unicode MS scale = 1.


Package fontspec Info: 
(fontspec)             Arial Unicode MS scale = 0.9999970546740851.


Package fontspec Info: 
(fontspec)             Arial Unicode MS scale = 1.


Package fontspec Info: 
(fontspec)             Arial Unicode MS scale = 0.9999970546740851.


Package fontspec Info: 
(fontspec)             Arial Unicode MS scale = 1.


Package fontspec Info: 
(fontspec)             Arial Unicode MS scale = 0.9999970546740851.


Package fontspec Info: 
(fontspec)             Arial Unicode MS scale = 1.


Package fontspec Info: 
(fontspec)             Arial Unicode MS scale = 0.9999970546740851.


Package fontspec Info: 
(fontspec)             Arial Unicode MS scale = 1.


Package fontspec Info: 
(fontspec)             Arial Unicode MS scale = 0.9999970546740851.


Package fontspec Info: 
(fontspec)             Arial Unicode MS scale = 1.


Package fontspec Info: 
(fontspec)             Arial Unicode MS scale = 0.9999970546740851.


Package fontspec Info: 
(fontspec)             Arial Unicode MS scale = 1.


Package fontspec Info: 
(fontspec)             Arial Unicode MS scale = 0.9999970546740851.


Package fontspec Info: 
(fontspec)             Arial Unicode MS scale = 1.


Package fontspec Info: 
(fontspec)             Arial Unicode MS scale = 0.9999970546740851.


Package fontspec Info: 
(fontspec)             Arial Unicode MS scale = 1.


Package fontspec Info: 
(fontspec)             Arial Unicode MS scale = 0.9999970546740851.


Package fontspec Info: 
(fontspec)             Arial Unicode MS scale = 1.


Package fontspec Info: 
(fontspec)             Arial Unicode MS scale = 0.9999970546740851.


Package fontspec Info: 
(fontspec)             Arial Unicode MS scale = 1.


Package fontspec Info: 
(fontspec)             Arial Unicode MS scale = 0.9999970546740851.


Package fontspec Info: 
(fontspec)             Arial Unicode MS scale = 1.


Package fontspec Info: 
(fontspec)             Arial Unicode MS scale = 0.9999970546740851.


Package fontspec Info: 
(fontspec)             Arial Unicode MS scale = 1.


Package fontspec Info: 
(fontspec)             Arial Unicode MS scale = 0.9999970546740851.


Package fontspec Info: 
(fontspec)             Arial Unicode MS scale = 1.


Package fontspec Info: 
(fontspec)             Arial Unicode MS scale = 0.9999970546740851.


Package fontspec Info: 
(fontspec)             Arial Unicode MS scale = 1.


Package fontspec Info: 
(fontspec)             Arial Unicode MS scale = 0.9999970546740851.


Package fontspec Info: 
(fontspec)             Arial Unicode MS scale = 1.


Package fontspec Info: 
(fontspec)             Arial Unicode MS scale = 0.9999970546740851.


Package fontspec Info: 
(fontspec)             Arial Unicode MS scale = 1.


Package fontspec Info: 
(fontspec)             Arial Unicode MS scale = 0.9999970546740851.


Package fontspec Info: 
(fontspec)             Arial Unicode MS scale = 1.

 [51]

Package fontspec Info: 
(fontspec)             Arial Unicode MS scale = 0.9999970546740851.


Package fontspec Info: 
(fontspec)             Arial Unicode MS scale = 1.


Package fontspec Info: 
(fontspec)             Arial Unicode MS scale = 0.9999970546740851.


Package fontspec Info: 
(fontspec)             Arial Unicode MS scale = 1.


Package fontspec Info: 
(fontspec)             Arial Unicode MS scale = 0.9999970546740851.


Package fontspec Info: 
(fontspec)             Arial Unicode MS scale = 1.


Package fontspec Info: 
(fontspec)             Arial Unicode MS scale = 0.9999970546740851.


Package fontspec Info: 
(fontspec)             Arial Unicode MS scale = 1.


Package fontspec Info: 
(fontspec)             Arial Unicode MS scale = 0.9999970546740851.


Package fontspec Info: 
(fontspec)             Arial Unicode MS scale = 1.


Package fontspec Info: 
(fontspec)             Arial Unicode MS scale = 0.9999970546740851.


Package fontspec Info: 
(fontspec)             Arial Unicode MS scale = 1.


Package fontspec Info: 
(fontspec)             Arial Unicode MS scale = 0.9999970546740851.


Package fontspec Info: 
(fontspec)             Arial Unicode MS scale = 1.


Package fontspec Info: 
(fontspec)             Arial Unicode MS scale = 0.9999970546740851.


Package fontspec Info: 
(fontspec)             Arial Unicode MS scale = 1.


Overfull \hbox (0.13307pt too wide) in alignment at lines 2583--2601
 [] [] [] [] [] [] [] 
 []


Overfull \hbox (0.13307pt too wide) in alignment at lines 2601--2603
 [] [] [] [] [] [] [] 
 []


Overfull \hbox (0.13307pt too wide) in alignment at lines 2603--2615
 [] [] [] [] [] [] [] 
 []


ignored: Infinite glue shrinkage found in box being split [52]

Package fontspec Info: 
(fontspec)             Arial Unicode MS scale = 0.9999970546740851.


Package fontspec Info: 
(fontspec)             Arial Unicode MS scale = 1.


Package fontspec Info: 
(fontspec)             Arial Unicode MS scale = 0.9999970546740851.


Package fontspec Info: 
(fontspec)             Arial Unicode MS scale = 1.


Package fontspec Info: 
(fontspec)             Arial Unicode MS scale = 0.9999966145648191.


Package fontspec Info: 
(fontspec)             Arial Unicode MS scale = 1.


Package fontspec Info: 
(fontspec)             Arial Unicode MS scale = 0.9999966145648191.


Package fontspec Info: 
(fontspec)             Arial Unicode MS scale = 1.


Package fontspec Info: 
(fontspec)             Arial Unicode MS scale = 0.9999966145648191.


Package fontspec Info: 
(fontspec)             Arial Unicode MS scale = 1.


Package fontspec Info: 
(fontspec)             Arial Unicode MS scale = 0.9999966145648191.


Package fontspec Info: 
(fontspec)             Arial Unicode MS scale = 1.


Package fontspec Info: 
(fontspec)             Arial Unicode MS scale = 0.9999966145648191.


Package fontspec Info: 
(fontspec)             Arial Unicode MS scale = 1.


Package fontspec Info: 
(fontspec)             Arial Unicode MS scale = 0.9999966145648191.


Package fontspec Info: 
(fontspec)             Arial Unicode MS scale = 1.


Package fontspec Info: 
(fontspec)             Arial Unicode MS scale = 0.9999966145648191.


Package fontspec Info: 
(fontspec)             Arial Unicode MS scale = 1.


Package fontspec Info: 
(fontspec)             Arial Unicode MS scale = 0.9999966145648191.


Package fontspec Info: 
(fontspec)             Arial Unicode MS scale = 1.


Package fontspec Info: 
(fontspec)             Arial Unicode MS scale = 0.9999966145648191.


Package fontspec Info: 
(fontspec)             Arial Unicode MS scale = 1.


Package fontspec Info: 
(fontspec)             Arial Unicode MS scale = 0.9999966145648191.


Package fontspec Info: 
(fontspec)             Arial Unicode MS scale = 1.


Package fontspec Info: 
(fontspec)             Arial Unicode MS scale = 0.9999966145648191.


Package fontspec Info: 
(fontspec)             Arial Unicode MS scale = 1.


Package fontspec Info: 
(fontspec)             Arial Unicode MS scale = 0.9999966145648191.


Package fontspec Info: 
(fontspec)             Arial Unicode MS scale = 1.


Package fontspec Info: 
(fontspec)             Arial Unicode MS scale = 0.9999966145648191.


Package fontspec Info: 
(fontspec)             Arial Unicode MS scale = 1.


Package fontspec Info: 
(fontspec)             Arial Unicode MS scale = 0.9999966145648191.


Package fontspec Info: 
(fontspec)             Arial Unicode MS scale = 1.


Package fontspec Info: 
(fontspec)             Arial Unicode MS scale = 0.9999966145648191.


Package fontspec Info: 
(fontspec)             Arial Unicode MS scale = 1.


Package fontspec Info: 
(fontspec)             Arial Unicode MS scale = 0.9999966145648191.


Package fontspec Info: 
(fontspec)             Arial Unicode MS scale = 1.


Package fontspec Info: 
(fontspec)             Arial Unicode MS scale = 0.9999966145648191.


Package fontspec Info: 
(fontspec)             Arial Unicode MS scale = 1.


Package fontspec Info: 
(fontspec)             Arial Unicode MS scale = 0.9999966145648191.


Package fontspec Info: 
(fontspec)             Arial Unicode MS scale = 1.


Package fontspec Info: 
(fontspec)             Arial Unicode MS scale = 0.9999966145648191.


Package fontspec Info: 
(fontspec)             Arial Unicode MS scale = 1.


Package fontspec Info: 
(fontspec)             Arial Unicode MS scale = 0.9999966145648191.


Package fontspec Info: 
(fontspec)             Arial Unicode MS scale = 1.


Package fontspec Info: 
(fontspec)             Arial Unicode MS scale = 0.9999966145648191.


Package fontspec Info: 
(fontspec)             Arial Unicode MS scale = 1.


Package fontspec Info: 
(fontspec)             Arial Unicode MS scale = 0.9999966145648191.


Package fontspec Info: 
(fontspec)             Arial Unicode MS scale = 1.


Package fontspec Info: 
(fontspec)             Arial Unicode MS scale = 0.9999966145648191.


Package fontspec Info: 
(fontspec)             Arial Unicode MS scale = 1.


Package fontspec Info: 
(fontspec)             Arial Unicode MS scale = 0.9999966145648191.


Package fontspec Info: 
(fontspec)             Arial Unicode MS scale = 1.


Package fontspec Info: 
(fontspec)             Arial Unicode MS scale = 0.9999966145648191.


Package fontspec Info: 
(fontspec)             Arial Unicode MS scale = 1.


Package fontspec Info: 
(fontspec)             Arial Unicode MS scale = 0.9999966145648191.


Package fontspec Info: 
(fontspec)             Arial Unicode MS scale = 1.


Package fontspec Info: 
(fontspec)             Arial Unicode MS scale = 0.9999966145648191.


Package fontspec Info: 
(fontspec)             Arial Unicode MS scale = 1.


Package fontspec Info: 
(fontspec)             Arial Unicode MS scale = 0.9999966145648191.


Package fontspec Info: 
(fontspec)             Arial Unicode MS scale = 1.


ignored: Infinite glue shrinkage found in box being split [53]

Package fontspec Info: 
(fontspec)             Arial Unicode MS scale = 0.9999970546740851.


Package fontspec Info: 
(fontspec)             Arial Unicode MS scale = 1.


Package fontspec Info: 
(fontspec)             Arial Unicode MS scale = 0.9999970546740851.


Package fontspec Info: 
(fontspec)             Arial Unicode MS scale = 1.


Package fontspec Info: 
(fontspec)             Arial Unicode MS scale = 0.9999970546740851.


Package fontspec Info: 
(fontspec)             Arial Unicode MS scale = 1.


Package fontspec Info: 
(fontspec)             Arial Unicode MS scale = 0.9999970546740851.


Package fontspec Info: 
(fontspec)             Arial Unicode MS scale = 1.


Package fontspec Info: 
(fontspec)             Arial Unicode MS scale = 0.9999970546740851.


Package fontspec Info: 
(fontspec)             Arial Unicode MS scale = 1.


Package fontspec Info: 
(fontspec)             Arial Unicode MS scale = 0.9999970546740851.


Package fontspec Info: 
(fontspec)             Arial Unicode MS scale = 1.


Package fontspec Info: 
(fontspec)             Arial Unicode MS scale = 0.9999970546740851.


Package fontspec Info: 
(fontspec)             Arial Unicode MS scale = 1.


Package fontspec Info: 
(fontspec)             Arial Unicode MS scale = 0.9999970546740851.


Package fontspec Info: 
(fontspec)             Arial Unicode MS scale = 1.


Package fontspec Info: 
(fontspec)             Arial Unicode MS scale = 0.9999970546740851.


Package fontspec Info: 
(fontspec)             Arial Unicode MS scale = 1.


Package fontspec Info: 
(fontspec)             Arial Unicode MS scale = 0.9999970546740851.


Package fontspec Info: 
(fontspec)             Arial Unicode MS scale = 1.


Package fontspec Info: 
(fontspec)             Arial Unicode MS scale = 0.9999970546740851.


Package fontspec Info: 
(fontspec)             Arial Unicode MS scale = 1.


Package fontspec Info: 
(fontspec)             Arial Unicode MS scale = 0.9999970546740851.


Package fontspec Info: 
(fontspec)             Arial Unicode MS scale = 1.


Package fontspec Info: 
(fontspec)             Arial Unicode MS scale = 0.9999970546740851.


Package fontspec Info: 
(fontspec)             Arial Unicode MS scale = 1.


Package fontspec Info: 
(fontspec)             Arial Unicode MS scale = 0.9999970546740851.


Package fontspec Info: 
(fontspec)             Arial Unicode MS scale = 1.


Package fontspec Info: 
(fontspec)             Arial Unicode MS scale = 0.9999970546740851.


Package fontspec Info: 
(fontspec)             Arial Unicode MS scale = 1.


Package fontspec Info: 
(fontspec)             Arial Unicode MS scale = 0.9999970546740851.


Package fontspec Info: 
(fontspec)             Arial Unicode MS scale = 1.


Package fontspec Info: 
(fontspec)             Arial Unicode MS scale = 0.9999970546740851.


Package fontspec Info: 
(fontspec)             Arial Unicode MS scale = 1.


Package fontspec Info: 
(fontspec)             Arial Unicode MS scale = 0.9999970546740851.


Package fontspec Info: 
(fontspec)             Arial Unicode MS scale = 1.


Package fontspec Info: 
(fontspec)             Arial Unicode MS scale = 0.9999970546740851.


Package fontspec Info: 
(fontspec)             Arial Unicode MS scale = 1.


Package fontspec Info: 
(fontspec)             Arial Unicode MS scale = 0.9999970546740851.


Package fontspec Info: 
(fontspec)             Arial Unicode MS scale = 1.


Package fontspec Info: 
(fontspec)             Arial Unicode MS scale = 0.9999970546740851.


Package fontspec Info: 
(fontspec)             Arial Unicode MS scale = 1.


Package fontspec Info: 
(fontspec)             Arial Unicode MS scale = 0.9999970546740851.


Package fontspec Info: 
(fontspec)             Arial Unicode MS scale = 1.


Package fontspec Info: 
(fontspec)             Arial Unicode MS scale = 0.9999970546740851.


Package fontspec Info: 
(fontspec)             Arial Unicode MS scale = 1.


Package fontspec Info: 
(fontspec)             Arial Unicode MS scale = 0.9999970546740851.


Package fontspec Info: 
(fontspec)             Arial Unicode MS scale = 1.


Package fontspec Info: 
(fontspec)             Arial Unicode MS scale = 0.9999970546740851.


Package fontspec Info: 
(fontspec)             Arial Unicode MS scale = 1.


Package fontspec Info: 
(fontspec)             Arial Unicode MS scale = 0.9999970546740851.


Package fontspec Info: 
(fontspec)             Arial Unicode MS scale = 1.


Package fontspec Info: 
(fontspec)             Arial Unicode MS scale = 0.9999970546740851.


Package fontspec Info: 
(fontspec)             Arial Unicode MS scale = 1.


Package fontspec Info: 
(fontspec)             Arial Unicode MS scale = 0.9999970546740851.


Package fontspec Info: 
(fontspec)             Arial Unicode MS scale = 1.


Package fontspec Info: 
(fontspec)             Arial Unicode MS scale = 0.9999970546740851.


Package fontspec Info: 
(fontspec)             Arial Unicode MS scale = 1.


Package fontspec Info: 
(fontspec)             Arial Unicode MS scale = 0.9999970546740851.


Package fontspec Info: 
(fontspec)             Arial Unicode MS scale = 1.


Package fontspec Info: 
(fontspec)             Arial Unicode MS scale = 0.9999970546740851.


Package fontspec Info: 
(fontspec)             Arial Unicode MS scale = 1.


Package fontspec Info: 
(fontspec)             Arial Unicode MS scale = 0.9999970546740851.


Package fontspec Info: 
(fontspec)             Arial Unicode MS scale = 1.

 [54]

Package fontspec Info: 
(fontspec)             Arial Unicode MS scale = 0.9999970546740851.


Package fontspec Info: 
(fontspec)             Arial Unicode MS scale = 1.


Package fontspec Info: 
(fontspec)             Arial Unicode MS scale = 0.9999970546740851.


Package fontspec Info: 
(fontspec)             Arial Unicode MS scale = 1.


Package fontspec Info: 
(fontspec)             Arial Unicode MS scale = 0.9999970546740851.


Package fontspec Info: 
(fontspec)             Arial Unicode MS scale = 1.


Package fontspec Info: 
(fontspec)             Arial Unicode MS scale = 0.9999970546740851.


Package fontspec Info: 
(fontspec)             Arial Unicode MS scale = 1.


Package fontspec Info: 
(fontspec)             Arial Unicode MS scale = 0.9999970546740851.


Package fontspec Info: 
(fontspec)             Arial Unicode MS scale = 1.


Package fontspec Info: 
(fontspec)             Arial Unicode MS scale = 0.9999970546740851.


Package fontspec Info: 
(fontspec)             Arial Unicode MS scale = 1.


Package fontspec Info: 
(fontspec)             Arial Unicode MS scale = 0.9999970546740851.


Package fontspec Info: 
(fontspec)             Arial Unicode MS scale = 1.


Package fontspec Info: 
(fontspec)             Arial Unicode MS scale = 0.9999970546740851.


Package fontspec Info: 
(fontspec)             Arial Unicode MS scale = 1.


Package fontspec Info: 
(fontspec)             Arial Unicode MS scale = 0.9999970546740851.


Package fontspec Info: 
(fontspec)             Arial Unicode MS scale = 1.


Package fontspec Info: 
(fontspec)             Arial Unicode MS scale = 0.9999970546740851.


Package fontspec Info: 
(fontspec)             Arial Unicode MS scale = 1.


Package fontspec Info: 
(fontspec)             Arial Unicode MS scale = 0.9999970546740851.


Package fontspec Info: 
(fontspec)             Arial Unicode MS scale = 1.


Package fontspec Info: 
(fontspec)             Arial Unicode MS scale = 0.9999970546740851.


Package fontspec Info: 
(fontspec)             Arial Unicode MS scale = 1.


Package fontspec Info: 
(fontspec)             Arial Unicode MS scale = 0.9999970546740851.


Package fontspec Info: 
(fontspec)             Arial Unicode MS scale = 1.


Package fontspec Info: 
(fontspec)             Arial Unicode MS scale = 0.9999970546740851.


Package fontspec Info: 
(fontspec)             Arial Unicode MS scale = 1.


Package fontspec Info: 
(fontspec)             Arial Unicode MS scale = 0.9999970546740851.


Package fontspec Info: 
(fontspec)             Arial Unicode MS scale = 1.


Package fontspec Info: 
(fontspec)             Arial Unicode MS scale = 0.9999970546740851.


Package fontspec Info: 
(fontspec)             Arial Unicode MS scale = 1.


Package fontspec Info: 
(fontspec)             Arial Unicode MS scale = 0.9999970546740851.


Package fontspec Info: 
(fontspec)             Arial Unicode MS scale = 1.


Package fontspec Info: 
(fontspec)             Arial Unicode MS scale = 0.9999970546740851.


Package fontspec Info: 
(fontspec)             Arial Unicode MS scale = 1.


Package fontspec Info: 
(fontspec)             Arial Unicode MS scale = 0.9999970546740851.


Package fontspec Info: 
(fontspec)             Arial Unicode MS scale = 1.


Package fontspec Info: 
(fontspec)             Arial Unicode MS scale = 0.9999970546740851.


Package fontspec Info: 
(fontspec)             Arial Unicode MS scale = 1.


Package fontspec Info: 
(fontspec)             Arial Unicode MS scale = 0.9999970546740851.


Package fontspec Info: 
(fontspec)             Arial Unicode MS scale = 1.


Package fontspec Info: 
(fontspec)             Arial Unicode MS scale = 0.9999970546740851.


Package fontspec Info: 
(fontspec)             Arial Unicode MS scale = 1.


Package fontspec Info: 
(fontspec)             Arial Unicode MS scale = 0.9999970546740851.


Package fontspec Info: 
(fontspec)             Arial Unicode MS scale = 1.


Package fontspec Info: 
(fontspec)             Arial Unicode MS scale = 0.9999970546740851.


Package fontspec Info: 
(fontspec)             Arial Unicode MS scale = 1.


Package fontspec Info: 
(fontspec)             Arial Unicode MS scale = 0.9999970546740851.


Package fontspec Info: 
(fontspec)             Arial Unicode MS scale = 1.


Package fontspec Info: 
(fontspec)             Arial Unicode MS scale = 0.9999970546740851.


Package fontspec Info: 
(fontspec)             Arial Unicode MS scale = 1.


Package fontspec Info: 
(fontspec)             Arial Unicode MS scale = 0.9999975455605327.


Package fontspec Info: 
(fontspec)             Arial Unicode MS scale = 1.


Package fontspec Info: 
(fontspec)             Arial Unicode MS scale = 0.9999975455605327.


Package fontspec Info: 
(fontspec)             Arial Unicode MS scale = 1.


Package fontspec Info: 
(fontspec)             Arial Unicode MS scale = 0.9999970546740851.


Package fontspec Info: 
(fontspec)             Arial Unicode MS scale = 1.


Package fontspec Info: 
(fontspec)             Arial Unicode MS scale = 0.9999970546740851.


Package fontspec Info: 
(fontspec)             Arial Unicode MS scale = 1.


Package fontspec Info: 
(fontspec)             Arial Unicode MS scale = 0.9999970546740851.


Package fontspec Info: 
(fontspec)             Arial Unicode MS scale = 1.


Package fontspec Info: 
(fontspec)             Arial Unicode MS scale = 0.9999970546740851.


Package fontspec Info: 
(fontspec)             Arial Unicode MS scale = 1.

 [55]

Package fontspec Info: 
(fontspec)             Arial Unicode MS scale = 0.9999970546740851.


Package fontspec Info: 
(fontspec)             Arial Unicode MS scale = 1.


Package fontspec Info: 
(fontspec)             Arial Unicode MS scale = 0.9999970546740851.


Package fontspec Info: 
(fontspec)             Arial Unicode MS scale = 1.


Package fontspec Info: 
(fontspec)             Arial Unicode MS scale = 0.9999970546740851.


Package fontspec Info: 
(fontspec)             Arial Unicode MS scale = 1.


Package fontspec Info: 
(fontspec)             Arial Unicode MS scale = 0.9999970546740851.


Package fontspec Info: 
(fontspec)             Arial Unicode MS scale = 1.


Package fontspec Info: 
(fontspec)             Arial Unicode MS scale = 0.9999970546740851.


Package fontspec Info: 
(fontspec)             Arial Unicode MS scale = 1.


Package fontspec Info: 
(fontspec)             Arial Unicode MS scale = 0.9999970546740851.


Package fontspec Info: 
(fontspec)             Arial Unicode MS scale = 1.


Package fontspec Info: 
(fontspec)             Arial Unicode MS scale = 0.9999970546740851.


Package fontspec Info: 
(fontspec)             Arial Unicode MS scale = 1.


Package fontspec Info: 
(fontspec)             Arial Unicode MS scale = 0.9999970546740851.


Package fontspec Info: 
(fontspec)             Arial Unicode MS scale = 1.


Package fontspec Info: 
(fontspec)             Arial Unicode MS scale = 0.9999970546740851.


Package fontspec Info: 
(fontspec)             Arial Unicode MS scale = 1.


Package fontspec Info: 
(fontspec)             Arial Unicode MS scale = 0.9999970546740851.


Package fontspec Info: 
(fontspec)             Arial Unicode MS scale = 1.


Package fontspec Info: 
(fontspec)             Arial Unicode MS scale = 0.9999970546740851.


Package fontspec Info: 
(fontspec)             Arial Unicode MS scale = 1.


Package fontspec Info: 
(fontspec)             Arial Unicode MS scale = 0.9999970546740851.


Package fontspec Info: 
(fontspec)             Arial Unicode MS scale = 1.


Package fontspec Info: 
(fontspec)             Arial Unicode MS scale = 0.9999970546740851.


Package fontspec Info: 
(fontspec)             Arial Unicode MS scale = 1.


Package fontspec Info: 
(fontspec)             Arial Unicode MS scale = 0.9999970546740851.


Package fontspec Info: 
(fontspec)             Arial Unicode MS scale = 1.


Package fontspec Info: 
(fontspec)             Arial Unicode MS scale = 0.9999970546740851.


Package fontspec Info: 
(fontspec)             Arial Unicode MS scale = 1.


Package fontspec Info: 
(fontspec)             Arial Unicode MS scale = 0.9999970546740851.


Package fontspec Info: 
(fontspec)             Arial Unicode MS scale = 1.


Package fontspec Info: 
(fontspec)             Arial Unicode MS scale = 0.9999970546740851.


Package fontspec Info: 
(fontspec)             Arial Unicode MS scale = 1.


Package fontspec Info: 
(fontspec)             Arial Unicode MS scale = 0.9999970546740851.


Package fontspec Info: 
(fontspec)             Arial Unicode MS scale = 1.


Package fontspec Info: 
(fontspec)             Arial Unicode MS scale = 0.9999970546740851.


Package fontspec Info: 
(fontspec)             Arial Unicode MS scale = 1.


Package fontspec Info: 
(fontspec)             Arial Unicode MS scale = 0.9999970546740851.


Package fontspec Info: 
(fontspec)             Arial Unicode MS scale = 1.


Package fontspec Info: 
(fontspec)             Arial Unicode MS scale = 0.9999970546740851.


Package fontspec Info: 
(fontspec)             Arial Unicode MS scale = 1.


Package fontspec Info: 
(fontspec)             Arial Unicode MS scale = 0.9999970546740851.


Package fontspec Info: 
(fontspec)             Arial Unicode MS scale = 1.


Package fontspec Info: 
(fontspec)             Arial Unicode MS scale = 0.9999970546740851.


Package fontspec Info: 
(fontspec)             Arial Unicode MS scale = 1.


Package fontspec Info: 
(fontspec)             Arial Unicode MS scale = 0.9999970546740851.


Package fontspec Info: 
(fontspec)             Arial Unicode MS scale = 1.


Package fontspec Info: 
(fontspec)             Arial Unicode MS scale = 0.9999970546740851.


Package fontspec Info: 
(fontspec)             Arial Unicode MS scale = 1.


Package fontspec Info: 
(fontspec)             Arial Unicode MS scale = 0.9999970546740851.


Package fontspec Info: 
(fontspec)             Arial Unicode MS scale = 1.


Package fontspec Info: 
(fontspec)             Arial Unicode MS scale = 0.9999970546740851.


Package fontspec Info: 
(fontspec)             Arial Unicode MS scale = 1.


Package fontspec Info: 
(fontspec)             Arial Unicode MS scale = 0.9999970546740851.


Package fontspec Info: 
(fontspec)             Arial Unicode MS scale = 1.


Package fontspec Info: 
(fontspec)             Arial Unicode MS scale = 0.9999970546740851.


Package fontspec Info: 
(fontspec)             Arial Unicode MS scale = 1.


Package fontspec Info: 
(fontspec)             Arial Unicode MS scale = 0.9999970546740851.


Package fontspec Info: 
(fontspec)             Arial Unicode MS scale = 1.


Package fontspec Info: 
(fontspec)             Arial Unicode MS scale = 0.9999970546740851.


Package fontspec Info: 
(fontspec)             Arial Unicode MS scale = 1.


Package fontspec Info: 
(fontspec)             Arial Unicode MS scale = 0.9999970546740851.


Package fontspec Info: 
(fontspec)             Arial Unicode MS scale = 1.


Package fontspec Info: 
(fontspec)             Arial Unicode MS scale = 0.9999970546740851.


Package fontspec Info: 
(fontspec)             Arial Unicode MS scale = 1.


Package fontspec Info: 
(fontspec)             Arial Unicode MS scale = 0.9999970546740851.


Package fontspec Info: 
(fontspec)             Arial Unicode MS scale = 1.

 [56]

Package fontspec Info: 
(fontspec)             Arial Unicode MS scale = 0.9999970546740851.


Package fontspec Info: 
(fontspec)             Arial Unicode MS scale = 1.


Package fontspec Info: 
(fontspec)             Arial Unicode MS scale = 0.9999970546740851.


Package fontspec Info: 
(fontspec)             Arial Unicode MS scale = 1.


Package fontspec Info: 
(fontspec)             Arial Unicode MS scale = 0.9999970546740851.


Package fontspec Info: 
(fontspec)             Arial Unicode MS scale = 1.


Package fontspec Info: 
(fontspec)             Arial Unicode MS scale = 0.9999970546740851.


Package fontspec Info: 
(fontspec)             Arial Unicode MS scale = 1.


Package fontspec Info: 
(fontspec)             Arial Unicode MS scale = 0.9999970546740851.


Package fontspec Info: 
(fontspec)             Arial Unicode MS scale = 1.


Package fontspec Info: 
(fontspec)             Arial Unicode MS scale = 0.9999970546740851.


Package fontspec Info: 
(fontspec)             Arial Unicode MS scale = 1.


Package fontspec Info: 
(fontspec)             Arial Unicode MS scale = 0.9999970546740851.


Package fontspec Info: 
(fontspec)             Arial Unicode MS scale = 1.


Package fontspec Info: 
(fontspec)             Arial Unicode MS scale = 0.9999970546740851.


Package fontspec Info: 
(fontspec)             Arial Unicode MS scale = 1.


Package fontspec Info: 
(fontspec)             Arial Unicode MS scale = 0.9999966145648191.


Package fontspec Info: 
(fontspec)             Arial Unicode MS scale = 1.


Package fontspec Info: 
(fontspec)             Arial Unicode MS scale = 0.9999966145648191.


Package fontspec Info: 
(fontspec)             Arial Unicode MS scale = 1.


Package fontspec Info: 
(fontspec)             Arial Unicode MS scale = 0.9999970546740851.


Package fontspec Info: 
(fontspec)             Arial Unicode MS scale = 1.


Package fontspec Info: 
(fontspec)             Arial Unicode MS scale = 0.9999970546740851.


Package fontspec Info: 
(fontspec)             Arial Unicode MS scale = 1.


Package fontspec Info: 
(fontspec)             Arial Unicode MS scale = 0.9999970546740851.


Package fontspec Info: 
(fontspec)             Arial Unicode MS scale = 1.


Package fontspec Info: 
(fontspec)             Arial Unicode MS scale = 0.9999970546740851.


Package fontspec Info: 
(fontspec)             Arial Unicode MS scale = 1.


Package fontspec Info: 
(fontspec)             Arial Unicode MS scale = 0.9999970546740851.


Package fontspec Info: 
(fontspec)             Arial Unicode MS scale = 1.


Package fontspec Info: 
(fontspec)             Arial Unicode MS scale = 0.9999970546740851.


Package fontspec Info: 
(fontspec)             Arial Unicode MS scale = 1.


Package fontspec Info: 
(fontspec)             Arial Unicode MS scale = 0.9999970546740851.


Package fontspec Info: 
(fontspec)             Arial Unicode MS scale = 1.


Package fontspec Info: 
(fontspec)             Arial Unicode MS scale = 0.9999970546740851.


Package fontspec Info: 
(fontspec)             Arial Unicode MS scale = 1.


Package fontspec Info: 
(fontspec)             Arial Unicode MS scale = 0.9999970546740851.


Package fontspec Info: 
(fontspec)             Arial Unicode MS scale = 1.


Package fontspec Info: 
(fontspec)             Arial Unicode MS scale = 0.9999970546740851.


Package fontspec Info: 
(fontspec)             Arial Unicode MS scale = 1.


Package fontspec Info: 
(fontspec)             Arial Unicode MS scale = 0.9999970546740851.


Package fontspec Info: 
(fontspec)             Arial Unicode MS scale = 1.


Package fontspec Info: 
(fontspec)             Arial Unicode MS scale = 0.9999970546740851.


Package fontspec Info: 
(fontspec)             Arial Unicode MS scale = 1.


Package fontspec Info: 
(fontspec)             Arial Unicode MS scale = 0.9999970546740851.


Package fontspec Info: 
(fontspec)             Arial Unicode MS scale = 1.


Package fontspec Info: 
(fontspec)             Arial Unicode MS scale = 0.9999970546740851.


Package fontspec Info: 
(fontspec)             Arial Unicode MS scale = 1.


Package fontspec Info: 
(fontspec)             Arial Unicode MS scale = 0.9999970546740851.


Package fontspec Info: 
(fontspec)             Arial Unicode MS scale = 1.


Package fontspec Info: 
(fontspec)             Arial Unicode MS scale = 0.9999970546740851.


Package fontspec Info: 
(fontspec)             Arial Unicode MS scale = 1.


Package fontspec Info: 
(fontspec)             Arial Unicode MS scale = 0.9999970546740851.


Package fontspec Info: 
(fontspec)             Arial Unicode MS scale = 1.


Package fontspec Info: 
(fontspec)             Arial Unicode MS scale = 0.9999970546740851.


Package fontspec Info: 
(fontspec)             Arial Unicode MS scale = 1.


Package fontspec Info: 
(fontspec)             Arial Unicode MS scale = 0.9999970546740851.


Package fontspec Info: 
(fontspec)             Arial Unicode MS scale = 1.


Package fontspec Info: 
(fontspec)             Arial Unicode MS scale = 0.9999970546740851.


Package fontspec Info: 
(fontspec)             Arial Unicode MS scale = 1.


Package fontspec Info: 
(fontspec)             Arial Unicode MS scale = 0.9999970546740851.


Package fontspec Info: 
(fontspec)             Arial Unicode MS scale = 1.


Package fontspec Info: 
(fontspec)             Arial Unicode MS scale = 0.9999970546740851.


Package fontspec Info: 
(fontspec)             Arial Unicode MS scale = 1.


Package fontspec Info: 
(fontspec)             Arial Unicode MS scale = 0.9999970546740851.


Package fontspec Info: 
(fontspec)             Arial Unicode MS scale = 1.


Package fontspec Info: 
(fontspec)             Arial Unicode MS scale = 0.9999970546740851.


Package fontspec Info: 
(fontspec)             Arial Unicode MS scale = 1.

 [57]

Package fontspec Info: 
(fontspec)             Arial Unicode MS scale = 0.9999970546740851.


Package fontspec Info: 
(fontspec)             Arial Unicode MS scale = 1.


Package fontspec Info: 
(fontspec)             Arial Unicode MS scale = 0.9999970546740851.


Package fontspec Info: 
(fontspec)             Arial Unicode MS scale = 1.


Package fontspec Info: 
(fontspec)             Arial Unicode MS scale = 0.9999970546740851.


Package fontspec Info: 
(fontspec)             Arial Unicode MS scale = 1.


Package fontspec Info: 
(fontspec)             Arial Unicode MS scale = 0.9999970546740851.


Package fontspec Info: 
(fontspec)             Arial Unicode MS scale = 1.


Package fontspec Info: 
(fontspec)             Arial Unicode MS scale = 0.9999970546740851.


Package fontspec Info: 
(fontspec)             Arial Unicode MS scale = 1.


Package fontspec Info: 
(fontspec)             Arial Unicode MS scale = 0.9999970546740851.


Package fontspec Info: 
(fontspec)             Arial Unicode MS scale = 1.


Package fontspec Info: 
(fontspec)             Arial Unicode MS scale = 0.9999970546740851.


Package fontspec Info: 
(fontspec)             Arial Unicode MS scale = 1.


Package fontspec Info: 
(fontspec)             Arial Unicode MS scale = 0.9999970546740851.


Package fontspec Info: 
(fontspec)             Arial Unicode MS scale = 1.


Package fontspec Info: 
(fontspec)             Arial Unicode MS scale = 0.9999970546740851.


Package fontspec Info: 
(fontspec)             Arial Unicode MS scale = 1.


Package fontspec Info: 
(fontspec)             Arial Unicode MS scale = 0.9999970546740851.


Package fontspec Info: 
(fontspec)             Arial Unicode MS scale = 1.


Package fontspec Info: 
(fontspec)             Arial Unicode MS scale = 0.9999970546740851.


Package fontspec Info: 
(fontspec)             Arial Unicode MS scale = 1.


Package fontspec Info: 
(fontspec)             Arial Unicode MS scale = 0.9999970546740851.


Package fontspec Info: 
(fontspec)             Arial Unicode MS scale = 1.


Package fontspec Info: 
(fontspec)             Arial Unicode MS scale = 0.9999970546740851.


Package fontspec Info: 
(fontspec)             Arial Unicode MS scale = 1.


Package fontspec Info: 
(fontspec)             Arial Unicode MS scale = 0.9999970546740851.


Package fontspec Info: 
(fontspec)             Arial Unicode MS scale = 1.


ignored: Infinite glue shrinkage found in box being split [58]

Package fontspec Info: 
(fontspec)             Arial Unicode MS scale = 0.9999970546740851.


Package fontspec Info: 
(fontspec)             Arial Unicode MS scale = 1.


Package fontspec Info: 
(fontspec)             Arial Unicode MS scale = 0.9999970546740851.


Package fontspec Info: 
(fontspec)             Arial Unicode MS scale = 1.

 [59]

Package fontspec Info: 
(fontspec)             Arial Unicode MS scale = 0.9999970546740851.


Package fontspec Info: 
(fontspec)             Arial Unicode MS scale = 1.


Package fontspec Info: 
(fontspec)             Arial Unicode MS scale = 0.9999970546740851.


Package fontspec Info: 
(fontspec)             Arial Unicode MS scale = 1.


Package fontspec Info: 
(fontspec)             Arial Unicode MS scale = 0.9999970546740851.


Package fontspec Info: 
(fontspec)             Arial Unicode MS scale = 1.


Package fontspec Info: 
(fontspec)             Arial Unicode MS scale = 0.9999970546740851.


Package fontspec Info: 
(fontspec)             Arial Unicode MS scale = 1.


Package fontspec Info: 
(fontspec)             Arial Unicode MS scale = 0.9999970546740851.


Package fontspec Info: 
(fontspec)             Arial Unicode MS scale = 1.


Package fontspec Info: 
(fontspec)             Arial Unicode MS scale = 0.9999970546740851.


Package fontspec Info: 
(fontspec)             Arial Unicode MS scale = 1.


Package fontspec Info: 
(fontspec)             Arial Unicode MS scale = 0.9999970546740851.


Package fontspec Info: 
(fontspec)             Arial Unicode MS scale = 1.


Package fontspec Info: 
(fontspec)             Arial Unicode MS scale = 0.9999970546740851.


Package fontspec Info: 
(fontspec)             Arial Unicode MS scale = 1.


Package fontspec Info: 
(fontspec)             Arial Unicode MS scale = 0.9999970546740851.


Package fontspec Info: 
(fontspec)             Arial Unicode MS scale = 1.


Package fontspec Info: 
(fontspec)             Arial Unicode MS scale = 0.9999970546740851.


Package fontspec Info: 
(fontspec)             Arial Unicode MS scale = 1.


Package fontspec Info: 
(fontspec)             Arial Unicode MS scale = 0.9999970546740851.


Package fontspec Info: 
(fontspec)             Arial Unicode MS scale = 1.


Package fontspec Info: 
(fontspec)             Arial Unicode MS scale = 0.9999970546740851.


Package fontspec Info: 
(fontspec)             Arial Unicode MS scale = 1.


Package fontspec Info: 
(fontspec)             Arial Unicode MS scale = 0.9999970546740851.


Package fontspec Info: 
(fontspec)             Arial Unicode MS scale = 1.


Package fontspec Info: 
(fontspec)             Arial Unicode MS scale = 0.9999970546740851.


Package fontspec Info: 
(fontspec)             Arial Unicode MS scale = 1.


Package fontspec Info: 
(fontspec)             Arial Unicode MS scale = 0.9999970546740851.


Package fontspec Info: 
(fontspec)             Arial Unicode MS scale = 1.


Package fontspec Info: 
(fontspec)             Arial Unicode MS scale = 0.9999970546740851.


Package fontspec Info: 
(fontspec)             Arial Unicode MS scale = 1.


Package fontspec Info: 
(fontspec)             Arial Unicode MS scale = 0.9999970546740851.


Package fontspec Info: 
(fontspec)             Arial Unicode MS scale = 1.


Package fontspec Info: 
(fontspec)             Arial Unicode MS scale = 0.9999970546740851.


Package fontspec Info: 
(fontspec)             Arial Unicode MS scale = 1.

 [60]

Package fontspec Info: 
(fontspec)             Arial Unicode MS scale = 0.9999970546740851.


Package fontspec Info: 
(fontspec)             Arial Unicode MS scale = 1.


Package fontspec Info: 
(fontspec)             Arial Unicode MS scale = 0.9999970546740851.


Package fontspec Info: 
(fontspec)             Arial Unicode MS scale = 1.


Package fontspec Info: 
(fontspec)             Arial Unicode MS scale = 0.9999970546740851.


Package fontspec Info: 
(fontspec)             Arial Unicode MS scale = 1.


Package fontspec Info: 
(fontspec)             Arial Unicode MS scale = 0.9999970546740851.


Package fontspec Info: 
(fontspec)             Arial Unicode MS scale = 1.


Package fontspec Info: 
(fontspec)             Arial Unicode MS scale = 0.9999970546740851.


Package fontspec Info: 
(fontspec)             Arial Unicode MS scale = 1.


Package fontspec Info: 
(fontspec)             Arial Unicode MS scale = 0.9999970546740851.


Package fontspec Info: 
(fontspec)             Arial Unicode MS scale = 1.


Package fontspec Info: 
(fontspec)             Arial Unicode MS scale = 0.9999970546740851.


Package fontspec Info: 
(fontspec)             Arial Unicode MS scale = 1.


Package fontspec Info: 
(fontspec)             Arial Unicode MS scale = 0.9999970546740851.


Package fontspec Info: 
(fontspec)             Arial Unicode MS scale = 1.


Package fontspec Info: 
(fontspec)             Arial Unicode MS scale = 0.9999970546740851.


Package fontspec Info: 
(fontspec)             Arial Unicode MS scale = 1.


Package fontspec Info: 
(fontspec)             Arial Unicode MS scale = 0.9999970546740851.


Package fontspec Info: 
(fontspec)             Arial Unicode MS scale = 1.


Package fontspec Info: 
(fontspec)             Arial Unicode MS scale = 0.9999970546740851.


Package fontspec Info: 
(fontspec)             Arial Unicode MS scale = 1.


Package fontspec Info: 
(fontspec)             Arial Unicode MS scale = 0.9999970546740851.


Package fontspec Info: 
(fontspec)             Arial Unicode MS scale = 1.


Package fontspec Info: 
(fontspec)             Arial Unicode MS scale = 0.9999970546740851.


Package fontspec Info: 
(fontspec)             Arial Unicode MS scale = 1.


Package fontspec Info: 
(fontspec)             Arial Unicode MS scale = 0.9999970546740851.


Package fontspec Info: 
(fontspec)             Arial Unicode MS scale = 1.


Package fontspec Info: 
(fontspec)             Arial Unicode MS scale = 0.9999970546740851.


Package fontspec Info: 
(fontspec)             Arial Unicode MS scale = 1.


Package fontspec Info: 
(fontspec)             Arial Unicode MS scale = 0.9999970546740851.


Package fontspec Info: 
(fontspec)             Arial Unicode MS scale = 1.

 [61]

Package fontspec Info: 
(fontspec)             Arial Unicode MS scale = 0.9999970546740851.


Package fontspec Info: 
(fontspec)             Arial Unicode MS scale = 1.


Package fontspec Info: 
(fontspec)             Arial Unicode MS scale = 0.9999970546740851.


Package fontspec Info: 
(fontspec)             Arial Unicode MS scale = 1.


Package fontspec Info: 
(fontspec)             Arial Unicode MS scale = 0.9999970546740851.


Package fontspec Info: 
(fontspec)             Arial Unicode MS scale = 1.


Package fontspec Info: 
(fontspec)             Arial Unicode MS scale = 0.9999970546740851.


Package fontspec Info: 
(fontspec)             Arial Unicode MS scale = 1.


Package fontspec Info: 
(fontspec)             Arial Unicode MS scale = 0.9999970546740851.


Package fontspec Info: 
(fontspec)             Arial Unicode MS scale = 1.


Package fontspec Info: 
(fontspec)             Arial Unicode MS scale = 0.9999970546740851.


Package fontspec Info: 
(fontspec)             Arial Unicode MS scale = 1.


Package fontspec Info: 
(fontspec)             Arial Unicode MS scale = 0.9999970546740851.


Package fontspec Info: 
(fontspec)             Arial Unicode MS scale = 1.


Package fontspec Info: 
(fontspec)             Arial Unicode MS scale = 0.9999970546740851.


Package fontspec Info: 
(fontspec)             Arial Unicode MS scale = 1.


Package fontspec Info: 
(fontspec)             Arial Unicode MS scale = 0.9999966145648191.


Package fontspec Info: 
(fontspec)             Arial Unicode MS scale = 1.


Package fontspec Info: 
(fontspec)             Arial Unicode MS scale = 0.9999966145648191.


Package fontspec Info: 
(fontspec)             Arial Unicode MS scale = 1.


Package fontspec Info: 
(fontspec)             Arial Unicode MS scale = 0.9999966145648191.


Package fontspec Info: 
(fontspec)             Arial Unicode MS scale = 1.


Package fontspec Info: 
(fontspec)             Arial Unicode MS scale = 0.9999966145648191.


Package fontspec Info: 
(fontspec)             Arial Unicode MS scale = 1.


Package fontspec Info: 
(fontspec)             Arial Unicode MS scale = 0.9999966145648191.


Package fontspec Info: 
(fontspec)             Arial Unicode MS scale = 1.


Package fontspec Info: 
(fontspec)             Arial Unicode MS scale = 0.9999966145648191.


Package fontspec Info: 
(fontspec)             Arial Unicode MS scale = 1.

 [62]
ignored: Infinite glue shrinkage found in box being split [63]

Package fontspec Info: 
(fontspec)             Arial Unicode MS scale = 0.9999966145648191.


Package fontspec Info: 
(fontspec)             Arial Unicode MS scale = 1.


Package fontspec Info: 
(fontspec)             Arial Unicode MS scale = 0.9999966145648191.


Package fontspec Info: 
(fontspec)             Arial Unicode MS scale = 1.


Package fontspec Info: 
(fontspec)             Arial Unicode MS scale = 0.9999966145648191.


Package fontspec Info: 
(fontspec)             Arial Unicode MS scale = 1.


Package fontspec Info: 
(fontspec)             Arial Unicode MS scale = 0.9999966145648191.


Package fontspec Info: 
(fontspec)             Arial Unicode MS scale = 1.


Package fontspec Info: 
(fontspec)             Arial Unicode MS scale = 0.9999966145648191.


Package fontspec Info: 
(fontspec)             Arial Unicode MS scale = 1.


Package fontspec Info: 
(fontspec)             Arial Unicode MS scale = 0.9999966145648191.


Package fontspec Info: 
(fontspec)             Arial Unicode MS scale = 1.


ignored: Infinite glue shrinkage found in box being split [64]

Package fontspec Info: 
(fontspec)             Arial Unicode MS scale = 0.9999970546740851.


Package fontspec Info: 
(fontspec)             Arial Unicode MS scale = 1.


Package fontspec Info: 
(fontspec)             Arial Unicode MS scale = 0.9999970546740851.


Package fontspec Info: 
(fontspec)             Arial Unicode MS scale = 1.


Package fontspec Info: 
(fontspec)             Arial Unicode MS scale = 0.9999970546740851.


Package fontspec Info: 
(fontspec)             Arial Unicode MS scale = 1.


Package fontspec Info: 
(fontspec)             Arial Unicode MS scale = 0.9999970546740851.


Package fontspec Info: 
(fontspec)             Arial Unicode MS scale = 1.

LaTeX Font Info:    Font shape `TU/Menlo(0)/b/n' will be
(Font)              scaled to size 9.50867pt on input line 3276.

Package fontspec Info: 
(fontspec)             Arial Unicode MS scale = 0.9999970546740851.


Package fontspec Info: 
(fontspec)             Arial Unicode MS scale = 1.


Package fontspec Info: 
(fontspec)             Arial Unicode MS scale = 0.9999970546740851.


Package fontspec Info: 
(fontspec)             Arial Unicode MS scale = 1.


Package fontspec Info: 
(fontspec)             Arial Unicode MS scale = 0.9999970546740851.


Package fontspec Info: 
(fontspec)             Arial Unicode MS scale = 1.


Package fontspec Info: 
(fontspec)             Arial Unicode MS scale = 0.9999970546740851.


Package fontspec Info: 
(fontspec)             Arial Unicode MS scale = 1.

 [65]

Package fontspec Info: 
(fontspec)             Arial Unicode MS scale = 0.9999970546740851.


Package fontspec Info: 
(fontspec)             Arial Unicode MS scale = 1.


Package fontspec Info: 
(fontspec)             Arial Unicode MS scale = 0.9999970546740851.


Package fontspec Info: 
(fontspec)             Arial Unicode MS scale = 1.


Package fontspec Info: 
(fontspec)             Arial Unicode MS scale = 0.9999970546740851.


Package fontspec Info: 
(fontspec)             Arial Unicode MS scale = 1.


Package fontspec Info: 
(fontspec)             Arial Unicode MS scale = 0.9999970546740851.


Package fontspec Info: 
(fontspec)             Arial Unicode MS scale = 1.


Package fontspec Info: 
(fontspec)             Arial Unicode MS scale = 0.9999970546740851.


Package fontspec Info: 
(fontspec)             Arial Unicode MS scale = 1.


Package fontspec Info: 
(fontspec)             Arial Unicode MS scale = 0.9999970546740851.


Package fontspec Info: 
(fontspec)             Arial Unicode MS scale = 1.


Package fontspec Info: 
(fontspec)             Arial Unicode MS scale = 0.9999970546740851.


Package fontspec Info: 
(fontspec)             Arial Unicode MS scale = 1.


Package fontspec Info: 
(fontspec)             Arial Unicode MS scale = 0.9999970546740851.


Package fontspec Info: 
(fontspec)             Arial Unicode MS scale = 1.


Package fontspec Info: 
(fontspec)             Arial Unicode MS scale = 0.9999970546740851.


Package fontspec Info: 
(fontspec)             Arial Unicode MS scale = 1.


Package fontspec Info: 
(fontspec)             Arial Unicode MS scale = 0.9999970546740851.


Package fontspec Info: 
(fontspec)             Arial Unicode MS scale = 1.


Package fontspec Info: 
(fontspec)             Arial Unicode MS scale = 0.9999970546740851.


Package fontspec Info: 
(fontspec)             Arial Unicode MS scale = 1.


Package fontspec Info: 
(fontspec)             Arial Unicode MS scale = 0.9999970546740851.


Package fontspec Info: 
(fontspec)             Arial Unicode MS scale = 1.


Package fontspec Info: 
(fontspec)             Arial Unicode MS scale = 0.9999970546740851.


Package fontspec Info: 
(fontspec)             Arial Unicode MS scale = 1.


Package fontspec Info: 
(fontspec)             Arial Unicode MS scale = 0.9999970546740851.


Package fontspec Info: 
(fontspec)             Arial Unicode MS scale = 1.


Package fontspec Info: 
(fontspec)             Arial Unicode MS scale = 0.9999970546740851.


Package fontspec Info: 
(fontspec)             Arial Unicode MS scale = 1.


Package fontspec Info: 
(fontspec)             Arial Unicode MS scale = 0.9999970546740851.


Package fontspec Info: 
(fontspec)             Arial Unicode MS scale = 1.

 [66]

Package fontspec Info: 
(fontspec)             Arial Unicode MS scale = 0.9999970546740851.


Package fontspec Info: 
(fontspec)             Arial Unicode MS scale = 1.


Package fontspec Info: 
(fontspec)             Arial Unicode MS scale = 0.9999970546740851.


Package fontspec Info: 
(fontspec)             Arial Unicode MS scale = 1.


Package fontspec Info: 
(fontspec)             Arial Unicode MS scale = 0.9999970546740851.


Package fontspec Info: 
(fontspec)             Arial Unicode MS scale = 1.


Package fontspec Info: 
(fontspec)             Arial Unicode MS scale = 0.9999970546740851.


Package fontspec Info: 
(fontspec)             Arial Unicode MS scale = 1.


Package fontspec Info: 
(fontspec)             Arial Unicode MS scale = 0.9999970546740851.


Package fontspec Info: 
(fontspec)             Arial Unicode MS scale = 1.


Package fontspec Info: 
(fontspec)             Arial Unicode MS scale = 0.9999970546740851.


Package fontspec Info: 
(fontspec)             Arial Unicode MS scale = 1.


Package fontspec Info: 
(fontspec)             Arial Unicode MS scale = 0.9999970546740851.


Package fontspec Info: 
(fontspec)             Arial Unicode MS scale = 1.


Package fontspec Info: 
(fontspec)             Arial Unicode MS scale = 0.9999970546740851.


Package fontspec Info: 
(fontspec)             Arial Unicode MS scale = 1.


Package fontspec Info: 
(fontspec)             Arial Unicode MS scale = 0.9999970546740851.


Package fontspec Info: 
(fontspec)             Arial Unicode MS scale = 1.


Package fontspec Info: 
(fontspec)             Arial Unicode MS scale = 0.9999970546740851.


Package fontspec Info: 
(fontspec)             Arial Unicode MS scale = 1.


Package fontspec Info: 
(fontspec)             Arial Unicode MS scale = 0.9999970546740851.


Package fontspec Info: 
(fontspec)             Arial Unicode MS scale = 1.


Package fontspec Info: 
(fontspec)             Arial Unicode MS scale = 0.9999970546740851.


Package fontspec Info: 
(fontspec)             Arial Unicode MS scale = 1.


Package fontspec Info: 
(fontspec)             Arial Unicode MS scale = 0.9999970546740851.


Package fontspec Info: 
(fontspec)             Arial Unicode MS scale = 1.


Package fontspec Info: 
(fontspec)             Arial Unicode MS scale = 0.9999970546740851.


Package fontspec Info: 
(fontspec)             Arial Unicode MS scale = 1.


Package fontspec Info: 
(fontspec)             Arial Unicode MS scale = 0.9999970546740851.


Package fontspec Info: 
(fontspec)             Arial Unicode MS scale = 1.


Package fontspec Info: 
(fontspec)             Arial Unicode MS scale = 0.9999970546740851.


Package fontspec Info: 
(fontspec)             Arial Unicode MS scale = 1.


Package fontspec Info: 
(fontspec)             Arial Unicode MS scale = 0.9999970546740851.


Package fontspec Info: 
(fontspec)             Arial Unicode MS scale = 1.


Package fontspec Info: 
(fontspec)             Arial Unicode MS scale = 0.9999970546740851.


Package fontspec Info: 
(fontspec)             Arial Unicode MS scale = 1.


Package fontspec Info: 
(fontspec)             Arial Unicode MS scale = 0.9999970546740851.


Package fontspec Info: 
(fontspec)             Arial Unicode MS scale = 1.


Package fontspec Info: 
(fontspec)             Arial Unicode MS scale = 0.9999970546740851.


Package fontspec Info: 
(fontspec)             Arial Unicode MS scale = 1.


Package fontspec Info: 
(fontspec)             Arial Unicode MS scale = 0.9999970546740851.


Package fontspec Info: 
(fontspec)             Arial Unicode MS scale = 1.


Package fontspec Info: 
(fontspec)             Arial Unicode MS scale = 0.9999970546740851.


Package fontspec Info: 
(fontspec)             Arial Unicode MS scale = 1.


[67]

Package fontspec Info: 
(fontspec)             Arial Unicode MS scale = 0.9999970546740851.


Package fontspec Info: 
(fontspec)             Arial Unicode MS scale = 1.


Package fontspec Info: 
(fontspec)             Arial Unicode MS scale = 0.9999970546740851.


Package fontspec Info: 
(fontspec)             Arial Unicode MS scale = 1.


Package fontspec Info: 
(fontspec)             Arial Unicode MS scale = 0.9999970546740851.


Package fontspec Info: 
(fontspec)             Arial Unicode MS scale = 1.


Package fontspec Info: 
(fontspec)             Arial Unicode MS scale = 0.9999970546740851.


Package fontspec Info: 
(fontspec)             Arial Unicode MS scale = 1.


Package fontspec Info: 
(fontspec)             Arial Unicode MS scale = 0.9999970546740851.


Package fontspec Info: 
(fontspec)             Arial Unicode MS scale = 1.


Package fontspec Info: 
(fontspec)             Arial Unicode MS scale = 0.9999970546740851.


Package fontspec Info: 
(fontspec)             Arial Unicode MS scale = 1.


Package fontspec Info: 
(fontspec)             Arial Unicode MS scale = 0.9999970546740851.


Package fontspec Info: 
(fontspec)             Arial Unicode MS scale = 1.


Package fontspec Info: 
(fontspec)             Arial Unicode MS scale = 0.9999970546740851.


Package fontspec Info: 
(fontspec)             Arial Unicode MS scale = 1.


Package fontspec Info: 
(fontspec)             Arial Unicode MS scale = 0.9999970546740851.


Package fontspec Info: 
(fontspec)             Arial Unicode MS scale = 1.


Package fontspec Info: 
(fontspec)             Arial Unicode MS scale = 0.9999970546740851.


Package fontspec Info: 
(fontspec)             Arial Unicode MS scale = 1.


Package fontspec Info: 
(fontspec)             Arial Unicode MS scale = 0.9999970546740851.


Package fontspec Info: 
(fontspec)             Arial Unicode MS scale = 1.


Package fontspec Info: 
(fontspec)             Arial Unicode MS scale = 0.9999970546740851.


Package fontspec Info: 
(fontspec)             Arial Unicode MS scale = 1.


Package fontspec Info: 
(fontspec)             Arial Unicode MS scale = 0.9999970546740851.


Package fontspec Info: 
(fontspec)             Arial Unicode MS scale = 1.


Package fontspec Info: 
(fontspec)             Arial Unicode MS scale = 0.9999970546740851.


Package fontspec Info: 
(fontspec)             Arial Unicode MS scale = 1.


Package fontspec Info: 
(fontspec)             Arial Unicode MS scale = 0.9999970546740851.


Package fontspec Info: 
(fontspec)             Arial Unicode MS scale = 1.


Package fontspec Info: 
(fontspec)             Arial Unicode MS scale = 0.9999970546740851.


Package fontspec Info: 
(fontspec)             Arial Unicode MS scale = 1.


Package fontspec Info: 
(fontspec)             Arial Unicode MS scale = 0.9999970546740851.


Package fontspec Info: 
(fontspec)             Arial Unicode MS scale = 1.


Package fontspec Info: 
(fontspec)             Arial Unicode MS scale = 0.9999970546740851.


Package fontspec Info: 
(fontspec)             Arial Unicode MS scale = 1.

 [68]

Package fontspec Info: 
(fontspec)             Arial Unicode MS scale = 0.9999970546740851.


Package fontspec Info: 
(fontspec)             Arial Unicode MS scale = 1.


Package fontspec Info: 
(fontspec)             Arial Unicode MS scale = 0.9999970546740851.


Package fontspec Info: 
(fontspec)             Arial Unicode MS scale = 1.


Package fontspec Info: 
(fontspec)             Arial Unicode MS scale = 0.9999970546740851.


Package fontspec Info: 
(fontspec)             Arial Unicode MS scale = 1.


Package fontspec Info: 
(fontspec)             Arial Unicode MS scale = 0.9999970546740851.


Package fontspec Info: 
(fontspec)             Arial Unicode MS scale = 1.


Package fontspec Info: 
(fontspec)             Arial Unicode MS scale = 0.9999966145648191.


Package fontspec Info: 
(fontspec)             Arial Unicode MS scale = 1.


Package fontspec Info: 
(fontspec)             Arial Unicode MS scale = 0.9999966145648191.


Package fontspec Info: 
(fontspec)             Arial Unicode MS scale = 1.


Package fontspec Info: 
(fontspec)             Arial Unicode MS scale = 0.9999966145648191.


Package fontspec Info: 
(fontspec)             Arial Unicode MS scale = 1.


Package fontspec Info: 
(fontspec)             Arial Unicode MS scale = 0.9999966145648191.


Package fontspec Info: 
(fontspec)             Arial Unicode MS scale = 1.


Package fontspec Info: 
(fontspec)             Arial Unicode MS scale = 0.9999966145648191.


Package fontspec Info: 
(fontspec)             Arial Unicode MS scale = 1.


Package fontspec Info: 
(fontspec)             Arial Unicode MS scale = 0.9999966145648191.


Package fontspec Info: 
(fontspec)             Arial Unicode MS scale = 1.


Package fontspec Info: 
(fontspec)             Arial Unicode MS scale = 0.9999966145648191.


Package fontspec Info: 
(fontspec)             Arial Unicode MS scale = 1.


Package fontspec Info: 
(fontspec)             Arial Unicode MS scale = 0.9999966145648191.


Package fontspec Info: 
(fontspec)             Arial Unicode MS scale = 1.


Package fontspec Info: 
(fontspec)             Arial Unicode MS scale = 0.9999966145648191.


Package fontspec Info: 
(fontspec)             Arial Unicode MS scale = 1.


Package fontspec Info: 
(fontspec)             Arial Unicode MS scale = 0.9999966145648191.


Package fontspec Info: 
(fontspec)             Arial Unicode MS scale = 1.


ignored: Infinite glue shrinkage found in box being split [69]

Package fontspec Info: 
(fontspec)             Arial Unicode MS scale = 0.9999970546740851.


Package fontspec Info: 
(fontspec)             Arial Unicode MS scale = 1.


Package fontspec Info: 
(fontspec)             Arial Unicode MS scale = 0.9999970546740851.


Package fontspec Info: 
(fontspec)             Arial Unicode MS scale = 1.


Package fontspec Info: 
(fontspec)             Arial Unicode MS scale = 0.9999970546740851.


Package fontspec Info: 
(fontspec)             Arial Unicode MS scale = 1.


Package fontspec Info: 
(fontspec)             Arial Unicode MS scale = 0.9999970546740851.


Package fontspec Info: 
(fontspec)             Arial Unicode MS scale = 1.

 [70]

Package fontspec Info: 
(fontspec)             Arial Unicode MS scale = 0.9999970546740851.


Package fontspec Info: 
(fontspec)             Arial Unicode MS scale = 1.


Package fontspec Info: 
(fontspec)             Arial Unicode MS scale = 0.9999970546740851.


Package fontspec Info: 
(fontspec)             Arial Unicode MS scale = 1.


Package fontspec Info: 
(fontspec)             Arial Unicode MS scale = 0.9999970546740851.


Package fontspec Info: 
(fontspec)             Arial Unicode MS scale = 1.


Package fontspec Info: 
(fontspec)             Arial Unicode MS scale = 0.9999970546740851.


Package fontspec Info: 
(fontspec)             Arial Unicode MS scale = 1.


Package fontspec Info: 
(fontspec)             Arial Unicode MS scale = 0.9999970546740851.


Package fontspec Info: 
(fontspec)             Arial Unicode MS scale = 1.


Package fontspec Info: 
(fontspec)             Arial Unicode MS scale = 0.9999970546740851.


Package fontspec Info: 
(fontspec)             Arial Unicode MS scale = 1.


Package fontspec Info: 
(fontspec)             Arial Unicode MS scale = 0.9999970546740851.


Package fontspec Info: 
(fontspec)             Arial Unicode MS scale = 1.


Package fontspec Info: 
(fontspec)             Arial Unicode MS scale = 0.9999970546740851.


Package fontspec Info: 
(fontspec)             Arial Unicode MS scale = 1.


ignored: Infinite glue shrinkage found in box being split [71]

Package fontspec Info: 
(fontspec)             Arial Unicode MS scale = 0.9999970546740851.


Package fontspec Info: 
(fontspec)             Arial Unicode MS scale = 1.


Package fontspec Info: 
(fontspec)             Arial Unicode MS scale = 0.9999970546740851.


Package fontspec Info: 
(fontspec)             Arial Unicode MS scale = 1.


Package fontspec Info: 
(fontspec)             Arial Unicode MS scale = 0.9999970546740851.


Package fontspec Info: 
(fontspec)             Arial Unicode MS scale = 1.


Package fontspec Info: 
(fontspec)             Arial Unicode MS scale = 0.9999970546740851.


Package fontspec Info: 
(fontspec)             Arial Unicode MS scale = 1.


Package fontspec Info: 
(fontspec)             Arial Unicode MS scale = 0.9999970546740851.


Package fontspec Info: 
(fontspec)             Arial Unicode MS scale = 1.


Package fontspec Info: 
(fontspec)             Arial Unicode MS scale = 0.9999970546740851.


Package fontspec Info: 
(fontspec)             Arial Unicode MS scale = 1.


Package fontspec Info: 
(fontspec)             Arial Unicode MS scale = 0.9999970546740851.


Package fontspec Info: 
(fontspec)             Arial Unicode MS scale = 1.


Package fontspec Info: 
(fontspec)             Arial Unicode MS scale = 0.9999970546740851.


Package fontspec Info: 
(fontspec)             Arial Unicode MS scale = 1.


Package fontspec Info: 
(fontspec)             Arial Unicode MS scale = 0.9999970546740851.


Package fontspec Info: 
(fontspec)             Arial Unicode MS scale = 1.


Package fontspec Info: 
(fontspec)             Arial Unicode MS scale = 0.9999970546740851.


Package fontspec Info: 
(fontspec)             Arial Unicode MS scale = 1.


Package fontspec Info: 
(fontspec)             Arial Unicode MS scale = 0.9999970546740851.


Package fontspec Info: 
(fontspec)             Arial Unicode MS scale = 1.


Package fontspec Info: 
(fontspec)             Arial Unicode MS scale = 0.9999970546740851.


Package fontspec Info: 
(fontspec)             Arial Unicode MS scale = 1.


Package fontspec Info: 
(fontspec)             Arial Unicode MS scale = 0.9999970546740851.


Package fontspec Info: 
(fontspec)             Arial Unicode MS scale = 1.


Package fontspec Info: 
(fontspec)             Arial Unicode MS scale = 0.9999970546740851.


Package fontspec Info: 
(fontspec)             Arial Unicode MS scale = 1.


Package fontspec Info: 
(fontspec)             Arial Unicode MS scale = 0.9999970546740851.


Package fontspec Info: 
(fontspec)             Arial Unicode MS scale = 1.


Package fontspec Info: 
(fontspec)             Arial Unicode MS scale = 0.9999970546740851.


Package fontspec Info: 
(fontspec)             Arial Unicode MS scale = 1.


Package fontspec Info: 
(fontspec)             Arial Unicode MS scale = 0.9999970546740851.


Package fontspec Info: 
(fontspec)             Arial Unicode MS scale = 1.


Package fontspec Info: 
(fontspec)             Arial Unicode MS scale = 0.9999970546740851.


Package fontspec Info: 
(fontspec)             Arial Unicode MS scale = 1.

 [72]

Package fontspec Info: 
(fontspec)             Arial Unicode MS scale = 0.9999970546740851.


Package fontspec Info: 
(fontspec)             Arial Unicode MS scale = 1.


Package fontspec Info: 
(fontspec)             Arial Unicode MS scale = 0.9999970546740851.


Package fontspec Info: 
(fontspec)             Arial Unicode MS scale = 1.


Package fontspec Info: 
(fontspec)             Arial Unicode MS scale = 0.9999970546740851.


Package fontspec Info: 
(fontspec)             Arial Unicode MS scale = 1.


Package fontspec Info: 
(fontspec)             Arial Unicode MS scale = 0.9999970546740851.


Package fontspec Info: 
(fontspec)             Arial Unicode MS scale = 1.


Package fontspec Info: 
(fontspec)             Arial Unicode MS scale = 0.9999970546740851.


Package fontspec Info: 
(fontspec)             Arial Unicode MS scale = 1.


Package fontspec Info: 
(fontspec)             Arial Unicode MS scale = 0.9999970546740851.


Package fontspec Info: 
(fontspec)             Arial Unicode MS scale = 1.


Package fontspec Info: 
(fontspec)             Arial Unicode MS scale = 0.9999970546740851.


Package fontspec Info: 
(fontspec)             Arial Unicode MS scale = 1.


Package fontspec Info: 
(fontspec)             Arial Unicode MS scale = 0.9999970546740851.


Package fontspec Info: 
(fontspec)             Arial Unicode MS scale = 1.

 [73]

Package fontspec Info: 
(fontspec)             Arial Unicode MS scale = 0.9999970546740851.


Package fontspec Info: 
(fontspec)             Arial Unicode MS scale = 1.


Package fontspec Info: 
(fontspec)             Arial Unicode MS scale = 0.9999970546740851.


Package fontspec Info: 
(fontspec)             Arial Unicode MS scale = 1.


Package fontspec Info: 
(fontspec)             Arial Unicode MS scale = 0.9999970546740851.


Package fontspec Info: 
(fontspec)             Arial Unicode MS scale = 1.


Package fontspec Info: 
(fontspec)             Arial Unicode MS scale = 0.9999970546740851.


Package fontspec Info: 
(fontspec)             Arial Unicode MS scale = 1.


Package fontspec Info: 
(fontspec)             Arial Unicode MS scale = 0.9999970546740851.


Package fontspec Info: 
(fontspec)             Arial Unicode MS scale = 1.


Package fontspec Info: 
(fontspec)             Arial Unicode MS scale = 0.9999970546740851.


Package fontspec Info: 
(fontspec)             Arial Unicode MS scale = 1.


Package fontspec Info: 
(fontspec)             Arial Unicode MS scale = 0.9999970546740851.


Package fontspec Info: 
(fontspec)             Arial Unicode MS scale = 1.


Package fontspec Info: 
(fontspec)             Arial Unicode MS scale = 0.9999970546740851.


Package fontspec Info: 
(fontspec)             Arial Unicode MS scale = 1.


Package fontspec Info: 
(fontspec)             Arial Unicode MS scale = 0.9999970546740851.


Package fontspec Info: 
(fontspec)             Arial Unicode MS scale = 1.


Package fontspec Info: 
(fontspec)             Arial Unicode MS scale = 0.9999970546740851.


Package fontspec Info: 
(fontspec)             Arial Unicode MS scale = 1.


Package fontspec Info: 
(fontspec)             Arial Unicode MS scale = 0.9999970546740851.


Package fontspec Info: 
(fontspec)             Arial Unicode MS scale = 1.


Package fontspec Info: 
(fontspec)             Arial Unicode MS scale = 0.9999970546740851.


Package fontspec Info: 
(fontspec)             Arial Unicode MS scale = 1.


Package fontspec Info: 
(fontspec)             Arial Unicode MS scale = 0.9999970546740851.


Package fontspec Info: 
(fontspec)             Arial Unicode MS scale = 1.


Package fontspec Info: 
(fontspec)             Arial Unicode MS scale = 0.9999970546740851.


Package fontspec Info: 
(fontspec)             Arial Unicode MS scale = 1.


Package fontspec Info: 
(fontspec)             Arial Unicode MS scale = 0.9999970546740851.


Package fontspec Info: 
(fontspec)             Arial Unicode MS scale = 1.


Package fontspec Info: 
(fontspec)             Arial Unicode MS scale = 0.9999970546740851.


Package fontspec Info: 
(fontspec)             Arial Unicode MS scale = 1.


Package fontspec Info: 
(fontspec)             Arial Unicode MS scale = 0.9999970546740851.


Package fontspec Info: 
(fontspec)             Arial Unicode MS scale = 1.


Package fontspec Info: 
(fontspec)             Arial Unicode MS scale = 0.9999970546740851.


Package fontspec Info: 
(fontspec)             Arial Unicode MS scale = 1.


Package fontspec Info: 
(fontspec)             Arial Unicode MS scale = 0.9999970546740851.


Package fontspec Info: 
(fontspec)             Arial Unicode MS scale = 1.


Package fontspec Info: 
(fontspec)             Arial Unicode MS scale = 0.9999970546740851.


Package fontspec Info: 
(fontspec)             Arial Unicode MS scale = 1.


Package fontspec Info: 
(fontspec)             Arial Unicode MS scale = 0.9999970546740851.


Package fontspec Info: 
(fontspec)             Arial Unicode MS scale = 1.


Package fontspec Info: 
(fontspec)             Arial Unicode MS scale = 0.9999970546740851.


Package fontspec Info: 
(fontspec)             Arial Unicode MS scale = 1.


Package fontspec Info: 
(fontspec)             Arial Unicode MS scale = 0.9999970546740851.


Package fontspec Info: 
(fontspec)             Arial Unicode MS scale = 1.


Package fontspec Info: 
(fontspec)             Arial Unicode MS scale = 0.9999970546740851.


Package fontspec Info: 
(fontspec)             Arial Unicode MS scale = 1.


Package fontspec Info: 
(fontspec)             Arial Unicode MS scale = 0.9999970546740851.


Package fontspec Info: 
(fontspec)             Arial Unicode MS scale = 1.


Package fontspec Info: 
(fontspec)             Arial Unicode MS scale = 0.9999970546740851.


Package fontspec Info: 
(fontspec)             Arial Unicode MS scale = 1.

 [74]

Package fontspec Info: 
(fontspec)             Arial Unicode MS scale = 0.9999970546740851.


Package fontspec Info: 
(fontspec)             Arial Unicode MS scale = 1.


Package fontspec Info: 
(fontspec)             Arial Unicode MS scale = 0.9999970546740851.


Package fontspec Info: 
(fontspec)             Arial Unicode MS scale = 1.


Package fontspec Info: 
(fontspec)             Arial Unicode MS scale = 0.9999970546740851.


Package fontspec Info: 
(fontspec)             Arial Unicode MS scale = 1.


Package fontspec Info: 
(fontspec)             Arial Unicode MS scale = 0.9999970546740851.


Package fontspec Info: 
(fontspec)             Arial Unicode MS scale = 1.


Package fontspec Info: 
(fontspec)             Arial Unicode MS scale = 0.9999970546740851.


Package fontspec Info: 
(fontspec)             Arial Unicode MS scale = 1.


Package fontspec Info: 
(fontspec)             Arial Unicode MS scale = 0.9999970546740851.


Package fontspec Info: 
(fontspec)             Arial Unicode MS scale = 1.


Package fontspec Info: 
(fontspec)             Arial Unicode MS scale = 0.9999970546740851.


Package fontspec Info: 
(fontspec)             Arial Unicode MS scale = 1.


Package fontspec Info: 
(fontspec)             Arial Unicode MS scale = 0.9999970546740851.


Package fontspec Info: 
(fontspec)             Arial Unicode MS scale = 1.


Package fontspec Info: 
(fontspec)             Arial Unicode MS scale = 0.9999970546740851.


Package fontspec Info: 
(fontspec)             Arial Unicode MS scale = 1.


Package fontspec Info: 
(fontspec)             Arial Unicode MS scale = 0.9999970546740851.


Package fontspec Info: 
(fontspec)             Arial Unicode MS scale = 1.


Package fontspec Info: 
(fontspec)             Arial Unicode MS scale = 0.9999970546740851.


Package fontspec Info: 
(fontspec)             Arial Unicode MS scale = 1.


Package fontspec Info: 
(fontspec)             Arial Unicode MS scale = 0.9999970546740851.


Package fontspec Info: 
(fontspec)             Arial Unicode MS scale = 1.


Package fontspec Info: 
(fontspec)             Arial Unicode MS scale = 0.9999970546740851.


Package fontspec Info: 
(fontspec)             Arial Unicode MS scale = 1.


Package fontspec Info: 
(fontspec)             Arial Unicode MS scale = 0.9999970546740851.


Package fontspec Info: 
(fontspec)             Arial Unicode MS scale = 1.


Package fontspec Info: 
(fontspec)             Arial Unicode MS scale = 0.9999970546740851.


Package fontspec Info: 
(fontspec)             Arial Unicode MS scale = 1.


Package fontspec Info: 
(fontspec)             Arial Unicode MS scale = 0.9999970546740851.


Package fontspec Info: 
(fontspec)             Arial Unicode MS scale = 1.


Package fontspec Info: 
(fontspec)             Arial Unicode MS scale = 0.9999970546740851.


Package fontspec Info: 
(fontspec)             Arial Unicode MS scale = 1.


Package fontspec Info: 
(fontspec)             Arial Unicode MS scale = 0.9999970546740851.


Package fontspec Info: 
(fontspec)             Arial Unicode MS scale = 1.


Package fontspec Info: 
(fontspec)             Arial Unicode MS scale = 0.9999970546740851.


Package fontspec Info: 
(fontspec)             Arial Unicode MS scale = 1.


Package fontspec Info: 
(fontspec)             Arial Unicode MS scale = 0.9999970546740851.


Package fontspec Info: 
(fontspec)             Arial Unicode MS scale = 1.

 [75]

Package fontspec Info: 
(fontspec)             Arial Unicode MS scale = 0.9999970546740851.


Package fontspec Info: 
(fontspec)             Arial Unicode MS scale = 1.


Package fontspec Info: 
(fontspec)             Arial Unicode MS scale = 0.9999970546740851.


Package fontspec Info: 
(fontspec)             Arial Unicode MS scale = 1.


Package fontspec Info: 
(fontspec)             Arial Unicode MS scale = 0.9999970546740851.


Package fontspec Info: 
(fontspec)             Arial Unicode MS scale = 1.


Package fontspec Info: 
(fontspec)             Arial Unicode MS scale = 0.9999970546740851.


Package fontspec Info: 
(fontspec)             Arial Unicode MS scale = 1.


Package fontspec Info: 
(fontspec)             Arial Unicode MS scale = 0.9999970546740851.


Package fontspec Info: 
(fontspec)             Arial Unicode MS scale = 1.


Package fontspec Info: 
(fontspec)             Arial Unicode MS scale = 0.9999970546740851.


Package fontspec Info: 
(fontspec)             Arial Unicode MS scale = 1.


Package fontspec Info: 
(fontspec)             Arial Unicode MS scale = 0.9999970546740851.


Package fontspec Info: 
(fontspec)             Arial Unicode MS scale = 1.


Package fontspec Info: 
(fontspec)             Arial Unicode MS scale = 0.9999970546740851.


Package fontspec Info: 
(fontspec)             Arial Unicode MS scale = 1.


Package fontspec Info: 
(fontspec)             Arial Unicode MS scale = 0.9999970546740851.


Package fontspec Info: 
(fontspec)             Arial Unicode MS scale = 1.


Package fontspec Info: 
(fontspec)             Arial Unicode MS scale = 0.9999970546740851.


Package fontspec Info: 
(fontspec)             Arial Unicode MS scale = 1.


Package fontspec Info: 
(fontspec)             Arial Unicode MS scale = 0.9999970546740851.


Package fontspec Info: 
(fontspec)             Arial Unicode MS scale = 1.


Package fontspec Info: 
(fontspec)             Arial Unicode MS scale = 0.9999970546740851.


Package fontspec Info: 
(fontspec)             Arial Unicode MS scale = 1.


Package fontspec Info: 
(fontspec)             Arial Unicode MS scale = 0.9999970546740851.


Package fontspec Info: 
(fontspec)             Arial Unicode MS scale = 1.


Package fontspec Info: 
(fontspec)             Arial Unicode MS scale = 0.9999970546740851.


Package fontspec Info: 
(fontspec)             Arial Unicode MS scale = 1.


Package fontspec Info: 
(fontspec)             Arial Unicode MS scale = 0.9999970546740851.


Package fontspec Info: 
(fontspec)             Arial Unicode MS scale = 1.


Package fontspec Info: 
(fontspec)             Arial Unicode MS scale = 0.9999970546740851.


Package fontspec Info: 
(fontspec)             Arial Unicode MS scale = 1.


Package fontspec Info: 
(fontspec)             Arial Unicode MS scale = 0.9999970546740851.


Package fontspec Info: 
(fontspec)             Arial Unicode MS scale = 1.


Package fontspec Info: 
(fontspec)             Arial Unicode MS scale = 0.9999970546740851.


Package fontspec Info: 
(fontspec)             Arial Unicode MS scale = 1.


Package fontspec Info: 
(fontspec)             Arial Unicode MS scale = 0.9999970546740851.


Package fontspec Info: 
(fontspec)             Arial Unicode MS scale = 1.


Package fontspec Info: 
(fontspec)             Arial Unicode MS scale = 0.9999970546740851.


Package fontspec Info: 
(fontspec)             Arial Unicode MS scale = 1.

 [76]

Package fontspec Info: 
(fontspec)             Arial Unicode MS scale = 0.9999970546740851.


Package fontspec Info: 
(fontspec)             Arial Unicode MS scale = 1.


Package fontspec Info: 
(fontspec)             Arial Unicode MS scale = 0.9999970546740851.


Package fontspec Info: 
(fontspec)             Arial Unicode MS scale = 1.


Package fontspec Info: 
(fontspec)             Arial Unicode MS scale = 0.9999970546740851.


Package fontspec Info: 
(fontspec)             Arial Unicode MS scale = 1.


Package fontspec Info: 
(fontspec)             Arial Unicode MS scale = 0.9999970546740851.


Package fontspec Info: 
(fontspec)             Arial Unicode MS scale = 1.


Package fontspec Info: 
(fontspec)             Arial Unicode MS scale = 0.9999970546740851.


Package fontspec Info: 
(fontspec)             Arial Unicode MS scale = 1.


Package fontspec Info: 
(fontspec)             Arial Unicode MS scale = 0.9999970546740851.


Package fontspec Info: 
(fontspec)             Arial Unicode MS scale = 1.

 [77]

Package fontspec Info: 
(fontspec)             Arial Unicode MS scale = 0.9999970546740851.


Package fontspec Info: 
(fontspec)             Arial Unicode MS scale = 1.


Package fontspec Info: 
(fontspec)             Arial Unicode MS scale = 0.9999970546740851.


Package fontspec Info: 
(fontspec)             Arial Unicode MS scale = 1.


Package fontspec Info: 
(fontspec)             Arial Unicode MS scale = 0.9999970546740851.


Package fontspec Info: 
(fontspec)             Arial Unicode MS scale = 1.


Package fontspec Info: 
(fontspec)             Arial Unicode MS scale = 0.9999970546740851.


Package fontspec Info: 
(fontspec)             Arial Unicode MS scale = 1.


Package fontspec Info: 
(fontspec)             Arial Unicode MS scale = 0.9999970546740851.


Package fontspec Info: 
(fontspec)             Arial Unicode MS scale = 1.


Package fontspec Info: 
(fontspec)             Arial Unicode MS scale = 0.9999970546740851.


Package fontspec Info: 
(fontspec)             Arial Unicode MS scale = 1.


Package fontspec Info: 
(fontspec)             Arial Unicode MS scale = 0.9999970546740851.


Package fontspec Info: 
(fontspec)             Arial Unicode MS scale = 1.


Package fontspec Info: 
(fontspec)             Arial Unicode MS scale = 0.9999970546740851.


Package fontspec Info: 
(fontspec)             Arial Unicode MS scale = 1.


Package fontspec Info: 
(fontspec)             Arial Unicode MS scale = 0.9999970546740851.


Package fontspec Info: 
(fontspec)             Arial Unicode MS scale = 1.


Package fontspec Info: 
(fontspec)             Arial Unicode MS scale = 0.9999970546740851.


Package fontspec Info: 
(fontspec)             Arial Unicode MS scale = 1.


Package fontspec Info: 
(fontspec)             Arial Unicode MS scale = 0.9999970546740851.


Package fontspec Info: 
(fontspec)             Arial Unicode MS scale = 1.


Package fontspec Info: 
(fontspec)             Arial Unicode MS scale = 0.9999970546740851.


Package fontspec Info: 
(fontspec)             Arial Unicode MS scale = 1.


Package fontspec Info: 
(fontspec)             Arial Unicode MS scale = 0.9999970546740851.


Package fontspec Info: 
(fontspec)             Arial Unicode MS scale = 1.


Package fontspec Info: 
(fontspec)             Arial Unicode MS scale = 0.9999970546740851.


Package fontspec Info: 
(fontspec)             Arial Unicode MS scale = 1.


Package fontspec Info: 
(fontspec)             Arial Unicode MS scale = 0.9999970546740851.


Package fontspec Info: 
(fontspec)             Arial Unicode MS scale = 1.


Package fontspec Info: 
(fontspec)             Arial Unicode MS scale = 0.9999970546740851.


Package fontspec Info: 
(fontspec)             Arial Unicode MS scale = 1.


Package fontspec Info: 
(fontspec)             Arial Unicode MS scale = 0.9999970546740851.


Package fontspec Info: 
(fontspec)             Arial Unicode MS scale = 1.


Package fontspec Info: 
(fontspec)             Arial Unicode MS scale = 0.9999970546740851.


Package fontspec Info: 
(fontspec)             Arial Unicode MS scale = 1.


Package fontspec Info: 
(fontspec)             Arial Unicode MS scale = 0.9999970546740851.


Package fontspec Info: 
(fontspec)             Arial Unicode MS scale = 1.


Package fontspec Info: 
(fontspec)             Arial Unicode MS scale = 0.9999970546740851.


Package fontspec Info: 
(fontspec)             Arial Unicode MS scale = 1.


Package fontspec Info: 
(fontspec)             Arial Unicode MS scale = 0.9999966145648191.


Package fontspec Info: 
(fontspec)             Arial Unicode MS scale = 1.


Package fontspec Info: 
(fontspec)             Arial Unicode MS scale = 0.9999966145648191.


Package fontspec Info: 
(fontspec)             Arial Unicode MS scale = 1.


Package fontspec Info: 
(fontspec)             Arial Unicode MS scale = 0.9999966145648191.


Package fontspec Info: 
(fontspec)             Arial Unicode MS scale = 1.


Package fontspec Info: 
(fontspec)             Arial Unicode MS scale = 0.9999966145648191.


Package fontspec Info: 
(fontspec)             Arial Unicode MS scale = 1.


ignored: Infinite glue shrinkage found in box being split [78]

Package fontspec Info: 
(fontspec)             Arial Unicode MS scale = 0.9999970546740851.


Package fontspec Info: 
(fontspec)             Arial Unicode MS scale = 1.


Package fontspec Info: 
(fontspec)             Arial Unicode MS scale = 0.9999970546740851.


Package fontspec Info: 
(fontspec)             Arial Unicode MS scale = 1.


Package fontspec Info: 
(fontspec)             Arial Unicode MS scale = 0.9999970546740851.


Package fontspec Info: 
(fontspec)             Arial Unicode MS scale = 1.


Package fontspec Info: 
(fontspec)             Arial Unicode MS scale = 0.9999970546740851.


Package fontspec Info: 
(fontspec)             Arial Unicode MS scale = 1.

 [79]

Package fontspec Info: 
(fontspec)             Arial Unicode MS scale = 0.9999970546740851.


Package fontspec Info: 
(fontspec)             Arial Unicode MS scale = 1.


Package fontspec Info: 
(fontspec)             Arial Unicode MS scale = 0.9999970546740851.


Package fontspec Info: 
(fontspec)             Arial Unicode MS scale = 1.


Package fontspec Info: 
(fontspec)             Arial Unicode MS scale = 0.9999966145648191.


Package fontspec Info: 
(fontspec)             Arial Unicode MS scale = 1.


Package fontspec Info: 
(fontspec)             Arial Unicode MS scale = 0.9999966145648191.


Package fontspec Info: 
(fontspec)             Arial Unicode MS scale = 1.


Package fontspec Info: 
(fontspec)             Arial Unicode MS scale = 0.9999966145648191.


Package fontspec Info: 
(fontspec)             Arial Unicode MS scale = 1.


Package fontspec Info: 
(fontspec)             Arial Unicode MS scale = 0.9999966145648191.


Package fontspec Info: 
(fontspec)             Arial Unicode MS scale = 1.


Package fontspec Info: 
(fontspec)             Arial Unicode MS scale = 0.9999966145648191.


Package fontspec Info: 
(fontspec)             Arial Unicode MS scale = 1.


Package fontspec Info: 
(fontspec)             Arial Unicode MS scale = 0.9999966145648191.


Package fontspec Info: 
(fontspec)             Arial Unicode MS scale = 1.


Package fontspec Info: 
(fontspec)             Arial Unicode MS scale = 0.9999966145648191.


Package fontspec Info: 
(fontspec)             Arial Unicode MS scale = 1.


Package fontspec Info: 
(fontspec)             Arial Unicode MS scale = 0.9999966145648191.


Package fontspec Info: 
(fontspec)             Arial Unicode MS scale = 1.


ignored: Infinite glue shrinkage found in box being split [80]
ignored: Infinite glue shrinkage fo
und in box being split [81]
ignored: Infinite glue shrinkage found in box being split
[82]

Package fontspec Info: 
(fontspec)             Arial Unicode MS scale = 0.9999966145648191.


Package fontspec Info: 
(fontspec)             Arial Unicode MS scale = 1.


Package fontspec Info: 
(fontspec)             Arial Unicode MS scale = 0.9999966145648191.


Package fontspec Info: 
(fontspec)             Arial Unicode MS scale = 1.


Package fontspec Info: 
(fontspec)             Arial Unicode MS scale = 0.9999966145648191.


Package fontspec Info: 
(fontspec)             Arial Unicode MS scale = 1.


Package fontspec Info: 
(fontspec)             Arial Unicode MS scale = 0.9999966145648191.


Package fontspec Info: 
(fontspec)             Arial Unicode MS scale = 1.

 [83]
ignored: Infinite glue shrinkage found in box being split [84]
ignored: Infinite glue shrinka
ge found in box being split [85]
ignored: Infinite glue shrinkage found in box being spli
t [86]

Package fontspec Info: 
(fontspec)             Arial Unicode MS scale = 0.9999966145648191.


Package fontspec Info: 
(fontspec)             Arial Unicode MS scale = 1.


Package fontspec Info: 
(fontspec)             Arial Unicode MS scale = 0.9999966145648191.


Package fontspec Info: 
(fontspec)             Arial Unicode MS scale = 1.


Package fontspec Info: 
(fontspec)             Arial Unicode MS scale = 0.9999966145648191.


Package fontspec Info: 
(fontspec)             Arial Unicode MS scale = 1.


Package fontspec Info: 
(fontspec)             Arial Unicode MS scale = 0.9999966145648191.


Package fontspec Info: 
(fontspec)             Arial Unicode MS scale = 1.


Package fontspec Info: 
(fontspec)             Arial Unicode MS scale = 0.9999966145648191.


Package fontspec Info: 
(fontspec)             Arial Unicode MS scale = 1.


Package fontspec Info: 
(fontspec)             Arial Unicode MS scale = 0.9999966145648191.


Package fontspec Info: 
(fontspec)             Arial Unicode MS scale = 1.


Package fontspec Info: 
(fontspec)             Arial Unicode MS scale = 0.9999966145648191.


Package fontspec Info: 
(fontspec)             Arial Unicode MS scale = 1.


Package fontspec Info: 
(fontspec)             Arial Unicode MS scale = 0.9999966145648191.


Package fontspec Info: 
(fontspec)             Arial Unicode MS scale = 1.


Package fontspec Info: 
(fontspec)             Arial Unicode MS scale = 0.9999966145648191.


Package fontspec Info: 
(fontspec)             Arial Unicode MS scale = 1.


Package fontspec Info: 
(fontspec)             Arial Unicode MS scale = 0.9999966145648191.


Package fontspec Info: 
(fontspec)             Arial Unicode MS scale = 1.


Package fontspec Info: 
(fontspec)             Arial Unicode MS scale = 0.9999966145648191.


Package fontspec Info: 
(fontspec)             Arial Unicode MS scale = 1.


Package fontspec Info: 
(fontspec)             Arial Unicode MS scale = 0.9999966145648191.


Package fontspec Info: 
(fontspec)             Arial Unicode MS scale = 1.


Package fontspec Info: 
(fontspec)             Arial Unicode MS scale = 0.9999966145648191.


Package fontspec Info: 
(fontspec)             Arial Unicode MS scale = 1.


Package fontspec Info: 
(fontspec)             Arial Unicode MS scale = 0.9999966145648191.


Package fontspec Info: 
(fontspec)             Arial Unicode MS scale = 1.


Package fontspec Info: 
(fontspec)             Arial Unicode MS scale = 0.9999966145648191.


Package fontspec Info: 
(fontspec)             Arial Unicode MS scale = 1.


Package fontspec Info: 
(fontspec)             Arial Unicode MS scale = 0.9999966145648191.


Package fontspec Info: 
(fontspec)             Arial Unicode MS scale = 1.


Package fontspec Info: 
(fontspec)             Arial Unicode MS scale = 0.9999966145648191.


Package fontspec Info: 
(fontspec)             Arial Unicode MS scale = 1.


Package fontspec Info: 
(fontspec)             Arial Unicode MS scale = 0.9999966145648191.


Package fontspec Info: 
(fontspec)             Arial Unicode MS scale = 1.


Package fontspec Info: 
(fontspec)             Arial Unicode MS scale = 0.9999966145648191.


Package fontspec Info: 
(fontspec)             Arial Unicode MS scale = 1.


Package fontspec Info: 
(fontspec)             Arial Unicode MS scale = 0.9999966145648191.


Package fontspec Info: 
(fontspec)             Arial Unicode MS scale = 1.


ignored: Infinite glue shrinkage found in box being split [87]
ignored: Infinite glue shrinkage fo
und in box being split [88]

Package fontspec Info: 
(fontspec)             Arial Unicode MS scale = 0.9999966145648191.


Package fontspec Info: 
(fontspec)             Arial Unicode MS scale = 1.


Package fontspec Info: 
(fontspec)             Arial Unicode MS scale = 0.9999966145648191.


Package fontspec Info: 
(fontspec)             Arial Unicode MS scale = 1.


Package fontspec Info: 
(fontspec)             Arial Unicode MS scale = 0.9999966145648191.


Package fontspec Info: 
(fontspec)             Arial Unicode MS scale = 1.


Package fontspec Info: 
(fontspec)             Arial Unicode MS scale = 0.9999966145648191.


Package fontspec Info: 
(fontspec)             Arial Unicode MS scale = 1.


Package fontspec Info: 
(fontspec)             Arial Unicode MS scale = 0.9999966145648191.


Package fontspec Info: 
(fontspec)             Arial Unicode MS scale = 1.


Package fontspec Info: 
(fontspec)             Arial Unicode MS scale = 0.9999966145648191.


Package fontspec Info: 
(fontspec)             Arial Unicode MS scale = 1.


ignored: Infinite glue shrinkage found in box being split [89]
ignored: Infinite glue shrinkage fo
und in box being split [90]
ignored: Infinite glue shrinkage found in box being split [91
]
ignored: Infinite glue shrinkage found in box being split [92] [93] (./report.aux)
 ***********
LaTeX2e <2025-11-01>
L3 programming layer <2022/08/05>
 ***********
 ) 
Here is how much of TeX's memory you used:
 21529 strings out of 468168
 470280 string characters out of 5423555
 1108291 words of memory out of 5000000
 50013 multiletter control sequences out of 15000+600000
 629275 words of font info for 94 fonts, out of 8000000 for 9000
 1348 hyphenation exceptions out of 8191
 90i,7n,117p,1143b,542s stack positions out of 10000i,1000n,20000p,200000b,200000s

Output written on report.pdf (93 pages).
